timestamp,sound_type,detected_angle,bin_count,band_0,band_1,band_2,band_3,band_4,band_5,band_6,band_7,band_8,band_9,band_10,band_11,band_12,band_13,band_14,band_15,label
1789672490.0982225,speech,299,34,25372110.0,378307.46875,6373032.0,1170187.75,20453984.0,1077714.0,3821645.0,1444740.0,0.0,136459.875,848531.25,198597.53125,236848.8125,508883.75,170479.84375,85365.59375,1
1789672490.1567261,speech,303,22,27248094.0,0.0,8588922.0,250589.59375,65573776.0,1448843.25,0.0,0.0,4623556.0,191217.8125,218520.25,0.0,193412.625,891188.5625,491916.0625,0.0,1
1789672490.4781985,speech,292,21,91087952.0,0.0,12068637.0,9241147.0,119748768.0,13540390.0,80894496.0,16618814.0,0.0,4700500.5,12227752.0,2418876.0,2817646.75,1259489.25,1511556.625,0.0,1
1789672490.5417526,speech,292,18,0.0,0.0,171802.4375,0.0,24567732.0,2503401.5,34976160.0,0.0,0.0,0.0,3609701.25,1237527.25,1787445.0,216481.53125,0.0,1138652.75,1
1789672491.1757157,speech,297,16,3087057.25,0.0,22995444.0,0.0,616355.125,0.0,231901.265625,0.0,275120.5,463638.1875,0.0,20280.03515625,31038.21484375,68833.953125,0.0,0.0,1
1789672491.2353432,speech,303,22,38801964.0,0.0,14790287.0,0.0,125067272.0,48012196.0,42381752.0,35461616.0,0.0,11018322.0,34215.50390625,2675580.5,137947.5,745228.875,0.0,2762247.25,1
1789672491.2983801,speech,304,9,5053130.0,101819.671875,0.0,69140.8984375,2550221.25,2910910.0,0.0,0.0,0.0,0.0,24485.357421875,0.0,4960.95556640625,0.0,0.0,0.0,1
1789672492.667397,speech,292,29,44807344.0,3095408.75,8519283.0,16993678.0,18189874.0,24982252.0,5540765.0,4237822.0,0.0,5071100.0,1190784.25,5205967.5,34570.60546875,1161366.25,958213.5,5262737.0,1
1789672493.0479913,speech,292,11,767362624.0,8275436.0,21059224.0,0.0,0.0,0.0,12053.93359375,0.0,0.0,46655.6171875,0.0,10378.77734375,0.0,0.0,0.0,26762.81640625,1
1789672493.092595,speech,301,10,960289920.0,3967599.5,9743852.0,63710.7265625,44094.3515625,3165.269287109375,0.0,0.0,0.0,0.0,0.0,0.0,0.0,0.0,0.0,13970.2568359375,1
1789672493.334282,speech,301,16,85005664.0,0.0,2847001.25,0.0,118420.9140625,13966.3125,72025.5703125,11161.02734375,233374.75,0.0,0.0,0.0,17887.873046875,14552.2421875,0.0,91345.53125,1
1789672493.379612,speech,287,20,65304224.0,2168025.5,1656136.25,29147.4375,54831.671875,0.0,0.0,33152.921875,144510.71875,0.0,25943.4765625,13134.4873046875,8044.8828125,0.0,103612.3125,22823.630859375,1
1789672493.4426973,speech,279,5,135358016.0,38105228.0,2010906.875,0.0,0.0,0.0,0.0,0.0,0.0,0.0,0.0,0.0,0.0,0.0,0.0,0.0,1
1789672493.7789335,speech,302,20,54333536.0,0.0,29217456.0,117620.21875,6223695.5,93622.921875,815301.3125,25510.49609375,914324.0,0.0,65837.78125,0.0,5758.6240234375,0.0,9242.984375,19271.603515625,1
1789672493.8421724,speech,305,13,0.0,0.0,93086112.0,0.0,13749348.0,0.0,0.0,0.0,0.0,2487908.25,273299.21875,51095.1640625,0.0,0.0,10950.2578125,0.0,1
1789672494.761473,speech,302,28,0.0,0.0,33573944.0,104398176.0,5304639.0,151626032.0,7819762.5,74417136.0,10605561.0,10604152.0,7581377.0,3279926.5,7048382.5,1102185.75,31663698.0,3317955.5,1
1789672495.7760475,speech,315,17,199326592.0,12547941.0,49524404.0,88208.65625,279769.40625,0.0,749419.75,0.0,0.0,30215.236328125,15531.2265625,0.0,0.0,65952.0,8120.0556640625,107000.734375,1
1789672495.8349092,speech,276,5,69144160.0,0.0,1639710.5,0.0,0.0,0.0,0.0,61454.96875,0.0,0.0,7891.21044921875,0.0,0.0,0.0,0.0,0.0,1
1789672495.8358636,speech,315,7,0.0,0.0,1687728.375,0.0,0.0,9826.8828125,96831.015625,0.0,0.0,0.0,0.0,0.0,0.0,6058.74267578125,0.0,2034.0640869140625,1
1789672495.8839214,speech,287,11,828324352.0,0.0,98940880.0,0.0,2043114.5,0.0,23647174.0,0.0,0.0,5359.36572265625,0.0,1778.006591796875,0.0,0.0,0.0,0.0,1
1789672495.9470577,speech,287,14,0.0,0.0,67073400.0,5814012.5,0.0,0.0,25468516.0,45133740.0,892322.1875,167958.203125,0.0,179385.046875,0.0,8752.037109375,0.0,0.0,1
1789672498.9188826,speech,331,18,311215552.0,0.0,1527173248.0,31201576.0,246704736.0,36693016.0,83962128.0,1902065.5,0.0,607509.5,0.0,0.0,0.0,0.0,39383.25390625,76146.59375,1
1789672501.7103057,speech,332,20,16953898.0,82603824.0,339918880.0,258184752.0,1910344960.0,230401504.0,413194624.0,18142994.0,19456330.0,2667130.75,0.0,0.0,63098.05078125,0.0,0.0,106554.625,1
1789672501.7695806,speech,336,14,30646876.0,95073264.0,21053628.0,0.0,0.0,30427462.0,2411683840.0,145337744.0,208750032.0,0.0,0.0,0.0,0.0,0.0,0.0,0.0,1
1789672504.409042,speech,319,34,74338168.0,1739886.625,74888920.0,2109612928.0,1091547904.0,268620800.0,99640616.0,15434163.0,3929887.5,9068499.0,18240196.0,47605056.0,12586832.0,139640848.0,87252216.0,24073140.0,1
1789672504.4674208,speech,316,24,67923768.0,13389775.0,0.0,47296976.0,1183687680.0,1062252224.0,1415495424.0,510011936.0,152265904.0,41387356.0,0.0,36630264.0,38768608.0,0.0,17800160.0,167262240.0,1
1789672506.3139641,speech,339,13,0.0,0.0,587156352.0,1078654336.0,2646260.25,829923.3125,17341180.0,0.0,5597231.5,0.0,0.0,1827752.0,0.0,0.0,8826132.0,20583166.0,1
1789672506.314938,speech,303,16,23466132.0,43456056.0,7473602.5,0.0,200794704.0,28657952.0,0.0,0.0,0.0,846272.25,0.0,3493472.5,369686.1875,15055420.0,0.0,7374997.0,1
1789672511.0414271,speech,336,22,4367768.5,76712592.0,161242448.0,65745232.0,52850624.0,0.0,260591616.0,290300832.0,369463520.0,136611136.0,0.0,74153576.0,0.0,2859926.5,110878288.0,22950768.0,1
1789672511.1043823,speech,327,10,0.0,51679980.0,3505804.25,22402306.0,236113200.0,0.0,0.0,0.0,0.0,504637312.0,0.0,61484580.0,17118906.0,0.0,25654914.0,0.0,1
1789672512.498543,speech,345,14,0.0,58407264.0,1746134272.0,20475692.0,7127031.5,0.0,889831.375,3482108.75,20540560.0,0.0,0.0,0.0,0.0,19233.3125,17249.65234375,54581.734375,1
1789672512.593855,speech,325,23,0.0,569785600.0,71024440.0,87591808.0,11836489.0,0.0,1346863.25,47904252.0,25598026.0,9642680.0,2677377.0,320158.03125,554758.0,0.0,0.0,109860.0390625,1
1789672512.6530826,speech,334,14,4687672.5,945550656.0,0.0,3229452544.0,202692784.0,0.0,0.0,858892.9375,6837660.0,5805523.0,0.0,4138808.25,0.0,5124368.5,926577.0625,4902682.5,1
1789672512.7156827,speech,334,7,16839268.0,0.0,141725376.0,1640990976.0,0.0,0.0,2958764.0,0.0,0.0,0.0,0.0,0.0,0.0,0.0,325804.375,0.0,1
1789672513.388734,speech,349,11,0.0,0.0,2256676352.0,107479056.0,0.0,0.0,36447632.0,0.0,3369474.75,9886651.0,0.0,1108399.75,0.0,0.0,0.0,59577.18359375,1
1789672513.3901062,speech,311,11,2172621824.0,61511240.0,0.0,0.0,0.0,0.0,2697912.0,24088504.0,0.0,5035815.5,0.0,0.0,0.0,116553.75,14715.3935546875,0.0,1
1789672513.4826844,speech,337,20,18673586.0,327093024.0,431175744.0,77809568.0,158024048.0,0.0,15307231.0,3635768.0,1534688.5,1644873.0,334558.6875,159279.125,0.0,0.0,765517.25,590252.375,1
1789672513.5427651,speech,349,16,0.0,2323052544.0,3190243584.0,15709146.0,594677120.0,0.0,3311992.0,14784427.0,291616.21875,2666780.5,0.0,0.0,0.0,61440.73828125,0.0,0.0,1
1789672513.607455,speech,357,8,27798600.0,530269408.0,860785344.0,40905204.0,0.0,0.0,0.0,0.0,0.0,0.0,2359740.0,0.0,0.0,0.0,0.0,0.0,1
1789672514.3070533,speech,337,14,36905288.0,11125536.0,11678354.0,267438720.0,10457793.0,0.0,3173828.75,120741856.0,65100064.0,1536926.25,0.0,0.0,0.0,3028203.0,0.0,2398794.0,1
1789672514.366275,speech,326,14,2228161.25,813217664.0,0.0,123599568.0,2616416256.0,0.0,753219392.0,86288976.0,0.0,127235808.0,0.0,3947569.0,7050572.5,0.0,0.0,0.0,1
1789672515.1963372,speech,333,21,1153555.5,0.0,442718688.0,37011772.0,26218034.0,0.0,991477.75,2255158.0,370173.25,1053193.375,677152.6875,224774.5625,0.0,72929.796875,60251.06640625,181296.609375,1
1789672515.2557168,speech,346,17,0.0,25166520.0,522252256.0,0.0,0.0,0.0,0.0,205984544.0,319878176.0,13020634.0,2266012.0,13663340.0,0.0,47765048.0,155974304.0,2178041.0,1
1789672515.319267,speech,304,14,42666892.0,18940406.0,0.0,0.0,1735087360.0,2701091328.0,0.0,0.0,0.0,123523472.0,4097903.5,41396272.0,3242594.5,4101731.75,0.0,11233969.0,1
1789672518.9385383,speech,343,17,0.0,115148944.0,2663109632.0,429141536.0,10140625.0,0.0,4177857.75,5297709.0,1719209.75,0.0,119850.7578125,804886.625,0.0,0.0,0.0,0.0,1
1789672518.9970257,speech,353,6,0.0,0.0,7512144896.0,0.0,0.0,0.0,0.0,0.0,122722.9375,565094.625,0.0,0.0,0.0,0.0,0.0,2492637.0,1
1789672519.061194,speech,348,10,0.0,33777676.0,2422852352.0,0.0,0.0,0.0,0.0,0.0,3182610.0,771453.0,0.0,99300.65625,0.0,271596.4375,592350.6875,0.0,1
1789672519.6682763,speech,337,20,35476580.0,65822808.0,314769728.0,138421312.0,196651040.0,0.0,0.0,1527916672.0,492742304.0,295887296.0,40402892.0,103218520.0,2260987.0,28735696.0,0.0,0.0,1
1789672520.5563917,speech,336,17,28830946.0,0.0,210724704.0,0.0,452314112.0,0.0,301238976.0,2076105088.0,168021104.0,321600288.0,0.0,38789136.0,57845104.0,0.0,0.0,19625920.0,1
1789672520.6206403,speech,336,16,0.0,130955584.0,36895312.0,70856024.0,81135168.0,192613184.0,537380736.0,124705248.0,254323648.0,300732992.0,0.0,180497088.0,88283608.0,174054144.0,0.0,0.0,1
1789672520.6666458,speech,336,11,0.0,21753890.0,526726240.0,19712492.0,0.0,0.0,172305504.0,0.0,0.0,55050648.0,115487256.0,0.0,0.0,58363992.0,0.0,0.0,1
1789672521.3804014,speech,352,12,0.0,302403776.0,182607616.0,1849660672.0,129052848.0,0.0,0.0,0.0,25847660.0,14267007.0,0.0,4891760.0,0.0,0.0,0.0,1417028.25,1
1789672521.444427,speech,339,15,0.0,15921864.0,63470176.0,398059936.0,0.0,0.0,0.0,1252811264.0,172683264.0,167292656.0,79849944.0,29934472.0,14166638.0,0.0,0.0,0.0,1
1789672521.508635,speech,334,8,7138850.0,7829575.0,0.0,60490176.0,0.0,799048960.0,106675360.0,0.0,0.0,17122162.0,15567499.0,0.0,0.0,0.0,0.0,0.0,1
1789672522.395164,speech,334,19,0.0,0.0,92513472.0,119469408.0,152198768.0,179142736.0,560569344.0,262646672.0,1188625408.0,229907936.0,11633683.0,43778024.0,0.0,46126320.0,0.0,900811.0,1
1789672524.2347288,speech,339,15,0.0,333556032.0,268358960.0,1254428544.0,356715776.0,0.0,23307704.0,48943608.0,5719269.0,109325200.0,0.0,2835643.25,0.0,0.0,0.0,0.0,1
1789672524.2991726,speech,339,8,0.0,0.0,55097176.0,0.0,0.0,0.0,36824716.0,0.0,19921036.0,2276271.0,0.0,0.0,0.0,0.0,11412729.0,0.0,1
1789672525.0909276,speech,338,10,0.0,215284160.0,210594992.0,2166219776.0,255761504.0,0.0,0.0,263629408.0,0.0,27223610.0,0.0,0.0,0.0,0.0,0.0,0.0,1
1789672525.1510234,speech,339,16,0.0,243533024.0,1588256000.0,0.0,463574656.0,0.0,34131460.0,117634488.0,343575904.0,54267356.0,0.0,353126.78125,0.0,0.0,434927.84375,443294.0625,1
1789672526.9951186,speech,334,11,0.0,0.0,0.0,0.0,0.0,0.0,67568720.0,81881888.0,6661354.5,60283660.0,20794562.0,22043856.0,0.0,0.0,0.0,0.0,1
1789672526.9965086,speech,38,3,0.0,71615488.0,66296636.0,0.0,0.0,0.0,0.0,0.0,0.0,0.0,0.0,0.0,0.0,0.0,0.0,0.0,1
1789672527.0637174,speech,331,13,0.0,0.0,0.0,0.0,0.0,0.0,547423488.0,554651008.0,273517568.0,83689344.0,30024688.0,14806444.0,39562904.0,0.0,0.0,2509835.25,1
1789672527.1263769,speech,315,17,47761616.0,168664496.0,23521496.0,0.0,114669056.0,261095552.0,30681064.0,23032730.0,0.0,33117244.0,218865152.0,31847984.0,47159592.0,7197530.0,0.0,24783088.0,1
1789672527.8500197,speech,344,15,0.0,544621184.0,297120608.0,2311370752.0,62036636.0,0.0,10145730.0,6039265.5,8690540.0,9462895.0,0.0,114496.984375,0.0,0.0,0.0,0.0,1
1789672527.944147,speech,320,13,121449528.0,2370542080.0,271915456.0,0.0,2162800.0,14640186.0,224496.828125,0.0,0.0,2464779.75,32395560.0,908627.0,0.0,0.0,0.0,0.0,1
1789672528.9931822,speech,344,17,0.0,0.0,21940656.0,316950912.0,289559680.0,0.0,14160293.0,695597312.0,126215136.0,169418368.0,13040636.0,90896464.0,0.0,0.0,7276871.5,0.0,1
1789672529.0553398,speech,342,12,5273021.5,15199962.0,15696997.0,0.0,0.0,0.0,257716368.0,553307136.0,0.0,107597728.0,18268574.0,0.0,52638956.0,13830862.0,0.0,0.0,1
1789672529.9119112,speech,345,14,0.0,0.0,98744504.0,130513184.0,50456812.0,0.0,222921024.0,0.0,600045760.0,72178064.0,24900006.0,44589520.0,0.0,29684668.0,0.0,0.0,1
1789672531.0221562,speech,343,12,0.0,67581520.0,31053700.0,0.0,0.0,0.0,0.0,832534400.0,388001312.0,55616568.0,11630440.0,0.0,0.0,6418133.5,28323052.0,0.0,1
1789672532.069201,speech,331,21,14840080.0,79048840.0,118925696.0,52104556.0,0.0,0.0,548576640.0,384124448.0,426689568.0,102496440.0,4731767.0,42714376.0,0.0,0.0,48175256.0,3299890.0,1
1789672532.1282954,speech,312,12,0.0,0.0,26166012.0,0.0,46995424.0,0.0,0.0,0.0,172354272.0,620882432.0,96769384.0,39954756.0,0.0,0.0,0.0,34180544.0,1
1789672537.4272094,speech,347,18,0.0,0.0,1114699520.0,200725568.0,0.0,0.0,0.0,0.0,767542.625,7755673.0,2352907.25,29198374.0,2219624.5,2297968.5,0.0,48873.67578125,1
1789672537.485381,speech,0,14,0.0,0.0,5213210624.0,2990721280.0,127940656.0,107865400.0,0.0,0.0,0.0,0.0,0.0,98317712.0,5117936.5,87757568.0,0.0,0.0,1
1789672537.5503898,speech,0,6,0.0,0.0,0.0,62212496.0,0.0,64803128.0,0.0,2047970.5,3652592.75,2788729.0,0.0,0.0,0.0,0.0,0.0,0.0,1
1789672538.2825832,speech,354,10,0.0,0.0,2261812992.0,201737056.0,63096560.0,18713310.0,0.0,7086372.0,0.0,12333734.0,0.0,0.0,0.0,0.0,0.0,59959.29296875,1
1789672538.3433537,speech,354,15,0.0,0.0,147972752.0,791950272.0,0.0,0.0,2647142.5,119989888.0,26622486.0,1213940.125,0.0,230610.421875,0.0,133485.46875,102699.6640625,37044.3984375,1
1789672539.2020755,speech,343,17,41985976.0,0.0,159117088.0,12033529.0,390452992.0,39354360.0,395187104.0,0.0,26569222.0,211044608.0,33106206.0,0.0,0.0,0.0,0.0,17089658.0,1
1789672539.2670875,speech,343,5,0.0,0.0,0.0,4642615.0,62034992.0,1371974.5,0.0,0.0,0.0,0.0,0.0,0.0,0.0,0.0,21725936.0,0.0,1
1789672539.3127232,speech,0,5,0.0,0.0,100289448.0,1687291.875,0.0,0.0,0.0,1005602.75,0.0,0.0,0.0,0.0,0.0,0.0,0.0,0.0,1
1789672540.5343068,speech,354,15,140216720.0,0.0,0.0,52348712.0,0.0,0.0,204992608.0,167641920.0,92762832.0,328643392.0,0.0,0.0,3021728.0,67268488.0,0.0,0.0,1
1789672540.5996442,speech,352,8,0.0,2920575.0,122435488.0,0.0,1607283.5,0.0,0.0,0.0,124069608.0,441824288.0,0.0,0.0,7087378.0,0.0,11646434.0,0.0,1
1789672540.6659198,speech,9,10,0.0,0.0,116340672.0,0.0,62857436.0,0.0,509343616.0,1320402.875,213413328.0,143574880.0,0.0,0.0,0.0,4924953.5,0.0,0.0,1
1789672541.516407,speech,58,4,979137216.0,134744464.0,0.0,0.0,0.0,0.0,0.0,0.0,0.0,0.0,0.0,0.0,571756.625,0.0,0.0,0.0,1
1789672541.5172892,speech,349,11,0.0,0.0,0.0,261808864.0,2256367.0,0.0,0.0,0.0,330972.8125,1558664.625,430535.65625,0.0,0.0,0.0,2241276.75,0.0,1
1789672541.5888479,speech,346,5,0.0,0.0,0.0,121035736.0,0.0,0.0,0.0,0.0,124800.4453125,6290124.5,0.0,0.0,0.0,0.0,0.0,0.0,1
1789672542.4678023,speech,310,10,33537360.0,963788.875,0.0,0.0,0.0,260125904.0,2041407488.0,31738604.0,0.0,0.0,0.0,0.0,210728864.0,0.0,0.0,11543396.0,1
1789672542.4686255,speech,358,15,31373454.0,0.0,126296496.0,158650432.0,0.0,0.0,0.0,0.0,418487840.0,202223136.0,93423168.0,7481840.0,0.0,160526784.0,609353664.0,0.0,1
1789672542.5293372,speech,347,16,17382618.0,0.0,104032880.0,0.0,210431616.0,21009844.0,0.0,68524768.0,611249920.0,44989312.0,0.0,0.0,0.0,0.0,618534272.0,107711200.0,1
1789672542.5951114,speech,356,12,0.0,0.0,0.0,4242840.0,0.0,0.0,1178262528.0,0.0,0.0,3939215.0,40733048.0,26202292.0,0.0,0.0,109047768.0,19184796.0,1
1789672543.8291602,speech,355,18,2536428.25,8681604.0,69230352.0,127641168.0,84238736.0,0.0,0.0,474614592.0,466339840.0,196863840.0,42221860.0,0.0,0.0,0.0,77657464.0,15743268.0,1
1789672543.900386,speech,356,12,0.0,4443886.0,0.0,37954564.0,0.0,0.0,0.0,0.0,411356480.0,178297088.0,321772096.0,0.0,0.0,6357436.0,12212668.0,7051140.0,1
1789672544.652781,speech,351,20,131260136.0,42281748.0,1249854080.0,47984652.0,87611632.0,0.0,0.0,14553174.0,8537689.0,36556684.0,7875487.0,0.0,0.0,146708.671875,0.0,116956.609375,1
1789672547.6322272,speech,345,15,0.0,0.0,3443838208.0,0.0,33063544.0,0.0,0.0,0.0,6108206.5,1628776.875,5141125.0,350476.5,0.0,0.0,2839507.5,412065.5625,1
1789672547.696906,speech,335,9,174612480.0,0.0,0.0,0.0,0.0,0.0,0.0,1553758.875,0.0,0.0,0.0,0.0,2447314.25,3922948.0,1428988.625,0.0,1
1789672547.6979797,speech,10,12,0.0,0.0,0.0,0.0,735164800.0,19544920.0,0.0,0.0,42004836.0,46832780.0,336140.15625,147647.359375,0.0,0.0,0.0,0.0,1
1789672548.423445,speech,2,16,0.0,0.0,1402944640.0,12162424.0,26145252.0,0.0,0.0,13129878.0,8638977.0,1962162.875,2219824.0,132744.296875,147183.484375,0.0,0.0,0.0,1
1789672548.4960923,speech,353,17,378433536.0,0.0,0.0,180850864.0,15926816.0,27699856.0,15341404.0,38386896.0,2342982.25,5904037.0,70479768.0,87638232.0,686508.125,0.0,0.0,77080.8671875,1
1789672549.2480829,speech,349,8,0.0,147564.71875,6150479.0,0.0,441621568.0,0.0,0.0,0.0,0.0,0.0,42721736.0,8877957.0,0.0,0.0,0.0,0.0,1
1789672550.262275,speech,1,13,0.0,0.0,422231776.0,11249389.0,73417680.0,0.0,0.0,45756560.0,122008392.0,53931328.0,45501468.0,0.0,0.0,1248870.375,0.0,0.0,1
1789672550.3231604,speech,1,15,0.0,0.0,158944768.0,10670726.0,231376304.0,68580648.0,893372032.0,11037740.0,0.0,66019612.0,194940432.0,35403224.0,0.0,24058036.0,0.0,0.0,1
1789672550.3731272,speech,6,8,0.0,0.0,0.0,0.0,55882760.0,0.0,0.0,4993009.0,225924608.0,377470176.0,0.0,0.0,0.0,0.0,0.0,14043328.0,1
1789672551.2440398,speech,321,8,1767715072.0,45952024.0,0.0,0.0,35476.8515625,7221870.0,49746.40625,0.0,0.0,0.0,0.0,0.0,0.0,0.0,117900.2265625,0.0,1
1789672551.3028724,speech,328,9,4702772224.0,255791968.0,0.0,175645.46875,0.0,28718012.0,0.0,0.0,0.0,0.0,0.0,0.0,0.0,4470335.5,0.0,0.0,1
1789672554.4464016,speech,13,10,3401010.0,0.0,38966944.0,14869223.0,57692216.0,0.0,0.0,633849280.0,352497600.0,391452416.0,0.0,0.0,0.0,0.0,0.0,0.0,1
1789672554.507377,speech,2,15,10021993.0,70254576.0,143407792.0,116746040.0,148587120.0,0.0,0.0,0.0,8594612.0,351786240.0,34323980.0,0.0,0.0,0.0,0.0,0.0,1
1789672555.430326,speech,0,14,0.0,0.0,41395240.0,1433401856.0,181934880.0,2682185.25,0.0,0.0,6886610.5,9886254.0,39296896.0,12114126.0,0.0,0.0,13038236.0,0.0,1
1789672555.4956517,speech,359,11,0.0,4950840.5,0.0,180452768.0,153489568.0,0.0,526750592.0,0.0,160265088.0,70163632.0,50544504.0,0.0,0.0,0.0,0.0,0.0,1
1789672560.7873282,speech,8,9,0.0,0.0,947923456.0,137595136.0,374618.3125,0.0,1348612.5,0.0,0.0,127047680.0,0.0,0.0,0.0,0.0,0.0,0.0,1
1789672560.7883077,speech,293,6,619200000.0,20553246.0,0.0,0.0,0.0,0.0,0.0,0.0,0.0,0.0,1113154.75,0.0,12319735.0,0.0,0.0,0.0,1
1789672560.8570974,speech,346,14,63357008.0,0.0,1100101120.0,1233463680.0,32006380.0,0.0,0.0,0.0,6979412.0,6805558.5,5414449.0,0.0,0.0,0.0,48635924.0,4365243.0,1
1789672560.921789,speech,14,6,0.0,14771674.0,1497893120.0,534483744.0,0.0,0.0,0.0,0.0,1901421.25,0.0,0.0,0.0,0.0,0.0,0.0,0.0,1
1789672561.7048483,speech,352,17,0.0,0.0,2264592384.0,760306624.0,10030358.0,0.0,0.0,123164248.0,74359984.0,6074761.5,4313816.5,0.0,0.0,25483.814453125,79681.5,36912.98046875,1
1789672564.1448307,speech,341,17,0.0,79549024.0,2375112448.0,33517664.0,16835228.0,0.0,2436646.75,0.0,4603272.5,1180644.375,1142911.5,0.0,187794.359375,0.0,1072321.5,362370.75,1
1789672564.2141562,speech,339,15,0.0,0.0,3580837888.0,16554945.0,7373070.5,7350561.5,0.0,1111755.75,0.0,2399071.25,5579072.5,487000.375,0.0,0.0,0.0,0.0,1
1789672564.2775953,speech,339,12,0.0,167241184.0,3012446976.0,0.0,3897088.5,1602638.5,3352095.25,1152464.5,2637834.5,0.0,714301.6875,0.0,0.0,127805.859375,0.0,183597.375,1
1789672564.7154849,speech,342,17,0.0,14325327.0,1180517760.0,0.0,4822059.0,0.0,0.0,31120.33203125,228427.96875,258238.015625,1771396.0,95430.859375,0.0,61758.484375,0.0,231279.0625,1
1789672564.7738554,speech,344,10,0.0,0.0,2485553152.0,0.0,6567687.0,0.0,0.0,0.0,241695.40625,0.0,392807.125,323552.875,0.0,0.0,0.0,78325.859375,1
1789672564.8493862,speech,344,11,0.0,0.0,889209472.0,2710068.5,1383498.125,0.0,0.0,102312.421875,289096.3125,73106.5625,50762.37109375,0.0,159927.84375,75408.59375,0.0,0.0,1
1789672564.895859,speech,355,17,375300800.0,122391376.0,666258816.0,3535026.25,852243.125,627451.5,2267984.75,0.0,74754.1796875,243324.109375,0.0,0.0,29558.40625,0.0,0.0,0.0,1
1789672565.6026983,speech,346,14,0.0,1226100.25,1551692416.0,1882404.625,4805484.0,0.0,1111264.375,49901.65625,832322.875,0.0,0.0,0.0,7771.0068359375,0.0,0.0,0.0,1
1789672567.3127027,speech,348,17,0.0,25808508.0,33571408.0,171197168.0,38851360.0,0.0,0.0,0.0,142009984.0,355379424.0,0.0,96128408.0,0.0,0.0,88000240.0,28120548.0,1
1789672567.914943,speech,345,12,158820720.0,193210304.0,3624476416.0,0.0,1964693.125,0.0,0.0,321049.9375,2922160.75,145031.421875,173600.15625,0.0,0.0,0.0,0.0,0.0,1
1789672569.055403,speech,348,13,17068036.0,115354832.0,2752297984.0,1078186.25,0.0,0.0,684840.875,540884.9375,1145071.875,400249.875,615028.125,0.0,0.0,7323.4365234375,0.0,0.0,1
1789672570.9538534,speech,346,9,0.0,0.0,2791106304.0,472817.9375,38747200.0,0.0,0.0,0.0,0.0,0.0,1184082.625,0.0,0.0,6027.4892578125,0.0,0.0,1
1789672571.0137115,speech,346,11,0.0,7598357.0,2083381888.0,0.0,0.0,42438.90234375,0.0,36342.40234375,0.0,77915.3046875,156980.140625,10917.78515625,57806.23828125,0.0,0.0,0.0,1
1789672574.184965,speech,357,10,0.0,288468288.0,1176275712.0,0.0,3828369.5,0.0,0.0,7085486.0,613327.125,0.0,0.0,0.0,0.0,0.0,1579533.125,0.0,1
1789672574.4694703,speech,341,11,0.0,0.0,3087618304.0,0.0,56276512.0,387020.25,0.0,0.0,0.0,18392.3984375,3331439.5,633538.0,0.0,0.0,0.0,0.0,1
1789672574.5287545,speech,348,15,102952928.0,64358104.0,5455598592.0,0.0,0.0,0.0,0.0,327431.875,527237.4375,336350.375,2754814.0,0.0,0.0,118663.296875,237950.109375,43699.78125,1
1789672574.5922782,speech,337,10,152908208.0,118210232.0,2067843072.0,0.0,16508002.0,0.0,0.0,0.0,671118.125,0.0,482375.5,0.0,0.0,0.0,0.0,132694.90625,1
1789672577.2271175,speech,359,18,0.0,0.0,5558953.5,47287.953125,56890136.0,423869.09375,0.0,1746661.625,486030048.0,406875456.0,257124256.0,164023504.0,0.0,0.0,81583824.0,91974232.0,1
1789672583.5624785,speech,353,15,0.0,0.0,53570860.0,28403842.0,10048032.0,0.0,306705728.0,28668956.0,263584560.0,25401294.0,86045520.0,4567220.5,0.0,0.0,31366990.0,24186910.0,1
1789672584.4146543,speech,346,11,0.0,0.0,1483626752.0,0.0,10344250.0,0.0,0.0,66729.890625,605057.5625,2268374.5,0.0,0.0,0.0,0.0,681094.5625,2023298.375,1
1789672584.4742684,speech,335,13,0.0,0.0,2262363648.0,1756340.5,0.0,0.0,0.0,0.0,278193.875,79935.2421875,0.0,0.0,147477.0,195357.96875,1493294.25,1333737.0,1
1789672584.537734,speech,344,10,243736128.0,16896978.0,996899456.0,30722.60546875,0.0,0.0,0.0,105314.7265625,0.0,110765.671875,325891.5625,0.0,0.0,0.0,0.0,0.0,1
1789672585.1115038,speech,341,12,0.0,1983891.875,2400820224.0,0.0,2803218.0,0.0,0.0,195924.59375,0.0,0.0,790771.625,349725.96875,0.0,0.0,52088.328125,0.0,1
1789672585.9044926,speech,344,17,0.0,0.0,2000588928.0,0.0,0.0,720167.125,9198373.0,563936.875,2525174.5,217873.6875,450226.625,0.0,0.0,0.0,16731.90625,28075.08984375,1
1789672586.854061,speech,340,11,0.0,18682748.0,1493790720.0,0.0,22955554.0,0.0,0.0,354167.25,0.0,0.0,0.0,0.0,0.0,68999.4453125,0.0,50108.234375,1
1789672586.9124615,speech,344,10,0.0,41236056.0,2240169728.0,20503180.0,0.0,159360.65625,6915874.5,0.0,0.0,139936.421875,627525.0,0.0,0.0,0.0,0.0,0.0,1
1789672589.6424425,speech,336,15,0.0,75106784.0,649008768.0,0.0,14237249.0,6403699.0,18799310.0,0.0,1459307.875,0.0,1260629.0,3484571.0,0.0,0.0,1230202.75,0.0,1
1789672590.434314,speech,3,12,0.0,0.0,218739520.0,598335744.0,0.0,0.0,0.0,5416409.0,4553759.0,6427207.0,0.0,0.0,0.0,0.0,0.0,126252.71875,1
1789672590.4350681,speech,323,5,350299328.0,18200220.0,0.0,0.0,3847007.75,0.0,18504114.0,0.0,0.0,0.0,0.0,6388430.5,0.0,0.0,0.0,0.0,1
1789672590.4931118,speech,330,8,0.0,18251724.0,468867744.0,0.0,79973168.0,0.0,43706056.0,0.0,0.0,0.0,0.0,22611738.0,0.0,0.0,210100.0625,0.0,1
1789672594.4245667,speech,8,12,151115504.0,65457928.0,354569792.0,318445888.0,418346944.0,0.0,0.0,46561696.0,0.0,40776364.0,0.0,0.0,0.0,0.0,0.0,362269.15625,1
1789672594.4942062,speech,332,6,19906568.0,0.0,0.0,2148477952.0,0.0,0.0,0.0,9127870.0,1006498.875,2885734.25,0.0,0.0,0.0,0.0,0.0,0.0,1
1789672597.7484746,speech,0,9,0.0,212316304.0,923454976.0,74517472.0,0.0,0.0,156638.375,0.0,1168809.0,0.0,0.0,0.0,0.0,0.0,526349.625,2348138.5,1
1789672598.255941,speech,345,14,0.0,158313216.0,2300811008.0,0.0,0.0,0.0,120084.328125,2131993.5,3646342.75,0.0,0.0,0.0,0.0,293791.875,120076.8828125,31438.109375,1
1789672598.32113,speech,355,12,0.0,409344064.0,1171671296.0,2332844.0,72433.4140625,153597.390625,0.0,0.0,0.0,505116.625,19418.6640625,0.0,0.0,0.0,22800.23828125,197811.171875,1
1789672598.921249,speech,353,18,0.0,2043516.75,1188914432.0,15966831.0,80538544.0,0.0,0.0,362198.65625,4099128.5,897385.5,3783863.5,108774.96875,0.0,298753.78125,1681417.875,0.0,1
1789672598.9808757,speech,347,16,0.0,48147736.0,3431387904.0,32778052.0,0.0,0.0,14619026.0,0.0,2211001.5,207969.203125,7821068.0,174051.09375,0.0,0.0,0.0,147682.765625,1
1789672599.044246,speech,350,11,107016160.0,273872928.0,3303933952.0,0.0,0.0,0.0,0.0,2481501.5,234625.28125,1693464.25,0.0,0.0,0.0,0.0,0.0,0.0,1
1789672607.9778488,speech,211,13,115217128.0,0.0,0.0,0.0,0.0,0.0,201442672.0,313084736.0,0.0,3771551.0,0.0,0.0,384573.0625,196468.4375,7244646.0,272035.15625,1
1789672608.0275724,speech,211,11,28555980.0,15504120.0,100319648.0,34782052.0,0.0,0.0,0.0,0.0,44200024.0,301469.84375,0.0,0.0,0.0,730850.0,0.0,1141428.0,1
1789672608.35868,speech,241,5,91401544.0,0.0,7483930.5,0.0,0.0,0.0,0.0,992408.1875,0.0,0.0,0.0,0.0,0.0,0.0,0.0,553821.75,1
1789672608.4167755,speech,223,5,112434904.0,0.0,0.0,0.0,0.0,0.0,857734.875,0.0,0.0,0.0,0.0,0.0,0.0,0.0,0.0,0.0,1
1789672608.4857368,speech,215,4,123641864.0,871063.0,0.0,0.0,0.0,0.0,0.0,0.0,0.0,0.0,15319.658203125,0.0,0.0,0.0,0.0,0.0,1
1789672608.769274,speech,222,17,21280852.0,6949419.0,1089954.375,0.0,31672.9609375,0.0,164056.734375,53928.53125,86057.609375,0.0,0.0,0.0,54581.8125,26348.1953125,96579.90625,43992.34375,1
1789672608.8262858,speech,232,11,747960128.0,0.0,0.0,0.0,0.0,0.0,2298185.0,89476.8203125,916576.5625,568656.0625,0.0,0.0,0.0,0.0,74378.234375,66712.3203125,1
1789672609.1806626,speech,227,9,134808352.0,0.0,0.0,0.0,0.0,0.0,120231.703125,22071.10546875,0.0,0.0,0.0,0.0,0.0,4086.22509765625,33676.13671875,30425.53125,1
1789672609.2380347,speech,238,7,114031992.0,0.0,0.0,0.0,0.0,0.0,0.0,0.0,0.0,0.0,0.0,0.0,15595.6884765625,0.0,35791.34375,6125.2236328125,1
1789672610.4794035,speech,219,14,345844.5625,0.0,1740370.75,0.0,0.0,10884076.0,9795737.0,0.0,14368683.0,844577.25,0.0,0.0,0.0,1146558.0,0.0,4547580.5,1
1789672610.8262625,speech,240,8,175226000.0,297830.625,0.0,0.0,0.0,0.0,57336.203125,137872.34375,29345.2890625,13733.623046875,0.0,0.0,0.0,0.0,0.0,0.0,1
1789672610.884603,speech,224,9,558601600.0,0.0,0.0,0.0,0.0,0.0,0.0,0.0,29152.1484375,59513.28515625,0.0,0.0,0.0,7176.0068359375,0.0,57517.921875,1
1789672611.111766,speech,223,10,96590200.0,0.0,0.0,0.0,0.0,0.0,4296109.5,5472796.0,759383.125,0.0,0.0,0.0,29989.587890625,0.0,0.0,546311.625,1
1789672611.1695676,speech,218,14,5568649.0,0.0,0.0,0.0,0.0,0.0,62799800.0,28550792.0,1291159.375,6368907.5,0.0,0.0,0.0,856304.25,86165.390625,5873649.5,1
1789672611.2309177,speech,218,8,0.0,0.0,0.0,0.0,0.0,416237.21875,0.0,506441.0,936326.3125,954613.75,0.0,0.0,0.0,0.0,740445.5,1129629.5,1
1789672611.492719,speech,221,9,0.0,0.0,154431.609375,0.0,0.0,0.0,51756044.0,26102164.0,979747.25,4295303.5,0.0,0.0,0.0,0.0,840392.875,112991.453125,1
1789672614.2470465,speech,81,5,78822.015625,0.0,0.0,0.0,0.0,0.0,0.0,0.0,0.0,0.0,0.0,0.0,0.0,0.0,1503926.75,13231226.0,1
1789672615.578278,speech,176,3,443248.40625,0.0,0.0,0.0,0.0,0.0,5901579.0,0.0,0.0,1292929.75,0.0,0.0,0.0,0.0,0.0,0.0,1
1789672615.6372702,speech,2,3,0.0,0.0,0.0,0.0,0.0,0.0,37394112.0,0.0,1138555.25,0.0,0.0,0.0,60374.90625,0.0,0.0,0.0,1
1789672616.528631,speech,181,4,0.0,0.0,0.0,0.0,0.0,0.0,0.0,0.0,36447960.0,30550868.0,0.0,616299.375,0.0,0.0,0.0,0.0,1
1789672616.5294557,speech,86,3,29182748.0,0.0,0.0,0.0,0.0,0.0,0.0,0.0,0.0,0.0,0.0,0.0,0.0,0.0,165771.46875,44803.74609375,1
1789672616.609259,speech,174,7,51887472.0,0.0,352330944.0,0.0,0.0,30995978.0,0.0,0.0,0.0,7383822.0,0.0,11193519.0,0.0,372018.8125,0.0,0.0,1
1789672616.7831936,speech,174,5,0.0,0.0,0.0,0.0,8550113.0,18870344.0,33983.109375,0.0,1540204.5,0.0,61265.3203125,0.0,0.0,0.0,0.0,0.0,1
1789672616.827323,speech,141,4,0.0,0.0,267315872.0,0.0,16301812.0,0.0,0.0,0.0,0.0,0.0,0.0,0.0,0.0,0.0,0.0,11494.474609375,1
1789672617.0600092,speech,73,6,0.0,311060448.0,0.0,0.0,0.0,0.0,0.0,0.0,0.0,0.0,455665.03125,287483.375,0.0,2038359.0,0.0,211292.796875,1
1789672617.73146,speech,99,10,304542848.0,0.0,0.0,0.0,0.0,0.0,0.0,0.0,0.0,0.0,0.0,1939947.375,0.0,14823597.0,323493.0,2922694.25,1
1789672617.7320569,speech,142,4,0.0,0.0,463887744.0,51343168.0,0.0,399729.375,0.0,0.0,0.0,0.0,0.0,851918.0,0.0,0.0,0.0,0.0,1
1789672617.7921338,speech,117,7,311169472.0,72656448.0,0.0,0.0,438563.90625,0.0,0.0,0.0,0.0,0.0,0.0,0.0,0.0,31387032.0,48285208.0,0.0,1
1789672617.7930057,speech,157,9,0.0,0.0,0.0,247618880.0,107939920.0,167182880.0,125614.2578125,0.0,0.0,905037.0625,367429.4375,0.0,0.0,2928776.75,0.0,0.0,1
1789672618.079933,speech,117,7,597816.5,0.0,0.0,0.0,0.0,0.0,0.0,0.0,0.0,31908.810546875,0.0,0.0,0.0,47603.8828125,41179.69921875,4708.54296875,1
1789672618.1266627,speech,148,7,0.0,0.0,383999424.0,293046304.0,15652258.0,26478432.0,0.0,0.0,43821.8125,3069481.0,0.0,0.0,0.0,0.0,103219.7421875,0.0,1
1789672618.1277332,speech,105,7,349170016.0,249832.015625,0.0,0.0,0.0,0.0,0.0,0.0,0.0,0.0,0.0,0.0,0.0,106840.078125,0.0,65602.28125,1
1789672618.256509,speech,13,5,0.0,0.0,0.0,7967196.0,0.0,624578.1875,0.0,646107.25,348091.625,342274.4375,0.0,0.0,0.0,0.0,0.0,0.0,1
1789672618.8376808,speech,80,6,0.0,0.0,0.0,0.0,0.0,0.0,70664.90625,0.0,0.0,0.0,0.0,0.0,9598.9619140625,6972.7265625,125184.828125,330552.625,1
1789672618.8900802,speech,101,7,576378176.0,0.0,0.0,0.0,0.0,0.0,0.0,0.0,0.0,0.0,0.0,4574479.5,0.0,1102665.875,1281343.5,0.0,1
1789672618.891061,speech,151,6,0.0,771094.875,547489408.0,394377568.0,0.0,63568812.0,0.0,0.0,0.0,3588914.75,0.0,279851.34375,0.0,0.0,0.0,0.0,1
1789672618.967676,speech,75,3,0.0,0.0,0.0,323376576.0,33258040.0,0.0,0.0,0.0,0.0,0.0,0.0,0.0,0.0,0.0,0.0,0.0,1
1789672619.0331788,speech,313,3,0.0,173715424.0,0.0,0.0,0.0,0.0,0.0,0.0,0.0,0.0,0.0,369132.65625,0.0,0.0,0.0,0.0,1
1789672619.2187278,speech,105,6,2991811.0,0.0,0.0,0.0,12865618.0,0.0,0.0,0.0,0.0,0.0,0.0,0.0,573909.25,5992986.5,0.0,758807.75,1
1789672619.4085965,speech,142,6,0.0,0.0,151731.515625,362482.90625,0.0,0.0,0.0,145880.234375,0.0,139316.515625,0.0,0.0,0.0,0.0,0.0,0.0,1
1789672619.454779,speech,76,5,0.0,0.0,0.0,0.0,0.0,0.0,0.0,0.0,0.0,0.0,0.0,0.0,0.0,4664966.0,195840.640625,0.0,1
1789672619.529145,speech,311,3,88888064.0,430726784.0,0.0,0.0,0.0,0.0,0.0,0.0,0.0,0.0,0.0,0.0,0.0,0.0,33833.60546875,0.0,1
1789672626.9758208,speech,208,6,0.0,239763.4375,27804882.0,795649.1875,0.0,0.0,0.0,0.0,0.0,0.0,0.0,0.0,0.0,103451.0078125,0.0,0.0,1
1789672627.0207713,speech,203,7,0.0,0.0,680621312.0,0.0,0.0,0.0,0.0,0.0,0.0,0.0,0.0,4354191.0,0.0,10124008.0,30875826.0,0.0,1
1789672627.0715556,speech,203,4,0.0,0.0,0.0,0.0,0.0,0.0,0.0,0.0,0.0,0.0,0.0,0.0,0.0,1182326.125,25526592.0,49685.98828125,1
1789672627.2825618,speech,174,11,0.0,0.0,24474356.0,9719195.0,0.0,0.0,0.0,0.0,0.0,0.0,0.0,6025253.0,332723.4375,814763.25,38203.265625,126428.40625,1
1789672627.347099,speech,173,8,0.0,0.0,424744064.0,24938298.0,24995888.0,3962792.0,0.0,0.0,30037.7265625,0.0,0.0,0.0,25211.326171875,0.0,0.0,0.0,1
1789672627.4115293,speech,173,3,0.0,0.0,0.0,0.0,0.0,0.0,596225.125,0.0,0.0,0.0,0.0,0.0,0.0,0.0,37553.6953125,136911.65625,1
1789672627.4604306,speech,173,5,0.0,0.0,3172308.75,808174.625,796980.625,159165.265625,0.0,0.0,0.0,37743.21484375,0.0,0.0,0.0,0.0,0.0,0.0,1
1789672627.505661,speech,180,10,78164384.0,0.0,399127200.0,17444466.0,0.0,0.0,0.0,0.0,0.0,0.0,0.0,0.0,1369881.125,189196.65625,0.0,70011.4296875,1
1789672627.6664004,speech,182,3,24915352.0,302963.3125,0.0,0.0,0.0,0.0,0.0,0.0,0.0,0.0,0.0,0.0,0.0,0.0,0.0,0.0,1
1789672627.7307022,speech,176,8,1966808.75,0.0,288540000.0,23924056.0,0.0,0.0,0.0,0.0,0.0,0.0,0.0,6687689.0,625556.9375,38913.2265625,0.0,0.0,1
1789672627.7952404,speech,176,5,0.0,0.0,0.0,0.0,0.0,0.0,0.0,0.0,0.0,0.0,0.0,0.0,0.0,3035701.5,30471.30078125,847240.9375,1
1789672627.9569674,speech,181,11,0.0,0.0,99646560.0,16530979.0,17401916.0,2504973.75,74500.5,0.0,0.0,0.0,0.0,0.0,0.0,114818.0,0.0,17809.314453125,1
1789672628.0233178,speech,137,5,0.0,0.0,0.0,0.0,0.0,0.0,12192416.0,2502824.25,0.0,1090026.5,4160360.75,0.0,0.0,0.0,0.0,0.0,1
1789672628.1491063,speech,184,10,3368992.0,17618590.0,59949160.0,9580096.0,0.0,0.0,0.0,0.0,0.0,0.0,0.0,0.0,0.0,0.0,9431.9912109375,53305.19140625,1
1789672628.214131,speech,193,6,0.0,0.0,14018498.0,0.0,0.0,0.0,0.0,0.0,0.0,0.0,42819.2265625,0.0,0.0,0.0,50586.57421875,191965.5625,1
1789672628.3510683,speech,164,4,31446484.0,0.0,973816.375,58143.3828125,0.0,0.0,0.0,39485.9375,0.0,0.0,0.0,0.0,0.0,0.0,0.0,0.0,1
1789672628.415772,speech,148,4,47277508.0,0.0,0.0,0.0,0.0,0.0,9545984.0,154884.265625,0.0,0.0,0.0,0.0,0.0,0.0,0.0,0.0,1
1789672628.4171958,speech,205,5,0.0,303965.15625,1154894.5,0.0,0.0,0.0,0.0,0.0,0.0,0.0,0.0,0.0,0.0,0.0,30353.3671875,1223854.375,1
1789672628.5278926,speech,148,4,0.0,0.0,0.0,0.0,0.0,0.0,1753911.125,15477.6708984375,485818.09375,856087.75,0.0,0.0,0.0,0.0,0.0,0.0,1
1789672628.592175,speech,185,11,0.0,0.0,88851328.0,0.0,16197254.0,0.0,0.0,0.0,0.0,0.0,0.0,4845505.0,2264115.75,256275.5,9376.3720703125,113117.6328125,1
1789672628.6573267,speech,183,3,0.0,0.0,0.0,0.0,0.0,37211.19921875,0.0,0.0,0.0,0.0,0.0,0.0,0.0,131685.453125,0.0,0.0,1
1789672629.4154465,speech,156,9,123095040.0,209141.5625,0.0,0.0,588218.5625,27046.751953125,0.0,438363.5625,0.0,121367.6484375,0.0,0.0,0.0,0.0,0.0,0.0,1
1789672629.4165204,speech,212,4,0.0,500181.3125,4834246.0,0.0,0.0,0.0,0.0,0.0,0.0,0.0,0.0,0.0,0.0,23880.96484375,0.0,0.0,1
1789672629.4787083,speech,187,10,0.0,1813515.125,502548352.0,0.0,0.0,0.0,0.0,0.0,0.0,0.0,0.0,0.0,0.0,9102227.0,11694408.0,98488.25,1
1789672629.543412,speech,187,7,0.0,340874.75,0.0,357534.96875,0.0,0.0,0.0,0.0,0.0,0.0,0.0,0.0,3841189.25,0.0,1969009.5,525279.75,1
1789672629.590585,speech,187,3,0.0,0.0,0.0,0.0,0.0,0.0,0.0,0.0,0.0,0.0,0.0,139951.34375,0.0,69405.046875,0.0,88821.71875,1
1789672629.6680696,speech,131,3,14611422.0,0.0,0.0,0.0,0.0,0.0,0.0,0.0,0.0,0.0,0.0,0.0,0.0,0.0,0.0,0.0,1
1789672629.7337172,speech,187,7,0.0,0.0,92293712.0,3942824.0,9249818.0,0.0,0.0,0.0,0.0,0.0,0.0,0.0,0.0,0.0,52358.8125,89014.71875,1
1789672629.7345989,speech,145,9,89970056.0,0.0,0.0,0.0,0.0,0.0,0.0,0.0,0.0,0.0,12654432.0,72608352.0,139562.453125,0.0,0.0,0.0,1
1789672629.7978654,speech,202,8,0.0,0.0,72434752.0,585808.625,0.0,0.0,0.0,0.0,0.0,0.0,0.0,0.0,2170732.25,0.0,112595.375,109359.7578125,1
1789672629.90899,speech,333,4,0.0,0.0,54286916.0,15278.20703125,0.0,0.0,0.0,0.0,0.0,0.0,0.0,0.0,31119.744140625,0.0,0.0,0.0,1
1789672629.9655824,speech,133,10,11175037.0,0.0,0.0,0.0,0.0,0.0,0.0,2544529.0,15024673.0,11727730.0,13106348.0,10644573.0,0.0,0.0,0.0,0.0,1
1789672630.0192666,speech,119,4,0.0,0.0,0.0,0.0,0.0,0.0,0.0,0.0,15952674.0,9346010.0,21033278.0,20162592.0,0.0,0.0,0.0,0.0,1
1789672630.6801183,speech,162,4,184793680.0,799463.9375,0.0,0.0,0.0,0.0,0.0,0.0,0.0,0.0,0.0,0.0,0.0,0.0,29599.47265625,0.0,1
1789672630.6809318,speech,202,9,0.0,0.0,9913409.0,203462.140625,28320.90625,0.0,0.0,0.0,0.0,0.0,0.0,0.0,0.0,28218.908203125,370840.78125,1269597.75,1
1789672630.7501154,speech,194,6,0.0,0.0,337870624.0,0.0,0.0,0.0,0.0,0.0,0.0,0.0,0.0,0.0,6463165.5,0.0,5050330.5,23552656.0,1
1789672630.7509253,speech,136,3,0.0,0.0,0.0,0.0,0.0,0.0,0.0,0.0,137726464.0,230230640.0,0.0,0.0,0.0,0.0,0.0,0.0,1
1789672630.8132145,speech,194,7,0.0,391570.8125,52739480.0,0.0,0.0,0.0,0.0,159426.8125,0.0,0.0,0.0,0.0,5686833.0,0.0,11138501.0,8974488.0,1
1789672630.875317,speech,347,4,0.0,0.0,283860064.0,0.0,0.0,0.0,0.0,0.0,0.0,0.0,0.0,718080.8125,0.0,0.0,0.0,0.0,1
1789672631.3128896,speech,177,12,29994132.0,0.0,25543248.0,4589852.5,799227.25,0.0,0.0,0.0,0.0,0.0,0.0,0.0,37690.95703125,84024.6171875,47524.078125,177426.1875,1
1789672631.3777928,speech,195,14,0.0,1228868.375,182019648.0,1508703.25,0.0,56208.5625,0.0,0.0,0.0,0.0,0.0,0.0,33005204.0,22330202.0,2166970.75,1405962.0,1
1789672631.4438627,speech,195,4,0.0,0.0,0.0,163389.0625,0.0,0.0,0.0,0.0,0.0,0.0,0.0,422917.75,0.0,233648.234375,0.0,0.0,1
1789672631.444837,speech,97,3,0.0,0.0,0.0,0.0,0.0,0.0,0.0,0.0,19513858.0,2244925.0,0.0,0.0,0.0,0.0,0.0,0.0,1
1789672631.4974113,speech,97,4,0.0,0.0,0.0,0.0,0.0,0.0,0.0,63951.58984375,9830326.0,3087169.25,0.0,0.0,0.0,0.0,0.0,0.0,1
1789672634.7609732,speech,192,17,59093368.0,42006596.0,0.0,0.0,0.0,0.0,4245674.0,209496608.0,113813120.0,0.0,29699132.0,0.0,35570040.0,8839896.0,18235960.0,14801766.0,1
1789672634.821002,speech,195,13,0.0,38783532.0,2712729.5,0.0,0.0,13683052.0,145666752.0,0.0,0.0,2649679.0,9447285.0,0.0,0.0,10633891.0,45884184.0,13510940.0,1
1789672635.329749,speech,174,8,138450.15625,0.0,177572.15625,0.0,0.0,0.0,592168064.0,143238.359375,0.0,0.0,0.0,0.0,0.0,0.0,10837580.0,0.0,1
1789672635.55135,speech,180,14,0.0,110492544.0,7497854.5,0.0,0.0,1179122.25,298818400.0,13878306.0,0.0,0.0,478703.4375,18457320.0,0.0,0.0,328141312.0,0.0,1
1789672635.6218367,speech,188,11,0.0,0.0,0.0,0.0,0.0,31724308.0,0.0,77328056.0,1866595.25,14858564.0,75602304.0,4597841.0,35164336.0,73128176.0,0.0,88312800.0,1
1789672636.2788916,speech,201,18,0.0,33393502.0,153283344.0,0.0,442647.59375,110250808.0,62954148.0,44677052.0,7386387.0,17584236.0,0.0,0.0,539137.625,4890521.0,0.0,4120391.0,1
1789672636.3386972,speech,203,12,0.0,27984132.0,179276160.0,0.0,0.0,0.0,0.0,69265752.0,14754748.0,0.0,0.0,0.0,430795.4375,2336987.5,157343.0625,4963006.5,1
1789672636.4024563,speech,186,13,1554398.5,0.0,180917088.0,0.0,0.0,19001866.0,52335572.0,0.0,0.0,0.0,1740072.875,17191320.0,184904.84375,0.0,387689.40625,0.0,1
1789672636.4774656,speech,186,5,0.0,0.0,12303056.0,0.0,0.0,0.0,11587658.0,0.0,0.0,0.0,0.0,0.0,0.0,0.0,7456.119140625,0.0,1
1789672636.5234053,speech,221,4,58792372.0,0.0,0.0,0.0,0.0,0.0,0.0,0.0,0.0,0.0,0.0,0.0,0.0,0.0,4466.5068359375,0.0,1
1789672636.5244513,speech,186,5,0.0,0.0,0.0,0.0,0.0,0.0,16299082.0,0.0,715994.4375,0.0,0.0,11008.9296875,0.0,0.0,0.0,32156.26953125,1
1789672636.6376984,speech,11,7,0.0,0.0,79391904.0,0.0,9209143.0,0.0,0.0,0.0,0.0,0.0,0.0,53774.51171875,1665682.25,0.0,0.0,0.0,1
1789672636.6385338,speech,209,3,75030272.0,0.0,0.0,0.0,0.0,0.0,0.0,0.0,7744624.5,0.0,0.0,0.0,0.0,0.0,0.0,0.0,1
1789672636.7079005,speech,260,6,134796000.0,0.0,0.0,0.0,0.0,0.0,0.0,597436.125,0.0,0.0,0.0,0.0,0.0,4597.41162109375,0.0,11517.3017578125,1
1789672636.772782,speech,217,3,0.0,0.0,0.0,0.0,0.0,0.0,0.0,816228.75,38210232.0,0.0,0.0,0.0,0.0,0.0,0.0,0.0,1
1789672636.7736416,speech,182,11,0.0,0.0,0.0,0.0,0.0,377296.8125,22465576.0,0.0,0.0,0.0,0.0,0.0,43757060.0,3369437.75,503901.0,63679.7890625,1
1789672636.837212,speech,173,11,0.0,0.0,0.0,0.0,0.0,901012.375,15570360.0,1635510.875,0.0,0.0,0.0,42570280.0,85657896.0,1182717.5,1014405.1875,0.0,1
1789672636.9037058,speech,173,3,0.0,276995.75,0.0,0.0,0.0,72862.625,0.0,0.0,0.0,0.0,413362.28125,0.0,0.0,0.0,0.0,0.0,1
1789672636.960946,speech,238,3,52021996.0,0.0,0.0,0.0,0.0,0.0,0.0,0.0,0.0,0.0,0.0,0.0,0.0,0.0,0.0,0.0,1
1789672637.0164201,speech,217,4,0.0,0.0,0.0,0.0,0.0,0.0,0.0,870015.75,32527208.0,0.0,0.0,0.0,0.0,0.0,0.0,11009.3994140625,1
1789672637.078353,speech,192,12,608946.5625,0.0,0.0,0.0,0.0,0.0,19489302.0,372091.96875,7729009.0,0.0,12539714.0,0.0,0.0,0.0,1128700.25,19664.390625,1
1789672638.2726297,speech,178,12,0.0,0.0,5514214.0,29505528.0,0.0,30354716.0,0.0,53718024.0,0.0,4140375.5,4536215.0,0.0,9634730.0,14103440.0,26499470.0,0.0,1
1789672638.5562901,speech,185,9,0.0,121974912.0,11893687.0,0.0,0.0,44457140.0,4077804.25,0.0,0.0,0.0,31193.685546875,0.0,0.0,0.0,14778483.0,7774789.5,1
1789672638.6253703,speech,213,8,0.0,0.0,419741216.0,0.0,0.0,0.0,1019008.0625,2641883.25,2640889.5,726361.75,0.0,0.0,408278.40625,0.0,0.0,18022388.0,1
1789672640.2997484,speech,187,12,597348.0625,19724302.0,0.0,0.0,0.0,0.0,366537504.0,0.0,9654970.0,9284874.0,0.0,16564461.0,0.0,5325215.0,5413767.0,1723423.5,1
1789672640.8668826,speech,180,11,65212212.0,105527840.0,29954996.0,127225216.0,0.0,0.0,0.0,15551922.0,95703248.0,604722.3125,0.0,0.0,7313089.5,0.0,0.0,0.0,1
1789672640.9258335,speech,186,15,0.0,0.0,0.0,61395316.0,0.0,0.0,3155396.0,55850224.0,192687728.0,2233896.5,81528208.0,4790431.0,16991610.0,12086794.0,0.0,0.0,1
1789672641.058615,speech,186,4,0.0,0.0,0.0,0.0,0.0,0.0,238835.359375,97057.828125,0.0,33337.828125,0.0,0.0,0.0,0.0,31296.390625,0.0,1
1789672641.1062443,speech,186,3,10657062.0,0.0,0.0,0.0,0.0,0.0,0.0,0.0,0.0,0.0,0.0,0.0,509604.78125,0.0,0.0,0.0,1
1789672641.1069965,speech,357,5,0.0,291605.15625,0.0,2567999.75,0.0,0.0,0.0,3114368.0,19024146.0,0.0,0.0,0.0,0.0,0.0,0.0,0.0,1
1789672641.5000148,speech,224,7,51213736.0,504995.03125,0.0,0.0,0.0,0.0,0.0,0.0,4778844.0,0.0,0.0,0.0,0.0,256674.3125,0.0,0.0,1
1789672641.6604137,speech,255,3,26357234.0,0.0,0.0,0.0,0.0,0.0,0.0,0.0,0.0,5493.5458984375,0.0,0.0,0.0,0.0,0.0,0.0,1
1789672641.7202334,speech,244,3,13004961.0,0.0,0.0,0.0,0.0,0.0,0.0,0.0,0.0,0.0,0.0,0.0,0.0,0.0,0.0,0.0,1
1789672644.0638762,speech,219,3,117206080.0,0.0,0.0,0.0,0.0,0.0,0.0,0.0,0.0,0.0,0.0,0.0,0.0,0.0,0.0,0.0,1
1789672644.130926,speech,212,6,174156640.0,4166594.5,1012389.125,707360.5,0.0,0.0,0.0,0.0,0.0,0.0,0.0,0.0,0.0,0.0,0.0,0.0,1
1789672645.3634427,speech,216,4,9676981.0,0.0,0.0,0.0,0.0,0.0,0.0,0.0,0.0,248303.40625,428146.1875,0.0,0.0,8374.375,0.0,0.0,1
1789672646.8818717,speech,174,13,0.0,5565041.5,0.0,91915528.0,0.0,119568040.0,72439896.0,731376.0,387715.65625,0.0,0.0,1051442.75,750165.375,2828670.5,0.0,0.0,1
1789672646.9437153,speech,59,3,0.0,0.0,334134816.0,341253536.0,0.0,0.0,0.0,0.0,0.0,0.0,0.0,14301.400390625,0.0,0.0,0.0,0.0,1
1789672646.944486,speech,216,6,84056264.0,17944022.0,0.0,0.0,0.0,0.0,0.0,0.0,363272.90625,0.0,811505.375,0.0,0.0,232395.328125,0.0,0.0,1
1789672649.100479,speech,215,3,97925520.0,0.0,0.0,0.0,0.0,0.0,0.0,0.0,0.0,0.0,0.0,0.0,0.0,0.0,0.0,0.0,1
1789672649.1013422,speech,140,4,0.0,0.0,0.0,0.0,17930920.0,0.0,0.0,0.0,0.0,0.0,0.0,57954.8828125,0.0,0.0,0.0,0.0,1
1789672650.6194382,speech,186,13,0.0,13570088.0,0.0,46998824.0,0.0,0.0,1710618368.0,45386480.0,78408464.0,144708576.0,115302280.0,0.0,0.0,84295320.0,0.0,0.0,1
1789672650.6822746,speech,186,4,0.0,8158935.0,44890128.0,0.0,0.0,0.0,0.0,0.0,0.0,0.0,0.0,0.0,0.0,2162921.5,0.0,0.0,1
1789672652.7722921,speech,202,20,33219246.0,8024055.5,237185152.0,33965328.0,0.0,0.0,0.0,0.0,63999584.0,31986700.0,27061820.0,4686895.0,96798.6953125,154338.984375,0.0,0.0,1
1789672652.8409069,speech,168,8,0.0,0.0,0.0,0.0,12779599.0,3285344256.0,1266929664.0,0.0,12514816.0,0.0,0.0,0.0,648287.3125,15867924.0,342787.65625,0.0,1
1789672652.9107668,speech,186,8,103697080.0,0.0,0.0,0.0,0.0,3089234944.0,711675520.0,0.0,0.0,0.0,0.0,0.0,0.0,8446941.0,808745.0625,0.0,1
1789672652.9774034,speech,186,3,0.0,0.0,0.0,0.0,0.0,0.0,0.0,0.0,0.0,0.0,21364248.0,0.0,0.0,0.0,28874.61328125,0.0,1
1789672653.436241,speech,180,12,0.0,0.0,4390302.5,0.0,0.0,516834016.0,0.0,331471168.0,61736600.0,0.0,0.0,52895836.0,39946932.0,150012928.0,5645364.5,0.0,1
1789672653.4969811,speech,180,12,95656192.0,18627820.0,6997517.5,0.0,0.0,198762272.0,0.0,0.0,23897072.0,240950912.0,0.0,0.0,0.0,40004540.0,35626040.0,0.0,1
1789672653.546378,speech,184,20,81578464.0,0.0,14480693.0,105902832.0,0.0,256083872.0,240315120.0,750743296.0,0.0,255588608.0,40255304.0,229908048.0,12947826.0,261692544.0,19159180.0,0.0,1
1789672653.6124673,speech,204,6,0.0,0.0,0.0,0.0,0.0,339856192.0,52245352.0,0.0,5546249.0,0.0,0.0,0.0,0.0,49685576.0,0.0,0.0,1
1789672654.1320252,speech,196,20,210862560.0,0.0,2407629824.0,101059184.0,0.0,0.0,11634727.0,4256108.5,0.0,2713468.75,99951.375,2175106.25,0.0,3304749.75,0.0,0.0,1
1789672654.190571,speech,195,4,52376604.0,7363654.0,1065545856.0,112785552.0,0.0,0.0,0.0,0.0,0.0,0.0,0.0,0.0,0.0,0.0,0.0,0.0,1
1789672655.9718418,speech,184,14,0.0,15106875.0,0.0,0.0,25914502.0,1470278.875,9430568.0,0.0,5062428.0,0.0,0.0,417449.46875,1148368.5,272625.59375,303801.21875,8247.3330078125,1
1789672655.9728096,speech,255,3,83693896.0,0.0,0.0,0.0,0.0,0.0,0.0,0.0,0.0,0.0,0.0,0.0,0.0,0.0,0.0,0.0,1
1789672656.6019304,speech,181,19,0.0,7647273.5,32504086.0,0.0,0.0,272460224.0,288101504.0,35910016.0,5571823.0,163132.375,0.0,0.0,696078.875,26030678.0,405205.625,32644862.0,1
1789672656.661681,speech,181,14,0.0,0.0,0.0,0.0,0.0,60410368.0,2592711.0,146044192.0,15911389.0,0.0,1899764.25,79503352.0,192453.96875,64582204.0,0.0,0.0,1
1789672656.7102811,speech,181,9,0.0,15384322.0,0.0,0.0,0.0,55979896.0,1236152.75,0.0,0.0,0.0,0.0,57181408.0,674813.3125,82693000.0,0.0,0.0,1
1789672656.7558668,speech,178,9,0.0,1254445.625,0.0,0.0,0.0,763716736.0,23348900.0,222589984.0,0.0,0.0,4376811.5,0.0,0.0,23356534.0,1642635.75,0.0,1
1789672657.2338574,speech,183,15,74297520.0,55225052.0,0.0,0.0,0.0,659685056.0,23478870.0,91133944.0,0.0,0.0,4425061.0,10875842.0,4606981.0,2129024.5,0.0,0.0,1
1789672657.2937791,speech,179,16,77849216.0,46329352.0,36250048.0,0.0,0.0,915884928.0,38821432.0,70396480.0,0.0,0.0,288739.125,0.0,8375011.0,617151.125,7198806.0,689979.0625,1
1789672659.2917917,speech,193,6,0.0,0.0,332529728.0,0.0,0.0,0.0,0.0,0.0,10865792.0,506482.46875,0.0,1580537.25,0.0,0.0,0.0,710832.0,1
1789672659.35789,speech,193,9,0.0,0.0,0.0,0.0,0.0,0.0,12220024.0,0.0,2728889.0,1382749.375,0.0,673120.875,4864702.0,0.0,4408166.5,0.0,1
1789672659.3589685,speech,243,4,109143120.0,0.0,0.0,0.0,0.0,0.0,0.0,0.0,0.0,0.0,0.0,0.0,791154.375,0.0,0.0,0.0,1
1789672659.4829712,speech,8,4,0.0,0.0,214598720.0,0.0,0.0,0.0,0.0,0.0,0.0,0.0,140858.875,0.0,388394.28125,0.0,0.0,0.0,1
1789672661.663907,speech,239,6,197870208.0,3585628.5,0.0,0.0,0.0,0.0,0.0,0.0,1738713.5,926500.5,0.0,0.0,0.0,0.0,0.0,0.0,1
1789672664.0391572,speech,225,5,44988260.0,0.0,0.0,0.0,0.0,0.0,0.0,0.0,0.0,0.0,624411.375,0.0,0.0,0.0,0.0,0.0,1
1789672664.0399137,speech,320,3,0.0,5827560.0,0.0,0.0,2333493.75,0.0,693574.8125,0.0,0.0,0.0,0.0,0.0,0.0,0.0,0.0,0.0,1
1789672664.6399527,speech,223,10,1246790912.0,27154888.0,57727856.0,74556.515625,0.0,0.0,3149222.75,2193982.0,0.0,2772069.75,0.0,0.0,0.0,0.0,0.0,0.0,1
1789672664.6956844,speech,224,5,1402767872.0,0.0,0.0,0.0,0.0,0.0,0.0,0.0,16398255.0,11325764.0,0.0,0.0,0.0,0.0,0.0,0.0,1
1789672672.4544363,speech,201,20,29867702.0,0.0,938132608.0,35076792.0,0.0,0.0,2589593.0,441024.3125,240182.125,1435604.875,154798.265625,1767487.25,65188.12109375,1350566.75,207620.15625,1965838.125,1
1789672672.5117154,speech,202,8,77549024.0,6278600.0,0.0,0.0,0.0,0.0,0.0,0.0,111998.2421875,477480.3125,0.0,0.0,20541.412109375,123958.1015625,0.0,0.0,1
1789672676.8515258,speech,194,11,0.0,5921065.5,90600784.0,92088032.0,0.0,0.0,4418726.0,13342790.0,0.0,2858085.25,89405.109375,1358761.25,165737.796875,0.0,0.0,0.0,1
1789672677.6745033,speech,200,16,174042272.0,335925696.0,20757200.0,0.0,0.0,1591129.0,1145283.875,1029684.75,366126.875,0.0,151941.953125,215857.953125,73474.1015625,0.0,0.0,19753.025390625,1
1789672677.7344306,speech,195,11,0.0,0.0,132250792.0,0.0,77653.9375,0.0,2367535.5,2768466.5,0.0,0.0,0.0,860347.0625,0.0,378869.5625,0.0,179886.78125,1
1789672677.7984698,speech,223,4,930223424.0,0.0,0.0,0.0,0.0,0.0,0.0,0.0,169969.5,0.0,0.0,0.0,0.0,0.0,0.0,0.0,1
1789672678.591577,speech,193,18,0.0,0.0,181398336.0,2744388.0,0.0,0.0,49709840.0,70831984.0,0.0,59898576.0,5509896.5,9223306.0,254165.546875,220171.09375,0.0,506303.0625,1
1789672678.6496634,speech,194,18,23213880.0,0.0,443949088.0,20877026.0,0.0,0.0,340004928.0,0.0,7105628.0,54130928.0,4298147.5,259687536.0,0.0,3474233.5,0.0,570464.25,1
1789672678.9092712,speech,233,6,569824128.0,0.0,0.0,0.0,0.0,0.0,1796350.0,0.0,66619.171875,0.0,0.0,0.0,0.0,0.0,0.0,0.0,1
1789672680.077063,speech,167,6,0.0,0.0,0.0,0.0,0.0,0.0,296095168.0,0.0,0.0,0.0,0.0,0.0,0.0,5205807.0,336355.9375,0.0,1
1789672680.1304662,speech,148,4,0.0,0.0,0.0,1770267.625,278934016.0,0.0,234045824.0,0.0,0.0,0.0,0.0,0.0,0.0,0.0,0.0,0.0,1
1789672680.131384,speech,195,14,42121872.0,811231.625,0.0,0.0,0.0,3319709.75,0.0,0.0,0.0,0.0,453161.0,4726754.0,169796.53125,6682890.5,236976.984375,304574.8125,1
1789672680.3633764,speech,216,7,367867712.0,0.0,7211617.0,0.0,0.0,0.0,0.0,0.0,0.0,21087.08203125,0.0,0.0,0.0,0.0,0.0,0.0,1
1789672680.422031,speech,235,3,453400032.0,0.0,0.0,0.0,0.0,0.0,0.0,0.0,0.0,0.0,0.0,0.0,0.0,0.0,0.0,0.0,1
1789672682.7372828,speech,151,3,0.0,0.0,0.0,0.0,211659936.0,0.0,0.0,0.0,0.0,0.0,0.0,0.0,0.0,0.0,0.0,0.0,1
1789672682.7382677,speech,205,17,26665828.0,97668.2109375,98223672.0,5442833.5,0.0,0.0,742236.6875,0.0,2799146.5,8694490.0,392367.5625,0.0,351907.0,3970396.25,22523.99609375,0.0,1
1789672686.43545,speech,188,9,140117520.0,1017335040.0,0.0,1917861.0,0.0,0.0,2175788.5,0.0,0.0,0.0,0.0,0.0,0.0,825527.1875,0.0,0.0,1
1789672686.4985256,speech,206,6,201151136.0,1922876928.0,0.0,0.0,0.0,0.0,0.0,0.0,0.0,0.0,0.0,424932.4375,0.0,0.0,0.0,64941.109375,1
1789672686.594067,speech,206,4,95156720.0,0.0,2789729.25,0.0,97398.828125,0.0,0.0,0.0,0.0,0.0,0.0,0.0,0.0,0.0,0.0,0.0,1
1789672689.2196715,speech,227,3,16076625.0,0.0,0.0,0.0,0.0,0.0,0.0,0.0,0.0,0.0,0.0,0.0,0.0,9060.65234375,10149.13671875,0.0,1
1789672689.947793,speech,250,3,141156976.0,0.0,0.0,0.0,0.0,0.0,0.0,0.0,0.0,0.0,0.0,0.0,0.0,0.0,0.0,0.0,1
1789672692.2889638,speech,329,4,0.0,11694035.0,0.0,18099940.0,174711168.0,0.0,0.0,0.0,0.0,0.0,0.0,0.0,0.0,0.0,0.0,0.0,1
1789672692.4436018,speech,332,4,0.0,2078089.125,36249172.0,0.0,673774016.0,0.0,0.0,0.0,0.0,815640.375,0.0,0.0,0.0,0.0,0.0,0.0,1
1789672692.542733,speech,197,5,0.0,5456761.5,72384328.0,77153568.0,0.0,0.0,297904.875,3567073.25,0.0,0.0,0.0,0.0,0.0,0.0,0.0,0.0,1
1789672692.5436728,speech,249,4,166560576.0,0.0,0.0,0.0,0.0,0.0,0.0,0.0,200757.625,0.0,0.0,0.0,51424.58203125,0.0,0.0,0.0,1
1789672693.4209075,speech,249,4,1240719232.0,0.0,0.0,0.0,0.0,0.0,0.0,0.0,0.0,0.0,0.0,104287.9375,0.0,0.0,0.0,0.0,1
1789672699.5957055,speech,254,4,1604513792.0,0.0,0.0,0.0,0.0,0.0,0.0,0.0,0.0,0.0,0.0,37770.2578125,0.0,0.0,0.0,0.0,1
1789672709.8497539,speech,187,9,0.0,0.0,1012535808.0,0.0,74316776.0,0.0,37902772.0,0.0,0.0,0.0,0.0,0.0,321258.84375,42355.1015625,0.0,52883.359375,1
1789672709.9101703,speech,257,4,570855488.0,1349614.875,0.0,2724278.0,0.0,0.0,0.0,0.0,0.0,0.0,0.0,0.0,0.0,0.0,0.0,0.0,1
1789672709.9111042,speech,187,8,0.0,0.0,0.0,5387283.0,0.0,0.0,330710016.0,9292020.0,0.0,0.0,0.0,48656.34375,24873.66796875,186370.765625,0.0,0.0,1
1789672710.5773861,speech,168,8,0.0,0.0,0.0,0.0,0.0,48617936.0,121238616.0,0.0,0.0,0.0,0.0,9257866.0,2805934.0,142338480.0,0.0,0.0,1
1789672710.6409445,speech,200,3,0.0,0.0,0.0,0.0,265244544.0,0.0,0.0,0.0,0.0,0.0,0.0,0.0,0.0,0.0,0.0,9565487.0,1
1789672710.6419194,speech,27,3,0.0,0.0,0.0,0.0,0.0,0.0,0.0,0.0,0.0,20224952.0,15207236.0,0.0,0.0,0.0,0.0,0.0,1
1789672712.6368246,speech,214,3,197071216.0,0.0,0.0,0.0,0.0,0.0,0.0,0.0,0.0,0.0,0.0,0.0,0.0,0.0,0.0,0.0,1
1789672712.6377099,speech,27,5,0.0,0.0,59376588.0,0.0,0.0,0.0,0.0,0.0,0.0,373188.6875,0.0,0.0,0.0,8549.6884765625,0.0,0.0,1
1789672712.6997607,speech,214,6,302562688.0,0.0,0.0,0.0,0.0,0.0,0.0,0.0,10925660.0,1053058.125,1504410.375,0.0,0.0,0.0,0.0,0.0,1
1789672716.5592833,speech,239,9,129855832.0,0.0,0.0,0.0,0.0,0.0,0.0,576507.5,15381412.0,2187896.0,0.0,0.0,0.0,0.0,283540.90625,105966.609375,1
1789672716.6174026,speech,198,9,0.0,0.0,2196399104.0,0.0,0.0,5643936.0,85493632.0,0.0,0.0,475966.84375,2033165.875,0.0,0.0,20561.6484375,0.0,0.0,1
1789672716.680084,speech,210,9,92081184.0,625433152.0,0.0,4506643.0,0.0,0.0,0.0,0.0,0.0,81370224.0,60544916.0,0.0,0.0,1312940.25,69134.2734375,0.0,1
1789672717.5090601,speech,216,16,4054289.0,3152032.75,50584376.0,0.0,0.0,0.0,209473248.0,2861830.0,17995152.0,806325.0625,0.0,0.0,0.0,25658356.0,75500256.0,5133086.0,1
1789672717.567452,speech,232,15,102796560.0,0.0,21178012.0,0.0,0.0,0.0,286383360.0,6560742.0,31788514.0,38683704.0,0.0,0.0,0.0,0.0,54840832.0,155964704.0,1
1789672717.629896,speech,242,8,174692768.0,0.0,0.0,0.0,373452288.0,0.0,54058888.0,0.0,14655872.0,0.0,0.0,0.0,0.0,0.0,642120.5625,0.0,1
1789672718.396835,speech,225,19,0.0,1743566.375,0.0,0.0,0.0,0.0,1304805888.0,26228490.0,35200972.0,10778949.0,0.0,14694662.0,66529072.0,48366844.0,183331520.0,12026042.0,1
1789672718.4587517,speech,224,8,0.0,0.0,0.0,0.0,0.0,143514432.0,755283968.0,0.0,0.0,0.0,0.0,24837116.0,18492756.0,0.0,117108232.0,0.0,1
1789672718.5152757,speech,222,11,52863616.0,6433411.5,0.0,0.0,0.0,124949328.0,696134912.0,0.0,0.0,31777450.0,0.0,0.0,0.0,1306796.375,5976740.5,138555984.0,1
1789672719.5660322,speech,207,6,532108832.0,138891136.0,0.0,0.0,0.0,31017628.0,34059400.0,31602876.0,0.0,0.0,0.0,0.0,0.0,0.0,0.0,0.0,1
1789672719.6769466,speech,203,9,454431744.0,0.0,375148384.0,0.0,10765564.0,0.0,0.0,4995942.0,0.0,757098.3125,10211834.0,0.0,0.0,167319.5,0.0,21091.126953125,1
1789672719.6776636,speech,346,3,0.0,1246474368.0,0.0,0.0,0.0,15855742.0,0.0,0.0,0.0,0.0,0.0,0.0,0.0,0.0,0.0,0.0,1
1789672720.2611694,speech,180,14,1336079.125,59214432.0,48937532.0,43890504.0,0.0,298340288.0,84275296.0,25576890.0,0.0,764337.625,0.0,1867049.125,25543440.0,80239424.0,0.0,0.0,1
1789672720.3224037,speech,172,9,1445808.125,0.0,0.0,69083576.0,789511552.0,0.0,949776128.0,0.0,23313700.0,0.0,0.0,9585196.0,0.0,0.0,14363326.0,0.0,1
1789672720.3885114,speech,214,9,45518456.0,10130058.0,0.0,0.0,0.0,253664704.0,947509952.0,38212392.0,0.0,1020682.75,0.0,0.0,0.0,0.0,0.0,25515318.0,1
1789672720.3893328,speech,164,5,0.0,0.0,0.0,0.0,1454026880.0,0.0,12381508.0,0.0,5492475.0,0.0,0.0,0.0,0.0,0.0,0.0,0.0,1
1789672720.9911902,speech,216,10,34783680.0,39058416.0,0.0,0.0,0.0,46601628.0,670132736.0,158622144.0,100203888.0,47377376.0,0.0,0.0,0.0,0.0,0.0,0.0,1
1789672720.9920573,speech,168,4,0.0,0.0,0.0,0.0,193291008.0,0.0,0.0,0.0,3335536.75,0.0,0.0,0.0,341384288.0,0.0,0.0,0.0,1
1789672721.0623808,speech,226,4,18373686.0,0.0,0.0,0.0,0.0,51234496.0,1631424640.0,0.0,0.0,0.0,0.0,0.0,0.0,0.0,0.0,0.0,1
1789672721.653758,speech,197,11,2108682.0,25243846.0,0.0,0.0,0.0,0.0,742834624.0,19343120.0,26380210.0,3263498.5,0.0,0.0,0.0,45406596.0,0.0,10874658.0,1
1789672726.2093422,speech,189,15,112405792.0,0.0,958369920.0,9071734.0,0.0,0.0,0.0,7204818.0,0.0,0.0,2567911.0,91174168.0,309874.0,1266544.25,0.0,0.0,1
1789672726.269894,speech,197,12,319915808.0,9029790.0,886262528.0,0.0,0.0,0.0,0.0,0.0,0.0,4628971.0,27033756.0,5319523.0,67515208.0,661066.25,0.0,0.0,1
1789672726.3353865,speech,197,6,0.0,90750704.0,397559296.0,0.0,0.0,0.0,0.0,0.0,0.0,78254416.0,0.0,36690556.0,0.0,87445808.0,0.0,0.0,1
1789672726.3857155,speech,189,6,0.0,0.0,82107728.0,389923712.0,0.0,0.0,0.0,0.0,0.0,0.0,5334418.0,0.0,0.0,0.0,0.0,9800808.0,1
1789672726.7490532,speech,185,11,6185771.0,8945939.0,114212608.0,301667.9375,0.0,0.0,0.0,0.0,0.0,0.0,0.0,2250784.0,802819.4375,60079.0546875,0.0,0.0,1
1789672726.8131537,speech,190,11,255652944.0,115275816.0,2057565568.0,0.0,0.0,0.0,0.0,0.0,0.0,0.0,0.0,1530749.75,0.0,503154.25,0.0,0.0,1
1789672726.8780584,speech,179,12,533393536.0,0.0,105427080.0,0.0,0.0,643219328.0,39045036.0,88378720.0,0.0,3641036.75,0.0,1685515.875,0.0,107341.4921875,96521.46875,0.0,1
1789672727.475521,speech,197,8,2978953.75,10001938.0,109030944.0,0.0,0.0,0.0,0.0,0.0,0.0,0.0,0.0,80031.9921875,25375.419921875,130409.8359375,77881.796875,0.0,1
1789672727.5348163,speech,152,8,0.0,0.0,0.0,0.0,198464448.0,0.0,0.0,0.0,95065248.0,960197.4375,11479705.0,255920.109375,0.0,0.0,0.0,143930.71875,1
1789672727.600348,speech,205,5,20019400.0,0.0,170201456.0,0.0,0.0,0.0,0.0,0.0,0.0,0.0,0.0,0.0,20233470.0,0.0,0.0,0.0,1
1789672727.649621,speech,152,5,15208485.0,0.0,0.0,0.0,0.0,0.0,0.0,65007632.0,111097624.0,14291333.0,0.0,0.0,0.0,0.0,0.0,0.0,1
1789672728.106545,speech,142,11,81402704.0,0.0,13224773.0,816212800.0,145000768.0,0.0,28647446.0,13992560.0,3485487.25,5709518.5,0.0,0.0,0.0,0.0,0.0,0.0,1
1789672728.1655543,speech,149,10,77479408.0,0.0,0.0,0.0,227095184.0,3082589440.0,0.0,0.0,0.0,47676244.0,0.0,0.0,0.0,0.0,0.0,0.0,1
1789672728.2279003,speech,144,5,1069377.25,0.0,0.0,0.0,0.0,0.0,0.0,798555008.0,687882240.0,0.0,1172442.5,0.0,0.0,0.0,0.0,0.0,1
1789672728.2915378,speech,184,11,82671304.0,22618444.0,0.0,0.0,0.0,0.0,0.0,0.0,0.0,106515712.0,0.0,278697856.0,3768946.5,144972384.0,4348706.0,0.0,1
1789672728.3551264,speech,149,5,0.0,0.0,0.0,21245160.0,5382177.0,0.0,336079648.0,0.0,22950008.0,0.0,0.0,0.0,0.0,0.0,27168372.0,0.0,1
1789672728.8680654,speech,211,5,0.0,629751808.0,0.0,0.0,0.0,0.0,0.0,0.0,0.0,0.0,667026.875,475571.09375,0.0,0.0,0.0,0.0,1
1789672728.8690643,speech,155,12,0.0,0.0,0.0,0.0,30677888.0,661769.9375,12889284.0,46968864.0,65745932.0,5034589.0,0.0,0.0,0.0,0.0,0.0,5142.96044921875,1
1789672728.9382002,speech,150,5,68218504.0,57232808.0,0.0,0.0,39233692.0,0.0,0.0,0.0,0.0,0.0,0.0,39955.71484375,0.0,94138.359375,0.0,0.0,1
1789672730.162531,speech,194,11,55548684.0,1329431.25,899016064.0,119848520.0,0.0,0.0,0.0,0.0,0.0,0.0,0.0,473012.3125,0.0,1333670.25,0.0,536355.125,1
1789672730.227701,speech,157,9,0.0,0.0,0.0,0.0,0.0,0.0,2441832448.0,699044672.0,11856229.0,384744544.0,0.0,0.0,0.0,0.0,1750915.875,0.0,1
1789672730.2284353,speech,192,10,119856744.0,0.0,0.0,0.0,0.0,0.0,0.0,0.0,0.0,0.0,0.0,117342600.0,1763203.375,166080768.0,0.0,0.0,1
1789672730.3041308,speech,137,8,0.0,0.0,0.0,0.0,324802400.0,15596577.0,977989184.0,168200464.0,179377472.0,311377504.0,0.0,0.0,0.0,0.0,0.0,0.0,1
1789672730.3676493,speech,341,7,0.0,0.0,35112472.0,0.0,40688044.0,0.0,209744896.0,22239900.0,0.0,18418182.0,0.0,0.0,0.0,0.0,0.0,0.0,1
1789672731.0157099,speech,150,12,78751376.0,0.0,0.0,248764720.0,0.0,1887534208.0,206684448.0,113608560.0,0.0,86940840.0,0.0,115763.9140625,0.0,0.0,79278912.0,0.0,1
1789672731.0742953,speech,151,10,0.0,0.0,0.0,0.0,172453904.0,152908976.0,2361588992.0,338461120.0,505441248.0,238749312.0,0.0,7305368.0,0.0,0.0,0.0,0.0,1
1789672731.143382,speech,150,8,0.0,0.0,0.0,0.0,271611168.0,114346736.0,0.0,0.0,376518432.0,786088576.0,0.0,0.0,0.0,0.0,0.0,0.0,1
1789672731.7125726,speech,199,8,27940700.0,0.0,669258816.0,0.0,0.0,0.0,0.0,0.0,0.0,0.0,146538.953125,228608.71875,0.0,1136504.125,0.0,0.0,1
1789672731.7830732,speech,199,8,83385840.0,12106511.0,0.0,10796816.0,0.0,0.0,0.0,0.0,0.0,1189783.75,0.0,0.0,4965551.5,2013038.625,0.0,0.0,1
1789672731.827969,speech,200,8,28118162.0,18685376.0,84808120.0,0.0,0.0,0.0,0.0,0.0,397536.125,0.0,0.0,10984567.0,0.0,48294068.0,0.0,0.0,1
1789672731.8934395,speech,152,6,0.0,0.0,0.0,0.0,0.0,1884245248.0,1716146944.0,0.0,14877578.0,0.0,0.0,0.0,0.0,0.0,19740240.0,0.0,1
1789672731.8943114,speech,200,7,27920338.0,0.0,203926336.0,0.0,0.0,0.0,0.0,0.0,0.0,0.0,19764142.0,0.0,36920168.0,26315988.0,0.0,0.0,1
1789672732.5986528,speech,153,6,0.0,0.0,0.0,0.0,0.0,66443212.0,1362268.375,126070896.0,26826206.0,0.0,0.0,0.0,0.0,0.0,226437.21875,0.0,1
1789672732.5995996,speech,214,6,0.0,21564636.0,93673320.0,0.0,0.0,0.0,0.0,0.0,0.0,0.0,429363.3125,14755714.0,0.0,0.0,0.0,0.0,1
1789672732.6664722,speech,157,6,0.0,18414456.0,12488295.0,0.0,0.0,0.0,661962880.0,0.0,85529648.0,19479356.0,0.0,0.0,0.0,0.0,0.0,0.0,1
1789672732.7311172,speech,184,14,25375390.0,0.0,31501912.0,0.0,31668654.0,0.0,11059400.0,105749336.0,0.0,0.0,35099872.0,108809856.0,0.0,17037620.0,44313728.0,5824860.0,1
1789672734.968556,speech,193,3,0.0,0.0,107914288.0,34499060.0,0.0,0.0,0.0,0.0,0.0,0.0,0.0,0.0,0.0,0.0,0.0,0.0,1
1789672735.0358825,speech,327,7,0.0,0.0,0.0,0.0,53189864.0,41165624.0,0.0,0.0,0.0,1640179.5,0.0,81378.2421875,0.0,0.0,0.0,34365.890625,1
1789672735.0972576,speech,197,8,13832626.0,0.0,364326912.0,0.0,0.0,0.0,0.0,36485.87109375,0.0,0.0,1568759.875,317308.0,0.0,173504.1875,0.0,18294.908203125,1
1789672735.1613417,speech,218,8,293260160.0,540388.1875,2091956352.0,0.0,0.0,0.0,0.0,0.0,0.0,0.0,1607850.375,0.0,0.0,0.0,0.0,0.0,1
1789672735.2249138,speech,218,6,0.0,187942.28125,0.0,789052.875,0.0,0.0,0.0,0.0,0.0,14475.419921875,3689848.75,240638.78125,2897945.0,0.0,0.0,0.0,1
1789672736.394757,speech,195,13,25358692.0,0.0,114330960.0,0.0,0.0,0.0,0.0,0.0,0.0,259620.6875,1744028.0,4962651.0,359491.5,5151431.5,0.0,0.0,1
1789672736.3956077,speech,156,9,0.0,0.0,0.0,0.0,25280244.0,0.0,100060512.0,9569142.0,17066072.0,52137552.0,0.0,0.0,0.0,80365.203125,273137.46875,0.0,1
1789672736.4546497,speech,153,9,0.0,0.0,0.0,734478.875,745840960.0,11137735.0,30610632.0,1416600.0,0.0,52269920.0,0.0,0.0,0.0,0.0,0.0,0.0,1
1789672736.4552846,speech,193,10,68485616.0,0.0,30561298.0,0.0,0.0,0.0,0.0,0.0,688123.625,0.0,1411050.375,2413800.0,2399478.0,7114108.0,0.0,0.0,1
1789672736.5200443,speech,153,3,0.0,0.0,0.0,0.0,0.0,0.0,2288528.5,51459576.0,0.0,16740884.0,0.0,0.0,0.0,0.0,0.0,0.0,1
1789672736.5854244,speech,153,3,0.0,0.0,0.0,1542963.5,0.0,5587064.0,0.0,0.0,0.0,5338099.5,0.0,0.0,0.0,0.0,0.0,0.0,1
1789672736.6359878,speech,183,10,0.0,35927300.0,0.0,197461600.0,0.0,0.0,0.0,0.0,0.0,11932594.0,25069088.0,2220213.75,2213938.5,453586.34375,0.0,0.0,1
1789672737.6568036,speech,154,9,0.0,0.0,0.0,0.0,60508792.0,0.0,28343064.0,1498713.5,0.0,18147592.0,0.0,65529.13671875,0.0,132257.15625,0.0,0.0,1
1789672737.7185342,speech,154,4,0.0,0.0,0.0,0.0,0.0,4905964.5,0.0,0.0,2495994.0,118263.28125,0.0,0.0,0.0,0.0,0.0,736846.9375,1
1789672737.719381,speech,191,4,3758570.5,0.0,6420837.0,0.0,0.0,0.0,0.0,160552.75,0.0,0.0,0.0,83656.1953125,0.0,0.0,0.0,0.0,1
1789672737.7844167,speech,152,5,0.0,0.0,0.0,0.0,0.0,10693568.0,42195640.0,573707.5625,770530.4375,0.0,0.0,0.0,0.0,0.0,0.0,0.0,1
1789672737.7849455,speech,188,10,0.0,0.0,12264069.0,0.0,0.0,0.0,612512.5,0.0,0.0,154787.953125,110984.234375,0.0,7704.5771484375,566859.9375,341762.9375,0.0,1
1789672737.8486872,speech,186,8,0.0,0.0,0.0,0.0,3315631.75,0.0,0.0,0.0,0.0,21086442.0,11754599.0,513767.71875,456336.09375,15620008.0,0.0,0.0,1
1789672737.9127815,speech,160,9,11467123.0,0.0,0.0,0.0,0.0,0.0,0.0,105522848.0,19150450.0,0.0,0.0,0.0,0.0,28855294.0,2373609.0,0.0,1
1789672738.7336183,speech,195,17,18009056.0,2238436.5,359659776.0,17499466.0,0.0,0.0,0.0,0.0,1703260.625,618054.875,4046565.5,988031.0,13699007.0,3546806.5,0.0,0.0,1
1789672738.793756,speech,179,10,26995310.0,0.0,0.0,0.0,0.0,0.0,0.0,101848608.0,39656004.0,54095952.0,0.0,0.0,0.0,128432896.0,9215631.0,0.0,1
1789672738.8581848,speech,179,6,0.0,0.0,0.0,59770764.0,146913472.0,0.0,0.0,0.0,0.0,576033.375,0.0,0.0,0.0,68143440.0,0.0,0.0,1
1789672740.0921445,speech,209,10,61134908.0,0.0,714366976.0,0.0,0.0,0.0,0.0,0.0,0.0,0.0,1973802.375,245280.25,3570737.0,299607.3125,0.0,0.0,1
1789672740.1511376,speech,186,6,97458360.0,0.0,0.0,0.0,0.0,0.0,0.0,0.0,0.0,3056468.0,0.0,16290950.0,8104048.5,0.0,184767.96875,0.0,1
1789672740.9494298,speech,198,6,50828360.0,0.0,14045788.0,0.0,0.0,0.0,0.0,0.0,0.0,0.0,2466977.0,55912.23046875,0.0,0.0,0.0,0.0,1
1789672740.950185,speech,150,7,0.0,0.0,0.0,0.0,0.0,4122923.0,0.0,4242106.5,0.0,316560.9375,0.0,0.0,0.0,0.0,4024909.25,231962.96875,1
1789672741.0197313,speech,153,11,0.0,0.0,0.0,26231732.0,816319168.0,919088.125,199605296.0,36499672.0,101686968.0,6781032.0,0.0,0.0,0.0,0.0,0.0,0.0,1
1789672741.0827215,speech,154,5,0.0,0.0,7114489.0,72435248.0,0.0,0.0,0.0,0.0,178625888.0,0.0,0.0,0.0,0.0,0.0,0.0,0.0,1
1789672742.3074985,speech,200,12,63790156.0,0.0,49736928.0,0.0,0.0,0.0,0.0,0.0,0.0,839634.0,122445.4296875,513948.28125,86174.703125,901223.1875,0.0,0.0,1
1789672742.4359727,speech,161,17,0.0,1373856.375,0.0,131311104.0,597724224.0,221621568.0,421853824.0,54360028.0,25691562.0,0.0,0.0,0.0,0.0,1076528.75,999882.625,600118.9375,1
1789672742.4368625,speech,200,18,71722040.0,15572534.0,181649152.0,0.0,0.0,0.0,0.0,0.0,0.0,12265814.0,2764347.0,4982866.0,926982.0,1297710.125,0.0,0.0,1
1789672742.4814625,speech,170,16,99449536.0,17868938.0,0.0,133984488.0,0.0,42470336.0,1337197184.0,0.0,781457664.0,178363264.0,0.0,0.0,25749096.0,203701664.0,24161130.0,0.0,1
1789672742.545313,speech,173,7,5970788.0,0.0,0.0,100971120.0,0.0,444839072.0,0.0,0.0,58143988.0,0.0,0.0,15263035.0,80996352.0,0.0,0.0,0.0,1
1789672743.1608205,speech,187,14,0.0,0.0,310142240.0,0.0,0.0,0.0,0.0,0.0,0.0,9812140.0,16824.296875,2437044.5,102964.375,3746530.5,451615.625,0.0,1
1789672743.219975,speech,192,9,0.0,724267.9375,736124800.0,0.0,0.0,0.0,0.0,0.0,0.0,1959910.5,50611.0703125,5026100.0,279812.78125,0.0,0.0,0.0,1
1789672743.2859626,speech,192,7,0.0,126654296.0,0.0,0.0,0.0,0.0,0.0,0.0,0.0,62240168.0,10809831.0,61499432.0,62239924.0,109727712.0,0.0,0.0,1
1789672743.2869604,speech,154,6,0.0,0.0,0.0,846605056.0,0.0,2759438336.0,0.0,0.0,13637586.0,0.0,0.0,0.0,0.0,32199110.0,29882192.0,0.0,1
1789672743.3495579,speech,143,8,0.0,0.0,0.0,0.0,115419200.0,85501376.0,2240915968.0,310237568.0,352970368.0,154040304.0,0.0,0.0,0.0,0.0,0.0,0.0,1
1789672744.2042654,speech,189,9,0.0,0.0,139443264.0,0.0,0.0,0.0,0.0,0.0,0.0,6277913.0,0.0,2514800.25,0.0,8030673.0,0.0,0.0,1
1789672744.3330076,speech,153,9,42478384.0,0.0,0.0,0.0,17137368.0,502114496.0,211301728.0,340789856.0,15223477.0,0.0,0.0,0.0,0.0,0.0,32018282.0,0.0,1
1789672744.3338292,speech,201,13,0.0,0.0,31497374.0,0.0,0.0,0.0,0.0,0.0,0.0,603741696.0,58478504.0,63559928.0,60107648.0,24991906.0,0.0,0.0,1
1789672744.426294,speech,180,5,0.0,0.0,0.0,0.0,0.0,0.0,377075488.0,268950368.0,0.0,0.0,0.0,0.0,0.0,1658128.625,0.0,276921.8125,1
1789672745.059306,speech,190,9,0.0,7927846.0,152016576.0,8334271.5,0.0,0.0,0.0,0.0,0.0,2259399.0,0.0,539246.3125,246979.65625,0.0,0.0,0.0,1
1789672745.1195254,speech,201,9,13753077.0,1714957.0,747998592.0,0.0,0.0,0.0,0.0,0.0,0.0,415326.0625,0.0,34018.69140625,0.0,46234.0234375,0.0,0.0,1
1789672745.2809849,speech,207,11,181321472.0,13549014.0,9966567.0,0.0,0.0,61852.66796875,359624.53125,0.0,0.0,363872.4375,0.0,0.0,57287.109375,22235.0234375,0.0,0.0,1
1789672746.1670666,speech,229,6,52996792.0,0.0,0.0,0.0,0.0,3248945.75,0.0,0.0,404206848.0,0.0,0.0,0.0,0.0,0.0,0.0,0.0,1
1789672746.1679993,speech,191,5,0.0,0.0,0.0,0.0,0.0,0.0,52911184.0,0.0,0.0,0.0,0.0,114875704.0,168279312.0,206017376.0,3190474.75,0.0,1
1789672746.3392224,speech,232,5,167032000.0,233686656.0,0.0,0.0,0.0,0.0,0.0,3266219.0,0.0,0.0,0.0,0.0,0.0,0.0,0.0,0.0,1
1789672746.4030347,speech,221,7,116810336.0,0.0,0.0,0.0,5229025.0,0.0,50460864.0,22560368.0,10939826.0,0.0,0.0,0.0,0.0,0.0,0.0,0.0,1
1789672747.1458468,speech,198,6,0.0,44346712.0,1154500992.0,0.0,0.0,19250812.0,35589744.0,0.0,0.0,0.0,2723272.5,0.0,0.0,0.0,0.0,0.0,1
1789672747.2158134,speech,173,7,0.0,14757724.0,712268992.0,0.0,0.0,0.0,113867992.0,0.0,0.0,0.0,1572450.25,347116.75,0.0,0.0,0.0,0.0,1
1789672748.0957851,speech,179,12,16600896.0,0.0,0.0,0.0,52716384.0,0.0,737890112.0,63538312.0,33060724.0,0.0,0.0,0.0,65829040.0,67314360.0,0.0,0.0,1
1789672748.1557548,speech,187,6,0.0,0.0,0.0,0.0,0.0,0.0,37662328.0,0.0,30399828.0,0.0,0.0,0.0,0.0,169153632.0,6335702.0,0.0,1
1789672748.2857332,speech,154,10,0.0,0.0,0.0,49436316.0,1641298.5,171396032.0,65010124.0,0.0,0.0,0.0,0.0,0.0,0.0,0.0,2654122.25,56451624.0,1
1789672748.3547752,speech,153,3,0.0,0.0,0.0,0.0,0.0,0.0,3411756.75,0.0,0.0,0.0,751274.75,0.0,1108049.25,0.0,0.0,0.0,1
1789672749.4255364,speech,9,4,0.0,0.0,218324176.0,0.0,0.0,0.0,0.0,0.0,384645.9375,579194.0,0.0,0.0,0.0,0.0,0.0,0.0,1
1789672749.4261906,speech,212,12,5081170.5,13629267.0,0.0,0.0,0.0,7184488.0,19525032.0,5742687.5,5020194.5,30808898.0,14041705.0,0.0,0.0,207524.4375,0.0,1917315.375,1
1789672749.495463,speech,182,9,0.0,0.0,0.0,17866296.0,0.0,517166272.0,0.0,32272130.0,0.0,43516920.0,47987880.0,14875556.0,0.0,137806464.0,0.0,0.0,1
1789672749.5602467,speech,205,8,0.0,0.0,0.0,3845599.5,0.0,0.0,0.0,0.0,0.0,658459392.0,85864208.0,149776928.0,0.0,0.0,0.0,0.0,1
1789672750.4661577,speech,200,18,114620384.0,0.0,1000930752.0,2920420.0,0.0,0.0,0.0,350911.75,0.0,814019.4375,2028277.0,924870.875,1805805.875,39092.5234375,0.0,0.0,1
1789672750.5255532,speech,198,11,0.0,11188591.0,315508000.0,0.0,0.0,473665.78125,8218396.0,390727.65625,0.0,963152.875,1761469.375,261823.65625,0.0,0.0,0.0,0.0,1
1789672753.72535,speech,89,13,0.0,0.0,0.0,0.0,0.0,0.0,0.0,0.0,0.0,0.0,4611435.5,33492256.0,21358936.0,20493886.0,29034580.0,14278952.0,1
1789672753.778281,speech,165,4,0.0,0.0,0.0,323205152.0,104202992.0,0.0,0.0,0.0,0.0,4427203.5,0.0,0.0,0.0,0.0,0.0,0.0,1
1789672753.7792418,speech,89,10,0.0,0.0,0.0,0.0,0.0,0.0,0.0,0.0,0.0,0.0,233389.6875,22253794.0,1008909.1875,40807160.0,5531019.0,27158946.0,1
1789672753.843473,speech,92,11,0.0,0.0,0.0,0.0,0.0,0.0,0.0,0.0,0.0,0.0,122352672.0,39269272.0,206312352.0,46233120.0,232769600.0,4497571.5,1
1789672753.9196603,speech,92,13,0.0,0.0,0.0,0.0,0.0,0.0,0.0,0.0,296347968.0,0.0,0.0,375423424.0,23483490.0,561025536.0,215985792.0,124978848.0,1
1789672753.964073,speech,92,4,59675760.0,0.0,0.0,0.0,0.0,0.0,0.0,0.0,0.0,0.0,0.0,5102935.0,1516270.0,0.0,0.0,0.0,1
1789672754.4208834,speech,87,16,0.0,1633131.5,0.0,0.0,0.0,0.0,0.0,0.0,27341536.0,0.0,134560992.0,191525216.0,134415200.0,336277376.0,122660016.0,107774176.0,1
1789672754.4808447,speech,94,11,0.0,0.0,0.0,0.0,0.0,0.0,0.0,131300952.0,287409728.0,27033884.0,0.0,194348496.0,54240864.0,125073904.0,67136432.0,23204280.0,1
1789672754.611494,speech,85,17,0.0,0.0,0.0,0.0,0.0,0.0,3632691.25,0.0,2633139.5,7911868.0,215705344.0,121391448.0,51627392.0,176331136.0,35365600.0,45096636.0,1
1789672754.6717772,speech,86,13,0.0,0.0,0.0,0.0,0.0,0.0,0.0,0.0,0.0,241182624.0,93684832.0,109186984.0,128265496.0,313343104.0,2854981.0,11891018.0,1
1789672755.3701682,speech,89,16,0.0,0.0,0.0,0.0,0.0,0.0,0.0,0.0,6883264.0,3804698.0,74735528.0,237171072.0,70622360.0,301035072.0,12571256.0,1926053.25,1
1789672755.431526,speech,89,12,377812224.0,0.0,0.0,0.0,0.0,0.0,0.0,0.0,0.0,5557669.0,135080480.0,5542109.5,85512288.0,764464.125,8779947.0,0.0,1
1789672755.4809966,speech,93,14,79790296.0,0.0,0.0,0.0,102764496.0,0.0,0.0,0.0,0.0,92825648.0,257621280.0,437577568.0,283761376.0,109675184.0,1755410.75,18028850.0,1
1789672756.4449885,speech,83,14,0.0,0.0,0.0,0.0,0.0,0.0,0.0,0.0,0.0,6863748.5,20850180.0,27314964.0,11586604.0,39112300.0,9208214.0,48271528.0,1
1789672756.5054262,speech,82,16,160055072.0,2019549.0,0.0,0.0,0.0,0.0,0.0,0.0,0.0,0.0,26499698.0,10013531.0,27890838.0,20832214.0,34180132.0,26351112.0,1
1789672756.6035829,speech,81,14,56277184.0,0.0,0.0,0.0,0.0,0.0,0.0,0.0,0.0,0.0,7234830.5,377311232.0,72406400.0,311230624.0,211148848.0,109265856.0,1
1789672756.6677532,speech,88,14,59053804.0,4459696.5,0.0,0.0,0.0,0.0,0.0,0.0,0.0,0.0,0.0,1230885888.0,727217600.0,576532928.0,437566528.0,481187968.0,1
1789672757.3310678,speech,83,12,195514400.0,0.0,0.0,0.0,0.0,0.0,0.0,0.0,277704.78125,593087.0625,0.0,4946541.0,0.0,3711846.0,2115634.75,8179483.5,1
1789672757.4880636,speech,77,9,925613056.0,0.0,0.0,0.0,0.0,642121.4375,0.0,0.0,0.0,0.0,0.0,92011.5625,39469.8515625,31318.892578125,0.0,83630.375,1
1789672757.5519996,speech,77,9,15154037.0,0.0,4337125.5,0.0,0.0,0.0,78958.5078125,0.0,0.0,0.0,0.0,34801.640625,45480.51953125,95859.125,0.0,72186.0625,1
1789672757.6149015,speech,77,4,0.0,0.0,0.0,0.0,0.0,0.0,67073.4921875,0.0,0.0,51467.9453125,0.0,0.0,0.0,0.0,0.0,39065.921875,1
1789672757.659401,speech,54,7,13813934.0,0.0,0.0,0.0,0.0,0.0,0.0,0.0,0.0,333411.09375,243394.953125,0.0,0.0,65161.6328125,0.0,0.0,1
1789672758.1856005,speech,84,7,215557984.0,0.0,0.0,0.0,0.0,0.0,0.0,0.0,0.0,0.0,97889.515625,0.0,192610.0,251430.125,109567.046875,94509.171875,1
1789672758.250314,speech,84,6,0.0,0.0,0.0,0.0,0.0,0.0,0.0,0.0,0.0,0.0,0.0,611592.3125,0.0,211897.96875,0.0,521211.0625,1
1789672758.2976232,speech,84,18,0.0,0.0,0.0,0.0,0.0,0.0,0.0,0.0,2287139.5,16018702.0,1890686.5,5099590.0,2505593.75,1880349.125,526441.5,157330.03125,1
1789672758.3461263,speech,82,11,0.0,0.0,0.0,0.0,0.0,0.0,0.0,0.0,0.0,0.0,15167222.0,33228850.0,31580492.0,24003848.0,4728615.0,2077197.875,1
1789672758.4101646,speech,81,9,0.0,0.0,0.0,0.0,0.0,0.0,0.0,0.0,1547275.125,0.0,11038279.0,2551386.75,13744658.0,4383683.0,42203448.0,0.0,1
1789672759.9573686,speech,88,7,0.0,0.0,0.0,0.0,0.0,0.0,0.0,0.0,0.0,17249184.0,10906427.0,1738548.5,0.0,0.0,0.0,0.0,1
1789672760.028467,speech,75,11,0.0,0.0,0.0,0.0,0.0,0.0,0.0,9666666.0,11543506.0,9547350.0,3011907.25,1678259.0,269115.5,233382.78125,8989.447265625,0.0,1
1789672760.0937443,speech,83,13,18954278.0,0.0,0.0,0.0,0.0,0.0,0.0,0.0,1755145.5,193873680.0,179736976.0,6131650.0,5174725.0,192897.3125,681879.75,0.0,1
1789672761.4106064,speech,79,7,0.0,0.0,0.0,0.0,0.0,0.0,0.0,0.0,1474517.5,0.0,26501.38671875,0.0,0.0,70148.6171875,13675.7392578125,0.0,1
1789672761.4809654,speech,57,19,491213472.0,0.0,0.0,0.0,2735099.5,0.0,0.0,3469305.0,7325863.0,8511546.0,0.0,15528587.0,21159514.0,20431760.0,2743387.25,941794.9375,1
1789672761.5511985,speech,55,21,417971264.0,0.0,6699014.5,0.0,35802320.0,0.0,109656352.0,112903304.0,0.0,38725620.0,0.0,2241136.25,1865204.375,6286804.5,16964428.0,4384077.5,1
1789672761.6132119,speech,58,25,981400256.0,0.0,142585152.0,0.0,0.0,307802976.0,0.0,104753688.0,722599552.0,16090240.0,36168436.0,65403000.0,121398656.0,138660672.0,131255712.0,8020060.0,1
1789672761.681351,speech,55,17,0.0,0.0,0.0,0.0,0.0,0.0,57896888.0,1502970112.0,491900224.0,178326080.0,11494572.0,92166192.0,10111547.0,95951960.0,17262378.0,122706760.0,1
1789672761.744667,speech,58,16,0.0,71024104.0,17882916.0,0.0,0.0,0.0,856118656.0,154242080.0,36930312.0,41986784.0,27880184.0,0.0,12436557.0,19809900.0,31538628.0,1028591.9375,1
1789672762.2325463,speech,57,13,264890656.0,0.0,0.0,0.0,383557.375,911758.3125,0.0,0.0,1012576.8125,427314.25,0.0,0.0,0.0,565736.8125,655098.8125,388948.3125,1
1789672762.2924917,speech,66,14,264016976.0,0.0,0.0,0.0,1154265.25,932915.375,294913.40625,0.0,0.0,1441067.125,0.0,0.0,48944.8203125,81905.3125,317656.40625,0.0,1
1789672762.35519,speech,58,18,2569077.5,0.0,0.0,0.0,0.0,0.0,6940859.5,13695772672.0,2217396992.0,1520654208.0,29178036.0,516249472.0,0.0,294374560.0,0.0,1045271872.0,1
1789672762.4170766,speech,58,16,0.0,0.0,0.0,0.0,0.0,0.0,188119728.0,1870454656.0,0.0,5304023040.0,6534233.0,37674512.0,35178044.0,193593808.0,194041392.0,171260544.0,1
1789672762.466476,speech,58,21,0.0,0.0,0.0,0.0,0.0,1093488384.0,302656576.0,0.0,565534848.0,3150225408.0,256657744.0,49927140.0,64644216.0,135712016.0,179321312.0,146426144.0,1
1789672762.511195,speech,58,7,0.0,0.0,4846523.0,0.0,0.0,0.0,0.0,0.0,486576928.0,420779680.0,8956765.0,13157308.0,4283015.5,11314494.0,0.0,0.0,1
1789672763.0231655,speech,39,15,0.0,64646940.0,114717744.0,0.0,0.0,0.0,370279.9375,13367526.0,1341789.75,5942808.5,0.0,1597649.5,220500.84375,105168.0390625,0.0,75274.7265625,1
1789672763.1501746,speech,62,26,4642733056.0,127833552.0,0.0,14167183.0,0.0,3385460.0,0.0,3707009.5,7788651.0,2123146.0,979704.3125,4142191.5,1485393.25,16903258.0,1917643.875,9381032.0,1
1789672763.2088127,speech,46,20,7264310272.0,799632960.0,4015880192.0,0.0,0.0,0.0,0.0,12927205.0,7047543.0,5716806.0,963465.875,20240764.0,1095477.25,72612992.0,0.0,13232202.0,1
1789672763.2702181,speech,46,12,0.0,0.0,5901820.0,0.0,0.0,0.0,361626.3125,16482044.0,0.0,12914044.0,212308.421875,9500626.0,139897.171875,8152441.0,853104.1875,0.0,1
1789672763.319646,speech,65,13,202824480.0,0.0,0.0,0.0,0.0,0.0,0.0,0.0,163953.265625,11088879.0,0.0,4081626.25,572223.875,963839.0,629800.3125,399926.28125,1
1789672764.7001712,speech,64,19,111421056.0,0.0,0.0,0.0,0.0,0.0,0.0,5109470.5,0.0,26153204.0,1778318.25,4099041.5,1012253.5625,395120.40625,445602.53125,48063.6953125,1
1789672764.7590234,speech,65,16,607036480.0,0.0,0.0,0.0,0.0,0.0,0.0,1242809.625,0.0,1582740.375,10557446.0,120566128.0,63241624.0,11896248.0,302842.21875,2678321.5,1
1789672764.822596,speech,75,17,4097013.25,20872238.0,152973824.0,0.0,0.0,0.0,0.0,2371986432.0,1162040704.0,72992584.0,0.0,273200928.0,0.0,528614720.0,2810845.75,383396640.0,1
1789672764.8860586,speech,72,14,0.0,0.0,0.0,0.0,0.0,0.0,0.0,0.0,4070103.0,155819808.0,39120472.0,254610176.0,156920528.0,224891664.0,226335872.0,102099968.0,1
1789672764.950961,speech,72,3,0.0,0.0,0.0,5522423.5,0.0,0.0,0.0,0.0,0.0,0.0,0.0,0.0,3138442.75,10370602.0,0.0,0.0,1
1789672765.8066478,speech,90,13,0.0,0.0,0.0,0.0,0.0,0.0,0.0,0.0,0.0,0.0,17615870.0,121898000.0,406580864.0,229239888.0,442624512.0,12343611.0,1
1789672765.8667989,speech,96,9,5332416.0,0.0,0.0,0.0,0.0,0.0,0.0,0.0,0.0,46292248.0,0.0,523992320.0,174088256.0,889987456.0,0.0,0.0,1
1789672765.9327095,speech,96,3,5904994.0,0.0,0.0,0.0,0.0,0.0,0.0,0.0,0.0,0.0,0.0,0.0,0.0,1715874.375,0.0,347189.90625,1
1789672765.9331944,speech,178,5,0.0,0.0,0.0,265337104.0,253036448.0,0.0,28543498.0,0.0,0.0,0.0,0.0,0.0,0.0,0.0,0.0,0.0,1
1789672766.5685177,speech,88,6,0.0,0.0,0.0,0.0,0.0,197053.875,1240686.375,0.0,0.0,0.0,0.0,0.0,0.0,296236.28125,1352556.375,0.0,1
1789672766.6390195,speech,93,14,0.0,0.0,0.0,0.0,0.0,0.0,0.0,0.0,0.0,3800102.25,3925688.0,38353452.0,28104316.0,20565046.0,2104403.0,108941.921875,1
1789672766.7054505,speech,188,3,0.0,52880884.0,39916748.0,0.0,202112608.0,0.0,0.0,0.0,0.0,0.0,0.0,0.0,0.0,0.0,0.0,0.0,1
1789672770.7095294,speech,288,17,21768464.0,0.0,0.0,0.0,1054799296.0,48271600.0,339370400.0,50751520.0,368745344.0,6165198.0,0.0,39192232.0,2011726.75,28029794.0,0.0,0.0,1
1789672770.760856,speech,287,14,2678250.5,0.0,24875196.0,0.0,623503488.0,0.0,358357568.0,55639108.0,0.0,0.0,0.0,186172000.0,50256888.0,19293180.0,25909868.0,11943970.0,1
1789672772.290025,speech,327,18,0.0,8645250.0,7324150784.0,24745780.0,4782037.0,2396806.0,3371597.75,0.0,92566976.0,75017664.0,0.0,1988015.0,0.0,0.0,936592.75,610334.5,1
1789672772.3593285,speech,301,16,364920256.0,0.0,324839584.0,0.0,2342918144.0,5431633.0,115731032.0,1707432.625,0.0,0.0,4313098.5,0.0,4728653.5,0.0,59436632.0,0.0,1
1789672772.4278238,speech,301,8,140521696.0,436575.625,0.0,43946476.0,0.0,0.0,45147816.0,1126233.875,0.0,0.0,0.0,279015.65625,0.0,0.0,0.0,0.0,1
1789672773.0496647,speech,333,11,0.0,0.0,5607773184.0,4671412.5,0.0,0.0,81204448.0,0.0,0.0,7434105.5,0.0,1260546.75,290866.625,84103.1875,0.0,0.0,1
1789672773.113258,speech,315,25,178346736.0,117277424.0,0.0,2404420352.0,0.0,142719392.0,14261804.0,311441856.0,75823728.0,37636056.0,30418050.0,1358874.25,2747112.0,48573.4140625,874757.1875,174880.59375,1
1789672773.1717336,speech,315,17,662367552.0,458371712.0,80103664.0,0.0,0.0,0.0,9220807.0,0.0,16260486.0,0.0,32743684.0,54028448.0,0.0,6856695.0,147802.484375,0.0,1
1789672773.839792,speech,305,26,58770692.0,2193815.5,0.0,3112700.5,1159550976.0,32826846.0,198471344.0,9687043.0,31615210.0,81469776.0,25141380.0,92602736.0,31465294.0,66129064.0,210233.03125,0.0,1
1789672773.8971827,speech,302,15,45198932.0,0.0,0.0,0.0,1024137216.0,14384121.0,148641136.0,2303379.5,161559040.0,0.0,76310840.0,44676436.0,0.0,0.0,0.0,0.0,1
1789672773.9594147,speech,300,24,73766520.0,0.0,0.0,12396130.0,882265728.0,5149211.0,165938848.0,7773539.5,189879456.0,5100117.0,117343432.0,960917.125,16752353.0,499643.28125,1493376.375,0.0,1
1789672774.0221791,speech,298,22,0.0,0.0,0.0,129252640.0,1482569856.0,183290432.0,1035181120.0,143430624.0,257211072.0,54029728.0,57752220.0,291413952.0,227626944.0,224449152.0,144126336.0,1703754.5,1
1789672774.0847366,speech,298,12,0.0,170339.1875,0.0,599406.5625,561436864.0,1185405.5,0.0,1152188.125,17516194.0,331227.09375,0.0,35725872.0,63565752.0,0.0,0.0,218539.34375,1
1789672774.6308908,speech,323,16,13375366.0,6938122.5,1623561984.0,0.0,259476656.0,1676134.75,0.0,2860833.5,24913200.0,0.0,77236672.0,0.0,0.0,718817.0,0.0,0.0,1
1789672774.689522,speech,301,33,226870944.0,0.0,0.0,21898478.0,3465671168.0,90370192.0,1695475840.0,30119074.0,382267744.0,116204608.0,514983392.0,87038016.0,440624448.0,36080568.0,30236480.0,1317548.75,1
1789672774.7512014,speech,297,14,0.0,0.0,0.0,0.0,0.0,0.0,0.0,687348992.0,1501519872.0,645116928.0,863627392.0,147432032.0,88622288.0,13462084.0,0.0,0.0,1
1789672774.815167,speech,297,17,18372910.0,157750.359375,0.0,7936439.0,173189920.0,0.0,8014326.0,0.0,0.0,20429350.0,74820352.0,28054370.0,131759744.0,2157079.5,12942846.0,0.0,1
1789672775.8326638,speech,312,27,491892928.0,131897848.0,2479382272.0,470602944.0,13152717.0,14239046.0,2870022.5,0.0,247922.125,2043832.5,90740.6875,4193110.0,264217.40625,4579812.5,902948.375,0.0,1
1789672775.891659,speech,332,14,0.0,0.0,3574668544.0,334832544.0,6294344.0,768156.625,0.0,339789.5,0.0,0.0,136978.140625,3022316.25,0.0,1666862.75,878847.375,34779276.0,1
1789672775.953451,speech,311,14,0.0,16627681.0,350209408.0,643384.5625,9495420.0,0.0,865992.0,0.0,2689767.0,1351851.25,14788491.0,108025.3359375,1471596.75,1676066.25,0.0,0.0,1
1789672776.5916457,speech,331,8,0.0,0.0,0.0,0.0,222341024.0,0.0,0.0,1133273.875,0.0,0.0,5313493.0,4040726.5,0.0,0.0,0.0,0.0,1
1789672776.6612163,speech,300,30,103112896.0,0.0,68316464.0,0.0,778631552.0,41032760.0,228552224.0,35069608.0,21295662.0,47763064.0,22716700.0,40913232.0,22274302.0,49139808.0,26016164.0,104824928.0,1
1789672776.7237961,speech,291,12,60611104.0,29977.2734375,0.0,0.0,949427136.0,0.0,184191072.0,0.0,36171228.0,0.0,0.0,5580324.0,15336079.0,3131206.5,0.0,0.0,1
1789672777.572608,speech,320,16,54252184.0,77302904.0,89267632.0,0.0,772574464.0,237701744.0,155182096.0,800172160.0,0.0,44515744.0,189974656.0,38289220.0,0.0,0.0,0.0,0.0,1
1789672778.5835493,speech,316,17,0.0,203582624.0,250530624.0,26885936.0,73934112.0,1317843456.0,54046828.0,0.0,6876967.0,109340440.0,21337256.0,90597296.0,12119173.0,20882870.0,42032612.0,0.0,1
1789672779.3429077,speech,308,26,4423092.0,45804736.0,113049528.0,296433568.0,587511872.0,157946960.0,504359744.0,32347798.0,73352008.0,4533169.5,25176240.0,66921648.0,3938280.5,32426466.0,0.0,87558656.0,1
1789672779.40109,speech,307,20,5288320.0,0.0,0.0,0.0,200875936.0,36789360.0,359858400.0,632977856.0,184748752.0,511337280.0,34069268.0,147047424.0,41421368.0,0.0,96758240.0,8912820.0,1
1789672779.464137,speech,319,21,34471284.0,35159644.0,36631400.0,30492972.0,199960944.0,236800096.0,202025088.0,271146624.0,0.0,25623434.0,172741872.0,35453620.0,21529092.0,0.0,3444721.0,15541008.0,1
1789672781.4622188,speech,304,19,138960304.0,0.0,0.0,217144.734375,487022496.0,3724495.25,68175728.0,0.0,47722108.0,525240.0625,0.0,563333.125,11009168.0,1215293.25,0.0,56144.76953125,1
1789672781.5196621,speech,292,21,362783776.0,0.0,0.0,4764281.0,1270633472.0,2913175.0,202194656.0,3486451.5,47930904.0,0.0,0.0,759741.0,11224326.0,83685.5,0.0,0.0,1
1789672782.2211778,speech,329,24,0.0,1179037696.0,772245568.0,1282285056.0,8582787.0,173077776.0,5175712.0,31327760.0,1310673.375,20556372.0,0.0,1076494.0,62287.90625,147738.734375,48004.44140625,0.0,1
1789672782.2813704,speech,325,19,22173986.0,128605808.0,1598025088.0,0.0,0.0,0.0,61348964.0,113519888.0,94374064.0,5905275.0,2160790.75,739771.3125,204296.765625,425329.53125,0.0,63534.46484375,1
1789672783.0754108,speech,322,17,0.0,0.0,43326256.0,487988672.0,84084464.0,137000752.0,296233696.0,256028080.0,90926528.0,154714688.0,51354064.0,15033692.0,0.0,2355135.5,0.0,0.0,1
1789672783.6759303,speech,313,30,0.0,0.0,115834024.0,3972091136.0,473040960.0,773236160.0,108715840.0,5440894.0,99714608.0,28995488.0,141378656.0,15409568.0,20626424.0,8417786.0,742902.375,421445.125,1
1789672783.7324653,speech,303,28,0.0,0.0,93378656.0,1140417152.0,320841152.0,134997952.0,2627419648.0,839371392.0,1018946496.0,193034688.0,0.0,131945984.0,265291696.0,123894104.0,30745316.0,6802314.0,1
1789672783.7939923,speech,303,8,0.0,0.0,0.0,0.0,296985792.0,39653108.0,0.0,0.0,0.0,360047232.0,0.0,70050080.0,49343480.0,0.0,0.0,4049988.0,1
1789672783.8431237,speech,315,8,0.0,0.0,15617365.0,0.0,99304800.0,0.0,0.0,0.0,0.0,832088064.0,0.0,89005248.0,13682326.0,0.0,0.0,1398438.5,1
1789672785.0986912,speech,329,16,0.0,707669376.0,11182370816.0,0.0,102874072.0,770582.375,0.0,2246901.25,4387750.0,1167085.0,1469148.125,0.0,0.0,13839995.0,1549595.0,0.0,1
1789672785.1561227,speech,323,15,0.0,611456832.0,14790201344.0,717998.0,17221838.0,0.0,0.0,480335.5,965479.3125,0.0,0.0,21322310.0,1370031.75,4860082.0,2081644.25,0.0,1
1789672785.217034,speech,323,6,0.0,647695616.0,0.0,0.0,0.0,1391219.625,47912.8515625,0.0,0.0,12991800.0,0.0,0.0,0.0,0.0,0.0,0.0,1
1789672785.8253307,speech,306,22,0.0,0.0,0.0,0.0,117502568.0,1216259072.0,375975424.0,1045714752.0,36302444.0,222500768.0,36068248.0,85373696.0,102218752.0,36966472.0,22927520.0,1411696.75,1
1789672785.884754,speech,318,16,292526.375,239782240.0,149167904.0,317155712.0,121154616.0,1776721408.0,282778016.0,0.0,0.0,440099040.0,29949848.0,0.0,0.0,564398.375,0.0,6074062.5,1
1789672787.8195748,speech,326,21,22583912.0,142743392.0,1046511104.0,100201888.0,35471244.0,732359.5,13347259.0,13742284.0,7315423.0,31069182.0,2764075.5,0.0,223706.390625,804488.6875,0.0,0.0,1
1789672787.8781,speech,328,15,272797.78125,679492544.0,934011456.0,0.0,0.0,0.0,2714627.5,0.0,4301759.5,5880939.5,0.0,0.0,953592.875,877687.875,0.0,131864.4375,1
1789672787.9403198,speech,309,28,0.0,0.0,56437068.0,2522983936.0,723448128.0,321740576.0,89300720.0,93192312.0,33042340.0,103570512.0,49950952.0,53770376.0,18391084.0,2497747.25,3075062.75,91398.875,1
1789672791.0741878,speech,324,10,996749440.0,26880204.0,72650536.0,0.0,1557067.0,0.0,185948.671875,304596.34375,59218.6171875,0.0,0.0,0.0,0.0,0.0,13690.3828125,33455.58203125,1
1789672791.865833,speech,326,21,119781816.0,141044800.0,4554736640.0,4315270.0,17493516.0,0.0,4053601.0,0.0,4240079.0,1089670.875,569871.5,688633.0,358660.0625,98677.6875,0.0,172357.375,1
1789672791.9238477,speech,326,19,63482328.0,172152.71875,0.0,2324763.0,66038160.0,315298.0625,0.0,0.0,2530566.0,1360486.875,7610217.5,504953.78125,1551666.0,0.0,12992758.0,1791296.625,1
1789672791.974284,speech,311,23,464795424.0,0.0,6842617.5,7245607.0,217890464.0,550890.875,39694448.0,602721.25,3169741.0,433126.8125,3770139.5,292818.6875,7813722.0,0.0,589436.5,0.0,1
1789672792.7834687,speech,328,21,35521936.0,320320256.0,4239170048.0,0.0,36432016.0,1972892.75,46430776.0,14090646.0,19399302.0,0.0,2442247.25,0.0,0.0,215994.8125,0.0,30300.1953125,1
1789672792.8411515,speech,329,15,262259232.0,0.0,1298936192.0,21287198.0,54187128.0,0.0,87239048.0,3846524.0,11704604.0,298815.03125,483388.1875,578063.0625,149909.46875,401613.75,0.0,0.0,1
1789672798.1259124,speech,328,20,14530234.0,1222638080.0,3061100288.0,13269436.0,0.0,4991137.5,1109430.75,0.0,476874.75,683103.0,216273.625,670382.0625,111743.6484375,101814.2578125,0.0,0.0,1
1789672798.2846491,speech,305,19,0.0,0.0,19204484.0,202996384.0,590267648.0,368615008.0,148081440.0,22710538.0,17334810.0,4708671.0,3366217.25,1357871.25,524796.5625,868632.25,139318.859375,6228999.0,1
1789672798.3423028,speech,303,28,13603075.0,0.0,15313458.0,439064736.0,164096928.0,223278688.0,644523520.0,540470848.0,21631998.0,48529920.0,8378220.0,4753413.0,3489734.5,1330026.5,2122975.0,1189696.125,1
1789672798.4042292,speech,299,14,0.0,0.0,0.0,74295424.0,41382948.0,860996608.0,101939312.0,1092436608.0,0.0,0.0,21714956.0,119685168.0,0.0,12361238.0,0.0,0.0,1
1789672798.4671347,speech,307,15,0.0,0.0,953551.5625,0.0,52782052.0,173735664.0,555797056.0,690420160.0,81537400.0,245661312.0,1486232.0,365495.0625,663496.5625,644744.25,1854980.375,0.0,1
1789672799.1386752,speech,315,24,0.0,0.0,51994592.0,350357952.0,372958528.0,356781984.0,0.0,100243920.0,347315264.0,150030304.0,143584528.0,2899949.75,5863710.0,52904984.0,10745057.0,0.0,1
1789672799.1963756,speech,312,19,0.0,0.0,1913800.375,224685184.0,95413176.0,123830608.0,901483264.0,5128292.5,559230336.0,189690400.0,0.0,3372079.0,8421871.0,13470861.0,7152566.0,1575979.375,1
1789672799.8960829,speech,336,19,0.0,2588630784.0,1191612288.0,35034932.0,3582919.5,1757695.125,722197.5,0.0,77325.3984375,193362.84375,235060.65625,0.0,363280.0625,193805.0,85589.03125,0.0,1
1789672799.953988,speech,332,18,3486850.75,6362188288.0,3694017536.0,39311440.0,888742.0,7489120.0,2524437.0,0.0,93849.703125,701036.75,5557.51708984375,75587.390625,0.0,0.0,0.0,95996.1328125,1
1789672800.0169399,speech,332,14,0.0,6392570880.0,3885192192.0,25757092.0,3795751.0,11482553.0,0.0,0.0,0.0,0.0,0.0,63876.4609375,5061862.0,0.0,0.0,0.0,1
1789672802.8394966,speech,320,16,0.0,26953804.0,0.0,422351776.0,951052608.0,3058697728.0,81575968.0,32273778.0,60159240.0,11420736.0,0.0,12709982.0,3516730.5,0.0,23382662.0,0.0,1
1789672802.8968987,speech,316,22,106140544.0,50923136.0,430731008.0,759216320.0,1330911872.0,1360259328.0,30701282.0,28793402.0,0.0,7232293.5,14016511.0,4230875.0,2083499.875,12150764.0,0.0,0.0,1
1789672805.2720847,speech,277,8,20411602.0,9724936.0,0.0,264343120.0,75243576.0,0.0,0.0,0.0,0.0,1234380.5,0.0,0.0,0.0,0.0,0.0,66315.6328125,1
1789672805.3449152,speech,5,5,0.0,0.0,0.0,132999888.0,0.0,19215120.0,0.0,0.0,0.0,0.0,0.0,7234710.0,0.0,6287703.0,11968773.0,0.0,1
1789672805.3458726,speech,326,7,0.0,0.0,0.0,0.0,133182584.0,0.0,5202561.0,0.0,0.0,3733296.5,1999763.75,0.0,0.0,0.0,0.0,0.0,1
1789672806.0939546,speech,285,12,23845378.0,0.0,330112448.0,2001734784.0,9632213.0,9239144.0,180913408.0,44667408.0,0.0,2856891.5,0.0,0.0,0.0,0.0,31012.1875,0.0,1
1789672806.1555572,speech,285,10,8061957.5,0.0,0.0,220898912.0,286686912.0,0.0,35227044.0,21340082.0,4836767.5,5016287.0,0.0,0.0,0.0,0.0,106672.578125,0.0,1
1789672806.1565423,speech,341,3,0.0,0.0,162370112.0,382510656.0,0.0,48480408.0,0.0,0.0,0.0,0.0,0.0,0.0,0.0,0.0,0.0,0.0,1
1789672809.9245791,speech,343,10,0.0,81263472.0,3176358.0,0.0,0.0,0.0,0.0,0.0,18482586.0,605441728.0,70073840.0,210946464.0,0.0,3397679.5,0.0,0.0,1
1789672809.9257436,speech,281,9,0.0,0.0,0.0,0.0,39427220.0,0.0,70578704.0,270328640.0,2996959.75,0.0,0.0,0.0,61575052.0,0.0,0.0,0.0,1
1789672810.7446623,speech,291,11,0.0,12634738.0,2877446144.0,52847568.0,9643338.0,1197814.75,0.0,0.0,0.0,0.0,27309.455078125,0.0,141772.71875,0.0,501860.59375,1777383.75,1
1789672810.80903,speech,14,7,0.0,0.0,1079565568.0,1660189.0,0.0,0.0,8868003.0,136487.890625,0.0,0.0,0.0,0.0,0.0,0.0,0.0,0.0,1
1789672810.8739283,speech,335,6,0.0,0.0,1642520704.0,0.0,0.0,0.0,412602.4375,0.0,3762289.5,0.0,0.0,889869.625,0.0,0.0,0.0,0.0,1
1789672811.8517747,speech,290,10,0.0,0.0,0.0,22372040.0,14321104.0,4733157.0,0.0,66545472.0,184178496.0,0.0,0.0,590520.0625,0.0,3762330.5,0.0,4231352.5,1
1789672811.9137728,speech,304,6,4666442.5,0.0,0.0,0.0,0.0,35849264.0,0.0,5508232.0,0.0,0.0,0.0,0.0,0.0,0.0,154267488.0,0.0,1
1789672814.5715191,speech,279,5,13552944.0,0.0,4662404.0,0.0,0.0,0.0,0.0,471098336.0,0.0,0.0,0.0,0.0,0.0,35390236.0,0.0,0.0,1
1789672814.5724745,speech,359,5,0.0,0.0,0.0,0.0,0.0,0.0,0.0,0.0,0.0,68570864.0,3875275.0,0.0,0.0,0.0,28651066.0,0.0,1
1789672815.5838308,speech,295,8,8309711.5,0.0,23086994.0,0.0,0.0,0.0,32898276.0,388958400.0,0.0,0.0,0.0,21193780.0,0.0,0.0,0.0,0.0,1
1789672815.584869,speech,341,4,0.0,0.0,0.0,4048101.0,158577216.0,0.0,0.0,0.0,0.0,8770556.0,13490982.0,0.0,0.0,0.0,0.0,0.0,1
1789672817.9842596,speech,72,5,473808320.0,10564169.0,0.0,0.0,0.0,0.0,1077865.25,0.0,0.0,0.0,0.0,0.0,0.0,0.0,0.0,0.0,1
1789672818.0369682,speech,72,3,0.0,13345861.0,0.0,0.0,0.0,0.0,0.0,0.0,0.0,0.0,112182.2421875,0.0,28175.48046875,0.0,0.0,0.0,1
1789672818.038132,speech,289,6,0.0,3921129.5,56624384.0,130212216.0,3832361.75,0.0,0.0,0.0,0.0,0.0,0.0,0.0,2260817.5,8683594.0,0.0,0.0,1
1789672818.8693395,speech,350,9,0.0,6281256.5,299949568.0,11030833.0,0.0,4252608.0,0.0,773704.4375,2400053.5,2128131.75,0.0,0.0,22822.890625,0.0,0.0,76150.453125,1
1789672818.9322042,speech,268,4,0.0,0.0,0.0,0.0,60985480.0,20318688.0,1300915.125,0.0,0.0,3553435.75,0.0,0.0,0.0,0.0,0.0,0.0,1
1789672821.8113215,speech,299,10,853018752.0,0.0,0.0,0.0,0.0,0.0,696890.75,0.0,0.0,71429.25,0.0,568182.0625,4598.76025390625,0.0,260302.59375,1793194.375,1
1789672821.8120503,speech,255,4,0.0,0.0,829366016.0,0.0,5735855.0,0.0,0.0,0.0,0.0,37384.6953125,0.0,0.0,0.0,0.0,0.0,0.0,1
1789672821.8754492,speech,289,7,882654976.0,0.0,712198208.0,26899860.0,0.0,0.0,433702.0625,419727.9375,0.0,0.0,0.0,0.0,0.0,0.0,0.0,0.0,1
1789672822.5707314,speech,306,3,0.0,0.0,0.0,5623970.0,367024608.0,0.0,0.0,0.0,0.0,1054829.75,0.0,0.0,0.0,0.0,0.0,0.0,1
1789672822.5714636,speech,349,5,13885518.0,0.0,0.0,0.0,0.0,0.0,0.0,0.0,0.0,6161027.0,47587960.0,0.0,0.0,0.0,0.0,0.0,1
1789672822.6411345,speech,329,10,0.0,0.0,73459040.0,0.0,0.0,13049447.0,327448640.0,594492.875,133129872.0,4250845.0,0.0,0.0,0.0,0.0,0.0,0.0,1
1789672823.329936,speech,9,9,25773690.0,0.0,0.0,0.0,73815520.0,72623104.0,0.0,0.0,0.0,0.0,17284744.0,16600049.0,102027104.0,169591472.0,12275865.0,0.0,1
1789672823.393476,speech,327,3,0.0,0.0,0.0,0.0,1339861760.0,0.0,0.0,0.0,0.0,0.0,0.0,0.0,0.0,0.0,0.0,0.0,1
1789672825.6073215,speech,334,8,0.0,0.0,39417820.0,98395496.0,119796800.0,606030208.0,0.0,0.0,0.0,7224831.0,0.0,0.0,0.0,4586830.0,5226571.0,0.0,1
1789672825.6081965,speech,271,5,0.0,29381784.0,0.0,0.0,0.0,0.0,194196928.0,0.0,0.0,0.0,0.0,0.0,22128716.0,0.0,0.0,3505803.75,1
1789672825.6774912,speech,345,5,0.0,0.0,0.0,0.0,22265988.0,0.0,0.0,0.0,0.0,319984480.0,0.0,0.0,0.0,0.0,268841568.0,0.0,1
1789672827.3755748,speech,282,14,7501822.5,0.0,87836648.0,2715251968.0,425364288.0,192574224.0,0.0,23839718.0,9161169.0,0.0,0.0,570202.0625,0.0,0.0,0.0,0.0,1
1789672827.4396174,speech,282,5,0.0,0.0,0.0,0.0,10573779.0,0.0,0.0,12100752.0,0.0,0.0,9507276.0,1312473.25,0.0,4424031.0,0.0,0.0,1
1789672828.3862715,speech,284,7,817531.0625,0.0,214156384.0,1606488960.0,164527376.0,0.0,0.0,0.0,0.0,0.0,0.0,0.0,0.0,0.0,0.0,774855.5,1
1789672828.4515374,speech,291,6,0.0,0.0,12016909.0,0.0,0.0,0.0,1530305.125,14211038.0,0.0,2825895.5,0.0,435930.125,872482.0,0.0,0.0,0.0,1
1789672832.0217538,speech,273,6,0.0,0.0,0.0,0.0,0.0,28118118.0,281645376.0,143057344.0,0.0,0.0,0.0,52859804.0,0.0,0.0,0.0,0.0,1
1789672832.0829806,speech,298,7,61743272.0,39281828.0,0.0,50831464.0,0.0,0.0,0.0,0.0,149994416.0,0.0,0.0,10121520.0,199006304.0,0.0,0.0,0.0,1
1789672832.7511067,speech,236,3,0.0,0.0,28394886.0,0.0,5713243.0,0.0,0.0,4922008.5,0.0,0.0,0.0,0.0,0.0,0.0,0.0,0.0,1
1789672833.4147735,speech,345,9,0.0,0.0,14693640.0,0.0,5094246.0,365883776.0,5337511.0,83824800.0,21734278.0,0.0,0.0,0.0,0.0,0.0,90210216.0,69194032.0,1
1789672833.4748456,speech,346,6,24068222.0,0.0,0.0,0.0,229437472.0,191701184.0,0.0,0.0,0.0,14354462.0,0.0,0.0,48624848.0,0.0,0.0,0.0,1
1789672833.9500637,speech,283,11,5413192.0,0.0,0.0,220768208.0,161152192.0,287934080.0,792734464.0,0.0,0.0,0.0,35844328.0,639758080.0,0.0,0.0,10496160.0,0.0,1
1789672834.011358,speech,42,4,0.0,0.0,0.0,0.0,0.0,0.0,540423360.0,0.0,0.0,58789624.0,0.0,27582092.0,0.0,0.0,0.0,0.0,1
1789672834.0124204,speech,283,3,0.0,0.0,0.0,0.0,26351206.0,0.0,0.0,158530560.0,163800832.0,0.0,0.0,0.0,0.0,0.0,0.0,0.0,1
1789672834.4895685,speech,285,11,10305626.0,0.0,0.0,157513920.0,437577088.0,0.0,0.0,41431136.0,0.0,0.0,38830796.0,112468064.0,118328352.0,0.0,0.0,0.0,1
1789672834.5509844,speech,333,3,6800504.5,0.0,0.0,0.0,0.0,0.0,1055768960.0,0.0,39804608.0,0.0,0.0,0.0,0.0,0.0,0.0,0.0,1
1789672834.551672,speech,285,5,0.0,0.0,94255896.0,0.0,0.0,0.0,0.0,0.0,0.0,7144955.5,0.0,15316265.0,104132712.0,0.0,0.0,0.0,1
1789672840.1180792,speech,354,5,0.0,0.0,0.0,0.0,8789831.0,193822304.0,0.0,0.0,0.0,0.0,0.0,358092.25,0.0,0.0,0.0,0.0,1
1789672840.1192787,speech,312,5,0.0,0.0,0.0,148767632.0,35396224.0,0.0,14359535.0,0.0,0.0,0.0,233093.90625,0.0,0.0,0.0,0.0,0.0,1
1789672840.1930532,speech,6,5,0.0,0.0,0.0,0.0,0.0,0.0,26278816.0,0.0,12572790.0,0.0,0.0,1660627.25,0.0,885867.75,0.0,0.0,1
1789672840.7808526,speech,341,3,0.0,1290774.375,340537024.0,0.0,0.0,0.0,0.0,0.0,0.0,0.0,0.0,0.0,0.0,0.0,0.0,0.0,1
1789672840.7819614,speech,288,5,0.0,0.0,0.0,0.0,195608416.0,0.0,0.0,0.0,0.0,453334.65625,0.0,11227390.0,39600880.0,0.0,0.0,0.0,1
1789672841.5712087,speech,308,3,0.0,0.0,0.0,0.0,144369152.0,352723264.0,0.0,0.0,0.0,0.0,0.0,0.0,0.0,0.0,11662914.0,0.0,1
1789672841.5720522,speech,49,3,0.0,0.0,0.0,0.0,0.0,0.0,0.0,0.0,0.0,0.0,0.0,17865152.0,0.0,54155116.0,0.0,0.0,1
1789672844.0648413,speech,278,9,80497432.0,0.0,0.0,0.0,0.0,0.0,150384.15625,209724.21875,434097.4375,155723.46875,129654.9453125,179601.046875,0.0,0.0,0.0,0.0,1
1789672844.1242425,speech,285,9,0.0,333758176.0,592416704.0,0.0,0.0,13042360.0,0.0,758150.75,0.0,0.0,0.0,0.0,0.0,75773.28125,655790.25,2271241.5,1
1789672846.8482926,speech,321,10,0.0,72145040.0,25255206.0,0.0,0.0,53152.1328125,0.0,0.0,0.0,1986639.5,401475.5,63008.78515625,0.0,0.0,0.0,0.0,1
1789672847.0062213,speech,317,36,118574688.0,154256400.0,260885216.0,232684896.0,1451181056.0,722846272.0,418167456.0,13965026.0,48758544.0,29578372.0,31124792.0,24938590.0,10629663.0,35676720.0,7832156.0,26166198.0,1
1789672847.0690298,speech,317,28,129235968.0,277089472.0,144672096.0,175961760.0,1379894016.0,139533840.0,0.0,109817584.0,1647133312.0,425867328.0,378576672.0,361362880.0,18210972.0,227590336.0,40951984.0,112158888.0,1
1789672847.1182737,speech,313,28,138104128.0,221737728.0,188713424.0,871438656.0,244000448.0,1807785984.0,638816960.0,940405056.0,0.0,375233024.0,55865324.0,273250944.0,400370016.0,322891008.0,447029152.0,117756728.0,1
1789672847.1791368,speech,303,21,0.0,440870912.0,0.0,833049920.0,2130935680.0,0.0,1413045760.0,64893896.0,0.0,381975616.0,38678564.0,474391808.0,117183312.0,167031136.0,0.0,0.0,1
1789672847.2406886,speech,303,11,0.0,47756484.0,74768192.0,0.0,12818518.0,0.0,22212974.0,0.0,0.0,0.0,0.0,3875870.5,0.0,3529295.0,0.0,0.0,1
1789672847.5745933,speech,314,23,1804453888.0,7503581.5,96431392.0,0.0,2919782.5,0.0,60511.59375,49623.5078125,86309.375,0.0,143997.546875,118665.7109375,84119.734375,90343.875,36508.359375,31692.45703125,1
1789672847.6325388,speech,327,17,1264749568.0,272039104.0,1491197.75,0.0,1116405.0,0.0,54422.6875,540341.3125,79845.5390625,103825.7578125,65708.1015625,0.0,0.0,0.0,78002.3984375,49559.3046875,1
1789672847.6948245,speech,327,17,0.0,0.0,14220898.0,0.0,1606548.5,1913999.625,0.0,0.0,364679.25,3492095.0,1661404.625,0.0,0.0,57693.12890625,0.0,84502.3125,1
1789672847.954199,speech,330,17,3556335.25,50318360.0,484015712.0,1440462.375,0.0,0.0,1706721.75,7027783.5,6262294.0,2973522.5,3449679.5,0.0,0.0,1668353.5,275317.65625,873524.875,1
1789672848.0135472,speech,330,15,0.0,7089540.0,1302517632.0,10588790.0,56877740.0,0.0,18653542.0,0.0,6374193.0,18357852.0,79667712.0,0.0,0.0,92945.3046875,0.0,0.0,1
1789672848.0637352,speech,318,30,972186432.0,692970.5,10580858880.0,20976254.0,335721344.0,1037778.625,25487618.0,73795.2421875,24026388.0,5595493.0,19504812.0,3265563.25,94525840.0,369999.8125,229977408.0,96736200.0,1
1789672848.1255677,speech,305,21,133281680.0,0.0,0.0,553825.8125,3873467392.0,4126818.0,62062344.0,49333.62109375,0.0,16584.45703125,25224556.0,5619266.0,29581794.0,6468387.0,52675172.0,16585548.0,1
1789672848.428384,speech,318,24,105263720.0,23360002.0,135055856.0,0.0,8330828.0,0.0,6157828.0,1714554.125,18855758.0,14159468.0,50088672.0,1162031.25,2024834.5,633848.5625,1921323.0,436407.1875,1
1789672848.4865482,speech,327,22,0.0,55097808.0,687718912.0,3331284.5,73694208.0,8415455.0,13717816.0,84443160.0,31432854.0,105317472.0,14488220.0,0.0,195653.0625,1466864.125,0.0,320276.78125,1
1789672848.5488331,speech,327,16,89763648.0,1379771648.0,0.0,0.0,772737600.0,0.0,11914224.0,47146216.0,180803232.0,257431120.0,0.0,0.0,0.0,6360243.0,2260848.25,298725.15625,1
1789672848.5971377,speech,306,18,164271248.0,759282560.0,0.0,1454615936.0,500529248.0,0.0,7086590.0,0.0,54143884.0,0.0,8966549.0,75042824.0,8436393.0,1804586.5,2965782.75,0.0,1
1789672848.96637,speech,318,26,373055168.0,69841792.0,40093440.0,458512000.0,152467008.0,705259520.0,0.0,0.0,14944972.0,79499176.0,9738045.0,7665483.0,4830329.0,978409.75,8973958.0,294265.875,1
1789672849.0254939,speech,323,21,0.0,112594512.0,44770192.0,252598160.0,443621920.0,2346067456.0,174589776.0,124890368.0,67029620.0,76149544.0,36680600.0,0.0,0.0,7048299.0,10542217.0,1411847.0,1
1789672849.0891292,speech,317,19,128169552.0,97407632.0,69675280.0,721209728.0,406396736.0,2608927488.0,0.0,0.0,2858662.5,37240612.0,24609344.0,41824800.0,0.0,0.0,116379392.0,0.0,1
1789672849.439656,speech,321,26,151975232.0,237379648.0,118784144.0,1138368512.0,565068928.0,3069484288.0,71186192.0,0.0,36341520.0,130054512.0,128741520.0,80915888.0,0.0,22832712.0,756114176.0,62317012.0,1
1789672849.4975426,speech,321,22,138962080.0,121224608.0,174816864.0,0.0,11299861.0,2544976384.0,63460964.0,0.0,862627.125,465784288.0,25312796.0,258236640.0,120276432.0,0.0,797359040.0,349542528.0,1
1789672849.5476494,speech,321,19,0.0,0.0,130304168.0,0.0,551488192.0,394866624.0,69950424.0,0.0,0.0,406581888.0,55732488.0,502321408.0,16321838.0,0.0,54070848.0,646690432.0,1
1789672849.5946686,speech,320,21,483637248.0,53418300.0,85190696.0,316380768.0,402609312.0,1128457472.0,197065072.0,0.0,0.0,0.0,2357340.25,209048720.0,0.0,0.0,12071080.0,377310240.0,1
1789672849.944994,speech,321,32,627027712.0,839886976.0,1882529536.0,0.0,39748616.0,12169814.0,3670828.5,2283003.25,608039.625,4023050.75,222173.171875,6455959.0,386822.53125,9111175.0,2862409.25,16223388.0,1
1789672850.0021381,speech,310,24,1814021888.0,952837696.0,2909415936.0,0.0,79751560.0,11651737.0,4027713.0,0.0,0.0,203047.0625,103396.5078125,29886644.0,9403642.0,95779424.0,0.0,34834000.0,1
1789672850.0637596,speech,311,15,3874755072.0,0.0,0.0,0.0,5923939.0,13062354.0,0.0,0.0,0.0,25282966.0,1328169.0,19252792.0,152496.09375,0.0,0.0,872663.375,1
1789672850.3565156,speech,322,24,0.0,17307454.0,148177024.0,48860704.0,0.0,377216992.0,449457984.0,60530112.0,38755372.0,34061304.0,10526399.0,0.0,0.0,37486880.0,2193818.75,19740622.0,1
1789672850.4140322,speech,312,25,306251328.0,45547776.0,93862920.0,692960320.0,754136640.0,865666816.0,404945824.0,58644476.0,0.0,8193835.0,463226.96875,54720744.0,4306307.0,47728544.0,30249000.0,58814112.0,1
1789672850.4768023,speech,318,21,0.0,94837912.0,91029184.0,0.0,70828872.0,1833005312.0,1576963.375,0.0,21591420.0,201866656.0,0.0,2393287.0,603417920.0,358453248.0,1421010176.0,79447104.0,1
1789672850.5396626,speech,313,15,7903332.0,0.0,112349232.0,0.0,185317152.0,0.0,0.0,42362864.0,0.0,768162.25,3742252.0,47152400.0,13818070.0,6849255.0,64142984.0,6273394.0,1
1789672850.987884,speech,310,34,38673220.0,99134288.0,120250832.0,138729888.0,1006285632.0,399512768.0,262370912.0,59241968.0,65088080.0,65672420.0,5551103.5,89893688.0,39421040.0,105055272.0,305258368.0,58041224.0,1
1789672851.046604,speech,307,21,0.0,3716117.75,53193100.0,10552459.0,166744832.0,182028352.0,232354464.0,174361088.0,0.0,18427960.0,185429040.0,97613312.0,154353664.0,197543680.0,15826871.0,21135322.0,1
1789672851.1084445,speech,304,20,11343234.0,41468956.0,247093088.0,71432608.0,957779456.0,484314400.0,392630112.0,0.0,22258836.0,46075748.0,0.0,29879626.0,1736309.25,0.0,0.0,0.0,1
1789672851.8719602,speech,303,21,50742664.0,0.0,25724192.0,0.0,1361013504.0,52778548.0,948930688.0,89814560.0,152398560.0,6413442.5,923060.625,80582440.0,15480688.0,89016672.0,10418972.0,0.0,1
1789672854.5289552,speech,312,15,0.0,211311168.0,641928192.0,51568752.0,35745172.0,23207696.0,6013145.0,11556010.0,0.0,3892579.75,0.0,0.0,0.0,0.0,0.0,0.0,1
1789672854.5305152,speech,350,5,353731008.0,0.0,0.0,0.0,0.0,0.0,0.0,0.0,0.0,0.0,101281.5,0.0,0.0,0.0,0.0,91054.296875,1
1789672854.5885825,speech,320,22,847250752.0,0.0,921520768.0,146534064.0,237690608.0,0.0,324001.34375,0.0,42631460.0,103486384.0,41054632.0,3955901.0,102958.0546875,0.0,0.0,299982.75,1
1789672854.6511352,speech,319,24,959942400.0,1491019.875,2103091.25,1779589632.0,2883686656.0,241720016.0,92888480.0,0.0,66645.1171875,0.0,0.0,38805816.0,754856.5,17639578.0,7429940.5,390427264.0,1
1789672854.7125554,speech,317,10,916128576.0,0.0,0.0,0.0,6134242.5,294885408.0,111550144.0,0.0,3428672.5,0.0,1698157.75,0.0,0.0,4283137.5,1247538.125,0.0,1
1789672855.0971181,speech,331,20,0.0,48854208.0,1823000960.0,26648900.0,2624947.5,3769701.25,25560518.0,5353098.0,7048897.0,430421.3125,882744.25,0.0,0.0,0.0,0.0,134556.078125,1
1789672855.155281,speech,304,22,538731584.0,8413902.0,2404291328.0,113084928.0,169313392.0,9006104.0,0.0,24632756.0,0.0,0.0,164918.0625,1424003.75,82120.7578125,432565.9375,17362.306640625,193962.859375,1
1789672855.2194002,speech,335,12,0.0,358127.25,1163125120.0,861868928.0,0.0,0.0,0.0,4154935.5,0.0,896342.125,4537878.0,0.0,65694.5625,347529.5,857927.125,0.0,1
1789672855.7925282,speech,330,15,0.0,13050080.0,5722599.5,197161040.0,121644688.0,647260992.0,0.0,0.0,154817856.0,382708288.0,0.0,0.0,0.0,76061608.0,322368928.0,30032228.0,1
1789672855.8524418,speech,316,26,0.0,0.0,1939084.625,206401280.0,152898336.0,573229248.0,0.0,0.0,7186997.5,312353536.0,129709208.0,43277120.0,133081784.0,95278520.0,390697664.0,86348952.0,1
1789672855.9150736,speech,316,14,12549804.0,55685900.0,45072844.0,0.0,222525.5625,306698432.0,136228272.0,341960960.0,740213.1875,0.0,0.0,24437716.0,4969370.0,3576853.0,0.0,0.0,1
1789672856.3942935,speech,330,22,0.0,782247936.0,490139552.0,0.0,12665936.0,28209828.0,368896.3125,235168.5625,840828.375,5826445.0,0.0,2880260.0,0.0,6637419.5,34451832.0,1848655.375,1
1789672856.4514403,speech,329,11,303967008.0,1520026112.0,1426379008.0,0.0,0.0,16099936.0,661676.125,0.0,0.0,0.0,0.0,392379.59375,0.0,0.0,0.0,0.0,1
1789672856.8365316,speech,313,21,107505888.0,0.0,14274360.0,132607328.0,163958304.0,668935424.0,212741840.0,0.0,71813960.0,8639244.0,118509616.0,4753308.5,57387268.0,91240656.0,147743824.0,57418088.0,1
1789672858.63984,speech,305,17,234947824.0,0.0,0.0,85841288.0,344892736.0,9114943.0,0.0,32992692.0,25517242.0,0.0,0.0,120884832.0,45009128.0,18965524.0,556288.0625,0.0,1
1789672858.6409707,speech,341,13,0.0,57290296.0,1799955968.0,0.0,0.0,70154568.0,98041648.0,0.0,0.0,106671816.0,82914448.0,0.0,0.0,0.0,0.0,4018096.25,1
1789672858.698518,speech,326,27,1783023.875,291169760.0,247003696.0,186491840.0,454175552.0,1713714432.0,520849728.0,60193304.0,102447088.0,36471952.0,195821568.0,97396080.0,0.0,149110080.0,148083728.0,36313620.0,1
1789672858.7627923,speech,322,13,21876758.0,5338332.5,98946104.0,0.0,0.0,1052026752.0,167130400.0,130660568.0,32143726.0,3986378.0,0.0,0.0,0.0,0.0,0.0,2841136.5,1
1789672859.5867429,speech,315,20,739528000.0,509507168.0,563069120.0,0.0,0.0,595307.875,176049.90625,0.0,0.0,113763.640625,0.0,284977.75,26042.119140625,154555.5,162453.8125,114199.3828125,1
1789672859.6441078,speech,331,13,390964256.0,893639872.0,782262464.0,3237942.0,1010062.125,0.0,0.0,0.0,37370.78125,0.0,0.0,155663.1875,0.0,18779.3671875,50339.5546875,0.0,1
1789672860.2191513,speech,334,19,242509488.0,15505286.0,963973888.0,5575576.5,899140.5,0.0,778242.3125,4362480.0,28758508.0,0.0,8083165.0,248630.421875,0.0,116511.59375,478578.25,35739.6015625,1
1789672860.278919,speech,333,10,0.0,0.0,4286374656.0,521167744.0,0.0,0.0,7776740.5,2886444.5,4697711.0,14161247.0,0.0,0.0,0.0,0.0,0.0,3442875.5,1
1789672860.341883,speech,305,19,163697376.0,0.0,69677376.0,0.0,1327892224.0,55974048.0,88211352.0,6563352.0,0.0,0.0,5953347.5,23936794.0,4255663.0,0.0,10951468.0,31749244.0,1
1789672861.0417552,speech,335,16,270261728.0,0.0,1390306304.0,2575944.5,6184029.0,0.0,3684486.5,1077166.0,3313831.75,1771998.875,1088947.5,357376.6875,0.0,0.0,0.0,0.0,1
1789672862.4326622,speech,330,21,119854240.0,972286016.0,840590848.0,0.0,0.0,2543585.0,409331.65625,0.0,26757.021484375,3331385.0,667444.25,2397899.25,0.0,456265.8125,2413840.25,759532.125,1
1789672865.5279996,speech,307,14,866687808.0,0.0,0.0,1496190.0,1434518.375,0.0,0.0,86940.5625,0.0,0.0,0.0,160055.515625,63563.6796875,119292.671875,78527.140625,0.0,1
1789672865.5866773,speech,328,16,1923217920.0,496724384.0,623940416.0,0.0,0.0,1909212.75,31448.208984375,0.0,0.0,472331.46875,0.0,0.0,0.0,0.0,85331.1953125,53517.34375,1
1789672866.3190384,speech,313,33,295654848.0,35184252.0,510679680.0,9130738.0,529541248.0,358588288.0,121048192.0,191175968.0,17855092.0,57023792.0,2765194.0,1201094.875,1848941.625,17654764.0,27861490.0,40206096.0,1
1789672866.377578,speech,321,21,365990112.0,278397920.0,446880192.0,0.0,36938496.0,62763392.0,54295520.0,0.0,194018480.0,0.0,13136528.0,22186580.0,641989.125,2678535.5,0.0,1551773.875,1
1789672866.4394875,speech,336,14,112065824.0,0.0,819248512.0,478765120.0,119838256.0,142156944.0,12877423.0,0.0,0.0,5670241.0,0.0,0.0,0.0,0.0,0.0,8574929.0,1
1789672867.0464358,speech,332,20,1885223.125,91277760.0,698457728.0,73503576.0,0.0,2654242.0,45558344.0,1999917.25,351616.90625,79410064.0,0.0,1730277.25,0.0,45203.62890625,316535.59375,2121647.25,1
1789672867.1183724,speech,334,16,0.0,22835728.0,5312683008.0,930475776.0,8927987.0,675284352.0,121014472.0,0.0,20543984.0,10514366.0,3177346.25,175804.734375,0.0,261965.625,0.0,89038.8125,1
1789672867.647117,speech,327,27,3141214.75,47395400.0,233039568.0,1127249.875,0.0,784687.1875,894718.125,10649494.0,14473350.0,611074.0,1621893.0,10520140.0,0.0,9194369.0,8086932.5,4876020.0,1
1789672867.7111638,speech,328,19,0.0,132292992.0,1037014720.0,0.0,271517664.0,156731968.0,1562331.75,14997934.0,28711206.0,4532897.0,46212840.0,3903778.25,1234838.25,0.0,0.0,201027.640625,1
1789672868.975418,speech,336,18,2367219.0,79630992.0,10657568768.0,521922944.0,0.0,1166597888.0,87961176.0,0.0,30480972.0,83404592.0,5421230.0,0.0,0.0,0.0,84860096.0,114126952.0,1
1789672869.0385156,speech,323,20,30708848.0,38843768.0,1216537088.0,0.0,3299164672.0,28977299456.0,0.0,983524864.0,4889089024.0,0.0,453553696.0,315431040.0,0.0,982406592.0,3958812416.0,111145200.0,1
1789672869.1014946,speech,323,4,0.0,0.0,0.0,0.0,0.0,0.0,163774144.0,0.0,0.0,64615436.0,0.0,0.0,0.0,0.0,0.0,83207144.0,1
1789672869.1474586,speech,323,4,60095952.0,0.0,0.0,0.0,0.0,0.0,95170976.0,69280480.0,0.0,0.0,0.0,0.0,0.0,0.0,0.0,0.0,1
1789672869.858643,speech,334,17,0.0,1132165632.0,919331200.0,1011320640.0,0.0,4997884.0,3905512.25,0.0,4717703.0,3038997.25,157865.296875,296034.1875,0.0,0.0,23499076.0,21803988.0,1
1789672869.918053,speech,334,14,57613680.0,1550643200.0,1617581696.0,29561932.0,13211172.0,24398688.0,2826773.75,0.0,4855121.5,0.0,5707278.5,2748258.25,0.0,0.0,0.0,0.0,1
1789672870.492407,speech,337,14,0.0,11568240.0,756352960.0,230367696.0,12363934.0,27473226.0,6820897.5,0.0,911786.3125,0.0,769344.75,0.0,0.0,0.0,0.0,2259660.0,1
1789672870.557568,speech,331,19,0.0,2695589.5,491958048.0,0.0,319706688.0,1156962176.0,5792902.0,2778758.0,43457044.0,8059280.0,3275916.0,111477096.0,0.0,0.0,15036056.0,854290.5,1
1789672871.0910616,speech,328,21,0.0,59108436.0,200501664.0,6003809.5,0.0,26125306.0,407022.5625,0.0,4755811.5,869754.375,1096147.0,486914.59375,20766.359375,673563.5,2236432.0,2618356.25,1
1789672871.6601148,speech,316,25,89209296.0,3331431.75,1913571.5,0.0,1117332.125,297799.71875,1873137.5,735488.75,430577.5,28166308.0,0.0,23211720.0,0.0,1750806.75,237063.46875,1794236.875,1
1789672871.7181714,speech,312,30,311832288.0,0.0,26606066.0,59658508.0,162325488.0,133965440.0,468858880.0,63130096.0,55627952.0,25367130.0,20189460.0,24518064.0,30978138.0,55022048.0,106804016.0,40133248.0,1
1789672872.1663046,speech,322,27,33559668.0,29119394.0,244304352.0,0.0,0.0,1294781824.0,256182608.0,0.0,71654168.0,12895620.0,41633232.0,18952068.0,4930600.5,27408388.0,24835706.0,37863824.0,1
1789672872.224547,speech,319,22,0.0,0.0,42258272.0,161087488.0,356252096.0,168083680.0,784415168.0,286236832.0,610917376.0,137610752.0,0.0,78303560.0,0.0,14329621.0,61348176.0,10991648.0,1
1789672873.9995973,speech,334,19,2628350.5,0.0,2256318208.0,1018699392.0,68535.125,28647744.0,46707672.0,0.0,2204658.0,11409825.0,0.0,529182.8125,0.0,1843063.5,576508.8125,9657014.0,1
1789672874.0593889,speech,330,15,3430031.5,76178544.0,983373440.0,0.0,51836892.0,15053744.0,16805686.0,0.0,1978361.25,364440.0625,0.0,0.0,0.0,989852.125,242959.53125,2537097.0,1
1789672874.60045,speech,323,22,3584894.75,676000384.0,103149968.0,0.0,7801434.0,0.0,24223160.0,5028634.0,120320.71875,3567302.25,78359.15625,118756.40625,161806.828125,2161.0986328125,347377.15625,167502.859375,1
1789672874.6593297,speech,338,12,1472531.75,1237102080.0,1015991808.0,0.0,91380512.0,0.0,0.0,0.0,0.0,0.0,22089490.0,2828019.5,0.0,47656.9140625,24662.880859375,0.0,1
