timestamp,sound_type,detected_angle,bin_count,band_0,band_1,band_2,band_3,band_4,band_5,band_6,band_7,band_8,band_9,band_10,band_11,band_12,band_13,band_14,band_15,label
1789481576.5819626,speech,337,19,177018176.0,0.0,41766000.0,0.0,263853056.0,38135044.0,0.0,0.0,32096756.0,0.0,3603446.0,3602583.0,2767739.75,4530612.5,9326904.0,2137706.25,1
1789481576.6466036,speech,347,9,0.0,0.0,261000800.0,2644835.5,1730736896.0,0.0,0.0,0.0,0.0,2624940.25,0.0,0.0,0.0,456936.875,0.0,0.0,1
1789481576.6478376,speech,303,6,794374144.0,0.0,0.0,0.0,0.0,0.0,0.0,994693.625,0.0,402303.9375,346948512.0,0.0,0.0,0.0,0.0,0.0,1
1789481576.7112734,speech,344,9,0.0,23627628.0,152547920.0,76513472.0,863101504.0,0.0,0.0,46678704.0,0.0,0.0,0.0,76176184.0,0.0,0.0,0.0,0.0,1
1789481576.7136068,speech,303,14,591780992.0,0.0,4520962.5,0.0,0.0,119260432.0,471903424.0,0.0,0.0,112577992.0,75084136.0,0.0,11755903.0,81558160.0,100866744.0,0.0,1
1789481576.7574518,speech,343,9,0.0,0.0,218439584.0,631576320.0,1013827200.0,88819072.0,0.0,0.0,0.0,0.0,0.0,18255970.0,0.0,2474360.5,0.0,0.0,1
1789481577.2162004,speech,304,17,336075136.0,0.0,35983756.0,0.0,0.0,0.0,353545184.0,612855680.0,0.0,38808760.0,173826848.0,169891104.0,493732736.0,170017312.0,0.0,0.0,1
1789481577.280352,speech,304,18,437015008.0,0.0,0.0,0.0,0.0,0.0,2021839872.0,461890976.0,0.0,340743744.0,3457331456.0,114542824.0,1123187200.0,213490864.0,1782105088.0,157214800.0,1
1789481577.3281617,speech,307,10,352962688.0,0.0,1934602.625,0.0,0.0,0.0,630124864.0,0.0,0.0,605139264.0,2873686528.0,225516416.0,861600128.0,0.0,739725312.0,0.0,1
1789481577.3290117,speech,356,12,0.0,0.0,264178832.0,45531304.0,977971776.0,61842948.0,0.0,1151889024.0,8420506624.0,0.0,0.0,14088439.0,0.0,0.0,0.0,0.0,1
1789481577.3923843,speech,320,9,628948992.0,126871368.0,0.0,35678636.0,0.0,0.0,64333436.0,0.0,0.0,0.0,182647392.0,138954032.0,0.0,0.0,0.0,0.0,1
1789481577.8177168,speech,347,13,340527616.0,1229876480.0,414454976.0,0.0,124844912.0,69182736.0,0.0,0.0,4757929.0,0.0,0.0,0.0,103603.5703125,0.0,0.0,0.0,1
1789481577.8766346,speech,342,14,0.0,665837504.0,318277952.0,637321408.0,291577440.0,80170312.0,7137663.0,1396153.25,1771480.5,829821.125,0.0,0.0,0.0,0.0,0.0,0.0,1
1789481578.5168679,speech,341,18,468723328.0,0.0,0.0,0.0,1258388992.0,94829536.0,0.0,0.0,3609371.5,2924999680.0,27948170.0,391397344.0,0.0,0.0,4262909.5,435169536.0,1
1789481578.5775025,speech,342,18,358370496.0,20725616.0,294213472.0,67426272.0,1060612160.0,494489408.0,0.0,0.0,0.0,6565547008.0,0.0,486495840.0,6925740.0,249949472.0,25331216.0,0.0,1
1789481578.6427302,speech,342,6,355226848.0,2461561.25,137224992.0,0.0,0.0,0.0,0.0,0.0,32889836.0,0.0,0.0,0.0,0.0,0.0,0.0,0.0,1
1789481578.6931436,speech,342,8,0.0,0.0,2820662.5,607777.0625,0.0,0.0,91565008.0,57727944.0,0.0,0.0,0.0,0.0,2534474.75,0.0,0.0,59077640.0,1
1789481578.9933026,speech,343,29,82601736.0,117166976.0,24162010.0,430367296.0,441674048.0,472532480.0,0.0,0.0,370777984.0,407342048.0,99530800.0,122210840.0,0.0,98611384.0,288809376.0,107293808.0,1
1789481579.0575192,speech,338,20,71653968.0,48566144.0,150042752.0,114870768.0,352378176.0,0.0,0.0,0.0,2304150528.0,3273220608.0,1772870016.0,424860000.0,0.0,237575696.0,0.0,221707856.0,1
1789481579.1223924,speech,348,11,0.0,221749408.0,695451648.0,3604961280.0,915030272.0,2629202944.0,0.0,0.0,208766864.0,813472960.0,0.0,0.0,0.0,0.0,0.0,0.0,1
1789481579.187231,speech,348,14,213437536.0,177830352.0,1323354624.0,3488991488.0,0.0,925038720.0,36814944.0,115746976.0,25023052.0,0.0,0.0,3206079.25,0.0,0.0,2010063.5,880867.625,1
1789481579.2334368,speech,346,5,0.0,116364496.0,41015304.0,0.0,1047027328.0,0.0,0.0,0.0,0.0,0.0,0.0,0.0,0.0,0.0,0.0,588062.25,1
1789481579.5968094,speech,348,22,22573328.0,143507648.0,160146128.0,0.0,1095956736.0,2702953728.0,0.0,0.0,54295012.0,142803680.0,69275200.0,57039816.0,0.0,126048080.0,44974008.0,36001784.0,1
1789481579.657969,speech,346,17,325991680.0,177212800.0,158857056.0,0.0,316151360.0,8245306880.0,1344318848.0,0.0,191064416.0,155378160.0,15407569.0,52191168.0,0.0,0.0,556762368.0,886698368.0,1
1789481579.658721,speech,304,5,178802144.0,0.0,0.0,0.0,0.0,0.0,163158096.0,4799990784.0,831543616.0,0.0,0.0,0.0,0.0,0.0,0.0,0.0,1
1789481580.2934968,speech,344,16,0.0,33086824.0,47772976.0,210638736.0,326653728.0,166079584.0,60475416.0,0.0,4012913920.0,1175094656.0,0.0,5123363.0,2566832.0,0.0,0.0,519568736.0,1
1789481580.3531072,speech,328,17,79504728.0,0.0,0.0,0.0,902583616.0,6997934.0,1790887296.0,1077759360.0,5050449920.0,0.0,0.0,0.0,9234338.0,107360888.0,368330752.0,310642400.0,1
1789481580.4168813,speech,325,5,229127824.0,0.0,0.0,0.0,33240034.0,0.0,0.0,295490720.0,0.0,111328800.0,0.0,0.0,0.0,0.0,0.0,0.0,1
1789481580.8637187,speech,356,11,51818884.0,334994976.0,483439360.0,80609664.0,51491732.0,0.0,0.0,0.0,0.0,0.0,0.0,0.0,144631.625,0.0,0.0,683883.125,1
1789481580.9245875,speech,0,9,0.0,1024329536.0,185061648.0,45168584.0,7825927.5,4854331.5,0.0,0.0,0.0,0.0,0.0,0.0,0.0,0.0,0.0,0.0,1
1789481580.9252334,speech,324,6,599916800.0,0.0,0.0,0.0,0.0,0.0,1602858.0,0.0,404258.6875,0.0,0.0,0.0,0.0,0.0,0.0,183384.046875,1
1789481580.98899,speech,323,7,156531520.0,0.0,0.0,0.0,493406.625,0.0,0.0,895594.5,82861.578125,532878.4375,590245.125,0.0,0.0,0.0,0.0,0.0,1
1789481580.9898007,speech,1,5,0.0,0.0,95222144.0,0.0,10922972.0,0.0,0.0,0.0,0.0,0.0,0.0,0.0,0.0,0.0,343166.25,0.0,1
1789481581.3391588,speech,329,9,674144448.0,0.0,0.0,0.0,0.0,0.0,7443773.5,0.0,180532.53125,0.0,0.0,0.0,0.0,418342.3125,0.0,822466.0625,1
1789481581.397791,speech,329,17,2091001216.0,0.0,0.0,0.0,8217621.0,42013404.0,61306536.0,34407520.0,5152977.0,0.0,0.0,373960.6875,0.0,244023.375,1133095.75,1133806.0,1
1789481581.4480765,speech,356,19,1108828928.0,706477504.0,2120037248.0,3193335552.0,7085682176.0,499033216.0,0.0,0.0,0.0,55963308.0,0.0,174147968.0,0.0,11227425.0,100766704.0,128026320.0,1
1789481581.5118346,speech,357,23,1119964544.0,1343466240.0,2639078656.0,16067065856.0,5426440704.0,1010805888.0,0.0,0.0,17973008.0,48422832.0,13945146.0,0.0,0.0,34066240.0,64890764.0,64696628.0,1
1789481581.8803296,speech,2,14,0.0,438220096.0,181972480.0,485370240.0,58236616.0,121786232.0,0.0,0.0,622922.4375,257419.703125,0.0,0.0,0.0,183004.46875,0.0,1118816.0,1
1789481581.9417682,speech,1,15,0.0,623010944.0,274160832.0,927142208.0,160552304.0,0.0,0.0,0.0,4110165.0,2269756.0,777750.6875,0.0,527702.0625,0.0,0.0,1577754.5,1
1789481582.7674193,speech,333,20,1737027584.0,102235704.0,71865448.0,0.0,46225648.0,28304768.0,3231693.5,5908818.0,117280.859375,0.0,0.0,346377.59375,877081.4375,0.0,778774.75,1276837.125,1
1789481582.8265443,speech,336,17,2554889472.0,47188428.0,117828408.0,1011421440.0,1033054912.0,66648696.0,24201106.0,0.0,0.0,0.0,201074.734375,0.0,0.0,740858.6875,289477.78125,4051987.75,1
1789481582.8905563,speech,336,19,111670856.0,0.0,103527504.0,0.0,591694336.0,7044955.0,445589728.0,4018528.0,52389200.0,49943892.0,5322529.5,0.0,0.0,650151.625,723532.8125,1462017.75,1
1789481582.9406965,speech,356,20,0.0,2056873.5,175846320.0,0.0,1044515392.0,10589570.0,0.0,0.0,1274722560.0,17358376.0,537712320.0,34547456.0,0.0,0.0,209773440.0,8961564.0,1
1789481583.006479,speech,354,22,0.0,0.0,277177120.0,95285448.0,963580672.0,382361248.0,1885353856.0,694656576.0,2817029888.0,252217344.0,326426272.0,87375400.0,0.0,5562296.5,0.0,28386960.0,1
1789481583.072208,speech,336,12,412105920.0,0.0,0.0,19678782.0,229185760.0,40982528.0,208129920.0,114286016.0,208500208.0,0.0,2256685.0,0.0,0.0,0.0,0.0,0.0,1
1789481583.340531,speech,355,20,0.0,59668832.0,496598240.0,1975572224.0,4569395200.0,1271752960.0,2730613248.0,0.0,0.0,473855104.0,87534152.0,251181632.0,11826759.0,0.0,0.0,234282176.0,1
1789481583.4000375,speech,330,25,457637216.0,0.0,0.0,0.0,1447349760.0,604246912.0,2556547072.0,3022458624.0,4017420544.0,515039904.0,284794144.0,154193216.0,63479800.0,134067200.0,21756940.0,149670688.0,1
1789481583.4635894,speech,329,18,438672448.0,1292602.75,0.0,0.0,71765392.0,331001216.0,792454272.0,1862739968.0,2630533120.0,0.0,17361256.0,0.0,13395942.0,0.0,14990281.0,2766273.5,1
1789481583.5256777,speech,329,11,272047008.0,2807099.0,0.0,0.0,9328529.0,0.0,0.0,1624686.25,161521968.0,0.0,0.0,0.0,1591134.75,0.0,0.0,25988290.0,1
1789481583.8455884,speech,326,12,715401024.0,0.0,0.0,0.0,33361350.0,25857618.0,0.0,396093.8125,917548.1875,950383.3125,0.0,0.0,497972.5625,0.0,467386.4375,650015.75,1
1789481583.905559,speech,353,13,38932288.0,1430333696.0,164947952.0,232144752.0,795298752.0,0.0,0.0,0.0,2895160.25,324344.75,0.0,0.0,0.0,0.0,148070.546875,0.0,1
1789481583.969012,speech,353,9,3433885.75,0.0,126944776.0,175529552.0,0.0,0.0,0.0,0.0,433266.6875,0.0,256507.15625,70749.625,0.0,133975.734375,0.0,0.0,1
1789481584.1961002,speech,356,14,266254304.0,23780524.0,1185297408.0,306795200.0,135142816.0,69896112.0,0.0,0.0,0.0,11444770.0,0.0,3598826.5,0.0,0.0,0.0,0.0,1
1789481584.2596529,speech,336,21,502445952.0,0.0,0.0,26300350.0,684905792.0,101441352.0,36462728.0,8530696.0,3485587.5,26886418.0,0.0,0.0,1287621.125,0.0,3577157.0,69893120.0,1
1789481584.324679,speech,355,13,0.0,0.0,25478928.0,17921480.0,1714251904.0,14763649.0,0.0,0.0,8510918656.0,2225040384.0,1089198208.0,202863088.0,0.0,0.0,0.0,0.0,1
1789481584.389479,speech,355,9,0.0,3951845.5,98104640.0,0.0,11910916.0,0.0,183600432.0,0.0,118253744.0,0.0,0.0,19907812.0,0.0,9256831.0,0.0,13310393.0,1
1789481584.4342964,speech,330,7,196450144.0,0.0,0.0,0.0,0.0,0.0,133155824.0,21347512.0,0.0,1757555.875,0.0,0.0,8640068.0,0.0,0.0,0.0,1
1789481584.7357974,speech,320,7,480906912.0,0.0,0.0,0.0,0.0,998827.25,2194465.25,874265.125,200587.921875,0.0,0.0,0.0,0.0,0.0,110318.9765625,0.0,1
1789481584.7365446,speech,1,12,0.0,55941252.0,367036928.0,37308760.0,79971112.0,0.0,0.0,0.0,0.0,126101.7265625,0.0,97338.1015625,0.0,152832.6875,164667.40625,0.0,1
1789481584.8633332,speech,350,28,17240176.0,98468176.0,174625344.0,311990592.0,484820416.0,1170786816.0,852539200.0,0.0,0.0,300697792.0,20561398.0,80087016.0,2956655.5,0.0,107315808.0,86549800.0,1
1789481584.9251707,speech,351,21,50496192.0,36402916.0,146563488.0,253489056.0,581848512.0,2278609920.0,0.0,274613760.0,1843661568.0,1413509888.0,830592064.0,554664512.0,0.0,0.0,585699712.0,246293248.0,1
1789481584.990417,speech,340,16,10719074.0,102004848.0,1175239040.0,139229344.0,5815225344.0,0.0,289730656.0,0.0,0.0,381533568.0,0.0,0.0,18410504.0,140873888.0,14386307.0,0.0,1
1789481586.481475,speech,342,25,9474731.0,14646073.0,4813886.5,70287704.0,273595456.0,160306912.0,148955408.0,0.0,424727616.0,716551360.0,60407744.0,65325000.0,0.0,0.0,18006052.0,6854973.5,1
1789481586.546009,speech,345,23,1262318720.0,37849976.0,38354368.0,740959616.0,458185344.0,1059468160.0,171078848.0,0.0,0.0,3667933952.0,39997776.0,775691264.0,0.0,0.0,177093344.0,220648928.0,1
1789481586.6106973,speech,344,17,0.0,8596946.0,13335364.0,90996896.0,192718912.0,1141961472.0,0.0,0.0,2027107456.0,6414279168.0,596150720.0,268029264.0,0.0,0.0,30889216.0,9119612.0,1
1789481586.675792,speech,344,4,11203175.0,0.0,0.0,0.0,0.0,0.0,0.0,0.0,4816664.0,7042034.0,0.0,0.0,13638120.0,0.0,0.0,0.0,1
1789481586.8607478,speech,333,17,692944256.0,81266832.0,609924608.0,180436384.0,32863918.0,14253608.0,3733529.0,0.0,0.0,1785520.5,824450.75,0.0,0.0,0.0,0.0,0.0,1
1789481586.9194038,speech,313,6,2124927232.0,0.0,0.0,0.0,91570816.0,0.0,0.0,0.0,0.0,1920161.0,2204080.0,0.0,0.0,0.0,0.0,0.0,1
1789481586.9815593,speech,323,9,4078601216.0,27000314.0,526839488.0,0.0,0.0,39810380.0,4583120.0,0.0,0.0,1225535.75,0.0,0.0,0.0,0.0,0.0,0.0,1
1789481587.0917583,speech,301,7,30189798.0,195343200.0,1608923136.0,0.0,11946484.0,0.0,0.0,0.0,0.0,622042.0625,0.0,0.0,0.0,0.0,0.0,0.0,1
1789481587.2416093,speech,303,6,288890272.0,0.0,0.0,0.0,7826874.0,16498256.0,0.0,0.0,0.0,0.0,0.0,0.0,0.0,0.0,0.0,0.0,1
1789481587.3004725,speech,307,6,703286784.0,0.0,0.0,0.0,0.0,60673752.0,521572.125,0.0,0.0,0.0,0.0,0.0,0.0,536384.1875,0.0,0.0,1
1789481587.3615923,speech,298,4,868750848.0,0.0,0.0,0.0,0.0,4422372.5,0.0,0.0,0.0,0.0,0.0,0.0,224428.609375,0.0,0.0,0.0,1
1789481588.2565687,speech,301,8,1169378560.0,0.0,0.0,0.0,0.0,0.0,11599038.0,7834476.0,2717378.0,0.0,0.0,0.0,0.0,0.0,0.0,0.0,1
1789481588.3160706,speech,301,8,2058757376.0,0.0,0.0,5787026.0,513291264.0,7078665.0,0.0,0.0,0.0,0.0,0.0,0.0,0.0,0.0,0.0,0.0,1
1789481588.3662796,speech,294,13,0.0,0.0,0.0,0.0,0.0,883857984.0,68273664.0,237611360.0,0.0,102935120.0,22063252.0,648021632.0,19378624.0,0.0,938230.25,0.0,1
1789481588.4303963,speech,293,11,117151880.0,0.0,0.0,0.0,301374528.0,389297216.0,0.0,0.0,0.0,35534800.0,0.0,142032528.0,106997776.0,44863512.0,0.0,0.0,1
1789481588.4935453,speech,280,14,0.0,0.0,91318896.0,93582464.0,0.0,269489152.0,2299083776.0,0.0,0.0,205238496.0,359965280.0,300883392.0,43088864.0,0.0,88470528.0,0.0,1
1789481588.5574102,speech,278,7,0.0,0.0,0.0,0.0,0.0,1782183680.0,1038674240.0,0.0,0.0,0.0,0.0,568582080.0,0.0,100617664.0,95665880.0,0.0,1
1789481588.8597343,speech,294,5,478223584.0,2345480.75,0.0,0.0,1476443.25,0.0,1258390.0,0.0,0.0,0.0,0.0,0.0,0.0,0.0,0.0,0.0,1
1789481588.9191334,speech,280,11,865152192.0,11572032.0,1017898240.0,0.0,40416800.0,0.0,6283372.0,129621.84375,0.0,0.0,0.0,0.0,0.0,0.0,0.0,0.0,1
1789481588.9831676,speech,303,7,1761889408.0,0.0,0.0,539504.0625,0.0,0.0,1826296.5,3714046.0,0.0,0.0,0.0,0.0,0.0,0.0,35464.859375,0.0,1
1789481589.1137922,speech,281,12,0.0,0.0,0.0,0.0,3453868288.0,37178724.0,912030976.0,0.0,126970736.0,68945376.0,38524016.0,25571212.0,2349779.75,177737.5625,0.0,0.0,1
1789481589.174098,speech,291,12,0.0,0.0,277186336.0,0.0,3217746944.0,40483616.0,3725826560.0,0.0,0.0,49499888.0,0.0,6663417.0,0.0,0.0,0.0,0.0,1
1789481589.2393334,speech,280,3,404637056.0,0.0,0.0,0.0,0.0,1753813760.0,0.0,0.0,0.0,0.0,0.0,0.0,0.0,0.0,0.0,0.0,1
1789481589.2401218,speech,331,3,11450691.0,0.0,1655562.5,0.0,0.0,0.0,0.0,0.0,1010145280.0,0.0,0.0,0.0,0.0,0.0,0.0,0.0,1
1789481589.3015516,speech,262,8,0.0,0.0,0.0,97439120.0,52333820.0,1061423872.0,229319552.0,0.0,0.0,62902552.0,0.0,107089784.0,0.0,0.0,0.0,0.0,1
1789481589.495464,speech,280,13,0.0,0.0,0.0,201627392.0,220746496.0,169929968.0,15017848.0,0.0,0.0,209750336.0,11355049.0,5303165.5,0.0,0.0,0.0,0.0,1
1789481589.5551224,speech,275,9,0.0,0.0,0.0,0.0,9629325.0,561771264.0,29907408.0,0.0,4057010.75,0.0,28744180.0,271823040.0,3571884.75,0.0,0.0,0.0,1
1789481589.625132,speech,275,5,0.0,0.0,0.0,0.0,256400320.0,0.0,67233536.0,0.0,0.0,0.0,0.0,26013014.0,0.0,0.0,0.0,0.0,1
1789481589.6767554,speech,278,6,30310156.0,0.0,0.0,0.0,1055198528.0,0.0,0.0,0.0,0.0,7740651.0,0.0,0.0,0.0,0.0,0.0,1727185.5,1
1789481589.6777847,speech,218,3,0.0,0.0,670545344.0,281683456.0,0.0,0.0,0.0,0.0,0.0,0.0,0.0,0.0,0.0,0.0,0.0,0.0,1
1789481589.7805114,speech,284,8,0.0,0.0,0.0,0.0,1051888064.0,194682.578125,60332552.0,0.0,0.0,0.0,0.0,27312634.0,0.0,0.0,0.0,0.0,1
1789481589.8449368,speech,284,8,16200391.0,0.0,0.0,0.0,168417488.0,0.0,0.0,0.0,0.0,31053012.0,506717.0,0.0,0.0,601568.5,0.0,0.0,1
1789481590.0020914,speech,284,7,177387552.0,0.0,0.0,0.0,200906800.0,0.0,0.0,0.0,0.0,11774796.0,190081456.0,0.0,0.0,0.0,0.0,0.0,1
1789481590.047665,speech,292,11,52336368.0,695021.9375,0.0,0.0,392476160.0,0.0,1117145728.0,11794358.0,0.0,21183492.0,0.0,0.0,0.0,0.0,0.0,0.0,1
1789481590.1169653,speech,272,5,0.0,0.0,0.0,0.0,0.0,1566174976.0,107156144.0,0.0,0.0,0.0,0.0,5948301.5,0.0,0.0,0.0,33356306.0,1
1789481591.2715027,speech,297,10,187779360.0,0.0,0.0,0.0,0.0,0.0,45577656.0,0.0,0.0,596141056.0,221377072.0,91957840.0,37248312.0,0.0,0.0,0.0,1
1789481591.3319287,speech,297,12,127218048.0,0.0,10895040.0,0.0,192780144.0,0.0,0.0,0.0,0.0,0.0,785816896.0,119735640.0,0.0,3134287.0,0.0,0.0,1
1789481591.381204,speech,298,11,147992064.0,0.0,113134992.0,0.0,400095456.0,858369.25,0.0,0.0,0.0,0.0,942940928.0,127498760.0,0.0,0.0,0.0,0.0,1
1789481591.5566967,speech,291,4,330186272.0,7059747.0,0.0,0.0,0.0,0.0,0.0,0.0,0.0,0.0,0.0,0.0,0.0,0.0,0.0,0.0,1
1789481591.614936,speech,289,4,414393504.0,0.0,0.0,0.0,38236312.0,0.0,0.0,0.0,0.0,0.0,0.0,0.0,0.0,0.0,0.0,0.0,1
1789481591.874489,speech,270,6,0.0,0.0,0.0,0.0,52272560.0,17172200.0,0.0,0.0,0.0,0.0,0.0,1709788.375,346790.90625,0.0,0.0,0.0,1
1789481591.9406893,speech,296,5,439747616.0,0.0,917409344.0,0.0,0.0,0.0,19759600.0,0.0,0.0,0.0,0.0,0.0,1620266.125,0.0,0.0,0.0,1
1789481592.0103652,speech,262,5,187466032.0,0.0,0.0,0.0,8320313.0,0.0,0.0,0.0,0.0,0.0,0.0,0.0,0.0,0.0,229732.0625,0.0,1
1789481592.159162,speech,279,8,214297056.0,0.0,0.0,0.0,0.0,4462046.0,5952015.5,1186842.125,0.0,0.0,0.0,0.0,561619.5625,966067.3125,0.0,0.0,1
1789481592.2202904,speech,299,6,618014720.0,0.0,0.0,0.0,0.0,0.0,0.0,0.0,0.0,0.0,0.0,2573130.75,981321.5,0.0,820015.3125,0.0,1
1789481592.2858636,speech,287,5,1068871936.0,0.0,0.0,0.0,0.0,0.0,0.0,0.0,0.0,0.0,0.0,0.0,1818766.375,0.0,0.0,0.0,1
1789481592.2868326,speech,249,3,0.0,0.0,2382785792.0,0.0,0.0,0.0,0.0,0.0,0.0,0.0,0.0,0.0,0.0,0.0,0.0,0.0,1
1789481592.984485,speech,265,4,22023110.0,0.0,0.0,0.0,0.0,6306983.0,0.0,0.0,568006.5,0.0,0.0,0.0,0.0,0.0,0.0,26850.134765625,1
1789481593.0428793,speech,244,6,384472960.0,28327956.0,0.0,0.0,19920500.0,0.0,12229469.0,0.0,0.0,0.0,0.0,0.0,0.0,550473.25,0.0,0.0,1
1789481593.1040862,speech,228,7,1600080896.0,0.0,0.0,0.0,0.0,0.0,0.0,0.0,0.0,0.0,979829.875,3691107.0,0.0,192655.0,0.0,0.0,1
1789481593.2389705,speech,307,7,157907200.0,0.0,0.0,1132404.75,0.0,0.0,0.0,228725.9375,366022.6875,0.0,0.0,0.0,0.0,0.0,0.0,0.0,1
1789481593.239744,speech,228,8,0.0,0.0,0.0,0.0,0.0,0.0,3260851.0,0.0,0.0,0.0,633191.125,624490.625,429959.40625,506017.375,0.0,0.0,1
1789481593.289836,speech,223,5,0.0,0.0,267514240.0,0.0,0.0,0.0,2169763.5,285846.4375,0.0,0.0,0.0,1804512.0,0.0,673075.125,0.0,0.0,1
1789481593.3506334,speech,248,4,30176008.0,0.0,2074721792.0,0.0,0.0,0.0,0.0,0.0,0.0,0.0,0.0,0.0,0.0,0.0,0.0,0.0,1
1789481593.4142249,speech,35,7,0.0,0.0,367795072.0,1411777.5,12985834.0,565918.8125,0.0,0.0,0.0,0.0,431295.71875,0.0,459811.125,674776.4375,0.0,0.0,1
1789481594.5076132,speech,147,4,0.0,0.0,667393280.0,564249344.0,624652.25,0.0,0.0,0.0,0.0,0.0,0.0,0.0,0.0,0.0,0.0,0.0,1
1789481594.5675557,speech,169,3,0.0,0.0,1074780416.0,0.0,3628009.75,0.0,0.0,0.0,0.0,0.0,0.0,961150.375,0.0,0.0,0.0,0.0,1
1789481594.6329215,speech,0,7,0.0,0.0,0.0,630004608.0,0.0,0.0,2407449.0,0.0,599770.3125,3953411.25,262822.84375,0.0,0.0,0.0,0.0,0.0,1
1789481597.3926005,speech,269,4,120635056.0,0.0,0.0,0.0,0.0,17606068.0,0.0,0.0,0.0,0.0,0.0,0.0,0.0,0.0,0.0,0.0,1
1789481597.4508445,speech,203,3,0.0,0.0,0.0,0.0,0.0,0.0,2793997.75,9488775.0,0.0,394013.59375,0.0,0.0,0.0,0.0,0.0,0.0,1
1789481597.5163047,speech,232,4,0.0,0.0,0.0,0.0,546365.25,0.0,3519451.25,0.0,0.0,0.0,311279.5625,0.0,0.0,0.0,0.0,0.0,1
1789481597.6769683,speech,263,7,0.0,0.0,0.0,0.0,0.0,261335104.0,9879133.0,0.0,0.0,1239165.625,0.0,1162296.25,14963710.0,0.0,0.0,0.0,1
1789481597.7474663,speech,266,8,0.0,0.0,0.0,0.0,0.0,581723008.0,129161064.0,0.0,0.0,63846368.0,0.0,0.0,79171256.0,103814384.0,1057044.375,0.0,1
1789481597.8117018,speech,278,4,0.0,0.0,0.0,0.0,0.0,0.0,0.0,0.0,0.0,362687616.0,0.0,186746624.0,0.0,0.0,0.0,0.0,1
1789481598.2180343,speech,303,23,140372400.0,0.0,22143036.0,0.0,699316992.0,7115101.5,51729488.0,577238.375,18684754.0,0.0,11241699.0,547998.875,15450193.0,42600656.0,26494400.0,59686880.0,1
1789481598.2868824,speech,318,9,339125728.0,0.0,0.0,0.0,0.0,0.0,15140224.0,0.0,12192250.0,59287228.0,36607392.0,0.0,36481492.0,28259810.0,0.0,0.0,1
1789481598.349142,speech,297,11,195252448.0,0.0,0.0,0.0,0.0,60901988.0,12832294.0,0.0,1748919.5,0.0,0.0,73391144.0,0.0,0.0,872547.3125,581796.5,1
1789481598.4719937,speech,340,11,0.0,0.0,0.0,0.0,0.0,0.0,634273856.0,701751936.0,17500036.0,1430139904.0,0.0,0.0,0.0,0.0,3239281.25,68887512.0,1
1789481598.535837,speech,315,12,108432048.0,146609280.0,0.0,54121004.0,0.0,0.0,9364555.0,0.0,0.0,0.0,2196911872.0,339456576.0,0.0,268123184.0,0.0,126628624.0,1
1789481598.8823318,speech,308,4,39786724.0,0.0,0.0,0.0,0.0,4346664.0,0.0,0.0,0.0,0.0,0.0,0.0,320061.3125,231039.1875,0.0,0.0,1
1789481598.9384358,speech,310,12,2374341120.0,18335888.0,3381299.0,0.0,4587593.0,519428.9375,0.0,0.0,0.0,0.0,0.0,0.0,62211.66796875,0.0,0.0,0.0,1
1789481599.0725002,speech,312,13,14095442.0,0.0,717664128.0,0.0,5460854784.0,5200456192.0,197938672.0,114184784.0,0.0,0.0,0.0,0.0,0.0,65388188.0,0.0,40709940.0,1
1789481599.130224,speech,330,13,549057920.0,992870.6875,2345086.0,9064479.0,0.0,1158804736.0,3323567360.0,2418333952.0,17898504.0,0.0,0.0,0.0,1403144.625,0.0,384564.78125,0.0,1
1789481599.1935346,speech,0,6,0.0,0.0,394481280.0,0.0,0.0,0.0,0.0,0.0,2458376960.0,3052935424.0,0.0,3463348.25,0.0,0.0,0.0,0.0,1
1789481599.1945817,speech,310,7,110165624.0,0.0,0.0,0.0,339690368.0,0.0,642029824.0,0.0,0.0,0.0,0.0,0.0,0.0,4382476.0,221628864.0,0.0,1
1789481599.255569,speech,331,7,0.0,0.0,23384792.0,5397405.0,537274880.0,0.0,0.0,0.0,0.0,18363200.0,0.0,0.0,0.0,8195610.5,0.0,0.0,1
1789481604.0844111,speech,310,8,606529408.0,0.0,1071301888.0,41108148.0,0.0,0.0,0.0,0.0,0.0,0.0,0.0,0.0,521499.75,0.0,0.0,4915523.0,1
1789481604.1429713,speech,296,12,0.0,0.0,0.0,340937024.0,418585856.0,370224768.0,149724.375,0.0,0.0,20067092.0,0.0,11685245.0,0.0,0.0,0.0,15309660.0,1
1789481604.2071707,speech,36,5,41717724.0,0.0,0.0,0.0,204197264.0,45369408.0,9495988.0,0.0,0.0,0.0,0.0,0.0,0.0,0.0,0.0,0.0,1
1789481604.3358445,speech,300,14,0.0,2359884288.0,1254782336.0,919798144.0,9535007744.0,0.0,846632.75,0.0,0.0,2784716800.0,48149480.0,0.0,2737745.75,0.0,10510922.0,1088716.375,1
1789481604.3939486,speech,298,9,0.0,3630079488.0,0.0,5931948.5,20311574528.0,273252736.0,0.0,0.0,0.0,0.0,455533440.0,21486620.0,0.0,0.0,0.0,12952036.0,1
1789481604.7497406,speech,310,23,282967616.0,4038682624.0,6947305984.0,290663072.0,350041024.0,11429172.0,10351484.0,0.0,0.0,3873677.25,3690463.5,3635651.0,0.0,0.0,0.0,145491.75,1
1789481604.8166895,speech,310,6,40720256.0,563729216.0,0.0,91058568.0,6611489.0,0.0,0.0,0.0,0.0,0.0,0.0,0.0,0.0,0.0,0.0,1899954.625,1
1789481604.8613088,speech,309,4,0.0,0.0,10770638.0,72162288.0,4385092.5,0.0,0.0,0.0,0.0,0.0,129635.546875,0.0,0.0,0.0,0.0,0.0,1
1789481604.9227858,speech,303,8,0.0,0.0,71758992.0,0.0,0.0,872272.875,0.0,1062319.5,1300241.0,0.0,203273.984375,285409.0,0.0,0.0,2280215.5,0.0,1
1789481605.09786,speech,295,14,246565504.0,0.0,0.0,0.0,2182336000.0,0.0,16305453.0,0.0,0.0,10360029.0,14883454.0,13383309.0,21203714.0,0.0,0.0,2126869.0,1
1789481605.15668,speech,304,9,332204448.0,0.0,3083002880.0,0.0,1808409344.0,0.0,0.0,0.0,5246490.0,26605916.0,0.0,51683040.0,0.0,0.0,0.0,2733332.5,1
1789481605.2216039,speech,335,7,127147176.0,0.0,5751830528.0,91026336.0,0.0,0.0,0.0,0.0,2322077.25,0.0,0.0,0.0,0.0,0.0,0.0,495056.5625,1
1789481605.2866776,speech,288,4,0.0,5045017.0,333333280.0,0.0,0.0,0.0,0.0,0.0,0.0,0.0,0.0,0.0,0.0,591961.3125,0.0,0.0,1
1789481605.2876623,speech,335,3,0.0,0.0,0.0,0.0,0.0,0.0,0.0,1008476.125,0.0,1146163.875,0.0,0.0,0.0,0.0,56940.5546875,0.0,1
1789481605.3365169,speech,294,8,686717696.0,0.0,15873208.0,0.0,162601008.0,0.0,0.0,640668.5625,0.0,2599030.75,0.0,0.0,0.0,0.0,0.0,0.0,1
1789481605.4005086,speech,291,10,0.0,0.0,449885568.0,9105723392.0,0.0,0.0,0.0,206091.71875,0.0,9121771.0,244720208.0,612589056.0,67755864.0,0.0,0.0,0.0,1
1789481605.464063,speech,291,4,0.0,0.0,0.0,0.0,0.0,6840569.0,0.0,946020.0,0.0,0.0,1165508.875,0.0,0.0,0.0,0.0,582783.9375,1
1789481605.6056292,speech,297,10,0.0,27904044.0,1122400000.0,64652920.0,0.0,0.0,0.0,0.0,0.0,33512284.0,1479764.25,43578856.0,9624240.0,0.0,0.0,0.0,1
1789481605.6656654,speech,295,17,424780896.0,0.0,871866688.0,939303360.0,1036642048.0,0.0,2620476.5,0.0,0.0,24620340.0,6193594.0,28670406.0,37298624.0,0.0,8286662.5,10505856.0,1
1789481605.7294612,speech,294,8,0.0,0.0,321260960.0,0.0,48206048.0,0.0,3173364.5,0.0,0.0,0.0,17818898.0,30245252.0,64019064.0,0.0,0.0,1295494.125,1
1789481605.7922115,speech,294,10,100668696.0,0.0,203009872.0,527998400.0,54308688.0,0.0,2725594.5,0.0,0.0,5870788.5,12093073.0,59967612.0,0.0,0.0,0.0,0.0,1
1789481606.6508622,speech,327,6,2093368832.0,2496402688.0,0.0,0.0,0.0,0.0,0.0,0.0,644445.0625,0.0,0.0,0.0,217730.59375,0.0,0.0,0.0,1
1789481606.7107682,speech,332,10,0.0,6039960576.0,266186608.0,0.0,1055113088.0,0.0,3863337.0,1252124.125,0.0,0.0,0.0,0.0,0.0,0.0,98241.5078125,0.0,1
1789481607.0651963,speech,334,15,256929728.0,26030620.0,0.0,880887.875,0.0,0.0,20988636.0,1169419904.0,95228360.0,2474148608.0,0.0,29481056.0,0.0,0.0,35559180.0,292422528.0,1
1789481607.124896,speech,333,12,220995232.0,197031280.0,45649112.0,175057408.0,0.0,0.0,0.0,0.0,2893803008.0,0.0,0.0,9588432.0,307473984.0,0.0,288853856.0,420820160.0,1
1789481607.190878,speech,357,12,82776104.0,584562816.0,8920759.0,0.0,64518416.0,0.0,0.0,0.0,4952525312.0,909013248.0,21079070.0,76927136.0,0.0,0.0,0.0,0.0,1
1789481607.1917155,speech,312,5,0.0,0.0,0.0,0.0,0.0,611861888.0,3237127936.0,0.0,0.0,0.0,0.0,0.0,0.0,0.0,0.0,68058600.0,1
1789481607.6032398,speech,337,13,326610240.0,26726800.0,1367007488.0,0.0,12122482.0,9751255.0,0.0,0.0,105989520.0,0.0,0.0,0.0,583264.75,0.0,0.0,0.0,1
1789481607.661484,speech,328,19,1877644416.0,595149248.0,7758345728.0,14137443328.0,54181552.0,0.0,0.0,173612816.0,30258536.0,22558152.0,8637571.0,0.0,98680288.0,66831692.0,113047696.0,25737656.0,1
1789481607.7235024,speech,328,6,0.0,0.0,0.0,0.0,0.0,0.0,0.0,19212996.0,0.0,12863968.0,293939.09375,0.0,0.0,15616435.0,0.0,802470.5625,1
1789481607.773291,speech,328,4,0.0,0.0,0.0,159414336.0,85578824.0,0.0,0.0,0.0,0.0,0.0,0.0,0.0,2366982.25,0.0,0.0,5239784.0,1
1789481607.818602,speech,328,4,0.0,0.0,0.0,0.0,3473293.75,0.0,0.0,0.0,977635.875,0.0,0.0,0.0,0.0,1134609.75,0.0,1676281.875,1
1789481607.9173076,speech,340,6,3865678592.0,537317632.0,0.0,0.0,0.0,0.0,0.0,0.0,0.0,0.0,0.0,408005.8125,0.0,0.0,0.0,0.0,1
1789481607.9759161,speech,340,11,3659585280.0,1058065664.0,51023768.0,40825240.0,1568625.875,4985374.0,405431.46875,0.0,0.0,0.0,0.0,273508.65625,0.0,0.0,0.0,168255.5,1
1789481608.2988129,speech,330,17,528129056.0,3963103744.0,0.0,16319113216.0,8158211584.0,0.0,928381.3125,0.0,84884192.0,19137476.0,140317.34375,0.0,0.0,11925676.0,0.0,4699995.5,1
1789481608.3592925,speech,330,17,19119422.0,0.0,205854432.0,5623903744.0,31990394.0,0.0,0.0,4566678.5,0.0,1682726.75,49555120.0,0.0,39871704.0,31808472.0,5420550.0,43359240.0,1
1789481608.3603559,speech,7,6,461259968.0,790897728.0,0.0,0.0,0.0,0.0,0.0,84785200.0,145093872.0,0.0,0.0,3277330.0,0.0,0.0,0.0,0.0,1
1789481608.4229002,speech,325,9,150130304.0,0.0,0.0,0.0,5053791232.0,0.0,0.0,0.0,0.0,0.0,0.0,0.0,115397872.0,2853465600.0,0.0,1012407808.0,1
1789481608.4858766,speech,322,10,407402176.0,0.0,4445311488.0,0.0,2284756480.0,0.0,942048448.0,0.0,7629155.5,0.0,0.0,0.0,0.0,0.0,0.0,0.0,1
1789481608.5488408,speech,322,4,52702636.0,0.0,0.0,0.0,0.0,0.0,0.0,0.0,14963012.0,0.0,0.0,0.0,0.0,14591984.0,0.0,0.0,1
1789481608.6153913,speech,323,4,1809995520.0,0.0,0.0,0.0,0.0,0.0,40110848.0,0.0,0.0,0.0,0.0,0.0,0.0,0.0,0.0,0.0,1
1789481608.6728938,speech,322,6,1304691456.0,242018016.0,51808072.0,13105114.0,0.0,0.0,3617078.0,0.0,0.0,0.0,0.0,0.0,0.0,0.0,0.0,0.0,1
1789481608.734699,speech,323,8,595549824.0,0.0,15990625.0,0.0,738223.9375,2514169.5,0.0,0.0,0.0,0.0,0.0,0.0,0.0,260951.1875,0.0,1657292.375,1
1789481609.0296729,speech,323,19,409645888.0,10601625.0,1578580736.0,0.0,3819742208.0,0.0,29419486.0,2676046.0,0.0,0.0,102693424.0,5555980.0,72195120.0,5361122.5,5686252.5,0.0,1
1789481609.076504,speech,342,11,1283883264.0,42391280.0,4224313600.0,236030272.0,0.0,0.0,7128132.0,0.0,0.0,297958240.0,0.0,0.0,0.0,10457066.0,0.0,3413157.5,1
1789481609.140362,speech,343,10,1781286784.0,15238920.0,13768626176.0,0.0,297304704.0,0.0,0.0,0.0,0.0,0.0,0.0,0.0,0.0,0.0,0.0,0.0,1
1789481609.2043726,speech,344,11,177723120.0,0.0,2052081408.0,0.0,0.0,0.0,0.0,564847.5,78764192.0,0.0,3034645.0,0.0,4349890.5,2688262.0,0.0,0.0,1
1789481609.269719,speech,340,12,0.0,4711294.5,4729928704.0,0.0,30169598.0,0.0,0.0,0.0,0.0,5001790.0,116717136.0,0.0,1194670.375,359837.15625,167297.90625,0.0,1
1789481609.2704859,speech,302,4,884931264.0,0.0,0.0,0.0,0.0,0.0,0.0,0.0,0.0,0.0,0.0,0.0,1244619.25,0.0,0.0,0.0,1
1789481609.9481099,speech,334,19,959700480.0,52018336.0,5067990016.0,984745664.0,1364792064.0,284488960.0,0.0,0.0,21801010.0,230664864.0,9515443.0,0.0,0.0,1105266.5,0.0,663484.625,1
1789481610.0071,speech,334,13,1013510528.0,80670168.0,0.0,23279976.0,0.0,0.0,90483856.0,47472360.0,0.0,0.0,0.0,0.0,646033.125,3659214.5,1930581.5,216310.203125,1
1789481610.056739,speech,315,11,205960128.0,0.0,0.0,316154752.0,1132239360.0,598299136.0,143690976.0,0.0,0.0,0.0,0.0,0.0,0.0,0.0,0.0,0.0,1
1789481610.1189518,speech,331,10,0.0,515957856.0,843179776.0,0.0,1640294656.0,584400512.0,0.0,0.0,0.0,0.0,0.0,0.0,2958954.0,0.0,0.0,5170052.0,1
1789481610.1819265,speech,338,7,2227595264.0,257442048.0,8267063808.0,0.0,0.0,67539584.0,6047642.0,0.0,0.0,0.0,0.0,0.0,0.0,0.0,0.0,0.0,1
1789481610.2472973,speech,357,10,2542595584.0,113303360.0,5313766400.0,508716288.0,28808610.0,0.0,0.0,0.0,0.0,0.0,0.0,0.0,0.0,0.0,0.0,0.0,1
1789481610.3601525,speech,338,18,1720253440.0,157196848.0,6207283200.0,733222080.0,47403200.0,0.0,0.0,3218795.5,0.0,9946503.0,0.0,582974.5,1396050.5,10123574.0,0.0,0.0,1
1789481610.4203274,speech,338,20,0.0,2382638336.0,6625192448.0,541275136.0,460246176.0,0.0,6305569.5,25357572.0,6865715.0,9745766.0,2621303.75,0.0,0.0,18624244.0,2296905.5,30493248.0,1
1789481610.4703295,speech,338,6,27815874.0,54417524.0,0.0,0.0,0.0,0.0,1257171.125,1053408.25,0.0,0.0,0.0,0.0,0.0,0.0,1351758.625,0.0,1
1789481611.0558102,speech,335,20,1981997440.0,140641808.0,3464466176.0,697530944.0,60915904.0,24636566.0,0.0,11777280.0,843850.1875,8455433.0,0.0,0.0,0.0,1111477.625,660463.9375,3802964.0,1
1789481611.115397,speech,331,23,2101476992.0,1818145920.0,365567264.0,23452418048.0,1102550272.0,727235456.0,128375056.0,0.0,160694592.0,638512.375,29855304.0,2528216.5,14967719.0,5699055.0,8214829.0,15140328.0,1
1789481611.1772444,speech,331,9,226711744.0,0.0,1014872896.0,2692409856.0,0.0,0.0,0.0,9326872.0,0.0,0.0,0.0,1240107.5,0.0,491191.65625,0.0,0.0,1
1789481611.309999,speech,336,28,385466688.0,625358592.0,2985083136.0,1743623680.0,1060770816.0,130284448.0,1185217.0,6549164.0,52386592.0,95587888.0,0.0,0.0,0.0,38811872.0,41111988.0,9096105.0,1
1789481611.3699565,speech,329,21,448637760.0,1079934848.0,0.0,7819674624.0,0.0,1607000192.0,1946822656.0,76567536.0,0.0,10627988.0,780369152.0,5263432.0,43846860.0,381415808.0,10344107.0,23426828.0,1
1789481611.4341824,speech,325,11,218713408.0,0.0,4237006848.0,0.0,10397733888.0,0.0,0.0,244115440.0,0.0,0.0,0.0,17385992.0,0.0,0.0,0.0,5537414.5,1
1789481611.4976246,speech,329,15,757444224.0,5200683.5,239594624.0,0.0,447145728.0,0.0,68399392.0,214796640.0,0.0,0.0,199865600.0,0.0,0.0,96710592.0,69042504.0,0.0,1
1789481611.5603104,speech,315,6,516295776.0,0.0,0.0,0.0,0.0,9591377.0,0.0,0.0,0.0,31669820.0,0.0,0.0,0.0,0.0,0.0,1268906.75,1
1789481612.4810147,speech,339,12,5371433472.0,1476411904.0,55832060.0,82537952.0,0.0,0.0,465359.53125,0.0,0.0,221450.1875,0.0,0.0,0.0,115848.921875,62961.08203125,0.0,1
1789481612.5398915,speech,338,6,0.0,3836633344.0,5654384.5,106343088.0,0.0,0.0,0.0,0.0,0.0,0.0,0.0,113476.8359375,0.0,0.0,0.0,0.0,1
1789481612.603675,speech,330,15,9895969792.0,9511028736.0,23792552.0,249213408.0,0.0,28358808.0,2954014.5,0.0,0.0,286962.28125,2057513.0,0.0,458325.09375,90952.1875,99768.734375,0.0,1
1789481612.668563,speech,330,3,0.0,0.0,0.0,2735320.75,0.0,0.0,0.0,0.0,249175.109375,0.0,0.0,0.0,0.0,0.0,0.0,66331.1640625,1
1789481613.180626,speech,333,17,1475694976.0,197323488.0,10424581120.0,5493138432.0,21051180.0,0.0,0.0,1055217792.0,18444516.0,12054237.0,361829.6875,0.0,0.0,0.0,0.0,0.0,1
1789481613.243749,speech,348,12,1855861760.0,569108288.0,2357450496.0,5026909696.0,0.0,0.0,0.0,0.0,0.0,99361904.0,0.0,0.0,155632144.0,0.0,0.0,0.0,1
1789481613.3071854,speech,348,3,9886513.0,31274992.0,0.0,0.0,0.0,0.0,0.0,0.0,0.0,0.0,0.0,0.0,0.0,0.0,8519767.0,0.0,1
1789481613.401839,speech,348,9,37619712.0,45033992.0,24786004.0,0.0,0.0,45429884.0,0.0,0.0,0.0,0.0,0.0,838198.0,3144724.5,1216632.25,0.0,0.0,1
1789481613.4476013,speech,326,19,1521659904.0,613747584.0,5827088896.0,16445888512.0,29642372.0,0.0,3099599.25,27927716.0,0.0,26636880.0,48044728.0,0.0,0.0,3931505.0,66622556.0,2109796.25,1
1789481613.5123723,speech,344,10,573486912.0,0.0,9463345152.0,0.0,464217024.0,0.0,0.0,0.0,144724576.0,29353198.0,0.0,0.0,0.0,0.0,45410576.0,0.0,1
1789481613.576575,speech,340,11,0.0,92361072.0,5706618368.0,0.0,313026368.0,0.0,33689652.0,19524416.0,139220576.0,3947657.75,0.0,0.0,0.0,0.0,0.0,0.0,1
1789481613.6416526,speech,340,8,220291328.0,608108608.0,441028736.0,806403456.0,9043218.0,28492792.0,0.0,0.0,0.0,0.0,0.0,0.0,12529724.0,0.0,0.0,0.0,1
1789481614.3519483,speech,321,7,245530464.0,630845.5625,186589328.0,0.0,240570.75,0.0,0.0,0.0,0.0,0.0,0.0,0.0,0.0,0.0,0.0,0.0,1
1789481614.4117842,speech,329,9,0.0,2617857.75,231287168.0,274679.75,993061.4375,371805.3125,0.0,0.0,297903.75,234798.765625,0.0,0.0,0.0,0.0,0.0,0.0,1
1789481614.4126472,speech,292,8,276941760.0,2007299.625,0.0,0.0,1548266.125,0.0,0.0,37574.03125,0.0,232779.65625,0.0,0.0,0.0,0.0,0.0,127017.578125,1
1789481614.4738925,speech,334,6,4266470400.0,6659759616.0,2257544.75,18745192.0,2931381.0,0.0,0.0,0.0,0.0,0.0,0.0,0.0,0.0,0.0,0.0,0.0,1
1789481614.535908,speech,338,10,18849247232.0,0.0,238371344.0,311507904.0,687804.75,36061176.0,246214.40625,0.0,0.0,0.0,0.0,0.0,0.0,0.0,0.0,179961.4375,1
1789481614.5989044,speech,334,4,2586416640.0,0.0,318714880.0,0.0,0.0,0.0,0.0,0.0,0.0,0.0,0.0,0.0,0.0,0.0,0.0,0.0,1
1789481614.6623437,speech,333,10,0.0,0.0,0.0,333823072.0,64057236.0,0.0,3448466.75,0.0,0.0,0.0,145019.890625,817039.1875,0.0,193240.25,87405.875,0.0,1
1789481614.7271028,speech,335,8,0.0,17910892544.0,1391582848.0,0.0,283297728.0,0.0,0.0,0.0,2735741.5,0.0,0.0,0.0,0.0,0.0,420197.0,0.0,1
1789481614.7895927,speech,335,3,0.0,1898721664.0,0.0,1725958.25,0.0,0.0,0.0,0.0,0.0,0.0,0.0,0.0,0.0,0.0,0.0,0.0,1
1789481614.8909879,speech,328,3,19956882.0,0.0,0.0,0.0,0.0,0.0,1290319.125,0.0,0.0,0.0,0.0,0.0,0.0,0.0,6067408.0,0.0,1
1789481614.954035,speech,274,8,0.0,0.0,0.0,0.0,0.0,3770457856.0,1091769344.0,0.0,0.0,149595664.0,708851840.0,5432277.0,795819904.0,0.0,0.0,0.0,1
1789481615.0172918,speech,288,16,111319960.0,0.0,0.0,52981192.0,120833008.0,2980386816.0,44807320.0,0.0,0.0,951168384.0,1417021440.0,172684272.0,834029248.0,0.0,0.0,0.0,1
1789481615.0827105,speech,277,5,0.0,0.0,34234840.0,0.0,257733136.0,336347328.0,0.0,0.0,0.0,0.0,309204928.0,0.0,0.0,0.0,0.0,0.0,1
1789481615.1472745,speech,301,6,1327251456.0,0.0,2496461056.0,0.0,0.0,0.0,0.0,0.0,0.0,0.0,0.0,0.0,0.0,0.0,0.0,0.0,1
1789481615.9033687,speech,276,12,207369616.0,0.0,82091848.0,0.0,3672846336.0,33333224.0,0.0,0.0,29964564.0,131929056.0,0.0,4519738.0,0.0,0.0,35553.09375,0.0,1
1789481615.9623156,speech,276,12,13886692.0,0.0,0.0,0.0,4567675904.0,0.0,0.0,0.0,162829.09375,1141142784.0,136678160.0,1877214.75,3794746.0,0.0,0.0,0.0,1
1789481616.0112815,speech,276,4,0.0,0.0,0.0,234678560.0,0.0,124904432.0,0.0,0.0,0.0,0.0,49080892.0,10049342.0,0.0,0.0,0.0,0.0,1
1789481616.1263552,speech,274,15,0.0,0.0,0.0,240107488.0,4528725504.0,335074176.0,22935518.0,0.0,0.0,39536240.0,47590608.0,5807400.0,13128905.0,0.0,0.0,0.0,1
1789481616.1863573,speech,272,9,0.0,0.0,36635880.0,0.0,0.0,0.0,1401764096.0,531344.875,199933040.0,260945808.0,0.0,133068768.0,0.0,0.0,0.0,0.0,1
1789481616.2508142,speech,267,9,0.0,0.0,0.0,0.0,1981923712.0,0.0,0.0,0.0,61773856.0,385710080.0,89272392.0,426406848.0,0.0,0.0,0.0,3777993.75,1
1789481616.31516,speech,276,8,0.0,0.0,0.0,0.0,60785532.0,494076032.0,0.0,0.0,82107504.0,219073280.0,658083584.0,269086592.0,0.0,0.0,0.0,0.0,1
1789481616.411177,speech,263,12,19286770.0,0.0,0.0,0.0,775984512.0,2693522944.0,874929920.0,0.0,326003712.0,1458811520.0,29607780.0,53308720.0,0.0,0.0,0.0,0.0,1
1789481616.4750025,speech,270,13,661146624.0,0.0,330815456.0,0.0,5119975936.0,2341709824.0,16191160320.0,0.0,0.0,0.0,4405886976.0,0.0,66489648.0,0.0,0.0,0.0,1
1789481616.5388923,speech,256,8,0.0,0.0,0.0,0.0,27528450048.0,3046775296.0,0.0,0.0,1472771840.0,0.0,0.0,543525184.0,0.0,0.0,0.0,2639544.0,1
1789481616.6029518,speech,260,8,0.0,0.0,0.0,0.0,4727581184.0,288924928.0,0.0,7836778.5,0.0,0.0,0.0,1735157248.0,1356154.125,0.0,0.0,0.0,1
1789481616.8232439,speech,261,13,0.0,0.0,0.0,0.0,688999744.0,2943396352.0,61378792.0,0.0,0.0,1672955008.0,4710035.5,1068306496.0,373668960.0,0.0,0.0,0.0,1
1789481616.8827646,speech,265,8,0.0,0.0,0.0,0.0,2748432640.0,0.0,22844980.0,0.0,767909760.0,568156032.0,34299032.0,2045609600.0,0.0,0.0,0.0,0.0,1
1789481616.9465268,speech,261,10,0.0,0.0,3491766.25,0.0,0.0,3896337408.0,305823168.0,1435530240.0,0.0,0.0,6640640000.0,0.0,1826815616.0,0.0,0.0,383626912.0,1
1789481617.1082952,speech,262,10,0.0,0.0,0.0,266075568.0,46442364.0,9987965.0,0.0,103061192.0,0.0,16675560.0,36713848.0,2431858.75,0.0,0.0,0.0,0.0,1
1789481617.173126,speech,8,5,0.0,0.0,0.0,0.0,441205344.0,0.0,0.0,0.0,0.0,7524224.0,19897036.0,30279856.0,0.0,0.0,0.0,3507113.5,1
1789481617.298887,speech,261,11,0.0,0.0,423564672.0,0.0,2463703040.0,6634655744.0,217657344.0,0.0,0.0,14697653.0,0.0,110043488.0,62670432.0,0.0,0.0,0.0,1
1789481617.3623424,speech,261,6,1306763648.0,0.0,0.0,0.0,0.0,244564672.0,81686680.0,0.0,0.0,0.0,12899756.0,174808704.0,0.0,0.0,0.0,0.0,1
1789481617.407113,speech,271,6,404639392.0,0.0,0.0,0.0,0.0,529937280.0,0.0,0.0,0.0,0.0,0.0,6717235.0,256577664.0,0.0,0.0,0.0,1
1789481620.2330358,speech,48,6,0.0,0.0,246370544.0,0.0,0.0,0.0,0.0,0.0,0.0,0.0,0.0,223788.78125,1380447.0,565033.375,226007.703125,0.0,1
1789481620.2337582,speech,359,4,24426316.0,0.0,100320824.0,0.0,421113.25,0.0,0.0,262344.125,0.0,0.0,0.0,0.0,0.0,0.0,0.0,0.0,1
1789481620.6067681,speech,210,5,1497538.25,1159926784.0,0.0,0.0,0.0,0.0,0.0,357043.0,2557771.25,0.0,0.0,0.0,0.0,0.0,0.0,0.0,1
1789481620.6710284,speech,210,9,42661836.0,0.0,20431414.0,0.0,17873934.0,0.0,1936265.5,0.0,0.0,0.0,0.0,1105736.0,886834.6875,0.0,0.0,0.0,1
1789481621.6091883,speech,196,3,180848432.0,0.0,0.0,0.0,146580.65625,0.0,0.0,0.0,0.0,1083761.125,0.0,0.0,0.0,0.0,0.0,0.0,1
1789481621.83012,speech,197,5,32949038.0,1136983040.0,0.0,0.0,0.0,1402358.875,0.0,0.0,0.0,0.0,0.0,0.0,0.0,0.0,0.0,0.0,1
1789481621.8885522,speech,182,3,0.0,526719552.0,1890511872.0,0.0,0.0,0.0,0.0,0.0,0.0,0.0,0.0,0.0,0.0,0.0,0.0,0.0,1
1789481621.956951,speech,154,7,0.0,2728063232.0,1348347776.0,0.0,0.0,0.0,3920492.0,3677057.5,0.0,13584333.0,0.0,0.0,0.0,0.0,0.0,0.0,1
1789481622.022196,speech,156,6,65449996.0,0.0,0.0,1051765.375,0.0,0.0,0.0,0.0,0.0,0.0,0.0,29218930.0,0.0,608270.3125,0.0,0.0,1
1789481622.4336207,speech,16,4,0.0,16320655.0,9169722.0,0.0,0.0,0.0,0.0,0.0,0.0,0.0,775774.0,6289902.0,0.0,0.0,0.0,0.0,1
1789481622.496463,speech,181,10,0.0,2974886400.0,3775866624.0,0.0,37678204.0,0.0,0.0,9401498.0,5844351.0,3328134.75,0.0,0.0,2474712.25,0.0,0.0,0.0,1
1789481622.5593033,speech,164,3,3691213.5,7494739968.0,2919399680.0,0.0,0.0,0.0,0.0,0.0,0.0,0.0,0.0,0.0,0.0,0.0,0.0,0.0,1
1789481622.622677,speech,164,6,4348262.5,0.0,0.0,0.0,0.0,5851019.5,0.0,0.0,0.0,0.0,0.0,1424096.375,0.0,84392.734375,0.0,0.0,1
1789481622.6699166,speech,202,11,874082176.0,1933296768.0,5895354.0,0.0,14216070.0,35179864.0,166875072.0,0.0,1398474.25,0.0,0.0,0.0,0.0,729039.75,0.0,0.0,1
1789481622.741243,speech,202,3,0.0,0.0,7928767.0,8357271.0,0.0,0.0,0.0,0.0,0.0,0.0,0.0,289607.875,0.0,0.0,0.0,0.0,1
1789481623.1909707,speech,181,12,12098736.0,2413836288.0,2783780864.0,0.0,59593656.0,8770323.0,31800888.0,94258272.0,3821180.25,2044466.5,0.0,0.0,0.0,0.0,0.0,0.0,1
1789481623.2515705,speech,177,16,0.0,0.0,0.0,0.0,5665892.0,291363328.0,6035182.5,0.0,480161024.0,668040448.0,8449743.0,123485488.0,49148108.0,732983.625,1396518.0,0.0,1
1789481623.350909,speech,180,20,176280816.0,649084928.0,330545792.0,0.0,211123888.0,66715332.0,1875934.0,28894752.0,0.0,0.0,5425276.0,25740564.0,0.0,17953052.0,48941468.0,6485269.0,1
1789481623.4103825,speech,171,8,124643424.0,0.0,0.0,4112635136.0,8629341184.0,0.0,0.0,0.0,0.0,0.0,0.0,418626080.0,21325712.0,0.0,0.0,0.0,1
1789481623.4744647,speech,165,6,1793256320.0,660381056.0,4214256384.0,14651473920.0,0.0,0.0,0.0,0.0,0.0,0.0,0.0,29026820.0,0.0,0.0,0.0,0.0,1
1789481623.5384357,speech,169,9,27769808.0,0.0,0.0,0.0,451989376.0,0.0,0.0,0.0,0.0,22421422.0,237315456.0,0.0,684934208.0,0.0,0.0,0.0,1
1789481624.5843298,speech,171,5,0.0,0.0,7021459.0,1193083.75,0.0,0.0,0.0,0.0,0.0,580989.5625,0.0,818790.875,0.0,0.0,0.0,0.0,1
1789481624.6500294,speech,3,3,2566593.0,0.0,23810188.0,0.0,0.0,0.0,0.0,437893.78125,0.0,0.0,0.0,0.0,0.0,0.0,0.0,0.0,1
1789481624.703307,speech,175,7,0.0,0.0,0.0,0.0,0.0,354353.5,21787704.0,0.0,0.0,0.0,668938.375,244763888.0,0.0,0.0,0.0,0.0,1
1789481624.704235,speech,220,8,3123988.0,0.0,0.0,0.0,0.0,207879.8125,0.0,0.0,0.0,0.0,0.0,0.0,6695769.0,61241284.0,7298714.5,0.0,1
1789481624.7673101,speech,217,6,105083040.0,0.0,0.0,0.0,3698198.5,0.0,3807891.5,9887745.0,0.0,207301.65625,0.0,0.0,0.0,0.0,126621.453125,0.0,1
1789481624.7680898,speech,175,3,0.0,0.0,0.0,0.0,0.0,17192836.0,3167724.0,0.0,0.0,0.0,0.0,0.0,0.0,0.0,0.0,0.0,1
1789481624.8316975,speech,197,13,0.0,0.0,0.0,0.0,0.0,0.0,9850152.0,0.0,0.0,0.0,0.0,68774048.0,162649728.0,25153202.0,39644232.0,12064609.0,1
1789481624.8948188,speech,191,9,0.0,3557982464.0,0.0,0.0,588587.125,0.0,361447.28125,0.0,4703895.5,0.0,0.0,6459337.0,0.0,1462424.625,0.0,1539594.5,1
1789481624.9654958,speech,208,4,0.0,13946977280.0,0.0,0.0,0.0,0.0,0.0,0.0,403998.0625,0.0,0.0,0.0,0.0,1597550.625,0.0,0.0,1
1789481625.1279492,speech,182,10,0.0,0.0,0.0,59415044.0,1947131.375,6921914.0,5429070.5,905907.25,4666154.0,0.0,0.0,721864.375,1654053.0,0.0,300889.875,0.0,1
1789481625.1917253,speech,179,13,0.0,0.0,1775160.875,1512881408.0,8562679.0,323444928.0,973362624.0,887162.625,178968160.0,22203480.0,38128856.0,132794496.0,508680.5,0.0,0.0,0.0,1
1789481625.2565656,speech,197,9,0.0,0.0,0.0,0.0,0.0,1377909120.0,254627456.0,118804288.0,204627712.0,0.0,0.0,0.0,133972552.0,57292024.0,0.0,0.0,1
1789481625.31963,speech,197,5,0.0,0.0,0.0,0.0,0.0,0.0,0.0,0.0,0.0,0.0,0.0,1443075.125,56453176.0,7310202.0,0.0,0.0,1
1789481625.3648717,speech,201,6,536235776.0,138734672.0,0.0,0.0,0.0,0.0,0.0,0.0,0.0,0.0,0.0,0.0,3455474.0,524085.8125,0.0,0.0,1
1789481625.4282446,speech,205,3,3740346.0,0.0,0.0,0.0,0.0,0.0,0.0,0.0,0.0,0.0,0.0,325152.3125,0.0,962313.375,0.0,0.0,1
1789481625.9796972,speech,172,17,0.0,0.0,335776448.0,0.0,10608580.0,2745892.75,4480085.0,1917891.0,0.0,861415.75,1246585.875,6584042.5,1322147.25,8650518.0,0.0,25484086.0,1
1789481626.0428011,speech,200,11,2040255232.0,482430336.0,0.0,0.0,0.0,57348120.0,0.0,117324104.0,6545579.5,0.0,0.0,0.0,0.0,109809712.0,380361952.0,0.0,1
1789481626.107878,speech,200,8,412509888.0,1366635.25,0.0,0.0,50592640.0,61258744.0,12988708.0,37638428.0,0.0,0.0,0.0,0.0,0.0,4630727.0,0.0,0.0,1
1789481626.108667,speech,163,8,0.0,0.0,0.0,0.0,0.0,0.0,0.0,0.0,0.0,90816600.0,2967185.25,1586639616.0,140451712.0,0.0,0.0,0.0,1
1789481626.1721375,speech,176,14,0.0,2990908.0,3183849728.0,0.0,571665408.0,3489550.75,48991348.0,0.0,33861220.0,0.0,29430696.0,0.0,115992976.0,61219968.0,0.0,0.0,1
1789481626.5168982,speech,182,11,0.0,0.0,0.0,0.0,0.0,0.0,122831936.0,85700064.0,2952347392.0,426824192.0,0.0,160566016.0,387372160.0,120042008.0,0.0,0.0,1
1789481626.5777116,speech,208,7,0.0,0.0,0.0,0.0,0.0,256579680.0,1688385024.0,258403440.0,0.0,0.0,0.0,0.0,0.0,1020742144.0,0.0,0.0,1
1789481626.6414828,speech,208,3,30929280.0,0.0,0.0,0.0,0.0,0.0,0.0,21305998.0,0.0,0.0,0.0,0.0,0.0,0.0,0.0,0.0,1
1789481628.1646025,speech,197,18,12913103.0,0.0,0.0,0.0,20255540.0,59507216.0,162721696.0,87022008.0,308806080.0,0.0,0.0,0.0,19560864.0,18127774.0,18915056.0,0.0,1
1789481628.2239532,speech,173,14,0.0,265682800.0,3040032.0,310709408.0,0.0,0.0,72453856.0,0.0,4574790144.0,2384909568.0,0.0,499625536.0,15925872.0,0.0,0.0,0.0,1
1789481628.2886405,speech,198,3,20740640.0,0.0,4052969.25,0.0,0.0,0.0,0.0,0.0,0.0,0.0,0.0,0.0,0.0,6279353.0,0.0,0.0,1
1789481629.6211817,speech,187,10,0.0,0.0,0.0,0.0,35287872.0,33527380.0,68352056.0,213723296.0,4338236.0,0.0,0.0,0.0,0.0,0.0,224306.21875,781553.1875,1
1789481629.6806972,speech,189,13,1880721664.0,0.0,0.0,0.0,0.0,65279312.0,10842944.0,459806400.0,202054544.0,0.0,0.0,0.0,22213114.0,4571171.0,4697735.0,0.0,1
1789481629.7457204,speech,201,10,1336301056.0,4269066752.0,1115027.375,0.0,0.0,0.0,0.0,0.0,321697376.0,17483136.0,0.0,0.0,1288440.875,194544752.0,0.0,0.0,1
1789481629.8123293,speech,27,7,0.0,0.0,0.0,3332333824.0,484413632.0,0.0,15092764.0,0.0,24668826.0,0.0,0.0,0.0,0.0,0.0,0.0,0.0,1
1789481629.8670394,speech,190,10,1516073344.0,167900448.0,0.0,0.0,17361912.0,46542308.0,4588399.0,83741056.0,0.0,0.0,0.0,0.0,0.0,0.0,11109241.0,0.0,1
1789481629.9324706,speech,176,11,0.0,0.0,0.0,0.0,1117910656.0,479711424.0,58139136.0,65196112.0,0.0,226184560.0,0.0,530191168.0,0.0,0.0,0.0,0.0,1
1789481629.9333768,speech,141,7,0.0,2187205.75,1669501696.0,0.0,4505689.0,6486754.0,0.0,0.0,0.0,73330320.0,1387431.125,0.0,0.0,0.0,0.0,0.0,1
1789481629.9964027,speech,179,9,0.0,10336495.0,1649504768.0,0.0,0.0,0.0,58365696.0,0.0,7000137.0,0.0,0.0,0.0,262430976.0,818187904.0,0.0,0.0,1
1789481630.0599782,speech,5,8,38033576.0,0.0,597136320.0,0.0,0.0,0.0,11859820.0,0.0,0.0,0.0,6579390.5,14048717.0,0.0,0.0,0.0,0.0,1
1789481630.1362941,speech,5,6,0.0,0.0,28360828.0,561585.875,4463120.0,0.0,0.0,0.0,0.0,222422.828125,0.0,153199.0,0.0,0.0,347106.1875,0.0,1
1789481630.1818063,speech,36,5,0.0,0.0,51918380.0,0.0,1485583.25,0.0,0.0,0.0,0.0,0.0,0.0,0.0,0.0,1960784.25,0.0,0.0,1
1789481630.245617,speech,142,5,0.0,0.0,0.0,0.0,0.0,0.0,0.0,0.0,0.0,124231088.0,0.0,0.0,1462225.375,425659.6875,0.0,0.0,1
1789481630.308969,speech,44,3,0.0,104716872.0,1010478.125,0.0,0.0,0.0,0.0,0.0,0.0,0.0,0.0,0.0,0.0,720513.125,0.0,0.0,1
1789481630.3709543,speech,188,6,0.0,0.0,296617312.0,0.0,268812864.0,26754748.0,322432.78125,0.0,0.0,0.0,0.0,0.0,0.0,0.0,0.0,0.0,1
1789481630.4347754,speech,159,3,0.0,0.0,0.0,1666444.75,131548336.0,107339952.0,0.0,0.0,0.0,0.0,0.0,0.0,0.0,0.0,0.0,0.0,1
1789481630.4984646,speech,192,6,0.0,0.0,0.0,0.0,0.0,0.0,980339584.0,112069168.0,0.0,0.0,0.0,986962.75,0.0,0.0,83242.203125,0.0,1
1789481630.5647748,speech,25,11,134468496.0,0.0,366020832.0,29144182.0,23649836.0,0.0,6651219.0,4989230.0,4615057.0,406795.78125,0.0,0.0,0.0,0.0,0.0,0.0,1
1789481631.553676,speech,187,13,1123746304.0,0.0,0.0,0.0,43530304.0,24569824.0,128505776.0,283485536.0,26180930.0,0.0,71426.8046875,672695.6875,0.0,0.0,110337.296875,0.0,1
1789481631.6166348,speech,174,5,4447138816.0,4339883008.0,0.0,0.0,0.0,0.0,0.0,0.0,0.0,0.0,0.0,0.0,5887210.5,0.0,0.0,0.0,1
1789481631.6826236,speech,211,5,1746336256.0,364340064.0,0.0,0.0,0.0,0.0,0.0,0.0,0.0,0.0,0.0,0.0,0.0,0.0,56032.0703125,0.0,1
1789481631.8382916,speech,174,29,46509352.0,190897056.0,435373504.0,160599296.0,136466144.0,22071376.0,18799084.0,18867484.0,21981084.0,63736680.0,5995581.0,53704000.0,20567248.0,0.0,759156.6875,406309.15625,1
1789481631.8835886,speech,162,10,1552382080.0,0.0,140843216.0,13107091456.0,0.0,0.0,0.0,0.0,0.0,912536.25,1923722752.0,1888550784.0,4357505.0,0.0,0.0,0.0,1
1789481631.9481902,speech,187,8,0.0,0.0,0.0,0.0,2559913.75,126420832.0,0.0,134019864.0,0.0,0.0,0.0,50507208.0,616525376.0,0.0,0.0,0.0,1
1789481632.0132718,speech,188,7,2351260160.0,0.0,0.0,0.0,9802784.0,0.0,11630089.0,28919944.0,0.0,0.0,0.0,232927024.0,0.0,0.0,0.0,0.0,1
1789481632.0781562,speech,182,9,24654872.0,0.0,590814976.0,0.0,27888654.0,4354748.0,7682888.5,0.0,1725845.875,0.0,0.0,8800136.0,0.0,0.0,0.0,0.0,1
1789481632.5975745,speech,170,4,2315481344.0,435507712.0,0.0,0.0,0.0,0.0,0.0,0.0,0.0,0.0,0.0,0.0,0.0,809047.75,0.0,0.0,1
1789481632.6562998,speech,160,3,2068486400.0,3807305216.0,0.0,0.0,0.0,0.0,0.0,0.0,0.0,0.0,0.0,0.0,0.0,0.0,0.0,0.0,1
1789481632.784684,speech,117,4,0.0,0.0,1084900.75,0.0,0.0,0.0,0.0,0.0,0.0,0.0,0.0,1097970.0,0.0,94279.65625,0.0,0.0,1
1789481632.8395965,speech,213,4,142426224.0,0.0,26725776.0,0.0,0.0,0.0,0.0,0.0,219238.53125,0.0,0.0,0.0,0.0,0.0,0.0,0.0,1
1789481633.0724883,speech,189,21,90902624.0,0.0,0.0,0.0,606894720.0,799172992.0,457546208.0,1434218752.0,400334336.0,0.0,0.0,113613984.0,17117480.0,5381309.5,2088115.25,0.0,1
1789481633.1327035,speech,191,11,0.0,0.0,328623392.0,0.0,3686648320.0,0.0,8418405376.0,10688344.0,0.0,0.0,0.0,0.0,1813946.125,21654592.0,0.0,0.0,1
1789481633.1975684,speech,177,9,0.0,4764997.5,2571009536.0,105647432.0,0.0,0.0,0.0,0.0,0.0,16439428.0,0.0,777454144.0,0.0,0.0,0.0,0.0,1
1789481633.2677324,speech,177,7,0.0,0.0,224631360.0,0.0,0.0,0.0,99889368.0,0.0,60490304.0,0.0,0.0,0.0,12729364.0,0.0,0.0,0.0,1
1789481634.308348,speech,184,11,0.0,2109080.25,741795968.0,0.0,92665416.0,0.0,27756902.0,0.0,0.0,0.0,0.0,0.0,58959.609375,0.0,0.0,21066.8515625,1
1789481634.367915,speech,186,13,714127744.0,0.0,0.0,0.0,195030336.0,88649768.0,406941696.0,293465728.0,6915014.0,0.0,1498079.5,6960118.0,0.0,0.0,0.0,0.0,1
1789481634.4321606,speech,192,12,365860192.0,398433664.0,0.0,572725888.0,0.0,4925620224.0,1084816384.0,2128210176.0,5217165824.0,0.0,0.0,10403084.0,2903584256.0,1126822144.0,0.0,0.0,1
1789481634.6270494,speech,192,10,14403328.0,0.0,16022088.0,4532738.0,0.0,0.0,1377162.5,0.0,0.0,0.0,0.0,7279797.0,0.0,928551.0,0.0,0.0,1
1789481634.6712346,speech,144,7,3442251264.0,2018693888.0,0.0,0.0,0.0,0.0,0.0,0.0,10175438.0,0.0,0.0,2700221.5,0.0,0.0,0.0,0.0,1
1789481634.7354076,speech,195,10,682421056.0,417895872.0,163355360.0,6761494.0,2754265.75,0.0,0.0,0.0,0.0,0.0,0.0,17397216.0,2719838.5,0.0,0.0,0.0,1
1789481634.7990444,speech,195,6,190531872.0,131435536.0,121348688.0,0.0,0.0,1794216.25,0.0,0.0,0.0,0.0,0.0,439928.46875,1313735.75,0.0,0.0,0.0,1
1789481635.0055575,speech,195,5,0.0,0.0,0.0,1048650.5,0.0,0.0,0.0,0.0,0.0,0.0,0.0,713878.6875,0.0,6132188.0,3273547.5,0.0,1
1789481635.0497324,speech,211,4,393530432.0,0.0,0.0,0.0,0.0,0.0,0.0,0.0,0.0,0.0,0.0,0.0,0.0,2517204.25,2858569.5,0.0,1
1789481635.114135,speech,202,4,0.0,319936160.0,0.0,0.0,0.0,0.0,362610.96875,0.0,0.0,0.0,0.0,0.0,0.0,954459.75,1764925.25,0.0,1
1789481635.2217398,speech,205,3,107029352.0,0.0,0.0,0.0,0.0,0.0,0.0,0.0,0.0,0.0,0.0,0.0,0.0,3897094.25,0.0,0.0,1
1789481635.6062143,speech,172,12,4254730752.0,0.0,0.0,509537248.0,7215111.5,34088308.0,17290480.0,0.0,26568360.0,120141.171875,0.0,2704144.25,37614128.0,0.0,0.0,0.0,1
1789481635.6665862,speech,135,7,6854597632.0,4076422400.0,0.0,0.0,0.0,0.0,0.0,0.0,0.0,104136888.0,30047128.0,0.0,0.0,161677.1875,0.0,0.0,1
1789481635.7299917,speech,145,5,0.0,0.0,0.0,0.0,8184518.5,1861755.0,0.0,0.0,0.0,62825416.0,0.0,0.0,0.0,0.0,0.0,0.0,1
1789481635.8885975,speech,183,4,0.0,3264487.0,44895208.0,0.0,0.0,0.0,0.0,0.0,0.0,78696.6484375,0.0,0.0,0.0,0.0,0.0,623481.0625,1
1789481635.986619,speech,176,11,0.0,7874178.5,937243648.0,0.0,14855920.0,398937.75,0.0,0.0,3731860.5,0.0,2222904.5,7682362.0,0.0,0.0,0.0,0.0,1
1789481636.0519063,speech,178,10,0.0,0.0,94070984.0,0.0,34086040.0,12924528.0,18592480.0,7396193.0,76721024.0,0.0,0.0,51817560.0,0.0,0.0,0.0,0.0,1
1789481636.1621869,speech,189,6,0.0,0.0,36976572.0,0.0,129250336.0,362661376.0,18250902.0,0.0,0.0,0.0,0.0,0.0,0.0,0.0,0.0,0.0,1
1789481636.278,speech,29,4,0.0,0.0,0.0,0.0,0.0,0.0,0.0,0.0,0.0,0.0,0.0,4303015.0,35557592.0,0.0,2881347.5,681761.1875,1
1789481636.3288064,speech,173,15,0.0,171064832.0,30396028.0,0.0,66511348.0,12365934.0,7690563.5,5220259.0,7208832.5,1272454.125,0.0,4223656.5,0.0,10029798.0,7324674.0,0.0,1
1789481636.3934152,speech,178,13,0.0,8788102.0,3095616512.0,0.0,1430811520.0,233003168.0,99763464.0,0.0,8486422.0,0.0,30301718.0,476813088.0,0.0,0.0,0.0,0.0,1
1789481636.4570615,speech,178,8,0.0,796876160.0,0.0,83988944.0,197481248.0,81466592.0,58496296.0,0.0,0.0,0.0,0.0,1297064704.0,42898328.0,0.0,0.0,0.0,1
1789481636.506188,speech,182,3,0.0,0.0,0.0,197878624.0,0.0,0.0,0.0,0.0,6932116.0,0.0,0.0,0.0,0.0,0.0,0.0,0.0,1
1789481637.3489604,speech,217,4,12028640.0,13967478.0,15856372.0,0.0,0.0,0.0,0.0,0.0,0.0,0.0,0.0,0.0,0.0,0.0,0.0,0.0,1
1789481637.4082553,speech,216,5,51691728.0,0.0,57803864.0,0.0,2386372.0,0.0,0.0,0.0,0.0,0.0,0.0,0.0,0.0,0.0,0.0,966485.3125,1
1789481637.470258,speech,200,11,0.0,0.0,0.0,0.0,17169212.0,56031980.0,0.0,18089392.0,0.0,0.0,0.0,13788050.0,1020377.6875,64320136.0,13332184.0,29572256.0,1
1789481637.5343168,speech,209,5,0.0,0.0,0.0,0.0,76663792.0,0.0,119764176.0,0.0,0.0,0.0,0.0,0.0,0.0,0.0,0.0,0.0,1
1789481637.597472,speech,187,7,0.0,0.0,0.0,0.0,0.0,0.0,54558028.0,0.0,5617382.0,594433.6875,0.0,0.0,0.0,0.0,0.0,192816.03125,1
1789481637.6636438,speech,215,6,82141368.0,0.0,0.0,0.0,0.0,2504198.25,0.0,0.0,0.0,400306.90625,0.0,1327887.75,0.0,0.0,0.0,0.0,1
1789481637.7323515,speech,217,5,33894116.0,748964160.0,0.0,0.0,428194.53125,0.0,0.0,1772166.0,0.0,0.0,0.0,0.0,0.0,0.0,0.0,471232.15625,1
1789481638.45197,speech,176,5,0.0,0.0,366291904.0,0.0,0.0,0.0,0.0,1262366.125,0.0,0.0,0.0,3682611.0,0.0,0.0,0.0,0.0,1
1789481638.5144477,speech,203,5,3203287552.0,1094177664.0,0.0,0.0,0.0,0.0,0.0,0.0,0.0,0.0,0.0,1525601.5,2082500.875,0.0,0.0,0.0,1
1789481638.5789824,speech,204,3,27996726.0,0.0,0.0,0.0,0.0,0.0,0.0,0.0,0.0,0.0,0.0,0.0,0.0,0.0,39410.3125,23115.837890625,1
1789481638.6411695,speech,188,11,1958839168.0,1736208256.0,5023166.5,17232040.0,0.0,5815311.0,0.0,9191096.0,0.0,0.0,0.0,17741638.0,0.0,1651529.875,0.0,0.0,1
1789481638.755489,speech,219,5,2437031936.0,773759040.0,0.0,0.0,0.0,0.0,0.0,0.0,0.0,231332.296875,0.0,0.0,0.0,0.0,0.0,0.0,1
1789481639.0901453,speech,228,4,48115664.0,0.0,6234273.0,0.0,0.0,0.0,0.0,0.0,0.0,0.0,0.0,0.0,0.0,0.0,246716.46875,0.0,1
1789481639.200618,speech,218,11,653850560.0,0.0,154903152.0,0.0,6300740.0,5169198.5,4016979.75,0.0,16146852.0,0.0,0.0,0.0,0.0,0.0,5019766.0,4198526.0,1
1789481639.2687075,speech,212,10,0.0,0.0,1644343040.0,12472020.0,87362512.0,41873888.0,126799504.0,166516624.0,0.0,2929098.25,0.0,0.0,0.0,0.0,0.0,0.0,1
1789481639.330755,speech,220,14,0.0,182964752.0,588336128.0,2513468416.0,1553380992.0,2692512768.0,832540160.0,2617231104.0,195716544.0,0.0,0.0,0.0,8261886.0,0.0,0.0,0.0,1
1789481639.3922248,speech,201,11,0.0,184034320.0,1789746944.0,0.0,0.0,0.0,214781024.0,0.0,0.0,0.0,3192543232.0,2011433984.0,0.0,0.0,4905105.5,0.0,1
1789481639.4561267,speech,220,7,447921504.0,0.0,0.0,0.0,0.0,688495232.0,0.0,0.0,0.0,0.0,0.0,0.0,375623808.0,0.0,0.0,17232448.0,1
1789481639.5261197,speech,216,11,2080371200.0,760667456.0,0.0,0.0,91593168.0,0.0,0.0,213706368.0,0.0,0.0,0.0,701656256.0,1204199168.0,0.0,30756552.0,0.0,1
1789481639.5864885,speech,189,9,0.0,0.0,10882127872.0,0.0,0.0,0.0,42741440.0,0.0,23297290.0,0.0,216613280.0,1949687424.0,0.0,0.0,0.0,0.0,1
1789481639.6488338,speech,189,4,0.0,0.0,0.0,0.0,0.0,17011944.0,0.0,14012676.0,26198234.0,14400368.0,0.0,0.0,0.0,0.0,0.0,0.0,1
1789481639.6976025,speech,189,4,0.0,344550656.0,0.0,0.0,0.0,14772018.0,0.0,0.0,13963985.0,0.0,0.0,0.0,0.0,1629149.5,0.0,0.0,1
1789481640.5388598,speech,123,4,286162080.0,0.0,0.0,0.0,0.0,0.0,663705.8125,0.0,0.0,0.0,321781.53125,0.0,0.0,0.0,0.0,0.0,1
1789481640.5928926,speech,197,15,203942864.0,5192611328.0,0.0,0.0,0.0,0.0,0.0,2075030.25,1171920.75,0.0,15408070.0,98711888.0,12483160.0,27923908.0,0.0,2010827.75,1
1789481640.6561642,speech,203,4,1685916800.0,0.0,0.0,0.0,0.0,0.0,0.0,0.0,0.0,5168295.0,0.0,49121744.0,0.0,0.0,0.0,0.0,1
1789481640.7200754,speech,203,6,0.0,0.0,0.0,0.0,0.0,0.0,15810443.0,8719944.0,4167851.0,0.0,0.0,5256425.5,0.0,0.0,0.0,0.0,1
1789481640.7777693,speech,182,5,0.0,1076204032.0,0.0,0.0,50484116.0,7358414.5,0.0,0.0,0.0,0.0,0.0,0.0,0.0,0.0,0.0,0.0,1
1789481640.910687,speech,164,4,1264504832.0,2554217472.0,0.0,0.0,0.0,0.0,0.0,0.0,0.0,0.0,0.0,0.0,0.0,0.0,0.0,0.0,1
1789481641.6233366,speech,203,15,61779364.0,0.0,0.0,35944416.0,214970464.0,106786336.0,58914024.0,27875120.0,11872641.0,0.0,0.0,0.0,0.0,0.0,0.0,0.0,1
1789481641.6867123,speech,203,12,1453430.0,0.0,0.0,0.0,0.0,1187093760.0,0.0,1391350272.0,215803776.0,0.0,12868983.0,23847944.0,28529216.0,0.0,14586452.0,0.0,1
1789481641.7320566,speech,211,11,1891276544.0,544896064.0,0.0,0.0,929517696.0,7546722304.0,0.0,0.0,0.0,0.0,0.0,0.0,27811232.0,0.0,18355472.0,0.0,1
1789481641.7957919,speech,211,9,0.0,0.0,0.0,0.0,0.0,0.0,1593640448.0,0.0,27394272.0,598163200.0,0.0,55037892.0,0.0,6759267.0,11813351.0,0.0,1
1789481641.852569,speech,211,13,0.0,0.0,1228037632.0,0.0,99580712.0,0.0,83777256.0,0.0,0.0,24472484.0,1217685.25,172121280.0,4165287.0,8691959.0,0.0,177986.5625,1
1789481641.9095511,speech,210,9,9268716.0,0.0,0.0,10106328.0,28690752.0,0.0,4278618.5,0.0,0.0,0.0,0.0,0.0,0.0,33431820.0,15059708.0,0.0,1
1789481641.9678059,speech,207,6,0.0,0.0,0.0,0.0,0.0,233538624.0,15862030.0,1041358400.0,76932608.0,0.0,0.0,0.0,0.0,0.0,0.0,0.0,1
1789481642.03063,speech,207,8,0.0,0.0,0.0,0.0,0.0,0.0,0.0,0.0,0.0,0.0,944378.125,5492034.0,13283173.0,793586.625,0.0,1717477.5,1
1789481642.1270018,speech,207,6,0.0,0.0,33593024.0,0.0,146766.0625,0.0,0.0,0.0,0.0,370276.125,68868.6953125,156825.296875,0.0,266061.84375,0.0,0.0,1
1789481642.1759014,speech,165,4,10166167552.0,892159232.0,0.0,0.0,0.0,12096415.0,0.0,0.0,0.0,0.0,0.0,0.0,0.0,0.0,0.0,0.0,1
1789481642.2391858,speech,181,4,16312883200.0,0.0,0.0,0.0,0.0,0.0,0.0,126269264.0,0.0,0.0,0.0,0.0,0.0,0.0,0.0,0.0,1
1789481642.8274424,speech,346,5,211114.9375,0.0,9391350.0,3062570.5,0.0,0.0,0.0,295474.5,0.0,0.0,0.0,0.0,0.0,0.0,0.0,0.0,1
1789481642.8782382,speech,8,4,0.0,0.0,17510172.0,0.0,1028234.25,0.0,0.0,0.0,0.0,0.0,0.0,0.0,0.0,0.0,0.0,0.0,1
1789481643.0090594,speech,344,3,19060954.0,0.0,0.0,0.0,0.0,0.0,0.0,2284391.25,0.0,0.0,0.0,0.0,0.0,0.0,873358.875,0.0,1
1789481644.5702746,speech,15,5,0.0,0.0,0.0,0.0,835781.875,0.0,0.0,0.0,0.0,243480.828125,0.0,35690.328125,0.0,126595.90625,0.0,0.0,1
1789481644.5711331,speech,55,3,0.0,0.0,0.0,0.0,0.0,0.0,0.0,0.0,0.0,0.0,102065.953125,0.0,220890.046875,290023.25,0.0,0.0,1
1789481644.6408262,speech,70,8,0.0,493032.125,971268.75,638058.8125,0.0,0.0,0.0,1138559.625,250757.5,188147.40625,213793.390625,0.0,0.0,0.0,0.0,0.0,1
1789481644.757365,speech,82,7,0.0,1163888.75,0.0,0.0,0.0,0.0,0.0,0.0,0.0,0.0,626377.0,3993493.25,117433.34375,538403.875,0.0,0.0,1
1789481644.8218281,speech,52,5,1554956.0,697215.625,0.0,0.0,0.0,401068.9375,0.0,0.0,0.0,18391.7421875,0.0,190244.0,0.0,0.0,0.0,0.0,1
1789481647.2588964,speech,359,11,0.0,0.0,0.0,327836.625,9690698.0,0.0,2808210.0,2193934.5,0.0,1640559.0,0.0,0.0,0.0,0.0,0.0,1334140.125,1
1789481647.317866,speech,340,7,0.0,0.0,0.0,0.0,0.0,0.0,0.0,375601.21875,413711.0625,628836.8125,0.0,567583.9375,568588.875,0.0,0.0,0.0,1
1789481647.3827257,speech,78,6,0.0,0.0,0.0,944036.375,1309738.0,0.0,0.0,1366195.75,0.0,0.0,0.0,0.0,0.0,0.0,0.0,0.0,1
1789481647.4388058,speech,228,4,12603369.0,7868390.5,0.0,0.0,0.0,0.0,2799397.5,0.0,0.0,0.0,0.0,1162993.5,0.0,0.0,0.0,0.0,1
1789481647.5578399,speech,348,9,0.0,0.0,77799016.0,0.0,4585019.5,0.0,0.0,0.0,0.0,8079356.5,1203234.625,1851754.75,0.0,0.0,0.0,799389.0,1
1789481648.7130373,speech,209,3,255624864.0,0.0,0.0,0.0,0.0,0.0,0.0,0.0,0.0,0.0,0.0,0.0,0.0,0.0,22298.494140625,0.0,1
1789481648.8995311,speech,209,6,720114176.0,150317280.0,0.0,0.0,0.0,0.0,0.0,0.0,0.0,0.0,0.0,0.0,368623.4375,0.0,3676955.0,0.0,1
1789481648.9629946,speech,209,3,65578760.0,0.0,0.0,0.0,0.0,0.0,0.0,0.0,0.0,0.0,0.0,0.0,0.0,0.0,418193.46875,0.0,1
1789481649.1577961,speech,171,15,0.0,43036880.0,990777088.0,0.0,65700924.0,0.0,18869336.0,934554.875,7496139.0,0.0,48087560.0,15460168.0,0.0,0.0,0.0,0.0,1
1789481649.2215338,speech,210,10,255765184.0,0.0,0.0,0.0,0.0,0.0,686277312.0,804256384.0,0.0,0.0,0.0,522765504.0,0.0,2760482816.0,204069952.0,0.0,1
1789481649.2922122,speech,215,4,0.0,0.0,0.0,0.0,0.0,0.0,0.0,9545251840.0,854131648.0,0.0,0.0,0.0,74434384.0,0.0,0.0,0.0,1
1789481649.4425745,speech,176,6,0.0,0.0,192231552.0,0.0,28309932.0,0.0,933880.0625,0.0,4847285.0,1772420.5,0.0,0.0,0.0,0.0,0.0,0.0,1
1789481650.3610358,speech,172,4,0.0,0.0,0.0,0.0,55310664.0,0.0,21998934.0,5271059.5,0.0,0.0,0.0,0.0,0.0,0.0,0.0,0.0,1
1789481650.4258869,speech,199,18,3519612928.0,1260969856.0,56326904.0,0.0,0.0,338529536.0,36833088.0,271663936.0,51293688.0,0.0,0.0,0.0,379594400.0,64566732.0,226046912.0,0.0,1
1789481650.5503016,speech,169,8,1363021312.0,0.0,2000801536.0,15684645888.0,13934379.0,1091808512.0,0.0,0.0,0.0,0.0,0.0,0.0,0.0,0.0,0.0,0.0,1
1789481650.609277,speech,169,5,0.0,0.0,0.0,0.0,222927424.0,2060872192.0,3628927.0,0.0,0.0,1275083.5,0.0,0.0,0.0,0.0,0.0,0.0,1
1789481650.6597497,speech,183,16,0.0,123294656.0,0.0,823292096.0,2563121152.0,0.0,153580560.0,0.0,0.0,0.0,907546496.0,3213421056.0,1198253184.0,364739776.0,0.0,0.0,1
1789481650.7246099,speech,183,8,0.0,0.0,0.0,0.0,0.0,1674380160.0,115000944.0,56980616.0,0.0,0.0,0.0,322200448.0,74340920.0,110637248.0,0.0,0.0,1
1789481650.768713,speech,183,7,0.0,0.0,55925208.0,1036481472.0,335636768.0,730525952.0,48968056.0,49871724.0,0.0,0.0,0.0,0.0,0.0,0.0,0.0,0.0,1
1789481650.818447,speech,185,5,38795740.0,0.0,0.0,0.0,533164416.0,0.0,48216136.0,0.0,40784552.0,0.0,0.0,140595104.0,0.0,0.0,0.0,0.0,1
1789481650.883031,speech,188,6,429679296.0,14023399.0,0.0,0.0,3259752448.0,340453312.0,0.0,0.0,0.0,0.0,0.0,0.0,0.0,10001729.0,0.0,0.0,1
1789481650.948621,speech,196,4,617787520.0,26255200.0,0.0,0.0,0.0,0.0,0.0,0.0,0.0,0.0,0.0,0.0,0.0,0.0,0.0,0.0,1
1789481651.0134647,speech,196,3,0.0,0.0,5855945.5,0.0,1787318.75,0.0,0.0,0.0,0.0,0.0,0.0,0.0,0.0,468580.9375,0.0,0.0,1
1789481651.12139,speech,189,13,0.0,0.0,46376672.0,0.0,87055416.0,2495844352.0,608406912.0,193355840.0,162352352.0,0.0,0.0,13482398.0,0.0,0.0,81727504.0,0.0,1
1789481651.185226,speech,193,14,0.0,0.0,0.0,0.0,54526424.0,849516544.0,13712114688.0,0.0,1396776576.0,1249264512.0,0.0,10750211072.0,0.0,490089472.0,40893324.0,0.0,1
1789481651.5336163,speech,198,19,68350416.0,0.0,0.0,0.0,19166934.0,12250986.0,37044376.0,4589386.5,10488966.0,0.0,0.0,110304240.0,16878848.0,16445006.0,5895757.5,0.0,1
1789481651.5946276,speech,206,5,0.0,34368584.0,0.0,0.0,0.0,0.0,0.0,34896396.0,115649808.0,0.0,0.0,0.0,2888241.25,680470.9375,0.0,0.0,1
1789481651.6580722,speech,189,16,0.0,163270816.0,1801565184.0,29784558.0,63960168.0,30049784.0,1395326.875,337554976.0,372213856.0,2319853.75,0.0,3252045.75,1994569.75,0.0,0.0,0.0,1
1789481651.7209284,speech,189,5,0.0,0.0,0.0,0.0,9077826.0,0.0,7695198.0,0.0,0.0,18334962.0,0.0,0.0,0.0,13516901.0,0.0,0.0,1
1789481651.7710624,speech,207,4,1815529856.0,13334068.0,0.0,0.0,0.0,0.0,0.0,0.0,0.0,0.0,0.0,0.0,0.0,3999162.75,0.0,0.0,1
1789481651.8345456,speech,208,4,383776512.0,0.0,0.0,0.0,1995699.75,0.0,0.0,0.0,0.0,0.0,0.0,0.0,0.0,0.0,665879.9375,0.0,1
1789481652.00868,speech,184,16,0.0,0.0,48160264.0,0.0,0.0,78978192.0,75388616.0,5169610.0,3270167.25,469862.34375,0.0,998060.0625,1465026.75,209777.90625,1861401.25,0.0,1
1789481652.0727954,speech,173,3,0.0,0.0,0.0,0.0,589210624.0,0.0,0.0,0.0,0.0,0.0,0.0,20299818.0,0.0,0.0,0.0,0.0,1
1789481652.5456622,speech,179,4,2716412.0,0.0,56352668.0,48482832.0,0.0,0.0,0.0,0.0,0.0,0.0,0.0,77013.0,0.0,0.0,0.0,0.0,1
1789481652.6049411,speech,189,4,5228817408.0,0.0,0.0,0.0,0.0,0.0,0.0,0.0,0.0,0.0,0.0,0.0,0.0,0.0,0.0,1090678.75,1
1789481652.7266586,speech,189,3,0.0,0.0,0.0,19689056.0,0.0,0.0,272760.15625,0.0,0.0,0.0,0.0,1790076.25,0.0,0.0,0.0,0.0,1
1789481652.8356392,speech,219,4,314071616.0,0.0,0.0,0.0,0.0,0.0,0.0,0.0,0.0,0.0,46772.9375,0.0,0.0,0.0,0.0,0.0,1
1789481653.0355353,speech,193,3,6431311360.0,0.0,0.0,0.0,0.0,0.0,0.0,0.0,0.0,0.0,0.0,0.0,0.0,0.0,1749926.0,0.0,1
1789481653.210559,speech,188,9,0.0,0.0,0.0,0.0,61893348.0,6765012992.0,1624885888.0,770136448.0,1344482560.0,0.0,0.0,0.0,0.0,0.0,0.0,0.0,1
1789481653.287951,speech,208,7,0.0,0.0,0.0,0.0,0.0,0.0,1892525824.0,1509128960.0,0.0,0.0,0.0,2370775296.0,0.0,9504998400.0,965289856.0,0.0,1
1789481653.3525205,speech,197,6,0.0,0.0,0.0,0.0,2172190208.0,0.0,7383043072.0,0.0,0.0,0.0,0.0,1336530688.0,0.0,0.0,0.0,0.0,1
1789481653.4164894,speech,188,4,258080192.0,0.0,72647864.0,0.0,0.0,0.0,0.0,0.0,0.0,0.0,0.0,0.0,0.0,0.0,0.0,0.0,1
1789481653.4805048,speech,188,8,0.0,54153492.0,0.0,0.0,32886722.0,3661547.5,0.0,6613534.5,0.0,0.0,0.0,5394139.0,0.0,9088944.0,4032690.0,0.0,1
1789481653.5312545,speech,197,9,115467488.0,0.0,0.0,0.0,0.0,261225280.0,250993952.0,37875028.0,17820382.0,0.0,0.0,0.0,2404552.5,10600654.0,0.0,0.0,1
1789481653.5960712,speech,186,9,0.0,0.0,0.0,0.0,864155776.0,2445485312.0,0.0,0.0,1380930.75,38475400.0,0.0,26853652.0,0.0,25895190.0,14645353.0,0.0,1
1789481653.6610126,speech,186,3,0.0,0.0,127757464.0,0.0,0.0,0.0,0.0,2299625.75,0.0,0.0,0.0,4731917.0,0.0,0.0,0.0,0.0,1
1789481653.7561402,speech,186,3,66174812.0,22832002.0,24573828.0,0.0,0.0,0.0,0.0,0.0,0.0,0.0,0.0,0.0,0.0,0.0,0.0,0.0,1
1789481654.511162,speech,199,3,59609360.0,0.0,0.0,0.0,0.0,0.0,0.0,0.0,0.0,0.0,0.0,0.0,0.0,625492.8125,0.0,0.0,1
1789481654.6040976,speech,171,12,0.0,8313214.5,623853568.0,238179664.0,6931530.0,4541447.5,0.0,597467.875,0.0,459189.0625,0.0,3932884.0,0.0,0.0,154287.125,0.0,1
1789481654.66314,speech,167,10,1526541696.0,1758835840.0,6525356.5,24834433024.0,1655808256.0,691323072.0,0.0,0.0,0.0,0.0,0.0,0.0,0.0,0.0,0.0,0.0,1
1789481654.8201225,speech,177,7,0.0,0.0,0.0,0.0,1939443456.0,0.0,23723800.0,0.0,0.0,1383474.875,0.0,330947.625,0.0,0.0,0.0,0.0,1
1789481654.883965,speech,195,12,0.0,0.0,0.0,0.0,0.0,3841676032.0,222148432.0,4461368320.0,110369040.0,0.0,0.0,408319680.0,147261152.0,448328992.0,795397248.0,0.0,1
1789481654.9484904,speech,212,4,0.0,0.0,0.0,0.0,0.0,0.0,2794754048.0,2104164096.0,0.0,0.0,0.0,0.0,0.0,73223864.0,0.0,0.0,1
1789481655.0120409,speech,177,8,244827376.0,8298023.0,286766816.0,53186404.0,0.0,0.0,0.0,0.0,0.0,0.0,2319241.25,0.0,0.0,0.0,0.0,194577728.0,1
1789481655.0754263,speech,188,4,390721920.0,0.0,0.0,0.0,0.0,0.0,0.0,0.0,0.0,0.0,0.0,0.0,0.0,210282848.0,0.0,14713705.0,1
1789481655.139877,speech,187,15,670273664.0,19681836.0,0.0,106730048.0,32319260.0,23658738.0,24787308.0,0.0,3655228.0,0.0,12829242.0,84716096.0,9539028.0,33582912.0,4675224.0,43850188.0,1
1789481655.205353,speech,210,14,0.0,0.0,42124848.0,6813466624.0,5048636416.0,2894000896.0,25297688576.0,0.0,0.0,0.0,0.0,20310087680.0,0.0,378436096.0,31851490.0,0.0,1
1789481655.396999,speech,201,13,102553616.0,173983072.0,272922816.0,65376780.0,24517664.0,3432388.0,20489298.0,5639621.5,22359848.0,0.0,0.0,0.0,0.0,0.0,0.0,0.0,1
1789481655.456931,speech,210,8,13164494.0,0.0,0.0,0.0,5319396.0,94465544.0,0.0,98913192.0,0.0,0.0,0.0,59605396.0,39623792.0,0.0,0.0,0.0,1
1789481655.5843856,speech,193,7,0.0,0.0,110590184.0,0.0,2795648.5,0.0,0.0,1024716.0,0.0,1523108.5,0.0,1876878.875,0.0,0.0,0.0,0.0,1
1789481655.635413,speech,193,3,0.0,0.0,0.0,0.0,410623.71875,0.0,0.0,0.0,0.0,0.0,0.0,138373.28125,0.0,0.0,0.0,105233.8984375,1
1789481655.6363552,speech,46,6,125646120.0,34183476.0,0.0,0.0,663258.75,0.0,1051308.625,721335.5625,872306.0,0.0,0.0,0.0,0.0,0.0,0.0,0.0,1
1789481658.9755423,speech,155,3,0.0,1991348.625,50619748.0,0.0,0.0,0.0,0.0,889711.4375,0.0,0.0,0.0,0.0,0.0,0.0,0.0,0.0,1
1789481658.9763591,speech,198,8,0.0,0.0,0.0,2025551.75,31408842.0,26121948.0,327660.84375,0.0,0.0,155453.65625,0.0,0.0,0.0,51338.48046875,45371.46484375,0.0,1
1789481659.0404596,speech,174,9,0.0,4394279936.0,0.0,0.0,0.0,0.0,405262400.0,0.0,92746432.0,108657960.0,0.0,2719307264.0,495216544.0,0.0,0.0,0.0,1
1789481659.2304614,speech,177,10,713610112.0,1152455168.0,0.0,4064634368.0,5319695.5,197995920.0,383461184.0,2429774.0,0.0,424561.1875,0.0,0.0,3941686.0,0.0,0.0,0.0,1
1789481659.2932813,speech,180,7,73249456.0,0.0,1997538048.0,18402971648.0,6426784.0,200928880.0,0.0,0.0,0.0,0.0,0.0,0.0,0.0,571739264.0,0.0,0.0,1
1789481659.3583505,speech,180,4,0.0,0.0,10578697.0,0.0,7036800.0,0.0,0.0,0.0,0.0,0.0,0.0,150595328.0,0.0,0.0,0.0,0.0,1
1789481659.3588982,speech,36,4,0.0,0.0,6397746688.0,0.0,0.0,70179952.0,0.0,9971728.0,0.0,0.0,22150686.0,0.0,0.0,0.0,0.0,0.0,1
1789481659.529558,speech,112,3,559813248.0,78265728.0,0.0,0.0,0.0,0.0,0.0,0.0,0.0,0.0,312374.25,0.0,0.0,0.0,0.0,0.0,1
1789481659.7331574,speech,202,8,257371392.0,0.0,0.0,0.0,109493512.0,1167055872.0,0.0,4189886.75,0.0,313649.875,0.0,0.0,0.0,0.0,2545311.5,0.0,1
1789481659.7986593,speech,233,3,403421760.0,127553280.0,0.0,0.0,0.0,0.0,0.0,0.0,0.0,0.0,0.0,0.0,0.0,0.0,7913828.5,0.0,1
1789481659.8609374,speech,195,7,0.0,559146368.0,0.0,0.0,0.0,371881600.0,843499584.0,0.0,57456228.0,0.0,0.0,0.0,0.0,0.0,0.0,0.0,1
1789481659.9308748,speech,169,6,283184640.0,362475968.0,0.0,1557441664.0,4908063.0,0.0,0.0,1886228.25,0.0,0.0,0.0,0.0,0.0,0.0,0.0,0.0,1
1789481660.0007153,speech,149,6,1776706176.0,2097906048.0,0.0,0.0,0.0,0.0,359400.75,0.0,0.0,0.0,0.0,2789647.5,0.0,0.0,0.0,0.0,1
1789481660.1435676,speech,172,9,1955832192.0,2372782336.0,0.0,6643808256.0,0.0,144002656.0,0.0,0.0,6047142.5,0.0,0.0,0.0,79285920.0,47637100.0,0.0,0.0,1
1789481660.204581,speech,172,6,0.0,273960864.0,260118704.0,622405376.0,52116816.0,0.0,8284148.0,0.0,0.0,0.0,0.0,0.0,0.0,0.0,0.0,0.0,1
1789481660.3053503,speech,172,4,0.0,23044090.0,65811116.0,0.0,0.0,0.0,0.0,0.0,0.0,0.0,0.0,481059.4375,0.0,0.0,0.0,3654772.25,1
1789481660.3978407,speech,186,11,1315801984.0,33036008.0,0.0,0.0,0.0,24752140.0,4717526.0,2595634.0,0.0,0.0,0.0,10720537.0,6310599.5,0.0,0.0,6962009.0,1
1789481660.458149,speech,197,8,4206299.5,1344830464.0,0.0,0.0,782490816.0,0.0,0.0,0.0,3878970.5,0.0,0.0,1971156.375,0.0,8852865.0,24933382.0,0.0,1
1789481660.6502585,speech,180,19,0.0,0.0,1174793216.0,2789053952.0,12148405248.0,135117728.0,2626918912.0,92083856.0,15664442.0,0.0,0.0,1651756800.0,619279808.0,0.0,0.0,0.0,1
1789481660.7094343,speech,178,12,0.0,0.0,0.0,0.0,11755565056.0,197881568.0,21848371200.0,0.0,912682304.0,0.0,35694492.0,16897888256.0,9308244.0,0.0,0.0,0.0,1
1789481660.7732425,speech,179,6,40021508.0,0.0,1056289792.0,5915262464.0,223590176.0,7761087488.0,0.0,0.0,0.0,0.0,0.0,0.0,0.0,622800704.0,0.0,0.0,1
1789481660.836512,speech,178,6,0.0,0.0,19322006.0,304089984.0,403751040.0,0.0,0.0,138375616.0,54308796.0,0.0,0.0,0.0,0.0,0.0,0.0,0.0,1
1789481660.8996315,speech,178,3,0.0,6717936.0,0.0,0.0,9926646.0,0.0,0.0,0.0,0.0,0.0,0.0,23693840.0,0.0,0.0,0.0,0.0,1
1789481660.9499514,speech,193,15,16672012.0,14526150.0,0.0,0.0,158950208.0,330958112.0,82021936.0,163982112.0,922630848.0,210563312.0,0.0,54091016.0,85586496.0,16443077.0,0.0,0.0,1
1789481661.0150335,speech,202,12,381372864.0,0.0,0.0,36186204.0,150606512.0,1819543808.0,0.0,4180265984.0,0.0,0.0,0.0,587825280.0,2852795904.0,0.0,1561146624.0,0.0,1
1789481661.078897,speech,183,11,0.0,321978.84375,0.0,0.0,3142164480.0,1190694144.0,2009931776.0,1533532288.0,0.0,0.0,0.0,5667632128.0,0.0,0.0,0.0,0.0,1
1789481661.1911952,speech,183,3,0.0,0.0,0.0,0.0,0.0,0.0,0.0,0.0,0.0,0.0,0.0,96803560.0,0.0,0.0,1022101.0625,0.0,1
1789481661.2377894,speech,191,10,0.0,0.0,0.0,0.0,7736194560.0,4423393280.0,1929836160.0,1853265408.0,0.0,0.0,0.0,37152676.0,0.0,45357616.0,0.0,0.0,1
1789481661.3016403,speech,185,20,254672112.0,0.0,90670048.0,0.0,13103707136.0,0.0,416753664.0,0.0,0.0,2374611968.0,922511552.0,148351008.0,121078208.0,248806208.0,72756184.0,24454036.0,1
1789481661.366602,speech,186,6,25409230.0,0.0,636940928.0,0.0,13125892096.0,0.0,0.0,0.0,0.0,0.0,87411320.0,0.0,0.0,0.0,0.0,0.0,1
1789481661.4321322,speech,186,13,170146896.0,33390764.0,0.0,84824904.0,850441472.0,43286804.0,1660515200.0,0.0,0.0,0.0,0.0,10906290.0,7327103.0,0.0,0.0,2095839.5,1
1789481661.481166,speech,183,11,164385072.0,50696332.0,1532266752.0,0.0,170407408.0,275217792.0,490977984.0,0.0,0.0,0.0,0.0,5934993.0,8590629.0,0.0,0.0,0.0,1
1789481661.976809,speech,180,5,0.0,0.0,0.0,0.0,4961749.5,14837452.0,0.0,0.0,0.0,0.0,0.0,1067979.25,0.0,0.0,339149.4375,0.0,1
1789481662.1690338,speech,183,8,206601152.0,1559606016.0,0.0,0.0,0.0,0.0,108844512.0,0.0,25525014.0,13788214.0,0.0,37766780.0,0.0,0.0,0.0,0.0,1
1789481662.2205868,speech,176,7,1103884416.0,0.0,90075440.0,5043012608.0,5030182.5,164604896.0,174276768.0,0.0,0.0,0.0,34879944.0,0.0,0.0,0.0,0.0,0.0,1
1789481662.2859235,speech,195,12,4653340.0,0.0,29185028.0,0.0,53282460.0,1980816384.0,24781332.0,101525152.0,0.0,0.0,0.0,7050105.5,38550248.0,829490.4375,27501778.0,0.0,1
1789481662.4231913,speech,184,15,0.0,0.0,0.0,0.0,189629344.0,278356768.0,257146336.0,4673446.5,16181007.0,7154193.0,1418315.0,6443292.5,0.0,2037970.0,0.0,0.0,1
1789481662.4829626,speech,184,11,0.0,0.0,139546864.0,0.0,911120512.0,91964400.0,1491183616.0,0.0,44718928.0,0.0,0.0,6732418.0,14418506.0,0.0,0.0,0.0,1
1789481662.5314915,speech,184,10,0.0,0.0,0.0,0.0,2732529664.0,3496022016.0,241019808.0,259739856.0,0.0,0.0,0.0,144695744.0,10359403.0,12309596.0,0.0,0.0,1
1789481662.576445,speech,174,9,0.0,0.0,133245216.0,0.0,3019580672.0,1897788544.0,0.0,0.0,0.0,55162816.0,0.0,1769173.25,0.0,0.0,0.0,0.0,1
1789481662.6406066,speech,174,5,0.0,0.0,120076752.0,0.0,0.0,0.0,0.0,0.0,0.0,0.0,448269.0625,0.0,743551.125,0.0,0.0,0.0,1
1789481662.9611647,speech,191,15,0.0,0.0,0.0,0.0,10067660800.0,2982713088.0,77934888.0,46200776.0,0.0,0.0,0.0,344819776.0,6913978.0,149154288.0,14269780.0,0.0,1
1789481663.1201937,speech,184,18,14023092.0,0.0,273597152.0,645577792.0,1675001856.0,23349564.0,114624496.0,0.0,1376356.5,32536724.0,0.0,35015124.0,0.0,0.0,5160855.5,4619949.5,1
1789481663.1796658,speech,178,13,870029312.0,0.0,211307440.0,14485382144.0,452172192.0,1045349760.0,599977472.0,0.0,0.0,0.0,104150056.0,0.0,912162.1875,0.0,6875117.5,0.0,1
1789481663.2441442,speech,193,11,471603296.0,0.0,0.0,0.0,48082408.0,2591245824.0,37907568.0,72049648.0,0.0,1421760.375,0.0,2315360.5,23514608.0,0.0,0.0,0.0,1
1789481663.3091528,speech,193,5,0.0,0.0,0.0,0.0,41226208.0,0.0,0.0,0.0,0.0,0.0,0.0,27647340.0,0.0,0.0,2069731.0,0.0,1
1789481663.3588526,speech,197,7,509396864.0,0.0,56709080.0,0.0,0.0,0.0,0.0,0.0,0.0,0.0,0.0,0.0,829585.5,2473117.25,0.0,0.0,1
1789481663.4233868,speech,197,6,0.0,500619.65625,0.0,0.0,0.0,0.0,0.0,0.0,0.0,0.0,226953.71875,464781.5,1343901.5,163574.953125,0.0,0.0,1
1789481664.5121436,speech,208,7,168756384.0,14751947.0,13836274.0,0.0,0.0,3009009.25,0.0,0.0,0.0,0.0,0.0,2043303.625,0.0,2977828.25,0.0,0.0,1
1789481664.5704029,speech,182,6,0.0,0.0,139471776.0,584692.9375,0.0,0.0,0.0,0.0,0.0,0.0,0.0,1024108.3125,0.0,0.0,0.0,0.0,1
1789481664.634033,speech,180,7,0.0,28575746.0,0.0,1907022080.0,4424774.5,0.0,0.0,8573090.0,8022542.5,0.0,0.0,0.0,13168907.0,0.0,0.0,0.0,1
1789481664.6980498,speech,192,12,664404288.0,361203968.0,1654801536.0,0.0,5171857.0,4846507520.0,164511424.0,0.0,0.0,0.0,0.0,0.0,67124328.0,5270215.5,0.0,0.0,1
1789481664.7619765,speech,205,9,0.0,0.0,0.0,1428675200.0,9136954.0,2347993600.0,217815296.0,35019532.0,17571652.0,0.0,0.0,0.0,0.0,0.0,0.0,0.0,1
1789481664.826047,speech,200,15,0.0,0.0,0.0,0.0,122755016.0,5167196160.0,14694616.0,1656387200.0,508898464.0,754977.5,0.0,39405416.0,365167392.0,0.0,0.0,0.0,1
1789481664.8893437,speech,184,8,41201140.0,0.0,0.0,0.0,0.0,0.0,28101274.0,1186943872.0,0.0,0.0,0.0,610364160.0,1173648128.0,0.0,0.0,0.0,1
1789481664.9538252,speech,182,11,0.0,0.0,0.0,0.0,1301118208.0,635160576.0,1365934720.0,1424977664.0,22612672.0,323522592.0,0.0,1624488192.0,0.0,0.0,0.0,0.0,1
1789481665.0186872,speech,188,11,51315800.0,0.0,3867067.5,2491596.25,179796432.0,0.0,1097124992.0,0.0,0.0,0.0,0.0,0.0,229546368.0,464667808.0,0.0,0.0,1
1789481665.4298549,speech,182,13,0.0,0.0,0.0,60466748.0,4289481216.0,0.0,1243963904.0,156057776.0,136277808.0,0.0,0.0,0.0,1257096.25,309067.6875,0.0,705259.5625,1
1789481665.49437,speech,182,7,0.0,902170688.0,5167113.0,0.0,0.0,1149772288.0,2280375296.0,0.0,0.0,0.0,0.0,0.0,0.0,3142312.5,0.0,0.0,1
1789481665.539496,speech,167,7,295082752.0,535824256.0,5894809.0,0.0,0.0,0.0,0.0,0.0,0.0,0.0,1881593.5,2147784.75,0.0,0.0,0.0,0.0,1
1789481665.668219,speech,172,19,227770880.0,1702342912.0,69399488.0,810208128.0,155561184.0,55393128.0,446598112.0,0.0,0.0,0.0,0.0,2792121.5,0.0,2848649.25,1110040.5,1838433.5,1
1789481665.7333899,speech,147,11,1066839424.0,321158656.0,0.0,2815918336.0,730234496.0,0.0,0.0,0.0,0.0,0.0,155489936.0,0.0,0.0,0.0,0.0,0.0,1
1789481665.858934,speech,143,3,11398364.0,0.0,0.0,0.0,0.0,0.0,0.0,0.0,0.0,1425794.25,1100868.25,0.0,0.0,0.0,0.0,0.0,1
1789481666.03103,speech,187,19,4165708.5,85799976.0,126749000.0,16532104.0,105848280.0,15382510.0,15533613.0,6220328.0,0.0,0.0,1639751.5,0.0,0.0,424696.625,2241255.5,0.0,1
1789481666.0898058,speech,183,15,6312425.5,0.0,0.0,1227608960.0,6036489728.0,14910428.0,2394851840.0,48895396.0,7153414.5,102053352.0,0.0,158576704.0,20535756.0,684830.625,0.0,0.0,1
1789481666.3159661,speech,197,3,549400192.0,0.0,0.0,2282345.5,0.0,0.0,0.0,0.0,0.0,0.0,0.0,0.0,0.0,0.0,0.0,0.0,1
1789481666.4735992,speech,176,11,0.0,0.0,0.0,143638320.0,892461952.0,0.0,38280100.0,2718648.25,0.0,0.0,0.0,3832232.25,2974823.5,0.0,0.0,0.0,1
1789481666.5336957,speech,184,15,0.0,9672852.0,0.0,0.0,4566220800.0,0.0,876818752.0,13264231.0,40921156.0,42071660.0,0.0,0.0,13875239.0,22917106.0,0.0,0.0,1
1789481666.5986524,speech,170,4,0.0,451543872.0,107838576.0,2343198720.0,0.0,0.0,0.0,0.0,0.0,0.0,0.0,0.0,0.0,0.0,0.0,0.0,1
1789481666.6649415,speech,207,4,300425280.0,92169344.0,0.0,0.0,20541792.0,0.0,0.0,0.0,0.0,0.0,0.0,0.0,0.0,0.0,0.0,0.0,1
1789481666.8549278,speech,186,17,32423800.0,0.0,3251883.0,0.0,2359070976.0,3340982784.0,171948656.0,297095168.0,15162687.0,0.0,0.0,114663472.0,13075526.0,3175899.0,0.0,0.0,1
1789481666.9153814,speech,176,9,0.0,0.0,408037120.0,592532928.0,12312309760.0,0.0,1440937216.0,63611136.0,0.0,0.0,0.0,0.0,46400584.0,0.0,0.0,0.0,1
1789481667.0438159,speech,176,12,0.0,0.0,0.0,1124876416.0,3208056832.0,0.0,135638544.0,0.0,9189085.0,0.0,0.0,317605248.0,695012608.0,53629272.0,0.0,0.0,1
1789481667.2298124,speech,31,9,0.0,38817008.0,27995628.0,10759682.0,0.0,0.0,0.0,0.0,2306882.0,1682533.5,149757.296875,0.0,0.0,0.0,0.0,0.0,1
1789481667.5188656,speech,186,25,38170912.0,66117932.0,76435600.0,74741784.0,252666288.0,115100032.0,183045216.0,38854240.0,47436504.0,23736420.0,23075756.0,37643592.0,0.0,1845383.375,0.0,0.0,1
1789481667.5838027,speech,192,8,321844288.0,524726752.0,0.0,0.0,0.0,7967943168.0,0.0,0.0,0.0,0.0,0.0,10915709.0,795273408.0,3536546304.0,0.0,0.0,1
1789481667.6498065,speech,192,6,1122821504.0,0.0,0.0,0.0,0.0,0.0,2137627.5,0.0,0.0,0.0,273058816.0,14650929.0,0.0,0.0,187647840.0,0.0,1
1789481667.6506884,speech,6,5,0.0,0.0,18280410.0,0.0,32435034.0,0.0,0.0,285329248.0,1655827328.0,0.0,0.0,0.0,0.0,0.0,0.0,0.0,1
1789481667.7141702,speech,205,7,1140098560.0,148079216.0,0.0,0.0,1010423.3125,0.0,0.0,0.0,0.0,0.0,0.0,2708388.0,0.0,7570261.0,7107215.0,0.0,1
1789481667.96174,speech,192,11,0.0,0.0,0.0,51988328.0,2777689.0,17496544.0,5274507.0,0.0,0.0,0.0,0.0,0.0,17671992.0,3418836.0,63751744.0,0.0,1
1789481668.024943,speech,182,7,477510368.0,0.0,0.0,0.0,6545327.0,177235984.0,0.0,96026712.0,0.0,0.0,0.0,0.0,0.0,0.0,1286814.375,0.0,1
1789481668.0968406,speech,178,7,0.0,0.0,0.0,0.0,159497120.0,112183088.0,11080747.0,29003848.0,0.0,1582434.5,0.0,0.0,0.0,258732.25,0.0,0.0,1
1789481668.1668723,speech,178,5,0.0,0.0,155704752.0,0.0,0.0,0.0,0.0,0.0,0.0,0.0,0.0,35263504.0,0.0,648098.5,0.0,0.0,1
1789481668.21692,speech,33,5,61417672.0,0.0,0.0,0.0,0.0,0.0,0.0,0.0,73577.015625,833037.125,231401.53125,887204.8125,0.0,0.0,0.0,0.0,1
1789481668.2797701,speech,16,4,59141856.0,5356860.5,0.0,0.0,0.0,0.0,0.0,0.0,0.0,0.0,0.0,471310.40625,0.0,105942.5546875,0.0,0.0,1
1789481668.7849844,speech,181,3,0.0,0.0,87551208.0,0.0,0.0,0.0,0.0,0.0,0.0,0.0,0.0,0.0,0.0,0.0,0.0,0.0,1
1789481668.8819644,speech,202,12,482756352.0,0.0,0.0,0.0,0.0,29804340.0,0.0,1846678.0,0.0,0.0,0.0,58183576.0,5014773.5,77318256.0,14719088.0,0.0,1
1789481668.8827858,speech,166,10,0.0,0.0,361521216.0,66443376.0,43739348.0,0.0,16437986.0,12236155.0,1666140.75,0.0,1336020.25,26309488.0,0.0,0.0,0.0,0.0,1
1789481668.9429557,speech,201,13,0.0,0.0,0.0,0.0,1955891968.0,5551963136.0,21746328.0,0.0,2676883.75,0.0,0.0,2586836736.0,326219840.0,1127356416.0,0.0,0.0,1
1789481669.0063858,speech,175,12,17555138.0,0.0,710610624.0,0.0,3176254976.0,0.0,3772271360.0,0.0,1775549.5,548176576.0,663870720.0,7832993280.0,0.0,0.0,0.0,0.0,1
1789481669.1412444,speech,175,3,48451368.0,0.0,0.0,38238080.0,0.0,0.0,0.0,0.0,0.0,0.0,0.0,2530413.0,0.0,0.0,0.0,0.0,1
1789481669.2067327,speech,188,10,0.0,203955808.0,0.0,0.0,65466232.0,53749012.0,0.0,0.0,0.0,0.0,1370294.5,0.0,4909150.5,6822823.0,12315502.0,27471600.0,1
1789481669.2714503,speech,188,9,133740920.0,195263536.0,266199584.0,0.0,78437720.0,0.0,84336440.0,0.0,0.0,5096679.0,0.0,0.0,0.0,0.0,0.0,0.0,1
1789481669.3160186,speech,176,8,0.0,11471347.0,0.0,0.0,192100800.0,0.0,559902720.0,0.0,0.0,0.0,16601708.0,11085019.0,0.0,0.0,0.0,0.0,1
1789481669.380411,speech,179,11,0.0,4968132.0,0.0,89494336.0,194009504.0,298901152.0,509108864.0,9627123.0,0.0,36700572.0,11587434.0,5756579.0,0.0,0.0,0.0,0.0,1
1789481669.4823377,speech,196,9,263315712.0,108163936.0,427150720.0,0.0,0.0,63909456.0,26085236.0,62636672.0,0.0,0.0,0.0,0.0,0.0,0.0,0.0,0.0,1
1789481669.545509,speech,192,5,0.0,49979096.0,784173824.0,0.0,0.0,100291680.0,478932512.0,0.0,0.0,0.0,0.0,0.0,0.0,0.0,228430.59375,0.0,1
1789481669.6094167,speech,190,6,0.0,0.0,6458560000.0,1442877.125,11611628.0,0.0,0.0,0.0,0.0,6352833.0,0.0,0.0,0.0,0.0,0.0,0.0,1
1789481669.6726646,speech,190,3,0.0,0.0,0.0,0.0,972409.3125,0.0,0.0,0.0,0.0,0.0,0.0,0.0,1679208.625,0.0,0.0,1501728.5,1
1789481669.7633424,speech,190,6,0.0,1166664.625,123829088.0,0.0,0.0,0.0,0.0,0.0,0.0,0.0,0.0,0.0,1047739.0,239803.15625,0.0,0.0,1
1789481669.8767116,speech,180,6,0.0,82217232.0,296771456.0,7846828.0,9441382.0,0.0,0.0,0.0,0.0,0.0,0.0,682547.9375,0.0,0.0,0.0,0.0,1
1789481669.9407306,speech,184,14,0.0,0.0,0.0,0.0,627847680.0,8508309.0,39763380.0,0.0,57271724.0,87301080.0,57496476.0,105906824.0,0.0,0.0,0.0,0.0,1
1789481670.006574,speech,40,5,0.0,0.0,1954204672.0,0.0,0.0,0.0,0.0,0.0,0.0,0.0,0.0,0.0,14470708.0,0.0,3850815.25,0.0,1
1789481670.0782793,speech,205,6,0.0,0.0,149964592.0,0.0,9510558.0,0.0,1391616.625,0.0,0.0,0.0,0.0,1203451.875,0.0,987118.5625,0.0,0.0,1
1789481670.7489378,speech,186,9,0.0,2837818.75,0.0,5600142.0,43075544.0,0.0,71150136.0,12072982.0,0.0,0.0,0.0,0.0,0.0,204679.984375,292064.9375,0.0,1
1789481670.82088,speech,191,7,0.0,36918556.0,0.0,0.0,0.0,54291736.0,0.0,7398065.0,0.0,0.0,317574.65625,0.0,0.0,392347.8125,0.0,0.0,1
1789481671.0958154,speech,237,5,652392768.0,0.0,0.0,0.0,5782491.0,0.0,0.0,0.0,0.0,0.0,0.0,0.0,0.0,0.0,0.0,0.0,1
1789481671.165438,speech,290,4,122802392.0,0.0,0.0,0.0,0.0,551351.0,0.0,0.0,0.0,0.0,0.0,0.0,0.0,111655.296875,34336.171875,0.0,1
1789481671.380273,speech,214,4,718770176.0,0.0,0.0,0.0,0.0,314314.71875,0.0,0.0,0.0,0.0,0.0,0.0,0.0,153910.078125,0.0,0.0,1
1789481671.4388654,speech,217,3,1714047744.0,0.0,0.0,0.0,0.0,0.0,0.0,0.0,0.0,0.0,0.0,0.0,0.0,0.0,0.0,0.0,1
1789481671.5012426,speech,228,5,664630784.0,0.0,0.0,0.0,0.0,0.0,0.0,14261097.0,0.0,0.0,0.0,2700946.0,0.0,0.0,0.0,0.0,1
1789481672.0140932,speech,197,10,0.0,0.0,379054016.0,0.0,5131898.5,558891.0,17019540.0,0.0,0.0,1171825.125,4820360.5,0.0,0.0,0.0,1111902.25,0.0,1
1789481672.0827138,speech,238,4,894530624.0,0.0,0.0,0.0,0.0,0.0,0.0,0.0,6279991.0,0.0,0.0,0.0,0.0,0.0,0.0,0.0,1
1789481672.1461892,speech,214,4,0.0,3479691.0,1334423040.0,0.0,9432392.0,0.0,0.0,0.0,0.0,0.0,0.0,0.0,0.0,0.0,0.0,13978373.0,1
1789481672.2083957,speech,214,3,0.0,3920764.5,0.0,0.0,0.0,0.0,0.0,0.0,0.0,0.0,0.0,0.0,863233.1875,0.0,4434410.0,0.0,1
1789481672.2539566,speech,236,3,378502592.0,0.0,0.0,0.0,0.0,0.0,0.0,0.0,0.0,0.0,0.0,0.0,392961.5625,0.0,0.0,0.0,1
1789481672.3620026,speech,208,17,67089280.0,0.0,4230962.0,90475248.0,514569920.0,307820224.0,105109520.0,16208223.0,0.0,0.0,637908.25,6269700.0,2615132.75,5725711.0,0.0,0.0,1
1789481672.4202788,speech,206,20,0.0,0.0,257933760.0,933657792.0,476787712.0,3867389952.0,279118880.0,268696224.0,0.0,0.0,10256096.0,102587304.0,14538178.0,41217496.0,0.0,0.0,1
1789481672.4828944,speech,192,6,0.0,0.0,0.0,382814624.0,2189884160.0,0.0,0.0,0.0,0.0,0.0,0.0,0.0,0.0,13348896.0,1363932.625,0.0,1
1789481672.546161,speech,192,4,0.0,0.0,0.0,413636960.0,0.0,21589716.0,0.0,0.0,0.0,0.0,0.0,0.0,0.0,468497.875,0.0,0.0,1
1789481673.785739,speech,177,14,616467392.0,0.0,0.0,16792561664.0,0.0,1022673728.0,1520440704.0,0.0,325800576.0,60013720.0,116986712.0,151584160.0,0.0,0.0,0.0,0.0,1
1789481673.896189,speech,352,3,0.0,0.0,0.0,1743475200.0,0.0,0.0,0.0,0.0,0.0,0.0,1304837.0,0.0,0.0,0.0,0.0,0.0,1
1789481674.039628,speech,184,18,48745320.0,0.0,143071760.0,0.0,444930912.0,97881760.0,26660828.0,6048053.5,0.0,0.0,0.0,3568208.25,681214.25,0.0,0.0,0.0,1
1789481674.1048183,speech,202,8,1387783424.0,191082832.0,0.0,0.0,30519150.0,64839392.0,0.0,39993696.0,0.0,0.0,1264907.25,0.0,0.0,0.0,0.0,0.0,1
1789481674.168711,speech,191,10,739092800.0,7789485.0,1542583808.0,0.0,39376040.0,0.0,0.0,0.0,9983734.0,0.0,0.0,0.0,0.0,896299.5,0.0,0.0,1
1789481674.322069,speech,180,9,2183226112.0,1742549248.0,0.0,176706784.0,0.0,40442168.0,8671310.0,1412923.375,0.0,0.0,0.0,0.0,3376290.0,0.0,0.0,0.0,1
1789481674.3824267,speech,180,5,0.0,0.0,11444800.0,0.0,5002108.0,0.0,0.0,0.0,0.0,0.0,0.0,7730272.0,0.0,0.0,0.0,0.0,1
1789481674.383346,speech,223,5,2070832768.0,0.0,0.0,0.0,1207979.75,0.0,0.0,0.0,0.0,0.0,0.0,0.0,0.0,1207159.25,0.0,0.0,1
1789481674.445437,speech,223,3,163228512.0,0.0,0.0,0.0,6020818.0,0.0,0.0,0.0,0.0,0.0,0.0,0.0,0.0,0.0,0.0,0.0,1
1789481674.4964006,speech,180,6,0.0,0.0,0.0,0.0,5962144.5,0.0,2242930.75,0.0,0.0,0.0,0.0,0.0,0.0,499232.5625,191029.375,2014473.75,1
1789481674.8598917,speech,201,4,159057184.0,0.0,0.0,0.0,0.0,2004860.0,330598.25,0.0,0.0,298519.09375,0.0,0.0,0.0,0.0,0.0,0.0,1
1789481674.9818547,speech,212,6,99565576.0,11188926.0,87111592.0,0.0,2423430.5,0.0,0.0,54216.56640625,0.0,0.0,0.0,0.0,0.0,0.0,0.0,0.0,1
1789481675.2405112,speech,193,20,5771102.5,0.0,556949056.0,104958088.0,188833920.0,21852268.0,26210752.0,18676160.0,8543727.0,0.0,67522320.0,55914144.0,0.0,1689192.375,0.0,641003.6875,1
1789481675.2990367,speech,204,19,0.0,16437450.0,1314461440.0,109612736.0,366256192.0,53071524.0,132049584.0,26550500.0,0.0,0.0,0.0,17370276.0,431577.5625,2236248.5,0.0,0.0,1
1789481675.4307947,speech,212,10,0.0,0.0,0.0,0.0,50836356.0,56826768.0,2713866.0,8135513.5,0.0,0.0,0.0,12941828.0,960952.625,5826223.0,3701716.25,0.0,1
1789481675.4887447,speech,210,13,3746271744.0,591980096.0,0.0,0.0,54006560.0,208993296.0,0.0,82518832.0,2833466.75,0.0,0.0,9821206.0,10051604.0,8605990.0,20778996.0,0.0,1
1789481675.552261,speech,211,8,1152954368.0,0.0,0.0,0.0,170685360.0,0.0,0.0,0.0,10529866.0,0.0,0.0,0.0,2598196.0,0.0,0.0,1085403.25,1
1789481676.2855296,speech,47,6,0.0,0.0,0.0,0.0,778955.0,0.0,0.0,2362500.5,0.0,0.0,0.0,953254.625,0.0,0.0,0.0,0.0,1
1789481676.3365307,speech,357,7,1039614.0,0.0,746374.6875,0.0,0.0,0.0,464977.0625,0.0,0.0,50750.984375,46375.6328125,460092.78125,0.0,0.0,0.0,0.0,1
1789481677.423269,speech,206,22,283371520.0,0.0,106803088.0,0.0,0.0,509948032.0,568484992.0,1431687808.0,1246685184.0,182335600.0,71795624.0,661097344.0,82491120.0,425599328.0,215554192.0,0.0,1
1789481677.4816902,speech,205,18,13940686.0,0.0,171661696.0,0.0,275864608.0,369248928.0,1627815680.0,1856512128.0,4080517120.0,0.0,0.0,1024346496.0,1062727552.0,1033090816.0,493894016.0,0.0,1
1789481677.5449765,speech,204,17,247724800.0,88282696.0,112453480.0,0.0,4068680.5,897759872.0,252598032.0,3405839360.0,0.0,0.0,0.0,3636012288.0,56149208.0,549027264.0,0.0,0.0,1
1789481677.607645,speech,206,3,0.0,0.0,97003632.0,0.0,0.0,0.0,0.0,0.0,0.0,0.0,0.0,0.0,86891264.0,0.0,0.0,128274224.0,1
1789481677.7269225,speech,193,3,0.0,0.0,0.0,2957961.0,0.0,0.0,36453192.0,0.0,0.0,0.0,0.0,0.0,0.0,0.0,0.0,0.0,1
1789481677.8657794,speech,203,9,37698796.0,0.0,81998880.0,13585892.0,12122940.0,0.0,3021716.25,0.0,0.0,0.0,0.0,0.0,0.0,0.0,184995.5,0.0,1
1789481677.9246624,speech,179,6,0.0,11826576.0,0.0,3248295.5,0.0,0.0,0.0,0.0,0.0,0.0,0.0,263464.40625,3214846.0,887975.875,0.0,0.0,1
1789481677.9897068,speech,240,4,262271792.0,0.0,0.0,0.0,0.0,0.0,0.0,0.0,2043269.875,0.0,0.0,0.0,0.0,270058.15625,0.0,0.0,1
1789481678.0445075,speech,167,7,0.0,99849696.0,1589060608.0,1204608.75,0.0,0.0,0.0,0.0,0.0,384489.4375,0.0,355039.6875,0.0,0.0,0.0,486106.75,1
1789481678.121429,speech,220,8,228706672.0,0.0,1104562432.0,0.0,3545960.0,1423465.25,0.0,0.0,2348979.0,597883.625,0.0,0.0,0.0,676201.9375,0.0,0.0,1
1789481678.1812408,speech,220,6,0.0,0.0,0.0,74217320.0,127653288.0,0.0,12674507.0,0.0,0.0,0.0,0.0,0.0,0.0,871066.9375,0.0,0.0,1
1789481678.229265,speech,195,8,0.0,386579776.0,10086862848.0,0.0,0.0,0.0,0.0,0.0,0.0,0.0,0.0,1259204.25,1080842.75,2772906.75,749904.375,0.0,1
1789481680.7448437,speech,136,17,18150748.0,19523328.0,55220344.0,4856809.0,0.0,751112832.0,432422016.0,281335200.0,1074119936.0,74621968.0,0.0,0.0,0.0,0.0,11520998.0,6292858.0,1
1789481680.812633,speech,90,7,0.0,0.0,0.0,0.0,0.0,2560969984.0,0.0,178598736.0,0.0,0.0,0.0,0.0,0.0,89360616.0,851443584.0,1435446272.0,1
1789481680.8765194,speech,108,9,0.0,0.0,4893897.0,0.0,496884416.0,5361865728.0,56591808.0,0.0,400723616.0,27718602.0,0.0,0.0,0.0,0.0,0.0,4534368.5,1
1789481680.9408374,speech,107,4,0.0,25011030.0,0.0,0.0,0.0,0.0,6120057856.0,0.0,0.0,0.0,0.0,0.0,0.0,0.0,0.0,0.0,1
1789481681.0689473,speech,104,5,0.0,0.0,0.0,0.0,0.0,69999456.0,3773965.0,15752612.0,0.0,9440323.0,0.0,0.0,0.0,0.0,0.0,6374526.0,1
1789481681.1154068,speech,139,3,2396085504.0,15872275.0,0.0,0.0,8510927.0,0.0,0.0,0.0,0.0,0.0,0.0,0.0,0.0,0.0,0.0,0.0,1
1789481681.1793163,speech,96,5,0.0,0.0,226512832.0,0.0,0.0,0.0,7151795.0,0.0,0.0,0.0,0.0,3753262.0,2177246.5,1112390.0,0.0,0.0,1
1789481681.2423275,speech,80,4,0.0,169220736.0,0.0,0.0,0.0,0.0,0.0,0.0,1169894.125,1501916.0,0.0,0.0,0.0,0.0,0.0,0.0,1
1789481681.3780015,speech,103,15,764185728.0,0.0,0.0,0.0,0.0,394586944.0,164634480.0,15290588.0,34091784.0,943323.5,4373515.0,2823918.25,1399773.5,2715100.75,0.0,0.0,1
1789481681.4415402,speech,83,11,0.0,4985822.0,0.0,0.0,0.0,7480299.0,0.0,78845256.0,0.0,3794993.0,0.0,5111138.0,0.0,1634902.875,177092.40625,607734.5625,1
1789481681.5054402,speech,91,7,0.0,0.0,0.0,0.0,0.0,0.0,0.0,26679868.0,0.0,0.0,0.0,1861354.375,0.0,1980156.375,0.0,3008260.0,1
1789481681.633877,speech,79,17,180401888.0,0.0,125654440.0,0.0,11880357.0,1968851.75,5017332.5,5100862.5,5071593.0,861979.1875,1289504.375,2275325.5,0.0,0.0,306590.8125,0.0,1
1789481681.6967385,speech,81,14,0.0,0.0,0.0,0.0,0.0,0.0,19925450.0,90052744.0,1567773.25,20473290.0,0.0,7409108.0,1685385.5,8224523.0,4343581.0,0.0,1
1789481681.7605689,speech,84,13,0.0,44444960.0,26566768.0,0.0,0.0,4822964.0,31592288.0,19219350.0,0.0,4918420.0,80353.796875,7742095.5,0.0,4242666.0,0.0,6831309.0,1
1789481681.8253224,speech,99,9,6736652288.0,0.0,0.0,0.0,0.0,0.0,77769088.0,0.0,0.0,0.0,2057011.375,1603430.5,1743347.25,0.0,0.0,563673.4375,1
1789481681.8900094,speech,99,4,712185600.0,0.0,0.0,0.0,0.0,0.0,5961213.0,0.0,0.0,504153.375,208532.53125,0.0,0.0,0.0,0.0,0.0,1
1789481682.009634,speech,99,20,2131232512.0,269868928.0,0.0,0.0,0.0,7681082.5,380426048.0,12067022.0,85679600.0,2450855.25,14564871.0,5826039.0,24897656.0,49699648.0,125196312.0,2291760.25,1
1789481682.0541632,speech,82,20,0.0,3762876.0,0.0,0.0,0.0,0.0,0.0,2408335.25,312841920.0,19516680.0,104637328.0,26527530.0,571752960.0,6029402.5,97373160.0,3193134.5,1
1789481682.118274,speech,82,18,1508836736.0,0.0,0.0,0.0,0.0,0.0,122183184.0,435740608.0,124780344.0,37571152.0,329278464.0,323872576.0,333976928.0,91830624.0,0.0,4015683.75,1
1789481682.16424,speech,81,13,2336308480.0,0.0,0.0,0.0,0.0,0.0,485448864.0,0.0,166362016.0,35176332.0,374702400.0,15518668.0,0.0,3451855.0,0.0,4940978.0,1
1789481682.2300572,speech,95,5,311762688.0,0.0,0.0,0.0,0.0,0.0,0.0,0.0,6404657.0,0.0,0.0,2102995.5,0.0,0.0,122310.1484375,0.0,1
1789481682.4213238,speech,95,7,0.0,0.0,0.0,0.0,0.0,576867.125,0.0,1953963.875,0.0,0.0,1161842.625,349038.78125,427773.375,125020.109375,0.0,0.0,1
1789481682.4675748,speech,108,8,2403323904.0,0.0,0.0,8608382.0,0.0,0.0,0.0,0.0,37388704.0,0.0,0.0,0.0,0.0,2166277.5,2026911.25,0.0,1
1789481682.5308554,speech,84,13,0.0,0.0,0.0,0.0,0.0,0.0,0.0,45472936.0,1010863744.0,71804736.0,1503714560.0,39616328.0,448206656.0,3005746.25,0.0,144390.40625,1
1789481682.5938933,speech,91,14,0.0,0.0,0.0,0.0,0.0,0.0,55672244.0,0.0,77012424.0,546418816.0,185040816.0,1699835520.0,24546004.0,28353056.0,778814.4375,0.0,1
1789481682.6579797,speech,91,8,308847968.0,0.0,0.0,0.0,0.0,0.0,131539696.0,0.0,133449344.0,67265728.0,89601504.0,0.0,3505541.5,0.0,0.0,0.0,1
1789481682.7070718,speech,84,12,975010240.0,0.0,0.0,0.0,0.0,26093990.0,21588036.0,8032667.0,25277616.0,31888580.0,100297600.0,27899576.0,0.0,500397.4375,0.0,0.0,1
1789481682.8168166,speech,109,3,8425677312.0,0.0,0.0,0.0,0.0,0.0,0.0,0.0,0.0,0.0,0.0,0.0,0.0,0.0,0.0,0.0,1
1789481682.8803313,speech,81,24,3443922432.0,214690576.0,0.0,0.0,0.0,190540832.0,107534080.0,95074720.0,161893136.0,549843328.0,43522768.0,1434050560.0,248301984.0,46849664.0,46008940.0,51502320.0,1
1789481682.9446235,speech,79,17,639713088.0,0.0,0.0,0.0,237707296.0,0.0,347303808.0,0.0,174476800.0,116388824.0,273280256.0,349472192.0,55494080.0,5078542.0,0.0,0.0,1
1789481683.0087576,speech,79,6,256642144.0,134760128.0,0.0,0.0,0.0,0.0,0.0,0.0,0.0,0.0,0.0,72141464.0,0.0,0.0,0.0,0.0,1
1789481683.0590127,speech,79,4,0.0,0.0,5419698.5,0.0,0.0,0.0,0.0,0.0,0.0,2011263.0,0.0,4742416.0,0.0,0.0,1146454.5,0.0,1
1789481683.1039007,speech,80,21,642466368.0,10313712.0,0.0,0.0,0.0,269285056.0,493690976.0,1408331776.0,1144536448.0,237405488.0,105171008.0,82159264.0,10760177.0,16968870.0,2309600.5,0.0,1
1789481683.167797,speech,81,19,1668467840.0,0.0,0.0,0.0,0.0,23453746.0,7168373760.0,2094695168.0,1326764672.0,17631506432.0,93084128.0,2494165504.0,0.0,935673216.0,14878327.0,0.0,1
1789481683.231832,speech,80,12,0.0,0.0,0.0,0.0,0.0,7614274560.0,10750945280.0,2443754752.0,41485479936.0,0.0,874546816.0,1501324544.0,0.0,272611712.0,0.0,0.0,1
1789481684.0653772,speech,94,11,2802607616.0,0.0,0.0,0.0,0.0,0.0,11613950.0,0.0,0.0,832690.1875,4572801.0,0.0,1307871.25,0.0,258668.46875,584659.5,1
1789481684.1261601,speech,94,11,5033563136.0,0.0,0.0,0.0,0.0,0.0,0.0,34434552.0,5866852.0,0.0,1561155.875,6324893.0,1206261.875,8331408.0,0.0,6599282.5,1
1789481684.175349,speech,89,16,0.0,0.0,0.0,0.0,0.0,0.0,38764744.0,3245018112.0,310525120.0,63912696.0,1364241.75,5511532.0,555313.5,1072651.75,222721.875,0.0,1
1789481684.350174,speech,89,25,141454496.0,12516144.0,0.0,0.0,0.0,0.0,0.0,784026240.0,506277920.0,256193392.0,128956680.0,128746496.0,48088072.0,64479700.0,36191060.0,34108040.0,1
1789481684.394981,speech,91,19,1016906048.0,0.0,16987768.0,0.0,0.0,0.0,673551232.0,0.0,2629484544.0,823663680.0,583516992.0,244586784.0,212428512.0,248189664.0,65454552.0,0.0,1
1789481684.4595177,speech,91,21,3851428864.0,547294336.0,0.0,0.0,0.0,4095131392.0,0.0,993851584.0,5565758976.0,4279454976.0,80297080.0,400529120.0,125357304.0,500764864.0,81954368.0,81151184.0,1
1789481684.5047574,speech,91,13,0.0,0.0,0.0,0.0,0.0,2291497984.0,3272784896.0,6578430976.0,93430328.0,939759616.0,0.0,335399616.0,45372188.0,306827904.0,0.0,0.0,1
1789481684.5552332,speech,91,9,0.0,0.0,0.0,0.0,0.0,0.0,207820896.0,0.0,65078368.0,579852416.0,162402832.0,369689376.0,36857396.0,75981520.0,0.0,0.0,1
1789481684.6059694,speech,90,14,0.0,43337508.0,0.0,0.0,0.0,0.0,389388800.0,159694560.0,91147664.0,88078456.0,27529644.0,65111968.0,5301854.0,16895410.0,0.0,0.0,1
1789481684.671869,speech,91,5,0.0,0.0,0.0,0.0,0.0,0.0,0.0,1653037.0,0.0,1433191.375,2975012.0,2971355.75,6191615.0,0.0,0.0,0.0,1
1789481684.7357001,speech,84,18,0.0,0.0,0.0,0.0,0.0,0.0,492545248.0,1019142912.0,461584480.0,1836181632.0,77958080.0,1417259008.0,17925878.0,1744583680.0,26099534.0,0.0,1
1789481684.7990098,speech,89,16,0.0,0.0,371214016.0,0.0,0.0,0.0,0.0,33924415488.0,3477692416.0,2277823744.0,26012606.0,1932742656.0,0.0,684645888.0,0.0,475293888.0,1
1789481684.8628283,speech,84,23,0.0,0.0,0.0,0.0,5264765.0,0.0,685305984.0,16337186816.0,659553024.0,3573838848.0,29341440.0,2200133376.0,41564696.0,470230048.0,108412728.0,418667232.0,1
1789481684.9272077,speech,87,17,5942224.0,0.0,0.0,0.0,0.0,0.0,1619097728.0,0.0,219963584.0,1824658944.0,878359808.0,627829376.0,1061012480.0,503722048.0,577506880.0,0.0,1
1789481685.0545099,speech,89,3,0.0,0.0,39679688.0,0.0,0.0,0.0,299115968.0,0.0,0.0,0.0,743564.25,0.0,0.0,0.0,0.0,0.0,1
1789481685.11926,speech,89,13,608387584.0,2539559424.0,0.0,0.0,0.0,0.0,0.0,5603117.0,0.0,223822224.0,58317136.0,29798378.0,1016488.75,1149697.875,0.0,0.0,1
1789481685.1643786,speech,89,8,236010912.0,421881408.0,0.0,0.0,0.0,0.0,0.0,0.0,3847171.25,0.0,0.0,636064.25,0.0,3883424.0,0.0,0.0,1
1789481685.2135477,speech,89,5,140302240.0,0.0,0.0,0.0,0.0,0.0,0.0,0.0,0.0,0.0,399790.9375,424967.34375,0.0,651819.125,575860.5625,0.0,1
1789481685.4881673,speech,88,20,724261760.0,0.0,0.0,0.0,0.0,0.0,0.0,0.0,81470688.0,107783968.0,113019104.0,101007536.0,37379764.0,11120834.0,2091307.625,113400.125,1
1789481685.5519588,speech,93,17,5999558656.0,0.0,0.0,0.0,0.0,115978704.0,0.0,204378080.0,2420825600.0,31197548.0,53497180.0,5960326.0,3734425.5,343103.6875,672512.5,0.0,1
1789481685.615791,speech,92,12,2032827648.0,0.0,0.0,0.0,0.0,0.0,0.0,112973160.0,0.0,97749048.0,166546528.0,84235896.0,127270432.0,119572464.0,135837856.0,11942324.0,1
1789481685.7457213,speech,106,7,2789767168.0,0.0,0.0,0.0,0.0,0.0,0.0,0.0,0.0,5272198.5,2791228.5,3244209.25,0.0,0.0,0.0,0.0,1
1789481685.8093474,speech,87,22,1888358400.0,0.0,0.0,0.0,0.0,0.0,33143549952.0,0.0,12493275136.0,12405054464.0,2600049152.0,237600320.0,1015482752.0,179135424.0,136516400.0,98322456.0,1
1789481685.8731544,speech,95,15,449569504.0,0.0,0.0,0.0,0.0,0.0,7051176960.0,0.0,25651046400.0,1470398720.0,6312453120.0,894125312.0,319685376.0,243691536.0,0.0,0.0,1
1789481685.9380453,speech,95,9,1779852.0,0.0,0.0,0.0,0.0,1084120192.0,0.0,505278528.0,0.0,2292187904.0,467189184.0,20148192.0,40840028.0,0.0,0.0,0.0,1
1789481685.9835694,speech,95,4,12961026.0,14548413.0,0.0,0.0,0.0,0.0,0.0,0.0,0.0,0.0,0.0,0.0,0.0,0.0,1909953.5,15074100.0,1
1789481686.154101,speech,104,13,1980458240.0,0.0,0.0,0.0,0.0,0.0,0.0,0.0,60710800.0,71211320.0,0.0,20633064.0,2046291.625,2033659.375,0.0,0.0,1
1789481686.2155778,speech,104,4,1836712064.0,0.0,0.0,0.0,0.0,0.0,0.0,0.0,0.0,42619232.0,0.0,30321586.0,0.0,0.0,0.0,0.0,1
1789481686.2674625,speech,106,4,396232928.0,0.0,34275188.0,0.0,0.0,0.0,1304134.25,0.0,0.0,0.0,0.0,0.0,0.0,0.0,0.0,0.0,1
1789481686.2683563,speech,348,3,0.0,0.0,0.0,173777984.0,33010424.0,0.0,0.0,0.0,0.0,0.0,0.0,0.0,181005.171875,0.0,0.0,0.0,1
1789481686.3763328,speech,106,3,10235557.0,0.0,0.0,0.0,1147148.75,0.0,0.0,0.0,0.0,0.0,0.0,319279.875,0.0,0.0,0.0,0.0,1
1789481686.4217641,speech,107,12,50126016.0,0.0,63165028.0,0.0,34279688.0,0.0,22253424.0,19453246.0,0.0,12638475.0,2121150.25,2822067.25,0.0,694239.5,0.0,0.0,1
1789481686.4856472,speech,102,20,899524224.0,0.0,28653084.0,0.0,3480114176.0,3870378752.0,3359919872.0,0.0,1238997376.0,314577344.0,395078432.0,184320016.0,150749920.0,163315360.0,62600660.0,0.0,1
1789481686.549934,speech,91,3,2655975936.0,0.0,0.0,0.0,0.0,18934620.0,0.0,0.0,0.0,0.0,0.0,0.0,0.0,0.0,3361786.0,0.0,1
1789481686.7173944,speech,18,9,379256128.0,929440.8125,0.0,0.0,0.0,0.0,10866336.0,0.0,0.0,0.0,1541000.5,65003.78125,0.0,204745.609375,0.0,0.0,1
1789481686.7872493,speech,113,4,2584727040.0,0.0,0.0,0.0,0.0,0.0,0.0,0.0,60376056.0,0.0,0.0,507640.75,2474834.25,0.0,0.0,0.0,1
1789481686.8467314,speech,99,11,170570752.0,0.0,0.0,0.0,0.0,0.0,0.0,7777111.5,37499312.0,5172057.5,10779638.0,2529391.5,2843198.75,882129.4375,370803.625,0.0,1
1789481686.9102206,speech,106,3,7192633344.0,0.0,0.0,0.0,0.0,0.0,0.0,1660054.75,0.0,0.0,0.0,0.0,0.0,0.0,0.0,0.0,1
1789481686.9741993,speech,121,5,4801987584.0,0.0,0.0,16070470.0,0.0,0.0,0.0,0.0,0.0,300525.15625,0.0,0.0,0.0,0.0,0.0,0.0,1
1789481687.4814987,speech,86,19,8663321.0,0.0,0.0,0.0,0.0,146408736.0,0.0,642290880.0,915532032.0,1069870848.0,271915328.0,39131720.0,5833009.0,3085917.0,379404.6875,558801.75,1
1789481687.540629,speech,92,8,52990728.0,0.0,0.0,0.0,0.0,0.0,0.0,3934726400.0,0.0,23777224.0,28008452.0,288990.375,0.0,1252845.375,0.0,340295.8125,1
1789481687.6040468,speech,91,18,0.0,0.0,0.0,0.0,0.0,0.0,12340462.0,1586065408.0,0.0,768314880.0,2631700480.0,457532608.0,61019624.0,7483178.0,198950.59375,5383461.0,1
1789481687.6683326,speech,91,6,3235933440.0,0.0,0.0,0.0,8150703.0,0.0,0.0,0.0,0.0,49473388.0,0.0,0.0,0.0,1098461.125,0.0,0.0,1
1789481687.717802,speech,89,3,738034432.0,0.0,0.0,0.0,0.0,0.0,0.0,0.0,1555862.0,0.0,0.0,0.0,0.0,0.0,0.0,754970.3125,1
1789481687.7810419,speech,90,14,0.0,0.0,112448416.0,0.0,0.0,760364096.0,0.0,300653088.0,0.0,1686922368.0,44477832.0,375778656.0,55581920.0,26196510.0,23314854.0,0.0,1
1789481687.8448772,speech,80,11,0.0,0.0,60398464.0,0.0,0.0,0.0,341394880.0,0.0,687368960.0,7313863680.0,0.0,64008804.0,264814976.0,7339043.0,4083180.75,0.0,1
1789481687.910714,speech,105,21,0.0,0.0,28296028.0,0.0,23859126.0,755387008.0,3749025024.0,2245471488.0,7965316096.0,1744144128.0,837099840.0,157587472.0,5857174.0,112137480.0,3865125.75,0.0,1
1789481687.9754944,speech,105,7,360050368.0,37192632.0,0.0,0.0,0.0,0.0,916210048.0,0.0,0.0,46027184.0,7072242.5,0.0,0.0,0.0,0.0,0.0,1
1789481688.0515518,speech,105,7,142399648.0,0.0,0.0,0.0,0.0,0.0,84070176.0,0.0,0.0,17021584.0,4225179.5,688487.625,3087299.5,0.0,0.0,0.0,1
1789481688.0970535,speech,93,12,0.0,0.0,0.0,0.0,0.0,0.0,0.0,65891108.0,0.0,175776512.0,9398810.0,53773896.0,15388947.0,7807960.0,0.0,5140711.0,1
1789481688.17877,speech,132,4,0.0,16083891.0,425888704.0,0.0,0.0,0.0,0.0,0.0,0.0,0.0,0.0,0.0,0.0,0.0,0.0,0.0,1
1789481688.17946,speech,84,4,210403008.0,0.0,0.0,0.0,0.0,0.0,0.0,0.0,0.0,3235507.5,0.0,0.0,0.0,158907.203125,0.0,907809.0,1
1789481688.239294,speech,101,5,863243968.0,0.0,0.0,0.0,0.0,0.0,0.0,0.0,0.0,1283822.5,0.0,144353.671875,0.0,0.0,0.0,0.0,1
1789481688.366328,speech,91,19,296735616.0,0.0,0.0,0.0,0.0,0.0,0.0,74100704.0,1085885952.0,1221320960.0,148640464.0,1183818752.0,84027488.0,405328960.0,28075730.0,8422371.0,1
1789481688.4273012,speech,91,18,732309696.0,0.0,0.0,0.0,0.0,0.0,0.0,541171712.0,3041261056.0,906875584.0,695751808.0,419219584.0,0.0,579902336.0,69523456.0,363758368.0,1
1789481688.5247912,speech,86,6,3832269824.0,0.0,0.0,0.0,0.0,0.0,0.0,0.0,0.0,4109168.25,2454856.75,1980224.0,2589668.5,0.0,0.0,0.0,1
1789481688.6522021,speech,89,14,0.0,0.0,0.0,0.0,0.0,0.0,0.0,0.0,41591296.0,5984438.0,26904672.0,4221142.0,4755839.5,7124259.0,1259040.875,0.0,1
1789481688.6971276,speech,88,12,2574451200.0,0.0,0.0,0.0,0.0,0.0,5982843.0,0.0,2117511.0,45265404.0,1895356.875,7974480.0,0.0,3140527.5,0.0,0.0,1
1789481688.7629058,speech,84,7,790720128.0,0.0,0.0,0.0,0.0,10385444.0,0.0,0.0,0.0,11339844.0,0.0,0.0,4235744.0,5620730.5,0.0,0.0,1
1789481688.826667,speech,84,3,392244800.0,0.0,61382984.0,0.0,0.0,0.0,0.0,0.0,0.0,0.0,0.0,0.0,0.0,0.0,0.0,0.0,1
1789481689.2524686,speech,91,20,1544539264.0,0.0,57142176.0,0.0,0.0,37726264.0,31180452.0,5365187.0,3026314.75,9570994.0,1873340.875,864071.0625,2812823.75,4549818.5,1114319.5,0.0,1
1789481689.3115194,speech,96,15,0.0,0.0,0.0,0.0,0.0,1190803072.0,1210579456.0,532184512.0,5257460.0,15602938.0,0.0,0.0,1592946.75,4493941.0,508809.28125,593363.3125,1
1789481689.3758812,speech,95,17,1011974784.0,0.0,0.0,0.0,0.0,0.0,424979264.0,360516096.0,280399104.0,589534336.0,38578160.0,1717561.625,1163662.25,551350.125,0.0,0.0,1
1789481689.6005726,speech,96,20,1142431232.0,0.0,0.0,0.0,18510384.0,0.0,893930.875,424000608.0,22229630.0,418984928.0,10636642.0,32799088.0,5341557.0,7603407.0,561884.6875,0.0,1
1789481689.6644087,speech,96,21,853078336.0,0.0,0.0,0.0,0.0,0.0,1554619648.0,90156368.0,2796268032.0,493531040.0,520692576.0,62506320.0,73834120.0,33500680.0,4139950.25,0.0,1
1789481689.7095416,speech,91,20,449854496.0,0.0,2586814.25,0.0,0.0,21790156.0,2542244096.0,0.0,4084959232.0,545116480.0,505694816.0,44707720.0,29391050.0,27176282.0,1639207.75,0.0,1
1789481689.7731109,speech,91,14,560185472.0,0.0,22084002.0,0.0,0.0,0.0,835831424.0,153296864.0,30111612.0,67573336.0,52403012.0,6280351.5,0.0,0.0,0.0,0.0,1
1789481689.818278,speech,91,9,510548128.0,0.0,0.0,0.0,0.0,0.0,0.0,49759960.0,32013316.0,46221380.0,0.0,11194010.0,0.0,3792888.75,0.0,0.0,1
1789481689.8671403,speech,91,11,0.0,0.0,0.0,0.0,0.0,0.0,0.0,25377780.0,0.0,11629904.0,13330321.0,10339258.0,20730648.0,2741114.25,0.0,0.0,1
1789481689.912629,speech,96,23,438816576.0,593274368.0,0.0,0.0,0.0,0.0,1064254528.0,183231552.0,377711232.0,267128992.0,41136280.0,267641568.0,40814700.0,244748416.0,23822070.0,12018750.0,1
1789481689.976134,speech,86,14,35778728.0,0.0,0.0,0.0,0.0,0.0,20919388.0,0.0,14504905728.0,9018218496.0,2826314240.0,410528544.0,1291694464.0,0.0,0.0,589491456.0,1
1789481690.0401309,speech,93,19,254912528.0,0.0,0.0,0.0,679491.75,0.0,4724428800.0,646756608.0,12969828352.0,2966108160.0,2878035200.0,799189120.0,65925064.0,246431104.0,0.0,0.0,1
1789481690.1041298,speech,96,21,33917972.0,0.0,0.0,14567950.0,0.0,2576635648.0,2999092992.0,6379018240.0,417389568.0,717013376.0,154287232.0,215844640.0,261016272.0,109317280.0,37539312.0,30194076.0,1
1789481690.1679661,speech,96,3,0.0,0.0,0.0,0.0,0.0,0.0,0.0,0.0,0.0,0.0,0.0,695975.9375,0.0,1773943.25,0.0,1968271.5,1
1789481690.2622662,speech,100,7,295968192.0,0.0,0.0,0.0,0.0,46218524.0,0.0,3796677.25,16395181.0,0.0,0.0,1258085.0,557623.375,0.0,0.0,0.0,1
1789481690.3270197,speech,101,11,371910432.0,0.0,0.0,0.0,0.0,0.0,1895992832.0,307734400.0,469654528.0,64009312.0,0.0,0.0,0.0,0.0,303437.25,704769.25,1
1789481691.6894965,speech,112,12,471225056.0,0.0,0.0,0.0,0.0,0.0,144983456.0,2882461.0,12888356.0,13168530.0,2188644.5,3130602.0,0.0,709017.1875,0.0,0.0,1
1789481691.7530658,speech,94,9,0.0,66537268.0,0.0,0.0,0.0,0.0,7945876.0,1407572.125,19710948.0,369244.625,5474875.0,0.0,0.0,0.0,742060.875,0.0,1
1789481691.8171432,speech,120,6,3753887744.0,0.0,0.0,0.0,0.0,0.0,0.0,0.0,0.0,3557234.5,1042694.875,2913304.5,0.0,0.0,0.0,0.0,1
1789481691.882541,speech,47,4,581484992.0,0.0,0.0,0.0,0.0,0.0,0.0,0.0,417208.8125,0.0,60439.6484375,0.0,0.0,0.0,80240.96875,0.0,1
1789481691.9948447,speech,116,7,0.0,0.0,0.0,0.0,658170176.0,31368130.0,0.0,5792024.5,25424362.0,11163231.0,0.0,0.0,0.0,0.0,0.0,0.0,1
1789481692.0448844,speech,148,5,254308560.0,76372600.0,0.0,226682528.0,489619136.0,0.0,0.0,0.0,0.0,0.0,0.0,0.0,0.0,0.0,0.0,0.0,1
1789481692.1072743,speech,139,8,5653679616.0,6398557696.0,15013317632.0,0.0,0.0,0.0,0.0,0.0,0.0,0.0,0.0,0.0,0.0,0.0,0.0,0.0,1
1789481692.2686567,speech,90,17,0.0,0.0,0.0,0.0,0.0,0.0,86305328.0,16181869.0,78562080.0,26477936.0,0.0,43845884.0,61821160.0,322333888.0,26621580.0,197930128.0,1
1789481692.3328023,speech,104,15,0.0,0.0,0.0,0.0,0.0,71264216.0,183520448.0,215677632.0,16023674.0,339672832.0,667284992.0,301101248.0,63996920.0,0.0,4362729.5,5511895.0,1
1789481692.3977623,speech,104,6,0.0,0.0,0.0,0.0,10543016.0,0.0,45764480.0,14929248.0,3171284.5,0.0,0.0,0.0,0.0,0.0,0.0,0.0,1
1789481692.4467363,speech,112,13,580857600.0,0.0,0.0,0.0,0.0,9332904.0,883283264.0,0.0,1425141504.0,748887808.0,113272368.0,5462297.0,117254.7421875,0.0,0.0,0.0,1
1789481692.505888,speech,111,15,410222976.0,0.0,0.0,0.0,0.0,0.0,341400992.0,0.0,303608960.0,536915328.0,631731200.0,461931072.0,0.0,12271460.0,0.0,0.0,1
1789481692.5693526,speech,111,4,0.0,0.0,0.0,0.0,0.0,0.0,0.0,0.0,0.0,0.0,13976401.0,0.0,2036638.625,2651806.0,0.0,0.0,1
1789481692.700602,speech,115,10,141968288.0,0.0,0.0,0.0,0.0,0.0,0.0,0.0,2239958272.0,1519882880.0,266325280.0,0.0,80845920.0,16358972.0,0.0,0.0,1
1789481692.7641385,speech,118,8,0.0,0.0,254318016.0,757664.125,22091018.0,0.0,5820883456.0,0.0,285432064.0,0.0,0.0,1932458368.0,0.0,337468256.0,0.0,0.0,1
1789481693.0298235,speech,138,5,2062439424.0,3551689.25,128228752.0,0.0,0.0,0.0,0.0,246006.8125,0.0,0.0,0.0,0.0,0.0,0.0,0.0,0.0,1
1789481693.2064023,speech,114,14,0.0,57729112.0,0.0,0.0,0.0,0.0,39700960.0,22811940.0,35339008.0,3970330.0,4422809.5,8818342.0,2082490.75,1089624.5,0.0,0.0,1
1789481693.264875,speech,112,16,0.0,0.0,0.0,0.0,0.0,453468416.0,0.0,407394240.0,2554032384.0,115934688.0,1215171968.0,108059208.0,996708544.0,36603648.0,127449760.0,0.0,1
1789481693.328913,speech,115,12,0.0,0.0,473244096.0,0.0,0.0,39108296.0,565884160.0,0.0,3399909888.0,340128992.0,3499493888.0,61899184.0,274414816.0,3739824.25,0.0,0.0,1
1789481693.6813247,speech,115,11,307178240.0,0.0,0.0,0.0,11009993.0,0.0,10785138.0,0.0,0.0,0.0,0.0,1657128.25,578599.4375,577380.3125,0.0,0.0,1
1789481693.7267153,speech,112,14,467048160.0,0.0,976970560.0,0.0,0.0,15004216.0,0.0,3414865.0,48534488.0,9343760.0,38934996.0,5794903.0,26651140.0,457898.375,1053113.75,0.0,1
1789481693.789938,speech,102,25,2606903296.0,25608390.0,0.0,0.0,0.0,269950784.0,456260480.0,276927616.0,268922144.0,350782912.0,154161648.0,766030592.0,208226928.0,20071860.0,1947613.125,0.0,1
1789481693.8539438,speech,102,16,0.0,0.0,0.0,0.0,0.0,0.0,641221120.0,4688664.5,253747872.0,102027312.0,171495312.0,127555616.0,29160352.0,4486593.5,406203.90625,0.0,1
1789481693.9029768,speech,103,5,0.0,0.0,0.0,0.0,31889648.0,0.0,0.0,0.0,21711204.0,109629672.0,0.0,24068296.0,0.0,0.0,0.0,0.0,1
1789481693.9668922,speech,90,14,1563300480.0,0.0,0.0,390844992.0,14847110.0,0.0,0.0,0.0,2304840.0,476023072.0,15314124.0,100551856.0,0.0,2447788.5,0.0,0.0,1
1789481694.032195,speech,90,15,5909912.0,445094656.0,110772432.0,0.0,0.0,0.0,1426136.375,0.0,0.0,73214456.0,882153.8125,141511232.0,1138471.875,33521926.0,214286.484375,0.0,1
1789481694.0785387,speech,96,6,332346688.0,0.0,0.0,0.0,0.0,0.0,0.0,0.0,0.0,0.0,206896.65625,1930200.0,0.0,681991.875,0.0,0.0,1
1789481694.1435006,speech,88,19,2516720384.0,167633968.0,19464110.0,0.0,0.0,0.0,0.0,0.0,3489967.75,120536520.0,6089206.0,68835816.0,13918028.0,7842854.5,611135.875,689362.0,1
1789481694.1442997,speech,126,3,0.0,0.0,0.0,462082304.0,322297216.0,0.0,0.0,0.0,0.0,0.0,0.0,0.0,0.0,0.0,0.0,0.0,1
1789481694.2069807,speech,87,13,0.0,0.0,0.0,74892288.0,90255984.0,0.0,101428008.0,5316866.5,7373133.0,20148764.0,9150298.0,4693656.5,3112624.0,0.0,0.0,0.0,1
1789481694.2695718,speech,81,7,176680912.0,2617510.5,0.0,0.0,0.0,0.0,0.0,0.0,4783658.5,0.0,0.0,7670480.0,0.0,0.0,730179.0,0.0,1
1789481694.4391572,speech,83,24,808211968.0,0.0,36632288.0,0.0,0.0,0.0,3889671168.0,106777128.0,3936158976.0,3823474944.0,359961536.0,544680320.0,43509916.0,76965088.0,368874.34375,0.0,1
1789481694.4997897,speech,84,21,863390464.0,0.0,17259932.0,0.0,0.0,0.0,8308146176.0,4081611520.0,0.0,31302522880.0,217320256.0,3969493504.0,23335050.0,729428736.0,0.0,0.0,1
1789481694.5632334,speech,87,11,0.0,0.0,25044150.0,0.0,0.0,0.0,40298440.0,4307089920.0,12822981632.0,0.0,9545191424.0,847162816.0,222848688.0,247853248.0,0.0,0.0,1
1789481695.514521,speech,95,24,206393264.0,31098644.0,0.0,0.0,0.0,100821744.0,1180022912.0,1085148032.0,1338779776.0,774792704.0,183756032.0,128511024.0,28573248.0,55122036.0,9925974.0,0.0,1
1789481695.5739965,speech,94,22,2571713024.0,0.0,492598144.0,0.0,0.0,0.0,2703933440.0,1499586176.0,19230404608.0,448642208.0,2421085952.0,108697456.0,602967168.0,79725440.0,297446272.0,0.0,1
1789481695.6381178,speech,96,22,2017031808.0,22408178.0,0.0,0.0,0.0,1036483968.0,1878044928.0,9145913344.0,14087596032.0,6168228864.0,3864301568.0,727799616.0,172413248.0,495612544.0,94363728.0,0.0,1
1789481695.7023032,speech,87,17,0.0,0.0,0.0,0.0,0.0,3625150720.0,2528008192.0,17110183936.0,3511446016.0,8558032896.0,550676608.0,1222630144.0,48808500.0,489714432.0,0.0,0.0,1
1789481695.7661023,speech,87,4,0.0,0.0,0.0,0.0,0.0,0.0,0.0,24270640.0,0.0,8372477.0,9265295.0,14267373.0,0.0,0.0,0.0,0.0,1
1789481695.815962,speech,106,5,4601618944.0,312602880.0,0.0,0.0,0.0,0.0,0.0,0.0,25355838.0,0.0,0.0,0.0,0.0,0.0,9704192.0,0.0,1
1789481695.8800354,speech,99,7,6033639424.0,0.0,0.0,19097700.0,0.0,0.0,0.0,0.0,0.0,0.0,17628264.0,0.0,0.0,0.0,1802512.75,0.0,1
1789481695.9446251,speech,105,9,2885227264.0,0.0,0.0,0.0,0.0,8356215.0,29592242.0,0.0,17254888.0,0.0,0.0,585513.25,0.0,0.0,0.0,0.0,1
1789481696.0845156,speech,105,10,1912735488.0,0.0,0.0,0.0,0.0,0.0,0.0,0.0,488129.1875,7808537.0,2061740.5,2804356.75,764716.5625,321347.9375,221311.1875,0.0,1
1789481696.130443,speech,122,7,571481472.0,0.0,15153960960.0,522364672.0,0.0,0.0,9993671.0,13763330.0,0.0,0.0,0.0,0.0,0.0,0.0,0.0,0.0,1
1789481696.193847,speech,122,4,0.0,0.0,0.0,0.0,0.0,0.0,63911212.0,0.0,37934424.0,0.0,0.0,0.0,0.0,0.0,0.0,0.0,1
1789481696.245403,speech,2,6,0.0,4082256.25,1623478912.0,0.0,0.0,0.0,0.0,0.0,0.0,32258.85546875,0.0,0.0,132555.953125,0.0,31878.478515625,0.0,1
1789481696.2461662,speech,122,3,439579776.0,0.0,0.0,0.0,2240173.5,0.0,0.0,0.0,0.0,0.0,0.0,0.0,0.0,39953.015625,0.0,0.0,1
1789481696.2997556,speech,2,3,0.0,0.0,0.0,0.0,0.0,0.0,0.0,0.0,664477.75,452467.96875,140755.5625,0.0,0.0,0.0,0.0,0.0,1
1789481696.4132612,speech,117,9,4676232192.0,8344188928.0,0.0,0.0,125368352.0,41457580.0,0.0,238957536.0,0.0,0.0,0.0,0.0,0.0,0.0,6793893.0,0.0,1
1789481696.4764051,speech,89,13,2436423936.0,0.0,0.0,0.0,443415232.0,242105488.0,264911248.0,216385856.0,52849072.0,189917696.0,187403360.0,39830068.0,0.0,0.0,0.0,0.0,1
1789481696.5404758,speech,119,5,1198908544.0,0.0,635366400.0,0.0,0.0,135065504.0,0.0,0.0,0.0,0.0,0.0,0.0,26047288.0,0.0,0.0,0.0,1
1789481696.6110067,speech,86,14,1600792704.0,0.0,0.0,0.0,0.0,0.0,118010496.0,86086064.0,126145496.0,75635088.0,11346373.0,19136864.0,8733211.0,8864127.0,0.0,31653084.0,1
1789481696.6743083,speech,86,14,1207504896.0,0.0,0.0,0.0,0.0,0.0,196789456.0,30293348.0,57848556.0,67275720.0,94602696.0,49653316.0,96528328.0,0.0,0.0,9580697.0,1
1789481696.7233822,speech,88,15,942381312.0,0.0,0.0,0.0,0.0,0.0,35775536.0,74110240.0,66161224.0,20566652.0,64674900.0,76368792.0,78160160.0,0.0,0.0,6892089.5,1
1789481696.788287,speech,88,8,753653184.0,0.0,150262672.0,0.0,0.0,7285918.5,56924680.0,0.0,0.0,0.0,0.0,0.0,7584200.0,0.0,917201.75,0.0,1
1789481696.845399,speech,86,7,0.0,0.0,0.0,0.0,0.0,0.0,0.0,1192235.0,4004063.75,45692352.0,1957682.0,0.0,0.0,0.0,0.0,0.0,1
1789481696.9057915,speech,86,21,787143232.0,0.0,1905697.5,0.0,0.0,0.0,2066672896.0,0.0,136953952.0,1866969344.0,23575544.0,135243888.0,3567166.5,20869894.0,2293135.75,50772400.0,1
1789481696.9549336,speech,89,17,721370944.0,0.0,0.0,0.0,10774804.0,0.0,0.0,6429368320.0,551973568.0,14207590400.0,566128640.0,852933504.0,219690176.0,0.0,166476944.0,107537504.0,1
1789481697.0192811,speech,89,3,110942096.0,0.0,0.0,0.0,0.0,0.0,0.0,0.0,46859784.0,0.0,0.0,2935187.5,0.0,0.0,0.0,0.0,1
1789481697.6662235,speech,98,7,380864064.0,0.0,65403304.0,0.0,0.0,0.0,1222489.25,0.0,165100.984375,259611.625,116363.34375,0.0,0.0,0.0,0.0,36227.98046875,1
1789481697.776219,speech,126,4,0.0,0.0,220533392.0,5407319.0,0.0,525462.5,0.0,0.0,0.0,0.0,0.0,0.0,0.0,0.0,0.0,0.0,1
1789481697.9819002,speech,77,24,1222805504.0,0.0,0.0,0.0,0.0,0.0,1887902464.0,5923942400.0,0.0,137646400.0,9243075.0,9102342.0,1336253.0,4060461.0,861723.875,2659965.0,1
1789481698.0398324,speech,77,21,0.0,0.0,0.0,0.0,0.0,0.0,10540506112.0,31331319808.0,6378494.5,1924374784.0,5558738.0,390223808.0,8614640.0,99415712.0,10977667.0,36900956.0,1
1789481698.088022,speech,68,23,0.0,3896100.25,727843712.0,0.0,0.0,38850520.0,14127192064.0,154389696.0,9379296256.0,6375872000.0,794803712.0,617420928.0,369365888.0,291946048.0,169428064.0,183507968.0,1
1789481698.1511185,speech,68,7,0.0,0.0,0.0,0.0,0.0,0.0,0.0,55926888.0,0.0,32781502.0,28527868.0,0.0,0.0,0.0,4933447.0,9270846.0,1
1789481698.1965299,speech,68,7,0.0,0.0,0.0,0.0,0.0,0.0,0.0,0.0,0.0,95042888.0,26472560.0,0.0,0.0,7186111.0,441762.5625,8512892.0,1
1789481698.2458656,speech,68,4,0.0,0.0,0.0,0.0,0.0,0.0,0.0,0.0,0.0,0.0,0.0,2625016.5,4981101.0,0.0,0.0,0.0,1
1789481698.290505,speech,69,14,2700835840.0,17216976.0,1854352640.0,0.0,0.0,0.0,27590622.0,2537808.0,0.0,0.0,0.0,0.0,1079615.75,2047648.25,1301535.875,714936.4375,1
1789481698.3545058,speech,78,22,6605548544.0,43668084.0,0.0,0.0,0.0,323191648.0,843923648.0,98735528.0,127248832.0,103118552.0,65396076.0,0.0,112640664.0,122808448.0,113863760.0,13965349.0,1
1789481698.4185293,speech,81,11,2925088256.0,0.0,0.0,0.0,0.0,0.0,191706464.0,456001440.0,0.0,0.0,0.0,3154756.75,68293544.0,7178781.0,126840872.0,3974113.0,1
1789481698.4829106,speech,81,11,497639104.0,0.0,0.0,0.0,27019390.0,0.0,0.0,10776627.0,0.0,0.0,0.0,2386101.5,10918722.0,5369235.0,0.0,604823.875,1
1789481698.5321813,speech,60,20,10845965.0,756005824.0,1171043584.0,0.0,0.0,188617600.0,49686600.0,70422256.0,1134562.5,3006652.0,29001.02734375,232980.4375,1272752.0,5582699.0,0.0,0.0,1
1789481698.5961359,speech,60,5,484063104.0,0.0,0.0,2120019.5,0.0,0.0,0.0,0.0,0.0,0.0,0.0,853735.5,0.0,0.0,0.0,0.0,1
1789481698.6406868,speech,59,22,0.0,126124528.0,7779819008.0,153188896.0,0.0,239416208.0,318221760.0,107354816.0,23249604.0,23689652.0,2454331.75,0.0,315701.8125,35921496.0,5470135.0,60953960.0,1
1789481698.7038727,speech,58,14,0.0,0.0,0.0,0.0,3273954.0,1727729920.0,174585248.0,281463936.0,2503000.25,57576932.0,731797.25,0.0,12816772.0,14216463.0,0.0,0.0,1
1789481698.767111,speech,58,13,0.0,315310560.0,0.0,0.0,0.0,0.0,6882143.5,25583318.0,584664.125,5631547.5,365595.5,1966497.75,1012282.3125,0.0,0.0,0.0,1
1789481698.816485,speech,50,10,0.0,0.0,423386080.0,0.0,0.0,202497344.0,161981168.0,34379020.0,44899028.0,12445044.0,12970865.0,5019197.0,0.0,8930156.0,0.0,5587936.0,1
1789481698.8774362,speech,51,19,0.0,96801424.0,0.0,1438705920.0,0.0,1689255424.0,211248144.0,370006656.0,0.0,183001552.0,35595980.0,15377284.0,45092656.0,14418161.0,0.0,0.0,1
1789481698.9389272,speech,51,15,3716544000.0,1822455168.0,1948284416.0,0.0,274932608.0,0.0,453353952.0,0.0,109793152.0,95762232.0,42697688.0,32483962.0,0.0,0.0,22026644.0,18628452.0,1
1789481698.9853346,speech,56,11,35657944.0,0.0,0.0,0.0,11666455.0,95209864.0,0.0,8197751.5,1565129.5,1522998.625,0.0,0.0,7503811.5,3127339.5,0.0,2230459.5,1
1789481699.0478876,speech,51,8,0.0,146846048.0,0.0,0.0,0.0,18095960.0,0.0,11440846.0,74154.1640625,1154497.25,0.0,0.0,0.0,2342930.75,0.0,0.0,1
1789481699.109304,speech,55,25,5220368384.0,1404497792.0,2370839552.0,0.0,0.0,5803878400.0,746508928.0,1293995136.0,2152520.25,270035008.0,2621558.75,50709580.0,13070568.0,65278188.0,0.0,0.0,1
1789481699.1712108,speech,37,8,4126583808.0,0.0,30492434.0,0.0,32756252.0,2083418368.0,38246308.0,0.0,1382072.75,36440336.0,0.0,0.0,0.0,0.0,0.0,0.0,1
1789481700.100895,speech,102,12,5310620160.0,88226800.0,893138176.0,0.0,0.0,0.0,9737222.0,2277289.0,0.0,0.0,0.0,1158549.375,0.0,0.0,0.0,5093043.0,1
1789481700.152457,speech,115,9,6726527488.0,207020272.0,2006965760.0,0.0,0.0,0.0,0.0,0.0,0.0,0.0,0.0,7304060.0,1484541.5,0.0,0.0,0.0,1
1789481700.2164145,speech,96,13,0.0,0.0,0.0,0.0,0.0,1529580160.0,1612668672.0,1038417920.0,0.0,247448768.0,46189368.0,307211360.0,37247844.0,301236832.0,0.0,0.0,1
1789481700.2806096,speech,96,15,0.0,0.0,40102692.0,0.0,0.0,864023040.0,221205024.0,320726592.0,16331856.0,162341392.0,18461974.0,48604256.0,61477040.0,7210804.0,77513760.0,0.0,1
1789481700.3371685,speech,96,5,0.0,0.0,0.0,0.0,1995059200.0,0.0,0.0,0.0,22150496.0,73236368.0,0.0,0.0,0.0,0.0,0.0,0.0,1
1789481700.3841734,speech,140,3,0.0,7564132352.0,1521189760.0,0.0,0.0,0.0,0.0,0.0,0.0,0.0,0.0,0.0,0.0,0.0,0.0,0.0,1
1789481700.384943,speech,99,17,2415137280.0,0.0,0.0,0.0,0.0,18705786.0,18306576.0,2729206.75,12517498.0,0.0,24118924.0,6919320.0,19444280.0,43553512.0,20084542.0,0.0,1
1789481700.450611,speech,99,15,3155621376.0,0.0,6439421.0,0.0,0.0,0.0,21450348.0,23049904.0,0.0,3083269.75,17000454.0,10518250.0,60551536.0,2619772.0,0.0,0.0,1
1789481700.4517124,speech,140,6,0.0,0.0,6684338.0,0.0,540050.0625,0.0,0.0,0.0,80409.0234375,0.0,0.0,0.0,0.0,3468255.0,9471219.0,0.0,1
1789481700.514048,speech,96,19,491586944.0,0.0,0.0,0.0,42493580.0,3483095808.0,50522428.0,662856448.0,0.0,316268640.0,8183370.0,124880144.0,45089904.0,111106856.0,126828584.0,58348940.0,1
1789481700.5768437,speech,93,19,0.0,0.0,0.0,0.0,0.0,1289662464.0,59980232.0,416210880.0,193262.171875,257127264.0,5796283.5,52807024.0,34657252.0,64874544.0,125632560.0,77724680.0,1
1789481700.642287,speech,106,5,3104874752.0,0.0,0.0,0.0,0.0,0.0,1013773.0,0.0,0.0,0.0,935436.625,0.0,0.0,0.0,0.0,0.0,1
1789481700.7056623,speech,94,7,2885072896.0,0.0,0.0,0.0,0.0,0.0,844394.75,0.0,1076963.125,0.0,0.0,0.0,2106143.5,165374.328125,0.0,0.0,1
1789481700.7695582,speech,94,18,0.0,0.0,0.0,0.0,42511932.0,3003522048.0,259942208.0,505451584.0,0.0,183410464.0,0.0,39179104.0,10420727.0,36706856.0,4065166.0,91295160.0,1
1789481700.814555,speech,94,12,0.0,0.0,0.0,0.0,0.0,1201578240.0,0.0,255582784.0,0.0,117849856.0,800148.9375,8374447.5,2279721.0,3823379.0,20648504.0,4478456.0,1
1789481700.8640494,speech,108,4,2547680256.0,0.0,0.0,0.0,0.0,6767548.0,0.0,0.0,1010316.25,0.0,0.0,0.0,0.0,0.0,0.0,0.0,1
1789481700.92799,speech,97,8,2027548800.0,0.0,0.0,0.0,0.0,0.0,418084.90625,0.0,0.0,2253191.0,0.0,0.0,0.0,541326.25,779367.8125,748219.9375,1
1789481700.992336,speech,108,22,2372097536.0,1841379072.0,1537893504.0,0.0,0.0,0.0,87240744.0,342381056.0,7326466.5,121115968.0,10853006.0,30730644.0,17033516.0,8640432.0,2859523.75,4001356.25,1
1789481701.0579295,speech,126,8,0.0,0.0,0.0,7026046464.0,11464860.0,0.0,26225520.0,0.0,0.0,0.0,25688160.0,0.0,0.0,36432884.0,30393646.0,0.0,1
1789481701.121553,speech,126,7,0.0,0.0,70787120.0,0.0,67492752.0,0.0,0.0,0.0,12483599.0,4083480.5,0.0,0.0,0.0,862436.6875,0.0,0.0,1
1789481701.1682622,speech,99,14,269235392.0,0.0,0.0,116646288.0,0.0,13629568.0,0.0,338538.875,85734064.0,7714453.0,5148261.5,0.0,4067748.0,675531.75,5215311.0,0.0,1
1789481701.2308831,speech,92,19,0.0,17942408.0,0.0,0.0,0.0,0.0,0.0,461351520.0,32559478784.0,18065666048.0,0.0,1060327232.0,1261664512.0,618381952.0,1236157696.0,238054352.0,1
1789481701.2951612,speech,104,12,0.0,0.0,77656488.0,0.0,964934848.0,12351623168.0,12604051456.0,3742149120.0,19199385600.0,972203648.0,0.0,631850880.0,0.0,260462208.0,0.0,0.0,1
1789481701.3597093,speech,104,5,18465072.0,42112400.0,0.0,0.0,0.0,0.0,0.0,0.0,0.0,0.0,21763500.0,7406441.0,0.0,0.0,4499299.5,0.0,1
1789481702.4453945,speech,103,7,0.0,0.0,0.0,0.0,0.0,10360428.0,12853446.0,0.0,1128977.5,0.0,528666.1875,257107.546875,0.0,0.0,0.0,0.0,1
1789481702.57413,speech,342,3,0.0,0.0,15169199.0,0.0,0.0,0.0,0.0,0.0,0.0,0.0,0.0,0.0,0.0,59437.359375,35494.43359375,0.0,1
1789481702.5747974,speech,107,6,0.0,0.0,0.0,0.0,0.0,0.0,0.0,0.0,0.0,6050381.0,0.0,1292684.25,180594.0,0.0,0.0,23525.708984375,1
1789481702.7294085,speech,140,14,211348320.0,329535808.0,0.0,0.0,0.0,0.0,171957264.0,0.0,8433098.0,30317348.0,7927030.0,14751832.0,0.0,3847147.5,0.0,0.0,1
1789481702.7877562,speech,125,18,0.0,0.0,0.0,0.0,218205584.0,0.0,40039067648.0,7799951872.0,745780928.0,1718106112.0,390548032.0,1059416960.0,145138528.0,590993600.0,5652441.5,0.0,1
1789481702.8501084,speech,121,15,0.0,0.0,0.0,0.0,0.0,0.0,0.0,436913280.0,38961377280.0,2583868416.0,2583225088.0,291167872.0,2553853696.0,114811104.0,1036362496.0,0.0,1
1789481702.9126093,speech,121,4,0.0,0.0,112718056.0,71228560.0,0.0,0.0,0.0,0.0,0.0,0.0,0.0,34816644.0,0.0,0.0,9071075.0,0.0,1
1789481702.9708593,speech,121,5,0.0,0.0,125793824.0,0.0,0.0,0.0,14666438.0,0.0,0.0,26006796.0,0.0,0.0,0.0,754956.25,0.0,0.0,1
1789481703.0210848,speech,121,14,879193472.0,0.0,0.0,0.0,0.0,0.0,0.0,44851816.0,272392608.0,0.0,91851592.0,123061776.0,748232576.0,95728480.0,53699788.0,1466280.125,1
1789481703.066772,speech,134,16,1272972544.0,916884352.0,4342717440.0,5673816.0,0.0,408199872.0,301164544.0,0.0,49337540.0,114176656.0,0.0,233987360.0,7516363.5,636397504.0,0.0,0.0,1
1789481703.1295612,speech,134,5,1407584896.0,0.0,0.0,0.0,112306584.0,21782784.0,0.0,0.0,0.0,0.0,2336932.5,0.0,0.0,0.0,0.0,0.0,1
1789481703.1789885,speech,138,6,4071533056.0,210223008.0,0.0,234052896.0,0.0,0.0,0.0,28397052.0,0.0,0.0,0.0,0.0,0.0,0.0,0.0,0.0,1
1789481703.2405465,speech,121,12,0.0,84474192.0,2020513280.0,0.0,0.0,2272435456.0,978975104.0,277339584.0,11047651.0,187062720.0,0.0,86315080.0,0.0,62361240.0,0.0,0.0,1
1789481703.3030157,speech,121,22,275864896.0,26874542.0,58505040.0,0.0,0.0,135476080.0,685368064.0,117744648.0,234930944.0,142763984.0,113414816.0,148598080.0,56554608.0,676912320.0,89068464.0,0.0,1
1789481703.349218,speech,137,14,0.0,0.0,144334576.0,0.0,552102016.0,10315136.0,131982080.0,5661228.0,23956064.0,0.0,15428579.0,10650512.0,12617143.0,7025381.0,0.0,0.0,1
1789481703.5194309,speech,132,11,1276347520.0,0.0,0.0,7822687.0,0.0,0.0,3078584.75,0.0,668969.0,0.0,0.0,5250894.0,3427529.25,12110474.0,2488970.75,0.0,1
1789481703.5764985,speech,114,21,1167216256.0,0.0,0.0,0.0,0.0,3295229440.0,3138661632.0,688582912.0,303555392.0,332605440.0,49417264.0,269527008.0,6314706.0,167792528.0,29577678.0,1264813056.0,1
1789481703.6393743,speech,114,13,1318952832.0,0.0,0.0,0.0,1033699648.0,0.0,229926624.0,3114616.5,30187888.0,30152330.0,1354633.25,0.0,7867848.0,9189803.0,4784136.0,23847712.0,1
1789481703.6897135,speech,114,13,0.0,58045332.0,349018496.0,0.0,199810048.0,250665888.0,167211584.0,0.0,0.0,0.0,0.0,6529106.0,0.0,13165498.0,0.0,8895339.0,1
1789481703.8006475,speech,124,18,0.0,8810010.0,0.0,0.0,0.0,1081311872.0,0.0,284155840.0,327662752.0,136283232.0,74226576.0,102661832.0,28177508.0,35855592.0,0.0,58419680.0,1
1789481703.8624394,speech,99,14,0.0,0.0,0.0,0.0,0.0,0.0,1077174400.0,0.0,432964480.0,22367556.0,0.0,24230326.0,171698240.0,143276464.0,207900928.0,0.0,1
1789481703.926019,speech,112,15,0.0,0.0,0.0,0.0,0.0,0.0,173693520.0,18110158.0,42679008.0,3256726.0,13670042.0,1070054.0,0.0,8023826.5,6977232.0,0.0,1
1789481704.3868127,speech,317,6,0.0,0.0,11138374.0,334826.9375,173233.3125,0.0,0.0,0.0,0.0,102875.953125,71628.109375,0.0,0.0,0.0,0.0,0.0,1
1789481706.2409058,speech,33,6,0.0,0.0,783086.75,0.0,0.0,0.0,0.0,935466.375,1337095.75,0.0,0.0,280200.625,471774.0,0.0,0.0,0.0,1
1789481706.3027813,speech,316,3,0.0,0.0,0.0,22383382.0,1429327.0,0.0,1307721.25,0.0,0.0,0.0,0.0,0.0,0.0,0.0,0.0,0.0,1
1789481706.3610246,speech,3,4,0.0,0.0,4155449.75,0.0,0.0,0.0,0.0,90438.3359375,0.0,449006.0,0.0,0.0,0.0,0.0,14404.576171875,0.0,1
1789481706.4235876,speech,195,12,0.0,0.0,0.0,0.0,0.0,2229075.0,4322774.0,7450327.5,3658382.0,198874.84375,0.0,3496003.0,685326.9375,2322224.0,0.0,0.0,1
1789481706.4802904,speech,206,14,0.0,389857184.0,0.0,0.0,1909556992.0,0.0,16951866.0,18377064.0,0.0,34713968.0,0.0,197226640.0,319803520.0,14521063.0,24572156.0,0.0,1
1789481706.5431266,speech,189,17,293713536.0,2276373504.0,2585019392.0,237479008.0,44683420.0,85921400.0,0.0,0.0,0.0,68485944.0,0.0,326365568.0,0.0,130702576.0,5449431.5,0.0,1
1789481706.6117942,speech,189,9,75889704.0,0.0,0.0,0.0,0.0,48585944.0,0.0,0.0,0.0,8288827.5,13179928.0,0.0,0.0,4369706.5,0.0,6145838.5,1
1789481706.6694615,speech,206,3,1552856832.0,0.0,0.0,0.0,0.0,0.0,0.0,0.0,0.0,2015574.25,0.0,0.0,0.0,0.0,0.0,0.0,1
1789481706.7333,speech,189,13,0.0,323170240.0,637266688.0,0.0,26839140.0,532005760.0,169319424.0,205908384.0,70190152.0,0.0,0.0,71165312.0,0.0,115625808.0,0.0,0.0,1
1789481706.7976568,speech,197,10,395234560.0,353463328.0,345656224.0,0.0,0.0,88055832.0,6372748.5,0.0,0.0,4743644.0,0.0,20063212.0,4221372.0,29126156.0,0.0,0.0,1
1789481706.8631022,speech,213,5,967130624.0,31142106.0,0.0,0.0,0.0,0.0,0.0,0.0,0.0,0.0,0.0,0.0,1297879.75,0.0,2766614.5,0.0,1
1789481706.925859,speech,210,18,591466304.0,241208368.0,439558400.0,344213248.0,0.0,182574416.0,59239692.0,0.0,3965690.0,0.0,0.0,112964928.0,31189476.0,211653392.0,0.0,0.0,1
1789481706.988043,speech,210,7,69112784.0,44042120.0,0.0,0.0,0.0,86851184.0,4125378.5,0.0,0.0,0.0,20295194.0,36120484.0,0.0,0.0,0.0,0.0,1
1789481707.0379548,speech,209,8,380353344.0,0.0,30951300.0,0.0,20901438.0,100257408.0,0.0,0.0,0.0,0.0,0.0,58261884.0,0.0,0.0,0.0,0.0,1
1789481707.1016784,speech,211,6,465055840.0,0.0,37589520.0,0.0,33930224.0,6932085.5,0.0,0.0,0.0,0.0,0.0,0.0,0.0,10496857.0,0.0,0.0,1
1789481707.1641362,speech,205,21,669253120.0,0.0,555897600.0,638565312.0,1776050304.0,207396416.0,42952432.0,0.0,2856050.0,0.0,1656944.375,78545944.0,26219868.0,119054912.0,0.0,0.0,1
1789481707.226086,speech,203,9,288715008.0,0.0,176658688.0,385446784.0,247028784.0,0.0,9791779.0,0.0,0.0,0.0,0.0,0.0,4871045.0,4222702.5,0.0,0.0,1
1789481707.290339,speech,220,9,1149154816.0,0.0,0.0,0.0,42858792.0,7230501.0,3110748.5,0.0,413466.5625,0.0,0.0,0.0,2594196.0,8007349.0,0.0,0.0,1
1789481707.3525522,speech,206,13,0.0,0.0,789736320.0,0.0,0.0,415795264.0,394803904.0,88158608.0,25001128.0,0.0,0.0,0.0,5535124.0,416536512.0,0.0,0.0,1
1789481707.4150944,speech,208,14,0.0,201931408.0,629848640.0,2060549120.0,1942594944.0,445172512.0,0.0,61360032.0,0.0,0.0,0.0,0.0,2651229.75,258770336.0,0.0,0.0,1
1789481707.5229833,speech,218,18,187193136.0,289913216.0,377206592.0,2725461504.0,1151487.375,452379136.0,53120840.0,0.0,0.0,0.0,2323607.0,52019700.0,13887080.0,80331536.0,13334087.0,24557786.0,1
1789481707.5852067,speech,205,11,422206144.0,0.0,0.0,2546130432.0,1328458368.0,54205556.0,0.0,0.0,0.0,0.0,725268.5,0.0,8637212.0,134639904.0,0.0,0.0,1
1789481707.92312,speech,346,6,371766.25,1384963.0,15431968.0,0.0,0.0,847472.0625,0.0,942635.3125,0.0,0.0,0.0,0.0,0.0,0.0,0.0,0.0,1
1789481708.0422666,speech,40,4,0.0,1228783.0,1246683.875,0.0,0.0,0.0,0.0,0.0,379176.84375,0.0,150060.40625,0.0,0.0,0.0,0.0,0.0,1
1789481708.1003282,speech,329,7,0.0,0.0,5610753.0,935719.125,0.0,556232.0625,621176.875,0.0,0.0,326555.9375,0.0,45861.4375,0.0,0.0,0.0,0.0,1
1789481708.1748283,speech,4,5,0.0,0.0,9988020.0,0.0,306486.1875,0.0,0.0,0.0,0.0,0.0,290365.84375,152481.65625,0.0,0.0,0.0,0.0,1
1789481708.2374785,speech,329,6,0.0,11394720.0,0.0,5640529.0,0.0,2776795.5,0.0,0.0,0.0,1263459.25,0.0,0.0,0.0,0.0,1017461.3125,0.0,1
1789481708.303415,speech,9,7,14405476.0,0.0,0.0,6015795.5,0.0,0.0,5454985.5,0.0,0.0,2011023.75,0.0,0.0,1172539.75,0.0,0.0,0.0,1
1789481708.4529104,speech,261,12,186540304.0,0.0,0.0,0.0,0.0,0.0,14207626.0,0.0,8609202.0,54694.984375,0.0,123493.484375,0.0,841428.0,2708486.5,3405192.5,1
1789481708.5042615,speech,257,14,606618048.0,2696271.0,1076104.625,0.0,0.0,10466491.0,19257750.0,0.0,0.0,2646331.5,358572.09375,1313587.125,225654.40625,0.0,0.0,5175446.5,1
1789481708.5687923,speech,256,19,333397024.0,446686848.0,600915968.0,950634496.0,700334784.0,140141616.0,7239985.0,0.0,0.0,0.0,27433736.0,423185344.0,0.0,27440132.0,7712189.5,0.0,1
1789481708.6321807,speech,256,13,237739008.0,246004864.0,484112640.0,2833924352.0,136758928.0,68793392.0,0.0,0.0,12900682.0,3554428.75,37072144.0,0.0,0.0,86965344.0,0.0,18345592.0,1
1789481708.6903703,speech,256,5,0.0,0.0,107001640.0,0.0,0.0,0.0,0.0,0.0,0.0,0.0,0.0,0.0,0.0,0.0,15681559.0,9041634.0,1
1789481708.735418,speech,260,4,667970176.0,0.0,0.0,0.0,0.0,0.0,0.0,0.0,0.0,0.0,0.0,0.0,0.0,12375212.0,5599495.0,0.0,1
1789481708.798986,speech,253,18,477898144.0,0.0,17294762.0,1404304640.0,451453664.0,487881376.0,36001720.0,0.0,0.0,34904472.0,4858920.5,74876808.0,0.0,0.0,282659648.0,113898232.0,1
1789481708.8630545,speech,253,5,0.0,0.0,0.0,0.0,0.0,0.0,0.0,0.0,0.0,0.0,0.0,0.0,22402464.0,26843544.0,18890440.0,11103787.0,1
1789481708.912634,speech,253,9,37082292.0,0.0,0.0,0.0,27376384.0,0.0,0.0,0.0,11748722.0,4326926.5,1423933.125,0.0,0.0,0.0,0.0,12430794.0,1
1789481708.9610193,speech,246,21,0.0,0.0,140529200.0,9787948.0,455567584.0,4260931.0,0.0,335522912.0,3105804544.0,125231824.0,537932800.0,2264736.0,0.0,192366592.0,373002400.0,35572432.0,1
1789481709.024324,speech,255,18,0.0,0.0,200929632.0,0.0,188063536.0,433556032.0,83321472.0,879625344.0,0.0,2584274432.0,276141888.0,579250880.0,204595392.0,161065408.0,360141248.0,0.0,1
1789481709.3398242,speech,255,6,0.0,0.0,0.0,0.0,0.0,0.0,0.0,0.0,0.0,0.0,0.0,1594550.75,0.0,776959.625,1000655.9375,2118577.5,1
1789481709.3853436,speech,264,21,634636608.0,101529384.0,6634556416.0,4976941.0,30476838.0,5416252.5,0.0,10434986.0,18793264.0,14845430.0,14381793.0,69387680.0,30528368.0,53322008.0,11609612.0,0.0,1
1789481709.4496872,speech,263,18,391184480.0,0.0,1648522496.0,1437320704.0,41852452.0,51221112.0,0.0,0.0,0.0,292946304.0,107906032.0,423675968.0,33766744.0,0.0,9438185.0,14575835.0,1
1789481709.5145688,speech,262,8,247129952.0,712248576.0,0.0,0.0,66333120.0,0.0,0.0,0.0,7204834.0,0.0,3522853.25,4675139.5,0.0,2345100.75,0.0,0.0,1
1789481709.5789564,speech,263,27,57341284.0,0.0,100318288.0,274340032.0,70555152.0,41428532.0,37858176.0,3857045.0,8529036.0,41046144.0,235119664.0,402243200.0,0.0,18860178.0,8281411.5,6930005.0,1
1789481709.6432447,speech,259,12,121599424.0,771812800.0,0.0,235979008.0,177938784.0,95078968.0,0.0,0.0,51155944.0,55669156.0,589878464.0,175672704.0,0.0,0.0,0.0,0.0,1
1789481709.7069542,speech,259,9,0.0,45002532.0,0.0,13123450.0,0.0,0.0,0.0,0.0,5770276.0,0.0,0.0,0.0,4933384.0,4331526.0,0.0,820744.625,1
1789481709.756967,speech,264,4,31001140.0,87085248.0,0.0,0.0,0.0,0.0,0.0,2150095.25,0.0,0.0,0.0,0.0,0.0,0.0,0.0,0.0,1
1789481709.8204374,speech,254,12,208352384.0,1503745664.0,0.0,273351872.0,24813190.0,0.0,7828381.0,0.0,5793550.5,0.0,0.0,12147230.0,0.0,0.0,5140074.0,0.0,1
1789481709.8854866,speech,273,8,238763488.0,0.0,52014536.0,0.0,12611194.0,0.0,0.0,1022621.0,0.0,0.0,10515353.0,20522442.0,0.0,0.0,0.0,0.0,1
1789481709.9491327,speech,269,20,0.0,0.0,483019072.0,734294144.0,555189376.0,121020504.0,0.0,6951918.5,0.0,32730694.0,47414716.0,80490528.0,0.0,0.0,18586998.0,0.0,1
1789481710.0140457,speech,273,21,61247728.0,0.0,324982656.0,1016925568.0,359672640.0,139726272.0,0.0,0.0,14345698.0,10513022.0,5524605.0,16393870.0,57846440.0,0.0,7904871.5,1220375.625,1
1789481710.0786986,speech,273,6,16423322.0,0.0,47670728.0,0.0,26883980.0,0.0,0.0,4219271.5,0.0,0.0,0.0,44507260.0,0.0,0.0,0.0,0.0,1
1789481710.1246758,speech,256,16,341400480.0,0.0,810241.625,457201184.0,119283328.0,13995457.0,2411687.0,24154640.0,0.0,19648120.0,16232172.0,65167732.0,0.0,0.0,2342985.5,673283.875,1
1789481710.1881917,speech,259,17,436929632.0,0.0,0.0,575016064.0,78539888.0,67690176.0,0.0,0.0,0.0,22784910.0,32181592.0,82738952.0,3010799.0,0.0,5368416.5,0.0,1
1789481710.253181,speech,247,20,557705344.0,19233862.0,0.0,2085324416.0,1005075136.0,236530336.0,13977800.0,0.0,0.0,198609136.0,9815519.0,504132128.0,1645025.875,0.0,10832313.0,16128114.0,1
1789481710.3166428,speech,247,6,28805338.0,0.0,0.0,30581570.0,0.0,0.0,593135.25,0.0,0.0,2370650.0,5099476.5,0.0,0.0,0.0,0.0,573473.4375,1
1789481710.3839529,speech,257,18,302457120.0,0.0,0.0,276444864.0,39819776.0,58124192.0,0.0,0.0,410013.0625,26215572.0,34472176.0,13414708.0,0.0,0.0,9826135.0,526633.625,1
1789481710.4433763,speech,258,18,473314144.0,0.0,0.0,3167813888.0,476675904.0,244385280.0,2446658.5,0.0,11809984.0,0.0,94993568.0,144238160.0,0.0,0.0,25717690.0,1040534.1875,1
1789481710.507345,speech,257,19,302363360.0,0.0,0.0,4114064384.0,426695520.0,674207360.0,2420026.0,0.0,19759828.0,114215728.0,139928736.0,134979328.0,0.0,2035970.75,0.0,172682.953125,1
1789481711.4913168,speech,265,24,232774624.0,0.0,0.0,55219676.0,102126032.0,182708400.0,353806464.0,1262251648.0,605169472.0,3729174272.0,268934368.0,1186624000.0,0.0,215309984.0,171907616.0,703237824.0,1
1789481711.5559404,speech,259,16,0.0,0.0,28090748.0,0.0,692154688.0,0.0,0.0,0.0,6335588352.0,812057088.0,3729885184.0,106260488.0,0.0,41027096.0,1348127872.0,123970560.0,1
1789481711.6193292,speech,259,3,0.0,4414646.0,0.0,1050890.125,0.0,0.0,0.0,0.0,0.0,0.0,0.0,0.0,0.0,0.0,0.0,0.0,1
1789481711.7448337,speech,277,23,119460480.0,0.0,8367270912.0,2572055808.0,260098560.0,71709544.0,4829285.5,45432448.0,0.0,11711722.0,0.0,22933336.0,0.0,8596822.0,17378482.0,8720395.0,1
1789481711.807802,speech,277,6,0.0,0.0,7025328128.0,0.0,0.0,0.0,0.0,0.0,0.0,0.0,1908940.75,1683649.25,0.0,0.0,4791755.0,0.0,1
1789481711.8534184,speech,277,4,132764936.0,0.0,0.0,0.0,0.0,0.0,0.0,0.0,796479.4375,0.0,0.0,0.0,0.0,208498.703125,0.0,0.0,1
1789481711.9650664,speech,277,11,0.0,0.0,10297671680.0,0.0,15969614.0,0.0,15896241.0,0.0,0.0,544421.875,0.0,0.0,255500.9375,0.0,5238899.0,11186481.0,1
1789481712.0101428,speech,277,7,0.0,77103616.0,38575440.0,0.0,0.0,552817.0,2251155.25,0.0,3993492.0,0.0,1441914.625,0.0,0.0,0.0,0.0,0.0,1
1789481712.1232193,speech,278,22,149720416.0,10350772.0,9485641728.0,58021676.0,46504076.0,0.0,0.0,0.0,8555129.0,3564505.75,3536784.0,2943630.25,2908937.75,230850.25,2665566.25,4526461.0,1
1789481712.1879592,speech,278,5,349435648.0,303063168.0,0.0,0.0,0.0,157898.4375,0.0,0.0,0.0,0.0,0.0,0.0,0.0,0.0,0.0,223123.421875,1
1789481712.3143888,speech,279,18,46209524.0,0.0,17754792.0,204127392.0,25096804.0,0.0,3109581.5,2262943.25,1449947.5,2797916.0,0.0,979757.875,0.0,597741.25,681829.5,1113501.75,1
1789481712.4718025,speech,275,26,3382392.0,0.0,137042784.0,56478800.0,108256440.0,50538480.0,6972647.5,3845484.5,2785347.0,7140494.0,1901568.75,2883578.0,0.0,2156508.25,1039021.375,3379144.25,1
1789481712.532011,speech,268,25,0.0,0.0,715285120.0,0.0,6392265216.0,2058998016.0,5586279936.0,2647045120.0,118912672.0,344999552.0,44498028.0,410780128.0,14697173.0,0.0,19235040.0,818416256.0,1
1789481712.597277,speech,284,17,0.0,0.0,800944192.0,0.0,2625662464.0,0.0,746157568.0,20192226.0,11751900160.0,10889502720.0,0.0,0.0,0.0,16933198.0,1617712128.0,1286057984.0,1
1789481712.6632745,speech,269,14,0.0,0.0,613035008.0,0.0,0.0,0.0,0.0,0.0,921211584.0,596700928.0,954839744.0,1047193.3125,0.0,2758725.25,800501696.0,432664672.0,1
1789481712.7277086,speech,269,8,0.0,0.0,0.0,0.0,0.0,0.0,360339232.0,0.0,0.0,0.0,9041292.0,25944986.0,0.0,2898292.0,9306777.0,2544529.0,1
1789481713.1025076,speech,271,16,0.0,0.0,7310053376.0,0.0,24823946.0,3248401.5,13464843.0,0.0,8333842.5,9740247.0,4118310.75,0.0,0.0,776946.625,1743942.75,7808986.5,1
1789481713.1614964,speech,272,9,0.0,77936320.0,2466069504.0,0.0,0.0,0.0,2560121.25,0.0,7068039.0,0.0,6178319.5,0.0,0.0,0.0,8325212.0,0.0,1
1789481713.2937005,speech,255,23,0.0,0.0,0.0,0.0,3046805248.0,1700131584.0,615823168.0,221733024.0,28651426.0,314290336.0,14180554.0,194267472.0,7480148.0,0.0,18325240.0,196171040.0,1
1789481713.3528574,speech,258,24,0.0,0.0,0.0,13472750.0,4331669504.0,0.0,6558470656.0,809802368.0,2450839296.0,3488189440.0,580759552.0,1127344768.0,68649152.0,80695832.0,664405056.0,1606250240.0,1
1789481713.418623,speech,258,9,0.0,0.0,513133984.0,3543890.5,1213955840.0,0.0,0.0,0.0,0.0,0.0,0.0,0.0,0.0,0.0,1466966656.0,385297696.0,1
1789481713.4196367,speech,315,3,0.0,0.0,0.0,0.0,0.0,0.0,5473438208.0,0.0,0.0,0.0,0.0,0.0,0.0,0.0,0.0,0.0,1
1789481713.5441868,speech,250,19,785923840.0,74705616.0,308153632.0,534852896.0,663026304.0,287513184.0,215676880.0,46509344.0,0.0,41603268.0,3756055.5,0.0,0.0,4032250.0,0.0,214712976.0,1
1789481713.6089122,speech,263,3,679080448.0,0.0,0.0,0.0,3259910.5,12966612.0,0.0,0.0,0.0,0.0,0.0,0.0,0.0,0.0,0.0,0.0,1
1789481713.6724083,speech,244,4,1037150592.0,0.0,0.0,0.0,2889097.5,8845036.0,0.0,0.0,0.0,0.0,0.0,0.0,0.0,0.0,0.0,0.0,1
1789481713.7351968,speech,219,11,0.0,0.0,89303512.0,2698284032.0,30641808.0,0.0,20831128.0,0.0,0.0,0.0,185724704.0,33043898.0,0.0,55016844.0,38131028.0,10665881.0,1
1789481713.7972367,speech,218,9,7163477.0,0.0,0.0,0.0,18894238.0,176878752.0,49475452.0,70945784.0,0.0,0.0,14098123.0,12145686.0,0.0,0.0,24367110.0,0.0,1
1789481713.8586862,speech,204,12,0.0,0.0,38236076.0,0.0,329603936.0,0.0,620787968.0,0.0,0.0,84950048.0,2288215552.0,384858560.0,0.0,55747036.0,0.0,0.0,1
1789481713.9224768,speech,231,5,0.0,0.0,0.0,0.0,0.0,1576010240.0,109943056.0,0.0,0.0,0.0,0.0,0.0,2261981952.0,0.0,0.0,0.0,1
