timestamp,sound_type,detected_angle,bin_count,band_0,band_1,band_2,band_3,band_4,band_5,band_6,band_7,band_8,band_9,band_10,band_11,band_12,band_13,band_14,band_15,label
1789482771.1853848,speech,344,18,331967456.0,0.0,22042872.0,7205036.0,749107.25,0.0,0.0,0.0,4093024.5,1657141.5,18469388.0,17733766.0,10199283.0,0.0,65079612.0,15796167.0,1
1789482771.2487042,speech,3,21,1664926720.0,85237560.0,62871156.0,12444206.0,13221158.0,1810987.25,95885.2421875,0.0,0.0,15042843.0,0.0,0.0,0.0,5300043.5,2794704.75,6064839.0,1
1789482771.3122306,speech,334,9,0.0,0.0,0.0,0.0,1203996.5,0.0,0.0,0.0,0.0,11813274.0,507132256.0,1079709568.0,0.0,0.0,0.0,0.0,1
1789482771.4068897,speech,0,6,0.0,0.0,0.0,1509233.75,0.0,0.0,0.0,0.0,0.0,10621023.0,0.0,35905192.0,0.0,0.0,0.0,1936946.25,1
1789482771.4673955,speech,0,4,0.0,631682.875,0.0,0.0,919678.375,0.0,0.0,0.0,0.0,0.0,0.0,0.0,0.0,275802.96875,0.0,1884733.25,1
1789482771.6614249,speech,1,8,2475177.5,0.0,0.0,0.0,79661.0390625,1171471.625,0.0,0.0,0.0,0.0,0.0,520225.75,0.0,2364313.0,890053.5,0.0,1
1789482771.721174,speech,3,15,0.0,0.0,0.0,0.0,397393.8125,1679478.75,717803.375,0.0,0.0,0.0,1625102.125,0.0,302341.90625,1578394.0,1226265.5,1818589.5,1
1789482771.8826673,speech,9,14,18513278.0,55729208.0,131734184.0,28186448.0,17448880.0,6991376.0,10864454.0,0.0,0.0,0.0,13156310.0,0.0,0.0,11255861.0,27396560.0,19560058.0,1
1789482772.2315924,speech,10,7,0.0,0.0,749537.625,141352.09375,323602.40625,0.0,241148.421875,0.0,0.0,0.0,0.0,0.0,0.0,0.0,593294.0625,0.0,1
1789482772.2921393,speech,59,10,8910946.0,2559183.0,0.0,807941.75,0.0,340918.125,213958.859375,0.0,0.0,0.0,0.0,0.0,0.0,0.0,55578.671875,0.0,1
1789482772.7392757,speech,7,16,17430996.0,255698160.0,24042384.0,22413996.0,0.0,0.0,0.0,0.0,8694640.0,0.0,0.0,0.0,515428224.0,147323376.0,29576894.0,297065920.0,1
1789482772.799677,speech,359,18,10725378.0,445561568.0,48802264.0,7259431.0,0.0,0.0,0.0,0.0,10085099.0,14113258.0,16619109.0,0.0,0.0,71961568.0,651296896.0,126221280.0,1
1789482772.8747656,speech,359,5,0.0,0.0,0.0,0.0,192350.375,45368.25,0.0,0.0,103374.2421875,142360.28125,0.0,1692222.125,0.0,0.0,0.0,0.0,1
1789482773.1808143,speech,337,15,45671600.0,0.0,0.0,0.0,0.0,5367578.0,0.0,0.0,0.0,748334016.0,969597056.0,909955584.0,244610144.0,0.0,24777348.0,154666064.0,1
1789482773.2411656,speech,1,12,0.0,0.0,448156416.0,19373604.0,6864676.0,340899.5,3451214.5,0.0,0.0,72039664.0,26665818.0,0.0,0.0,0.0,0.0,289941824.0,1
1789482773.3068035,speech,12,12,17204022.0,585929088.0,22909934.0,18503548.0,0.0,0.0,0.0,0.0,1801960.125,0.0,0.0,0.0,0.0,9936937.0,11651696.0,0.0,1
1789482773.3717334,speech,12,6,8239268.0,145865216.0,0.0,0.0,0.0,0.0,0.0,0.0,385152.09375,630245.125,0.0,0.0,0.0,731365.625,0.0,0.0,1
1789482773.6896925,speech,354,25,4309962.5,79278912.0,66437472.0,78283792.0,348944000.0,0.0,12823800.0,0.0,10541091.0,1264465152.0,41532280.0,16960938.0,3806197.25,344308.40625,20361350.0,2656808.0,1
1789482774.0051198,speech,355,20,30418792.0,9657693.0,13761784.0,97843520.0,137292576.0,110502392.0,46433128.0,4179203.5,1198443.625,37982600.0,0.0,18373552.0,33304218.0,253140320.0,239364864.0,3121122304.0,1
1789482774.0655296,speech,355,15,53207128.0,2631008.0,0.0,0.0,299397632.0,0.0,0.0,0.0,24086432.0,94706680.0,0.0,16717159.0,0.0,27777948.0,46126952.0,243840384.0,1
1789482774.8295226,speech,6,17,975903808.0,0.0,0.0,5836092.0,0.0,285635616.0,6593831.0,0.0,3898447.25,12262560.0,614186.5,0.0,0.0,13937549.0,6012027.0,1468611.125,1
1789482774.8902855,speech,6,7,0.0,843304576.0,12037130.0,0.0,7067485.0,0.0,0.0,279241.28125,0.0,0.0,0.0,0.0,1397315.625,0.0,233872.265625,0.0,1
1789482775.241166,speech,5,23,1188251.375,496345664.0,189375504.0,8177678.5,29833078.0,0.0,0.0,204640.65625,0.0,1060750.875,370805.3125,0.0,12584709.0,551188.625,4096042.75,16395568.0,1
1789482775.3049402,speech,6,14,0.0,0.0,2003315200.0,30004062.0,0.0,0.0,0.0,0.0,5971509.0,5471456.5,0.0,580171.25,5040398.0,1158392.25,4590828.0,3983511.0,1
1789482775.4628818,speech,348,29,60719760.0,0.0,272600352.0,42440768.0,617162240.0,36148348.0,31839070.0,755129.5625,6447145.0,2345744.5,6423146.0,4712596.0,13181519.0,13160378.0,52247284.0,17580366.0,1
1789482775.5225763,speech,351,21,33691880.0,0.0,0.0,206024480.0,71842216.0,882201728.0,72809192.0,0.0,1375327.5,55476568.0,5539921.0,21386952.0,18516848.0,59451924.0,106493504.0,56421016.0,1
1789482775.6531558,speech,351,7,4537497.5,0.0,0.0,0.0,272295.75,0.0,0.0,0.0,0.0,163248.203125,0.0,1155924.75,516118.34375,0.0,441865.71875,0.0,1
1789482775.6977954,speech,351,5,0.0,0.0,0.0,0.0,0.0,0.0,0.0,338170.0625,0.0,98324.171875,0.0,178509.4375,0.0,108633.296875,0.0,0.0,1
1789482775.7428653,speech,350,8,70832.078125,0.0,0.0,0.0,0.0,0.0,0.0,0.0,0.0,0.0,35321.22265625,360277.46875,0.0,298258.0,0.0,450713.3125,1
1789482775.8080661,speech,1,21,51769384.0,1547939.25,0.0,949884736.0,222915600.0,37370976.0,1749761.25,0.0,2379098.0,27537580.0,9867596.0,16557926.0,3576723.5,2971358.25,72816080.0,0.0,1
1789482775.8726504,speech,357,26,47654976.0,0.0,12505052.0,1986084992.0,132978480.0,38992160.0,0.0,984683.9375,1415318.75,5504609.5,6330881.5,9988023.0,51418176.0,29284716.0,879820928.0,212513984.0,1
1789482775.9372165,speech,356,17,73286072.0,448497.75,166337568.0,0.0,309279968.0,0.0,0.0,0.0,803334.0,459303.15625,1933939.875,8172528.0,0.0,104971656.0,22146608.0,339218528.0,1
1789482776.1281269,speech,356,21,79360832.0,0.0,63823320.0,220354208.0,36983292.0,172768992.0,0.0,0.0,0.0,37325112.0,0.0,106626896.0,429463552.0,219342000.0,888871104.0,140406864.0,1
1789482776.1737628,speech,356,6,99609320.0,14303292.0,0.0,0.0,7636347.0,79328848.0,0.0,0.0,0.0,0.0,0.0,0.0,0.0,0.0,0.0,7986843.0,1
1789482776.6033795,speech,352,20,5926718.0,0.0,821649408.0,11310638.0,3822216.75,124946568.0,143708752.0,786895.25,0.0,47604372.0,0.0,91959944.0,140930928.0,0.0,9586770.0,4626360320.0,1
1789482776.6629603,speech,352,14,0.0,0.0,1438702.25,24861918.0,0.0,32527216.0,239683664.0,145809.0,535919.1875,87710816.0,0.0,0.0,34940848.0,29437064.0,72968.40625,84296560.0,1
1789482776.889202,speech,3,14,106394152.0,0.0,857220096.0,966934528.0,859506.3125,0.0,29953178.0,43784.3984375,0.0,3160894.5,2373860.5,0.0,0.0,0.0,0.0,0.0,1
1789482777.236922,speech,358,19,0.0,190007664.0,1525271.875,0.0,1558960.625,374903.375,4133633.0,0.0,28014022.0,50251684.0,1119991.375,0.0,8081982.0,1587878144.0,706138624.0,1207351.375,1
1789482777.296648,speech,358,15,0.0,0.0,3497016.25,0.0,25293446.0,781503.5,10548863.0,0.0,0.0,234932.65625,0.0,0.0,0.0,267108576.0,525126624.0,14419898.0,1
1789482777.3965392,speech,7,27,42573956.0,36241684.0,943009408.0,385252928.0,296888320.0,6304832.0,2847625.5,0.0,0.0,12800564.0,2289702.75,2526852.5,1750241.125,15786427.0,9142056.0,20001156.0,1
1789482777.460487,speech,355,16,15086954.0,8962261.0,77673104.0,0.0,85080016.0,0.0,41713280.0,0.0,0.0,5270163.0,0.0,2563745.25,3851968.5,24274532.0,33721568.0,49985268.0,1
1789482777.7452219,speech,5,15,289264896.0,0.0,855046528.0,13927730.0,7947466.5,0.0,0.0,0.0,644686.6875,3123568.75,3314041.25,0.0,0.0,0.0,5719303.0,78463152.0,1
1789482777.8055584,speech,357,8,228300896.0,3522203.5,109829792.0,0.0,14087665.0,0.0,0.0,0.0,0.0,0.0,0.0,2104908.75,0.0,0.0,0.0,0.0,1
1789482777.8699267,speech,359,12,491976768.0,48938164.0,166344496.0,0.0,418634.9375,1202652.25,0.0,0.0,0.0,0.0,0.0,3735351.0,0.0,4369408.0,4006151.0,6406831.0,1
1789482777.9351845,speech,0,22,15588359.0,40263356.0,534020480.0,4421656.0,31828628.0,0.0,3136503.0,41369.58984375,0.0,5218880.5,2724037.0,0.0,0.0,54446420.0,23130932.0,921144960.0,1
1789482778.0116405,speech,4,17,88503056.0,240778144.0,924881024.0,151897264.0,2097806.75,0.0,0.0,0.0,0.0,0.0,1114967.25,0.0,0.0,3975666.5,10092567.0,4233386.0,1
1789482778.2839603,speech,358,24,7648260.0,1522984.5,123567656.0,361006336.0,443269760.0,22985584.0,1737296.5,0.0,1373020.375,714107.0,1054213.75,0.0,0.0,1991857.0,3985274.0,23794256.0,1
1789482778.3786623,speech,358,5,0.0,560011.5,0.0,0.0,782590.625,0.0,0.0,0.0,0.0,0.0,0.0,1707319.375,0.0,0.0,0.0,840029.8125,1
1789482778.4239786,speech,358,4,0.0,75111.3203125,0.0,0.0,0.0,0.0,0.0,0.0,310365.6875,209700.671875,0.0,0.0,0.0,0.0,0.0,0.0,1
1789482778.9174888,speech,2,23,241053184.0,351732608.0,61941492.0,37230372.0,3239210.75,1674788.25,0.0,0.0,1224533.125,312988.90625,39473.4140625,677406.75,903290.0625,144764.09375,1728336.125,2761991.5,1
1789482779.1383293,speech,348,13,114934352.0,0.0,5244838.0,5767417.0,2772383.5,0.0,0.0,309436.15625,556597.0,409559.0,0.0,0.0,0.0,1496517.25,1376703.25,1272826.375,1
1789482779.3600914,speech,3,7,0.0,0.0,0.0,736639.9375,0.0,0.0,0.0,72001.359375,0.0,0.0,0.0,0.0,480572.375,338594.46875,876088.25,452993.5,1
1789482779.4866245,speech,341,24,29334404.0,99797728.0,20050402.0,0.0,33204334.0,12549069.0,0.0,0.0,0.0,19202980.0,489483008.0,174601344.0,45932840.0,12632396.0,3730666.0,21107104.0,1
1789482779.6791606,speech,1,23,49751588.0,220550592.0,177441040.0,483194880.0,39690128.0,12970318.0,0.0,0.0,0.0,9466906.0,13643194.0,0.0,6546770.5,269379072.0,9963308.0,35119284.0,1
1789482779.7432988,speech,356,23,82703760.0,0.0,629354240.0,0.0,20191490.0,3913922.75,9458499.0,10102331.0,0.0,61238808.0,27095952.0,267694784.0,539514752.0,2497259520.0,39657836.0,530575008.0,1
1789482779.80811,speech,356,12,0.0,91676976.0,2569578.5,11277614.0,734715.625,2015193.375,0.0,0.0,1211651.125,6715905.0,6269845.0,0.0,0.0,0.0,0.0,0.0,1
1789482779.8536246,speech,356,7,0.0,183155904.0,12046394.0,8355390.0,716602.125,0.0,2603600.0,0.0,613709.375,0.0,0.0,0.0,0.0,0.0,0.0,0.0,1
1789482779.902875,speech,356,13,10719461.0,0.0,15361134.0,30504512.0,5078355.0,43972220.0,8412078.0,617417.625,0.0,6448771.0,0.0,0.0,0.0,0.0,5185549.0,0.0,1
1789482780.184191,speech,357,26,18143724.0,26734864.0,281925504.0,213197904.0,365496480.0,47572464.0,2635303.5,0.0,0.0,7681638.0,5387286.0,333114.0625,32305708.0,40346032.0,117232200.0,603579392.0,1
1789482780.2485466,speech,2,24,25518584.0,19289486.0,59204952.0,365348864.0,253934464.0,51200552.0,14495063.0,0.0,585443.125,6528119.5,12492723.0,0.0,0.0,93955216.0,340878688.0,800492032.0,1
1789482780.3136954,speech,2,8,0.0,0.0,0.0,55003544.0,13187184.0,0.0,0.0,0.0,0.0,0.0,582329.9375,0.0,1797731.125,4843000.0,6298405.5,0.0,1
1789482780.3587742,speech,2,8,565287.625,0.0,0.0,0.0,3748317.0,0.0,1049572.0,0.0,242841.296875,1517171.5,219875.46875,0.0,0.0,419470.4375,0.0,0.0,1
1789482780.816907,speech,3,19,1168151808.0,70863320.0,143046224.0,25250130.0,0.0,3600814.5,642293.25,0.0,564369.125,4972742.0,0.0,0.0,0.0,15146828.0,11810861.0,43844616.0,1
1789482780.8802917,speech,3,10,0.0,444135872.0,12956863.0,4901389.0,6974392.0,0.0,0.0,0.0,1270592.875,0.0,0.0,0.0,0.0,1839482.875,1345685.5,0.0,1
1789482780.9265535,speech,11,9,0.0,150441472.0,16258932.0,718869.9375,0.0,0.0,2750314.25,0.0,0.0,801876.4375,0.0,801887.25,0.0,1658271.0,0.0,0.0,1
1789482780.9910085,speech,2,12,0.0,0.0,0.0,0.0,512023.0625,3444290.25,963432.1875,0.0,1329657.0,268438.46875,0.0,1252975.375,0.0,615654.875,0.0,1841578.0,1
1789482781.1976712,speech,0,18,40679528.0,0.0,154579200.0,9249486.0,7605366.0,39228228.0,70866160.0,0.0,48461876.0,33155534.0,0.0,0.0,208152096.0,1587417856.0,1591634560.0,826727808.0,1
1789482781.2613194,speech,0,13,116723408.0,17477234.0,542826688.0,25998164.0,166607552.0,0.0,0.0,0.0,0.0,0.0,1989627.125,2384348.0,0.0,0.0,0.0,18574970.0,1
1789482781.4510722,speech,9,17,341471584.0,36430360.0,787108032.0,1387908.0,8820296.0,0.0,1088514.25,0.0,683602.625,0.0,0.0,0.0,0.0,8831937.0,2981012.0,30811624.0,1
1789482781.5162582,speech,358,22,156606016.0,129741728.0,2740213.5,0.0,644613.75,789913.8125,0.0,1211693.375,1175807.5,2374637.0,146306.015625,1699697.25,1471958.875,813316.3125,923489.0625,5079690.5,1
1789482781.5814595,speech,9,8,0.0,3501059.0,23830864.0,374497.71875,1048362.0,0.0,0.0,0.0,0.0,0.0,137157.125,0.0,0.0,0.0,0.0,78607.203125,1
1789482781.705384,speech,6,24,107966592.0,97438432.0,234951616.0,8374481.0,3612914.5,2107125.5,440113.25,0.0,0.0,228461.84375,1240419.25,4212248.0,879448.25,5853485.5,18267224.0,12077617.0,1
1789482781.7689316,speech,3,18,3319620.5,22854506.0,41463632.0,15469908.0,7012929.5,9567002.0,6441093.5,0.0,0.0,0.0,0.0,191501.46875,0.0,475511.46875,1602394.5,1998533.625,1
1789482781.833993,speech,358,17,208203776.0,113219864.0,20360140.0,5760134.5,865474.4375,0.0,0.0,670241.375,743416.75,587907.75,0.0,0.0,715727.5,720513.25,1220414.0,374279.59375,1
1789482781.8974013,speech,350,19,1331686144.0,0.0,109706624.0,3814950.5,6601014.0,4308292.5,3688299.0,265495.09375,66330.4921875,1130783.0,515483.78125,0.0,0.0,735779.625,183516.59375,4414841.0,1
1789482781.961628,speech,13,15,0.0,0.0,1645874304.0,3737216.5,0.0,0.0,1191637.5,0.0,10065960.0,641575.5625,0.0,2248147.25,0.0,2912345.5,23585436.0,969413.0625,1
1789482782.0263069,speech,350,17,53899856.0,4176795.75,495308448.0,26059578.0,448185472.0,114920904.0,0.0,0.0,0.0,36080160.0,0.0,355357024.0,34164828.0,634621568.0,0.0,45470480.0,1
1789482782.1482887,speech,359,21,49172008.0,12271193.0,530745952.0,19109244.0,89791952.0,0.0,3923117.5,0.0,0.0,8887159.0,8617180.0,0.0,36426184.0,61813584.0,58216868.0,286642432.0,1
1789482782.2746367,speech,359,4,0.0,0.0,1886841.0,0.0,0.0,0.0,0.0,834795.625,0.0,0.0,0.0,2886000.25,0.0,0.0,0.0,0.0,1
1789482782.3205118,speech,10,10,0.0,0.0,4461193.5,0.0,0.0,734348.875,3256968.0,112876.5,0.0,0.0,116618.03125,1208222.625,492274.25,249982.34375,0.0,0.0,1
1789482782.4331152,speech,10,5,1698966.375,0.0,0.0,0.0,134048.484375,0.0,0.0,0.0,0.0,0.0,0.0,423793.6875,0.0,384534.0,0.0,0.0,1
1789482782.4787962,speech,331,6,1702719.0,0.0,100066.859375,0.0,0.0,599053.8125,0.0,0.0,0.0,0.0,767020.4375,1455281.5,0.0,0.0,165418.875,0.0,1
1789482782.6232033,speech,1,22,7796266.0,161867424.0,146766272.0,299011360.0,85166664.0,2040986.5,19265278.0,0.0,0.0,35649840.0,132656552.0,0.0,17274912.0,75517928.0,86926560.0,20042756.0,1
1789482782.6831644,speech,5,17,29432796.0,0.0,28494060.0,41916524.0,347779008.0,23245074.0,0.0,0.0,0.0,0.0,18417748.0,0.0,80063712.0,404889952.0,192676528.0,75481088.0,1
1789482782.7478447,speech,5,20,27684780.0,0.0,7121506.5,80516624.0,52607400.0,348924736.0,29291784.0,0.0,0.0,116151320.0,41291320.0,161106944.0,13121208.0,108248200.0,0.0,891074560.0,1
1789482783.0346553,speech,4,8,4477783.0,2823022.5,0.0,0.0,328150.15625,0.0,0.0,0.0,571106.3125,0.0,0.0,0.0,986907.0625,0.0,1234319.75,2975365.0,1
1789482783.1292682,speech,3,22,114356112.0,163300720.0,407691968.0,40888456.0,10580808.0,21681272.0,1456662.875,0.0,0.0,9675026.0,0.0,0.0,7367826.0,2266716.25,14686859.0,1885105.0,1
1789482783.1905985,speech,10,18,123958280.0,50188868.0,427496000.0,12880672.0,135473152.0,0.0,0.0,0.0,20285758.0,0.0,0.0,1424457.125,4200436.5,2338244.0,2754522.0,11044911.0,1
1789482783.2545528,speech,3,19,56379152.0,39953840.0,35162616.0,289300736.0,0.0,80346504.0,18536968.0,0.0,0.0,0.0,100367824.0,4825678.5,57606412.0,15284088.0,52440872.0,106100496.0,1
1789482783.8886914,speech,356,22,15568528.0,199450592.0,9538651.0,609182720.0,1162168064.0,10492378.0,0.0,1331110.75,16918000.0,40177988.0,0.0,0.0,288852.28125,8935617.0,8542569.0,285955.96875,1
1789482783.9484644,speech,358,16,683612.75,337879168.0,0.0,621358656.0,1993116800.0,0.0,0.0,0.0,0.0,48001772.0,0.0,33291522.0,0.0,9501958.0,22800068.0,299947.625,1
1789482784.0116,speech,357,19,5650095.5,454462336.0,29122104.0,658999680.0,1352560896.0,0.0,0.0,0.0,1387202.625,18659960.0,0.0,0.0,0.0,2736900.5,12594020.0,587311.5,1
1789482784.2375765,speech,1,14,0.0,282985536.0,146643872.0,605443.75,2416587.5,0.0,2866128.0,0.0,910505.4375,0.0,0.0,0.0,243863664.0,138219936.0,0.0,169056.734375,1
1789482784.4278345,speech,0,16,320008640.0,0.0,12305896.0,914168320.0,851842560.0,0.0,0.0,0.0,1366398.125,1407563.0,0.0,0.0,0.0,132761432.0,1003974272.0,392164608.0,1
1789482784.5237396,speech,0,19,97697856.0,0.0,1047172480.0,243012560.0,565773.4375,9232056.0,0.0,0.0,2395353.0,150632080.0,7768310.5,0.0,410158304.0,18901226.0,0.0,35835576.0,1
1789482784.5693834,speech,5,19,0.0,17244448.0,5736298496.0,77197808.0,0.0,1018115.8125,2106116.5,640234.5,30844204.0,55984456.0,6804738.5,0.0,0.0,9945916.0,93209848.0,30984066.0,1
1789482784.635029,speech,5,14,143733.53125,105438544.0,588862592.0,25236256.0,102909352.0,10074290.0,0.0,0.0,0.0,0.0,0.0,0.0,0.0,22609868.0,3924002.0,2056860.75,1
1789482784.7769935,speech,5,25,9026784.0,43110652.0,605002624.0,93208808.0,131530976.0,43047712.0,0.0,0.0,0.0,3141423.5,22438720.0,5252132.5,13068518.0,124296128.0,6231389.0,187959872.0,1
1789482784.822561,speech,359,18,1466255.5,43813520.0,0.0,2314526.5,642412672.0,0.0,0.0,0.0,0.0,35757768.0,0.0,4404323.0,75540280.0,470903.75,58701444.0,262952464.0,1
1789482784.8875387,speech,358,19,40350336.0,3938016.0,48076912.0,17090124.0,122910384.0,278063808.0,0.0,0.0,0.0,40495312.0,0.0,11407355.0,0.0,251134256.0,82409088.0,1753680128.0,1
1789482784.9531584,speech,358,14,30871052.0,5728471.0,40800128.0,44896760.0,207489264.0,0.0,0.0,0.0,0.0,119451008.0,20670608.0,25904516.0,0.0,86540304.0,0.0,0.0,1
1789482785.1576202,speech,358,9,0.0,2580028.5,0.0,2407061.0,0.0,0.0,969012.5,1080295.125,0.0,0.0,0.0,1714639.375,5086358.0,3303520.0,0.0,3622729.5,1
1789482785.202609,speech,358,9,0.0,0.0,12598826.0,0.0,0.0,0.0,0.0,0.0,0.0,1742956.0,0.0,0.0,0.0,650725.75,2657773.5,978558.375,1
1789482785.252421,speech,14,14,74653288.0,196727104.0,2388684800.0,96526184.0,0.0,0.0,3062204.75,5328616.0,0.0,6598903.0,0.0,0.0,0.0,987163.0625,0.0,2228706.5,1
1789482785.316923,speech,15,7,0.0,0.0,65215136.0,29875020.0,28603522.0,968715.125,0.0,0.0,0.0,0.0,1702525.5,0.0,0.0,0.0,0.0,0.0,1
1789482785.3814557,speech,15,7,12603758.0,448306880.0,0.0,0.0,0.0,0.0,0.0,0.0,0.0,3298713.5,0.0,0.0,1611532.75,0.0,0.0,0.0,1
1789482785.4268324,speech,16,8,4812334.0,0.0,0.0,14976445.0,7995687.0,8851182.0,0.0,0.0,0.0,697364.25,0.0,203801.015625,0.0,95506.15625,0.0,22722.755859375,1
1789482785.4913042,speech,2,26,76072064.0,98064416.0,1372024832.0,1018750464.0,15246128.0,23731876.0,7061632.0,0.0,0.0,12051680.0,4583910.0,4202924.0,2420357.0,59830664.0,101342832.0,664997120.0,1
1789482785.5549476,speech,1,22,28626074.0,0.0,732388032.0,227765904.0,115171144.0,33216184.0,12292800.0,0.0,79698936.0,168713344.0,0.0,13807461.0,22903624.0,112936080.0,75641552.0,94793112.0,1
1789482785.6205442,speech,1,16,41810760.0,22972814.0,33757072.0,59252752.0,4077396.5,0.0,289486.5,0.0,7079647.0,9128852.0,7146268.5,7925632.0,0.0,3511161.25,6164618.5,3191421.5,1
1789482785.696214,speech,358,17,0.0,98761936.0,474676480.0,46627584.0,51365764.0,19750360.0,4414587.0,0.0,0.0,10460026.0,0.0,0.0,0.0,3872127.0,1779229.75,14894990.0,1
1789482785.761755,speech,1,13,3861103.25,1143754.125,0.0,2854509.5,3563127.0,0.0,0.0,0.0,0.0,608062.0,1124719.375,0.0,795372.0,1308652.75,881155.0625,635784.75,1
1789482785.8256946,speech,359,30,4900943.0,54955024.0,323599648.0,143912592.0,125914192.0,107360544.0,17085634.0,0.0,3513746.5,29089962.0,19779156.0,0.0,54023832.0,52071928.0,212443200.0,137260080.0,1
1789482785.8907783,speech,0,17,0.0,70079664.0,45489448.0,465032224.0,10282428.0,0.0,53515416.0,0.0,0.0,20548136.0,54639988.0,0.0,0.0,117317640.0,100973776.0,1164202624.0,1
1789482785.9807181,speech,0,16,33217206.0,0.0,135731744.0,331670432.0,46440392.0,19714436.0,3699990.75,0.0,0.0,0.0,0.0,543956.625,0.0,0.0,4120465.75,11174440.0,1
1789482786.0261142,speech,0,22,5319878.0,16477730.0,187997056.0,0.0,241323152.0,35400936.0,46428248.0,0.0,7017366.0,32828898.0,6945702.0,8500027.0,13080240.0,17123120.0,17252724.0,14540432.0,1
1789482786.1078515,speech,0,15,0.0,2127930.75,11706987.0,7486159.5,0.0,0.0,1898252.75,0.0,0.0,0.0,0.0,0.0,4516480.5,5657386.0,15694143.0,63481160.0,1
1789482786.1532035,speech,0,13,98038.234375,0.0,5783965.5,1847160.25,1536149.0,132045.953125,0.0,0.0,0.0,0.0,0.0,0.0,2842240.0,8728099.0,6395826.0,2125384.25,1
1789482786.235311,speech,2,27,176446880.0,4171685.75,775189248.0,710356992.0,146203936.0,139332160.0,2763018.0,0.0,1222001.625,220776208.0,34314136.0,0.0,144098704.0,231288624.0,50750384.0,9361103.0,1
1789482786.29632,speech,358,20,0.0,3422393.0,121095112.0,41748692.0,430751360.0,0.0,0.0,0.0,282023.1875,213222640.0,8626832.0,144104736.0,0.0,814626688.0,49535008.0,1789699584.0,1
1789482786.3720691,speech,358,5,0.0,0.0,0.0,0.0,0.0,0.0,0.0,0.0,727349.125,2484998.0,0.0,0.0,0.0,18269950.0,0.0,0.0,1
1789482787.2487662,speech,354,17,0.0,46313432.0,0.0,0.0,179460768.0,0.0,47257836.0,0.0,0.0,151462112.0,95755400.0,0.0,696804736.0,262053344.0,198613488.0,352569056.0,1
1789482787.3091776,speech,1,16,0.0,0.0,81878184.0,0.0,0.0,102401200.0,15020574.0,0.0,606934656.0,738150144.0,0.0,42655712.0,513332800.0,95628104.0,323903520.0,1944850560.0,1
1789482787.3852537,speech,3,11,3186786.5,13557759.0,700955136.0,57182964.0,0.0,4455812.0,3668617.75,0.0,0.0,0.0,0.0,3175620.75,0.0,0.0,0.0,0.0,1
1789482787.8187509,speech,355,26,60635380.0,22693994.0,1207815680.0,50493820.0,249323680.0,31323278.0,0.0,664000.0,7838326.0,6307493.5,5515751.0,2429153.5,10439257.0,423662880.0,50845788.0,12858222.0,1
1789482787.8788228,speech,356,22,564669.375,135952992.0,185731232.0,413159808.0,146670320.0,24272948.0,3779505.5,0.0,0.0,8283450.5,9433479.0,97995856.0,132996592.0,2208576256.0,246024496.0,608448704.0,1
1789482787.9434524,speech,356,7,0.0,3041055.0,0.0,3285144.5,0.0,0.0,0.0,0.0,0.0,189696.375,0.0,0.0,0.0,18281646.0,12290402.0,0.0,1
1789482787.9927545,speech,356,16,0.0,5383309.0,31064192.0,4053387.0,4612879.0,0.0,1658699.75,378939.09375,0.0,1132623.25,0.0,799762.25,0.0,1547717.0,0.0,6339551.0,1
1789482788.0426896,speech,356,20,255890256.0,63017388.0,82047560.0,131123456.0,0.0,19402076.0,0.0,0.0,413633.125,1363823.25,5218088.0,1027185.9375,13183206.0,3640255.25,10557862.0,0.0,1
1789482788.1350794,speech,356,6,0.0,0.0,0.0,0.0,0.0,0.0,607250.25,96254.6484375,0.0,0.0,0.0,101003.46875,0.0,0.0,432247.0625,1030003.125,1
1789482788.1361246,speech,39,4,21313696.0,27898676.0,0.0,0.0,1240893.0,0.0,0.0,0.0,0.0,0.0,0.0,0.0,0.0,0.0,0.0,0.0,1
1789482788.2608178,speech,1,25,2792579.75,158857568.0,0.0,290835168.0,456902752.0,45536552.0,65830548.0,0.0,40016272.0,13662396.0,23332758.0,26758568.0,198468672.0,513994624.0,206490752.0,1999763712.0,1
1789482788.3252118,speech,352,17,488059.21875,0.0,0.0,0.0,320976096.0,0.0,0.0,0.0,480897.96875,49720760.0,116465768.0,0.0,2632186624.0,2656244736.0,69112800.0,223429664.0,1
1789482788.389534,speech,354,10,28542046.0,0.0,142542640.0,150801744.0,0.0,0.0,18344356.0,0.0,0.0,15246847.0,15354278.0,2369993.0,0.0,259214720.0,0.0,0.0,1
1789482788.454758,speech,9,20,257509696.0,163327680.0,2478019584.0,77945312.0,40706272.0,11171785.0,2941176.5,0.0,6259730.5,12085781.0,1989585.25,0.0,0.0,0.0,0.0,0.0,1
1789482788.8328495,speech,5,25,350992.875,18145676.0,202101104.0,29957684.0,32201674.0,30638314.0,0.0,0.0,10893946.0,24947558.0,4497997.0,0.0,94863904.0,71424224.0,32829472.0,146453184.0,1
1789482789.055687,speech,7,21,0.0,11185725.0,48416416.0,2315376.0,31672820.0,21133852.0,18626828.0,0.0,5284049.5,2550626.75,139113.1875,0.0,0.0,56372908.0,3394498.25,8432059.0,1
1789482789.1505885,speech,2,23,1173061.75,7384766.5,41863964.0,4877867.0,4170913.5,0.0,0.0,0.0,4583134.0,5371767.0,10165998.0,25337404.0,200175696.0,494850880.0,74465120.0,709524736.0,1
1789482789.4026937,speech,0,29,2147587.0,1339616.5,31523500.0,35120788.0,8432528.0,16665632.0,4493158.0,0.0,23203060.0,23011732.0,35448512.0,25132264.0,205844560.0,271388416.0,414518176.0,1425205760.0,1
1789482789.7202563,speech,0,22,0.0,424565.28125,20415830.0,6347097.0,3392043.0,9259535.0,0.0,0.0,0.0,49975832.0,1231395.875,667241.0,2621828.25,35450696.0,1516979.75,16984492.0,1
1789482789.7651956,speech,355,11,0.0,0.0,1376248.625,829541.625,0.0,0.0,0.0,0.0,0.0,3925862.5,1926760.25,2461661.0,7344591.5,7247446.0,18488204.0,0.0,1
1789482790.8286788,speech,66,9,0.0,429195.6875,0.0,0.0,845336.625,0.0,1365150.5,0.0,0.0,98956.703125,0.0,0.0,0.0,96759.59375,0.0,173565.5625,1
1789482790.9446998,speech,345,27,0.0,0.0,3430645.25,204481.5,2563533.0,770903.0,361348.03125,583987.625,712384.625,1983459.75,899056.0,2581587.75,2093722.75,944712.0,272562.90625,356679.875,1
1789482791.008523,speech,348,29,25588820.0,19799594.0,19041732.0,7554510.0,2310462976.0,376559808.0,5276515.5,1929990.625,68216696.0,215733024.0,2333979.0,561026.25,5694872.0,122797968.0,3521353.0,6315740.0,1
1789482791.0725515,speech,3,16,82575880.0,1687023.0,3505833.75,98668112.0,303784896.0,0.0,0.0,0.0,0.0,4827078.0,0.0,0.0,12807622.0,7031918.0,68990656.0,1894528000.0,1
1789482791.142716,speech,2,16,0.0,2657769.75,509929504.0,31206692.0,9454462.0,550475520.0,401924224.0,0.0,0.0,30483404.0,7254619.0,96526304.0,0.0,13676156.0,0.0,0.0,1
1789482791.5261111,speech,2,21,8402478.0,35193348.0,6617989.0,37059632.0,0.0,0.0,17856328.0,891305.875,18835404.0,3529283.25,4913715.0,6651922.0,410556.3125,10774706.0,1928271.625,40064964.0,1
1789482791.5721474,speech,1,21,1120931.875,37670032.0,18655516.0,44032044.0,452240896.0,0.0,0.0,0.0,19561760.0,1510368.625,0.0,0.0,0.0,39235768.0,31322030.0,280975296.0,1
1789482791.6377697,speech,358,16,0.0,24737966.0,117015376.0,364780896.0,259926160.0,0.0,0.0,0.0,18913848.0,0.0,63357696.0,23260902.0,0.0,183856640.0,64875988.0,29867846.0,1
1789482792.0007262,speech,356,18,0.0,0.0,0.0,609690.1875,4116311.5,2297564.5,0.0,0.0,0.0,4081009.0,2289362.75,22753754.0,47248416.0,50516596.0,21603482.0,141370368.0,1
1789482792.0615556,speech,355,17,0.0,0.0,715869.0,1429155.625,6513819.0,4565089.0,0.0,0.0,0.0,3101748.75,4213146.0,38721916.0,1478869.25,171789728.0,225284480.0,224998304.0,1
1789482792.125867,speech,0,15,187126496.0,0.0,2137157.75,62577696.0,3584141.5,0.0,0.0,0.0,0.0,16239527.0,2022404992.0,92197584.0,0.0,1435832576.0,797784000.0,0.0,1
1789482792.1915858,speech,1,13,0.0,0.0,88300992.0,259816288.0,0.0,905120.125,0.0,4266767.0,561182.5625,302567616.0,0.0,0.0,3059649.0,0.0,0.0,0.0,1
1789482792.2572079,speech,3,18,49623304.0,1812382.625,848073984.0,0.0,556455.375,114761720.0,100975056.0,0.0,55188408.0,308853312.0,0.0,0.0,27742128.0,0.0,21826928.0,33601896.0,1
1789482792.3218951,speech,3,5,0.0,324454208.0,92323768.0,0.0,0.0,0.0,0.0,0.0,0.0,5616269.0,0.0,0.0,0.0,0.0,0.0,9208577.0,1
1789482792.5399926,speech,5,16,0.0,667569.875,4245087.0,4870455.0,1209432.25,884963.0,1012178.25,0.0,0.0,0.0,448202.40625,0.0,303687.9375,1486038.25,0.0,0.0,1
1789482792.6660552,speech,2,23,16274210.0,93576080.0,264441744.0,966763520.0,346289408.0,85235032.0,5725536.0,92469.5,8526754.0,0.0,0.0,0.0,0.0,6132601.5,1864345.25,2395579.0,1
1789482793.490423,speech,342,28,8448704.0,0.0,44413424.0,2167370.75,282941568.0,30250296.0,220518368.0,22291378.0,26538420.0,119086232.0,187300992.0,823937984.0,114946544.0,341267904.0,18553156.0,50742036.0,1
1789482793.5546987,speech,343,12,0.0,0.0,0.0,26685898.0,17466206.0,0.0,0.0,11006094.0,58478312.0,37580584.0,65150216.0,415756256.0,0.0,607368128.0,38063536.0,0.0,1
1789482793.6193163,speech,345,13,555040.25,23151650.0,15778571.0,0.0,86040640.0,0.0,2911903.75,533109088.0,737619.3125,0.0,131344568.0,0.0,0.0,781082816.0,0.0,0.0,1
1789482793.6843019,speech,343,13,0.0,0.0,164291920.0,0.0,76458456.0,43077768.0,0.0,31253416.0,62171848.0,0.0,32165788.0,66271572.0,5166921.0,0.0,2554688.5,0.0,1
1789482794.1233945,speech,301,13,536779264.0,46654552.0,73701392.0,2041573.5,2154053.25,0.0,0.0,0.0,556039.0,2630040.0,0.0,3648087.75,0.0,0.0,19428372.0,0.0,1
1789482794.1837788,speech,306,16,902197696.0,35216520.0,133383840.0,0.0,0.0,2653926.75,1511399.25,0.0,0.0,0.0,0.0,17508858.0,4912155.5,134116176.0,2193757.0,37878600.0,1
1789482794.4708378,speech,290,9,118378552.0,181014112.0,464444416.0,0.0,71007.03125,873961.625,0.0,0.0,0.0,0.0,184327.0,0.0,0.0,6221900.0,4621608.5,0.0,1
1789482794.6934645,speech,286,13,0.0,0.0,51489096.0,0.0,44235648.0,0.0,0.0,0.0,0.0,6567628.0,0.0,9824101.0,0.0,35397084.0,9246835.0,844025344.0,1
1789482794.788176,speech,286,13,143330704.0,0.0,108033392.0,129428880.0,0.0,0.0,0.0,0.0,0.0,18091340.0,2105774.5,389047360.0,106664112.0,32786122.0,4501669.0,0.0,1
1789482795.0426774,speech,277,6,0.0,701107584.0,0.0,0.0,620131.5625,0.0,0.0,0.0,0.0,0.0,0.0,993128.75,0.0,0.0,8901921.0,297597280.0,1
1789482795.1021135,speech,267,6,0.0,432536512.0,294949920.0,0.0,0.0,0.0,0.0,0.0,0.0,0.0,0.0,0.0,0.0,0.0,18588340.0,605739392.0,1
1789482795.341237,speech,275,4,0.0,0.0,0.0,0.0,191362.015625,0.0,0.0,0.0,0.0,0.0,0.0,0.0,0.0,200289.203125,681647.6875,0.0,1
1789482795.4061515,speech,275,5,0.0,0.0,0.0,0.0,0.0,0.0,0.0,0.0,0.0,0.0,0.0,0.0,1614085.75,1012574.0,0.0,2986481.5,1
1789482796.5316095,speech,289,16,203344128.0,63362496.0,0.0,5245642.5,0.0,1249541.25,0.0,585088.5625,0.0,245060.375,554854.625,0.0,0.0,750278.25,33200612.0,1225297.75,1
1789482796.595089,speech,293,13,85213208.0,40293888.0,120643232.0,393592832.0,0.0,19261100.0,994777.6875,0.0,0.0,817572.5625,1101846.0,0.0,0.0,0.0,16253612.0,2292320.25,1
1789482796.6584158,speech,286,17,4124917.0,63989936.0,0.0,0.0,3890848.25,0.0,132497160.0,0.0,0.0,6877284.5,0.0,75559144.0,2759315.0,588287488.0,81455312.0,47622952.0,1
1789482796.7535255,speech,284,7,0.0,48081076.0,0.0,0.0,0.0,0.0,55751880.0,0.0,0.0,0.0,0.0,0.0,0.0,0.0,7994489.0,69175392.0,1
1789482797.5448601,speech,295,10,0.0,4478596.0,66672128.0,0.0,0.0,0.0,0.0,0.0,109057840.0,37740176.0,0.0,0.0,0.0,35803176.0,1802063616.0,1268203264.0,1
1789482797.604476,speech,295,16,961528.875,0.0,172510512.0,0.0,0.0,0.0,0.0,8688438.0,215065920.0,64600896.0,0.0,1407482.5,0.0,149012944.0,1562116096.0,192041360.0,1
1789482797.6530178,speech,295,14,4907704.0,36540780.0,4818815.0,1876361.5,18641724.0,33386304.0,118585264.0,15461556.0,0.0,0.0,0.0,26709426.0,0.0,0.0,0.0,135574032.0,1
1789482798.5273485,speech,307,17,0.0,119668272.0,41466272.0,0.0,0.0,702624.4375,1546993.75,0.0,0.0,0.0,0.0,8157733.5,4404643.0,13019420.0,2547224.5,9925056.0,1
1789482798.586202,speech,307,24,3800511.75,51829232.0,131066288.0,2372217.25,0.0,2308796.5,9440667.0,16054486.0,4006519.75,2271971.0,0.0,19230884.0,0.0,12588680.0,41558020.0,139267312.0,1
1789482798.6358757,speech,295,15,59824076.0,0.0,76621808.0,0.0,140188048.0,0.0,0.0,0.0,0.0,0.0,11591498.0,8507167.0,2670114.75,61713888.0,673557568.0,587245440.0,1
1789482798.698369,speech,299,13,108093216.0,22343508.0,48467456.0,24077726.0,0.0,27909624.0,2331316.75,0.0,0.0,5874058.0,0.0,0.0,24638414.0,68013280.0,242105696.0,0.0,1
1789482798.8579776,speech,299,4,0.0,0.0,0.0,0.0,0.0,0.0,0.0,0.0,0.0,0.0,0.0,0.0,764933.8125,3960282.5,3715903.0,0.0,1
1789482798.9034982,speech,310,24,91390608.0,274168704.0,487373760.0,5585128.5,0.0,4261585.5,2161993.75,9191048.0,92828.359375,7084102.0,4684809.5,10181766.0,41121512.0,36965688.0,475848384.0,92266688.0,1
1789482798.9659188,speech,310,14,41335728.0,0.0,30460116.0,118935400.0,3057141.25,0.0,5932925.5,0.0,0.0,898473.375,822692.3125,2897902.0,0.0,22477628.0,0.0,29437688.0,1
1789482799.0151217,speech,310,6,1050909.25,0.0,3322946.75,0.0,0.0,0.0,0.0,166885.46875,0.0,0.0,0.0,71538.1171875,0.0,88020.75,0.0,0.0,1
1789482799.1102114,speech,339,5,10953054.0,4083377.75,0.0,0.0,0.0,978216.5625,0.0,0.0,0.0,0.0,0.0,0.0,0.0,0.0,0.0,0.0,1
1789482799.172485,speech,339,3,0.0,0.0,0.0,0.0,0.0,0.0,146676.640625,282851.03125,0.0,0.0,429661.1875,0.0,0.0,0.0,0.0,0.0,1
1789482799.2276156,speech,313,16,125902464.0,822911936.0,550217664.0,1573600.25,0.0,0.0,0.0,0.0,0.0,0.0,987591.3125,3140107.0,987320.125,1217887.75,651887.0625,6334744.0,1
1789482799.2844164,speech,313,4,0.0,0.0,0.0,4743273.0,266808.1875,0.0,0.0,0.0,0.0,0.0,0.0,0.0,1482572.0,0.0,0.0,3265052.25,1
1789482799.3337831,speech,304,14,82978048.0,849800640.0,346619776.0,0.0,0.0,0.0,3342094.0,0.0,307621.625,447446.625,1523648.5,1399927.75,6459884.0,0.0,0.0,4806078.0,1
1789482799.395052,speech,302,16,0.0,19877044.0,0.0,69617128.0,48569232.0,21861550.0,1040251.5,0.0,0.0,1659230.75,3707558.5,11573584.0,0.0,49083432.0,20070924.0,191591376.0,1
1789482799.6174643,speech,302,8,521446.1875,2414452.25,2886575.25,0.0,0.0,0.0,147784.1875,26898.98046875,0.0,0.0,0.0,0.0,0.0,0.0,1645086.0,0.0,1
1789482799.663403,speech,303,6,0.0,0.0,0.0,0.0,0.0,0.0,0.0,0.0,0.0,0.0,0.0,0.0,787831.4375,278540.5625,2181861.0,4315804.0,1
1789482799.8584783,speech,304,12,5029413.5,0.0,33952052.0,142607184.0,0.0,2517162.75,0.0,0.0,0.0,0.0,0.0,16726679.0,0.0,47739160.0,507176032.0,153313184.0,1
1789482799.9181323,speech,333,11,92967936.0,13473683.0,0.0,0.0,0.0,0.0,5957741.0,8248410.5,0.0,7340233.0,0.0,10069498.0,0.0,7917320.0,0.0,7346510.0,1
1789482799.9813464,speech,324,6,436877280.0,121588744.0,339363.09375,0.0,0.0,0.0,0.0,0.0,290664.9375,0.0,0.0,0.0,5518297.5,0.0,0.0,0.0,1
1789482800.1428735,speech,298,12,0.0,0.0,0.0,0.0,0.0,110238984.0,84496144.0,0.0,699934.625,3240206.5,8664038.0,15796336.0,38941236.0,59739008.0,68325032.0,946697344.0,1
1789482800.2013972,speech,296,12,0.0,1851729.375,0.0,0.0,0.0,145544672.0,25078984.0,0.0,0.0,0.0,10117750.0,47752888.0,35622544.0,0.0,212236928.0,1414088192.0,1
1789482800.4618797,speech,300,11,1254525.75,0.0,22647868.0,0.0,0.0,0.0,0.0,0.0,0.0,2320607.5,1526340.0,51024432.0,0.0,0.0,688950464.0,517552928.0,1
1789482800.462985,speech,335,13,0.0,0.0,77550504.0,7547387.0,22412440.0,0.0,0.0,859273.75,0.0,0.0,8574982.0,0.0,11061786.0,293810656.0,0.0,0.0,1
1789482800.525968,speech,300,12,16334563.0,6243060.0,74206496.0,0.0,0.0,0.0,0.0,0.0,0.0,0.0,3548062.0,0.0,641336.625,7852331.5,0.0,0.0,1
1789482800.5267484,speech,335,6,1272247.875,0.0,0.0,8217812.0,0.0,0.0,0.0,0.0,0.0,0.0,0.0,17497784.0,2286765.75,0.0,0.0,0.0,1
1789482800.747551,speech,300,4,0.0,0.0,11218104.0,0.0,0.0,0.0,0.0,0.0,0.0,0.0,0.0,0.0,0.0,0.0,11346427.0,10876988.0,1
1789482800.7482257,speech,29,3,12016607.0,87878024.0,0.0,0.0,0.0,0.0,198215.53125,0.0,0.0,0.0,0.0,0.0,0.0,0.0,0.0,0.0,1
1789482801.223061,speech,320,12,625574.375,0.0,4938639.0,0.0,324100.8125,0.0,0.0,0.0,0.0,0.0,0.0,0.0,434880.75,10359850.0,3409906.75,751846.3125,1
1789482801.2809193,speech,302,16,752011.1875,306888.71875,554334.25,229969.109375,0.0,0.0,0.0,0.0,0.0,0.0,91081.953125,1945211.25,4614582.0,3713748.0,3732600.25,20036284.0,1
1789482801.3799784,speech,314,8,72548944.0,0.0,8985961.0,0.0,0.0,3257556.5,0.0,0.0,0.0,0.0,0.0,193894624.0,0.0,821939200.0,337568512.0,0.0,1
1789482801.4430723,speech,314,9,11583792.0,0.0,0.0,0.0,18936606.0,31527852.0,0.0,0.0,0.0,0.0,0.0,190261008.0,0.0,272934784.0,431392768.0,0.0,1
1789482801.493713,speech,332,10,0.0,12198763.0,3999329.0,15585771.0,0.0,0.0,0.0,0.0,0.0,0.0,0.0,8383102.0,535026304.0,264264464.0,0.0,0.0,1
1789482801.4943855,speech,295,6,2377544.5,0.0,0.0,0.0,0.0,0.0,0.0,0.0,1642956.75,0.0,18982992.0,0.0,0.0,0.0,0.0,702821632.0,1
1789482802.0783756,speech,54,6,354116.375,0.0,3370439.0,0.0,0.0,0.0,0.0,0.0,0.0,104637.875,96980.4921875,0.0,0.0,0.0,0.0,91803.921875,1
1789482802.5530918,speech,43,7,0.0,294780.1875,1777309.625,0.0,106070.765625,0.0,0.0,0.0,0.0,0.0,182764.921875,0.0,0.0,0.0,730976.875,0.0,1
1789482803.18645,speech,41,5,0.0,0.0,3377001.0,0.0,0.0,170426.453125,0.0,160052.65625,0.0,0.0,0.0,0.0,0.0,0.0,0.0,394876.0625,1
1789482803.5676768,speech,24,4,0.0,0.0,0.0,481296.125,0.0,0.0,0.0,0.0,0.0,0.0,0.0,0.0,0.0,1240101.25,359817.15625,0.0,1
1789482805.6265004,speech,15,9,0.0,0.0,710563.6875,0.0,844784.9375,3002534.0,0.0,0.0,0.0,0.0,155700.375,228214.4375,328290.34375,0.0,0.0,0.0,1
1789482805.68783,speech,59,5,0.0,402052.03125,0.0,0.0,0.0,0.0,61497.29296875,0.0,0.0,0.0,0.0,27960.287109375,0.0,120226.1328125,0.0,0.0,1
1789482805.688521,speech,0,7,0.0,0.0,258859.453125,0.0,0.0,0.0,101648.234375,0.0,1235228.5,390209.0,0.0,55117.703125,0.0,0.0,0.0,0.0,1
1789482805.8075235,speech,258,4,0.0,0.0,0.0,0.0,104425856.0,404254656.0,0.0,0.0,0.0,0.0,0.0,7994696.0,0.0,0.0,0.0,0.0,1
1789482806.3538249,speech,212,7,104269360.0,387946176.0,0.0,0.0,0.0,0.0,0.0,0.0,1296473.25,0.0,0.0,0.0,0.0,2216526.0,0.0,537380.1875,1
1789482806.5776982,speech,220,5,0.0,0.0,0.0,0.0,0.0,0.0,0.0,0.0,0.0,134919.953125,0.0,0.0,0.0,0.0,11680001.0,66845828.0,1
1789482806.7344785,speech,226,8,0.0,0.0,0.0,191171504.0,227995952.0,0.0,0.0,0.0,4055784.0,0.0,0.0,399574720.0,9180513.0,2806637.0,0.0,0.0,1
1789482806.7916672,speech,241,11,8428602.0,34745952.0,0.0,383365632.0,92552048.0,52081144.0,0.0,0.0,35293536.0,15904156.0,0.0,0.0,0.0,0.0,0.0,2787236.25,1
1789482807.0824797,speech,217,5,0.0,904565824.0,0.0,0.0,0.0,0.0,214379.078125,0.0,0.0,2270009.25,0.0,0.0,367235.78125,0.0,0.0,0.0,1
1789482807.17835,speech,222,13,4215521.0,88365648.0,0.0,20702028.0,19960324.0,0.0,0.0,0.0,6503517.0,0.0,0.0,689489920.0,44189260.0,15362433.0,0.0,0.0,1
1789482807.2362146,speech,222,5,155978752.0,0.0,33585528.0,0.0,4084609.0,0.0,0.0,0.0,0.0,0.0,0.0,0.0,0.0,0.0,0.0,0.0,1
1789482807.3049855,speech,222,4,10625136.0,8327672.0,35813608.0,0.0,0.0,0.0,0.0,0.0,0.0,0.0,0.0,0.0,0.0,0.0,0.0,0.0,1
1789482808.0669687,speech,222,6,0.0,0.0,0.0,2116596.0,326351456.0,24220110.0,0.0,268414.3125,0.0,0.0,0.0,0.0,0.0,0.0,607006.8125,0.0,1
1789482808.1146653,speech,183,9,70612608.0,5404160.5,0.0,0.0,0.0,0.0,647819.6875,153557.296875,0.0,1521899520.0,80603232.0,0.0,0.0,0.0,0.0,0.0,1
1789482808.1155577,speech,224,3,0.0,0.0,0.0,0.0,126333472.0,167171056.0,0.0,0.0,0.0,0.0,0.0,0.0,0.0,0.0,0.0,0.0,1
1789482808.177727,speech,187,8,0.0,0.0,16703560.0,24251132.0,40355868.0,0.0,0.0,0.0,40408440.0,0.0,878070784.0,0.0,0.0,0.0,0.0,0.0,1
1789482808.2400796,speech,185,17,41821628.0,32813276.0,19897372.0,0.0,8360772.0,138006800.0,206340832.0,53569588.0,83202480.0,367555616.0,435609440.0,348833600.0,0.0,0.0,0.0,0.0,1
1789482808.3036659,speech,186,11,3080380.25,15995212.0,8744260.0,32961452.0,59000484.0,0.0,43048632.0,0.0,0.0,37343488.0,18417412.0,0.0,0.0,4091341.0,0.0,0.0,1
1789482808.4465384,speech,186,5,9766158.0,34717496.0,0.0,0.0,0.0,0.0,1960344.875,0.0,0.0,0.0,0.0,0.0,0.0,0.0,1610344.5,0.0,1
1789482808.491746,speech,186,11,48844144.0,0.0,0.0,0.0,377134.75,0.0,31605594.0,0.0,0.0,801009.0,0.0,0.0,0.0,18717568.0,484320.6875,0.0,1
1789482808.5365348,speech,184,7,62398836.0,0.0,2796333.5,0.0,0.0,0.0,14195302.0,0.0,0.0,373289.8125,0.0,0.0,0.0,0.0,142541.75,0.0,1
1789482808.6360373,speech,150,11,0.0,460147.34375,0.0,52869216.0,0.0,0.0,5328559.0,0.0,14910920.0,0.0,270577.15625,10065577.0,13166802.0,0.0,0.0,220351104.0,1
1789482808.6951652,speech,174,7,0.0,0.0,1700849152.0,40177820.0,0.0,59333372.0,30619716.0,0.0,0.0,0.0,0.0,0.0,0.0,0.0,0.0,0.0,1
1789482808.984634,speech,154,26,147182208.0,387434816.0,147530944.0,1725578240.0,362698.46875,21997728.0,5975733.0,0.0,0.0,2343909.0,15612868.0,273335.84375,14439058.0,3933756.25,15918807.0,20224384.0,1
1789482809.0438693,speech,154,10,15811028.0,3452749.0,0.0,0.0,6708637.0,10463016.0,0.0,0.0,0.0,36224876.0,7014410.0,0.0,0.0,773534.9375,0.0,0.0,1
1789482809.093398,speech,162,16,26991174.0,0.0,992875136.0,0.0,199506112.0,350415.5,16409319.0,0.0,0.0,0.0,7812758.5,6693951.5,0.0,0.0,8665762.0,4446983.0,1
1789482809.1576293,speech,153,20,26697826.0,40718776.0,0.0,0.0,0.0,18508482.0,3520778.75,4607504.5,1001095.4375,10587531.0,4666403.0,10714276.0,16281125.0,7976489.5,75029824.0,14986618.0,1
1789482809.2213302,speech,153,8,35783644.0,49485960.0,0.0,0.0,0.0,1252191.5,0.0,0.0,0.0,540817.5,477077.625,0.0,0.0,0.0,0.0,1927018.0,1
1789482809.2701974,speech,148,3,135380928.0,9049959.0,0.0,0.0,0.0,0.0,0.0,0.0,0.0,0.0,0.0,0.0,0.0,0.0,0.0,0.0,1
1789482809.428269,speech,142,23,102789816.0,12315601.0,0.0,0.0,15412755.0,16583522.0,196404256.0,0.0,733156608.0,670998592.0,578489216.0,220865888.0,772956928.0,200523296.0,692613184.0,172596768.0,1
1789482809.4866822,speech,151,15,0.0,22040292.0,10785317.0,0.0,24320954.0,0.0,136565408.0,121134936.0,159037008.0,387593088.0,174233008.0,808014720.0,0.0,286830496.0,0.0,0.0,1
1789482809.587448,speech,151,11,10017952.0,19769732.0,232728688.0,0.0,52847748.0,11543506.0,0.0,0.0,1489310.875,4419942.5,0.0,0.0,0.0,16352170.0,0.0,0.0,1
1789482809.7768357,speech,148,26,65400184.0,1538860.375,14032899.0,0.0,213158848.0,69477584.0,134170456.0,27709032.0,0.0,102866112.0,113832016.0,396479360.0,447785472.0,310870336.0,80930960.0,19846170.0,1
1789482809.8366368,speech,165,9,0.0,1063327.375,0.0,0.0,0.0,0.0,503163552.0,88152608.0,40376336.0,26693730.0,0.0,0.0,0.0,0.0,170839760.0,0.0,1
1789482810.7912269,speech,179,8,70324616.0,5787295.0,1661445.75,298734.34375,812551.25,185744.984375,0.0,0.0,0.0,0.0,0.0,0.0,0.0,679454.75,0.0,0.0,1
1789482810.8550997,speech,170,13,3276313.5,11112384.0,0.0,0.0,590217600.0,114218008.0,14865507.0,2625415.25,3628630.5,0.0,0.0,0.0,4275698.5,0.0,8988482.0,11394936.0,1
1789482810.9203966,speech,177,11,0.0,5780467.0,12306584.0,0.0,0.0,425622720.0,382146080.0,30172242.0,0.0,0.0,0.0,0.0,0.0,20831852.0,42070880.0,0.0,1
1789482810.9854834,speech,177,5,0.0,165288.09375,353913.5,0.0,0.0,0.0,0.0,0.0,0.0,0.0,6817497.0,1754040.0,0.0,0.0,0.0,0.0,1
1789482811.0321918,speech,177,4,0.0,0.0,0.0,0.0,0.0,2077076.5,0.0,0.0,0.0,0.0,0.0,0.0,0.0,835496.625,872072.625,1139551.25,1
1789482811.1295006,speech,177,3,0.0,0.0,0.0,0.0,0.0,0.0,0.0,82221.640625,0.0,1116505.75,942707.0625,0.0,0.0,0.0,0.0,0.0,1
1789482811.2246988,speech,170,6,0.0,0.0,0.0,0.0,280997.125,0.0,0.0,0.0,0.0,967349.625,1966587.0,445819.5625,0.0,0.0,0.0,351860.0,1
1789482811.455954,speech,154,31,92640504.0,5127854.5,15844290.0,47584496.0,41617168.0,22608334.0,8683111.0,16075310.0,107338704.0,188696848.0,143772880.0,40806264.0,32732302.0,13111444.0,1815923.5,11082640.0,1
1789482811.5162666,speech,161,16,28221164.0,0.0,0.0,0.0,0.0,1406424.375,243485888.0,0.0,0.0,157488480.0,28776894.0,532118208.0,88184912.0,357396128.0,44418264.0,0.0,1
1789482811.5806093,speech,161,16,32481558.0,4740066.0,0.0,0.0,0.0,4050450.5,178860496.0,0.0,0.0,50384312.0,2008137.75,0.0,125090688.0,676980736.0,1207061376.0,458462272.0,1
1789482811.6303039,speech,161,7,38825192.0,5995943.5,0.0,0.0,55862008.0,0.0,0.0,0.0,0.0,13054073.0,0.0,1627531.5,0.0,0.0,0.0,0.0,1
1789482811.7725,speech,154,20,187588608.0,446916736.0,9729454.0,0.0,0.0,0.0,0.0,0.0,2649453.25,24926530.0,173277344.0,153550736.0,40604584.0,163417216.0,105181840.0,5851569.5,1
1789482811.830919,speech,153,9,0.0,0.0,1085804416.0,0.0,0.0,401395.375,0.0,2407887.25,2423188.0,152435.625,45114292.0,0.0,0.0,5431708.0,0.0,0.0,1
1789482811.9859872,speech,154,4,0.0,2649484.0,0.0,68751.640625,0.0,0.0,0.0,0.0,0.0,0.0,825941.375,0.0,0.0,0.0,0.0,0.0,1
1789482812.21604,speech,151,14,789919.8125,1795136.0,4379296.0,1173777.75,0.0,5236461.0,0.0,0.0,3684874.5,0.0,146794112.0,219414688.0,0.0,17735264.0,6264390.0,0.0,1
1789482812.2743516,speech,151,17,0.0,116201792.0,0.0,0.0,209104704.0,45560344.0,47022332.0,0.0,0.0,0.0,98597416.0,154417216.0,0.0,883419776.0,388533408.0,243920288.0,1
1789482812.324671,speech,168,15,0.0,0.0,0.0,0.0,3416340.0,126652584.0,396795264.0,24275340.0,0.0,130776480.0,49559032.0,59751356.0,6500758.5,0.0,252600144.0,0.0,1
1789482812.5023022,speech,158,8,375886016.0,0.0,0.0,0.0,5146731.0,0.0,0.0,0.0,0.0,0.0,4800650.5,10159174.0,0.0,2634597.5,0.0,0.0,1
1789482812.5972419,speech,158,4,0.0,3829975.5,0.0,0.0,0.0,0.0,0.0,0.0,0.0,0.0,0.0,0.0,0.0,147297.921875,127990.3203125,475020.3125,1
1789482812.6433396,speech,158,4,0.0,0.0,0.0,0.0,0.0,0.0,0.0,0.0,0.0,0.0,324831.75,0.0,171307.5625,0.0,0.0,0.0,1
1789482812.882794,speech,159,23,0.0,9991589.0,21112160.0,1636534.625,3483179.0,1257995.5,1394102.875,0.0,4073166.5,26769108.0,16674532.0,2610974.5,3822392.75,6189567.0,3858893.0,1416952.375,1
1789482812.9774482,speech,165,18,43114236.0,0.0,26512352.0,141608992.0,260724928.0,85622752.0,414897376.0,0.0,0.0,20544106.0,0.0,254187424.0,48007056.0,1299236608.0,0.0,0.0,1
1789482813.0374608,speech,162,20,72932696.0,15941735.0,30446676.0,251454752.0,2212272.5,242687568.0,137934256.0,36242204.0,51424116.0,105873664.0,215147264.0,45585736.0,349040672.0,0.0,8184926.0,0.0,1
1789482813.1357746,speech,162,5,0.0,20388004.0,0.0,0.0,0.0,0.0,0.0,0.0,0.0,1149195.125,0.0,0.0,0.0,6076878.0,15107084.0,0.0,1
1789482813.2292795,speech,162,3,0.0,0.0,0.0,0.0,0.0,0.0,0.0,1130397.375,0.0,0.0,0.0,0.0,0.0,1581707.625,0.0,0.0,1
1789482813.2929308,speech,148,20,6038167.5,11338952.0,0.0,0.0,0.0,42129496.0,61416740.0,0.0,161772000.0,175136448.0,734601024.0,133022120.0,36689440.0,4422503.5,0.0,13089492.0,1
1789482813.3526878,speech,151,16,0.0,0.0,0.0,5757655.5,124073248.0,0.0,0.0,0.0,0.0,62492584.0,74451480.0,458731392.0,125407408.0,60265120.0,7668172.0,54820144.0,1
1789482813.4154418,speech,150,11,0.0,1724536.375,0.0,0.0,0.0,5543476.0,120784840.0,0.0,0.0,33284678.0,0.0,20892718.0,31217718.0,71522432.0,931297728.0,781854464.0,1
1789482813.478018,speech,168,7,165109040.0,56635024.0,3622452.75,0.0,0.0,0.0,0.0,133226.421875,0.0,855882.875,0.0,0.0,0.0,0.0,0.0,0.0,1
1789482813.6550996,speech,158,8,0.0,141417.109375,0.0,0.0,0.0,0.0,542689.0625,0.0,0.0,0.0,0.0,378322.71875,0.0,1218402.875,0.0,484764.1875,1
1789482813.7007806,speech,166,10,0.0,0.0,0.0,0.0,0.0,0.0,1222100.625,683585.125,0.0,169765.421875,255966.625,505278.125,788279.625,1499306.875,1414760.125,781288.625,1
1789482813.800562,speech,171,10,603111360.0,82087952.0,0.0,0.0,0.0,0.0,0.0,0.0,0.0,2829557.0,1014057.375,488454.84375,680774.25,0.0,3001790.5,0.0,1
1789482813.8605294,speech,171,10,259931008.0,8543192.0,2242526.5,0.0,0.0,0.0,1384053.125,0.0,0.0,0.0,271829.21875,256264.5625,66025.859375,0.0,0.0,420352.8125,1
1789482814.0856557,speech,152,31,78637584.0,37328296.0,585675840.0,20339778.0,19277240.0,13329308.0,42834144.0,11313211.0,0.0,575770496.0,903729536.0,395987584.0,98370944.0,125779352.0,26386568.0,35570712.0,1
1789482814.1491952,speech,159,16,1844752.875,0.0,0.0,0.0,0.0,0.0,337714592.0,19501682.0,0.0,47344584.0,485277024.0,945631616.0,49238016.0,12813948.0,9133423.0,7673769.5,1
1789482814.208079,speech,159,16,7152361.0,0.0,0.0,0.0,0.0,160400272.0,107978208.0,14393773.0,14336121.0,194481376.0,415713984.0,0.0,21289660.0,5555157.0,0.0,0.0,1
1789482815.1624446,speech,151,17,0.0,0.0,0.0,0.0,351551744.0,0.0,0.0,0.0,1553632.875,653630592.0,817088448.0,29002298.0,283893024.0,66692472.0,9354817.0,16648415.0,1
1789482815.2207403,speech,151,4,0.0,7960321.0,0.0,0.0,0.0,0.0,364428.28125,0.0,215995.4375,0.0,0.0,0.0,0.0,0.0,8194118.0,0.0,1
1789482815.3651826,speech,151,8,0.0,31829476.0,151206816.0,0.0,1890793.0,0.0,0.0,2793410.0,1063911.125,116276.6796875,0.0,0.0,0.0,1218734.875,0.0,0.0,1
1789482815.410938,speech,169,10,233506.015625,32798968.0,162405712.0,0.0,5223272.5,566820.5,0.0,0.0,1207713.0,0.0,713410.9375,0.0,0.0,1153502.875,225605.140625,0.0,1
1789482815.4743314,speech,168,8,0.0,21006892.0,140372400.0,0.0,8145882.0,0.0,0.0,0.0,0.0,0.0,1360917.75,978010.3125,0.0,0.0,0.0,0.0,1
1789482815.6068387,speech,153,17,1641761.75,11138350.0,0.0,0.0,0.0,0.0,390640.375,0.0,0.0,4324360.5,4666801.0,1495081.0,1506874.25,2243930.5,266980.5,0.0,1
1789482815.67041,speech,171,9,0.0,50622968.0,218663680.0,0.0,4252996.0,0.0,0.0,2917899.5,390036.15625,0.0,1223953.75,0.0,0.0,1396605.0,0.0,0.0,1
1789482815.7338817,speech,166,8,0.0,34210656.0,263307008.0,0.0,4825813.5,0.0,0.0,5778493.5,0.0,0.0,0.0,0.0,0.0,2956991.0,0.0,92502.4921875,1
1789482815.828373,speech,166,9,0.0,0.0,0.0,711534.75,0.0,7487398.5,0.0,0.0,0.0,0.0,0.0,24114806.0,0.0,1259179.5,11590528.0,0.0,1
1789482815.8720884,speech,160,9,0.0,0.0,1476308224.0,0.0,0.0,5808232.5,4610259.5,0.0,3504374.5,14870304.0,0.0,0.0,636514.8125,0.0,0.0,1396687.75,1
1789482815.9360886,speech,160,3,0.0,0.0,0.0,0.0,0.0,0.0,0.0,0.0,0.0,138708.734375,280840.34375,0.0,0.0,0.0,0.0,385576.75,1
1789482816.0176585,speech,170,11,439845952.0,1058091.875,0.0,0.0,48379536.0,0.0,0.0,1112169.5,0.0,230975.4375,0.0,0.0,6655057.5,4258305.0,0.0,0.0,1
1789482816.077285,speech,160,13,905348672.0,311846176.0,0.0,0.0,0.0,8199348.5,2731123.5,0.0,0.0,17053866.0,11005172.0,0.0,0.0,0.0,0.0,0.0,1
1789482816.152894,speech,159,21,0.0,0.0,0.0,0.0,11398097.0,0.0,793935.1875,1720203.0,3080382.5,25340064.0,30736984.0,63591024.0,41242160.0,21896524.0,16011740.0,14462307.0,1
1789482816.2175045,speech,159,23,139186976.0,47221452.0,58931128.0,0.0,269216576.0,49032148.0,55395132.0,0.0,4705892.5,21529264.0,16314428.0,19092826.0,9561746.0,21789036.0,4768035.0,13629491.0,1
1789482816.262813,speech,158,10,1059363.125,0.0,0.0,0.0,0.0,48215968.0,79492424.0,16917590.0,0.0,24242084.0,0.0,13219850.0,0.0,15960344.0,0.0,0.0,1
1789482817.000399,speech,168,28,39782112.0,20885566.0,1120883.5,36829088.0,71544456.0,93394200.0,50785836.0,0.0,0.0,190739936.0,90917616.0,7437713.0,19529112.0,7519442.0,1538909.5,714642.5,1
1789482817.0636337,speech,160,20,3122815.25,32719962.0,0.0,0.0,287166656.0,0.0,48857568.0,0.0,0.0,46505604.0,0.0,243583776.0,78434696.0,96497808.0,2751459.25,42212448.0,1
1789482817.1896856,speech,159,3,1144355.0,922200.125,0.0,0.0,0.0,0.0,0.0,0.0,0.0,0.0,0.0,0.0,0.0,0.0,0.0,0.0,1
1789482817.2528095,speech,159,3,0.0,255481.15625,0.0,0.0,0.0,0.0,77441.34375,115653.0859375,0.0,0.0,0.0,0.0,0.0,0.0,0.0,0.0,1
1789482817.3966763,speech,165,21,190216.21875,3723495.0,3534480.0,3321697.0,2270023.5,1655539.75,931427.0625,796569.4375,0.0,614324.0625,1044740.25,230256.140625,0.0,738400.25,2858910.5,628985.9375,1
1789482817.4608333,speech,161,15,0.0,0.0,41681344.0,0.0,165564544.0,261112608.0,1660265.125,0.0,0.0,3927959.25,0.0,125263520.0,1243018.0,23401854.0,175318592.0,20961328.0,1
1789482817.526,speech,168,10,132208856.0,0.0,3263160.5,306838400.0,0.0,0.0,457138176.0,57253188.0,0.0,0.0,0.0,0.0,0.0,153536256.0,93797168.0,0.0,1
1789482817.5907574,speech,168,8,0.0,12837431.0,16180827.0,0.0,4477647.5,0.0,0.0,0.0,0.0,0.0,0.0,0.0,0.0,12734456.0,5295205.0,4134750.25,1
1789482817.6399367,speech,160,8,83937744.0,330472320.0,359092000.0,0.0,344302.21875,0.0,0.0,3719966.0,3676314.0,0.0,0.0,0.0,0.0,0.0,0.0,14210789.0,1
1789482817.7284548,speech,155,10,0.0,205291152.0,307171200.0,12347704.0,9291984.0,8429722.0,0.0,0.0,0.0,0.0,0.0,1062351.75,0.0,0.0,955745.5,1442245.0,1
1789482817.787844,speech,155,9,0.0,0.0,0.0,37637776.0,71075664.0,1530068.0,1002887.3125,0.0,0.0,0.0,0.0,2595662.25,0.0,0.0,547649.375,917415.25,1
1789482817.9505413,speech,169,13,209112800.0,0.0,36939960.0,0.0,0.0,0.0,2259188.25,0.0,0.0,2039628.5,760500.9375,1204021.625,0.0,0.0,494476.125,0.0,1
1789482818.140068,speech,165,18,0.0,0.0,0.0,0.0,6581851.0,52317648.0,193988992.0,307359680.0,0.0,111682568.0,50705440.0,131870672.0,736338624.0,70792368.0,155109376.0,0.0,1
1789482818.2055197,speech,153,17,0.0,0.0,0.0,0.0,10614588.0,217398976.0,17888888.0,0.0,33475854.0,69366912.0,383125568.0,35441672.0,18417348.0,641882944.0,96488608.0,892056448.0,1
1789482818.2682514,speech,155,9,18518088.0,27765308.0,832905216.0,0.0,0.0,0.0,0.0,0.0,544523.125,0.0,0.0,0.0,0.0,43389828.0,0.0,0.0,1
1789482818.3617988,speech,160,17,13728399.0,822225408.0,89588768.0,0.0,4193990.5,0.0,4216166.0,0.0,0.0,9650382.0,7715374.0,24433516.0,42235148.0,79575128.0,84708384.0,0.0,1
1789482818.4215329,speech,160,16,16715764.0,90853520.0,0.0,0.0,23716234.0,0.0,765779.5,0.0,1620325.625,49330032.0,13496168.0,472372992.0,0.0,0.0,27311338.0,0.0,1
1789482818.5839424,speech,155,9,31842482.0,0.0,0.0,0.0,6528303.5,3076404.0,0.0,0.0,0.0,144419264.0,14650698.0,0.0,0.0,0.0,0.0,0.0,1
1789482818.8369253,speech,163,14,0.0,32789506.0,0.0,0.0,0.0,0.0,79461248.0,0.0,151122048.0,177842048.0,27317748.0,943169664.0,25862946.0,20242058.0,3446142.5,0.0,1
1789482818.900264,speech,162,14,0.0,0.0,6214521.0,8904904.0,188224000.0,0.0,314201440.0,83849296.0,0.0,266024608.0,0.0,0.0,836743488.0,3419750.5,48889584.0,54584932.0,1
1789482819.0906672,speech,162,5,13996118.0,7959087.5,0.0,0.0,0.0,0.0,0.0,0.0,0.0,0.0,0.0,0.0,0.0,0.0,272851.65625,477248.15625,1
1789482819.136587,speech,162,4,0.0,0.0,0.0,0.0,90942.265625,0.0,0.0,0.0,0.0,0.0,0.0,0.0,0.0,284663.6875,0.0,153168.59375,1
1789482819.1817338,speech,162,3,0.0,0.0,0.0,0.0,0.0,0.0,0.0,0.0,0.0,0.0,97636.171875,339280.1875,0.0,264187.5,0.0,0.0,1
1789482819.2312984,speech,162,4,0.0,0.0,0.0,0.0,0.0,60399.18359375,0.0,157151.03125,0.0,0.0,0.0,0.0,367587.96875,0.0,351091.9375,0.0,1
1789482819.2812836,speech,165,25,4271161.0,0.0,0.0,132569872.0,251703536.0,128280688.0,43406188.0,3638417.5,0.0,5112543.0,5830544.0,13265154.0,11235742.0,44454152.0,87424464.0,20986168.0,1
1789482819.3756433,speech,153,15,0.0,0.0,0.0,0.0,42762996.0,0.0,0.0,0.0,33726636.0,116148608.0,90874776.0,239525904.0,437458432.0,49615208.0,23167428.0,0.0,1
1789482819.5036912,speech,165,17,18742896.0,0.0,38479260.0,0.0,28427830.0,4378184.5,4210297.5,550635.0,1859918.5,490911.15625,0.0,4830130.5,0.0,15252964.0,17102360.0,0.0,1
1789482819.5042899,speech,118,4,0.0,0.0,0.0,0.0,0.0,0.0,0.0,0.0,2533555.0,0.0,0.0,0.0,0.0,0.0,10818484.0,383607488.0,1
1789482819.5738807,speech,159,27,14919443.0,303137760.0,167866848.0,0.0,5562320.0,5552892.0,1751081.0,703031.9375,0.0,32579808.0,11988706.0,51472104.0,143597920.0,231115552.0,69778552.0,0.0,1
1789482819.6605928,speech,162,22,34316852.0,129256760.0,432408960.0,84060536.0,14906318.0,0.0,14915092.0,0.0,0.0,0.0,438083648.0,382750016.0,243114224.0,51705192.0,91990448.0,7003205.0,1
1789482819.7259462,speech,167,11,6264411.0,0.0,0.0,58479248.0,0.0,63577976.0,322738656.0,0.0,0.0,0.0,0.0,37398480.0,0.0,10190218.0,111273776.0,0.0,1
1789482819.7916987,speech,167,15,0.0,3882934.5,9070244.0,42871308.0,87323464.0,6613647.5,0.0,0.0,0.0,14193562.0,0.0,172523168.0,105241280.0,682418368.0,0.0,0.0,1
1789482819.9463646,speech,167,10,0.0,0.0,0.0,0.0,0.0,0.0,0.0,0.0,0.0,599261.0625,1126984.625,1404310.125,6935272.0,9989756.0,2269427.75,4153289.5,1
1789482819.9927197,speech,168,10,1689796.375,595271.9375,0.0,0.0,1771322.5,47995.58984375,1311268.125,0.0,0.0,233854.625,239331.96875,734044.5,0.0,962691.0,0.0,0.0,1
1789482820.1046941,speech,171,18,6405429.0,16033622.0,0.0,18413956.0,114890000.0,283495680.0,113396512.0,0.0,0.0,12504054.0,257159.84375,24300520.0,1791618.625,0.0,2874892.25,0.0,1
1789482820.16948,speech,173,11,86876184.0,912463.75,0.0,0.0,0.0,10026634.0,0.0,41476960.0,0.0,26863348.0,974932.625,0.0,1116070.875,7597399.0,4319345.5,0.0,1
1789482820.2346864,speech,173,10,76264736.0,24602908.0,0.0,0.0,41903880.0,38183540.0,0.0,0.0,0.0,4890509.0,0.0,5438418.5,0.0,4915934.5,0.0,0.0,1
1789482820.2801633,speech,168,20,65243152.0,0.0,202603488.0,0.0,412787808.0,0.0,42631264.0,0.0,18845160.0,16344878.0,5790001.5,8700786.0,3066891.0,2170292.0,4269310.0,6345969.0,1
1789482820.3451533,speech,168,14,118779320.0,66219184.0,0.0,0.0,0.0,1892624.875,1677212.0,5398910.5,0.0,0.0,5891613.5,0.0,1871303.875,2539339.5,1684480.375,3191886.5,1
1789482820.3953233,speech,176,5,179148592.0,0.0,0.0,0.0,0.0,0.0,0.0,0.0,0.0,2485880.5,0.0,0.0,426487.0625,533585.8125,0.0,0.0,1
1789482820.4601827,speech,176,13,16087702.0,53855824.0,0.0,0.0,3361625.25,4603793.5,1389185.875,0.0,0.0,0.0,0.0,2545674.0,2926466.0,150312.953125,2049891.25,946615.6875,1
1789482820.5061755,speech,172,22,4725079.5,14729179.0,0.0,48859288.0,108173936.0,86291840.0,16732862.0,0.0,0.0,6066404.0,7638750.5,9487257.0,2910631.5,723480.75,2369972.75,2407673.5,1
1789482821.1819482,speech,172,18,0.0,1325519.0,0.0,8924451.0,88343136.0,303699200.0,262857216.0,6237835.0,11435402.0,0.0,9158240.0,60668728.0,37905128.0,27239172.0,90050576.0,0.0,1
1789482821.2272663,speech,158,23,41093032.0,134658832.0,347876256.0,38364740.0,0.0,14830518.0,2377943.5,0.0,4512755.0,18225406.0,23941614.0,17446584.0,11542428.0,88145984.0,47859672.0,54267344.0,1
1789482821.338488,speech,164,24,31615998.0,322439840.0,0.0,0.0,10125259.0,1294678.375,2304620.25,0.0,0.0,743160448.0,177506768.0,1108344704.0,125371120.0,251549136.0,242049312.0,60707104.0,1
1789482821.3987439,speech,165,10,134281952.0,0.0,5335026.0,0.0,11815170.0,4345023.0,0.0,4298609.0,0.0,0.0,0.0,23080074.0,0.0,134811872.0,0.0,0.0,1
1789482821.5285373,speech,154,19,0.0,65981532.0,0.0,37776904.0,3501136.25,98941584.0,105934800.0,0.0,0.0,28548424.0,498022784.0,754506304.0,74119776.0,304647072.0,11816582.0,48948448.0,1
1789482821.5882657,speech,154,8,0.0,23656312.0,0.0,40086128.0,7252333.0,0.0,189312448.0,0.0,56613340.0,0.0,0.0,0.0,0.0,0.0,0.0,0.0,1
1789482821.637276,speech,154,5,0.0,0.0,0.0,0.0,0.0,0.0,0.0,0.0,1927127.75,14542025.0,0.0,5945775.0,0.0,0.0,0.0,0.0,1
1789482821.7190773,speech,154,18,131969616.0,2178779.0,1068021248.0,9470724.0,56930272.0,0.0,4084627.25,0.0,0.0,3896363.75,2133568.5,655605.0625,0.0,19853728.0,6500637.0,114787128.0,1
1789482821.7639306,speech,154,16,0.0,202026480.0,0.0,0.0,0.0,8246507.0,0.0,2265128.0,0.0,74179520.0,43762520.0,77494296.0,397604416.0,71723416.0,104643848.0,0.0,1
1789482822.0032969,speech,154,18,45859976.0,0.0,17721612.0,0.0,11058166.0,0.0,15584883.0,0.0,0.0,111891728.0,3207484.25,335264800.0,2385972.75,6227316.5,2130485.0,684317.0,1
1789482822.0480967,speech,153,18,0.0,0.0,0.0,0.0,25965592.0,9989139.0,29017396.0,544611.6875,0.0,138668336.0,185171472.0,125223104.0,21912502.0,5507466.0,0.0,1441172.25,1
1789482822.3844306,speech,147,22,0.0,0.0,8762038.0,0.0,28412544.0,345786048.0,86295968.0,23450720.0,39500856.0,29296082.0,6529642.5,42624956.0,47988792.0,100619312.0,25891882.0,478976384.0,1
1789482822.453215,speech,127,12,0.0,0.0,6971410.0,10200239.0,20756564.0,10651261.0,9625134.0,0.0,0.0,8567632.0,2721240.75,0.0,0.0,7582143.0,0.0,0.0,1
1789482822.5159123,speech,149,19,620741.125,0.0,0.0,0.0,49309872.0,164196368.0,82573032.0,165093792.0,43763952.0,12231320.0,1491212.0,0.0,8255182.0,26111448.0,37892448.0,82445072.0,1
1789482822.5778952,speech,135,11,173338960.0,0.0,0.0,0.0,0.0,898424448.0,0.0,0.0,0.0,15116991.0,3583177.25,21738540.0,111189560.0,0.0,19412904.0,0.0,1
1789482822.8266368,speech,135,18,39938152.0,0.0,47982132.0,0.0,148062288.0,17416690.0,49101392.0,0.0,7340665.0,53037328.0,462758400.0,20319334.0,0.0,9281972.0,0.0,0.0,1
1789482822.8720243,speech,135,19,0.0,0.0,31169648.0,140568512.0,196103520.0,76566184.0,59021384.0,9796948.0,0.0,145478000.0,152587008.0,32565128.0,1420156.25,0.0,312485.34375,0.0,1
1789482823.1428902,speech,135,3,0.0,0.0,0.0,0.0,0.0,0.0,87509.546875,0.0,0.0,110281.125,0.0,63785.2421875,0.0,0.0,0.0,0.0,1
1789482823.190471,speech,134,4,238223.671875,0.0,0.0,0.0,0.0,0.0,106749.359375,0.0,0.0,856051.5,0.0,0.0,628478.875,0.0,0.0,0.0,1
1789482823.524466,speech,148,11,400153216.0,0.0,0.0,0.0,31866416.0,0.0,10993816.0,0.0,165363.75,0.0,0.0,0.0,0.0,4217288.0,5918562.5,605972.125,1
1789482823.5254464,speech,109,11,0.0,0.0,307345312.0,0.0,1222408.5,0.0,0.0,1660958.0,2039552.5,12027332.0,25495376.0,8987045.0,9693080.0,0.0,0.0,0.0,1
1789482823.5870392,speech,148,10,308984896.0,0.0,0.0,0.0,3277246.25,0.0,5169411.5,0.0,4879589.0,391653.96875,0.0,0.0,0.0,232270.765625,0.0,0.0,1
1789482823.935767,speech,129,23,52879648.0,1162786.375,0.0,0.0,0.0,534735232.0,200757776.0,322365216.0,35251364.0,609974208.0,124641392.0,151635008.0,825454.5,26756752.0,7756428.0,17246592.0,1
1789482823.9936588,speech,114,20,0.0,0.0,263899.3125,13383431.0,10567978.0,338030912.0,2806693.25,0.0,1505689.5,76044160.0,19059248.0,98988480.0,296423008.0,727835008.0,892995072.0,781269888.0,1
1789482824.0565288,speech,114,18,51801944.0,0.0,0.0,0.0,385902016.0,81356416.0,241782992.0,67160432.0,0.0,0.0,3362243.75,70702720.0,23889434.0,37952256.0,14948296.0,0.0,1
1789482824.726807,speech,73,32,27757050.0,186296608.0,161402544.0,43038768.0,91893992.0,7816566.5,45081056.0,4081220.0,0.0,2682991.25,5587076.5,15142994.0,49376104.0,121053152.0,152721568.0,482918592.0,1
1789482824.8537278,speech,87,22,1233210368.0,1350402816.0,15581934.0,261022528.0,13033237.0,90066576.0,86268104.0,4568478.5,3430146.0,1335164.5,6065836.0,0.0,6297451.0,35051852.0,22022946.0,96753512.0,1
1789482824.9173014,speech,67,20,190948.75,0.0,282398368.0,0.0,2866184192.0,1265481.5,147951312.0,120969912.0,0.0,1159341.5,409231.5,4423999.0,45855156.0,0.0,10509048.0,53184748.0,1
1789482824.981485,speech,76,27,420180832.0,0.0,313208128.0,0.0,989315136.0,24047794.0,274507904.0,14971009.0,20895332.0,0.0,4254586.0,12345262.0,21854708.0,10530200.0,51394020.0,21831912.0,1
1789482825.3614173,speech,70,31,4345193.0,1204715.375,0.0,10139188.0,11509260.0,25644136.0,182701296.0,88591024.0,185284016.0,2835869.25,9394176.0,122887928.0,215814624.0,681781120.0,934851392.0,520725440.0,1
1789482825.4874496,speech,70,4,3891430.25,0.0,0.0,0.0,0.0,0.0,274055.46875,0.0,0.0,0.0,0.0,0.0,896544.0,0.0,0.0,0.0,1
1789482825.5324664,speech,70,9,589147.625,0.0,3635717.25,0.0,0.0,0.0,1819795.0,0.0,0.0,0.0,559490.1875,480763.78125,666560.9375,0.0,0.0,2076688.125,1
1789482825.6452944,speech,63,32,0.0,476542400.0,457291872.0,649757312.0,140011360.0,50527944.0,7873283.5,3867645.5,2348821.0,1669107.25,718332.25,11706088.0,5345784.0,7955733.0,5086693.5,12423347.0,1
1789482825.9629242,speech,70,19,41638336.0,41153624.0,674026048.0,2096716.0,1180950.375,25301876.0,20697564.0,0.0,0.0,1049219.375,0.0,4772533.5,7750346.0,0.0,2692110.25,20001636.0,1
1789482826.0234227,speech,80,13,109805144.0,0.0,751482240.0,0.0,0.0,31276278.0,75302328.0,0.0,74707.28125,1696626.75,0.0,0.0,10035327.0,856525.25,0.0,0.0,1
1789482826.1531603,speech,80,12,0.0,0.0,0.0,0.0,1054931.375,3834412.5,4136862.25,880468.75,57670.625,104933.140625,0.0,0.0,0.0,0.0,0.0,0.0,1
1789482826.199501,speech,80,14,0.0,0.0,0.0,0.0,0.0,0.0,221017.640625,493371.03125,641974.125,392037.1875,139349.46875,473738.9375,474520.40625,1083652.125,258859.625,0.0,1
1789482826.2780492,speech,73,15,3270593.5,747294720.0,833390656.0,0.0,9884734.0,0.0,974633.1875,5003304.5,0.0,248622.296875,616929.125,0.0,815262.8125,0.0,0.0,1181234.625,1
1789482826.532729,speech,66,17,0.0,873852416.0,262214800.0,9213634.0,320702528.0,0.0,66462328.0,14218488.0,0.0,0.0,0.0,7356014.0,5433772.0,859270.625,4994693.0,693967.1875,1
1789482826.723258,speech,67,24,0.0,0.0,1810574.875,0.0,0.0,2508565.0,5366849.5,3633607.0,1967124.875,0.0,1333863.5,2453569.5,2457221.0,4384579.5,4868805.0,2266868.75,1
1789482826.7825677,speech,66,13,434080.34375,0.0,0.0,0.0,0.0,0.0,177888.5625,0.0,0.0,0.0,292883.46875,607069.5,605930.5625,706236.1875,849762.3125,691957.875,1
1789482826.8468764,speech,66,3,306296.34375,0.0,0.0,0.0,0.0,0.0,180858.125,337433.21875,0.0,0.0,0.0,0.0,0.0,0.0,0.0,0.0,1
1789482826.9135883,speech,66,11,0.0,560703.9375,0.0,0.0,315840.65625,0.0,348744.75,804849.6875,0.0,0.0,298777.0625,279815.125,383215.03125,507550.25,0.0,494147.21875,1
1789482826.959363,speech,65,13,911590.1875,0.0,0.0,122071.59375,222904.375,0.0,0.0,0.0,252185.0625,0.0,0.0,1459814.375,474692.78125,1935461.5,0.0,188154.140625,1
1789482827.0241299,speech,65,22,3237067.75,1625521.75,2360410.25,0.0,637758.25,2024616.625,316385.46875,0.0,1072655.0,0.0,571661.125,152174.625,4767976.5,3280936.0,471199.25,1024085.4375,1
1789482827.1338983,speech,64,29,242202992.0,27294730.0,38555744.0,2149341.5,4289042.0,20377622.0,2157449.25,4657231.5,1862962.0,136048.5625,1052697.25,1591411.0,464490.0625,472794.4375,679365.1875,3718251.5,1
1789482827.198359,speech,65,16,4672136.5,27952232.0,0.0,0.0,0.0,0.0,1978801.75,2078736.625,0.0,822408.1875,0.0,590547.0,2429309.5,2696066.5,4243891.5,2137644.0,1
1789482827.4825542,speech,65,12,620734.8125,0.0,585817.0625,0.0,0.0,2921631.75,0.0,99624.296875,72070.265625,0.0,312625.1875,1192799.5,754310.875,0.0,3267812.75,12324113.0,1
1789482827.5450907,speech,65,23,540244672.0,18011700.0,437810272.0,0.0,77400976.0,7239096.0,15998404.0,0.0,19664080.0,0.0,48593944.0,236849248.0,1815645952.0,138761440.0,694988672.0,54975896.0,1
1789482827.5898716,speech,59,20,91390528.0,0.0,408279200.0,0.0,392272864.0,5679871.5,29851538.0,3182001.0,0.0,718045.3125,8799600.0,26096308.0,72308360.0,52454144.0,554473728.0,119055480.0,1
1789482828.559293,speech,71,24,322420128.0,0.0,3110329.0,129734592.0,14586912.0,2334832.5,51427072.0,10665902.0,0.0,0.0,5775042.5,3783780.75,458526.875,37651584.0,107646448.0,5259511.0,1
1789482828.618696,speech,68,21,311576640.0,0.0,0.0,2097766912.0,0.0,1996131.125,136102640.0,414683264.0,367223.625,405916.625,63397440.0,90050464.0,0.0,5420388.0,515017664.0,20837854.0,1
1789482828.6824546,speech,78,23,127734288.0,0.0,2360620.5,157869696.0,0.0,0.0,1711471616.0,2023240576.0,1888462.125,0.0,510534144.0,325439520.0,0.0,138926976.0,1002466048.0,2088373.375,1
1789482828.7466495,speech,71,26,119327856.0,3084896.25,4821550.5,132955088.0,9291356.0,0.0,1054569472.0,843168448.0,1018169.75,715664.0,781451392.0,362959168.0,187736.609375,183447776.0,887880000.0,2987448.75,1
1789482828.8103142,speech,62,22,42952048.0,969327.0,13827276.0,267359968.0,1538642.375,302379.53125,354275584.0,4177348.0,0.0,4080885.25,155146240.0,523169.0625,0.0,494355264.0,388724800.0,565139.875,1
1789482829.06638,speech,78,24,225853.4375,103332624.0,0.0,493385824.0,1118640128.0,43004864.0,1020540352.0,0.0,15490104.0,0.0,4032015.0,6708305.0,2111020.5,61274260.0,8242899.0,24930294.0,1
1789482829.1262336,speech,67,26,160217760.0,137088432.0,122174992.0,256426224.0,0.0,1088882048.0,98694616.0,337245600.0,216379072.0,17249002.0,38585572.0,52832060.0,256433488.0,18331486.0,471646240.0,113491336.0,1
1789482829.1905463,speech,70,22,160246048.0,1532428.5,303561408.0,0.0,251058688.0,0.0,161119424.0,0.0,10049797.0,0.0,85975336.0,236111072.0,282944448.0,945853184.0,18287382.0,158111264.0,1
1789482829.3512201,speech,71,28,118931512.0,164530304.0,417458912.0,436487296.0,349975968.0,33952488.0,1657257.0,24494002.0,0.0,0.0,5613184.0,786943232.0,60006640.0,55725768.0,6710754.0,6173663.0,1
1789482829.414353,speech,70,18,49306408.0,108836304.0,665133952.0,0.0,118239000.0,52688864.0,11713337.0,919973.875,1931756.375,0.0,2529176.5,24682814.0,5569208.0,0.0,4115022.0,11070593.0,1
1789482830.4911733,speech,66,27,6841132.5,5558050.0,0.0,12862067.0,92731584.0,32230060.0,181338464.0,412891776.0,174948736.0,9529253.0,24395350.0,210096784.0,734421120.0,366973312.0,80137352.0,58125008.0,1
1789482830.5542219,speech,62,22,0.0,0.0,0.0,0.0,87133016.0,0.0,250469312.0,16640371.0,211226016.0,23391090.0,143286464.0,552365824.0,1283597568.0,512377632.0,138611904.0,61129188.0,1
1789482830.6178215,speech,67,27,0.0,130681968.0,2419678.5,6380636.5,40793640.0,11983333.0,479747520.0,40638096.0,0.0,52873672.0,33676640.0,465024576.0,498243520.0,181114624.0,1823867648.0,1026894080.0,1
1789482830.681159,speech,67,16,2494900.0,6763532.0,81049472.0,0.0,101538608.0,209573952.0,0.0,258439664.0,586331776.0,0.0,69946584.0,342333984.0,0.0,191696400.0,241320928.0,0.0,1
1789482830.7262225,speech,67,14,0.0,0.0,299023744.0,0.0,35604848.0,871336064.0,9042998.0,0.0,40351780.0,17248066.0,0.0,81556224.0,0.0,0.0,201798032.0,63104360.0,1
1789482830.7726245,speech,78,15,5486009.5,1769072.125,1047565696.0,0.0,3591567.0,341858304.0,16457538.0,0.0,0.0,2554554.5,0.0,35035540.0,9422317.0,0.0,0.0,16504076.0,1
1789482830.902653,speech,78,13,862213.0,1238840.125,0.0,0.0,1236256.0,0.0,1370569.375,1490140.375,0.0,0.0,138666.3125,8381615.0,6469992.0,0.0,2900778.75,5687688.0,1
1789482830.9488583,speech,78,13,0.0,1865434.5,18904920.0,0.0,0.0,0.0,9042873.0,5378284.0,0.0,276056.75,0.0,5125567.0,822235.875,4519748.0,0.0,0.0,1
1789482830.9981377,speech,74,28,6374483.0,105327568.0,261461888.0,21544058.0,274052416.0,35234984.0,22785598.0,87175088.0,12208000.0,0.0,8644509.0,2879233.75,3878056.0,13057502.0,3576546.0,5927212.0,1
1789482831.2497134,speech,72,26,216466304.0,0.0,927826368.0,0.0,83574960.0,3597550.25,46396176.0,810041.75,2932950.25,7074923.5,18134540.0,1052222464.0,125545904.0,266536880.0,8029329.5,39219760.0,1
1789482831.3153367,speech,72,27,169465808.0,542138.25,510418816.0,1068915.0,504849952.0,0.0,129156560.0,0.0,995648.75,0.0,95200320.0,74170656.0,808803648.0,650034560.0,331098304.0,215261376.0,1
1789482831.36044,speech,62,20,0.0,1991462.75,482209920.0,1113638.25,527792640.0,0.0,93800152.0,0.0,3134978.0,0.0,7888057.0,2811474.0,0.0,13870607.0,1150059392.0,165165872.0,1
1789482831.535949,speech,62,15,252818256.0,0.0,0.0,503669.625,0.0,0.0,0.0,0.0,1146458.75,525989.375,4133924.5,3387643.0,767689.875,0.0,5226766.5,914701.375,1
1789482831.5817637,speech,62,5,0.0,0.0,0.0,1370879.375,0.0,496425.375,0.0,0.0,0.0,0.0,0.0,0.0,0.0,3032757.0,0.0,0.0,1
1789482831.6304438,speech,62,15,7272824.0,645408.875,0.0,0.0,0.0,0.0,133726.65625,0.0,0.0,0.0,1318020.0,829476.875,791275.25,803934.0625,1993901.625,1877529.25,1
1789482831.6763883,speech,62,13,0.0,0.0,0.0,0.0,475541.125,0.0,464764.9375,252086.921875,0.0,0.0,299241.53125,805692.4375,521681.28125,262180.0,368960.0625,885357.25,1
1789482831.7326431,speech,79,17,173415568.0,1198744960.0,0.0,31536656.0,23958660.0,3256156.5,6545436.0,0.0,2496196.5,1621764.75,0.0,0.0,0.0,684766.375,1177623.5,91702.21875,1
1789482831.7958355,speech,68,33,148105472.0,1265947392.0,51638636.0,0.0,51442316.0,6794175.0,9767491.0,3035048.5,5772691.5,5238736.0,8223132.0,34953864.0,51040000.0,109717616.0,43172804.0,36605792.0,1
1789482831.8597841,speech,68,26,225265744.0,0.0,334556384.0,2168871.5,10037039.0,6613241.5,7316682.0,2140025.0,7218429.0,3967719.0,0.0,317737792.0,373426272.0,826092032.0,87175608.0,359246176.0,1
1789482832.0109258,speech,68,10,546736.375,1012955.75,0.0,0.0,257127.71875,0.0,620312.3125,0.0,737947.5625,0.0,0.0,89745.6484375,2380499.75,0.0,4156881.5,0.0,1
1789482832.0552495,speech,68,3,191006.0625,0.0,0.0,0.0,198927.0625,0.0,0.0,0.0,0.0,0.0,0.0,0.0,0.0,0.0,0.0,1011465.0625,1
1789482832.1007297,speech,68,11,580522.375,0.0,0.0,0.0,399868.65625,0.0,85124.8125,0.0,122062.6953125,0.0,0.0,401841.5,0.0,1066666.25,935771.3125,4334955.5,1
1789482832.6749566,speech,75,31,4778863.0,1456469.0,5301415.0,0.0,14503964.0,54622456.0,354517504.0,391639584.0,210520944.0,55966928.0,163838192.0,545545984.0,542516288.0,1714973056.0,561292544.0,327585920.0,1
1789482832.7359066,speech,75,27,38058080.0,9564438.0,18548086.0,51009408.0,148577808.0,36171584.0,633085184.0,475755520.0,100424072.0,0.0,150493040.0,241305424.0,294353120.0,128311344.0,460678240.0,966070912.0,1
1789482832.8344908,speech,76,15,0.0,3527241.5,0.0,0.0,1179891.25,2325752.0,2949216.5,0.0,0.0,0.0,1953652.0,13057776.0,5641570.0,20188726.0,3624056.5,0.0,1
1789482833.0233204,speech,74,28,155545920.0,0.0,71253144.0,19996596.0,371501184.0,40723572.0,482697888.0,23248616.0,70165936.0,0.0,22275880.0,160773008.0,202699392.0,917505856.0,412461344.0,1407757568.0,1
1789482833.0874672,speech,67,14,20196996.0,0.0,0.0,0.0,60701732.0,179386944.0,0.0,460783328.0,0.0,20222248.0,0.0,761414848.0,512235712.0,380636832.0,1069198720.0,0.0,1
1789482833.151435,speech,82,9,0.0,9185055.0,2343998.5,48973776.0,27851746.0,452819424.0,57771076.0,0.0,0.0,0.0,0.0,0.0,0.0,0.0,0.0,0.0,1
1789482833.2778745,speech,83,10,5015698.0,1560461.5,0.0,0.0,67411.625,0.0,1509610.25,0.0,0.0,0.0,1361847.375,1368545.5,0.0,0.0,0.0,0.0,1
1789482833.3730297,speech,74,27,338914272.0,44570776.0,2723228416.0,4381085.5,69977120.0,0.0,77101416.0,1255016.5,8983810.0,192324.5625,3717616.0,2313674.5,4680628.5,2949445.0,24613540.0,1543042.25,1
1789482833.433341,speech,81,16,45271872.0,480584384.0,615909376.0,0.0,9147258.0,2132704.0,1030684.625,2163561.75,1941489.5,0.0,0.0,10000557.0,0.0,1573187.25,0.0,7488842.0,1
1789482833.6571565,speech,72,17,0.0,666158.3125,0.0,852680.625,0.0,216828.25,3224155.0,573045.375,0.0,0.0,498814.5625,9919657.0,0.0,3981582.75,7630392.0,3064372.0,1
1789482833.7217271,speech,82,24,685638336.0,157539824.0,273671424.0,20484284.0,25546542.0,31241842.0,12972581.0,5044538.0,2178542.5,2624463.5,68018552.0,192321008.0,0.0,0.0,5262759.0,3307502.0,1
1789482833.7858963,speech,65,14,0.0,0.0,0.0,299863.15625,147846560.0,0.0,15439956.0,6186034.0,0.0,0.0,9061832.0,0.0,50562896.0,0.0,99912192.0,328894464.0,1
1789482834.070193,speech,82,14,91866424.0,95457888.0,49635088.0,788492.125,1382083.5,0.0,3059384.25,395456.5,200681.296875,0.0,0.0,49878.8984375,0.0,118586.1640625,275282.75,0.0,1
1789482834.130829,speech,82,8,0.0,0.0,0.0,0.0,0.0,0.0,1310184.0,790612.0,0.0,0.0,0.0,647467.875,0.0,324541.21875,0.0,3353354.0,1
1789482834.1805978,speech,83,10,0.0,0.0,837218.3125,0.0,0.0,313159.9375,1473131.0,0.0,0.0,0.0,0.0,817707.5,0.0,171864.78125,1271657.0,675642.125,1
1789482834.2921653,speech,37,9,0.0,6626197.5,736982.6875,1242262.625,433375.0625,0.0,0.0,333171.0,175052.359375,292282.3125,0.0,0.0,0.0,0.0,0.0,0.0,1
1789482834.5126932,speech,63,11,0.0,0.0,0.0,0.0,0.0,0.0,0.0,733056.3125,0.0,164193.796875,1083691.875,857164.9375,1217207.0,1530025.125,633601.25,2116916.0,1
1789482834.6706436,speech,69,22,336955328.0,315626656.0,84187696.0,304236096.0,0.0,0.0,6188030.5,0.0,0.0,0.0,697624896.0,530727872.0,970218880.0,711170688.0,31576346.0,56417572.0,1
1789482835.6833694,speech,70,13,362576544.0,1302706.75,852852160.0,0.0,0.0,0.0,144098848.0,0.0,0.0,0.0,3031254.5,0.0,8500286.0,175650304.0,0.0,0.0,1
1789482835.7481036,speech,80,9,156938640.0,0.0,0.0,0.0,918295.5,3507678.75,40995312.0,0.0,0.0,0.0,0.0,534173.75,7826675.5,0.0,0.0,0.0,1
1789482835.8124576,speech,70,18,2368275.0,0.0,566346688.0,0.0,0.0,47051660.0,27207928.0,0.0,1301965.25,0.0,0.0,40777036.0,339735872.0,103433992.0,43796424.0,490075328.0,1
1789482835.87601,speech,67,17,339133.375,81029968.0,3920823040.0,0.0,32928960.0,19366446.0,0.0,304247.0625,0.0,0.0,678329.1875,3972414.75,0.0,16373356.0,537647.375,0.0,1
1789482835.938999,speech,68,16,5373853.5,0.0,29410872.0,353402112.0,280264672.0,0.0,74677896.0,0.0,709766.6875,2649609.5,0.0,13202683.0,0.0,56603284.0,15905036.0,0.0,1
1789482836.003564,speech,71,13,49831980.0,0.0,0.0,0.0,42886768.0,53752632.0,4762144.5,6201573.0,0.0,0.0,1402067.75,33335848.0,0.0,82047272.0,0.0,128530400.0,1
1789482836.1586707,speech,69,17,32399068.0,46854736.0,528532864.0,48050136.0,44022168.0,6181212.0,1359604.75,590504.0625,0.0,398407.625,382962.90625,2649058.75,1154043.625,1380966.25,0.0,0.0,1
1789482837.013962,speech,81,20,770021248.0,0.0,0.0,0.0,35765796.0,1065770560.0,165017424.0,35100208.0,16320747.0,0.0,2259011.0,0.0,3536182.0,748925.75,1400672.0,490068.15625,1
1789482837.109199,speech,71,19,14638819.0,331630432.0,1113770752.0,0.0,97132864.0,19303260.0,0.0,16594454.0,0.0,0.0,14901848.0,15071101.0,13309606.0,254611648.0,3269450.75,106002672.0,1
1789482837.203935,speech,74,21,0.0,17258668.0,33107676.0,0.0,1149659904.0,450012512.0,9628350.0,395320384.0,54406468.0,0.0,144526656.0,26769920.0,24129310.0,1132524160.0,3465171.0,141898272.0,1
1789482837.2672267,speech,67,17,0.0,209119744.0,0.0,5038618.5,560693504.0,0.0,230851264.0,0.0,3552959.75,1096434.25,0.0,402772.65625,675989760.0,229377312.0,118976784.0,4507858944.0,1
1789482837.4251785,speech,74,15,3985607.5,6524926.0,705711744.0,0.0,5189395.0,13470377.0,0.0,0.0,15203859.0,72689.203125,0.0,6229613.0,0.0,1690572.625,0.0,6272776.5,1
1789482837.485169,speech,68,17,0.0,0.0,1046691968.0,1227699.875,10573874.0,58236976.0,0.0,0.0,8320913.5,170874.515625,485011.71875,15320018.0,693112.75,6554799.0,18319748.0,0.0,1
1789482838.3112016,speech,64,15,2756050.25,0.0,20496426.0,0.0,1697966.125,0.0,62443256.0,0.0,0.0,0.0,1545453.0,547476096.0,1611440512.0,17399396.0,0.0,197588256.0,1
1789482838.3705873,speech,72,10,0.0,0.0,21949826.0,24472436.0,0.0,0.0,112160336.0,0.0,0.0,0.0,0.0,0.0,1481206912.0,4671069184.0,0.0,0.0,1
1789482838.4341736,speech,72,15,157097872.0,0.0,0.0,0.0,518920288.0,0.0,0.0,179417824.0,167398240.0,0.0,0.0,1118963328.0,352855104.0,0.0,0.0,1050874816.0,1
1789482838.4841082,speech,83,8,242480272.0,53606952.0,0.0,0.0,72049056.0,1176786432.0,15485338.0,0.0,0.0,0.0,0.0,0.0,0.0,0.0,0.0,0.0,1
1789482838.8189917,speech,76,24,18304612.0,159956928.0,0.0,897421440.0,1148158720.0,19566520.0,267180416.0,180480.171875,1503357.625,1395472.125,0.0,30218864.0,437348.5,32642700.0,1456095.75,291827.5625,1
1789482838.8795264,speech,82,23,91251592.0,174877680.0,0.0,222652864.0,931128.125,385577536.0,590409344.0,0.0,19913760.0,752450.1875,39187516.0,23347582.0,10523564.0,59393872.0,0.0,34037460.0,1
1789482838.9438365,speech,84,10,0.0,0.0,95570152.0,890682112.0,0.0,245749952.0,79243304.0,0.0,0.0,0.0,17504244.0,0.0,663096.5,0.0,75563.4765625,7986931.0,1
1789482839.104047,speech,83,8,112247792.0,61141864.0,0.0,0.0,0.0,270400.875,17160.458984375,0.0,68633.5625,44672.4296875,0.0,0.0,80329.78125,0.0,0.0,0.0,1
1789482839.3573601,speech,77,30,205461440.0,118455376.0,724226368.0,1139552768.0,391352608.0,620774080.0,103202088.0,468077920.0,28586120.0,29375088.0,0.0,16232350.0,1652742.25,8235496.0,2098454.5,1133486.125,1
1789482839.4214754,speech,69,23,34524304.0,0.0,7905865.0,0.0,106879680.0,8948801.0,497976448.0,13554423.0,65189080.0,7789462.5,162179744.0,73397848.0,963028224.0,116620464.0,280926656.0,4761002.5,1
1789482839.4857779,speech,82,23,34484584.0,24508414.0,31798384.0,88580432.0,184298352.0,666058112.0,430918848.0,419255232.0,0.0,0.0,0.0,56468164.0,59500900.0,17744604.0,66289644.0,0.0,1
1789482839.7690163,speech,70,20,9977123.0,0.0,0.0,22104304.0,63943272.0,21312162.0,17569756.0,2101372.75,0.0,369848.34375,548688.1875,1189721.125,0.0,3285057.75,5074931.0,1843525.5,1
1789482840.4331028,speech,68,26,1829919.25,1841433.25,0.0,0.0,12522947.0,79058784.0,282440800.0,190286048.0,0.0,8901885.0,42933276.0,275216512.0,200604016.0,244653648.0,263607888.0,179785344.0,1
1789482840.4965436,speech,65,19,52470152.0,0.0,0.0,249560368.0,1692487424.0,12677635.0,52049204.0,0.0,0.0,0.0,35569720.0,27199776.0,24944460.0,25026608.0,38182576.0,0.0,1
1789482840.686022,speech,65,16,0.0,0.0,150919696.0,0.0,19889116.0,0.0,0.0,126692.234375,113810.578125,653647.375,2373386.0,3453791.0,0.0,1166344.75,0.0,70090128.0,1
1789482841.067715,speech,74,13,108694048.0,0.0,761982208.0,0.0,0.0,19010088.0,7614052.0,1555687.75,244119.9375,2405691.75,0.0,3203423.0,9138627.0,0.0,0.0,15372328.0,1
1789482841.2245126,speech,70,24,0.0,600977984.0,1106701312.0,0.0,35019264.0,2793338.5,333505.625,25364932.0,237436.0625,7204088.5,34156280.0,1363177.625,9822545.0,56202504.0,818769.5625,22001114.0,1
1789482841.2838337,speech,70,16,2338485.5,1633148672.0,0.0,0.0,67998432.0,0.0,0.0,0.0,0.0,7746233.0,12684475.0,0.0,80554040.0,64497728.0,0.0,98914216.0,1
1789482841.3829527,speech,70,10,2175538.5,0.0,261060592.0,0.0,864809.25,26178228.0,0.0,0.0,2676838.25,0.0,376008.625,3186444.5,0.0,0.0,0.0,0.0,1
1789482841.5100093,speech,70,20,62939168.0,151944800.0,0.0,574102400.0,0.0,80997664.0,118097256.0,0.0,1412512.375,0.0,12984359.0,4375628.5,6812347.0,24851190.0,0.0,9280332.0,1
1789482841.5550945,speech,65,22,0.0,15592894.0,443381440.0,1831903104.0,4495627.5,200704288.0,9254058.0,8476760.0,6529824.5,6012717.0,27235794.0,168949.21875,19382284.0,9354276.0,3989406.0,1607465.0,1
1789482841.6191475,speech,81,15,283795264.0,0.0,0.0,0.0,260730176.0,81660496.0,2226331.75,13023868.0,0.0,0.0,0.0,0.0,6100199.0,0.0,4412253.0,0.0,1
1789482841.6833606,speech,82,9,87189224.0,0.0,0.0,119460512.0,0.0,143894496.0,0.0,6761589.5,0.0,0.0,448835.3125,0.0,2510240.25,0.0,0.0,0.0,1
1789482841.9214046,speech,64,16,0.0,4339828.5,1366512128.0,0.0,0.0,92577488.0,46374360.0,0.0,5243447.5,13464923.0,0.0,206384544.0,253227936.0,1361943.125,128507168.0,939527488.0,1
1789482842.0483239,speech,77,22,401165632.0,270423200.0,511152384.0,559427328.0,167768144.0,786544192.0,42466768.0,56988024.0,0.0,0.0,1672610.75,4044779.5,0.0,1651033.75,1051003.625,0.0,1
1789482842.1083856,speech,83,21,48820400.0,0.0,578743040.0,26073072.0,134199184.0,135236128.0,1197870464.0,79299328.0,122955680.0,0.0,883230.125,14859608.0,0.0,12335660.0,841831.0625,0.0,1
1789482842.1722488,speech,66,24,205006160.0,23717444.0,10341173.0,111830512.0,14208850.0,98673904.0,0.0,4122398.75,2832352.75,0.0,94825848.0,32730002.0,1187178112.0,689200960.0,923394112.0,137913952.0,1
1789482842.246287,speech,68,16,117047584.0,380933344.0,193245744.0,283193856.0,29149444.0,30911156.0,33989968.0,0.0,0.0,1277628.125,745100.875,0.0,0.0,789629.75,0.0,0.0,1
1789482842.9959967,speech,63,30,40042160.0,0.0,328116544.0,1710991.5,315194240.0,28228406.0,117569552.0,12714482.0,5580769.0,13343240.0,91301200.0,159885696.0,119939320.0,178425680.0,422805632.0,892296448.0,1
1789482843.054835,speech,61,22,97545072.0,0.0,51015184.0,204940416.0,0.0,46026944.0,175135104.0,30505146.0,64605576.0,0.0,34623776.0,34494404.0,34470100.0,115400680.0,21668274.0,0.0,1
1789482843.186126,speech,70,33,402507552.0,289289184.0,529817184.0,3169375232.0,316103552.0,298892736.0,15872522.0,8368302.0,569258.625,4850658.0,2128424.0,42763568.0,6039958.0,37396448.0,9919551.0,12712072.0,1
1789482843.2458513,speech,77,25,38924392.0,50194612.0,0.0,257142528.0,509744704.0,1777671936.0,961975808.0,445393920.0,0.0,2049041.0,0.0,112213328.0,56903976.0,89493584.0,82157680.0,47362808.0,1
1789482843.3107007,speech,77,21,37796524.0,0.0,0.0,0.0,142261168.0,378693408.0,625836928.0,252476224.0,0.0,1155507.625,72269384.0,0.0,141781744.0,51364760.0,59470628.0,24537026.0,1
1789482843.3610961,speech,81,20,106910304.0,0.0,79886520.0,0.0,185172544.0,609387904.0,28265142.0,105571232.0,47546888.0,4693047.5,20386212.0,3509298.25,3247944.25,2679157.0,0.0,8999012.0,1
1789482843.7553625,speech,49,23,110631840.0,382372256.0,0.0,414412288.0,0.0,86751752.0,291102272.0,0.0,6899048.5,1216391.375,10214208.0,17140034.0,1585452.125,22595388.0,1468057.875,6599851.0,1
1789482843.81396,speech,41,26,230044224.0,287681600.0,10819443.0,424689216.0,7108703.0,137940272.0,0.0,13009156.0,34686936.0,1086299.375,16899182.0,435418.125,35572112.0,16295625.0,4241272.0,9409556.0,1
1789482843.8748677,speech,32,21,138726016.0,0.0,565081088.0,770063872.0,9577908.0,198526048.0,0.0,25480332.0,0.0,604086.625,0.0,11726872.0,21596600.0,1102052.25,15000657.0,401377.5625,1
1789482843.9360561,speech,40,24,283598688.0,60970500.0,735837952.0,766206080.0,124617256.0,483414432.0,5785800.5,107035712.0,3326588.0,0.0,0.0,68938168.0,62328972.0,6788894.0,17533574.0,0.0,1
1789482844.2928798,speech,14,15,2016127.5,2622701.5,2719567616.0,16363349.0,3260686.0,165713648.0,9239985.0,0.0,5943437.5,4630264.0,0.0,826039.8125,0.0,0.0,5425494.0,2798532.75,1
1789482844.7355993,speech,8,24,193978384.0,0.0,412978240.0,621852096.0,7812864.0,0.0,150776864.0,26811722.0,180793.4375,462873.8125,7087927.5,1249708.875,848953.5,134031.5,111655.15625,0.0,1
1789482844.8301554,speech,1,11,358835520.0,0.0,1134060.0,0.0,333631424.0,0.0,0.0,0.0,0.0,215130.671875,0.0,0.0,8833740.0,1950001.5,0.0,222015.515625,1
1789482844.8913536,speech,6,14,0.0,0.0,10047938.0,179622496.0,503874464.0,0.0,0.0,45324240.0,0.0,0.0,193526.09375,111635328.0,0.0,492735.5,0.0,0.0,1
1789482845.5279212,speech,9,28,94467600.0,728710.25,436518144.0,885635520.0,45608812.0,16686328.0,40310572.0,22970488.0,1961042.25,7309106.5,5633316.5,14158352.0,248911.5,0.0,1496700.75,1241200.125,1
1789482845.5873244,speech,355,12,1507901440.0,3164202.25,3685404.5,0.0,149532832.0,0.0,0.0,897917.75,0.0,325178.4375,0.0,0.0,1004248.125,0.0,0.0,0.0,1
1789482845.6518977,speech,13,15,2289090048.0,145046656.0,4073869.5,4360574.0,0.0,16903820.0,0.0,0.0,543643.3125,105304232.0,0.0,0.0,0.0,166572.546875,47799.703125,51887.25,1
1789482845.8755524,speech,6,20,22526176.0,13476628.0,269294784.0,538597824.0,414634112.0,43672672.0,14526854.0,0.0,2152987.75,8974151.0,0.0,0.0,0.0,1690059.25,0.0,5343527.0,1
1789482845.939452,speech,6,4,0.0,0.0,0.0,11085236.0,0.0,0.0,0.0,0.0,173277.4375,0.0,0.0,0.0,0.0,0.0,430996.625,1627079.75,1
1789482845.984591,speech,6,8,0.0,0.0,0.0,0.0,0.0,0.0,0.0,0.0,0.0,1803309.625,0.0,1326078.25,1012455.9375,0.0,523369.5,0.0,1
1789482846.0307858,speech,6,5,187173.34375,0.0,0.0,0.0,0.0,387928.5625,0.0,0.0,0.0,44582.234375,0.0,338240.90625,0.0,105260.7890625,0.0,0.0,1
1789482846.2865775,speech,357,24,118382504.0,15652873.0,39677668.0,66577584.0,33629816.0,659431168.0,58915988.0,72915712.0,0.0,282471360.0,29824500.0,75108400.0,0.0,41058664.0,480305952.0,968779520.0,1
1789482846.347507,speech,357,22,132594008.0,21358740.0,21962494.0,100431776.0,27086152.0,465548992.0,0.0,0.0,4489871.0,127723224.0,5905259.0,0.0,0.0,0.0,108458880.0,66832516.0,1
1789482846.445215,speech,357,19,8122544.0,78937440.0,279870208.0,198257312.0,39540648.0,3029967.75,11837875.0,279772.8125,2235035.0,9046858.0,2650485.25,0.0,0.0,0.0,13157962.0,729310.0,1
1789482846.6673317,speech,9,9,0.0,0.0,73067840.0,38436544.0,0.0,0.0,0.0,0.0,0.0,463285056.0,24953008.0,0.0,0.0,4801174.0,1239475.0,0.0,1
1789482846.6681197,speech,334,8,0.0,0.0,0.0,0.0,0.0,0.0,149869328.0,0.0,4018972.5,0.0,0.0,3263126.0,152292768.0,764179584.0,0.0,0.0,1
1789482846.7266827,speech,359,24,12309437.0,6847510.5,404656128.0,0.0,32319038.0,185825344.0,47718164.0,0.0,95309056.0,135818320.0,43087328.0,213368288.0,0.0,124040808.0,1546726912.0,746129216.0,1
1789482846.8864594,speech,359,8,0.0,5411917.0,132147.890625,0.0,58349.390625,577736.375,274406.96875,0.0,0.0,0.0,0.0,0.0,1398659.625,0.0,0.0,0.0,1
1789482846.9311717,speech,359,5,1880900.375,0.0,0.0,0.0,0.0,0.0,164273.03125,0.0,0.0,0.0,50835.0234375,0.0,0.0,285572.3125,816223.875,0.0,1
1789482847.5527568,speech,5,21,71458352.0,1086946.0,209470400.0,17907976.0,36252864.0,5361940.0,0.0,6529333.0,25141072.0,279999360.0,0.0,0.0,0.0,1741646464.0,24559120.0,1233817600.0,1
1789482847.6135645,speech,10,20,157652736.0,0.0,738962816.0,7764865.5,2077650.875,0.0,0.0,0.0,45434992.0,141158032.0,0.0,8817232.0,67463800.0,579764224.0,113523824.0,2755284992.0,1
1789482847.8372731,speech,8,15,178281712.0,0.0,2853851.5,59451208.0,43761580.0,0.0,0.0,10732018.0,268256800.0,371303616.0,0.0,0.0,0.0,581992.875,3141975.75,0.0,1
1789482847.901874,speech,13,6,37539448.0,682852864.0,16181597.0,0.0,0.0,0.0,0.0,0.0,0.0,0.0,97917920.0,0.0,0.0,0.0,0.0,0.0,1
1789482848.0582922,speech,3,18,3919224.0,0.0,47820464.0,294657536.0,587900160.0,6173283.5,25315288.0,0.0,1647002.0,7582619.5,5610581.5,5886065.0,0.0,12706901.0,0.0,23345696.0,1
1789482848.1189976,speech,354,24,48492872.0,0.0,112097288.0,0.0,817408640.0,33214400.0,22960362.0,930516.875,749459.25,2098057.25,5028117.0,11519763.0,4914802.5,2481056.0,20093248.0,9602258.0,1
1789482848.1828067,speech,354,18,0.0,20021628.0,30507648.0,6539395.0,228584640.0,0.0,13919721.0,0.0,0.0,6918064.5,0.0,998893.0625,795602.25,2486044.75,3488235.0,3018779.0,1
1789482848.2319422,speech,0,18,0.0,0.0,217266432.0,372644512.0,867962880.0,8254937.0,2728038.5,0.0,0.0,1518979.75,3757141.0,0.0,417342.625,0.0,498605.0625,3416069.25,1
1789482848.2961357,speech,352,11,51528820.0,6705861.5,0.0,0.0,211472192.0,0.0,0.0,0.0,287626.875,619304.375,948929.5625,0.0,0.0,0.0,697634.5625,0.0,1
1789482848.3611753,speech,357,18,5131663.5,0.0,0.0,7781471.0,16477177.0,27927836.0,43151400.0,2026783.0,0.0,245417.8125,398662.03125,1196070.25,0.0,756206.0,353369.25,771661.875,1
1789482848.425572,speech,4,24,3629914.5,1282328.75,9113977.0,27111024.0,95244240.0,0.0,30674300.0,0.0,0.0,83110280.0,20322896.0,80115712.0,44154472.0,59917636.0,22475290.0,140387424.0,1
1789482848.4907935,speech,2,8,19012520.0,181813536.0,9517103.0,204192192.0,22563232.0,0.0,0.0,0.0,0.0,0.0,0.0,0.0,7825617.0,0.0,0.0,0.0,1
1789482848.5673773,speech,9,22,2728731.0,567622848.0,21205734.0,43174228.0,73332152.0,0.0,7883529.0,0.0,0.0,12689416.0,372621.1875,5573452.0,0.0,8960364.0,3588739.75,5905736.0,1
1789482848.8797276,speech,343,18,0.0,3757151.25,0.0,0.0,0.0,79483080.0,2455066.5,1430848.5,0.0,32293376.0,567907840.0,100673136.0,243811456.0,18679322.0,24648406.0,2094633.875,1
1789482848.9409428,speech,10,17,102243920.0,0.0,228427280.0,369396640.0,73827824.0,79913200.0,0.0,0.0,0.0,67431960.0,58191112.0,0.0,30696362.0,1005179072.0,1040737280.0,203147040.0,1
1789482849.0063426,speech,9,14,35083928.0,0.0,360267392.0,49729572.0,0.0,128165408.0,0.0,0.0,0.0,44456344.0,0.0,0.0,0.0,127054576.0,79155664.0,0.0,1
1789482849.2605863,speech,2,17,348619040.0,0.0,0.0,298200320.0,629086144.0,0.0,0.0,120181016.0,0.0,0.0,0.0,0.0,0.0,68357416.0,1903937.25,13166675.0,1
1789482849.3211634,speech,3,9,156588800.0,5623469.5,0.0,0.0,0.0,0.0,1442542.5,0.0,3952821.5,0.0,0.0,0.0,54125412.0,1748866.0,0.0,0.0,1
1789482849.513008,speech,3,13,0.0,0.0,0.0,91222320.0,97085896.0,0.0,618048.375,30774822.0,2237481.25,0.0,0.0,19158980.0,0.0,0.0,4605097.5,16247808.0,1
1789482849.577295,speech,6,9,863565632.0,0.0,0.0,34079228.0,259878368.0,0.0,0.0,0.0,0.0,0.0,247299.609375,224364.9375,0.0,0.0,0.0,10773596.0,1
1789482849.638074,speech,1,11,2992615.5,0.0,0.0,212625424.0,956961728.0,0.0,0.0,0.0,0.0,0.0,0.0,23023176.0,0.0,208508.265625,3898030.75,21810192.0,1
1789482850.2108974,speech,5,21,10963572.0,42427400.0,110623296.0,84072024.0,97324336.0,26988732.0,18128358.0,0.0,0.0,6088526.0,465373.5,586991.25,0.0,1292976.75,1545681.125,221005.15625,1
1789482850.2709377,speech,5,15,0.0,201347328.0,29978846.0,13844603.0,159820864.0,0.0,52433880.0,6771462.0,0.0,11666527.0,0.0,704779.875,0.0,31904.57421875,144583.3125,0.0,1
1789482850.3209126,speech,4,22,5922874.0,444373952.0,14973398.0,83446488.0,223230464.0,243920.234375,93231072.0,1717572.5,1958256.25,27800204.0,0.0,27776098.0,0.0,6734694.0,24532186.0,391863.96875,1
1789482850.3858156,speech,1,21,4682323.0,432758976.0,0.0,105122568.0,267247008.0,0.0,0.0,0.0,2378642.0,83243160.0,0.0,52164040.0,5564069.5,4897072.0,44151864.0,789675.5,1
1789482850.5276866,speech,9,18,5410353.5,285350240.0,5418581.5,4970332.0,11889040.0,0.0,1742152.25,141857.546875,144509.625,6083224.5,0.0,0.0,0.0,16886974.0,46649288.0,10751128.0,1
1789482850.9374745,speech,352,21,771918.9375,0.0,0.0,7172202.0,41297608.0,87896480.0,2005479.5,0.0,0.0,532646.4375,1441206.5,21937920.0,1396996.5,6931659.5,13391022.0,7681978.0,1
1789482851.0011885,speech,5,18,106035432.0,0.0,0.0,234915952.0,46480880.0,0.0,0.0,0.0,0.0,11352566.0,165735632.0,521315840.0,0.0,91688344.0,3422453504.0,272841344.0,1
1789482851.1911645,speech,5,16,855627.875,1883372.75,0.0,2926750.0,3434602.25,646120.625,0.0,0.0,714474.75,0.0,751294.625,0.0,320076.625,3965942.75,9325116.0,983663.5,1
1789482851.2363515,speech,5,8,0.0,0.0,0.0,0.0,35958.0,0.0,748865.5625,0.0,0.0,1120004.125,0.0,305450.5,0.0,421074.59375,0.0,1692879.375,1
1789482851.348556,speech,347,27,27211436.0,0.0,0.0,222048512.0,98044536.0,32522378.0,18517016.0,0.0,0.0,32318370.0,321737472.0,191966768.0,685217536.0,568259072.0,127932280.0,273621728.0,1
1789482851.4089954,speech,7,12,101528592.0,52561452.0,179505488.0,339422144.0,0.0,12532803.0,0.0,0.0,0.0,0.0,0.0,0.0,0.0,1426340.0,1190456320.0,335192160.0,1
1789482851.5072758,speech,7,12,774052.875,0.0,12728091.0,0.0,5176896.0,1104126.25,1535133.75,0.0,0.0,0.0,0.0,542704.3125,0.0,9555218.0,0.0,0.0,1
1789482851.5529203,speech,12,23,33994800.0,6536121.5,828579456.0,306859104.0,11766452.0,17431336.0,16991046.0,988783.875,0.0,23322500.0,427080.46875,0.0,0.0,1235653.125,10704809.0,41398080.0,1
1789482851.617139,speech,354,25,131029264.0,17955296.0,30292968.0,2608310.5,575947776.0,435907168.0,44031068.0,1430498.875,2579597.5,5101367.0,7241651.0,4188348.5,1228490.875,11780262.0,11080377.0,0.0,1
1789482851.6808836,speech,354,9,40071868.0,201148752.0,157116416.0,6862625.5,0.0,0.0,0.0,0.0,0.0,0.0,0.0,0.0,1867024.75,0.0,0.0,15340882.0,1
1789482851.727278,speech,10,9,0.0,749507712.0,34643476.0,0.0,0.0,0.0,0.0,0.0,696850.0,0.0,0.0,3550036.0,641592.0625,1317819.5,0.0,0.0,1
1789482851.8237333,speech,9,22,64458484.0,0.0,563515776.0,446345760.0,85280976.0,4482668.5,2379990.25,0.0,0.0,2959373.0,4389008.5,2212176.5,0.0,5306882.0,23339164.0,10962394.0,1
1789482852.139855,speech,0,28,1520483.125,1437583.25,26714512.0,211694240.0,226918688.0,16928538.0,3126710.25,218243.15625,874023.125,2432709.75,3824820.5,7662233.5,6122387.0,31261912.0,62569312.0,213756528.0,1
1789482852.899177,speech,359,20,144301376.0,20351844.0,0.0,0.0,936501.375,6081182.5,2649872.5,869660.9375,0.0,58714.65234375,1349527.0,456151.5625,97034.578125,217080.59375,437343.90625,509080.90625,1
1789482853.3108988,speech,2,10,0.0,0.0,4525215.0,0.0,430597.5625,0.0,1132450.125,145126.28125,0.0,0.0,0.0,76389.5234375,0.0,0.0,698581.0,454811.5,1
1789482853.3711703,speech,5,11,0.0,0.0,0.0,465589.28125,303147.09375,287516.875,1131718.75,271336.46875,0.0,0.0,0.0,0.0,0.0,564991.25,0.0,237742.671875,1
1789482853.4357228,speech,353,17,0.0,0.0,2836953.0,463291.09375,0.0,0.0,104475.2890625,61846.375,0.0,609771.9375,1259882.875,754923.25,0.0,1670187.0,229503.453125,87839.765625,1
1789482853.499971,speech,359,28,103640744.0,15978614.0,574875136.0,68775216.0,128384600.0,14520056.0,4912204.0,2303300.75,0.0,7984586.0,1635564.25,15422315.0,1911885.375,16782520.0,6544517.0,66658796.0,1
1789482853.5637112,speech,2,26,68012432.0,0.0,25288896.0,25693070.0,62185064.0,43213992.0,45178700.0,5163872.0,0.0,56780508.0,15244926.0,2008587.5,5222344.0,35633888.0,12269395.0,70272144.0,1
1789482853.720953,speech,2,3,2218368.25,0.0,0.0,0.0,0.0,0.0,902780.9375,0.0,0.0,0.0,0.0,0.0,0.0,0.0,0.0,0.0,1
1789482853.7656193,speech,359,5,0.0,3046693.75,0.0,0.0,487788.21875,0.0,0.0,0.0,0.0,0.0,0.0,0.0,0.0,597299.875,665222.375,1124016.0,1
1789482853.8294625,speech,1,24,2489614.25,2654450.75,20496988.0,11550415.0,4614717.5,6293807.5,2210593.0,0.0,0.0,0.0,0.0,7864125.0,23583998.0,79697344.0,99731488.0,234537584.0,1
1789482854.1662474,speech,15,21,171290176.0,0.0,753646144.0,13675994.0,32844396.0,0.0,141932448.0,55097016.0,323176832.0,500129824.0,333079.375,0.0,0.0,17574232.0,1694876.125,14326196.0,1
1789482854.2306952,speech,8,14,0.0,341727232.0,10177040.0,0.0,85988536.0,0.0,12046950.0,0.0,0.0,64324592.0,0.0,0.0,0.0,0.0,465773888.0,1832373632.0,1
1789482854.322688,speech,10,15,155735216.0,237814256.0,181050448.0,58520260.0,1365747.25,0.0,0.0,561120.5,6683072.0,0.0,0.0,0.0,2835661.5,1707639.25,1964088.625,0.0,1
1789482854.7037466,speech,10,5,0.0,0.0,0.0,0.0,311393.0,88205.5625,0.0,0.0,333923.9375,174772.109375,236153.15625,0.0,0.0,0.0,0.0,0.0,1
1789482854.7494678,speech,14,8,0.0,0.0,0.0,0.0,1827893.0,0.0,0.0,0.0,0.0,0.0,104965.2421875,54220.2578125,0.0,364829.15625,1116871.25,0.0,1
1789482854.8289642,speech,12,9,0.0,365057.1875,0.0,0.0,0.0,300814.875,0.0,0.0,604646.375,747202.0625,0.0,289139.75,0.0,273418.1875,411618.25,0.0,1
1789482855.3988798,speech,347,17,732994.25,7431906.0,0.0,312614.3125,1489507.25,13449053.0,20168412.0,0.0,0.0,0.0,53364844.0,691033344.0,13350682.0,27689364.0,0.0,69469080.0,1
1789482855.4583666,speech,356,9,0.0,0.0,54845772.0,0.0,292919.6875,0.0,0.0,6877363.0,0.0,11874741.0,0.0,0.0,77040848.0,615118976.0,8051670.0,0.0,1
1789482855.5222518,speech,356,9,106580.546875,28869252.0,0.0,0.0,23863.83984375,0.0,6020904.0,7140998.0,0.0,0.0,446908.75,0.0,0.0,31715228.0,0.0,0.0,1
1789482855.5885475,speech,354,22,0.0,0.0,0.0,21149476.0,412255008.0,49590208.0,2837241.75,6823502.0,10639998.0,20096598.0,203827424.0,191918016.0,148742704.0,835081216.0,12371491.0,93983248.0,1
1789482855.6483598,speech,352,12,6035664.0,0.0,0.0,294305024.0,467622976.0,154934304.0,504145600.0,0.0,0.0,0.0,0.0,30488584.0,0.0,193974016.0,0.0,308381120.0,1
1789482855.71287,speech,9,13,218530528.0,0.0,839320064.0,6335887.0,0.0,0.0,21179172.0,0.0,0.0,1382661.875,3810669.5,5743394.0,0.0,3008835.0,0.0,0.0,1
1789482855.8419113,speech,355,18,307300736.0,0.0,0.0,0.0,2535281.5,0.0,0.0,0.0,2226631.25,1019246.125,6523346.5,2525121.0,3319362.75,16456631.0,11547616.0,14547440.0,1
1789482855.9682422,speech,355,4,0.0,0.0,0.0,0.0,101012.6875,0.0,110363.671875,0.0,0.0,0.0,0.0,0.0,0.0,419146.75,0.0,0.0,1
1789482856.6325746,speech,354,20,154972896.0,54035944.0,0.0,0.0,92244704.0,949311872.0,4038823.5,0.0,1175599.375,18461900.0,7440586.0,1508416.25,159093.171875,4089845.0,86699088.0,2362591.5,1
1789482856.6961792,speech,357,19,510972672.0,123606400.0,201428.90625,311373.9375,169091488.0,0.0,1062021.5,0.0,1777623.625,67359264.0,3120596.75,0.0,0.0,5222890.0,5818897.0,0.0,1
1789482856.7912216,speech,358,27,365684896.0,0.0,43890728.0,219912128.0,5553497.0,6549512.0,555579072.0,0.0,0.0,317821312.0,496499712.0,80711112.0,249835984.0,1084432896.0,187807232.0,33243968.0,1
1789482856.8520708,speech,351,14,35308416.0,1685100.125,0.0,0.0,451325952.0,405620960.0,0.0,0.0,0.0,42334820.0,758639488.0,277242240.0,0.0,10639430.0,0.0,0.0,1
1789482857.0125253,speech,351,4,32892902.0,0.0,0.0,0.0,0.0,196073.296875,0.0,0.0,0.0,0.0,573133.5625,310077.53125,0.0,0.0,0.0,0.0,1
1789482857.0586655,speech,351,8,0.0,11319876.0,0.0,0.0,188253.71875,0.0,0.0,0.0,0.0,0.0,567840.3125,0.0,230117.265625,298433.25,0.0,270496.0625,1
1789482857.1707122,speech,13,16,25447668.0,54591032.0,232404096.0,256135296.0,23879930.0,11422372.0,0.0,1183533.375,407550.09375,903121.25,0.0,0.0,2646645.5,1137709.375,7217311.0,895901.9375,1
1789482857.231856,speech,8,21,61494580.0,23634102.0,0.0,129953496.0,10985220.0,7803868.0,0.0,0.0,913256.1875,1552666.0,1405336.75,660689.8125,3350380.5,0.0,6305560.0,920177.3125,1
1789482857.3917596,speech,348,20,71185448.0,0.0,0.0,33786744.0,6816313.0,59095344.0,19436112.0,44473248.0,0.0,0.0,374471232.0,900302208.0,29346900.0,0.0,63534752.0,5696548.0,1
1789482857.486655,speech,352,22,0.0,39001424.0,59660236.0,104456352.0,95592512.0,0.0,132239896.0,13252642.0,261507328.0,595430912.0,768475776.0,13202531.0,0.0,19519904.0,4192181.5,9936736.0,1
1789482858.2474334,speech,0,26,18315354.0,1970512.875,3481761.0,2384509.0,7075997.5,2291698.25,61143304.0,39836512.0,0.0,19246298.0,13428174.0,70262048.0,0.0,645949184.0,265815888.0,188715696.0,1
1789482858.3076673,speech,6,21,10051983.0,642683.125,1401232.875,13697709.0,2353795.0,42524704.0,31371436.0,39076788.0,9023098.0,46164312.0,14032196.0,0.0,0.0,794166016.0,992712576.0,117270088.0,1
1789482858.372416,speech,352,18,25274760.0,9855199.0,11486193.0,9033609.0,64701344.0,78390984.0,151888080.0,7641343.0,0.0,0.0,0.0,24919360.0,53378784.0,0.0,0.0,44578972.0,1
1789482858.4673944,speech,2,17,0.0,3755298.0,0.0,1477288.0,651600512.0,742387200.0,0.0,0.0,0.0,3488488.5,57319192.0,194921440.0,0.0,1686073088.0,1969884160.0,29431004.0,1
1789482858.5315297,speech,3,11,1485252.25,317881440.0,58531968.0,2524087.25,29563616.0,3872640.0,5062056.5,0.0,0.0,4708347.5,0.0,0.0,0.0,0.0,0.0,0.0,1
1789482858.6897552,speech,359,27,1235394816.0,150156960.0,25466316.0,2836546.5,10903875.0,0.0,0.0,3473011.5,0.0,178923264.0,12756877.0,363709792.0,13962371.0,77482672.0,1640024.375,68734640.0,1
1789482858.7493272,speech,1,16,724236544.0,0.0,0.0,965802.375,5268176.0,0.0,2760881.0,0.0,0.0,75511680.0,82458800.0,79896256.0,0.0,165667808.0,896452032.0,221199200.0,1
1789482858.846756,speech,1,10,0.0,0.0,2543582.0,3605405.5,3397204.25,0.0,1251311.0,133997.53125,700147.3125,163927.4375,0.0,250013.390625,0.0,1487622.25,0.0,0.0,1
1789482858.8920507,speech,1,6,0.0,1942906.125,2867104.25,2067213.75,374321.4375,0.0,0.0,0.0,1091998.5,0.0,0.0,0.0,0.0,0.0,0.0,0.0,1
1789482858.9372084,speech,358,12,599573888.0,0.0,185300048.0,0.0,13051349.0,0.0,0.0,0.0,0.0,0.0,1298631.375,188394.0,996228.75,0.0,1015257.25,0.0,1
1789482859.0015647,speech,347,18,475171648.0,0.0,0.0,0.0,3033423.75,0.0,7735993.5,428159.6875,913831.5,677919.9375,3989944.75,1169105.5,0.0,1091517.25,241125.71875,2186559.0,1
1789482859.1006846,speech,347,11,9107306.0,3097260.75,0.0,0.0,0.0,993034.4375,81668.90625,66144.984375,0.0,0.0,0.0,257329.9375,0.0,0.0,203051.78125,270153.625,1
1789482859.1457355,speech,351,5,0.0,0.0,0.0,0.0,1061430.25,2060587.625,0.0,0.0,0.0,0.0,0.0,0.0,0.0,231490.265625,0.0,0.0,1
1789482859.2098317,speech,352,4,0.0,0.0,0.0,0.0,0.0,0.0,0.0,0.0,0.0,241980.03125,0.0,0.0,0.0,685040.75,147480.703125,0.0,1
1789482859.2742765,speech,358,17,0.0,0.0,0.0,0.0,1940313.25,584673.75,658148.9375,0.0,0.0,861054.625,1800414.625,4742844.0,0.0,4442653.0,2992543.0,2294334.25,1
1789482859.3386123,speech,5,16,0.0,0.0,2890742.0,3827592.0,3035375.0,0.0,0.0,0.0,0.0,0.0,3006748.0,4263453.0,1950254.75,8229195.0,1767305.75,5966011.5,1
1789482859.402422,speech,6,22,404445120.0,362658496.0,114461336.0,60395624.0,0.0,1666823.5,0.0,1162908.625,0.0,3217864.5,2717074.5,3428351.5,1990013.25,5941050.0,5058014.5,0.0,1
1789482860.0820012,speech,0,22,179627408.0,8464717.0,0.0,2144147.5,89446976.0,37592896.0,174768832.0,0.0,0.0,81511584.0,56561264.0,16719926.0,28546940.0,130507504.0,130475008.0,22338460.0,1
1789482860.142896,speech,0,22,61129620.0,0.0,23915292.0,4447820.0,111553352.0,43193900.0,104576864.0,68141760.0,12816638.0,248528592.0,15206972.0,0.0,0.0,869001216.0,78678880.0,18542362.0,1
1789482860.1928778,speech,355,17,0.0,42979100.0,0.0,14501447.0,2093390.625,75990800.0,119081968.0,0.0,0.0,24138324.0,64159408.0,113282544.0,0.0,289329600.0,7108913.0,1654417664.0,1
1789482860.256804,speech,355,12,0.0,223780000.0,12132840.0,13400974.0,32088486.0,777599.75,77184016.0,0.0,0.0,0.0,0.0,31746628.0,0.0,7489624.5,35974964.0,0.0,1
1789482860.4290562,speech,355,7,0.0,0.0,0.0,0.0,0.0,0.0,0.0,0.0,0.0,55489.421875,143457.40625,148051.1875,197850.265625,267267.875,0.0,0.0,1
1789482860.4737766,speech,352,19,10819482.0,378487.1875,4791524.0,0.0,317042.5,487033.5625,364409.875,134504.859375,112544.78125,382882.25,1049933.0,721769.875,243950.84375,744007.0,86059.25,0.0,1
1789482860.5384996,speech,0,29,266860160.0,181514432.0,170146832.0,21126658.0,5897346.0,0.0,2933983.5,3658736.0,9141324.0,14264754.0,2831990.5,5178215.0,5443680.0,5734737.0,11096936.0,5063721.5,1
1789482860.6036344,speech,0,15,0.0,0.0,13140535.0,1301916.0,0.0,0.0,0.0,0.0,1865332.5,2769379.25,2199032.0,0.0,2312564.0,9772090.0,0.0,13391824.0,1
1789482860.6492703,speech,0,9,0.0,0.0,0.0,0.0,0.0,0.0,0.0,169874.0,326701.71875,490464.25,304640.78125,288274.09375,422412.84375,0.0,978464.125,0.0,1
1789482860.699233,speech,1,6,1477796.0,0.0,0.0,0.0,0.0,0.0,0.0,216901.796875,140441.5625,22560.587890625,0.0,0.0,0.0,294462.15625,66622.28125,0.0,1
1789482860.8093102,speech,1,17,513323.625,0.0,0.0,59610.6015625,0.0,0.0,0.0,0.0,76469.2421875,0.0,219608.140625,1671359.5,120881.34375,1026737.625,1265141.5,874029.75,1
1789482860.8542066,speech,2,23,0.0,885298.3125,2412830.25,173588.46875,3636008.75,525951.375,1522468.75,0.0,0.0,409952.375,0.0,767644.25,0.0,3676387.25,3127910.0,4030868.25,1
1789482860.9193738,speech,14,15,0.0,0.0,459334176.0,153642224.0,0.0,0.0,0.0,970327.6875,1550554.875,21315462.0,0.0,3360625.5,0.0,17672722.0,50993152.0,45346872.0,1
1789482860.9838653,speech,0,25,0.0,0.0,276646112.0,56398664.0,67448240.0,10961060.0,15507099.0,8939222.0,0.0,0.0,9372628.0,23185900.0,1910271.5,16053512.0,27910560.0,13469163.0,1
1789482861.048822,speech,11,17,200914432.0,0.0,406223616.0,36195592.0,16220070.0,0.0,0.0,1590363.0,1190106.0,8313094.0,3360394.5,2576735.25,0.0,2614304.5,630672.25,899181.0,1
1789482861.252429,speech,11,12,0.0,0.0,0.0,0.0,724419.625,0.0,213208.1875,399216.65625,137596.578125,1347756.75,328932.875,0.0,0.0,215780.921875,653415.8125,3265589.0,1
1789482861.297431,speech,6,26,128996520.0,224876640.0,198461952.0,21731160.0,5390426.0,4614185.5,2136320.25,1379789.75,2767032.5,6155084.5,3240952.75,3769663.5,0.0,1337350.25,28333012.0,1714748.25,1
1789482861.3628428,speech,5,18,34211504.0,51942752.0,38267700.0,111254544.0,0.0,5801751.5,9721598.0,3806159.0,0.0,0.0,0.0,0.0,0.0,10236237.0,11448366.0,11695401.0,1
1789482861.8534434,speech,17,12,56609180.0,0.0,1937022208.0,36825852.0,25750398.0,0.0,0.0,0.0,368875.0,0.0,0.0,0.0,0.0,0.0,3220545.0,941653.375,1
1789482861.9136853,speech,2,20,88845224.0,2941467.5,0.0,132777056.0,122827600.0,9109497.0,0.0,0.0,0.0,11778548.0,6467477.0,1239047.25,0.0,1108694.0,11183960.0,2964492.5,1
1789482861.9781277,speech,4,19,28944774.0,51148568.0,324498240.0,204374288.0,100079104.0,0.0,7577612.0,1550781.75,0.0,1040063.5625,0.0,0.0,0.0,631795.6875,2756662.0,3654521.75,1
1789482862.1380908,speech,359,7,4242782.0,0.0,0.0,0.0,0.0,208243.46875,0.0,0.0,0.0,239493.78125,272924.53125,0.0,0.0,0.0,64816.1875,821904.375,1
1789482862.202614,speech,1,11,613728.875,0.0,0.0,0.0,0.0,0.0,0.0,0.0,0.0,1402141.125,798611.6875,159593.03125,0.0,57485.6484375,395627.0625,827504.375,1
1789482862.267057,speech,2,13,0.0,1242298.25,1969191.25,0.0,0.0,0.0,316505.46875,0.0,334223.09375,760225.75,0.0,75781.09375,158414.3125,738642.1875,3512909.0,3739650.25,1
1789482862.9608023,speech,353,24,536952128.0,5189316.0,6843671.5,1492444.875,1522934912.0,1412246528.0,5922126.0,0.0,0.0,52667008.0,5228828.0,871491.375,0.0,277094208.0,25740542.0,1143037.5,1
1789482863.0237794,speech,351,11,0.0,10584060.0,0.0,0.0,0.0,0.0,22162796.0,0.0,720299.0625,196213680.0,891300544.0,3228542464.0,0.0,0.0,0.0,219733904.0,1
1789482863.1325886,speech,335,7,217317.34375,0.0,0.0,0.0,0.0,0.0,0.0,0.0,187531.046875,187146.375,0.0,1432010240.0,13263118.0,0.0,0.0,0.0,1
1789482863.1967885,speech,351,17,9795845.0,0.0,17914900.0,44684200.0,0.0,0.0,124835800.0,43817028.0,0.0,0.0,0.0,540260864.0,35546420.0,51740784.0,30630108.0,25642440.0,1
1789482863.3729923,speech,350,18,372994080.0,0.0,10941850.0,37666656.0,57321672.0,0.0,1745131.5,5647310.0,0.0,0.0,0.0,36909540.0,1046743.5,0.0,762349.625,27424516.0,1
1789482863.4329243,speech,344,12,797854336.0,0.0,0.0,2397846.5,104191192.0,115438.4140625,0.0,0.0,0.0,0.0,0.0,37154956.0,746035.625,0.0,0.0,17437516.0,1
1789482863.8786006,speech,349,25,1157372032.0,0.0,1139742.625,5795925.0,26890940.0,4874205.0,209964.8125,0.0,750270.25,1353466.5,0.0,5395233.5,7783721.5,1408748.875,146784.796875,8522906.0,1
1789482863.9377275,speech,337,9,9259286.0,0.0,0.0,2729535.0,0.0,0.0,0.0,0.0,0.0,622999.4375,0.0,103536560.0,716386112.0,104614.484375,0.0,0.0,1
1789482864.0027666,speech,328,6,5458675.0,0.0,0.0,0.0,0.0,0.0,0.0,0.0,0.0,0.0,0.0,753230080.0,1425396736.0,0.0,0.0,0.0,1
1789482864.003638,speech,5,15,209765024.0,0.0,66725.3359375,2728737.25,83726512.0,84821.4375,0.0,0.0,0.0,303980.625,0.0,0.0,0.0,2681294.0,832284.125,245501152.0,1
1789482864.068536,speech,4,14,203060832.0,0.0,435657.90625,5200637.5,160499168.0,214267.65625,0.0,0.0,0.0,112312.171875,0.0,0.0,0.0,455229.3125,1095295.75,748747.75,1
1789482864.1316998,speech,350,20,125375008.0,0.0,0.0,0.0,18796808.0,14280481.0,151676512.0,59994416.0,0.0,81639968.0,208690368.0,56658748.0,0.0,63463960.0,82846664.0,61130128.0,1
1789482864.226856,speech,3,12,88627760.0,201188848.0,0.0,67918112.0,11056505.0,0.0,0.0,0.0,0.0,1278293.75,0.0,7962462.0,0.0,2916732.25,0.0,0.0,1
1789482864.4169567,speech,13,24,188725088.0,0.0,422491968.0,561894592.0,263009632.0,215466800.0,432846.90625,1418296.0,3486060.0,12016667.0,0.0,0.0,732891.1875,770156.0625,10240822.0,42017064.0,1
1789482864.4810236,speech,353,23,9096068.0,666237.75,35434888.0,14862271.0,62067144.0,55057192.0,167824704.0,0.0,0.0,62436312.0,34033180.0,46936652.0,27428368.0,151686544.0,28948964.0,133193648.0,1
1789482864.7644114,speech,347,11,327888096.0,0.0,0.0,3178672.5,1005963.875,613597.25,0.0,186144.421875,0.0,175080.625,774583.25,440515.8125,0.0,0.0,0.0,0.0,1
1789482864.8244228,speech,357,25,133906184.0,2375081.0,0.0,88729192.0,13630627.0,8297932.0,1375465.5,857710.625,2036292.25,4247475.5,1654220.125,1022117.25,1891234.0,1573548.875,4560417.5,1631767.0,1
1789482865.081485,speech,9,11,0.0,0.0,2478699.75,0.0,2004846.0,0.0,57849.69140625,0.0,102272.6640625,0.0,0.0,0.0,333361.09375,215963.78125,731154.875,624752.375,1
1789482865.9975114,speech,350,16,616105792.0,135908736.0,42407168.0,0.0,1697226.875,0.0,0.0,0.0,0.0,31411.990234375,213555.8125,1775044.875,1871815.0,958084.125,1396930.25,43601.09765625,1
1789482866.0572095,speech,352,22,1404628864.0,0.0,4622159.5,2011991.0,2221922.75,2998175.0,1491837.375,5851666.0,0.0,601266.125,0.0,5050937.0,522647.9375,3800402.5,3296297.75,7993624.0,1
1789482866.15735,speech,352,6,0.0,0.0,0.0,0.0,0.0,0.0,0.0,0.0,0.0,0.0,182000.5625,544522.25,75135.1796875,0.0,926835.125,0.0,1
1789482866.2028027,speech,352,6,0.0,0.0,0.0,0.0,0.0,0.0,0.0,0.0,0.0,771806.8125,0.0,373583.375,114261.5859375,72583.265625,0.0,0.0,1
1789482866.2525325,speech,354,18,0.0,726077.1875,5913893.0,0.0,150120.46875,1737539.0,1651444.75,666992.8125,0.0,170860.28125,0.0,1645555.875,3133381.0,2929209.0,912826.5625,7108187.0,1
1789482866.4083278,speech,346,18,1201875.75,0.0,0.0,0.0,1293254.625,0.0,113878.7734375,263673.75,0.0,25289904.0,16180156.0,42166084.0,544017472.0,1524165760.0,339538496.0,38252472.0,1
1789482866.4687502,speech,346,15,0.0,703294.6875,2258600.0,0.0,0.0,293218.25,0.0,1429761.5,0.0,12373552.0,82469792.0,431374368.0,156718960.0,974309504.0,117558048.0,48849928.0,1
1789482866.5177212,speech,348,13,0.0,0.0,0.0,0.0,176451.34375,0.0,1346774.0,790113.3125,1390085.25,103492568.0,137508352.0,1218357376.0,0.0,21652810.0,16164744.0,7107354.0,1
1789482866.5989459,speech,348,6,1048218752.0,0.0,22003684.0,0.0,0.0,1132195.5,770139.0,0.0,0.0,2329323.0,0.0,0.0,0.0,0.0,0.0,0.0,1
1789482866.7263048,speech,16,8,496937792.0,0.0,70621008.0,389476.0625,0.0,0.0,0.0,0.0,0.0,0.0,0.0,0.0,0.0,1408961.625,0.0,1082840.75,1
1789482866.7877336,speech,7,18,1047978880.0,94946656.0,9834564.0,107729632.0,265962.15625,9665580.0,361663.09375,3015425.5,0.0,1442500.5,2474855.5,0.0,0.0,0.0,9080076.0,0.0,1
1789482866.852604,speech,12,13,0.0,1208392448.0,78416984.0,47063056.0,16478389.0,0.0,0.0,0.0,0.0,10700833.0,0.0,0.0,0.0,0.0,4368324.0,1834117.625,1
1789482866.9488437,speech,9,17,1561577.0,262040832.0,135459920.0,0.0,1925289.75,0.0,1735347.875,866131.5625,3083557.0,3183691.5,2113265.25,0.0,0.0,0.0,6993075.5,8819813.0,1
1789482867.3914464,speech,4,10,0.0,0.0,1211502.875,427173.5,0.0,189918.828125,0.0,0.0,0.0,0.0,0.0,0.0,731397.6875,235571.9375,796305.75,1671177.5,1
1789482868.371449,speech,5,22,638272.1875,23998100.0,1101239.25,36028444.0,30547374.0,5167845.5,58415312.0,9470588.0,0.0,7648458.0,4614939.0,5037294.5,2755808.5,747041344.0,13119896.0,206797376.0,1
1789482868.4316905,speech,355,13,0.0,0.0,0.0,27431272.0,6330313.0,0.0,0.0,0.0,0.0,0.0,195222944.0,586270912.0,7646043.5,1416531712.0,0.0,1099504256.0,1
1789482868.4963892,speech,356,19,197518.09375,11881094.0,301645.84375,23130600.0,1718843.5,18284216.0,29329456.0,559580.375,106704152.0,0.0,0.0,1438092.25,40702608.0,1870200064.0,16325078.0,5593586176.0,1
1789482868.5610864,speech,1,16,3673905.5,0.0,0.0,8605900.0,0.0,16999588.0,46080280.0,0.0,0.0,0.0,0.0,562429696.0,0.0,1093746688.0,29950794.0,3184529152.0,1
1789482868.625277,speech,358,16,0.0,2644304.75,0.0,16333526.0,1713841.75,44804532.0,85512056.0,1365699.0,0.0,6536504.0,0.0,0.0,0.0,300171872.0,3264587.0,527534272.0,1
1789482868.6897938,speech,355,16,0.0,0.0,13170078.0,314002688.0,1019469.9375,900645760.0,182275536.0,474905.59375,0.0,5910318.0,24005524.0,1119098.75,0.0,0.0,6830306.5,77672104.0,1
1789482868.7539346,speech,10,14,77023888.0,46361704.0,296289152.0,723612928.0,1059505.25,43306484.0,535521.3125,0.0,38899992.0,1808080.5,4880912.0,0.0,0.0,0.0,944380.6875,0.0,1
1789482869.8279607,speech,13,23,301845696.0,31113596.0,511980608.0,39132448.0,231580384.0,6186533.5,13866896.0,0.0,0.0,26602116.0,5550445.0,0.0,13237065.0,319180896.0,165129888.0,88099544.0,1
1789482869.8876843,speech,19,17,0.0,0.0,3744189952.0,25860522.0,77939176.0,519189.8125,3077164.0,0.0,5222881.5,6414449.0,9646682.0,13478264.0,11781264.0,7784565.5,0.0,0.0,1
1789482869.962857,speech,19,25,0.0,1906525.0,13242816.0,10623715.0,109221848.0,199411632.0,190051616.0,4239927.0,1596595.875,2297731.0,3325427.5,1172051.75,0.0,6168517.0,2783853.0,11108583.0,1
1789482870.0088072,speech,25,29,14235300.0,62423048.0,0.0,70517912.0,43072544.0,39664628.0,300296224.0,0.0,667013632.0,762970240.0,57409624.0,202920448.0,33703824.0,104385792.0,82343376.0,41206712.0,1
1789482870.0723045,speech,23,21,67934296.0,0.0,3694788.25,68211632.0,2897809.5,0.0,192303424.0,8398095.0,0.0,1056974976.0,565091968.0,61326216.0,0.0,142307872.0,0.0,35427100.0,1
1789482870.1473377,speech,23,9,0.0,0.0,1445302.125,0.0,142799.34375,592574.5625,0.0,0.0,0.0,1385865.75,0.0,0.0,0.0,4355065.0,4684099.5,4712241.5,1
1789482870.1930983,speech,23,10,0.0,0.0,289782.5625,430239.0625,557897.875,313708.25,0.0,2046470.25,0.0,0.0,0.0,0.0,4309298.0,1173751.125,0.0,0.0,1
1789482870.2430549,speech,23,16,0.0,1010721.625,2443256.25,0.0,2077154.0,430190.8125,0.0,0.0,0.0,284439.71875,0.0,518580.375,3079064.5,8360125.0,5708977.0,3906398.25,1
1789482870.2888288,speech,28,35,431346688.0,382395840.0,542313408.0,213284240.0,15530484.0,16340277.0,36334900.0,8520065.0,0.0,11915364.0,11489526.0,25487952.0,87018848.0,106103456.0,229877184.0,643258112.0,1
1789482870.6196578,speech,35,24,113332472.0,2320424448.0,67549376.0,8112397.0,8451392.0,890749.875,0.0,203142.03125,8020644.0,7812895.0,2131987.75,5479754.0,11133019.0,2361327.0,0.0,14754528.0,1
1789482870.6789205,speech,35,6,0.0,142860000.0,91804304.0,0.0,1661738.0,1121926.625,0.0,0.0,0.0,264462.875,0.0,956935.25,0.0,0.0,0.0,0.0,1
1789482870.7277336,speech,35,8,0.0,0.0,0.0,0.0,0.0,0.0,0.0,0.0,1546833.875,0.0,345619.59375,555426.75,2727033.0,1674727.25,2584795.0,4933323.0,1
1789482870.7749755,speech,61,16,1817685.5,0.0,0.0,0.0,0.0,0.0,0.0,1269216.5,687830.0625,482977.59375,1303229.875,2140154.25,3596400.5,47959272.0,24389592.0,70504264.0,1
1789482870.8734825,speech,66,15,459256320.0,658873536.0,0.0,0.0,0.0,4843262.5,1615190.0,0.0,10925833.0,0.0,0.0,4559950.5,1634629.375,0.0,14420592.0,13328355.0,1
1789482870.9998841,speech,71,30,310309.625,0.0,18517948.0,3324955.75,7870100.5,3588947.0,3384857.0,0.0,2604617.75,6675960.0,2259174.5,7472295.0,40803740.0,53141928.0,82602680.0,75818280.0,1
1789482871.0631926,speech,69,31,72314704.0,231592608.0,461641248.0,89954016.0,230985328.0,27343970.0,4918144.0,1920186.0,0.0,2754104.75,5762830.0,4958965.0,6478890.0,13535610.0,13774048.0,16289009.0,1
1789482871.1276996,speech,71,24,11254986.0,0.0,21163430.0,0.0,46300832.0,8420424.0,47110400.0,2597033.25,281983.40625,3945917.0,0.0,17033468.0,9060841.0,10193085.0,7649340.0,5828660.0,1
1789482871.2531078,speech,79,31,62709164.0,147294448.0,634974720.0,540510400.0,67715224.0,12747354.0,10068638.0,9943516.0,5911842.0,893243.625,0.0,5859398.0,5101592.0,9621534.0,14545216.0,25468262.0,1
1789482871.4116242,speech,76,31,32182928.0,7318235.0,0.0,54672328.0,3042726.0,31765426.0,91717640.0,61001344.0,173053008.0,254516288.0,339695456.0,317681024.0,1447563264.0,382465536.0,1776642560.0,75219920.0,1
1789482871.4713688,speech,73,29,101316048.0,4001638.75,0.0,0.0,56803496.0,11342937.0,91707168.0,90698128.0,124126568.0,19282058.0,34540104.0,569333120.0,918506624.0,587555968.0,1019171968.0,915372672.0,1
1789482871.5366716,speech,84,17,23663588.0,319935616.0,8464614.0,55164576.0,129411800.0,8451390.0,119436400.0,0.0,58781972.0,62281536.0,0.0,58251240.0,0.0,0.0,0.0,0.0,1
1789482871.664393,speech,79,27,4912284.5,283007872.0,211183328.0,4114116.25,220016544.0,3431443.0,13263992.0,8277762.0,0.0,21535940.0,0.0,9280070.0,6883980.5,254642.625,31494900.0,14228660.0,1
1789482871.7237842,speech,79,24,1033846.625,0.0,0.0,385119.375,1209762304.0,0.0,11050391.0,6336154.5,0.0,78526328.0,2724060.0,28387510.0,347608096.0,18662302.0,1553693696.0,995098304.0,1
1789482871.7723572,speech,79,16,278578.9375,0.0,2031407.0,0.0,0.0,276772.09375,24596332.0,8527010.0,0.0,68771536.0,3605814.25,37677376.0,51501348.0,831153.6875,0.0,6643318.0,1
1789482871.828437,speech,83,23,564229568.0,156754080.0,724248064.0,20701058.0,0.0,0.0,22252862.0,6475789.5,0.0,3881895.0,0.0,6226962.5,0.0,14967264.0,3476836.5,32300220.0,1
1789482871.8917258,speech,83,7,0.0,0.0,0.0,0.0,537928.375,841519.25,703983.125,119313.2890625,31722.59765625,385740.0,0.0,0.0,0.0,0.0,0.0,0.0,1
1789482871.9366739,speech,83,9,5607698.0,1721045.75,0.0,0.0,1087973.625,0.0,811619.625,282786.9375,0.0,0.0,0.0,0.0,0.0,1226695.0,1436571.875,1043668.3125,1
1789482871.9858487,speech,83,5,0.0,0.0,0.0,0.0,1061637.625,0.0,0.0,0.0,331761.1875,0.0,170488.125,196590.265625,0.0,0.0,340378.6875,0.0,1
1789482872.0311081,speech,78,24,0.0,4147806.5,0.0,0.0,1782959.0,1430681.875,3026386.5,2017876.125,0.0,786481.375,1502146.0,1398935.0,1389873.0,2719280.5,4086174.5,35202820.0,1
1789482872.8986025,speech,87,28,24233350.0,183071056.0,0.0,0.0,271621952.0,18392836.0,74825288.0,47639704.0,0.0,134171888.0,10674061.0,483617280.0,411368960.0,1204522624.0,159586656.0,13040410.0,1
1789482872.9634535,speech,78,21,0.0,5659511.0,58111684.0,0.0,0.0,4077009.5,670290176.0,42261836.0,236345712.0,96670080.0,41844908.0,54448940.0,132182608.0,537169472.0,3771691008.0,3238298112.0,1
1789482873.028249,speech,77,12,0.0,0.0,0.0,0.0,5225357.5,0.0,260830992.0,0.0,61037812.0,107519072.0,0.0,95216464.0,0.0,18186432.0,45855360.0,97722472.0,1
1789482873.1847436,speech,110,10,0.0,946119552.0,96990072.0,0.0,74583480.0,0.0,10248962.0,0.0,0.0,15805019.0,0.0,0.0,0.0,0.0,0.0,0.0,1
1789482873.2449331,speech,110,11,21589072.0,103234680.0,0.0,2575404.25,1631209.0,0.0,18862732.0,0.0,578226.6875,1607337.875,0.0,6254602.5,0.0,0.0,0.0,0.0,1
1789482873.2955258,speech,110,5,0.0,0.0,3498271.25,0.0,0.0,0.0,0.0,92179.171875,0.0,96943.109375,0.0,0.0,0.0,1043845.5,0.0,0.0,1
1789482873.3458982,speech,101,21,64899168.0,353982560.0,211985120.0,0.0,4060507.25,1275767.75,25673224.0,13328042.0,0.0,56199620.0,0.0,2156955.0,0.0,7478224.0,0.0,1092872.25,1
1789482873.43656,speech,88,18,0.0,0.0,26487356.0,0.0,12027864.0,3418136.75,5883458.0,943660.625,0.0,0.0,395509.375,266980.75,4667053.5,11103699.0,10446188.0,64092964.0,1
1789482873.4970853,speech,100,22,265997088.0,0.0,314432512.0,0.0,0.0,4403506.5,4576914.0,7828984.5,10571247.0,8243514.0,3150486.75,38231920.0,57546368.0,336535840.0,5757205.0,0.0,1
1789482873.6909149,speech,99,20,136192816.0,166224016.0,8595278.0,9183371.0,3710986.75,1417836.75,6606061.0,0.0,11696571.0,0.0,0.0,0.0,6307789.0,127816976.0,47575872.0,117102312.0,1
1789482873.8167117,speech,96,18,1633429888.0,153915920.0,0.0,16062892.0,0.0,0.0,1009354.6875,5821181.0,215148.421875,13069954.0,0.0,3606043.5,0.0,765307.625,0.0,3684097.75,1
1789482873.8764284,speech,94,16,2075140608.0,104839480.0,0.0,0.0,14352386.0,6573916.0,3045933.25,9834000.0,0.0,1086248.0,135073.640625,1114984.0,0.0,18125322.0,0.0,61001784.0,1
1789482873.940553,speech,92,18,0.0,0.0,532930.875,11048057.0,13575664.0,60716784.0,3670685.75,51705080.0,1326521.0,88657760.0,2817464.0,3840636.75,3769241.25,873516.125,562396.0625,0.0,1
1789482874.1328251,speech,108,10,252482272.0,388344960.0,0.0,0.0,0.0,0.0,1702726.0,4700072.5,0.0,1640760.625,34632.046875,0.0,0.0,0.0,0.0,363854.125,1
1789482874.192919,speech,100,12,140555040.0,0.0,0.0,7758509.5,0.0,0.0,925042.75,2044886.5,728670.5,1963658.75,462233.53125,785816.5,946777.75,826872.8125,0.0,0.0,1
1789482874.450748,speech,98,10,889071.5,689830.75,0.0,0.0,238741.796875,2020141.375,12644434.0,1190581.75,550604.0,0.0,0.0,0.0,0.0,0.0,0.0,4406729.0,1
1789482874.5113392,speech,103,7,0.0,0.0,0.0,0.0,0.0,0.0,409294.65625,0.0,0.0,99347.3671875,93670.2109375,270065.71875,136627.078125,979557.6875,0.0,0.0,1
1789482874.5764031,speech,98,12,0.0,196294.5,0.0,0.0,0.0,0.0,774311.9375,24283.3046875,407982.0625,121489.875,0.0,0.0,0.0,443153.875,0.0,4253909.5,1
1789482874.6406925,speech,83,14,0.0,0.0,0.0,0.0,0.0,0.0,0.0,1084594.625,0.0,0.0,0.0,1830552.375,2572847.5,16192464.0,12794985.0,14673866.0,1
1789482874.7158756,speech,88,15,80854496.0,0.0,6264205.0,0.0,0.0,2225659.25,6333826.5,0.0,0.0,0.0,0.0,0.0,23251158.0,210833296.0,175180528.0,127915744.0,1
1789482874.9250932,speech,107,19,58707008.0,1198614144.0,8339109.0,57181112.0,660042.375,12018597.0,44946728.0,1163915.5,37654048.0,21857886.0,0.0,0.0,0.0,11752524.0,0.0,4856806.5,1
1789482875.1158595,speech,104,15,1378444.625,0.0,362367.4375,3613559.0,4892763.0,197091.40625,2338603.5,1381219.375,395925.375,0.0,0.0,595515.5625,0.0,0.0,0.0,1898670.75,1
1789482875.2411227,speech,99,26,48585992.0,76742592.0,881492.6875,55468848.0,0.0,390068640.0,314667808.0,39493560.0,322533568.0,21405244.0,23918200.0,749835.8125,5677263.5,11363939.0,4367910.0,144470112.0,1
1789482875.305511,speech,81,11,0.0,0.0,0.0,0.0,0.0,597854528.0,355859008.0,0.0,12646982.0,4381893.0,6117938.5,5688850.5,0.0,7379280.0,0.0,7447843.0,1
1789482875.4624987,speech,81,7,0.0,0.0,0.0,899524.875,101095144.0,0.0,0.0,0.0,0.0,0.0,0.0,6708907.0,0.0,31997598.0,4615135.5,0.0,1
1789482875.5087337,speech,112,13,0.0,0.0,237170640.0,0.0,195612880.0,0.0,30529760.0,0.0,9372167.0,10039117.0,833129.0,0.0,0.0,988963.125,0.0,0.0,1
1789482875.5743082,speech,105,24,44414332.0,0.0,117636560.0,55903824.0,0.0,15338374.0,21528520.0,3837456.0,0.0,3138118.25,1159688.125,0.0,934971.875,3518395.0,454904.96875,7050745.5,1
1789482875.685516,speech,105,5,0.0,0.0,0.0,0.0,0.0,0.0,411919.34375,0.0,0.0,0.0,0.0,0.0,183364.046875,626032.4375,0.0,487578.375,1
1789482875.7316582,speech,105,9,799848.625,0.0,0.0,3174582.5,0.0,582624.1875,0.0,0.0,0.0,337920.59375,0.0,0.0,0.0,65484.15234375,508142.0625,630038.75,1
1789482875.7773786,speech,88,14,0.0,310049.34375,0.0,0.0,464228.09375,75433.53125,1490711.5,131650.171875,0.0,0.0,0.0,607004.875,0.0,1679310.625,655685.75,776710.0,1
1789482876.128022,speech,84,14,684772.8125,0.0,0.0,0.0,12840262.0,9396860.0,167495936.0,0.0,0.0,3559444.5,2278106.5,14763794.0,0.0,64982472.0,251728272.0,569013120.0,1
1789482876.445325,speech,119,12,2148816.0,425650848.0,89357424.0,0.0,1690530.0,0.0,6334879.0,965126.625,118349.03125,1762695.5,0.0,0.0,0.0,100284.9765625,0.0,0.0,1
1789482876.5094755,speech,109,9,91366648.0,214098400.0,195397392.0,0.0,0.0,0.0,3468244.5,0.0,0.0,245301.078125,0.0,175910.171875,0.0,213173.71875,0.0,3714781.75,1
1789482876.665653,speech,105,5,56242512.0,0.0,88826376.0,227155.25,0.0,0.0,1592035.625,0.0,0.0,0.0,589766.75,0.0,0.0,0.0,0.0,0.0,1
1789482876.8567004,speech,88,19,183824720.0,0.0,0.0,17599692.0,0.0,0.0,0.0,0.0,5777937.5,37677048.0,0.0,91214672.0,90482520.0,55287652.0,199756640.0,202865664.0,1
1789482876.9166963,speech,95,10,204700608.0,0.0,0.0,0.0,0.0,0.0,655362.8125,8348349.5,0.0,0.0,0.0,0.0,1658036.875,4334708.5,18167180.0,24555548.0,1
1789482877.046733,speech,85,16,0.0,284927008.0,0.0,0.0,0.0,8664924.0,474924288.0,0.0,0.0,65988564.0,0.0,29991370.0,0.0,47425740.0,144265952.0,8061229.5,1
1789482877.105558,speech,92,12,0.0,0.0,0.0,0.0,645650816.0,0.0,0.0,153458176.0,0.0,0.0,0.0,1742666.75,198811392.0,120347568.0,50311432.0,1740685056.0,1
1789482877.7419412,speech,86,24,0.0,0.0,0.0,0.0,1972937.625,3383387.5,986200.875,0.0,4325558.0,4652106.0,1153202.5,8681253.0,6625997.0,22708244.0,46892352.0,101999232.0,1
1789482877.8685377,speech,87,25,12775589.0,0.0,720296192.0,0.0,70908584.0,144249872.0,329945.5,40827464.0,89785840.0,0.0,238561264.0,1581619712.0,0.0,452458816.0,413885408.0,5179259.5,1
1789482877.929045,speech,86,16,0.0,1773145.75,383606912.0,3521425.5,0.0,85553176.0,3959518.25,0.0,26590548.0,13348030.0,0.0,500573888.0,162115872.0,0.0,944604544.0,1134252032.0,1
1789482877.9934106,speech,82,10,0.0,0.0,0.0,0.0,0.0,0.0,10879918.0,0.0,0.0,0.0,0.0,0.0,57615528.0,437051264.0,2460867840.0,984210816.0,1
1789482878.0583904,speech,82,10,225078144.0,0.0,0.0,7705995.0,0.0,5376764.0,0.0,0.0,10114353.0,5061760.0,0.0,0.0,0.0,0.0,127107360.0,0.0,1
1789482878.1084378,speech,82,9,14067311.0,1487766.5,0.0,0.0,0.0,0.0,191368.9375,82372.5859375,208855.140625,0.0,170548.9375,0.0,557679.75,0.0,0.0,0.0,1
1789482878.1577759,speech,82,4,0.0,0.0,819064.25,105425.375,0.0,0.0,0.0,279941.6875,0.0,0.0,0.0,0.0,0.0,0.0,502443.0,0.0,1
1789482878.3119934,speech,101,26,13221716.0,9693606.0,20580928.0,106099856.0,341333632.0,73041120.0,0.0,258810.328125,749570.25,831722.375,667754.625,0.0,2441339.25,18723280.0,13846462.0,53751840.0,1
1789482878.3714712,speech,84,20,68287088.0,0.0,0.0,0.0,0.0,109790312.0,9487046.0,38487824.0,0.0,3190749.5,0.0,18763742.0,31325476.0,138986528.0,1126278016.0,529270304.0,1
1789482878.566207,speech,113,24,165746448.0,489671040.0,83218496.0,95811624.0,0.0,74513760.0,13848867.0,6499033.5,1966461.125,3130148.0,275286.46875,1739842.5,3898316.75,2060000.375,0.0,0.0,1
1789482878.787081,speech,98,12,753550144.0,0.0,0.0,2402953.25,0.0,5734589.0,790651.75,7181037.0,93913.09375,853919.4375,0.0,0.0,0.0,0.0,0.0,4398087.5,1
1789482878.944825,speech,98,6,0.0,0.0,0.0,0.0,0.0,0.0,317842.71875,0.0,0.0,229815.75,114855.9453125,223495.96875,386015.75,123729.3984375,0.0,0.0,1
1789482878.9914198,speech,98,4,0.0,0.0,0.0,0.0,0.0,758589.125,898325.25,0.0,0.0,0.0,118763.4921875,0.0,0.0,0.0,0.0,878285.125,1
1789482879.1667323,speech,95,26,17432412.0,145410544.0,19453108.0,0.0,0.0,371778112.0,1256793088.0,22929220.0,104778704.0,30952610.0,0.0,27470536.0,6680107.0,350793408.0,62920228.0,166529200.0,1
1789482879.230832,speech,91,18,0.0,0.0,0.0,5067468.5,0.0,14985636.0,847156608.0,0.0,50166024.0,266246800.0,1508515.625,119479816.0,0.0,326818656.0,79552976.0,69312352.0,1
1789482879.295314,speech,91,13,11170226.0,0.0,1884034.375,0.0,10360389.0,2256602.75,0.0,153202592.0,54557104.0,0.0,0.0,0.0,0.0,54757008.0,17784114.0,180479664.0,1
1789482879.340941,speech,93,20,0.0,5060983.5,0.0,5194145.0,7641255.5,14813707.0,155697456.0,303152128.0,80178368.0,28767980.0,0.0,10127990.0,12976038.0,65964992.0,90077640.0,112262864.0,1
1789482879.4053266,speech,91,16,0.0,0.0,4796515.0,1354137.25,7981688.0,56971672.0,80691424.0,0.0,0.0,5752126.5,0.0,0.0,43680076.0,30256530.0,54564208.0,149126752.0,1
1789482879.4700973,speech,99,9,0.0,0.0,0.0,0.0,3905528.5,0.0,47856004.0,6684759.0,0.0,0.0,0.0,0.0,0.0,12525470.0,22383834.0,0.0,1
1789482879.5347128,speech,99,3,0.0,0.0,0.0,0.0,0.0,0.0,0.0,2011583.375,0.0,0.0,0.0,246893.734375,0.0,0.0,170066.671875,0.0,1
1789482879.9576292,speech,95,24,129825176.0,111350592.0,586292864.0,0.0,24741196.0,17379318.0,2364184.75,8926884.0,2920249.5,2495615.25,0.0,8000538.5,2235639.75,55191896.0,237550848.0,468537024.0,1
1789482880.117448,speech,115,17,309455680.0,1176991104.0,89890464.0,80160048.0,56543152.0,0.0,31424684.0,0.0,1481210.25,14164901.0,0.0,0.0,404649.6875,0.0,18337184.0,9066778.0,1
1789482880.182058,speech,98,17,331551.1875,40643816.0,332055104.0,0.0,465317632.0,614457600.0,204090.0625,0.0,7845424.5,0.0,11211173.0,54536296.0,0.0,36737412.0,28645512.0,0.0,1
1789482880.2470891,speech,116,15,9340386.0,77429584.0,815939.0625,125834280.0,0.0,10715810.0,149703456.0,0.0,14826101.0,22685046.0,0.0,0.0,0.0,4464042.0,0.0,12069843.0,1
1789482880.748334,speech,96,11,4627179.0,0.0,0.0,0.0,911588.5625,0.0,1006328.25,0.0,0.0,0.0,189369296.0,1772392.125,37867680.0,78478096.0,0.0,12090014.0,1
1789482880.8082776,speech,100,17,0.0,0.0,745215680.0,0.0,27438756.0,0.0,19915914.0,53695388.0,0.0,0.0,0.0,12388007.0,299164224.0,194295360.0,14857864.0,178413760.0,1
1789482881.002304,speech,100,6,0.0,727192.75,172985.1875,0.0,0.0,0.0,64049.51953125,0.0,0.0,67954.5078125,0.0,0.0,0.0,0.0,134307.0625,233580.578125,1
1789482881.0472827,speech,103,21,0.0,0.0,2105579.5,0.0,4350572.0,4299886.0,13622300.0,3010594.5,0.0,678341.25,970008.1875,0.0,1623645.25,5093429.0,5084930.0,3007417.75,1
1789482881.2548869,speech,99,23,17947038.0,91158952.0,162861568.0,96168912.0,21309992.0,406411648.0,27520688.0,13346342.0,0.0,0.0,0.0,5940954.0,117618416.0,131195152.0,613726208.0,160488256.0,1
1789482881.4447813,speech,98,11,467783.3125,0.0,1264255.25,0.0,304263.375,458474.25,0.0,0.0,0.0,0.0,0.0,97365912.0,326653056.0,508530240.0,58203728.0,5022871.5,1
1789482881.5401328,speech,127,11,817926528.0,759042944.0,0.0,18871808.0,372382.5625,15272694.0,8996362.0,0.0,5615029.0,0.0,0.0,0.0,0.0,0.0,0.0,2865295.0,1
1789482881.6003473,speech,127,6,24440312.0,481955712.0,0.0,0.0,0.0,4593175.0,0.0,0.0,0.0,0.0,0.0,3501281.0,0.0,0.0,0.0,0.0,1
1789482881.650275,speech,125,18,0.0,1231370752.0,0.0,0.0,6951545.0,0.0,9037218.0,4219299.0,0.0,0.0,0.0,10016521.0,20037746.0,47392092.0,263452400.0,64837424.0,1
1789482882.4884932,speech,110,11,0.0,0.0,0.0,0.0,42193256.0,23931104.0,340981312.0,0.0,0.0,0.0,0.0,1530997.875,249271024.0,320095872.0,0.0,1146305.375,1
1789482882.547004,speech,110,11,0.0,1137336.25,0.0,11272258.0,0.0,0.0,62200676.0,0.0,0.0,0.0,855254464.0,1586835840.0,13464757.0,25707096.0,11181185.0,0.0,1
1789482882.5972104,speech,124,10,0.0,0.0,0.0,0.0,0.0,0.0,0.0,0.0,0.0,0.0,35815148.0,1295759616.0,1716098816.0,116725088.0,13603414.0,0.0,1
1789482882.8365362,speech,137,8,0.0,3903821.0,2460207360.0,0.0,0.0,0.0,0.0,0.0,0.0,0.0,0.0,0.0,0.0,1576384.5,46408828.0,0.0,1
1789482883.0894136,speech,123,12,175002192.0,0.0,0.0,0.0,0.0,0.0,0.0,51585872.0,270646.8125,0.0,21126946.0,321953696.0,2219022.75,692273.9375,0.0,375506368.0,1
1789482883.147633,speech,131,10,5225345.0,0.0,0.0,2059972.625,867651712.0,0.0,0.0,0.0,0.0,0.0,0.0,30354628.0,55018632.0,0.0,0.0,28881056.0,1
1789482883.2092872,speech,132,3,0.0,0.0,0.0,0.0,0.0,0.0,0.0,0.0,0.0,0.0,0.0,11895196.0,8502444.0,0.0,0.0,0.0,1
1789482883.4697618,speech,134,13,180781632.0,360211712.0,0.0,0.0,0.0,258124416.0,1702228608.0,4901243.0,0.0,0.0,332119.125,2890247.75,0.0,0.0,0.0,682754.75,1
1789482883.5262568,speech,127,15,0.0,0.0,0.0,0.0,0.0,0.0,269938176.0,0.0,0.0,557598.125,67480592.0,4714553344.0,535142560.0,14215378.0,16790858.0,233884928.0,1
1789482883.5872078,speech,127,10,16733271.0,562105344.0,0.0,35691024.0,21940224.0,0.0,18359920.0,3796591.0,0.0,0.0,0.0,0.0,0.0,840096.5,0.0,0.0,1
1789482884.4213336,speech,85,6,3693046.25,0.0,0.0,0.0,615172.25,0.0,0.0,0.0,0.0,0.0,0.0,0.0,0.0,0.0,0.0,78559.484375,1
1789482884.485156,speech,147,27,61588328.0,354913856.0,219085680.0,133260008.0,3278564.5,39951352.0,65868204.0,0.0,0.0,0.0,48633792.0,45232284.0,56385380.0,74963840.0,16509827.0,180567456.0,1
1789482884.5359125,speech,135,14,0.0,0.0,0.0,0.0,11117619.0,0.0,0.0,0.0,2500190.75,30228528.0,0.0,83209904.0,46857348.0,723320768.0,0.0,29629240.0,1
1789482884.8313143,speech,146,21,164658976.0,119424208.0,145762800.0,0.0,33779904.0,41842900.0,0.0,0.0,1153216.375,5942693.0,10539030.0,14379095.0,0.0,20499070.0,5688065.0,0.0,1
1789482884.8895743,speech,146,6,3040711.0,0.0,0.0,0.0,5031674.5,0.0,0.0,0.0,2111770.5,0.0,0.0,0.0,0.0,519459.4375,1213946.5,0.0,1
1789482885.0206225,speech,143,11,0.0,99669520.0,188653728.0,0.0,17548178.0,1943896.875,645400.3125,714970.375,0.0,166301.703125,1006379.0,0.0,0.0,3336742.75,0.0,0.0,1
1789482885.1165502,speech,135,22,43662912.0,0.0,165495376.0,1794743.75,91085392.0,473182.0625,14017740.0,0.0,0.0,2921924.0,22051422.0,3699143.75,18668546.0,3074417.75,3490385.5,19001484.0,1
1789482885.1731026,speech,124,11,54933412.0,13137743.0,0.0,158399104.0,13871231.0,25759854.0,0.0,0.0,0.0,56154416.0,669117120.0,236084464.0,111210712.0,0.0,0.0,0.0,1
1789482885.4003627,speech,137,18,66480204.0,363379392.0,8751578.0,0.0,0.0,4201258.5,0.0,0.0,0.0,147155264.0,248088512.0,225604320.0,221421888.0,121429144.0,0.0,19080760.0,1
1789482885.4591234,speech,153,10,135528528.0,80222976.0,999045504.0,0.0,0.0,0.0,1561263.25,0.0,2877530.5,0.0,0.0,0.0,0.0,2000205.5,0.0,0.0,1
1789482885.717141,speech,154,22,153662528.0,0.0,121955056.0,121600640.0,26154116.0,23653670.0,2121686.5,1225467.875,0.0,3424224.5,0.0,15475063.0,7914868.0,641279.8125,3869465.0,2355901.5,1
1789482885.7768652,speech,145,23,35269772.0,0.0,94873096.0,0.0,658196224.0,46761996.0,491770304.0,0.0,17651456.0,42184620.0,298091008.0,55483768.0,257891600.0,58781280.0,0.0,478745408.0,1
1789482885.9065807,speech,143,18,8372586.0,0.0,44845280.0,39393968.0,267470944.0,93665312.0,31777096.0,0.0,91406568.0,403448448.0,1026598400.0,81151808.0,10622944.0,0.0,0.0,7251273.5,1
1789482885.963826,speech,133,10,9067675.0,19819352.0,21926420.0,0.0,394320576.0,0.0,0.0,0.0,45820808.0,204596512.0,2106987008.0,0.0,0.0,0.0,0.0,13560386.0,1
1789482886.0249615,speech,132,8,2881590.25,0.0,14581770.0,119038528.0,58863680.0,9969513.0,0.0,0.0,0.0,0.0,205579568.0,0.0,0.0,0.0,0.0,0.0,1
1789482886.0867581,speech,162,6,120869584.0,88985200.0,150115408.0,0.0,4033545.5,0.0,0.0,0.0,0.0,0.0,0.0,0.0,0.0,0.0,0.0,0.0,1
1789482886.161994,speech,162,8,6774031.5,207375808.0,0.0,0.0,5184326.0,220260.9375,0.0,0.0,0.0,0.0,0.0,0.0,0.0,0.0,532373.25,1899629.75,1
1789482886.2082741,speech,162,7,0.0,0.0,160188976.0,0.0,0.0,0.0,2909291.0,571614.125,178775.390625,0.0,0.0,0.0,0.0,0.0,215616.5,396830.65625,1
1789482886.4585116,speech,123,4,52519.73828125,0.0,0.0,0.0,0.0,0.0,0.0,0.0,0.0,506712.625,0.0,0.0,0.0,0.0,0.0,443809.625,1
1789482886.8262656,speech,171,16,0.0,0.0,0.0,0.0,412105.4375,0.0,246097.0,248790.15625,271191.625,0.0,3013772.25,5861967.0,3865751.5,11023381.0,3852578.5,0.0,1
1789482886.878499,speech,176,6,0.0,0.0,16578919.0,0.0,0.0,0.0,1740080.75,223844.90625,0.0,0.0,0.0,0.0,0.0,139552.890625,0.0,0.0,1
1789482886.9480429,speech,169,20,175093232.0,76409016.0,0.0,0.0,14161786.0,0.0,10034325.0,0.0,0.0,0.0,3819344.5,6953512.0,14070171.0,12500461.0,16088650.0,0.0,1
1789482887.0118651,speech,154,11,0.0,0.0,835110656.0,0.0,2367059.0,0.0,0.0,0.0,0.0,0.0,13754838.0,0.0,8643669.0,10067681.0,264830.3125,1183450.875,1
1789482887.082193,speech,154,5,1348774.75,0.0,0.0,0.0,2412222.0,0.0,0.0,0.0,0.0,233792.765625,206091.4375,2889562.0,0.0,0.0,0.0,0.0,1
1789482887.1276476,speech,168,4,16738383.0,33686668.0,0.0,0.0,0.0,0.0,0.0,0.0,0.0,0.0,0.0,0.0,0.0,0.0,0.0,0.0,1
1789482887.1922913,speech,168,4,0.0,0.0,0.0,0.0,0.0,308447.65625,0.0,0.0,0.0,0.0,0.0,0.0,0.0,222945.53125,297478.0625,0.0,1
1789482887.242147,speech,156,25,0.0,0.0,0.0,2270813.0,5800089.0,0.0,1403305.625,4251585.0,7619069.0,11895324.0,1548608.75,7496362.0,4897241.0,10108946.0,11046390.0,14607970.0,1
1789482887.3054867,speech,140,12,0.0,0.0,0.0,8532260.0,239676864.0,6668554.0,4963801.0,0.0,0.0,1523815808.0,1526405504.0,0.0,0.0,0.0,0.0,4053253632.0,1
1789482887.3687265,speech,171,15,0.0,0.0,0.0,0.0,0.0,275619392.0,7213380.0,0.0,1169986816.0,553020160.0,15937553.0,3386782976.0,279252096.0,0.0,1802148480.0,958122368.0,1
1789482887.489057,speech,161,3,0.0,28440594.0,0.0,0.0,8975480.0,1818732.75,0.0,0.0,0.0,0.0,0.0,0.0,0.0,0.0,0.0,0.0,1
1789482887.7113283,speech,163,14,75278664.0,0.0,23154924.0,68070712.0,18414556.0,0.0,11923240.0,0.0,3328376.5,3058183.5,3421014.5,970306.75,0.0,0.0,0.0,0.0,1
1789482887.806054,speech,163,6,0.0,3259645.5,0.0,0.0,0.0,0.0,0.0,0.0,100731.4921875,675547.5,0.0,0.0,0.0,0.0,79289.6328125,0.0,1
1789482887.931264,speech,167,20,0.0,0.0,5080910.0,0.0,2562499.0,4334111.5,3792219.5,0.0,0.0,2638525.5,20750720.0,46335764.0,56702844.0,82690168.0,34338704.0,103909168.0,1
1789482887.9921937,speech,161,15,0.0,53118176.0,9426941.0,0.0,76562520.0,60411084.0,594770.4375,0.0,3136956.5,3430653.5,41361668.0,154698192.0,0.0,158543952.0,379098688.0,0.0,1
1789482888.1210785,speech,159,15,46666820.0,183316752.0,37692600.0,20249832.0,2866551.5,1396173.25,0.0,0.0,0.0,2502352.5,498878.15625,1937388.5,0.0,0.0,0.0,19967200.0,1
1789482889.0073369,speech,158,23,14805366.0,0.0,1786972416.0,0.0,2425652.5,10024208.0,482866.9375,3370374.5,0.0,0.0,1680691.25,4020362.5,1579443.75,4288667.5,2105286.25,3613186.75,1
1789482889.0665064,speech,158,6,0.0,0.0,0.0,0.0,14704964.0,2453619.5,0.0,0.0,0.0,0.0,49877.640625,0.0,0.0,611870.1875,399994.0625,0.0,1
1789482889.292665,speech,158,15,940722.625,0.0,0.0,3133942.5,139268000.0,882617024.0,17040608.0,0.0,0.0,0.0,4176292.25,84600928.0,0.0,20710180.0,24623280.0,0.0,1
1789482889.337111,speech,149,11,1515410.875,0.0,0.0,0.0,19386574.0,0.0,0.0,0.0,975298432.0,8042876416.0,13884018.0,0.0,164529280.0,33613592.0,0.0,204476352.0,1
1789482889.4005263,speech,163,11,0.0,0.0,0.0,0.0,0.0,23948068.0,24074620.0,29883118.0,0.0,0.0,0.0,2723081216.0,0.0,150735296.0,279661568.0,0.0,1
1789482889.705337,speech,151,12,0.0,190850400.0,0.0,14228574.0,20426194.0,2906102.0,899777.25,0.0,0.0,7002065.5,0.0,7069769.0,1125402.375,0.0,2753349.0,8620529.0,1
1789482889.7640853,speech,147,5,0.0,509810304.0,0.0,0.0,0.0,918818.375,396537.3125,0.0,0.0,2102408.0,0.0,461651.9375,0.0,0.0,0.0,0.0,1
1789482890.3681786,speech,91,25,0.0,0.0,0.0,2236272.5,12649686.0,7976160.0,11566150.0,14636228.0,10509031.0,2516296.0,0.0,4226069.0,2531946.0,3883226.0,5950854.0,8853285.0,1
1789482890.4277105,speech,96,22,29089780.0,6869242.0,3302874624.0,13552753.0,11280168.0,112219344.0,3993170.75,0.0,16090704.0,0.0,0.0,344243.8125,1025476.75,598546.625,34572964.0,6680064.5,1
1789482890.491143,speech,95,9,60968620.0,0.0,0.0,0.0,0.0,0.0,1783099648.0,23152144.0,0.0,0.0,0.0,1225449.0,0.0,18298610.0,0.0,0.0,1
1789482890.5556912,speech,95,10,421161280.0,0.0,0.0,0.0,9224121.0,0.0,0.0,0.0,30010760.0,396173.0625,0.0,0.0,7162197.0,0.0,0.0,589874.375,1
1789482890.6532242,speech,94,8,1591016704.0,245916224.0,0.0,0.0,0.0,201833920.0,0.0,0.0,0.0,691307.625,0.0,0.0,0.0,1984888.5,4307806.0,0.0,1
1789482890.8112888,speech,89,15,147729184.0,209759.71875,13574708.0,0.0,0.0,0.0,205367520.0,0.0,561441.75,753636.375,10749769.0,0.0,12867646.0,632961472.0,31088506.0,3129215.25,1
1789482891.0016882,speech,89,15,0.0,179504048.0,0.0,0.0,26079504.0,0.0,20841218.0,5024066.0,0.0,5580787.0,0.0,483740.5,711666.4375,0.0,2782331.25,4119609.25,1
1789482891.5707402,speech,92,15,76480032.0,389843.875,0.0,11244132.0,0.0,60227848.0,222938304.0,0.0,0.0,2440947.0,36947.3671875,0.0,11676686.0,4097597.75,0.0,1921165.25,1
1789482891.633639,speech,91,15,181700656.0,0.0,5984934.0,0.0,0.0,0.0,579000320.0,5767417.5,0.0,66659.53125,0.0,68762.4765625,165431.15625,234471584.0,862967.1875,178493.828125,1
1789482891.7297423,speech,91,9,662727872.0,110572.359375,0.0,0.0,0.0,0.0,1084623.875,0.0,0.0,0.0,18096466.0,0.0,0.0,0.0,6736021.5,1477505.0,1
1789482891.774678,speech,89,24,414886688.0,0.0,0.0,671366656.0,1616704.0,0.0,198446816.0,0.0,0.0,6852503.0,430048768.0,118041304.0,7601282.5,299988960.0,26539342.0,282178.3125,1
1789482892.1090822,speech,89,15,2676969.0,747737600.0,12260396.0,0.0,10463528.0,0.0,20229160.0,0.0,0.0,0.0,3457608.5,1121486.5,4363504.0,0.0,26633590.0,193479296.0,1
1789482892.3944118,speech,111,12,442325504.0,182569472.0,6541751.0,0.0,3666598.25,42246628.0,0.0,3743240.75,966772.8125,0.0,0.0,0.0,13707358.0,0.0,0.0,2599490.5,1
1789482892.9006674,speech,95,24,0.0,136239184.0,0.0,0.0,119988880.0,555224320.0,55909580.0,18693946.0,2453923.25,2114647.25,14147556.0,1843941.25,5446310.5,26090520.0,14245754.0,1969554.125,1
1789482893.1530468,speech,95,24,147235072.0,106613152.0,15525168.0,48495464.0,5322807.0,213472240.0,6577718.5,91204648.0,0.0,51846528.0,173480368.0,35816752.0,1026436992.0,93086400.0,1963704320.0,1011071488.0,1
1789482893.2791038,speech,95,14,505529472.0,199050176.0,0.0,0.0,4782388.0,60607616.0,1468285.375,1847287.75,0.0,0.0,0.0,0.0,25229046.0,0.0,383641760.0,104788560.0,1
1789482893.469849,speech,98,16,569151744.0,0.0,993082176.0,0.0,13480267.0,1794390.25,8728631.0,0.0,0.0,0.0,437179.375,336174.90625,0.0,0.0,3609230.5,0.0,1
1789482893.8168213,speech,90,32,7477779.0,7952658.0,0.0,92795352.0,142536240.0,368088672.0,167142704.0,50260064.0,10647582.0,3712744.5,22444790.0,11911882.0,28207528.0,59995376.0,38827396.0,203109312.0,1
1789482893.8769517,speech,90,16,10925281.0,12489800.0,2663837.0,7045862.5,16537288.0,100137392.0,2448777.0,0.0,6280996.0,8768604.0,46879632.0,0.0,72249872.0,25115944.0,46332584.0,0.0,1
1789482894.0712771,speech,90,18,9765108.0,4967963.0,497651552.0,116600944.0,8038676.0,4960671.0,965603.625,0.0,0.0,0.0,1953356.5,3392997.5,0.0,3883514.0,4157481.25,3711724.0,1
1789482894.6074913,speech,92,24,53655380.0,3387208.25,734688640.0,0.0,0.0,355198816.0,1207139456.0,2231054.5,0.0,7202035.0,9419087.0,0.0,5210749.0,58906104.0,2507330.0,1733386.0,1
1789482894.670959,speech,92,12,974190848.0,1744962.375,0.0,0.0,336491328.0,40887040.0,4077385.25,0.0,0.0,0.0,0.0,0.0,766881.0625,18464322.0,1547839.5,0.0,1
1789482894.7157547,speech,96,17,1221220480.0,560983488.0,1330964.375,0.0,0.0,749334848.0,88435432.0,0.0,394326.125,192898.40625,36213192.0,2390848.5,0.0,134530.09375,6159644.5,32628136.0,1
1789482894.7817805,speech,96,17,213456480.0,0.0,0.0,0.0,73735496.0,124573832.0,74832624.0,11818290.0,2595376.0,111747032.0,290796352.0,0.0,0.0,170293296.0,428156128.0,0.0,1
1789482894.8275585,speech,76,15,21559050.0,6879054.0,23708932.0,136361408.0,0.0,0.0,39382340.0,0.0,0.0,0.0,1356762112.0,670378624.0,0.0,282294272.0,204528512.0,0.0,1
1789482894.892799,speech,89,14,0.0,0.0,365471904.0,10673796.0,0.0,250130272.0,227534944.0,0.0,0.0,40111320.0,0.0,0.0,93800008.0,5471680.5,359226.71875,80382024.0,1
1789482895.3030038,speech,96,11,18888800.0,0.0,282978112.0,21479144.0,206895.1875,46695240.0,118980672.0,0.0,0.0,0.0,0.0,0.0,0.0,136410.875,0.0,157703168.0,1
1789482895.6198282,speech,94,20,32746148.0,0.0,0.0,31163324.0,0.0,2659260.0,698104320.0,202713376.0,0.0,78741496.0,757951616.0,100382576.0,7111467.0,383324800.0,34087544.0,4287785.0,1
1789482895.6839762,speech,77,16,95887920.0,0.0,0.0,0.0,0.0,0.0,0.0,129903712.0,2010098.25,4449802.0,0.0,942080512.0,2591996.25,860943.0625,0.0,657074560.0,1
1789482895.9047353,speech,90,16,29268184.0,0.0,0.0,0.0,0.0,34761112.0,4694080512.0,1601204.625,205948.21875,19343908.0,0.0,381676.6875,83866312.0,165219040.0,0.0,6478535.0,1
1789482895.9642246,speech,92,13,0.0,0.0,0.0,0.0,0.0,606240320.0,661187840.0,0.0,2535799.25,30541160.0,0.0,29207480.0,236707936.0,0.0,27729966.0,1846642816.0,1
1789482896.2205493,speech,78,18,52049208.0,0.0,60606.875,6827242.0,0.0,0.0,0.0,9575570.0,0.0,7290732.5,3627951616.0,3410500096.0,0.0,13053134.0,1044944128.0,113497536.0,1
1789482896.28084,speech,78,21,169453408.0,0.0,0.0,0.0,337884832.0,0.0,0.0,201161920.0,438723712.0,5033298.0,0.0,616337664.0,806895104.0,30878520.0,16966918.0,432266880.0,1
1789482896.3297124,speech,91,12,760450432.0,198174320.0,0.0,534946.75,63472008.0,1147603328.0,13797369.0,0.0,12964589.0,0.0,0.0,0.0,0.0,0.0,49090908.0,43462740.0,1
1789482896.4109118,speech,93,10,879477760.0,25361100.0,0.0,0.0,310073920.0,14458317.0,1296277.125,0.0,0.0,0.0,0.0,0.0,0.0,12273844.0,0.0,0.0,1
1789482896.822495,speech,90,23,0.0,21623494.0,188872848.0,0.0,1259188992.0,1148272768.0,9985531.0,112691552.0,41021456.0,0.0,45902472.0,15197468.0,1149311.625,11863624.0,357359.40625,1509283.75,1
1789482896.8861775,speech,90,19,464705.59375,0.0,0.0,5511443.5,111203768.0,0.0,440406144.0,0.0,237130.375,19676342.0,3459607.75,158701184.0,126924904.0,65294344.0,496680640.0,147488000.0,1
1789482897.1069806,speech,88,21,0.0,11112425.0,0.0,5189248.0,191380272.0,166688.125,1030788736.0,0.0,925303.3125,43280772.0,378687.46875,151743840.0,72256088.0,6747655.0,224651584.0,11973276.0,1
1789482897.1672559,speech,88,19,0.0,15833863.0,391927.3125,12904704.0,24127204.0,0.0,633249536.0,0.0,0.0,60737128.0,0.0,290650688.0,5585805.0,83860576.0,179715360.0,1081272.0,1
1789482897.868187,speech,75,4,14050094.0,0.0,0.0,0.0,0.0,0.0,0.0,0.0,0.0,0.0,131305.40625,384211.5,0.0,0.0,0.0,0.0,1
1789482897.869193,speech,0,8,0.0,1084156.625,7240302.0,320186.25,0.0,0.0,0.0,125953.28125,228788.875,0.0,0.0,0.0,0.0,0.0,0.0,0.0,1
1789482898.0554383,speech,82,13,0.0,0.0,0.0,37353472.0,813957.875,0.0,3115084.0,423522560.0,20390410.0,0.0,0.0,152596096.0,0.0,0.0,438302.875,11947660.0,1
1789482898.113948,speech,81,5,0.0,0.0,0.0,0.0,0.0,0.0,714224.5625,0.0,362652384.0,0.0,0.0,14459560.0,2246917.5,0.0,0.0,0.0,1
1789482898.17778,speech,100,6,141257376.0,0.0,0.0,0.0,1319959.75,0.0,0.0,0.0,0.0,77740.484375,217184.578125,0.0,0.0,0.0,0.0,0.0,1
1789482898.241377,speech,77,24,93722320.0,202108.90625,12752069.0,795399168.0,0.0,0.0,118755344.0,58950064.0,0.0,12408629.0,276766432.0,820706112.0,4053264.25,19423336.0,8862116.0,663635.125,1
1789482898.3231635,speech,90,20,952035.125,0.0,0.0,0.0,141073184.0,113488384.0,307391936.0,6919791.0,0.0,278068.8125,2670562.0,1405836.75,6653762.0,1377816.25,14784306.0,15472336.0,1
1789482898.7215145,speech,91,21,0.0,132852504.0,4086869.25,108730352.0,0.0,0.0,92877568.0,0.0,1118000.375,1067980.0,0.0,18959036.0,986988.375,50380616.0,34189988.0,5173916.0,1
1789482898.8480737,speech,95,15,44122872.0,0.0,0.0,0.0,396684896.0,9241305.0,52607288.0,720759.0625,2063242.75,0.0,0.0,0.0,7623752.0,14975054.0,82359816.0,38514092.0,1
1789482899.5758162,speech,92,11,0.0,2340539.0,290512.1875,0.0,0.0,0.0,0.0,0.0,0.0,0.0,0.0,0.0,1041427.625,2766547.5,3827457.75,5601801.5,1
1789482899.796708,speech,93,20,0.0,0.0,0.0,598937.25,4893423.0,7179024.0,12661102.0,2312865.5,0.0,0.0,455469.0,5409281.0,18296018.0,46302448.0,15218443.0,0.0,1
1789482900.2398016,speech,91,25,707235.0,0.0,0.0,0.0,17915808.0,110177376.0,20837378.0,0.0,6813156.5,493919360.0,152183184.0,12925826.0,2163957.0,124627504.0,266377440.0,228407664.0,1
1789482900.3034608,speech,90,21,0.0,2054471.75,4160608.5,0.0,33795304.0,333990784.0,0.0,2734152.0,0.0,2738145792.0,1312047104.0,7053244.5,3040317.0,13861988.0,56941524.0,6158436.0,1
1789482900.3668377,speech,91,27,40234124.0,0.0,21957104.0,27707204.0,50381320.0,62182792.0,10277494.0,0.0,11563360.0,0.0,204325600.0,177517632.0,255390240.0,154883936.0,145594592.0,174353872.0,1
1789482900.5246413,speech,90,27,9984056.0,80324024.0,0.0,1236623.25,50186056.0,10186778.0,448595072.0,0.0,434482.4375,79703496.0,8941379.0,537667904.0,2217611.75,26541908.0,45427532.0,3859596.5,1
1789482900.5850897,speech,90,17,6088734.0,17695836.0,0.0,0.0,0.0,10908771.0,488209984.0,0.0,0.0,0.0,14704770.0,180547040.0,2396130.75,7439147.0,15205299.0,2538155.75,1
1789482900.6515095,speech,67,22,13561962.0,27684968.0,137869104.0,0.0,42088080.0,29671064.0,12928996.0,176300624.0,108724536.0,0.0,16709306.0,61763420.0,0.0,785064320.0,0.0,0.0,1
1789482900.7127662,speech,51,26,2612619.5,39404804.0,112663448.0,3237872.25,18054296.0,28870986.0,23990632.0,69920880.0,1962277.5,4463210.0,14826803.0,2281003.75,4050789.0,816891136.0,10112610.0,1996102.75,1
1789482900.786242,speech,8,29,13809756.0,18787236.0,14373356.0,141643936.0,234115024.0,346731872.0,189177920.0,7780503.5,16340845.0,33384442.0,27067580.0,833925376.0,167869344.0,0.0,29447338.0,434794688.0,1
1789482900.8487194,speech,5,23,7592350.0,62526632.0,59449520.0,54637320.0,41197336.0,0.0,56653052.0,9931555.0,18218122.0,7011515.0,35440464.0,545524480.0,16042199.0,51152504.0,19583420.0,48051224.0,1
1789482901.1884444,speech,358,22,57100400.0,1510285.75,28643204.0,24905760.0,2045636.5,8695031.0,75526880.0,6626861.0,0.0,70070488.0,18116752.0,0.0,0.0,555106944.0,13574558.0,0.0,1
1789482901.44277,speech,355,33,26623758.0,3670468.25,13930050.0,0.0,34371904.0,64451376.0,28111008.0,33580808.0,11258284.0,43434280.0,426699904.0,162878384.0,36616900.0,239591712.0,79245680.0,146781600.0,1
1789482901.8217967,speech,344,22,0.0,0.0,11220090.0,0.0,1274987.25,0.0,28027764.0,46618088.0,413431008.0,590303616.0,577482432.0,168435136.0,115183064.0,61436544.0,88446176.0,30364564.0,1
1789482901.9802787,speech,351,25,1217278.75,2168615.0,0.0,0.0,6948158.5,0.0,26954544.0,131162264.0,860267392.0,162087488.0,181552992.0,329963008.0,14187887.0,121997552.0,108153240.0,99529264.0,1
