timestamp,sound_type,detected_angle,bin_count,band_0,band_1,band_2,band_3,band_4,band_5,band_6,band_7,band_8,band_9,band_10,band_11,band_12,band_13,band_14,band_15,label
1789485579.3435178,speech,274,14,291008128.0,34184432.0,80085592.0,0.0,907234.9375,638697.0,42296.18359375,1416704.5,0.0,0.0,0.0,0.0,0.0,10077868.0,2475042.75,0.0,1
1789485579.565047,speech,279,17,20043728.0,34104992.0,105989720.0,57551864.0,16536122.0,5346368.0,0.0,1682122.5,652158.0,516203.5,0.0,163841.71875,0.0,0.0,0.0,0.0,1
1789485579.977489,speech,275,24,25417588.0,2138619.25,32887790.0,8711995.0,1590078.125,99573608.0,370905312.0,0.0,16996112.0,185342736.0,0.0,264501.46875,0.0,0.0,874827.0,553167.4375,1
1789485580.0422902,speech,275,13,1077397376.0,0.0,0.0,0.0,236949664.0,78099656.0,1197406.5,0.0,0.0,92593960.0,0.0,0.0,0.0,4925283.0,3233058.75,0.0,1
1789485580.1998737,speech,279,8,0.0,29275626.0,1192314496.0,0.0,0.0,835585.0,0.0,7605881.0,23156760.0,0.0,0.0,0.0,0.0,0.0,0.0,0.0,1
1789485580.260089,speech,271,9,38771.59375,1168996608.0,0.0,0.0,0.0,0.0,38638804.0,0.0,0.0,0.0,0.0,765169.625,2527332.5,0.0,0.0,0.0,1
1789485581.0568786,speech,282,22,0.0,9741673.0,14683081.0,17783314.0,17594918.0,4749591.5,7288655.0,7653008.0,5390227.5,4152025.25,6665444.0,15458661.0,871371.0625,9610459.0,14550516.0,129485736.0,1
1789485581.150956,speech,270,16,121769528.0,2357083.25,0.0,0.0,60674320.0,2126568.5,79840424.0,0.0,0.0,119563992.0,40512340.0,43144520.0,122111200.0,105898016.0,31579888.0,0.0,1
1789485581.2118592,speech,283,22,68494616.0,0.0,21621046.0,5473254.0,35466028.0,26544050.0,82910952.0,98644416.0,200110464.0,110870232.0,0.0,228548480.0,100489360.0,151220768.0,12839798.0,75253056.0,1
1789485581.3724997,speech,287,13,277211360.0,96822744.0,0.0,0.0,0.0,3917857.0,2200496.5,2094714.25,0.0,0.0,227491.25,758150.375,0.0,0.0,451029.4375,266860.5,1
1789485581.563009,speech,287,5,0.0,0.0,0.0,0.0,0.0,548156.375,0.0,405429.15625,0.0,418992.46875,592708.25,0.0,0.0,0.0,0.0,0.0,1
1789485581.6093345,speech,287,5,0.0,0.0,0.0,0.0,0.0,0.0,0.0,0.0,38353.1015625,278883.5625,0.0,0.0,63860.03515625,0.0,320600.125,0.0,1
1789485581.6900194,speech,279,7,0.0,2522828.0,0.0,0.0,0.0,457217.1875,0.0,0.0,0.0,0.0,0.0,0.0,401383.03125,1430760.75,0.0,327151.75,1
1789485581.976983,speech,287,29,15773870.0,1009707.0,871345.625,3526224.25,71265008.0,49061392.0,22925732.0,1557159.25,0.0,62189096.0,0.0,103877040.0,50920040.0,4213442.5,29427402.0,26604172.0,1
1789485582.0376828,speech,291,10,290114432.0,0.0,0.0,4730264.0,49049608.0,0.0,0.0,7774015.5,26117704.0,0.0,6988357.5,1828697.0,0.0,0.0,0.0,62999296.0,1
1789485582.10231,speech,288,13,369004256.0,0.0,0.0,58502188.0,83352664.0,180279.46875,0.0,32449012.0,0.0,0.0,0.0,919227200.0,8770630.0,0.0,11688829.0,872988160.0,1
1789485582.166811,speech,289,17,568088128.0,0.0,0.0,184364384.0,107900968.0,0.0,15634480.0,242690400.0,321784.125,0.0,14984892.0,599010560.0,0.0,1242162.75,283531360.0,0.0,1
1789485582.2307653,speech,289,5,0.0,0.0,0.0,0.0,0.0,6306203.0,2754730.25,0.0,0.0,677213.8125,0.0,0.0,0.0,0.0,0.0,0.0,1
1789485582.4207962,speech,289,18,0.0,0.0,10284497.0,4173124.0,4211857.0,593863.375,0.0,506450.125,60781.171875,0.0,0.0,1491892.25,844199.75,701707.625,677864.4375,1583156.25,1
1789485582.4667883,speech,289,20,190497.234375,740860.6875,5798273.0,3275541.25,221665.46875,2506479.0,972181.875,1405039.375,0.0,0.0,625099.3125,0.0,529522.75,1182594.0,2155535.0,14108498.0,1
1789485582.5170503,speech,290,14,0.0,1152807.75,0.0,0.0,482132.75,349245.5625,0.0,0.0,440024.125,1969820.0,0.0,1020029.9375,103428.953125,156705.390625,1258424.75,9661572.0,1
1789485582.6732562,speech,275,13,17566010.0,14960202.0,60228508.0,0.0,733474.5,2096188.25,790898.4375,0.0,0.0,0.0,784975.875,0.0,0.0,132787.921875,73059.3359375,0.0,1
1789485582.733188,speech,287,21,1439894272.0,32746996.0,39320696.0,2437659.5,2402306.0,0.0,4399692.0,2149936.5,652773.625,300768.84375,0.0,257309.59375,0.0,1333227.75,0.0,0.0,1
1789485582.832465,speech,289,17,42670736.0,5443653.0,2590003.5,0.0,2587436.0,0.0,0.0,33548590.0,0.0,224933504.0,38404896.0,73161000.0,42900168.0,20277028.0,89793216.0,34692064.0,1
1789485582.8960268,speech,289,22,1181539.625,14328096.0,0.0,0.0,12929508.0,4276689.0,18924350.0,15459175.0,0.0,428627008.0,26129656.0,294594176.0,553166208.0,213001360.0,114970576.0,29425580.0,1
1789485582.942003,speech,289,14,2323510.25,17924500.0,0.0,797850.1875,31961848.0,2721773.25,0.0,56237652.0,111370832.0,0.0,45742660.0,136096768.0,12046503.0,88900192.0,0.0,0.0,1
1789485583.02202,speech,289,8,0.0,0.0,202384.265625,0.0,2582302.75,1785372.625,1152132.125,0.0,0.0,0.0,0.0,3529569.0,0.0,916743.625,0.0,0.0,1
1789485583.0682573,speech,290,16,96952296.0,61649048.0,89576904.0,265921920.0,69963600.0,0.0,0.0,0.0,0.0,0.0,0.0,11274978.0,4460487.0,0.0,0.0,3712795.5,1
1789485583.1325862,speech,289,6,4512078.0,8013807.0,0.0,0.0,0.0,0.0,0.0,0.0,0.0,0.0,0.0,0.0,2497914.5,0.0,853202.25,1820760.75,1
1789485583.3074446,speech,316,11,1269578.625,6076447.0,0.0,4195773.5,3378182.5,0.0,0.0,1374172.0,0.0,598352.75,0.0,0.0,0.0,0.0,1333529.75,842919.375,1
1789485583.3662987,speech,318,4,0.0,532950.5,0.0,0.0,0.0,0.0,199787.0,0.0,316777.1875,117424.3984375,0.0,0.0,0.0,0.0,0.0,0.0,1
1789485583.4391904,speech,293,10,15386557.0,14554487.0,9725045.0,0.0,0.0,0.0,1165640.375,0.0,0.0,0.0,0.0,334286.21875,0.0,493534.375,0.0,223054.5,1
1789485583.7511475,speech,295,15,230209504.0,0.0,15021950.0,107986576.0,0.0,0.0,217859456.0,19194790.0,0.0,5866323.5,146922336.0,0.0,0.0,10277138.0,0.0,0.0,1
1789485583.8103375,speech,305,12,0.0,0.0,38051132.0,230129648.0,0.0,0.0,396803808.0,0.0,0.0,8728125.0,65556040.0,0.0,0.0,5604610.0,916268.625,252036.6875,1
1789485583.8751667,speech,313,8,990287.0,0.0,156714656.0,271902560.0,1679325.0,0.0,737878656.0,0.0,0.0,0.0,0.0,0.0,0.0,0.0,0.0,167978.5,1
1789485583.9367583,speech,298,12,123304192.0,0.0,0.0,0.0,319355.09375,13045634.0,545043264.0,0.0,0.0,478147.9375,0.0,170800.140625,3633308.5,5431179.5,0.0,118453.8828125,1
1789485584.3548229,speech,295,19,2779769.75,13648270.0,17243296.0,3441048.25,13700352.0,11723243.0,0.0,0.0,0.0,0.0,506442.5625,568839.8125,724725.625,794767.5625,545955.1875,1435917.625,1
1789485584.7339048,speech,298,14,265851568.0,0.0,171148192.0,149992096.0,0.0,2502498.75,87644848.0,0.0,0.0,30441.51953125,117472.46875,0.0,147602.984375,689323.75,0.0,0.0,1
1789485584.7923362,speech,307,10,416900672.0,0.0,317752512.0,7908323.5,0.0,348451.375,118816712.0,0.0,0.0,0.0,0.0,0.0,0.0,0.0,31580.9609375,0.0,1
1789485584.8929255,speech,297,22,23416578.0,0.0,177864176.0,0.0,1169929.25,538594624.0,50047844.0,139121.875,0.0,0.0,1327967.625,162953408.0,79431472.0,4942040.5,19593404.0,35345180.0,1
1789485584.9523008,speech,309,8,0.0,527418.4375,305178432.0,0.0,475954.59375,140588832.0,28719900.0,0.0,0.0,0.0,0.0,0.0,0.0,0.0,2454688.75,0.0,1
1789485585.0160222,speech,307,7,1287758.25,0.0,0.0,0.0,545457.4375,0.0,0.0,113752.3828125,0.0,118532.875,91983.4453125,137919.4375,0.0,0.0,0.0,0.0,1
1789485585.078243,speech,307,6,0.0,0.0,590967.5,0.0,0.0,0.0,0.0,0.0,0.0,0.0,24140.4375,148418.078125,0.0,0.0,253287.546875,0.0,1
1789485585.1282961,speech,297,7,1172346.875,0.0,760003.6875,0.0,205438.28125,0.0,268444.59375,0.0,0.0,0.0,0.0,0.0,0.0,168329.296875,0.0,453640.25,1
1789485585.190615,speech,289,13,77288632.0,0.0,183220992.0,4004776.0,0.0,22933414.0,11234731.0,0.0,0.0,611090.75,0.0,1911156.75,0.0,0.0,0.0,4464077.0,1
1789485585.3683708,speech,283,14,0.0,0.0,104149152.0,0.0,119857656.0,537702592.0,0.0,9271632.0,62976164.0,0.0,3862260.5,203979456.0,668507.125,21814446.0,83489832.0,0.0,1
1789485585.495502,speech,283,23,1636217.0,5339837.5,172547904.0,82178.2890625,184099456.0,0.0,289255.9375,610394.75,47799272.0,1250205.5,12749318.0,117794400.0,0.0,37867480.0,14011760.0,551297.5,1
1789485585.5409527,speech,283,18,0.0,16265824.0,307106912.0,0.0,262841376.0,327347904.0,440142.625,21575528.0,36601912.0,693927.375,21107024.0,0.0,1672316.25,54141056.0,19864058.0,0.0,1
1789485585.844114,speech,281,16,22000684.0,19985684.0,19270562.0,3802664.5,15246080.0,3156347.75,637702.875,0.0,0.0,0.0,0.0,0.0,0.0,0.0,1613010.0,17390962.0,1
1789485586.0978796,speech,285,24,123218392.0,0.0,156146672.0,357587296.0,0.0,110881584.0,57287532.0,12511378.0,15359990.0,15655375.0,32391810.0,0.0,86622272.0,261723504.0,13322515.0,80354376.0,1
1789485586.1576824,speech,282,10,0.0,363462784.0,5621220.0,0.0,315727744.0,0.0,0.0,0.0,0.0,0.0,2106616.75,0.0,0.0,0.0,200226656.0,68501688.0,1
1789485586.352117,speech,301,13,0.0,15217125.0,333381632.0,0.0,44082872.0,69735520.0,0.0,0.0,0.0,0.0,0.0,2427908.0,0.0,4566183.5,7418020.0,1008679.4375,1
1789485586.4124022,speech,288,9,643067.875,54822192.0,0.0,0.0,14178555.0,0.0,0.0,0.0,0.0,241191.78125,2033098.25,1096212.25,0.0,133862.65625,0.0,0.0,1
1789485586.475434,speech,288,3,0.0,0.0,0.0,0.0,0.0,0.0,226503.0625,0.0,0.0,0.0,157035.234375,0.0,0.0,0.0,0.0,0.0,1
1789485586.5418448,speech,300,13,2141538.0,3008939.5,10385583.0,0.0,666224.25,0.0,6013051.5,901454.75,2389579.5,630299.125,0.0,0.0,0.0,340740.25,0.0,244449.640625,1
1789485586.6139386,speech,299,20,61776536.0,25286858.0,660868288.0,0.0,9256052.0,8121216.5,2676826.0,0.0,0.0,2146734.5,0.0,1906053.625,0.0,3031489.0,1523114.625,0.0,1
1789485586.796012,speech,288,19,1891260.75,10430433.0,0.0,0.0,251724960.0,31957760.0,15425291.0,174694112.0,0.0,16927002.0,110693632.0,0.0,25691426.0,65622000.0,0.0,24686980.0,1
1789485586.8556073,speech,286,15,0.0,55445548.0,63774164.0,0.0,22041096.0,0.0,110912944.0,0.0,0.0,105815112.0,78246128.0,2737251.5,65624256.0,66071804.0,5464536.5,63841424.0,1
1789485586.9203901,speech,294,11,469399.75,89600576.0,65858752.0,38179.0234375,17569932.0,477957.875,1187922.375,0.0,0.0,0.0,0.0,0.0,0.0,3480444.0,2052622.25,0.0,1
1789485586.9852989,speech,292,12,0.0,72794752.0,39271392.0,0.0,282720256.0,0.0,5761355.5,0.0,0.0,406514.75,0.0,0.0,705121.6875,0.0,549062.0,23601692.0,1
1789485587.0478826,speech,291,9,0.0,111043344.0,43709456.0,0.0,72649912.0,0.0,17567972.0,17059298.0,0.0,512344.4375,0.0,0.0,0.0,0.0,0.0,0.0,1
1789485587.5251036,speech,285,27,55459108.0,4223325.0,22141196.0,28461176.0,208107648.0,97476912.0,31227000.0,39279040.0,8622113.0,13761146.0,341797184.0,231116992.0,0.0,23457366.0,6728236.0,7287402.0,1
1789485587.589398,speech,285,18,18534088.0,0.0,0.0,207401776.0,162819120.0,18575384.0,119938152.0,30757868.0,16410076.0,66542620.0,239764512.0,44049420.0,0.0,2219261.0,0.0,2328443.0,1
1789485587.6362166,speech,306,16,4173644.25,0.0,159305104.0,196516800.0,174161648.0,97910016.0,0.0,0.0,0.0,230722528.0,111171552.0,0.0,0.0,11085514.0,8538960.0,3433715.25,1
1789485587.8733642,speech,283,19,8486366.0,9289266.0,20925572.0,6715668.0,16315391.0,0.0,1985380.5,0.0,0.0,0.0,0.0,562890.25,1738552.25,3857385.0,6082793.0,33587892.0,1
1789485587.932719,speech,283,21,3910970.0,6712334.0,0.0,87754400.0,134579248.0,20643536.0,17369788.0,776894.625,2290409.0,0.0,0.0,501675.6875,320845.21875,18514776.0,92649920.0,241998976.0,1
1789485587.9821749,speech,290,24,3200080.5,0.0,8780357.0,212443184.0,159533520.0,28500666.0,18947616.0,0.0,0.0,3516905.5,16273950.0,34194416.0,229587440.0,67854104.0,126177064.0,64126876.0,1
1789485588.5717072,speech,291,33,1412822.625,2798919.0,23338432.0,19765422.0,10144092.0,37599544.0,39587796.0,5519473.0,0.0,1852268.0,1395823.875,1147606.25,2224101.5,664167.75,2635550.25,4507547.0,1
1789485588.6318908,speech,297,11,0.0,0.0,127157240.0,0.0,28189582.0,148320416.0,3770733.5,0.0,0.0,0.0,0.0,2706388.25,344062.625,295007.9375,0.0,0.0,1
1789485588.7071972,speech,296,15,7908824.0,0.0,20065084.0,0.0,0.0,214691840.0,21736782.0,0.0,0.0,0.0,0.0,34419096.0,0.0,527975.125,12156378.0,2667438.25,1
1789485588.7709827,speech,296,16,419828.75,15197952.0,48147448.0,0.0,2546624.0,0.0,0.0,0.0,0.0,2706421.5,6775318.0,22352276.0,383513.75,2044004.375,2686241.0,570326.25,1
1789485589.1095936,speech,282,17,0.0,4882320.0,20192318.0,0.0,107882056.0,46250940.0,0.0,126120336.0,0.0,0.0,183900976.0,68387392.0,0.0,244711520.0,13188220.0,1712594.75,1
1789485589.4601276,speech,305,15,784469120.0,386441.1875,1479346.125,22941992.0,1007168.625,0.0,9248742.0,0.0,0.0,0.0,175407.5,0.0,0.0,193331.265625,100376.3515625,140024.296875,1
1789485589.520274,speech,305,12,0.0,1460742.5,179089056.0,0.0,280595.59375,9153248.0,1977418.0,0.0,418814.0625,108346.140625,0.0,0.0,0.0,102438.625,0.0,264156.1875,1
1789485589.5695705,speech,297,22,6899999.0,96558672.0,62874904.0,5721666.0,261884416.0,4721560.0,41212256.0,52237380.0,54006.4765625,0.0,0.0,442631.1875,2458453.5,0.0,336353.15625,440972.90625,1
1789485589.6326838,speech,287,27,4670350.0,63414752.0,0.0,61618444.0,85724912.0,1964756.25,364430016.0,724974.75,111191344.0,775977024.0,1795356.75,131260440.0,2046057.5,131656384.0,99192000.0,1886754.0,1
1789485589.8716238,speech,287,3,0.0,4094545.5,0.0,0.0,0.0,0.0,0.0,0.0,0.0,0.0,136807.734375,0.0,0.0,132715.125,0.0,0.0,1
1789485589.9181085,speech,287,5,0.0,0.0,1023331.9375,0.0,0.0,1112565.625,0.0,0.0,144689.6875,0.0,0.0,0.0,0.0,160434.125,0.0,0.0,1
1789485590.0618732,speech,291,23,25626724.0,5716696.0,0.0,254663.484375,20850836.0,103428800.0,7995057.0,238733440.0,0.0,5409865.0,4806703.5,999756.25,1006070.0,1897174.875,11078060.0,3917887.25,1
1789485590.2192543,speech,278,6,0.0,313874496.0,0.0,0.0,0.0,0.0,0.0,0.0,588441.625,592582.9375,0.0,0.0,0.0,2129031.0,0.0,1995569.375,1
1789485590.2791028,speech,287,7,5581188.5,443864096.0,17186538.0,0.0,1134421.75,0.0,1616744.75,0.0,197247.84375,0.0,0.0,0.0,0.0,0.0,0.0,0.0,1
1789485590.5055377,speech,276,14,81630992.0,12256322.0,0.0,0.0,9486442.0,13761013.0,0.0,0.0,0.0,5557877.0,0.0,6557943.0,4243326.0,5165987.5,0.0,1234303.5,1
1789485590.8232052,speech,257,13,108130672.0,69231304.0,0.0,0.0,0.0,65060048.0,7289167.5,4870899.0,0.0,918313.875,1810987.875,298197.0625,0.0,0.0,210002.0,0.0,1
1789485591.014025,speech,282,6,0.0,0.0,26220244.0,64721812.0,120560.4375,0.0,3190934.5,0.0,0.0,0.0,0.0,0.0,0.0,80897.4453125,0.0,0.0,1
1789485591.4268794,speech,206,7,122205200.0,0.0,0.0,0.0,0.0,0.0,522258.59375,0.0,253742.359375,0.0,612924.875,0.0,0.0,458090.0625,484716.1875,0.0,1
1789485591.4279373,speech,258,5,0.0,70332688.0,0.0,4790436.5,2206984.0,0.0,0.0,0.0,0.0,4077369.75,135514.984375,0.0,0.0,0.0,0.0,0.0,1
1789485591.496463,speech,261,5,0.0,142828352.0,0.0,0.0,1341686.375,0.0,0.0,0.0,0.0,0.0,0.0,0.0,0.0,294195.3125,145627.0,0.0,1
1789485591.7114484,speech,261,6,154915.203125,0.0,0.0,0.0,0.0,0.0,1157745.25,108822.59375,0.0,0.0,95413.4375,0.0,0.0,0.0,34983.2421875,0.0,1
1789485591.8017752,speech,331,11,0.0,0.0,2598568.5,0.0,132302.96875,958048.25,0.0,0.0,802775.875,57412.4375,0.0,0.0,213800.8125,158917.765625,148954.5625,0.0,1
1789485591.9330022,speech,217,16,4735374.0,0.0,0.0,0.0,14610130.0,79421536.0,23028430.0,0.0,0.0,10130866.0,2401803.75,3611648.25,6612009.0,17039670.0,0.0,0.0,1
1789485591.99144,speech,201,11,0.0,0.0,0.0,0.0,0.0,16688237.0,3899392.0,0.0,0.0,17034996.0,10330766.0,16919370.0,5344666.0,8672821.0,0.0,0.0,1
1789485592.1235058,speech,205,21,313772.65625,0.0,0.0,0.0,5917714.5,2314820.75,2394652.5,0.0,0.0,42523812.0,11576548.0,4785458.5,10904713.0,40167392.0,20035916.0,9155979.0,1
1789485592.2498157,speech,208,21,0.0,0.0,0.0,22648616.0,34880444.0,7909943.0,3048642.0,0.0,5582484.0,16564162.0,15390873.0,25333052.0,16681600.0,17824416.0,7085391.0,5750013.0,1
1789485592.318558,speech,215,10,11295298.0,0.0,0.0,0.0,86218432.0,312467552.0,3381428.5,1444027.375,0.0,0.0,0.0,7232094.0,0.0,427462.6875,0.0,0.0,1
1789485592.3819108,speech,215,10,1294299.75,0.0,0.0,0.0,80309112.0,0.0,8694878.0,0.0,6357352.0,282709.6875,1926192.375,0.0,0.0,3154853.5,0.0,0.0,1
1789485592.4264784,speech,204,10,32026782.0,9038515.0,0.0,0.0,17637112.0,97764936.0,0.0,257190.78125,1766192.5,305836.03125,0.0,0.0,0.0,236731.390625,0.0,189120.78125,1
1789485592.4897702,speech,216,6,0.0,0.0,0.0,0.0,7166369.0,0.0,1130837.5,0.0,0.0,590082.625,238721.5625,923034.375,0.0,0.0,0.0,0.0,1
1789485592.9169557,speech,212,6,0.0,1076503.125,0.0,0.0,2427334.5,10013526.0,0.0,0.0,0.0,0.0,0.0,0.0,577032.0,0.0,0.0,0.0,1
1789485593.3603244,speech,208,8,342843.0625,0.0,0.0,0.0,0.0,100378.0546875,61370.0703125,87151.1015625,0.0,29427.921875,113716.0625,0.0,0.0,19143.517578125,0.0,0.0,1
1789485593.4200096,speech,216,7,0.0,65090.453125,0.0,0.0,61818.25390625,0.0,0.0,0.0,0.0,0.0,8573.912109375,36590.5703125,12868.7138671875,58100.7421875,0.0,0.0,1
1789485593.7404106,speech,215,21,0.0,1001317.5,6706628.0,957159.0,4410914.5,957065.625,4353772.5,0.0,3992214.25,4113319.0,1569772.0,35568700.0,56796784.0,0.0,41595704.0,79212432.0,1
1789485593.7976563,speech,216,15,1864023.0,0.0,0.0,4376012.0,392946.46875,430997.375,0.0,990179.6875,1358841.625,0.0,10071239.0,4641590.5,71917760.0,105490944.0,0.0,0.0,1
1789485593.8989873,speech,221,21,48520.0234375,0.0,0.0,10506024.0,22152378.0,13795312.0,7944061.0,0.0,0.0,1770297.25,3252598.75,17886496.0,1803917.375,33932248.0,43078372.0,81487920.0,1
1789485593.9571822,speech,223,15,7871605.5,0.0,0.0,275141216.0,149138128.0,23655252.0,17194430.0,0.0,0.0,6615509.5,6839451.0,21917824.0,26154754.0,0.0,0.0,0.0,1
1789485594.2477763,speech,223,12,504474.0,0.0,0.0,0.0,980313.125,0.0,0.0,0.0,0.0,3713312.25,0.0,0.0,5546848.0,18197128.0,10451692.0,15093519.0,1
1789485594.293171,speech,219,15,146992.359375,0.0,0.0,0.0,2615182.25,0.0,0.0,1192996.75,2573630.5,3842401.5,1542226.0,597374.25,0.0,81117040.0,23201884.0,0.0,1
1789485594.3541837,speech,221,14,0.0,0.0,0.0,832308.375,4523120.0,2302235.75,1200240.75,892838.9375,0.0,0.0,0.0,7105734.0,0.0,11184272.0,8047292.5,9631512.0,1
1789485594.415391,speech,208,7,0.0,0.0,0.0,0.0,0.0,0.0,0.0,0.0,0.0,514859.53125,3758963.5,0.0,0.0,20283468.0,43582008.0,104481616.0,1
1789485594.478323,speech,223,7,0.0,1653747.625,0.0,5340871.0,0.0,0.0,634648.3125,0.0,0.0,0.0,0.0,0.0,2709182.25,10157866.0,0.0,0.0,1
1789485594.7553327,speech,204,7,6404486.0,0.0,0.0,0.0,0.0,0.0,1109303.0,0.0,0.0,0.0,0.0,0.0,1962791.875,15938899.0,19484124.0,0.0,1
1789485594.8154533,speech,233,12,0.0,94261032.0,583787584.0,49118152.0,23274390.0,0.0,0.0,0.0,0.0,773301.125,819013.4375,5975854.0,0.0,31577812.0,0.0,0.0,1
1789485594.8796039,speech,233,5,194734.40625,0.0,0.0,0.0,69083.390625,0.0,0.0,43355.8671875,0.0,0.0,0.0,0.0,404535.375,0.0,0.0,0.0,1
1789485594.9308455,speech,233,3,0.0,0.0,0.0,0.0,0.0,0.0,0.0,0.0,0.0,711402.1875,165635.140625,0.0,0.0,0.0,0.0,0.0,1
1789485594.931657,speech,33,8,0.0,1108564.0,8524078.0,3096542.5,1096153.125,0.0,0.0,0.0,257439.71875,0.0,0.0,0.0,0.0,0.0,0.0,0.0,1
1789485594.9880877,speech,33,4,0.0,382481.65625,2105234.0,3829649.75,0.0,0.0,0.0,0.0,0.0,0.0,0.0,0.0,0.0,0.0,0.0,0.0,1
1789485595.0354958,speech,33,3,0.0,36613.3203125,393825.40625,95300.984375,0.0,0.0,0.0,0.0,0.0,0.0,0.0,0.0,0.0,0.0,0.0,0.0,1
1789485595.0844991,speech,234,17,20620052.0,0.0,0.0,241006304.0,5374442.0,2619160.5,0.0,1264040.875,0.0,8630462.0,12210459.0,68604472.0,72626824.0,44271408.0,0.0,0.0,1
1789485595.1466315,speech,217,8,50432764.0,0.0,0.0,0.0,1442500.5,0.0,5635231.0,0.0,55827320.0,34492344.0,0.0,0.0,0.0,0.0,0.0,0.0,1
1789485595.388853,speech,248,7,0.0,0.0,1199521152.0,0.0,1699340.5,834183.125,0.0,0.0,0.0,0.0,0.0,0.0,0.0,1815984.625,0.0,1946981.25,1
1789485595.4487426,speech,247,3,1441973.75,0.0,310042432.0,0.0,0.0,0.0,0.0,0.0,0.0,0.0,0.0,0.0,0.0,0.0,233648.625,0.0,1
1789485595.5178695,speech,221,18,14945033.0,0.0,0.0,13530560.0,2875315.0,1082300.75,3276685.0,0.0,0.0,2455344.0,3194571.0,14174971.0,1208019.625,0.0,8606720.0,0.0,1
1789485595.991932,speech,221,6,0.0,0.0,0.0,0.0,403401.375,0.0,0.0,0.0,0.0,284997.4375,273665.0,362977.0625,0.0,0.0,0.0,0.0,1
1789485595.992677,speech,266,6,0.0,0.0,0.0,0.0,1593627.25,0.0,268269.9375,67493.8046875,0.0,0.0,0.0,149231.015625,0.0,2801136.0,0.0,0.0,1
1789485596.0619595,speech,252,5,0.0,0.0,0.0,1177341.5,0.0,566934.75,0.0,0.0,0.0,377593.4375,0.0,0.0,0.0,0.0,0.0,9555578.0,1
1789485596.213124,speech,220,19,13646784.0,0.0,0.0,2037096.75,80691776.0,81110688.0,1193454.0,5510101.0,0.0,92420.6796875,1688985.25,1137524.75,11605840.0,3926238.5,0.0,0.0,1
1789485596.27183,speech,238,12,4122079.5,5646355.0,0.0,99560224.0,147103200.0,0.0,0.0,0.0,2511941.5,6733396.0,0.0,929307.875,0.0,1671909.625,0.0,0.0,1
1789485596.334927,speech,230,15,69134472.0,0.0,0.0,17293646.0,16548284.0,27847152.0,0.0,0.0,2018989.875,2631935.0,251555.5625,139646.34375,900028.8125,0.0,0.0,0.0,1
1789485596.626454,speech,250,13,982998.625,0.0,41448360.0,77685288.0,151568512.0,2273660.0,0.0,0.0,123558.5,1065486.25,2557609.5,0.0,0.0,0.0,0.0,13073980.0,1
1789485596.6857662,speech,246,15,4316859.5,0.0,97710752.0,84148536.0,370398112.0,0.0,4469186.5,2012409.25,193226.609375,5013940.5,3701996.5,2907105.5,0.0,0.0,0.0,0.0,1
1789485596.7504346,speech,246,9,0.0,5981931.0,0.0,0.0,0.0,1206008.375,807031.4375,922495.75,0.0,293973.5,0.0,0.0,0.0,2261335.5,0.0,522690.1875,1
1789485596.8002555,speech,277,15,0.0,115562528.0,131846376.0,411970.75,10392500.0,0.0,710257.3125,1926651.75,0.0,504588.25,492178.78125,388447.65625,258702.9375,0.0,874679.0625,0.0,1
1789485596.8802445,speech,272,19,2137873.5,0.0,0.0,0.0,0.0,83955.890625,0.0,0.0,0.0,257972.03125,564313.9375,1152788.25,4496557.0,18415712.0,13062233.0,48786788.0,1
1789485596.9413202,speech,272,19,207181.90625,1440553.25,1017346.5,538631.0,407483.75,0.0,0.0,0.0,259536.078125,622817.4375,169243.828125,0.0,222987.125,1317871.0,0.0,3004586.5,1
1789485596.991414,speech,267,20,256318672.0,51108208.0,12418150.0,0.0,3810588.75,6518916.0,2565622.25,0.0,0.0,0.0,83183.359375,555049.625,49667.58984375,263295.53125,0.0,438254.25,1
1789485597.102457,speech,296,21,164762960.0,426186560.0,1986709888.0,77562856.0,39730416.0,0.0,0.0,26981480.0,2792864.0,3319641.25,1339589.875,0.0,0.0,4101584.0,0.0,1087899.5,1
1789485597.2284493,speech,291,30,305722112.0,561010944.0,1325107712.0,86618408.0,10821332.0,7463242.0,8692189.0,1995031.5,5255976.5,7974628.0,8402469.0,9069811.0,76203624.0,542898176.0,535446880.0,127428848.0,1
1789485597.2914708,speech,291,6,3813087.75,0.0,0.0,1794608.5,312116.1875,0.0,420129.84375,0.0,0.0,202777.09375,0.0,0.0,0.0,0.0,0.0,4740241.5,1
1789485597.3360863,speech,291,12,131019.3515625,0.0,5465267.0,0.0,0.0,533472.9375,403729.875,304340.34375,902735.5625,3180846.5,763661.625,0.0,0.0,0.0,0.0,4682196.0,1
1789485597.3811705,speech,291,7,0.0,810386.125,0.0,0.0,0.0,1898019.5,530653.75,0.0,127436.515625,0.0,0.0,0.0,0.0,0.0,0.0,3773288.0,1
1789485597.4311976,speech,304,29,139142112.0,38100152.0,145570336.0,14890857.0,10793738.0,4532386.0,5061916.0,2603119.0,0.0,106121.546875,0.0,684597.125,0.0,1942805.75,4199019.0,17942584.0,1
1789485597.5457249,speech,310,35,29626932.0,0.0,314948480.0,125182768.0,229801616.0,14793185.0,12597585.0,3039650.0,2671150.75,33950656.0,182035424.0,447916672.0,456519552.0,277337728.0,44330948.0,94493928.0,1
1789485597.60346,speech,303,27,19864980.0,14281186.0,31401840.0,123973304.0,290118016.0,85855608.0,28932636.0,0.0,1077817.875,22260140.0,40781036.0,4628643.0,53535544.0,280932032.0,1619588352.0,1814985856.0,1
1789485597.7350144,speech,304,20,0.0,17685252.0,232712512.0,21391480.0,529635776.0,6385933.5,0.0,1263983.25,580452.1875,0.0,6183597.5,3935058.5,0.0,1078059.0,25058696.0,28069510.0,1
1789485597.794135,speech,313,32,524794.875,10148928.0,43989364.0,14013025.0,747246848.0,77187168.0,48374280.0,8509768.0,16017804.0,11652434.0,3596591.5,6998813.0,10848425.0,78749016.0,73895240.0,93919008.0,1
1789485597.8564463,speech,325,26,0.0,26429568.0,92557200.0,328785344.0,352395104.0,13116531.0,24305000.0,6799814.0,10527601.0,39869588.0,57944544.0,276991648.0,16468200.0,48492856.0,0.0,0.0,1
1789485597.9903686,speech,326,26,6888753.0,26882744.0,281428672.0,283558592.0,55572404.0,4831558.0,0.0,2314341.5,1181247.75,0.0,3870848.75,3691186.0,5412957.0,11953229.0,18856120.0,84163472.0,1
1789485598.0493774,speech,331,37,18355374.0,23831354.0,111499984.0,581667712.0,402547360.0,17799076.0,13625677.0,4400164.0,2771969.75,8607473.0,12312474.0,57648312.0,204635856.0,794422400.0,441324928.0,95820320.0,1
1789485598.1479735,speech,332,28,2625974.0,8435702.0,252960544.0,60706696.0,34307688.0,2509234.0,3509134.0,1051394.875,6363110.0,9691529.0,0.0,0.0,2704924.5,24953972.0,27510824.0,35052872.0,1
1789485598.2067263,speech,331,23,45418008.0,119584048.0,203271936.0,17543128.0,24550392.0,2474356.25,2516843.75,0.0,0.0,2853227.5,1094983.375,0.0,0.0,2242122.25,11872656.0,0.0,1
1789485598.2809136,speech,332,22,49753064.0,11171331.0,1086501.5,0.0,1412719.375,0.0,892666.75,487012.3125,801679.5625,1836634.75,0.0,0.0,2828428.25,9557382.0,10688593.0,97589648.0,1
1789485598.3443234,speech,332,13,7711826.0,9612738.0,12326993.0,453628.5,0.0,193046.5,0.0,119417.890625,0.0,0.0,417701.34375,949871.375,0.0,2451634.0,0.0,0.0,1
1789485598.3895547,speech,332,16,0.0,402916.75,159383.0625,340660.75,242339.15625,587585.9375,0.0,42768.96484375,81034.84375,1873172.5,0.0,0.0,723538.3125,2611260.5,329717.875,0.0,1
1789485598.4383492,speech,333,33,761105.4375,661922.125,3741010.25,4145066.0,4244292.0,770507.625,1335848.5,0.0,633132.625,4619078.5,753710.5,1229353.0,852355.125,2006890.5,3099551.0,14099412.0,1
1789485598.5026507,speech,341,33,14847484.0,39224528.0,16596359.0,436629920.0,1018228544.0,1049721792.0,122314384.0,69278784.0,9461583.0,33095036.0,11699820.0,49685896.0,63810704.0,177159440.0,296724672.0,268285520.0,1
1789485598.5672572,speech,333,31,17502958.0,7512496.0,35593884.0,15658795.0,200488416.0,85109392.0,42501352.0,23848090.0,70622312.0,244025696.0,80429024.0,111914304.0,18953184.0,342175744.0,326157056.0,2826865664.0,1
1789485598.7814531,speech,337,27,244618432.0,1003090560.0,389860864.0,24877100.0,3249602.0,531268.9375,3192665.25,1525228.5,3441542.5,1624452.625,0.0,3457827.5,674275.6875,3128853.0,4725436.0,3931311.5,1
1789485598.8529265,speech,338,28,0.0,28444252.0,20744312.0,23582176.0,370387072.0,257753680.0,53998488.0,2243767.75,0.0,1889069.875,2723555.5,3005179.25,6024247.0,19126972.0,18991390.0,18270396.0,1
1789485598.916673,speech,342,23,0.0,0.0,0.0,0.0,0.0,0.0,255875520.0,106543408.0,27333934.0,93724424.0,51657500.0,49078624.0,43761924.0,269471040.0,90711048.0,189065536.0,1
1789485598.9809816,speech,341,31,16044205.0,18581608.0,58890596.0,90434896.0,714984128.0,666595200.0,385527488.0,43969916.0,0.0,185086608.0,94747312.0,94814896.0,616031488.0,621328192.0,353616320.0,65011228.0,1
1789485599.0677605,speech,342,31,21953124.0,19278546.0,13480347.0,486847648.0,2339278336.0,160110464.0,16608588.0,6990979.0,3739579.5,21510646.0,11119744.0,5995784.0,50278044.0,67185128.0,282797504.0,2285724672.0,1
1789485599.3837793,speech,349,30,11674431.0,0.0,518184320.0,1335421696.0,322436544.0,47645208.0,5217909.5,0.0,4290626.0,63031428.0,266207104.0,226190624.0,40538360.0,12871180.0,22947908.0,5578267.0,1
1789485599.5112793,speech,349,20,0.0,974491.1875,4160263.0,387685.5625,638991.1875,1253422.5,626153.875,0.0,0.0,2561309.0,4018393.5,1159383.75,941047.875,1409855.25,1238524.25,5543164.0,1
1789485599.556293,speech,350,10,1006064.3125,1128114.625,0.0,58004.5703125,101293.5859375,222682.859375,105990.03125,0.0,0.0,0.0,0.0,0.0,0.0,1204842.625,0.0,119865.671875,1
1789485599.6202657,speech,351,11,0.0,0.0,2457762.75,2548911.25,0.0,0.0,0.0,0.0,0.0,446484.75,495000.5625,0.0,1091513.75,908264.0,1359067.0,13135578.0,1
1789485600.0814211,speech,355,30,34660412.0,15363153.0,26838716.0,64698900.0,320262432.0,1213956864.0,0.0,98460256.0,42999044.0,30675448.0,5197279.5,5070450.0,918002.875,3781960.5,2403105.5,31289012.0,1
1789485600.1454568,speech,354,20,0.0,2472591.5,1529092.625,0.0,3419556.5,0.0,15847745.0,0.0,0.0,2758556672.0,1026316160.0,200147808.0,18076940.0,42993484.0,143114720.0,97672256.0,1
1789485600.2097137,speech,355,21,2099321.5,0.0,1928084.125,3197097.0,9406875.0,25374864.0,127462928.0,0.0,305182720.0,622788480.0,46243236.0,0.0,2500827.0,2075959.0,18056840.0,42916332.0,1
1789485600.3034558,speech,355,10,0.0,408761.9375,0.0,330297.0625,0.0,0.0,0.0,3024291.5,7056705.5,0.0,5391944.5,231712.40625,424657.03125,153611.46875,1045154.75,888521.3125,1
1789485600.3482857,speech,355,14,0.0,192087.453125,0.0,297653.375,0.0,0.0,1491161.0,1093903.0,0.0,0.0,0.0,420536.78125,72611.3984375,561206.75,1444386.375,1061056.75,1
1789485600.3938208,speech,354,14,0.0,0.0,3007491.0,623365.625,119685.25,205227.09375,1112267.75,664520.625,0.0,936211.25,1659390.125,410867.28125,0.0,0.0,0.0,334327.5625,1
1789485600.6201408,speech,356,30,2094957.25,5674531.0,39179556.0,8352544.5,333874112.0,112952368.0,90608600.0,0.0,14005236.0,21137328.0,23436124.0,6741543.5,4647771.0,4342167.0,14433612.0,4553491.5,1
1789485600.6809833,speech,0,30,18506022.0,19908680.0,1893335.75,6402865.5,5590023.5,210954768.0,79499648.0,24656096.0,94634720.0,15784597.0,41323592.0,9328096.0,4956146.0,3642308.75,2516680.75,20020998.0,1
1789485600.8105323,speech,2,27,13406509.0,1095107968.0,673948288.0,12902069.0,116791064.0,2846209.0,7160885.0,29665250.0,0.0,1562828.875,954537.625,1418827.375,4821666.5,4251614.5,2042492.0,4539878.0,1
1789485600.9060977,speech,2,22,0.0,6201448.0,1184025.875,852847.125,5961070.0,504024.1875,0.0,0.0,0.0,422508.96875,587757.25,1019988.75,1834061.625,4917957.5,2794091.5,4257307.0,1
1789485600.9518952,speech,2,33,6729344.0,3909908.0,21187880.0,24889514.0,10706504.0,7475446.0,1350274.125,0.0,871714.6875,4788832.0,1734194.625,2224954.75,1287742.625,5722447.0,9272906.0,5022672.0,1
1789485600.9970005,speech,4,30,70251704.0,285909056.0,3427234560.0,21756244.0,79928032.0,89719792.0,1802110.75,0.0,4062083.5,2777436.0,2070564.0,3737967.0,0.0,20310272.0,5163742.0,1803076.875,1
1789485601.096187,speech,4,10,859861.4375,10508470.0,10918282.0,1577750.75,753636.75,257792.1875,350802.15625,0.0,124183.796875,0.0,0.0,0.0,0.0,0.0,0.0,0.0,1
1789485601.1417313,speech,4,12,0.0,0.0,0.0,1007310.25,0.0,0.0,3856317.0,0.0,540388.375,0.0,0.0,879171.75,0.0,1333469.75,1029770.3125,1236543.0,1
1789485601.198059,speech,355,29,57429272.0,123115984.0,1479129.75,79329520.0,64452912.0,239095648.0,81829616.0,0.0,124747104.0,187623648.0,370322624.0,53260904.0,23731496.0,26022208.0,179816480.0,153794880.0,1
1789485601.2637744,speech,3,26,67709600.0,21939462.0,22012160.0,11150792.0,16992428.0,24582132.0,49475336.0,28015804.0,148843040.0,576031360.0,331740512.0,236819712.0,0.0,72018272.0,34765568.0,15190201.0,1
1789485601.3511622,speech,4,21,1997322.75,9967962.0,19157916.0,22493688.0,8540658.0,12092436.0,0.0,0.0,3528910.25,13998758.0,0.0,0.0,14330517.0,2366472.5,14409898.0,50725976.0,1
1789485601.4769282,speech,3,23,339409472.0,581749120.0,222216160.0,2258710.25,18118944.0,340076960.0,364813856.0,0.0,0.0,2264988.25,0.0,0.0,307727.09375,0.0,4158092.0,19981520.0,1
1789485601.5410767,speech,5,22,3413443328.0,46163088.0,0.0,1079048.25,5889767.0,10339424.0,4776753.0,1222549.5,15553846.0,9515316.0,804966.5,1860595.0,0.0,0.0,3259287.75,9112037.0,1
1789485601.6361542,speech,3,29,13356884.0,28639048.0,134427520.0,109982008.0,40893172.0,45679872.0,17347098.0,0.0,3877364.25,15847410.0,12845810.0,15684060.0,0.0,31668698.0,9923275.0,10732776.0,1
1789485601.7626243,speech,353,27,9917156.0,165002048.0,153116784.0,106582920.0,15691561.0,3157631.0,6312232.0,0.0,0.0,1566906.0,1366507.5,1051982.0,0.0,168235.46875,902639.8125,1094560.375,1
1789485601.857982,speech,3,19,0.0,4362375.0,1895234.5,0.0,32570598.0,6518700.0,18546380.0,1769088.375,0.0,0.0,844975.25,0.0,417631.3125,1883093.875,6672673.0,8602232.0,1
1789485601.9227345,speech,3,22,1619047.5,9871790.0,64073600.0,0.0,8490884.0,92833872.0,22501596.0,12363082.0,1766346.0,0.0,1283149.375,12135781.0,162457.21875,5771768.0,11140258.0,6199325.0,1
1789485602.3014464,speech,2,22,278358656.0,249702928.0,140780736.0,13663892.0,1813184.5,0.0,0.0,401149.84375,259014.5625,368234.84375,3515988.25,0.0,0.0,1441337.75,7213540.0,26835496.0,1
1789485602.523572,speech,1,23,944911232.0,2731615.75,30970948.0,259367248.0,7945069.0,1813586.0,297959296.0,48422912.0,0.0,821608.375,30925500.0,4206036.0,0.0,8653934.0,16901692.0,1010004.1875,1
1789485602.5847156,speech,356,19,1723159936.0,0.0,0.0,191864160.0,210457760.0,0.0,41526168.0,437044224.0,17018644.0,143376.515625,0.0,95350816.0,1655156.5,0.0,20413174.0,196322416.0,1
1789485602.6497495,speech,354,22,1249388032.0,0.0,0.0,125445352.0,243923072.0,300677.28125,2080507.0,0.0,0.0,638823.4375,1911426.625,466762496.0,4040843.0,172190.609375,4269824.0,24683458.0,1
1789485602.7146754,speech,353,19,1469662.25,2111423.5,249087520.0,0.0,1867778.25,341217856.0,563043008.0,0.0,0.0,89434944.0,7765006.5,17942680.0,53996592.0,2899126.75,9440360.0,181402144.0,1
1789485602.7796547,speech,0,18,2369201.0,0.0,334603264.0,0.0,4968558.0,925424512.0,108584080.0,0.0,44973368.0,21608248.0,0.0,0.0,3866719.75,0.0,49623832.0,243517952.0,1
1789485602.8730338,speech,350,27,239811264.0,4435102.0,1152318720.0,55662536.0,73241752.0,935038208.0,112293704.0,0.0,9394775.0,10665012.0,0.0,22136130.0,2509946.25,513867.625,27250264.0,10094558.0,1
1789485603.0005631,speech,5,27,678399872.0,162778144.0,196558624.0,59835896.0,151559040.0,79647400.0,56169396.0,0.0,0.0,5163426.0,619204.625,3599426.5,0.0,4086960.75,4420875.0,1949253.0,1
1789485603.0655193,speech,6,15,153379280.0,1264704.375,316422368.0,4502194.5,0.0,0.0,0.0,5935577.0,8771272.0,4543114.0,1557661.25,0.0,0.0,0.0,1563510.25,940117.3125,1
1789485603.1589875,speech,5,23,531163552.0,1750440320.0,14445508.0,364700992.0,26686454.0,115587616.0,60251128.0,0.0,1092830.875,5603266.0,3748818.5,1591856.0,0.0,0.0,1333673.875,946396.875,1
1789485603.230804,speech,1,23,8671128.0,196322656.0,22506512.0,189627664.0,26146616.0,75042912.0,106360800.0,1183218.625,0.0,859983.875,10594278.0,3560661.75,0.0,4154034.75,3541490.5,16254026.0,1
1789485603.412104,speech,4,25,969555.375,2466418.5,7942599.5,16676686.0,44208356.0,105819248.0,30472996.0,29011202.0,0.0,3516723.5,2244720.0,2929899.75,0.0,44024016.0,23097860.0,418288064.0,1
1789485603.472592,speech,351,20,829756.125,0.0,12311450.0,15214467.0,38711080.0,70452680.0,133353488.0,0.0,0.0,4885521.5,0.0,6427692.0,0.0,0.0,29907006.0,30352048.0,1
1789485603.5375886,speech,8,17,135145056.0,212290160.0,75597440.0,154977392.0,0.0,124827072.0,0.0,0.0,0.0,0.0,4375517.5,5544895.0,0.0,592895.0,7943526.0,8362584.0,1
1789485603.6021411,speech,6,15,0.0,0.0,2382175.5,0.0,12580238.0,0.0,2506787.0,0.0,1477934.75,1123582.5,0.0,1071515.125,43034.89453125,0.0,310861.25,0.0,1
1789485603.6670458,speech,6,21,0.0,0.0,13731616.0,8487896.0,1691805.25,0.0,2071935.5,1032627.25,0.0,1062465.5,363032.25,931681.375,179756.171875,1268016.625,259182.734375,532599.875,1
1789485603.717019,speech,8,23,4662800.0,780395072.0,68855888.0,19997924.0,79482160.0,6471258.5,184637424.0,11168042.0,420481.5625,35315028.0,207295.09375,0.0,0.0,178948.875,4686634.5,0.0,1
1789485603.9836433,speech,8,16,0.0,0.0,0.0,11996536.0,3621433.5,793326.25,2913855.25,0.0,142751.40625,107156.1875,42819.8359375,175414.03125,0.0,556022.6875,0.0,316709.1875,1
1789485604.029579,speech,8,13,0.0,0.0,0.0,0.0,0.0,0.0,270077.875,10790.642578125,0.0,159761.75,95218.6640625,1404351.25,0.0,1155030.75,0.0,621887.625,1
1789485604.237238,speech,11,24,570100.375,3305702.75,1901597.25,1424356.25,439017.21875,800675.125,283437.3125,0.0,0.0,1840578.5,6179022.0,6625970.0,0.0,317642624.0,261850512.0,188575840.0,1
1789485604.2975786,speech,10,18,7564178.0,25201738.0,30618036.0,435490.34375,1974079.0,2157352.5,1196116.25,710522.25,0.0,3588701.5,688613.5,0.0,0.0,0.0,2963536.5,0.0,1
1789485604.3624458,speech,10,23,2284483.5,102255552.0,121311720.0,0.0,9744588.0,2563156.75,2011537.75,4873764.0,0.0,1279904.0,1060588.875,774560.3125,1667567.625,1995780.75,0.0,2556105.75,1
1789485604.4122095,speech,10,24,1712601.25,72977048.0,761739648.0,0.0,38949520.0,15888736.0,215698.71875,9144108.0,425685.46875,218210.765625,5892093.5,8986069.0,444903.5625,6538698.0,1206793.5,2549385.5,1
1789485604.4615521,speech,11,20,0.0,3530457.0,23537028.0,0.0,51805264.0,1447217.375,2009469.5,19078714.0,1426947.375,632210.5,3838527.75,524052.25,0.0,0.0,7699838.5,45074220.0,1
1789485604.5267425,speech,12,18,0.0,800078144.0,374722752.0,0.0,1183825.0,334866.0625,0.0,0.0,151369.5,2363055.25,548145.125,145251.6875,2434676.0,790524.375,1241008.375,3250922.25,1
1789485604.712718,speech,12,20,218352.0625,0.0,553286.75,0.0,351589.625,0.0,451845.5625,16149.4453125,130624.53125,219458.109375,116860.578125,223371.5,2150673.0,2302744.75,13153480.0,72702592.0,1
1789485604.7588217,speech,12,29,499432256.0,18969712.0,525199584.0,2982336.0,19625408.0,6260900.0,47264792.0,119911.03125,2728525.5,419024.34375,612024.0,240993.140625,0.0,838429.75,13923120.0,4403499.0,1
1789485604.8052714,speech,15,29,594299008.0,4304969.5,1363058048.0,1676015.0,32057520.0,894944.875,12608526.0,0.0,16179453.0,819278.8125,849460.875,110223.171875,1196104.5,1904742.0,21703186.0,3070393.5,1
1789485604.9023795,speech,13,24,661732416.0,67430144.0,815030848.0,12218597.0,47339768.0,80072864.0,170228496.0,0.0,0.0,5310513.5,3836758.0,0.0,0.0,3557661.0,3442975.5,82995632.0,1
1789485604.9676754,speech,13,17,0.0,385762688.0,662073472.0,30018564.0,9157953.0,6918821.0,622904.75,0.0,0.0,2620870.25,620825.4375,2140285.25,0.0,784706.0625,769715.875,0.0,1
1789485605.0135257,speech,1,28,385796160.0,279301120.0,170436416.0,73866440.0,22521162.0,47532824.0,5257722.5,5082910.0,0.0,513245.5,1824593.875,2882246.5,652443.125,793271.875,2639874.0,828158.1875,1
1789485605.0783215,speech,7,23,40299304.0,33580328.0,40424592.0,24592042.0,3568494.0,2467342.0,5787491.5,1608549.0,657398.625,2066839.0,7165344.0,2287314.25,0.0,33424438.0,9812464.0,25979364.0,1
1789485605.14364,speech,7,21,2915678.5,0.0,2461891.5,7060068.0,27361976.0,2137812.0,0.0,0.0,875346.6875,5648265.0,1505300.5,5730908.0,1501463.75,6402986.5,12197374.0,22926144.0,1
1789485605.220786,speech,6,28,23677030.0,9504648.0,18769936.0,11310696.0,65063040.0,65206688.0,57214096.0,0.0,345577152.0,171717280.0,39184208.0,52743016.0,3487781.0,161105696.0,219670880.0,423708512.0,1
1789485605.284863,speech,7,27,5936936.0,4383155.5,17042836.0,5240494.0,65602036.0,66012704.0,30983702.0,65883280.0,0.0,18029584.0,246430304.0,50047752.0,0.0,85544480.0,457127424.0,305508928.0,1
1789485605.3491867,speech,7,4,0.0,1417041.125,0.0,825321.5,0.0,0.0,0.0,17038688.0,0.0,0.0,0.0,0.0,0.0,0.0,3790995.25,0.0,1
1789485605.3949149,speech,7,7,0.0,692657.875,0.0,0.0,329181.3125,0.0,0.0,0.0,0.0,0.0,0.0,0.0,1691293.5,1363828.75,3146529.0,4267846.0,1
1789485605.4735286,speech,3,21,54931984.0,59934568.0,31353532.0,37631620.0,101630240.0,151583440.0,18088164.0,0.0,0.0,0.0,0.0,716227.25,144637.59375,1502339.125,918418.5625,642453.125,1
1789485605.9176188,speech,10,24,498571.71875,3006447.75,8346594.5,7939988.0,5351639.0,12448250.0,0.0,3156946.5,995949.75,3210852.0,7802933.0,2597665.0,0.0,11471502.0,7096152.5,61536324.0,1
1789485605.9821188,speech,3,26,21744466.0,1029977.375,0.0,68775984.0,25837496.0,49784316.0,148197120.0,32790944.0,8847090.0,12595838.0,26806220.0,4504923.0,29251024.0,83581736.0,312021376.0,399157184.0,1
1789485606.0768163,speech,3,22,0.0,7212356.0,3856310.0,27690306.0,26106352.0,18123978.0,0.0,0.0,0.0,2647432.5,5567765.0,6839130.0,0.0,6180760.0,22868048.0,19709394.0,1
1789485606.121911,speech,3,17,0.0,475771.65625,242249.78125,541690.25,0.0,4359545.0,4070416.25,0.0,0.0,1251978.0,0.0,963800.4375,0.0,10413718.0,1202919.0,654078.9375,1
1789485606.172346,speech,10,15,0.0,339260.34375,0.0,246715.28125,117061.828125,0.0,1122228.375,228348.09375,0.0,89594.46875,610082.875,248789.3125,0.0,1537750.5,806222.5625,12782546.0,1
1789485606.237382,speech,3,34,153441088.0,49184400.0,435425024.0,544015232.0,379956416.0,95649536.0,54446280.0,0.0,12583132.0,10110244.0,12380919.0,23959284.0,18699046.0,123867680.0,1052890624.0,378781632.0,1
1789485606.3300364,speech,3,20,8626636.0,19573288.0,19134904.0,0.0,0.0,3187140.5,8461776.0,0.0,894439.375,3605879.75,2309172.5,586931.75,512369.25,6365071.5,3061280.5,0.0,1
1789485606.3760834,speech,3,24,563062.6875,6604025.0,14011631.0,0.0,4008872.0,8836644.0,2804464.5,2819790.5,190857.59375,1826277.0,673659.75,0.0,460509.09375,4281256.5,0.0,14330038.0,1
1789485606.457404,speech,15,20,8760452.0,5655247.0,178572624.0,188850016.0,49117496.0,40134156.0,8946088.0,0.0,480001.34375,618633.125,0.0,0.0,0.0,9257123.0,140708800.0,1146313472.0,1
1789485606.7108057,speech,6,23,167096416.0,446693184.0,447645696.0,67792144.0,214564976.0,0.0,112722600.0,19661088.0,5375927.5,4108319.0,2749483.5,0.0,404274.625,8154915.0,3816374.25,4099077.5,1
1789485607.0912175,speech,3,22,23887656.0,50038844.0,51646312.0,79680904.0,18730230.0,14494422.0,0.0,0.0,0.0,14569928.0,39924580.0,100031840.0,169450112.0,809239808.0,64070936.0,111105360.0,1
1789485607.151885,speech,6,19,33716896.0,128953872.0,893332672.0,11591118.0,4780764.0,2535149.0,6896726.0,4909742.0,0.0,1306625.125,0.0,0.0,0.0,233522496.0,115908832.0,86375080.0,1
1789485607.2169552,speech,7,20,3079503.5,28332016.0,128608176.0,25397256.0,8685414.0,534985.3125,1396411.25,0.0,1133615.375,0.0,0.0,5757732.0,0.0,19576030.0,221743936.0,112253824.0,1
1789485607.293437,speech,6,25,6774954.0,64177144.0,84902608.0,31436390.0,7434969.0,0.0,0.0,1175536.75,332374.3125,0.0,3173151.5,9918498.0,3434802.25,6068809.5,9500332.0,31075118.0,1
1789485607.6927001,speech,6,25,208070800.0,481133376.0,20382508.0,6538740.0,0.0,529625.875,2833520.75,1495182.0,1676724.875,597012.8125,254314.75,406340.75,3421487.75,12964132.0,8665463.0,3576448.75,1
1789485607.7373312,speech,4,24,680538496.0,480251392.0,93907408.0,8895311.0,4044230.25,0.0,954157.375,1390717.75,6410211.0,4612719.0,1343447.75,667369.0,0.0,363329.5625,235024.984375,3077899.0,1
1789485607.819853,speech,5,18,71316216.0,19382972.0,27734310.0,3637725.0,0.0,764361.0625,2301096.5,358036.09375,372834.75,0.0,0.0,165105.40625,0.0,682881.6875,1861719.5,37724520.0,1
1789485607.8846097,speech,4,17,0.0,0.0,0.0,731974.375,1746202.875,1478344.0,2001385.25,244253.875,175068.640625,0.0,0.0,202241.953125,159468.984375,194472.0,1459237.125,3941438.5,1
1789485607.9497697,speech,4,23,1063109.5,0.0,17628410.0,0.0,2151142.5,758634.875,886994.5,829595.625,0.0,1228637.625,497855.875,1338328.25,0.0,448569.59375,5309074.0,9263224.0,1
1789485607.9959755,speech,8,29,87896800.0,341802944.0,1320038016.0,221497168.0,85712728.0,38827448.0,0.0,0.0,3567382.5,1635165.875,4105308.0,10710773.0,143298912.0,131007848.0,90301440.0,18241484.0,1
1789485608.060103,speech,353,23,10564104.0,88918432.0,102192136.0,42598708.0,562786752.0,885504128.0,446108096.0,78256800.0,20874326.0,220155696.0,581730432.0,1457378560.0,0.0,15351188.0,21893722.0,2730437.5,1
1789485608.1239238,speech,349,23,6066878.0,11589469.0,12478434.0,27584300.0,91701152.0,63441996.0,141074368.0,0.0,22157056.0,166364928.0,120733536.0,417883200.0,370225088.0,844165632.0,978745344.0,0.0,1
1789485608.1880548,speech,350,14,0.0,0.0,0.0,9511234.0,1375994.125,11323139.0,0.0,0.0,575495.6875,5534394.0,0.0,0.0,5666302.5,21715198.0,26625384.0,12936838.0,1
1789485608.252855,speech,350,8,1621774.75,1218556.25,0.0,0.0,974846.125,1211395.25,6636365.0,0.0,673947.875,0.0,0.0,0.0,0.0,0.0,0.0,0.0,1
1789485608.358818,speech,354,30,8696158.0,16288212.0,65495264.0,110853568.0,623186112.0,173516752.0,30186140.0,4536750.0,321642.34375,0.0,0.0,3867522.5,2582755.5,2798981.0,3777378.25,1831339.375,1
1789485608.6770685,speech,3,29,449702.40625,636406.0625,762705.5625,2519710.0,11426158.0,6000324.0,0.0,353407.25,308464.03125,1620863.75,4463174.0,3567380.75,2968010.5,21121750.0,45522320.0,74732744.0,1
1789485608.7384737,speech,4,27,1300055.375,0.0,5106479.5,7866798.5,2655917.5,20627700.0,17357590.0,264572.3125,0.0,1054968.375,1309088.0,4635943.0,2595495.25,35496324.0,69105952.0,32383808.0,1
1789485608.8034492,speech,3,21,1227782.125,0.0,9805529.0,8719123.0,0.0,0.0,7774110.0,0.0,582258.4375,1494196.0,2320700.75,1842971.75,0.0,26137672.0,47474880.0,11079900.0,1
1789485608.8692458,speech,2,24,1170875.75,0.0,2738452.5,17984684.0,14290757.0,48343480.0,4268500.0,0.0,0.0,5155448.0,3085382.5,2767778.0,3253104.0,218463808.0,67265776.0,334883200.0,1
1789485609.0562904,speech,3,24,169695968.0,0.0,383368448.0,472217504.0,152862848.0,28230050.0,3123199.0,3382829.0,0.0,8121545.0,40783336.0,0.0,0.0,4468070400.0,807326848.0,697474304.0,1
1789485609.117536,speech,3,19,52998328.0,0.0,634742400.0,113909248.0,172808080.0,15138786.0,14328637.0,13860142.0,0.0,0.0,3421997.0,29988158.0,0.0,0.0,131448656.0,364392096.0,1
1789485609.166461,speech,3,7,0.0,0.0,0.0,0.0,0.0,1630423.375,0.0,0.0,399305.59375,236498.9375,0.0,675025.6875,0.0,0.0,0.0,5174661.0,1
1789485609.2159877,speech,3,4,0.0,0.0,0.0,1027490.0,0.0,0.0,0.0,309889.46875,0.0,900486.625,758859.3125,0.0,0.0,0.0,0.0,0.0,1
1789485609.2616537,speech,3,10,0.0,1104133.875,0.0,365860.25,2537548.5,338863.875,2219397.0,0.0,0.0,0.0,0.0,411919.5625,0.0,1936258.5,0.0,0.0,1
1789485609.3069725,speech,5,28,98603376.0,132838520.0,393265152.0,191162592.0,79920672.0,32781656.0,9006680.0,0.0,1848055.5,4259019.0,1940651.125,1193990.25,0.0,10018828.0,13751176.0,35244924.0,1
1789485609.3717823,speech,6,21,290192992.0,716758080.0,196873568.0,0.0,68530512.0,0.0,6897626.0,0.0,0.0,4983092.0,4580724.0,6690211.5,0.0,7113575.0,5840301.5,5196030.5,1
1789485609.470193,speech,4,28,5168601.0,0.0,0.0,3615194.0,14981732.0,8245003.0,6854677.5,2578150.75,1755800.25,2446456.25,5000259.0,5632626.0,17944648.0,85347784.0,35833404.0,15825547.0,1
1789485609.535333,speech,8,15,357848192.0,44188308.0,25250216.0,6706944.5,10131397.0,0.0,0.0,0.0,268793.125,901323.0,1128117.0,2741098.5,0.0,528067.4375,0.0,4296905.0,1
1789485609.599964,speech,6,25,59898728.0,117339552.0,284561504.0,73361936.0,38839528.0,10470103.0,578800.125,1408303.0,1139864.75,0.0,653981.4375,0.0,2566220.5,3435772.0,4912399.0,12474270.0,1
1789485609.6643085,speech,6,29,30210216.0,33635192.0,85429080.0,184709344.0,2438307072.0,617933056.0,58326192.0,13438496.0,4851221.0,12003498.0,12823254.0,5791099.5,0.0,282350208.0,333221248.0,1255149696.0,1
1789485609.709937,speech,6,22,44767536.0,74091600.0,120799696.0,272271488.0,102000960.0,75510960.0,0.0,0.0,0.0,6923977.0,6981847.5,8772160.0,5922489.5,119760616.0,468217408.0,0.0,1
1789485609.760456,speech,6,12,2919263.5,2264445.5,5187464.0,0.0,0.0,0.0,8777057.0,1634863.0,3887176.5,0.0,445027.9375,0.0,0.0,17588296.0,94261008.0,125926888.0,1
1789485609.8063383,speech,3,19,15013298.0,14102915.0,229419776.0,1266091136.0,431577472.0,13303570.0,0.0,811972.9375,0.0,4232561.5,4844000.0,951240.5,0.0,2398787.0,0.0,0.0,1
1789485609.870557,speech,1,27,1413466.125,0.0,22692826.0,50336128.0,256544192.0,38109548.0,20667206.0,0.0,340178.53125,699070.4375,643566.75,1100307.75,6263402.0,4790910.0,0.0,21262380.0,1
1789485610.3565066,speech,3,32,475157312.0,927241088.0,441212096.0,19077264.0,25598470.0,14779572.0,2288872.5,1798226.25,2179733.0,3226124.0,3326507.0,8635927.0,6608042.5,19613794.0,25580058.0,3712592.75,1
1789485610.4525497,speech,5,21,0.0,10222099.0,0.0,1667567.875,1636573.75,0.0,252828.15625,1959509.25,1851558.5,10807004.0,20373668.0,8354951.5,62763760.0,104787560.0,64532816.0,34673256.0,1
1789485610.5139647,speech,5,25,351952832.0,101831216.0,29024858.0,4169358.75,1708037.5,1203566.875,2132187.25,278874.8125,0.0,227249.75,1014427.625,2487756.0,0.0,8731845.0,30195574.0,27184790.0,1
1789485610.5641937,speech,5,15,0.0,4848328.0,1807241.125,6896089.0,1388546.625,4089180.0,2363492.5,0.0,0.0,0.0,0.0,1991682.0,0.0,1105810.375,4848173.0,6567991.5,1
1789485610.614152,speech,5,11,1185309.375,1211345.5,4833751.0,564802.25,25418.03515625,0.0,0.0,0.0,0.0,990638.8125,0.0,0.0,0.0,362843.3125,2233646.75,464940.78125,1
1789485610.660634,speech,4,31,3910581.5,11886248.0,13652634.0,15016816.0,15973621.0,1760082.875,1219898.25,147480.3125,0.0,2245150.0,141432.84375,2421460.25,4188209.75,59826000.0,81019104.0,42993336.0,1
1789485610.725249,speech,347,24,24454308.0,18984980.0,76332992.0,66853132.0,338450944.0,723577088.0,97128512.0,197299200.0,0.0,284072608.0,379059680.0,283368352.0,45240472.0,55635168.0,66581492.0,22474632.0,1
1789485610.7900326,speech,5,19,23988800.0,0.0,27479788.0,24888904.0,47385188.0,0.0,0.0,88619264.0,0.0,361687168.0,540689664.0,0.0,352827072.0,580651136.0,774624128.0,70590840.0,1
1789485610.8557296,speech,5,11,0.0,0.0,1505212.375,810693.0625,0.0,0.0,31283250.0,788682.1875,7366864.0,12595374.0,11865068.0,0.0,13374514.0,0.0,0.0,27414858.0,1
1789485610.905647,speech,5,13,0.0,0.0,0.0,0.0,2223156.5,0.0,10564625.0,6266444.0,1464139.25,15891068.0,12816254.0,0.0,13922456.0,28733190.0,0.0,21828306.0,1
1789485610.9525862,speech,5,18,0.0,2840613.25,13179662.0,3957883.0,1038946.25,6173906.0,11063238.0,5458266.5,0.0,0.0,4076254.0,657937.6875,3077158.5,1956923.75,0.0,2670915.5,1
1789485611.0027988,speech,357,29,11085895.0,68481592.0,717271680.0,510145280.0,498552064.0,50237116.0,0.0,0.0,0.0,9740870.0,12754914.0,42817224.0,26961574.0,44710780.0,47296216.0,115845408.0,1
1789485611.465989,speech,355,33,11442189.0,59018576.0,190195808.0,320554112.0,235606112.0,96716584.0,35107796.0,0.0,1934085.0,4659102.0,6023990.0,4702286.0,7927872.0,9495877.0,14881124.0,9993990.0,1
1789485611.5263388,speech,0,21,264058656.0,35967240.0,1001992192.0,390866944.0,0.0,36026616.0,0.0,0.0,0.0,18573800.0,2256442.25,3754148.0,1316369.375,965647.75,3647324.0,2283582.75,1
1789485611.6252568,speech,0,18,146843072.0,2203498.75,31342856.0,0.0,40952636.0,4838832.5,0.0,1383321.375,0.0,1309518.875,487306.96875,1333205.875,815936.5,0.0,0.0,0.0,1
1789485611.669847,speech,0,14,1680176.125,1371137.75,3097379.0,6889898.0,2664854.75,14402733.0,0.0,0.0,0.0,241557.953125,866238.4375,0.0,0.0,0.0,1104981.25,1056804.5,1
1789485611.7270038,speech,6,25,228072192.0,5656351.0,40514760.0,3893805.0,20415954.0,197269696.0,0.0,38602056.0,0.0,236539376.0,20817418.0,75704168.0,10887652.0,183051568.0,126581272.0,506575872.0,1
1789485611.8795574,speech,6,11,3124564.5,0.0,2066586.625,1831058.75,757069.0,393937.75,0.0,0.0,0.0,0.0,1435321.75,0.0,1469567.625,0.0,0.0,0.0,1
1789485611.9248476,speech,6,9,3329195.25,135331.328125,1180567.625,1009259.9375,0.0,2952675.5,0.0,0.0,1874492.5,0.0,0.0,0.0,0.0,196431.828125,2226750.25,0.0,1
1789485612.543736,speech,355,28,621342400.0,1078408832.0,297978784.0,28185828.0,2234089.25,1598658.25,0.0,444211.09375,523702.25,1624658.625,3304408.5,5536851.5,947370.75,792397.5625,8980766.0,4946072.5,1
1789485612.6035278,speech,353,34,195785696.0,2365388800.0,65397996.0,5283864.0,14779620.0,5068868.0,2911527.5,1725593.375,6956069.5,13194413.0,1834474.875,849955.625,235611.078125,5000229.5,5692904.5,10678301.0,1
1789485612.8301072,speech,345,28,223964464.0,68967456.0,516404928.0,27267400.0,3345048.0,2803900.5,2256598.25,2312735.0,1745925.0,312025.71875,234208.703125,720447.5625,807206.125,236673.25,324333.65625,0.0,1
1789485612.9889238,speech,345,10,0.0,1596747.0,0.0,0.0,393549.71875,0.0,0.0,0.0,0.0,425952.25,116719.203125,0.0,0.0,663367.375,1592394.625,929419.25,1
1789485613.0352013,speech,345,8,0.0,0.0,0.0,0.0,577469.4375,0.0,0.0,0.0,50077.4140625,297272.28125,0.0,0.0,0.0,1084910.875,1092681.0,0.0,1
1789485613.2729728,speech,320,29,0.0,730539.25,8697998.0,0.0,1596321.25,812188.5,4724783.0,1150951.0,6719281.5,7309850.5,2006286.0,886747.0,1969743.875,6231320.0,2655301.0,22559468.0,1
1789485613.33285,speech,324,33,290025536.0,531787808.0,626112640.0,37095240.0,12461960.0,10394181.0,20245404.0,1714742.5,5586328.0,10045313.0,6997647.5,2721248.75,5580575.0,2541474.25,11979496.0,13545756.0,1
1789485613.3946016,speech,316,32,75870120.0,65488028.0,5204476.0,604337728.0,78563880.0,18467584.0,4194431.5,0.0,3900544.0,13093094.0,4914276.0,8087948.0,18750344.0,78945392.0,49891096.0,996764352.0,1
1789485613.4561834,speech,316,17,303567456.0,0.0,413916352.0,0.0,7375489.0,0.0,13002078.0,922232.3125,0.0,2513163.0,0.0,0.0,0.0,54347704.0,21118712.0,538900544.0,1
1789485613.5056088,speech,316,28,356828096.0,6714312.5,357601152.0,90022208.0,16854050.0,0.0,12759939.0,889390.5625,0.0,9980139.0,1715701.125,12120325.0,14135756.0,37474472.0,51460136.0,225684576.0,1
1789485613.5913148,speech,316,33,0.0,17163200.0,33333078.0,12488303.0,10047739.0,2217865.25,4881485.5,1436456.25,1263140.5,4065084.5,4409218.0,16361405.0,17675756.0,16605351.0,16167017.0,17470804.0,1
1789485613.6366558,speech,306,32,2276132.25,745295.0625,19361796.0,24805592.0,21306708.0,77305072.0,204661760.0,15957357.0,6079366.0,3781380.5,2401989.5,7576881.0,7084981.0,43979516.0,15128113.0,16277088.0,1
1789485613.6995895,speech,309,19,4559326.0,0.0,4913172.5,0.0,0.0,30532878.0,14489524.0,23304848.0,37674764.0,238627296.0,167001504.0,155861776.0,0.0,231634032.0,588559680.0,1125885312.0,1
1789485613.761695,speech,305,33,0.0,12984195.0,34036732.0,29486798.0,103284520.0,105422464.0,51930200.0,58309784.0,81820784.0,144784160.0,60979832.0,77664776.0,58747728.0,429957536.0,1507289472.0,882136320.0,1
1789485613.8235528,speech,297,18,45560816.0,36472912.0,50196120.0,126460448.0,81220152.0,0.0,0.0,29839822.0,10212374.0,0.0,19360572.0,12062245.0,0.0,89146224.0,378775424.0,308827552.0,1
1789485613.8863904,speech,294,25,11078689.0,104806704.0,646568896.0,49657248.0,7681747.0,2756709.5,5135455.0,9266726.0,1517952.75,0.0,10880228.0,17389786.0,40921372.0,50039976.0,98369512.0,217910032.0,1
1789485613.950108,speech,290,28,1530859.75,2862897.75,22323040.0,26130078.0,29632440.0,36913376.0,14538968.0,5385219.0,1900440.375,3433207.5,8466416.0,3097265.0,0.0,100559864.0,122255840.0,162227968.0,1
1789485614.5730803,speech,259,22,34006588.0,14939917.0,0.0,0.0,0.0,106219.390625,2503479.0,0.0,433884.5,538797.625,801216.5,312890.34375,1033758.5,438231.4375,79251.8046875,2542342.5,1
1789485614.6332037,speech,262,26,0.0,4355781.5,30778418.0,24814652.0,81826856.0,122421456.0,57554264.0,2374850.0,0.0,571097.6875,32914594.0,29666916.0,29519974.0,120935280.0,242304928.0,1363688064.0,1
1789485614.6972873,speech,242,8,0.0,0.0,1783339.625,0.0,0.0,0.0,0.0,0.0,7848712.0,0.0,0.0,196397504.0,0.0,204431088.0,1411060224.0,187052048.0,1
1789485614.8164365,speech,262,4,2982085.5,1821946.5,0.0,0.0,0.0,0.0,0.0,0.0,0.0,0.0,0.0,0.0,0.0,0.0,0.0,0.0,1
1789485614.8805592,speech,242,12,16326577.0,106386856.0,0.0,0.0,4411364.5,4006444.0,6469981.0,0.0,0.0,0.0,471900.71875,0.0,0.0,380208.0,0.0,6726865.0,1
1789485614.9565153,speech,242,9,0.0,0.0,165045.3125,628737.3125,642790.125,0.0,193247.25,0.0,0.0,355601.71875,0.0,390912.75,664982.8125,0.0,316040.03125,0.0,1
1789485615.0009127,speech,242,3,0.0,0.0,0.0,0.0,0.0,0.0,0.0,0.0,0.0,0.0,0.0,54445.55859375,439833.0625,103696.8203125,0.0,0.0,1
1789485615.1447434,speech,230,13,0.0,0.0,0.0,0.0,325822944.0,43491028.0,125095872.0,0.0,0.0,0.0,371807168.0,264572624.0,0.0,6678671.0,445698.96875,0.0,1
1789485615.204079,speech,227,9,0.0,0.0,0.0,0.0,54127472.0,81949856.0,58568048.0,0.0,0.0,0.0,0.0,1744888448.0,198327424.0,0.0,0.0,0.0,1
1789485615.2643626,speech,196,8,0.0,0.0,0.0,0.0,0.0,0.0,26518048.0,83075248.0,0.0,0.0,0.0,165107584.0,369771296.0,1438609408.0,0.0,0.0,1
1789485615.3268192,speech,209,9,11110484.0,0.0,29543848.0,0.0,19870880.0,3902053.25,653678.3125,0.0,0.0,0.0,0.0,1496724.75,0.0,0.0,0.0,0.0,1
1789485615.7785647,speech,199,4,0.0,0.0,0.0,0.0,0.0,0.0,0.0,0.0,0.0,0.0,0.0,367843.40625,78710.9375,1208436.75,0.0,0.0,1
1789485615.8369827,speech,179,17,25880020.0,0.0,2049781.0,0.0,2938081.25,1526622.5,5089400.0,1246717.875,0.0,0.0,2958347.0,6125984.0,4245200.0,3399373.5,0.0,0.0,1
1789485615.903119,speech,208,9,57948672.0,35397060.0,0.0,2130822.0,2410718.0,2446797.0,0.0,0.0,0.0,0.0,12352808.0,0.0,0.0,0.0,0.0,0.0,1
1789485616.0005896,speech,192,18,0.0,3018207.75,0.0,181308288.0,339324320.0,43055024.0,1293278.625,7252173.0,0.0,0.0,99786640.0,53594272.0,1512378.75,13918524.0,0.0,0.0,1
1789485616.0632286,speech,182,14,7530382.5,5083612.0,0.0,0.0,0.0,0.0,0.0,23532852.0,0.0,872482944.0,4025745408.0,1513016320.0,260837408.0,68261624.0,12712040.0,0.0,1
1789485616.1278794,speech,184,7,0.0,0.0,1666434.75,0.0,10932100.0,3012299.5,5227208.5,0.0,4545208.0,263926544.0,0.0,0.0,0.0,0.0,0.0,0.0,1
1789485616.1910849,speech,184,7,7986070.5,0.0,0.0,0.0,39725396.0,5883373.5,1176802.25,0.0,0.0,0.0,0.0,11586292.0,0.0,0.0,0.0,0.0,1
1789485616.2938654,speech,182,11,1805952.0,1610912.375,0.0,0.0,0.0,0.0,0.0,0.0,0.0,23324728.0,17857528.0,31033900.0,6262997.5,0.0,7567185.0,25923590.0,1
1789485616.3593102,speech,180,10,30139160.0,83843912.0,44990480.0,0.0,0.0,0.0,2166265.5,0.0,0.0,0.0,0.0,3157216.0,0.0,0.0,2179767.75,18357432.0,1
1789485616.479862,speech,181,10,0.0,2966131.0,0.0,0.0,6046737.0,24263488.0,99196064.0,19833704.0,0.0,0.0,0.0,0.0,9259427.0,0.0,0.0,0.0,1
1789485616.5452888,speech,180,11,0.0,3099371.5,0.0,0.0,27811392.0,29911774.0,0.0,0.0,0.0,93039696.0,50403980.0,75686112.0,0.0,148590944.0,253782592.0,0.0,1
1789485616.610154,speech,172,13,0.0,0.0,0.0,0.0,73981664.0,164034032.0,221925088.0,0.0,0.0,42278384.0,12258192.0,37491608.0,0.0,146038400.0,147747456.0,664479872.0,1
1789485616.6744356,speech,173,6,8514852.0,29057154.0,515297728.0,0.0,0.0,0.0,0.0,0.0,0.0,8820624.0,0.0,0.0,0.0,0.0,0.0,23650184.0,1
1789485616.8244293,speech,173,14,0.0,5433520.5,0.0,0.0,2045700.125,0.0,0.0,0.0,0.0,2464038.0,863675.8125,4694220.0,0.0,2944457.0,5830816.0,0.0,1
1789485616.8693328,speech,173,8,0.0,0.0,0.0,0.0,0.0,0.0,0.0,79456.96875,0.0,329370.25,449289.03125,101726.828125,73818.890625,0.0,0.0,998157.0,1
1789485616.9260077,speech,166,8,33902308.0,0.0,87098368.0,0.0,0.0,305579.71875,1641562.5,0.0,0.0,0.0,0.0,517240.125,0.0,722214.8125,0.0,483693.09375,1
1789485616.9908435,speech,184,18,191876992.0,0.0,126166792.0,32279256.0,1474613.0,3819915.75,3880582.5,773851.375,0.0,0.0,390730.125,531761.0,516663.96875,787227.0,5028476.0,1863564.75,1
1789485617.4272604,speech,181,9,0.0,0.0,0.0,1634260.25,0.0,0.0,2794474.0,840816.375,0.0,0.0,0.0,43609.3515625,329193.5,0.0,129919.6328125,65241.375,1
1789485617.487697,speech,181,10,0.0,0.0,0.0,0.0,21503182.0,0.0,11670556.0,177821.265625,0.0,0.0,4562231.0,0.0,174976.640625,100020.5,855112.3125,0.0,1
1789485617.5395055,speech,177,13,41378536.0,0.0,0.0,34711684.0,219546752.0,101074800.0,886317760.0,0.0,0.0,0.0,0.0,40564724.0,4758979.0,0.0,304473.6875,0.0,1
1789485617.6041572,speech,176,14,0.0,493524.71875,0.0,9071624.0,14969112.0,22404240.0,3607134.0,0.0,0.0,0.0,0.0,43900604.0,45349876.0,5778041.0,2882163.0,15385541.0,1
1789485617.6805487,speech,176,3,0.0,0.0,0.0,0.0,0.0,0.0,0.0,0.0,0.0,0.0,1539145.0,1216324.625,0.0,0.0,0.0,0.0,1
1789485617.726754,speech,176,4,4367.32177734375,0.0,0.0,0.0,0.0,0.0,592384.125,0.0,0.0,0.0,0.0,0.0,0.0,0.0,366160.09375,351001.375,1
1789485617.7767425,speech,176,8,2398256.25,0.0,0.0,0.0,812705.5,1044360.0,0.0,0.0,550894.3125,899693.5625,0.0,0.0,93271.140625,0.0,118627.046875,0.0,1
1789485617.8694823,speech,344,3,129926.15625,0.0,0.0,154015.875,0.0,1018300.5625,0.0,0.0,0.0,0.0,0.0,0.0,0.0,0.0,0.0,0.0,1
1789485618.0596974,speech,124,4,0.0,542680.0,0.0,0.0,0.0,0.0,0.0,0.0,0.0,0.0,0.0,0.0,0.0,0.0,872082304.0,2583469568.0,1
1789485618.1192706,speech,165,14,7084554.0,0.0,0.0,1288232.5,0.0,0.0,101084000.0,0.0,0.0,0.0,0.0,118382304.0,29379036.0,245845056.0,635482752.0,38330792.0,1
1789485618.1833034,speech,165,7,0.0,0.0,0.0,2976414.0,0.0,0.0,0.0,0.0,0.0,328933.125,1652163.875,121378816.0,0.0,19386916.0,0.0,0.0,1
1789485618.232369,speech,160,8,0.0,0.0,24580456.0,0.0,0.0,500814.75,47990948.0,1901602.125,0.0,0.0,3126699.25,209111392.0,107557936.0,0.0,0.0,0.0,1
1789485618.3026168,speech,161,6,0.0,89425784.0,0.0,0.0,0.0,0.0,152942.21875,28728930.0,0.0,0.0,9031352.0,0.0,42820000.0,0.0,0.0,0.0,1
1789485618.3669112,speech,161,4,0.0,0.0,0.0,0.0,0.0,0.0,0.0,0.0,0.0,7691756.0,0.0,970028.625,0.0,2970913.5,0.0,0.0,1
1789485618.4174907,speech,161,9,0.0,0.0,0.0,0.0,0.0,589481.5,2400480.5,0.0,490993.71875,0.0,0.0,0.0,0.0,2490696.0,1927407.125,1089308.5,1
1789485618.4634073,speech,160,5,0.0,586902.0,0.0,0.0,0.0,0.0,0.0,0.0,0.0,0.0,996014.25,0.0,0.0,538338.125,0.0,2527893.0,1
1789485618.5270538,speech,158,21,448625184.0,0.0,511032352.0,651129.875,82027008.0,8054006.5,183471168.0,0.0,0.0,0.0,57390820.0,16116391.0,29320638.0,26292500.0,104828624.0,0.0,1
1789485618.5909579,speech,178,8,38109020.0,0.0,0.0,0.0,27629542.0,0.0,64142452.0,0.0,0.0,0.0,0.0,24958714.0,7156084.5,0.0,2379966.5,0.0,1
1789485618.7586167,speech,181,10,2017846.5,0.0,0.0,16103615.0,81702768.0,1328736.75,10173765.0,0.0,2843215.5,0.0,9732276.0,0.0,0.0,0.0,0.0,0.0,1
1789485618.8186862,speech,163,16,0.0,0.0,0.0,0.0,7636918.0,30255062.0,151832880.0,0.0,0.0,0.0,19038642.0,130137016.0,19454592.0,21531300.0,30819486.0,0.0,1
1789485618.8843648,speech,182,5,11863728.0,0.0,0.0,0.0,14776210.0,22208772.0,10525078.0,0.0,0.0,0.0,0.0,0.0,0.0,20751386.0,0.0,0.0,1
1789485618.9483936,speech,180,5,0.0,0.0,0.0,426181.25,7249526.0,8316600.5,0.0,0.0,0.0,3936050.5,2159826.0,0.0,0.0,0.0,0.0,0.0,1
1789485619.0138564,speech,182,6,0.0,12703277.0,0.0,0.0,54089288.0,16874228.0,0.0,0.0,1972833.0,0.0,0.0,593634.0625,0.0,0.0,0.0,0.0,1
1789485619.4547355,speech,182,11,54366764.0,0.0,268467328.0,0.0,115444992.0,1478695552.0,798358656.0,0.0,0.0,0.0,0.0,37404112.0,0.0,0.0,0.0,0.0,1
1789485619.4998024,speech,182,8,3643144.75,0.0,0.0,0.0,0.0,0.0,96251616.0,0.0,0.0,0.0,83943144.0,154414512.0,46709624.0,0.0,30184186.0,0.0,1
1789485619.5443175,speech,167,17,0.0,0.0,0.0,0.0,7630243.0,63543560.0,0.0,0.0,169522112.0,588055680.0,85182536.0,130925792.0,87658488.0,40796168.0,324873152.0,141439424.0,1
1789485619.64505,speech,167,6,0.0,0.0,0.0,0.0,3972512.0,3324279.5,0.0,0.0,0.0,9231793.0,0.0,0.0,0.0,0.0,22928252.0,808043.3125,1
1789485619.7407196,speech,165,14,146861920.0,0.0,0.0,0.0,7195670.0,41661420.0,3600505.5,0.0,0.0,6172247.5,0.0,72801392.0,102981576.0,66848140.0,363932000.0,8785212.0,1
1789485619.867567,speech,165,6,14972803.0,2400404.75,0.0,0.0,906797.5,0.0,0.0,0.0,0.0,61915.51953125,0.0,0.0,0.0,0.0,944961.5,0.0,1
1789485619.9124782,speech,164,7,0.0,285541216.0,0.0,518325408.0,0.0,61575624.0,6827000.0,10122712.0,0.0,0.0,0.0,0.0,0.0,0.0,0.0,0.0,1
1789485620.0255172,speech,168,16,164177472.0,144276864.0,0.0,10607728.0,16918440.0,5108162.0,12681634.0,0.0,0.0,0.0,0.0,1673880.125,0.0,6464201.5,18329162.0,0.0,1
1789485620.0966387,speech,151,16,0.0,0.0,0.0,0.0,0.0,0.0,0.0,1921791.625,0.0,142527904.0,291323648.0,299283264.0,537913664.0,998941952.0,514781504.0,381200256.0,1
1789485620.1605783,speech,151,4,9440021.0,12424678.0,0.0,0.0,0.0,0.0,0.0,4654774.0,0.0,0.0,0.0,0.0,8682103.0,0.0,0.0,0.0,1
1789485620.2062352,speech,170,9,42400560.0,29094136.0,190075936.0,0.0,2502247.75,3266094.0,36197216.0,0.0,0.0,13615512.0,0.0,0.0,0.0,0.0,0.0,0.0,1
1789485620.2820132,speech,170,6,0.0,7972860.0,0.0,2920988.75,0.0,116227.8125,0.0,0.0,0.0,2108763.5,0.0,0.0,0.0,0.0,0.0,0.0,1
1789485620.3283834,speech,171,6,0.0,6188259.0,7771874.0,0.0,0.0,2266667.0,425595.1875,0.0,0.0,0.0,0.0,0.0,0.0,0.0,0.0,0.0,1
1789485620.5646966,speech,144,13,0.0,48418336.0,0.0,0.0,0.0,0.0,0.0,0.0,0.0,0.0,0.0,6812069.0,13376725.0,135451920.0,187167056.0,114282504.0,1
1789485620.7232842,speech,145,15,6403853.0,0.0,0.0,0.0,11364969.0,11194444.0,0.0,0.0,0.0,0.0,0.0,37103792.0,17049410.0,27161236.0,21240036.0,16137482.0,1
1789485620.7810528,speech,145,3,0.0,0.0,0.0,0.0,736159.625,0.0,3887126.25,172620.453125,0.0,0.0,0.0,0.0,0.0,0.0,0.0,0.0,1
1789485620.8502107,speech,144,16,0.0,0.0,0.0,1328011.125,258657.109375,1547075.75,0.0,0.0,0.0,744203.0,2372034.75,6398909.0,3223746.0,2262350.5,2125363.0,0.0,1
1789485620.9096675,speech,1,5,0.0,0.0,33675880.0,0.0,2583589.5,119397.1796875,0.0,0.0,0.0,0.0,0.0,0.0,0.0,132676.015625,0.0,0.0,1
1789485620.9772222,speech,149,5,106648560.0,0.0,8739671.0,281715.84375,0.0,0.0,547472.125,0.0,0.0,0.0,436914.625,0.0,0.0,0.0,0.0,0.0,1
1789485621.4520435,speech,111,9,0.0,0.0,0.0,0.0,410413.8125,829036.375,0.0,0.0,0.0,0.0,0.0,160013.25,159634.28125,953119.4375,1725085.5,5558417.0,1
1789485621.511771,speech,135,5,0.0,0.0,0.0,0.0,0.0,0.0,0.0,0.0,0.0,0.0,0.0,55939.4453125,681086.375,593432.625,0.0,0.0,1
1789485621.5741014,speech,128,14,0.0,0.0,0.0,0.0,45882252.0,0.0,4109642.5,0.0,0.0,11659700.0,78511216.0,78667736.0,136599456.0,447214720.0,21508614.0,281251296.0,1
1789485621.6421459,speech,130,10,57528384.0,2921495.25,0.0,251421072.0,0.0,0.0,0.0,0.0,0.0,53775932.0,466070592.0,109975584.0,49270264.0,0.0,0.0,0.0,1
1789485622.0552301,speech,141,18,133769720.0,0.0,255109184.0,95050560.0,0.0,8690400.0,10753644.0,0.0,0.0,0.0,87029584.0,569796800.0,128340688.0,44845808.0,3703560.25,26029864.0,1
1789485622.1117733,speech,125,9,0.0,0.0,0.0,0.0,0.0,0.0,0.0,0.0,0.0,0.0,0.0,24724214.0,25955718.0,283345728.0,1513380864.0,967244416.0,1
1789485622.1838858,speech,125,4,0.0,0.0,0.0,0.0,0.0,0.0,0.0,0.0,0.0,1311759.25,543595.5625,0.0,1029664.125,6331616.0,0.0,0.0,1
1789485622.3083608,speech,160,10,866420480.0,0.0,25295320.0,0.0,5051779.5,21155038.0,3632551.5,0.0,0.0,0.0,3968188.5,167626.5625,263154.75,0.0,0.0,0.0,1
1789485622.3686874,speech,163,16,207214080.0,241415408.0,300757856.0,0.0,4160805.5,14075678.0,12059851.0,0.0,1325987.875,1897425.25,23482220.0,41151580.0,8623778.0,0.0,1419265.875,0.0,1
1789485622.4444563,speech,140,14,102169648.0,0.0,111103472.0,0.0,22399068.0,26613600.0,0.0,0.0,0.0,7512523.5,13465394.0,28921316.0,12758020.0,7573753.5,9298788.0,0.0,1
1789485622.5323546,speech,110,6,0.0,0.0,0.0,0.0,0.0,0.0,0.0,0.0,0.0,0.0,0.0,0.0,8284152.5,14001300.0,118322976.0,676155392.0,1
1789485622.5333347,speech,162,13,0.0,101200264.0,223940432.0,0.0,141895184.0,56960248.0,15675380.0,417980.78125,0.0,0.0,0.0,39391920.0,9074954.0,0.0,0.0,0.0,1
1789485622.722418,speech,161,10,72927512.0,0.0,0.0,0.0,40654280.0,10258982.0,10356320.0,6374407.5,0.0,0.0,0.0,7350522.0,0.0,0.0,0.0,0.0,1
1789485622.787884,speech,164,11,0.0,0.0,0.0,0.0,0.0,11630574.0,8373415.5,1118220.25,0.0,403941.03125,104617.703125,474060.5,0.0,219901.5625,0.0,0.0,1
1789485622.8520808,speech,163,4,0.0,2502842.0,5803368.5,0.0,0.0,0.0,0.0,0.0,0.0,0.0,0.0,0.0,0.0,0.0,1162985.25,0.0,1
1789485623.006805,speech,179,14,3098840.75,0.0,24511458.0,0.0,4905402.0,8883082.0,5809476.0,0.0,0.0,239003.203125,0.0,0.0,702428.5625,1337545.5,436603.75,0.0,1
1789485623.0673454,speech,159,19,0.0,853186.125,1691636.0,0.0,15990047.0,57040184.0,75675192.0,0.0,0.0,0.0,0.0,139469952.0,168771472.0,178187312.0,605695168.0,0.0,1
1789485623.1321542,speech,178,11,37730600.0,15120106.0,0.0,12627034.0,534332384.0,564041088.0,45585104.0,0.0,0.0,13557125.0,0.0,0.0,0.0,0.0,0.0,0.0,1
1789485623.2281191,speech,178,4,0.0,0.0,0.0,0.0,0.0,0.0,229468.40625,0.0,209831.625,676791.6875,0.0,0.0,0.0,0.0,0.0,0.0,1
1789485623.2738347,speech,178,3,0.0,0.0,0.0,0.0,0.0,0.0,144400.40625,0.0,0.0,0.0,0.0,807777.0,0.0,0.0,0.0,0.0,1
1789485623.3204186,speech,178,8,794330.625,5889890.0,0.0,0.0,0.0,0.0,89580.078125,640420.5625,0.0,0.0,344257.46875,152568.828125,270829.875,0.0,0.0,0.0,1
1789485623.4493144,speech,178,13,0.0,0.0,1696591.375,0.0,0.0,0.0,1212889.75,0.0,0.0,5152090.5,16021160.0,31532298.0,18093172.0,15546248.0,9054059.0,0.0,1
1789485623.4946501,speech,190,14,823395968.0,0.0,0.0,18387608.0,0.0,0.0,604198.5,5903001.0,2583265.0,438510.09375,7256909.5,2914625.25,1880924.0,0.0,0.0,0.0,1
1789485623.6397948,speech,189,9,166873760.0,0.0,0.0,19918720.0,0.0,0.0,0.0,0.0,0.0,0.0,0.0,4659276.0,24120888.0,35993712.0,0.0,0.0,1
1789485623.7106304,speech,197,16,686520.25,0.0,839473.25,2629225.0,11544114.0,0.0,408103.5,0.0,1301695.75,0.0,97623944.0,1528999168.0,1521734656.0,2044165504.0,0.0,0.0,1
1789485623.77443,speech,197,11,0.0,1361312.5,0.0,0.0,5395287.0,4856407.5,2975439.0,613952.6875,0.0,23540792.0,13033118.0,0.0,0.0,0.0,3488756.25,0.0,1
1789485623.8193548,speech,197,3,21581494.0,0.0,0.0,0.0,0.0,0.0,1366868.375,0.0,7439331.0,0.0,0.0,0.0,0.0,0.0,0.0,0.0,1
1789485623.988769,speech,225,8,54819708.0,39797672.0,0.0,0.0,0.0,693980.3125,2132126.0,0.0,197708.8125,690028.5,0.0,62870.8203125,0.0,0.0,0.0,0.0,1
1789485624.526727,speech,234,17,0.0,0.0,0.0,0.0,22705344.0,222094416.0,360043648.0,69922640.0,23775524.0,0.0,0.0,1024675968.0,2540522496.0,1544886272.0,144960048.0,0.0,1
1789485624.584288,speech,260,13,13534568.0,0.0,128933552.0,205200384.0,489898112.0,0.0,0.0,0.0,0.0,32500724.0,0.0,0.0,0.0,0.0,0.0,2362964480.0,1
1789485624.6476002,speech,260,4,214149872.0,0.0,10447600.0,0.0,0.0,0.0,0.0,0.0,0.0,0.0,738714.375,0.0,0.0,0.0,0.0,0.0,1
1789485624.6967876,speech,264,14,0.0,182311152.0,98540064.0,0.0,1090629.375,3374472.25,0.0,210911.40625,0.0,8448600.0,11430525.0,9226175.0,0.0,0.0,30838228.0,0.0,1
1789485624.762581,speech,263,16,9951421.0,0.0,934898816.0,171432704.0,197730784.0,6558495.0,2140802.5,0.0,1146036.5,0.0,0.0,0.0,0.0,66076188.0,273666272.0,682244352.0,1
1789485624.8268092,speech,263,11,0.0,0.0,281372096.0,376074560.0,138987088.0,13555706.0,3976898.0,285019.0,0.0,1938551.5,0.0,0.0,0.0,0.0,0.0,39952760.0,1
1789485624.8763103,speech,263,7,70531152.0,0.0,0.0,148947760.0,10371558.0,4838502.0,0.0,0.0,372015.03125,0.0,0.0,0.0,0.0,0.0,0.0,0.0,1
1789485625.288332,speech,264,13,437916480.0,0.0,254980.8125,59259696.0,0.0,0.0,3315404.25,0.0,865383.125,364487.6875,34519176.0,97788784.0,0.0,95960.9921875,0.0,2760080.25,1
1789485625.3482318,speech,265,10,518620384.0,0.0,0.0,0.0,200692816.0,0.0,0.0,0.0,0.0,0.0,4943691.5,113020096.0,97431944.0,0.0,0.0,0.0,1
1789485625.4123135,speech,264,15,402791488.0,17200798.0,531975.375,847335.625,397777344.0,186771920.0,611992.0,0.0,0.0,68264496.0,0.0,0.0,1925447.875,15656880.0,0.0,0.0,1
1789485625.4763684,speech,261,7,1412972288.0,17852952.0,0.0,0.0,4248871.0,0.0,0.0,2247132.0,0.0,0.0,0.0,0.0,0.0,0.0,0.0,0.0,1
1789485625.9229379,speech,281,22,0.0,16460816.0,31318400.0,6379354.5,3478017.0,2430248.5,17291538.0,0.0,0.0,3322546.25,0.0,2464125.25,1863506.75,2575220.5,8523052.0,36803688.0,1
1789485625.9833634,speech,280,23,0.0,577830.1875,592602.5,0.0,11439746.0,20923570.0,269234464.0,62213920.0,0.0,168376896.0,2283520.75,118317688.0,102475984.0,525582784.0,92502872.0,268214464.0,1
1789485626.0485113,speech,279,23,20383586.0,69391408.0,136094768.0,215191584.0,885860224.0,1030911040.0,115870008.0,4424231.0,0.0,18798352.0,0.0,12362937.0,0.0,13055986.0,0.0,87716888.0,1
1789485626.1128175,speech,272,11,269793504.0,628346496.0,67228000.0,0.0,0.0,0.0,0.0,0.0,4190742.5,0.0,0.0,0.0,1137865.5,2645340.0,0.0,0.0,1
1789485626.3029084,speech,281,34,51670360.0,21002250.0,225569280.0,87941440.0,7250257.0,3248801.5,6063274.0,11665869.0,3092849.5,4202095.5,8354553.5,12186609.0,3782281.0,7629234.0,40439296.0,267031184.0,1
1789485626.362766,speech,277,32,23107124.0,9690912.0,14367510.0,22154348.0,395284352.0,113324656.0,19743906.0,0.0,11475762.0,37684188.0,14595968.0,117081112.0,263133856.0,901663040.0,980344704.0,545035840.0,1
1789485626.460892,speech,277,28,58710144.0,56492196.0,118039520.0,29045072.0,10191834.0,5353922.0,31711442.0,21302244.0,0.0,6818074.0,16797176.0,0.0,12335577.0,20245518.0,45628260.0,50802108.0,1
1789485626.5070736,speech,285,21,56980224.0,1177264896.0,479070528.0,30941544.0,26560900.0,7782882.0,58013396.0,14079263.0,0.0,0.0,0.0,0.0,0.0,5030056.0,16813880.0,21427322.0,1
1789485626.6837757,speech,287,24,20585346.0,12784282.0,0.0,31061554.0,77396520.0,52217932.0,28621292.0,0.0,0.0,833557632.0,66885968.0,18786662.0,3322219.0,3397204.5,1523809.75,566527.6875,1
1789485626.7438128,speech,285,22,9214875.0,12290144.0,18777728.0,0.0,18416022.0,15496274.0,18389458.0,0.0,0.0,28542382.0,242456128.0,991772160.0,607002944.0,188957120.0,42901456.0,42720368.0,1
1789485627.2861855,speech,293,32,7954071.5,8759498.0,3121246.5,11420836.0,26715196.0,37791384.0,30241404.0,193629.5,2184960.5,18351526.0,8982084.0,5308889.0,7216989.0,35147576.0,106794984.0,182945952.0,1
1789485627.348956,speech,293,11,22135310.0,52242716.0,0.0,0.0,569746.125,623725.1875,0.0,0.0,0.0,0.0,1700125.25,1172567.75,678344.6875,0.0,17791622.0,113390008.0,1
1789485627.3947334,speech,293,11,2502950.25,0.0,0.0,0.0,0.0,0.0,0.0,0.0,0.0,338675.59375,0.0,1924627.125,2133067.25,3750771.0,3794215.75,13746797.0,1
1789485627.4402301,speech,295,22,15425070.0,102554704.0,274176544.0,212832768.0,32528556.0,2240413.5,222729.1875,0.0,0.0,3521342.0,0.0,5595866.0,3153924.5,15326268.0,23449716.0,15131506.0,1
1789485627.69843,speech,312,32,39600068.0,33276708.0,104557968.0,826633600.0,276676576.0,48524400.0,61219440.0,0.0,8693995.0,131922552.0,124365856.0,491645024.0,512143488.0,786087296.0,562966656.0,149892016.0,1
1789485627.7560399,speech,313,23,12323402.0,0.0,345439392.0,267196224.0,282745568.0,85170600.0,26080004.0,11861432.0,3400970.5,0.0,12404945.0,12480718.0,0.0,10516154.0,37800208.0,24236168.0,1
1789485627.8176773,speech,321,22,53674692.0,101520440.0,956141440.0,108394416.0,45946488.0,0.0,3585962.75,9554082.0,0.0,4234225.5,2592325.75,2242224.5,0.0,5707685.5,4867717.5,0.0,1
1789485627.8793979,speech,322,23,0.0,13624433.0,24601036.0,0.0,11359636.0,7952418.0,5005255.5,756435.0625,778372.0,0.0,1685742.5,1555178.5,3838987.0,18833028.0,10408966.0,352221120.0,1
1789485627.9413228,speech,326,23,0.0,475652.5625,3117543.75,0.0,0.0,2343744.5,5335420.0,1809749.0,670817.25,633954.375,2812047.0,11041998.0,19023366.0,36139816.0,616955904.0,3151654400.0,1
1789485628.299777,speech,348,39,10340208.0,11972548.0,28528422.0,7752761.0,54076724.0,22882162.0,1600332032.0,927020736.0,175139616.0,165934688.0,31840520.0,181307040.0,263017264.0,1638006656.0,2892146944.0,2881397504.0,1
1789485628.3589683,speech,346,32,46360548.0,31576122.0,0.0,8904940.0,33782636.0,175072896.0,217169952.0,248440256.0,76162912.0,113324208.0,116829216.0,117361504.0,254121088.0,230977616.0,1212182784.0,718656192.0,1
1789485628.4243531,speech,354,28,93769176.0,0.0,145393456.0,14814608.0,90211760.0,12059516.0,198277056.0,163088720.0,36841592.0,22253800.0,42898180.0,129531736.0,152074464.0,1140174208.0,390978048.0,0.0,1
1789485628.9351988,speech,354,30,165619696.0,2993511.5,14522855.0,48169052.0,111678240.0,135141120.0,96384576.0,138093152.0,17766796.0,59919588.0,5573109.0,42939904.0,1808497.25,25006316.0,27670096.0,299273600.0,1
1789485628.9800982,speech,353,27,250599968.0,23983932.0,59509192.0,190342080.0,49813376.0,194150576.0,34178464.0,187385920.0,10049121.0,45271632.0,18351038.0,9723728.0,2951826.0,8916538.0,0.0,0.0,1
1789485629.1255934,speech,353,38,411038848.0,79324896.0,99865008.0,83657696.0,33766312.0,53943832.0,122624008.0,72621336.0,14307710.0,37746456.0,98254944.0,234683024.0,73010464.0,229154656.0,243754432.0,348871168.0,1
1789485629.170503,speech,353,24,339545024.0,111013464.0,102352640.0,44260604.0,7189011.0,256139296.0,80413216.0,364056864.0,7421793.0,66734152.0,13489832.0,73908416.0,0.0,22506754.0,22345740.0,9626048.0,1
1789485629.2163365,speech,354,23,329369152.0,135418848.0,208530992.0,146443776.0,36081176.0,340723360.0,44969408.0,135382144.0,4177120.0,0.0,0.0,4790697.0,9770586.0,1415961.375,5781746.0,0.0,1
1789485629.315068,speech,358,28,177955952.0,216889248.0,412754432.0,131941920.0,119727328.0,153498144.0,210027120.0,401710912.0,57372480.0,21254708.0,6193957.5,0.0,500865.6875,1255065.25,6755423.5,2022455.625,1
1789485629.380371,speech,358,18,522987168.0,0.0,2135059456.0,326524.625,0.0,0.0,0.0,0.0,6022294.0,2762885.75,5389991.0,1702279.25,855264.75,551562.125,432188.3125,361945.1875,1
1789485629.426802,speech,359,22,609839104.0,0.0,1601776896.0,21579300.0,211697472.0,22523004.0,208907136.0,24554322.0,0.0,589452.625,799207.8125,2676492.75,0.0,886505.625,575307.5625,1173651.25,1
1789485629.492848,speech,359,29,182876704.0,143132944.0,68358368.0,21328014.0,14616662.0,0.0,8661264.0,9259668.0,8895036.0,1117985.5,3525353.5,2258244.5,36347648.0,128101856.0,5640789.0,14450778.0,1
1789485629.5427365,speech,358,23,21708792.0,88405088.0,65100948.0,8036585.0,2393408.0,3445753.0,0.0,597178.875,650755.5,0.0,5019208.5,6296247.0,42569736.0,142168352.0,8424998.0,27899116.0,1
1789485629.6074378,speech,0,35,5306084.5,4526365.5,130451920.0,54221360.0,92020560.0,80592672.0,75484592.0,80594096.0,33419544.0,93502368.0,195023200.0,103167672.0,49131764.0,335027872.0,273226880.0,205028640.0,1
1789485629.6729956,speech,3,31,53534332.0,43099120.0,70809184.0,76050856.0,71973544.0,32743000.0,0.0,37546016.0,0.0,450356000.0,66914592.0,125270056.0,21784386.0,73586768.0,190585248.0,1112026496.0,1
1789485629.7394412,speech,1,21,482682336.0,243733088.0,208615968.0,423332928.0,173849120.0,43926432.0,172358752.0,0.0,0.0,68071712.0,156872528.0,61484832.0,51426668.0,33577352.0,0.0,0.0,1
1789485629.8546927,speech,4,14,0.0,11420793.0,37652856.0,5119113.5,0.0,34437184.0,0.0,0.0,5345732.0,0.0,0.0,0.0,0.0,44713212.0,166621600.0,772722688.0,1
1789485629.9153001,speech,5,19,8653469.0,3352913.0,14141124.0,21474560.0,26710248.0,0.0,21684344.0,0.0,0.0,8350219.5,0.0,761747.375,2494759.25,20748860.0,32368786.0,150748416.0,1
1789485629.9912622,speech,4,32,2102015.5,26626184.0,105931640.0,26959256.0,26397208.0,2565052.5,21382098.0,0.0,5946949.0,65493408.0,58010388.0,31314318.0,69483640.0,136169888.0,322210624.0,3238604032.0,1
1789485630.0561633,speech,4,30,37991244.0,60842876.0,169338256.0,17710168.0,43734456.0,34334240.0,29609776.0,8845894.0,4170216.5,0.0,9124028.0,12644167.0,0.0,15585664.0,46813528.0,0.0,1
1789485630.1014204,speech,4,28,26820328.0,27790308.0,16875272.0,28169504.0,7963119.5,7511917.5,30293444.0,0.0,0.0,4406744.0,0.0,1905874.5,4418719.5,4520080.5,36441856.0,67719184.0,1
1789485630.151109,speech,3,16,0.0,2112739.75,1815224.625,4899182.0,3187535.25,5461153.0,2588303.0,0.0,178572.265625,1696458.125,599524.5,1780247.125,0.0,0.0,2293691.25,3722448.5,1
1789485630.5186627,speech,0,22,887010560.0,60615740.0,143396320.0,26963900.0,19604596.0,0.0,0.0,0.0,2013788.5,2476862.75,1198843.0,0.0,0.0,692658.125,2107666.0,1537875.25,1
1789485630.582189,speech,4,21,398202016.0,128678320.0,49844416.0,19185834.0,11022515.0,471820.1875,0.0,0.0,2690528.75,1072683.0,1190257.75,789506.375,0.0,532203.0,1956121.25,470767.6875,1
1789485630.6465476,speech,356,29,57614400.0,0.0,222793440.0,674938048.0,2640887552.0,933381056.0,306757824.0,0.0,0.0,16539205.0,4989553.0,22146008.0,14873028.0,38495380.0,10411521.0,94341120.0,1
1789485630.7105725,speech,356,20,3957400.0,0.0,1257529.5,24450764.0,46862360.0,0.0,104633248.0,16223589.0,0.0,37208884.0,2553331.75,3765316.5,5078760.5,21843682.0,85949552.0,115963232.0,1
1789485630.7558026,speech,357,21,378304.9375,0.0,0.0,33429572.0,108479392.0,5361208.0,18644648.0,13774622.0,0.0,8013986.0,6439184.5,12336039.0,2274713.0,28652762.0,15765085.0,443470432.0,1
1789485630.8193123,speech,357,4,0.0,0.0,543430.6875,12671030.0,0.0,0.0,6368240.5,0.0,0.0,0.0,0.0,0.0,0.0,0.0,0.0,0.0,1
1789485630.8644822,speech,357,10,0.0,0.0,3687245.5,8428903.0,0.0,0.0,4607228.5,0.0,148660.140625,0.0,395843.96875,353145.71875,441689.96875,180886.6875,0.0,0.0,1
1789485630.963924,speech,4,24,0.0,0.0,24806372.0,9851806.0,6532598.5,0.0,8060183.0,0.0,0.0,3189859.0,420481.03125,312586.9375,1841037.0,134155568.0,196095904.0,101490912.0,1
1789485631.0274498,speech,3,28,906213.0,9085892.0,46290160.0,113524432.0,88048272.0,12376566.0,7309125.0,0.0,1418653.375,1466389.0,0.0,12261566.0,14405898.0,50097600.0,320550752.0,94775256.0,1
1789485631.0923035,speech,4,23,654190.625,1454753.0,41589928.0,16615629.0,12614152.0,5149520.0,0.0,1707066.5,448393.0625,0.0,6621571.5,4749155.0,2929133.75,17626608.0,17463228.0,81399552.0,1
1789485631.1566675,speech,358,25,0.0,0.0,7239567.5,21970432.0,13122190.0,1066254.125,14810260.0,1566494.625,0.0,1140013.0,915328.0625,2003406.875,1140156.75,10029061.0,10074421.0,239815376.0,1
1789485631.312813,speech,4,33,624738816.0,602734336.0,1572788992.0,250834272.0,54135004.0,5198732.0,12627990.0,1294227.375,22991552.0,19050222.0,22666046.0,8992719.0,440892.75,19373916.0,35648032.0,779158464.0,1
1789485631.37247,speech,4,18,52428736.0,237871504.0,110113424.0,7759285.0,0.0,0.0,0.0,451706.0625,3366241.75,3180228.0,716611.125,3490090.0,0.0,0.0,4428671.0,0.0,1
1789485631.422694,speech,0,23,33834872.0,216379616.0,590559616.0,37752800.0,35369872.0,0.0,2221522.0,0.0,1286238.25,1583651.0,1067983.875,4732160.0,0.0,9958311.0,5747344.0,56098100.0,1
1789485631.566588,speech,354,31,0.0,17636420.0,60665580.0,51345656.0,78920896.0,73078752.0,14934275.0,1085390.25,5730314.0,75230064.0,9970823.0,26270130.0,21940844.0,28268934.0,19770116.0,46385620.0,1
1789485631.6276014,speech,358,31,519679.09375,9718355.0,55839216.0,10635030.0,112290992.0,0.0,5826342.5,1662415.625,0.0,23546820.0,38875612.0,20881938.0,32209092.0,59550260.0,20457602.0,11525580.0,1
1789485631.691657,speech,1,22,41689648.0,2497147.0,1311723264.0,605564352.0,515598592.0,88785760.0,2151349.5,0.0,4454230.5,0.0,0.0,0.0,18728266.0,81222720.0,480596544.0,515783296.0,1
1789485631.7559547,speech,2,17,29921488.0,1289595.0,1362674432.0,13628904.0,13638167.0,26824118.0,23431896.0,6065629.5,0.0,0.0,4499514.0,0.0,0.0,4767114.0,5140058.5,0.0,1
1789485631.8198304,speech,2,28,120829872.0,14992846.0,932279680.0,106318272.0,2521605.25,8622756.0,3200617.0,183493.71875,254167.171875,6704908.0,6806270.0,9148271.0,553521.6875,2507746.75,3605689.0,37635000.0,1
1789485631.8693004,speech,1,32,50100280.0,162967232.0,579762624.0,393665024.0,63537220.0,23373096.0,17027964.0,1457406.75,0.0,4747751.0,1761573.0,4296479.0,11778975.0,29397772.0,212200720.0,591615232.0,1
1789485631.93332,speech,1,20,16282757.0,302637184.0,673251584.0,0.0,0.0,0.0,595305.125,312030.0,752719.1875,584573.4375,1877592.875,681316.25,0.0,2803678.0,2827807.0,10924100.0,1
1789485631.9821587,speech,1,18,208725056.0,201551968.0,179133744.0,0.0,0.0,1750446.0,354627.84375,0.0,613818.875,1041826.0625,0.0,603238.3125,0.0,1722339.25,7204740.0,10023381.0,1
1789485632.027524,speech,1,10,690624.75,0.0,0.0,0.0,526970.1875,187316.671875,251377.6875,0.0,0.0,0.0,0.0,418717.0625,72936.65625,0.0,1164672.875,0.0,1
1789485632.077361,speech,1,16,0.0,0.0,0.0,0.0,462574.625,874901.125,72037.109375,358888.84375,0.0,212812.65625,617586.25,621798.25,136370.59375,745751.9375,1774737.25,1262349.0,1
1789485632.1217904,speech,1,24,0.0,1148680.625,27977702.0,2467731.0,6201288.0,2818525.5,1829378.625,413525.1875,1284655.875,1131401.125,2086785.0,0.0,110197.1953125,1846122.75,5446758.5,167164704.0,1
1789485632.1707976,speech,1,21,8964474.0,9820637.0,539988352.0,441782560.0,0.0,36112612.0,35301476.0,6469111.0,33445228.0,7413440.5,8692353.0,35077432.0,0.0,9393470.0,6124515.5,22317968.0,1
1789485632.2310412,speech,1,17,11398184.0,11403358.0,37137612.0,140646368.0,12190462.0,1873548.5,3982058.5,0.0,2654414.0,10384214.0,0.0,0.0,0.0,0.0,0.0,1877874.5,1
1789485632.276749,speech,1,32,2447495.0,2676889.0,329140000.0,539857984.0,17723132.0,78893096.0,73454312.0,2252651.25,33452612.0,121041568.0,83134512.0,109768960.0,40981808.0,42827464.0,11721546.0,12603474.0,1
1789485632.3343046,speech,1,18,8615837.0,7259441.5,50053936.0,0.0,27088220.0,2133480.25,1366638.25,0.0,0.0,634890.5,329225.0625,0.0,856828.375,0.0,7650827.0,12018028.0,1
1789485632.3804603,speech,1,15,440251.6875,17688614.0,75619392.0,2563151.75,19207444.0,32462860.0,0.0,486130.71875,0.0,284424.75,1405377.5,154436.71875,0.0,0.0,0.0,40476776.0,1
1789485632.5167491,speech,5,26,282032448.0,709826176.0,292830464.0,6176864.0,420981.3125,911148.5625,1378222.25,1707865.75,4558086.0,18333336.0,3353969.75,0.0,705712.9375,1308102.75,2001644.625,59364200.0,1
1789485632.5767498,speech,5,20,255078032.0,146577216.0,75441016.0,5059441.0,3838222.0,1235533.375,1413905.75,0.0,4765537.0,4185922.5,0.0,0.0,0.0,599364.125,2022009.125,0.0,1
1789485632.6262305,speech,5,16,10506542.0,66491460.0,2479809.5,2760945.5,2167110.5,0.0,3051992.0,0.0,0.0,431343.5,1704661.25,0.0,0.0,881148.4375,547923.6875,160039.578125,1
1789485632.8019824,speech,358,30,7965531.0,16298510.0,182564688.0,19619046.0,60979056.0,8000681.5,1036395.6875,538581.625,672534.125,2375224.25,1797366.75,2702691.0,1833774.25,0.0,12243330.0,16117750.0,1
1789485632.8658757,speech,358,30,61748972.0,27206716.0,297276800.0,300224384.0,1061896512.0,1335177472.0,0.0,12641354.0,115541440.0,57446736.0,41618148.0,78948504.0,14185070.0,108398744.0,141104096.0,237520256.0,1
1789485632.9114432,speech,359,32,115820296.0,22351042.0,292072480.0,334971840.0,1103568640.0,1662246656.0,0.0,0.0,61520452.0,42281556.0,45107384.0,83973264.0,35121000.0,160461520.0,219149024.0,870352512.0,1
1789485632.975805,speech,359,26,122264648.0,126363592.0,1001051776.0,776164480.0,118925928.0,88825608.0,59519336.0,0.0,0.0,236740864.0,484579200.0,856112640.0,0.0,186157536.0,285998656.0,309254336.0,1
1789485633.0220106,speech,3,34,169992032.0,260725648.0,2282089472.0,656898432.0,251724672.0,206527472.0,33241836.0,0.0,42185568.0,262641568.0,278625248.0,1208045440.0,288749696.0,162624192.0,636040960.0,235616112.0,1
1789485633.0866163,speech,358,20,5438244.5,6418339.5,26957356.0,195218368.0,150274960.0,14743582.0,0.0,0.0,1247951.25,9499791.0,4544973.5,49748592.0,0.0,8147341.0,45083548.0,1288526592.0,1
1789485633.1514955,speech,2,24,0.0,0.0,0.0,17117058.0,159060768.0,47652288.0,11926514.0,0.0,111370112.0,122805112.0,14952462.0,28465790.0,4871799.5,142008496.0,108739376.0,244128720.0,1
1789485633.2155063,speech,357,26,8746418.0,6173474.0,22903170.0,35688480.0,109187856.0,30793212.0,24767950.0,0.0,81331072.0,26223230.0,38797168.0,34756112.0,0.0,8763088.0,171506000.0,404865120.0,1
1789485633.2803605,speech,357,26,2441261.5,9263090.0,29192166.0,17556162.0,66809040.0,45539672.0,5008788.0,6833864.5,35033744.0,0.0,6911466.0,5736794.5,14678802.0,9880786.0,200185904.0,710775680.0,1
1789485633.6260042,speech,2,30,189268.1875,60805.40625,16338801.0,4383841.0,5834530.5,2424403.5,1173627.75,338407.28125,0.0,474705.9375,331598.90625,342019.09375,2982562.5,8081057.0,20591650.0,165074112.0,1
1789485633.6902816,speech,2,29,2172587.5,2881024.5,22596096.0,10615596.0,16509106.0,6101967.0,0.0,0.0,0.0,9079004.0,8225619.0,4803033.0,17071632.0,41706136.0,73646464.0,51164312.0,1
1789485633.7368858,speech,3,26,1893736.0,2438992.25,46413712.0,3707256.0,11067877.0,3849658.25,1629754.0,179688.40625,219325.625,1687906.0,1090435.875,657959.8125,879054.4375,26460462.0,78573088.0,161819440.0,1
1789485633.8795273,speech,2,32,303801664.0,840598720.0,1381796608.0,332676992.0,79498736.0,60734204.0,5494618.0,0.0,11794051.0,11201968.0,11042314.0,18253172.0,2708545.0,18807244.0,7981287.0,28045224.0,1
1789485633.9425914,speech,2,23,120134520.0,1423062528.0,160553664.0,2816299.5,3505039.75,6694032.0,779252.75,750501.125,66889.78125,865295.625,1029034.75,1086902.875,242053.96875,0.0,1034914.125,6774348.5,1
1789485634.0695758,speech,355,35,32679068.0,24662880.0,249915344.0,329716480.0,2310851328.0,1056166848.0,545685760.0,0.0,470581312.0,213580576.0,115840336.0,19514396.0,8185430.0,36883520.0,19001978.0,27666420.0,1
1789485634.13334,speech,357,29,64123300.0,65289896.0,225726688.0,1487678976.0,821921344.0,769356096.0,440792608.0,508573216.0,137387200.0,3130599.5,2177697.5,6629067.5,0.0,5068191.5,9632379.0,2501983.5,1
1789485634.3548288,speech,359,19,154257680.0,67535968.0,62480048.0,2940256.5,1195042.0,3276095.5,2708118.75,0.0,0.0,0.0,0.0,803350.75,885857.875,0.0,2535730.25,9097051.0,1
1789485634.415165,speech,359,15,0.0,0.0,34272440.0,3361612.5,0.0,616014.75,800038.125,215475.96875,0.0,582274.9375,1002086.875,255271.984375,0.0,389482.125,820359.625,4153872.5,1
1789485634.5129955,speech,354,30,12374717.0,29615690.0,172126256.0,359515392.0,784464768.0,102002600.0,106089792.0,0.0,23988296.0,254496224.0,495329952.0,626088832.0,38273404.0,69721456.0,53660216.0,51020140.0,1
1789485634.5771632,speech,4,25,5392472.0,33981848.0,111295168.0,274768320.0,1289234432.0,0.0,35863768.0,0.0,27431586.0,47610600.0,65044464.0,62029512.0,0.0,539525760.0,3441825536.0,2326041600.0,1
1789485634.6420016,speech,4,14,0.0,51140652.0,226367520.0,278248544.0,0.0,24218296.0,0.0,2285557.25,0.0,5885949.0,13320649.0,13440122.0,0.0,0.0,0.0,19721548.0,1
1789485634.7030795,speech,2,21,14259444.0,21386694.0,45176932.0,4290273.5,40248232.0,1555360.875,0.0,542353.25,259940.625,2160031.5,0.0,0.0,4769103.0,457964.0,0.0,0.0,1
1789485634.7672842,speech,2,7,0.0,0.0,1494524.0,0.0,0.0,1554527.25,146855.0625,80143.1171875,0.0,0.0,1555510.625,0.0,1573071.875,0.0,0.0,0.0,1
1789485634.8135204,speech,2,9,0.0,0.0,2412139.5,0.0,0.0,1041761.5,134964.75,0.0,1170869.625,612545.0,0.0,0.0,0.0,1608835.5,0.0,1145897.5,1
1789485634.859044,speech,4,21,0.0,0.0,0.0,3038090.75,1878089.75,126285.65625,1329722.875,97101.96875,0.0,985303.9375,1726409.25,0.0,0.0,2620319.0,2126416.5,2461566.0,1
1789485634.9247913,speech,4,22,389374.65625,854169.625,2444265.0,875176.5,435522.84375,447134.1875,456484.625,0.0,0.0,0.0,904752.5,664739.875,0.0,466722.1875,5613501.0,12675993.0,1
1789485634.9738503,speech,1,33,941515.0625,2683721.75,19432958.0,34779120.0,36120492.0,35784404.0,15947521.0,1108506.625,971388.125,501011.90625,536987.9375,6889789.5,14962948.0,32630418.0,37158476.0,302559680.0,1
1789485635.1785111,speech,2,27,79428.4296875,23166628.0,604142720.0,139867360.0,28413472.0,5044345.5,5978792.0,1340222.0,0.0,13254590.0,24537280.0,20106616.0,0.0,0.0,20966096.0,284421120.0,1
1789485635.2385914,speech,0,26,111485824.0,119759280.0,534327040.0,73288760.0,114709616.0,8334674.0,12225888.0,485911.625,1539964.0,10796158.0,0.0,1550532.375,0.0,1790029.125,8052078.5,0.0,1
1789485635.302744,speech,2,28,28541608.0,0.0,1136924672.0,185494400.0,50013412.0,15312366.0,25161872.0,9353042.0,7915930.0,1236270.25,1719865.0,1186034.375,0.0,2870282.0,5834358.5,0.0,1
1789485635.3784626,speech,359,31,15772486.0,17511172.0,1296561920.0,2271259136.0,267866384.0,99651696.0,84846456.0,76371536.0,0.0,18620194.0,8324937.0,8585114.0,8215007.5,45597224.0,50738492.0,76197040.0,1
1789485635.7815232,speech,6,26,0.0,965885.75,8106241.5,6199043.0,601873.75,4460429.5,2130983.75,8135153.5,2187610.0,0.0,0.0,1565894.375,8943452.0,44560980.0,79967008.0,61411772.0,1
1789485635.8456297,speech,0,29,696844.375,208450.78125,14983555.0,14407976.0,37439280.0,15627839.0,1587928.5,0.0,3197973.5,6667331.0,1161339.125,7416940.0,7453041.0,15537713.0,14664030.0,72149888.0,1
1789485635.9100342,speech,1,21,0.0,0.0,13407440.0,986310.875,3135973.0,3421400.5,1102417.375,0.0,0.0,2732288.75,0.0,680181.875,8112418.5,127347816.0,68435512.0,589735680.0,1
1789485636.034142,speech,1,25,365114.71875,4932071.0,23264596.0,12288250.0,9137922.0,684178.875,506881.375,65424.3046875,2837770.5,611466.3125,69561.578125,204972.90625,611164.3125,0.0,0.0,4980654.5,1
1789485636.0798783,speech,3,24,0.0,440857.0,36765548.0,25682330.0,6491660.5,885068.75,605617.0,287564.75,869275.0,338184.375,1704670.375,2524947.25,890451.5,2888088.0,3174438.5,3102354.0,1
1789485636.1460874,speech,4,18,0.0,0.0,12595991.0,0.0,1631095.375,0.0,880320.25,520759.125,0.0,2495995.75,0.0,848378.875,1486045.875,3227063.5,644748.875,6549591.0,1
1789485636.2110271,speech,359,34,81490080.0,121990032.0,457878368.0,916996992.0,373737088.0,432023904.0,20324442.0,32575972.0,8706864.0,28942222.0,7943641.0,61392432.0,79679136.0,342890944.0,406218368.0,151839296.0,1
1789485636.4147773,speech,2,34,167536384.0,371811904.0,1844403456.0,386873952.0,189337024.0,60266784.0,11304226.0,3193735.0,4236773.0,8373667.0,13520874.0,22177252.0,12944610.0,4350139.0,9851419.0,61571600.0,1
1789485636.573266,speech,2,28,35932728.0,126459512.0,321559584.0,65386300.0,22733282.0,0.0,0.0,540727.1875,1982813.0,0.0,3594161.0,1146415.625,913902.75,2272649.5,6883473.5,1173751.25,1
1789485636.6186233,speech,2,34,60799240.0,299440288.0,755211904.0,60620272.0,49140004.0,23441484.0,14118078.0,2755990.0,2933398.0,6911083.0,6159171.5,3874734.0,4930329.0,8779186.0,8018275.0,20556740.0,1
1789485636.6757529,speech,2,34,1059841.75,0.0,16265533.0,11709938.0,11501889.0,3468528.25,2278873.5,1629807.25,5121850.0,18565704.0,17856624.0,41509676.0,21603320.0,83088424.0,197970832.0,356286848.0,1
1789485636.721206,speech,0,26,23107118.0,12928274.0,68188072.0,62116956.0,16627790.0,7747287.0,763746.9375,0.0,0.0,0.0,2835771.5,6688416.0,2299595.0,32618364.0,70062752.0,112356664.0,1
1789485636.890563,speech,357,34,0.0,18766204.0,371852992.0,1057951232.0,885489984.0,61274536.0,42699136.0,9112175.0,4567202.5,26100614.0,92950736.0,179823072.0,117075936.0,264555680.0,58526424.0,60338304.0,1
1789485636.950573,speech,0,20,32853786.0,13434745.0,561118080.0,471182016.0,138759712.0,6962740.0,12602680.0,266150.03125,113502.84375,20559370.0,0.0,0.0,0.0,0.0,2307970.5,0.0,1
1789485637.0265288,speech,0,23,53991280.0,91156976.0,97361208.0,0.0,0.0,4218632.5,0.0,0.0,154423.25,1368545.375,519189.75,1888347.5,634647.875,10609922.0,41024484.0,81119264.0,1
1789485637.071201,speech,0,29,8404178.0,24604520.0,877165568.0,1586868736.0,699426112.0,50336708.0,4717953.0,0.0,607632.375,4010426.5,3239720.75,5874380.5,11924010.0,37861816.0,83683152.0,105183416.0,1
1789485637.1203957,speech,1,37,12411086.0,18819714.0,101289184.0,103682248.0,508053600.0,118759952.0,38436212.0,2271317.5,3277195.75,8945999.0,4773468.0,23478776.0,26421488.0,253928256.0,800353408.0,1216724352.0,1
1789485637.1853511,speech,0,28,13565108.0,13631956.0,52381224.0,73326600.0,12462827.0,287153664.0,65645036.0,0.0,30044014.0,94413168.0,64205676.0,57635272.0,21691740.0,16417952.0,783123584.0,1281202560.0,1
1789485637.7143383,speech,359,34,406453376.0,191119424.0,95606168.0,111067008.0,62824076.0,198198016.0,13962552.0,41124120.0,2243333.25,39470168.0,1037918.875,28609784.0,7892921.0,53050564.0,64928824.0,11989107.0,1
1789485637.7753413,speech,358,23,187324544.0,80154648.0,11272865.0,21644472.0,19805182.0,270801408.0,6175494.0,0.0,88339.640625,178963232.0,324739680.0,2827011.75,22532152.0,2345441.0,64398304.0,16578251.0,1
1789485637.935781,speech,359,21,3498207744.0,4169908.25,8269114.0,180532256.0,131298192.0,0.0,16396593.0,55272472.0,9085816.0,1124780.75,2049674.5,17945108.0,0.0,0.0,41815044.0,22590854.0,1
1789485637.9996722,speech,357,20,3895465728.0,0.0,1486945.875,28891832.0,4657249.0,0.0,0.0,0.0,1089982.875,604655.0625,5187190.5,66640756.0,0.0,24049.884765625,16159891.0,11672950.0,1
1789485638.0639396,speech,358,18,3459090944.0,0.0,446410.5625,51983864.0,25459104.0,0.0,7210396.0,50996404.0,0.0,0.0,17182604.0,87557304.0,83123.140625,0.0,706339.125,1291815.875,1
1789485638.1279163,speech,358,10,0.0,0.0,22150952.0,2156902.75,2486768.75,5281402.0,746378.9375,0.0,0.0,0.0,0.0,0.0,0.0,0.0,2663885.5,6507970.5,1
1789485638.1723247,speech,1,21,277066560.0,1238102016.0,0.0,146010224.0,125754784.0,0.0,25655704.0,7836592.0,8546654.0,26653232.0,1030796.125,3018319.0,1238824.75,0.0,448368.5625,1865517.25,1
1789485638.2373552,speech,1,17,35174784.0,0.0,35389300.0,8170757.5,10275116.0,0.0,0.0,987574.8125,0.0,2236994.5,429772.1875,1338316.875,0.0,841940.375,888954.875,2121039.0,1
1789485638.2833173,speech,1,11,12810055.0,13562705.0,0.0,0.0,2762564.25,757532.875,667078.125,0.0,0.0,282254.21875,0.0,298265.75,0.0,0.0,523821.4375,1994528.0,1
1789485638.3485277,speech,2,14,397143.8125,0.0,0.0,0.0,0.0,0.0,38510240.0,0.0,0.0,5843663.5,1015280.375,1759254.75,0.0,0.0,8530647.0,16874044.0,1
1789485638.4087055,speech,353,29,101946384.0,7979697.0,66443276.0,62126880.0,674194816.0,465934016.0,18727668.0,12639726.0,0.0,95201160.0,25135600.0,23254224.0,1655210.875,11107738.0,13603876.0,20001904.0,1
1789485638.484971,speech,3,21,5613919.0,5331395.0,67239712.0,18561268.0,10580578.0,0.0,5612314.0,0.0,0.0,0.0,0.0,217972.828125,216473.71875,35993996.0,235398432.0,250201664.0,1
1789485638.548803,speech,1,24,533831584.0,368359904.0,820167168.0,375980768.0,129332208.0,107986896.0,0.0,0.0,0.0,0.0,16258950.0,40151928.0,0.0,99038720.0,149396672.0,113489664.0,1
1789485638.6133578,speech,354,21,0.0,6362366.0,297985760.0,0.0,0.0,22377160.0,9768896.0,0.0,30414804.0,89259576.0,7906672.0,59319176.0,39788696.0,6751213.0,40505096.0,234966944.0,1
1789485638.676949,speech,354,8,0.0,0.0,690165184.0,0.0,362817824.0,98614864.0,0.0,0.0,0.0,0.0,0.0,0.0,0.0,0.0,0.0,0.0,1
1789485638.7220743,speech,359,20,316833472.0,99767864.0,324014208.0,485854592.0,295829280.0,341453120.0,80989856.0,0.0,0.0,30157090.0,0.0,33343758.0,0.0,673432.625,7118111.0,8803792.0,1
1789485638.7863898,speech,356,27,90027872.0,25780380.0,43196192.0,138891584.0,273317184.0,0.0,87210336.0,2078953.75,7960546.0,10374562.0,826196.8125,4730834.0,3006518.0,3078135.0,5132592.0,12073538.0,1
1789485638.8616784,speech,0,33,232605008.0,321400288.0,257169296.0,73427680.0,101395632.0,157073184.0,65529600.0,0.0,6171004.0,7672186.5,3572908.5,3684897.5,949601.125,14608208.0,42949596.0,34668680.0,1
1789485638.9262545,speech,359,28,96976056.0,15876726.0,34908648.0,2360234.25,2118037.5,166246864.0,0.0,18336524.0,18521442.0,104858128.0,98497688.0,115052408.0,0.0,63283400.0,20224992.0,92137720.0,1
1789485639.172133,speech,356,37,2323345.25,31918114.0,87526696.0,146239040.0,525946784.0,357026048.0,389925056.0,58397380.0,19324524.0,32393906.0,5256000.0,12987554.0,6831497.5,11061802.0,15806853.0,19828308.0,1
1789485639.2321568,speech,354,32,28045140.0,17522716.0,90301664.0,5189813.5,122070048.0,135639520.0,464344768.0,91671744.0,55887960.0,105969168.0,36754596.0,23005078.0,6828736.5,5907482.0,35709592.0,35188220.0,1
1789485639.2964027,speech,356,23,16210984.0,10103515.0,4189002.5,4234273.0,28153724.0,83437376.0,0.0,17220756.0,0.0,21378768.0,9214419.0,7656557.0,11805690.0,29977528.0,56738912.0,62528744.0,1
1789485639.7421842,speech,0,34,368992416.0,908436032.0,894630080.0,150946400.0,213420176.0,34202072.0,22350900.0,0.0,174591392.0,716439296.0,208735344.0,94977848.0,21977260.0,48715160.0,44401012.0,129554304.0,1
1789485639.803105,speech,0,30,68765656.0,10482869.0,460510912.0,1190016000.0,937194496.0,189502240.0,40644464.0,12748793.0,34947880.0,0.0,17130584.0,375069504.0,983452032.0,593153664.0,374014656.0,501038976.0,1
1789485639.8518682,speech,359,19,64411792.0,77800024.0,149765056.0,949373632.0,2987990528.0,0.0,157022624.0,3959764.25,3430455.0,0.0,0.0,0.0,0.0,21664514.0,72909648.0,0.0,1
1789485639.916974,speech,359,13,46335380.0,51440024.0,511075264.0,10684151.0,0.0,0.0,0.0,205051.90625,722186.6875,0.0,0.0,0.0,902138.25,0.0,0.0,0.0,1
1789485639.995736,speech,359,30,27685508.0,159937200.0,672055104.0,411971712.0,184911504.0,39663228.0,17417544.0,0.0,0.0,0.0,7563543.0,17148682.0,17684044.0,15489917.0,5820056.0,5866334.0,1
1789485640.0909266,speech,1,28,1705113.75,9922566.0,7578223.0,0.0,2542904.0,6277788.0,3831354.75,269137.125,750867.5625,4172002.0,979028.0625,4420469.5,4937861.5,26500976.0,13173122.0,142850368.0,1
1789485640.1551874,speech,1,33,940719.25,1212990.25,65505832.0,8149664.0,8801699.0,10002384.0,3973236.25,517476.34375,659701.8125,707368.5,2152368.0,1627575.75,7688727.5,42675492.0,44100916.0,33005076.0,1
1789485640.200463,speech,1,22,0.0,0.0,108325368.0,92742920.0,25502024.0,10371108.0,2978446.25,0.0,0.0,341580.25,0.0,207954.046875,7493478.0,40981308.0,22998184.0,148159536.0,1
1789485640.2462265,speech,1,27,397000.0625,0.0,81726128.0,19426926.0,11135462.0,6569915.5,12250723.0,922546.5,228534.875,2926220.5,942458.5,1043051.5,3976890.0,35911192.0,31276544.0,126753480.0,1
1789485640.2957897,speech,1,29,405575.5625,2608656.0,11670804.0,9543230.0,6963491.0,11240012.0,6030688.5,901121.25,0.0,1936755.875,228362.75,1651447.75,2981750.0,37167676.0,245398272.0,119847008.0,1
1789485640.4395912,speech,359,31,186288080.0,53456292.0,37194620.0,2562971.5,17921992.0,16708874.0,1555614.875,304047.84375,412957.59375,211505.484375,598350.6875,1217532.75,1702089.625,1978459.125,1197951.75,999219.875,1
1789485640.4990325,speech,357,30,201803680.0,20494500.0,31749122.0,30667696.0,15702484.0,3659884.75,755694.375,405246.6875,2179623.75,4508572.5,776464.875,471259.8125,62150.9609375,3852702.0,1428482.125,6046416.0,1
1789485640.5629601,speech,359,32,48735652.0,60702260.0,463537056.0,1846795264.0,590004352.0,53928836.0,31737692.0,0.0,26525422.0,16642268.0,1235494.25,21427118.0,7346991.5,63095016.0,336264128.0,881858176.0,1
1789485640.6280372,speech,359,27,14191645.0,4960337.0,73098912.0,108291584.0,298927552.0,99514112.0,25277602.0,3293281.0,21571240.0,9280568.0,17005660.0,12953796.0,12396210.0,315609920.0,1361046656.0,1667894784.0,1
1789485640.6930351,speech,358,24,1342243.875,7202737.5,21284444.0,18003722.0,5104277.5,3658332.0,1312788.75,0.0,0.0,3242629.75,1246492.0,958867.4375,0.0,1216880.25,15396145.0,26403182.0,1
1789485640.7534666,speech,356,18,373601920.0,480622016.0,24390356.0,247730128.0,47795000.0,4501445.0,2415468.25,0.0,4272150.0,0.0,1884794.25,934523.375,0.0,0.0,2806875.25,0.0,1
1789485640.8181179,speech,356,23,249176016.0,20996624.0,217288960.0,0.0,60234888.0,3533778.5,2510880.25,5611462.0,1476739.25,0.0,400394.09375,504395.625,0.0,2812074.5,827845.75,1045321.8125,1
1789485640.866674,speech,359,27,73474000.0,736797952.0,136629344.0,210298992.0,0.0,26452604.0,7580553.5,0.0,1663421.0,814937.625,753995.4375,1670870.125,4512901.0,6859837.0,6703068.0,22287432.0,1
1789485640.9315147,speech,359,21,11355156.0,5219903.0,8828391.0,3328070.25,0.0,73853.0078125,812213.5,264218.28125,133427.5625,358544.5625,0.0,179282.203125,0.0,597960.875,893345.375,10315616.0,1
1789485641.0407994,speech,355,31,5020094.0,4023629.75,220359680.0,210007008.0,3139573760.0,1000998400.0,39455604.0,0.0,20948094.0,14169962.0,21724534.0,15098640.0,11654364.0,22666126.0,68330824.0,176705296.0,1
1789485641.105184,speech,358,31,130622136.0,29085272.0,740679936.0,2720727296.0,986240064.0,79100712.0,39184568.0,4762991.5,26145820.0,26633668.0,4290693.5,16212365.0,4265038.0,93586296.0,601924992.0,707321088.0,1
1789485641.1690505,speech,0,30,41759696.0,19546520.0,188174752.0,259334272.0,147902112.0,19862736.0,9375393.0,0.0,0.0,20584130.0,116635288.0,344243520.0,51217160.0,84377672.0,125534328.0,467003904.0,1
1789485641.2346294,speech,4,23,366083968.0,213137408.0,711423360.0,208276512.0,17450064.0,8472564.0,0.0,0.0,0.0,18916986.0,0.0,0.0,250350112.0,840236544.0,496626400.0,358783424.0,1
1789485641.3275301,speech,4,22,4307137.0,23508656.0,45133556.0,78667208.0,27123714.0,1981658.75,1789737.125,0.0,13944416.0,16099846.0,5364635.0,9280441.0,0.0,0.0,21269960.0,106549968.0,1
1789485641.3723106,speech,2,33,461018752.0,771743360.0,2155300096.0,171196192.0,56199088.0,5903899.0,3453040.5,3156759.5,4435661.0,14453288.0,11893454.0,1679210.75,3257950.75,75311664.0,35677752.0,121412328.0,1
1789485641.4375105,speech,1,24,77845352.0,172130608.0,758464256.0,35554708.0,3046583.25,0.0,1661901.875,652604.6875,0.0,571433.125,827865.375,2106451.5,1299047.875,2022115.0,3036900.75,6726593.5,1
1789485641.501902,speech,1,29,23474778.0,136429600.0,924734848.0,159355360.0,21826008.0,8036431.0,4684996.0,0.0,1101006.25,2177486.5,1793034.5,4447038.0,5152317.5,635291.4375,38919540.0,149581072.0,1
1789485641.5798607,speech,359,21,0.0,0.0,56866224.0,30123872.0,233975920.0,61977736.0,0.0,1049592.75,18424946.0,26282772.0,14291500.0,10217605.0,0.0,13762804.0,134292848.0,364176576.0,1
1789485642.0242062,speech,1,30,26327592.0,880091.625,144852016.0,201279936.0,370076128.0,32413742.0,7329225.5,3102106.0,4072065.25,10651504.0,4903126.0,13732548.0,0.0,13724712.0,110430096.0,200875296.0,1
1789485642.0839527,speech,355,29,144503296.0,49601188.0,159448624.0,216850624.0,1543160192.0,647406848.0,138922560.0,14047422.0,0.0,32276762.0,13758252.0,29073544.0,0.0,16003081.0,20185676.0,17618456.0,1
1789485642.1476207,speech,355,5,0.0,0.0,0.0,0.0,3747513.5,0.0,0.0,0.0,0.0,542378.75,253585.09375,0.0,0.0,556271.6875,1401612.125,0.0,1
1789485642.1972487,speech,3,27,1005783296.0,314654592.0,923485440.0,18423502.0,7279823.0,35636320.0,3565751.25,2169951.0,3219697.0,11138294.0,5824535.0,17762108.0,0.0,1748149.0,0.0,48738184.0,1
1789485642.3086598,speech,355,35,52224752.0,247299136.0,670474624.0,294857504.0,149434560.0,132849176.0,18119068.0,20930158.0,21086680.0,548570624.0,219250368.0,565208576.0,38518160.0,166100336.0,185778992.0,164798048.0,1
1789485642.3728266,speech,357,17,120210584.0,162521376.0,1149709184.0,34890688.0,30566560.0,17331558.0,1485594.75,540347.0625,852983.375,0.0,0.0,0.0,12690998.0,0.0,0.0,27659918.0,1
1789485642.4671798,speech,358,25,0.0,11012194.0,4165164.75,14203632.0,9791936.0,7228881.0,1415575.75,92827.0703125,2039719.5,7466078.0,3965477.0,1705940.5,33970552.0,46363436.0,89214224.0,213874128.0,1
1789485642.5284274,speech,10,17,0.0,0.0,428982.5625,4411483.5,2250837.75,4155171.0,0.0,0.0,0.0,0.0,0.0,5139370.0,27477168.0,98358592.0,367189696.0,82947288.0,1
1789485642.603612,speech,359,28,240954832.0,401907520.0,6146665472.0,493385536.0,480871232.0,163311712.0,3707192.0,18746538.0,8787775.0,37035596.0,18340550.0,23529836.0,0.0,413961984.0,401979168.0,2225569280.0,1
1789485642.66676,speech,3,25,113814536.0,151668896.0,2012971648.0,1021573952.0,355998496.0,78119720.0,37393896.0,10216474.0,2048581.375,0.0,15849974.0,8130896.5,3518267.0,21800142.0,0.0,0.0,1
1789485642.7303154,speech,3,19,7220642.0,567271616.0,2707543040.0,288236096.0,158339872.0,24165048.0,10111750.0,600511.0,0.0,0.0,1260568.75,2057522.5,0.0,3268412.75,0.0,0.0,1
1789485642.8145158,speech,3,8,0.0,0.0,1947519.25,0.0,0.0,182938.96875,832573.25,214662.71875,0.0,0.0,0.0,316104.875,0.0,0.0,0.0,732584.3125,1
1789485642.8599036,speech,3,16,0.0,0.0,1193215.25,8700028.0,776385.5,466749.0,4324275.0,0.0,142356.5625,0.0,1142172.25,0.0,0.0,163875.1875,916233.625,275892.5,1
1789485642.9054248,speech,3,24,182422.15625,0.0,14379148.0,1264341.125,79445.171875,1905711.5,0.0,512395.625,510097.0,1413439.25,180883.984375,812925.75,0.0,1818575.375,3419096.5,5891178.0,1
1789485643.3536122,speech,0,33,125813496.0,78815352.0,497071168.0,215430880.0,23342840.0,8487792.0,592912.125,4996677.0,2079805.75,2324454.0,481695.875,5642642.0,2758966.0,29360092.0,93866208.0,308168640.0,1
1789485643.413631,speech,356,28,1985023.625,44151220.0,426895136.0,195617696.0,2137579008.0,593360640.0,36059792.0,1220829.0,0.0,18394120.0,23215684.0,6337470.0,0.0,113489616.0,439307584.0,3984746240.0,1
1789485643.5432744,speech,359,33,96653216.0,219563136.0,1889986560.0,634926848.0,377936800.0,93255008.0,21844878.0,3308924.5,638616.25,3485232.5,8313041.0,12701639.0,6370542.0,0.0,40553176.0,76700376.0,1
1789485643.6039054,speech,0,24,198757376.0,706645632.0,884914560.0,106781936.0,0.0,7478493.0,3494516.5,0.0,1165207.0,6782763.0,4897326.0,2696333.25,0.0,1142110.25,5265199.0,5427750.0,1
1789485643.7978122,speech,3,34,278180544.0,689642496.0,919298688.0,53226168.0,45314424.0,7678079.5,5440632.0,6761112.0,746034.25,4898200.5,2311659.25,4153162.0,5264288.0,11150120.0,12800604.0,22893008.0,1
1789485643.8587613,speech,0,26,374986880.0,430906368.0,386580608.0,4516926.5,5112856.0,0.0,2563383.75,856294.625,0.0,1009641.625,3827147.5,484440.5625,0.0,2327936.5,2632352.0,19370742.0,1
1789485643.9233134,speech,0,10,0.0,0.0,0.0,4072388.75,728124.5625,1400207.875,0.0,0.0,0.0,642908.1875,455920.9375,423341.21875,0.0,308767.4375,918698.1875,2624186.0,1
1789485644.0185206,speech,354,28,250423.96875,0.0,48654432.0,151965440.0,1532173568.0,330935136.0,20349216.0,0.0,2634023.0,617376.9375,3512347.0,2457193.5,6383310.0,6542028.0,24138814.0,20248092.0,1
1789485644.082754,speech,355,29,466310464.0,39805864.0,250841856.0,1430325120.0,3298115072.0,775361920.0,11348410.0,25802050.0,0.0,51486064.0,40257160.0,133331520.0,42514944.0,68167896.0,0.0,327346016.0,1
1789485644.17821,speech,357,27,40536860.0,52205504.0,194060928.0,0.0,36387196.0,57349564.0,7319377.0,0.0,38393592.0,95552000.0,127163888.0,233822656.0,0.0,39955808.0,135686096.0,105431160.0,1
1789485644.2390308,speech,3,29,258896000.0,69789600.0,2825888512.0,74721328.0,70934096.0,33005810.0,6160455.0,1412797.5,0.0,20831772.0,25934936.0,854029632.0,228654368.0,351899008.0,864717952.0,527876992.0,1
1789485644.3367004,speech,3,24,1245719.375,0.0,0.0,2757400.5,2297295.25,1627550.0,1986602.0,0.0,7303935.0,44899688.0,26736128.0,62231032.0,45848804.0,388759072.0,1231428992.0,1279612672.0,1
1789485644.382104,speech,3,19,42946296.0,59754696.0,111869224.0,17721264.0,11752732.0,10843950.0,5934516.0,0.0,1191816.25,0.0,0.0,0.0,0.0,953668.25,0.0,0.0,1
1789485644.427519,speech,1,27,0.0,390949824.0,3553687040.0,113302464.0,37938076.0,9720645.0,3853343.25,2442502.75,759649.9375,13495567.0,12926105.0,1749786.5,3053676.25,22597096.0,19668012.0,215147824.0,1
1789485644.4925904,speech,0,31,33824464.0,36700412.0,91611392.0,203585248.0,110226568.0,45448468.0,26026736.0,4527743.0,8152610.0,51149364.0,21908196.0,41388144.0,9767226.0,10890026.0,39847192.0,40398560.0,1
1789485644.5895448,speech,359,28,7477568.5,0.0,124327944.0,139675168.0,32272736.0,815802.625,533411.625,0.0,3676942.25,4534022.5,1389066.0,589548.75,5506580.5,84595128.0,20565356.0,511372256.0,1
1789485645.1914687,speech,359,36,345317248.0,152858848.0,250298416.0,3972885.5,614992448.0,40947464.0,194045408.0,430093.3125,42556944.0,19496724.0,14474833.0,8141766.5,6212495.0,2942191.5,6510299.0,5324021.5,1
1789485645.2375617,speech,359,26,210006080.0,0.0,399094624.0,2048283.375,0.0,0.0,143382864.0,0.0,292985088.0,200892384.0,51569872.0,33952000.0,7663031.5,11000350.0,18735040.0,61809604.0,1
1789485645.4133148,speech,3,16,18361504.0,80087576.0,457374048.0,3766058.5,153987040.0,100689920.0,0.0,2555683.0,1442756.75,0.0,1835069.875,1849394.5,0.0,2450277.0,274463.96875,284223.375,1
1789485645.4769502,speech,349,18,0.0,56810104.0,271848864.0,0.0,143890880.0,54813020.0,0.0,654662.1875,0.0,213716.40625,5815429.0,2007220.0,0.0,2368970.0,80002.3125,41170.44140625,1
1789485645.5412602,speech,354,22,13170294.0,862440448.0,36218808.0,26216776.0,22429880.0,2305967.5,0.0,5280874.5,5474835.5,14867244.0,0.0,4350787.0,436121.84375,0.0,960711.6875,0.0,1
1789485645.730079,speech,341,34,430791.5625,448081.375,661063.125,9686528.0,124142576.0,214213504.0,418325760.0,147244608.0,28732220.0,15727327.0,4686951.0,13823584.0,23062552.0,67612400.0,62247348.0,103399568.0,1
1789485645.7940753,speech,349,30,28081556.0,0.0,44741896.0,5673802.5,91831632.0,8057377.0,0.0,41217824.0,42902084.0,20029352.0,88551408.0,22440842.0,29995170.0,19053010.0,102326656.0,33823628.0,1
1789485645.8889194,speech,341,34,233887648.0,44317704.0,246768208.0,15801552.0,725319296.0,0.0,593242368.0,37392620.0,62763348.0,40751232.0,28831840.0,27349290.0,75805792.0,78627224.0,319524320.0,658056960.0,1
1789485645.9487953,speech,346,26,331215936.0,4933565.0,448772000.0,29607492.0,220350048.0,0.0,0.0,9590948.0,34615604.0,27364452.0,49028804.0,37288664.0,25494916.0,68093848.0,12951167.0,94822960.0,1
1789485646.0238748,speech,348,29,0.0,14596449.0,10398043.0,14488884.0,18762114.0,0.0,27954128.0,10149596.0,2149302.0,32917648.0,54073760.0,50785544.0,142851904.0,139713472.0,115974160.0,660663040.0,1
1789485646.0883055,speech,334,25,24486146.0,95845840.0,83395688.0,49376552.0,79081768.0,31449522.0,27999132.0,20358712.0,948398.0,12811650.0,8117405.0,0.0,900871.375,3635323.75,5999366.0,0.0,1
1789485646.2691364,speech,333,29,4511548.0,1707208.0,0.0,7447380.0,13074755.0,0.0,50253360.0,10920704.0,5998639.0,26131344.0,41029864.0,32704564.0,22919372.0,3529706.5,2790989.5,14281649.0,1
1789485646.3294158,speech,339,26,0.0,3208645.75,2786242.25,3022248.25,0.0,9183872.0,17660444.0,5825118.0,8054538.5,36024072.0,25845034.0,16107998.0,12688796.0,36869944.0,21468328.0,18777512.0,1
1789485646.713437,speech,317,35,981728.875,2927585.5,4918195.5,4699464.5,10888058.0,4882388.0,32656314.0,26562746.0,19282856.0,397469216.0,281850080.0,128085920.0,73594176.0,67801896.0,49158620.0,64065160.0,1
1789485646.7722495,speech,318,33,200478080.0,17329994.0,31521348.0,14699448.0,112335504.0,394411744.0,77096032.0,636302656.0,87131048.0,823899648.0,156626528.0,81980896.0,63476996.0,42435524.0,99155296.0,46973892.0,1
1789485646.834034,speech,317,25,178870816.0,307937280.0,3055650.0,91454736.0,10825646.0,338219584.0,220909408.0,0.0,61479416.0,0.0,0.0,31572740.0,10324224.0,47570656.0,33598656.0,331689216.0,1
1789485646.8955927,speech,311,27,0.0,750503296.0,11311792.0,84013672.0,335830656.0,0.0,1445394432.0,33760284.0,29121944.0,210639856.0,0.0,125237792.0,8122517.0,47797352.0,625812288.0,160041472.0,1
1789485646.956577,speech,305,13,0.0,298624992.0,35914592.0,672889.375,15207906.0,0.0,0.0,36573764.0,0.0,12548107.0,383993.96875,0.0,0.0,0.0,7736915.0,8971681.0,1
1789485647.0186834,speech,305,7,223005.0625,0.0,0.0,0.0,0.0,0.0,0.0,0.0,0.0,0.0,0.0,660785.125,124706.265625,608852.875,0.0,1447370.375,1
1789485647.0929499,speech,296,37,63096288.0,11619160.0,57034520.0,8533895.0,58768408.0,113351808.0,2495986432.0,1485823104.0,0.0,79072648.0,37745656.0,64185572.0,26763688.0,51993972.0,20746688.0,26195266.0,1
1789485647.1526105,speech,300,24,47602812.0,16174887.0,5015478.0,1008406.1875,9101189.0,0.0,146029408.0,30908182.0,0.0,598302912.0,32176656.0,28421034.0,28410604.0,52461640.0,20383194.0,36733820.0,1
1789485647.216938,speech,300,9,0.0,0.0,0.0,0.0,4125847.5,0.0,4750493.0,0.0,0.0,6770059.0,21053432.0,0.0,0.0,6029772.5,9842897.0,10768062.0,1
1789485647.6953013,speech,296,13,0.0,0.0,5681500.0,858560.0625,687704.75,0.0,407790.75,406608.53125,0.0,221018.28125,117841.1640625,183801.53125,0.0,19526.19140625,115624.53125,707955.5,1
1789485647.7541392,speech,279,27,68463104.0,569123520.0,422031552.0,22318684.0,28038434.0,3224178.25,44436848.0,4463636.5,1448145.625,25395952.0,2798678.0,837536.5,1170577.375,2725935.0,709077.5625,1012621.1875,1
1789485647.8182364,speech,279,24,10706011.0,5030781.5,11081081.0,19699684.0,15080519.0,7606649.0,1456580.0,856215.5,0.0,0.0,9169656.0,27397546.0,3866162.5,0.0,16225478.0,42372352.0,1
1789485647.867807,speech,279,6,0.0,23607608.0,25568350.0,0.0,0.0,0.0,0.0,0.0,0.0,2242519.0,0.0,1774966.5,0.0,0.0,0.0,0.0,1
1789485647.913099,speech,280,6,0.0,0.0,0.0,0.0,1506882.375,0.0,1143180.0,41758.109375,0.0,457954.5,0.0,0.0,0.0,0.0,0.0,408190.09375,1
1789485647.9778395,speech,281,15,0.0,0.0,0.0,838859.375,183817.796875,120660.421875,0.0,0.0,181904.3125,1231161.25,432100.90625,987343.9375,186224.3125,1254706.875,0.0,2903557.75,1
1789485648.0541587,speech,275,29,2587587.75,13088957.0,42281472.0,24569766.0,32970322.0,41183768.0,16812074.0,8523205.0,10221458.0,11027176.0,5041810.5,12573442.0,4457146.0,0.0,0.0,13243954.0,1
1789485648.1198518,speech,278,15,0.0,60513064.0,27194158.0,0.0,91246032.0,234577840.0,52566112.0,63693676.0,31282668.0,14908465.0,3242973.25,0.0,0.0,4851634.5,0.0,58123784.0,1
1789485648.184857,speech,278,10,5991473.0,21775036.0,99472624.0,8254169.5,0.0,17751436.0,0.0,3152462.0,0.0,0.0,0.0,0.0,3685852.5,744312.0,0.0,0.0,1
1789485648.2432876,speech,278,9,1290733.5,2965242.0,0.0,0.0,0.0,0.0,1160102.0,0.0,0.0,379906.28125,2525608.25,0.0,0.0,0.0,510417.125,4367863.0,1
1789485648.29014,speech,277,5,257807.90625,0.0,0.0,0.0,0.0,0.0,0.0,0.0,0.0,1290847.75,1838918.75,1474596.625,0.0,0.0,0.0,0.0,1
1789485648.3659234,speech,265,30,519304352.0,287896032.0,56545384.0,6838669.5,652487680.0,489839552.0,95666824.0,3073180.25,6213865.0,9936064.0,9224468.0,2426298.75,5076973.5,0.0,3650414.25,1117659.25,1
1789485648.4299684,speech,265,11,0.0,5462612.5,4654589.5,9840039.0,239671712.0,0.0,0.0,0.0,0.0,0.0,0.0,315327.09375,788773.625,0.0,40232.8671875,0.0,1
1789485648.5515125,speech,267,18,0.0,0.0,0.0,2294588.0,11977931.0,15844940.0,11614508.0,0.0,0.0,22359408.0,3612593.25,16761316.0,0.0,0.0,65590384.0,217473152.0,1
1789485648.6121268,speech,261,9,1603017.5,0.0,763903.5,4098963.0,0.0,5907296.0,11473624.0,0.0,0.0,0.0,579014.5625,0.0,0.0,0.0,307237024.0,0.0,1
1789485648.6770873,speech,257,17,0.0,12876075.0,271959040.0,0.0,65010964.0,11393842.0,22733662.0,0.0,0.0,360737.78125,6684480.5,5034826.0,3171700.75,0.0,25715354.0,0.0,1
1789485648.7729983,speech,259,16,0.0,587692.1875,1003815.5,915875.375,1548946.25,2552764.5,0.0,425955.90625,510060.8125,1043336.625,199815.5,0.0,394191.4375,0.0,2677357.5,2845320.75,1
1789485649.0254972,speech,263,7,0.0,0.0,33030988.0,0.0,987118.25,8932358.0,1137464.0,0.0,0.0,0.0,0.0,0.0,0.0,0.0,0.0,455207.8125,1
1789485649.407171,speech,345,4,0.0,0.0,11591587.0,0.0,0.0,0.0,0.0,0.0,228392.84375,0.0,0.0,0.0,0.0,0.0,0.0,0.0,1
1789485649.458213,speech,244,17,0.0,5706400.0,0.0,15854692.0,43949020.0,0.0,19046276.0,0.0,538344.5625,3317316.5,1912638.5,1003560.5625,0.0,0.0,9044390.0,19756320.0,1
1789485649.524483,speech,30,4,4773384.0,0.0,0.0,0.0,13651600.0,0.0,534614.6875,0.0,694607.5,0.0,0.0,0.0,0.0,0.0,0.0,0.0,1
1789485649.7232254,speech,191,7,0.0,0.0,0.0,0.0,0.0,0.0,5440281.0,0.0,0.0,3189698.0,0.0,0.0,0.0,0.0,0.0,657043456.0,1
1789485649.7242599,speech,234,12,0.0,0.0,0.0,60160804.0,56888656.0,5728641.5,0.0,0.0,0.0,2233117.0,9882271.0,6439814.5,3833063.75,0.0,0.0,0.0,1
1789485649.881648,speech,238,8,44014056.0,105403024.0,0.0,22546684.0,2009130.0,0.0,0.0,0.0,0.0,0.0,0.0,0.0,12453464.0,0.0,0.0,0.0,1
1789485649.9761612,speech,216,16,0.0,0.0,0.0,500778.5,5110076.5,7022543.0,0.0,0.0,2464536.75,2720037.5,4591442.0,4249454.0,11131528.0,15627874.0,13757840.0,14539432.0,1
1789485650.0344377,speech,207,6,0.0,0.0,0.0,0.0,0.0,0.0,824120.25,0.0,76600.8515625,94882.921875,0.0,0.0,0.0,0.0,1520218.5,4756532.0,1
1789485650.6095932,speech,210,17,0.0,1883954.125,0.0,4210156.0,9541416.0,0.0,1856830.625,0.0,0.0,30967812.0,32286860.0,15371275.0,0.0,113245040.0,129824192.0,0.0,1
1789485650.6683583,speech,211,15,46345576.0,0.0,0.0,15940765.0,12408604.0,0.0,2458441.0,366193.59375,0.0,14137988.0,10671237.0,32611976.0,36365200.0,1010861760.0,1837972992.0,0.0,1
1789485650.7679756,speech,211,22,0.0,4147748.75,21541584.0,0.0,6748963.5,1648766.0,0.0,289858.96875,2449665.0,18069746.0,32780712.0,26461956.0,85141328.0,480482816.0,94500416.0,0.0,1
1789485650.8138566,speech,211,9,109577624.0,65930672.0,0.0,0.0,3339934.0,0.0,4057660.0,2305764.0,0.0,49331160.0,0.0,0.0,1763651.875,0.0,0.0,0.0,1
1789485650.8637881,speech,221,11,0.0,0.0,218391856.0,38756224.0,20836512.0,673297.8125,4619131.5,7142649.0,0.0,0.0,0.0,0.0,792059.625,1963980.125,0.0,0.0,1
1789485650.9580462,speech,220,4,6531892.0,0.0,0.0,6587765.5,3807853.5,0.0,0.0,0.0,0.0,0.0,0.0,0.0,0.0,0.0,0.0,0.0,1
1789485651.0155375,speech,214,3,15905127.0,125286912.0,0.0,0.0,0.0,0.0,0.0,0.0,0.0,0.0,0.0,0.0,0.0,0.0,0.0,0.0,1
1789485651.3697867,speech,192,13,7639697.0,0.0,3651166.0,0.0,3888328.0,28623576.0,0.0,0.0,0.0,16585133.0,8072426.0,0.0,2828299.75,8095137.5,25245280.0,0.0,1
1789485651.4296432,speech,209,11,16149130.0,9827733.0,0.0,0.0,76544168.0,0.0,120625448.0,0.0,0.0,22860524.0,95962584.0,0.0,44315060.0,0.0,17378284.0,0.0,1
1789485651.493409,speech,193,10,0.0,0.0,0.0,0.0,124879736.0,7081850.0,122833928.0,0.0,0.0,0.0,0.0,0.0,0.0,327763392.0,338575104.0,0.0,1
1789485651.5573041,speech,200,13,2643603.5,5503170.0,3194832.75,0.0,94559760.0,78372880.0,67795240.0,124712568.0,0.0,67538400.0,22474110.0,172671088.0,0.0,0.0,0.0,0.0,1
1789485651.6219926,speech,193,14,20725762.0,0.0,295956032.0,0.0,29375556.0,0.0,0.0,0.0,109866112.0,172515392.0,330878592.0,0.0,0.0,2855960.5,0.0,0.0,1
1789485651.686496,speech,193,11,6663085.0,0.0,0.0,0.0,17741428.0,10034100.0,98146592.0,0.0,0.0,79020032.0,5679819.5,0.0,0.0,0.0,0.0,0.0,1
1789485651.736154,speech,192,9,9137125.0,0.0,24950904.0,0.0,0.0,5328125.0,0.0,0.0,0.0,16884564.0,12982166.0,8928742.0,0.0,0.0,0.0,414894.0,1
1789485652.0031674,speech,182,20,3373296.5,0.0,0.0,9098426.0,73355008.0,107994360.0,184040416.0,0.0,18981078.0,22798096.0,26875928.0,55286656.0,0.0,123518208.0,42751544.0,0.0,1
1789485652.0685384,speech,182,9,0.0,4770883.0,0.0,693992.5,54555744.0,0.0,52066568.0,1962831.625,2841267.25,0.0,3081358.0,0.0,0.0,0.0,0.0,0.0,1
1789485652.1137218,speech,181,13,9170621.0,0.0,0.0,26451238.0,0.0,6149159.0,21835796.0,0.0,0.0,5752678.0,0.0,0.0,0.0,11154652.0,1490013.375,0.0,1
1789485652.17732,speech,166,8,0.0,0.0,0.0,38913128.0,0.0,3866907.75,0.0,0.0,0.0,0.0,0.0,0.0,17820028.0,95995744.0,30499028.0,0.0,1
1789485652.2414155,speech,172,18,26652054.0,0.0,67381976.0,103317576.0,544017920.0,45496656.0,555020544.0,0.0,506464160.0,154501584.0,1026110336.0,605926400.0,0.0,8816871.0,28950590.0,0.0,1
1789485652.3056004,speech,184,13,245360624.0,67308784.0,3827842.5,0.0,12196614.0,39535996.0,23159018.0,23814068.0,0.0,5020059.5,9659581.0,0.0,57676000.0,0.0,0.0,0.0,1
1789485652.3703327,speech,178,13,60145120.0,0.0,6729219.0,9287623.0,16241762.0,26586054.0,57447728.0,0.0,0.0,0.0,1194315.375,0.0,1278351.75,0.0,0.0,0.0,1
1789485652.4349058,speech,177,7,0.0,4710911.0,17943960.0,0.0,0.0,0.0,0.0,0.0,0.0,439097.0,0.0,1075176.875,631188.5,0.0,0.0,1024080.25,1
1789485652.4988773,speech,178,6,0.0,0.0,0.0,0.0,559346.875,0.0,0.0,0.0,479664.21875,0.0,821904.0,1651957.75,957413.75,801336.125,0.0,0.0,1
1789485652.5641334,speech,180,11,0.0,0.0,0.0,11799878.0,10572795.0,0.0,0.0,0.0,0.0,4824238.5,2295099.25,2595551.5,315538.6875,0.0,0.0,0.0,1
1789485652.6281111,speech,178,23,33684100.0,0.0,0.0,187374144.0,127114048.0,94798864.0,124126968.0,0.0,14445854.0,15438632.0,4692292.0,0.0,4817649.5,10824186.0,3691546.5,0.0,1
1789485652.692039,speech,178,6,12297622.0,0.0,0.0,0.0,19469608.0,0.0,6801003.0,0.0,0.0,360913.0,3227838.25,0.0,0.0,0.0,0.0,0.0,1
1789485652.7418025,speech,179,17,0.0,24557958.0,136045056.0,74780400.0,35472128.0,9824557.0,21808506.0,16937396.0,0.0,4622338.0,2985285.0,10559710.0,0.0,0.0,5249342.0,16869712.0,1
1789485652.8072398,speech,179,9,84071856.0,51746696.0,0.0,0.0,0.0,166043808.0,46146848.0,0.0,0.0,0.0,0.0,15861736.0,0.0,4345461.5,0.0,0.0,1
1789485652.8520045,speech,180,13,121374368.0,0.0,0.0,0.0,374325344.0,261364544.0,64441904.0,0.0,0.0,0.0,1815441.75,4862310.5,1398257.625,2965738.5,0.0,0.0,1
1789485652.9168892,speech,180,9,3888600.5,7438473.0,0.0,0.0,5095469.0,43466328.0,158154032.0,0.0,0.0,20706236.0,4598673.0,0.0,0.0,0.0,0.0,0.0,1
1789485652.9658127,speech,179,5,0.0,224634.71875,0.0,0.0,0.0,1374799.0,0.0,0.0,0.0,0.0,821635.125,0.0,0.0,228746.125,522243.03125,0.0,1
1789485653.0313246,speech,179,4,0.0,0.0,0.0,0.0,0.0,1053850.0,0.0,0.0,0.0,1817060.625,84065.734375,586010.0625,0.0,0.0,0.0,0.0,1
1789485653.080815,speech,179,5,225168.3125,0.0,0.0,0.0,515649.8125,1028564.5625,0.0,0.0,382198.09375,0.0,0.0,0.0,0.0,133557.0625,0.0,0.0,1
1789485653.4282386,speech,177,16,21516928.0,0.0,0.0,7947550.5,1396282.625,3218155.0,639847.8125,0.0,0.0,0.0,1676805.0,1571771.75,271801.4375,2188235.0,0.0,0.0,1
1789485653.4901407,speech,181,13,0.0,0.0,0.0,0.0,11525586.0,4988675.0,7341942.0,0.0,0.0,3444185.0,0.0,7121371.5,0.0,1863269.25,0.0,741109.3125,1
1789485653.5550153,speech,174,13,0.0,0.0,29070850.0,0.0,1409862272.0,906004608.0,56082440.0,0.0,0.0,0.0,7699220.5,20232028.0,0.0,12104140.0,0.0,0.0,1
1789485653.6206052,speech,174,9,2938751.5,0.0,0.0,0.0,0.0,33975176.0,0.0,0.0,0.0,925878.6875,0.0,0.0,4918088.0,15388643.0,4949947.0,0.0,1
1789485653.62153,speech,106,5,0.0,0.0,8113213.5,0.0,0.0,0.0,0.0,0.0,0.0,0.0,512932.625,0.0,0.0,0.0,23452420.0,219933216.0,1
1789485653.6769385,speech,174,3,0.0,0.0,0.0,0.0,0.0,805049.5,0.0,0.0,0.0,94741.875,0.0,162188.75,0.0,0.0,0.0,0.0,1
1789485653.6777399,speech,106,4,258721.65625,0.0,0.0,0.0,0.0,0.0,0.0,0.0,202966.90625,0.0,381004.59375,0.0,0.0,1320254.0,0.0,0.0,1
1789485653.7267473,speech,174,12,4093287.25,0.0,0.0,19531028.0,0.0,1881868.5,0.0,0.0,549870.125,0.0,3751097.0,1048363.125,1266690.5,2192862.75,1548218.75,0.0,1
1789485653.7854629,speech,109,4,0.0,0.0,0.0,0.0,0.0,0.0,548182.5,0.0,0.0,0.0,0.0,0.0,0.0,0.0,154436224.0,70307848.0,1
1789485653.7863839,speech,157,11,0.0,0.0,0.0,0.0,6363493.0,19444754.0,0.0,0.0,419411.9375,0.0,1071187.5,10184190.0,0.0,144057088.0,52729568.0,0.0,1
1789485653.8625042,speech,156,11,0.0,0.0,0.0,0.0,18953846.0,4219795.0,0.0,0.0,3226512.75,7376397.0,2752621.25,0.0,0.0,93665040.0,38714236.0,0.0,1
1789485653.9275224,speech,153,17,5786599.0,0.0,14063149.0,15754905.0,32235080.0,11673783.0,0.0,0.0,2059915.5,0.0,4752700.0,718817.375,0.0,239149888.0,14262578.0,0.0,1
1789485653.9286404,speech,110,3,0.0,0.0,0.0,0.0,0.0,0.0,0.0,0.0,671849.0,0.0,0.0,0.0,0.0,0.0,115893264.0,285795520.0,1
1789485654.0636232,speech,153,6,0.0,0.0,0.0,0.0,0.0,0.0,83698.609375,0.0,0.0,0.0,0.0,0.0,396342.09375,4607259.5,3039928.0,0.0,1
1789485654.0645368,speech,110,4,241718.65625,0.0,0.0,0.0,0.0,0.0,0.0,0.0,0.0,32528.064453125,199913.40625,0.0,0.0,0.0,1980852.375,0.0,1
1789485654.1098287,speech,158,13,59624044.0,225668992.0,0.0,0.0,176461040.0,11368796.0,26787068.0,0.0,2660178.0,28482156.0,0.0,21339450.0,0.0,747885504.0,0.0,0.0,1
1789485654.221077,speech,157,22,17127846.0,67743048.0,229688896.0,160485616.0,79452040.0,17548778.0,7472663.5,4985144.0,248391328.0,542324096.0,156983008.0,82633120.0,0.0,11738989.0,0.0,0.0,1
1789485654.2848217,speech,166,11,46870260.0,0.0,0.0,19804880.0,44570556.0,24877862.0,57052240.0,1874419.75,0.0,9545970.0,8465614.0,0.0,0.0,0.0,0.0,0.0,1
1789485654.3496666,speech,170,16,22817704.0,46111584.0,0.0,27527192.0,43472308.0,12636638.0,4994391.0,0.0,0.0,33335464.0,3454766.5,6626733.0,467521.40625,767921.0625,0.0,0.0,1
1789485654.4204824,speech,174,11,72284224.0,0.0,8408841.0,0.0,0.0,0.0,6399630.5,374360.53125,0.0,186248.125,1039720.6875,0.0,171104.0625,0.0,0.0,0.0,1
1789485654.4848442,speech,165,14,0.0,0.0,157266736.0,8096898.5,28245454.0,3241314.0,0.0,2295380.25,0.0,0.0,2025680.25,6250859.0,0.0,0.0,0.0,487230.0,1
1789485654.5496151,speech,165,7,0.0,0.0,0.0,0.0,0.0,824411.625,505833.0,0.0,0.0,388741.0,1340225.0,0.0,951260.5,0.0,0.0,0.0,1
1789485654.647392,speech,122,9,0.0,0.0,0.0,0.0,0.0,0.0,0.0,0.0,0.0,0.0,0.0,1242406.375,6486157.5,22152840.0,85814288.0,59369984.0,1
1789485654.711465,speech,175,10,115054336.0,0.0,0.0,0.0,5168791.5,64322288.0,58208520.0,0.0,0.0,248596.234375,0.0,0.0,0.0,0.0,0.0,0.0,1
1789485654.7756321,speech,172,13,153297184.0,0.0,56294404.0,97364248.0,53907804.0,72675368.0,19121920.0,4924548.0,700706.25,0.0,307229.15625,0.0,0.0,0.0,521367.1875,0.0,1
1789485654.841134,speech,172,4,0.0,0.0,0.0,0.0,21017798.0,0.0,0.0,0.0,0.0,0.0,0.0,0.0,0.0,0.0,583051.8125,1984560.25,1
1789485655.0450845,speech,165,11,0.0,0.0,0.0,0.0,1421278.5,2582664.5,1403020.5,0.0,7063719.0,13650200.0,0.0,0.0,0.0,85172208.0,25663346.0,0.0,1
1789485655.1091821,speech,165,12,0.0,0.0,1608844.375,1784951.5,0.0,1477878.75,458051.3125,0.0,0.0,3284864.25,0.0,190598272.0,0.0,578774848.0,106109792.0,0.0,1
1789485655.1542206,speech,165,11,0.0,0.0,0.0,0.0,25390562.0,2363552.75,4498054.5,0.0,0.0,501711.59375,9717151.0,6028490.0,0.0,1065598144.0,565262080.0,0.0,1
1789485655.199915,speech,174,15,0.0,0.0,0.0,118418512.0,505765664.0,196604576.0,91237616.0,0.0,0.0,38649184.0,0.0,0.0,0.0,3822011648.0,666236608.0,488320192.0,1
1789485655.2642531,speech,174,15,44705552.0,7070994.5,42287272.0,0.0,0.0,105520080.0,27978332.0,12798224.0,0.0,25910504.0,33285468.0,0.0,0.0,46238096.0,0.0,0.0,1
1789485655.313819,speech,174,4,8592215.0,0.0,13152843.0,0.0,0.0,0.0,0.0,604484.625,0.0,0.0,0.0,0.0,0.0,0.0,0.0,11003985.0,1
1789485655.4240582,speech,175,5,0.0,0.0,0.0,0.0,0.0,6150498.0,1886640.25,0.0,609519.125,0.0,0.0,0.0,282311.125,0.0,0.0,0.0,1
1789485655.5199468,speech,204,10,0.0,0.0,0.0,0.0,0.0,0.0,0.0,274238.25,0.0,1932269.375,0.0,21223816.0,12802748.0,19649448.0,0.0,0.0,1
1789485655.580131,speech,217,6,0.0,0.0,0.0,0.0,512714.4375,4385971.5,1188095.75,0.0,0.0,0.0,0.0,0.0,1012727.875,0.0,0.0,0.0,1
1789485655.6416337,speech,217,5,93567488.0,0.0,0.0,6234217.0,1300925.0,1003944.1875,3014622.5,0.0,0.0,0.0,0.0,0.0,0.0,0.0,0.0,0.0,1
1789485655.6902516,speech,217,3,2442072.0,0.0,0.0,0.0,0.0,0.0,0.0,0.0,0.0,0.0,0.0,0.0,0.0,0.0,299187.96875,283986.78125,1
1789485655.7368326,speech,217,3,0.0,0.0,0.0,324327.25,0.0,201721.578125,0.0,0.0,0.0,0.0,1437620.5,0.0,0.0,0.0,0.0,0.0,1
1789485655.7857149,speech,251,12,0.0,0.0,0.0,0.0,0.0,0.0,0.0,0.0,0.0,33933184.0,155955184.0,320185216.0,0.0,0.0,287537600.0,56445836.0,1
1789485655.8493567,speech,250,17,0.0,3600791.5,0.0,0.0,0.0,993562.5625,2557655.75,0.0,8453625.0,56489888.0,101525840.0,557927488.0,98079912.0,114843840.0,61988980.0,0.0,1
1789485655.9134836,speech,248,11,86236968.0,35591832.0,106190888.0,129057768.0,0.0,0.0,19544646.0,0.0,27212892.0,28032140.0,0.0,0.0,0.0,0.0,0.0,0.0,1
1789485655.9785953,speech,247,10,0.0,205675200.0,98120608.0,38346144.0,0.0,30358038.0,38570932.0,0.0,0.0,0.0,0.0,0.0,0.0,0.0,0.0,0.0,1
1789485656.1541364,speech,247,6,0.0,2435936.5,0.0,0.0,310642.3125,374922.3125,0.0,0.0,0.0,0.0,0.0,0.0,0.0,32923.609375,163581.328125,0.0,1
1789485656.1994417,speech,239,9,15917349.0,1861653.0,155010.21875,2439374.25,732947.5625,0.0,433074.0,0.0,0.0,0.0,0.0,0.0,0.0,0.0,1508841.375,0.0,1
1789485656.40543,speech,272,26,599291.3125,10820129.0,4208325.0,0.0,854377.75,0.0,4452083.5,136792.828125,58339.3359375,2398108.25,2108771.5,2594179.0,6125990.5,59268144.0,18400190.0,20287852.0,1
1789485656.465277,speech,273,21,4262170.5,1233734.375,20403212.0,1858991.625,7291617.0,0.0,0.0,0.0,0.0,2592413.0,4659987.0,13300680.0,11724466.0,16198147.0,24329064.0,51403316.0,1
1789485656.5298524,speech,275,24,22722732.0,0.0,0.0,15081057.0,22005928.0,26240562.0,7384824.0,0.0,0.0,1898631.75,7228818.5,31745920.0,84913936.0,155418208.0,222598080.0,36932348.0,1
1789485656.594833,speech,274,15,3368221.0,1969439.875,21386846.0,24418100.0,12790658.0,1942199.125,0.0,0.0,0.0,1411743.125,2339848.0,1736066.75,0.0,54750972.0,0.0,73873608.0,1
1789485656.6921465,speech,282,26,0.0,3852508.0,5786148.0,7773219.0,8402683.0,4905675.5,4353894.0,0.0,0.0,3647604.5,9383758.0,9088370.0,3485459.75,13840918.0,6665795.5,14410328.0,1
1789485656.7557437,speech,281,21,215804816.0,165709600.0,0.0,0.0,4723519.5,0.0,0.0,2020614.0,1772371.25,1015892.125,1609249.0,2425530.75,1850435.375,5260810.0,31067698.0,99518976.0,1
1789485656.8196666,speech,285,34,182538240.0,9332316.0,110307216.0,117622312.0,84202016.0,26922188.0,18884608.0,8327164.5,10129382.0,42662452.0,67816800.0,1214272512.0,1385347072.0,3580056832.0,1532906880.0,331156288.0,1
1789485656.8833938,speech,284,18,17581626.0,142589392.0,375819232.0,280689152.0,31824816.0,8538879.0,361115.78125,469981.25,0.0,2445839.75,0.0,0.0,0.0,24230798.0,0.0,0.0,1
1789485656.9764147,speech,284,27,1211712.75,0.0,0.0,2692822.25,1291584.75,0.0,8038222.5,1081379.25,1650538.125,3249023.0,6676949.5,36194480.0,13471630.0,55191908.0,72875952.0,94935744.0,1
1789485657.0217543,speech,286,16,275143552.0,23565916.0,27978852.0,0.0,0.0,1016926.4375,7359003.0,0.0,2147310.25,0.0,1529268.75,2349042.5,317136.625,0.0,0.0,0.0,1
1789485657.2297518,speech,279,25,548220032.0,21156912.0,6810746.0,3189694.0,3056382.75,1811409.25,3369609.5,1012816.0,0.0,0.0,0.0,14975422.0,20632816.0,94216584.0,45292848.0,61555928.0,1
1789485657.2895527,speech,278,17,131184680.0,25235112.0,0.0,7824571.5,9525899.0,808047.5625,2073255.25,338845.875,0.0,0.0,0.0,0.0,0.0,1401028.25,21840156.0,42419624.0,1
1789485657.3543403,speech,279,17,223706592.0,175393216.0,10005941.0,0.0,0.0,0.0,0.0,341061.28125,1580121.75,1412672.5,559392.625,0.0,0.0,33354264.0,23307080.0,17590286.0,1
1789485657.5467055,speech,279,8,0.0,0.0,0.0,0.0,694652.3125,0.0,155457.96875,722082.75,0.0,0.0,0.0,234633.875,0.0,0.0,938708.6875,2048538.125,1
1789485657.5918097,speech,276,22,296947456.0,639073088.0,664113920.0,22390998.0,1264200.125,118965.46875,3307539.25,0.0,536916.0,2647758.0,630660.25,0.0,0.0,775258.6875,723775.0,0.0,1
1789485657.6564052,speech,268,26,0.0,0.0,48141644.0,65041384.0,43787448.0,18208028.0,2680794.25,0.0,3993338.25,2410111.75,1889557.5,40935220.0,8551628.0,40449088.0,328322240.0,2080943104.0,1
1789485657.7683609,speech,268,15,0.0,0.0,2223742.5,0.0,2158124.75,0.0,0.0,0.0,12521385.0,23719560.0,30620026.0,57424332.0,23831340.0,0.0,3507446.5,0.0,1
1789485657.813727,speech,269,18,7275390.0,47744968.0,55998720.0,24549880.0,11614156.0,0.0,0.0,6644967.5,0.0,240735248.0,39013388.0,187459536.0,0.0,43793832.0,21896284.0,0.0,1
1789485657.8787808,speech,266,23,56121380.0,173959792.0,520965888.0,736700416.0,392576320.0,165858304.0,0.0,33377048.0,57596248.0,29676696.0,0.0,15777222.0,0.0,1279827584.0,2827708416.0,1520786432.0,1
1789485657.9436188,speech,268,8,0.0,0.0,25668644.0,0.0,0.0,85915384.0,6651939.0,3345275.5,0.0,0.0,0.0,0.0,0.0,0.0,738776128.0,2283289088.0,1
1789485658.0076916,speech,268,12,0.0,0.0,0.0,2254994.5,0.0,0.0,10812064.0,0.0,0.0,5771023.0,7443922.0,0.0,10540124.0,36675500.0,0.0,57508248.0,1
1789485658.1018658,speech,268,9,0.0,0.0,0.0,0.0,1843984.75,0.0,0.0,0.0,692848.6875,658693.8125,0.0,1414862.625,0.0,847552.0625,1433062.75,5836848.0,1
1789485658.150861,speech,279,12,39931924.0,0.0,471987424.0,14032263.0,16056940.0,0.0,0.0,0.0,0.0,0.0,0.0,0.0,1710822.125,2904040.75,4465293.5,20854394.0,1
1789485658.2157485,speech,270,24,232602832.0,206404432.0,161825408.0,8178232.0,42312192.0,6539227.5,0.0,3075583.5,0.0,337419.75,3950653.0,7354699.0,5585901.0,36833440.0,34362504.0,197663008.0,1
1789485658.3077965,speech,284,25,302574.4375,0.0,0.0,0.0,0.0,1214030.875,7400596.0,2168232.0,3513416.5,11407936.0,11956929.0,48356992.0,32099338.0,111139256.0,74015640.0,4916403.0,1
1789485658.368897,speech,286,21,8815011.0,0.0,75382368.0,39188360.0,15865935.0,21843182.0,67021512.0,1652400.75,0.0,423105.625,0.0,0.0,330160.75,2800440.25,10790084.0,11892460.0,1
1789485658.4330878,speech,287,28,129184896.0,473212480.0,106635344.0,171681568.0,18160916.0,39965408.0,0.0,0.0,9300459.0,25021108.0,37516972.0,349309792.0,760802048.0,1036018176.0,1182164736.0,866710208.0,1
1789485658.496466,speech,287,3,0.0,0.0,7761343.0,4540392.0,0.0,0.0,0.0,0.0,0.0,0.0,0.0,0.0,0.0,0.0,0.0,0.0,1
1789485658.5455446,speech,287,3,0.0,0.0,0.0,0.0,0.0,0.0,0.0,0.0,0.0,0.0,0.0,886280.25,172972.609375,0.0,0.0,0.0,1
1789485658.5953634,speech,295,30,44953056.0,97306288.0,106245264.0,8298439.0,8969828.0,2347598.25,0.0,0.0,2390648.5,10286646.0,32617290.0,144205920.0,51014328.0,27822970.0,71464952.0,50461440.0,1
1789485658.6584282,speech,292,18,11128876.0,0.0,0.0,122008368.0,425071264.0,72420400.0,8975235.0,3166391.5,0.0,0.0,0.0,0.0,18384894.0,35563808.0,123444032.0,1562739328.0,1
1789485658.722001,speech,291,14,7297334.0,11105742.0,20125756.0,262986976.0,112406520.0,12442666.0,834914.9375,0.0,0.0,685312.8125,755789.8125,2252661.0,0.0,0.0,0.0,0.0,1
1789485658.8441985,speech,293,24,7372977.5,15954376.0,63981076.0,38632440.0,19814150.0,0.0,4205295.0,0.0,0.0,359277.96875,1049792.5,0.0,0.0,4534724.5,4452929.5,4106450.5,1
1789485659.2883728,speech,308,31,158466592.0,60391032.0,700491136.0,254898576.0,44859188.0,1856636.25,5314894.0,3849529.25,3334819.5,4658065.0,7482707.5,7509303.5,230536.453125,7106639.0,860011.125,88499.6640625,1
1789485659.346196,speech,304,11,0.0,229088608.0,559563264.0,0.0,4887016.0,0.0,0.0,13107023.0,829940.375,0.0,0.0,0.0,0.0,4965108.5,0.0,140892.03125,1
1789485659.419329,speech,304,16,0.0,0.0,0.0,0.0,814626.8125,300897.4375,230650.421875,6368275.0,1713575.5,0.0,461555.3125,153311.03125,378349.46875,463703.625,406555.25,263605.09375,1
1789485659.4654431,speech,317,18,22843910.0,1676310.5,379205056.0,11480818.0,617093.5625,9751711.0,368462.875,0.0,0.0,352438.46875,0.0,0.0,108886.984375,64538.29296875,618257.5,573067.75,1
1789485659.7630212,speech,322,11,4820922.5,8020657.0,3540804.5,2578006.25,0.0,0.0,0.0,0.0,0.0,61202.84375,142043.828125,92865.484375,0.0,0.0,0.0,544565.25,1
1789485659.8574336,speech,314,22,26716498.0,0.0,5156495.0,0.0,1421258.25,417486.46875,395739.84375,146651.453125,0.0,1546526.5,380440.0625,423766.125,365973.0,357171.34375,632195.1875,181921.6875,1
1789485660.1115525,speech,327,19,0.0,0.0,1474346.5,1901901.25,0.0,0.0,2236907.0,5169035.5,0.0,2084915.125,0.0,10644078.0,12471142.0,223463008.0,6614554.5,2317827.5,1
1789485660.169364,speech,323,17,0.0,0.0,0.0,139378.25,1937583.875,0.0,994570.0,1332830.625,0.0,2247662.75,1966592.75,0.0,3288592.0,12456626.0,3724496.5,285443.125,1
1789485660.2321234,speech,319,25,0.0,47952.484375,119908.25,624379.625,1550236.25,408925.875,266685.3125,0.0,129483.3125,1766250.5,1747467.25,3020781.0,3668621.5,4555185.5,2217933.5,11865940.0,1
1789485660.3643548,speech,327,31,164516192.0,24033644.0,5557224.5,2902593.5,8675656.0,32274836.0,208820352.0,4760537.0,383257568.0,787596992.0,401137888.0,213836864.0,251567840.0,25933034.0,32369100.0,5197870.0,1
1789485660.4222522,speech,320,23,0.0,6417827.0,3937586.25,2161496.0,12404193.0,0.0,0.0,0.0,166992464.0,1103473664.0,829429888.0,537213952.0,78722944.0,21745002.0,13776193.0,2458520.75,1
1789485660.9651406,speech,347,26,806658752.0,15578036.0,1326164608.0,7872293.0,22632996.0,0.0,1073498.25,3876910.25,11075452.0,3518422.5,10337256.0,1317650.875,4445351.0,531769.625,3037463.5,199770.40625,1
1789485661.0227602,speech,348,23,576608960.0,56707340.0,1469284096.0,2154636.0,0.0,8398342.0,0.0,12204209.0,28603824.0,747068.0,1945922.75,3775113.0,3643782.25,2351577.75,2095455.25,576828.0625,1
1789485661.154583,speech,349,32,299890368.0,62722784.0,85274656.0,5360465.0,2956578.5,222692080.0,28366278.0,122377776.0,5613508.0,284259712.0,114534224.0,3263425024.0,194767936.0,333621248.0,71590392.0,51438788.0,1
1789485661.2149355,speech,350,24,585018368.0,0.0,43464108.0,2763269.25,44019440.0,18740650.0,33427884.0,93968576.0,0.0,41643252.0,85566176.0,54189708.0,65134232.0,100118496.0,1046130432.0,588348288.0,1
1789485661.3136232,speech,356,20,1555893.875,64926048.0,38053260.0,7263595.0,5465122.5,7683572.0,3741583.0,2281506.25,0.0,3394438.0,1385339.875,0.0,0.0,0.0,0.0,0.0,1
1789485661.789306,speech,8,34,2935847.0,1630911.625,20824364.0,10034193.0,12422972.0,108851104.0,78149992.0,50587512.0,153142688.0,414214944.0,187440048.0,40834880.0,39493224.0,455929888.0,1115069696.0,222829984.0,1
1789485661.8492403,speech,7,26,0.0,0.0,371718.3125,4656830.0,118776144.0,218590224.0,13970464.0,18239208.0,0.0,219959808.0,119856160.0,228237120.0,125755248.0,485026304.0,1996514432.0,1914502400.0,1
1789485661.913463,speech,8,22,0.0,0.0,0.0,2443135.25,13913572.0,0.0,0.0,41472032.0,30595438.0,305176192.0,818654080.0,165087680.0,183430656.0,1669313280.0,1756184320.0,292846016.0,1
1789485662.0429604,speech,6,23,0.0,2845606.0,42496240.0,23386176.0,36891140.0,12999024.0,56623392.0,98136528.0,4201602.5,0.0,30506988.0,38465536.0,12434820.0,715345408.0,223443696.0,502484992.0,1
1789485662.104178,speech,7,28,10536268.0,23410230.0,18400744.0,11936774.0,21520736.0,42239880.0,72957000.0,182140432.0,37015488.0,11246252.0,0.0,31679564.0,51798376.0,418879264.0,187912992.0,301550560.0,1
1789485662.706681,speech,2,35,784014848.0,931914240.0,397633920.0,127739448.0,69784128.0,26408584.0,2348793.25,1384938.0,1810646.75,4795393.5,3486415.75,1673412.0,301233.0,6326887.5,13810222.0,23781728.0,1
1789485662.8021507,speech,2,28,42718980.0,55717104.0,26876068.0,7161745.0,3407398.75,3114862.25,14861764.0,390299.1875,1523290.25,3148592.75,2074088.125,6861547.5,0.0,7757916.0,0.0,12368164.0,1
1789485662.8473158,speech,358,21,19114070.0,6705452.0,5356281.5,4498025.0,2271994.0,2575640.0,0.0,0.0,0.0,2409484.75,976323.5625,3762541.0,0.0,3078537.5,7305325.0,3003914.0,1
1789485662.912074,speech,356,27,0.0,9052849.0,5792875.5,3673220.5,472595.5,993873.25,723029.75,209142.859375,486497.25,2658573.5,2976194.25,976646.375,3464240.5,1543431.5,2743517.0,4487456.5,1
1789485662.9755452,speech,358,36,204937280.0,908532608.0,2802671616.0,386439520.0,160926816.0,46646016.0,2648925.75,3090393.5,6094180.0,11261046.0,11354064.0,10535104.0,5277008.0,103292848.0,70719320.0,154472400.0,1
1789485663.0397782,speech,3,32,59418552.0,16018401.0,87248656.0,61551468.0,31633528.0,0.0,9135998.0,67455712.0,175564016.0,607666112.0,230111152.0,254769664.0,160805472.0,274263264.0,1061704192.0,2059119616.0,1
1789485663.104244,speech,5,25,30417848.0,14705764.0,816819.625,7075136.0,46295408.0,25471110.0,0.0,0.0,12675534.0,234772704.0,0.0,44323328.0,6119460.0,475277152.0,123819968.0,1286794752.0,1
1789485663.2764957,speech,2,27,137942336.0,652552832.0,2228194304.0,149081248.0,43731720.0,0.0,0.0,539238.75,4305920.0,1836497.0,1312326.0,3119791.25,4538386.0,35796396.0,57426952.0,144236080.0,1
1789485663.7515514,speech,358,33,202782944.0,471844736.0,1101841920.0,282020608.0,122646976.0,33779020.0,2940144.0,0.0,0.0,72660272.0,137416416.0,133473304.0,33374662.0,23713920.0,34234816.0,81104488.0,1
1789485663.8111615,speech,1,29,608333440.0,492075424.0,914710400.0,76668168.0,31240680.0,3527761.5,2425086.25,1384157.0,0.0,15096194.0,12280185.0,1329996.75,5658308.0,23133580.0,13737756.0,19182236.0,1
1789485663.9735022,speech,359,37,439753280.0,502795456.0,1776229120.0,473993856.0,395677344.0,93389616.0,4383898.5,10935434.0,5232469.0,5211660.0,7099602.0,15915640.0,1298387.125,2715908.5,2825450.5,2593747.0,1
1789485664.0373755,speech,357,30,26678906.0,38638608.0,278529856.0,158282336.0,366753536.0,0.0,83482000.0,0.0,195690576.0,1629008640.0,415077984.0,90634200.0,38503020.0,60915624.0,157188768.0,23929186.0,1
1789485664.1014404,speech,358,27,52303520.0,3077273.5,137042544.0,56537008.0,12158932.0,0.0,10662966.0,23543268.0,2901363.75,7522620.0,28578250.0,87029648.0,0.0,317698112.0,232166256.0,14512407.0,1
1789485664.1949134,speech,5,28,3401065.75,8661060.0,58074788.0,21743718.0,30132644.0,13549384.0,2797701.25,0.0,2852773.25,14212562.0,8759940.0,0.0,29408484.0,381603776.0,189640096.0,53318184.0,1
1789485664.2555447,speech,5,24,1552254.25,11345675.0,15195916.0,2981360.0,7742719.5,2427335.5,658406.5625,0.0,841405.125,17160772.0,9736887.0,0.0,2727058.0,3744636.5,4898354.5,11593208.0,1
1789485664.3215628,speech,5,24,0.0,0.0,3057569.0,13855300.0,0.0,389969.875,717097.1875,677218.625,1709542.5,5462490.5,5315221.5,1673196.875,458773.375,6149835.5,23859732.0,33766196.0,1
1789485664.3667238,speech,4,17,0.0,0.0,9454900.0,781776.875,199643.3125,0.0,373810.46875,1267900.875,0.0,0.0,229604.65625,397030.53125,313470.90625,2024413.25,70334784.0,47971056.0,1
1789485664.4316688,speech,4,22,2124333.25,6209987.5,6385085.0,0.0,715492.0625,0.0,381006.8125,0.0,45881.7421875,0.0,787103.625,714724.4375,409047.65625,5186557.0,3315570.0,7174745.0,1
1789485664.4807334,speech,5,35,1409386880.0,1055990848.0,241301904.0,13473442.0,1861868.75,16055572.0,4764811.0,504938.8125,1418905.125,7071081.0,3504937.5,8432109.0,6090467.5,17105434.0,75512432.0,38496284.0,1
1789485664.5450149,speech,0,25,0.0,112895056.0,3056022528.0,647848320.0,72515120.0,31365068.0,5998088.5,17875508.0,111065008.0,12030942.0,12988919.0,3433759.0,0.0,3003491.75,5411316.5,2431599.0,1
1789485664.638321,speech,4,36,12002872.0,59271848.0,431533632.0,383590176.0,210390640.0,51953248.0,26394120.0,14055986.0,13425233.0,29741740.0,6211310.0,6614454.5,24332572.0,528569984.0,1232111104.0,3351676416.0,1
1789485664.6986606,speech,5,28,0.0,0.0,32110608.0,47928312.0,97954048.0,16356396.0,2290095.25,42527564.0,39996832.0,44773244.0,112393840.0,269259328.0,26045392.0,786572928.0,201518768.0,326793152.0,1
1789485664.7628286,speech,5,37,16913880.0,22356476.0,5773097.5,25534976.0,42185092.0,40959600.0,49094608.0,111692072.0,339776192.0,1074370304.0,612726912.0,622717184.0,1004039104.0,2589525760.0,3707160576.0,1867883264.0,1
1789485664.8121543,speech,5,30,33071144.0,34584560.0,90910872.0,166613376.0,503323456.0,227652704.0,98853776.0,116268280.0,268448960.0,1499103744.0,1160425472.0,200493536.0,5248781.0,0.0,0.0,28119476.0,1
1789485665.2415931,speech,27,25,0.0,0.0,9017445.0,21169216.0,26881216.0,5570945.0,2281635.5,798353.0,0.0,4950092.5,1967942.875,10732674.0,1116129.75,62247984.0,112856736.0,49537668.0,1
1789485665.3057566,speech,25,29,4441949.5,6514449.5,49549816.0,26123730.0,36839200.0,10035076.0,23596348.0,0.0,1672580.0,1639921.875,736094.875,1408711.5,7759997.0,54725216.0,49155240.0,63230576.0,1
1789485665.3693733,speech,27,25,1359318.375,2230009.25,2744402.25,22861986.0,12956196.0,99515360.0,22184640.0,0.0,2408941.0,7653428.0,2540094.75,0.0,2874734.0,22711956.0,50989872.0,0.0,1
1789485665.5565765,speech,29,27,67104100.0,34990400.0,1394093056.0,2205336576.0,1896754048.0,297074464.0,14123997.0,1576214.25,854429.25,261508.96875,0.0,5543866.0,23091368.0,13573166.0,19945624.0,8162467.0,1
1789485665.651328,speech,29,28,239396176.0,152577104.0,1780489728.0,77502192.0,103183608.0,5302508.5,1482487.25,0.0,0.0,849381.0625,607198.25,0.0,3381817.75,6760701.0,6754940.0,1799643.0,1
1789485665.6959846,speech,29,26,289834304.0,166874240.0,16943488.0,46823928.0,31554012.0,904469.9375,1671285.75,231211.140625,112466.390625,0.0,0.0,493222.1875,898277.625,1557559.375,559907.5625,1486641.875,1
1789485665.810112,speech,29,20,7068647.0,129482.2421875,0.0,7792406.0,5090699.0,3143594.0,1803108.25,0.0,0.0,333335.15625,0.0,15139236.0,16172930.0,20373846.0,13990144.0,10434854.0,1
1789485665.855531,speech,33,21,108122720.0,106768624.0,9736908.0,8822782.0,5061924.5,3421506.25,1561699.25,0.0,0.0,0.0,641129.125,966624.0,173282.203125,2921214.0,922047.25,0.0,1
1789485665.9183962,speech,44,35,581643584.0,122433680.0,239682544.0,6653024.0,11921552.0,9097199.0,0.0,1647906.375,1229882.25,2352339.0,922653.1875,9074216.0,4753472.0,10923948.0,5926163.0,12385538.0,1
1789485665.9811382,speech,50,21,0.0,0.0,240262544.0,0.0,0.0,47255520.0,8497103.0,0.0,0.0,5612392.0,20564988.0,13766824.0,14606282.0,47803816.0,18669254.0,47371972.0,1
1789485666.0416412,speech,36,18,243458336.0,170356672.0,1117588224.0,953120384.0,158995600.0,0.0,0.0,0.0,0.0,0.0,0.0,16367914.0,7182224.0,15298719.0,6356899.0,67359384.0,1
1789485666.106002,speech,70,24,97412784.0,0.0,0.0,0.0,900424704.0,468945600.0,296294784.0,51212808.0,42157196.0,28841748.0,28635128.0,42508552.0,43802624.0,0.0,142032976.0,286311488.0,1
1789485666.1703682,speech,57,24,0.0,5576098.0,34422492.0,0.0,483237024.0,677470976.0,42253480.0,2412385.25,0.0,10698540.0,5761498.0,17750922.0,3090612.25,74761160.0,58252464.0,828309184.0,1
1789485666.2866828,speech,64,26,82117184.0,0.0,377791936.0,418566880.0,1171575552.0,431897024.0,103189120.0,3799352.0,0.0,0.0,69402640.0,55383560.0,55061944.0,179968384.0,254723680.0,1714202368.0,1
1789485666.3464377,speech,63,22,75483472.0,131107968.0,1363545728.0,825175808.0,389578880.0,48643492.0,3346690.5,0.0,0.0,9292520.0,56777800.0,41488440.0,19069528.0,20442336.0,0.0,186922576.0,1
1789485666.422195,speech,64,29,290798464.0,51842016.0,61447292.0,26603320.0,62470772.0,14542033.0,6333421.0,2166060.0,654350.625,347948.09375,7520543.5,6105683.5,2184639.25,13088178.0,19147866.0,26190026.0,1
1789485666.4852014,speech,52,17,42075936.0,616428672.0,995117184.0,0.0,0.0,3788149.5,18245240.0,2131028.75,0.0,913272.4375,0.0,0.0,1023671.375,3178209.0,0.0,9602864.0,1
1789485666.5706892,speech,54,17,117011600.0,225131072.0,276033152.0,0.0,7453140.0,2599345.5,2016552.875,407925.53125,0.0,194881.6875,0.0,2126018.25,0.0,0.0,490492.8125,0.0,1
1789485666.7291439,speech,63,26,27361508.0,4649006.0,0.0,67839848.0,36033632.0,91490144.0,119632712.0,6552283.0,2331824.75,6604388.0,13172527.0,12282758.0,23606068.0,143562912.0,0.0,170116160.0,1
1789485666.7887263,speech,68,28,93286896.0,10793344.0,171836656.0,117526248.0,470029504.0,495824032.0,135329488.0,61307396.0,4783430.0,25641372.0,7954717.0,113847672.0,154742784.0,340679488.0,176889280.0,0.0,1
1789485666.8644016,speech,67,8,0.0,0.0,0.0,0.0,0.0,0.0,3566277.25,0.0,377738.25,1875785.25,0.0,12353119.0,0.0,6840903.0,15860385.0,39318984.0,1
1789485666.928527,speech,51,20,100183664.0,942046080.0,369373184.0,84810672.0,0.0,0.0,18953344.0,417837.78125,6511776.0,0.0,13474621.0,0.0,25954458.0,52005832.0,16211755.0,148303584.0,1
1789485666.9917002,speech,51,25,503531328.0,79882512.0,11227231.0,12141960.0,13897506.0,2861047.0,0.0,0.0,804371.625,1430070.75,3636630.0,1694919.0,1718898.25,1645979.75,3016192.75,31579666.0,1
1789485667.0374203,speech,51,10,0.0,0.0,0.0,0.0,0.0,1208239.0,67997.703125,97016.2265625,63724.31640625,0.0,0.0,747922.9375,353781.21875,0.0,460855.0,0.0,1
1789485667.0873394,speech,55,22,4597815.5,17879880.0,32306272.0,0.0,2892135.75,4709402.0,184856.984375,401967.9375,0.0,0.0,1965504.125,2892892.75,1130423.25,1204526.375,322050.5625,788390.875,1
1789485667.1517756,speech,56,18,0.0,0.0,0.0,861241.6875,0.0,1166044.875,664042.4375,173831.671875,0.0,86486.109375,0.0,311624.0625,169069.359375,1101385.625,435992.3125,10381860.0,1
1789485667.2360873,speech,61,24,1264901504.0,226206080.0,0.0,9325990.0,14646610.0,1996394.0,2819754.75,2200906.0,0.0,0.0,178494.046875,2370412.25,375510.09375,3285686.75,792310.125,1335334.5,1
1789485667.2946117,speech,61,32,802946048.0,1593315072.0,118920080.0,2900811.5,4503080.5,12910305.0,0.0,4825816.0,1967905.125,3907856.5,3612565.5,3536644.5,12022476.0,64784024.0,53776828.0,24683580.0,1
1789485667.9969332,speech,74,27,14576866.0,0.0,0.0,0.0,73971528.0,73217176.0,351949824.0,169866608.0,7023421.5,6941350.0,18131190.0,18715884.0,2080668.125,22917496.0,1931816.125,1317048.75,1
1789485668.0555656,speech,49,12,1528993664.0,0.0,0.0,121762544.0,14317768.0,0.0,0.0,0.0,0.0,0.0,56265828.0,20538656.0,0.0,1712606.875,45186904.0,52052612.0,1
1789485668.1539493,speech,49,15,0.0,783012.1875,0.0,2009174.25,969473.5,533201.625,1560136.5,0.0,0.0,60291.13671875,0.0,0.0,1298457.375,2328417.0,5355437.0,8435196.0,1
1789485668.199414,speech,49,24,10393174.0,2378527.0,5668803.5,0.0,3081042.5,5217822.5,17814230.0,0.0,0.0,1051311.5,2321399.5,1360649.75,4413836.0,2118916.25,1119301.0,3281125.0,1
1789485668.2448137,speech,48,16,10725102.0,0.0,0.0,835064.25,882166.25,0.0,3986598.25,0.0,0.0,276035.28125,1383941.625,521373.03125,0.0,179864.8125,508640.0,901795.875,1
1789485668.3058255,speech,38,15,0.0,15894040.0,1033344192.0,4328154.0,100508392.0,0.0,0.0,0.0,3049671.5,0.0,0.0,0.0,0.0,12182648.0,5086302.0,4260612.0,1
1789485668.3671677,speech,39,20,0.0,382397152.0,312279616.0,0.0,213025360.0,1846716.75,0.0,0.0,417586.875,214072.71875,0.0,1388379.0,66665384.0,17211980.0,82517880.0,641825280.0,1
1789485668.4400423,speech,47,21,29873988.0,120998840.0,0.0,253417184.0,84715336.0,2552198.5,0.0,0.0,6875171.0,1271042.375,8902476.0,23560216.0,1161989.125,69259664.0,0.0,438732608.0,1
1789485668.5978372,speech,46,20,0.0,5683988.0,15509632.0,20732456.0,43260756.0,1918815.75,21319172.0,0.0,0.0,1601897.125,1651564.375,318520.53125,0.0,1790719.25,3716460.0,19044016.0,1
1789485668.6559682,speech,67,20,0.0,4594567.0,0.0,0.0,0.0,64627376.0,95570312.0,136932464.0,15434074.0,19349116.0,2332997.0,6568209.5,0.0,601132.0625,960527.4375,2547815.25,1
1789485669.168622,speech,68,28,127085032.0,9585821.0,0.0,34251528.0,699912448.0,1470884096.0,477278208.0,21408708.0,15089378.0,1313801.125,6734557.0,46421804.0,0.0,18912502.0,20606888.0,17053048.0,1
1789485669.2956846,speech,68,15,0.0,0.0,0.0,0.0,0.0,0.0,0.0,0.0,0.0,733157.6875,717525.5,5210279.5,5755329.5,6296578.5,6283524.0,11436996.0,1
1789485669.3411965,speech,68,15,980548.25,0.0,0.0,0.0,5357347.0,4183431.25,0.0,0.0,0.0,982568.1875,0.0,2002312.5,3370767.25,4750406.0,13052492.0,4593915.5,1
1789485669.3876326,speech,70,15,0.0,0.0,2956424.5,3236006.5,0.0,2323251.25,9494569.0,0.0,0.0,2034513.75,1125799.5,0.0,0.0,4462905.0,7861538.5,4475464.5,1
1789485669.4843469,speech,67,31,480020736.0,0.0,171011792.0,34132592.0,110109792.0,51138504.0,130065480.0,11218977.0,1133851.75,2987624.5,0.0,13899590.0,999458.3125,4562740.5,15952372.0,19416616.0,1
1789485669.5488143,speech,74,25,57021176.0,29436900.0,0.0,34171304.0,63462160.0,882348544.0,244929872.0,206873056.0,0.0,229657376.0,7610402.5,89397864.0,502133.75,25250120.0,46000248.0,153251680.0,1
1789485669.6432502,speech,64,30,52584680.0,10716062.0,136364096.0,40481124.0,275662624.0,47592376.0,101581688.0,4905305.0,2389996.5,0.0,1935923.5,21987296.0,110414984.0,525777152.0,350290048.0,798254592.0,1
1789485669.7028322,speech,65,29,214441024.0,91918848.0,40749792.0,0.0,390153728.0,90226440.0,70932960.0,9317502.0,0.0,38031648.0,21354860.0,30433424.0,41314768.0,293300704.0,1954130944.0,1146354688.0,1
1789485669.7676764,speech,65,24,10153628.0,0.0,64760864.0,91851312.0,0.0,305366304.0,277266784.0,55025976.0,2349077.5,13595040.0,8807565.0,5138889.0,4481066.0,179212176.0,492522368.0,488268864.0,1
1789485669.8971243,speech,64,9,5298435.0,40927660.0,26673686.0,0.0,5662626.5,1438247.5,10800786.0,0.0,0.0,0.0,0.0,0.0,0.0,0.0,0.0,10100010.0,1
1789485669.957088,speech,65,18,0.0,3243521.5,7092907.0,0.0,20764038.0,43795740.0,347325600.0,129820336.0,37348900.0,6748638.0,0.0,3155897.5,0.0,0.0,0.0,29808280.0,1
1789485670.021312,speech,66,20,15031797.0,0.0,0.0,0.0,137240736.0,668630784.0,234879728.0,5269023.0,0.0,3376080.5,3361279.0,5483354.5,1481343.75,1828654.125,0.0,0.0,1
1789485670.5924475,speech,55,27,297104864.0,577485184.0,3054082560.0,1829923840.0,351772416.0,95696224.0,11420317.0,1526743.875,2823676.5,24514384.0,0.0,21021668.0,35411588.0,48740864.0,0.0,137770112.0,1
1789485670.6505098,speech,59,26,0.0,32581504.0,0.0,1853109504.0,3465891328.0,372325728.0,20206796.0,2009740.5,3792191.0,49749576.0,0.0,101729032.0,11365899.0,66542852.0,42862568.0,156813376.0,1
1789485670.7135248,speech,60,18,19268988.0,35618604.0,231792848.0,50523076.0,136977392.0,5849809.5,0.0,0.0,1571468.75,18132298.0,15645902.0,14618624.0,0.0,165612208.0,35734560.0,0.0,1
1789485670.7769802,speech,72,35,236384928.0,463160000.0,715368512.0,135267616.0,100638224.0,56420232.0,17393814.0,8267616.0,39449332.0,814816896.0,753376768.0,570292672.0,73489112.0,237866400.0,204393632.0,303088384.0,1
1789485670.8407583,speech,72,28,172213856.0,837050240.0,2982999040.0,85149928.0,45693568.0,14420760.0,35923524.0,0.0,0.0,770604544.0,4226020864.0,927238656.0,0.0,292821632.0,1231781632.0,318748544.0,1
1789485670.8904436,speech,72,28,50920448.0,81858856.0,398715712.0,1405414656.0,248014640.0,27020632.0,3744374.0,2668163.5,0.0,124369072.0,543428864.0,1492257280.0,413604960.0,177732848.0,77052208.0,12363752.0,1
1789485670.9365523,speech,73,19,98545544.0,110583096.0,0.0,0.0,146953424.0,20249780.0,6710829.0,5526663.0,5020387.0,190070080.0,61410620.0,438333024.0,0.0,0.0,0.0,3074664.0,1
1789485671.0006478,speech,73,24,5882327.0,17436446.0,0.0,66822856.0,120187952.0,46220448.0,1782037.625,0.0,2051626.375,29946268.0,63957136.0,6691118.5,13476278.0,83895064.0,219276640.0,214248944.0,1
1789485671.0502346,speech,70,20,71400880.0,81076744.0,55683952.0,276228224.0,453167712.0,67817080.0,16543122.0,8990292.0,8596476.0,5445316.0,0.0,0.0,0.0,7096139.0,0.0,0.0,1
1789485671.1138914,speech,65,26,254053888.0,594966656.0,1359406976.0,223565696.0,705396736.0,311191040.0,53488992.0,27346312.0,0.0,27296810.0,7714974.0,0.0,8512037.0,9245770.0,28875108.0,16187039.0,1
1789485671.574014,speech,80,32,211440480.0,349154688.0,4715522048.0,865954304.0,395443392.0,49875880.0,6450678.5,2955911.75,0.0,41434332.0,22313456.0,30193636.0,31197124.0,174761408.0,2019726080.0,1041073344.0,1
1789485671.6693385,speech,81,27,64417804.0,176542032.0,54795700.0,0.0,51560712.0,27152084.0,3116342.0,336417.625,20821090.0,189474368.0,603142528.0,3011141120.0,187629184.0,59563552.0,155151680.0,8754005.0,1
1789485671.7293904,speech,80,32,238896992.0,560901248.0,272148960.0,17471916.0,53183684.0,8281062.0,6671810.0,0.0,690517.625,20048978.0,270835392.0,1990892928.0,1585711872.0,848326976.0,102997680.0,53341708.0,1
1789485671.7935755,speech,79,17,2846795776.0,100890040.0,232868416.0,53915072.0,42466280.0,0.0,2705038.75,2794754.0,982878.625,1496149.25,0.0,610444.75,0.0,0.0,0.0,23292730.0,1
1789485671.857786,speech,80,8,182692768.0,0.0,633815.5,0.0,1002092.75,0.0,0.0,472001.46875,178316.34375,0.0,0.0,652579.5625,0.0,0.0,0.0,0.0,1
1789485671.9342766,speech,77,27,101747800.0,162371808.0,88950336.0,6461774.5,16011492.0,0.0,3051958.25,988724.5,0.0,17910624.0,31854426.0,8165954.0,0.0,1697646.25,0.0,1489919.5,1
1789485672.2076197,speech,68,32,10326731.0,24166944.0,6606063.0,0.0,19576920.0,9865182.0,2895433.25,63670.58203125,0.0,12149147.0,3525626.5,16751000.0,8111948.0,30570070.0,62774792.0,94391664.0,1
1789485672.2716928,speech,71,27,4285704.5,3659330.5,18299100.0,5705079.5,23978826.0,8145623.0,1609260.0,170274.78125,0.0,94669.2109375,11717905.0,5001342.0,23055228.0,124831072.0,3933185.25,72541648.0,1
1789485672.3366618,speech,70,27,0.0,0.0,8175509.0,15084049.0,31533358.0,13526219.0,4053005.0,555633.4375,0.0,1601583.75,4441414.0,16904156.0,12096155.0,13672805.0,22643994.0,51516068.0,1
1789485672.5862856,speech,78,32,8087288.0,17367224.0,0.0,4439635.0,34071120.0,8600008.0,2490548.0,1014482.875,6836555.5,30138656.0,68241584.0,86517288.0,34918784.0,103267152.0,29839944.0,9208339.0,1
1789485672.6505978,speech,85,26,151031744.0,43155668.0,0.0,353706624.0,1661132288.0,2325208064.0,372119424.0,1828975.875,0.0,36044456.0,33660980.0,153358688.0,275381984.0,822651648.0,1221385728.0,4972732416.0,1
1789485672.7154968,speech,81,13,196110304.0,0.0,112631472.0,0.0,444879904.0,59761716.0,0.0,0.0,0.0,3249005.0,6625201.0,8295449.0,0.0,0.0,11595396.0,0.0,1
1789485672.935693,speech,90,21,0.0,0.0,0.0,0.0,158792512.0,7663793.5,0.0,1912772.75,3889307.75,18516144.0,6874709.0,22373158.0,4343342.0,43359440.0,179869728.0,2184938752.0,1
1789485672.9960318,speech,90,27,98712648.0,0.0,46012248.0,0.0,399788800.0,79901712.0,17094716.0,0.0,7044713.5,65602776.0,76523104.0,123644112.0,114515936.0,1228886528.0,1041993408.0,2416443648.0,1
1789485673.0610626,speech,93,25,294156256.0,0.0,0.0,0.0,31675300.0,5647807.0,2637754.5,3409994.75,0.0,74911864.0,89215728.0,158238912.0,213720128.0,513552960.0,642147136.0,382554112.0,1
1789485673.121668,speech,90,15,0.0,0.0,0.0,0.0,87878296.0,21489580.0,7159038.5,1978002.25,0.0,16843918.0,20614704.0,25734244.0,0.0,89646448.0,48201960.0,481293184.0,1
1789485673.1859615,speech,90,6,0.0,0.0,0.0,0.0,344023.25,366102.75,0.0,0.0,191017.59375,2501774.75,3198031.75,443274.6875,0.0,0.0,0.0,0.0,1
1789485673.2354558,speech,96,17,0.0,0.0,37705836.0,7975079.5,0.0,1730531.5,0.0,129026.3984375,0.0,0.0,6002020.0,11160616.0,20452664.0,23864160.0,43988484.0,121944752.0,1
1789485673.3002646,speech,93,15,0.0,0.0,0.0,11255440.0,1810886.375,6335111.0,0.0,0.0,0.0,8385432.5,1608440.75,980543.8125,0.0,252757552.0,94674696.0,765790080.0,1
1789485673.788389,speech,92,27,86566128.0,0.0,0.0,0.0,449753280.0,15623105.0,11432998.0,11343234.0,5125528.0,10044408.0,42516292.0,28428784.0,44963184.0,163682080.0,50367848.0,138312864.0,1
1789485673.8838468,speech,99,23,0.0,0.0,21882972.0,3665499.5,26045280.0,0.0,0.0,1180597.0,2978794.75,124895656.0,238476128.0,405658752.0,131231064.0,44412836.0,55002484.0,583891392.0,1
1789485673.9444995,speech,98,25,379636736.0,0.0,0.0,0.0,558208640.0,172283248.0,44012016.0,1815578.375,0.0,17099420.0,26188536.0,42534288.0,25153624.0,153784000.0,157799216.0,354470528.0,1
1789485674.008697,speech,83,18,0.0,12425378.0,49218928.0,0.0,0.0,0.0,374289408.0,17347318.0,0.0,465799808.0,287423360.0,872150272.0,1240886528.0,3237569280.0,535522944.0,192127648.0,1
1789485674.0727615,speech,83,13,0.0,0.0,44340912.0,0.0,43978308.0,42098504.0,18900352.0,0.0,0.0,0.0,21563864.0,41177820.0,83023608.0,91351648.0,120052400.0,87521936.0,1
1789485674.1700315,speech,83,27,7038950.0,99154752.0,0.0,134539648.0,323684928.0,22618882.0,12490258.0,0.0,1434511.375,5819658.0,9638194.0,13888898.0,0.0,19621108.0,53360340.0,258682240.0,1
1789485674.5798523,speech,90,30,0.0,0.0,282276.9375,0.0,19064068.0,16815810.0,131549128.0,62817632.0,160393232.0,389644544.0,352713408.0,399320064.0,308964256.0,678781056.0,717050048.0,1525769856.0,1
1789485674.6400483,speech,90,24,30229760.0,0.0,18011720.0,3469761.0,2458504.25,140407120.0,20711410.0,35725488.0,0.0,192109408.0,327529312.0,305639168.0,226166912.0,152846800.0,408569920.0,374728032.0,1
1789485674.6890633,speech,89,20,36829660.0,0.0,2797461.5,2241614.5,41137788.0,98638472.0,407043008.0,0.0,0.0,547683136.0,596423296.0,627909632.0,142362128.0,1185405184.0,414080544.0,3063005184.0,1
1789485674.7547443,speech,89,15,0.0,0.0,0.0,0.0,80265568.0,0.0,37637960.0,0.0,18273910.0,469796096.0,1022727296.0,1008591808.0,63406096.0,180103600.0,807713408.0,3542256896.0,1
1789485674.8037837,speech,88,17,0.0,0.0,0.0,5239143.5,60803068.0,79523616.0,14589227.0,0.0,2421756.5,113001344.0,504343296.0,148417632.0,32992892.0,177987072.0,1046494720.0,910308736.0,1
1789485674.8685908,speech,87,26,0.0,1285813.125,0.0,6930268.0,54402036.0,11802529.0,37214448.0,1567590.25,1333936.625,132196792.0,601917824.0,129041608.0,2614130.5,218346832.0,222881104.0,650210688.0,1
1789485675.150707,speech,80,11,0.0,146480.53125,0.0,0.0,0.0,612125.9375,476742.625,0.0,0.0,0.0,351339.625,490626.9375,113570.953125,806156.625,597000.75,0.0,1
1789485675.2109766,speech,85,11,0.0,0.0,0.0,0.0,227640.5625,0.0,0.0,122953.59375,0.0,0.0,0.0,1167611.375,1054297.625,2889888.0,223463.078125,0.0,1
1789485675.2759793,speech,86,21,0.0,1543412.875,78038.6953125,0.0,784552.625,0.0,144448.328125,321968.75,184860.40625,894046.125,1242047.5,621286.875,203079.4375,1617136.25,356073.4375,7692657.0,1
1789485675.3402853,speech,92,23,4165942.0,51466008.0,9173975.0,0.0,483274816.0,0.0,168891120.0,249878528.0,0.0,179706656.0,146915008.0,11298987.0,638907520.0,110766672.0,226425104.0,2136076032.0,1
1789485675.405735,speech,92,6,0.0,0.0,0.0,0.0,0.0,0.0,64824712.0,50226260.0,0.0,63800672.0,22163000.0,0.0,0.0,0.0,0.0,54442248.0,1
1789485675.4549413,speech,84,17,702209.375,0.0,227457216.0,0.0,188797632.0,0.0,0.0,5497167.5,0.0,2670883.0,72868312.0,1517835904.0,16229309.0,136198688.0,45231412.0,0.0,1
1789485675.6558812,speech,84,13,2581592.25,0.0,0.0,1538725.75,73589920.0,0.0,0.0,0.0,487155.8125,0.0,0.0,5142645.0,1765999.5,6615481.0,41020648.0,0.0,1
1789485675.8450913,speech,83,23,4429375.5,0.0,76259704.0,37834560.0,2004316416.0,881565760.0,11358630.0,0.0,8168242.0,9749273.0,51595232.0,122986144.0,101672352.0,1151763968.0,27860806.0,89091840.0,1
1789485675.9055574,speech,83,23,0.0,0.0,64670040.0,1458563.5,1618852864.0,17815950.0,0.0,0.0,52427812.0,62820684.0,26463440.0,58459468.0,64789128.0,269408192.0,330396320.0,1372193280.0,1
1789485675.9553614,speech,91,26,0.0,0.0,42401648.0,9100800.0,680065280.0,490241568.0,5808991.0,393791552.0,0.0,176508864.0,65082980.0,46235740.0,23121058.0,65883480.0,52860220.0,362551040.0,1
1789485676.0677722,speech,91,10,0.0,6802578.0,0.0,2179600.0,0.0,0.0,0.0,0.0,0.0,0.0,405684.28125,3332021.25,564065.125,0.0,0.0,18492630.0,1
1789485676.1133032,speech,91,9,143245.375,0.0,0.0,0.0,0.0,1615338.0,0.0,0.0,0.0,1577420.0,1989334.5,1350744.25,1784780.0,1623182.75,0.0,0.0,1
1789485676.1602585,speech,91,4,1130826.0,537811.4375,0.0,0.0,0.0,558081.8125,0.0,0.0,0.0,0.0,0.0,0.0,0.0,0.0,0.0,0.0,1
1789485676.2101371,speech,94,8,0.0,0.0,30425900.0,0.0,7822769.0,0.0,0.0,0.0,0.0,0.0,1287016.25,1543963.0,0.0,1836352.375,0.0,3562932.0,1
1789485676.2890625,speech,94,28,0.0,0.0,0.0,26019792.0,38509336.0,6389461.5,5215684.0,3381715.0,2340957.75,6227756.0,24004404.0,80802880.0,56063424.0,57389084.0,23507292.0,66445588.0,1
1789485676.3347592,speech,96,26,0.0,0.0,0.0,27483988.0,206986480.0,120271968.0,335095808.0,70307488.0,17562990.0,2072790.25,0.0,19003898.0,18717044.0,13958415.0,17779680.0,9894394.0,1
1789485676.3995612,speech,84,29,0.0,0.0,43237968.0,30962420.0,46316848.0,124514696.0,90300320.0,28429282.0,87515632.0,1354600704.0,512005696.0,476152640.0,87510656.0,1070709056.0,235246016.0,993669376.0,1
1789485676.46319,speech,72,15,2567565.25,0.0,0.0,0.0,22581856.0,0.0,0.0,0.0,189587632.0,983834432.0,242833504.0,122071152.0,0.0,641997184.0,0.0,1668266752.0,1
1789485676.6381037,speech,83,25,48368840.0,0.0,1946514.25,4339621.0,165598944.0,63400548.0,0.0,0.0,55588092.0,384516608.0,182901136.0,141356752.0,53134760.0,88192456.0,91029552.0,392819264.0,1
1789485676.702845,speech,84,23,77054808.0,0.0,0.0,0.0,87828416.0,0.0,217092224.0,110279704.0,0.0,170969856.0,494194624.0,290217952.0,0.0,877304640.0,2018146560.0,753235776.0,1
1789485676.79576,speech,84,25,14450768.0,0.0,4334785.0,0.0,926476672.0,1116988672.0,785778944.0,242241152.0,23120658.0,100780032.0,104299000.0,14706262.0,30700792.0,127219456.0,103218632.0,190991696.0,1
1789485676.8419774,speech,84,15,47616120.0,43231580.0,0.0,0.0,0.0,79084616.0,338464608.0,0.0,0.0,0.0,29777428.0,60957772.0,0.0,46438000.0,57854688.0,279875232.0,1
1789485677.7452295,speech,100,11,0.0,8119181.0,0.0,0.0,0.0,0.0,0.0,0.0,0.0,0.0,320403.375,329138.4375,169053.90625,362503.3125,741790.75,810718.1875,1
1789485677.8053901,speech,91,18,0.0,0.0,0.0,0.0,0.0,0.0,1617847.25,565355.3125,302071.3125,521946.84375,737662.9375,2521874.75,6129345.0,5998876.0,8075094.5,26008372.0,1
1789485677.871136,speech,93,23,0.0,39523680.0,0.0,0.0,40245812.0,62776072.0,7252428.5,0.0,0.0,2606948.0,6859119.5,3193126.0,6010759.5,21530260.0,11764936.0,21018648.0,1
1789485677.9352129,speech,74,15,0.0,0.0,0.0,10357401.0,38711040.0,152250400.0,0.0,0.0,0.0,1277029.25,1105718.25,8667046.0,0.0,12926192.0,18057108.0,27195418.0,1
1789485677.9987075,speech,74,8,0.0,0.0,1080076.125,0.0,0.0,0.0,0.0,427665.46875,0.0,240178.796875,0.0,1276147.0,200028.8125,0.0,0.0,5439714.0,1
1789485678.047682,speech,81,5,961261.625,0.0,0.0,0.0,0.0,0.0,0.0,0.0,0.0,99099.625,0.0,75091.6640625,0.0,448751.5625,0.0,1265491.75,1
1789485678.1551876,speech,88,15,167785.875,0.0,0.0,0.0,0.0,0.0,7054688.0,1124748.375,352572.5625,0.0,518791.8125,7318733.0,0.0,13271826.0,46654364.0,77986544.0,1
1789485678.219407,speech,89,16,822533.5,0.0,0.0,0.0,0.0,0.0,4858773.0,0.0,416360.9375,0.0,21920794.0,17437442.0,29586480.0,47506624.0,94850976.0,76273632.0,1
1789485678.2830796,speech,80,12,1110181.375,0.0,0.0,0.0,0.0,0.0,0.0,0.0,0.0,9934935.0,1449331.0,0.0,3102388.75,33765092.0,43400260.0,86771200.0,1
1789485678.4418623,speech,90,18,2152790.0,0.0,0.0,0.0,0.0,73173760.0,24480804.0,0.0,8687716.0,16284380.0,28093880.0,11993377.0,12235366.0,33118080.0,45304616.0,118446752.0,1
1789485678.502487,speech,81,11,0.0,0.0,0.0,0.0,1523568.25,0.0,4917921.0,1464740.125,0.0,0.0,0.0,3074300.75,5206037.0,11333900.0,6359142.0,40292168.0,1
1789485678.5671618,speech,90,13,0.0,0.0,0.0,0.0,0.0,0.0,0.0,0.0,0.0,0.0,414732.9375,2186853.75,3423571.5,13248397.0,15658769.0,20671648.0,1
1789485678.6320794,speech,102,23,0.0,58780060.0,0.0,0.0,0.0,224050976.0,758206144.0,28256312.0,5603712.0,27616250.0,57907412.0,266553968.0,173262816.0,1227113472.0,3007089664.0,378945984.0,1
1789485678.6970978,speech,102,15,0.0,0.0,27560056.0,0.0,0.0,23607014.0,109954176.0,0.0,0.0,0.0,227793120.0,722626624.0,271228096.0,702888448.0,0.0,130593352.0,1
1789485678.796452,speech,90,8,0.0,0.0,11065542.0,0.0,0.0,5421473.5,0.0,0.0,7117011.0,0.0,951259.4375,0.0,0.0,0.0,0.0,56992104.0,1
1789485678.94877,speech,97,15,0.0,0.0,18697448.0,0.0,10955668.0,11440454.0,0.0,215330.484375,0.0,10751340.0,23829906.0,13110455.0,3661438.0,1759444.875,4922014.0,20760082.0,1
1789485679.00894,speech,106,8,0.0,0.0,0.0,0.0,0.0,0.0,7542086.0,0.0,0.0,0.0,15895500.0,8113566.5,74722912.0,0.0,35967024.0,548788928.0,1
1789485679.0741515,speech,136,6,0.0,0.0,0.0,0.0,0.0,461996832.0,454761856.0,0.0,0.0,0.0,403497600.0,586948032.0,0.0,0.0,0.0,0.0,1
1789485679.137714,speech,137,9,25252438.0,0.0,0.0,0.0,70103720.0,0.0,6539818.0,3276964.75,0.0,0.0,476513024.0,0.0,10576324.0,0.0,0.0,9067816.0,1
1789485679.1989841,speech,135,5,0.0,0.0,18412890.0,0.0,10126916.0,0.0,44569892.0,0.0,0.0,0.0,0.0,76260136.0,0.0,0.0,0.0,0.0,1
1789485679.333747,speech,179,8,0.0,0.0,0.0,0.0,0.0,34197368.0,32851998.0,7526250.5,0.0,0.0,17804512.0,3482244.25,0.0,0.0,0.0,0.0,1
1789485679.3857653,speech,182,12,23057856.0,0.0,0.0,0.0,603615232.0,491122080.0,172854592.0,25880194.0,0.0,0.0,80371968.0,0.0,0.0,0.0,0.0,0.0,1
1789485679.4511135,speech,182,6,5084669.0,0.0,14872522.0,0.0,0.0,0.0,0.0,0.0,0.0,0.0,90954832.0,53607832.0,426544768.0,0.0,0.0,0.0,1
1789485679.5493517,speech,192,11,642227.5625,6130523.0,0.0,0.0,97582440.0,194934784.0,32211286.0,1948255.625,0.0,5843158.5,0.0,0.0,0.0,0.0,0.0,0.0,1
1789485679.619289,speech,193,10,79586032.0,44584572.0,0.0,0.0,598003968.0,160266592.0,4642566.5,0.0,0.0,21701042.0,28071464.0,0.0,0.0,0.0,0.0,0.0,1
1789485679.6827707,speech,193,5,0.0,0.0,0.0,0.0,0.0,0.0,0.0,0.0,3868966.0,2172043.5,0.0,0.0,0.0,0.0,0.0,13478709.0,1
1789485679.7280235,speech,195,7,0.0,0.0,0.0,0.0,4268733.0,38040624.0,2572106.25,0.0,0.0,9747632.0,0.0,0.0,16135697.0,0.0,0.0,0.0,1
1789485679.8663733,speech,191,10,0.0,5454808.0,0.0,0.0,0.0,790304.875,2316230.25,803278.0,0.0,169972.09375,0.0,975737.4375,0.0,0.0,7594128.0,11208698.0,1
1789485679.9295204,speech,184,8,241056720.0,23628642.0,0.0,0.0,3070686.25,4006108.75,533444.4375,0.0,0.0,0.0,0.0,0.0,314237.625,0.0,0.0,0.0,1
1789485680.054485,speech,180,14,728367232.0,457798464.0,0.0,0.0,0.0,6506291.5,65827448.0,118989328.0,0.0,0.0,431151.75,0.0,0.0,0.0,0.0,1298036.25,1
1789485680.1182897,speech,180,5,0.0,9147417.0,0.0,496552.125,493660.75,0.0,0.0,0.0,0.0,140268.90625,0.0,0.0,0.0,0.0,0.0,529927.4375,1
1789485680.1632407,speech,180,3,2533481.75,0.0,0.0,0.0,0.0,1005799.3125,0.0,706928.75,0.0,0.0,0.0,0.0,0.0,0.0,0.0,0.0,1
1789485680.2198815,speech,191,18,9266056.0,0.0,0.0,0.0,13580374.0,9797158.0,20312486.0,0.0,253164.609375,2593525.25,5029571.0,15551081.0,0.0,0.0,0.0,0.0,1
1789485680.2840111,speech,183,8,313379456.0,0.0,196831072.0,0.0,2119972.5,0.0,0.0,1882573.25,8827632.0,0.0,620545.9375,7648534.5,0.0,0.0,0.0,0.0,1
1789485680.3484845,speech,191,4,0.0,56539916.0,0.0,0.0,0.0,0.0,0.0,0.0,385594.0,299858.625,0.0,0.0,0.0,0.0,0.0,8360355.0,1
1789485680.4984767,speech,174,7,0.0,0.0,0.0,0.0,13434840.0,2055508.25,4549540.0,0.0,684511.4375,0.0,0.0,0.0,0.0,0.0,0.0,340719328.0,1
1789485680.607144,speech,196,5,0.0,0.0,0.0,0.0,33241.671875,0.0,188447.84375,0.0,0.0,0.0,176050.5,76035.1796875,0.0,0.0,0.0,0.0,1
1789485680.9739618,speech,185,15,0.0,9722569.0,8361816.0,0.0,20629976.0,9278929.0,12509307.0,0.0,0.0,0.0,7322670.0,19365044.0,11753314.0,0.0,0.0,77884456.0,1
1789485681.0333858,speech,176,14,627005568.0,0.0,0.0,0.0,12938371.0,0.0,1957627.0,2102007.0,0.0,0.0,3085268.0,4129893.0,0.0,3139268.75,0.0,4258367.5,1
1789485681.0982738,speech,185,11,159698800.0,494105440.0,4081217.25,0.0,0.0,1618669.0,0.0,0.0,0.0,308271.0625,2175698.5,304268.84375,362194.84375,0.0,0.0,3200861.0,1
1789485681.163011,speech,185,8,0.0,0.0,2098322.5,0.0,709192.6875,0.0,99864.953125,0.0,0.0,0.0,1450626.75,3313181.25,0.0,0.0,0.0,0.0,1
1789485681.212159,speech,185,14,9032762.0,0.0,37373188.0,7923706.0,19006796.0,0.0,0.0,0.0,0.0,0.0,0.0,1748145.25,4183795.0,2062335.875,0.0,4305849.5,1
1789485681.262828,speech,185,6,2374545.0,0.0,0.0,0.0,270007.90625,0.0,0.0,83022.5625,0.0,0.0,0.0,170713.9375,0.0,1667510.75,0.0,0.0,1
1789485681.307979,speech,185,9,0.0,0.0,0.0,0.0,7485810.0,1479182.0,0.0,0.0,0.0,0.0,621619.0625,2390196.5,0.0,0.0,0.0,15575166.0,1
1789485681.356923,speech,185,7,0.0,3743203.5,0.0,0.0,1286621.75,0.0,0.0,0.0,0.0,0.0,2363382.5,2958919.0,0.0,1713910.75,0.0,1026797.1875,1
1789485681.4038093,speech,185,8,0.0,0.0,0.0,0.0,0.0,0.0,147321.546875,0.0,0.0,0.0,213257.125,1167700.75,746833.25,491322.5,417515.1875,0.0,1
1789485681.4542353,speech,183,6,316378.84375,0.0,0.0,0.0,528065.3125,0.0,0.0,0.0,0.0,0.0,92338.8203125,161620.5625,412228.0,0.0,0.0,0.0,1
1789485681.517616,speech,174,4,192778848.0,0.0,0.0,0.0,1337857.25,0.0,0.0,0.0,0.0,0.0,0.0,7438.279296875,0.0,0.0,0.0,162234.40625,1
1789485681.6070092,speech,195,13,4639757.0,0.0,414342.03125,0.0,2938865.0,7383648.0,4954341.0,0.0,0.0,0.0,170886976.0,1657385856.0,0.0,395155328.0,0.0,0.0,1
1789485681.6666071,speech,198,6,0.0,0.0,0.0,0.0,0.0,0.0,0.0,0.0,0.0,0.0,326248096.0,6788064256.0,181965920.0,0.0,0.0,0.0,1
1789485681.7306237,speech,198,5,21784984.0,0.0,0.0,24119936.0,38923260.0,4577231.0,2393497.25,0.0,0.0,0.0,0.0,0.0,0.0,0.0,0.0,0.0,1
1789485681.7799964,speech,198,7,4500529.0,0.0,0.0,0.0,20343142.0,14507848.0,2472219.75,479907.65625,0.0,0.0,0.0,2123674.5,0.0,0.0,0.0,0.0,1
1789485681.8297477,speech,198,11,2131714.0,0.0,0.0,0.0,3302002.5,0.0,522755.90625,936196.1875,1685909.625,0.0,6383089.0,7519565.0,0.0,0.0,0.0,0.0,1
1789485681.875948,speech,198,3,0.0,0.0,0.0,0.0,0.0,0.0,0.0,151732.578125,180056.828125,0.0,174843.203125,0.0,0.0,0.0,0.0,0.0,1
1789485681.921821,speech,198,5,0.0,0.0,0.0,0.0,419799.21875,0.0,309056.9375,0.0,0.0,0.0,339984.59375,957966.9375,209501.109375,0.0,0.0,0.0,1
1789485681.971443,speech,185,9,0.0,0.0,0.0,0.0,9204173.0,5555516.0,3760192.0,0.0,0.0,907476.125,1579606.5,0.0,0.0,0.0,0.0,0.0,1
1789485682.0356326,speech,188,10,0.0,0.0,0.0,0.0,47699068.0,6597409.5,13198534.0,0.0,0.0,0.0,781085.25,16148216.0,0.0,0.0,0.0,0.0,1
1789485682.099637,speech,181,8,70632672.0,0.0,19484028.0,5289540.0,26869368.0,4550170.0,0.0,0.0,0.0,0.0,0.0,484583.875,0.0,0.0,0.0,0.0,1
1789485682.239781,speech,192,10,0.0,0.0,0.0,0.0,10688686.0,2468966.25,4412473.5,0.0,0.0,0.0,95065920.0,20010332.0,6337877.0,0.0,0.0,0.0,1
1789485682.2998006,speech,179,7,98604824.0,0.0,0.0,0.0,15060638.0,8287506.0,2238547.0,2858417.5,0.0,0.0,0.0,0.0,0.0,226985152.0,0.0,0.0,1
1789485682.3750827,speech,179,8,9269398.0,0.0,0.0,10959101.0,4928330.5,0.0,0.0,0.0,0.0,0.0,72417968.0,30021694.0,0.0,0.0,0.0,250256960.0,1
1789485682.4613035,speech,188,16,216454032.0,0.0,11065065.0,0.0,5038485.0,619845.1875,3662788.0,0.0,0.0,0.0,128843472.0,21030910.0,0.0,5174481.5,683829.5,0.0,1
1789485682.5254307,speech,197,11,17211952.0,96770256.0,0.0,0.0,48586432.0,27935362.0,0.0,0.0,0.0,0.0,187429024.0,243466784.0,0.0,0.0,0.0,0.0,1
1789485682.6204834,speech,196,4,7291330.5,0.0,0.0,0.0,2745607.0,24235718.0,4545726.5,0.0,0.0,0.0,0.0,0.0,0.0,0.0,0.0,0.0,1
1789485682.680636,speech,196,10,0.0,0.0,0.0,0.0,7893360.0,29954400.0,43331844.0,4091718.25,0.0,0.0,39428736.0,628552832.0,0.0,0.0,0.0,0.0,1
1789485682.73081,speech,197,8,608893.625,0.0,0.0,0.0,14582452.0,21562990.0,24307620.0,0.0,0.0,0.0,0.0,0.0,18095144.0,0.0,0.0,0.0,1
1789485682.7949767,speech,197,6,53580016.0,4515593.5,0.0,0.0,0.0,362873.40625,0.0,0.0,0.0,116498.40625,0.0,1532551.5,0.0,0.0,0.0,0.0,1
1789485682.873119,speech,197,7,0.0,1437557.125,0.0,565707.0625,1143855.625,622174.75,0.0,0.0,0.0,0.0,179055.28125,340038.15625,0.0,0.0,0.0,0.0,1
1789485682.9191115,speech,197,6,0.0,0.0,0.0,0.0,2152710.5,0.0,980707.4375,0.0,0.0,0.0,221129.03125,0.0,671109.5,0.0,0.0,0.0,1
1789485682.9688442,speech,186,10,0.0,615863.875,4372919.0,0.0,0.0,279153.9375,0.0,0.0,0.0,185671.125,364850.5,930473.125,0.0,1866543.125,0.0,0.0,1
1789485683.2535553,speech,218,10,284776.46875,0.0,0.0,5668764.0,16068103.0,13604650.0,8187143.5,0.0,0.0,0.0,0.0,0.0,0.0,596987.9375,0.0,0.0,1
1789485683.3121235,speech,212,20,45273760.0,0.0,0.0,22003590.0,61235204.0,53302528.0,177919072.0,0.0,0.0,37722208.0,47696800.0,35921072.0,35385656.0,19027096.0,0.0,0.0,1
1789485683.3754554,speech,217,8,0.0,0.0,57975612.0,0.0,21972964.0,0.0,0.0,0.0,0.0,0.0,0.0,773472.0,0.0,0.0,0.0,191229.828125,1
1789485683.438528,speech,212,5,0.0,0.0,0.0,0.0,0.0,0.0,2791420.75,193479.6875,0.0,0.0,1388269.625,0.0,0.0,0.0,24329.62890625,0.0,1
1789485683.5123718,speech,219,21,0.0,0.0,0.0,1210445.375,4985331.0,3665156.75,3309550.0,0.0,0.0,6925157.0,6517888.0,11116449.0,9928698.0,16333618.0,0.0,52252096.0,1
1789485683.6768844,speech,212,15,498397280.0,40104924.0,53705204.0,0.0,0.0,3351903.5,2944397.5,4245669.0,0.0,0.0,0.0,0.0,0.0,73066.375,110145.3125,192117.484375,1
1789485683.7389648,speech,223,13,436369024.0,5022672.0,28822734.0,0.0,0.0,6733234.5,1288285.75,480213.4375,0.0,361735.8125,0.0,729981.4375,0.0,0.0,0.0,1071613.25,1
1789485683.8001893,speech,217,11,280480576.0,0.0,2445220.75,0.0,0.0,91104656.0,421592480.0,0.0,0.0,0.0,0.0,15769127.0,1481226.0,0.0,0.0,0.0,1
1789485683.8626971,speech,242,22,0.0,0.0,102054792.0,5545753.0,265071296.0,22954752.0,889289216.0,117477168.0,8366029.0,0.0,1926195.5,36415344.0,2405495.5,19348208.0,5215458.5,148527584.0,1
1789485683.9248827,speech,243,9,2575149.5,168474.4375,0.0,0.0,242128.0,0.0,0.0,0.0,0.0,0.0,0.0,418586.625,0.0,6587887.0,18282806.0,196760400.0,1
1789485683.9879234,speech,238,9,41491656.0,161458944.0,0.0,72867152.0,0.0,20174478.0,0.0,0.0,0.0,1097966.625,0.0,311687.4375,0.0,0.0,0.0,225860704.0,1
1789485684.0759232,speech,247,20,3083249.75,14822641.0,7579588.5,0.0,5484908.0,0.0,0.0,0.0,778066.5625,1245078.25,1260678.125,3615776.0,4184731.5,6145610.0,14930036.0,88928416.0,1
1789485684.134802,speech,249,20,0.0,4439375.0,8222522.0,0.0,6571067.5,0.0,3022370.5,2720478.0,1971437.625,313939.40625,290071.34375,2357086.25,595878.875,18514608.0,17462550.0,64114180.0,1
1789485684.1989336,speech,255,27,0.0,0.0,25924880.0,4426595.0,27864788.0,32376024.0,0.0,114815952.0,2223083.25,73813232.0,31397956.0,56844908.0,54828448.0,97036008.0,104111920.0,423993792.0,1
1789485684.2633111,speech,255,8,0.0,0.0,0.0,1777481.75,0.0,0.0,0.0,0.0,2741492.0,0.0,0.0,0.0,0.0,1916048.625,37948184.0,54343772.0,1
1789485684.3135314,speech,255,6,138714.328125,0.0,0.0,0.0,0.0,0.0,0.0,0.0,0.0,0.0,91851.46875,1419411.625,0.0,511352.0,0.0,0.0,1
1789485684.3921704,speech,251,17,0.0,0.0,0.0,0.0,14606600.0,44618256.0,128673768.0,33862960.0,7030504.5,0.0,2347993.25,0.0,1222532.625,5677246.5,11203942.0,59783776.0,1
1789485684.4518416,speech,255,17,0.0,12536159.0,0.0,0.0,9954468.0,18862382.0,32852924.0,0.0,2959483.5,14133040.0,5461332.5,6546941.0,0.0,9723276.0,7918712.0,84774704.0,1
1789485684.5510182,speech,270,23,0.0,0.0,9456884.0,9360579.0,74147232.0,28667368.0,0.0,0.0,5360439.0,20847204.0,3827389.5,14411616.0,10891719.0,86365080.0,213955360.0,455528704.0,1
1789485684.615882,speech,270,19,29163202.0,63172944.0,0.0,5254171.0,0.0,120284752.0,0.0,0.0,30170108.0,32360138.0,11228020.0,7735499.5,45285008.0,0.0,57971872.0,40910936.0,1
1789485684.662218,speech,271,18,38660296.0,59038476.0,77335816.0,11187363.0,3909617.75,230561056.0,9341482.0,113861536.0,2196821.75,25799264.0,0.0,0.0,0.0,5459814.0,17644384.0,18286926.0,1
1789485684.7279227,speech,270,8,42212816.0,79122872.0,27729034.0,4548802.5,7768562.5,3591279.75,0.0,0.0,5188265.0,4234508.0,0.0,0.0,0.0,0.0,0.0,0.0,1
1789485685.121123,speech,280,30,3169266.75,52437240.0,97025552.0,13465556.0,10299500.0,8031784.0,10278761.0,0.0,1565733.625,1786501.125,443017.25,372288.3125,0.0,1861529.25,21155308.0,98446824.0,1
1789485685.24734,speech,280,22,0.0,8794674.0,200276224.0,21781504.0,10191932.0,8795456.0,665968.875,1778400.375,133390.65625,111144.0859375,0.0,130479.625,0.0,732968.25,1104889.0,5070330.0,1
1789485685.2925708,speech,281,28,2351018.5,0.0,0.0,2482357.75,38750496.0,107015632.0,494844160.0,233081888.0,7368500.0,10601900.0,3527456.0,12979305.0,1199726.875,4436248.5,25158556.0,41851620.0,1
1789485685.3565505,speech,271,16,0.0,181154432.0,0.0,0.0,19723354.0,69922376.0,131753440.0,0.0,11983330.0,11492669.0,0.0,0.0,1196456.5,2285452.0,13411520.0,17523996.0,1
1789485685.4207525,speech,271,4,0.0,0.0,2478769.5,0.0,0.0,1394339.25,0.0,0.0,0.0,0.0,0.0,0.0,0.0,361724.28125,495338.875,0.0,1
1789485685.5634072,speech,284,37,5820630.0,1479578.625,64503888.0,20040720.0,28029940.0,89694544.0,159251712.0,18666098.0,12114462.0,35163612.0,20786560.0,64253400.0,80198624.0,162102336.0,111461536.0,89322696.0,1
1789485685.6272683,speech,284,10,365365280.0,301912448.0,345979136.0,0.0,942252.3125,0.0,0.0,2082532.75,0.0,3620350.75,0.0,1603298.875,0.0,0.0,403153.71875,0.0,1
1789485685.7226403,speech,292,28,5137462.0,31018596.0,157389024.0,33657664.0,30365130.0,19386350.0,16469163.0,8877825.0,0.0,29269030.0,4936225.0,1655544.0,0.0,6488543.0,0.0,3031952.5,1
1789485685.7828074,speech,287,28,0.0,612356.125,4198771.0,1330835.125,33332588.0,258022736.0,111318704.0,189527968.0,23654712.0,184425008.0,41345124.0,25789160.0,4273030.0,18274072.0,68200056.0,149726896.0,1
1789485685.8468223,speech,289,25,102217320.0,4925096.0,11589528.0,15259108.0,41423240.0,140696672.0,62048080.0,0.0,5909467.0,1708748288.0,229071584.0,385760384.0,29567626.0,564489856.0,222138960.0,1326867456.0,1
1789485686.0065024,speech,289,26,16743592.0,59927556.0,1637875.875,25604336.0,61217028.0,26392524.0,10637484.0,0.0,1727934.5,5937714.0,2000092.125,0.0,16978488.0,178768960.0,307990656.0,1295370496.0,1
1789485686.0514839,speech,287,25,270106880.0,16327085.0,80856608.0,41922468.0,34799320.0,526784448.0,174110272.0,141591744.0,0.0,29164692.0,24736968.0,74004272.0,20075538.0,43085768.0,327388992.0,577209536.0,1
1789485686.115296,speech,289,22,0.0,38172940.0,65401512.0,0.0,0.0,83969144.0,15034471.0,0.0,67353776.0,175425184.0,123985064.0,108867800.0,74189168.0,124029688.0,128528320.0,183147296.0,1
1789485686.1797934,speech,297,31,16852700.0,42185604.0,46985864.0,6329777.0,245288544.0,365922688.0,760287232.0,139238592.0,26197704.0,25178982.0,40803208.0,22554066.0,61995808.0,43911908.0,80799848.0,68410736.0,1
1789485686.2440734,speech,297,11,12694493.0,0.0,7313636.0,0.0,0.0,0.0,0.0,0.0,5396290.5,0.0,3275737.25,0.0,3906659.0,36505616.0,1883691.25,50936936.0,1
1789485686.3016098,speech,301,24,15147664.0,26094158.0,92252680.0,9442381.0,15827743.0,12072835.0,32548544.0,9766674.0,0.0,2779517.25,1851650.5,2433020.0,0.0,4101491.5,2834093.0,1957189.125,1
1789485686.364558,speech,309,22,63769964.0,145234016.0,531901184.0,77579224.0,81922032.0,0.0,39732328.0,4160308.25,0.0,0.0,0.0,809118.8125,0.0,7130428.0,4879213.0,16715576.0,1
1789485686.4271996,speech,309,9,3653737.75,2770448.75,0.0,0.0,0.0,0.0,3976494.25,1927104.75,0.0,0.0,0.0,140737.046875,507258.75,139822.546875,0.0,633167.5,1
1789485686.473028,speech,309,10,0.0,0.0,0.0,2333908.25,0.0,0.0,362387.0625,0.0,0.0,0.0,96898.7578125,62944.171875,341316.875,496479.1875,0.0,260561.5625,1
1789485686.5234683,speech,321,35,17585368.0,54425448.0,51599628.0,19163420.0,22220312.0,17998566.0,53306912.0,19137270.0,1133927.875,4247754.5,3425575.75,15496048.0,17166384.0,27834344.0,16977310.0,23271924.0,1
1789485686.7045548,speech,331,30,85777968.0,1841969920.0,76202256.0,19213264.0,56836172.0,0.0,18155018.0,2127181.25,2446083.5,16809198.0,1138063.0,557539.5,63298.375,2074257.0,2648559.75,1395990.75,1
1789485686.7621655,speech,328,24,12479280.0,33419452.0,1850295424.0,38546272.0,0.0,34249204.0,45790196.0,0.0,1968620.0,3934262.5,617878.125,6147450.0,6067512.0,100563.9375,768603.625,832978.25,1
1789485687.1149242,speech,345,28,130691600.0,42778336.0,517944128.0,44361580.0,291808160.0,28713620.0,54886684.0,0.0,11000796.0,0.0,1507299.75,2951496.75,0.0,11041966.0,7608676.5,0.0,1
1789485687.1742625,speech,345,24,246439376.0,240918304.0,214325248.0,170722400.0,26678532.0,120506024.0,2476411.0,3062607.0,1429608.75,0.0,3997292.0,3142260.75,2319530.5,2804228.5,3322910.5,1496294.625,1
1789485687.431393,speech,1,28,4400767.0,14361965.0,24825808.0,0.0,0.0,345165472.0,71000304.0,378593152.0,896343936.0,235025408.0,145177824.0,126942296.0,16019012.0,454712864.0,659007232.0,148691584.0,1
1789485687.4920406,speech,346,28,519738.0625,1922442.0,6191644.5,7991535.5,68704312.0,183655520.0,20568248.0,0.0,0.0,1241767168.0,1066260096.0,222127504.0,344912352.0,276026112.0,486901568.0,848457344.0,1
1789485687.5560553,speech,347,33,174555072.0,48851576.0,53652204.0,12444859.0,194270480.0,83699168.0,67529096.0,71219296.0,186231520.0,60703492.0,385554016.0,81333032.0,204887440.0,734517440.0,366263488.0,347587136.0,1
1789485687.6319904,speech,349,34,29963772.0,17261470.0,396107264.0,157711184.0,81685712.0,55437148.0,20902608.0,5822742.0,31641832.0,16365900.0,32642264.0,53196168.0,23224476.0,135926640.0,142215136.0,94768992.0,1
1789485687.7156122,speech,344,31,44372592.0,94463816.0,885048448.0,126361464.0,862224384.0,1708414336.0,70153256.0,0.0,0.0,11426610.0,41115416.0,66364660.0,5411916.0,48519740.0,122032144.0,178727936.0,1
1789485687.779829,speech,7,16,3869376.0,14280374.0,583994432.0,0.0,0.0,0.0,0.0,97765104.0,331833216.0,0.0,0.0,0.0,832311.875,563311488.0,1436871424.0,66642144.0,1
1789485687.9699118,speech,354,23,1137613952.0,66446488.0,982190592.0,5059744.0,8056088.5,10147483.0,13666530.0,1869177.75,4144763.5,1768052.625,1179632.5,204617.3125,0.0,0.0,0.0,1866961.375,1
1789485688.1595383,speech,354,31,30664470.0,100121488.0,135904064.0,66960256.0,11520104.0,23635338.0,0.0,0.0,4661546.5,23478084.0,24538956.0,40487344.0,31770672.0,167109248.0,153317632.0,101686080.0,1
1789485688.2224536,speech,354,29,6029317.0,15103373.0,15097970.0,54644944.0,169424896.0,912051200.0,12089682.0,36247504.0,52744936.0,48100712.0,13451114.0,13838852.0,12411027.0,20858028.0,22326360.0,32690268.0,1
1789485688.2673206,speech,356,32,182806736.0,106460240.0,117124000.0,24700134.0,278930912.0,345651296.0,0.0,151967168.0,32113942.0,208022208.0,128985264.0,66301168.0,11273466.0,89754528.0,161284480.0,546694784.0,1
1789485688.331996,speech,354,20,13558730.0,2074003.625,6254909.0,19650448.0,289182528.0,73585552.0,0.0,0.0,0.0,31809616.0,19400208.0,45531408.0,7679037.5,13911964.0,161659232.0,493916064.0,1
1789485688.4437459,speech,352,22,1907735.0,0.0,36471236.0,49560096.0,66503312.0,121286576.0,46967024.0,12271094.0,32074678.0,0.0,3789137.5,1377550.75,2224700.75,7427321.0,12722316.0,9737934.0,1
1789485688.5036938,speech,349,22,12787142.0,25744496.0,0.0,28306964.0,425993024.0,324929152.0,39830504.0,0.0,14900328.0,12899382.0,7868122.0,5704290.5,580021.375,1073866.75,0.0,8219930.0,1
1789485688.5675905,speech,349,13,0.0,0.0,16302511.0,11268810.0,5238650.0,0.0,2732087.75,0.0,0.0,0.0,1030926.5,1721658.0,539361.625,0.0,0.0,5325163.5,1
1789485688.6170263,speech,349,19,0.0,1709444.0,0.0,1079213.625,5376888.5,0.0,10719513.0,819393.6875,973836.25,2595713.75,1474587.625,345946.75,378548.96875,867760.75,2380030.0,2091944.0,1
1789485688.6663344,speech,349,23,0.0,1225756.0,5541169.0,1557267.25,481524.8125,0.0,0.0,218436.0625,273206.625,139939.46875,1097062.75,423360.75,0.0,1289391.25,1369570.375,548155.75,1
1789485688.7126608,speech,359,18,0.0,268233.78125,0.0,3334706.75,312210.25,0.0,1257382.125,0.0,825784.375,194436.90625,214374.53125,1568758.125,2216547.0,3789021.75,10035300.0,3066556.0,1
1789485689.1390738,speech,352,30,19060164.0,60661860.0,887383680.0,314534272.0,1009936256.0,1063496192.0,93591184.0,8086400.5,8857838.0,26856168.0,6754909.0,7858669.5,8023739.5,3604952.0,6046154.0,3134429.0,1
1789485689.1992805,speech,352,27,1943225.875,3857327.5,28222946.0,40342608.0,0.0,0.0,86336640.0,76859760.0,148552896.0,394658880.0,391670464.0,1081793152.0,519488096.0,180464224.0,1025531968.0,1463953024.0,1
1789485689.248498,speech,357,30,21365564.0,15589436.0,69505016.0,61405696.0,27123446.0,42969152.0,16117735.0,10832348.0,19089498.0,0.0,111545872.0,125482112.0,189965248.0,1438837248.0,1743213184.0,23457927168.0,1
1789485689.3131912,speech,10,26,22167448.0,0.0,14764941.0,13996294.0,27323402.0,0.0,0.0,29433448.0,85600632.0,141008640.0,317421696.0,42040424.0,285710496.0,2000002304.0,19559337984.0,3307990016.0,1
1789485689.3776314,speech,7,30,16402043.0,2087939.75,25630682.0,58903960.0,5943435.0,4915044.5,10795935.0,65886676.0,183011168.0,247371616.0,0.0,250999392.0,605761792.0,2253499904.0,2158696448.0,946565632.0,1
1789485689.4421067,speech,357,35,14878738.0,12534760.0,176941104.0,43796148.0,98571632.0,110879864.0,14530326.0,16867004.0,54682208.0,278035744.0,708094208.0,169618208.0,64699172.0,80422496.0,276077600.0,82530304.0,1
1789485689.7727807,speech,352,31,1451031.0,0.0,8164809.0,4462127.5,59876144.0,28869960.0,13835922.0,2939905.75,3731832.5,5101717.5,1843037.375,6497935.0,1491846.375,3809953.75,31113864.0,111586016.0,1
1789485689.833513,speech,6,37,29929076.0,62316280.0,1342873600.0,352931520.0,227206368.0,165566560.0,70968840.0,3046927.5,9081314.0,22008680.0,4420952.5,6695819.0,13546938.0,643989504.0,186802128.0,604201536.0,1
1789485689.8977933,speech,6,14,56163532.0,8845077.0,23508622.0,9092345.0,2025841.375,14481334.0,27306716.0,0.0,0.0,0.0,1101797.5,0.0,0.0,0.0,11165371.0,13458917.0,1
1789485689.947361,speech,359,26,109777800.0,339764032.0,395722432.0,88837776.0,44971912.0,8305271.0,3653569.75,2639238.0,451943.8125,3304817.0,0.0,45646.96875,0.0,11999916.0,10161056.0,0.0,1
