timestamp,sound_type,detected_angle,bin_count,band_0,band_1,band_2,band_3,band_4,band_5,band_6,band_7,band_8,band_9,band_10,band_11,band_12,band_13,band_14,band_15,label
1789705881.706536,speech,343,26,0.0,0.0,8896292.0,27497690.0,50330492.0,0.0,109248320.0,11606848.0,200289088.0,358581856.0,148689744.0,105050816.0,84981008.0,196107680.0,497650880.0,1034600960.0,1
1789705881.7708788,speech,352,22,0.0,0.0,5429657.5,76662416.0,58092760.0,13450444.0,219814288.0,0.0,0.0,322885984.0,188193808.0,456659360.0,76776368.0,1125773056.0,790143872.0,787709568.0,1
1789705881.8349957,speech,350,24,0.0,0.0,61432160.0,125884384.0,93957328.0,65170480.0,14659546.0,30478372.0,35379444.0,0.0,81152464.0,134581344.0,29512328.0,204087696.0,833547136.0,72390944.0,1
1789705881.945954,speech,352,27,93397136.0,110892560.0,314998496.0,46796316.0,51034020.0,10900272.0,5280412.0,0.0,2844230.5,14950984.0,0.0,0.0,1775044.5,7089136.0,20146660.0,10933244.0,1
1789705882.0071003,speech,351,19,0.0,0.0,17248822.0,11685644.0,8613829.0,14751685.0,0.0,612752.5625,224811.84375,5520224.0,6034054.0,1180946.875,0.0,2553554.0,1320387.375,0.0,1
1789705882.0721884,speech,353,30,285338848.0,0.0,1786124032.0,310738880.0,201707584.0,65443592.0,1157204.0,0.0,9770917.0,112552800.0,2045694.0,8101554.0,2424369.75,60797664.0,3932283.5,148093232.0,1
1789705882.1686597,speech,350,30,79525152.0,38241336.0,191580992.0,217914624.0,73773328.0,12329782.0,0.0,1082988.125,13319405.0,82641312.0,19493904.0,19541930.0,24239352.0,23778148.0,110439184.0,33106120.0,1
1789705882.3901405,speech,353,28,5090390.5,8995050.0,68670352.0,118139016.0,256605568.0,0.0,95506680.0,5434572.0,93206736.0,846558080.0,508583744.0,53544852.0,511500.9375,5424580.5,2334923.5,4646018.0,1
1789705882.4851997,speech,350,23,5349676.0,0.0,42748424.0,992902272.0,148321664.0,16309774.0,58375148.0,0.0,3152861.25,0.0,7622418.5,27213360.0,42211348.0,402634176.0,414259328.0,188169536.0,1
1789705882.5489938,speech,349,18,0.0,2613520.25,21032104.0,0.0,135094544.0,0.0,56030388.0,0.0,0.0,256361936.0,11261828.0,66992716.0,198545392.0,170713248.0,1233794048.0,0.0,1
1789705882.9619868,speech,345,34,0.0,104100680.0,379228000.0,90483736.0,442746720.0,126835136.0,7829235.0,898954.8125,1720931.0,9626615.0,3571362.25,6306040.5,10947396.0,372820992.0,590965696.0,2290785792.0,1
1789705883.1524904,speech,347,29,0.0,1190133.5,3841486.5,43450408.0,54273696.0,6614899.5,9043443.0,0.0,1934650.5,4816835.0,5757040.0,4753112.0,3780278.5,23173552.0,48435848.0,183913968.0,1
1789705883.2130282,speech,350,30,13970582.0,0.0,21278594.0,88341696.0,305324928.0,207073760.0,197982816.0,0.0,9802254.0,108330752.0,9618958.0,20212500.0,58601704.0,352911552.0,152313504.0,110275088.0,1
1789705883.2781875,speech,349,18,7588315.0,0.0,0.0,6847381.0,8083160.5,316468224.0,0.0,7367053.0,0.0,478503872.0,81006808.0,0.0,324767680.0,669608896.0,0.0,75210080.0,1
1789705883.5342436,speech,344,27,0.0,0.0,234861776.0,119753528.0,35905716.0,10231571.0,12699734.0,3605604.0,0.0,9857266.0,24427496.0,13046348.0,2820755.0,241466112.0,185854960.0,509078080.0,1
1789705883.5952168,speech,351,24,37785612.0,45670560.0,90529432.0,152728240.0,0.0,0.0,3011671.75,1354604.75,3059557.25,11050226.0,7074710.0,2712120.5,0.0,9398770.0,69333088.0,74007616.0,1
1789705884.1703358,speech,347,36,51711944.0,40721912.0,97288920.0,1182444288.0,909462272.0,828941248.0,134473024.0,13241130.0,2897240.0,381829120.0,420296128.0,446815136.0,437618880.0,273034560.0,40025216.0,31082728.0,1
1789705884.230773,speech,354,28,42439520.0,11929607.0,17411480.0,69465136.0,511155328.0,445979328.0,723445504.0,0.0,86960048.0,140011360.0,418543392.0,28709700.0,0.0,2205994496.0,200108656.0,248579344.0,1
1789705884.3076875,speech,354,18,0.0,3061983.75,27559576.0,6145029.0,30404220.0,82342704.0,167619424.0,9620189.0,0.0,184351536.0,22347656.0,0.0,35358064.0,119460816.0,23529884.0,15096776.0,1
1789705884.3534894,speech,354,19,0.0,0.0,15120380.0,16892182.0,200842688.0,0.0,21132632.0,3425488.5,27604650.0,5426783.5,121091296.0,59623540.0,0.0,146168448.0,7239376.5,4371408.0,1
1789705884.5196102,speech,355,24,235980240.0,0.0,997226240.0,20600540.0,119368928.0,0.0,0.0,0.0,0.0,3074387.25,10362272.0,12432362.0,48665088.0,398961056.0,386883904.0,20601710.0,1
1789705884.710603,speech,355,19,0.0,131248464.0,28130268.0,41799696.0,0.0,10951300.0,140473.046875,0.0,0.0,692190.875,3165848.5,846970.6875,360850.65625,1371738.625,2870303.25,3183859.5,1
1789705884.7558887,speech,354,25,1212447232.0,67411928.0,102366128.0,10369155.0,33047180.0,4158438.0,1173496.0,0.0,2173208.5,3772581.25,0.0,108028.84375,538102.1875,1325667.5,3361762.0,8735415.0,1
1789705884.837284,speech,352,33,16578875.0,14235697.0,349294976.0,304529984.0,403501504.0,13574545.0,15024085.0,822461.5,1138899.375,2987451.5,328184.8125,194869.9375,74815.1796875,4154808.0,6170710.5,7536066.0,1
1789705884.900657,speech,345,23,6176092.0,1907575.5,0.0,10996859.0,53343396.0,625082560.0,198868544.0,0.0,4692669.0,3175753.5,12044223.0,37189504.0,1933869.125,84331280.0,130695696.0,136202464.0,1
1789705884.995797,speech,346,25,1973854.125,3922973.75,9976851.0,32065288.0,1233160960.0,538382976.0,16878652.0,0.0,0.0,47819788.0,28663558.0,44041520.0,106807528.0,200014192.0,45102140.0,101032480.0,1
1789705885.1237342,speech,359,18,88905264.0,27192336.0,362846400.0,11287996.0,11952854.0,0.0,0.0,0.0,115321.28125,2229790.0,417169.0,0.0,0.0,2506053.5,1811329.625,2692590.25,1
1789705885.3766594,speech,344,32,4696325.5,0.0,490879232.0,378172992.0,465103328.0,158733280.0,7251495.0,1370560.25,11594724.0,29874180.0,43695148.0,20291334.0,7491152.0,35377440.0,112556968.0,590668288.0,1
1789705885.4363787,speech,345,24,38206220.0,3109191.0,11857408.0,25938796.0,0.0,661899648.0,172552160.0,63087912.0,0.0,159820064.0,6378987.0,80239872.0,29370666.0,256825760.0,616239680.0,255993984.0,1
1789705885.6628945,speech,355,23,10517177.0,12382976.0,261849856.0,40946744.0,536780864.0,0.0,0.0,0.0,0.0,22007390.0,206586688.0,19515184.0,125485920.0,391822528.0,188608112.0,81699104.0,1
1789705885.7267478,speech,354,14,22132110.0,0.0,224716128.0,96849936.0,0.0,0.0,29136652.0,5621043.5,0.0,7296567.0,5303773.5,0.0,7183574.5,0.0,0.0,0.0,1
1789705885.791708,speech,354,18,12428962.0,0.0,7167530.0,0.0,11879090.0,0.0,38283792.0,2571942.0,0.0,19873860.0,6797610.0,0.0,3093815.0,4178999.25,20796746.0,18966774.0,1
1789705885.837179,speech,356,20,0.0,0.0,94128032.0,113276432.0,624338944.0,125208704.0,72445216.0,0.0,6670352.0,18398420.0,518929.5625,0.0,0.0,9630356.0,0.0,12093692.0,1
1789705885.9484966,speech,357,10,0.0,0.0,0.0,323295.4375,1237208.375,0.0,0.0,0.0,0.0,366560.6875,0.0,256528.96875,165516.546875,82365.109375,0.0,201169.390625,1
1789705886.0206766,speech,353,22,161810752.0,276873056.0,130504568.0,0.0,325024.125,0.0,1068606.25,236940.28125,40253.75,538412.125,234058.65625,265243.8125,63055.67578125,0.0,0.0,0.0,1
1789705886.0852644,speech,353,20,42761312.0,53361264.0,253035488.0,361937376.0,159078912.0,162287504.0,36144708.0,0.0,0.0,0.0,0.0,1059990.5,952908.125,2551237.25,766988.5,1043835.5,1
1789705886.1304653,speech,336,33,0.0,164371088.0,203716144.0,501955008.0,1632263680.0,609248960.0,211377760.0,3060629.75,24611712.0,2652161.5,5569573.0,1499619.5,675198.0625,10825221.0,2278462.0,18364914.0,1
1789705886.1945212,speech,355,18,10215973.0,0.0,40159280.0,27386168.0,134218736.0,0.0,0.0,0.0,3977102.5,74719384.0,13250718.0,0.0,5334480.0,4605409.0,2172090.25,0.0,1
1789705886.3941135,speech,345,31,1312338.375,2543771.0,13246182.0,193598912.0,441787648.0,449328928.0,47670400.0,0.0,0.0,181194880.0,40982332.0,205131360.0,307370592.0,736619200.0,602716736.0,539595584.0,1
1789705886.4549708,speech,349,30,3920249.5,2019629.0,12595354.0,29614236.0,367492928.0,584562688.0,208595184.0,0.0,7420420.0,64904572.0,54945796.0,35267748.0,38315824.0,111208048.0,243846624.0,248102560.0,1
1789705886.5526993,speech,349,22,1022762.375,703883.75,10374315.0,1404339.375,15499132.0,0.0,2801692.5,0.0,272078.5625,2303003.0,3197839.0,0.0,1510215.375,12278938.0,4667996.0,10313210.0,1
1789705886.5990338,speech,353,24,9026770.0,19826408.0,124938592.0,603533376.0,129072952.0,32892038.0,8691094.0,0.0,928961.4375,2039338.875,3764774.25,1111364.125,1691431.75,9076034.0,5584242.5,34028072.0,1
1789705886.6633587,speech,345,20,0.0,30947972.0,33067752.0,78943456.0,319660640.0,0.0,28804462.0,3826124.5,0.0,0.0,4271600.5,4109001.25,0.0,3030998.0,7214474.0,4946516.0,1
1789705886.743247,speech,346,32,265434.3125,0.0,3622928.0,11718880.0,39023856.0,29802460.0,10130663.0,2217319.5,156772.984375,4787925.0,2894084.5,19009228.0,15635209.0,88224704.0,205808640.0,31783762.0,1
1789705886.8698454,speech,347,33,349097088.0,85950736.0,115978584.0,0.0,42238536.0,66562792.0,41829252.0,61094160.0,0.0,32233286.0,70100064.0,39665004.0,54477760.0,209511808.0,186446480.0,105586048.0,1
1789705887.0605445,speech,347,9,1139497.75,0.0,327608.28125,45699.9453125,1877982.5,0.0,0.0,0.0,0.0,87145.375,0.0,174928.953125,352140.125,0.0,0.0,0.0,1
1789705887.1060145,speech,348,24,37071424.0,57380120.0,44086424.0,3312660.75,6231611.0,0.0,0.0,746982.0,178953.890625,317674.625,398210.75,575676.5625,348459.46875,602003.1875,664646.0,527033.0,1
1789705887.283787,speech,351,28,37505056.0,212670224.0,116829328.0,861651584.0,397961408.0,187438336.0,219019120.0,0.0,26857242.0,102420504.0,350712032.0,12744331.0,0.0,282176640.0,18049468.0,19864820.0,1
1789705887.344111,speech,352,23,37059164.0,165911584.0,129957040.0,1402065536.0,20094924.0,35674576.0,3571728.0,1605721.0,39142344.0,236106592.0,340832064.0,147243104.0,33885272.0,10282650.0,17985528.0,8285505.5,1
1789705888.0438676,speech,344,32,2374146.5,11194056.0,946367872.0,311885600.0,390309632.0,33389400.0,5503151.5,767661.3125,0.0,321293.75,0.0,2258540.5,14297202.0,154897408.0,94651088.0,1247614848.0,1
1789705888.104197,speech,344,25,17026914.0,50702308.0,93554912.0,118961344.0,1316438016.0,203477632.0,32820052.0,1194436.375,0.0,19512468.0,3364697.75,21916616.0,49029776.0,305649376.0,193950256.0,1664841728.0,1
1789705888.1536622,speech,356,20,64851288.0,43881416.0,1162068480.0,243152064.0,54010324.0,0.0,12732164.0,8381031.0,0.0,827270.5,9401848.0,0.0,0.0,29109608.0,16134523.0,0.0,1
1789705888.2351906,speech,342,17,197887488.0,248319968.0,13460742.0,46160696.0,0.0,0.0,2818171.75,403132.25,0.0,293564.875,438294.96875,0.0,702512.25,0.0,3655736.75,0.0,1
1789705888.5219824,speech,350,28,0.0,0.0,80996112.0,106535824.0,153606160.0,208468912.0,9765820.0,3158740.5,0.0,47362924.0,98034576.0,245555008.0,13127181.0,705681216.0,38835680.0,7736188.5,1
1789705888.5869899,speech,350,14,0.0,2128679.5,24211128.0,0.0,33153912.0,0.0,12833924.0,3847216.5,0.0,10032622.0,10927364.0,6594461.0,0.0,0.0,6358877.0,10600077.0,1
1789705888.6329784,speech,346,16,815313.5625,0.0,0.0,0.0,80899232.0,18947782.0,39827920.0,0.0,0.0,0.0,23455972.0,56963808.0,13251621.0,34305516.0,25714558.0,306650656.0,1
1789705889.0293548,speech,351,20,0.0,0.0,788625.375,1294516.75,4607610.5,5678430.5,1950795.0,511882.78125,0.0,3045902.5,2481623.5,2488543.0,5745286.5,57872304.0,15425568.0,9913849.0,1
1789705889.1559842,speech,348,17,0.0,0.0,242056.46875,497472.625,178348.75,0.0,0.0,0.0,0.0,859782.375,271803.1875,2831790.0,4502606.5,12188950.0,25043636.0,23165272.0,1
1789705889.2202168,speech,348,13,0.0,103416.484375,0.0,46479.90625,0.0,106282.9765625,98379.78125,8625.73046875,0.0,163474.6875,246077.9375,1033468.4375,0.0,181362.765625,9565166.0,0.0,1
1789705889.2650971,speech,346,29,378787616.0,318645600.0,62988272.0,27334144.0,7645975.5,2808137.75,3725253.5,1825878.875,1783756.75,2823577.0,922712.125,820978.5,0.0,0.0,1380025.25,8772214.0,1
1789705889.3455033,speech,346,13,23246984.0,6063557.5,7493828.0,726143.375,571617.75,0.0,0.0,54352.83984375,0.0,80984.28125,284904.09375,18009.876953125,0.0,33737.4765625,0.0,0.0,1
1789705889.390952,speech,346,10,12203024.0,0.0,207113.390625,413483.84375,133897.8125,0.0,12086.748046875,0.0,0.0,0.0,88439.6875,23105.984375,62697.36328125,0.0,0.0,97382.0703125,1
1789705889.4362848,speech,346,9,0.0,0.0,0.0,0.0,535189.75,387518.25,0.0,0.0,0.0,0.0,0.0,41769.80078125,37548.33984375,28633.197265625,461542.375,0.0,1
1789705889.4855525,speech,349,21,52080512.0,21596788.0,259078336.0,631843264.0,1378894976.0,380842176.0,80128624.0,0.0,14407674.0,465491232.0,46098936.0,27210352.0,0.0,0.0,0.0,3557783.75,1
1789705889.5692585,speech,348,25,4832896.0,497764.875,9565190.0,10938191.0,3406060.5,5734740.0,22847832.0,11430826.0,0.0,60783064.0,20751340.0,22553308.0,2624468.5,104249200.0,67511336.0,58271196.0,1
1789705889.8547542,speech,351,37,40161328.0,59672000.0,733955264.0,443850016.0,429775328.0,88011032.0,55981904.0,4087468.0,0.0,32436756.0,8249880.0,4108576.0,4597814.5,21047522.0,20081636.0,68823392.0,1
1789705890.298396,speech,346,8,0.0,0.0,1059789.375,0.0,0.0,0.0,263620.8125,0.0,0.0,500277.3125,782347.5,1032499.5,0.0,0.0,1421476.0,0.0,1
1789705890.3622258,speech,349,17,1539201.75,0.0,0.0,0.0,152085.625,650410.25,772823.25,84250.2109375,0.0,2303198.5,1483483.25,11071665.0,9755776.0,2126132.0,8492830.0,23389718.0,1
1789705890.4268,speech,350,26,14042762.0,17471908.0,18998828.0,19881498.0,124375056.0,434036384.0,137415552.0,17800250.0,81137648.0,179227856.0,196059200.0,35663904.0,0.0,15891792.0,0.0,0.0,1
1789705890.5847332,speech,350,28,84718592.0,362151584.0,984809024.0,86914144.0,101742760.0,36848964.0,36478044.0,0.0,0.0,25337958.0,36313296.0,11124905.0,0.0,124414728.0,748755840.0,304647872.0,1
1789705890.6293926,speech,348,25,451559104.0,96890048.0,402928032.0,35726712.0,95206144.0,55571544.0,4296004.0,0.0,0.0,28592102.0,12408862.0,53355156.0,0.0,36177776.0,0.0,76627080.0,1
1789705890.6937573,speech,347,13,0.0,0.0,0.0,0.0,2881648.0,0.0,936200.75,233622.984375,189335.9375,466850.4375,880881.625,1075729.5,0.0,8620450.0,8110167.0,59674748.0,1
1789705890.8390791,speech,344,30,54098456.0,68718136.0,50488864.0,320207712.0,154246800.0,87292896.0,28476422.0,4761635.5,0.0,0.0,32532524.0,221550816.0,248916448.0,88546464.0,43217664.0,18289164.0,1
1789705890.996969,speech,347,31,508431232.0,182456448.0,144352480.0,335968288.0,918115136.0,1300921088.0,214624496.0,0.0,2171126.5,113739544.0,186755216.0,19860478.0,27315428.0,35031596.0,629777152.0,546780800.0,1
1789705891.155989,speech,347,25,0.0,1592657.125,100562000.0,125225608.0,235229296.0,40490640.0,4465393.5,1243886.0,0.0,11563994.0,21982082.0,6272936.5,15988095.0,38022772.0,10284012.0,35676888.0,1
1789705891.2012444,speech,349,24,194923584.0,0.0,41439056.0,42423572.0,191909056.0,5496025.0,24427788.0,0.0,3588510.0,65569132.0,69354320.0,0.0,17008962.0,12101532.0,144872368.0,81302408.0,1
1789705891.267412,speech,350,28,3671670.0,4114113.25,36381552.0,31959548.0,74944248.0,179557264.0,69604720.0,11469652.0,3108534.75,38449176.0,7603357.0,24150856.0,4440310.5,21627558.0,42824676.0,142100704.0,1
1789705891.7910955,speech,339,27,2938460.25,75835280.0,117145152.0,171218736.0,713664512.0,0.0,16247021.0,3550994.5,0.0,450800544.0,0.0,325877408.0,20841648.0,52615324.0,12317796.0,4246416.0,1
1789705891.8506784,speech,348,27,11416204.0,0.0,212115104.0,318931936.0,1080317696.0,174237440.0,11579192.0,1284422.125,0.0,69411944.0,456122016.0,333010336.0,387607808.0,587374272.0,50623144.0,11521868.0,1
1789705892.076641,speech,348,22,14465298.0,0.0,0.0,49880628.0,84113624.0,162345088.0,25652782.0,0.0,0.0,17800596.0,975627.75,20337952.0,38895368.0,121062768.0,765053504.0,524826944.0,1
1789705892.1215687,speech,349,21,29094416.0,6084150.0,76539880.0,306871712.0,499746176.0,691212096.0,182482272.0,0.0,4002565.75,5416218.5,0.0,0.0,0.0,70801512.0,0.0,139232304.0,1
1789705892.1862895,speech,350,19,8614377.0,181951904.0,318543200.0,158060016.0,495639168.0,24026508.0,16653992.0,0.0,0.0,3658364.75,0.0,0.0,0.0,3633067.5,29023064.0,19390394.0,1
1789705892.2504299,speech,342,10,0.0,0.0,0.0,83739184.0,215652736.0,0.0,6325212.0,0.0,0.0,0.0,0.0,0.0,8794590.0,14949099.0,11695100.0,15226289.0,1
1789705892.314114,speech,347,21,0.0,0.0,0.0,74394856.0,78109264.0,177527936.0,23136128.0,0.0,4575573.0,0.0,9734225.0,39370488.0,75519712.0,204614464.0,184992224.0,470008320.0,1
1789705892.3780851,speech,347,26,0.0,0.0,17878030.0,103896328.0,242582304.0,309224096.0,88910424.0,17522236.0,0.0,40899880.0,18041668.0,40366976.0,40883992.0,107848664.0,99236624.0,105300640.0,1
1789705892.4901152,speech,342,28,296025.6875,12909270.0,7351898.0,5652080.5,355784704.0,627486464.0,91644712.0,0.0,3728352.0,302942272.0,363341824.0,1024001664.0,113203808.0,115369664.0,17878440.0,26868456.0,1
1789705892.5501091,speech,350,26,6954837.5,1374355.5,84240128.0,292884032.0,508592192.0,0.0,6789453.0,0.0,0.0,3832347.5,140954864.0,747576832.0,521920736.0,927444736.0,86241992.0,47373880.0,1
1789705892.9341273,speech,351,22,0.0,62242.6953125,605347.0625,295096.75,599457.0625,234280.078125,283829.5,0.0,0.0,627717.9375,637994.6875,262579.3125,545138.8125,3769610.75,6728958.5,2967142.0,1
1789705893.1567843,speech,342,32,120079384.0,414353600.0,305954816.0,22392212.0,18195524.0,3348393.75,1188916.0,881754.625,1166491.0,93708.859375,60646.4140625,208067.265625,223634.78125,225663.65625,243689.625,17539.501953125,1
1789705893.2526546,speech,344,36,110494776.0,394155808.0,1911929600.0,609114688.0,388054880.0,33245072.0,77812016.0,0.0,1777843.625,5095587.0,1772305.875,6911133.5,4975846.5,16020866.0,55953988.0,20280496.0,1
1789705893.3127034,speech,349,26,0.0,0.0,27382394.0,220262144.0,1084072448.0,490494240.0,251562816.0,0.0,0.0,102176592.0,79356448.0,222369632.0,241646496.0,121693448.0,39123968.0,38770392.0,1
1789705893.4426372,speech,347,31,118910160.0,347032416.0,498456800.0,115580888.0,6486297.0,22901236.0,16293734.0,0.0,0.0,162318448.0,63007908.0,283077440.0,578433152.0,21630586.0,8198142.0,40306396.0,1
1789705893.5035677,speech,348,22,119777104.0,40587164.0,0.0,251241552.0,80991776.0,26274616.0,60910940.0,0.0,0.0,0.0,93001536.0,298081440.0,0.0,121260816.0,14652836.0,17434120.0,1
1789705893.6325037,speech,348,24,0.0,11750274.0,154870336.0,0.0,205357792.0,49415528.0,18484508.0,2864119.5,7106744.5,16611839.0,173775488.0,308024192.0,144788256.0,454163616.0,46775284.0,30394960.0,1
1789705893.8237991,speech,350,34,126959616.0,54674040.0,1600021248.0,53719728.0,92877080.0,62543728.0,13623583.0,3007239.5,3337792.75,12676195.0,0.0,105604144.0,25852216.0,213299104.0,75405464.0,4132221.25,1
1789705893.8845203,speech,354,24,95949760.0,20835660.0,883889536.0,93154816.0,14634693.0,0.0,42404488.0,0.0,3042744.75,39712032.0,8167361.5,29117146.0,0.0,143862320.0,290843904.0,439640832.0,1
1789705893.982449,speech,354,7,1267460.625,0.0,4680969.0,0.0,67386.75,0.0,0.0,0.0,0.0,634287.8125,825043.25,453104.625,0.0,587894.4375,0.0,0.0,1
1789705894.0272374,speech,343,32,1139842816.0,128318056.0,604996672.0,13366009.0,64642692.0,3254868.75,2781700.5,1109442.75,2354374.25,1546635.5,3786675.5,2530678.5,0.0,12018414.0,343842.28125,7394339.5,1
1789705894.0914607,speech,346,23,0.0,101940544.0,421316352.0,34216952.0,24470558.0,38705616.0,27350886.0,10630688.0,9406709.0,3728518.75,1955177.375,963576.0625,2537190.25,11167205.0,0.0,4386571.5,1
1789705894.1566033,speech,356,27,177320112.0,827202048.0,2362171904.0,243480752.0,203678720.0,105057344.0,34729132.0,0.0,2041697.375,36793092.0,7422401.5,5853176.0,0.0,6613118.5,4596170.0,31705680.0,1
1789705894.221107,speech,349,24,12957025.0,102372304.0,81886184.0,305272832.0,463659680.0,0.0,25197044.0,0.0,11919508.0,25648400.0,11726542.0,12191064.0,17652780.0,10298577.0,22978096.0,92120832.0,1
1789705894.3950524,speech,347,32,12492291.0,163241920.0,78080736.0,66712528.0,1093232128.0,583179840.0,356349216.0,13888412.0,3884831.25,87437312.0,30921960.0,32851622.0,27876666.0,37682872.0,150832384.0,95151016.0,1
1789705894.4557571,speech,347,27,34232332.0,0.0,28469792.0,12822448.0,607211584.0,81382976.0,0.0,0.0,45113436.0,133016632.0,163864736.0,360481984.0,89445440.0,323790272.0,632093952.0,700955456.0,1
1789705894.6487355,speech,347,4,0.0,0.0,0.0,8916032.0,0.0,431104.0,0.0,0.0,0.0,0.0,0.0,1482717.5,0.0,0.0,0.0,0.0,1
1789705894.694042,speech,350,32,216323552.0,741151936.0,3825804800.0,224331456.0,271386272.0,129762368.0,75188024.0,4006348.25,0.0,6906343.5,4824787.0,11330572.0,7029462.0,17184654.0,19829618.0,10732871.0,1
1789705894.7755845,speech,345,31,88942688.0,245320288.0,110466216.0,284858112.0,370181056.0,16520982.0,43324560.0,0.0,3888116.5,69511520.0,62890792.0,66100232.0,177554560.0,249462576.0,101808656.0,15407386.0,1
1789705894.9343035,speech,351,26,1404973.0,150077504.0,915726848.0,64753944.0,20192130.0,1014750.875,16783076.0,0.0,12607084.0,22311994.0,3249443.0,0.0,13580691.0,391956288.0,187663792.0,60832640.0,1
1789705895.1566317,speech,348,34,0.0,0.0,1664043.875,4664121.0,2997321.5,6406862.0,6000134.5,7317997.5,11614446.0,7357669.0,16564601.0,74959040.0,193804944.0,132475920.0,76204056.0,34991268.0,1
1789705895.216183,speech,346,28,395739712.0,38944456.0,244437856.0,354420288.0,286287200.0,109473504.0,111975120.0,0.0,0.0,42731504.0,26772336.0,0.0,0.0,186390944.0,53132208.0,180406016.0,1
1789705895.2811556,speech,346,28,14806994.0,0.0,52816988.0,29605604.0,0.0,680084672.0,275511808.0,0.0,100813040.0,266828944.0,142460800.0,184031008.0,68178400.0,530715328.0,260033248.0,869226496.0,1
1789705895.3308403,speech,346,23,41878276.0,33099964.0,47690248.0,29486872.0,109370312.0,305478560.0,135975568.0,0.0,39041364.0,23255266.0,155227584.0,290084480.0,196020704.0,49059472.0,0.0,154320944.0,1
1789705895.6322396,speech,346,27,64391884.0,679736512.0,439594048.0,101337424.0,17705582.0,818603.125,3073762.0,681437.75,1266268.5,336864.4375,318072.09375,3040536.0,0.0,3212724.0,6533565.0,27999324.0,1
1789705895.6775908,speech,347,28,9708955.0,116715336.0,102957680.0,308805248.0,189033408.0,26209366.0,3717002.0,0.0,806212.8125,1087726.0,2564787.5,6027660.0,4337379.0,30312786.0,63236388.0,55372008.0,1
1789705895.742022,speech,345,29,36280364.0,184130208.0,1040306816.0,501791232.0,603636352.0,85971008.0,26533196.0,6075230.5,0.0,7652435.0,9223495.0,15108508.0,12476758.0,38060160.0,16584113.0,15657347.0,1
1789705896.2036238,speech,344,36,28094320.0,23644388.0,114685144.0,159510576.0,759003904.0,247034128.0,24784136.0,1660510.75,0.0,11983729.0,1201857.75,1010731.75,1123489.25,6327071.5,4272510.0,42644208.0,1
1789705896.2678828,speech,345,23,10971460.0,6765679.0,0.0,67647600.0,82813424.0,398456640.0,112971464.0,0.0,5089160.5,230366176.0,0.0,85727344.0,0.0,307712640.0,22590462.0,234159184.0,1
1789705896.3316646,speech,346,27,98463696.0,84744376.0,171940496.0,513262272.0,96095416.0,0.0,26523932.0,2943270.0,17039824.0,28914748.0,20952706.0,81395952.0,83612528.0,42914724.0,18247212.0,18271270.0,1
1789705896.3958638,speech,347,26,29984992.0,96332032.0,1592176.25,137469840.0,83270192.0,46520328.0,67505400.0,0.0,28159692.0,81522672.0,40190320.0,350968640.0,15533285.0,200861184.0,121668704.0,55716816.0,1
1789705896.460323,speech,346,32,97661776.0,127305000.0,6306593.5,56872456.0,406420736.0,0.0,107539520.0,16747672.0,6345781.0,92471032.0,97292840.0,655702528.0,128638432.0,829916608.0,623798400.0,608089728.0,1
1789705896.584664,speech,354,18,293973792.0,13408510.0,2492902144.0,3325789.25,0.0,33802508.0,111865424.0,0.0,13644257.0,6024908.5,2282320.25,0.0,10711402.0,0.0,5647574.5,0.0,1
1789705896.6498501,speech,354,23,84505424.0,186671376.0,435691936.0,31363660.0,291197664.0,174981472.0,65920876.0,0.0,0.0,221717088.0,39603428.0,419435808.0,0.0,50531812.0,0.0,0.0,1
1789705896.7117612,speech,345,25,45168940.0,7508447.5,6337519.0,151811264.0,291146368.0,412322528.0,108417968.0,0.0,14160688.0,36813900.0,69257904.0,23091076.0,0.0,54948388.0,21956022.0,141355488.0,1
1789705896.777282,speech,352,23,0.0,6489415.0,72798704.0,0.0,0.0,239330480.0,0.0,2322506.25,123502768.0,153724752.0,35873516.0,64229992.0,0.0,76309808.0,137192800.0,72033544.0,1
1789705896.8414748,speech,349,21,30453498.0,0.0,12718696.0,7641325.0,170392480.0,127365600.0,392202336.0,9308432.0,58170160.0,81391976.0,6907568.0,7628505.0,0.0,3617252.25,20910574.0,39464048.0,1
1789705897.4722338,speech,344,31,190571536.0,2360595200.0,102753904.0,28292292.0,0.0,3270740.75,6454255.5,0.0,522377.28125,13446246.0,2154003.25,3421476.5,6734020.0,5313556.0,13494120.0,59182552.0,1
1789705897.6318908,speech,340,30,0.0,49409712.0,25200490.0,0.0,405137920.0,290245440.0,78756176.0,10563334.0,14942005.0,117238840.0,79536544.0,140469728.0,37170904.0,161755296.0,400333952.0,808368384.0,1
1789705897.7264104,speech,340,22,320507.375,0.0,926274.0625,0.0,41350748.0,31985628.0,66304712.0,4308269.0,0.0,52625836.0,7750909.0,21722352.0,8538260.0,32528706.0,125779968.0,28946830.0,1
1789705897.7720344,speech,338,19,8614574.0,20006480.0,64826604.0,3830005.5,376280448.0,70711248.0,3913583.0,0.0,0.0,10946541.0,1818659.75,0.0,0.0,606197.0,0.0,57461168.0,1
1789705897.8357947,speech,344,13,214657504.0,538013696.0,14768970.0,0.0,8488681.0,0.0,0.0,0.0,0.0,6245168.5,0.0,5509061.5,0.0,3354769.0,6643899.0,5275468.0,1
1789705897.9493258,speech,347,33,65456884.0,280134976.0,73779760.0,582569280.0,218880864.0,279235648.0,50097224.0,545766.6875,12334832.0,15756952.0,48556976.0,71895672.0,431478080.0,164856944.0,894482688.0,347838336.0,1
1789705898.0096166,speech,346,25,0.0,43988000.0,4777032.5,0.0,37425012.0,0.0,157200000.0,1448621.5,0.0,44531448.0,80691208.0,96159088.0,128359168.0,111861776.0,117891104.0,310944960.0,1
1789705898.0746205,speech,349,24,0.0,0.0,0.0,32072170.0,86246944.0,310259264.0,124405664.0,19929612.0,31772516.0,76993464.0,14238626.0,58479112.0,35114328.0,119143888.0,129772000.0,313594400.0,1
1789705898.1396132,speech,349,30,83972160.0,71394968.0,405898240.0,204729952.0,111604192.0,0.0,21858486.0,3530460.0,10025711.0,6187554.0,16480512.0,17922760.0,13723583.0,61792432.0,0.0,42264152.0,1
1789705898.1893942,speech,351,18,249194720.0,86816200.0,247475152.0,0.0,25268036.0,0.0,2831213.25,0.0,0.0,7390404.5,2175754.5,1050041.375,0.0,10331464.0,0.0,5960100.0,1
1789705898.2978241,speech,347,32,0.0,15876604.0,11894746.0,4820886.5,21360442.0,18901704.0,20621614.0,1927095.5,2489820.0,10358625.0,48177232.0,60012688.0,40086428.0,35877628.0,99108960.0,127812528.0,1
1789705898.4571788,speech,348,6,0.0,0.0,0.0,705643.4375,5927634.0,1251200.75,0.0,0.0,495805.8125,278155.53125,0.0,0.0,0.0,0.0,733676.0,0.0,1
1789705898.528366,speech,343,29,222761296.0,250575472.0,153547472.0,0.0,3962337.5,0.0,0.0,3774520.5,638114.875,7434937.0,1918990.25,1794222.5,126553.2421875,1589668.875,620500.375,3445598.5,1
1789705898.7734442,speech,342,27,13702210.0,15983615.0,45833192.0,119613296.0,501901696.0,80372048.0,63791752.0,0.0,754074.0625,26214268.0,16812034.0,20099348.0,48921672.0,74747872.0,40995308.0,219644352.0,1
1789705898.832773,speech,342,23,9105558.0,0.0,11129008.0,38310564.0,234553728.0,421071712.0,0.0,0.0,0.0,36653456.0,42044744.0,41162576.0,9472880.0,93577360.0,155819296.0,514593888.0,1
1789705899.3128808,speech,349,31,399092096.0,740648704.0,2415217664.0,40464420.0,6600381.0,24637880.0,7517446.5,2262993.5,3526806.5,15985562.0,0.0,9105663.0,20162752.0,25079590.0,135192832.0,27713350.0,1
1789705899.6936746,speech,350,25,116839968.0,102082048.0,1153782912.0,54536144.0,0.0,3069474.0,17062604.0,0.0,5513231.0,95584688.0,242780288.0,30702306.0,0.0,0.0,4608030.5,3126791.0,1
1789705899.8199232,speech,347,30,2415140.75,0.0,83407528.0,233890128.0,526367872.0,53200768.0,31220328.0,7046003.5,7792436.0,3363037.5,19681180.0,24851310.0,38065008.0,234274304.0,378887552.0,226607968.0,1
1789705900.105351,speech,346,35,15520108.0,77964312.0,199705824.0,365940864.0,1200868864.0,182798144.0,106623392.0,7580144.5,9123569.0,41022048.0,14830834.0,6609845.0,94253304.0,61974812.0,438028704.0,105215424.0,1
1789705900.165497,speech,344,25,0.0,883010.9375,28131826.0,18668356.0,226849184.0,0.0,695968640.0,13291873.0,44321884.0,38817976.0,60643240.0,31851404.0,75406088.0,137885104.0,779088896.0,941168128.0,1
1789705900.22911,speech,343,14,0.0,22972632.0,0.0,68627552.0,25867850.0,0.0,0.0,0.0,0.0,84344560.0,0.0,147568992.0,0.0,201634432.0,32145688.0,0.0,1
1789705900.6452296,speech,344,36,629421248.0,45784640.0,122744272.0,75011576.0,41597664.0,48142784.0,8266764.0,10189721.0,0.0,40687996.0,23031540.0,94950368.0,139767424.0,357888896.0,153873152.0,122892816.0,1
1789705900.7086012,speech,344,20,53326476.0,268318208.0,41632104.0,64186420.0,1472879.875,2005681.25,11735680.0,0.0,1158616.875,1392797.25,1211963.5,1555943.25,0.0,3977919.5,0.0,934782.125,1
1789705900.7715409,speech,345,31,1729381.25,0.0,80453288.0,314701344.0,508698208.0,54837472.0,11586999.0,159719.0,0.0,2176034.25,2406229.0,11743748.0,11694696.0,9557382.0,74168400.0,44589504.0,1
1789705900.8668573,speech,347,33,44364188.0,38881000.0,295560864.0,441104864.0,132615840.0,942559360.0,81494184.0,0.0,0.0,116099640.0,62577784.0,115594824.0,91108344.0,622161216.0,1343878784.0,939684096.0,1
1789705900.9277487,speech,347,27,48935636.0,2578558.75,123695808.0,22690936.0,770121536.0,514336736.0,609011072.0,0.0,0.0,44312988.0,101242512.0,54484004.0,213597472.0,242439328.0,1048079360.0,256005936.0,1
1789705901.0576005,speech,347,25,0.0,0.0,1668648.25,6832517.0,1808141.25,0.0,10014274.0,1157857.375,5251031.0,35978884.0,6311543.0,50543416.0,83781272.0,303494304.0,187714464.0,245333648.0,1
1789705901.1029253,speech,347,28,28931500.0,24634684.0,111584808.0,152868704.0,350258912.0,95049208.0,0.0,0.0,44512468.0,502552768.0,168612704.0,211872688.0,1113395200.0,445978208.0,108158640.0,0.0,1
1789705901.4390192,speech,349,23,48017140.0,7383949.0,38715984.0,3162856.25,27799186.0,28700906.0,0.0,0.0,0.0,67211360.0,53169656.0,8463845.0,354756032.0,218541792.0,176863152.0,47866176.0,1
1789705901.4998882,speech,357,26,4264981.0,1655667.75,68786040.0,15880804.0,47975872.0,233541760.0,15815318.0,0.0,0.0,97501160.0,102972160.0,95906048.0,35935336.0,70322592.0,154363552.0,40915424.0,1
1789705901.565073,speech,348,23,65584272.0,53782904.0,333465824.0,190207952.0,441619520.0,39245156.0,28056212.0,0.0,0.0,51731980.0,15509280.0,5729226.0,0.0,8215655.0,13546549.0,7301080.5,1
1789705901.6924548,speech,349,29,41106160.0,117483344.0,64975776.0,301903392.0,79950592.0,34149512.0,57855392.0,9386182.0,91242064.0,297408192.0,353561056.0,48569304.0,7899237.0,1817730.5,24927596.0,0.0,1
1789705902.1990488,speech,344,19,0.0,9657674.0,8485567.0,10318505.0,80801552.0,0.0,7929267.0,0.0,0.0,67121760.0,20274944.0,71983560.0,0.0,90134552.0,269028544.0,1177288192.0,1
1789705902.2594252,speech,347,20,0.0,9410725.0,41997760.0,184145600.0,160046752.0,113059936.0,82964552.0,0.0,26718200.0,55720940.0,16420910.0,6395666.5,0.0,0.0,5249808.5,0.0,1
1789705902.3236713,speech,346,11,0.0,821859072.0,378387200.0,6439176.0,21521408.0,0.0,0.0,0.0,2639686.5,2115200.5,2498091.0,0.0,0.0,9048596.0,0.0,0.0,1
1789705902.3999345,speech,356,21,65952080.0,4867068.0,1791359232.0,95732128.0,936696.25,64880044.0,0.0,306887.78125,1352015.625,29777320.0,0.0,12080202.0,3842538.0,215258.109375,4070385.25,15095442.0,1
1789705902.4852388,speech,353,26,104812656.0,0.0,425066944.0,124433688.0,187003360.0,29017612.0,16180294.0,0.0,7569782.0,12597902.0,6109010.0,1749852.0,3906265.0,10034654.0,15913196.0,70529760.0,1
1789705902.7388403,speech,353,15,0.0,0.0,1177467.125,0.0,240427.53125,0.0,33462.828125,96911.4140625,18623.71484375,141802.90625,20700.43359375,13222.126953125,0.0,0.0,55490.70703125,91755.875,1
1789705902.7840412,speech,353,31,149634112.0,479200768.0,1373570176.0,1274398464.0,64932992.0,4522207.0,22846618.0,0.0,0.0,26379060.0,8864568.0,24911148.0,2227860.75,20804844.0,34768552.0,58171384.0,1
1789705902.829704,speech,352,26,26250932.0,46304900.0,133726928.0,67409328.0,0.0,23469506.0,126071672.0,0.0,0.0,79787584.0,12778515.0,97199072.0,344786432.0,426740480.0,637834944.0,69979808.0,1
1789705902.8942144,speech,345,24,14577712.0,95857704.0,171707296.0,0.0,122472512.0,0.0,374766.75,26517084.0,6878506.0,35907096.0,113682456.0,441480416.0,1265911552.0,205459840.0,50499512.0,20358022.0,1
1789705902.9586852,speech,346,21,0.0,2086503.0,69795872.0,27543288.0,618141120.0,78398416.0,72606656.0,0.0,22760264.0,82189088.0,310429888.0,55060124.0,125041984.0,20569616.0,9508410.0,10063098.0,1
1789705903.0224488,speech,350,24,0.0,7211013.0,128185376.0,83172816.0,374703936.0,45363548.0,7012236.0,0.0,10373262.0,40617432.0,297959424.0,102822792.0,12202363.0,11313094.0,13307981.0,3487839.75,1
1789705903.4046364,speech,352,23,0.0,101125952.0,470538336.0,275881824.0,66102040.0,271489.875,3556892.25,0.0,0.0,4044621.25,0.0,0.0,9011520.0,14702915.0,54675820.0,64859936.0,1
1789705903.4648244,speech,352,20,4484923.0,72529328.0,216014736.0,137258560.0,51216720.0,4178720.5,16149997.0,1504298.0,0.0,6875860.0,1557848.5,0.0,0.0,23776164.0,60439368.0,31705976.0,1
1789705903.6588085,speech,354,23,1605294.5,8725814.0,7098513.5,49956792.0,40035448.0,248426464.0,25302848.0,0.0,0.0,54217432.0,9426006.0,48998048.0,6011604.0,33107140.0,145836880.0,140478944.0,1
1789705903.719212,speech,346,24,0.0,0.0,21644066.0,0.0,30936784.0,0.0,413724864.0,0.0,37471996.0,103470744.0,63765616.0,62188324.0,55509084.0,66723352.0,135490768.0,313330816.0,1
1789705903.783549,speech,347,15,0.0,14030290.0,2522806.5,0.0,122050960.0,124186560.0,310062400.0,4314602.0,0.0,36900532.0,0.0,3420898.5,473103.6875,0.0,67550056.0,12458815.0,1
1789705903.8489978,speech,356,19,0.0,0.0,29386344.0,53119180.0,188722768.0,1077495936.0,110984872.0,0.0,0.0,0.0,0.0,17173552.0,6262072.0,13822949.0,108514400.0,0.0,1
1789705903.913807,speech,355,20,0.0,6586430.0,8280947.0,34179600.0,124235232.0,829448192.0,77459832.0,0.0,0.0,1319711.75,5691960.5,0.0,7552589.5,14111057.0,21514824.0,234452416.0,1
1789705904.006895,speech,340,21,0.0,11381998.0,11776006.0,0.0,191295568.0,99579920.0,2362232.25,10505935.0,19049436.0,44201488.0,0.0,28890762.0,0.0,120009952.0,36556820.0,612913344.0,1
1789705904.0704277,speech,337,20,5650892.5,0.0,4561666.0,0.0,74448016.0,217040144.0,0.0,3710796.25,53794360.0,12822086.0,8964418.0,71599696.0,24066866.0,0.0,130146400.0,1209848704.0,1
1789705904.1657453,speech,342,27,7838429.5,0.0,76362384.0,24100552.0,494791168.0,96455224.0,141105424.0,4392314.0,0.0,10462991.0,8806236.0,9986382.0,1861306.125,9822236.0,2089449.75,135392128.0,1
1789705904.2257917,speech,347,23,7896790.0,21494312.0,9602717.0,13103978.0,0.0,0.0,179022784.0,0.0,0.0,63932944.0,6012075.0,16770245.0,2560138.75,8872375.0,170311632.0,98621616.0,1
1789705904.290874,speech,344,22,8001171.5,2862973.75,0.0,5754222.5,177889920.0,12977444.0,175432528.0,782273.875,0.0,183602080.0,39598012.0,14186142.0,1700526.25,84114776.0,86754008.0,353760704.0,1
1789705904.5780597,speech,344,23,9331145.0,0.0,4545529.0,0.0,3642351.0,7950160.5,13270308.0,7905795.0,0.0,24805138.0,6971695.5,100127080.0,39407880.0,91339200.0,546035776.0,175151584.0,1
1789705904.6244602,speech,350,15,9547021.0,726015.25,1003805.5,5564045.5,29751796.0,0.0,18677940.0,0.0,20678880.0,49336840.0,0.0,0.0,14963102.0,38977880.0,0.0,181324672.0,1
1789705904.8000882,speech,359,15,263538992.0,70621352.0,1081956992.0,6896106.5,4308656.0,0.0,0.0,430781.75,532838.75,2413059.5,796313.6875,0.0,0.0,0.0,0.0,4210624.0,1
1789705904.8600652,speech,359,20,496241312.0,271620096.0,432266944.0,2208434.0,12903265.0,0.0,78109.4609375,293408.4375,3365072.25,884967.9375,1914125.25,0.0,0.0,1256145.875,2279287.0,1975466.125,1
1789705904.9263556,speech,351,29,0.0,0.0,119250384.0,719268608.0,508834784.0,20996272.0,16638550.0,159488.0625,15025386.0,13942487.0,605379.75,8372210.0,373606.5,2336488.0,2182106.5,7250018.0,1
1789705905.021267,speech,346,30,1567688.75,751020864.0,46931128.0,22788598.0,133648128.0,3120092.5,19818496.0,0.0,507587.6875,32420072.0,565979.75,4033914.0,2486097.25,1054272.0,9050746.0,8879308.0,1
1789705905.180217,speech,346,20,13391846.0,63053400.0,195158128.0,2201555.5,1300444.75,1302890.0,0.0,0.0,265057.25,1197082.0,34215.9453125,138287.953125,59667.7734375,84154.1171875,0.0,497121.625,1
1789705905.2434127,speech,346,15,782454.6875,0.0,0.0,523938.03125,118508.734375,0.0,0.0,0.0,0.0,292685.40625,136656.96875,154651.78125,183945.359375,61871.421875,0.0,111350.421875,1
1789705905.2889168,speech,346,17,0.0,0.0,1577153.625,954634.0,212988.71875,0.0,0.0,59958.578125,0.0,0.0,604902.25,79058.296875,112962.8984375,78214.8046875,52493.0859375,617902.375,1
1789705905.334646,speech,346,17,759966.9375,0.0,0.0,0.0,0.0,0.0,193082.796875,159108.90625,85671.8125,861830.375,260645.375,0.0,31786.970703125,104307.875,0.0,66657.40625,1
1789705905.3864658,speech,5,3,0.0,0.0,79753824.0,34199208.0,0.0,0.0,0.0,0.0,0.0,0.0,0.0,0.0,0.0,0.0,0.0,0.0,1
1789705905.3872027,speech,178,7,6407790.0,0.0,0.0,0.0,0.0,0.0,0.0,0.0,0.0,0.0,0.0,1325242.75,0.0,3717557.5,0.0,4092882.25,1
1789705905.656019,speech,354,30,58869336.0,173787616.0,605776128.0,406982656.0,17650228.0,1501914.5,37121676.0,0.0,0.0,27271878.0,5242186.5,24268158.0,61029452.0,683039744.0,441535776.0,968430080.0,1
1789705905.7207441,speech,354,18,19763784.0,0.0,287390496.0,351927072.0,156467456.0,61613024.0,60304680.0,3274687.5,0.0,9355657.0,3883464.75,12550089.0,0.0,0.0,18673582.0,0.0,1
1789705905.7661054,speech,354,17,61783168.0,24762970.0,261715280.0,113274432.0,14974156.0,39035152.0,0.0,1560047.625,0.0,3882549.75,2552879.5,0.0,0.0,8556736.0,0.0,40834184.0,1
1789705905.811472,speech,354,20,35545796.0,20389334.0,120658400.0,355299520.0,135668432.0,18844560.0,9747686.0,3496277.5,1234210.875,2690552.75,1992615.125,0.0,0.0,0.0,0.0,40244280.0,1
1789705905.973146,speech,345,25,8975763.0,13393382.0,19844094.0,9213993.0,25603874.0,25803636.0,101817504.0,6476654.5,31515432.0,63378280.0,34354224.0,68032608.0,40637140.0,1492104320.0,1709909504.0,464024192.0,1
1789705906.0378098,speech,355,28,59977076.0,130538520.0,1107522176.0,1040760768.0,307109248.0,83425800.0,148830720.0,3977319.75,19387192.0,97741560.0,39115340.0,89489760.0,166476224.0,258908960.0,0.0,0.0,1
1789705906.1951535,speech,356,34,989413.6875,6764713.0,61827664.0,159828352.0,72869624.0,1180544256.0,289030720.0,48261488.0,26466564.0,119855752.0,32594538.0,34703964.0,66912684.0,259734256.0,1047251136.0,654623616.0,1
1789705906.2566466,speech,355,21,8123572.0,0.0,37003656.0,0.0,2880332.75,0.0,63739736.0,0.0,0.0,175949376.0,30302316.0,56196812.0,61455608.0,71983952.0,329592160.0,0.0,1
1789705906.640588,speech,356,7,387390.6875,0.0,292612.0,0.0,0.0,0.0,460307.75,0.0,611747.5,0.0,0.0,121548.1171875,0.0,0.0,686622.1875,0.0,1
1789705907.0212843,speech,280,8,0.0,0.0,5302865.0,0.0,0.0,0.0,0.0,0.0,0.0,0.0,0.0,9302710.0,0.0,284992256.0,19484406.0,63974688.0,1
1789705907.4002326,speech,292,19,0.0,131666624.0,565324288.0,0.0,187943808.0,178574496.0,313803.6875,10702889.0,26875074.0,163580.59375,842112.25,16295276.0,0.0,53682944.0,147585648.0,44954288.0,1
1789705907.4966807,speech,288,26,63622872.0,0.0,307611552.0,12437828.0,130861256.0,53988740.0,19935776.0,9265642.0,0.0,10949404.0,1918170.0,25114794.0,29724832.0,86141408.0,191698848.0,163444032.0,1
1789705907.653869,speech,273,12,6359501.5,440856640.0,23921794.0,4767479.0,28745140.0,0.0,0.0,0.0,5896615.0,0.0,0.0,321043.625,371742.53125,206343.1875,0.0,0.0,1
1789705907.781649,speech,272,19,1222079.375,73790176.0,0.0,8222520.0,303481856.0,225421504.0,497329088.0,2877561.0,0.0,8750313.0,37899916.0,24411122.0,12964898.0,32314392.0,0.0,0.0,1
1789705908.0663471,speech,271,13,20306820.0,0.0,83392504.0,92538600.0,112344296.0,424676736.0,0.0,182998944.0,0.0,79972488.0,0.0,0.0,0.0,0.0,0.0,11522540.0,1
1789705908.2566943,speech,281,13,0.0,157345.0625,506492928.0,563451.875,1757576448.0,0.0,140050480.0,0.0,0.0,0.0,0.0,0.0,1809466.5,2559980.5,0.0,0.0,1
1789705908.3217795,speech,248,10,0.0,0.0,0.0,0.0,0.0,0.0,0.0,0.0,6254168.0,55498116.0,161481648.0,615824192.0,220486512.0,9279270.0,0.0,0.0,1
1789705908.3229268,speech,285,9,0.0,31089152.0,0.0,28046518.0,288147712.0,0.0,328280192.0,22361086.0,0.0,0.0,0.0,0.0,0.0,0.0,0.0,5122979.0,1
1789705908.638874,speech,289,10,57526956.0,337155360.0,0.0,13186679.0,0.0,0.0,656864.625,4752493.5,0.0,1039242.375,0.0,0.0,0.0,0.0,0.0,51004.765625,1
1789705908.7039778,speech,292,16,182233056.0,344051584.0,17335438.0,85688.0703125,12424586.0,540919.1875,0.0,1272753.0,3718992.0,2047823.25,0.0,0.0,0.0,0.0,3920013.25,667943.5625,1
1789705908.7680097,speech,278,14,0.0,66446084.0,611640896.0,17094326.0,187941616.0,52345312.0,16210315.0,0.0,0.0,16088806.0,0.0,0.0,10414858.0,3317477.25,0.0,0.0,1
1789705908.9231985,speech,286,11,57820592.0,106478400.0,340534016.0,8266242.0,11392765.0,10490221.0,3158657.0,0.0,0.0,773464.125,0.0,0.0,0.0,0.0,0.0,3271771.75,1
1789705909.018195,speech,286,12,0.0,0.0,236368944.0,0.0,18743452.0,0.0,0.0,1032692.0625,0.0,0.0,0.0,201399.359375,385257.28125,2407895.75,693506.0625,0.0,1
1789705909.2086384,speech,269,30,0.0,0.0,6118193.5,34867608.0,101699016.0,152226048.0,242710608.0,12322692.0,9108962.0,30882552.0,46550756.0,19647414.0,69125680.0,11139378.0,164016704.0,26086882.0,1
1789705909.3990045,speech,281,17,0.0,4797126.0,81471120.0,81577408.0,815603776.0,99034440.0,120346768.0,0.0,0.0,8889957.0,0.0,7511589.5,0.0,5035351.0,0.0,13878910.0,1
1789705909.463259,speech,281,12,0.0,0.0,1736051.875,9436760.0,126143176.0,0.0,227018528.0,0.0,0.0,56681552.0,0.0,228672096.0,0.0,11770992.0,5111323.0,23122488.0,1
1789705911.4293513,speech,289,12,8386077.5,0.0,369632320.0,308443168.0,63599352.0,0.0,0.0,0.0,0.0,0.0,0.0,0.0,1990735.25,0.0,0.0,182173632.0,1
1789705916.5643039,speech,285,8,8960360.0,0.0,57138528.0,76160848.0,443524480.0,0.0,0.0,1303147.75,0.0,0.0,337170.59375,853807.75,0.0,0.0,0.0,0.0,1
1789705916.63029,speech,286,5,23392478.0,28681472.0,0.0,17628784.0,0.0,0.0,36231216.0,0.0,0.0,0.0,0.0,0.0,0.0,0.0,0.0,0.0,1
1789705916.8509815,speech,76,3,4331939.0,0.0,0.0,0.0,214823.0625,0.0,0.0,0.0,0.0,0.0,0.0,0.0,0.0,0.0,0.0,0.0,1
1789705916.9761496,speech,329,11,9087080.0,0.0,1092791.5,1861115.5,259584.4375,0.0,172076.515625,0.0,46264.66015625,99895.3359375,0.0,0.0,0.0,153531.75,0.0,0.0,1
1789705919.0677648,speech,267,10,0.0,0.0,2822822.0,0.0,21421730.0,45994136.0,253005312.0,16501903.0,0.0,2503755.25,0.0,0.0,42131672.0,0.0,0.0,0.0,1
1789705920.6210036,speech,230,11,21730676.0,132673880.0,0.0,457985.6875,0.0,347890.21875,628231.4375,0.0,78006.890625,0.0,208672.15625,0.0,0.0,0.0,778622.75,1544886.125,1
1789705920.6920774,speech,228,10,32574634.0,0.0,0.0,0.0,2863220.25,3333024.0,826255.5,0.0,0.0,0.0,520902.6875,0.0,262750.25,360247.0,0.0,0.0,1
1789705920.6927543,speech,291,4,0.0,119300608.0,0.0,2123468.0,0.0,0.0,0.0,106051.21875,0.0,0.0,0.0,0.0,0.0,0.0,0.0,0.0,1
1789705921.603545,speech,204,7,0.0,0.0,0.0,0.0,93911600.0,0.0,1118742.875,6282314.5,0.0,0.0,0.0,1219347.5,925716.75,3978096.5,0.0,0.0,1
1789705921.6619403,speech,358,3,0.0,0.0,0.0,0.0,32165424.0,0.0,0.0,0.0,0.0,0.0,0.0,0.0,0.0,0.0,4782873.5,20555604.0,1
1789705921.9858937,speech,6,4,0.0,0.0,0.0,0.0,0.0,0.0,0.0,0.0,0.0,17465034.0,0.0,0.0,9023139.0,0.0,0.0,1485231.75,1
1789705921.9869802,speech,214,5,3701581.25,0.0,0.0,0.0,0.0,2764807.0,4871590.0,0.0,0.0,0.0,0.0,0.0,0.0,0.0,3984854.75,0.0,1
1789705922.2693882,speech,228,16,0.0,0.0,0.0,0.0,0.0,24083426.0,9320770.0,10553170.0,2222289.75,12329460.0,0.0,8423126.0,240974592.0,165931488.0,16775382.0,0.0,1
1789705922.49231,speech,225,8,670941.625,0.0,652623.75,0.0,0.0,0.0,5952807.0,0.0,0.0,9337418.0,0.0,0.0,43135460.0,117258400.0,0.0,0.0,1
1789705922.5488713,speech,220,8,0.0,0.0,0.0,0.0,0.0,0.0,0.0,0.0,0.0,0.0,42618888.0,10570770.0,28843940.0,135230080.0,113304856.0,0.0,1
1789705923.2518027,speech,207,11,146098128.0,7978269.5,0.0,850411.0,0.0,0.0,0.0,0.0,300844.28125,3244721.75,2295597.5,2030521.75,0.0,0.0,0.0,0.0,1
1789705923.3195786,speech,195,9,53024228.0,0.0,0.0,0.0,0.0,0.0,1330879.75,0.0,0.0,0.0,4897548.5,2312247.5,467585.15625,208155.46875,210448.9375,0.0,1
1789705923.383379,speech,231,13,0.0,0.0,0.0,0.0,8106203.0,13522824.0,0.0,0.0,4697105.0,1702800.0,0.0,0.0,0.0,125175304.0,111815312.0,85352960.0,1
1789705923.4749086,speech,234,17,0.0,0.0,0.0,92763952.0,58133204.0,12672826.0,17945964.0,8846856.0,0.0,30954260.0,0.0,0.0,24598940.0,46030836.0,268683392.0,58950636.0,1
1789705923.533177,speech,234,6,0.0,0.0,11028562.0,0.0,0.0,0.0,19298242.0,13136560.0,0.0,8478016.0,0.0,0.0,0.0,13274665.0,0.0,0.0,1
1789705923.6328428,speech,233,9,0.0,0.0,29904500.0,76344112.0,273778784.0,0.0,0.0,0.0,0.0,55980528.0,49861672.0,64414280.0,56327336.0,25772572.0,0.0,0.0,1
1789705923.7594383,speech,209,4,0.0,0.0,0.0,0.0,0.0,0.0,0.0,0.0,0.0,997575.9375,0.0,1343987.125,1453187.5,0.0,0.0,0.0,1
1789705923.8186724,speech,226,5,0.0,0.0,0.0,0.0,17006724.0,1800529.25,0.0,0.0,0.0,0.0,0.0,0.0,4367277.0,13272292.0,374919.75,0.0,1
1789705924.1408486,speech,259,11,1573135.75,0.0,0.0,42042104.0,303922304.0,25623506.0,83769760.0,0.0,4286348.5,0.0,0.0,0.0,0.0,17927108.0,0.0,0.0,1
1789705924.268234,speech,272,13,89446424.0,6034316.0,67472024.0,432847872.0,5652441.0,73481520.0,75426240.0,0.0,0.0,0.0,9492726.0,0.0,0.0,549421.125,0.0,0.0,1
1789705924.3631787,speech,289,17,405369344.0,0.0,5576546.0,462806688.0,15011016.0,0.0,9154939.0,5066632.0,0.0,0.0,0.0,98452.7109375,0.0,107209.421875,391562.28125,426633.21875,1
1789705924.4271076,speech,268,21,601741504.0,820498.375,0.0,267942384.0,273121120.0,161548.15625,0.0,0.0,0.0,0.0,702877.8125,1375316736.0,37852976.0,7815002.5,16115050.0,47002020.0,1
1789705924.491542,speech,287,20,731760064.0,0.0,0.0,793966464.0,348849600.0,8490129.0,368241920.0,111929848.0,0.0,0.0,0.0,267799728.0,2135226.5,3128804.5,0.0,2943373.25,1
1789705924.5555358,speech,287,5,0.0,0.0,0.0,0.0,1030694.6875,388662.8125,0.0,0.0,0.0,0.0,679647.625,0.0,405138.03125,0.0,0.0,417604.375,1
1789705924.6025405,speech,318,29,1010521536.0,0.0,971667.8125,287004672.0,226017472.0,1089899.125,3074821.0,44864904.0,16493814.0,4746617.0,5728937.0,25413506.0,9726186.0,2575612.25,1579865.0,12582594.0,1
1789705924.6656048,speech,323,21,33512170.0,452565536.0,116425528.0,0.0,155953184.0,0.0,51936796.0,85330128.0,0.0,0.0,0.0,0.0,54681032.0,134662080.0,22750780.0,31656698.0,1
1789705925.123175,speech,358,28,132835008.0,0.0,2826457088.0,44974656.0,402729760.0,15275475.0,72391592.0,687940.3125,3829255.5,25597952.0,13764538.0,1519300.0,4296435.0,8342041.5,8408764.0,68146208.0,1
1789705925.1858723,speech,359,26,30400704.0,26144504.0,2323952640.0,37357232.0,17613542.0,15875148.0,4938318.0,1126467.75,0.0,407007.5625,717637.5,682928.5,1477064.25,9446123.0,17173512.0,0.0,1
1789705925.2505267,speech,359,25,7409166.0,0.0,764137792.0,8587033.0,143757936.0,22220398.0,11889449.0,2333078.5,0.0,1675508.0,1836060.0,379911.84375,775053.375,5780158.5,15946195.0,88361360.0,1
1789705925.2958632,speech,344,23,0.0,0.0,73426824.0,23240100.0,1456272640.0,0.0,72321312.0,66447424.0,0.0,832595.25,0.0,11948820.0,3631580.0,9893149.0,12764762.0,130975408.0,1
1789705925.4703922,speech,344,6,0.0,0.0,0.0,0.0,663052.375,0.0,0.0,0.0,0.0,112177.171875,454143.5625,0.0,0.0,0.0,0.0,293237.46875,1
1789705925.5151005,speech,342,9,0.0,0.0,0.0,434040.625,1567088.75,0.0,727095.5,839965.25,0.0,78849.4296875,169710.34375,0.0,13262.615234375,36634.1953125,0.0,0.0,1
1789705925.579719,speech,6,15,0.0,58238736.0,390010016.0,0.0,1051482.75,0.0,0.0,32916790.0,34930808.0,113880.5,126971616.0,159401952.0,271848.875,333036.65625,0.0,0.0,1
1789705925.645403,speech,13,14,1767581.875,22664694.0,657312128.0,2091608.25,5000128.0,0.0,0.0,24085112.0,78464408.0,0.0,910715.1875,71011688.0,0.0,0.0,0.0,0.0,1
1789705926.930469,speech,347,15,155479808.0,0.0,0.0,0.0,1077609.25,654173.6875,0.0,0.0,0.0,18242.37109375,0.0,971373.875,295528.71875,1172790.0,4873934.5,9231478.0,1
1789705927.182077,speech,355,17,19625622.0,25497850.0,0.0,126046048.0,0.0,0.0,0.0,650256.8125,2606098.5,1186708.375,0.0,48491124.0,128952048.0,423906624.0,144536704.0,150903264.0,1
1789705927.2436,speech,355,18,1587045.0,0.0,13332613.0,75085152.0,35306716.0,179583968.0,0.0,0.0,0.0,4358318.0,0.0,77313088.0,44826364.0,163871920.0,222022944.0,215052528.0,1
1789705927.3092377,speech,355,11,110894.8671875,0.0,0.0,0.0,0.0,0.0,17386426.0,0.0,0.0,0.0,0.0,0.0,18036016.0,35758400.0,14583800.0,53068520.0,1
1789705927.35404,speech,341,5,0.0,0.0,0.0,0.0,0.0,1050149.75,0.0,0.0,2205053.75,0.0,0.0,373805.40625,0.0,0.0,27097764.0,0.0,1
1789705927.4882796,speech,357,10,0.0,10315012.0,27528516.0,27695188.0,153219008.0,50734664.0,4657771.5,0.0,0.0,9018268.0,0.0,0.0,0.0,3066453.5,18325160.0,0.0,1
1789705927.5549867,speech,11,11,0.0,0.0,865388.9375,120282768.0,0.0,0.0,0.0,1276741.0,2954283.0,872633.5,324872.0,317944.71875,511916.3125,0.0,1883512.125,0.0,1
1789705927.6308515,speech,19,10,1328730.625,0.0,0.0,72509248.0,167146496.0,0.0,0.0,0.0,921755.5,880223.875,0.0,0.0,0.0,316842.59375,0.0,0.0,1
1789705927.6950538,speech,16,12,12119258.0,4099081.25,17639482.0,0.0,393696832.0,15263206.0,14563023.0,0.0,0.0,477107.3125,0.0,1066776.0,0.0,0.0,0.0,0.0,1
1789705927.760145,speech,11,7,0.0,0.0,0.0,0.0,0.0,100160712.0,0.0,8752608.0,0.0,6288641.5,0.0,2344076.75,0.0,401155.46875,0.0,0.0,1
1789705927.8235352,speech,330,9,0.0,0.0,7976563.5,0.0,153360304.0,1152715264.0,474072448.0,0.0,0.0,0.0,0.0,2355094.25,0.0,8942527.0,0.0,0.0,1
1789705928.3244104,speech,20,5,0.0,0.0,0.0,0.0,0.0,0.0,0.0,0.0,0.0,0.0,0.0,1585113.875,591641.8125,28504.78515625,0.0,0.0,1
1789705928.3251224,speech,330,7,0.0,0.0,0.0,0.0,0.0,0.0,144287.0,0.0,0.0,0.0,0.0,0.0,0.0,169666.34375,124516.8125,46572.0,1
1789705928.3704479,speech,18,9,0.0,0.0,0.0,89537.0234375,0.0,0.0,13582.25,0.0,56151.28125,19196.763671875,0.0,2097323.0,313885.875,0.0,0.0,0.0,1
1789705928.4348376,speech,349,18,48060796.0,6209285.0,0.0,0.0,0.0,64468128.0,3101234.0,0.0,0.0,1703382.625,0.0,1727725.5,2857581.25,6808476.5,7776362.5,5400723.0,1
1789705928.499271,speech,7,9,0.0,0.0,0.0,0.0,1522236928.0,130434824.0,0.0,0.0,0.0,0.0,0.0,178204.40625,1438855.625,0.0,93515.34375,0.0,1
1789705928.5637846,speech,355,14,3150845.25,6062341.0,2980116.0,0.0,0.0,243077904.0,83817264.0,0.0,0.0,2438809.5,0.0,922620.375,1397454.5,5335001.0,0.0,0.0,1
1789705928.629213,speech,25,12,0.0,0.0,0.0,0.0,1423754496.0,31990366.0,0.0,1693551.5,0.0,25569248.0,1576444.75,9044422.0,0.0,0.0,0.0,0.0,1
1789705928.7048113,speech,27,9,0.0,0.0,0.0,43860112.0,250982624.0,1171262208.0,0.0,0.0,0.0,19826160.0,0.0,0.0,2692685.25,0.0,0.0,0.0,1
1789705929.4328725,speech,357,15,58680464.0,0.0,2886758.0,0.0,91781016.0,515262272.0,0.0,0.0,0.0,8562352.0,0.0,9405046.0,311314816.0,127926608.0,555966912.0,0.0,1
1789705929.5929158,speech,359,14,4334396.0,0.0,0.0,0.0,9044486.0,61722864.0,12226254.0,0.0,0.0,61443320.0,0.0,30948668.0,405663584.0,342857792.0,27584252.0,58000048.0,1
1789705929.5937529,speech,43,6,0.0,1450486.625,0.0,0.0,0.0,32908124.0,0.0,52326748.0,111223808.0,0.0,24872972.0,0.0,0.0,0.0,0.0,0.0,1
1789705930.446783,speech,7,18,0.0,37121224.0,0.0,196067040.0,127922376.0,434419904.0,0.0,0.0,8243829.0,14860544.0,0.0,17454940.0,648015104.0,23472434.0,131650512.0,7701050.0,1
1789705930.5046463,speech,6,17,0.0,0.0,0.0,0.0,210604016.0,612740608.0,0.0,0.0,13364337.0,20854132.0,0.0,33478034.0,474900608.0,126977000.0,48735840.0,11995568.0,1
1789705930.6061537,speech,6,13,12769066.0,26390788.0,1783724.625,0.0,0.0,0.0,0.0,153807.859375,3080061.5,0.0,0.0,245553760.0,112614600.0,443982784.0,20980966.0,0.0,1
1789705931.5567477,speech,357,17,4042268.0,410138.15625,0.0,11784951.0,54728632.0,63551144.0,0.0,63436036.0,0.0,30574338.0,0.0,0.0,142286128.0,175691504.0,76928816.0,270458176.0,1
1789705931.6175156,speech,346,7,3598223.0,0.0,0.0,0.0,19444078.0,0.0,0.0,43622864.0,1361591.0,0.0,0.0,3470908.75,0.0,0.0,214620976.0,184215584.0,1
1789705931.6810284,speech,354,13,0.0,7411103.5,0.0,0.0,74200152.0,0.0,39628056.0,53283636.0,0.0,43798240.0,0.0,0.0,144782384.0,115531112.0,613489280.0,0.0,1
1789705931.9992805,speech,355,14,3538083.0,8878395.0,0.0,6107512.5,0.0,0.0,0.0,172302688.0,65605596.0,0.0,0.0,5449682.0,2284387.0,81973792.0,114630336.0,25735092.0,1
1789705932.05979,speech,9,13,8698593.0,0.0,0.0,0.0,0.0,0.0,0.0,124114088.0,459442208.0,17729308.0,0.0,0.0,999389.9375,38318552.0,0.0,29016776.0,1
1789705932.286252,speech,9,14,5602280.0,0.0,0.0,0.0,3267545.0,0.0,414269.1875,5100343.5,3752924.5,14658801.0,0.0,0.0,11257666.0,20744668.0,0.0,0.0,1
1789705932.3312457,speech,3,13,8751738.0,30367696.0,0.0,0.0,0.0,0.0,0.0,184022672.0,928675712.0,92506608.0,0.0,0.0,4141293.75,94988920.0,24709896.0,0.0,1
1789705932.570659,speech,342,9,0.0,0.0,0.0,0.0,0.0,1087983.875,20854906.0,102360256.0,2975754.75,0.0,0.0,0.0,0.0,0.0,82041472.0,393708992.0,1
1789705934.3141723,speech,8,13,8840376.0,4689946.0,0.0,37769796.0,7204422.5,185367152.0,2197469.25,0.0,1383221.25,11573761.0,0.0,0.0,13388628.0,3189122.5,0.0,0.0,1
1789705934.3791223,speech,20,5,0.0,0.0,0.0,0.0,188048800.0,0.0,0.0,0.0,4202169.0,22592272.0,0.0,0.0,1629410.875,0.0,0.0,0.0,1
1789705934.693618,speech,346,8,0.0,0.0,0.0,0.0,0.0,0.0,80325128.0,0.0,0.0,0.0,0.0,0.0,61894364.0,161387776.0,536940992.0,390139040.0,1
1789705934.754188,speech,4,8,0.0,0.0,0.0,3592928.75,0.0,0.0,0.0,0.0,0.0,0.0,0.0,0.0,96993424.0,213602448.0,517030720.0,242098048.0,1
1789705935.0132334,speech,2,16,0.0,0.0,0.0,87611456.0,160115744.0,15006886.0,0.0,0.0,70731520.0,8347261.5,0.0,65840476.0,84732664.0,339235392.0,33594660.0,0.0,1
1789705935.0784705,speech,0,14,0.0,16947856.0,411216.21875,17368256.0,0.0,0.0,0.0,0.0,0.0,0.0,1877541.25,69140144.0,103993424.0,304123616.0,630603904.0,0.0,1
1789705935.550713,speech,18,16,0.0,0.0,0.0,51871260.0,19887120.0,3481810.0,0.0,0.0,4000362.5,6988638.5,75371.421875,0.0,15964712.0,26884896.0,0.0,0.0,1
1789705935.6109743,speech,352,15,0.0,75211024.0,0.0,0.0,13808227.0,54449268.0,0.0,0.0,3475403.75,8500584.0,0.0,695077.75,0.0,11450906.0,15437053.0,5764369.5,1
1789705935.6877003,speech,22,11,14929877.0,0.0,0.0,4369370.0,0.0,0.0,0.0,0.0,20103560.0,79776952.0,4786706.0,0.0,10042198.0,42974336.0,0.0,0.0,1
1789705935.7523253,speech,20,15,0.0,0.0,0.0,40292000.0,195326368.0,0.0,0.0,27511050.0,30710198.0,9743604.0,5323376.0,22425580.0,15376240.0,0.0,0.0,0.0,1
1789705936.1508927,speech,348,16,8340202.0,20682956.0,0.0,0.0,10691311.0,22096156.0,5753513.0,4292272.5,0.0,0.0,1535750.25,4955545.0,0.0,178096944.0,681199616.0,249966048.0,1
1789705936.8806477,speech,334,13,7353058.5,0.0,80240792.0,90754448.0,9408493.0,4262233.5,0.0,0.0,8486723.0,0.0,0.0,5733020.5,0.0,16078104.0,151800640.0,65684020.0,1
1789705937.1985645,speech,356,8,61422568.0,655112704.0,0.0,345350.71875,0.0,478236.8125,0.0,0.0,11698.623046875,0.0,0.0,0.0,0.0,0.0,100650.8984375,0.0,1
1789705937.6110356,speech,298,10,0.0,0.0,55286.3046875,0.0,306977.90625,484020.5,648750.5625,0.0,0.0,152869.8125,0.0,0.0,0.0,642136.875,39307884.0,69397568.0,1
1789705937.6742785,speech,285,21,5476513.5,0.0,1379422.5,3863156.0,126968528.0,68784880.0,76271296.0,0.0,28656088.0,0.0,51930656.0,103147568.0,34042640.0,237841440.0,3791883.25,237140128.0,1
1789705937.832753,speech,286,13,1587504.5,0.0,0.0,0.0,98109384.0,0.0,66646724.0,0.0,0.0,40455980.0,20819094.0,50075704.0,0.0,0.0,15919266.0,398374432.0,1
1789705937.9593863,speech,286,12,0.0,0.0,624805.9375,0.0,2304081.75,7389861.5,4129997.75,0.0,8506269.0,3077767.5,89827560.0,24575920.0,3789366.5,1776453.0,0.0,0.0,1
1789705938.004881,speech,273,22,0.0,0.0,0.0,154647.125,17043912.0,0.0,54176244.0,2236651.5,27693204.0,96916472.0,135189936.0,37744152.0,20565890.0,53353456.0,36202632.0,15376108.0,1
1789705938.0702305,speech,294,16,483902.0,0.0,0.0,0.0,20955828.0,128575504.0,96194336.0,2028803.375,3977130.75,12907632.0,111851616.0,49518652.0,0.0,9556052.0,0.0,0.0,1
1789705939.0064783,speech,180,11,355150656.0,80881784.0,0.0,12449224.0,537876.125,0.0,22810.396484375,0.0,0.0,0.0,0.0,429083.0,0.0,760373.8125,0.0,0.0,1
1789705939.1013737,speech,129,12,0.0,0.0,0.0,0.0,0.0,225656384.0,44748748.0,3291102.75,0.0,1733213.625,300579.8125,0.0,5628381.0,9109072.0,15614994.0,0.0,1
1789705939.1619399,speech,144,11,8781765.0,0.0,0.0,0.0,0.0,491590144.0,58812272.0,0.0,0.0,284373.59375,0.0,3302761.0,2290344.25,0.0,0.0,0.0,1
1789705939.2235754,speech,142,8,57521672.0,0.0,0.0,0.0,0.0,54674640.0,75055264.0,0.0,0.0,899118.25,0.0,0.0,0.0,0.0,4373069.5,0.0,1
1789705940.1145928,speech,101,12,34431808.0,0.0,0.0,286638.6875,0.0,0.0,1815319.25,292740.96875,851521.25,297647.0,44154.08984375,66243.3984375,166728.625,161534.671875,0.0,0.0,1
1789705940.3346117,speech,72,11,0.0,0.0,2328123.0,16564374.0,0.0,0.0,0.0,0.0,176537984.0,627520256.0,92111712.0,2288945.0,4382540.0,192106.390625,304739.65625,0.0,1
1789705940.652965,speech,82,13,23069736.0,0.0,523628.4375,0.0,0.0,0.0,0.0,0.0,6482714.5,11846896.0,15297138.0,45267752.0,12817396.0,106770800.0,0.0,329438816.0,1
1789705940.9048948,speech,89,9,387669824.0,0.0,7509894.0,17498314.0,0.0,0.0,0.0,0.0,0.0,1094607.75,1260988.125,0.0,0.0,0.0,496833.625,0.0,1
1789705941.0961576,speech,91,16,0.0,0.0,0.0,0.0,0.0,0.0,0.0,0.0,23785740.0,3235302.0,36184296.0,48827320.0,41970456.0,40039544.0,28256458.0,79556768.0,1
1789705941.1613321,speech,89,16,0.0,28983078.0,2821413.0,0.0,0.0,0.0,0.0,0.0,0.0,106198048.0,17072274.0,26959216.0,111500640.0,77860368.0,26557124.0,49973264.0,1
1789705941.2267241,speech,86,16,0.0,0.0,935472.875,0.0,0.0,0.0,0.0,0.0,7426835.0,292360416.0,123873512.0,159818416.0,144105200.0,109708992.0,46758940.0,0.0,1
1789705941.9187555,speech,90,15,0.0,0.0,0.0,9473929.0,0.0,0.0,0.0,0.0,17944430.0,86358432.0,53225728.0,345918272.0,149887824.0,842352704.0,154254704.0,17955456.0,1
1789705942.1088688,speech,90,22,144949248.0,24864036.0,5947858.0,0.0,0.0,0.0,0.0,0.0,0.0,47167364.0,7834078.0,18295744.0,411926880.0,388691904.0,429641568.0,438430720.0,1
1789705942.299089,speech,94,16,11192001.0,0.0,13237724.0,0.0,0.0,0.0,0.0,0.0,0.0,10875132.0,89116336.0,205465376.0,181262256.0,750795200.0,2457814528.0,261978736.0,1
1789705942.36453,speech,97,20,116867184.0,0.0,4473493.5,9607778.0,0.0,0.0,0.0,0.0,14008178.0,68812576.0,75504208.0,179980256.0,218963152.0,295564736.0,163317792.0,404356608.0,1
1789705942.4295516,speech,94,12,43463168.0,0.0,9404483.0,0.0,0.0,0.0,0.0,0.0,0.0,0.0,0.0,62638048.0,128748880.0,250398624.0,405028320.0,255742912.0,1
1789705942.4932153,speech,96,12,13490838.0,0.0,18382312.0,7349672.0,0.0,0.0,0.0,0.0,0.0,0.0,0.0,38071648.0,128537072.0,112399760.0,760603648.0,171758880.0,1
1789705943.1868317,speech,97,23,147665200.0,7799083.5,336485216.0,110649264.0,0.0,0.0,0.0,0.0,2322703.25,88414328.0,443722816.0,879923904.0,1318124928.0,281739904.0,168964080.0,68070880.0,1
1789705943.2519279,speech,98,12,0.0,2806884.5,0.0,0.0,0.0,0.0,0.0,0.0,0.0,11430110.0,12751752.0,102017392.0,49781456.0,1552736128.0,1183794560.0,209853024.0,1
1789705943.535687,speech,98,11,117078208.0,15938763.0,1512227.75,0.0,0.0,0.0,0.0,0.0,0.0,0.0,0.0,1424552.375,0.0,2902617.5,5224773.5,0.0,1
1789705943.5977755,speech,93,16,247314784.0,0.0,78637264.0,20743244.0,0.0,0.0,0.0,0.0,0.0,0.0,1334023.625,5794150.0,7744989.0,41213644.0,14930098.0,361765120.0,1
1789705943.6579545,speech,94,16,0.0,0.0,472291456.0,0.0,11202592.0,0.0,0.0,0.0,0.0,0.0,2070921.5,1758779.0,70947904.0,249143488.0,297090752.0,108531840.0,1
1789705943.9161966,speech,104,19,357856800.0,0.0,23679076.0,0.0,0.0,0.0,0.0,0.0,3028302.5,18790860.0,7413096.5,24790524.0,0.0,71772288.0,53716912.0,33022546.0,1
1789705944.326974,speech,107,22,496160320.0,357308160.0,850032960.0,0.0,0.0,0.0,3265609.5,0.0,525520.125,485575.75,450788.03125,1209137.625,4948892.0,42319804.0,37929700.0,24369168.0,1
1789705944.6750138,speech,103,23,511040160.0,601642240.0,1303805696.0,0.0,0.0,5395390.5,0.0,7437032.5,192173.421875,0.0,3232765.25,7815705.5,431213.25,13943329.0,6721229.0,5971926.0,1
1789705944.7350206,speech,95,15,102042912.0,0.0,9853283.0,51598204.0,0.0,0.0,0.0,0.0,0.0,0.0,2609096.5,5363480.5,4016903.0,63301680.0,13194551.0,153983584.0,1
1789705944.8005295,speech,103,22,71658384.0,73007720.0,377737824.0,11265499.0,3392774.0,4947997.0,2435239.75,1182978.125,189285.0,57783.8046875,6812495.5,13769880.0,2475102.0,18093930.0,122089312.0,0.0,1
1789705945.055965,speech,95,21,8035497.5,4315728.0,870091.375,17399120.0,0.0,0.0,17329320.0,15697274.0,0.0,0.0,28656618.0,205894880.0,55609156.0,294635040.0,1267491584.0,427504064.0,1
1789705945.1165218,speech,95,15,30415308.0,8690059.0,64073820.0,13855880.0,0.0,0.0,0.0,0.0,0.0,0.0,9328737.0,11286699.0,38907312.0,94692312.0,0.0,96793328.0,1
1789705945.2447836,speech,95,19,3834759.5,0.0,0.0,0.0,0.0,0.0,0.0,18893220.0,5111022.0,29775368.0,74197472.0,66878928.0,91333120.0,274971264.0,56968660.0,238313568.0,1
1789705945.289662,speech,94,15,26019200.0,8828656.0,0.0,0.0,0.0,0.0,18184470.0,0.0,0.0,0.0,13426706.0,5826119.5,83253600.0,115721192.0,54622632.0,145013024.0,1
1789705945.3538687,speech,94,20,26264882.0,10783937.0,891643.875,0.0,0.0,0.0,94659232.0,1194752.375,0.0,2890736.25,0.0,4681780.5,15769769.0,35606712.0,53411624.0,104874824.0,1
1789705945.848226,speech,102,16,956913024.0,1063534.625,0.0,1099328.875,0.0,704774.5625,25863.828125,0.0,9816339.0,102497.7890625,43032.01953125,107799.8671875,748234.0625,3078595.0,976731.3125,298358.875,1
1789705945.943448,speech,94,13,0.0,4393364.0,0.0,0.0,0.0,0.0,0.0,0.0,0.0,6351281.5,20016918.0,1913390.875,0.0,27414860.0,27901284.0,6418123.5,1
1789705946.0043852,speech,93,8,0.0,0.0,211012288.0,0.0,0.0,0.0,0.0,0.0,0.0,0.0,1105286.375,1370732.25,8787165.0,7313587.0,0.0,4609977.0,1
1789705946.1641324,speech,96,28,27943644.0,0.0,9516589.0,0.0,0.0,5173584.5,9661960.0,69279744.0,28535930.0,65802648.0,175196288.0,155706464.0,55031624.0,191522976.0,260591232.0,1021319680.0,1
1789705946.227971,speech,96,8,125243528.0,31789184.0,596913344.0,0.0,0.0,0.0,0.0,0.0,0.0,0.0,0.0,17711764.0,0.0,0.0,0.0,0.0,1
1789705946.2742016,speech,106,4,0.0,1100264832.0,0.0,0.0,0.0,0.0,0.0,0.0,0.0,0.0,0.0,0.0,2737295.5,0.0,1288739.75,0.0,1
1789705946.607814,speech,97,14,6534762.0,0.0,0.0,0.0,0.0,0.0,0.0,236710.640625,0.0,10094841.0,18356218.0,2652504.0,0.0,1645373.25,14035893.0,3666516.5,1
1789705946.7665753,speech,95,17,76657488.0,0.0,0.0,0.0,0.0,1041661.875,0.0,325530.84375,504026.53125,116231104.0,1289888.375,526454.5,62520624.0,33356990.0,118763104.0,36652012.0,1
1789705946.8265314,speech,96,23,0.0,0.0,26685460.0,0.0,9540155.0,0.0,0.0,2506353.5,90252976.0,251179728.0,20780270.0,301959168.0,65129556.0,262060144.0,686815360.0,1199969536.0,1
1789705948.2874024,speech,98,21,723206.125,84720640.0,277885600.0,0.0,0.0,2928475.0,0.0,141287.484375,0.0,61241708.0,0.0,306495104.0,526501824.0,354223840.0,643253440.0,371631712.0,1
1789705948.3472714,speech,94,12,15218188.0,75879240.0,0.0,32361886.0,0.0,0.0,0.0,0.0,9046765.0,0.0,349758944.0,199738880.0,0.0,0.0,30901692.0,156887744.0,1
1789705948.460794,speech,98,8,46412024.0,339420960.0,0.0,0.0,0.0,0.0,0.0,0.0,0.0,57296488.0,0.0,55235532.0,13540406.0,3696077.0,0.0,0.0,1
1789705948.5714002,speech,95,10,143465312.0,0.0,1817809.125,0.0,14260848.0,0.0,0.0,0.0,0.0,0.0,0.0,531053248.0,39965888.0,0.0,1827174.5,39544404.0,1
1789705948.6992078,speech,95,10,0.0,0.0,0.0,0.0,0.0,0.0,0.0,0.0,0.0,0.0,152488176.0,0.0,48098224.0,88878856.0,113021608.0,455152320.0,1
1789705948.8253138,speech,94,13,0.0,1247979.125,0.0,0.0,0.0,0.0,0.0,3449069.75,3703550.5,0.0,230040688.0,317934336.0,16498922.0,458968128.0,8322325.0,6825454.0,1
1789705948.8884814,speech,94,12,70503912.0,1362252.875,0.0,0.0,0.0,0.0,0.0,0.0,0.0,11991846.0,18264396.0,35649764.0,0.0,195761792.0,188709344.0,7477316.5,1
1789705948.933908,speech,96,13,78567264.0,0.0,0.0,0.0,0.0,0.0,0.0,0.0,0.0,76968488.0,54093056.0,157148768.0,94059680.0,726699392.0,2556007680.0,61712184.0,1
1789705949.2047403,speech,94,13,0.0,0.0,0.0,0.0,0.0,0.0,0.0,0.0,0.0,13523042.0,152234464.0,57505820.0,1749788800.0,509786304.0,271426720.0,5962619.5,1
1789705949.3945649,speech,94,11,150608384.0,316284544.0,0.0,0.0,0.0,0.0,0.0,0.0,0.0,55041.11328125,794614.1875,422934.65625,555530.4375,3414305.0,3106971.5,6726599.0,1
1789705949.4392197,speech,94,23,5220576.5,0.0,17995568.0,0.0,0.0,0.0,379847.375,2455536.5,713679.1875,2925720.0,15093574.0,38679560.0,188473520.0,552028224.0,179587632.0,582974848.0,1
1789705949.616573,speech,94,16,0.0,0.0,1364269.25,0.0,0.0,0.0,2171427.75,0.0,0.0,20399932.0,241993248.0,303011840.0,239707008.0,559273088.0,25598664.0,9389196.0,1
1789705950.0605228,speech,94,23,0.0,0.0,932288.4375,0.0,0.0,0.0,430330.03125,1320701.875,471829.8125,1669349.25,562423.75,483106.375,1354372.625,3055095.5,22844450.0,66565152.0,1
1789705950.1054363,speech,94,25,14410444.0,31054388.0,85864688.0,0.0,0.0,0.0,1359877.875,0.0,1651481.25,7063737.0,15664645.0,51870272.0,34801100.0,178869600.0,156365472.0,830455808.0,1
1789705950.1502821,speech,95,24,141428624.0,20245928.0,187434016.0,26698922.0,6656072.0,0.0,0.0,4144197.5,0.0,13970392.0,16432640.0,27800264.0,28335072.0,269810624.0,312827936.0,1098982144.0,1
1789705950.2144105,speech,93,19,125021664.0,0.0,47187336.0,0.0,0.0,20715042.0,10630087.0,1255997.125,0.0,0.0,0.0,506984832.0,32405778.0,1552655232.0,1560888320.0,925767680.0,1
1789705950.278006,speech,93,12,0.0,0.0,186528304.0,271350176.0,0.0,0.0,2686033.75,0.0,0.0,71210864.0,19021444.0,21215748.0,74663504.0,214546880.0,0.0,0.0,1
1789705950.327426,speech,91,12,61467208.0,0.0,104213000.0,115918592.0,0.0,0.0,0.0,11266595.0,3467463.5,35991584.0,0.0,38075248.0,29455064.0,0.0,0.0,67795248.0,1
1789705950.4091492,speech,92,18,8267843.5,62458000.0,0.0,0.0,2179763.75,0.0,80463496.0,0.0,0.0,0.0,135528480.0,570733632.0,267469456.0,181690160.0,31008400.0,53966920.0,1
1789705950.5357976,speech,92,6,0.0,24852998.0,0.0,481379.53125,0.0,0.0,0.0,0.0,0.0,0.0,0.0,1173570.25,0.0,0.0,1795363.0,15086398.0,1
1789705950.579881,speech,93,17,174119936.0,0.0,48096844.0,0.0,0.0,0.0,0.0,0.0,0.0,873554.9375,6137111.0,3027923.25,322642368.0,249360208.0,188603312.0,86193792.0,1
1789705950.6442988,speech,93,12,0.0,1182181120.0,342143680.0,0.0,3872984.0,0.0,0.0,0.0,0.0,0.0,1741178.75,6648650.0,0.0,1466260.125,23317372.0,3438180.5,1
1789705950.6897733,speech,112,8,708709824.0,1895079936.0,0.0,0.0,0.0,58679112.0,69215336.0,0.0,0.0,0.0,0.0,0.0,0.0,0.0,0.0,18279892.0,1
1789705950.8200228,speech,94,12,74206112.0,0.0,174157248.0,175482192.0,9166488.0,0.0,0.0,0.0,0.0,0.0,0.0,3372233.5,0.0,169883248.0,1848299264.0,43433804.0,1
1789705950.947423,speech,94,13,38423512.0,27298264.0,61319352.0,0.0,0.0,0.0,0.0,0.0,0.0,0.0,0.0,0.0,0.0,3732119.5,70244176.0,54674720.0,1
1789705950.992095,speech,105,20,0.0,868463872.0,1389506560.0,1706752.5,0.0,0.0,1302048.875,137734.859375,139357.34375,74863.5625,0.0,9631851.0,37679000.0,8143228.0,359607392.0,471591840.0,1
1789705951.056464,speech,100,11,0.0,0.0,0.0,0.0,0.0,0.0,0.0,0.0,0.0,0.0,0.0,6618734.0,8436788.0,157396896.0,345287328.0,1412179968.0,1
1789705951.1194563,speech,96,22,67685112.0,5963128.0,66518656.0,0.0,0.0,0.0,0.0,128162.2265625,0.0,136201.09375,2861180.0,9169207.0,80128688.0,211649408.0,1985700224.0,5125507072.0,1
1789705951.991717,speech,90,14,0.0,620405120.0,25757548.0,0.0,0.0,0.0,0.0,0.0,0.0,85721.453125,125858.140625,29129324.0,4528297.0,149569248.0,1389452672.0,5772947.5,1
1789705952.213782,speech,102,18,211851808.0,0.0,0.0,5619703.0,0.0,61995.7734375,130645.15625,0.0,90772344.0,993452.375,2802995.75,97052888.0,106370256.0,8585911.0,2003349.375,41226692.0,1
1789705952.8172278,speech,94,8,0.0,0.0,736969.0,0.0,0.0,0.0,0.0,0.0,0.0,195516.03125,1008401.8125,117816.703125,64092.10546875,0.0,35581.84375,580538.3125,1
1789705952.9100165,speech,97,22,151140864.0,0.0,0.0,0.0,1268678.625,0.0,14644324.0,26582852.0,8940882.0,3802007.0,316955072.0,179269312.0,35673352.0,548062720.0,689758720.0,23958508.0,1
1789705953.416999,speech,101,20,504874.21875,0.0,42023372.0,0.0,0.0,0.0,0.0,23164506.0,50488620.0,2842968.0,102871624.0,60806616.0,13049936.0,499908320.0,314562848.0,46237376.0,1
1789705954.2398107,speech,99,16,0.0,0.0,0.0,40341756.0,0.0,0.0,0.0,0.0,0.0,0.0,2282976.25,7703266.5,1449178.25,96752184.0,56241028.0,47387280.0,1
1789705954.299781,speech,99,11,286552800.0,0.0,807533.375,73466792.0,863758.6875,0.0,0.0,0.0,0.0,0.0,0.0,0.0,5833220.0,3320567.25,39414588.0,48307896.0,1
1789705954.400977,speech,99,13,0.0,0.0,7119099.5,0.0,0.0,0.0,0.0,0.0,0.0,109482.7421875,0.0,1355570.875,2943871.25,10533706.0,55235268.0,1966401.875,1
1789705954.493393,speech,103,15,978234176.0,0.0,163274848.0,0.0,0.0,0.0,1078906.75,0.0,0.0,0.0,243048.890625,1259041.5,320548.0,44842504.0,4394479.0,486272800.0,1
1789705954.5655544,speech,101,13,432683648.0,0.0,0.0,20565036.0,0.0,0.0,3232139.5,0.0,0.0,0.0,9116576.0,19966930.0,73369472.0,96820304.0,43170520.0,0.0,1
1789705955.064118,speech,101,27,43624320.0,42242760.0,104945528.0,0.0,0.0,0.0,278323.875,370075.65625,34495.78125,282092.84375,0.0,765443.5625,265125.8125,16700687.0,24950524.0,61842512.0,1
1789705955.109389,speech,101,19,37102832.0,21006560.0,226486480.0,0.0,0.0,0.0,2546750.0,0.0,0.0,34311.53125,8819.1357421875,334919.46875,413071.375,2986773.5,3712627.5,20609660.0,1
1789705955.538929,speech,99,15,0.0,0.0,16765755.0,0.0,0.0,0.0,0.0,0.0,7854138.5,3806274.75,11762074.0,27314208.0,574712320.0,259283072.0,3848720896.0,105004312.0,1
1789705955.9193273,speech,101,19,46407244.0,0.0,3063906.0,0.0,0.0,0.0,0.0,0.0,0.0,46961688.0,111716744.0,161618976.0,699521536.0,422943168.0,145663296.0,174186048.0,1
1789705956.1421378,speech,101,18,17814622.0,11691154.0,8854608.0,0.0,0.0,0.0,0.0,1149024.375,0.0,3517533.0,4217127.0,7838512.0,19176200.0,51462296.0,416622752.0,367026784.0,1
1789705956.1865008,speech,93,18,0.0,0.0,1027494.375,0.0,3069449.25,0.0,0.0,1229518.375,0.0,7263941.5,14685791.0,102218640.0,89348336.0,759635328.0,2163110656.0,173079296.0,1
1789705956.4271727,speech,112,16,13702332.0,15777414.0,233312064.0,0.0,0.0,0.0,660428.125,152777.4375,0.0,0.0,2485146.0,3809485.5,8766950.0,36401352.0,138241520.0,218314384.0,1
1789705956.49171,speech,112,8,7133164.5,206567648.0,94409840.0,0.0,0.0,0.0,0.0,0.0,0.0,794073.0,1130472.375,1975084.25,2800266.5,0.0,0.0,0.0,1
1789705956.61643,speech,100,25,77764528.0,165258976.0,456565408.0,67367616.0,0.0,561882.875,334305.3125,0.0,0.0,1270267.5,1149774.5,19221822.0,20117574.0,258529984.0,140614784.0,1437802752.0,1
1789705957.0613294,speech,106,25,81217824.0,44777260.0,131311608.0,0.0,69243144.0,0.0,0.0,0.0,339955.875,2103821.0,644568.75,4995557.0,17445120.0,35182992.0,50393824.0,104301736.0,1
1789705957.1255782,speech,95,19,3889711.0,0.0,0.0,0.0,0.0,0.0,0.0,1139637.5,3992836.75,9597314.0,6247218.0,35559500.0,21204378.0,183650976.0,273530336.0,521304096.0,1
1789705957.1898952,speech,95,12,0.0,0.0,0.0,0.0,0.0,0.0,0.0,0.0,0.0,42564496.0,13537530.0,26732940.0,8777196.0,75915600.0,86724944.0,55997072.0,1
1789705957.2357497,speech,106,13,0.0,0.0,136961.71875,0.0,0.0,0.0,0.0,0.0,0.0,17723750.0,47196992.0,12558771.0,183347440.0,323186944.0,765571712.0,117627560.0,1
1789705957.301285,speech,102,14,0.0,0.0,16271472.0,36351532.0,0.0,27219128.0,0.0,0.0,18454712.0,38863268.0,22287128.0,0.0,4808129.5,90976416.0,51645440.0,0.0,1
1789705957.915412,speech,102,22,11348058.0,9239427.0,10542492.0,0.0,0.0,0.0,3721859.0,0.0,6383432.0,100435696.0,202310816.0,172687392.0,512054784.0,288221120.0,153443024.0,53911736.0,1
1789705957.9605873,speech,100,11,0.0,0.0,0.0,0.0,21107796.0,0.0,3480933.5,0.0,0.0,12847608.0,5551194.0,0.0,59408624.0,56501928.0,87507240.0,348923712.0,1
1789705958.2326376,speech,100,30,77150144.0,157848976.0,236337712.0,111939776.0,0.0,0.0,5647143.5,1670483.75,6602587.0,29014492.0,86645792.0,54450256.0,51784300.0,439468576.0,214281152.0,1628852736.0,1
1789705958.2775652,speech,100,10,0.0,53730264.0,0.0,0.0,0.0,0.0,0.0,0.0,0.0,40878756.0,80753504.0,523981216.0,261804912.0,126735744.0,27501508.0,0.0,1
1789705958.322543,speech,100,7,19432292.0,85852288.0,3822400.5,5421840.0,0.0,0.0,0.0,0.0,0.0,95435632.0,164720128.0,0.0,0.0,0.0,0.0,0.0,1
1789705958.803031,speech,114,19,111301344.0,449202176.0,6009268.0,0.0,0.0,0.0,0.0,0.0,295813.65625,0.0,267692.15625,174124.6875,64614.046875,738630.125,2963242.0,2191610.0,1
1789705958.8625274,speech,110,19,73295232.0,582679040.0,19725558.0,0.0,0.0,0.0,0.0,0.0,0.0,1134415.875,197377.671875,1096628.75,3216713.5,2834372.0,24470072.0,6734888.5,1
1789705959.1820693,speech,104,21,23837388.0,34566248.0,117331264.0,0.0,0.0,0.0,0.0,0.0,0.0,7904449.0,13840987.0,24189474.0,44179840.0,148128272.0,140841232.0,375515840.0,1
1789705959.2418876,speech,103,18,0.0,733344.0,47773836.0,0.0,0.0,0.0,0.0,0.0,560294.875,32937708.0,7021216.5,202200416.0,829592960.0,869999296.0,256798304.0,64193544.0,1
1789705960.7044437,speech,106,18,33866756.0,14081500.0,0.0,54102756.0,0.0,0.0,0.0,0.0,0.0,0.0,13627930.0,11271734.0,205352544.0,227777792.0,521837920.0,45429736.0,1
1789705960.7637308,speech,107,11,0.0,0.0,0.0,0.0,0.0,0.0,0.0,114943.546875,0.0,0.0,2080131.125,51928768.0,34144284.0,221617040.0,192577440.0,193459008.0,1
1789705960.828283,speech,104,14,21194204.0,0.0,8899655.0,0.0,0.0,0.0,0.0,0.0,10748122.0,14158142.0,0.0,7491892.0,67704016.0,121983032.0,164846880.0,282235392.0,1
1789705961.4012742,speech,99,15,17511348.0,0.0,5211016.0,0.0,0.0,0.0,0.0,0.0,0.0,12313170.0,5851663.5,49414848.0,101898816.0,267751552.0,536721344.0,435294656.0,1
1789705961.4615722,speech,99,16,37814932.0,6650347.5,0.0,0.0,0.0,0.0,0.0,401458.625,0.0,18951354.0,6896563.0,1426172.625,20746490.0,216654496.0,315433344.0,44402816.0,1
1789705963.1729739,speech,142,7,0.0,0.0,0.0,0.0,0.0,84674640.0,76791752.0,0.0,441485.1875,0.0,0.0,0.0,0.0,264018304.0,85831576.0,0.0,1
1789705963.2313962,speech,152,9,0.0,0.0,0.0,0.0,0.0,108460616.0,32258740.0,0.0,0.0,4634948.0,0.0,0.0,0.0,205910016.0,57578212.0,0.0,1
1789705963.2937617,speech,152,5,3309620.0,0.0,0.0,0.0,0.0,0.0,8768736.0,0.0,0.0,0.0,0.0,1769352.75,3298848.0,0.0,9226365.0,0.0,1
1789705963.9968204,speech,143,10,0.0,0.0,0.0,0.0,0.0,34034172.0,32385562.0,0.0,1662972.375,0.0,0.0,0.0,244277008.0,327328320.0,48546020.0,0.0,1
1789705964.0670428,speech,166,11,0.0,0.0,0.0,0.0,2353271.75,119458160.0,21218572.0,1702990.375,0.0,6922660.5,0.0,0.0,0.0,11491738.0,80335360.0,53722960.0,1
1789705964.129455,speech,141,5,0.0,0.0,0.0,0.0,8975448.0,113848944.0,0.0,0.0,0.0,3713974.5,0.0,0.0,0.0,35483764.0,0.0,0.0,1
1789705964.1938179,speech,149,6,0.0,0.0,0.0,0.0,28607510.0,0.0,0.0,0.0,0.0,13633659.0,0.0,0.0,34744692.0,54055632.0,130731704.0,0.0,1
1789705964.4089513,speech,137,11,5992924.0,0.0,0.0,1351981.5,0.0,21975020.0,180995376.0,0.0,0.0,0.0,0.0,0.0,31652656.0,71256912.0,126443344.0,0.0,1
1789705964.662449,speech,154,12,0.0,0.0,0.0,0.0,0.0,13000533.0,147436304.0,2320206.5,333658.9375,3856641.75,0.0,0.0,0.0,61428032.0,499784256.0,158339888.0,1
1789705964.720451,speech,170,6,0.0,10805129.0,0.0,0.0,0.0,0.0,0.0,0.0,0.0,5679365.0,7053653.0,0.0,0.0,158143344.0,35659168.0,0.0,1
1789705966.7535348,speech,196,11,85071144.0,95531104.0,0.0,0.0,0.0,0.0,780772.875,232587.65625,0.0,834622.875,0.0,335747.875,0.0,1281602.0,0.0,0.0,1
1789705966.7540183,speech,151,11,0.0,0.0,0.0,0.0,1564371.375,10262313.0,632555.25,0.0,0.0,0.0,0.0,0.0,47840344.0,17311698.0,6458917.5,50250.63671875,1
1789705967.132839,speech,192,11,33178836.0,253908608.0,0.0,12200614.0,0.0,0.0,2543886.5,2849215.5,440582.25,0.0,0.0,0.0,0.0,0.0,0.0,0.0,1
1789705967.2437994,speech,192,8,0.0,96882480.0,0.0,0.0,0.0,0.0,959753.1875,0.0,0.0,87734.578125,2161388.0,0.0,0.0,3234720.0,0.0,0.0,1
1789705967.4821596,speech,208,6,0.0,0.0,0.0,0.0,0.0,0.0,2743524.0,1338545.0,0.0,210315264.0,126659040.0,0.0,0.0,0.0,0.0,0.0,1
1789705967.4829674,speech,164,8,0.0,0.0,0.0,0.0,7769845.0,11844166.0,6332990.0,0.0,0.0,0.0,25323834.0,0.0,57403100.0,29364332.0,0.0,15424746.0,1
1789705967.5417705,speech,165,9,0.0,0.0,0.0,0.0,0.0,1765021.75,0.0,0.0,0.0,0.0,110817568.0,235081616.0,50033152.0,64495768.0,6939404.5,12283169.0,1
1789705967.70151,speech,184,4,5633989.5,0.0,0.0,0.0,0.0,0.0,0.0,217098.53125,0.0,0.0,0.0,0.0,0.0,4619175.0,0.0,0.0,1
1789705967.8925407,speech,192,10,4233690.0,6644815.0,22465902.0,0.0,0.0,0.0,23747476.0,27965048.0,2602812.5,461087.28125,0.0,0.0,0.0,0.0,0.0,155245.546875,1
1789705968.0498538,speech,158,9,23364740.0,0.0,0.0,0.0,0.0,207491776.0,0.0,0.0,0.0,2705129.0,0.0,433138.84375,20426492.0,9851579.0,0.0,0.0,1
1789705968.1093156,speech,155,12,0.0,0.0,8724853.0,14871997.0,16847376.0,218549856.0,0.0,0.0,0.0,12376775.0,20749168.0,0.0,64329888.0,9914836.0,0.0,0.0,1
1789705968.8430817,speech,191,11,208403200.0,87478368.0,0.0,0.0,0.0,207151.8125,0.0,0.0,1150796.125,2639758.0,0.0,737931.25,631845.75,0.0,0.0,0.0,1
1789705968.90415,speech,189,8,0.0,0.0,65969416.0,0.0,0.0,0.0,2482511.75,182018.390625,0.0,0.0,0.0,0.0,3812710.0,12978868.0,0.0,68835160.0,1
1789705969.4783201,speech,195,9,95331400.0,0.0,0.0,0.0,0.0,0.0,3109406.5,1560410.25,0.0,12047847.0,0.0,0.0,0.0,7069190.0,0.0,0.0,1
1789705969.605676,speech,181,4,0.0,0.0,0.0,0.0,0.0,0.0,0.0,346413.5625,0.0,5151520.0,0.0,0.0,0.0,4752638.5,3859821.5,0.0,1
1789705969.6712375,speech,168,6,0.0,16223346.0,38310316.0,449934656.0,0.0,0.0,76787840.0,0.0,0.0,0.0,0.0,1536554.5,0.0,0.0,0.0,0.0,1
1789705969.7354705,speech,168,11,10300836.0,0.0,0.0,0.0,0.0,20573752.0,77365768.0,0.0,0.0,0.0,3377832.25,1545316.125,6255324.0,6760757.0,6363566.5,0.0,1
1789705969.7817082,speech,172,11,0.0,13052689.0,0.0,0.0,22163084.0,0.0,0.0,0.0,1316560.75,0.0,552009.75,0.0,6413698.0,9171652.0,3289930.5,11209015.0,1
1789705969.846464,speech,151,3,0.0,0.0,0.0,0.0,0.0,321510592.0,23423976.0,0.0,0.0,0.0,0.0,0.0,0.0,0.0,0.0,0.0,1
1789705969.9106126,speech,151,4,0.0,0.0,0.0,0.0,0.0,0.0,0.0,0.0,0.0,0.0,0.0,131368912.0,85711304.0,0.0,0.0,0.0,1
1789705969.9113157,speech,189,3,0.0,0.0,0.0,0.0,0.0,0.0,0.0,0.0,0.0,0.0,0.0,0.0,0.0,56591200.0,0.0,157989472.0,1
1789705970.0465786,speech,168,8,58493032.0,65838424.0,0.0,282510592.0,0.0,216919904.0,234754864.0,0.0,0.0,520121.3125,0.0,0.0,0.0,0.0,1955827.375,0.0,1
1789705970.2060778,speech,183,5,27406646.0,0.0,0.0,0.0,0.0,1342862.75,17925012.0,7441571.0,0.0,0.0,39153860.0,0.0,0.0,0.0,0.0,0.0,1
1789705970.2661164,speech,179,10,16676740.0,0.0,5504362.0,265950048.0,9316088.0,0.0,574807.3125,0.0,0.0,0.0,0.0,16186491.0,0.0,0.0,0.0,0.0,1
1789705970.902236,speech,157,13,0.0,0.0,0.0,40980536.0,50776008.0,23263456.0,0.0,0.0,0.0,0.0,0.0,290132160.0,223342192.0,34139568.0,15406534.0,0.0,1
1789705970.9614637,speech,187,8,239699472.0,213069760.0,0.0,0.0,0.0,0.0,12830104.0,1214233.375,0.0,4437488.0,0.0,35911416.0,0.0,0.0,0.0,0.0,1
1789705971.0606008,speech,187,4,0.0,0.0,0.0,0.0,0.0,0.0,378767.25,0.0,0.0,0.0,0.0,0.0,0.0,919272.625,0.0,50428240.0,1
1789705971.1066713,speech,187,12,122840344.0,0.0,0.0,143472352.0,0.0,0.0,5099716.5,3377034.5,0.0,2226397.0,2518047.0,0.0,1808123.75,99168.140625,0.0,9910082.0,1
1789705971.1513119,speech,163,10,0.0,0.0,1442172.25,0.0,0.0,76706128.0,24995388.0,0.0,0.0,450023.875,304306.4375,0.0,0.0,199420.4375,0.0,22605588.0,1
1789705971.226842,speech,163,11,0.0,8928781.0,0.0,0.0,0.0,166349184.0,95686280.0,0.0,0.0,0.0,0.0,20507024.0,7929609.0,63206544.0,0.0,0.0,1
1789705971.271195,speech,163,11,17638298.0,0.0,0.0,40307768.0,18090046.0,193475360.0,0.0,3733598.0,0.0,10221495.0,0.0,0.0,84473824.0,69311624.0,0.0,14325834.0,1
1789705971.3216803,speech,176,8,0.0,0.0,0.0,0.0,0.0,0.0,85290104.0,0.0,0.0,4442118.0,268896.625,0.0,10850553.0,219260832.0,249679968.0,0.0,1
1789705971.631448,speech,183,15,0.0,38775648.0,0.0,0.0,0.0,0.0,71874512.0,13571102.0,0.0,12164208.0,0.0,0.0,28595082.0,2431719.75,34532092.0,109490320.0,1
1789705971.6958525,speech,183,3,19206724.0,0.0,0.0,0.0,0.0,26705816.0,0.0,0.0,0.0,0.0,3224435.0,0.0,0.0,0.0,0.0,0.0,1
1789705971.7417717,speech,195,11,126406000.0,4077267.0,0.0,0.0,0.0,0.0,0.0,0.0,1091777.0,4828993.5,3774924.5,0.0,1233816.0,0.0,12154904.0,0.0,1
1789705971.9793243,speech,164,16,0.0,0.0,0.0,3911083.25,33866200.0,18772168.0,3920264.5,0.0,0.0,7434515.5,1702471.125,6639802.5,13891880.0,7421334.0,0.0,0.0,1
1789705972.041448,speech,194,7,346371328.0,14373249.0,0.0,0.0,0.0,0.0,256803.15625,0.0,0.0,8901972.0,0.0,0.0,0.0,201962944.0,0.0,0.0,1
1789705972.2027924,speech,190,14,0.0,0.0,0.0,0.0,0.0,219588.8125,37468760.0,22897516.0,10716423.0,121672896.0,11280637.0,0.0,9603102.0,6955276.5,0.0,0.0,1
1789705972.2666996,speech,187,9,0.0,738859.5625,0.0,0.0,0.0,3595059.5,54957876.0,0.0,0.0,256363616.0,252254288.0,0.0,0.0,12215308.0,0.0,0.0,1
1789705972.4251356,speech,195,7,0.0,116782864.0,0.0,0.0,0.0,284437.90625,0.0,2958646.25,1532853.0,0.0,0.0,0.0,0.0,44508.8828125,0.0,167117.578125,1
1789705972.5505924,speech,184,11,0.0,0.0,0.0,0.0,0.0,0.0,192699072.0,1820501.0,1348264.5,39460104.0,0.0,0.0,0.0,958594.8125,0.0,517294.84375,1
1789705972.6105661,speech,179,13,1239226.125,51730448.0,0.0,0.0,0.0,2447674.0,112368184.0,0.0,6578190.0,75164832.0,0.0,1388790.25,652427.6875,2878659.5,0.0,3538426.5,1
1789705972.675088,speech,174,13,2820505.0,0.0,0.0,0.0,2624653.5,23564474.0,256367696.0,0.0,78192040.0,94815528.0,0.0,0.0,3456903.0,931553408.0,0.0,0.0,1
1789705973.2172575,speech,201,6,38430804.0,25029736.0,0.0,0.0,0.0,0.0,130113760.0,0.0,0.0,0.0,0.0,0.0,0.0,171466.8125,0.0,0.0,1
1789705973.2182834,speech,161,6,0.0,0.0,0.0,0.0,18787982.0,71523376.0,0.0,1458813.0,0.0,0.0,0.0,0.0,0.0,0.0,763305.9375,177207.984375,1
1789705973.596575,speech,183,7,128244432.0,131278112.0,0.0,0.0,0.0,0.0,80824.6484375,0.0,477543.1875,228420.96875,0.0,516939.6875,0.0,0.0,0.0,658133.0,1
1789705973.6620972,speech,183,11,5047117.0,103827224.0,1755800.75,89463304.0,1210700.875,0.0,1415822.875,1496734.25,0.0,8201574.0,0.0,0.0,0.0,1316852.375,0.0,0.0,1
1789705973.755482,speech,182,11,0.0,0.0,50853608.0,0.0,0.0,2221257.0,16569329.0,0.0,0.0,5725882.5,4651236.5,0.0,0.0,47130304.0,9296333.0,0.0,1
1789705973.8164322,speech,183,10,8764466.0,4034109.75,0.0,0.0,63567052.0,0.0,1694678.375,1036089.1875,0.0,5514254.0,0.0,0.0,621253.125,10727740.0,0.0,0.0,1
1789705973.976998,speech,184,16,57913236.0,22404576.0,0.0,77251368.0,0.0,0.0,10168660.0,1408524.5,1859008.875,2838502.5,3112842.0,703749.25,0.0,20627072.0,0.0,215429008.0,1
1789705974.0417013,speech,178,15,8847752.0,8885738.0,0.0,0.0,0.0,83960112.0,103194080.0,9484074.0,11365693.0,40430572.0,0.0,0.0,136686896.0,625621568.0,305124480.0,0.0,1
1789705974.3576093,speech,161,13,0.0,1253107.5,0.0,0.0,1288565120.0,215457376.0,39469648.0,0.0,0.0,12069384.0,0.0,0.0,161514624.0,494603328.0,0.0,0.0,1
1789705974.769402,speech,174,11,0.0,0.0,6800363.0,9365923.0,0.0,0.0,44207144.0,0.0,0.0,4696858.0,0.0,0.0,594197888.0,565318208.0,0.0,20108336.0,1
1789705974.830414,speech,176,10,2375866.5,0.0,2519527.75,2482767.75,0.0,211807680.0,136819056.0,0.0,0.0,9175691.0,0.0,0.0,0.0,188663392.0,0.0,0.0,1
1789705974.927031,speech,180,9,2053359.375,0.0,0.0,0.0,0.0,167774944.0,37751260.0,0.0,0.0,36185076.0,0.0,0.0,0.0,340435040.0,248012448.0,228009216.0,1
1789705975.0863497,speech,178,11,9353557.0,27762296.0,47975236.0,7428885.0,17201396.0,0.0,0.0,161707.546875,0.0,0.0,0.0,0.0,2528145.5,9608675.0,0.0,0.0,1
1789705975.592039,speech,156,9,5016224.0,0.0,0.0,0.0,202509984.0,121111384.0,1602949.75,0.0,0.0,14240064.0,0.0,0.0,104014512.0,0.0,0.0,0.0,1
1789705975.6518147,speech,185,6,0.0,9556603.0,0.0,0.0,0.0,0.0,0.0,0.0,0.0,4576362.5,0.0,0.0,43026028.0,207536528.0,0.0,120032752.0,1
1789705975.716977,speech,184,10,0.0,720341.1875,13944433.0,0.0,0.0,0.0,0.0,0.0,1496352.25,17971268.0,5323070.5,4780579.5,45174104.0,48441076.0,0.0,0.0,1
1789705976.1306143,speech,156,5,0.0,0.0,0.0,65619.5703125,0.0,0.0,0.0,0.0,0.0,0.0,0.0,0.0,32258.509765625,366872.8125,0.0,82104.0546875,1
1789705976.1743793,speech,191,15,577413184.0,73323584.0,0.0,0.0,0.0,0.0,99654.53125,0.0,10017458.0,8619764.0,861527.25,0.0,0.0,556648.5,0.0,2475021.5,1
1789705976.3209503,speech,187,17,2065176.25,0.0,601094.0625,0.0,0.0,233200.359375,5025131.0,4936137.0,0.0,13916635.0,10857828.0,0.0,65970520.0,602201728.0,82936976.0,308184192.0,1
1789705976.4182332,speech,187,6,0.0,0.0,81408368.0,0.0,0.0,0.0,23339064.0,0.0,0.0,11290974.0,0.0,0.0,2873392.25,0.0,17217260.0,0.0,1
1789705976.464569,speech,188,5,0.0,1842316.75,0.0,0.0,0.0,0.0,0.0,80739.4375,0.0,0.0,0.0,0.0,3042123.5,3121886.75,0.0,1141235.5,1
1789705976.5436878,speech,186,16,105995376.0,159298608.0,23627090.0,0.0,0.0,0.0,0.0,2202959.5,2642491.5,0.0,0.0,2177671.5,9100796.0,10664689.0,13427992.0,0.0,1
1789705976.604654,speech,186,8,151040592.0,26147044.0,0.0,0.0,0.0,0.0,4394859.5,0.0,0.0,0.0,0.0,278724.125,3666294.0,0.0,0.0,0.0,1
1789705976.6690733,speech,179,11,0.0,0.0,0.0,0.0,661396096.0,0.0,0.0,0.0,0.0,16642326.0,0.0,0.0,338847488.0,883239168.0,0.0,57416428.0,1
1789705976.7287652,speech,162,8,0.0,0.0,0.0,0.0,415095808.0,226082688.0,301540448.0,0.0,0.0,0.0,2723961.75,17006094.0,59856108.0,0.0,0.0,0.0,1
1789705976.7941806,speech,186,14,0.0,6866199.0,18682160.0,0.0,0.0,0.0,0.0,1218729.0,1386073.875,4695353.0,30178352.0,0.0,32583520.0,208918512.0,1041412480.0,292329088.0,1
1789705976.8709226,speech,186,15,20459822.0,0.0,41897092.0,0.0,0.0,14944864.0,1851520.125,2218217.5,0.0,1235567.125,0.0,4720681.0,75430464.0,69846528.0,0.0,454762048.0,1
1789705976.9876873,speech,186,5,0.0,98660832.0,2667228.5,0.0,5467017.5,0.0,0.0,277028.9375,69060.453125,0.0,0.0,0.0,0.0,0.0,0.0,0.0,1
1789705977.0831695,speech,186,4,0.0,0.0,3039852.25,0.0,1142058.625,0.0,0.0,0.0,0.0,0.0,0.0,70590.46875,882595.5625,0.0,0.0,0.0,1
1789705977.1284425,speech,186,10,9527568.0,0.0,0.0,0.0,0.0,5130123.0,3680548.0,0.0,0.0,604140.875,0.0,0.0,1598141.0,13737878.0,12713754.0,22212956.0,1
1789705977.1741307,speech,183,16,0.0,0.0,2394620.0,0.0,160806224.0,47194248.0,37164016.0,2305244.0,3032603.5,2585549.75,0.0,0.0,72577568.0,332043424.0,0.0,0.0,1
1789705977.3350163,speech,183,6,9813794.0,594672.9375,0.0,0.0,2699987.75,0.0,1947199.0,0.0,0.0,0.0,0.0,0.0,210165.734375,0.0,0.0,0.0,1
1789705977.5560338,speech,183,14,128145584.0,0.0,121532224.0,0.0,0.0,5103682.5,2179784.5,496399.1875,989267.5,775581.9375,1574602.75,0.0,5004626.0,656426880.0,0.0,0.0,1
1789705977.6012402,speech,185,7,0.0,0.0,0.0,10786811.0,43453772.0,0.0,0.0,0.0,0.0,47926192.0,11318279.0,0.0,0.0,0.0,0.0,1477191.0,1
1789705977.7146153,speech,183,10,0.0,0.0,0.0,0.0,0.0,0.0,62325260.0,0.0,0.0,87241344.0,89028464.0,0.0,41529080.0,12155302.0,14834369.0,0.0,1
1789705977.874075,speech,188,12,84682272.0,0.0,78643840.0,0.0,0.0,0.0,0.0,0.0,501025.53125,1726437.375,0.0,10241254.0,13267178.0,64956476.0,22356360.0,0.0,1
1789705977.947552,speech,189,8,32720328.0,16849520.0,0.0,0.0,0.0,0.0,1051550.375,0.0,0.0,656858.625,295890.875,3653883.25,4427202.0,17672956.0,0.0,0.0,1
1789705978.0123322,speech,166,7,0.0,9679236.0,0.0,11127483.0,98479832.0,0.0,0.0,0.0,0.0,0.0,0.0,65187808.0,92173792.0,0.0,0.0,0.0,1
1789705978.5700483,speech,183,14,0.0,2314334.25,954215.625,0.0,0.0,0.0,183451216.0,0.0,37488900.0,171351744.0,166556000.0,0.0,84333608.0,1111130624.0,0.0,0.0,1
1789705978.6299622,speech,181,13,0.0,0.0,0.0,0.0,0.0,0.0,138897248.0,0.0,0.0,78008440.0,57212312.0,10447180.0,0.0,562743168.0,225229968.0,0.0,1
1789705978.6946373,speech,181,8,20539732.0,82597280.0,0.0,0.0,0.0,0.0,0.0,0.0,0.0,0.0,0.0,30748592.0,12453546.0,4010522.5,0.0,0.0,1
1789705978.7594917,speech,183,10,0.0,0.0,0.0,0.0,0.0,0.0,0.0,0.0,1645327.125,18255260.0,2321366.75,0.0,874479552.0,568548096.0,0.0,0.0,1
1789705978.8202631,speech,183,11,78361840.0,63962144.0,0.0,17436298.0,0.0,0.0,19630980.0,0.0,47359892.0,125761504.0,0.0,0.0,0.0,0.0,0.0,0.0,1
1789705979.0137322,speech,183,10,0.0,0.0,0.0,0.0,20206296.0,0.0,61754620.0,0.0,0.0,0.0,0.0,0.0,129703872.0,664636992.0,105019008.0,0.0,1
1789705979.236414,speech,187,12,116862360.0,15948990.0,102238792.0,0.0,0.0,0.0,11129656.0,12174207.0,71171.5390625,12138892.0,0.0,0.0,2690520.0,0.0,0.0,153592.53125,1
1789705979.3005455,speech,182,10,132405176.0,75021680.0,262513104.0,0.0,0.0,7294942.0,13895468.0,0.0,0.0,2482451.0,1612046.375,0.0,0.0,0.0,11038299.0,6267009.0,1
1789705979.52129,speech,186,11,87015296.0,102113480.0,5256278.5,839422.875,0.0,1760689.25,0.0,0.0,146647.765625,0.0,0.0,0.0,474451.46875,0.0,0.0,314279.21875,1
1789705979.5828013,speech,198,8,107021072.0,40944432.0,47815608.0,0.0,0.0,0.0,493126.5625,0.0,0.0,806654.875,0.0,0.0,0.0,0.0,0.0,0.0,1
1789705979.6580417,speech,179,17,14323818.0,0.0,25388528.0,49529236.0,114624816.0,72750032.0,14979972.0,0.0,0.0,1820910.5,0.0,0.0,0.0,35550420.0,94428752.0,292793536.0,1
1789705979.7229757,speech,179,10,12821937.0,0.0,995927.625,0.0,30990202.0,0.0,45628924.0,0.0,3432703.5,4602780.5,11211749.0,0.0,0.0,0.0,0.0,76005056.0,1
1789705979.768541,speech,165,7,0.0,0.0,1868671.0,0.0,38025208.0,46366708.0,0.0,0.0,824444.1875,3827593.25,0.0,0.0,32837590.0,0.0,0.0,0.0,1
1789705980.090116,speech,179,17,43071264.0,45475452.0,178135648.0,30081616.0,445933.78125,0.0,0.0,0.0,22928.1953125,137292.1875,0.0,113521.296875,0.0,4303746.0,9942566.0,1514775.75,1
1789705980.2171543,speech,179,3,0.0,0.0,0.0,0.0,0.0,0.0,0.0,0.0,0.0,0.0,0.0,73316.59375,120921.3203125,42462.75,0.0,0.0,1
1789705980.307582,speech,192,14,89880400.0,47327520.0,0.0,0.0,0.0,592485.75,2190196.0,387027.96875,451300.75,745496.5,0.0,0.0,19807.22265625,339780.53125,0.0,288367.8125,1
1789705980.7252493,speech,191,16,183135456.0,276930368.0,0.0,0.0,0.0,0.0,322723.5,4707604.0,1939668.25,5067835.0,0.0,0.0,6533841.0,7079646.0,0.0,7816801.0,1
1789705980.8201654,speech,187,8,0.0,74757552.0,69298928.0,0.0,0.0,0.0,1026462.9375,276284.9375,175410.1875,0.0,284839.78125,0.0,0.0,1056091.5,0.0,5774318.0,1
1789705980.8844945,speech,179,10,0.0,0.0,0.0,0.0,0.0,93203952.0,15791846.0,0.0,0.0,3904598.5,0.0,0.0,10978560.0,59305284.0,0.0,401304064.0,1
1789705980.950751,speech,178,11,26805440.0,49047416.0,87531984.0,30456618.0,0.0,0.0,30696296.0,0.0,79622.3984375,0.0,0.0,0.0,2749809.5,6936490.0,0.0,184337184.0,1
1789705981.1993368,speech,156,11,0.0,0.0,8434927.0,0.0,0.0,0.0,0.0,0.0,435524.53125,0.0,18926140.0,40007592.0,194941536.0,578162048.0,251472176.0,0.0,1
1789705981.263491,speech,188,13,16177964.0,0.0,0.0,0.0,422205344.0,16022972.0,231462656.0,6827290.5,0.0,13556216.0,31814120.0,26126666.0,0.0,51750912.0,0.0,0.0,1
1789705981.5162067,speech,217,12,88243792.0,0.0,0.0,0.0,680536.5625,314550944.0,76492056.0,103913104.0,0.0,155260944.0,0.0,0.0,0.0,0.0,5723782.0,0.0,1
1789705981.5760038,speech,221,13,65348748.0,0.0,16114308.0,91249600.0,426366752.0,285971552.0,17672606.0,0.0,0.0,18379788.0,0.0,8652522.0,12379233.0,39851712.0,0.0,0.0,1
1789705981.675393,speech,255,8,1054697408.0,0.0,19743506.0,2198807.5,6596809.0,11536355.0,2147214.25,0.0,0.0,0.0,0.0,0.0,0.0,0.0,0.0,0.0,1
1789705981.734146,speech,254,24,305545664.0,49151996.0,216984048.0,11578659.0,127104952.0,6016078.0,98771184.0,56451440.0,5342179.0,2013531.25,2722948.5,1696109.75,1251023.75,3769385.5,0.0,0.0,1
1789705981.7990084,speech,271,27,741553216.0,3302552.5,0.0,2314614.75,271477568.0,2860217.0,17294464.0,1181012.75,14529824.0,6358476.0,73364200.0,75120792.0,1340716928.0,85524512.0,70268440.0,1889801.75,1
1789705981.8637984,speech,272,19,218562960.0,372434016.0,487702496.0,24837620.0,0.0,10554134.0,2016867.375,4070655.0,0.0,1538838.875,0.0,11403254.0,0.0,5798795.0,27114360.0,14249825.0,1
1789705982.0880067,speech,300,39,303568256.0,309947712.0,172534400.0,25003314.0,48471556.0,6022679.0,8279011.0,10833518.0,4013458.75,8650013.0,1604971.0,11379948.0,8204324.0,30235530.0,23240636.0,25607078.0,1
1789705982.151781,speech,299,28,212301344.0,1393552896.0,4467163.5,338923.84375,76513488.0,6852213.0,0.0,225690.3125,1576842.25,6391341.0,1705292.0,8576202.0,480389.1875,14329768.0,3341113.0,18377724.0,1
1789705982.2149732,speech,299,23,381663936.0,0.0,181327888.0,0.0,63398744.0,5994083.5,6642481.5,1144321.5,287471.9375,0.0,572571.9375,480375.6875,366492.34375,1929639.5,845759.0625,9609289.0,1
1789705982.3082864,speech,304,31,226157520.0,6901925.0,0.0,107054784.0,14571060.0,1873770.0,206557104.0,14665201.0,199608.28125,2778968.0,3599613.0,2244096.0,652528.125,16063454.0,0.0,39421056.0,1
1789705982.3670905,speech,302,25,168646736.0,0.0,0.0,0.0,3976982.0,49006568.0,90095160.0,0.0,677389.0,51111632.0,1521923.0,7369023.0,25625492.0,21165624.0,28571978.0,293487936.0,1
1789705982.4304612,speech,308,30,27662892.0,178042656.0,14623396.0,79300296.0,12595154.0,347889024.0,160338224.0,4679910.5,42254172.0,52845544.0,96414720.0,31432426.0,112645312.0,71722712.0,190600688.0,490456032.0,1
1789705983.1953773,speech,329,34,132656368.0,8451416.0,35219276.0,43249100.0,293813440.0,18438964.0,142648160.0,139049056.0,30437952.0,25238738.0,118797648.0,17744280.0,253571744.0,241229472.0,394536608.0,88217656.0,1
1789705983.2542446,speech,329,25,18288232.0,8811853.0,7706141.5,19139176.0,50661108.0,242386896.0,697173184.0,828405248.0,0.0,0.0,451208352.0,260144192.0,933021056.0,251960960.0,1362171008.0,70369352.0,1
1789705983.3853185,speech,325,20,399792640.0,40486376.0,395395008.0,55158680.0,38852284.0,202450624.0,180116400.0,0.0,3852823.75,2517869.75,1914017.125,3383180.5,0.0,208767.546875,0.0,2166172.0,1
1789705983.4447837,speech,330,20,1038945472.0,9619099.0,80626272.0,1096485.0,177549696.0,18052630.0,19549428.0,20495708.0,10533312.0,55587904.0,15830994.0,59962356.0,3014367.5,0.0,0.0,2036147.75,1
1789705983.50747,speech,324,22,604091200.0,1611750.0,958386368.0,1956010.75,69815296.0,0.0,0.0,0.0,5335845.0,0.0,37639424.0,1477014.375,28366740.0,0.0,129259792.0,188333728.0,1
1789705983.702145,speech,319,35,85095648.0,27156756.0,838938816.0,68320400.0,165221136.0,124028008.0,2398422.25,2896857.75,2306798.5,1606417.75,3216651.75,5891832.5,3379961.5,41551120.0,217822880.0,128561760.0,1
1789705983.7613099,speech,320,25,21072044.0,5337222.0,43555980.0,222180512.0,308830848.0,440759968.0,4249143.5,0.0,0.0,18503624.0,11545198.0,37863200.0,0.0,154239808.0,34900520.0,272870912.0,1
1789705983.8345385,speech,319,26,59332680.0,42943592.0,154094000.0,18459304.0,64511984.0,63914000.0,4162542.5,740100.8125,1995554.875,1057073.0,572600.0,1235425.0,0.0,31793088.0,32646908.0,93788800.0,1
1789705983.9870021,speech,315,36,119831512.0,108245520.0,904100608.0,499291840.0,585149248.0,79746672.0,25326556.0,8488084.0,3067632.75,5683959.0,1926513.0,3504036.0,1104470.75,9296166.0,838297.875,8259672.0,1
1789705984.0441563,speech,315,29,5402538.0,17226386.0,0.0,68877496.0,2461472000.0,783755904.0,62301912.0,1243856.75,2453334.5,1288592.0,1533595.75,3527598.0,1244611.25,8351466.5,15103753.0,29202892.0,1
1789705984.0936446,speech,314,28,0.0,2839517.75,26737764.0,194955440.0,221580016.0,126773400.0,124471824.0,53289844.0,55492260.0,49167608.0,26284030.0,87988336.0,0.0,303127968.0,432342912.0,1136262528.0,1
1789705984.155553,speech,317,20,0.0,14646952.0,16413920.0,0.0,367300800.0,43746848.0,119963728.0,0.0,49411672.0,34850072.0,114909720.0,83883744.0,43315680.0,127734824.0,149206656.0,80172048.0,1
1789705984.3037827,speech,319,16,593718528.0,23673512.0,18721142.0,743038.125,2233128.75,1568978.875,0.0,0.0,0.0,0.0,473428.25,472753.75,0.0,181099.734375,1288769.875,0.0,1
1789705984.3605685,speech,320,16,899163840.0,123772800.0,40939560.0,2232504.5,1898447.75,0.0,1558146.75,975937.875,9595230.0,706243.0,0.0,0.0,0.0,0.0,0.0,1174331.0,1
1789705985.158802,speech,327,19,939088.25,0.0,3187091.0,11862654.0,42936568.0,0.0,0.0,0.0,69499512.0,16397825.0,64428604.0,6895652.5,302430304.0,64076320.0,887728832.0,175149712.0,1
1789705985.2170238,speech,332,18,0.0,0.0,17118200.0,6719600.5,70044024.0,0.0,0.0,0.0,48888056.0,22438664.0,69667368.0,63694600.0,0.0,168293968.0,1248040064.0,764044352.0,1
1789705985.2813609,speech,332,17,58240332.0,0.0,71442896.0,16323878.0,508394432.0,14865212.0,0.0,155845.640625,21028432.0,15247760.0,0.0,0.0,0.0,25387056.0,112735840.0,0.0,1
1789705985.8878975,speech,332,20,0.0,3264007.5,0.0,10920582.0,73802880.0,150603568.0,226344704.0,24546866.0,0.0,14840687.0,0.0,51973704.0,0.0,35579072.0,18109826.0,575711552.0,1
1789705985.93368,speech,332,25,20908296.0,19403134.0,0.0,4598708.0,55609796.0,102332672.0,0.0,0.0,30868718.0,0.0,16192875.0,22541076.0,37104792.0,37297708.0,23930076.0,116287544.0,1
1789705985.9796069,speech,334,20,0.0,15863382.0,0.0,2920526.0,268072480.0,37672920.0,144576864.0,5172306.0,0.0,0.0,0.0,13160296.0,24369730.0,20571028.0,81487264.0,31543464.0,1
1789705986.2049708,speech,330,22,3043705.0,12738843.0,14725964.0,0.0,15455026.0,0.0,114623824.0,35631936.0,1844592.125,109931600.0,22691096.0,30199414.0,33656404.0,47166216.0,0.0,301319232.0,1
1789705986.2634404,speech,328,15,0.0,1635162.5,0.0,0.0,23551420.0,158828096.0,59931324.0,0.0,0.0,0.0,18742162.0,19871034.0,29759726.0,29655416.0,23009116.0,304460128.0,1
1789705987.4398966,speech,356,13,0.0,0.0,66526564.0,9965970.0,455959.8125,11564733.0,8553762.0,528733.3125,15260616.0,45058976.0,0.0,0.0,0.0,0.0,441508.34375,0.0,1
1789705987.499538,speech,332,20,0.0,0.0,27840902.0,426386.875,12230836.0,14275531.0,0.0,86518576.0,331730816.0,0.0,6812083.0,3695998.5,0.0,28910624.0,5103745.0,418431.875,1
1789705988.7693646,speech,336,13,18568072.0,350078.71875,0.0,0.0,68485200.0,0.0,67814.5625,0.0,119562.96875,0.0,0.0,0.0,880419.625,2169516.5,35955.85546875,737492.25,1
1789705988.8288887,speech,357,17,5460960.5,117481872.0,0.0,27336628.0,36999876.0,0.0,532155.5,0.0,99453.796875,169965.296875,142699.046875,238440.375,0.0,1073011.0,1482946.625,319182.09375,1
1789705988.9040415,speech,357,24,27161000.0,81445664.0,15235758.0,8597444.0,64396156.0,765348.25,6078291.0,0.0,90852.9140625,365963.125,684315.0,468586.9375,0.0,4700632.5,22609202.0,814973.3125,1
1789705989.6885514,speech,349,18,0.0,0.0,0.0,0.0,5450385.5,29510328.0,7079905.0,643697.6875,313955.8125,127495.8203125,10042455.0,0.0,0.0,10857908.0,12882149.0,77268688.0,1
1789705989.7541628,speech,10,14,0.0,220584.28125,1284742.25,616326.625,0.0,0.0,5539645.5,9645685.0,1730330.0,70410352.0,159112384.0,91996160.0,0.0,6909787.0,64275152.0,49589536.0,1
1789705989.8200178,speech,349,14,0.0,0.0,8791382.0,23181924.0,14740209.0,6378518.0,14727407.0,4104491.25,0.0,0.0,0.0,25337932.0,0.0,48095408.0,114892944.0,0.0,1
1789705990.9871178,speech,2,14,0.0,0.0,737379.75,396895.9375,0.0,0.0,305980.78125,0.0,1110333.0,10092160.0,9456614.0,7340473.0,0.0,72711312.0,0.0,888667648.0,1
1789705991.048613,speech,7,21,0.0,189723.09375,1259306.5,2538938.0,25742656.0,0.0,11228132.0,2815629.25,6908077.0,347919168.0,44678136.0,59274896.0,0.0,74279784.0,874402560.0,350011968.0,1
1789705991.5252488,speech,6,24,75474144.0,0.0,863942016.0,49161832.0,845306.9375,0.0,730644.0625,84580.0859375,472963.09375,625142.75,977141.375,0.0,3499692.5,1908630.0,28091652.0,2841841.0,1
1789705992.3791735,speech,356,32,75109080.0,11485895.0,148620832.0,222000704.0,188193504.0,7270833.0,5636079.0,228898.625,0.0,1060070.375,285019.375,2255844.0,722723.6875,3850038.25,8037930.0,4825467.5,1
1789705992.7590249,speech,1,30,212614720.0,13274893.0,712729536.0,47854964.0,18477962.0,2109431.0,1878466.0,265243.0625,845182.0,1385069.5,1518841.25,1538610.875,96749.640625,0.0,3946681.5,42423828.0,1
1789705994.0263352,speech,4,21,0.0,3848051.5,363231936.0,1164497280.0,0.0,17242976.0,202346672.0,0.0,323891.4375,70595096.0,19219448.0,3197445.0,5821531.0,3084205.0,0.0,11017292.0,1
1789705994.817065,speech,2,31,90929680.0,20810954.0,772292352.0,16998878.0,41846400.0,6025116.0,4200984.0,0.0,146760.6875,410135.4375,275329.625,312714.5,2532750.5,2945169.5,2356356.0,24751250.0,1
1789705994.9121268,speech,2,22,55260168.0,0.0,18372744.0,29543892.0,22947752.0,9365648.0,3891760.25,405798.1875,145147.09375,191153.765625,276182.03125,521060.125,888241.75,0.0,1511683.75,20064660.0,1
1789705995.5133805,speech,3,21,16212907.0,904641.625,1034515328.0,1313975168.0,74849864.0,40733012.0,63139476.0,0.0,468800.90625,200242624.0,8936258.0,21142920.0,0.0,0.0,0.0,0.0,1
1789705997.0653934,speech,2,30,78586136.0,26243964.0,515976448.0,129382856.0,89606864.0,9187736.0,2462599.25,1213411.75,0.0,1783667.25,2759747.75,3570248.75,2306255.25,6923311.5,20083766.0,381562880.0,1
1789705997.1252718,speech,0,20,20248342.0,23264680.0,619770816.0,215107552.0,0.0,3228940.25,0.0,934044.0,171747.0625,463840.6875,1511265.75,1390903.75,1298166.25,0.0,21945914.0,33708708.0,1
1789705997.349491,speech,358,21,13737436.0,0.0,162900128.0,662475456.0,334578912.0,15762998.0,3024018.0,0.0,0.0,102123.359375,0.0,30778.181640625,0.0,1120354.125,1371835.75,9218478.0,1
1789706001.5932312,speech,9,25,0.0,31311040.0,488618624.0,358455232.0,44604148.0,0.0,16143846.0,2630517.75,245919.109375,527890.25,641505.375,714455.75,435818.53125,2777107.25,11829243.0,9929798.0,1
1789706003.4587882,speech,359,15,0.0,3879765.0,30640412.0,142451328.0,1316341632.0,21407512.0,69436384.0,0.0,0.0,0.0,0.0,23699504.0,21458076.0,77645056.0,36221020.0,0.0,1
1789706003.5186112,speech,357,16,2674003.0,6628139.0,346716448.0,313886912.0,3279400448.0,0.0,2040263.75,0.0,0.0,3752081.5,39243196.0,42535980.0,47461300.0,0.0,0.0,0.0,1
1789706008.5224946,speech,0,23,4231703.5,0.0,12315037.0,28774728.0,0.0,89101368.0,135276080.0,534265.375,0.0,3115174.75,2578448.0,506197.3125,6222625.0,34521304.0,24767652.0,222651824.0,1
1789706008.5831265,speech,353,25,6463228.5,0.0,8236633.0,12092876.0,231815680.0,319271808.0,239426976.0,0.0,0.0,1671048.375,2542830.0,5070939.5,16388766.0,51702060.0,42285920.0,311698912.0,1
1789706008.6476328,speech,339,8,0.0,0.0,0.0,0.0,303938880.0,58241056.0,0.0,0.0,0.0,0.0,0.0,3567335.5,4168711.0,18848846.0,0.0,77645176.0,1
1789706009.2830431,speech,359,35,55202232.0,17792664.0,136930864.0,62568696.0,70602416.0,13280442.0,6348426.0,80939.5,0.0,423152.9375,1481657.375,4009660.5,5285911.0,35617712.0,41439856.0,297979616.0,1
1789706009.3423846,speech,359,20,9414957.0,28298380.0,49463652.0,293974912.0,69957496.0,0.0,0.0,1316658.375,0.0,1019002.8125,255995.828125,1455328.875,0.0,965392.75,20583586.0,12938527.0,1
1789706011.4041202,speech,4,28,29534042.0,0.0,45697476.0,19352030.0,237327360.0,51260248.0,188764848.0,26751216.0,0.0,16524472.0,24446258.0,61024232.0,11565549.0,70838896.0,216966592.0,386774272.0,1
1789706016.6911159,speech,350,22,17733744.0,461967.125,4707187.0,5843277.0,48568796.0,491070592.0,37834892.0,7346399.0,0.0,3235100.25,861874.8125,17991500.0,25319242.0,25652876.0,140442304.0,31476700.0,1
1789706016.7529244,speech,2,23,30296796.0,5148295.0,20677776.0,36115040.0,281924736.0,0.0,332237152.0,0.0,0.0,11419153.0,7758895.0,53155344.0,17540900.0,50610512.0,150636064.0,777481600.0,1
1789706016.8173394,speech,355,23,7692864.5,0.0,26204756.0,10314577.0,45910576.0,73681608.0,182912736.0,2025171.75,2118304.0,0.0,13831634.0,23845252.0,41800980.0,110321192.0,94220144.0,401590848.0,1
1789706017.3875666,speech,4,19,26630468.0,0.0,132152088.0,2417408.0,55576800.0,0.0,103573480.0,0.0,0.0,0.0,16629962.0,7977003.0,63576616.0,158127872.0,933040832.0,32403090.0,1
1789706017.5773895,speech,0,14,754748.625,125529168.0,65801760.0,285122944.0,0.0,0.0,5172959.0,365975.96875,0.0,0.0,146510.484375,377921.125,0.0,0.0,0.0,27077244.0,1
1789706017.89523,speech,3,29,1285515.375,10884506.0,1850358784.0,60036064.0,11058057.0,123300640.0,51794124.0,185970.53125,1406109.25,10009591.0,1227634.75,39333632.0,42265864.0,3786795.5,68759592.0,673891712.0,1
1789706018.0218678,speech,3,29,32796608.0,825026.25,80991216.0,458827968.0,251978752.0,11567607.0,140414976.0,256604.875,60998.53125,7282098.0,986182.8125,1761687.25,17641728.0,57475452.0,6305414.0,10277027.0,1
1789706018.0678318,speech,7,27,6208784.0,0.0,18312826.0,65109968.0,51777272.0,395776352.0,146182656.0,5850146.0,1116220.25,2478931.75,8073601.0,37012464.0,19229418.0,50471068.0,272694816.0,1184262912.0,1
1789706019.2885458,speech,1,24,48244116.0,4987366.0,849298048.0,42348544.0,35531824.0,3101179.5,3514466.75,0.0,0.0,942769.25,1048358.25,2926405.5,1394206.75,2526268.0,4541393.0,0.0,1
1789706020.2702677,speech,4,24,0.0,0.0,856790912.0,65917544.0,36354372.0,0.0,2261223.0,77844.53125,0.0,210553.5,161663.03125,120631.9921875,0.0,841742.125,304078.46875,955536.5,1
1789706022.992539,speech,349,22,3370352.25,2991923.0,0.0,154068736.0,1021634688.0,747721536.0,88006688.0,0.0,0.0,377943.0,0.0,3641805.75,5112139.0,11491668.0,18198108.0,36197284.0,1
1789706023.0877788,speech,353,19,2050294.75,2687164.0,93636592.0,62347552.0,1140599808.0,383818176.0,142774352.0,0.0,0.0,0.0,0.0,13401393.0,30018900.0,92292560.0,6967775.5,55779024.0,1
1789706023.1474469,speech,354,23,1120194.0,0.0,15548983.0,2525811.5,718656704.0,0.0,229104416.0,6840708.0,808841.0625,14450666.0,5126493.5,3329985.25,14904396.0,0.0,5699034.0,110394576.0,1
1789706025.4632418,speech,3,33,15658666.0,0.0,370228960.0,411710464.0,170372256.0,214281888.0,462145984.0,23653480.0,0.0,68299696.0,45173604.0,309082880.0,412572352.0,119016416.0,192819136.0,1275098880.0,1
1789706027.0782244,speech,358,16,43344288.0,0.0,1947099.25,589524736.0,4341429.5,0.0,15407800.0,7560527.0,0.0,20804420.0,1981892.0,2719441.0,0.0,0.0,2825506.0,744635.125,1
1789706027.2370284,speech,3,24,0.0,6194164.0,566392960.0,8602438.0,4342031.5,64200848.0,2985069.0,366444.875,1013279.375,211152.40625,192479.015625,5610623.0,0.0,5572833.0,23724550.0,748245.875,1
1789706027.490164,speech,2,31,92172712.0,22990416.0,189407072.0,637075072.0,257641728.0,42088280.0,20665734.0,2476462.0,0.0,3470564.75,3066132.5,10239853.0,1226522.25,13505340.0,3081652.5,31052572.0,1
1789706028.5984256,speech,353,27,5955249.0,1708866.25,8022447.5,29054196.0,207310240.0,63361376.0,570232896.0,29546742.0,18789434.0,34384260.0,29836388.0,188885424.0,45570888.0,186533200.0,97881888.0,61713616.0,1
1789706028.7557347,speech,347,21,1333640.125,0.0,12741441.0,264914352.0,74966496.0,386042624.0,40912652.0,0.0,1410661.25,17538978.0,0.0,219054784.0,315637504.0,31248486.0,36615824.0,19045800.0,1
1789706029.2004025,speech,8,25,81305528.0,26576554.0,1145523968.0,245181664.0,61249856.0,0.0,8721477.0,933401.25,0.0,7641314.0,1495618.625,2424379.5,0.0,1316989.25,5646752.5,1794734.25,1
1789706031.7960045,speech,5,21,0.0,42961.3515625,19256434.0,0.0,249522592.0,0.0,22448084.0,211405120.0,2718408.75,0.0,4217053.0,25238172.0,108185.3203125,1339709.875,142491584.0,40610220.0,1
1789706033.1887727,speech,3,21,0.0,825719.9375,2036831744.0,94560056.0,304504.1875,17929488.0,8677428.0,0.0,0.0,3711516.25,6882443.5,4810791.0,2093065.25,831226.875,398028.34375,399213.3125,1
1789706034.9308748,speech,2,25,473675.4375,15992789.0,60272496.0,2265224.25,0.0,66691880.0,58549820.0,96259248.0,0.0,16873824.0,10731045.0,15990992.0,25449364.0,13058149.0,9886838.0,27016296.0,1
1789706034.9918535,speech,2,17,0.0,7598479.5,0.0,30337036.0,19706370.0,0.0,0.0,38785472.0,0.0,11215454.0,10328958.0,25396846.0,24900512.0,2902959.75,12130685.0,9365564.0,1
1789706035.4690478,speech,2,25,411552.59375,16136016.0,19976208.0,601799.125,11093386.0,0.0,38278268.0,102881464.0,1660288.0,1169110.625,746269.8125,256241.21875,2183913.0,444961.9375,562868.375,1617460.5,1
1789706035.5139623,speech,350,16,3000886.0,26931378.0,1259853.875,15622833.0,0.0,126730640.0,0.0,0.0,0.0,0.0,1308308.625,4708705.0,0.0,739125.625,1415241.375,1978477.0,1
1789706038.760477,speech,343,17,3246508.5,0.0,646553728.0,5901333.0,0.0,904470400.0,305643616.0,0.0,0.0,0.0,50597.59375,53543344.0,30973892.0,147604.921875,0.0,0.0,1
1789706038.819509,speech,344,14,0.0,0.0,0.0,0.0,1163426.5,617778560.0,172496960.0,19678.296875,22944.119140625,4955925.0,0.0,28820884.0,27294948.0,0.0,0.0,0.0,1
1789706038.8830078,speech,345,15,1197306.25,462923.25,38000624.0,265907.8125,39126144.0,547063168.0,5343141.5,0.0,0.0,23751492.0,884960.9375,23595116.0,0.0,0.0,0.0,0.0,1
1789706038.947382,speech,8,18,1426335.0,0.0,94317080.0,33059836.0,1876453.875,0.0,4590020.5,76907696.0,8219178.0,1604845.0,18096252.0,9582138.0,0.0,0.0,1323710.25,0.0,1
1789706039.07792,speech,340,12,0.0,0.0,2677546.25,0.0,405726784.0,815569536.0,0.0,0.0,0.0,348961.5625,18444870.0,31531330.0,0.0,0.0,0.0,0.0,1
1789706039.6817367,speech,356,16,0.0,0.0,1576640.875,0.0,0.0,0.0,126688.15625,0.0,0.0,255794.109375,28690090.0,3233954.75,301321.59375,6563272.5,632195.6875,294127.28125,1
1789706039.740984,speech,354,13,0.0,1310934.0,33492322.0,0.0,25725708.0,13675857.0,0.0,0.0,0.0,0.0,46864080.0,8309078.0,0.0,9765292.0,0.0,0.0,1
1789706041.6446922,speech,322,8,0.0,0.0,0.0,0.0,531521536.0,0.0,656027.875,0.0,0.0,0.0,0.0,431041.09375,163250.28125,0.0,0.0,46310816.0,1
1789706041.6455724,speech,8,9,0.0,0.0,0.0,0.0,0.0,0.0,0.0,65278152.0,0.0,1553281.5,18636116.0,77665.84375,0.0,1897215.125,0.0,0.0,1
1789706043.2907114,speech,357,19,0.0,0.0,0.0,0.0,2227646.75,0.0,229250.578125,237360.5,244306.703125,265817.5625,277549.28125,431299.625,149745.234375,390088.875,62493.09375,1769209.5,1
1789706043.3511,speech,356,17,0.0,0.0,1200091.125,0.0,1019778.0625,862981.875,675366.5,199125.0625,0.0,519208.125,772186.375,795433.8125,202094.375,452988.5,0.0,1385967.25,1
1789706043.415125,speech,343,18,18931854.0,0.0,45146744.0,11755935.0,0.0,459550208.0,549952768.0,0.0,0.0,0.0,1142756.0,35030968.0,47766980.0,2297235.75,0.0,0.0,1
1789706044.1453302,speech,359,21,6099946.0,0.0,279115936.0,149110864.0,1511427840.0,294305600.0,45142420.0,253429.203125,0.0,0.0,3548248.75,2727515.75,1260653.875,0.0,1601535.625,3647392.0,1
1789706045.7282736,speech,14,24,0.0,2173285.0,358179648.0,531068672.0,827415680.0,0.0,0.0,658862.9375,2022545.25,17073092.0,7115802.0,0.0,125451816.0,141539712.0,300451520.0,28253580.0,1
1789706045.7929277,speech,28,30,51209764.0,10100904.0,96660608.0,322338752.0,75267736.0,0.0,41786432.0,0.0,0.0,38354220.0,8727896.0,9786680.0,43131192.0,1014143872.0,156290720.0,201838976.0,1
1789706045.8566756,speech,18,21,5417672.0,81734160.0,10484870.0,78968600.0,803464704.0,22066406.0,0.0,0.0,557031.3125,88032304.0,6115183.0,0.0,0.0,118675088.0,196657424.0,2360321.5,1
1789706046.1078074,speech,18,24,456358208.0,0.0,404432576.0,1186715904.0,0.0,0.0,51690200.0,97228.8515625,63219.84765625,9420279.0,6039331.5,711220.3125,5970509.0,688957568.0,129473280.0,22700424.0,1
1789706046.1521523,speech,17,20,107308952.0,3656468.5,1543159552.0,0.0,747696.75,0.0,0.0,550600.625,1182640.25,1711716.875,0.0,5635139.5,1439336.375,73854688.0,190923424.0,22205940.0,1
1789706048.4517868,speech,14,15,6831777.5,369222.46875,49231600.0,25511.3046875,46547.65625,0.0,0.0,55260.4609375,44730.76953125,192713.484375,0.0,0.0,61999.84375,433360.625,0.0,46242.28125,1
1789706048.672042,speech,19,19,0.0,0.0,2781730.5,795428.75,1696872.75,556903.125,0.0,190805.453125,0.0,73130.7265625,0.0,0.0,83605.8046875,1045270.25,2081998.125,232550.78125,1
1789706048.7665224,speech,32,16,2457566720.0,329841920.0,0.0,0.0,0.0,2397038.0,64632.15625,0.0,0.0,4905353.0,2721113.75,417026.0,0.0,2580048.5,5700413.0,64212.0625,1
1789706049.0838082,speech,17,23,0.0,177280768.0,793706624.0,47886968.0,159016064.0,0.0,2157441.5,4855119.0,787280.6875,5743456.0,0.0,0.0,0.0,27944616.0,1217738.75,4645708.5,1
1789706049.243091,speech,28,21,260846544.0,36733100.0,25832236.0,54524176.0,14959230.0,10299958.0,246677120.0,72420.609375,147190.203125,28504504.0,20096924.0,0.0,0.0,936847.5,910045.1875,0.0,1
1789706049.3032284,speech,46,16,613805248.0,0.0,0.0,0.0,6646100.0,6520508.0,465115872.0,6884835.0,0.0,19788408.0,66968708.0,0.0,2850372.0,4257135.5,283120.8125,0.0,1
1789706049.3640914,speech,18,22,232335728.0,1877815.25,514474144.0,1151558656.0,2598301.25,0.0,70159112.0,4743238.0,53048.609375,799399.5,0.0,0.0,0.0,21810632.0,2033196.125,71570.8046875,1
1789706049.4265184,speech,15,20,0.0,1885947.5,1428643200.0,0.0,3063658.5,0.0,14919801.0,1256703.125,758625.625,2008571.0,0.0,1780159.0,0.0,0.0,2103038.5,3563170.0,1
1789706049.5278435,speech,30,29,591980416.0,0.0,0.0,78549200.0,30757260.0,1816701.25,53424552.0,59864236.0,445476.625,670796.125,6000512.0,15973442.0,64338.1171875,13328530.0,62371308.0,3479140.0,1
1789706049.5910838,speech,28,27,151405744.0,0.0,207040352.0,858836352.0,1175899.25,2570386.75,832730816.0,23853100.0,648547.6875,31035106.0,45650076.0,20921882.0,376978528.0,8036128768.0,1906355712.0,3890342.25,1
1789706049.65002,speech,27,15,28486280.0,15240332.0,45016520.0,12482893.0,17859508.0,0.0,0.0,0.0,330958.53125,189666.859375,4503236.5,41277604.0,111972320.0,350586112.0,0.0,18845670.0,1
1789706050.319296,speech,15,26,102104856.0,9531860.0,109820760.0,1177894144.0,198905984.0,43520552.0,0.0,0.0,3954983.25,12580660.0,14390038.0,17511636.0,146202464.0,56915504.0,0.0,0.0,1
1789706050.3788002,speech,18,17,0.0,0.0,22548552.0,1437900032.0,125910104.0,0.0,8720116.0,8251814.0,826778.25,0.0,10470562.0,0.0,19771876.0,21313568.0,16809344.0,10649570.0,1
1789706050.794493,speech,33,23,3472361.0,69131288.0,147482080.0,0.0,238720544.0,16479778.0,0.0,4368779.5,919765.875,1117659.875,14786518.0,2476044.75,4797118.0,19892430.0,1741073.0,223974496.0,1
1789706050.9218524,speech,30,25,37557332.0,106206960.0,20979290.0,831479104.0,556972544.0,0.0,33335664.0,0.0,0.0,0.0,1580769.25,9735464.0,4464247.0,42319620.0,557511872.0,180941440.0,1
1789706051.0479329,speech,28,21,1224699.125,43719876.0,10503844.0,28547132.0,224485168.0,5948061.0,0.0,0.0,1202445.625,6203807.0,577753.5625,0.0,0.0,31067784.0,138948352.0,7674355.0,1
1789706051.1063657,speech,28,21,0.0,0.0,2518813.0,25645206.0,20251236.0,5599483.0,0.0,968253.0,5048829.5,18282166.0,377462.65625,320399.25,197193.09375,144560576.0,113138792.0,1801957.0,1
1789706051.713042,speech,18,32,33536350.0,13195409.0,259148768.0,458292096.0,730780160.0,27993452.0,2851159.75,515671.46875,958128.875,12880306.0,0.0,0.0,137047344.0,180506896.0,13683683.0,26527584.0,1
1789706052.2499642,speech,11,16,1891671808.0,152841.21875,3519918.25,217928832.0,659840.6875,0.0,776519.125,0.0,0.0,20913.34375,0.0,140781.09375,0.0,67870.421875,2625476.0,53275.2421875,1
1789706052.3087585,speech,8,27,2120510976.0,0.0,3753316.5,223939664.0,1885963.0,211504.78125,0.0,0.0,49823.4765625,133244.1875,4948273.0,2555788.0,43688.296875,1213946.25,911934.0625,64408.26953125,1
1789706052.3771064,speech,8,13,0.0,14688838.0,151420832.0,0.0,86343376.0,116283024.0,23366736.0,0.0,0.0,0.0,0.0,3782910.5,38478564.0,127979656.0,0.0,117744944.0,1
1789706052.4220054,speech,345,21,98556096.0,35422624.0,0.0,47918008.0,335746432.0,129396584.0,88271128.0,20352274.0,0.0,16702428.0,102078904.0,99351776.0,0.0,30136678.0,81387376.0,360310976.0,1
1789706052.4856865,speech,345,13,91119936.0,0.0,0.0,86842560.0,68838336.0,293243456.0,191870688.0,0.0,0.0,0.0,0.0,2092642.75,0.0,0.0,0.0,40817124.0,1
1789706052.5433047,speech,345,12,3793396.0,0.0,25392446.0,29995648.0,15138775.0,0.0,0.0,0.0,0.0,1911789.375,10468229.0,0.0,0.0,643565.625,0.0,0.0,1
1789706052.588717,speech,341,20,159569296.0,0.0,893293056.0,1099863168.0,8083340.0,14078277.0,3883756.75,0.0,399393.25,11089754.0,2387464.25,412607.4375,0.0,0.0,805781.625,0.0,1
1789706053.677718,speech,307,11,0.0,1727334.25,639616.0,204463.21875,965578.9375,0.0,0.0,494950.25,0.0,0.0,53786.2265625,139724.4375,0.0,0.0,0.0,0.0,1
1789706053.6786795,speech,270,6,0.0,0.0,0.0,0.0,173847.21875,0.0,0.0,0.0,226407.28125,1062530.75,0.0,0.0,0.0,172705.40625,0.0,0.0,1
1789706053.737999,speech,292,29,112149064.0,0.0,8358483.0,80592256.0,5384514.0,7582563.5,389771488.0,13437825.0,0.0,55171700.0,61436856.0,1269896.25,11613178.0,224285248.0,415925.5,15585157.0,1
1789706053.8980155,speech,293,20,0.0,35034808.0,8302000.5,0.0,130962216.0,0.0,22650664.0,9970201.0,0.0,79266520.0,47466708.0,0.0,313622336.0,142164544.0,90954672.0,3141572.75,1
1789706054.2130535,speech,276,11,49122716.0,0.0,205759376.0,51414912.0,0.0,0.0,0.0,0.0,0.0,2047751.25,27088.53125,18696.740234375,0.0,0.0,0.0,98269.3125,1
1789706054.2732902,speech,289,23,0.0,1541680.125,332290176.0,2283328.0,3157484.0,27697322.0,3469715.75,517126.0625,1730965.25,812321.375,36015.4140625,221577.53125,190730.15625,335105.0,599440.625,389345.53125,1
1789706054.4042335,speech,292,15,21403232.0,6058833.0,0.0,0.0,10370053.0,0.0,15148477.0,178993856.0,1009482.4375,0.0,0.0,5446491.0,3783479.0,0.0,129835.671875,1152541.5,1
1789706054.4689503,speech,290,12,0.0,0.0,0.0,0.0,0.0,0.0,0.0,0.0,0.0,7843488.0,7891296.0,3787813.25,3833977.5,6290039.0,3068107.25,4533564.0,1
1789706055.0055916,speech,294,14,0.0,13140652.0,319629312.0,0.0,49926560.0,0.0,0.0,8091643.0,0.0,368334.78125,709416.0,0.0,0.0,796226.6875,0.0,15548672.0,1
1789706055.2587547,speech,287,21,169295744.0,0.0,705427.9375,82000824.0,19680200.0,199483.8125,2132100.0,3708650.25,202018.4375,97340.3203125,635002.9375,587845.75,0.0,174537.75,504770.15625,753431.5,1
1789706055.3182948,speech,278,10,230952736.0,0.0,640177.875,0.0,59179284.0,0.0,0.0,0.0,0.0,0.0,0.0,70143.34375,597148.875,51606.36328125,0.0,0.0,1
1789706055.4480414,speech,280,16,544086656.0,12291635.0,0.0,1485934.625,934372224.0,355889440.0,0.0,0.0,0.0,14857927.0,0.0,0.0,105217.7109375,1281982.125,136704.84375,127915.125,1
1789706056.3352761,speech,280,21,37827324.0,0.0,95646400.0,6027168.5,8686765.0,8845941.0,1661096.0,1821368.5,0.0,325356.9375,0.0,261462.078125,33045.140625,3659439.5,7533353.0,61579544.0,1
1789706056.3804562,speech,289,23,0.0,0.0,430084704.0,130546272.0,116387136.0,13906350.0,1732865.125,0.0,101146.1875,1555638.25,0.0,1909085.5,1887451.125,24008032.0,36328348.0,109021192.0,1
1789706058.235789,speech,291,19,35685428.0,0.0,7765891.5,0.0,5778847.0,411192.0625,0.0,443480.25,216772.953125,0.0,0.0,147530.0,336479.875,888239.8125,565989.1875,2284281.75,1
1789706058.295525,speech,289,18,31544124.0,315764672.0,940989568.0,223141984.0,29314730.0,6452441.0,496527.96875,0.0,0.0,994954.25,0.0,0.0,0.0,5926620.5,7191831.0,37722512.0,1
1789706058.3609183,speech,294,28,57590732.0,132322320.0,652141568.0,1235985792.0,48274244.0,13940614.0,2636393.75,0.0,846911.5,397369.0625,1282559.375,638505.125,1168360.0,2016743.625,5829231.0,5330298.0,1
1789706058.4244783,speech,292,18,29136584.0,33467444.0,392519840.0,101436208.0,15558262.0,0.0,1519181.125,67010.25,149624.296875,0.0,0.0,362086.125,80142.6875,1533826.25,2053267.75,5913392.0,1
1789706058.5004733,speech,292,20,40787640.0,99768656.0,140449104.0,0.0,5982303.0,2136171.0,0.0,0.0,127084.515625,66747.84375,0.0,206501.171875,0.0,1458249.875,2322778.5,3324454.0,1
1789706058.5465605,speech,293,29,33231652.0,145546384.0,278978848.0,9074643.0,12699527.0,7301702.5,9468015.0,564107.0625,0.0,0.0,0.0,66621.5859375,3118384.25,14521426.0,3709156.75,1257885.75,1
1789706058.7417035,speech,291,22,27137282.0,0.0,0.0,283045440.0,293034848.0,77075920.0,31612184.0,4686994.0,2613980.75,642687.6875,777985.375,0.0,9175240.0,2060073.75,34141236.0,28280788.0,1
1789706059.0890086,speech,276,19,528097152.0,0.0,0.0,194945408.0,48742296.0,0.0,847703.25,2253753.5,0.0,21561.21484375,603030.875,561635.75,0.0,117436.3203125,496927.3125,813855.5,1
1789706059.2799668,speech,285,16,23115942.0,56860288.0,0.0,61910688.0,10040904.0,103960120.0,968892.4375,1868161.25,7059051.5,0.0,0.0,0.0,0.0,34418944.0,22429404.0,150412320.0,1
1789706059.3441598,speech,285,15,0.0,10761530.0,1107913.0,4090410.5,14171702.0,4946649.0,13871542.0,0.0,1380708.25,988931.875,574076.25,897213.375,0.0,0.0,0.0,0.0,1
1789706059.388732,speech,284,9,0.0,401956928.0,189164880.0,0.0,0.0,0.0,0.0,6573148.0,266051.59375,0.0,1437592.875,313458.59375,0.0,0.0,0.0,0.0,1
1789706059.4696891,speech,284,20,0.0,75523856.0,57237096.0,605170.25,22248516.0,15484277.0,1607498.875,155237.671875,0.0,311151.25,90498.078125,701885.5,0.0,0.0,3420192.75,8266614.5,1
1789706059.5148292,speech,293,18,74631456.0,4200219.5,246734400.0,328111328.0,0.0,0.0,851178816.0,5839437.0,129444.203125,1040827.8125,1472161.5,0.0,38710104.0,310294560.0,0.0,0.0,1
1789706059.5793316,speech,292,10,0.0,0.0,294341504.0,120363184.0,0.0,80340624.0,425313472.0,0.0,0.0,185744144.0,0.0,0.0,17194794.0,0.0,0.0,0.0,1
1789706059.6434877,speech,287,19,0.0,0.0,66436524.0,49901040.0,0.0,0.0,50030848.0,127562096.0,37945904.0,43195820.0,0.0,43057704.0,43740824.0,41893060.0,17218552.0,54317504.0,1
1789706059.8499963,speech,291,24,0.0,1599137.75,4282019.0,11381315.0,4957304.0,290945.0,5459683.0,821145.75,0.0,0.0,0.0,1431769.0,5113921.5,59119312.0,126799272.0,124819424.0,1
1789706059.9146445,speech,288,21,442020448.0,201439232.0,6951184.5,6360505.0,3871815.25,363392608.0,265515264.0,2878202.75,996183.875,126501568.0,398826816.0,28362410.0,0.0,0.0,14974051.0,52527952.0,1
1789706060.1366298,speech,290,6,41384028.0,873430.75,0.0,0.0,78254112.0,0.0,0.0,0.0,0.0,0.0,0.0,0.0,0.0,86941.6875,0.0,1037120.1875,1
1789706060.451945,speech,281,13,24829702.0,197903104.0,5326817.0,69587752.0,25181660.0,0.0,4412802.0,0.0,0.0,0.0,249360.0625,869383.0,0.0,0.0,0.0,3585971.5,1
1789706060.5120554,speech,303,11,114016392.0,234382304.0,5849848.0,42957872.0,0.0,0.0,0.0,0.0,1333024.25,0.0,0.0,0.0,0.0,1147868.5,0.0,11723222.0,1
1789706060.5865197,speech,287,17,164982.078125,450970816.0,37543124.0,313847296.0,869740096.0,1717126.875,30643572.0,126613.9765625,0.0,316022.375,160571.25,0.0,0.0,59591864.0,0.0,16816980.0,1
1789706060.6500769,speech,286,23,1751780.875,0.0,0.0,737775872.0,262144640.0,141842816.0,126900400.0,1335895.75,1484776.75,2370567.75,1011582.0625,7767612.0,217492992.0,9868895.0,0.0,76403952.0,1
1789706061.4330122,speech,291,24,93089976.0,60237812.0,1370840320.0,20466248.0,115617576.0,0.0,389008.4375,602486.0625,5120202.0,1336726.875,7893808.5,0.0,983776.6875,1465292.375,488347.09375,2507322.5,1
1789706061.4959836,speech,287,17,0.0,0.0,294645376.0,6263193.5,1030138112.0,90924800.0,8897706.0,1979770.5,0.0,117867.65625,0.0,0.0,0.0,8955194.0,5286105.5,57990336.0,1
1789706061.560319,speech,289,22,0.0,9479730.0,400625536.0,225391056.0,474282176.0,5635899.0,0.0,0.0,0.0,848743.375,1110420.125,1264935.75,3684860.0,8406295.0,55634828.0,174432256.0,1
1789706062.0344186,speech,293,20,4448964.5,29621280.0,45448672.0,37146756.0,8793782.0,786114.5,750725.375,0.0,0.0,1179656.25,0.0,0.0,831102.3125,3159747.75,9274830.0,11633248.0,1
1789706062.0939338,speech,292,33,20051044.0,121752752.0,957989184.0,14156896.0,36764252.0,29238388.0,5030033.5,1287717.75,2653363.25,365375.5,4595874.0,155491.984375,1542026.25,5819821.0,2800278.0,6900273.0,1
1789706062.1577728,speech,291,21,9137118.0,5053423.0,0.0,35148380.0,14718720.0,0.0,0.0,0.0,217292.90625,3192789.5,9526301.0,1539394.875,4037247.75,29748468.0,20721104.0,111654816.0,1
1789706062.2215521,speech,287,23,0.0,0.0,39759472.0,86753040.0,40603236.0,2881419.0,9245935.0,1267254.75,944058.8125,19484856.0,28202464.0,5011094.0,10559926.0,12151084.0,13171836.0,238383616.0,1
1789706062.2861128,speech,291,27,19068176.0,401635200.0,35554116.0,23975582.0,4672336.5,1192983.375,7058269.0,2332327.25,1452785.25,7807085.5,36174856.0,1303267.625,2811221.25,52421288.0,73450736.0,154900832.0,1
1789706062.3498218,speech,288,22,141052.734375,0.0,1498181376.0,537475584.0,50721392.0,2919522.5,473749.5625,2539101.0,0.0,7397726.5,0.0,6353436.0,34514000.0,370144512.0,9544580.0,309865376.0,1
1789706062.4130893,speech,285,17,0.0,0.0,0.0,242879360.0,832892352.0,7926567.5,482627.1875,101930.640625,0.0,1100292.75,0.0,8856096.0,20746272.0,391240128.0,296457536.0,208912512.0,1
1789706062.4777153,speech,283,16,0.0,5113732.0,37530752.0,870509952.0,1210905600.0,0.0,0.0,0.0,0.0,663637.625,0.0,25850976.0,28796636.0,425013408.0,303265568.0,200090800.0,1
1789706062.5416715,speech,282,14,0.0,104430200.0,0.0,1024905344.0,1067100288.0,648399.125,1074791.125,317473.4375,0.0,0.0,738127.25,2923721.5,32848472.0,0.0,66557396.0,0.0,1
1789706062.6071267,speech,282,16,0.0,0.0,27840480.0,3900112.25,704063744.0,0.0,175790.15625,283159.1875,101513.859375,0.0,0.0,0.0,4947069.5,25620268.0,50854584.0,70290896.0,1
1789706062.6569502,speech,280,34,23477000.0,26334198.0,214965776.0,893289088.0,272027744.0,36190168.0,15450008.0,12380376.0,4138510.5,1277295.5,565992.625,18862988.0,7409750.5,67987584.0,346491968.0,472404032.0,1
1789706062.7217383,speech,280,15,3170316.0,0.0,0.0,0.0,0.0,2201721.5,2232832.25,1950649.0,0.0,498454.3125,4522939.0,0.0,15049460.0,20717054.0,111765520.0,0.0,1
1789706062.826656,speech,280,12,0.0,2553345.5,0.0,7503499.5,2781569.5,0.0,719211.0625,0.0,0.0,0.0,0.0,2925482.0,2168450.0,13735274.0,0.0,2790565.0,1
1789706062.872172,speech,278,18,12476090.0,1012112.8125,0.0,21407706.0,5682805.0,485055.21875,0.0,2943111.25,0.0,0.0,542524.0,208439.328125,18204270.0,2877887.5,24348792.0,15554640.0,1
1789706062.9376462,speech,271,7,0.0,0.0,0.0,0.0,0.0,0.0,9240581.0,0.0,0.0,14018265.0,37366192.0,0.0,4781508.0,0.0,0.0,146627584.0,1
1789706063.0012302,speech,264,11,0.0,0.0,20334128.0,0.0,20951862.0,4236908.5,0.0,2989146.0,0.0,0.0,7414709.5,8355541.0,0.0,0.0,28559070.0,219428928.0,1
1789706063.0656128,speech,264,8,29101224.0,11128388.0,1268208.25,0.0,0.0,0.0,0.0,0.0,0.0,0.0,0.0,0.0,0.0,0.0,3495534.5,21262508.0,1
1789706063.1421707,speech,276,19,1026535.875,54296608.0,423029056.0,467570240.0,76226128.0,2660827.0,2477396.5,0.0,0.0,0.0,0.0,317017.1875,0.0,158865.53125,0.0,0.0,1
1789706063.2376418,speech,274,12,50992060.0,10633963.0,0.0,0.0,2658847.25,2596797.5,206642.640625,0.0,0.0,0.0,0.0,0.0,358799.65625,312480.8125,1479689.0,0.0,1
1789706063.2974799,speech,268,16,234494896.0,12664504.0,87405264.0,0.0,8666325.0,0.0,0.0,0.0,0.0,0.0,0.0,276885.03125,3981587.0,4616978.5,6560446.0,23048762.0,1
1789706063.427338,speech,285,14,0.0,0.0,3381052.25,6511844.0,564706.25,0.0,0.0,0.0,0.0,0.0,0.0,1094664.25,3709401.75,2195928.5,0.0,1451055.75,1
1789706063.498415,speech,275,5,0.0,1591669.125,0.0,0.0,0.0,0.0,0.0,0.0,0.0,0.0,0.0,77274.640625,0.0,0.0,862397.1875,0.0,1
1789706063.562166,speech,260,13,0.0,5044651.0,0.0,0.0,9234987.0,4609366.5,550794.375,0.0,259704.46875,0.0,0.0,66686.7734375,785576.3125,1211821.875,0.0,4825151.0,1
1789706063.6262686,speech,263,5,0.0,0.0,0.0,0.0,0.0,0.0,0.0,0.0,0.0,0.0,0.0,1545697.0,2194667.75,1183958.25,0.0,0.0,1
1789706063.7423773,speech,278,20,7081457.0,830608064.0,864090176.0,1423139.625,18497276.0,0.0,114036.609375,0.0,0.0,891449.8125,1830970.0,360638.25,1705833.25,841360.375,2418249.5,1456243.625,1
1789706063.8024855,speech,286,14,0.0,751132032.0,1229198336.0,0.0,22155216.0,169255.3125,0.0,1759159.25,0.0,101000.84375,0.0,190489.375,0.0,2154557.5,0.0,387468.75,1
1789706063.8662362,speech,288,18,0.0,868199424.0,868946560.0,0.0,0.0,132154.9375,414299.59375,2205677.0,0.0,0.0,805119.5,85122.6640625,2471670.0,2775328.75,303434.15625,0.0,1
1789706063.9300888,speech,288,7,0.0,0.0,0.0,1692442.5,0.0,0.0,0.0,0.0,0.0,0.0,0.0,174715.0,285627.9375,541796.0625,3115819.5,0.0,1
1789706063.9792473,speech,270,17,1178487808.0,0.0,60668512.0,0.0,3212781.5,702636.25,355757.65625,0.0,579551.125,2478429.0,0.0,146436.859375,0.0,1467505.0,269089.6875,522955.21875,1
1789706064.0435047,speech,270,9,0.0,0.0,0.0,0.0,0.0,149453.140625,0.0,108007.5078125,0.0,0.0,0.0,302483.0,0.0,159922.640625,550659.0,1962569.75,1
1789706064.0926328,speech,274,22,17834282.0,1018230080.0,214337216.0,1502224.125,77172088.0,2183998.75,599046.4375,0.0,0.0,1598577.5,1188616.625,1022377.375,2509644.0,2949063.0,4815676.0,2821606.0,1
1789706064.157575,speech,274,15,465624640.0,340549376.0,0.0,22498604.0,0.0,3380719.5,0.0,2648046.0,758611.9375,15734.3447265625,0.0,215167.75,252206.65625,0.0,0.0,0.0,1
1789706064.2022336,speech,272,21,1046619840.0,0.0,7421439.5,0.0,1316164.25,1918482.375,0.0,350247.3125,162765.203125,5267393.0,0.0,657696.25,382664.4375,2909326.0,2943864.0,3620614.0,1
1789706064.2674508,speech,272,13,0.0,0.0,69101464.0,69320544.0,0.0,0.0,0.0,0.0,0.0,4279828.0,1376315.25,3820393.5,0.0,10610732.0,45195256.0,41623224.0,1
1789706064.3126178,speech,271,19,32812028.0,91580136.0,69207992.0,8225095.0,21024062.0,0.0,0.0,0.0,0.0,1849881.625,0.0,4170630.5,658727.25,10954721.0,25958434.0,45212792.0,1
1789706064.3779209,speech,269,19,156433776.0,0.0,9830322.0,15231188.0,8263340.0,12422318.0,899276.0625,725745.4375,71620.9375,0.0,0.0,917410.3125,2222528.75,17428062.0,14651172.0,44277768.0,1
1789706064.4533114,speech,270,24,0.0,128096800.0,65392332.0,400053856.0,85403576.0,31941980.0,6598880.0,7357872.0,424585.03125,0.0,470856.90625,109458.3984375,1938120.25,9544879.0,41584640.0,36646908.0,1
1789706064.517115,speech,269,16,0.0,23517618.0,106089480.0,0.0,98091696.0,50114880.0,6878228.5,7290212.0,4389880.0,0.0,0.0,25266324.0,174450752.0,47972672.0,0.0,50563848.0,1
1789706064.661047,speech,282,10,120409944.0,290640640.0,32897932.0,0.0,3464415.75,0.0,0.0,0.0,0.0,0.0,0.0,370072.65625,0.0,0.0,0.0,0.0,1
1789706064.725951,speech,285,20,88500264.0,182042480.0,151870160.0,13850384.0,53828376.0,0.0,960646.3125,1129664.375,0.0,0.0,0.0,0.0,5373138.0,3794812.5,0.0,0.0,1
1789706064.883492,speech,285,12,0.0,812106.375,0.0,27895846.0,23176050.0,963855.125,81446.953125,0.0,0.0,134459.84375,0.0,0.0,1519805.25,3388244.0,703431.0,301364.5625,1
1789706064.929563,speech,279,19,18412004.0,0.0,0.0,50215772.0,44334244.0,4175645.5,0.0,0.0,61343.8828125,41376.91796875,0.0,691365.375,6423405.5,5972452.5,50343680.0,6667422.0,1
1789706064.9939928,speech,286,16,39597060.0,71731488.0,290871392.0,462257984.0,11579606.0,0.0,39803.34375,576630.6875,57843.703125,0.0,0.0,0.0,1255488.5,4501080.0,16032306.0,0.0,1
1789706065.057953,speech,277,14,133929792.0,12041232.0,102040416.0,0.0,0.0,165480.53125,247085.359375,293258.0625,246968.5625,0.0,0.0,278326.8125,0.0,924341.625,1355200.625,0.0,1
1789706065.16777,speech,277,28,34280188.0,44118048.0,1098104192.0,1137973888.0,111637560.0,8419053.0,0.0,0.0,816272.5625,637854.0625,240344.6875,776151.125,1052006.375,8303357.0,10695449.0,38706752.0,1
1789706065.2134936,speech,277,16,159752880.0,45391748.0,133950632.0,30123872.0,10725989.0,2465493.5,95131.546875,0.0,0.0,0.0,343161.5,0.0,861907.25,4744770.0,0.0,0.0,1
1789706065.294401,speech,277,30,0.0,46769896.0,217599392.0,92353944.0,69594768.0,9603221.0,4363451.0,3406810.25,85988.9453125,1080229.75,649297.0625,706505.5,722079.0,457403.8125,7373655.5,30843900.0,1
1789706065.339679,speech,267,17,13734120.0,77231512.0,0.0,610685184.0,150730528.0,107760912.0,12967078.0,0.0,2935550.0,0.0,0.0,305228.5,0.0,0.0,25282790.0,763452224.0,1
1789706065.6433754,speech,267,4,0.0,0.0,0.0,114909.140625,0.0,0.0,0.0,31697.876953125,0.0,0.0,0.0,0.0,13936.7314453125,14112.2294921875,0.0,0.0,1
1789706065.6870596,speech,276,23,277399808.0,161472304.0,396679840.0,5657428.0,6241596.5,0.0,1066595.75,0.0,229450.75,211133.828125,0.0,100698.9375,835888.125,436321.3125,400127.4375,0.0,1
1789706065.7516072,speech,273,10,0.0,303180480.0,29312700.0,12103213.0,207668.53125,0.0,0.0,0.0,0.0,103924.1640625,0.0,0.0,18411.98046875,57104.9609375,0.0,60760.9765625,1
1789706065.8336978,speech,275,28,47178024.0,63653828.0,849265920.0,93807600.0,66738716.0,1618574.0,1306334.5,0.0,1860636.25,0.0,1048730.125,224821.28125,1579600.0,9112994.0,6031943.0,27002094.0,1
1789706065.9291084,speech,275,18,10908739.0,0.0,133013216.0,83782224.0,345210048.0,5505162.5,0.0,24428150.0,26621788.0,5856043.0,0.0,7443419.0,2448310.25,35776708.0,0.0,0.0,1
1789706066.1500485,speech,270,6,48122608.0,64660000.0,100268840.0,7019571.0,0.0,2340428.25,1183448.0,0.0,0.0,0.0,0.0,0.0,0.0,0.0,0.0,0.0,1
1789706066.211131,speech,233,5,18016906.0,96817504.0,0.0,0.0,0.0,341478.09375,907961.25,0.0,0.0,0.0,0.0,0.0,0.0,199812.859375,0.0,0.0,1
1789706066.2117975,speech,270,9,0.0,180457184.0,0.0,0.0,3006886.25,0.0,1168534.625,0.0,0.0,0.0,0.0,0.0,0.0,1804889.125,770902.5625,3624188.75,1
1789706066.5302737,speech,279,14,0.0,0.0,0.0,62546088.0,146782768.0,15040534.0,6643186.0,0.0,0.0,0.0,0.0,6439427.5,18437866.0,156746624.0,37655104.0,4515242.0,1
1789706066.9739146,speech,279,3,0.0,156741.6875,0.0,0.0,0.0,0.0,0.0,88208.9453125,0.0,0.0,0.0,0.0,0.0,0.0,0.0,0.0,1
1789706067.134493,speech,278,10,0.0,0.0,0.0,0.0,10111247.0,195133.90625,1083061.875,0.0,0.0,0.0,0.0,200417.90625,0.0,214697.453125,242168.125,0.0,1
1789706067.2040145,speech,251,9,0.0,83294688.0,276219936.0,0.0,886905.0,89053.375,0.0,0.0,0.0,0.0,0.0,0.0,0.0,2473144.5,1665116.5,6758009.5,1
1789706067.268639,speech,280,6,23163298.0,818687680.0,0.0,0.0,0.0,652310.125,0.0,0.0,0.0,0.0,0.0,0.0,3769283.0,4330780.0,0.0,0.0,1
1789706068.30279,speech,255,12,0.0,144425984.0,231155616.0,0.0,4221179.5,2119965.5,1258156.25,0.0,0.0,0.0,64756.7421875,202102.09375,2343965.0,16119636.0,7326619.0,0.0,1
1789706068.3738875,speech,257,9,0.0,15785987.0,0.0,0.0,89281392.0,49011064.0,7676656.0,2994252.0,0.0,0.0,0.0,0.0,916900.125,6704394.0,0.0,0.0,1
1789706068.438681,speech,244,8,0.0,0.0,0.0,0.0,48817308.0,239258144.0,33199550.0,0.0,0.0,0.0,0.0,0.0,0.0,26319284.0,0.0,0.0,1
1789706068.5032089,speech,244,3,0.0,0.0,0.0,0.0,0.0,0.0,43123496.0,0.0,24146016.0,0.0,0.0,0.0,0.0,0.0,0.0,0.0,1
1789706068.9349225,speech,243,16,94000848.0,7459889.0,62885252.0,0.0,5540275.5,1148133.625,1814832.25,216235.890625,0.0,0.0,0.0,49806.76171875,90109.9140625,221194.65625,220365.0625,0.0,1
1789706068.9947505,speech,243,6,0.0,0.0,0.0,0.0,9210093.0,819873.25,0.0,0.0,0.0,0.0,0.0,0.0,101715.28125,347493.90625,0.0,0.0,1
1789706069.1574647,speech,3,5,0.0,0.0,77480160.0,0.0,0.0,0.0,0.0,60519.2578125,0.0,0.0,0.0,1178989.625,0.0,374258.5625,0.0,0.0,1
1789706069.6952453,speech,247,15,1062701.0,0.0,67152048.0,15849129.0,17454812.0,12440171.0,7740384.0,1096353.375,0.0,235459.25,0.0,0.0,0.0,147284.96875,0.0,0.0,1
1789706069.8544636,speech,246,7,1986995.75,0.0,0.0,0.0,0.0,216514784.0,89421888.0,0.0,0.0,0.0,0.0,1464966.75,0.0,10058370.0,0.0,0.0,1
1789706069.9172356,speech,246,6,5530233.5,3158789.5,0.0,80952688.0,0.0,0.0,0.0,0.0,0.0,331802.625,0.0,0.0,0.0,0.0,0.0,0.0,1
1789706069.9714484,speech,246,6,7994712.0,10519444.0,0.0,12641476.0,0.0,0.0,0.0,1874105.875,0.0,0.0,0.0,0.0,0.0,0.0,4270721.0,0.0,1
1789706070.2963417,speech,222,20,26965512.0,240225872.0,146962336.0,12647672.0,0.0,1544049.0,1023861.75,0.0,951499.75,1105991.625,436762.1875,1758163.5,459387.46875,420898.96875,1256742.875,0.0,1
1789706070.3534358,speech,222,7,0.0,150204096.0,0.0,0.0,2947297.5,0.0,72370.4453125,0.0,0.0,53318.76953125,208295.5,0.0,0.0,219867.40625,0.0,0.0,1
1789706070.6134634,speech,217,5,16508933.0,58108296.0,0.0,0.0,0.0,0.0,0.0,0.0,173946.71875,0.0,0.0,0.0,0.0,0.0,121707.296875,0.0,1
1789706070.866281,speech,219,19,5493637.0,0.0,0.0,0.0,6965191.0,306128448.0,42364004.0,10553156.0,24168390.0,9835981.0,0.0,970751.1875,844668.25,2416288.5,6021511.0,0.0,1
1789706070.9237347,speech,208,20,1641551.5,7067429.5,12924298.0,63644396.0,96037024.0,345452416.0,115038688.0,20343870.0,0.0,762414.4375,0.0,0.0,3840748.5,8819831.0,7538769.5,29452080.0,1
1789706070.9864337,speech,217,6,2203284.25,17066474.0,0.0,27729028.0,0.0,0.0,0.0,0.0,0.0,17441446.0,19499826.0,0.0,1410003.25,0.0,0.0,0.0,1
1789706071.0878794,speech,213,10,19235346.0,0.0,71823304.0,0.0,76729544.0,0.0,0.0,139446.71875,0.0,0.0,0.0,579793.125,0.0,1553332.25,0.0,0.0,1
1789706071.1464036,speech,206,6,9173778.0,0.0,0.0,40063128.0,0.0,0.0,0.0,164067.3125,0.0,557556.25,0.0,0.0,0.0,288465.71875,0.0,0.0,1
1789706071.4980068,speech,217,14,89100720.0,10025941.0,0.0,0.0,290011.625,338679.875,192161.125,0.0,0.0,142903.78125,79911.5859375,0.0,0.0,60120.99609375,53057.0703125,0.0,1
1789706071.5560222,speech,211,10,157575872.0,25906422.0,0.0,0.0,649795.8125,0.0,0.0,0.0,107904.3046875,74492.640625,148103.296875,0.0,0.0,91742.109375,20541.796875,0.0,1
1789706071.6891036,speech,217,11,0.0,0.0,0.0,1693180.375,0.0,0.0,2835407.25,0.0,143501.1875,610882.875,0.0,0.0,0.0,667630.3125,768389.6875,128070.5546875,1
1789706071.746831,speech,212,12,47881488.0,0.0,65154380.0,0.0,0.0,399521.75,1074841.125,0.0,0.0,438747.4375,0.0,91225.265625,0.0,249710.34375,234349.265625,0.0,1
1789706071.819768,speech,220,13,181322464.0,0.0,131108240.0,0.0,2158282.0,276795.625,980496.375,0.0,0.0,174414.71875,478082.125,42196.1328125,177586.78125,96739.0234375,81877.484375,0.0,1
1789706071.9736648,speech,215,19,0.0,0.0,0.0,431686880.0,114884392.0,39134900.0,14987027.0,0.0,37407640.0,174161744.0,139407152.0,0.0,0.0,240447.609375,441578.21875,1310025.25,1
1789706072.100687,speech,215,5,0.0,0.0,1307025.625,0.0,0.0,0.0,0.0,0.0,0.0,0.0,0.0,0.0,0.0,28804288.0,30447400.0,0.0,1
1789706072.1454334,speech,206,9,0.0,0.0,0.0,0.0,1621512.0,545766.1875,0.0,0.0,2739168.75,0.0,0.0,52098760.0,7959336.5,50513280.0,0.0,0.0,1
1789706072.208817,speech,208,14,190336448.0,10521776.0,0.0,0.0,289027.09375,15253280.0,5907820.5,41309052.0,55284896.0,528165664.0,337433984.0,0.0,2629828.75,0.0,0.0,0.0,1
1789706072.2902796,speech,208,4,0.0,0.0,0.0,0.0,33909400.0,0.0,408525.59375,0.0,0.0,0.0,0.0,0.0,0.0,0.0,0.0,0.0,1
1789706072.3358545,speech,208,3,0.0,0.0,0.0,0.0,0.0,0.0,1184033.875,0.0,0.0,0.0,0.0,0.0,0.0,365717.90625,314802.0625,0.0,1
1789706073.2069712,speech,201,9,0.0,0.0,0.0,0.0,0.0,264892.40625,1203689.75,663945.875,0.0,0.0,0.0,0.0,12625216.0,4503663.5,5010395.0,0.0,1
1789706073.2664149,speech,194,8,0.0,0.0,0.0,0.0,0.0,401241.4375,0.0,0.0,0.0,0.0,0.0,0.0,61696708.0,2218356.75,17444462.0,17600412.0,1
1789706073.330279,speech,215,11,218143744.0,22811304.0,0.0,5315465.5,0.0,22264512.0,61774456.0,0.0,87549648.0,0.0,0.0,0.0,0.0,0.0,2321781.5,0.0,1
1789706073.3932445,speech,216,7,62778800.0,56955000.0,0.0,0.0,0.0,0.0,0.0,0.0,0.0,0.0,0.0,0.0,209281.0,393289.78125,0.0,750318.5625,1
1789706073.6833787,speech,224,12,40323928.0,4399188.5,0.0,0.0,484283.875,0.0,91511.3125,1332349.5,0.0,451562.5,0.0,0.0,67101.5234375,244824.640625,42439.79296875,0.0,1
1789706073.7402778,speech,205,6,10290428.0,0.0,0.0,0.0,127141.96875,969737.1875,0.0,0.0,0.0,1935947.25,0.0,0.0,0.0,0.0,0.0,0.0,1
1789706073.8032682,speech,218,14,42495872.0,0.0,0.0,0.0,105420.21875,30483.03515625,271722.6875,937316.625,0.0,7393352.5,1157777.0,0.0,363920.46875,693581.0,384225.8125,0.0,1
1789706073.8656983,speech,221,6,27409618.0,0.0,0.0,2611196.0,105450.0078125,349737.8125,0.0,0.0,0.0,0.0,0.0,0.0,0.0,55042.8984375,0.0,0.0,1
1789706073.927958,speech,214,23,21428846.0,0.0,713515.0625,505796672.0,1601827.0,14571638.0,100114.203125,1285566.75,0.0,1239740.5,151117.53125,964522.5625,54380820.0,28424050.0,6291330.0,629501.5625,1
1789706073.989486,speech,199,21,242664.90625,0.0,1645297.875,214969824.0,23569300.0,144186208.0,0.0,536418.1875,0.0,375749.875,9529407.0,3546092.25,190723376.0,83922464.0,100419144.0,6198065.0,1
1789706074.0528104,speech,210,12,0.0,0.0,0.0,0.0,289493152.0,65421792.0,10982149.0,528853.125,0.0,12216467.0,0.0,0.0,0.0,86401616.0,0.0,0.0,1
1789706074.1584132,speech,210,11,3014554.0,14363674.0,0.0,0.0,0.0,10780492.0,12980415.0,45850780.0,0.0,97510576.0,61499548.0,0.0,0.0,0.0,0.0,0.0,1
1789706074.2041461,speech,210,6,9489502.0,0.0,0.0,123918488.0,0.0,3591686.5,0.0,0.0,0.0,0.0,718924.5625,0.0,0.0,0.0,0.0,0.0,1
1789706074.283747,speech,206,12,208257344.0,25613752.0,0.0,10408837.0,51262276.0,0.0,17384440.0,2283326.0,0.0,0.0,0.0,0.0,210648.875,0.0,235692.1875,0.0,1
1789706074.4424884,speech,206,6,0.0,0.0,0.0,0.0,41594.453125,0.0,0.0,0.0,0.0,0.0,0.0,0.0,523015.3125,1091929.5,1155792.5,0.0,1
1789706074.4868984,speech,202,13,2896166.5,0.0,0.0,0.0,2824743.5,0.0,0.0,0.0,0.0,720314.9375,2472784.5,4197325.5,12209359.0,4014236.75,884465.0,0.0,1
1789706074.5508037,speech,220,8,2612565.0,0.0,261690864.0,0.0,11878110.0,24618544.0,263733.75,0.0,962701.25,0.0,0.0,0.0,0.0,0.0,0.0,0.0,1
1789706074.8358634,speech,197,18,0.0,0.0,5182474.0,6113750.5,1232885.125,0.0,0.0,367867.0625,0.0,1998582.0,1794456.0,21508072.0,27728190.0,14796559.0,9388153.0,0.0,1
1789706075.057083,speech,197,4,0.0,0.0,0.0,0.0,0.0,0.0,0.0,0.0,0.0,19332.31640625,0.0,0.0,304103.1875,5292.9912109375,0.0,0.0,1
1789706075.1028712,speech,215,21,0.0,25506788.0,0.0,17468592.0,2016274.0,7336473.0,4276020.5,1310274.5,0.0,1077801.125,2895659.0,981215.625,1899249.0,954303.0,704106.3125,0.0,1
1789706075.3933766,speech,359,6,0.0,0.0,10387787.0,0.0,0.0,0.0,0.0,0.0,0.0,0.0,42090.03125,0.0,88246.265625,33624.1953125,37727.3671875,0.0,1
1789706075.4948092,speech,221,17,2668703.75,0.0,46604792.0,34084728.0,29655412.0,3505296.25,6534531.0,0.0,0.0,37009400.0,0.0,15999717.0,8024287.0,1588462.875,19411864.0,0.0,1
1789706075.7708333,speech,198,12,28308188.0,0.0,0.0,0.0,0.0,0.0,0.0,0.0,0.0,756646.0,0.0,2851893.0,6103760.5,35552332.0,8711237.0,0.0,1
1789706075.8296258,speech,211,16,12396012.0,69088240.0,56200408.0,16361359.0,81490760.0,6962179.0,8066969.0,0.0,0.0,0.0,0.0,0.0,0.0,0.0,4937167.5,0.0,1
1789706075.8930721,speech,206,16,66082704.0,33295988.0,22187824.0,70743392.0,3609130.75,13509209.0,1777513.25,0.0,0.0,1597933.625,0.0,692263.375,2515746.25,0.0,3848920.25,0.0,1
1789706075.9624128,speech,207,7,0.0,12353384.0,4019457.0,0.0,0.0,1405689.875,0.0,0.0,0.0,195943.484375,667701.375,316713.84375,0.0,0.0,0.0,0.0,1
1789706076.0574307,speech,234,9,31064956.0,58868584.0,0.0,0.0,1164217.375,0.0,97415.3828125,47928.74609375,0.0,0.0,0.0,0.0,0.0,70600.328125,0.0,0.0,1
1789706076.183895,speech,206,5,0.0,0.0,0.0,0.0,307852.90625,460034.625,0.0,49679.734375,0.0,0.0,0.0,129326.1640625,0.0,0.0,0.0,0.0,1
1789706076.30501,speech,216,9,89922472.0,105560128.0,0.0,3337221.0,0.0,456687.9375,0.0,0.0,0.0,0.0,339731.4375,0.0,106515.625,0.0,963514.9375,253330.1875,1
1789706077.0705202,speech,212,15,172371776.0,0.0,0.0,3546112.25,0.0,0.0,0.0,0.0,591524.6875,0.0,215910.25,187991.25,532686.125,913561.375,376182.09375,0.0,1
1789706077.129705,speech,226,8,0.0,27589702.0,0.0,0.0,298416.84375,139955.546875,1052069.5,380929.90625,0.0,193906.46875,0.0,0.0,0.0,0.0,0.0,0.0,1
1789706077.1922815,speech,215,15,0.0,2267258.75,0.0,0.0,35608360.0,27808534.0,3853998.0,0.0,20150138.0,156715744.0,0.0,0.0,11892285.0,10148713.0,1625824.375,0.0,1
1789706077.2539692,speech,214,13,18705684.0,0.0,0.0,95862680.0,412777504.0,470500192.0,269572672.0,37206104.0,175216880.0,28516624.0,0.0,0.0,0.0,0.0,0.0,0.0,1
1789706077.3174417,speech,214,15,0.0,0.0,13958338.0,199261328.0,0.0,537656320.0,163568384.0,0.0,69247696.0,604697408.0,45788164.0,13210565.0,1184074.25,0.0,1066915.5,0.0,1
1789706077.367237,speech,215,9,0.0,0.0,0.0,0.0,222525632.0,128984400.0,111614016.0,0.0,21568500.0,313834656.0,135841984.0,0.0,0.0,0.0,0.0,0.0,1
1789706077.9891675,speech,217,13,10567879.0,0.0,7529273.0,131274368.0,35078856.0,5864939.0,2325586.25,628789.3125,0.0,1874362.25,4678833.5,0.0,0.0,232623.9375,2030924.0,0.0,1
1789706078.0472064,speech,211,12,44330992.0,0.0,0.0,0.0,0.0,0.0,1457623.75,0.0,0.0,172539.03125,0.0,1515936.0,257325.3125,1461981.75,1857261.75,0.0,1
1789706078.1453578,speech,205,10,352617984.0,0.0,0.0,32666934.0,0.0,3946948.5,238661.515625,0.0,0.0,802979.8125,0.0,0.0,0.0,285052.5625,0.0,0.0,1
1789706078.2035708,speech,205,7,16970870.0,0.0,6335029.0,13246291.0,0.0,0.0,0.0,0.0,348989.4375,1274493.125,0.0,180370.75,143437.578125,0.0,0.0,0.0,1
1789706078.2526104,speech,214,9,205846912.0,0.0,0.0,0.0,572252.0,1521982.125,2148565.5,0.0,0.0,0.0,0.0,0.0,0.0,0.0,359966.625,0.0,1
1789706078.3163874,speech,231,18,54401216.0,119601952.0,30463002.0,0.0,646233.75,581883.375,0.0,0.0,401476.84375,783305.3125,509539.375,185419.375,322329.8125,834466.1875,0.0,473685.0625,1
1789706078.5580525,speech,218,5,0.0,0.0,0.0,0.0,0.0,0.0,135053.078125,0.0,130182.2890625,629282.6875,435087.46875,0.0,0.0,143007.890625,0.0,0.0,1
1789706078.8430028,speech,206,11,0.0,0.0,0.0,0.0,1092947.25,0.0,208163.625,0.0,53420.3671875,61893.4765625,0.0,0.0,137777.15625,1042767.25,2645689.0,0.0,1
1789706078.902155,speech,196,16,0.0,0.0,0.0,1198379.125,0.0,1873258.75,709460.6875,0.0,294903.03125,1554741.75,680240.875,916130.375,0.0,1065062.25,6923716.0,0.0,1
1789706078.9654195,speech,211,14,422178592.0,0.0,14228158.0,0.0,0.0,4374957.0,156230.25,0.0,5835486.0,0.0,1683480.0,2966295.5,255206.59375,420989.03125,2372675.5,0.0,1
1789706079.0286624,speech,211,14,0.0,0.0,7176517.5,0.0,0.0,6234377.0,769933.9375,573966.9375,615612.875,8025077.5,0.0,0.0,1683774.375,21615936.0,62003768.0,0.0,1
1789706079.0783901,speech,204,7,0.0,0.0,0.0,0.0,0.0,4025302.5,0.0,0.0,6527728.0,0.0,0.0,0.0,6641205.5,1479214.75,0.0,181429408.0,1
1789706079.2555661,speech,209,11,172086160.0,21245548.0,14411409.0,0.0,0.0,16815252.0,57846764.0,0.0,0.0,1352047.25,0.0,0.0,0.0,0.0,0.0,0.0,1
1789706079.3821332,speech,211,22,72998808.0,46218832.0,0.0,94092808.0,17679632.0,0.0,4942036.0,246925.5625,235874.046875,21656054.0,0.0,17226768.0,15496632.0,6177665.0,5590974.0,1822142.25,1
1789706079.441484,speech,217,12,18288264.0,72546552.0,128483336.0,111335232.0,232075.65625,498555.5625,0.0,0.0,0.0,1406864.75,3694437.5,0.0,596638.75,0.0,0.0,0.0,1
1789706079.7302566,speech,215,20,10305628.0,30108290.0,0.0,36479368.0,98898568.0,6201696.0,0.0,0.0,853449.625,1220419.875,0.0,1218065.5,187606.90625,732802.9375,1411583.375,4163639.75,1
1789706079.82565,speech,214,17,9569637.0,0.0,18929580.0,229663392.0,0.0,24599966.0,18072012.0,0.0,5099852.0,7950437.5,0.0,0.0,64401.19921875,2760129.5,184066.34375,0.0,1
1789706079.9527407,speech,224,12,0.0,0.0,0.0,0.0,489685920.0,38455460.0,19307712.0,0.0,721758.875,5177287.0,3833685.0,0.0,0.0,0.0,0.0,0.0,1
1789706080.0109036,speech,214,18,8199918.0,0.0,0.0,0.0,203750640.0,176945504.0,27258136.0,4984098.0,8426902.0,58156596.0,48321024.0,18230960.0,0.0,2963809.0,586011.1875,0.0,1
1789706080.1427534,speech,214,13,3907361.5,28356272.0,0.0,22981844.0,8436758.0,0.0,958719.875,177319.65625,0.0,0.0,0.0,0.0,451716.1875,240334.71875,310292.4375,740850.6875,1
1789706080.1887183,speech,212,15,35425140.0,4906341.5,0.0,183910496.0,115341520.0,19356642.0,0.0,0.0,194755.625,1288865.875,0.0,0.0,0.0,404419.5625,121507.9453125,0.0,1
1789706080.251173,speech,205,15,9145422.0,0.0,48438672.0,130950208.0,0.0,181815040.0,18880140.0,3503731.5,4539381.0,3808873.0,0.0,335486.40625,187886.53125,422508.9375,0.0,1236407.75,1
1789706080.3142684,speech,208,12,0.0,0.0,6218291.0,32579360.0,109269720.0,32926658.0,0.0,1722938.5,0.0,4402321.5,0.0,126727.0078125,88759.3828125,156893.8125,0.0,0.0,1
1789706080.6478102,speech,206,11,0.0,312182.84375,0.0,305366.46875,181483.4375,0.0,222323.28125,0.0,104859.28125,54217.1484375,0.0,0.0,81868.171875,181321.546875,657620.1875,0.0,1
1789706080.8695288,speech,208,16,24362580.0,0.0,0.0,126105184.0,30421332.0,11284440.0,2012286.25,1630169.375,291575.21875,0.0,0.0,0.0,122489.046875,109039.046875,72008.5234375,0.0,1
1789706080.927601,speech,208,8,1903857.25,0.0,26453824.0,0.0,23026096.0,0.0,5200200.0,0.0,0.0,0.0,0.0,0.0,195101.03125,468588.75,0.0,0.0,1
1789706080.9774632,speech,203,18,0.0,0.0,52101540.0,0.0,104652272.0,11314706.0,3098812.0,0.0,1643459.25,19405040.0,0.0,16440544.0,26243600.0,70992880.0,124822960.0,0.0,1
1789706081.0399487,speech,211,17,0.0,0.0,170662976.0,0.0,478778368.0,368946208.0,14065022.0,10309595.0,22673226.0,0.0,0.0,19793492.0,41157860.0,135461664.0,63513432.0,0.0,1
1789706081.1028275,speech,201,19,0.0,158529216.0,86339864.0,0.0,587909120.0,253872080.0,0.0,0.0,0.0,58873168.0,46718592.0,98377080.0,54091608.0,55984384.0,302231008.0,0.0,1
1789706081.3445897,speech,209,11,61451276.0,0.0,0.0,0.0,0.0,88389.765625,0.0,867513.3125,1777182.875,1773261.75,630922.75,0.0,0.0,96356.171875,0.0,0.0,1
1789706081.5666425,speech,212,22,36377768.0,300772352.0,155072032.0,287215488.0,33594000.0,85234072.0,9461887.0,3586812.0,0.0,1780815.25,3443276.25,443375.4375,2195855.0,368061.0,361667.59375,851051.9375,1
1789706081.7246716,speech,218,12,12402507.0,28654168.0,0.0,0.0,276299264.0,32125460.0,6210564.0,0.0,0.0,21629908.0,0.0,4747336.0,42134720.0,0.0,0.0,78358032.0,1
1789706081.7837677,speech,218,12,14289158.0,29600404.0,58672548.0,129667240.0,0.0,36847668.0,1387440.0,1128138.0,0.0,4044016.5,0.0,0.0,0.0,4963375.0,0.0,0.0,1
1789706081.8325617,speech,197,14,0.0,0.0,0.0,117053736.0,99809400.0,17265594.0,9454892.0,233078.5625,984656.8125,0.0,318554.40625,0.0,15225388.0,6609334.0,34789680.0,60321648.0,1
1789706081.9773157,speech,221,4,36315464.0,128159120.0,0.0,0.0,0.0,0.0,0.0,0.0,0.0,0.0,0.0,0.0,0.0,0.0,0.0,0.0,1
1789706082.0475872,speech,193,14,44854256.0,0.0,0.0,0.0,3993518.5,0.0,2885955.5,0.0,0.0,3668366.5,0.0,0.0,773498.0,26401044.0,15200140.0,45577272.0,1
1789706082.1135676,speech,219,11,20730434.0,0.0,0.0,0.0,256489504.0,267403184.0,852688.5,14402984.0,0.0,1689359.25,0.0,0.0,6893107.0,0.0,0.0,201926016.0,1
1789706082.2007494,speech,219,6,0.0,68554208.0,0.0,0.0,7156233.0,0.0,1891825.5,0.0,0.0,0.0,0.0,179197.078125,149164.59375,0.0,0.0,0.0,1
1789706082.6113303,speech,17,3,0.0,4882745.5,0.0,0.0,9631466.0,0.0,0.0,0.0,0.0,0.0,0.0,0.0,0.0,0.0,0.0,0.0,1
1789706082.6552665,speech,208,18,0.0,32515604.0,0.0,30579068.0,0.0,0.0,999891.1875,13824103.0,38164532.0,98403312.0,13460030.0,0.0,297167.8125,918543.8125,500875.34375,0.0,1
1789706082.71812,speech,207,8,0.0,0.0,0.0,353409216.0,26463096.0,20419586.0,11858898.0,0.0,0.0,0.0,0.0,0.0,714054.625,0.0,0.0,0.0,1
1789706082.7817674,speech,207,7,0.0,5649400.5,0.0,0.0,0.0,0.0,0.0,0.0,0.0,1055872.0,107692.21875,0.0,333330.3125,357900.40625,0.0,0.0,1
1789706082.827,speech,211,7,293021408.0,460442656.0,0.0,0.0,7179010.0,0.0,0.0,0.0,0.0,4625678.5,0.0,0.0,0.0,0.0,0.0,0.0,1
1789706082.9586852,speech,211,7,2685070.25,10938786.0,0.0,0.0,347559.625,0.0,0.0,0.0,0.0,143559.15625,0.0,0.0,159286.75,0.0,101776.046875,0.0,1
1789706083.0033214,speech,202,8,309241440.0,222641488.0,0.0,0.0,0.0,0.0,0.0,0.0,0.0,193800.390625,0.0,1300896.0,360815.125,864423.875,0.0,0.0,1
1789706083.0863008,speech,219,15,0.0,0.0,0.0,0.0,140271584.0,24426308.0,8773914.0,94956.7578125,1023246.625,1086670.375,0.0,4343151.0,22081472.0,0.0,0.0,0.0,1
1789706083.1485996,speech,190,15,16275110.0,675688.0625,0.0,0.0,56732288.0,90145168.0,0.0,6521389.0,39759100.0,0.0,0.0,86273840.0,83394048.0,242326640.0,59468284.0,0.0,1
1789706083.2080736,speech,198,11,0.0,0.0,0.0,0.0,67246248.0,169401232.0,0.0,9823602.0,91691656.0,191498336.0,0.0,0.0,300794976.0,60660332.0,0.0,0.0,1
1789706083.9096372,speech,217,18,67552864.0,0.0,0.0,0.0,92301112.0,6330273.0,0.0,321253.625,2730273.5,420517.21875,419821.46875,406561.6875,137346.734375,1296878.25,0.0,0.0,1
1789706083.9723952,speech,212,14,45986864.0,0.0,43130588.0,0.0,2296491.0,0.0,2306371.5,1458156.625,1213332.75,1013729.4375,0.0,0.0,0.0,125234.625,216705.96875,0.0,1
1789706084.0355465,speech,215,16,78799504.0,0.0,220258832.0,0.0,65157412.0,68841496.0,2652285.25,0.0,0.0,4116009.5,351151.8125,0.0,0.0,3027919.25,381496.15625,0.0,1
1789706084.1625774,speech,218,21,32974460.0,0.0,0.0,34749052.0,447311296.0,27435938.0,86475296.0,2927438.5,41299368.0,4327772.0,0.0,6792454.5,37754388.0,728650.125,0.0,0.0,1
1789706084.2260287,speech,218,14,12436343.0,12498585.0,7061474.5,5872508.0,289619744.0,181089264.0,30082156.0,0.0,21107816.0,113794528.0,0.0,0.0,17544770.0,39468748.0,0.0,0.0,1
1789706084.272757,speech,215,11,0.0,3716094.5,0.0,77912080.0,184980320.0,129974064.0,23101568.0,15575554.0,0.0,112184808.0,0.0,34251236.0,0.0,177118416.0,0.0,0.0,1
1789706084.4473908,speech,212,15,101932808.0,157556960.0,0.0,0.0,111330624.0,41885180.0,15749682.0,4963832.5,22887740.0,102730592.0,0.0,602185.8125,1024035.375,0.0,0.0,0.0,1
1789706084.50541,speech,202,10,0.0,0.0,0.0,0.0,32366152.0,3238268.75,725923.3125,0.0,26135014.0,6969497.0,60235360.0,2086259.0,0.0,0.0,0.0,0.0,1
1789706084.5686285,speech,217,16,102565192.0,323701760.0,0.0,40840736.0,17350978.0,0.0,767915.0625,0.0,2192366.5,40082108.0,0.0,0.0,12318429.0,9885091.0,1401076.375,1003393.5625,1
1789706084.6327674,speech,215,5,92383104.0,12677876.0,0.0,0.0,16401339.0,0.0,0.0,0.0,0.0,0.0,0.0,0.0,0.0,618181.6875,0.0,0.0,1
1789706084.695471,speech,208,7,0.0,0.0,0.0,0.0,0.0,2866313.25,257977.46875,0.0,0.0,0.0,0.0,3557854.0,1409868.875,488362.5,0.0,0.0,1
1789706084.9540532,speech,214,13,6630263.0,0.0,0.0,0.0,2111456.0,6218275.5,0.0,0.0,0.0,150105.03125,815020.375,477358.375,2383268.5,1001554.75,0.0,0.0,1
1789706085.0472198,speech,209,17,329679360.0,0.0,0.0,0.0,77758128.0,17222908.0,14415505.0,0.0,0.0,7713358.0,8636175.0,0.0,1400495.25,527468.4375,0.0,0.0,1
1789706085.2374337,speech,205,19,1246321920.0,0.0,0.0,1157813.0,12532649.0,2419473.0,3077813.5,1172935.875,849539.75,10799482.0,0.0,1990025.5,0.0,1889174.5,0.0,0.0,1
1789706085.2967546,speech,202,8,586776832.0,0.0,0.0,0.0,0.0,0.0,3146722.25,273114.65625,58500.875,0.0,0.0,0.0,0.0,765790.625,0.0,0.0,1
1789706085.3604884,speech,202,5,0.0,0.0,0.0,0.0,0.0,1902230.75,2533640.0,0.0,0.0,0.0,0.0,0.0,3114868.0,1012584.25,0.0,680053.75,1
1789706085.4283547,speech,216,9,0.0,0.0,65896940.0,0.0,4153888.0,428054.53125,0.0,0.0,0.0,0.0,0.0,735923.75,2366270.0,0.0,0.0,2278549.5,1
1789706085.6493275,speech,234,11,164043584.0,0.0,18249186.0,0.0,130272.3046875,734881.8125,1557904.625,0.0,0.0,99391.84375,97889.4609375,0.0,20476.9609375,132187.125,0.0,0.0,1
1789706085.74451,speech,214,25,113983264.0,118820816.0,233972096.0,0.0,66294312.0,13722697.0,0.0,579109.3125,514382.34375,3766084.25,218582.578125,2826674.75,1620145.0,1377509.625,393468.71875,0.0,1
1789706085.8031073,speech,214,8,0.0,0.0,0.0,0.0,5382335.0,569242.0,1963241.75,418673.96875,970714.75,0.0,0.0,0.0,0.0,176858.25,124365.3984375,0.0,1
1789706085.852679,speech,203,21,19576716.0,0.0,0.0,0.0,0.0,69646672.0,70813432.0,0.0,21517250.0,145167040.0,30573316.0,23994032.0,40994420.0,108998032.0,52040736.0,86143552.0,1
1789706085.916366,speech,215,15,0.0,35708452.0,4633928.0,0.0,88481104.0,112768608.0,188969248.0,0.0,84986944.0,268852800.0,0.0,0.0,23922732.0,75103176.0,0.0,0.0,1
1789706085.979068,speech,213,8,0.0,0.0,0.0,22275264.0,26963530.0,0.0,132879568.0,0.0,0.0,0.0,0.0,0.0,0.0,21868324.0,0.0,0.0,1
1789706086.091263,speech,190,6,557007.6875,0.0,98518776.0,0.0,0.0,836702.75,447483.1875,0.0,2105517.0,0.0,0.0,95757.140625,0.0,0.0,0.0,0.0,1
1789706086.1514688,speech,213,12,21212706.0,0.0,0.0,0.0,266882.875,6404079.0,393734.46875,294366.8125,0.0,2750455.75,2061084.5,0.0,140126.875,479741.84375,0.0,0.0,1
1789706086.4410026,speech,214,7,0.0,0.0,0.0,204129.0,0.0,91968.265625,40161.5703125,0.0,93282.4375,140160.53125,323790.5625,64728.78515625,0.0,0.0,0.0,0.0,1
1789706086.4997375,speech,214,16,0.0,39992632.0,0.0,736465280.0,404409600.0,425121536.0,54690252.0,0.0,36909892.0,221345312.0,0.0,0.0,34990800.0,20506704.0,0.0,44925124.0,1
1789706086.5485575,speech,214,6,0.0,0.0,0.0,735635008.0,0.0,0.0,11510578.0,7525358.0,0.0,11514278.0,0.0,5439639.0,0.0,0.0,0.0,0.0,1
1789706086.5939283,speech,214,5,11659658.0,0.0,0.0,0.0,0.0,0.0,0.0,601057.4375,0.0,0.0,0.0,428159.5625,627677.625,0.0,2054886.75,0.0,1
1789706086.9154332,speech,213,11,28582294.0,0.0,0.0,0.0,92783480.0,885985.5625,2739651.0,0.0,0.0,3650540.0,0.0,0.0,9007681.0,2790637.75,0.0,0.0,1
1789706086.9746108,speech,213,5,0.0,0.0,0.0,0.0,0.0,258134.8125,753541.625,0.0,0.0,0.0,0.0,232959.328125,0.0,0.0,0.0,0.0,1
1789706087.0233855,speech,214,13,0.0,6315777.5,0.0,286810464.0,274967296.0,371710880.0,14804094.0,0.0,303285.125,0.0,776980.0625,0.0,0.0,119933.3125,0.0,0.0,1
1789706087.085852,speech,211,11,0.0,0.0,0.0,0.0,268228512.0,0.0,6572118.0,2662646.25,0.0,135429856.0,45071888.0,1605382.625,218221.25,213837.078125,0.0,0.0,1
1789706087.4843135,speech,210,20,117586584.0,181645776.0,2365571.0,0.0,654393.3125,1569728.125,794961.9375,154325.828125,102208.3828125,299154.25,0.0,86898.3046875,42835.84765625,158330.78125,33624.10546875,0.0,1
1789706087.54287,speech,213,15,400180224.0,808103168.0,0.0,90824816.0,5311789.0,4514682.0,3389187.5,267931.375,5096145.5,149036.03125,0.0,0.0,125482.8515625,596407.125,0.0,0.0,1
1789706087.6044567,speech,214,21,0.0,0.0,7996417.5,179239616.0,185974.5625,41714016.0,7511484.5,6129619.5,9437919.0,0.0,0.0,91452.375,692469.625,294196.8125,1519211.0,649981.6875,1
1789706087.6676526,speech,210,24,237805280.0,11110873.0,0.0,0.0,0.0,15155346.0,48725016.0,25858518.0,116268160.0,59807952.0,27361416.0,6696343.0,2458593.0,2219147.5,6080886.5,12499374.0,1
1789706087.7306082,speech,214,13,0.0,0.0,37318884.0,0.0,277946496.0,55004032.0,127237456.0,6928621.0,114093064.0,68364608.0,39498940.0,0.0,12805388.0,0.0,0.0,0.0,1
1789706087.7936091,speech,217,9,6726521.0,0.0,0.0,18232504.0,109541656.0,117731536.0,50497648.0,0.0,0.0,25959000.0,0.0,0.0,0.0,0.0,0.0,0.0,1
1789706088.0873415,speech,217,11,0.0,647467.625,239566.359375,1207402.25,0.0,0.0,201468.4375,0.0,397879.9375,2443156.0,0.0,447616.6875,0.0,116386.6875,0.0,0.0,1
1789706088.1321578,speech,204,12,0.0,0.0,0.0,0.0,0.0,1840957.5,4897384.0,1439038.25,785912.5,13506038.0,0.0,0.0,0.0,4537807.0,6366100.5,1262063.5,1
1789706088.1944666,speech,222,33,151035520.0,621189632.0,223368672.0,22434638.0,46336020.0,0.0,6954716.0,7683971.0,8383435.0,20283884.0,7110009.0,5919367.5,12527870.0,30215024.0,8767598.0,15794489.0,1
1789706088.3077977,speech,216,24,5283900.5,107277712.0,0.0,1421089280.0,822211584.0,84558464.0,35793520.0,33770644.0,103135680.0,172796784.0,72481824.0,189234016.0,67781624.0,0.0,0.0,0.0,1
1789706088.3648913,speech,209,13,0.0,33949848.0,0.0,1716569600.0,0.0,151670672.0,80016872.0,453569152.0,992671552.0,6818343.0,17544964.0,0.0,0.0,0.0,0.0,0.0,1
1789706088.4269674,speech,209,9,1157995.875,12659254.0,9878121.0,0.0,0.0,421951040.0,131064832.0,87445232.0,0.0,0.0,0.0,0.0,0.0,0.0,0.0,0.0,1
1789706088.4775307,speech,209,12,7316130.0,0.0,0.0,0.0,0.0,82283888.0,6978514.0,0.0,0.0,0.0,0.0,53225904.0,153646704.0,139758448.0,37066712.0,979837.625,1
1789706088.5609512,speech,212,7,71248648.0,67795528.0,0.0,0.0,8715336.0,1027766.0625,0.0,0.0,0.0,0.0,0.0,0.0,0.0,0.0,0.0,0.0,1
1789706088.7510724,speech,217,12,94238448.0,108742496.0,229590448.0,0.0,6860192.0,282265024.0,91447192.0,0.0,0.0,0.0,0.0,0.0,208174.0625,279860.03125,0.0,1512842.5,1
1789706089.4775248,speech,215,10,0.0,0.0,0.0,0.0,1488465.0,0.0,2438342.25,0.0,32727238.0,9019639.0,0.0,0.0,1138272.75,481182.9375,1985006.5,1092646.375,1
1789706089.5360553,speech,209,21,0.0,0.0,0.0,0.0,90126272.0,7187931.5,170488704.0,54762416.0,116035424.0,214019184.0,0.0,387663.15625,6297282.0,9252651.0,3324043.5,7462548.5,1
1789706089.598047,speech,210,7,0.0,0.0,0.0,97569648.0,0.0,7266427.5,0.0,292289536.0,737804096.0,7806917.0,0.0,1779352.0,0.0,0.0,0.0,0.0,1
1789706089.6601686,speech,209,8,7493277.0,0.0,2446170.75,0.0,3045789.75,0.0,0.0,0.0,0.0,0.0,0.0,703174.625,984783.0,556315.875,0.0,784105.125,1
1789706089.827461,speech,214,8,158513696.0,8796979.0,0.0,11552674.0,0.0,0.0,1094862.625,0.0,552481.75,0.0,0.0,0.0,0.0,30215.17578125,0.0,0.0,1
1789706089.9506652,speech,221,11,10795698.0,48149572.0,1990440.625,0.0,3238846.5,0.0,374300.125,0.0,590014.9375,0.0,0.0,0.0,0.0,93565.1796875,0.0,94210.3359375,1
1789706090.1735423,speech,196,16,0.0,0.0,0.0,15750471.0,3087428.0,0.0,2793539.5,0.0,586057.1875,6875047.0,5124411.5,6762542.5,5062212.0,94124288.0,14496719.0,0.0,1
1789706090.2331388,speech,208,14,0.0,7054136.5,0.0,53113412.0,11467359.0,2913624.0,1924010.625,18795584.0,3333309.75,12631653.0,0.0,0.0,0.0,0.0,0.0,8353029.0,1
1789706090.3970025,speech,216,23,10129285.0,15889854.0,95681888.0,45138828.0,137945760.0,110760712.0,6856038.5,12547840.0,18024592.0,327708256.0,96736312.0,0.0,38373368.0,8305664.0,0.0,0.0,1
1789706090.4558034,speech,214,10,0.0,0.0,140626736.0,438282432.0,26966560.0,33212848.0,18119252.0,33845036.0,11443637.0,5737286.0,0.0,0.0,0.0,0.0,0.0,0.0,1
1789706090.5176375,speech,216,9,34899704.0,0.0,0.0,8769289.0,0.0,2909973.75,106236880.0,0.0,0.0,0.0,13927605.0,1758444.5,14082414.0,0.0,0.0,0.0,1
1789706090.579668,speech,211,10,1798529.0,7437457.0,0.0,0.0,0.0,39069828.0,67061896.0,0.0,0.0,9349455.0,0.0,0.0,1302657.875,2172388.75,0.0,0.0,1
1789706090.6419177,speech,205,15,0.0,0.0,0.0,0.0,21727540.0,26933070.0,0.0,0.0,226772640.0,147326128.0,0.0,32867890.0,23616522.0,99568952.0,47490140.0,23519092.0,1
1789706090.704871,speech,203,7,0.0,0.0,0.0,79706520.0,0.0,0.0,249719136.0,0.0,0.0,0.0,0.0,1162143616.0,362391968.0,0.0,0.0,0.0,1
1789706091.0917277,speech,203,7,0.0,55985.55859375,0.0,0.0,75629.4765625,0.0,0.0,0.0,113769.4453125,0.0,0.0,65406.34375,0.0,59817.921875,0.0,0.0,1
1789706091.1379876,speech,221,13,13758818.0,6595302.5,0.0,0.0,6766535.5,5102775.0,0.0,0.0,0.0,180016.84375,10786.3515625,0.0,55057.75390625,0.0,146793.6875,0.0,1
1789706091.2195868,speech,214,15,86194640.0,0.0,4164167.5,0.0,6789455.0,1652897.5,67471.546875,99329.203125,647087.4375,529142.0,0.0,0.0,263588.15625,0.0,0.0,0.0,1
1789706091.2763155,speech,205,14,1088356480.0,0.0,0.0,25644582.0,0.0,23394588.0,2640982.5,0.0,1029027.6875,0.0,0.0,48747300.0,24116900.0,7449953.0,0.0,0.0,1
1789706091.3392196,speech,205,10,0.0,67310288.0,0.0,0.0,144048352.0,52703048.0,0.0,0.0,0.0,6263826.0,12930663.0,0.0,0.0,0.0,0.0,0.0,1
1789706091.389451,speech,223,5,21203306.0,0.0,0.0,0.0,0.0,0.0,0.0,223923376.0,0.0,660533.0,0.0,0.0,0.0,0.0,0.0,0.0,1
1789706091.4519932,speech,204,7,6543166.5,0.0,24972392.0,1658884864.0,63036420.0,0.0,12244603.0,0.0,0.0,336977.9375,0.0,0.0,0.0,0.0,0.0,0.0,1
1789706091.5130117,speech,212,13,0.0,0.0,0.0,0.0,1487399.875,135949168.0,255954816.0,0.0,9751208.0,653799488.0,108052136.0,1260324.0,20123460.0,1032844.1875,0.0,0.0,1
1789706091.5763116,speech,205,20,0.0,1242057.25,0.0,0.0,145182288.0,299376128.0,366192512.0,22225480.0,21373748.0,98741944.0,0.0,0.0,78828520.0,318654624.0,34089268.0,0.0,1
1789706091.693482,speech,205,3,0.0,0.0,0.0,0.0,0.0,0.0,0.0,0.0,443289.4375,1029312.9375,0.0,0.0,5750922.0,0.0,0.0,0.0,1
1789706091.7385929,speech,205,4,0.0,0.0,0.0,0.0,35172044.0,0.0,0.0,813892.625,0.0,0.0,0.0,0.0,2379103.25,0.0,0.0,0.0,1
1789706091.7844076,speech,212,13,269247904.0,248810432.0,5605160.5,12689298.0,0.0,19323690.0,0.0,0.0,0.0,661078.0,378832.09375,1374206.125,0.0,5675815.5,2512734.25,0.0,1
1789706091.847819,speech,210,22,30357766.0,38948688.0,5456571.0,24144426.0,0.0,12612653.0,6637392.0,1859340.0,8714734.0,13801510.0,0.0,0.0,16172233.0,27315560.0,35840212.0,57928564.0,1
1789706091.9107275,speech,202,5,0.0,0.0,0.0,0.0,955711.875,0.0,1107689.625,0.0,0.0,0.0,0.0,0.0,0.0,0.0,6588308.0,1718348.5,1
1789706091.9739063,speech,212,15,7480318.0,7880898.0,0.0,0.0,8601442.0,0.0,0.0,7992243.0,0.0,12137204.0,0.0,462767.625,0.0,17529198.0,4879729.5,0.0,1
1789706092.0378594,speech,199,11,0.0,0.0,0.0,0.0,0.0,0.0,7861292.0,4871321.5,1824236.0,8691185.0,0.0,0.0,5839130.0,2485577.5,5873512.0,38092996.0,1
1789706092.1006513,speech,198,6,1142281.25,0.0,0.0,0.0,0.0,0.0,0.0,0.0,0.0,0.0,1566391.5,0.0,0.0,43505760.0,119151264.0,0.0,1
1789706092.1655102,speech,215,22,47358232.0,155843072.0,11031842.0,0.0,87649328.0,166503280.0,215310560.0,17022796.0,72184408.0,132180848.0,9316187.0,15513513.0,3623689.75,0.0,17929268.0,0.0,1
1789706092.2292907,speech,215,11,503787904.0,0.0,153519712.0,0.0,33522558.0,0.0,0.0,0.0,0.0,0.0,0.0,0.0,25628780.0,109639672.0,0.0,0.0,1
1789706092.2816956,speech,215,4,0.0,0.0,0.0,0.0,0.0,0.0,0.0,0.0,0.0,2656894.75,0.0,0.0,21002576.0,0.0,0.0,0.0,1
1789706092.3604212,speech,215,7,54942916.0,6462445.5,0.0,0.0,0.0,344644.46875,0.0,475513.40625,0.0,3840805.75,0.0,0.0,0.0,0.0,0.0,0.0,1
1789706092.4068692,speech,212,5,63349340.0,1675558.125,0.0,0.0,0.0,0.0,0.0,46574.8984375,579747.4375,0.0,0.0,0.0,0.0,0.0,151042.359375,0.0,1
1789706092.5180266,speech,18,6,19061846.0,2356605.5,0.0,185253.234375,0.0,0.0,0.0,0.0,0.0,0.0,0.0,0.0,112396.4375,0.0,289397.46875,0.0,1
1789706092.58169,speech,196,18,1769252.375,0.0,0.0,0.0,32663784.0,45237672.0,16271978.0,1326590.125,0.0,0.0,218106.375,0.0,11223198.0,53496320.0,74829752.0,28428054.0,1
1789706092.7382207,speech,216,24,6789325.5,5254277.5,0.0,0.0,479886240.0,205734880.0,58848496.0,102896848.0,82086512.0,94451408.0,0.0,28642362.0,115138992.0,246282816.0,5485768.0,26148916.0,1
1789706092.7971616,speech,200,12,67209632.0,4110523.75,14530525.0,0.0,243101216.0,41729668.0,98965232.0,0.0,0.0,0.0,0.0,0.0,0.0,208769040.0,117846256.0,152363728.0,1
1789706092.8596458,speech,212,6,5826184.0,0.0,0.0,234008640.0,713565376.0,114886992.0,0.0,0.0,0.0,0.0,0.0,0.0,0.0,54515092.0,0.0,0.0,1
1789706093.0221252,speech,203,16,0.0,0.0,0.0,15302914.0,663120640.0,35579092.0,20862478.0,19949032.0,36557724.0,102492696.0,0.0,391102.375,0.0,0.0,0.0,1320016.5,1
1789706093.0816991,speech,208,13,0.0,33892640.0,1255930.0,0.0,168312160.0,17337416.0,5366494.0,0.0,20430428.0,417727552.0,0.0,12298786.0,943321.0,6809978.0,0.0,0.0,1
1789706093.3395472,speech,221,13,1239062.25,0.0,0.0,0.0,26089060.0,25264292.0,1609832.5,345328.46875,68890.6640625,109349.59375,0.0,152606.6875,0.0,0.0,1010531.5,0.0,1
1789706093.4096038,speech,217,9,32276912.0,30530628.0,0.0,0.0,0.0,0.0,0.0,0.0,477007.6875,91416.578125,0.0,948002.875,0.0,285520.34375,0.0,0.0,1
1789706093.4966092,speech,196,10,1129749120.0,0.0,15112736.0,0.0,0.0,3510007.5,0.0,0.0,0.0,23675684.0,0.0,65645512.0,0.0,149237.78125,896619.0625,0.0,1
1789706093.5556767,speech,211,12,260803872.0,457203968.0,0.0,22123558.0,1546445.125,5901084.5,12520552.0,2241900.5,43863288.0,0.0,0.0,5603273.0,0.0,353489.6875,0.0,0.0,1
1789706093.687676,speech,209,17,38220112.0,0.0,0.0,151682688.0,280186688.0,65464452.0,2416265.5,6992120.0,0.0,0.0,0.0,118958960.0,137287648.0,33260852.0,15236310.0,0.0,1
1789706093.8136866,speech,207,6,268612800.0,243598864.0,0.0,15193344.0,0.0,0.0,492404.0,0.0,0.0,62175.65234375,0.0,0.0,0.0,0.0,0.0,0.0,1
1789706093.8723183,speech,209,9,0.0,0.0,0.0,83227608.0,54091024.0,2344582.5,0.0,0.0,0.0,0.0,0.0,0.0,516745.5,0.0,1378141.0,0.0,1
1789706093.9364207,speech,216,10,0.0,0.0,0.0,47823884.0,329184160.0,125902120.0,17899236.0,0.0,3641995.0,177024.734375,0.0,0.0,0.0,0.0,0.0,3987646.5,1
1789706094.0112743,speech,211,14,2504657.0,6257349.5,0.0,0.0,50179224.0,842516.75,2389028.25,365689.75,310787.375,232769.140625,0.0,223137.109375,0.0,0.0,0.0,744734.5,1
1789706094.073753,speech,210,12,0.0,0.0,0.0,82904736.0,100443616.0,89509992.0,11223832.0,0.0,0.0,889077.8125,0.0,1813868.375,794177.875,477384.46875,545573.5,0.0,1
1789706094.136901,speech,212,6,12201640.0,78744264.0,0.0,203883952.0,0.0,0.0,0.0,0.0,0.0,0.0,227827.421875,0.0,236534.734375,0.0,0.0,0.0,1
1789706094.2879553,speech,210,16,355742016.0,211261824.0,9087860.0,5448229.0,0.0,0.0,220944.625,537422.125,766250.9375,0.0,0.0,1080033.125,383586.4375,0.0,0.0,0.0,1
1789706094.4789476,speech,215,5,631635.6875,8206290.5,0.0,2097461.75,2902957.5,0.0,0.0,0.0,0.0,0.0,0.0,0.0,0.0,0.0,0.0,0.0,1
1789706094.5364382,speech,209,9,547127296.0,0.0,113065080.0,0.0,0.0,0.0,1123237.125,994295.0625,3430122.0,0.0,1993082.625,0.0,0.0,907503.25,0.0,0.0,1
1789706094.5984483,speech,209,11,26061212.0,0.0,0.0,0.0,851263.9375,1022903.1875,7493679.0,0.0,0.0,495738.09375,0.0,0.0,603966.125,361189.21875,0.0,0.0,1
1789706094.6475153,speech,214,16,93539504.0,0.0,325283040.0,0.0,11986431.0,57715312.0,79494232.0,10505940.0,0.0,0.0,0.0,35910840.0,69744416.0,20957098.0,0.0,0.0,1
1789706094.710244,speech,200,17,69347856.0,0.0,0.0,29133548.0,238785040.0,680595200.0,379288960.0,0.0,0.0,0.0,2402636.75,203375856.0,0.0,114536040.0,352057664.0,0.0,1
1789706094.7731602,speech,220,5,0.0,0.0,0.0,0.0,590746496.0,360169696.0,0.0,0.0,34950888.0,4942226.0,0.0,0.0,0.0,0.0,0.0,0.0,1
1789706094.8360314,speech,211,12,1428291.25,0.0,0.0,3773527.0,0.0,0.0,46566388.0,0.0,0.0,0.0,0.0,56702964.0,29504528.0,26860192.0,0.0,0.0,1
1789706094.8981204,speech,205,16,3768963.5,0.0,14322450.0,10239447.0,0.0,0.0,751740864.0,0.0,0.0,7199128.5,6573081.0,262095456.0,91490536.0,62624396.0,366919968.0,46509848.0,1
1789706095.0176022,speech,225,5,0.0,0.0,0.0,0.0,0.0,0.0,154879488.0,184926400.0,0.0,0.0,0.0,0.0,0.0,2530421.5,5565855.0,0.0,1
1789706095.0761607,speech,200,7,0.0,0.0,0.0,42662408.0,0.0,163215.46875,177301888.0,0.0,0.0,0.0,0.0,0.0,525820.125,0.0,5375352.0,0.0,1
1789706095.2062445,speech,210,10,150981952.0,102271168.0,0.0,0.0,42216844.0,2013469.0,4209903.0,0.0,0.0,0.0,0.0,487160.8125,0.0,0.0,101938.8125,0.0,1
1789706095.265955,speech,210,8,0.0,0.0,0.0,0.0,17145400.0,4477880.0,0.0,4583366.0,0.0,0.0,538253.0625,0.0,0.0,487710.84375,220410.453125,0.0,1
1789706095.586455,speech,205,21,83263072.0,7520760.5,137083840.0,64101268.0,67587040.0,0.0,5245101.5,7242319.5,8288479.0,8036110.5,0.0,139822048.0,164168944.0,0.0,17695636.0,12846948.0,1
1789706095.6566646,speech,215,7,0.0,0.0,22923960.0,85227840.0,31823148.0,25711744.0,46432740.0,0.0,19778026.0,0.0,0.0,0.0,0.0,0.0,0.0,0.0,1
1789706095.7196364,speech,212,16,54056600.0,0.0,0.0,29619882.0,66589696.0,24610706.0,83406176.0,39886276.0,85486584.0,86392872.0,67280712.0,0.0,9048120.0,2158924.25,5874754.5,4475365.5,1
1789706095.7827983,speech,212,12,22682136.0,0.0,121066656.0,0.0,249668976.0,169400016.0,76611536.0,29870004.0,0.0,69592608.0,0.0,0.0,0.0,90798192.0,3971912.5,12624116.0,1
1789706095.828419,speech,210,15,3470179.75,0.0,0.0,0.0,104207184.0,0.0,367852864.0,55789504.0,77340440.0,170126848.0,0.0,0.0,0.0,400462144.0,158546320.0,247255424.0,1
1789706095.8909843,speech,217,15,0.0,0.0,0.0,0.0,767733312.0,17286294.0,362334464.0,8020465.5,0.0,22724902.0,0.0,65000296.0,506792160.0,359466624.0,0.0,0.0,1
1789706095.9544127,speech,217,5,0.0,0.0,0.0,0.0,0.0,0.0,0.0,0.0,0.0,95018056.0,0.0,0.0,0.0,443443200.0,0.0,0.0,1
1789706096.0044386,speech,208,12,0.0,0.0,9308017.0,0.0,39308768.0,131645312.0,2347581.25,0.0,498150.625,0.0,3905483.0,35238880.0,61097984.0,73600488.0,0.0,0.0,1
1789706096.0682518,speech,208,4,0.0,0.0,0.0,0.0,0.0,0.0,0.0,0.0,0.0,0.0,0.0,0.0,41183904.0,0.0,0.0,207880704.0,1
1789706096.1140652,speech,213,11,0.0,1770127.0,0.0,0.0,1013556672.0,85319936.0,9187074.0,0.0,0.0,0.0,0.0,0.0,103613360.0,307121568.0,0.0,0.0,1
1789706096.2201076,speech,213,8,0.0,0.0,176096.8125,0.0,0.0,1893159.5,875877.625,153766.125,0.0,0.0,0.0,521670.75,0.0,0.0,0.0,0.0,1
1789706096.265692,speech,213,4,0.0,0.0,166183.1875,0.0,0.0,0.0,0.0,0.0,0.0,190175.078125,0.0,0.0,366690.65625,0.0,1069144.25,0.0,1
1789706096.3164344,speech,215,9,0.0,0.0,0.0,0.0,0.0,1759678.0,191061.796875,84486.90625,55640.703125,501641.9375,0.0,0.0,872410.375,0.0,0.0,0.0,1
1789706096.3798273,speech,357,5,0.0,0.0,0.0,0.0,0.0,0.0,0.0,0.0,0.0,0.0,0.0,0.0,291708.5625,227992.53125,3199250.0,2756542.25,1
1789706096.4336562,speech,6,5,0.0,0.0,44311.9609375,0.0,161407.46875,37533.72265625,0.0,0.0,0.0,0.0,0.0,0.0,0.0,0.0,3640698.5,4741930.0,1
1789706096.536491,speech,212,26,22122800.0,0.0,314676032.0,311414400.0,47731312.0,181934320.0,54904756.0,10249416.0,46470176.0,7257080.5,0.0,5422791.0,10020980.0,15247236.0,0.0,2353308.25,1
1789706096.5940893,speech,200,15,0.0,0.0,0.0,127425568.0,0.0,154749984.0,211633680.0,1214006.25,0.0,0.0,0.0,75093256.0,107413048.0,912814976.0,4719051.0,0.0,1
1789706096.6576123,speech,220,7,3684783.25,0.0,0.0,0.0,1765654528.0,758840320.0,3766985.25,0.0,0.0,2503176.0,0.0,0.0,0.0,0.0,0.0,0.0,1
1789706096.7796662,speech,205,13,25527088.0,19024328.0,320811552.0,105832432.0,465783808.0,33452404.0,33675808.0,0.0,0.0,0.0,0.0,0.0,0.0,0.0,8683786.0,180935584.0,1
1789706096.843027,speech,209,8,0.0,0.0,0.0,49192424.0,0.0,351012928.0,522131488.0,56925516.0,34004456.0,16142204.0,0.0,0.0,0.0,0.0,0.0,0.0,1
1789706096.9064069,speech,200,13,17689270.0,0.0,0.0,72851728.0,162297568.0,619207744.0,91069360.0,0.0,31009462.0,37524468.0,0.0,0.0,82264168.0,24112010.0,336791328.0,0.0,1
1789706096.970783,speech,200,11,22664174.0,13221523.0,0.0,25849228.0,93493312.0,281189312.0,0.0,0.0,0.0,0.0,7287718.5,0.0,0.0,0.0,142031040.0,0.0,1
1789706097.0748127,speech,187,12,0.0,0.0,0.0,0.0,0.0,2368760.5,19384266.0,0.0,0.0,0.0,7431412.5,11145616.0,741283.0,7689639.0,0.0,0.0,1
1789706097.1400352,speech,186,15,0.0,0.0,650067456.0,49421976.0,142634240.0,14578318.0,26580984.0,5545708.0,0.0,0.0,544096.75,51424196.0,0.0,0.0,0.0,7794500.0,1
1789706097.2036352,speech,166,8,0.0,0.0,0.0,0.0,0.0,0.0,19372710.0,0.0,0.0,380119.875,3040973.0,0.0,0.0,58706920.0,270809408.0,30119178.0,1
1789706097.3593464,speech,183,8,535389920.0,0.0,0.0,9332195.0,509595.15625,3177193.0,0.0,0.0,0.0,0.0,989847.0625,0.0,0.0,217301.53125,0.0,0.0,1
1789706097.454222,speech,183,11,532043.4375,0.0,0.0,0.0,0.0,15258588.0,15681138.0,346246.125,291766.25,0.0,37355.109375,90959.359375,0.0,0.0,0.0,0.0,1
1789706097.4989884,speech,162,3,0.0,0.0,0.0,0.0,0.0,16902328.0,0.0,0.0,0.0,0.0,0.0,0.0,180940.609375,0.0,2466442.0,0.0,1
1789706097.6581402,speech,160,15,18062216.0,0.0,0.0,0.0,576557824.0,232433408.0,58736612.0,0.0,0.0,32668138.0,7461886.0,0.0,0.0,85403336.0,802136576.0,0.0,1
1789706097.7221346,speech,156,12,18538356.0,0.0,65005168.0,0.0,3797733376.0,1071165440.0,0.0,34564624.0,2231837.75,209002688.0,0.0,109858112.0,8867360.0,4124617.0,0.0,21387614.0,1
1789706097.7858927,speech,162,15,31204626.0,0.0,0.0,0.0,1373099776.0,0.0,178784064.0,4054965.5,520161536.0,693524992.0,14242863.0,0.0,0.0,1918655.25,3876218.5,0.0,1
1789706097.8491228,speech,160,4,0.0,0.0,0.0,0.0,0.0,0.0,0.0,0.0,0.0,1969736.5,60912660.0,0.0,0.0,0.0,1518602.5,0.0,1
1789706097.9120104,speech,158,6,0.0,0.0,0.0,0.0,0.0,0.0,0.0,713525.75,0.0,788166.5625,364729920.0,35119988.0,0.0,644876.5625,0.0,0.0,1
1789706097.9747086,speech,163,4,0.0,0.0,0.0,0.0,0.0,0.0,0.0,0.0,41544140.0,25094650.0,1115583744.0,0.0,0.0,0.0,0.0,0.0,1
1789706098.0405223,speech,161,4,0.0,0.0,0.0,0.0,0.0,0.0,816006528.0,0.0,0.0,0.0,0.0,0.0,32443614.0,0.0,0.0,0.0,1
1789706098.041526,speech,98,5,0.0,0.0,0.0,0.0,0.0,0.0,0.0,0.0,0.0,54269900.0,704568640.0,0.0,0.0,0.0,0.0,687637.9375,1
1789706098.3741148,speech,112,7,0.0,0.0,0.0,0.0,0.0,0.0,0.0,0.0,0.0,0.0,0.0,11018128.0,20170808.0,561958.125,0.0,0.0,1
1789706098.3751607,speech,161,3,0.0,0.0,0.0,0.0,1198573.375,222072.90625,0.0,0.0,0.0,0.0,0.0,0.0,0.0,0.0,0.0,0.0,1
1789706098.4352336,speech,165,12,5233922.0,0.0,0.0,0.0,2723199.5,0.0,11399342.0,1683176.75,463477.1875,389800.9375,2022608.5,0.0,0.0,0.0,0.0,0.0,1
1789706098.5007484,speech,178,6,0.0,1770870016.0,139213792.0,0.0,0.0,0.0,14223502.0,0.0,0.0,83164856.0,0.0,0.0,0.0,0.0,0.0,0.0,1
1789706098.624676,speech,161,18,24943626.0,0.0,128028368.0,423236160.0,489121728.0,41869984.0,97484280.0,680448.5,0.0,3479962.0,211067.8125,2513868.5,5724919.0,43402268.0,0.0,0.0,1
1789706098.6846492,speech,160,8,16501262.0,0.0,30951142.0,114748064.0,0.0,64991044.0,0.0,0.0,865129.5625,3461760.0,0.0,8312108.0,0.0,0.0,0.0,0.0,1
1789706098.755243,speech,165,13,76984512.0,37235856.0,0.0,1565525632.0,169096192.0,59756976.0,0.0,0.0,1294865.375,396640.90625,254153.78125,0.0,2838185.75,0.0,0.0,0.0,1
1789706098.8476715,speech,175,8,0.0,0.0,0.0,314376288.0,29757114.0,2473839.75,0.0,0.0,793302.6875,2939915.5,0.0,0.0,4413823.0,0.0,0.0,0.0,1
1789706098.9429474,speech,175,3,0.0,0.0,0.0,0.0,0.0,660777.0,0.0,0.0,0.0,0.0,0.0,63989.16015625,54738.7421875,0.0,0.0,0.0,1
1789706099.005895,speech,166,11,92486768.0,0.0,0.0,0.0,0.0,516316.46875,12345829.0,708795.375,0.0,4622617.5,1915097.625,1551951.5,0.0,0.0,0.0,0.0,1
1789706099.067762,speech,175,9,0.0,862910016.0,0.0,0.0,0.0,1224725.875,0.0,1400824.5,1153493.625,7700152.5,336829.3125,0.0,0.0,0.0,0.0,0.0,1
1789706099.226179,speech,173,15,362743104.0,93847872.0,0.0,8441319.0,0.0,0.0,4257571.0,1705787.0,97104.3125,369254.6875,1119636.625,114162.625,0.0,0.0,198621.5625,0.0,1
1789706099.2899685,speech,173,10,78064936.0,0.0,0.0,0.0,0.0,0.0,144930880.0,81564592.0,0.0,108966528.0,918364.1875,3907065.25,0.0,934065.4375,0.0,477644.125,1
1789706099.3359494,speech,165,13,0.0,14785089.0,375109184.0,2055333.5,3618480.0,63130608.0,203089152.0,0.0,0.0,30652770.0,23661890.0,0.0,0.0,0.0,0.0,0.0,1
1789706099.4004986,speech,170,5,0.0,0.0,83275112.0,0.0,261825344.0,0.0,0.0,39744100.0,60663816.0,24492488.0,0.0,0.0,0.0,0.0,0.0,0.0,1
1789706099.4649544,speech,129,9,0.0,0.0,0.0,0.0,0.0,0.0,0.0,0.0,0.0,0.0,0.0,26504360.0,364607552.0,837258048.0,101563648.0,58190216.0,1
1789706099.4658997,speech,165,5,0.0,0.0,157551520.0,0.0,0.0,188273104.0,139155824.0,0.0,0.0,0.0,0.0,34500156.0,0.0,0.0,0.0,0.0,1
1789706099.52924,speech,129,5,2020156.0,0.0,9581545.0,0.0,0.0,0.0,8632162.0,0.0,0.0,0.0,0.0,11732294.0,0.0,0.0,0.0,0.0,1
1789706099.7961292,speech,145,18,0.0,906286.625,0.0,2965954.5,396246.5625,27683916.0,0.0,0.0,0.0,5875759.0,79404712.0,312524992.0,114695024.0,37729120.0,2500447.0,1786787.25,1
1789706099.8534334,speech,148,7,0.0,0.0,0.0,0.0,0.0,45860884.0,2862927.5,0.0,0.0,2398286.5,0.0,0.0,0.0,192350800.0,331896064.0,0.0,1
1789706100.1441183,speech,170,12,0.0,25470414.0,243855760.0,0.0,0.0,29911032.0,13261734.0,308445.90625,0.0,1254269.375,0.0,344428.25,0.0,0.0,0.0,0.0,1
1789706100.2039802,speech,162,21,4812510.5,0.0,22005282.0,1294640384.0,158366944.0,92154072.0,28656224.0,0.0,0.0,5946869.0,1965753.75,494674.25,227356.9375,461856.5,4093293.0,0.0,1
1789706100.3254986,speech,154,14,0.0,0.0,0.0,138752016.0,2760363264.0,93879760.0,200176304.0,0.0,0.0,0.0,10089280.0,3392399.0,0.0,189610352.0,2265867776.0,0.0,1
1789706100.3889232,speech,161,13,12331590.0,21428148.0,0.0,0.0,0.0,2886364416.0,1074206464.0,0.0,0.0,251231552.0,0.0,1052162560.0,8367952.5,94267336.0,0.0,0.0,1
1789706100.4516037,speech,161,10,10835666.0,0.0,40753836.0,0.0,265766560.0,238869280.0,15578006.0,0.0,135913056.0,76886232.0,114063992.0,26885974.0,0.0,0.0,0.0,0.0,1
1789706100.6196833,speech,156,9,0.0,0.0,0.0,0.0,86347752.0,30200832.0,18288942.0,0.0,0.0,0.0,0.0,0.0,0.0,6209687.0,24000382.0,0.0,1
1789706100.7456064,speech,161,16,41504344.0,0.0,0.0,0.0,56663156.0,88298720.0,66188880.0,0.0,0.0,84334584.0,562388032.0,306226176.0,0.0,36742632.0,17276788.0,0.0,1
1789706100.8093934,speech,158,17,0.0,0.0,61106720.0,179759776.0,1844494208.0,571164032.0,63225384.0,0.0,0.0,103993864.0,0.0,0.0,152029392.0,106714368.0,22365574.0,0.0,1
1789706100.873327,speech,158,5,1550668.25,0.0,57826328.0,0.0,0.0,0.0,0.0,0.0,0.0,1267318.25,0.0,8655030.0,0.0,7046196.0,0.0,0.0,1
1789706101.0315197,speech,158,16,0.0,0.0,0.0,99172152.0,4619564.0,15312002.0,1739779.75,0.0,1952033.5,3408165.25,0.0,1635021.25,0.0,4774206.0,46397812.0,0.0,1
1789706101.076273,speech,144,8,0.0,0.0,0.0,0.0,0.0,67325320.0,0.0,0.0,0.0,0.0,15891483.0,3701378.0,0.0,2102847232.0,0.0,0.0,1
1789706101.1392825,speech,144,7,0.0,0.0,0.0,0.0,42582608.0,70117776.0,0.0,0.0,0.0,0.0,3222758.5,3455280.0,69984960.0,37122456.0,0.0,0.0,1
1789706101.2519739,speech,159,14,81083656.0,330798272.0,34869100.0,0.0,84203696.0,1547202.125,0.0,0.0,705727.5625,1668746.125,923406.75,53520220.0,0.0,28803188.0,0.0,0.0,1
1789706101.3114686,speech,162,15,0.0,0.0,0.0,102681600.0,0.0,17921398.0,2524813.25,0.0,802950.8125,18183566.0,49590868.0,53922992.0,0.0,1318641.75,3399042.75,0.0,1
1789706101.3753324,speech,159,11,0.0,145713280.0,0.0,32922334.0,159553712.0,546448576.0,966571136.0,0.0,0.0,0.0,1790699.75,0.0,0.0,0.0,0.0,0.0,1
1789706101.5048254,speech,161,17,189660912.0,0.0,0.0,41965488.0,22751742.0,0.0,6176369.5,0.0,0.0,23397982.0,258467120.0,85514472.0,0.0,2086931.375,3211648.75,2064171.0,1
1789706101.5691357,speech,160,8,0.0,0.0,0.0,4587110.5,13420577.0,0.0,0.0,0.0,2005610.25,5971074.0,0.0,13886659.0,0.0,0.0,0.0,0.0,1
1789706101.6950846,speech,158,21,0.0,0.0,0.0,0.0,2129444608.0,1229163008.0,494672192.0,22118592.0,0.0,36466864.0,14494807.0,11685816.0,103096272.0,117822432.0,1721560192.0,2478114816.0,1
1789706101.75785,speech,158,9,0.0,0.0,0.0,0.0,955659136.0,32692344.0,0.0,0.0,0.0,0.0,65730560.0,59909640.0,0.0,0.0,685385344.0,183975632.0,1
1789706101.804585,speech,164,12,0.0,0.0,0.0,0.0,0.0,1015534016.0,630874112.0,37742384.0,0.0,11030216.0,401430816.0,243528896.0,0.0,717959168.0,309420288.0,0.0,1
1789706101.9172754,speech,173,12,0.0,0.0,0.0,92989136.0,670676480.0,55664464.0,39636944.0,0.0,0.0,837476160.0,1127279616.0,274929504.0,0.0,0.0,18595250.0,0.0,1
1789706101.9898746,speech,170,13,0.0,0.0,0.0,0.0,0.0,1215368576.0,135385952.0,40110320.0,0.0,377158816.0,152627664.0,84603816.0,8582155.0,0.0,0.0,0.0,1
1789706102.264626,speech,162,16,9397781.0,0.0,0.0,20384426.0,10771414.0,129870736.0,124309416.0,0.0,0.0,110846328.0,508157824.0,78799744.0,13728352.0,10937401.0,3240256.5,0.0,1
1789706102.3287923,speech,162,12,54716344.0,0.0,0.0,0.0,45280740.0,0.0,32721996.0,0.0,0.0,11159432.0,0.0,33400682.0,0.0,0.0,384860.1875,120437.171875,1
1789706102.3913472,speech,148,11,0.0,0.0,0.0,0.0,0.0,29545000.0,66780832.0,0.0,0.0,0.0,0.0,20995296.0,0.0,683325824.0,529703104.0,0.0,1
1789706102.486813,speech,148,16,0.0,0.0,0.0,115250720.0,142163360.0,524096160.0,0.0,0.0,0.0,161584.796875,19818818.0,83469440.0,90629584.0,360855488.0,70077800.0,0.0,1
1789706102.5330048,speech,160,14,0.0,0.0,8676432.0,0.0,130853640.0,248014880.0,130196728.0,0.0,0.0,87536512.0,80213088.0,172153840.0,0.0,0.0,1114792832.0,517689408.0,1
1789706102.6134326,speech,160,7,0.0,0.0,0.0,0.0,0.0,0.0,24386860.0,0.0,0.0,0.0,0.0,19630966.0,4175988.25,48368040.0,28504308.0,0.0,1
1789706102.659837,speech,160,6,0.0,135576.09375,0.0,0.0,0.0,0.0,0.0,0.0,0.0,1071389.625,3869756.5,56172796.0,63302800.0,0.0,0.0,0.0,1
1789706102.6606982,speech,114,3,0.0,0.0,0.0,0.0,958532.875,0.0,0.0,0.0,0.0,0.0,0.0,0.0,0.0,0.0,0.0,229970240.0,1
1789706102.7236595,speech,158,8,0.0,0.0,0.0,0.0,0.0,1223085056.0,375989248.0,0.0,0.0,65862304.0,58470268.0,0.0,0.0,459066080.0,0.0,595572800.0,1
1789706102.7877703,speech,158,11,9344605.0,20578492.0,45412672.0,0.0,0.0,999687296.0,0.0,0.0,0.0,0.0,21912028.0,2241171.0,0.0,0.0,16202293.0,0.0,1
1789706103.3730412,speech,144,11,0.0,0.0,168945.640625,0.0,0.0,0.0,0.0,0.0,0.0,36639.27734375,1100876.25,704323.3125,9394698.0,14393475.0,9788716.0,0.0,1
1789706103.7205942,speech,164,11,0.0,0.0,0.0,265747.875,2397401.75,2534558.25,0.0,0.0,0.0,1920068.25,711950.0,289159.40625,845184.9375,423189.09375,1200131.375,0.0,1
1789706103.7796588,speech,162,9,0.0,0.0,0.0,0.0,1835006.375,3009121.75,0.0,0.0,0.0,223673.9375,137375.0625,1342852.375,394915.59375,0.0,0.0,0.0,1
1789706104.0061073,speech,160,14,15933222.0,0.0,0.0,94443816.0,31318870.0,7695072.5,6534291.5,0.0,0.0,1652211.25,1142735.0,5901474.5,0.0,3337129.25,7773249.0,0.0,1
1789706104.0664544,speech,169,12,26537498.0,0.0,815623168.0,0.0,0.0,10069375.0,0.0,0.0,673371.1875,166000.328125,1482858.5,1136113.75,3718275.5,9011642.0,0.0,0.0,1
1789706104.1313164,speech,161,14,38644216.0,0.0,0.0,640433280.0,7091160.0,149522912.0,0.0,0.0,844314.625,1673718.5,2871446.5,2249885.0,0.0,0.0,27234608.0,0.0,1
1789706104.1955357,speech,171,11,0.0,0.0,0.0,0.0,1025982912.0,0.0,2002950912.0,0.0,0.0,142597744.0,22424256.0,0.0,0.0,0.0,960422336.0,0.0,1
1789706104.2603528,speech,154,16,4286252.0,2187514.5,0.0,14030764.0,479108096.0,511366336.0,2352479744.0,0.0,62429504.0,313328544.0,0.0,159969920.0,0.0,691447168.0,598550912.0,0.0,1
1789706104.354492,speech,155,14,0.0,85200.3125,0.0,1102105.875,0.0,0.0,0.0,0.0,0.0,158008000.0,279328672.0,293117504.0,0.0,1435547648.0,2752127488.0,2278047744.0,1
1789706104.4177353,speech,155,9,205891.0,0.0,0.0,0.0,1719922432.0,342010880.0,2299736832.0,0.0,0.0,0.0,54141652.0,0.0,0.0,255245840.0,0.0,0.0,1
1789706104.4634829,speech,155,9,76461416.0,0.0,0.0,0.0,1020206592.0,0.0,0.0,0.0,0.0,0.0,2413083.25,7756271.0,0.0,0.0,28746198.0,0.0,1
1789706104.5594313,speech,163,3,357092896.0,0.0,0.0,0.0,0.0,0.0,0.0,649304.5,0.0,0.0,0.0,0.0,0.0,0.0,0.0,0.0,1
1789706104.6232436,speech,164,14,69892168.0,0.0,46031072.0,36604196.0,37538996.0,12992454.0,0.0,0.0,0.0,730292.5,1465199.375,5437638.5,395258.75,901422.3125,0.0,0.0,1
1789706104.6866846,speech,180,5,266525280.0,0.0,0.0,0.0,0.0,0.0,0.0,0.0,0.0,1850868.125,3378613.5,0.0,0.0,0.0,0.0,0.0,1
1789706104.8277752,speech,157,20,3660665.25,0.0,0.0,0.0,3956904448.0,522030016.0,978597888.0,49169808.0,0.0,355183040.0,7885953.0,203031456.0,18687896.0,710202368.0,1283562112.0,0.0,1
1789706104.8878343,speech,149,11,0.0,0.0,50098520.0,0.0,329563840.0,91925760.0,0.0,0.0,0.0,0.0,36335480.0,18493088.0,17280360.0,117372912.0,982220736.0,0.0,1
1789706105.1453824,speech,156,18,0.0,0.0,0.0,5486927.0,1877987072.0,249858400.0,3183525888.0,0.0,0.0,146908592.0,1496305152.0,1739766016.0,0.0,1524932224.0,581703616.0,0.0,1
1789706105.2046916,speech,153,13,27841900.0,0.0,3834738.75,59010128.0,167105248.0,856001536.0,0.0,0.0,135062800.0,0.0,216734416.0,132262688.0,943271680.0,0.0,5780856832.0,0.0,1
1789706105.2689075,speech,152,12,0.0,0.0,0.0,0.0,2387742208.0,491382848.0,2634705152.0,4328834.0,0.0,0.0,0.0,450107360.0,0.0,1552923648.0,0.0,0.0,1
1789706105.2696552,speech,117,3,0.0,0.0,0.0,0.0,4155713.5,0.0,0.0,0.0,0.0,0.0,0.0,0.0,0.0,0.0,1487937920.0,2565454592.0,1
1789706105.3331656,speech,152,4,0.0,68747384.0,0.0,0.0,0.0,195346080.0,0.0,0.0,0.0,0.0,0.0,0.0,0.0,41223220.0,0.0,0.0,1
1789706105.3824413,speech,153,10,7692080.5,0.0,0.0,253226208.0,107321584.0,0.0,3339183.0,0.0,0.0,0.0,8015143.0,4004981.75,2268410.0,0.0,0.0,0.0,1
1789706105.4458132,speech,155,11,0.0,0.0,0.0,0.0,82364480.0,305288544.0,0.0,0.0,10712384.0,11185692.0,38246268.0,141408800.0,0.0,66647372.0,2857959424.0,0.0,1
1789706105.509891,speech,155,12,0.0,10057589.0,0.0,0.0,0.0,921272704.0,165263264.0,0.0,17408354.0,22185848.0,21844630.0,20343684.0,17432302.0,0.0,0.0,156382832.0,1
1789706105.55967,speech,155,9,0.0,0.0,0.0,14779140.0,16781576.0,73434560.0,0.0,0.0,0.0,8540577.0,42666748.0,108346480.0,4406720.0,0.0,0.0,0.0,1
1789706105.8114672,speech,170,11,0.0,0.0,0.0,0.0,0.0,0.0,97653.2421875,56509.57421875,112985.9140625,236608.3125,0.0,46548864.0,0.0,0.0,0.0,2388938.0,1
1789706106.0308714,speech,148,8,0.0,0.0,0.0,0.0,0.0,0.0,0.0,0.0,10839.939453125,0.0,329092.1875,156260080.0,0.0,33947696.0,347028832.0,0.0,1
1789706106.0908642,speech,148,6,0.0,0.0,0.0,0.0,56394.41796875,378412.4375,0.0,0.0,0.0,63035.40625,0.0,1075362.625,0.0,0.0,99340784.0,0.0,1
1789706106.140575,speech,165,17,0.0,0.0,649277.5,1646051.75,6561792.5,17063576.0,5733274.0,96904.2265625,0.0,885631.875,0.0,7380077.5,0.0,153768912.0,92345712.0,0.0,1
1789706106.2044601,speech,155,13,22689986.0,0.0,25384268.0,335240704.0,0.0,2887194112.0,77149712.0,0.0,1307829.75,0.0,5590161.5,117346464.0,61303024.0,1005629760.0,0.0,0.0,1
1789706106.268623,speech,155,7,0.0,0.0,0.0,9334942.0,0.0,12075783.0,0.0,0.0,1238167.0,22059026.0,16787426.0,14928600.0,84550208.0,0.0,0.0,0.0,1
1789706106.3184047,speech,155,13,0.0,0.0,0.0,0.0,36983264.0,0.0,31983398.0,5925886.5,0.0,2722269.0,4689470.5,6007149.0,3069975.0,8649627.0,24541140.0,0.0,1
1789706106.3643832,speech,155,4,0.0,0.0,0.0,0.0,0.0,0.0,1348427.0,0.0,0.0,1051646.375,0.0,1294825.0,0.0,0.0,0.0,0.0,1
1789706106.4422894,speech,167,14,14648432.0,0.0,0.0,0.0,0.0,67544128.0,45947792.0,35473160.0,123492352.0,340919616.0,1034415040.0,316120512.0,40172544.0,0.0,0.0,0.0,1
1789706106.500917,speech,167,5,0.0,0.0,53356744.0,0.0,0.0,3273983.25,0.0,752045.625,0.0,0.0,0.0,47596144.0,45768816.0,0.0,0.0,0.0,1
1789706106.5516028,speech,163,9,88103648.0,0.0,0.0,9468948.0,0.0,0.0,10009651.0,0.0,0.0,30489556.0,111375072.0,0.0,0.0,20125276.0,0.0,4287488.5,1
1789706106.6174018,speech,163,10,38561996.0,0.0,0.0,22080208.0,11413880.0,0.0,17679484.0,0.0,0.0,3950725.75,158320032.0,278205568.0,34553076.0,0.0,0.0,0.0,1
1789706106.6957655,speech,157,19,3023564.0,11280504.0,0.0,0.0,0.0,91848336.0,25402116.0,0.0,27868024.0,38437008.0,211342784.0,727931072.0,178056272.0,373192576.0,2006466.75,0.0,1
1789706106.7602782,speech,157,8,44120676.0,0.0,0.0,0.0,277938080.0,26120774.0,0.0,0.0,282125184.0,0.0,0.0,0.0,0.0,800380.0,799857.0625,0.0,1
1789706106.8053496,speech,161,3,38782368.0,0.0,0.0,0.0,0.0,212643232.0,0.0,0.0,0.0,0.0,0.0,0.0,0.0,0.0,0.0,120636.9375,1
1789706106.949718,speech,159,6,5120468.0,0.0,0.0,0.0,0.0,164560.765625,0.0,0.0,0.0,0.0,0.0,301131.8125,0.0,2225162.5,590343.0625,0.0,1
1789706107.0155814,speech,161,14,69071464.0,0.0,0.0,0.0,0.0,5082609.0,2339548.5,355779.84375,0.0,484923.125,0.0,3149918.0,493777.5625,25643358.0,4765699.5,9504907.0,1
1789706107.0872803,speech,158,3,0.0,0.0,0.0,0.0,0.0,0.0,0.0,0.0,0.0,0.0,0.0,0.0,0.0,15884512.0,0.0,0.0,1
1789706107.1505823,speech,186,13,1349920000.0,0.0,0.0,8054165.5,0.0,0.0,738889.875,13151506.0,707525.5625,162452.0,1114599.75,894075.25,0.0,0.0,0.0,0.0,1
1789706107.214921,speech,183,10,0.0,0.0,0.0,8130719.5,5261773.0,0.0,1479905.375,0.0,936637.875,2345278.5,563315.1875,0.0,0.0,0.0,0.0,0.0,1
1789706107.278831,speech,162,16,19848660.0,0.0,8569054.0,0.0,525885472.0,0.0,4825267.5,0.0,1541706.5,176002.671875,0.0,8185115.0,39590672.0,15840003.0,583773312.0,256933808.0,1
1789706107.6148324,speech,210,14,0.0,0.0,0.0,0.0,247693.375,143731.1875,0.0,0.0,430546.15625,212883.4375,0.0,11874738.0,14393200.0,72228832.0,43605236.0,6417025.5,1
1789706107.6851032,speech,210,3,0.0,0.0,0.0,0.0,0.0,0.0,0.0,0.0,0.0,253134.796875,0.0,16403713.0,0.0,0.0,0.0,2841766.0,1
1789706107.7721856,speech,266,25,76281416.0,565192960.0,1020911232.0,483062560.0,117560728.0,19282676.0,0.0,944176.375,0.0,878119.8125,7128692.0,8450171.0,1655319.25,21249832.0,0.0,90300128.0,1
1789706107.962633,speech,303,35,0.0,9110179.0,50884624.0,24248962.0,177880896.0,1373877760.0,284652160.0,14368678.0,36055600.0,356764000.0,187770304.0,790846400.0,277217120.0,264703712.0,163028944.0,519043328.0,1
1789706108.0223944,speech,307,21,229478192.0,469095744.0,191917536.0,499553920.0,550447744.0,0.0,0.0,0.0,0.0,8152510.0,10031610.0,5828200.0,0.0,16036100.0,2958923.5,7913121.0,1
1789706108.0842433,speech,307,17,32143228.0,0.0,0.0,0.0,69611576.0,4450493.5,9603622.0,0.0,2678269.25,4107559.25,0.0,19031400.0,13908294.0,1035194.125,0.0,4455120.0,1
1789706108.1348934,speech,338,16,208252800.0,418758656.0,75368968.0,0.0,0.0,0.0,890161.8125,0.0,4635283.5,0.0,3677861.25,12894384.0,8213421.5,2136022.75,4406147.0,16317279.0,1
1789706108.249509,speech,340,19,109694392.0,0.0,44234648.0,442744160.0,456449344.0,331292672.0,6230779.5,0.0,0.0,1798567.375,5921172.5,1552243.75,1556743.5,0.0,0.0,426479360.0,1
1789706108.437547,speech,339,33,93539744.0,75980280.0,268355168.0,147073536.0,2493552896.0,496763200.0,1653878656.0,22839170.0,0.0,22812980.0,279487424.0,338477600.0,610429760.0,192552752.0,138501264.0,34247928.0,1
1789706108.4973466,speech,347,20,123515600.0,17773898.0,998917.625,72759064.0,0.0,1104739840.0,0.0,81252664.0,0.0,109182512.0,0.0,63613824.0,64647832.0,0.0,1560394112.0,1104546432.0,1
1789706108.5627892,speech,343,20,1490593.75,69637280.0,47893360.0,70536112.0,854546496.0,164692256.0,1182924416.0,0.0,0.0,38330216.0,34377868.0,55694368.0,0.0,0.0,696229120.0,2196417024.0,1
1789706108.7863548,speech,344,24,85098848.0,53156996.0,4472837.0,0.0,645644800.0,56655064.0,15619517.0,0.0,0.0,0.0,0.0,41742344.0,24254606.0,227861024.0,369158272.0,416059328.0,1
1789706108.850076,speech,345,17,24653704.0,0.0,67019516.0,129404744.0,780850624.0,64070416.0,47276660.0,2834705.0,0.0,0.0,0.0,0.0,0.0,7727049.0,10133436.0,26527292.0,1
1789706108.9143445,speech,344,19,13650583.0,0.0,196848336.0,76474960.0,1129661440.0,333207200.0,112124048.0,1814830.75,0.0,1042564.125,1273579.0,4358941.0,352459.25,0.0,1103241.75,25283772.0,1
1789706108.9797013,speech,347,27,24461718.0,50931680.0,87199232.0,19425788.0,0.0,109505832.0,466648224.0,7433940.0,153587.515625,11426922.0,1734169.75,8650106.0,10973626.0,10315116.0,20194660.0,1770001.875,1
1789706109.8940036,speech,347,35,10241265.0,2239718.75,4947246.0,9710265.0,398693952.0,777460864.0,554108096.0,5525668.0,2563637.5,11986590.0,8211758.0,1324549.0,11248136.0,85080768.0,30427824.0,7894375.0,1
1789706109.9392812,speech,348,19,39012888.0,41870708.0,180033616.0,76878744.0,290411392.0,0.0,6753808.0,0.0,0.0,0.0,578211.625,278722.6875,1972173.75,20920444.0,3022696.0,0.0,1
1789706110.0049083,speech,358,19,49873416.0,318137728.0,276574912.0,72575200.0,0.0,6789523.5,16232460.0,0.0,595649.9375,3146771.5,179605.4375,194635.609375,0.0,1713762.125,953334.5,0.0,1
1789706110.0834494,speech,341,21,0.0,6494164.0,2355243.75,1209445.5,614972.875,254596.53125,423551.8125,0.0,0.0,1354563.125,3074474.5,4811409.0,123881984.0,247863152.0,4129577984.0,1719132672.0,1
1789706110.1432304,speech,349,21,0.0,0.0,0.0,0.0,11646817.0,12817274.0,1874917.0,0.0,0.0,28460268.0,71303408.0,60176988.0,1541009408.0,8712816640.0,4335975936.0,0.0,1
1789706110.207084,speech,351,17,275223232.0,21784736.0,2026704256.0,34432696.0,306953856.0,9523893.0,13891196.0,0.0,40932040.0,59773264.0,0.0,13433108.0,0.0,82380528.0,0.0,0.0,1
1789706110.369391,speech,350,16,0.0,5157574.0,35369296.0,773544.0625,3852204.25,0.0,112745.703125,0.0,0.0,245706.015625,366608.875,0.0,402143.625,0.0,16581588.0,5333646.0,1
1789706110.4329646,speech,349,24,103801008.0,48015088.0,0.0,712969280.0,221502768.0,799018240.0,19731632.0,12594918.0,0.0,33567532.0,105752800.0,365173344.0,353658976.0,499942368.0,125093400.0,5859792.0,1
1789706110.4976065,speech,349,19,33491702.0,75520248.0,23847028.0,257761536.0,580463040.0,423782784.0,43135816.0,3244863.0,0.0,1639598.75,0.0,0.0,8962094.0,0.0,167893856.0,145097600.0,1
1789706110.5425198,speech,338,23,2814297.0,109752496.0,110590200.0,52131408.0,2840533504.0,254308464.0,65999136.0,925906.3125,0.0,10756857.0,4358920.0,0.0,7568551.0,57628536.0,105472824.0,66469628.0,1
1789706110.7176387,speech,352,30,70266592.0,264683024.0,342510304.0,31081192.0,8291291.0,11912691.0,5586588.0,0.0,616471.25,529482.375,991710.25,3924092.5,507789.40625,179126.28125,9794726.0,2041944.0,1
1789706110.7771387,speech,353,23,137027392.0,0.0,283251136.0,17986996.0,51528376.0,8789773.0,0.0,0.0,875171.625,1171501.875,2622805.5,1856939.75,1338373.625,3013156.0,2021950.375,2714428.5,1
1789706110.8424113,speech,353,23,14583817.0,152263440.0,292279680.0,664699648.0,39933612.0,9852130.0,9488800.0,0.0,763078.6875,259143.828125,0.0,640165.625,4221420.0,11647466.0,23992476.0,16371312.0,1
1789706110.9378378,speech,346,30,30498666.0,0.0,256704704.0,97436528.0,369515712.0,266664256.0,56426484.0,0.0,0.0,2501209.5,25246986.0,14661643.0,6996891.5,97762176.0,72340272.0,334790336.0,1
1789706111.0016005,speech,346,27,41222872.0,13022376.0,146064128.0,545353536.0,184922176.0,121294256.0,5728910.0,657006.5,0.0,3383147.5,1524796.25,1217821.125,14604286.0,50308380.0,97395600.0,35718988.0,1
1789706111.160195,speech,353,29,51266972.0,0.0,1707588992.0,141258544.0,255977648.0,21518222.0,331337.03125,180852.9375,1464249.75,3122787.75,9321044.0,3836837.0,5225090.0,11348726.0,179705584.0,100914432.0,1
1789706111.2211585,speech,349,25,3927503.0,12703917.0,104898352.0,150694256.0,459160192.0,120090832.0,23923860.0,464035.59375,0.0,4236042.0,6275402.0,4015187.0,34974148.0,334871040.0,176523488.0,767905088.0,1
1789706111.3817756,speech,348,31,39081120.0,124109864.0,432671776.0,306664672.0,159545216.0,13693867.0,8762590.0,0.0,0.0,3695379.75,0.0,2632376.75,14636207.0,298390272.0,278132768.0,236851216.0,1
1789706111.6040397,speech,351,29,133625112.0,402012480.0,81158832.0,183231936.0,92576624.0,17197012.0,9274277.0,419539.90625,1487935.625,1040913.375,1218856.625,179212.6875,181766.171875,0.0,211217.125,655414.875,1
1789706111.6758714,speech,347,25,11469497.0,0.0,35160304.0,38208892.0,738547840.0,1317074688.0,204956912.0,3426753.5,0.0,1224292.75,186639.71875,94619.6640625,1088493.125,9204483.0,7421647.0,2604431.0,1
1789706111.7401454,speech,347,31,11105429.0,32743096.0,128882832.0,198892624.0,734855552.0,102481424.0,150111872.0,9280809.0,0.0,7217073.0,2326282.0,5400638.0,7025040.0,16826530.0,2436571.0,9257064.0,1
1789706111.825016,speech,347,7,0.0,0.0,0.0,6411534.0,0.0,0.0,0.0,0.0,0.0,122650.28125,0.0,0.0,221797.8125,3299511.75,2153886.5,0.0,1
1789706111.8699305,speech,344,21,0.0,3804898.0,4021935.75,41179060.0,13161989.0,4778242.0,2937823.0,861591.625,192843.78125,164181.40625,0.0,16299.423828125,206546.53125,2457688.5,1521668.125,642829.5,1
1789706112.0146303,speech,347,29,15073284.0,21549768.0,43188124.0,21637474.0,18942908.0,6496813.0,1354827.0,652713.75,0.0,1026838.875,518980.1875,4451426.0,3440352.75,3591522.5,7780881.0,19555736.0,1
1789706112.0790627,speech,344,14,235678272.0,12394810.0,8733299.0,18137572.0,0.0,0.0,1154883.25,0.0,0.0,726423.0,148652.25,670990.0,0.0,0.0,0.0,1843755.0,1
1789706112.3318727,speech,356,29,35205744.0,126977008.0,382785280.0,257124032.0,376488768.0,65333372.0,2949965.5,126559.7890625,165042.609375,1012267.9375,985574.4375,825478.0,1356473.375,2827294.5,314461.1875,267584.84375,1
1789706112.4896204,speech,342,21,252954736.0,0.0,4614132.5,17549284.0,103806136.0,124779584.0,96173776.0,6160918.5,0.0,4735239.0,20778308.0,12771604.0,36746196.0,238107936.0,31896338.0,392081952.0,1
1789706112.5490108,speech,339,24,1562484.25,21594048.0,13909243.0,56161284.0,498300000.0,105118040.0,703834496.0,9367963.0,0.0,7181415.5,0.0,64800568.0,0.0,299947392.0,76522456.0,519339552.0,1
1789706112.612992,speech,335,21,61755220.0,0.0,27668730.0,33590104.0,1697732352.0,88506424.0,129881744.0,0.0,0.0,607343.5,0.0,4830506.0,0.0,43624684.0,42368188.0,124985040.0,1
1789706112.687191,speech,335,23,103718816.0,16891316.0,106393504.0,324683488.0,929789760.0,420493600.0,0.0,0.0,0.0,0.0,10131400.0,17757180.0,17031652.0,52803044.0,49851388.0,0.0,1
1789706112.732346,speech,332,23,17627006.0,0.0,3901249.0,59545088.0,1447709184.0,244385200.0,42588504.0,1072652.75,0.0,0.0,10166432.0,9151012.0,57131124.0,10716049.0,21525088.0,69276176.0,1
1789706112.8697917,speech,346,35,90030632.0,53905628.0,41820296.0,217215824.0,176735856.0,1471024384.0,97883360.0,8505993.0,3677525.5,4098692.75,94498216.0,47579856.0,885485248.0,1193996800.0,1222001664.0,484628096.0,1
1789706112.9297216,speech,349,20,21368086.0,0.0,6190586.0,188157760.0,272278112.0,370185504.0,134507248.0,15932222.0,0.0,3848418.5,35930104.0,57906260.0,293660064.0,473843360.0,474139456.0,1364221952.0,1
1789706113.4072902,speech,348,28,92686104.0,11042641.0,351984256.0,722808320.0,382229088.0,76699152.0,38614732.0,0.0,293740.4375,134669.375,844844.625,2679185.25,6358365.0,39636592.0,137093664.0,228260656.0,1
1789706113.4711022,speech,344,23,83211808.0,0.0,76980432.0,258399296.0,305907904.0,592136704.0,7598047.0,1816419.0,0.0,2051266.25,830961.9375,230060.0625,18155508.0,19213084.0,33511552.0,0.0,1
1789706113.53552,speech,346,26,15385494.0,4977983.0,96656232.0,249558256.0,252972896.0,1180662656.0,20919304.0,2850872.25,0.0,2660669.5,1622614.25,1300014.375,2137967.75,3353012.75,0.0,6971680.5,1
1789706113.7256863,speech,341,23,23708794.0,0.0,8867629.0,10916270.0,107814240.0,15522263.0,154353568.0,5512099.0,1520704.75,0.0,0.0,14184712.0,116750168.0,314685728.0,585711488.0,178966736.0,1
1789706113.7906146,speech,350,21,27124402.0,58695320.0,29302800.0,5445090.0,0.0,61461264.0,254281024.0,17827008.0,0.0,0.0,8254295.5,17645202.0,1399421.5,0.0,20294620.0,0.0,1
1789706113.8844287,speech,350,19,8899254.0,0.0,9782755.0,18504144.0,7878771.5,3655639.75,873593.875,0.0,789299.5625,4423269.5,0.0,0.0,1139131.625,1847882.5,4222055.5,0.0,1
1789706113.9291263,speech,337,12,846729344.0,47259932.0,0.0,9824831.0,0.0,31661970.0,14800882.0,5653447.5,341221.875,0.0,0.0,0.0,0.0,0.0,4023650.0,2095111.5,1
1789706114.0738451,speech,2,26,101965488.0,736289920.0,47193744.0,33337360.0,0.0,0.0,5186900.5,669398.5625,2060683.5,2358196.5,1578658.25,0.0,2617819.5,1367627.25,111805.3671875,1218056.5,1
1789706114.1345925,speech,353,32,21838852.0,700701056.0,91684304.0,17844810.0,30439104.0,2052569.875,8457185.0,667173.25,733059.1875,5655664.0,4733222.5,842382.25,670974.875,340897.75,42050.52734375,729628.9375,1
1789706114.2638645,speech,344,31,67351488.0,0.0,60675872.0,85634544.0,229013968.0,156535168.0,94300864.0,14552822.0,0.0,0.0,32843598.0,106081504.0,539929408.0,418338752.0,350506240.0,202751840.0,1
1789706114.324363,speech,344,22,7840629.0,17514436.0,85734784.0,8121153.5,115670552.0,130467624.0,168557168.0,4302482.0,164626.65625,9799990.0,1467709.375,0.0,15266416.0,30279754.0,0.0,306468512.0,1
1789706114.4225867,speech,358,23,0.0,865598464.0,340599296.0,113574368.0,13457480.0,0.0,525026.625,0.0,1278375.25,3405686.0,4787266.5,1022914.5,2859602.0,3599583.5,3119045.0,2363123.0,1
1789706114.5483289,speech,348,35,217398144.0,708726080.0,581549312.0,1683807872.0,131170040.0,72078816.0,69193128.0,629407.375,1990994.0,1803620.25,5385005.5,2004803.25,2791847.25,15878678.0,3137481.75,244184608.0,1
1789706114.7060413,speech,348,24,3372174.5,0.0,18072748.0,62389056.0,214453408.0,1211816448.0,41939260.0,0.0,0.0,11482704.0,14971842.0,88227000.0,90194216.0,1923408640.0,943732608.0,209520768.0,1
1789706114.7511358,speech,350,20,17974722.0,8970950.0,15028843.0,83569552.0,499636800.0,697723392.0,7964742.0,0.0,0.0,0.0,2292239.25,0.0,27816480.0,111572656.0,54643948.0,28529068.0,1
1789706114.8643467,speech,354,20,49754120.0,41493408.0,1304491392.0,87625192.0,190345216.0,0.0,77504.5703125,0.0,823807.0,909576.625,762566.5,1598246.125,0.0,0.0,1935899.75,1240453.625,1
1789706114.9926887,speech,346,34,44145136.0,51884904.0,338106560.0,242192224.0,988598784.0,225997024.0,205768464.0,10972992.0,250180.171875,3427345.75,18276348.0,25456616.0,121970552.0,507098304.0,463209792.0,573951488.0,1
1789706115.0577352,speech,346,20,27280230.0,12873128.0,137613984.0,497334464.0,402893696.0,695085056.0,15549184.0,0.0,0.0,0.0,0.0,829986.375,0.0,17439870.0,60619732.0,0.0,1
1789706115.1019526,speech,347,22,14463457.0,5490349.0,138048032.0,583639040.0,484620832.0,505318944.0,14818274.0,1074050.25,0.0,1235146.375,0.0,0.0,8868499.0,30195180.0,0.0,7377277.0,1
1789706115.165506,speech,345,28,15336311.0,0.0,115109792.0,365712032.0,259456960.0,729714624.0,126681696.0,14010108.0,2342041.0,10047217.0,2038899.625,2192207.5,3200929.75,27310632.0,138016544.0,260615776.0,1
1789706115.6563911,speech,345,26,0.0,0.0,664828.5625,618853.3125,1026644.1875,797847.125,173467.8125,49396.91796875,0.0,321976.0625,26322.37109375,252330.65625,696278.875,9026737.0,3058763.5,872819.0625,1
1789706115.7204242,speech,353,34,272267232.0,149936320.0,111342056.0,5071894.5,11402222.0,17330564.0,7551184.0,1567721.25,2289474.75,2021662.875,666061.25,1086940.125,1164003.375,19737576.0,1195116.375,1015929.875,1
1789706115.7928727,speech,348,31,17437520.0,41300256.0,96788384.0,75945392.0,113677208.0,4307707.5,1768153.5,603201.625,0.0,396813.03125,137530.1875,1415327.5,4448740.5,43266368.0,49416256.0,34576836.0,1
1789706115.858198,speech,354,15,0.0,16441822.0,217233696.0,453424128.0,6090674.5,3853587.5,5041153.5,0.0,0.0,712617.9375,0.0,0.0,0.0,17505060.0,26372376.0,19733560.0,1
1789706115.9224997,speech,354,24,21277664.0,204946304.0,0.0,27139768.0,6192904.0,9709814.0,2460374.25,0.0,7310046.0,6089270.0,2818383.75,9944236.0,6764300.0,14583934.0,0.0,20539542.0,1
1789706115.9796033,speech,353,13,8934465.0,0.0,1043972.8125,1260393.375,0.0,113150.5,66961.1796875,8218.61328125,111320.703125,31085.298828125,60720.109375,0.0,604225.125,9472422.0,0.0,0.0,1
1789706116.044593,speech,343,34,1178417.625,14154544.0,30519754.0,97485840.0,147217120.0,282702688.0,52059836.0,20007752.0,6588081.0,6620596.0,7363652.0,7469219.5,9952824.0,60261856.0,3536188.25,37404348.0,1
1789706116.1633098,speech,344,20,500428.25,0.0,2133702.0,1126576.375,29861068.0,95647184.0,100188200.0,33356064.0,0.0,0.0,6027982.0,0.0,4398913.5,18415542.0,2810632.0,11479381.0,1
1789706116.2240026,speech,344,20,1741697.75,0.0,539485.625,7837398.0,315925248.0,576582784.0,231717568.0,92587200.0,39163220.0,0.0,5744665.5,0.0,1724614.5,0.0,11196724.0,7425226.0,1
1789706116.2737327,speech,344,28,35378688.0,5316471.0,0.0,59036984.0,1116045056.0,1179696256.0,602366144.0,39653208.0,30390144.0,4715304.0,0.0,28148364.0,1497134.875,44515588.0,34065892.0,45299756.0,1
1789706116.3846145,speech,344,15,591450.1875,1653712.75,12608573.0,9420182.0,40596292.0,841615.25,0.0,547450.375,0.0,0.0,575919.3125,748729.5,0.0,8280312.0,1998055.875,0.0,1
1789706116.429315,speech,348,21,296332032.0,0.0,81279104.0,70542352.0,28891004.0,7207073.5,4405172.0,0.0,0.0,2470410.5,228917.109375,550723.875,0.0,4858282.5,0.0,0.0,1
1789706116.6062086,speech,340,27,25511556.0,0.0,296742240.0,564321536.0,770576768.0,220626864.0,156240544.0,1365978.375,5422041.5,0.0,917452.1875,0.0,673227.25,855746.5625,9574853.0,17742698.0,1
1789706116.6663332,speech,340,27,26478468.0,0.0,15220088.0,9187554.0,2004573952.0,23493334.0,1019809280.0,130414112.0,99953800.0,0.0,6134075.5,419415424.0,218278816.0,188695200.0,441169408.0,37755888.0,1
1789706116.7154937,speech,341,28,71176888.0,6464059.5,7943003.5,5695868.0,757421376.0,31228072.0,746677184.0,17807090.0,33527920.0,0.0,2465103.75,0.0,21300318.0,222842336.0,1009267072.0,344718432.0,1
1789706117.3982244,speech,346,36,596622080.0,178170048.0,246656064.0,2211885568.0,1498391552.0,490678272.0,136038256.0,16443134.0,1321768.625,8072543.0,2582531.75,13028010.0,2019778.0,15071690.0,2656700.5,14592150.0,1
1789706117.492447,speech,343,24,0.0,0.0,28338292.0,0.0,180223200.0,22562044.0,2283686.75,24827828.0,9829438.0,156466.90625,1701541.625,1764613.25,1909294.25,1122466.25,488106.71875,2036440.25,1
1789706117.5533369,speech,358,20,44179448.0,502917152.0,48396880.0,81645032.0,145756224.0,0.0,6879384.0,0.0,0.0,2488209.0,0.0,1135314.25,591151.25,328914.78125,1224684.25,1845211.375,1
1789706117.6179566,speech,342,32,295038912.0,0.0,105656208.0,182370160.0,327257568.0,150310176.0,80288248.0,7041352.0,1656446.25,0.0,350870.6875,12257086.0,2291821.25,4361495.5,17801568.0,51101132.0,1
1789706117.6827328,speech,343,26,210933872.0,0.0,27202930.0,162425696.0,176648384.0,0.0,35031952.0,10335199.0,1847418.0,3825336.25,1896144.75,2865949.5,5672159.5,11330596.0,3745383.5,13792890.0,1
1789706117.7797046,speech,358,21,0.0,3612523.5,118717072.0,985019840.0,12619826.0,7240468.0,0.0,0.0,0.0,573815808.0,584770496.0,64920216.0,0.0,52712048.0,12920342.0,1692162.125,1
1789706117.8731942,speech,342,25,0.0,38928572.0,3009611.25,49361272.0,837753152.0,59521392.0,508685120.0,97191712.0,19545112.0,0.0,0.0,116459768.0,253785184.0,668776128.0,420369408.0,297758496.0,1
1789706117.932966,speech,341,19,165958704.0,4194060.25,0.0,0.0,545158336.0,55048352.0,150342080.0,0.0,0.0,0.0,0.0,23024172.0,51050224.0,230609008.0,42480272.0,338648512.0,1
1789706117.9961736,speech,341,17,27254312.0,0.0,0.0,22374728.0,177080288.0,1390881152.0,226683136.0,0.0,2015252.5,0.0,2300167.5,67491304.0,0.0,258230096.0,1017776256.0,332469824.0,1
1789706118.0945966,speech,344,29,133469880.0,0.0,58630728.0,59736200.0,162965488.0,128202352.0,38778116.0,16984382.0,5375640.0,0.0,5881627.0,24349936.0,70840904.0,319940960.0,1357075584.0,2213870592.0,1
1789706118.1584365,speech,344,24,0.0,19707826.0,0.0,27029374.0,112890208.0,117239752.0,600467584.0,21818588.0,9145612.0,0.0,0.0,116785064.0,135872352.0,558052032.0,365745088.0,14219078.0,1
1789706118.2035494,speech,345,20,0.0,0.0,0.0,3012642.0,10320184.0,674727360.0,770272448.0,57232000.0,0.0,0.0,52971712.0,225506944.0,352601152.0,943019520.0,254141712.0,109849120.0,1
1789706118.266847,speech,343,22,0.0,0.0,4507285.5,18453260.0,0.0,61782324.0,169126096.0,191653680.0,78538856.0,14150436.0,0.0,249468096.0,538583424.0,1650962816.0,99791592.0,218640528.0,1
