timestamp,sound_type,detected_angle,bin_count,band_0,band_1,band_2,band_3,band_4,band_5,band_6,band_7,band_8,band_9,band_10,band_11,band_12,band_13,band_14,band_15,label
1789482061.7932703,speech,333,23,202105136.0,40811704.0,81764624.0,93479168.0,12413816.0,0.0,92618752.0,4803758080.0,173528096.0,415878976.0,147504080.0,0.0,0.0,47605992.0,333825600.0,1129048.5,1
1789482061.8535755,speech,333,19,258629840.0,113748144.0,96963424.0,237325632.0,48783316.0,0.0,6823829.5,6965577728.0,2563065856.0,27516590.0,0.0,0.0,0.0,5960481.0,0.0,255380368.0,1
1789482061.9026482,speech,327,17,359450432.0,0.0,270709792.0,158351728.0,1293209.0,0.0,686003264.0,7330151424.0,0.0,747241728.0,125569616.0,0.0,0.0,300312256.0,0.0,0.0,1
1789482061.9667528,speech,325,15,624644608.0,0.0,0.0,662270528.0,306911744.0,0.0,471676832.0,0.0,0.0,69266608.0,112202560.0,12737096.0,0.0,26735462.0,64929484.0,19610576.0,1
1789482062.5854175,speech,296,20,94371288.0,0.0,35526020.0,19115212.0,1098180096.0,0.0,1055724928.0,172220288.0,145706912.0,104139344.0,0.0,327346016.0,526759904.0,0.0,0.0,67215784.0,1
1789482062.6438184,speech,311,18,270216416.0,0.0,389504448.0,0.0,330909120.0,0.0,2710366720.0,0.0,8192073728.0,1318345472.0,244741024.0,0.0,377388928.0,317668864.0,2638333440.0,1726705408.0,1
1789482062.7078068,speech,293,11,287740320.0,0.0,0.0,0.0,549615872.0,0.0,0.0,0.0,2383285760.0,2560162560.0,338638400.0,92235272.0,132568024.0,0.0,0.0,0.0,1
1789482062.7703557,speech,316,8,409467392.0,41584880.0,0.0,293273920.0,0.0,0.0,0.0,0.0,0.0,1432458880.0,127501136.0,0.0,0.0,0.0,0.0,0.0,1
1789482063.1885557,speech,325,21,956391040.0,1012280896.0,594813504.0,1404361472.0,158364048.0,0.0,11674188.0,0.0,6256586.0,1684101.5,2517518.25,0.0,0.0,0.0,1422199.75,1243367.125,1
1789482063.2464268,speech,321,12,885731264.0,3226777600.0,0.0,1248765824.0,46439592.0,0.0,1209175.0,200883.3125,0.0,257553.59375,211128.34375,0.0,220860.28125,0.0,0.0,0.0,1
1789482063.30851,speech,317,19,1158450944.0,2434899712.0,10759720960.0,503271872.0,569858368.0,0.0,0.0,25721136.0,340975872.0,8096820.0,0.0,1666816.75,543793.1875,0.0,0.0,906858.1875,1
1789482063.3701043,speech,309,6,405629824.0,0.0,0.0,26160500.0,0.0,5858954.0,0.0,0.0,0.0,1304864.25,0.0,0.0,0.0,0.0,0.0,1906864.875,1
1789482063.9814007,speech,328,20,99298672.0,1296210.75,79502432.0,5053928.0,83005856.0,155983728.0,809260160.0,828880256.0,28327692.0,328573344.0,0.0,0.0,0.0,76334576.0,77940080.0,737796032.0,1
1789482064.0391123,speech,308,13,3790960.5,0.0,1292383.0,0.0,0.0,549100288.0,4351401.5,0.0,0.0,1093157376.0,58832568.0,84232640.0,1908582.75,3508517.0,0.0,56268028.0,1
1789482064.1015258,speech,341,12,23575976.0,0.0,46754832.0,0.0,45221928.0,0.0,56407480.0,0.0,35988016.0,0.0,0.0,61070664.0,0.0,67060784.0,59868228.0,85629264.0,1
1789482064.1652884,speech,3,12,0.0,0.0,37569080.0,3610083.25,6946869.0,0.0,0.0,0.0,0.0,11881344.0,2814360.0,30198680.0,14686356.0,0.0,10821174.0,1184440.25,1
1789482064.6482923,speech,332,23,10212677.0,119873128.0,29320768.0,983518336.0,721477504.0,0.0,2033808768.0,281913760.0,650897792.0,115670064.0,151630208.0,0.0,0.0,1588930048.0,500516064.0,142277152.0,1
1789482064.709995,speech,335,17,802657.125,0.0,202516752.0,216022080.0,0.0,0.0,201846224.0,4046111232.0,10176090112.0,513334400.0,225678368.0,0.0,531109152.0,1069675392.0,783093056.0,361556864.0,1
1789482064.7736363,speech,335,14,7545453.0,0.0,346558976.0,628485312.0,0.0,0.0,0.0,241568832.0,3330153984.0,1127307008.0,504989408.0,0.0,72983888.0,13892343.0,0.0,0.0,1
1789482064.8237329,speech,329,8,121734888.0,0.0,246263664.0,3081212160.0,1238858240.0,0.0,0.0,240077760.0,0.0,0.0,0.0,0.0,0.0,0.0,0.0,0.0,1
1789482065.662691,speech,317,24,356505408.0,41440288.0,2182434048.0,1040185344.0,242357024.0,79315784.0,16697540.0,39993116.0,618238.125,72274096.0,3951360.5,0.0,0.0,0.0,0.0,0.0,1
1789482065.7215176,speech,329,18,602767104.0,6298661.0,9394952192.0,639306496.0,408394208.0,0.0,355012000.0,78837312.0,86701904.0,198073216.0,357309.875,0.0,0.0,0.0,0.0,0.0,1
1789482065.7840216,speech,336,11,1522363648.0,0.0,8853137408.0,346549952.0,0.0,5834764.0,0.0,0.0,0.0,0.0,0.0,0.0,287696.40625,469442.4375,0.0,609084.5,1
1789482065.8481398,speech,336,8,1439337472.0,9946078.0,0.0,1227443.25,0.0,0.0,0.0,7288374.0,0.0,0.0,3975642.0,0.0,0.0,0.0,0.0,27579988.0,1
1789482065.9027073,speech,325,7,221536224.0,34057088.0,2174220288.0,1204562.0,0.0,0.0,0.0,0.0,0.0,1012359.4375,0.0,0.0,0.0,0.0,0.0,0.0,1
1789482065.9625483,speech,327,14,0.0,794856448.0,34801004.0,232131120.0,15797308.0,0.0,1094034.5,0.0,2011814.5,1025110.0625,316034.875,0.0,0.0,0.0,0.0,616191.0625,1
1789482066.0262196,speech,328,17,68288856.0,0.0,0.0,106267840.0,0.0,0.0,607820608.0,516168384.0,1278977152.0,169097440.0,22427984.0,0.0,0.0,71274520.0,0.0,302519616.0,1
1789482066.089217,speech,335,20,0.0,25854708.0,51864256.0,80032320.0,0.0,0.0,64834800.0,1393471232.0,206625136.0,2101432960.0,256550832.0,31233096.0,0.0,29097530.0,212016496.0,64478180.0,1
1789482066.1533291,speech,345,17,0.0,0.0,28135868.0,73795136.0,65206256.0,0.0,297014080.0,1540190976.0,1274577152.0,327015424.0,126170848.0,0.0,0.0,73624296.0,0.0,351854624.0,1
1789482066.2179518,speech,345,17,0.0,0.0,48546308.0,5340467.0,125635408.0,0.0,160595584.0,145856736.0,981380928.0,0.0,0.0,18637222.0,0.0,76151304.0,0.0,0.0,1
1789482066.7730637,speech,323,21,307673600.0,0.0,3394438400.0,0.0,421812096.0,3833702.0,0.0,579837.3125,115975256.0,89136240.0,29263046.0,19742066.0,0.0,2320256.0,369271.71875,347318.0625,1
1789482066.8326724,speech,321,15,608941312.0,800749.125,3517991424.0,0.0,413841440.0,0.0,0.0,0.0,87848984.0,0.0,0.0,0.0,0.0,270208.1875,1268699.125,936153.625,1
1789482066.8949413,speech,321,9,322392352.0,218835504.0,2248786432.0,55042408.0,44737096.0,0.0,0.0,0.0,0.0,974815.25,0.0,0.0,0.0,715223.75,0.0,0.0,1
1789482066.9452868,speech,333,17,417596000.0,1352942848.0,1579737728.0,159979136.0,0.0,19455564.0,19284350.0,3089833.25,0.0,0.0,0.0,0.0,0.0,2240469.5,7566813.5,3467890.75,1
1789482067.0094793,speech,324,20,362438944.0,476745600.0,359841088.0,0.0,0.0,116861632.0,488760064.0,324798656.0,176946816.0,271463840.0,11889682.0,2034583.0,0.0,2074310.0,0.0,0.0,1
1789482067.0731714,speech,325,15,0.0,0.0,44708620.0,71551624.0,159488480.0,218127072.0,835176448.0,276741312.0,1411402368.0,225752016.0,69739456.0,0.0,0.0,29246056.0,20246496.0,0.0,1
1789482067.1367967,speech,332,19,0.0,26168300.0,168700928.0,59170320.0,68823720.0,20723386.0,0.0,501159232.0,0.0,177452304.0,40404972.0,23166736.0,0.0,34974812.0,23085672.0,12005598.0,1
1789482067.2815692,speech,328,18,12916930.0,49987480.0,548926976.0,0.0,1445720960.0,30198112.0,0.0,35358560.0,0.0,6795408.0,2766795.5,2517466.0,0.0,0.0,0.0,8118108.0,1
1789482067.5337582,speech,300,13,49279104.0,0.0,83075192.0,236625120.0,971210496.0,283070592.0,1502305280.0,11805632.0,0.0,0.0,0.0,2571309.5,6544009.0,0.0,0.0,0.0,1
1789482067.5923464,speech,308,12,181236736.0,2607079.25,52211292.0,49340288.0,332983616.0,0.0,0.0,0.0,0.0,6999615.5,0.0,3916589.0,0.0,0.0,0.0,0.0,1
1789482067.656276,speech,328,7,2342007808.0,35688376.0,68544656.0,41028816.0,0.0,0.0,0.0,0.0,0.0,0.0,0.0,0.0,0.0,0.0,1596218.5,0.0,1
1789482067.7196128,speech,330,8,1651571328.0,46517260.0,34745976.0,0.0,746294.625,1487175.0,2221866.0,0.0,0.0,0.0,0.0,1075616.25,0.0,0.0,0.0,0.0,1
1789482067.7938693,speech,326,13,310651648.0,83540960.0,536828672.0,5871415.0,14568921.0,2820831.5,0.0,953497.0,1145284.0,0.0,0.0,0.0,0.0,0.0,1405202.375,2031360.0,1
1789482067.8566797,speech,343,10,501362272.0,1257502976.0,7914576384.0,1999781.625,10374296.0,0.0,1652263.875,693100.125,0.0,248215.078125,0.0,0.0,0.0,0.0,0.0,0.0,1
1789482067.9204412,speech,356,11,812923072.0,48915044.0,500004096.0,0.0,710424.875,0.0,527176.125,0.0,0.0,0.0,595701.25,0.0,0.0,0.0,0.0,2469625.25,1
1789482068.6127973,speech,315,19,403131424.0,0.0,3225566208.0,662248896.0,18360782.0,17684160.0,356088.25,5604502.0,5243756.0,20269818.0,6612566.0,0.0,707658.1875,0.0,0.0,0.0,1
1789482068.6710315,speech,315,12,0.0,0.0,6411872256.0,1121706752.0,38556712.0,27421890.0,142597152.0,162991440.0,13291774.0,0.0,4375820.0,0.0,0.0,0.0,0.0,0.0,1
1789482068.7215033,speech,315,12,0.0,0.0,0.0,0.0,241491392.0,0.0,128501616.0,420898112.0,17061522.0,0.0,14883621.0,0.0,0.0,11536846.0,7355253.5,0.0,1
1789482068.7678916,speech,325,17,0.0,0.0,3471779072.0,0.0,22389276.0,0.0,135553104.0,125827224.0,1227956.75,15570576.0,0.0,0.0,0.0,67836144.0,23607372.0,7934563.5,1
1789482068.830239,speech,325,9,61330784.0,3575434.0,520533856.0,0.0,789971.625,0.0,3252207.25,0.0,2094148.0,0.0,0.0,0.0,0.0,356998.75,0.0,377066.25,1
1789482068.8811266,speech,325,15,231213440.0,91830448.0,0.0,312163552.0,93075824.0,0.0,281404032.0,4804417536.0,0.0,0.0,0.0,0.0,0.0,38571648.0,19111948.0,18949872.0,1
1789482068.8815923,speech,285,11,0.0,0.0,0.0,18097672.0,0.0,1122174848.0,0.0,0.0,0.0,367274848.0,12939233.0,110451272.0,0.0,0.0,0.0,0.0,1
1789482068.9445899,speech,295,16,26521132.0,12339662.0,1989333.375,0.0,148134560.0,0.0,148795792.0,0.0,0.0,814703360.0,140957744.0,0.0,18626834.0,8472067.0,11596758.0,12396140.0,1
1789482069.0087898,speech,318,10,0.0,14429658.0,12008991.0,67549952.0,182377824.0,0.0,0.0,0.0,0.0,0.0,0.0,0.0,0.0,0.0,5323267.5,6839665.0,1
1789482069.1535852,speech,327,15,142987920.0,0.0,21266506.0,2000382464.0,0.0,0.0,42834100.0,43866796.0,7522053.0,0.0,0.0,1519281.125,2479746.5,549209.0,810023.9375,0.0,1
1789482069.4064229,speech,317,16,254531008.0,0.0,0.0,1738820096.0,2088926208.0,0.0,9611497.0,1326755840.0,89293344.0,0.0,0.0,0.0,4771025.0,19637886.0,20948582.0,376808448.0,1
1789482069.4645805,speech,316,14,0.0,20570434.0,329706784.0,10516037.0,257769392.0,1400338432.0,0.0,0.0,134484256.0,0.0,81270256.0,58893752.0,0.0,84375056.0,22934114.0,0.0,1
1789482069.5268757,speech,316,7,0.0,0.0,113562416.0,0.0,0.0,0.0,3147601.75,0.0,17846266.0,0.0,0.0,0.0,0.0,0.0,0.0,19110358.0,1
1789482069.6275692,speech,294,14,0.0,2823890.5,252146400.0,12808761.0,71613784.0,0.0,7312903.0,0.0,3137519.5,0.0,3448545.75,1155984.25,394558.90625,0.0,0.0,0.0,1
1789482069.6857376,speech,318,13,0.0,4226472.0,12958816256.0,0.0,12834046.0,671700.375,79279056.0,22633630.0,0.0,0.0,227874.78125,0.0,0.0,0.0,0.0,8780028.0,1
1789482069.7488706,speech,318,4,0.0,0.0,0.0,0.0,18016228.0,0.0,0.0,0.0,3203092.5,0.0,0.0,0.0,0.0,0.0,0.0,0.0,1
1789482069.798212,speech,318,4,0.0,0.0,0.0,0.0,5401853.0,0.0,0.0,0.0,2120624.0,1996911.75,0.0,0.0,0.0,0.0,0.0,0.0,1
1789482069.8449223,speech,318,4,0.0,620899.5,10026298.0,0.0,0.0,990849.25,0.0,509167.90625,0.0,0.0,0.0,0.0,0.0,0.0,0.0,0.0,1
1789482071.2147608,speech,337,19,18135370.0,0.0,0.0,35200104.0,68417152.0,18103020.0,67345040.0,504556320.0,780816128.0,476741856.0,66002824.0,0.0,0.0,34279072.0,21756164.0,5641293.0,1
1789482071.2784414,speech,344,18,0.0,1834036.875,138828704.0,4674273.5,0.0,0.0,0.0,62565460.0,3435441664.0,336201696.0,1039509632.0,54134192.0,0.0,14343404.0,368347200.0,0.0,1
1789482071.343057,speech,339,14,0.0,0.0,216620400.0,16084822.0,191342576.0,7796484.0,18336424.0,2196316672.0,0.0,0.0,0.0,0.0,0.0,78339632.0,0.0,2114506.5,1
1789482071.4075382,speech,341,15,0.0,116113096.0,178623408.0,106021112.0,0.0,134198568.0,143460064.0,0.0,0.0,76614600.0,85204968.0,0.0,0.0,0.0,0.0,2926956.25,1
1789482071.4713762,speech,329,11,805083968.0,79312504.0,662521088.0,0.0,83504208.0,0.0,0.0,66877168.0,0.0,0.0,0.0,1792108.875,0.0,0.0,0.0,5132576.0,1
1789482071.534865,speech,340,9,0.0,105331792.0,4700909056.0,1310583.25,8889246.0,0.0,0.0,0.0,8277576.5,0.0,0.0,0.0,335873.0625,0.0,835226.8125,0.0,1
1789482071.5982134,speech,340,7,834794880.0,0.0,0.0,0.0,0.0,0.0,2593621.0,0.0,0.0,97086.5,0.0,0.0,2930074.25,0.0,0.0,0.0,1
1789482071.6450393,speech,341,9,450921984.0,0.0,24568864.0,0.0,0.0,0.0,1539034.25,4966856.0,5011057.5,227192.28125,0.0,0.0,0.0,0.0,0.0,0.0,1
1789482071.847515,speech,288,5,351695360.0,6084911.5,0.0,0.0,0.0,0.0,0.0,0.0,0.0,0.0,0.0,0.0,0.0,0.0,0.0,0.0,1
1789482071.848589,speech,324,7,0.0,0.0,423657504.0,2411216.5,11660303.0,0.0,0.0,0.0,0.0,0.0,591486.625,103719.5703125,261162.890625,0.0,0.0,0.0,1
1789482071.9734588,speech,292,12,343576096.0,0.0,1105581952.0,0.0,23541718.0,0.0,1334660.25,0.0,761547.0,41658.16015625,0.0,0.0,0.0,0.0,0.0,0.0,1
1789482072.0317535,speech,326,7,0.0,0.0,1143708416.0,0.0,0.0,0.0,0.0,0.0,3909730.0,0.0,1982941.75,0.0,0.0,0.0,0.0,0.0,1
1789482072.095533,speech,325,10,0.0,0.0,14314775.0,1267901.125,2175401.5,1158776.5,565792.3125,0.0,0.0,697447.25,0.0,251668.71875,0.0,431454.8125,0.0,0.0,1
1789482075.3027916,speech,339,16,229277120.0,62423168.0,1189850496.0,27348356.0,99214192.0,0.0,0.0,1532539.375,1474375.125,0.0,0.0,213677.0,0.0,0.0,0.0,341491.90625,1
1789482075.362646,speech,346,14,59810128.0,379109408.0,1786222208.0,102005560.0,38566812.0,0.0,1103326.875,0.0,220095.578125,1709282.0,0.0,0.0,0.0,0.0,0.0,297076.15625,1
1789482075.4613848,speech,332,19,345152384.0,137594464.0,2050795648.0,43151888.0,78181088.0,3245854.75,0.0,0.0,0.0,535557.375,0.0,0.0,0.0,0.0,786865.0,360944.4375,1
1789482075.5260956,speech,334,19,171080672.0,104979552.0,447089408.0,1398219008.0,86502752.0,3202391040.0,5189496.5,383620960.0,314614816.0,0.0,18506124.0,0.0,0.0,0.0,21676044.0,21391756.0,1
1789482075.6841195,speech,334,19,62787836.0,0.0,162773712.0,71083776.0,99548896.0,0.0,0.0,4048484.5,812607.75,2837119.0,925919.875,0.0,0.0,20228032.0,56754736.0,10130026.0,1
1789482075.7299929,speech,334,22,820443776.0,140136864.0,787861.0,1969651968.0,918868480.0,155842992.0,30476774.0,58221156.0,0.0,4122312.5,2256934.5,6168505.0,0.0,12748838.0,74511408.0,4435934.5,1
1789482075.7802126,speech,330,14,41177024.0,58908048.0,395619936.0,0.0,917069056.0,0.0,0.0,95746968.0,0.0,37548680.0,49941344.0,0.0,0.0,19466232.0,0.0,0.0,1
1789482075.9066978,speech,330,21,0.0,104973992.0,236595888.0,265603392.0,537211200.0,79211952.0,0.0,14611376.0,259114400.0,94007000.0,74863328.0,770696.875,0.0,0.0,2617915.5,7347319.5,1
1789482075.95235,speech,332,17,11077232.0,236073312.0,1654086784.0,2418625536.0,85645048.0,1113055.375,0.0,10336150.0,29213122.0,0.0,0.0,819781.25,0.0,896715.375,0.0,1347070.75,1
1789482076.015574,speech,332,20,77064192.0,275626496.0,1029553792.0,1429355008.0,642336384.0,81964112.0,25513958.0,0.0,0.0,29636504.0,28443544.0,37711456.0,0.0,0.0,3521914.75,2857638.5,1
1789482076.0621593,speech,328,13,0.0,0.0,1421874176.0,0.0,514901056.0,7314073.0,0.0,0.0,0.0,5979171.0,8103838.5,80191552.0,28099878.0,0.0,0.0,1372641.5,1
1789482076.1369946,speech,335,13,106255536.0,0.0,63236740.0,0.0,9653268.0,0.0,0.0,68097440.0,1094233088.0,30327558.0,175131168.0,0.0,0.0,0.0,0.0,3318365.0,1
1789482076.200941,speech,334,21,0.0,0.0,95311584.0,18562544.0,70850320.0,41980300.0,0.0,445397568.0,986637952.0,428768256.0,103325856.0,18754722.0,46955688.0,125634624.0,0.0,98100528.0,1
1789482076.2661211,speech,342,16,0.0,22261000.0,19986676.0,44152344.0,0.0,0.0,109218640.0,1096122240.0,3830697472.0,607637376.0,81875552.0,18671456.0,0.0,21765610.0,0.0,45480780.0,1
1789482082.8758914,speech,328,23,322746048.0,84646240.0,3947535360.0,56062204.0,171280640.0,0.0,719449.0625,10393447.0,0.0,6174603.5,5384951.5,0.0,0.0,30888494.0,25139598.0,51610768.0,1
1789482082.939947,speech,329,14,4940989.0,1250699776.0,1162083328.0,0.0,131328896.0,25922130.0,0.0,0.0,0.0,5142921.0,11203109.0,0.0,0.0,295068352.0,0.0,13513277.0,1
1789482083.0025496,speech,323,7,20704608.0,1662224896.0,0.0,0.0,0.0,4598818.5,0.0,0.0,0.0,0.0,0.0,11960076.0,7106040.5,0.0,0.0,2234486.5,1
1789482083.1299353,speech,331,24,367752736.0,1284983424.0,764870208.0,364286912.0,43729584.0,39693296.0,18733478.0,11840967.0,1404230.125,6248167.5,0.0,2102865.0,29652096.0,9252846.0,10187460.0,280856.6875,1
1789482083.1924512,speech,322,20,0.0,1343397120.0,295695744.0,210714256.0,22502346.0,0.0,13168032.0,1168734.875,0.0,11971880.0,25154228.0,3109826.5,0.0,9003505.0,174941.234375,0.0,1
1789482083.253042,speech,338,17,12600760.0,634637824.0,137528832.0,259824016.0,1297830.375,0.0,1827194.0,165135.078125,2520883.0,683903.9375,0.0,0.0,0.0,7580397.0,0.0,1225672.625,1
1789482083.4135494,speech,320,21,767980928.0,902759296.0,948030080.0,654838400.0,175833856.0,16186550.0,0.0,0.0,0.0,4390360.5,200550.40625,0.0,167737376.0,143392064.0,16360050.0,4056403.5,1
1789482083.4722354,speech,318,15,572270784.0,1193413504.0,1133316864.0,312278304.0,2713060.75,0.0,233084.5625,0.0,171116.515625,0.0,0.0,0.0,37578160.0,45851148.0,0.0,1356240.875,1
1789482083.5724814,speech,324,20,339111872.0,887704512.0,1708076032.0,420416064.0,175363584.0,0.0,615812.75,0.0,194062.5625,8850730.0,0.0,0.0,62171392.0,131014792.0,11751001.0,7648729.0,1
1789482083.629764,speech,322,21,843939776.0,2003789184.0,1669918336.0,3224899584.0,822914240.0,0.0,0.0,28731954.0,0.0,0.0,351016.4375,0.0,230931536.0,172690624.0,24637362.0,4364252.0,1
1789482083.8250217,speech,322,22,2055618432.0,378219808.0,4644500480.0,137192784.0,470937536.0,0.0,0.0,23541208.0,0.0,26824156.0,4132229.75,0.0,21028640.0,20417640.0,1273010.5,21271456.0,1
1789482083.8699055,speech,321,17,2813623552.0,458667392.0,4540803584.0,492682720.0,1272302720.0,0.0,1441191.75,0.0,1195790.75,47526432.0,0.0,0.0,0.0,0.0,0.0,30818812.0,1
1789482083.9331377,speech,332,13,1597249024.0,209209712.0,922678656.0,3610351104.0,3514274816.0,0.0,0.0,0.0,193699808.0,39242664.0,51628176.0,0.0,0.0,0.0,20638448.0,0.0,1
1789482084.648171,speech,328,14,156867776.0,1583272960.0,386817408.0,5315728.5,4437055.5,417059.875,0.0,0.0,0.0,320378.09375,0.0,0.0,0.0,71688.0703125,0.0,0.0,1
1789482084.7060058,speech,328,13,0.0,4044478464.0,3156797184.0,2348026.5,16587997.0,3583505.5,0.0,0.0,0.0,0.0,1288761.625,621460.875,0.0,828005.9375,0.0,0.0,1
1789482084.7551532,speech,328,12,82971088.0,81418896.0,1449175040.0,246836016.0,2014008.0,0.0,0.0,933805.25,0.0,0.0,0.0,0.0,1530364.75,0.0,0.0,1441280.625,1
1789482084.9348347,speech,328,8,10497856.0,1453783.75,0.0,0.0,0.0,0.0,35608464.0,11264894.0,0.0,1459951.375,0.0,0.0,272023.125,0.0,0.0,0.0,1
1789482085.1548772,speech,330,20,653419904.0,79618896.0,60883284.0,150468912.0,27300600.0,426962560.0,452441472.0,1312148224.0,5937329.0,28728520.0,0.0,0.0,32040390.0,19051620.0,35958068.0,0.0,1
1789482085.282806,speech,332,24,773365760.0,529889536.0,3198227968.0,414270272.0,205743184.0,14324206.0,0.0,44376004.0,390134784.0,50729256.0,7355554.5,3413283.5,535322.1875,298275.375,0.0,0.0,1
1789482085.3414624,speech,336,9,848047104.0,1878510592.0,11065155584.0,0.0,66540928.0,0.0,0.0,18438738.0,32177460.0,0.0,0.0,0.0,402586.84375,0.0,0.0,321617.5,1
1789482085.6621249,speech,332,23,1126232576.0,57248940.0,8250977280.0,3087155456.0,463929920.0,324011104.0,30966718.0,81005256.0,1441390.25,35295368.0,0.0,0.0,517055.15625,148548672.0,0.0,7804276.0,1
1789482085.7217166,speech,335,13,191164384.0,75503392.0,3706022912.0,0.0,224644176.0,0.0,0.0,0.0,0.0,22612036.0,4041625.5,0.0,32576280.0,0.0,1264004.25,0.0,1
1789482085.784479,speech,318,9,2093887232.0,10769417.0,722821696.0,0.0,12407500.0,0.0,0.0,0.0,324517.78125,0.0,0.0,0.0,0.0,0.0,0.0,0.0,1
1789482085.8472967,speech,325,19,936443392.0,806258560.0,2235476736.0,6455952896.0,5617125888.0,498116032.0,0.0,121408880.0,0.0,0.0,9211302.0,9450188.0,6728017.5,10838766.0,0.0,21801168.0,1
1789482086.2006369,speech,316,16,0.0,0.0,358335584.0,6155817984.0,8390388.0,4376424960.0,1628908160.0,84280776.0,364927872.0,0.0,0.0,2266083.5,201977712.0,259982976.0,0.0,0.0,1
1789482086.2589884,speech,316,10,15675022.0,0.0,528071584.0,0.0,179338304.0,0.0,0.0,864859.0,99913616.0,60845192.0,0.0,0.0,6332820.0,29144176.0,0.0,0.0,1
1789482086.2598872,speech,358,8,0.0,121994048.0,47406132.0,3306499072.0,0.0,0.0,0.0,11352136.0,0.0,66764580.0,100582416.0,0.0,0.0,0.0,0.0,0.0,1
1789482086.3909056,speech,328,29,1229784.0,651350656.0,348868096.0,388354048.0,5154494464.0,253673568.0,6484736000.0,8883083264.0,451092672.0,1541303040.0,907614912.0,118070624.0,1039135808.0,1000308288.0,463664512.0,1869195008.0,1
1789482086.450836,speech,328,7,37106004.0,41026544.0,0.0,0.0,0.0,0.0,151164512.0,582335744.0,19217466.0,26664644.0,0.0,0.0,0.0,0.0,0.0,0.0,1
1789482086.5175433,speech,325,26,70408672.0,1533492864.0,495473792.0,3403593472.0,9606889472.0,0.0,0.0,205518400.0,105011920.0,250092144.0,0.0,235475696.0,170480400.0,772819712.0,129313232.0,0.0,1
1789482086.576857,speech,328,19,220811504.0,306555648.0,219495616.0,18774355968.0,12099746816.0,0.0,0.0,117429936.0,630974016.0,208538720.0,1029692992.0,690555136.0,0.0,23152296.0,0.0,0.0,1
1789482087.3085186,speech,326,15,639977664.0,2472356096.0,14001430.0,20970868.0,12082254.0,0.0,4656347.0,685360.5,0.0,195185.203125,0.0,0.0,0.0,0.0,0.0,0.0,1
1789482087.3667514,speech,338,9,718451776.0,3753494016.0,0.0,96967464.0,22946906.0,236670.78125,0.0,0.0,429574.59375,49821.5,0.0,0.0,0.0,0.0,0.0,0.0,1
1789482087.4293916,speech,338,7,745065984.0,0.0,0.0,0.0,0.0,0.0,0.0,0.0,596896.0,1948101.25,4349617.5,0.0,0.0,447673.8125,2971791.5,0.0,1
1789482087.4801884,speech,328,18,1902218496.0,0.0,83204928.0,0.0,0.0,0.0,527574080.0,183082784.0,106059568.0,48087156.0,71519840.0,0.0,0.0,39996804.0,0.0,0.0,1
1789482087.5435276,speech,325,18,0.0,0.0,76099912.0,305106464.0,153590304.0,0.0,208221392.0,282615776.0,624761216.0,136678144.0,64276600.0,42679864.0,43340340.0,201597552.0,109361008.0,34674708.0,1
1789482087.65881,speech,324,27,675293248.0,190785600.0,585735808.0,3953437184.0,5607909376.0,0.0,0.0,758412672.0,56730932.0,332699968.0,2348793.0,134683360.0,3361086.0,612346304.0,7196161.5,345259008.0,1
1789482087.716303,speech,324,20,1807699712.0,150142176.0,938529152.0,3438510336.0,7728108032.0,0.0,0.0,1673686272.0,498929536.0,481538944.0,60199508.0,0.0,0.0,402195488.0,8632057.0,0.0,1
1789482087.766118,speech,324,8,14674225.0,82286896.0,0.0,17624110.0,0.0,0.0,153645088.0,0.0,0.0,2068998.0,0.0,0.0,0.0,0.0,3480145.5,64208812.0,1
1789482087.8119628,speech,324,5,0.0,61070544.0,67727856.0,64953744.0,0.0,0.0,0.0,0.0,0.0,0.0,0.0,7922845.0,0.0,0.0,0.0,0.0,1
1789482089.019197,speech,306,8,0.0,0.0,247082528.0,470027712.0,1966810.25,12234948.0,0.0,0.0,0.0,0.0,0.0,620021.5625,1572593.5,0.0,0.0,85675.8203125,1
1789482089.0771334,speech,339,14,230704592.0,0.0,223189440.0,327245440.0,2647047.25,0.0,481742.28125,5741453.0,968833.625,0.0,0.0,0.0,740273.875,849588.375,3687290.5,578890.375,1
1789482089.1396375,speech,302,16,673642944.0,42970056.0,381596672.0,57950136.0,816825216.0,60635872.0,92546096.0,12783227.0,0.0,0.0,3581166.75,0.0,96679920.0,0.0,0.0,0.0,1
1789482089.2422602,speech,321,22,13004025.0,35801032.0,205256032.0,105453200.0,184103552.0,39351320.0,18902712.0,18442520.0,7895172.0,7435370.5,5956228.5,5951250.0,0.0,0.0,0.0,0.0,1
1789482089.2998009,speech,300,19,468192832.0,0.0,1592089088.0,17124798.0,4999560704.0,148037008.0,876324224.0,17111000.0,65361704.0,62044416.0,0.0,0.0,27054914.0,0.0,0.0,0.0,1
1789482089.3641083,speech,300,5,679457280.0,0.0,0.0,0.0,0.0,0.0,0.0,0.0,0.0,0.0,542860.25,0.0,14917070.0,0.0,0.0,0.0,1
1789482089.36501,speech,353,16,0.0,20730080.0,271421632.0,0.0,647480576.0,0.0,57355208.0,0.0,6996874.0,7202376.0,0.0,0.0,0.0,1443595.25,0.0,34755868.0,1
1789482089.4274628,speech,318,14,0.0,742317440.0,1951889792.0,340345760.0,121751200.0,0.0,11012938.0,134145904.0,16870268.0,13986518.0,0.0,0.0,0.0,1297383.0,0.0,0.0,1
1789482089.5262527,speech,318,12,1529968896.0,64551064.0,684085632.0,35295348.0,81362584.0,0.0,1273558.125,523006.0625,0.0,457953.84375,0.0,0.0,0.0,143903.34375,0.0,407789.0625,1
1789482089.57054,speech,315,15,3190510848.0,404698336.0,2129107328.0,253809232.0,259287904.0,0.0,0.0,5722906.0,0.0,1332864.5,0.0,1381321.75,0.0,0.0,0.0,0.0,1
1789482089.6312425,speech,315,14,3032428032.0,0.0,0.0,0.0,84314120.0,5017228.0,16063356.0,2714813.0,556635.625,1600020.5,435128.5625,629038.4375,0.0,0.0,0.0,4761183.0,1
1789482089.6759596,speech,310,6,2772977664.0,75193624.0,0.0,0.0,0.0,1631625.125,789335.125,0.0,0.0,0.0,0.0,0.0,0.0,0.0,162117.46875,0.0,1
1789482089.7369137,speech,314,18,0.0,1484500736.0,475140224.0,2425836544.0,36395712.0,0.0,22657724.0,0.0,6244903.5,2399666.75,0.0,2859557.5,1488496.875,583010.75,0.0,0.0,1
1789482089.798561,speech,313,17,748682752.0,0.0,3425338880.0,0.0,5886350848.0,0.0,80345472.0,20581852.0,61929992.0,0.0,0.0,0.0,233067296.0,94063120.0,0.0,0.0,1
1789482089.8608449,speech,322,11,0.0,1272183936.0,3048987904.0,0.0,397313472.0,0.0,0.0,0.0,5906417.0,4709948.0,30283556.0,0.0,0.0,337953216.0,53519732.0,0.0,1
1789482089.922785,speech,320,5,52191056.0,0.0,769916608.0,559026880.0,0.0,0.0,0.0,0.0,2748804.0,0.0,2140236.75,0.0,0.0,0.0,0.0,0.0,1
1789482090.09718,speech,319,20,236964944.0,169320256.0,204504800.0,1711300736.0,135784160.0,0.0,99716728.0,269796000.0,110614568.0,29286684.0,69625712.0,11496049.0,96527064.0,5356886.0,0.0,0.0,1
1789482090.1544223,speech,319,13,450316928.0,1354898.375,0.0,0.0,0.0,0.0,545558720.0,724639232.0,22722026.0,54803132.0,0.0,0.0,0.0,1586888.25,0.0,295217.65625,1
1789482090.2552066,speech,319,23,516351232.0,293182112.0,3842951168.0,2038180736.0,7314608128.0,0.0,174244352.0,1342987008.0,863416576.0,676525568.0,637971776.0,28108752.0,8009992.0,10447627.0,0.0,7052636.0,1
1789482090.3010275,speech,325,12,1347053312.0,10377061.0,15278592.0,9508294656.0,8423659008.0,0.0,0.0,0.0,0.0,0.0,0.0,0.0,31900376.0,662028288.0,0.0,744995200.0,1
1789482090.412608,speech,315,13,484275712.0,1831415808.0,858765952.0,48231372.0,5180536.0,35694688.0,0.0,0.0,0.0,0.0,0.0,0.0,0.0,0.0,0.0,6265373.0,1
1789482090.469551,speech,304,11,3906753792.0,10484988.0,3293813760.0,2779458816.0,0.0,0.0,0.0,16805160.0,0.0,0.0,0.0,10397764.0,0.0,638700.0,0.0,0.0,1
1789482090.5310087,speech,304,8,1338072832.0,0.0,246635472.0,7942592.0,34463184.0,0.0,0.0,0.0,1176352.75,0.0,0.0,0.0,372202.59375,0.0,0.0,0.0,1
1789482090.5807586,speech,307,13,1225353088.0,67294840.0,174422336.0,6345431.0,20400760.0,0.0,0.0,0.0,0.0,294306.5625,0.0,0.0,0.0,391175.78125,1127249.75,0.0,1
1789482090.644041,speech,325,9,2320446976.0,107720984.0,90219248.0,11792516.0,44659420.0,0.0,0.0,0.0,1614257.5,0.0,0.0,0.0,876139.875,1584026.125,0.0,0.0,1
1789482090.7070749,speech,325,16,368549920.0,103245840.0,0.0,295171136.0,141736016.0,0.0,100377784.0,94422464.0,8965651.0,21340500.0,0.0,14437149.0,32369574.0,8315724.0,0.0,0.0,1
1789482090.7547507,speech,338,16,56750648.0,0.0,0.0,161242624.0,8952605.0,0.0,480364768.0,401069696.0,21838118.0,0.0,56766456.0,14758350.0,0.0,8213801.0,24176730.0,0.0,1
1789482090.7553647,speech,284,10,0.0,55946168.0,13673107.0,0.0,75612960.0,340762976.0,0.0,0.0,0.0,0.0,0.0,2920311.75,139744288.0,6509491.0,0.0,0.0,1
1789482090.8197522,speech,323,18,63937572.0,70578624.0,7728227.5,0.0,343651200.0,212239440.0,742151936.0,65442700.0,11358888.0,873407.8125,33318642.0,0.0,0.0,0.0,0.0,0.0,1
1789482091.6494036,speech,315,23,164227904.0,263301168.0,69044160.0,2757644288.0,448176032.0,0.0,249996912.0,39273308.0,59030560.0,38024540.0,0.0,0.0,156870304.0,45881680.0,0.0,5866398.5,1
1789482091.7067168,speech,317,15,544033408.0,0.0,782791872.0,3155086848.0,1180775168.0,0.0,11288538.0,44873032.0,5967098.5,0.0,0.0,3725091.5,0.0,2570462.5,30169444.0,0.0,1
1789482091.778998,speech,317,11,1081451648.0,1205077248.0,370656256.0,105816760.0,0.0,0.0,3111292.0,2984853.5,0.0,0.0,0.0,0.0,0.0,477166.125,0.0,0.0,1
1789482091.824237,speech,317,6,321077120.0,0.0,37981220.0,0.0,0.0,0.0,0.0,0.0,405058.96875,0.0,0.0,469107.71875,0.0,0.0,0.0,0.0,1
1789482091.934628,speech,322,27,441242912.0,212801584.0,597897792.0,4392799232.0,973415616.0,0.0,712510080.0,639337088.0,103854080.0,40444104.0,79929488.0,12847027.0,18230098.0,47750568.0,0.0,29672802.0,1
1789482091.993457,speech,325,19,111961992.0,3076425.0,50483616.0,51875904.0,165714064.0,0.0,2293945856.0,3399102976.0,0.0,99879648.0,19517724.0,6273317.5,10181909.0,19628926.0,0.0,0.0,1
1789482092.219517,speech,329,8,407626880.0,797510.9375,143669392.0,24406104.0,0.0,0.0,0.0,0.0,0.0,0.0,0.0,0.0,0.0,310827.40625,0.0,0.0,1
1789482092.2798338,speech,327,13,0.0,2993226.5,51878480.0,0.0,8758213.0,0.0,1725886.625,0.0,0.0,622273.0,0.0,2670860.0,0.0,802248.3125,96057.953125,246806.5625,1
1789482092.343466,speech,323,17,0.0,4389995.0,133868224.0,12605126.0,13827787.0,2329782.5,18597402.0,35280624.0,0.0,7069642.5,0.0,510643.65625,0.0,3375236.0,0.0,0.0,1
1789482092.4172347,speech,322,19,4318553.0,2405256.0,103761024.0,389889920.0,19382688.0,0.0,47467024.0,1384787968.0,64723932.0,0.0,0.0,732909.0,3864640.75,536772.625,0.0,0.0,1
1789482092.4805903,speech,322,11,898116480.0,181140704.0,404593920.0,479829312.0,0.0,0.0,0.0,151538368.0,20998648.0,0.0,0.0,0.0,0.0,3436180.25,0.0,0.0,1
1789482092.4813287,speech,282,12,5834716.0,0.0,19931564.0,0.0,296828320.0,582174400.0,29476936.0,0.0,1943831.5,0.0,757604.875,0.0,1962042.375,0.0,0.0,0.0,1
1789482092.5438886,speech,320,17,1106334976.0,741849152.0,387954976.0,227003904.0,86448208.0,0.0,0.0,0.0,3019867.0,5791241.0,0.0,0.0,2813007.5,644610.75,0.0,0.0,1
1789482092.6064744,speech,322,24,290061824.0,14482075648.0,15908258816.0,74751376.0,71440160.0,88578872.0,11467228.0,103255688.0,3133219.5,2501770.5,0.0,3885619.75,1672702.75,5154856.5,998188.5,8641138.0,1
1789482092.6678808,speech,322,6,0.0,0.0,0.0,0.0,0.0,5123193.0,1431982.25,0.0,0.0,1785108.0,0.0,942064.0,452014.0625,0.0,0.0,2415452.75,1
1789482092.7556643,speech,320,14,23693164.0,1436755200.0,12238453760.0,9234685.0,6072923.5,0.0,0.0,10779600.0,12797082.0,606146.6875,0.0,0.0,0.0,0.0,0.0,0.0,1
1789482092.8123918,speech,320,6,0.0,9709796.0,26280456.0,0.0,15577412.0,0.0,0.0,0.0,0.0,0.0,0.0,0.0,0.0,0.0,250023.25,147459.421875,1
1789482092.91496,speech,321,19,46069448.0,40756296.0,4191011072.0,28373962.0,20676536.0,0.0,268654.0625,568197.6875,5271946.0,0.0,0.0,1303695.5,571903.625,0.0,3160397.5,763844.875,1
1789482092.9723754,speech,315,14,5487191.0,19873138.0,21378318336.0,5108889600.0,2284265.0,0.0,349244864.0,4102065.75,0.0,0.0,0.0,430442.0625,75749176.0,11579487.0,0.0,0.0,1
1789482093.0357826,speech,315,5,0.0,1063283.75,0.0,1551880.0,0.0,0.0,0.0,405061.03125,0.0,5587784.0,0.0,0.0,0.0,0.0,0.0,0.0,1
1789482093.036625,speech,6,7,0.0,0.0,2767715072.0,418905408.0,626908.125,12823265.0,35047548.0,0.0,0.0,0.0,0.0,0.0,0.0,0.0,0.0,0.0,1
1789482093.2639096,speech,327,12,2734233600.0,397248192.0,1028005760.0,13496579.0,6874938.0,0.0,3021852.0,10792779.0,0.0,362853.53125,0.0,0.0,0.0,0.0,0.0,0.0,1
1789482093.3278594,speech,343,10,6988207.0,505371360.0,47490488.0,0.0,6466075.5,0.0,0.0,0.0,10095646.0,0.0,0.0,0.0,0.0,16705087.0,18784488.0,2811247.75,1
1789482093.3904939,speech,317,3,0.0,12324164608.0,0.0,0.0,0.0,0.0,0.0,8105717.0,0.0,0.0,0.0,0.0,0.0,0.0,0.0,0.0,1
1789482093.4500313,speech,317,3,29419676.0,0.0,0.0,0.0,14561932.0,0.0,0.0,0.0,0.0,0.0,0.0,433261.40625,0.0,0.0,0.0,0.0,1
1789482093.4506679,speech,354,9,0.0,647897792.0,72423520.0,0.0,0.0,0.0,965946.5625,5395638.0,0.0,296354.90625,183202.46875,0.0,0.0,1646687.0,331892.625,0.0,1
1789482093.960141,speech,320,17,550969088.0,1439884160.0,236184944.0,23112330.0,23557936.0,448100.125,1363403.5,0.0,0.0,305911.1875,0.0,0.0,0.0,0.0,101841.0546875,0.0,1
1789482094.0197198,speech,320,12,15209636.0,0.0,29421288.0,43313944.0,31757188.0,3938054.75,1527066.25,221804.96875,0.0,0.0,0.0,211280.421875,0.0,0.0,85787.65625,1000430.4375,1
1789482094.0699391,speech,349,9,446584416.0,511094944.0,456833408.0,1829783040.0,0.0,0.0,0.0,0.0,0.0,0.0,0.0,0.0,0.0,0.0,0.0,0.0,1
1789482094.1331077,speech,333,17,0.0,257842144.0,0.0,443671552.0,617932032.0,26712650.0,30795874.0,2300664.25,0.0,1071064.375,1197023.0,0.0,663240.5,2175121.25,0.0,1584752.5,1
1789482094.196286,speech,315,9,1646396288.0,0.0,148753728.0,749905728.0,67317024.0,0.0,8039715.0,0.0,6525126.0,0.0,0.0,0.0,0.0,0.0,0.0,0.0,1
1789482094.259395,speech,312,4,588511872.0,0.0,0.0,0.0,0.0,6462443.0,0.0,0.0,2279642.5,0.0,0.0,0.0,0.0,0.0,0.0,0.0,1
1789482094.2603774,speech,22,4,0.0,490345984.0,0.0,138357920.0,53572208.0,0.0,0.0,0.0,0.0,0.0,0.0,0.0,0.0,887275.75,0.0,0.0,1
1789482094.326554,speech,308,21,612413312.0,874333184.0,1952437888.0,4737809408.0,211953088.0,0.0,0.0,15573950.0,23591728.0,1740925.25,0.0,1235376.5,725099.0,307766.40625,0.0,0.0,1
1789482094.3873286,speech,308,9,169511200.0,121873944.0,98659928.0,343116608.0,142061792.0,0.0,15041047.0,0.0,0.0,0.0,0.0,0.0,0.0,1920862.375,2311010.0,0.0,1
1789482094.433109,speech,307,7,0.0,30470648.0,46095568.0,0.0,104498304.0,7000295.5,0.0,0.0,0.0,400176.9375,100936.1015625,0.0,0.0,0.0,0.0,0.0,1
1789482094.6266732,speech,319,12,0.0,49662800.0,1078601344.0,3074825.5,4992025.5,0.0,4504692.0,0.0,0.0,0.0,0.0,658375.1875,365353.0,0.0,0.0,56969.765625,1
1789482094.6938431,speech,316,8,1686609152.0,4965849.0,0.0,8028877.0,19493592.0,0.0,0.0,967452.125,346077.625,0.0,0.0,0.0,137083.390625,0.0,0.0,0.0,1
1789482094.846781,speech,318,14,1052217664.0,1097019136.0,2492610560.0,276998112.0,146741136.0,0.0,1484532.375,11736768.0,0.0,0.0,0.0,0.0,0.0,1830098.75,0.0,0.0,1
1789482094.9040124,speech,322,15,1585819520.0,1373553024.0,1447639552.0,475172608.0,182297424.0,0.0,2588506.25,18093116.0,0.0,0.0,0.0,0.0,1074282.0,1898183.0,185741.625,0.0,1
1789482094.965441,speech,319,9,1024462528.0,0.0,1709747840.0,0.0,12337190.0,3323744.5,0.0,2547687.0,6959237.5,0.0,0.0,0.0,0.0,0.0,0.0,0.0,1
1789482095.028331,speech,319,8,386738176.0,95193224.0,0.0,291705344.0,0.0,0.0,0.0,5004616.5,0.0,0.0,0.0,0.0,0.0,496784.25,0.0,225421.9375,1
1789482096.3354118,speech,313,14,360621280.0,1328201216.0,890441600.0,0.0,11780001.0,0.0,2993542.0,461754.90625,0.0,0.0,0.0,0.0,0.0,0.0,89077.75,0.0,1
1789482096.3913136,speech,317,12,0.0,1958154624.0,1923954048.0,1688322.375,22785068.0,0.0,0.0,1974717.375,155435.9375,0.0,0.0,0.0,67732.75,0.0,0.0,0.0,1
1789482096.4520345,speech,319,15,114463936.0,172417248.0,0.0,36322316.0,0.0,2531587.5,0.0,579991.8125,786835.375,111960.75,260904.703125,493379.1875,0.0,0.0,0.0,0.0,1
1789482096.5136333,speech,319,9,33745416.0,0.0,4381855.0,0.0,0.0,919471.625,482264.21875,82651.9921875,340190.125,239831.78125,0.0,0.0,0.0,0.0,0.0,0.0,1
1789482096.6204967,speech,305,15,0.0,0.0,2377612800.0,0.0,1896716032.0,14225237.0,9059452.0,0.0,3073621.25,11291759.0,2270424.5,11742508.0,39062820.0,7277765.0,0.0,0.0,1
1789482096.6786337,speech,315,12,108462352.0,0.0,960194880.0,1685353088.0,2109339904.0,0.0,16374935.0,0.0,5619955.0,0.0,0.0,0.0,0.0,0.0,3821875.75,0.0,1
1789482096.7403526,speech,308,24,86709248.0,418116544.0,321328480.0,1276817920.0,874710656.0,49644012.0,191419648.0,14075120.0,138171920.0,217530816.0,2902974.5,0.0,0.0,0.0,0.0,0.0,1
1789482096.8016312,speech,308,14,1234574336.0,191511760.0,0.0,0.0,169913104.0,98783592.0,70401344.0,77692568.0,0.0,0.0,1403221.5,2110588.0,950511.0,0.0,0.0,894129.5,1
1789482096.851693,speech,305,7,434695776.0,0.0,0.0,0.0,141266896.0,81769904.0,82989824.0,77318840.0,0.0,0.0,0.0,0.0,0.0,0.0,0.0,0.0,1
1789482096.9142003,speech,310,8,109325240.0,0.0,203443552.0,51322124.0,200047536.0,0.0,11064259.0,0.0,0.0,6545168.0,0.0,0.0,0.0,0.0,0.0,0.0,1
1789482096.975934,speech,312,16,8836130.0,0.0,0.0,6189002752.0,432490304.0,0.0,863896960.0,358063104.0,112815616.0,33087104.0,145512944.0,0.0,24655542.0,0.0,58051800.0,0.0,1
1789482097.0384367,speech,314,12,0.0,0.0,0.0,0.0,1174298624.0,351803360.0,7390357504.0,0.0,951860992.0,6423392256.0,0.0,65458816.0,0.0,249804224.0,0.0,0.0,1
1789482097.0965614,speech,312,5,1120529792.0,0.0,10509534.0,0.0,0.0,0.0,19325048.0,0.0,0.0,0.0,0.0,0.0,0.0,0.0,0.0,0.0,1
1789482097.169852,speech,312,8,669260544.0,0.0,3133352960.0,0.0,0.0,0.0,0.0,0.0,8998228.0,0.0,0.0,0.0,0.0,0.0,0.0,32444504.0,1
1789482097.2151074,speech,301,13,1235907456.0,12321752.0,4502484992.0,0.0,5813418.0,1756922.125,11758602.0,0.0,4608530.0,0.0,0.0,238450.09375,0.0,0.0,0.0,0.0,1
1789482097.278303,speech,315,9,2186217216.0,3729719040.0,0.0,59030068.0,0.0,0.0,0.0,1593349.125,0.0,5839599.0,0.0,0.0,0.0,0.0,1841546.5,0.0,1
1789482097.4127793,speech,299,11,2020340736.0,0.0,2723003648.0,32473448.0,46966632.0,134327856.0,119021408.0,0.0,648214.9375,0.0,0.0,147932.875,0.0,0.0,0.0,0.0,1
1789482097.4698296,speech,316,6,2555096576.0,0.0,0.0,0.0,137913808.0,0.0,0.0,0.0,2002089.375,0.0,0.0,0.0,0.0,0.0,0.0,0.0,1
1789482097.5312233,speech,300,7,2548458240.0,35330568.0,0.0,0.0,0.0,1037969.5,0.0,0.0,0.0,0.0,0.0,327531.78125,176306.9375,0.0,0.0,0.0,1
1789482097.593525,speech,307,18,2888605952.0,1172840320.0,6785736192.0,230872304.0,285180032.0,44406176.0,12106727.0,41808920.0,0.0,0.0,0.0,0.0,1045264.9375,0.0,23520660.0,9840267.0,1
1789482097.6562698,speech,307,12,1174964992.0,0.0,373573696.0,0.0,81411160.0,9239712.0,16395010.0,0.0,13013619.0,0.0,0.0,0.0,3789084.0,0.0,0.0,18358100.0,1
1789482097.705774,speech,307,7,704004864.0,8651264000.0,0.0,12210272.0,0.0,0.0,17869628.0,533879.5625,0.0,0.0,0.0,0.0,0.0,0.0,0.0,0.0,1
1789482097.7514899,speech,308,7,101152192.0,0.0,3223083520.0,0.0,7883729.5,0.0,0.0,0.0,931607.875,0.0,0.0,217116.125,197468.8125,0.0,0.0,0.0,1
1789482099.535453,speech,329,12,486237856.0,35246168.0,0.0,253669744.0,254731840.0,0.0,75501728.0,550207040.0,0.0,7957060.0,0.0,0.0,0.0,0.0,0.0,0.0,1
1789482099.5945163,speech,329,14,621300864.0,58132300.0,12968897.0,789268352.0,302267168.0,0.0,0.0,0.0,0.0,3391762.5,0.0,0.0,0.0,0.0,0.0,0.0,1
1789482099.6935215,speech,329,12,0.0,0.0,142113728.0,82325480.0,612831680.0,0.0,320894720.0,6115076608.0,978489088.0,83547176.0,48342800.0,0.0,0.0,0.0,0.0,0.0,1
1789482099.73887,speech,313,8,82814048.0,0.0,0.0,0.0,391433536.0,668322560.0,2500830720.0,0.0,0.0,0.0,14582784.0,25400758.0,0.0,0.0,0.0,0.0,1
1789482099.9163814,speech,266,17,3170988.5,29774608.0,0.0,0.0,140103248.0,308137728.0,206617552.0,0.0,0.0,0.0,62601456.0,46623764.0,21199744.0,28800866.0,0.0,2378294.5,1
1789482099.9613848,speech,274,13,0.0,0.0,0.0,0.0,232284928.0,3285159168.0,124835720.0,0.0,312117632.0,0.0,0.0,427845248.0,1708771968.0,58249736.0,0.0,0.0,1
1789482100.024727,speech,264,9,0.0,0.0,0.0,0.0,0.0,9297123328.0,833146752.0,3009166848.0,0.0,0.0,465722560.0,1594080512.0,2524142592.0,0.0,0.0,0.0,1
1789482100.090252,speech,266,4,0.0,0.0,3308892672.0,0.0,3177906944.0,0.0,0.0,0.0,0.0,0.0,0.0,0.0,0.0,0.0,0.0,0.0,1
1789482100.5802987,speech,276,8,189517072.0,2150206.25,0.0,0.0,0.0,0.0,0.0,0.0,891244.375,0.0,0.0,0.0,0.0,51410.140625,0.0,1504431.75,1
1789482100.640462,speech,285,6,244852832.0,24224364.0,0.0,0.0,0.0,0.0,953464.6875,3073710.5,0.0,4707735.5,0.0,0.0,1014026.0,0.0,0.0,0.0,1
1789482100.7407775,speech,296,9,264521792.0,305211456.0,96683584.0,0.0,0.0,0.0,32066684.0,62947312.0,11634089.0,0.0,10327649.0,0.0,0.0,0.0,0.0,0.0,1
1789482100.805713,speech,275,5,0.0,657098432.0,0.0,0.0,0.0,0.0,0.0,0.0,0.0,926052608.0,191023008.0,0.0,0.0,0.0,0.0,0.0,1
1789482100.8066792,speech,25,3,30598500.0,0.0,181553280.0,1501411840.0,0.0,0.0,0.0,0.0,0.0,0.0,0.0,0.0,0.0,0.0,0.0,0.0,1
1789482100.8764966,speech,6,8,0.0,0.0,25762972.0,0.0,151620016.0,0.0,0.0,0.0,0.0,45521344.0,383968192.0,96629912.0,12635576.0,0.0,6465140.0,0.0,1
1789482101.3087883,speech,286,10,39045108.0,78966544.0,60071860.0,0.0,0.0,0.0,3431994.0,0.0,0.0,0.0,650042.5,6090504.0,0.0,0.0,0.0,0.0,1
1789482101.3751752,speech,25,9,0.0,1917566.0,0.0,30246948.0,69733048.0,37246576.0,0.0,753389.5,0.0,0.0,842281.875,0.0,0.0,0.0,0.0,0.0,1
1789482101.6888468,speech,259,3,1175819.25,237140640.0,0.0,0.0,0.0,0.0,0.0,0.0,0.0,0.0,0.0,0.0,0.0,0.0,0.0,0.0,1
1789482101.7550883,speech,356,6,0.0,3878847.5,0.0,65347496.0,0.0,2311426.5,0.0,0.0,0.0,0.0,420248.0625,0.0,0.0,240060.875,0.0,0.0,1
1789482101.8196647,speech,256,6,97649424.0,29019220.0,0.0,0.0,0.0,0.0,156225.90625,0.0,0.0,0.0,0.0,0.0,0.0,69598.3046875,0.0,0.0,1
1789482101.9289632,speech,18,4,0.0,0.0,852098816.0,0.0,0.0,0.0,0.0,710055.875,0.0,0.0,0.0,0.0,0.0,0.0,0.0,0.0,1
1789482102.9562478,speech,223,4,285330112.0,0.0,110427328.0,0.0,0.0,0.0,1426931.75,0.0,0.0,0.0,0.0,0.0,0.0,0.0,0.0,0.0,1
1789482103.0158463,speech,229,5,361029056.0,0.0,0.0,0.0,0.0,3345662.5,0.0,0.0,0.0,0.0,0.0,842446.0,222883.578125,0.0,0.0,0.0,1
1789482103.0761151,speech,228,3,0.0,1903208704.0,25311504.0,0.0,0.0,0.0,0.0,0.0,0.0,0.0,0.0,0.0,0.0,0.0,0.0,0.0,1
1789482103.1381166,speech,228,11,0.0,0.0,0.0,0.0,199287216.0,84749920.0,6676269.0,4594760.5,0.0,0.0,0.0,1585788.0,692676.25,6230532.0,0.0,0.0,1
1789482103.1955163,speech,196,6,0.0,0.0,0.0,0.0,0.0,0.0,800941184.0,2332359424.0,0.0,0.0,17272710.0,0.0,0.0,0.0,0.0,0.0,1
1789482103.2600832,speech,227,10,0.0,0.0,0.0,25279696.0,0.0,0.0,571529088.0,0.0,0.0,0.0,38114260.0,68904928.0,179079744.0,132821856.0,0.0,0.0,1
1789482103.3222113,speech,230,7,0.0,0.0,0.0,0.0,0.0,248687808.0,788489024.0,0.0,0.0,0.0,0.0,0.0,153670432.0,0.0,450212288.0,0.0,1
1789482103.3852952,speech,226,5,26910016.0,0.0,0.0,0.0,0.0,0.0,1064480512.0,428554144.0,0.0,0.0,0.0,0.0,0.0,0.0,0.0,97993776.0,1
1789482103.6213996,speech,214,8,91737384.0,0.0,0.0,0.0,9024470.0,12809084.0,0.0,0.0,0.0,0.0,6778924.0,0.0,2581296.5,20689506.0,37938096.0,0.0,1
1789482103.6793313,speech,242,4,95224816.0,0.0,0.0,0.0,0.0,0.0,0.0,0.0,0.0,0.0,0.0,0.0,0.0,4308058.0,0.0,0.0,1
1789482103.7532403,speech,347,6,0.0,0.0,0.0,79549624.0,0.0,0.0,446064.0625,0.0,0.0,326729.375,180454.03125,228707.015625,0.0,0.0,0.0,0.0,1
1789482103.8055894,speech,254,3,410761472.0,0.0,0.0,3887684.5,0.0,0.0,0.0,0.0,314862.8125,0.0,0.0,0.0,0.0,0.0,0.0,0.0,1
1789482103.8065324,speech,216,3,0.0,457673536.0,0.0,0.0,0.0,0.0,0.0,55630.6015625,0.0,140578.53125,0.0,0.0,0.0,0.0,0.0,0.0,1
1789482103.9185781,speech,226,4,80243648.0,737344128.0,0.0,0.0,3087923.0,0.0,0.0,0.0,0.0,0.0,0.0,0.0,0.0,0.0,0.0,0.0,1
1789482103.9822142,speech,226,15,0.0,0.0,0.0,0.0,138825440.0,92435736.0,70397304.0,0.0,4860875.5,0.0,0.0,18323690.0,553611.625,7796462.0,0.0,0.0,1
1789482103.9829164,speech,14,3,24273038.0,142599680.0,15864437.0,0.0,0.0,0.0,0.0,0.0,0.0,0.0,0.0,0.0,0.0,0.0,0.0,0.0,1
1789482104.0472546,speech,228,4,0.0,0.0,0.0,5304878.5,0.0,0.0,0.0,95807968.0,0.0,0.0,0.0,24653046.0,0.0,16805808.0,0.0,0.0,1
1789482104.2868416,speech,220,3,47309948.0,0.0,0.0,1875213.0,0.0,0.0,0.0,0.0,0.0,0.0,0.0,0.0,0.0,0.0,943252.75,0.0,1
1789482104.40781,speech,238,6,487692608.0,0.0,0.0,0.0,0.0,0.0,823239.4375,1975901.625,0.0,0.0,0.0,3229313.75,0.0,7174918.5,2488857.0,0.0,1
1789482104.4768274,speech,220,14,52364044.0,0.0,390132768.0,0.0,0.0,565732544.0,329887840.0,46696752.0,2528452.5,690936.6875,0.0,29944360.0,0.0,61514204.0,0.0,0.0,1
1789482104.6038277,speech,236,9,356600096.0,0.0,0.0,0.0,2393258.5,0.0,0.0,891334.3125,0.0,0.0,2233521.5,7914223.0,0.0,1268725.0,1237894.0,0.0,1
1789482104.6640372,speech,245,5,187316048.0,0.0,0.0,0.0,0.0,0.0,742751.125,0.0,0.0,337134.78125,2136006.0,0.0,0.0,0.0,0.0,0.0,1
1789482104.6650865,speech,332,6,0.0,0.0,88240480.0,0.0,8830810.0,0.0,235278.1875,0.0,0.0,0.0,0.0,0.0,0.0,0.0,0.0,0.0,1
1789482105.2685273,speech,218,6,4701766.5,0.0,2504489.5,0.0,0.0,0.0,0.0,0.0,0.0,0.0,0.0,638457.375,0.0,0.0,177714.453125,0.0,1
1789482105.3371828,speech,328,5,0.0,0.0,18999784.0,0.0,0.0,1777775.0,0.0,324798.5,0.0,0.0,0.0,274756.09375,0.0,0.0,348068.59375,0.0,1
1789482105.401677,speech,12,5,0.0,0.0,8756000.0,0.0,2128082.75,0.0,91929.078125,0.0,0.0,0.0,0.0,0.0,0.0,542487.5,0.0,0.0,1
1789482105.4639082,speech,226,10,366092032.0,109859024.0,0.0,0.0,19486146.0,0.0,0.0,0.0,0.0,0.0,13715095.0,9565959.0,8281597.0,6309547.5,0.0,0.0,1
1789482105.5543947,speech,245,10,100002688.0,0.0,0.0,8421050.0,0.0,0.0,0.0,0.0,0.0,0.0,0.0,4795475.0,87992272.0,24988606.0,0.0,0.0,1
1789482105.6129463,speech,215,18,53077640.0,0.0,104567784.0,379216960.0,18023868.0,0.0,9266434.0,7232379.0,1579252.25,0.0,32290668.0,115587152.0,0.0,1208476.25,0.0,0.0,1
1789482105.9330082,speech,214,13,178131296.0,721061184.0,2127501184.0,56166880.0,0.0,30270512.0,20825514.0,51323996.0,4312931.5,0.0,715766.25,0.0,0.0,12861819.0,0.0,0.0,1
1789482106.0292172,speech,218,11,0.0,0.0,0.0,0.0,65900388.0,28566016.0,19104462.0,26203206.0,0.0,0.0,32965334.0,37239484.0,0.0,3556429.0,1624639.0,0.0,1
1789482106.0865257,speech,205,9,0.0,0.0,3925488.5,0.0,3794433.25,0.0,56344040.0,586801216.0,0.0,0.0,19247716.0,0.0,0.0,0.0,955426.6875,0.0,1
1789482106.1492684,speech,222,6,0.0,0.0,0.0,0.0,6643028992.0,0.0,34576044.0,0.0,0.0,0.0,0.0,0.0,0.0,213804944.0,0.0,0.0,1
1789482106.2116861,speech,222,7,12527436.0,0.0,0.0,0.0,0.0,23521936.0,3929224.75,0.0,9906472.0,0.0,0.0,0.0,0.0,3109620.25,0.0,0.0,1
1789482106.2609596,speech,222,3,0.0,0.0,0.0,0.0,0.0,7243708.0,0.0,0.0,0.0,0.0,0.0,2292658.5,0.0,0.0,0.0,0.0,1
1789482106.97879,speech,218,7,0.0,0.0,0.0,0.0,29760822.0,5148072.5,0.0,0.0,0.0,0.0,0.0,3715640.0,0.0,4719637.0,0.0,0.0,1
1789482107.037315,speech,214,5,0.0,0.0,0.0,0.0,50200288.0,27575710.0,5211787.0,0.0,0.0,0.0,0.0,2865450.0,1136913.25,0.0,0.0,0.0,1
1789482107.038399,speech,249,4,227137104.0,0.0,0.0,0.0,0.0,0.0,14259101.0,0.0,0.0,0.0,0.0,0.0,0.0,12698695.0,0.0,0.0,1
1789482107.1007278,speech,225,7,199739280.0,0.0,0.0,0.0,0.0,0.0,1968717.5,3040904.0,0.0,0.0,0.0,3283732.75,0.0,0.0,0.0,0.0,1
1789482107.164862,speech,354,4,0.0,0.0,15904206.0,126153288.0,0.0,0.0,0.0,0.0,0.0,445946.125,0.0,0.0,0.0,0.0,0.0,0.0,1
1789482107.2855272,speech,2,4,0.0,0.0,4817291.0,0.0,0.0,0.0,0.0,674647.25,0.0,0.0,923266.1875,0.0,0.0,0.0,0.0,944614.875,1
1789482107.3605044,speech,196,6,0.0,0.0,0.0,0.0,0.0,13765548.0,0.0,0.0,8766474.0,5365078.5,85159520.0,25017204.0,0.0,0.0,0.0,0.0,1
1789482107.5177174,speech,226,18,33273874.0,0.0,0.0,179728480.0,2299804672.0,237075760.0,495282272.0,0.0,0.0,0.0,0.0,173333728.0,232618800.0,351929056.0,38869924.0,0.0,1
1789482107.5772002,speech,246,5,0.0,0.0,0.0,0.0,541334144.0,481541792.0,0.0,0.0,0.0,0.0,0.0,0.0,122045248.0,110546864.0,14049461.0,0.0,1
1789482107.6409652,speech,231,4,181139808.0,0.0,0.0,0.0,0.0,0.0,0.0,0.0,0.0,0.0,0.0,0.0,4221002.0,0.0,2880591.0,0.0,1
1789482107.7096522,speech,222,6,0.0,0.0,0.0,0.0,0.0,447750720.0,0.0,0.0,0.0,0.0,0.0,87668456.0,0.0,410397376.0,168963264.0,0.0,1
1789482107.8020642,speech,232,14,0.0,0.0,0.0,0.0,356523200.0,66667156.0,17071648.0,4473637.5,0.0,0.0,11105660.0,124396192.0,66639952.0,386468096.0,0.0,0.0,1
1789482107.8985834,speech,232,5,0.0,896341.75,0.0,0.0,0.0,0.0,0.0,0.0,0.0,0.0,837707.0,0.0,1049383.125,0.0,1469394.5,727082.5,1
1789482107.9426944,speech,213,9,0.0,228606400.0,2285595136.0,0.0,0.0,0.0,0.0,5684313.5,0.0,0.0,0.0,5984631.5,14264776.0,13601786.0,0.0,0.0,1
1789482108.0543263,speech,213,4,0.0,0.0,0.0,0.0,1325778.5,0.0,0.0,1228222.375,0.0,0.0,0.0,751655.0,0.0,351426.125,0.0,0.0,1
1789482108.0999157,speech,214,14,5603454.0,0.0,0.0,6427026.0,1174716160.0,0.0,49394956.0,3985466.75,0.0,0.0,0.0,4489011.5,1858016.625,69283840.0,182016848.0,2753278.75,1
1789482108.7219856,speech,274,3,111829888.0,0.0,0.0,0.0,0.0,0.0,0.0,0.0,0.0,0.0,453118.6875,0.0,0.0,186819.625,0.0,0.0,1
1789482108.7228136,speech,2,3,7335223.5,0.0,0.0,0.0,2136452.5,0.0,0.0,0.0,0.0,0.0,0.0,0.0,0.0,0.0,498160.875,0.0,1
1789482108.8166077,speech,236,4,137219088.0,0.0,0.0,0.0,0.0,3513352.0,0.0,0.0,0.0,0.0,0.0,0.0,0.0,0.0,0.0,0.0,1
1789482108.8754199,speech,222,6,207338944.0,0.0,0.0,0.0,19495806.0,0.0,0.0,797388.9375,0.0,0.0,0.0,0.0,0.0,1625359.75,2022509.25,0.0,1
1789482109.0695107,speech,225,20,153401824.0,1119154.0,84962512.0,0.0,682335232.0,20123788.0,85872848.0,0.0,0.0,0.0,52642964.0,7336951.5,11076876.0,4002033.0,0.0,0.0,1
1789482109.1261988,speech,222,18,0.0,83992816.0,131233120.0,63675528.0,0.0,1892670080.0,898624000.0,2248777472.0,0.0,0.0,14520432.0,858965760.0,171264192.0,2386226432.0,0.0,0.0,1
1789482109.1994545,speech,204,4,0.0,0.0,0.0,0.0,0.0,0.0,0.0,0.0,0.0,0.0,7357571.0,0.0,16555890.0,0.0,26216936.0,0.0,1
1789482109.2567656,speech,204,4,0.0,13351120.0,0.0,0.0,0.0,0.0,0.0,0.0,0.0,0.0,0.0,0.0,4059181.25,12015786.0,0.0,0.0,1
1789482109.987558,speech,230,10,0.0,0.0,0.0,496637824.0,0.0,4247432192.0,0.0,0.0,0.0,0.0,0.0,390766432.0,248787824.0,4693849600.0,0.0,16045626.0,1
1789482110.0466313,speech,230,5,187766336.0,25955986.0,0.0,65976112.0,137423184.0,0.0,0.0,0.0,0.0,0.0,0.0,0.0,0.0,0.0,0.0,0.0,1
1789482110.1460445,speech,233,4,521730048.0,0.0,0.0,5460025.5,0.0,0.0,0.0,0.0,0.0,0.0,620136.125,0.0,0.0,0.0,0.0,0.0,1
1789482110.20303,speech,233,6,387823872.0,0.0,0.0,17222066.0,1638131.75,0.0,0.0,0.0,0.0,0.0,0.0,984801.4375,0.0,0.0,0.0,0.0,1
1789482110.349303,speech,247,6,0.0,0.0,0.0,65220016.0,10936735.0,0.0,0.0,0.0,1588205.625,0.0,0.0,0.0,0.0,5347571.5,0.0,0.0,1
1789482110.4126568,speech,239,10,110019456.0,0.0,0.0,0.0,0.0,78723008.0,8812936.0,0.0,0.0,0.0,0.0,0.0,0.0,0.0,99056448.0,44015780.0,1
1789482110.4751444,speech,225,10,0.0,136623280.0,38007784.0,0.0,369819776.0,896276480.0,959331456.0,0.0,0.0,241961312.0,0.0,75372408.0,220262400.0,158144832.0,0.0,0.0,1
1789482110.5379596,speech,226,12,47765040.0,11397721.0,176372880.0,0.0,0.0,0.0,0.0,421473632.0,299046720.0,0.0,80493640.0,0.0,191293216.0,183938768.0,0.0,0.0,1
1789482110.652349,speech,228,25,21861576.0,0.0,0.0,54983836.0,1150763520.0,737586432.0,445310016.0,1916015488.0,0.0,0.0,433730112.0,127296608.0,250892448.0,1044525568.0,270641984.0,0.0,1
1789482110.7094119,speech,240,7,0.0,0.0,0.0,0.0,0.0,1600790784.0,924428736.0,0.0,0.0,0.0,0.0,67708272.0,2209020928.0,4333921280.0,0.0,0.0,1
1789482110.772656,speech,240,4,0.0,0.0,0.0,0.0,1442283008.0,81885584.0,146221952.0,0.0,0.0,0.0,0.0,0.0,0.0,0.0,0.0,0.0,1
1789482110.8224664,speech,240,3,0.0,0.0,11970533.0,0.0,0.0,0.0,0.0,0.0,0.0,0.0,88478608.0,81242720.0,0.0,0.0,0.0,0.0,1
1789482111.3173344,speech,233,6,148596784.0,0.0,0.0,0.0,3227963.5,0.0,0.0,0.0,0.0,0.0,0.0,2433081.5,1088273.375,0.0,0.0,0.0,1
1789482111.362664,speech,241,3,0.0,0.0,0.0,0.0,0.0,0.0,0.0,0.0,0.0,0.0,0.0,209261.96875,4378530.0,0.0,0.0,0.0,1
1789482111.4908404,speech,236,4,0.0,0.0,0.0,0.0,0.0,2876312.75,4225244.5,0.0,0.0,0.0,0.0,0.0,0.0,546382.9375,1374522.375,0.0,1
1789482111.5556502,speech,226,4,84268336.0,0.0,12033416.0,0.0,30960006.0,0.0,2567991.25,0.0,0.0,0.0,0.0,0.0,0.0,0.0,0.0,0.0,1
1789482112.2372346,speech,252,3,27090844.0,0.0,0.0,0.0,0.0,0.0,0.0,0.0,0.0,0.0,0.0,0.0,353993.875,1968793.0,0.0,0.0,1
1789482112.238009,speech,213,10,0.0,20392152.0,0.0,0.0,0.0,0.0,112432.453125,737498.0,0.0,733789.375,862371.75,1990025.5,0.0,5435064.5,4219540.5,0.0,1
1789482112.2958186,speech,244,9,0.0,0.0,0.0,0.0,2737207808.0,0.0,0.0,0.0,0.0,0.0,0.0,177709648.0,322830144.0,33115724.0,27877438.0,0.0,1
1789482112.4269187,speech,218,12,4832877.5,45549776.0,0.0,85877192.0,196972544.0,0.0,77206704.0,13068182.0,0.0,0.0,0.0,6050186.0,0.0,0.0,0.0,0.0,1
1789482112.4951782,speech,215,8,0.0,0.0,0.0,0.0,396335936.0,1270482176.0,2194215424.0,0.0,0.0,0.0,2193369088.0,1480878848.0,0.0,0.0,0.0,0.0,1
1789482112.5574365,speech,219,4,0.0,0.0,14787871.0,1301622784.0,0.0,3408496640.0,0.0,0.0,0.0,0.0,0.0,0.0,0.0,0.0,0.0,0.0,1
1789482112.6198337,speech,217,9,18634036.0,0.0,861807552.0,181724992.0,411796480.0,0.0,158563808.0,191497216.0,0.0,0.0,0.0,0.0,0.0,1344316.0,0.0,0.0,1
1789482112.679339,speech,217,6,0.0,0.0,0.0,0.0,422011552.0,0.0,0.0,147346592.0,0.0,0.0,0.0,4617654.0,6207469.0,0.0,0.0,0.0,1
1789482112.7885408,speech,219,5,0.0,0.0,0.0,0.0,20515252.0,0.0,0.0,0.0,0.0,0.0,0.0,2755744.0,0.0,571081.25,164115.96875,0.0,1
1789482112.9004962,speech,225,13,0.0,0.0,1167677.625,0.0,14213101568.0,0.0,0.0,38834112.0,250524.78125,0.0,0.0,7731613.0,75991784.0,2546412.0,0.0,0.0,1
1789482112.9585495,speech,225,7,0.0,0.0,1959401984.0,0.0,0.0,546156800.0,0.0,0.0,0.0,0.0,0.0,3088456.75,0.0,60457252.0,6732956.0,0.0,1
1789482113.009485,speech,225,4,43546824.0,0.0,0.0,0.0,0.0,0.0,0.0,0.0,0.0,0.0,0.0,0.0,5988077.5,4448428.5,0.0,0.0,1
1789482113.067427,speech,225,3,185554400.0,0.0,0.0,0.0,0.0,0.0,0.0,0.0,0.0,0.0,0.0,0.0,0.0,3037316.25,1043706.1875,0.0,1
1789482114.834178,speech,264,11,12125235.0,0.0,0.0,0.0,16938068.0,556579.875,0.0,0.0,472273.4375,0.0,0.0,1082280.75,0.0,2324069.5,0.0,1166958.5,1
1789482114.8930118,speech,231,7,237770816.0,2545206.0,0.0,0.0,2718290.5,15057083.0,0.0,0.0,0.0,0.0,0.0,0.0,0.0,893128.125,62992.66796875,0.0,1
1789482114.9551232,speech,247,3,0.0,0.0,0.0,0.0,6859878.0,0.0,0.0,0.0,0.0,0.0,0.0,0.0,4660172.5,8321358.0,0.0,0.0,1
1789482115.0548935,speech,225,7,0.0,0.0,1140219648.0,0.0,156305.984375,0.0,0.0,0.0,0.0,0.0,248234.953125,0.0,0.0,350146.625,342263.875,0.0,1
1789482115.113164,speech,230,5,0.0,0.0,1721740160.0,0.0,0.0,3895977.75,0.0,0.0,0.0,0.0,0.0,0.0,0.0,1073886.25,0.0,0.0,1
1789482115.6883497,speech,248,12,185442912.0,0.0,0.0,0.0,361603232.0,0.0,17422914.0,503240.25,0.0,0.0,0.0,1415032.375,4980321.5,1678194.5,0.0,0.0,1
1789482115.7459912,speech,212,8,248751200.0,546979200.0,600878720.0,0.0,0.0,0.0,0.0,0.0,0.0,0.0,0.0,3422770.5,0.0,377960.625,0.0,0.0,1
1789482115.8213065,speech,233,17,19758030.0,20224896.0,63729144.0,0.0,229676496.0,70969984.0,41673680.0,0.0,0.0,0.0,4761617.0,3578152.75,0.0,6157247.5,0.0,16966460.0,1
1789482116.1326437,speech,222,10,199258848.0,38654188.0,0.0,0.0,66445672.0,267933664.0,8027549.5,122841544.0,0.0,0.0,0.0,0.0,0.0,745036.5625,0.0,0.0,1
1789482116.189871,speech,216,11,34064308.0,0.0,0.0,5507986432.0,348542240.0,7688009216.0,7982800384.0,0.0,0.0,0.0,3953853696.0,571836416.0,0.0,0.0,0.0,0.0,1
1789482116.2529395,speech,220,8,141073440.0,0.0,251346496.0,0.0,261256368.0,0.0,0.0,0.0,0.0,0.0,0.0,157358912.0,220474064.0,55091928.0,0.0,0.0,1
1789482116.3645856,speech,229,5,326254592.0,0.0,0.0,0.0,0.0,0.0,0.0,0.0,45360656.0,32738814.0,18682316.0,0.0,0.0,0.0,0.0,0.0,1
1789482116.4259336,speech,207,12,236637808.0,60900052.0,924977664.0,0.0,192318512.0,105933256.0,61113208.0,73078192.0,0.0,0.0,0.0,160548288.0,78222816.0,0.0,4889988.5,14308622.0,1
1789482116.487832,speech,204,10,0.0,0.0,0.0,0.0,0.0,0.0,83993656.0,1555310336.0,113914792.0,0.0,0.0,64523176.0,0.0,0.0,588236352.0,53312204.0,1
1789482116.5525239,speech,249,7,0.0,0.0,0.0,0.0,0.0,57649840.0,535741952.0,0.0,876799104.0,0.0,0.0,0.0,317783232.0,93330152.0,0.0,0.0,1
1789482116.6176746,speech,358,5,0.0,0.0,22898672.0,0.0,0.0,0.0,0.0,0.0,113297424.0,226227920.0,25468012.0,0.0,0.0,0.0,0.0,0.0,1
1789482116.6811328,speech,209,8,114508112.0,273332736.0,0.0,0.0,1618421.375,55628192.0,0.0,0.0,0.0,0.0,0.0,3846457.5,0.0,7571038.0,0.0,0.0,1
1789482116.7448812,speech,215,5,0.0,192181440.0,47833252.0,0.0,98150640.0,0.0,4135458.0,0.0,0.0,0.0,0.0,1317870.75,0.0,0.0,0.0,0.0,1
1789482116.8079417,speech,205,7,0.0,0.0,0.0,0.0,0.0,0.0,279467776.0,675495680.0,759149504.0,172861344.0,0.0,0.0,0.0,0.0,0.0,0.0,1
1789482116.8712664,speech,202,13,236090800.0,94938712.0,0.0,0.0,36053192.0,0.0,709514560.0,5469348864.0,1038152256.0,0.0,0.0,752307840.0,751002176.0,2398849792.0,2811730944.0,359267008.0,1
1789482117.5905967,speech,250,7,0.0,0.0,0.0,0.0,1696992.5,0.0,0.0,0.0,236842.8125,0.0,305224.0,7142196.5,6478529.0,0.0,0.0,0.0,1
1789482117.6527348,speech,232,10,2556125184.0,570907584.0,0.0,0.0,548054.25,0.0,0.0,0.0,544273.6875,0.0,0.0,148962016.0,0.0,43218272.0,0.0,0.0,1
1789482117.7123375,speech,352,9,0.0,0.0,6291922.5,2701285376.0,0.0,0.0,0.0,12859556.0,2294214.0,0.0,4138735.5,2628405.75,0.0,0.0,0.0,157504.0625,1
1789482117.769299,speech,241,12,84915832.0,0.0,4256933632.0,0.0,0.0,2438716672.0,125551480.0,0.0,0.0,0.0,0.0,1442201344.0,0.0,0.0,32243902.0,4912964.0,1
1789482117.9382005,speech,240,5,0.0,11171728.0,0.0,0.0,0.0,0.0,0.0,9341728.0,0.0,0.0,0.0,9024645.0,8949940.0,0.0,0.0,0.0,1
1789482117.997616,speech,253,4,63471380.0,0.0,0.0,0.0,1752775.625,0.0,4402063.5,0.0,0.0,0.0,0.0,0.0,0.0,0.0,219374.625,0.0,1
1789482118.0798912,speech,253,9,22875518.0,0.0,0.0,0.0,2547141.5,0.0,0.0,570564.9375,0.0,0.0,9444390.0,15610900.0,10662785.0,0.0,0.0,0.0,1
1789482118.125201,speech,244,6,0.0,0.0,0.0,692089216.0,0.0,8545110.0,0.0,0.0,0.0,0.0,0.0,20560462.0,7051362.0,0.0,0.0,0.0,1
1789482118.189618,speech,271,5,0.0,244639296.0,0.0,187959248.0,0.0,0.0,0.0,0.0,0.0,0.0,3656791.5,8579060.0,0.0,0.0,0.0,0.0,1
1789482118.2547066,speech,247,3,0.0,0.0,0.0,0.0,5553355776.0,0.0,0.0,0.0,0.0,0.0,0.0,0.0,70193520.0,0.0,0.0,0.0,1
1789482118.3187041,speech,244,3,0.0,0.0,0.0,190381440.0,0.0,0.0,0.0,0.0,0.0,5592043.0,0.0,4442853.5,0.0,0.0,0.0,0.0,1
1789482118.4135067,speech,29,6,0.0,0.0,508365120.0,0.0,0.0,1388669.25,0.0,0.0,0.0,0.0,186548.46875,0.0,476828.5,0.0,0.0,0.0,1
1789482118.4667394,speech,232,6,45035476.0,0.0,29475582.0,479324608.0,0.0,0.0,0.0,0.0,0.0,0.0,0.0,0.0,12559552.0,27553006.0,0.0,0.0,1
1789482118.5300665,speech,233,5,586849920.0,0.0,0.0,0.0,0.0,0.0,1236085.5,0.0,0.0,0.0,0.0,2241295.75,0.0,0.0,0.0,10000118.0,1
1789482118.5307324,speech,356,3,0.0,381644384.0,0.0,76115296.0,0.0,0.0,1835832.0,0.0,0.0,0.0,0.0,0.0,0.0,0.0,0.0,0.0,1
1789482118.6046019,speech,247,5,162458688.0,0.0,0.0,0.0,5428394.5,0.0,118678.5,0.0,718317.8125,0.0,0.0,0.0,0.0,0.0,0.0,0.0,1
1789482118.667295,speech,207,5,154972944.0,199132448.0,0.0,40134672.0,0.0,52566672.0,0.0,0.0,0.0,0.0,0.0,0.0,0.0,0.0,0.0,0.0,1
1789482118.7315784,speech,351,3,332517664.0,21379636.0,0.0,0.0,0.0,0.0,0.0,0.0,0.0,0.0,0.0,0.0,0.0,0.0,0.0,0.0,1
1789482118.8082502,speech,207,7,0.0,0.0,0.0,0.0,0.0,0.0,181124800.0,0.0,0.0,0.0,0.0,0.0,500322.75,523506.5625,2718431.25,0.0,1
1789482118.8434253,speech,208,7,0.0,0.0,0.0,0.0,0.0,0.0,272607456.0,725330.75,1378709.875,278898.53125,0.0,0.0,0.0,0.0,0.0,309562.625,1
1789482118.906659,speech,208,4,0.0,0.0,0.0,0.0,0.0,0.0,0.0,0.0,0.0,0.0,0.0,4827014.5,1707553.25,0.0,919690.875,0.0,1
1789482118.9567838,speech,244,3,403020608.0,0.0,81493160.0,0.0,0.0,0.0,0.0,0.0,0.0,0.0,0.0,0.0,0.0,0.0,0.0,0.0,1
1789482119.0260139,speech,217,5,263109600.0,107958896.0,0.0,0.0,0.0,0.0,0.0,0.0,0.0,0.0,0.0,0.0,0.0,132248.03125,976353.25,0.0,1
1789482119.087371,speech,186,5,0.0,0.0,2908903680.0,24708142.0,77813784.0,0.0,0.0,0.0,0.0,0.0,0.0,0.0,1558137.375,0.0,0.0,0.0,1
1789482119.15013,speech,190,7,0.0,229267616.0,0.0,9825165.0,2595271680.0,0.0,0.0,57755776.0,0.0,0.0,0.0,0.0,0.0,0.0,0.0,0.0,1
1789482119.2998357,speech,190,3,0.0,0.0,0.0,0.0,0.0,0.0,3600050.0,0.0,0.0,0.0,0.0,0.0,0.0,782947.8125,0.0,0.0,1
1789482119.3456743,speech,200,14,0.0,0.0,0.0,0.0,15893859.0,0.0,274488544.0,0.0,320898752.0,82216368.0,0.0,0.0,52974208.0,30354808.0,1851529.625,794978.9375,1
1789482119.4103744,speech,200,5,0.0,28455986.0,0.0,0.0,18592280.0,0.0,13176015.0,55470388.0,0.0,0.0,0.0,0.0,0.0,0.0,0.0,0.0,1
1789482119.6482382,speech,190,13,0.0,0.0,699250752.0,0.0,3263035392.0,0.0,892285376.0,10269658.0,105730656.0,105787864.0,0.0,0.0,0.0,0.0,0.0,0.0,1
1789482119.7107522,speech,354,7,0.0,0.0,0.0,0.0,2276862976.0,0.0,0.0,307165.15625,0.0,0.0,646191.5625,865281.875,0.0,0.0,3177767.25,0.0,1
1789482119.768234,speech,183,3,0.0,10952952.0,65616540.0,6972799.5,0.0,0.0,0.0,0.0,0.0,0.0,0.0,0.0,0.0,0.0,0.0,0.0,1
1789482120.7584226,speech,193,16,122661296.0,0.0,273718560.0,0.0,680577920.0,48729488.0,95642144.0,0.0,21844456.0,12003093.0,0.0,0.0,9072960.0,6183883.5,24155312.0,0.0,1
1789482120.8164282,speech,187,17,0.0,0.0,1251667968.0,0.0,2997893120.0,22721812.0,1079310848.0,30357422.0,47869204.0,66473744.0,1097624.0,776245.875,34485696.0,53137896.0,0.0,0.0,1
1789482121.0760782,speech,205,6,634532224.0,0.0,0.0,0.0,0.0,156970272.0,0.0,0.0,0.0,0.0,0.0,0.0,0.0,0.0,0.0,83016.65625,1
1789482121.233035,speech,192,10,0.0,0.0,3960493.25,0.0,209257120.0,264689904.0,10510360576.0,8872858.0,104271936.0,59029356.0,0.0,0.0,0.0,0.0,0.0,0.0,1
1789482121.2925854,speech,192,8,0.0,0.0,0.0,147389152.0,0.0,988377024.0,0.0,33207232.0,3927607552.0,1415530752.0,0.0,0.0,8093899.5,0.0,0.0,0.0,1
1789482121.341992,speech,192,3,8021759.5,0.0,0.0,0.0,0.0,0.0,0.0,0.0,0.0,0.0,13525237.0,0.0,0.0,39444136.0,0.0,0.0,1
1789482121.4382567,speech,192,4,39771356.0,0.0,0.0,0.0,0.0,0.0,0.0,0.0,0.0,0.0,0.0,0.0,794943.5625,0.0,1026253.9375,0.0,1
1789482121.8691447,speech,194,3,0.0,0.0,137179184.0,0.0,0.0,0.0,1953814.5,0.0,0.0,0.0,0.0,0.0,0.0,0.0,0.0,0.0,1
1789482121.8700354,speech,348,5,0.0,0.0,48215232.0,0.0,3043687.5,1047136.0,0.0,0.0,0.0,0.0,0.0,0.0,0.0,0.0,1316295.25,0.0,1
1789482121.985823,speech,208,5,79017064.0,14566746.0,0.0,0.0,390250.78125,0.0,0.0,0.0,0.0,0.0,0.0,227940.78125,0.0,0.0,0.0,0.0,1
1789482122.1141763,speech,213,4,0.0,0.0,95261304.0,0.0,0.0,0.0,0.0,0.0,0.0,786999.1875,156718.25,0.0,0.0,0.0,0.0,0.0,1
1789482122.178369,speech,125,5,0.0,4367540736.0,0.0,0.0,0.0,0.0,0.0,0.0,0.0,0.0,16084172.0,0.0,1754254.5,0.0,0.0,0.0,1
1789482122.2807264,speech,125,3,0.0,0.0,0.0,0.0,0.0,5562775.0,0.0,2029448.25,0.0,0.0,0.0,0.0,0.0,0.0,0.0,0.0,1
1789482122.2814496,speech,173,5,0.0,0.0,214627344.0,26445862.0,0.0,0.0,2210184.75,285735.59375,405571.625,0.0,0.0,0.0,0.0,0.0,0.0,0.0,1
1789482122.3466372,speech,3,5,127228416.0,0.0,0.0,4059195.0,0.0,460001.4375,0.0,0.0,0.0,453623.1875,0.0,0.0,0.0,0.0,0.0,0.0,1
1789482122.411225,speech,180,6,2101146496.0,0.0,0.0,0.0,0.0,2850494.5,0.0,0.0,0.0,0.0,0.0,23013192.0,49965728.0,0.0,0.0,0.0,1
1789482123.3578274,speech,227,9,390301856.0,0.0,0.0,0.0,21677912.0,0.0,0.0,0.0,0.0,0.0,0.0,0.0,3033634.25,1649178.375,1544049.25,0.0,1
1789482123.4202912,speech,206,9,376091392.0,0.0,0.0,0.0,14640059.0,67971872.0,6458366.0,5157476.0,0.0,0.0,0.0,0.0,0.0,1169374.625,1706394.625,0.0,1
1789482123.4782538,speech,204,4,98706016.0,0.0,15801443.0,61266924.0,20640062.0,0.0,0.0,0.0,0.0,0.0,0.0,0.0,0.0,0.0,0.0,0.0,1
1789482123.5542452,speech,186,9,0.0,0.0,0.0,0.0,6051215.5,89133408.0,0.0,0.0,0.0,0.0,0.0,230061456.0,106047064.0,475522.6875,0.0,0.0,1
1789482123.688035,speech,205,5,0.0,0.0,0.0,0.0,0.0,2965977.5,897179.8125,0.0,4380385.0,386509.5,0.0,0.0,0.0,0.0,0.0,0.0,1
1789482123.752929,speech,215,7,0.0,0.0,0.0,0.0,255713.46875,0.0,0.0,0.0,0.0,0.0,0.0,0.0,407116.5625,71468040.0,56122336.0,760209.5625,1
1789482123.8181522,speech,188,13,0.0,0.0,0.0,5271467.0,104207832.0,0.0,65657312.0,11506994.0,1011770.125,10028280.0,1552356.25,11478426.0,10834306.0,0.0,0.0,0.0,1
1789482123.8879442,speech,179,6,0.0,0.0,49775368.0,51963476.0,433983616.0,114892192.0,14221980.0,0.0,0.0,0.0,0.0,0.0,0.0,0.0,0.0,0.0,1
1789482124.6459303,speech,341,6,0.0,0.0,18656000.0,0.0,441564.5625,0.0,204187.0,0.0,0.0,0.0,0.0,129155.609375,0.0,0.0,0.0,0.0,1
1789482124.6970148,speech,341,7,7395415.5,0.0,26297748.0,0.0,237996.765625,818745.375,0.0,0.0,0.0,0.0,0.0,0.0,0.0,0.0,0.0,134650.84375,1
1789482124.6979837,speech,43,4,0.0,13409280.0,38568856.0,0.0,0.0,0.0,1654677.75,0.0,0.0,0.0,0.0,0.0,0.0,94968.53125,0.0,0.0,1
1789482124.7609677,speech,0,10,0.0,0.0,61281840.0,23304620.0,0.0,2673160.25,2071930.5,0.0,0.0,0.0,597807.8125,0.0,0.0,0.0,0.0,0.0,1
1789482124.832498,speech,0,4,0.0,0.0,0.0,10203662.0,0.0,252439.40625,0.0,0.0,0.0,0.0,0.0,0.0,0.0,327748.21875,0.0,0.0,1
1789482125.827868,speech,234,8,370847712.0,26197094.0,0.0,0.0,5636564.0,0.0,0.0,0.0,0.0,256402.640625,0.0,0.0,961046.125,2521789.5,0.0,0.0,1
1789482125.8774724,speech,259,6,246038720.0,0.0,0.0,2981092.75,2170609.75,0.0,0.0,0.0,0.0,0.0,1234682.75,0.0,520966.6875,0.0,0.0,0.0,1
1789482125.997793,speech,221,8,0.0,0.0,0.0,0.0,0.0,0.0,642863232.0,0.0,0.0,0.0,44205768.0,113571248.0,0.0,171599920.0,0.0,0.0,1
1789482126.0683298,speech,199,6,416065600.0,62457452.0,0.0,146858560.0,0.0,0.0,5550885.5,0.0,0.0,0.0,0.0,0.0,12302282.0,23149256.0,0.0,0.0,1
1789482126.1779697,speech,218,9,0.0,0.0,15132220.0,56038136.0,201265456.0,319377600.0,84641312.0,126425152.0,0.0,0.0,0.0,0.0,0.0,0.0,0.0,0.0,1
1789482126.2363305,speech,216,3,294382144.0,0.0,0.0,0.0,0.0,0.0,12369477.0,0.0,823763.375,0.0,0.0,0.0,0.0,0.0,0.0,0.0,1
1789482126.3000677,speech,216,5,0.0,0.0,0.0,0.0,0.0,0.0,0.0,0.0,0.0,0.0,0.0,10301934.0,722691.1875,3623062.5,0.0,0.0,1
1789482126.3489974,speech,220,16,337132448.0,782066816.0,0.0,4144328704.0,524792416.0,9482372096.0,14528389120.0,8234862.5,0.0,0.0,0.0,10177702.0,305451040.0,1560727680.0,17168546.0,0.0,1
1789482126.5710225,speech,203,9,0.0,0.0,374722592.0,16959128.0,16327484.0,0.0,0.0,0.0,0.0,0.0,0.0,0.0,0.0,47444932.0,5619489.0,0.0,1
1789482126.6341407,speech,221,9,0.0,408377056.0,0.0,0.0,0.0,0.0,0.0,0.0,0.0,0.0,0.0,102162224.0,39085904.0,138434656.0,4814384.0,0.0,1
1789482126.7545495,speech,234,3,451051584.0,0.0,0.0,0.0,0.0,0.0,0.0,0.0,0.0,0.0,0.0,0.0,1311433.875,740994.875,0.0,0.0,1
1789482126.8156774,speech,225,8,735805056.0,0.0,910516160.0,0.0,0.0,0.0,0.0,2655112.75,0.0,0.0,0.0,6548248.0,0.0,5118771.5,0.0,0.0,1
1789482126.874506,speech,225,8,252687904.0,0.0,0.0,0.0,0.0,0.0,966863.25,0.0,0.0,82413.796875,0.0,7149235.0,27450944.0,16947942.0,0.0,0.0,1
1789482126.9240172,speech,225,8,0.0,47290916.0,25734670.0,0.0,82957280.0,1947831.75,4823757.0,2341186.0,0.0,0.0,0.0,0.0,0.0,0.0,0.0,0.0,1
1789482126.973586,speech,207,8,0.0,0.0,60907016.0,0.0,377049824.0,24283716.0,213938272.0,0.0,0.0,0.0,0.0,4162247.25,0.0,0.0,0.0,0.0,1
1789482130.4560544,speech,204,11,0.0,0.0,34651636.0,81437864.0,0.0,6721886.0,7504901.5,304939.875,0.0,0.0,0.0,0.0,4459480.0,4432439.0,0.0,0.0,1
1789482130.5200517,speech,260,4,0.0,117559296.0,0.0,0.0,0.0,0.0,0.0,0.0,0.0,0.0,0.0,566918.1875,942590.25,0.0,0.0,0.0,1
1789482130.6165314,speech,6,3,0.0,0.0,37295132.0,9879611.0,0.0,0.0,0.0,0.0,0.0,0.0,0.0,0.0,0.0,0.0,0.0,0.0,1
1789482130.7734146,speech,210,9,292397664.0,0.0,110038464.0,0.0,0.0,174428992.0,46240088.0,21613866.0,0.0,0.0,0.0,268007.59375,0.0,0.0,0.0,0.0,1
1789482130.8380759,speech,185,3,0.0,138726064.0,0.0,0.0,0.0,0.0,0.0,0.0,0.0,0.0,20955868.0,0.0,0.0,0.0,0.0,0.0,1
1789482130.902025,speech,206,7,0.0,0.0,0.0,0.0,45177116.0,0.0,22807642.0,2547849.0,0.0,0.0,7969448.0,11564295.0,0.0,0.0,858240.1875,0.0,1
1789482130.9767342,speech,234,6,1221752192.0,0.0,0.0,0.0,0.0,0.0,1369768.375,1738460.5,0.0,0.0,0.0,15312282.0,0.0,0.0,0.0,0.0,1
1789482131.151299,speech,246,8,217613536.0,0.0,0.0,0.0,0.0,2503987.0,0.0,0.0,129236.625,0.0,0.0,3356751.5,1127109.75,6533417.0,474137.1875,0.0,1
1789482131.2114913,speech,210,13,81644728.0,58268584.0,0.0,49707448.0,45948072.0,41914236.0,5340950.5,0.0,0.0,0.0,4724823.5,11474438.0,0.0,13961022.0,0.0,0.0,1
1789482132.0716765,speech,236,22,24020564.0,0.0,0.0,43014776.0,26066378.0,33854432.0,65047560.0,16970594.0,0.0,0.0,7009763.0,31376844.0,10661815.0,8862744.0,3390339.0,2865194.5,1
1789482132.1301603,speech,236,6,0.0,0.0,417388.6875,208960592.0,0.0,0.0,0.0,0.0,0.0,0.0,0.0,0.0,34295104.0,3696335360.0,0.0,0.0,1
1789482132.1808767,speech,253,6,783176.75,0.0,0.0,0.0,0.0,22624134.0,0.0,0.0,0.0,0.0,0.0,449019232.0,3474816768.0,430765920.0,0.0,0.0,1
1789482132.1816337,speech,208,7,0.0,0.0,0.0,0.0,2612165888.0,0.0,1163804544.0,1692454912.0,0.0,0.0,0.0,344666880.0,0.0,0.0,0.0,0.0,1
1789482132.609014,speech,224,14,111831200.0,0.0,0.0,320305632.0,0.0,1383286784.0,4823461888.0,0.0,0.0,0.0,275393216.0,516166272.0,190899808.0,3077374208.0,579243520.0,0.0,1
1789482132.667951,speech,236,11,281915072.0,0.0,0.0,0.0,0.0,515478080.0,0.0,0.0,0.0,0.0,0.0,2140247552.0,133275760.0,13250045952.0,10552756.0,0.0,1
1789482132.799579,speech,236,12,42877076.0,0.0,0.0,236845280.0,187607424.0,198805984.0,0.0,94719640.0,0.0,0.0,97710240.0,36730852.0,30447226.0,0.0,0.0,0.0,1
1789482132.8445754,speech,204,8,1953516.625,0.0,0.0,0.0,32395648.0,1559229184.0,47796408.0,1200229632.0,0.0,0.0,0.0,0.0,0.0,0.0,9266049.0,0.0,1
1789482133.002355,speech,217,11,0.0,0.0,0.0,0.0,0.0,878507904.0,3481695744.0,0.0,0.0,0.0,521361504.0,394038848.0,47810348.0,622879872.0,0.0,0.0,1
1789482133.0648751,speech,206,8,0.0,0.0,0.0,0.0,0.0,746772544.0,252239104.0,5893710848.0,2059524864.0,0.0,0.0,174309568.0,0.0,522965696.0,0.0,0.0,1
1789482133.1285095,speech,358,7,0.0,0.0,0.0,0.0,21703104.0,0.0,0.0,2608504064.0,911711552.0,175638832.0,45844528.0,0.0,0.0,0.0,0.0,0.0,1
1789482133.1847563,speech,206,5,0.0,0.0,63292632.0,0.0,178276864.0,0.0,0.0,0.0,0.0,0.0,0.0,0.0,0.0,69110512.0,0.0,0.0,1
1789482133.2313635,speech,220,4,143805968.0,1844352.5,0.0,0.0,31774898.0,0.0,14857630.0,0.0,0.0,0.0,0.0,0.0,0.0,0.0,0.0,0.0,1
1789482133.2953563,speech,250,8,105507920.0,0.0,0.0,0.0,0.0,34033280.0,1288752256.0,51099800.0,0.0,0.0,0.0,0.0,332984160.0,0.0,0.0,0.0,1
1789482133.358505,speech,250,4,0.0,25738080.0,0.0,21228354.0,0.0,0.0,11618470.0,0.0,0.0,0.0,0.0,0.0,2204553.25,0.0,0.0,0.0,1
1789482133.4626262,speech,229,4,0.0,0.0,0.0,0.0,85166144.0,0.0,0.0,0.0,0.0,0.0,0.0,0.0,5229156.0,0.0,0.0,0.0,1
1789482133.6867166,speech,231,18,1817308.625,123227816.0,0.0,2360974592.0,0.0,2889404160.0,19463393280.0,96137168.0,0.0,0.0,1469563392.0,3884541952.0,52343032.0,21655871488.0,230675248.0,0.0,1
1789482133.7447536,speech,232,9,0.0,0.0,0.0,0.0,1841790464.0,0.0,7744091648.0,835142912.0,229835968.0,0.0,0.0,1127057024.0,1364797440.0,0.0,0.0,127301120.0,1
1789482135.0531101,speech,256,3,15871989.0,0.0,0.0,0.0,1352958.875,202226.046875,0.0,0.0,0.0,0.0,0.0,0.0,0.0,0.0,0.0,0.0,1
1789482135.0539544,speech,51,4,1624536.75,0.0,0.0,0.0,0.0,0.0,0.0,0.0,0.0,0.0,15400.6171875,36095.2109375,0.0,0.0,0.0,75508.109375,1
1789482135.1217089,speech,245,12,0.0,0.0,55566264.0,0.0,5854140.0,0.0,0.0,2336341.0,0.0,0.0,1024592.625,1613218.5,3437258.5,855916.3125,0.0,671428.125,1
1789482135.185813,speech,270,3,635161344.0,2227479040.0,22853994.0,0.0,0.0,0.0,0.0,0.0,0.0,0.0,0.0,0.0,0.0,0.0,0.0,0.0,1
1789482135.3071675,speech,218,12,19449092.0,0.0,0.0,71208176.0,391067552.0,5694845.0,27607530.0,33416952.0,0.0,0.0,0.0,0.0,0.0,4487641.5,0.0,0.0,1
1789482135.37504,speech,217,12,0.0,0.0,0.0,1954596096.0,8601638912.0,64434072.0,1560171520.0,160717392.0,0.0,0.0,158826080.0,43183608.0,0.0,0.0,0.0,0.0,1
1789482135.4360576,speech,217,4,0.0,0.0,0.0,0.0,0.0,23272034.0,0.0,3641722.0,0.0,0.0,0.0,0.0,0.0,27121298.0,0.0,0.0,1
1789482135.4819355,speech,218,17,13758101.0,0.0,0.0,0.0,31950884.0,53955176.0,75757584.0,27544602.0,11225751.0,32016028.0,12472798.0,26104650.0,27011428.0,49397664.0,0.0,33228318.0,1
1789482135.5443156,speech,237,16,0.0,0.0,5713653.0,720271744.0,277845184.0,560667520.0,3846640128.0,711581952.0,0.0,0.0,345509152.0,1526290944.0,1177282944.0,19331031040.0,0.0,0.0,1
1789482135.6064093,speech,237,7,25148352.0,0.0,313082560.0,0.0,0.0,882500608.0,0.0,0.0,0.0,0.0,0.0,359756736.0,128457816.0,259840544.0,0.0,0.0,1
1789482136.2860804,speech,236,17,0.0,0.0,0.0,0.0,947799168.0,71690552.0,1057237056.0,117929672.0,0.0,0.0,900415232.0,1604793216.0,1016874880.0,2046864896.0,0.0,0.0,1
1789482136.3440754,speech,240,10,252641168.0,0.0,0.0,0.0,0.0,0.0,0.0,0.0,0.0,0.0,1432517760.0,7603142144.0,2278333440.0,22067474432.0,18383076.0,0.0,1
1789482136.4068527,speech,240,5,21173830.0,0.0,0.0,24579342.0,0.0,0.0,0.0,0.0,0.0,908721.1875,0.0,16319492.0,0.0,0.0,1754391.75,0.0,1
1789482136.500837,speech,239,8,0.0,0.0,617070336.0,0.0,434237152.0,286386112.0,0.0,0.0,0.0,0.0,0.0,0.0,0.0,0.0,365345.25,0.0,1
1789482136.5622172,speech,221,6,0.0,0.0,1803151872.0,147075648.0,17276908.0,0.0,125416968.0,0.0,0.0,0.0,0.0,0.0,366616.25,0.0,0.0,0.0,1
1789482136.6804812,speech,221,3,0.0,0.0,39861696.0,0.0,0.0,4089674.75,0.0,0.0,920654.5,0.0,0.0,0.0,0.0,0.0,0.0,0.0,1
1789482136.7259936,speech,236,9,0.0,0.0,406244416.0,0.0,347955264.0,262319168.0,29327432.0,43256892.0,0.0,0.0,0.0,0.0,0.0,387342.3125,0.0,0.0,1
1789482136.7863288,speech,233,7,709425152.0,0.0,148397200.0,0.0,0.0,0.0,0.0,0.0,0.0,100289.71875,0.0,0.0,0.0,1328529.75,198665.0,0.0,1
1789482137.3324375,speech,260,7,72661968.0,0.0,0.0,718456.6875,0.0,0.0,0.0,207660.3125,0.0,0.0,0.0,537225.6875,2524247.0,0.0,0.0,0.0,1
1789482137.4015749,speech,232,8,60492616.0,1169471.5,98605760.0,0.0,2905575.0,0.0,458045.4375,0.0,0.0,0.0,0.0,0.0,0.0,0.0,0.0,0.0,1
1789482137.4641685,speech,225,7,0.0,0.0,2152283392.0,0.0,56729976.0,34255896.0,344623648.0,0.0,0.0,6545304.0,0.0,0.0,0.0,0.0,0.0,0.0,1
1789482137.520832,speech,225,3,0.0,0.0,0.0,0.0,0.0,1618952.0,0.0,0.0,0.0,0.0,0.0,0.0,0.0,2902173.5,0.0,1982956.375,1
1789482137.578,speech,225,7,0.0,5789631.0,0.0,0.0,0.0,0.0,0.0,1873859.875,0.0,1589756.25,5911082.5,875021.625,7623076.0,0.0,0.0,0.0,1
1789482137.6277204,speech,226,23,993569664.0,276565568.0,6652619776.0,0.0,3012355.0,12154087.0,42159344.0,30398144.0,72002440.0,115827296.0,131944904.0,0.0,0.0,1857010944.0,150982592.0,0.0,1
1789482137.6891215,speech,226,4,234102400.0,0.0,0.0,0.0,0.0,121646296.0,27868060.0,0.0,0.0,0.0,0.0,0.0,0.0,0.0,0.0,0.0,1
1789482137.785348,speech,234,12,0.0,0.0,52394144.0,0.0,531478912.0,0.0,378117280.0,0.0,0.0,0.0,0.0,180665040.0,14561483.0,501595840.0,0.0,32136380.0,1
1789482137.84736,speech,229,8,0.0,0.0,0.0,0.0,134860320.0,1341084416.0,0.0,0.0,0.0,0.0,34511024.0,0.0,34686756.0,26721238.0,0.0,31906660.0,1
1789482137.90931,speech,247,3,50465692.0,0.0,15697583.0,0.0,0.0,0.0,0.0,0.0,0.0,0.0,0.0,1019649.625,0.0,0.0,0.0,0.0,1
1789482137.9717386,speech,230,8,100051920.0,259502624.0,0.0,0.0,0.0,0.0,0.0,0.0,0.0,0.0,4155152.5,0.0,4124915.0,29398908.0,8660175.0,0.0,1
1789482138.034075,speech,232,9,832784384.0,0.0,0.0,39183884.0,0.0,0.0,0.0,0.0,0.0,0.0,100945264.0,101602784.0,68102712.0,0.0,2848813.0,0.0,1
1789482138.091765,speech,248,10,489593120.0,0.0,936531328.0,8499801088.0,9334296.0,0.0,0.0,27931392.0,0.0,0.0,0.0,22907392.0,0.0,0.0,3276369.75,4999213.5,1
1789482138.1569388,speech,352,10,0.0,116231808.0,756916480.0,442503392.0,0.0,62701520.0,0.0,1233574.0,0.0,0.0,0.0,0.0,843081.0625,0.0,0.0,219666.46875,1
1789482138.2140055,speech,249,15,322025568.0,1810954624.0,0.0,0.0,10774601.0,2171222.0,7302741.5,0.0,369223.6875,2316920.75,5157365.0,8134457.0,2002015.375,0.0,789045.75,5225791.5,1
1789482138.2807002,speech,249,12,0.0,0.0,46426784.0,0.0,0.0,5486431.0,4578216.5,0.0,18531794.0,0.0,26115672.0,36723264.0,0.0,0.0,2496234.5,0.0,1
1789482138.3375974,speech,249,8,0.0,0.0,457489888.0,0.0,9432576.0,0.0,105344080.0,0.0,0.0,831139.5625,0.0,143130.8125,0.0,0.0,0.0,0.0,1
1789482138.388271,speech,252,3,0.0,0.0,0.0,0.0,0.0,0.0,2615562.75,0.0,0.0,337908.1875,0.0,0.0,0.0,1516833.25,0.0,0.0,1
1789482138.458944,speech,253,5,0.0,0.0,180125648.0,0.0,0.0,0.0,0.0,0.0,1270268.25,69355.8515625,648241.125,0.0,0.0,0.0,0.0,0.0,1
1789482138.5226414,speech,249,22,348748640.0,83857312.0,1655970688.0,25407632.0,318143552.0,21731476.0,36610684.0,30648596.0,37005344.0,26253640.0,13584250.0,39705152.0,0.0,24349868.0,1130272.0,51628272.0,1
1789482138.5931604,speech,249,7,97385488.0,559180.8125,0.0,6004942.0,0.0,831420.75,5409438.5,0.0,0.0,0.0,0.0,49920.328125,0.0,0.0,0.0,0.0,1
1789482138.6423337,speech,249,5,0.0,0.0,0.0,0.0,0.0,0.0,6442600.0,1406491.0,0.0,0.0,0.0,0.0,0.0,1017571.9375,610227.8125,0.0,1
1789482138.6878684,speech,252,6,793682560.0,0.0,0.0,0.0,0.0,30286036.0,16610408.0,0.0,0.0,4455408.0,0.0,0.0,0.0,0.0,0.0,1918121.625,1
1789482139.1056564,speech,257,11,88155856.0,25223092.0,0.0,0.0,0.0,0.0,0.0,8209868.0,43774532.0,0.0,0.0,10038976.0,4751991.0,3260949.0,0.0,31654120.0,1
1789482139.1655655,speech,265,20,125295768.0,0.0,0.0,59365240.0,2485954.5,37922072.0,0.0,88060768.0,52964480.0,35580204.0,10343198.0,2441840.75,0.0,4364537.5,2309162.0,14182707.0,1
1789482139.2291803,speech,260,21,383214784.0,0.0,220229456.0,209781856.0,130354560.0,468860736.0,182471600.0,1128503424.0,39213448.0,170681984.0,4477207.0,58905692.0,885092.4375,11587848.0,2542518.0,22699080.0,1
1789482139.2938292,speech,261,21,0.0,43203248.0,269906976.0,122018608.0,311646656.0,305159776.0,0.0,0.0,1297197.625,125586072.0,0.0,55587660.0,4746060.0,19071532.0,7065060.5,1001256.6875,1
1789482139.357586,speech,259,11,0.0,0.0,30682326.0,1367097856.0,1597518720.0,0.0,0.0,0.0,0.0,43400184.0,0.0,34413276.0,2088799.5,0.0,11622615.0,0.0,1
1789482139.4216905,speech,259,6,7040756.5,0.0,36792100.0,549194176.0,0.0,0.0,2782286.75,0.0,0.0,0.0,0.0,951071.375,0.0,0.0,426262.4375,0.0,1
1789482140.0267298,speech,237,11,187236080.0,0.0,0.0,441435200.0,90872512.0,1419981824.0,0.0,0.0,0.0,0.0,168288704.0,135763328.0,0.0,56425580.0,0.0,0.0,1
1789482140.083424,speech,240,14,217043808.0,28014088.0,191774064.0,0.0,212095072.0,671280640.0,2024124928.0,0.0,0.0,0.0,0.0,654118272.0,324286592.0,980876416.0,0.0,99000656.0,1
1789482140.146411,speech,238,8,18339084.0,0.0,0.0,5622550.0,0.0,138113792.0,874020992.0,0.0,0.0,9587372.0,49690624.0,0.0,34945396.0,0.0,0.0,0.0,1
1789482140.2095509,speech,238,13,75803424.0,30155744.0,0.0,827728640.0,143359680.0,254453440.0,0.0,0.0,0.0,0.0,34137712.0,8292773.0,9574668.0,42374408.0,0.0,0.0,1
1789482140.2590258,speech,240,13,178512016.0,157457440.0,0.0,0.0,99738816.0,201588576.0,0.0,0.0,0.0,0.0,111434752.0,7442140.0,0.0,59915804.0,98552688.0,262252832.0,1
1789482140.3223417,speech,240,7,0.0,0.0,169709872.0,0.0,353594752.0,0.0,0.0,29141558.0,9098624.0,0.0,0.0,0.0,0.0,0.0,6202115.0,4225364.0,1
1789482140.436318,speech,233,23,0.0,0.0,176231568.0,18047326.0,241219296.0,104210248.0,965292928.0,414340032.0,0.0,0.0,316166176.0,722348672.0,230880400.0,698431424.0,0.0,580834816.0,1
1789482140.494986,speech,234,13,0.0,0.0,0.0,0.0,636579840.0,0.0,1776802688.0,22923376.0,0.0,0.0,1811346176.0,593105792.0,902222144.0,268529632.0,0.0,0.0,1
1789482140.5579913,speech,250,12,195663504.0,0.0,454020480.0,466551104.0,0.0,1760743168.0,3855584000.0,0.0,0.0,0.0,0.0,1024040576.0,0.0,0.0,0.0,0.0,1
1789482140.6705723,speech,245,10,0.0,0.0,272037920.0,0.0,5173925.5,3106092.0,5900217.0,0.0,13236652.0,0.0,0.0,0.0,6570208.5,2450177.0,0.0,27108928.0,1
1789482141.0066342,speech,243,13,314450912.0,0.0,123028408.0,202672000.0,71901688.0,49486820.0,0.0,0.0,0.0,0.0,0.0,6459613.0,0.0,292413.65625,0.0,0.0,1
1789482141.0664396,speech,253,15,162116064.0,0.0,676072960.0,286060416.0,18783218.0,0.0,29682984.0,0.0,0.0,10511564.0,16600637.0,46756744.0,7604300.0,47118624.0,0.0,0.0,1
1789482141.141906,speech,244,16,353580064.0,0.0,1502283776.0,683338624.0,397975360.0,88321024.0,19090300.0,0.0,0.0,0.0,12948778.0,590929472.0,7425671.0,0.0,0.0,0.0,1
1789482141.2056148,speech,247,11,0.0,0.0,1735268352.0,0.0,298642816.0,85226016.0,24459520.0,0.0,0.0,0.0,644162048.0,556516736.0,5242438.5,0.0,0.0,1720578.375,1
1789482141.270037,speech,247,4,8627142.0,44327168.0,0.0,0.0,0.0,0.0,0.0,0.0,0.0,0.0,0.0,0.0,0.0,0.0,0.0,19720160.0,1
1789482141.3152177,speech,238,12,0.0,0.0,0.0,0.0,2701643.5,0.0,15862042.0,0.0,34409800.0,32291696.0,44237368.0,0.0,6542481.0,206555984.0,0.0,0.0,1
1789482141.4509306,speech,251,16,156016976.0,0.0,0.0,50832072.0,9484763.0,0.0,3374104.25,0.0,0.0,4990174.5,12442550.0,26989352.0,8372298.5,2171838.0,0.0,0.0,1
1789482141.5750031,speech,249,19,308356672.0,64870920.0,0.0,0.0,9894500.0,669509.375,4932488.0,0.0,0.0,5521754.0,190807.359375,12211406.0,735113.125,20898258.0,0.0,0.0,1
1789482141.6957452,speech,248,14,0.0,12535094.0,41670956.0,0.0,17727382.0,14012754.0,9764316.0,0.0,0.0,2435275.0,0.0,3645395.0,8701778.0,0.0,3313486.5,9093301.0,1
1789482141.8296676,speech,221,11,0.0,0.0,44109688.0,0.0,539938944.0,0.0,6195776512.0,197125952.0,0.0,0.0,472192032.0,450044096.0,0.0,0.0,0.0,0.0,1
1789482141.8870726,speech,221,12,0.0,0.0,213769248.0,102513224.0,0.0,440734720.0,533733344.0,4549189632.0,0.0,0.0,67679168.0,0.0,0.0,2760220160.0,865780224.0,1081491200.0,1
1789482141.9373357,speech,239,8,0.0,0.0,0.0,458583968.0,108936024.0,433324800.0,927533568.0,128004832.0,0.0,0.0,0.0,241003392.0,0.0,612299264.0,0.0,0.0,1
1789482142.065812,speech,230,5,0.0,0.0,0.0,114060008.0,109380832.0,0.0,10205199.0,0.0,0.0,18653036.0,0.0,0.0,0.0,15877444.0,0.0,0.0,1
1789482142.1276522,speech,221,7,1140748.375,0.0,7179353.0,0.0,374760640.0,0.0,0.0,12160546.0,0.0,44762444.0,0.0,0.0,0.0,0.0,0.0,0.0,1
1789482144.1440408,speech,277,3,0.0,0.0,0.0,0.0,11951601.0,0.0,0.0,0.0,0.0,1921573.0,0.0,0.0,0.0,0.0,0.0,0.0,1
1789482144.2149444,speech,0,6,0.0,0.0,0.0,4582745.0,941803.0,0.0,0.0,0.0,512940.1875,0.0,0.0,0.0,0.0,0.0,0.0,255421.96875,1
1789482144.2700748,speech,244,16,1874591.25,0.0,32417184.0,467869280.0,82846496.0,15208162.0,18562004.0,0.0,0.0,0.0,9232983.0,25154928.0,0.0,25238778.0,0.0,15960660.0,1
1789482144.3353317,speech,244,10,87777632.0,58273620.0,134263568.0,0.0,0.0,0.0,5347078.5,0.0,0.0,0.0,5558666.0,2852813.0,0.0,11073128.0,0.0,0.0,1
1789482144.4261527,speech,242,20,0.0,0.0,1563726336.0,2680713984.0,263872512.0,1115262976.0,39414560.0,0.0,0.0,474297952.0,150106720.0,1450489472.0,986078080.0,0.0,83547408.0,0.0,1
1789482144.485377,speech,252,10,0.0,57608928.0,0.0,4491192320.0,372003328.0,0.0,1924619008.0,0.0,0.0,0.0,1473594752.0,1214362496.0,0.0,0.0,0.0,59448872.0,1
1789482144.5621438,speech,252,4,0.0,0.0,252842800.0,0.0,0.0,103801936.0,0.0,0.0,0.0,0.0,0.0,0.0,0.0,38088020.0,0.0,0.0,1
1789482144.6188836,speech,239,4,23532438.0,0.0,0.0,0.0,0.0,0.0,0.0,0.0,1364006.875,0.0,0.0,0.0,0.0,0.0,10646555.0,6565057.0,1
1789482144.679348,speech,264,7,313221952.0,80183704.0,17029356.0,0.0,0.0,0.0,0.0,0.0,0.0,0.0,0.0,6037832.5,0.0,7389720.0,1085242.25,5432544.0,1
1789482144.7441878,speech,254,6,0.0,2350522.0,118814688.0,0.0,0.0,0.0,0.0,0.0,1673918.875,493211.875,0.0,0.0,0.0,942666.875,0.0,0.0,1
1789482144.8084598,speech,250,13,1101516544.0,59773888.0,122178072.0,4221891.0,3931303.5,0.0,0.0,1361540.0,0.0,0.0,54594.953125,2436341.5,0.0,0.0,9018212.0,52481332.0,1
1789482144.9642317,speech,251,7,0.0,0.0,611609024.0,0.0,0.0,0.0,2594137.25,0.0,0.0,0.0,3392637.75,0.0,0.0,2513094.0,4480604.0,4411499.0,1
1789482145.0731943,speech,265,16,0.0,0.0,651117440.0,0.0,0.0,0.0,9287698.0,7391853.5,0.0,13598695.0,348206.1875,16944460.0,2279243.25,5929565.5,254428.40625,5416930.0,1
1789482145.137736,speech,261,10,0.0,0.0,485528896.0,0.0,41619288.0,0.0,0.0,0.0,0.0,122205680.0,33229454.0,56766960.0,10000332.0,0.0,7718228.5,0.0,1
1789482145.787879,speech,250,15,690302848.0,2760269.75,0.0,129942256.0,138381232.0,22809746.0,10668442.0,17626436.0,0.0,0.0,1438040.25,39374832.0,0.0,95850144.0,0.0,0.0,1
1789482145.8516257,speech,238,3,380925472.0,0.0,113314496.0,0.0,0.0,0.0,0.0,0.0,0.0,0.0,0.0,0.0,0.0,0.0,0.0,0.0,1
1789482145.9149048,speech,238,4,0.0,0.0,0.0,0.0,0.0,0.0,0.0,0.0,0.0,4074313.0,0.0,3675971.0,0.0,0.0,0.0,0.0,1
1789482145.960275,speech,238,7,12548160.0,0.0,0.0,0.0,0.0,0.0,328298.25,0.0,1325130.5,0.0,5429893.5,725773.25,0.0,0.0,0.0,3827110.25,1
1789482146.0418458,speech,316,10,0.0,0.0,76532264.0,0.0,1325992.5,0.0,0.0,0.0,0.0,484534.6875,0.0,406597.03125,0.0,554607.625,205236.71875,456388.0,1
1789482146.0905457,speech,229,6,0.0,0.0,0.0,0.0,1190065920.0,0.0,63967644.0,0.0,0.0,0.0,0.0,987720.875,0.0,0.0,0.0,0.0,1
1789482146.1528141,speech,241,16,90634736.0,0.0,0.0,0.0,0.0,16810052.0,47250256.0,0.0,0.0,9619387.0,547576192.0,1208036096.0,201595952.0,59470280.0,0.0,8952634.0,1
1789482146.2157724,speech,241,10,710841728.0,0.0,110854688.0,0.0,0.0,0.0,0.0,0.0,0.0,22891488.0,24793028.0,222742688.0,131846760.0,15051267.0,0.0,0.0,1
1789482146.5802763,speech,236,8,0.0,0.0,0.0,7870369.0,0.0,74645920.0,283878016.0,0.0,0.0,0.0,0.0,10020066.0,13887190.0,3407685.25,0.0,0.0,1
1789482146.6399865,speech,233,7,227218208.0,0.0,0.0,0.0,0.0,0.0,101025824.0,0.0,0.0,0.0,0.0,9719307.0,0.0,17327048.0,0.0,0.0,1
1789482146.7025995,speech,239,11,286511680.0,4570050.0,0.0,0.0,57382948.0,0.0,149969504.0,0.0,0.0,0.0,14849545.0,0.0,2955693.0,3128829.0,0.0,0.0,1
1789482147.7837143,speech,229,7,0.0,0.0,0.0,180684848.0,4628131.0,8127008.0,0.0,0.0,0.0,0.0,0.0,0.0,194157.390625,928158.75,0.0,0.0,1
1789482147.7845626,speech,22,4,2298594.25,0.0,29301056.0,0.0,0.0,0.0,0.0,0.0,0.0,0.0,446918.09375,1700540.0,0.0,0.0,0.0,0.0,1
1789482147.91662,speech,221,15,54301616.0,0.0,0.0,30906224.0,106667312.0,70160776.0,52847960.0,11832060.0,0.0,0.0,3994096.0,2954237.75,0.0,6086025.0,1789881.0,0.0,1
1789482147.9795306,speech,209,3,0.0,0.0,0.0,0.0,48125584.0,0.0,32420620.0,0.0,1656315.5,0.0,0.0,0.0,0.0,0.0,0.0,0.0,1
1789482148.0425715,speech,238,7,0.0,0.0,0.0,0.0,0.0,0.0,0.0,0.0,0.0,0.0,0.0,62610456.0,201046720.0,40035288.0,0.0,463003.25,1
1789482148.1129584,speech,246,5,0.0,0.0,0.0,0.0,0.0,0.0,7873028.0,0.0,4506419.5,10697486.0,0.0,4397699.5,0.0,0.0,1411808.75,0.0,1
1789482148.1771593,speech,204,3,574994496.0,0.0,0.0,0.0,0.0,0.0,0.0,0.0,0.0,0.0,0.0,0.0,0.0,19450672.0,0.0,0.0,1
1789482148.1776917,speech,243,10,0.0,0.0,0.0,0.0,75348944.0,23876568.0,12131624.0,0.0,0.0,0.0,8502233.0,12212192.0,781366.875,0.0,0.0,0.0,1
1789482148.2471597,speech,221,11,34707144.0,0.0,0.0,0.0,428239616.0,443934944.0,903472832.0,0.0,0.0,46864068.0,0.0,25205148.0,24906652.0,522963904.0,259520368.0,261679696.0,1
1789482148.309286,speech,221,4,0.0,0.0,20400070.0,0.0,0.0,0.0,0.0,0.0,0.0,0.0,0.0,11593667.0,0.0,0.0,6151822.0,0.0,1
1789482148.4052782,speech,250,8,293477248.0,4241648.0,0.0,0.0,3183377.25,0.0,80677648.0,0.0,0.0,1737186.875,633521.125,0.0,0.0,0.0,469959.0625,0.0,1
1789482148.4671035,speech,215,15,2037016960.0,52636328.0,14211166208.0,2105068288.0,28792286.0,7023999.5,0.0,37482828.0,0.0,0.0,11602032.0,0.0,0.0,836737024.0,868909.75,0.0,1
1789482148.5290244,speech,214,3,0.0,1146805760.0,1404118784.0,0.0,0.0,0.0,0.0,0.0,0.0,0.0,0.0,7008359.0,0.0,0.0,0.0,0.0,1
1789482148.6507134,speech,225,12,0.0,0.0,459221888.0,0.0,310759904.0,135432768.0,49899168.0,38426932.0,0.0,0.0,0.0,0.0,14207981.0,1465142528.0,0.0,0.0,1
1789482148.7653744,speech,233,16,13597022.0,0.0,0.0,0.0,4249307392.0,0.0,121703784.0,26189096.0,0.0,0.0,106573600.0,40447752.0,207015888.0,4496578.5,0.0,42135448.0,1
1789482148.822576,speech,249,9,101037376.0,0.0,0.0,617466944.0,0.0,0.0,14508340.0,0.0,0.0,0.0,61871836.0,141070176.0,336158784.0,48798628.0,0.0,0.0,1
1789482148.9554071,speech,246,16,0.0,0.0,0.0,181710112.0,6799851520.0,167202752.0,1600334080.0,957819136.0,0.0,1850786688.0,155683184.0,624941696.0,1788466944.0,525840032.0,0.0,0.0,1
1789482149.06661,speech,24,7,0.0,0.0,27295338.0,0.0,527857344.0,0.0,318916416.0,0.0,0.0,0.0,7911022.0,0.0,0.0,0.0,0.0,0.0,1
1789482149.122066,speech,259,10,0.0,0.0,66235208.0,73264192.0,0.0,0.0,0.0,0.0,0.0,1302242816.0,425204864.0,272273472.0,0.0,255977728.0,909007744.0,2061523456.0,1
1789482149.1858535,speech,247,15,0.0,106366864.0,0.0,34736920.0,2306458368.0,0.0,0.0,7214579712.0,137282528.0,11472654336.0,16990562304.0,223951648.0,0.0,0.0,899651840.0,14548747264.0,1
1789482149.4828706,speech,247,9,38180824.0,0.0,0.0,0.0,2383715.5,366906.15625,0.0,742060.25,0.0,0.0,0.0,3425945.25,3183167.25,1806689.5,1104160.5,0.0,1
1789482149.5314786,speech,248,4,0.0,0.0,0.0,0.0,0.0,0.0,16897392.0,0.0,0.0,0.0,18147680.0,0.0,0.0,0.0,2244526.5,5475961.5,1
1789482149.5947258,speech,248,8,0.0,0.0,0.0,0.0,369599712.0,0.0,13369031.0,1738444.0,0.0,0.0,45554600.0,4062633.0,0.0,0.0,0.0,41549072.0,1
1789482149.6395204,speech,230,7,117176056.0,0.0,581724928.0,0.0,0.0,3285434.0,995631.3125,2560085.0,340333.1875,0.0,0.0,0.0,0.0,0.0,0.0,0.0,1
1789482149.7035015,speech,247,18,81674984.0,0.0,2238731264.0,3600297984.0,352527936.0,21920806.0,0.0,34561728.0,8450894.0,0.0,0.0,42905888.0,11796188.0,23366380.0,0.0,109898528.0,1
1789482149.7659602,speech,247,4,0.0,0.0,0.0,0.0,0.0,0.0,0.0,6098845.0,0.0,11391762.0,2642032.5,0.0,0.0,0.0,0.0,34177684.0,1
1789482149.8420968,speech,247,5,20650566.0,0.0,41259620.0,0.0,0.0,932181.875,0.0,575992.1875,0.0,0.0,0.0,0.0,337682.65625,0.0,0.0,0.0,1
1789482149.8865914,speech,238,9,0.0,0.0,255902112.0,1990766208.0,9206117376.0,0.0,0.0,0.0,0.0,0.0,0.0,100483840.0,63336044.0,0.0,0.0,0.0,1
1789482149.9988072,speech,238,14,109813776.0,0.0,0.0,0.0,0.0,8483242.0,60115840.0,0.0,0.0,120652704.0,113214064.0,30820546.0,13880912.0,785914.25,0.0,0.0,1
1789482150.043659,speech,238,11,1310421376.0,0.0,0.0,260747872.0,0.0,6254474.5,161893696.0,0.0,0.0,0.0,2700871.5,33433396.0,0.0,1136098.5,0.0,0.0,1
1789482150.089299,speech,229,15,0.0,12020438016.0,565024128.0,2162899456.0,0.0,360907968.0,52538584.0,0.0,0.0,29341922.0,142604352.0,631413.9375,8357633.0,0.0,0.0,0.0,1
1789482150.1508834,speech,229,5,0.0,0.0,605361600.0,1532834304.0,18732706.0,0.0,0.0,0.0,0.0,2086280.0,0.0,0.0,0.0,0.0,0.0,0.0,1
1789482150.200178,speech,229,4,0.0,0.0,0.0,0.0,153931008.0,0.0,0.0,0.0,0.0,0.0,12180070.0,0.0,0.0,0.0,0.0,0.0,1
1789482150.3469942,speech,350,11,0.0,1238618.25,20737772.0,18671822.0,1841161.375,0.0,0.0,0.0,0.0,0.0,429534.25,271302.875,0.0,0.0,0.0,0.0,1
1789482150.409441,speech,350,8,0.0,0.0,0.0,0.0,0.0,1672201.25,2569649.0,0.0,0.0,676111.875,0.0,0.0,0.0,125755.53125,41787.57421875,0.0,1
1789482150.4539359,speech,346,4,0.0,0.0,4292053.0,0.0,0.0,529797.6875,0.0,74617.3125,0.0,0.0,0.0,0.0,0.0,0.0,0.0,0.0,1
1789482150.5209825,speech,11,3,27131104.0,0.0,0.0,0.0,0.0,0.0,0.0,0.0,0.0,1923438.375,0.0,0.0,0.0,1021122.8125,0.0,0.0,1
1789482153.3244262,speech,242,17,0.0,0.0,0.0,0.0,577595520.0,26712790.0,60743032.0,0.0,0.0,195463488.0,342365600.0,194573008.0,233169360.0,62727688.0,1588359.625,0.0,1
1789482153.3757005,speech,245,11,0.0,0.0,0.0,0.0,0.0,0.0,2116202752.0,3600507.5,0.0,0.0,1239806336.0,122332848.0,2707558912.0,162782544.0,0.0,0.0,1
1789482153.4895544,speech,245,4,190230896.0,0.0,0.0,0.0,0.0,0.0,0.0,0.0,0.0,0.0,0.0,2795405.0,0.0,0.0,9913771.0,0.0,1
1789482153.5531867,speech,264,6,42051868.0,0.0,0.0,0.0,0.0,0.0,145003760.0,23080844.0,0.0,0.0,0.0,57569528.0,0.0,0.0,0.0,0.0,1
1789482153.6170182,speech,232,3,22177558.0,0.0,14021627.0,535082624.0,0.0,0.0,0.0,0.0,0.0,0.0,0.0,0.0,0.0,0.0,0.0,0.0,1
1789482153.680367,speech,349,12,0.0,0.0,190580272.0,367630848.0,21228296.0,0.0,0.0,20607356.0,0.0,0.0,1569558.75,0.0,3754866.5,4602291.5,3834046.0,0.0,1
1789482153.731995,speech,223,5,351276544.0,172710000.0,774064000.0,0.0,0.0,0.0,0.0,0.0,0.0,0.0,0.0,0.0,0.0,0.0,0.0,0.0,1
1789482153.7933745,speech,240,5,0.0,0.0,0.0,616155200.0,620987648.0,33161852.0,0.0,0.0,0.0,0.0,0.0,0.0,0.0,0.0,0.0,486998.5,1
1789482153.855457,speech,225,4,0.0,0.0,381582400.0,0.0,0.0,0.0,0.0,0.0,0.0,0.0,0.0,454373.375,0.0,729256.0,0.0,0.0,1
1789482153.9193957,speech,269,6,0.0,0.0,0.0,0.0,0.0,50660624.0,962280064.0,0.0,0.0,0.0,0.0,1061098.0,107678776.0,0.0,0.0,0.0,1
1789482153.9203627,speech,354,3,0.0,17860088.0,1129480448.0,0.0,0.0,0.0,0.0,0.0,0.0,0.0,0.0,0.0,0.0,0.0,0.0,0.0,1
1789482154.1303332,speech,21,4,1390376320.0,0.0,0.0,0.0,0.0,0.0,0.0,0.0,0.0,0.0,0.0,0.0,0.0,1218672.875,9635205.0,0.0,1
1789482154.1967034,speech,265,7,0.0,90088736.0,0.0,0.0,0.0,256331936.0,61626444.0,0.0,0.0,0.0,0.0,18911382.0,17106708.0,0.0,0.0,2757194.75,1
1789482154.1975825,speech,348,3,0.0,0.0,0.0,0.0,180982000.0,0.0,0.0,0.0,0.0,0.0,0.0,0.0,0.0,15705127.0,0.0,0.0,1
1789482154.5280652,speech,26,3,0.0,0.0,17261480.0,0.0,1328312.375,0.0,0.0,0.0,0.0,0.0,0.0,45371.53125,0.0,0.0,0.0,0.0,1
1789482154.59224,speech,28,4,0.0,85465408.0,365237248.0,0.0,0.0,65934072.0,0.0,0.0,0.0,0.0,0.0,0.0,282500.96875,0.0,0.0,0.0,1
1789482154.748731,speech,260,17,66109896.0,0.0,0.0,0.0,1020062848.0,140457600.0,1098885120.0,0.0,0.0,0.0,26492644.0,55779032.0,8959728.0,175931792.0,0.0,156930800.0,1
1789482154.8073118,speech,241,10,0.0,0.0,0.0,0.0,0.0,0.0,0.0,3542699.25,0.0,0.0,4085330.5,937008128.0,0.0,3586446336.0,69968088.0,1253934464.0,1
1789482154.873098,speech,241,5,0.0,0.0,0.0,0.0,244888400.0,0.0,0.0,116902704.0,0.0,0.0,0.0,0.0,536123072.0,381614880.0,0.0,0.0,1
1789482154.9223657,speech,41,8,0.0,0.0,0.0,0.0,113482320.0,25790448.0,1872674304.0,0.0,0.0,234626496.0,0.0,0.0,0.0,0.0,0.0,0.0,1
1789482156.236092,speech,273,13,0.0,0.0,78812672.0,728879616.0,0.0,0.0,0.0,658223.1875,1503873.375,238007.6875,762451.6875,256552.5625,0.0,0.0,5161441.0,7383042.5,1
1789482156.2943754,speech,273,7,0.0,0.0,502411552.0,0.0,2690753.75,19994096.0,0.0,0.0,0.0,0.0,0.0,0.0,0.0,117041.0,10907807.0,0.0,1
1789482156.3454885,speech,273,16,0.0,0.0,0.0,0.0,668723584.0,0.0,27930596.0,18041610.0,9445195.0,17011902.0,14052574.0,23015184.0,0.0,72990160.0,0.0,7775830.0,1
1789482156.3464704,speech,20,3,0.0,0.0,435317344.0,0.0,0.0,0.0,26353432.0,0.0,0.0,0.0,0.0,0.0,13031742.0,0.0,0.0,0.0,1
1789482156.4097455,speech,270,11,78256976.0,0.0,0.0,0.0,617583872.0,375235168.0,0.0,20718610.0,0.0,13635938.0,91748800.0,0.0,0.0,9309332.0,0.0,10482733.0,1
1789482156.4108014,speech,27,6,0.0,143377760.0,830969344.0,0.0,0.0,0.0,70504016.0,0.0,0.0,0.0,0.0,0.0,5077758.0,0.0,0.0,0.0,1
1789482156.4863713,speech,279,9,0.0,0.0,424493216.0,0.0,178351008.0,185582080.0,6932200.0,0.0,1812953.5,309032.375,0.0,0.0,61967.296875,0.0,0.0,0.0,1
1789482156.5531456,speech,279,4,0.0,0.0,0.0,31812692.0,42130188.0,0.0,0.0,0.0,0.0,0.0,0.0,436560.4375,0.0,0.0,0.0,0.0,1
1789482156.553796,speech,25,7,95111696.0,0.0,696623168.0,0.0,0.0,0.0,0.0,1397143.0,4876219.0,1692133.875,0.0,0.0,49458.0625,0.0,0.0,0.0,1
1789482156.6480315,speech,273,22,0.0,293696192.0,84682696.0,106597072.0,452114464.0,92105440.0,33128616.0,15666935.0,2786801.25,6339100.5,10201484.0,0.0,0.0,20504194.0,12055524.0,74757944.0,1
1789482156.7079587,speech,262,12,19970410.0,0.0,0.0,2686687744.0,5132840448.0,0.0,0.0,0.0,0.0,0.0,0.0,26770788.0,0.0,411443680.0,822588864.0,92209328.0,1
1789482156.7722118,speech,262,7,9655464.0,0.0,2111368.75,0.0,0.0,0.0,63802360.0,0.0,0.0,32692568.0,0.0,0.0,0.0,0.0,0.0,0.0,1
1789482156.8218696,speech,276,8,0.0,0.0,209710464.0,0.0,1194893312.0,3633087.0,205158080.0,0.0,0.0,0.0,0.0,0.0,1581111.0,1035605.6875,0.0,0.0,1
1789482156.8917022,speech,277,16,10023106.0,430057472.0,272806848.0,458532224.0,0.0,433636160.0,0.0,12069542.0,4286103.0,0.0,2144849.5,695152.9375,912083.25,0.0,2206071.5,0.0,1
1789482156.9565103,speech,275,8,925275008.0,0.0,204927360.0,0.0,0.0,0.0,0.0,0.0,0.0,3173043.5,0.0,0.0,0.0,3218628.0,2618995.75,0.0,1
1789482157.0209334,speech,279,14,0.0,88704896.0,5923021824.0,0.0,58259720.0,0.0,0.0,755371.625,0.0,4464610.0,4861185.0,0.0,0.0,3499911.75,5264828.0,1430419.75,1
1789482157.0855186,speech,266,23,437791104.0,160925744.0,4438180864.0,456072704.0,2138108288.0,22750766.0,92003096.0,0.0,32764190.0,60717168.0,58629916.0,0.0,258183008.0,789390208.0,16078538.0,13070310.0,1
1789482157.1524892,speech,290,10,0.0,0.0,0.0,17223368704.0,0.0,122194960.0,84054848.0,22456032.0,0.0,0.0,179961184.0,34920292.0,0.0,38693276.0,4100602.25,16344173.0,1
1789482157.3149009,speech,276,8,0.0,0.0,25451914.0,98334400.0,0.0,754433.0625,0.0,0.0,0.0,0.0,4089743.0,0.0,0.0,0.0,1554055.625,16698021.0,1
1789482157.3784337,speech,277,17,0.0,0.0,493385824.0,3331874304.0,4626331.0,46723364.0,7223266.5,7765802.5,11724220.0,1314148.125,11205934.0,0.0,0.0,0.0,9675920.0,12111468.0,1
1789482157.4444277,speech,277,3,0.0,0.0,0.0,0.0,0.0,0.0,0.0,0.0,0.0,0.0,0.0,0.0,0.0,0.0,3817918.0,368914.3125,1
1789482157.4452603,speech,356,9,0.0,0.0,626286976.0,527291648.0,4323747.0,0.0,0.0,3129263.0,482440.34375,983776.875,0.0,0.0,0.0,0.0,0.0,0.0,1
1789482157.49706,speech,277,6,0.0,0.0,35554280.0,63918336.0,0.0,0.0,460542.0,0.0,0.0,0.0,0.0,0.0,610938.375,0.0,237496.0625,1584061.875,1
1789482157.5478358,speech,271,29,0.0,0.0,0.0,688682624.0,217879072.0,35651812.0,64717992.0,40275552.0,30907142.0,64559208.0,26988960.0,45416260.0,20370206.0,28873180.0,6908308.5,9333985.0,1
1789482157.612001,speech,250,29,4402650624.0,0.0,9438924800.0,581338240.0,600195328.0,382681952.0,216360864.0,29420988.0,93883672.0,218895424.0,34918336.0,13266105.0,0.0,18980074.0,33251608.0,58192620.0,1
1789482157.677106,speech,250,19,663066496.0,390634720.0,0.0,1639489408.0,252320608.0,169575536.0,218913472.0,0.0,0.0,27331986.0,0.0,40821876.0,0.0,40558824.0,27528700.0,65819864.0,1
1789482157.7350833,speech,243,12,518546304.0,0.0,1001918272.0,0.0,0.0,0.0,25994388.0,0.0,0.0,11519269.0,0.0,55727596.0,9452841.0,15651775.0,38487108.0,305800704.0,1
1789482157.7980587,speech,242,10,0.0,0.0,24750900.0,0.0,80168760.0,291277984.0,122320784.0,0.0,0.0,20101604.0,0.0,0.0,16855212.0,17495160.0,41529876.0,95142520.0,1
1789482157.861283,speech,252,9,261592928.0,168596480.0,0.0,0.0,76475888.0,0.0,0.0,13464130.0,24333588.0,46094244.0,66482912.0,0.0,43915636.0,0.0,0.0,0.0,1
1789482157.9244483,speech,245,6,495560224.0,742667200.0,0.0,0.0,0.0,0.0,102128400.0,0.0,0.0,11134214.0,0.0,0.0,0.0,0.0,0.0,28255528.0,1
1789482157.9885528,speech,258,30,0.0,303279840.0,27527688.0,1176574208.0,714840448.0,623261696.0,1198140032.0,95774576.0,466884320.0,1103012864.0,558781184.0,1206610944.0,578309376.0,682632448.0,605755968.0,188921056.0,1
1789482158.052861,speech,253,24,0.0,0.0,61942912.0,1064361600.0,604954112.0,173871248.0,5714806784.0,872142208.0,1305835264.0,12730727424.0,773735040.0,4560282624.0,507118944.0,332682624.0,1956017024.0,510768896.0,1
1789482158.117785,speech,255,11,153685600.0,201511008.0,0.0,0.0,0.0,1011083648.0,440377472.0,0.0,0.0,332898080.0,3347679232.0,194353248.0,944555648.0,0.0,0.0,0.0,1
1789482158.4208038,speech,245,15,0.0,0.0,0.0,185619088.0,169952272.0,0.0,1693395.5,0.0,0.0,0.0,1505570.5,9287651.0,22411804.0,176522880.0,0.0,99200968.0,1
1789482158.480818,speech,247,21,0.0,0.0,86573584.0,96674392.0,2334980096.0,1217716096.0,2764534016.0,0.0,0.0,243856288.0,65218136.0,183968848.0,250788320.0,818621312.0,0.0,0.0,1
1789482158.5435483,speech,246,17,313309120.0,0.0,0.0,1557829504.0,1853096320.0,4797671424.0,1764580736.0,0.0,0.0,517792000.0,168634400.0,1007399168.0,69627584.0,0.0,0.0,235463664.0,1
1789482158.6074011,speech,244,12,0.0,0.0,125459352.0,0.0,3758328320.0,0.0,4282784256.0,112018152.0,0.0,0.0,795862144.0,1665560704.0,1473348352.0,5672225792.0,4293368.5,0.0,1
1789482158.6708834,speech,244,5,0.0,0.0,0.0,56717868.0,0.0,36671712.0,0.0,0.0,0.0,0.0,13404394.0,0.0,129177264.0,0.0,98931120.0,0.0,1
1789482158.7201724,speech,244,9,30743452.0,0.0,176411952.0,46943040.0,505850912.0,0.0,0.0,0.0,0.0,43778696.0,0.0,63738352.0,0.0,95030256.0,419899840.0,0.0,1
1789482158.7702029,speech,244,9,320511136.0,86510016.0,120349568.0,0.0,0.0,0.0,0.0,0.0,3166710.5,7021798.0,18766096.0,0.0,0.0,0.0,0.0,0.0,1
1789482158.815669,speech,249,4,501632768.0,0.0,267643408.0,0.0,0.0,0.0,0.0,0.0,0.0,0.0,0.0,4549692.0,0.0,0.0,0.0,0.0,1
1789482158.8795357,speech,249,3,0.0,0.0,0.0,43665124.0,25504816.0,0.0,0.0,0.0,0.0,0.0,0.0,0.0,0.0,0.0,0.0,6314550.0,1
1789482158.9246883,speech,246,3,219734496.0,0.0,0.0,0.0,0.0,0.0,0.0,0.0,0.0,0.0,0.0,0.0,283414.25,0.0,0.0,0.0,1
1789482159.054106,speech,254,16,272474304.0,205554368.0,432071616.0,277964864.0,30328134.0,44991020.0,208762656.0,20106796.0,0.0,14813170.0,1446548.5,428452.9375,0.0,0.0,0.0,0.0,1
1789482159.1134057,speech,253,14,210809632.0,0.0,0.0,0.0,33136234.0,13122708.0,218997760.0,177082512.0,0.0,2003138.75,0.0,727554.1875,638386.75,0.0,1216632.875,0.0,1
1789482159.1884584,speech,267,10,396991168.0,0.0,42277088.0,0.0,18110200.0,0.0,45698072.0,0.0,0.0,0.0,267306.1875,0.0,0.0,0.0,723840.5,0.0,1
1789482159.2531838,speech,267,6,0.0,0.0,0.0,0.0,0.0,0.0,0.0,0.0,0.0,2410338.0,0.0,1143905.375,825681.0,2662269.25,0.0,0.0,1
1789482159.2975042,speech,257,9,371107008.0,0.0,1381118.125,14982411.0,0.0,0.0,0.0,0.0,0.0,155524.96875,440293.3125,288442.0625,0.0,0.0,414009.21875,0.0,1
1789482159.3616128,speech,260,13,498047392.0,0.0,0.0,92256752.0,10671982.0,12183007.0,4520212.0,1137757.875,458011.15625,0.0,0.0,0.0,0.0,0.0,0.0,101231.15625,1
1789482159.425694,speech,251,19,206810400.0,0.0,0.0,1181512704.0,61250376.0,47377768.0,10927379.0,31320360.0,0.0,6830878.0,10611099.0,16351400.0,0.0,0.0,64783896.0,12396574.0,1
1789482159.4894347,speech,251,5,377766976.0,0.0,7667033.0,0.0,0.0,0.0,0.0,0.0,0.0,0.0,0.0,0.0,0.0,0.0,0.0,319450.875,1
1789482159.5383162,speech,251,10,4139816.5,384115136.0,0.0,0.0,0.0,0.0,206698.09375,0.0,0.0,2268777.5,0.0,1581791.5,254796.8125,0.0,1674895.0,1042923.25,1
1789482159.6245353,speech,250,5,0.0,0.0,0.0,0.0,4844790.0,7197080.5,660624.875,0.0,0.0,117467.5078125,0.0,0.0,0.0,0.0,0.0,0.0,1
1789482159.683703,speech,265,16,0.0,7060060.5,939504128.0,1109297.5,310175872.0,14225895.0,158866656.0,1097641.5,0.0,382797.8125,2097452.0,767021.5,646955.875,0.0,0.0,0.0,1
1789482159.7477384,speech,251,12,1554321408.0,146652496.0,11374613504.0,1132898.375,28841376.0,0.0,0.0,0.0,0.0,42410584.0,12859540.0,0.0,0.0,0.0,0.0,0.0,1
1789482162.4442985,speech,343,7,2542337.0,5548686.5,0.0,0.0,0.0,656038.625,0.0,0.0,0.0,165548.140625,352827.59375,472499.375,767733.75,0.0,0.0,0.0,1
1789482163.0127933,speech,84,17,64824784.0,0.0,0.0,0.0,0.0,284767232.0,954865408.0,71064912.0,1488594688.0,1135963392.0,30232056.0,83759064.0,0.0,0.0,7584169.5,0.0,1
1789482163.0653026,speech,80,19,0.0,0.0,0.0,0.0,529047584.0,0.0,281993920.0,10465553408.0,3028990464.0,3168231936.0,3347394304.0,390610912.0,1566097408.0,0.0,342535616.0,16783492.0,1
1789482163.1307936,speech,83,12,0.0,0.0,0.0,0.0,0.0,0.0,1872057856.0,0.0,6677532672.0,2375744768.0,2729740800.0,673027008.0,556665728.0,0.0,0.0,0.0,1
1789482163.2022302,speech,83,7,65892720.0,0.0,0.0,0.0,0.0,0.0,123440936.0,0.0,0.0,0.0,0.0,60819176.0,6548408.0,6333709.5,0.0,0.0,1
1789482163.3107703,speech,98,4,0.0,0.0,3148021504.0,659110912.0,0.0,0.0,0.0,0.0,0.0,0.0,0.0,0.0,0.0,0.0,0.0,0.0,1
1789482163.3747659,speech,77,4,0.0,202149968.0,20209868800.0,0.0,0.0,0.0,19146420.0,0.0,0.0,0.0,0.0,0.0,0.0,0.0,0.0,0.0,1
1789482163.4385056,speech,77,3,0.0,801305728.0,0.0,0.0,0.0,0.0,72787048.0,0.0,0.0,0.0,0.0,0.0,0.0,0.0,0.0,0.0,1
1789482163.4839213,speech,77,3,0.0,0.0,0.0,0.0,0.0,0.0,4476232.5,0.0,0.0,226414.953125,0.0,0.0,409078.1875,0.0,0.0,0.0,1
1789482163.5353384,speech,77,6,0.0,0.0,0.0,0.0,693065.125,0.0,0.0,0.0,0.0,0.0,439208.625,348016.375,0.0,156612.34375,0.0,0.0,1
1789482163.583643,speech,77,13,9834960.0,202299152.0,0.0,36079416.0,14071657.0,0.0,0.0,2501682.5,1272777.125,699585.5,319689.6875,197854.703125,0.0,428584.1875,0.0,216933.328125,1
1789482163.630766,speech,69,17,518431264.0,0.0,0.0,0.0,0.0,0.0,33400746.0,3928956.5,1655760.875,11233292.0,143849.8125,5424358.5,0.0,3620320.75,23227.6953125,4812558.0,1
1789482163.631763,speech,19,3,0.0,267509376.0,0.0,0.0,0.0,761352.0,0.0,0.0,163923.890625,0.0,0.0,0.0,0.0,0.0,0.0,0.0,1
1789482163.695473,speech,60,12,0.0,0.0,0.0,0.0,0.0,172724384.0,53524868.0,11705480.0,14542266.0,0.0,11166975.0,3037721.25,7241859.0,3824285.0,0.0,0.0,1
1789482163.7594633,speech,50,11,1069978880.0,701323904.0,2545235456.0,367965984.0,29202836.0,16385967.0,19816076.0,0.0,1433821.0,0.0,0.0,0.0,0.0,0.0,0.0,0.0,1
1789482163.8228211,speech,90,11,4700397568.0,0.0,0.0,154469216.0,0.0,0.0,0.0,0.0,6100769.5,7250072.5,0.0,0.0,619759.5,3251771.75,2692292.25,0.0,1
1789482163.8729868,speech,86,9,1398450048.0,0.0,0.0,0.0,0.0,0.0,28725390.0,0.0,8243922.0,736047.9375,1216669.5,0.0,3742444.75,0.0,0.0,0.0,1
1789482163.9378788,speech,86,6,0.0,95066864.0,0.0,0.0,0.0,0.0,0.0,2133011.5,8154914.0,0.0,6339194.5,0.0,1106710.75,0.0,0.0,0.0,1
1789482163.9383721,speech,51,13,0.0,0.0,0.0,73870272.0,0.0,9475311.0,54954512.0,2220704.5,3872252.5,575967.125,0.0,313847.375,3404803.0,0.0,1790471.625,0.0,1
1789482164.0019653,speech,94,9,0.0,0.0,6875009024.0,0.0,34183152.0,5815538.0,0.0,2518793.5,0.0,8428463.0,0.0,2426128.5,0.0,1752656.0,0.0,0.0,1
1789482164.6902318,speech,84,16,30053944.0,0.0,0.0,0.0,0.0,70499400.0,125681216.0,302062976.0,240233120.0,60545352.0,15899052.0,0.0,2419542.0,2951527.75,0.0,1972646.5,1
1789482164.7517915,speech,86,22,0.0,0.0,130558528.0,0.0,0.0,2984402944.0,649363968.0,10846663680.0,1944257536.0,4069071104.0,411106368.0,642775296.0,61984216.0,76621760.0,213925440.0,0.0,1
1789482164.8167262,speech,86,11,0.0,0.0,0.0,0.0,0.0,0.0,6123601408.0,0.0,786867520.0,14052171776.0,48273120.0,1686628608.0,0.0,0.0,0.0,0.0,1
1789482164.8669946,speech,88,16,987391040.0,0.0,0.0,0.0,691291648.0,943500672.0,14392879104.0,3836133376.0,19316142080.0,384976640.0,532867584.0,153255008.0,308298304.0,0.0,95351152.0,0.0,1
1789482164.9822896,speech,88,9,964879616.0,0.0,0.0,0.0,0.0,0.0,0.0,0.0,0.0,0.0,5720731.0,12528633.0,18805842.0,0.0,3921288.75,11987575.0,1
1789482165.0283031,speech,86,6,4687839744.0,0.0,0.0,0.0,9644588.0,0.0,61787348.0,8555679.0,0.0,0.0,2064137.75,7963789.0,0.0,0.0,0.0,0.0,1
1789482165.092904,speech,81,5,1462249088.0,0.0,0.0,0.0,0.0,0.0,48425092.0,0.0,10424916.0,0.0,0.0,3452098.5,0.0,0.0,0.0,0.0,1
1789482165.1582665,speech,81,3,0.0,0.0,0.0,0.0,518062.375,0.0,0.0,0.0,0.0,0.0,482809.1875,0.0,0.0,0.0,0.0,75445.2578125,1
1789482165.260781,speech,81,17,0.0,0.0,0.0,0.0,18549944.0,23271064.0,14264354.0,7597124.0,3936359.0,909597.3125,903006.25,1917254.875,0.0,1052333.875,34739.9765625,488582.03125,1
1789482165.3058724,speech,83,20,0.0,0.0,0.0,0.0,0.0,8476082.0,20567536.0,6624623.0,4631469.5,5989986.5,1563901.25,1985593.5,699571.6875,646078.375,0.0,0.0,1
1789482165.370605,speech,81,10,0.0,354570880.0,213117952.0,0.0,0.0,9996910.0,30014688.0,2184097.75,6521807.0,1145217.0,2002807.5,0.0,1090416.25,229282.84375,0.0,0.0,1
1789482165.436976,speech,25,6,345682976.0,0.0,185166784.0,0.0,0.0,0.0,1786262.625,0.0,0.0,496348.4375,746856.5,0.0,0.0,223832.34375,0.0,0.0,1
1789482165.500834,speech,78,7,0.0,0.0,346931456.0,0.0,0.0,0.0,12122898.0,3155729.0,698466.0,1585225.5,147448.109375,0.0,0.0,0.0,0.0,0.0,1
1789482165.5637531,speech,83,14,0.0,712983.875,10312274944.0,0.0,0.0,0.0,53565736.0,0.0,6043365.5,813249.0625,4233741.5,146556.875,959017.0,0.0,0.0,0.0,1
1789482165.6291275,speech,83,11,532030784.0,0.0,0.0,0.0,0.0,5932919.0,14316138.0,4405700.0,2195120.5,297687.03125,962492.5,0.0,0.0,0.0,0.0,0.0,1
1789482166.0823326,speech,70,10,0.0,0.0,0.0,0.0,305707936.0,109958912.0,8021256.5,2324804.0,5239722.0,1652050.625,728474.0,0.0,0.0,0.0,0.0,0.0,1
1789482166.1422756,speech,69,19,0.0,9806571.0,158234112.0,0.0,0.0,23968830.0,475603616.0,3921638.75,69510928.0,7912183.0,19872308.0,1560445.5,4241182.0,346534.59375,0.0,180672.078125,1
1789482166.2057137,speech,67,18,902443520.0,13223734.0,0.0,0.0,0.0,389809984.0,74481200.0,85778640.0,13386893.0,22930820.0,2353889.75,2035823.375,153324.90625,0.0,637334.125,2982847.0,1
1789482166.368558,speech,67,15,0.0,0.0,0.0,0.0,0.0,17437742.0,47350612.0,8335152.0,0.0,4851255.0,1333456.875,382228.84375,500853.9375,139050.9375,0.0,0.0,1
1789482166.4125888,speech,65,21,0.0,144876496.0,0.0,0.0,6420182528.0,7199292416.0,574250368.0,384123200.0,50520904.0,54120444.0,11668936.0,11273798.0,12280238.0,10172679.0,0.0,8035782.5,1
1789482166.4760191,speech,66,20,0.0,0.0,0.0,0.0,0.0,682475648.0,21027389440.0,3477599744.0,164082144.0,284110720.0,104141192.0,24983292.0,57222248.0,102669328.0,0.0,26108596.0,1
1789482166.5884798,speech,66,12,0.0,12875808.0,123930624.0,0.0,0.0,0.0,0.0,0.0,7742343.0,1565459.75,842710.0,148700.875,1838803.75,0.0,0.0,11636464.0,1
1789482166.6343615,speech,66,9,1483721856.0,0.0,0.0,0.0,0.0,0.0,0.0,0.0,5726593.0,745756.5625,1872676.875,479000.875,0.0,0.0,0.0,0.0,1
1789482166.6831987,speech,57,20,2460151296.0,473970496.0,668251264.0,0.0,28298086.0,5234209792.0,534323072.0,509802080.0,0.0,104505272.0,4556198.0,0.0,10353428.0,58332312.0,95997032.0,123569136.0,1
1789482166.7425032,speech,57,24,3273618176.0,0.0,0.0,0.0,2603079168.0,1635481472.0,844263168.0,24968670.0,111738592.0,35372600.0,114611400.0,50465504.0,49734448.0,183861760.0,0.0,299522528.0,1
1789482166.791585,speech,57,3,0.0,0.0,0.0,0.0,0.0,0.0,0.0,0.0,129506960.0,120690544.0,69610672.0,0.0,0.0,0.0,0.0,0.0,1
1789482166.836591,speech,55,8,0.0,0.0,0.0,0.0,0.0,0.0,0.0,14139174.0,18830070.0,61462704.0,0.0,6564607.5,2629283.25,0.0,1703890.5,0.0,1
1789482166.898975,speech,60,21,8938465280.0,126974928.0,89322072.0,0.0,102176104.0,42163856.0,205196128.0,75824800.0,130624656.0,122621136.0,36894436.0,13913880.0,0.0,5287721.0,0.0,0.0,1
1789482166.9614897,speech,60,22,111705424.0,0.0,0.0,0.0,92788848.0,47277596.0,338795872.0,100720824.0,51510068.0,121308816.0,23294060.0,65186024.0,181782608.0,210042496.0,8103916.5,611959.75,1
1789482167.0113008,speech,68,23,0.0,0.0,0.0,0.0,0.0,132618256.0,603941888.0,163364448.0,106350240.0,152578432.0,36699264.0,345994944.0,290584032.0,114932720.0,0.0,2506906.0,1
1789482167.1600237,speech,77,20,19043368.0,0.0,0.0,0.0,827177088.0,1754389888.0,444398720.0,2697463808.0,121080328.0,2103646720.0,65497192.0,270831424.0,46846368.0,2764698.0,0.0,0.0,1
1789482167.2196155,speech,76,19,0.0,0.0,0.0,0.0,6893570.0,5227533312.0,112203120.0,7815099904.0,1452989312.0,4046359552.0,3475489024.0,18074966.0,1125083136.0,22389126.0,0.0,0.0,1
1789482167.284022,speech,74,14,61065272.0,632581376.0,0.0,0.0,0.0,0.0,3750057728.0,23154390.0,4972163072.0,3336858112.0,0.0,275817120.0,0.0,0.0,0.0,24894228.0,1
1789482167.5389435,speech,74,15,0.0,0.0,2173401.5,0.0,0.0,0.0,0.0,9122230.0,1607560.75,1459963.125,1306591.625,861058.5625,671861.75,576283.375,125119.484375,0.0,1
1789482167.5849462,speech,77,15,1254555776.0,0.0,0.0,0.0,0.0,2390347.0,0.0,3986822.5,22660496.0,2734100.0,6387226.0,1904143.125,1687354.5,4574811.0,1355391.5,0.0,1
1789482167.6494987,speech,79,18,0.0,0.0,0.0,0.0,0.0,451280992.0,400621856.0,22428266.0,0.0,1555873.25,1348484.25,762911.125,1940735.75,2518821.0,439777.1875,0.0,1
1789482167.854302,speech,82,26,1036731776.0,17418496.0,83450944.0,0.0,0.0,947396480.0,471379456.0,2364784128.0,427880672.0,1614710400.0,88700536.0,304973120.0,10313380.0,122516656.0,1870185.75,36365156.0,1
1789482167.9136624,speech,83,20,0.0,0.0,183733280.0,0.0,0.0,373005856.0,1903714304.0,3362941184.0,5603236864.0,1995941376.0,1535051520.0,641270272.0,277918080.0,1011153.0,0.0,0.0,1
1789482167.9782078,speech,82,26,0.0,76753872.0,204368368.0,0.0,0.0,2938728448.0,3383117824.0,9086490624.0,5973435392.0,7976176640.0,1027549504.0,1215920896.0,379701984.0,292574752.0,47738440.0,0.0,1
1789482168.0423524,speech,82,10,0.0,0.0,0.0,0.0,0.0,0.0,1265739008.0,89920760.0,318010752.0,26616216.0,70437752.0,17076068.0,0.0,0.0,0.0,0.0,1
1789482168.2661657,speech,82,11,0.0,0.0,0.0,0.0,0.0,0.0,3310166.5,808164.625,0.0,1136445.0,0.0,914707.75,231588.359375,0.0,176682.65625,5178681.5,1
1789482168.3116467,speech,83,23,0.0,10461068.0,0.0,0.0,0.0,0.0,215297184.0,253743984.0,212574512.0,173301232.0,71460944.0,58195228.0,55693740.0,79969008.0,135224960.0,47410872.0,1
1789482168.3767836,speech,82,21,0.0,0.0,0.0,0.0,0.0,750081216.0,2175634432.0,5997719552.0,3765543168.0,1898919168.0,374718784.0,766017152.0,229984016.0,1280969600.0,388602720.0,0.0,1
1789482168.4402304,speech,82,4,0.0,0.0,0.0,0.0,0.0,0.0,6717628.0,0.0,0.0,0.0,0.0,4341191.5,0.0,9178884.0,8260149.0,0.0,1
1789482168.5830033,speech,82,26,0.0,0.0,39524960.0,0.0,1412064768.0,9737025536.0,14577440768.0,21923049472.0,4006339328.0,1361012224.0,64421596.0,975469568.0,387919712.0,1045274496.0,1906953856.0,1472060800.0,1
1789482168.6278756,speech,80,23,0.0,0.0,64501696.0,0.0,0.0,4319324672.0,21338736640.0,19811889152.0,9794937856.0,1849202944.0,820343168.0,4524583936.0,3022979840.0,2346408704.0,337200128.0,128398648.0,1
1789482168.6925323,speech,80,12,0.0,0.0,0.0,0.0,0.0,0.0,13219366912.0,3550878720.0,1345074560.0,1857755648.0,738904960.0,159463024.0,0.0,0.0,0.0,0.0,1
1789482168.7378812,speech,79,12,41300192.0,130386936.0,0.0,0.0,297826976.0,559335424.0,3629961472.0,0.0,357968384.0,0.0,0.0,7498289.0,12431451.0,0.0,0.0,3510054.0,1
1789482168.802397,speech,79,8,0.0,0.0,0.0,0.0,0.0,0.0,0.0,0.0,0.0,0.0,572035.125,16507066.0,0.0,1487883.875,1735737.5,1643499.875,1
1789482168.8991673,speech,77,9,47727724.0,0.0,0.0,0.0,1327786.125,0.0,0.0,0.0,0.0,0.0,673742.4375,127859.4921875,54225.25,453298.0,0.0,406974.9375,1
1789482169.009134,speech,57,12,2553101312.0,0.0,0.0,0.0,0.0,0.0,0.0,197260.1875,544965.1875,1597600.625,302837.0,1194684.125,74684.796875,0.0,0.0,383983.71875,1
1789482169.0717607,speech,65,5,152598960.0,0.0,0.0,0.0,0.0,36802920.0,4946503.5,0.0,0.0,0.0,9036920.0,0.0,0.0,0.0,0.0,0.0,1
1789482169.1348114,speech,92,8,1807342336.0,333427968.0,0.0,0.0,0.0,0.0,0.0,0.0,0.0,0.0,0.0,0.0,53001864.0,296353024.0,0.0,26896046.0,1
1789482169.1987708,speech,64,4,0.0,0.0,502043680.0,0.0,0.0,2362790144.0,0.0,0.0,0.0,95396416.0,0.0,0.0,0.0,0.0,0.0,0.0,1
1789482169.2638295,speech,65,7,0.0,0.0,0.0,0.0,0.0,526918400.0,0.0,103575520.0,0.0,93371856.0,90357992.0,46411356.0,0.0,0.0,0.0,0.0,1
1789482169.817058,speech,0,7,4178586.5,0.0,14960532.0,0.0,368141.625,0.0,67486.1171875,0.0,0.0,0.0,0.0,0.0,66771.9140625,0.0,0.0,0.0,1
1789482169.9112809,speech,342,6,0.0,0.0,68484400.0,0.0,198085.609375,196512.125,1233040.75,0.0,0.0,0.0,0.0,0.0,0.0,0.0,0.0,0.0,1
1789482170.0721247,speech,59,7,3014798.75,17369596.0,0.0,0.0,0.0,0.0,0.0,0.0,0.0,577906.5,0.0,0.0,0.0,0.0,53683.2421875,93412.359375,1
1789482170.0731869,speech,340,5,0.0,0.0,1099273.75,0.0,0.0,0.0,2490543.0,0.0,0.0,112164.078125,105384.03125,0.0,0.0,0.0,0.0,0.0,1
1789482170.2927523,speech,86,21,0.0,0.0,0.0,0.0,0.0,0.0,0.0,41670344.0,23388116.0,45507816.0,23148852.0,67053128.0,39486112.0,45048400.0,7964427.0,17194572.0,1
1789482170.3564086,speech,92,12,752125056.0,0.0,0.0,0.0,0.0,2075091.625,0.0,5038943.0,65085392.0,6883768.0,9527770.0,10975198.0,0.0,0.0,0.0,0.0,1
1789482170.421868,speech,93,19,0.0,0.0,0.0,0.0,0.0,115201592.0,648501376.0,105742608.0,171991936.0,63290712.0,41530964.0,28134140.0,13015500.0,2072393.75,11394754.0,0.0,1
1789482170.4853945,speech,79,20,0.0,0.0,0.0,0.0,0.0,96962664.0,13811829760.0,236719328.0,15396331520.0,13394461696.0,1399799168.0,2751883520.0,750630912.0,59749104.0,2746477824.0,4345338368.0,1
1789482170.5557497,speech,79,8,0.0,0.0,6600323.0,0.0,0.0,0.0,18680328.0,4551722.0,19780116.0,3725414.5,0.0,92017640.0,0.0,3638226.5,0.0,0.0,1
1789482170.7452707,speech,79,12,0.0,0.0,0.0,0.0,0.0,52203700.0,42184872.0,11620656.0,3315131.25,4589540.0,276414.1875,758108.8125,0.0,243420.625,0.0,503454.625,1
1789482170.7910833,speech,79,4,0.0,0.0,0.0,0.0,0.0,0.0,13113984.0,0.0,0.0,0.0,99063.75,109234.078125,0.0,0.0,0.0,0.0,1
1789482170.9242404,speech,81,23,373376384.0,0.0,0.0,0.0,0.0,491946496.0,1038323392.0,153083696.0,29027380.0,103597840.0,30548432.0,33892744.0,24629934.0,42676844.0,48629324.0,98166368.0,1
1789482170.9893003,speech,93,20,0.0,0.0,0.0,0.0,0.0,0.0,3333939200.0,3167004672.0,3664009728.0,1489013888.0,335285216.0,63839280.0,26657484.0,36346504.0,30293144.0,11209306.0,1
1789482171.0546913,speech,93,8,0.0,0.0,0.0,0.0,0.0,0.0,775739968.0,278748896.0,347784480.0,111218760.0,0.0,1922915.875,3308148.75,0.0,0.0,1527915.875,1
1789482171.1004949,speech,93,4,0.0,0.0,0.0,0.0,0.0,0.0,0.0,0.0,0.0,0.0,0.0,242534.34375,0.0,0.0,364604.5,462668.6875,1
1789482171.158725,speech,93,4,10358166.0,0.0,0.0,0.0,0.0,0.0,0.0,0.0,0.0,0.0,0.0,0.0,0.0,68298.4921875,340283.71875,827395.0,1
1789482171.2043312,speech,75,16,0.0,0.0,0.0,0.0,0.0,0.0,13906522.0,2294284.75,5619598.0,0.0,1217046.125,6033296.5,1867752.75,994447.625,1688062.75,3412402.75,1
1789482171.3370216,speech,91,22,1456985088.0,0.0,0.0,0.0,0.0,0.0,0.0,5604145152.0,1027441152.0,995477888.0,543953408.0,1143655936.0,1613816192.0,1432990208.0,1184946432.0,1322208640.0,1
1789482171.3966696,speech,91,5,0.0,0.0,0.0,0.0,0.0,0.0,72670192.0,0.0,72236752.0,242599136.0,60325504.0,0.0,0.0,0.0,0.0,0.0,1
1789482171.653756,speech,91,3,0.0,0.0,0.0,0.0,0.0,0.0,1383902.0,258736.515625,0.0,0.0,0.0,0.0,0.0,0.0,0.0,0.0,1
1789482171.74804,speech,87,16,0.0,0.0,0.0,0.0,0.0,0.0,0.0,12235337.0,45512720.0,523611.0,36305496.0,17043432.0,6701341.5,11832764.0,1947912.375,16028652.0,1
1789482171.811845,speech,88,13,0.0,0.0,0.0,0.0,0.0,0.0,0.0,0.0,0.0,258111744.0,1676927744.0,1061210176.0,1274219776.0,783499904.0,268822144.0,1187971840.0,1
1789482171.8761873,speech,85,15,7225037.0,0.0,0.0,0.0,0.0,0.0,2270343168.0,0.0,0.0,0.0,0.0,2024115328.0,94828640.0,913934080.0,1240953600.0,620802880.0,1
1789482172.2699738,speech,81,10,0.0,0.0,0.0,0.0,158279.21875,0.0,363785.25,1715225.125,0.0,2034694.125,0.0,768328.3125,951196.375,714111.375,0.0,190038.578125,1
1789482172.336335,speech,44,8,63898480.0,0.0,0.0,0.0,0.0,0.0,0.0,5605196.0,193133.96875,0.0,0.0,0.0,677213.875,1266703.75,0.0,160075.09375,1
1789482172.3370624,speech,159,3,51209648.0,12869038.0,0.0,0.0,887391.3125,0.0,0.0,0.0,0.0,0.0,0.0,0.0,0.0,0.0,0.0,0.0,1
1789482172.4063146,speech,90,7,0.0,0.0,0.0,0.0,0.0,98706752.0,0.0,0.0,178512832.0,0.0,2957811.0,14640408.0,0.0,246406.359375,0.0,0.0,1
1789482172.4693851,speech,94,12,0.0,0.0,0.0,0.0,921696.125,529212000.0,0.0,10750060.0,150397024.0,6321150.5,10325298.0,7733087.0,1024352.25,2541506.0,0.0,802288.625,1
1789482172.5345874,speech,81,8,45446344.0,0.0,0.0,0.0,0.0,0.0,1795547.0,0.0,0.0,17007096.0,0.0,0.0,0.0,1588212.0,0.0,4828428.5,1
1789482172.600693,speech,81,5,0.0,0.0,0.0,0.0,0.0,0.0,0.0,1256953.125,0.0,0.0,0.0,435732.59375,0.0,2829452.5,0.0,5139818.0,1
1789482172.6577835,speech,80,11,0.0,0.0,0.0,0.0,0.0,0.0,28806570.0,0.0,12537202.0,39538408.0,0.0,37180388.0,0.0,106138232.0,4745702.0,340784864.0,1
1789482172.7220814,speech,80,8,0.0,0.0,0.0,0.0,0.0,0.0,0.0,0.0,131397640.0,0.0,0.0,3057578.75,11654116.0,0.0,26723572.0,25333184.0,1
1789482172.7727258,speech,340,4,0.0,0.0,359133760.0,0.0,5787290.0,0.0,0.0,0.0,0.0,1211597.5,0.0,0.0,0.0,0.0,0.0,0.0,1
1789482172.8308342,speech,86,12,0.0,0.0,0.0,0.0,11975143.0,0.0,11395657.0,0.0,1245349.25,0.0,0.0,34768700.0,573899.0,8080998.0,586643.9375,1185289.0,1
1789482172.8978539,speech,72,5,0.0,0.0,0.0,0.0,0.0,0.0,0.0,0.0,0.0,0.0,0.0,0.0,0.0,748049.375,9006455.0,17440428.0,1
1789482172.963478,speech,76,6,0.0,0.0,0.0,0.0,0.0,0.0,0.0,0.0,1579634.75,0.0,179018.828125,0.0,0.0,4989096.0,0.0,45847384.0,1
1789482173.0281222,speech,80,5,77316376.0,0.0,0.0,0.0,58698592.0,0.0,0.0,0.0,0.0,0.0,0.0,131017.2109375,0.0,0.0,3481962.75,6534699.0,1
1789482173.0927086,speech,73,11,0.0,0.0,0.0,0.0,0.0,65966564.0,192972864.0,0.0,0.0,0.0,1228549.0,4376930.0,0.0,5291388.0,13032054.0,4875096.0,1
1789482173.774506,speech,99,19,0.0,0.0,18153444.0,0.0,0.0,0.0,0.0,23134356.0,935233472.0,2229340160.0,4859132.0,249674992.0,24508468.0,25491826.0,23946080.0,36390064.0,1
1789482173.8384845,speech,100,11,0.0,0.0,0.0,0.0,0.0,0.0,4142846976.0,2154312192.0,0.0,583449280.0,2684406.25,242779776.0,0.0,0.0,0.0,0.0,1
1789482173.9032996,speech,100,6,0.0,0.0,0.0,0.0,0.0,0.0,4661193.5,38165504.0,0.0,36026312.0,13508462.0,0.0,884388.125,0.0,0.0,394423.9375,1
1789482173.9482245,speech,100,10,0.0,0.0,0.0,0.0,0.0,0.0,0.0,1247052672.0,2042821888.0,5406392.5,206229152.0,9217352.0,31779326.0,0.0,0.0,0.0,1
1789482173.9934964,speech,99,11,838703744.0,33867548.0,0.0,0.0,0.0,0.0,0.0,0.0,0.0,9865664512.0,5862733.5,1019348096.0,0.0,0.0,0.0,41691576.0,1
1789482174.057252,speech,108,11,0.0,0.0,0.0,28745090.0,0.0,0.0,2151838208.0,0.0,0.0,7022055424.0,54130816.0,57172528.0,0.0,0.0,0.0,125190192.0,1
1789482174.122131,speech,99,6,0.0,0.0,0.0,0.0,0.0,0.0,268226080.0,0.0,33668848.0,0.0,3309844.25,103053296.0,1028095.75,0.0,0.0,0.0,1
1789482174.1870656,speech,99,4,10060392.0,0.0,0.0,0.0,55571360.0,0.0,30194866.0,0.0,0.0,0.0,0.0,0.0,0.0,0.0,0.0,0.0,1
1789482174.2370806,speech,99,7,0.0,0.0,0.0,0.0,0.0,0.0,0.0,52221548.0,3124324.5,12799914.0,0.0,0.0,302714.59375,380056.4375,0.0,0.0,1
1789482174.3128204,speech,99,5,57986216.0,0.0,0.0,0.0,0.0,0.0,0.0,0.0,0.0,0.0,743048.0,0.0,296163.375,0.0,0.0,0.0,1
1789482174.3572288,speech,93,21,0.0,0.0,0.0,0.0,0.0,0.0,0.0,280299584.0,102506104.0,237382832.0,74822432.0,318773824.0,278053312.0,233798752.0,49935328.0,7042803.5,1
1789482174.421852,speech,95,11,630605056.0,0.0,0.0,0.0,0.0,0.0,1575119872.0,75629512.0,773971840.0,21301047296.0,0.0,0.0,0.0,1039695104.0,4087033.5,3674833920.0,1
1789482174.4863434,speech,95,8,0.0,0.0,0.0,0.0,10715070.0,0.0,18470366.0,0.0,51538196.0,0.0,0.0,627041088.0,0.0,84332440.0,20649254.0,34933188.0,1
1789482175.08431,speech,317,6,0.0,0.0,453717.40625,0.0,0.0,0.0,408064.125,0.0,0.0,0.0,98137.96875,0.0,0.0,0.0,243719.828125,0.0,1
1789482175.1441426,speech,358,6,0.0,548654.5625,487133.3125,0.0,219948.046875,0.0,395270.375,0.0,0.0,42673.4296875,50776.93359375,0.0,0.0,0.0,0.0,0.0,1
1789482175.2072012,speech,350,7,0.0,0.0,0.0,9788032.0,0.0,4837073.5,5493294.5,4388917.0,0.0,0.0,0.0,1577029.0,1751272.875,1271293.25,0.0,0.0,1
1789482175.2733653,speech,172,6,0.0,0.0,0.0,9077197.0,15508412.0,0.0,0.0,3740951.5,0.0,0.0,0.0,1967432.875,0.0,0.0,0.0,1116145.0,1
1789482175.274099,speech,340,5,0.0,0.0,0.0,0.0,0.0,0.0,6740078.0,0.0,3567348.0,0.0,0.0,0.0,0.0,1926979.75,1513222.625,1501518.75,1
1789482176.432698,speech,61,8,0.0,0.0,0.0,0.0,0.0,517270432.0,55829144.0,0.0,0.0,0.0,0.0,0.0,3241063.75,0.0,2026614.75,8438123.0,1
1789482176.4853208,speech,61,3,0.0,0.0,0.0,3684672.0,0.0,0.0,0.0,0.0,0.0,0.0,235100.421875,0.0,0.0,0.0,0.0,347738.25,1
1789482176.536837,speech,306,5,188702832.0,0.0,0.0,0.0,0.0,0.0,0.0,0.0,0.0,128520.3046875,0.0,0.0,0.0,599445.75,0.0,0.0,1
1789482176.5375588,speech,10,11,0.0,0.0,10259906.0,81194864.0,731854.125,0.0,429358.40625,0.0,1559032.5,0.0,1706156.125,0.0,95352.9609375,0.0,156141.640625,167723.5625,1
1789482176.6115944,speech,65,14,0.0,0.0,101794448.0,2768704000.0,0.0,489619168.0,14425150.0,8637805.0,116129656.0,17350300.0,0.0,7964926.0,256408224.0,24250252.0,0.0,37412504.0,1
1789482176.6823616,speech,80,15,41005375488.0,0.0,3576338432.0,0.0,104729136.0,290139520.0,17066960.0,231991872.0,0.0,3535862.0,0.0,15069803.0,4434987.0,1865638.625,1800400.25,0.0,1
1789482176.7461784,speech,68,22,5836898.0,0.0,348609920.0,27895083008.0,899916800.0,3330213632.0,1321592064.0,156702064.0,544917376.0,0.0,0.0,408792.78125,20060050.0,16889972.0,10401080.0,226710768.0,1
1789482176.8093424,speech,59,20,0.0,0.0,5172344832.0,17704857600.0,660505600.0,21543573504.0,407793248.0,822829184.0,317713728.0,142280352.0,0.0,2543279.5,140615504.0,297112.0625,100869632.0,22931018.0,1
1789482176.877889,speech,58,15,8793698.0,0.0,3351791616.0,3846642944.0,39131912.0,0.0,0.0,42238448.0,0.0,511973.375,0.0,4800793.0,13069473.0,504764.25,18338544.0,819576.75,1
1789482176.939326,speech,61,28,0.0,0.0,51634236.0,6594283520.0,1671079680.0,49260605440.0,8163500032.0,21964783616.0,10797502464.0,1694638592.0,1517693312.0,389083712.0,1578808960.0,55626640.0,2041796096.0,70803768.0,1
1789482176.9975848,speech,64,31,4940714496.0,938651968.0,2305561856.0,1497760512.0,8332803072.0,31541372928.0,2138238464.0,39760240640.0,149894464.0,4246167040.0,534257600.0,2735265792.0,2145358720.0,1026297216.0,2661468160.0,51886168.0,1
1789482177.0601573,speech,62,15,3482509056.0,1145465728.0,0.0,0.0,48462184.0,0.0,18036044.0,76899552.0,358555.40625,40643936.0,13720610.0,0.0,0.0,0.0,0.0,0.0,1
1789482177.123232,speech,65,25,1438863232.0,233647456.0,659911424.0,444973152.0,1941292672.0,4928271872.0,36064144.0,984695296.0,15266814.0,175889392.0,11810640.0,53979744.0,24815484.0,9729972.0,19449790.0,0.0,1
1789482177.186596,speech,65,15,858364416.0,20448386.0,394266304.0,0.0,16091306.0,137939104.0,14808701.0,36692084.0,972188.0625,990847.0625,0.0,0.0,0.0,0.0,0.0,0.0,1
1789482177.2354362,speech,65,4,0.0,146329056.0,69098944.0,0.0,0.0,43340200.0,0.0,0.0,0.0,0.0,0.0,0.0,0.0,0.0,0.0,0.0,1
1789482177.3185189,speech,64,39,1699524224.0,792481600.0,1275476608.0,657822208.0,8361904128.0,2822260736.0,6126762496.0,4958106624.0,474989920.0,2944532992.0,249208096.0,1229462272.0,107139640.0,1020667008.0,62303640.0,1195320064.0,1
1789482177.3767605,speech,65,33,0.0,995304384.0,685437824.0,2952657920.0,1329569792.0,13872165888.0,6712384512.0,15837918208.0,3202284032.0,9599143936.0,2113347968.0,6185104384.0,5535744000.0,5880689664.0,4364976640.0,2027541120.0,1
1789482177.4391282,speech,64,13,313618944.0,0.0,5741516288.0,0.0,22267082752.0,745969536.0,4132219904.0,0.0,221354464.0,0.0,0.0,0.0,0.0,0.0,0.0,0.0,1
1789482177.5018322,speech,64,5,0.0,0.0,0.0,21189488.0,60328812.0,36167696.0,0.0,0.0,19411724.0,0.0,1360057.5,0.0,0.0,0.0,0.0,0.0,1
1789482177.549807,speech,64,4,0.0,0.0,0.0,0.0,0.0,0.0,0.0,0.0,0.0,0.0,1181373.5,3040229.0,0.0,1411506.125,0.0,2311341.0,1
1789482177.5942912,speech,65,23,3788453.5,568713600.0,9575179.0,219840048.0,544024832.0,0.0,811403008.0,0.0,65522124.0,188331776.0,0.0,11050064.0,1693709.5,7045751.0,58978944.0,8717046.0,1
1789482177.6572301,speech,66,19,331135296.0,1002616448.0,3503279104.0,328211200.0,421048832.0,38255148.0,27843596.0,4267510.5,0.0,1875043.375,181553.4375,0.0,0.0,1351778.5,0.0,4190013.0,1
1789482177.7204247,speech,66,4,0.0,0.0,39270016.0,40198420.0,0.0,0.0,940949.5,0.0,0.0,0.0,0.0,0.0,0.0,869823.375,0.0,0.0,1
1789482177.7704399,speech,66,18,0.0,0.0,0.0,0.0,134992912.0,111786952.0,575388864.0,367914656.0,658992768.0,723251584.0,21575460.0,0.0,11700844.0,8529622.0,41856868.0,24738900.0,1
1789482177.8283427,speech,66,8,36004864.0,0.0,0.0,0.0,45954192.0,0.0,87921040.0,2549932.5,2825778.5,0.0,0.0,720616.25,0.0,0.0,0.0,0.0,1
1789482177.873686,speech,66,4,15564123.0,0.0,1249489.5,0.0,0.0,7043110.0,0.0,2937458.0,0.0,0.0,0.0,0.0,0.0,0.0,0.0,0.0,1
1789482177.9842563,speech,67,35,363954688.0,392537376.0,277722944.0,734438528.0,1080462976.0,910330752.0,579365632.0,222925440.0,58055480.0,39962088.0,18537418.0,4629421.0,5820840.0,0.0,2920723.0,2366187.5,1
1789482178.043242,speech,65,27,4241800192.0,0.0,3110185216.0,0.0,21971267584.0,150400480.0,2588305920.0,62990680.0,300439616.0,395527744.0,54119912.0,118379032.0,13006667.0,26344468.0,13724491.0,55130800.0,1
1789482178.141938,speech,67,37,3504142336.0,0.0,3890545920.0,139163984.0,42531598336.0,2608581120.0,25811103744.0,692940800.0,1633283712.0,204136896.0,605201024.0,149846384.0,568968576.0,181888256.0,594108032.0,66618096.0,1
1789482178.200576,speech,68,30,0.0,978794496.0,591691200.0,3195239936.0,653938368.0,14439413760.0,4039429632.0,25199564800.0,2581466880.0,14955911168.0,1034553856.0,3273466112.0,930683520.0,700996288.0,2540578304.0,881166912.0,1
1789482178.264342,speech,68,28,2025867008.0,626763648.0,0.0,159281792.0,1146119424.0,1043105408.0,3535791872.0,339814080.0,5778337280.0,2970523392.0,2028791552.0,889219200.0,652489408.0,828329920.0,240331040.0,2288017408.0,1
1789482178.3136709,speech,68,22,0.0,261306080.0,0.0,0.0,0.0,526180800.0,1522898816.0,335815200.0,1899772928.0,1523758464.0,253666944.0,514051488.0,320110752.0,687610944.0,204525664.0,970545600.0,1
1789482178.3587308,speech,69,11,0.0,339899456.0,69972912.0,84958336.0,0.0,15037546.0,84310952.0,0.0,0.0,23128576.0,0.0,2506096.5,0.0,3756560.75,5255423.0,0.0,1
1789482178.42231,speech,69,3,0.0,0.0,0.0,9937738.0,2512094.5,0.0,9035559.0,0.0,0.0,0.0,0.0,0.0,0.0,0.0,0.0,0.0,1
1789482178.4908915,speech,69,17,72921304.0,290966016.0,1770203.625,282826112.0,35131456.0,48534740.0,121833664.0,0.0,34367176.0,2582515.5,778398.375,0.0,0.0,0.0,107132.40625,197365.78125,1
1789482178.5358434,speech,57,14,1612327552.0,3026289152.0,204440896.0,1731894272.0,0.0,14214008.0,32536272.0,0.0,12067796.0,0.0,2368706.0,3887512.0,0.0,0.0,0.0,0.0,1
1789482178.6492858,speech,67,18,626704320.0,2875213824.0,534201312.0,37868552.0,25643346.0,0.0,1153826.125,1164956.5,0.0,0.0,0.0,0.0,230423.390625,68290.140625,198951.90625,260846.0,1
1789482178.7090764,speech,72,20,0.0,0.0,1412513664.0,37589068.0,419788032.0,1441462.625,11771350.0,1310616.125,3636416.75,0.0,0.0,861581.375,1203403.75,750248.5625,1328045.625,292730.25,1
1789482178.77424,speech,72,3,439060416.0,0.0,0.0,0.0,5654987.0,0.0,0.0,0.0,184269.53125,0.0,0.0,0.0,0.0,0.0,0.0,0.0,1
1789482178.8226976,speech,48,6,449479680.0,264199712.0,0.0,0.0,0.0,0.0,0.0,0.0,0.0,0.0,4143511.75,0.0,2208417.25,2134092.5,2458258.5,0.0,1
1789482179.3769352,speech,68,32,0.0,274725056.0,750416128.0,388181824.0,317011648.0,44317836.0,47167624.0,22628164.0,31374574.0,28216136.0,29286596.0,26567860.0,9680114.0,8083397.0,2057593.375,1711820.75,1
1789482179.4344451,speech,74,28,9513048064.0,0.0,9729932288.0,8922318848.0,15028683776.0,176882565120.0,889160832.0,49544036352.0,7537726464.0,2724197120.0,919109312.0,2560902400.0,4406668800.0,1277145984.0,24497053696.0,642497408.0,1
1789482179.4976676,speech,73,34,12060614656.0,1106417024.0,12161179648.0,7396399104.0,17437861888.0,64217309184.0,586183232.0,7101793280.0,39774984.0,4349125632.0,792803456.0,3976587776.0,1930169600.0,52036220.0,0.0,30031076.0,1
1789482179.5612774,speech,74,11,1094157824.0,11079711.0,42236884.0,0.0,491033376.0,2753833728.0,6220985.5,383618944.0,0.0,0.0,0.0,22018900.0,0.0,0.0,0.0,268464.6875,1
1789482179.6308148,speech,71,27,9639778304.0,0.0,19110662144.0,9360605184.0,355480416.0,631584192.0,25459882.0,191694336.0,0.0,51799904.0,2911318.75,169359808.0,54478328.0,168768768.0,417861952.0,7841324.5,1
1789482179.693891,speech,68,21,107820856.0,0.0,122301054976.0,48729546752.0,231488576.0,230143424.0,86658280.0,267919008.0,0.0,13416150.0,0.0,119445320.0,0.0,31679132.0,15434786.0,4463156.5,1
1789482179.7571108,speech,68,19,0.0,46225136.0,27161858048.0,93628144.0,388993088.0,0.0,48542984.0,0.0,2112933.5,28397034.0,331478.8125,2972554.5,0.0,10352302.0,0.0,38056452.0,1
1789482179.807183,speech,76,30,6381957120.0,370369024.0,47527792640.0,19293691904.0,1921683840.0,220428928.0,361800032.0,149662880.0,15386035.0,145983584.0,0.0,199143472.0,0.0,1343736064.0,4311050.0,133550640.0,1
1789482179.8710172,speech,76,33,4453735424.0,0.0,2852376576.0,21465108.0,32829294592.0,255078240.0,44887220224.0,269645952.0,1361274112.0,735056640.0,1073227520.0,624463808.0,4226517504.0,1787915136.0,3086523392.0,1862165760.0,1
1789482179.9204698,speech,76,5,0.0,7987243.0,0.0,0.0,0.0,0.0,0.0,0.0,0.0,204482912.0,0.0,0.0,0.0,0.0,0.0,36427196.0,1
1789482179.9663806,speech,76,12,5046998528.0,59437680.0,0.0,0.0,194782464.0,0.0,0.0,4387819.0,0.0,54112048.0,0.0,661845.5625,0.0,5127707.0,0.0,0.0,1
1789482180.0163176,speech,76,19,2104103552.0,629128064.0,352715520.0,358681152.0,358738368.0,38797000.0,0.0,75753096.0,34263852.0,32138028.0,0.0,5471568.0,0.0,4899968.5,1253645.25,0.0,1
1789482180.0622635,speech,79,26,0.0,0.0,109009232.0,53193310208.0,5688596992.0,1651643904.0,2172669440.0,171687936.0,6672609280.0,1528198272.0,34798532.0,73251520.0,337386.28125,58217796.0,1100173.5,4077071.5,1
1789482180.127361,speech,79,4,390227616.0,0.0,0.0,147444336.0,0.0,0.0,0.0,6917775.5,0.0,0.0,0.0,0.0,0.0,0.0,0.0,0.0,1
1789482180.2315273,speech,74,37,96945392.0,2150109696.0,2502211072.0,1888954112.0,2440507392.0,409445408.0,132729872.0,37587468.0,57459296.0,66000444.0,24619344.0,386018464.0,129329840.0,28982134.0,6480168.0,9809601.0,1
1789482180.29581,speech,75,29,5279866880.0,0.0,3296890368.0,441031456.0,9744111616.0,4471950848.0,9130660864.0,15105295360.0,153309200.0,4284729344.0,14861962.0,2307749376.0,11795728.0,2597480960.0,109825752.0,3659549184.0,1
1789482180.3600483,speech,74,19,42879264.0,0.0,220235456.0,108431760.0,762642112.0,1130825984.0,236458928.0,1091838976.0,0.0,632253312.0,31008750.0,77321040.0,11474303.0,0.0,8416690.0,0.0,1
1789482180.423845,speech,73,25,612699648.0,794089088.0,0.0,97379160.0,0.0,2125555328.0,278175168.0,563252992.0,610456384.0,10759792.0,207153936.0,3351479.0,30083866.0,16694133.0,0.0,33480416.0,1
1789482180.4879096,speech,71,32,3124685312.0,0.0,1404928896.0,385347392.0,4410748928.0,2994359808.0,3193007360.0,5692817408.0,14755068.0,6874264576.0,7640258.0,3120066304.0,55884792.0,1055050560.0,81932032.0,417325856.0,1
1789482180.5525656,speech,68,25,5261271040.0,100702736.0,1132263936.0,117875416.0,6723714048.0,1201697664.0,8603771904.0,2094940544.0,423431488.0,0.0,0.0,563095168.0,6321891.5,197697824.0,3167644.0,554332416.0,1
1789482180.6169071,speech,67,23,2430576896.0,112619984.0,7863324160.0,106050320.0,1495952896.0,3377655.0,13735580.0,0.0,0.0,0.0,5424586.5,0.0,7970162.0,18087064.0,17148768.0,67115472.0,1
1789482180.680932,speech,67,4,222141248.0,0.0,0.0,12761784.0,0.0,0.0,0.0,0.0,0.0,0.0,0.0,0.0,0.0,0.0,0.0,0.0,1
1789482180.7259996,speech,58,38,1555414656.0,144168992.0,7383805952.0,624237696.0,9608750080.0,6095539200.0,1939616640.0,1182470912.0,232108320.0,652227328.0,59135912.0,458997376.0,315095712.0,700094080.0,103355360.0,941023616.0,1
1789482180.7895632,speech,58,19,133061064.0,0.0,0.0,274867392.0,147978848.0,0.0,338531264.0,446381248.0,61140580.0,35006656.0,43399352.0,40947868.0,0.0,18724706.0,76822832.0,39818104.0,1
1789482180.8381023,speech,58,3,0.0,0.0,18984852.0,0.0,0.0,0.0,0.0,0.0,2874858.0,0.0,0.0,0.0,0.0,0.0,0.0,6288426.5,1
1789482180.884189,speech,53,29,877033728.0,550247040.0,1020526144.0,956282880.0,455315968.0,77757224.0,19294080.0,18007396.0,35381296.0,19621212.0,30384612.0,47872724.0,15011913.0,23710310.0,0.0,0.0,1
1789482180.945961,speech,53,31,4542105600.0,5855266.0,1128217600.0,209478336.0,6770144256.0,1896438912.0,10109370368.0,8207780352.0,266231088.0,46430953472.0,26179400.0,3463537920.0,16341924.0,5788135424.0,44788952.0,7346567680.0,1
1789482180.995312,speech,46,28,2232022016.0,74153040.0,1715738624.0,0.0,8344192000.0,1275063552.0,21672687616.0,6307884032.0,2791812608.0,51678392320.0,42265744.0,4027472384.0,13679575.0,3545865728.0,5517907.5,6509012480.0,1
1789482181.0562146,speech,48,30,4964899840.0,167680096.0,1503643904.0,217461568.0,12848476160.0,3988685824.0,15043549184.0,9258467328.0,110299344.0,7317315584.0,4544000.5,1230321408.0,0.0,1343242496.0,21157236.0,2515739136.0,1
1789482181.114007,speech,48,23,448491008.0,0.0,6027721728.0,256182832.0,18602727424.0,510342528.0,3387986688.0,814692352.0,0.0,0.0,7935738.5,0.0,37883484.0,814870720.0,38605416.0,660004480.0,1
1789482181.1640723,speech,45,27,0.0,696653184.0,1168815360.0,6269533184.0,4089377024.0,3366109696.0,843803200.0,29508104.0,51475840.0,17295014.0,13023804.0,105529856.0,92174376.0,206634192.0,116334112.0,162650464.0,1
1789482181.2254095,speech,37,34,1532633344.0,620818752.0,1445679616.0,711904256.0,8248366592.0,9868600320.0,1278603648.0,426953600.0,34343184.0,622334208.0,36055296.0,244311376.0,33243232.0,447262336.0,300051264.0,329502368.0,1
1789482181.2865984,speech,37,3,0.0,0.0,0.0,0.0,0.0,98584384.0,40742796.0,0.0,0.0,0.0,0.0,0.0,0.0,0.0,0.0,0.0,1
1789482181.3821929,speech,43,21,22980624384.0,2392455936.0,17611816960.0,6614433792.0,205899520.0,408275968.0,18895106.0,25833720.0,10279674.0,69766832.0,0.0,34488736.0,11457039.0,40175968.0,1496845.75,20078852.0,1
1789482181.4427981,speech,23,16,67759636480.0,3355355648.0,0.0,0.0,22786334.0,0.0,66578780.0,84914736.0,10409630.0,108487472.0,0.0,37667928.0,0.0,47303712.0,5347661.5,0.0,1
1789482181.5042398,speech,26,10,45760532480.0,0.0,1568367744.0,0.0,36111964.0,0.0,43443720.0,63364800.0,0.0,34110216.0,0.0,177932640.0,0.0,0.0,0.0,0.0,1
1789482181.567088,speech,26,17,8765368320.0,0.0,0.0,0.0,42507240.0,24830750.0,47331648.0,22455520.0,9529963.0,21304268.0,103559.28125,0.0,0.0,0.0,763257.0,0.0,1
1789482181.6240675,speech,26,13,0.0,37939024.0,8484036.0,705343.25,0.0,0.0,0.0,885857.6875,0.0,158722.875,144972.03125,749139.875,97343.3515625,828844.25,0.0,0.0,1
1789482181.6699781,speech,34,37,606898560.0,1193384192.0,3031958528.0,7410233856.0,4934362112.0,1766861440.0,1043432192.0,276922144.0,26739376.0,130353928.0,106632152.0,257726464.0,844441984.0,368059232.0,62226372.0,194190240.0,1
1789482181.7322903,speech,33,33,3257707520.0,252141984.0,3194220800.0,2919587072.0,17234589696.0,12990251008.0,18504816640.0,2920829952.0,1913903744.0,701139200.0,575235456.0,641990144.0,450427264.0,272008128.0,220282064.0,677301376.0,1
1789482181.7952754,speech,36,29,4809062912.0,0.0,3662182912.0,0.0,29405616128.0,8287500800.0,12360222720.0,4563341824.0,2097157376.0,1833639168.0,0.0,1038207552.0,85778200.0,1006185536.0,406457856.0,1420207488.0,1
1789482181.858021,speech,33,31,787312896.0,0.0,2195149568.0,0.0,7104825344.0,995086976.0,10848227328.0,1218259200.0,6799462400.0,4798956544.0,1201859200.0,1419214464.0,1825933440.0,1558007168.0,2089290496.0,1788516352.0,1
1789482181.9204614,speech,34,6,2126586496.0,0.0,367158080.0,0.0,0.0,0.0,0.0,0.0,0.0,0.0,26861682.0,0.0,0.0,0.0,5364570.0,0.0,1
1789482181.9820356,speech,31,4,0.0,0.0,0.0,0.0,0.0,12876220.0,7004973.5,0.0,2280514.5,0.0,0.0,0.0,0.0,0.0,4772107.0,0.0,1
1789482182.922005,speech,29,37,609201344.0,420980608.0,507881600.0,958487360.0,2605074432.0,3248538624.0,2702661888.0,212434224.0,192637344.0,144785584.0,79789576.0,68861744.0,60371952.0,56648512.0,29628528.0,67395264.0,1
1789482182.9811223,speech,28,37,3102228224.0,1595484672.0,1162014720.0,2919102464.0,2641588736.0,18735931392.0,1874115328.0,7867571712.0,2702370304.0,562420928.0,453776320.0,214148416.0,345006848.0,94655720.0,105823272.0,32489522.0,1
1789482183.043915,speech,28,10,11799224.0,0.0,47774132.0,0.0,43841416.0,178351616.0,0.0,0.0,17673748.0,295370.5625,1025363.3125,0.0,3625794.5,0.0,0.0,0.0,1
1789482183.1121948,speech,26,36,267615568.0,1295345280.0,719166272.0,1011761408.0,4706947584.0,352465504.0,4315911680.0,1530145408.0,180071264.0,1382033280.0,171927168.0,715103872.0,504569536.0,105673944.0,119573920.0,19198076.0,1
1789482183.1708846,speech,22,30,2843763712.0,41913104.0,3064780032.0,358321504.0,26772217856.0,970385408.0,29404815360.0,503062976.0,6407574528.0,1740875520.0,12684779520.0,653262528.0,0.0,0.0,163167584.0,21849228.0,1
1789482183.2337768,speech,30,25,3084642816.0,2234312448.0,3056291328.0,49449680896.0,6336901632.0,16794124288.0,2991093760.0,10364882944.0,98301760.0,4701450240.0,0.0,238079728.0,15923216.0,0.0,3832916.5,3200059.0,1
1789482183.2964237,speech,30,18,9188405248.0,528874048.0,6466936320.0,818789760.0,1495872512.0,415935008.0,224939360.0,165811680.0,5661676.0,0.0,0.0,25513648.0,0.0,0.0,190707.84375,375773.375,1
1789482183.3464239,speech,31,29,4887319552.0,9096262656.0,130885232.0,77066076160.0,6192748032.0,6884304384.0,6014946816.0,299473664.0,11910502400.0,378167872.0,302843136.0,205724096.0,11215842.0,45242048.0,0.0,4487530.5,1
1789482183.4093566,speech,31,10,140151776.0,0.0,77717360.0,230152848.0,0.0,54964456.0,1010406.375,0.0,0.0,2380725.0,0.0,883228.8125,0.0,1967138.25,0.0,0.0,1
1789482183.455495,speech,31,5,0.0,0.0,0.0,143789200.0,17558076.0,0.0,0.0,0.0,5895108.0,0.0,0.0,0.0,0.0,0.0,110899.140625,0.0,1
1789482183.5048,speech,23,34,2634950400.0,687258368.0,10892414976.0,6458557952.0,17147890688.0,4036867328.0,2980816896.0,0.0,649832384.0,174715392.0,724121344.0,339458560.0,1077010688.0,183584736.0,34892096.0,0.0,1
1789482183.5683594,speech,25,3,0.0,0.0,49904404.0,18852404.0,0.0,0.0,0.0,16216413.0,0.0,0.0,0.0,0.0,0.0,0.0,0.0,0.0,1
1789482183.6824908,speech,26,36,113025312.0,584708416.0,4648734720.0,973424768.0,107424144.0,35217264.0,55827776.0,5012411.5,3516514.25,7122304.5,4888533.0,16082664.0,36197376.0,88995016.0,16735550.0,377374.40625,1
1789482183.741307,speech,25,37,155598240.0,298817056.0,497366656.0,3473807104.0,8136194048.0,2048712832.0,388925024.0,145972560.0,66536412.0,60620208.0,38084612.0,71464880.0,54577712.0,81943008.0,53401648.0,57244616.0,1
1789482183.8043828,speech,25,10,0.0,0.0,50289188.0,52354952.0,0.0,68008608.0,0.0,0.0,0.0,1158816.375,271193.34375,869848.4375,0.0,0.0,0.0,0.0,1
1789482183.8529153,speech,25,39,1098514560.0,220348896.0,1640325504.0,755542272.0,8881489920.0,2653227264.0,6983965184.0,547029120.0,483175552.0,399017888.0,230343360.0,297348672.0,155057824.0,240720224.0,69928696.0,322753216.0,1
1789482183.898355,speech,24,38,1248622464.0,394609344.0,1511885824.0,1359500800.0,1106423424.0,8417650176.0,3743070208.0,23236425728.0,4958404608.0,11157779456.0,491494240.0,2978451456.0,17965950.0,1513650304.0,52221204.0,1444936704.0,1
1789482183.9621217,speech,24,34,2532347392.0,189365776.0,1016873472.0,504696640.0,1051227008.0,3368515072.0,3028279040.0,6110894592.0,2331405824.0,85343560.0,472776864.0,2162576640.0,325453184.0,1112794752.0,67991960.0,70622272.0,1
1789482184.0114782,speech,25,28,803565568.0,0.0,0.0,412482784.0,1229447168.0,2553148416.0,1618194176.0,1970228480.0,1872949632.0,407634688.0,723683200.0,1128536960.0,671920512.0,262562560.0,136965680.0,28931254.0,1
1789482184.0747268,speech,23,21,0.0,538620736.0,4671270400.0,3623124480.0,5678948352.0,9968537600.0,2352264192.0,235630304.0,0.0,0.0,176777536.0,0.0,81478216.0,114287792.0,0.0,0.0,1
1789482184.1378553,speech,23,22,0.0,0.0,2662983168.0,6080307200.0,5172540416.0,8353844736.0,1844428544.0,591158528.0,54254940.0,0.0,0.0,57348556.0,187934640.0,138537792.0,93768640.0,0.0,1
1789482184.2517328,speech,23,11,153924720.0,163011296.0,30502584.0,11326101.0,0.0,875739.625,0.0,0.0,0.0,0.0,0.0,730331.25,0.0,0.0,431006.6875,0.0,1
1789482184.2964623,speech,12,13,12801810432.0,1796480.0,79002424.0,0.0,8334636.0,3716879.0,4512274.0,0.0,0.0,3132087.25,0.0,0.0,0.0,434447.1875,0.0,0.0,1
1789482184.3597214,speech,10,10,1076067840.0,5280387.0,67395352.0,0.0,24334876.0,0.0,4823290.0,407165.78125,409208.375,0.0,0.0,0.0,0.0,0.0,0.0,0.0,1
1789482184.4242692,speech,10,13,559159680.0,211586512.0,28831308.0,47521264.0,0.0,5717241.0,2073555.5,0.0,0.0,0.0,0.0,0.0,0.0,88961.578125,0.0,0.0,1
1789482184.5692682,speech,27,37,1002147392.0,280318144.0,130179896.0,32410268.0,37586304.0,23136228.0,28457434.0,5978631.5,8088457.5,11384878.0,5974810.0,9407137.0,6350274.5,1684776.875,854304.75,1263391.5,1
1789482184.62848,speech,24,33,1088006912.0,266538624.0,1554644736.0,1556165504.0,31834518.0,152926720.0,9675684.0,100581672.0,47102360.0,63605640.0,31381206.0,1290924.625,639416.25,395801.8125,533786.75,144362.234375,1
1789482184.6914165,speech,20,24,3670497024.0,127436664.0,1094012032.0,121965328.0,94223144.0,17989576.0,17567984.0,2713483.0,4637761.0,5599518.0,3598727.75,11636589.0,0.0,0.0,167645.1875,4392986.5,1
1789482184.7559803,speech,20,28,0.0,1668278144.0,114653336.0,223386320.0,3669863.25,75476528.0,6884893.5,10006526.0,3516813.75,9174556.0,2136781.0,854783.6875,1973311.25,360647.21875,4683332.0,199118.875,1
1789482184.8053396,speech,16,33,32517533696.0,42228211712.0,511578080.0,12198033408.0,127179120.0,688107392.0,143596272.0,76054848.0,149468304.0,3911209.25,308480448.0,39926984.0,589583744.0,1460893952.0,15350759.0,49534048.0,1
1789482184.869102,speech,17,29,25384194048.0,23257702400.0,9759791104.0,78885175296.0,122062776.0,1205032448.0,146973152.0,172545328.0,228469408.0,5647982.0,49611168.0,0.0,88534288.0,27632646.0,8800014.0,10205238.0,1
1789482184.9319606,speech,17,25,5620301312.0,1490061312.0,2444496384.0,4826030080.0,8492912.0,269740864.0,0.0,63973012.0,21280666.0,10611954.0,10432575.0,1756583.0,9598862.0,224975.3125,7345387.5,0.0,1
1789482184.9806125,speech,17,9,753064064.0,0.0,64051512.0,0.0,0.0,0.0,511113.75,1314710.5,0.0,139760.28125,0.0,284466.9375,129261.03125,359970.03125,0.0,0.0,1
1789482185.0268764,speech,17,34,4499825664.0,648559104.0,3685892352.0,847601664.0,270429312.0,133800416.0,189002000.0,20863116.0,9974338.0,14685364.0,5334861.0,11514597.0,2435901.75,4326201.0,81893.1328125,0.0,1
1789482185.0721517,speech,17,29,6317305856.0,0.0,28921679872.0,92225008.0,429423424.0,2880754.5,227906272.0,0.0,804174848.0,504946240.0,19771608.0,2198896.25,5877502.5,918172.875,367647.0625,0.0,1
1789482185.121727,speech,16,25,3684620800.0,20362092.0,1150293504.0,0.0,0.0,0.0,7475217.0,1069971.125,0.0,9843412.0,1100411.0,2261591.5,788882.375,3235673.5,569059.3125,3931451.0,1
1789482185.186254,speech,14,35,7497390080.0,2148087040.0,2680809216.0,1299556224.0,986974976.0,567795968.0,82360272.0,62427936.0,8003907.0,6908383.0,4639676.0,6059377.5,1436865.75,9834893.0,285740.875,1479088.0,1
1789482185.25018,speech,12,27,1413891328.0,38376685568.0,1677853440.0,9473078272.0,31272519680.0,0.0,1023037056.0,19039732.0,211907328.0,5235986432.0,47109224.0,55436472.0,5154322.0,790052.375,4534532.5,0.0,1
1789482185.3137686,speech,12,9,0.0,0.0,33309792.0,36749832.0,0.0,8460664.0,0.0,0.0,0.0,0.0,4262057.0,782707.125,365812.5,0.0,0.0,0.0,1
1789482185.4230192,speech,12,36,5062545408.0,594783616.0,4742707712.0,207636288.0,695010496.0,161526432.0,174539008.0,24604956.0,6336466.5,10024934.0,3305171.25,4826526.5,1675331.375,2849465.0,0.0,337069.75,1
1789482185.4685087,speech,13,31,6477947904.0,76827120.0,33998372864.0,545429952.0,635236288.0,10448202.0,187285776.0,3863299.75,246855664.0,711804864.0,38156628.0,155313360.0,6312209.5,9760561.0,766267.0,1950923.5,1
1789482185.5329134,speech,13,8,1184802432.0,0.0,0.0,0.0,0.0,0.0,0.0,0.0,43788516.0,24605728.0,0.0,0.0,0.0,5090159.0,2597428.25,2952550.0,1
1789482185.5785303,speech,12,27,0.0,36987468.0,27411712.0,0.0,26826128.0,16671416.0,5409128.0,8487806.0,36256168.0,13473386.0,9000040.0,14963990.0,2635982.5,9565118.0,3985964.0,421252.34375,1
1789482185.6425428,speech,11,34,789812032.0,1096240512.0,116424432.0,1066284032.0,91496272.0,4972805632.0,2018075136.0,1750059648.0,6956450304.0,295750240.0,2372382464.0,233193776.0,402411392.0,310139392.0,78104136.0,376120416.0,1
1789482185.7065723,speech,11,32,1828531840.0,245884320.0,154361872.0,296385024.0,871862720.0,10385698816.0,1490164.375,8985414656.0,960953664.0,4343125504.0,2869256448.0,482689472.0,1401903104.0,30187088.0,837251456.0,2316587.25,1
1789482185.7556527,speech,11,24,2072185.5,294095360.0,0.0,830380928.0,26568044.0,1547889152.0,511274272.0,0.0,698971392.0,78308440.0,18525044.0,23071868.0,32534832.0,7491388.0,0.0,1960134.75,1
1789482185.9299343,speech,10,25,1010409472.0,20740592.0,923760448.0,142009440.0,167079792.0,70050304.0,51689868.0,81608520.0,0.0,13458473.0,0.0,4910358.5,256764.09375,2236979.75,0.0,516943.4375,1
1789482185.9951065,speech,10,14,0.0,11268180.0,0.0,0.0,4025148.0,0.0,3158526.5,0.0,575861.0,0.0,0.0,0.0,1437587.5,4751473.0,1085550.0,2336949.75,1
1789482186.0399065,speech,343,14,1313737600.0,0.0,0.0,0.0,43917964.0,719149.0625,2614787.0,0.0,582360.0,466550.125,0.0,0.0,0.0,166907.875,0.0,0.0,1
1789482186.1037285,speech,359,34,3418918400.0,3626966272.0,1382039168.0,1768432128.0,3797677056.0,13988555776.0,6016868864.0,24159596544.0,5167620608.0,4199518208.0,2602808832.0,2211384576.0,2453601792.0,1158935680.0,1420920064.0,220830176.0,1
1789482186.1678638,speech,7,30,1386106496.0,560601792.0,0.0,2231295488.0,3691274240.0,6573421568.0,8659200000.0,4677488128.0,5241501184.0,9945708544.0,11871861760.0,798733696.0,2935445760.0,772131200.0,1626584576.0,542599296.0,1
1789482186.2318103,speech,7,25,0.0,0.0,0.0,459469568.0,419543104.0,1160437504.0,796824064.0,217349088.0,341179616.0,957759872.0,2367351808.0,757318400.0,253890272.0,206849184.0,0.0,0.0,1
1789482186.2773569,speech,7,20,164575120.0,45909196.0,14723084.0,39343824.0,1323097.0,0.0,9359514.0,0.0,0.0,17643820.0,295351456.0,46277952.0,51088984.0,0.0,0.0,987952.5,1
1789482186.3727963,speech,7,16,168478704.0,124874504.0,15976943.0,22512830.0,122132.859375,0.0,722425.875,0.0,0.0,0.0,0.0,386993.90625,0.0,0.0,2273743.5,224442.96875,1
1789482186.418122,speech,6,25,478328736.0,238076608.0,19402260.0,53685504.0,1525128.125,28935484.0,689973.0,9436424.0,2606766.25,55242.5625,0.0,830031.4375,3323927.0,143885.875,1897444.0,500227.875,1
1789482186.4830945,speech,7,28,415464000.0,514748032.0,200283456.0,139352224.0,595002496.0,147513504.0,23794844.0,0.0,13366765.0,0.0,8305340.0,6896065.5,3197792.75,5391757.0,2115620.25,8588967.0,1
1789482186.5466583,speech,7,12,0.0,0.0,505365664.0,0.0,159813248.0,236654608.0,41796720.0,51753816.0,0.0,17897880.0,12270606.0,0.0,0.0,12834051.0,0.0,11004963.0,1
1789482186.6028178,speech,7,32,2076557184.0,8410331136.0,3577397760.0,310690176.0,224808832.0,37918824.0,25881840.0,0.0,3885168.5,2141978.5,5538319.0,6296686.0,1275661.625,5828357.5,3589126.5,12476535.0,1
1789482186.64713,speech,5,29,33991264256.0,23971319808.0,556489280.0,5831241728.0,10701236.0,364753088.0,55180164.0,16199088.0,51612904.0,1787331.125,51245432.0,2628219.5,43061352.0,18985178.0,27589840.0,84284680.0,1
1789482186.7102377,speech,7,28,48062976000.0,53408579584.0,139709600.0,1238050048.0,9121835.0,191258880.0,60290108.0,28833674.0,82153200.0,9938765.0,312118272.0,10525934.0,20269028.0,17376610.0,0.0,2593026.75,1
1789482186.773641,speech,7,28,16866547712.0,13512813568.0,202902928.0,155785632.0,5883776.0,87891872.0,4460410.0,3051269.0,0.0,11854720.0,7546681.0,7248519.0,4157280.75,197466.640625,416807.4375,714038.875,1
1789482186.822421,speech,7,4,0.0,0.0,0.0,0.0,0.0,0.0,0.0,0.0,0.0,0.0,0.0,1811383.5,0.0,796139.75,35824.06640625,92446.8203125,1
1789482188.289532,speech,179,6,330228704.0,0.0,2296718.0,0.0,0.0,0.0,0.0,0.0,0.0,370840512.0,1301691520.0,0.0,0.0,0.0,0.0,0.0,1
1789482188.4058745,speech,189,4,353345728.0,61725080.0,0.0,0.0,0.0,0.0,0.0,0.0,0.0,7210136.5,0.0,0.0,0.0,0.0,0.0,0.0,1
1789482188.4070282,speech,5,10,0.0,0.0,0.0,0.0,1399647.375,0.0,0.0,122645904.0,52774960.0,0.0,0.0,961201.375,57590192.0,5324567.0,80684688.0,111077864.0,1
1789482188.526261,speech,189,4,0.0,0.0,0.0,0.0,0.0,0.0,0.0,0.0,0.0,41401752.0,0.0,801229.5,1362691.75,0.0,0.0,0.0,1
1789482188.5805738,speech,4,5,0.0,4137707.75,0.0,3657026.75,0.0,0.0,0.0,14048164.0,6195714.0,0.0,0.0,0.0,476628.96875,0.0,0.0,0.0,1
1789482188.6459773,speech,181,5,4013320.0,0.0,0.0,0.0,0.0,0.0,0.0,0.0,4682422.5,0.0,15816091.0,12630729.0,0.0,0.0,0.0,0.0,1
1789482188.7094467,speech,155,3,0.0,0.0,0.0,0.0,0.0,9295287296.0,2950171136.0,0.0,0.0,0.0,0.0,0.0,0.0,0.0,0.0,0.0,1
1789482188.9556785,speech,359,10,0.0,0.0,14850732.0,0.0,0.0,0.0,22507064.0,13037796.0,257198.484375,8303181.0,6270163.5,0.0,0.0,0.0,0.0,0.0,1
1789482189.011922,speech,155,5,0.0,0.0,0.0,0.0,275624288.0,0.0,0.0,52727528.0,18172096.0,0.0,0.0,5180647.0,0.0,0.0,0.0,0.0,1
1789482189.0749106,speech,0,5,0.0,0.0,0.0,0.0,0.0,0.0,14782492.0,320173760.0,0.0,0.0,0.0,0.0,0.0,24937110.0,0.0,0.0,1
1789482189.3474703,speech,167,3,0.0,0.0,0.0,0.0,0.0,0.0,0.0,0.0,0.0,0.0,0.0,8859280.0,118039232.0,0.0,0.0,0.0,1
1789482189.4076898,speech,150,5,0.0,0.0,0.0,0.0,0.0,3158051328.0,847063168.0,0.0,6350498.5,0.0,0.0,0.0,0.0,18353118.0,0.0,0.0,1
1789482189.4086792,speech,194,7,207495952.0,72532656.0,0.0,0.0,0.0,0.0,14560264.0,0.0,0.0,0.0,0.0,134820640.0,0.0,0.0,0.0,0.0,1
1789482189.4708655,speech,150,7,0.0,28310400.0,145426576.0,0.0,0.0,0.0,0.0,0.0,0.0,320235648.0,0.0,0.0,12099222.0,0.0,0.0,0.0,1
1789482189.6573656,speech,355,13,0.0,1801724.5,0.0,2277120.25,0.0,0.0,1063119.875,22312290.0,13545974.0,11942728.0,825341.0,0.0,0.0,589558.875,343436.0,0.0,1
1789482189.7616682,speech,165,3,0.0,0.0,47060080.0,0.0,0.0,0.0,628553.9375,0.0,0.0,0.0,0.0,0.0,0.0,0.0,0.0,0.0,1
1789482194.4746099,speech,306,10,2142403328.0,0.0,242332736.0,0.0,7413104.0,0.0,0.0,0.0,125983.78125,0.0,0.0,0.0,0.0,0.0,0.0,265150.4375,1
1789482194.5346112,speech,306,7,0.0,955035.5625,12348738.0,3181704.25,1253039.625,0.0,1359612.625,0.0,225874.21875,0.0,291208.75,0.0,0.0,0.0,0.0,0.0,1
1789482194.584057,speech,312,5,0.0,0.0,97673336.0,0.0,0.0,36016436.0,16763499.0,0.0,0.0,0.0,0.0,0.0,0.0,0.0,0.0,0.0,1
1789482194.6461325,speech,309,28,252371952.0,3472811520.0,597763328.0,869520960.0,778610752.0,0.0,7365998.0,0.0,81887808.0,45256420.0,0.0,42904120.0,111854624.0,848466944.0,340995264.0,135525792.0,1
1789482194.7195199,speech,302,27,2638075648.0,4685974528.0,1750592512.0,14534133760.0,272807904.0,172096448.0,0.0,20785516.0,179087968.0,1376263.0,61042384.0,0.0,28433690.0,98806936.0,10774576.0,83164288.0,1
1789482194.7819839,speech,302,6,402312032.0,0.0,0.0,0.0,18607218.0,0.0,0.0,5137704.0,4025398.0,2300682.5,0.0,0.0,0.0,0.0,0.0,0.0,1
1789482194.8869765,speech,305,10,2006904192.0,140813872.0,0.0,0.0,0.0,0.0,0.0,1513952.375,0.0,339356.8125,512313.3125,183126.734375,190039.9375,299856.75,0.0,0.0,1
1789482194.9457743,speech,304,4,0.0,8356946.5,19660340.0,0.0,0.0,0.0,0.0,0.0,0.0,0.0,0.0,0.0,180516.984375,0.0,0.0,491070.5,1
1789482195.0076342,speech,304,18,4615279616.0,0.0,51296632.0,0.0,0.0,323453.0,30804212.0,0.0,2962572.0,11513182.0,734063.875,0.0,997875.8125,8507952.0,313770.125,4142213.5,1
1789482195.0570366,speech,294,22,3277071104.0,0.0,1373844608.0,2754657024.0,102794328.0,532207424.0,11845198.0,9111663.0,1487575.625,2500389.75,1216311.375,0.0,8792876.0,3586868.0,7014475.0,666035.375,1
1789482195.1193495,speech,291,22,0.0,12507876352.0,11399086080.0,0.0,2397565696.0,0.0,394205600.0,1006580736.0,25086188.0,230955152.0,588677760.0,20362712.0,14214774.0,7045186.0,0.0,5205291.0,1
1789482195.2978902,speech,291,10,61953896.0,53975144.0,73174480.0,0.0,0.0,0.0,0.0,0.0,390327.6875,0.0,0.0,975403.4375,0.0,0.0,0.0,86172.9765625,1
1789482195.3419878,speech,290,10,1017936896.0,0.0,133420920.0,0.0,294278.78125,0.0,0.0,0.0,1326271.5,0.0,410396.40625,1005941.0,0.0,0.0,0.0,0.0,1
1789482195.4059231,speech,289,30,464821184.0,45852780.0,113428640.0,14463449.0,98741888.0,61545680.0,29533268.0,32471704.0,14502876.0,5993130.0,0.0,1718973.25,1336210.375,3736096.5,5749834.5,8923055.0,1
1789482195.4702225,speech,284,34,157808592.0,1170273664.0,692079552.0,785595392.0,1005110080.0,1747271552.0,426455232.0,538727168.0,3297793792.0,793395584.0,553051264.0,536835776.0,786048640.0,826552448.0,311250560.0,887907328.0,1
1789482195.533806,speech,287,29,159856304.0,139904240.0,45844696.0,117269632.0,1064970240.0,983528832.0,1715133312.0,1958650112.0,2129953024.0,323372928.0,363656768.0,385933120.0,30915510.0,821236544.0,406625632.0,324620544.0,1
1789482195.5981622,speech,286,25,240187760.0,23184656.0,194725744.0,127493872.0,72492456.0,247714272.0,254374064.0,306784928.0,0.0,519481472.0,292342976.0,185649344.0,302600160.0,36190464.0,226605104.0,74104304.0,1
1789482195.8039854,speech,287,11,608220672.0,1978206.25,140120096.0,0.0,285449.46875,0.0,0.0,0.0,0.0,0.0,0.0,82895.046875,0.0,0.0,443090.875,438501.4375,1
1789482195.8679373,speech,287,14,0.0,2713118.0,8378921.0,0.0,4255890.0,275995.5625,0.0,0.0,452502.0625,375410.0625,0.0,1493732.0,131996.6875,664309.375,0.0,0.0,1
1789482195.9129736,speech,273,28,726893568.0,0.0,553804352.0,0.0,4079545856.0,1993971328.0,3683655168.0,4064345344.0,57347368.0,1150350592.0,8578926.0,1384027776.0,0.0,3554394112.0,21098654.0,1284035072.0,1
1789482195.9770548,speech,270,19,0.0,0.0,526857280.0,0.0,790197120.0,1313270656.0,169103856.0,1326741120.0,1002078144.0,2417051136.0,0.0,2063854592.0,932524160.0,1600036224.0,1818858112.0,1857811584.0,1
1789482196.0415096,speech,281,13,178343616.0,0.0,0.0,310551648.0,356723520.0,0.0,403896128.0,0.0,0.0,516449120.0,0.0,0.0,60631952.0,431460480.0,0.0,120171520.0,1
1789482196.2787266,speech,282,8,190845936.0,0.0,13064160.0,10599697.0,0.0,0.0,0.0,0.0,47148.8828125,0.0,178651.4375,0.0,0.0,0.0,0.0,0.0,1
1789482196.3388176,speech,266,5,321274176.0,0.0,20890644.0,0.0,0.0,0.0,608500.5,0.0,0.0,797291.75,0.0,0.0,0.0,0.0,0.0,0.0,1
1789482196.4132051,speech,266,25,0.0,10951957.0,1620274944.0,191778400.0,28252798.0,10339320.0,14343763.0,12283582.0,977507.125,32022510.0,195467.625,25371084.0,0.0,34947816.0,9127105.0,74642336.0,1
1789482196.4581182,speech,266,17,52507936.0,0.0,757888768.0,164612992.0,24368390.0,19825498.0,0.0,0.0,0.0,96588784.0,1846169.5,428590240.0,4696647.0,42754888.0,2197177.5,528562.875,1
1789482196.5075746,speech,266,11,20318848.0,0.0,0.0,0.0,72711128.0,49011612.0,22986106.0,29478824.0,0.0,445806432.0,0.0,0.0,0.0,7653254.0,401230.0,0.0,1
1789482196.5535984,speech,266,6,60327608.0,0.0,0.0,0.0,0.0,0.0,0.0,0.0,999818.375,0.0,3558013.5,0.0,2378797.5,0.0,0.0,0.0,1
1789482196.753999,speech,258,13,336544864.0,0.0,137054496.0,2872997.75,0.0,2179000.75,13247561.0,0.0,0.0,0.0,305153.0625,0.0,0.0,1147766.625,667694.125,1218591.625,1
1789482196.817961,speech,250,9,0.0,0.0,0.0,0.0,174322000.0,1656441.0,101234864.0,0.0,298360256.0,0.0,857079232.0,697332736.0,0.0,0.0,0.0,0.0,1
1789482196.8825784,speech,250,7,0.0,39473480.0,0.0,20490496.0,0.0,78133184.0,0.0,0.0,0.0,0.0,0.0,297963136.0,0.0,0.0,0.0,0.0,1
1789482196.9284127,speech,250,4,70419896.0,0.0,83235184.0,8036814.0,0.0,0.0,0.0,0.0,0.0,0.0,0.0,7409855.0,0.0,0.0,0.0,0.0,1
1789482196.9737234,speech,250,3,424892544.0,0.0,1259921.0,0.0,0.0,0.0,0.0,0.0,0.0,0.0,0.0,0.0,0.0,0.0,0.0,0.0,1
1789482197.228648,speech,231,18,101824040.0,0.0,0.0,16144300.0,589911808.0,115460208.0,760899968.0,0.0,0.0,13289086.0,0.0,205244384.0,66352896.0,268889728.0,0.0,0.0,1
1789482197.2880564,speech,232,23,25016488.0,104123792.0,102875368.0,5846217.0,255316448.0,488508608.0,673779072.0,0.0,37614900.0,13211410.0,492253984.0,351316960.0,642522240.0,332235008.0,138898048.0,4441150.0,1
1789482197.349602,speech,229,10,202458832.0,0.0,0.0,0.0,380341440.0,422124544.0,794377856.0,0.0,0.0,58769336.0,399175968.0,12961420.0,0.0,0.0,0.0,0.0,1
1789482197.6082416,speech,214,10,0.0,0.0,361344416.0,0.0,0.0,0.0,0.0,687634.5,0.0,0.0,1152619.625,0.0,178149.78125,5494574.5,290410.71875,0.0,1
1789482197.6789255,speech,246,17,514642368.0,0.0,0.0,41260328.0,0.0,0.0,888825.5625,1650932.875,4916376.0,7284309.0,11732456.0,8329750.5,3435025.75,6483470.0,992843.5,0.0,1
1789482197.7419028,speech,235,16,90882600.0,66582340.0,0.0,0.0,872205312.0,5911433216.0,764847552.0,0.0,0.0,0.0,832739520.0,363053056.0,698618176.0,465068736.0,0.0,91550128.0,1
1789482198.0828874,speech,232,21,232682768.0,0.0,0.0,1984990464.0,1202626304.0,1039330560.0,184289104.0,63580968.0,0.0,5753263.0,91072768.0,41718112.0,99685944.0,92912312.0,0.0,0.0,1
1789482198.140789,speech,222,12,106968952.0,0.0,0.0,0.0,888401344.0,0.0,3490195968.0,0.0,0.0,1176810368.0,0.0,0.0,0.0,1302609664.0,0.0,0.0,1
1789482198.2030144,speech,224,17,271826144.0,0.0,0.0,0.0,131421136.0,36530604.0,102208016.0,0.0,0.0,80935968.0,157998752.0,30954556.0,30438028.0,223288208.0,23275066.0,0.0,1
1789482198.4009461,speech,233,3,337690240.0,0.0,9523059.0,0.0,0.0,0.0,0.0,0.0,0.0,0.0,0.0,0.0,248859.171875,0.0,0.0,0.0,1
1789482198.4577038,speech,222,9,1083338368.0,28399116.0,0.0,6264769.0,2714744.0,0.0,0.0,0.0,0.0,0.0,0.0,0.0,0.0,928396.1875,0.0,0.0,1
1789482198.559462,speech,231,7,1153930752.0,0.0,0.0,15802555.0,3033474.5,0.0,0.0,0.0,0.0,0.0,437035.4375,108268.515625,0.0,0.0,0.0,0.0,1
1789482198.6155343,speech,225,4,1122986240.0,0.0,0.0,25862372.0,0.0,0.0,0.0,0.0,0.0,0.0,0.0,0.0,0.0,0.0,0.0,0.0,1
1789482199.1905584,speech,255,16,263142336.0,0.0,0.0,0.0,37733120.0,0.0,0.0,0.0,69056232.0,44801700.0,40265672.0,17248144.0,0.0,353828.25,1975518.5,0.0,1
1789482199.3188057,speech,277,23,72313344.0,153136080.0,27185828.0,104699648.0,134458128.0,11805700.0,16687188.0,3394572.75,2557783.75,9303100.0,0.0,816386.625,0.0,1187727.375,2804591.5,2990869.75,1
1789482199.3780503,speech,268,25,0.0,0.0,0.0,0.0,1790601600.0,5960854528.0,402817472.0,3335348992.0,40847664.0,1152939520.0,64236124.0,1067377664.0,217148112.0,703553152.0,337563904.0,50710648.0,1
1789482199.4439027,speech,274,21,1039678080.0,25754664.0,396807328.0,0.0,0.0,0.0,709565184.0,0.0,2199007744.0,10324017152.0,562597760.0,4564366336.0,1771645952.0,0.0,1507424512.0,10005987328.0,1
1789482199.66748,speech,287,29,291386784.0,435196192.0,1274991616.0,165819696.0,183064304.0,3647603.0,26330468.0,6394303.0,7035116.0,6691505.0,5834891.0,6089520.5,3267675.5,0.0,13926484.0,0.0,1
1789482199.7303252,speech,279,15,0.0,0.0,0.0,29450992.0,453734016.0,53625408.0,0.0,0.0,4329621.0,35393020.0,0.0,18018164.0,0.0,85606416.0,0.0,102373288.0,1
1789482199.794689,speech,308,9,4055836416.0,0.0,15088327.0,0.0,41300080.0,0.0,0.0,1010270.375,0.0,0.0,0.0,139800.140625,3870210.5,0.0,0.0,0.0,1
1789482199.8589563,speech,312,18,5350006272.0,0.0,204327600.0,0.0,0.0,2644421.25,47474096.0,4311524.0,0.0,5026766.0,0.0,0.0,738874.6875,11802300.0,695195.625,0.0,1
1789482199.9207733,speech,310,15,5399074816.0,0.0,6398388736.0,3027182.0,0.0,0.0,215975136.0,967459.4375,3294612.5,2212307.5,0.0,0.0,3058574.25,0.0,0.0,3693276.0,1
1789482199.9775586,speech,313,22,0.0,484328640.0,9300123648.0,45915360.0,104912032.0,53760256.0,129688384.0,167348064.0,259975872.0,31988216.0,2897291.0,2952085.0,0.0,0.0,0.0,143028.546875,1
1789482200.1410556,speech,306,28,1456620160.0,206298480.0,2275836672.0,0.0,11695604.0,0.0,18201542.0,0.0,4654900.0,864319.3125,3632279.5,1844904.75,3685876.0,3989767.5,4109925.5,1434248.75,1
1789482200.2094398,speech,307,22,2218618880.0,0.0,101169968.0,0.0,18457956.0,0.0,9549584.0,417982.125,4690563.5,1175088.125,5116505.5,0.0,4953023.0,319585.4375,1397221.0,162383.921875,1
1789482200.2679935,speech,323,27,3072968192.0,1406263.125,1275438336.0,2396717.0,127562672.0,0.0,27048494.0,1209675.0,6997055.5,2277006.0,6987426.0,2639434.0,8800970.0,3261081.0,12767378.0,4827050.5,1
1789482200.3310583,speech,326,24,2691869696.0,84464648.0,161073808.0,85438552.0,9234954.0,0.0,528690176.0,541496960.0,9262732.0,123526272.0,0.0,19595816.0,92871.734375,26872864.0,664820.1875,0.0,1
1789482200.393825,speech,322,32,3491242496.0,501751712.0,648704640.0,391157696.0,1858034.0,0.0,547372160.0,8991897600.0,94594048.0,2726682624.0,249310848.0,1500567936.0,518303136.0,1094779904.0,1588741248.0,17542984.0,1
1789482200.456971,speech,318,24,1554393600.0,9295488.0,713347712.0,34887888.0,670125120.0,0.0,2393449472.0,0.0,1253224320.0,3809794048.0,135149152.0,457829536.0,71804360.0,686573696.0,0.0,648216000.0,1
1789482200.5189195,speech,318,7,130978696.0,3338507.0,0.0,0.0,8656109.0,14748412.0,0.0,0.0,91576400.0,0.0,0.0,0.0,0.0,0.0,0.0,0.0,1
1789482200.617182,speech,323,19,473516160.0,0.0,406147712.0,170280688.0,116716280.0,96933008.0,12148418.0,16915118.0,0.0,4019356.0,236013.375,0.0,0.0,4785296.0,0.0,0.0,1
1789482200.6748936,speech,328,14,822771840.0,3112520.75,511744704.0,0.0,20271688.0,0.0,0.0,0.0,0.0,1690562.375,984552.125,0.0,1405492.25,0.0,3453448.75,4136302.5,1
1789482200.736915,speech,326,12,971688640.0,5262945.0,0.0,0.0,0.0,1221257.875,1206702.0,0.0,201715.515625,0.0,0.0,726339.25,0.0,2182601.25,189330.140625,152869.78125,1
1789482200.8000925,speech,332,27,713128448.0,3142828.0,889427328.0,0.0,131384336.0,398958752.0,10262721536.0,625639488.0,1980022016.0,4382588928.0,424038336.0,1376271232.0,253362416.0,990359744.0,330746624.0,1463867392.0,1
1789482200.8631148,speech,333,24,277814976.0,2492885.75,501933728.0,8998575.0,1228906368.0,0.0,0.0,761262528.0,43207970816.0,1723838336.0,1163440768.0,151871296.0,2157255680.0,203861184.0,1566575616.0,0.0,1
1789482200.9272037,speech,333,5,39160928.0,0.0,0.0,0.0,44021424.0,0.0,0.0,0.0,0.0,41068484.0,24619546.0,0.0,0.0,0.0,0.0,0.0,1
1789482201.4069817,speech,339,35,1016440384.0,2314322944.0,3655300864.0,1626592768.0,453606336.0,37067788.0,22653378.0,58982736.0,15282248.0,16199197.0,8195715.0,1431616.125,6427662.0,476125.46875,4035716.0,2554595.75,1
1789482201.4657507,speech,340,32,3148079872.0,171112800.0,2117602688.0,634644928.0,144416432.0,135456336.0,15883208.0,55514904.0,0.0,47521204.0,0.0,37053472.0,908491.5,16436334.0,3699656.5,9389194.0,1
1789482201.5289435,speech,343,23,4130523648.0,326434176.0,247847840.0,0.0,27088284.0,9984293.0,5675218.5,0.0,132786.859375,8703919.0,0.0,2460453.5,235385.734375,3587796.5,0.0,5984032.5,1
1789482201.6036234,speech,344,35,6624815104.0,9680634880.0,6254935040.0,1057789952.0,142287888.0,118719424.0,10395193.0,45148720.0,2891012.5,18653668.0,5198882.0,6800214.5,7065762.0,497885.0625,4759705.5,661914.625,1
1789482201.666827,speech,345,36,20138528768.0,3637991424.0,3619781376.0,1719559168.0,525844992.0,167333840.0,22085700.0,105748000.0,14888293.0,71766408.0,5399940.0,55334612.0,13982466.0,68604008.0,12760422.0,18835580.0,1
1789482201.7298331,speech,344,36,16845774848.0,1000537664.0,2246836224.0,513691968.0,243713984.0,116878160.0,112628816.0,87275968.0,30173228.0,270325600.0,1949180.625,405917792.0,14794472.0,4126523.0,2403005.5,4388875.0,1
1789482201.7931607,speech,344,16,451779456.0,49412324.0,1609151744.0,56529240.0,178944208.0,0.0,14734017.0,11974557.0,0.0,0.0,997858.0625,2655581.25,0.0,6048109.0,0.0,0.0,1
1789482201.8380404,speech,345,24,811026432.0,142623888.0,365614464.0,258165760.0,18916724.0,38785720.0,2091277.0,12877774.0,826417.75,1970655.125,0.0,9216926.0,0.0,26143.015625,715884.4375,0.0,1
1789482201.9014773,speech,343,25,3201991168.0,106999368.0,1230291968.0,163207904.0,237837696.0,101960632.0,70684864.0,69540640.0,284920.9375,48555588.0,104209.828125,5514191.5,0.0,2763010.5,0.0,0.0,1
1789482201.9644291,speech,348,31,5198613504.0,171505392.0,3158321152.0,297732064.0,210647200.0,85850784.0,29039766.0,26600040.0,55813.48828125,49869324.0,0.0,28993608.0,102532.390625,20126296.0,408701.5,0.0,1
1789482202.0277097,speech,348,34,5905344512.0,297179040.0,1974833664.0,616834752.0,133416768.0,124116624.0,27862106.0,66619024.0,266119.28125,40637872.0,264525.0625,97900976.0,1737028.0,202214624.0,4111315.0,82891952.0,1
1789482202.0770237,speech,346,34,4233316608.0,285649984.0,3777156096.0,1096454912.0,15656720384.0,17531367424.0,12611706880.0,35354210304.0,110219936.0,13568407552.0,42895512.0,5651064832.0,41533944.0,3957392384.0,387145600.0,2164343808.0,1
1789482202.1399336,speech,346,9,4564193280.0,167024560.0,669639936.0,0.0,0.0,0.0,0.0,0.0,0.0,0.0,3412778.75,0.0,0.0,14705891.0,0.0,0.0,1
1789482202.1848242,speech,346,11,2235088896.0,18758968.0,121287104.0,0.0,1660298.75,0.0,0.0,0.0,0.0,0.0,0.0,82400352.0,0.0,0.0,0.0,567591.375,1
1789482202.2339988,speech,346,12,83669016.0,0.0,127351976.0,0.0,7647316.5,23848916.0,0.0,0.0,850770.75,15710947.0,0.0,19426200.0,1517123.375,5642722.0,4071986.75,0.0,1
1789482202.3557975,speech,354,13,790909632.0,71569232.0,290383584.0,89735584.0,0.0,0.0,0.0,0.0,0.0,126268.7578125,0.0,211852.859375,0.0,2462374.5,319961.5,0.0,1
1789482202.415866,speech,351,25,1214084864.0,40425064.0,490550016.0,39494136.0,22080156.0,22119080.0,661925.4375,1170675.875,0.0,2952913.25,108746.8984375,14857000.0,0.0,10749702.0,0.0,7360786.0,1
1789482202.4804163,speech,354,37,75319088.0,16014334.0,253924208.0,48076852.0,879648256.0,1151283200.0,965013632.0,1004264320.0,153393904.0,225974320.0,80217856.0,75423104.0,84664568.0,82501168.0,70821952.0,131855928.0,1
1789482202.6082911,speech,350,39,1077581056.0,812837440.0,1695638784.0,5334532096.0,4083820800.0,13774221312.0,4782491648.0,14393416704.0,5686944768.0,863525632.0,1035585664.0,798098048.0,976053056.0,643513664.0,615132032.0,315277472.0,1
1789482202.668423,speech,352,38,518691744.0,1175526656.0,3004297728.0,2123990528.0,24466319360.0,4745492480.0,35282534400.0,25418418176.0,55920091136.0,7232943104.0,2593288192.0,11754081280.0,4986955776.0,12294849536.0,3649521664.0,1487252480.0,1
1789482202.732897,speech,350,29,1104793600.0,2066851456.0,4803867648.0,25007810560.0,86091694080.0,27060994048.0,13354077184.0,4227435008.0,24118013952.0,3464389632.0,2742256128.0,391639008.0,531166592.0,74542528.0,17693576.0,0.0,1
1789482202.7982187,speech,350,19,1515645696.0,228738624.0,12547532800.0,6376674816.0,6333080576.0,6481071616.0,1191009152.0,1298300288.0,0.0,270234432.0,0.0,0.0,0.0,17629372.0,0.0,0.0,1
1789482203.0197263,speech,349,36,1829632768.0,2375824896.0,10886199296.0,10934902784.0,18669563904.0,6237313536.0,485883456.0,843810304.0,532630656.0,750366208.0,641957824.0,789497472.0,28537128.0,24170684.0,5341058.0,4646292.5,1
1789482203.0836034,speech,349,16,96521816.0,17308136.0,0.0,62484320.0,0.0,215082288.0,1620911104.0,418564064.0,0.0,289090656.0,289041408.0,22663994.0,43588780.0,17461590.0,0.0,4497207.0,1
1789482203.1287436,speech,350,9,0.0,0.0,0.0,74477296.0,343760032.0,0.0,38614448.0,0.0,0.0,0.0,25233320.0,5253937.0,0.0,0.0,0.0,0.0,1
