file,sample,true_angle_1,true_angle_2,detected_count,raw_angles,tp,fp,fn,matched_errors
01_00_150dis02.csv,1,0,150,1,142,1,0,1,8
01_00_150dis02.csv,2,0,150,1,142,1,0,1,8
01_00_150dis02.csv,3,0,150,1,134,0,1,2,
01_00_150dis02.csv,4,0,150,1,134,0,1,2,
01_00_150dis02.csv,5,0,150,1,135,1,0,1,15
01_00_150dis02.csv,6,0,150,1,136,1,0,1,14
01_00_150dis02.csv,7,0,150,1,135,1,0,1,15
01_00_150dis02.csv,8,0,150,1,135,1,0,1,15
01_00_150dis02.csv,9,0,150,1,135,1,0,1,15
01_00_150dis02.csv,10,0,150,1,135,1,0,1,15
01_00_150dis02.csv,11,0,150,2,135;352,2,0,0,8;15
01_00_150dis02.csv,12,0,150,2,135;6,2,0,0,6;15
01_00_150dis02.csv,13,0,150,2,135;352,2,0,0,8;15
01_00_150dis02.csv,14,0,150,2,135;352,2,0,0,8;15
01_00_150dis02.csv,15,0,150,2,135;352,2,0,0,8;15
01_00_150dis02.csv,16,0,150,1,136,1,0,1,14
01_00_150dis02.csv,17,0,150,2,136;3,2,0,0,3;14
01_00_150dis02.csv,18,0,150,2,11;136,2,0,0,11;14
01_00_150dis02.csv,19,0,150,2,11;136,2,0,0,11;14
01_00_150dis02.csv,20,0,150,2,11;136,2,0,0,11;14
01_00_150dis02.csv,21,0,150,2,144;11,2,0,0,11;6
01_00_150dis02.csv,22,0,150,2,137;11,2,0,0,11;13
01_00_150dis02.csv,23,0,150,2,137;12,2,0,0,12;13
01_00_150dis02.csv,24,0,150,2,137;12,2,0,0,12;13
01_00_150dis02.csv,25,0,150,2,137;5,2,0,0,5;13
01_00_150dis02.csv,26,0,150,1,4,1,0,1,4
01_00_150dis02.csv,27,0,150,1,352,1,0,1,8
01_00_150dis02.csv,28,0,150,2,134;9,1,1,1,9
01_00_150dis02.csv,29,0,150,2,141;352,2,0,0,8;9
01_00_150dis02.csv,30,0,150,1,138,1,0,1,12
01_00_150dis02.csv,31,0,150,1,138,1,0,1,12
01_00_150dis02.csv,32,0,150,2,138;1,2,0,0,1;12
01_00_150dis02.csv,33,0,150,1,136,1,0,1,14
01_00_150dis02.csv,34,0,150,1,137,1,0,1,13
01_00_150dis02.csv,35,0,150,1,137,1,0,1,13
01_00_150dis02.csv,36,0,150,1,136,1,0,1,14
01_00_150dis02.csv,37,0,150,2,136;350,2,0,0,10;14
01_00_150dis02.csv,38,0,150,2,136;8,2,0,0,8;14
01_00_150dis02.csv,39,0,150,2,348;136,2,0,0,12;14
01_00_150dis02.csv,40,0,150,1,7,1,0,1,7
01_00_150dis02.csv,41,0,150,1,7,1,0,1,7
01_00_150dis02.csv,42,0,150,1,6,1,0,1,6
01_00_150dis02.csv,43,0,150,2,141;348,2,0,0,12;9
01_00_150dis02.csv,44,0,150,2,141;350,2,0,0,10;9
01_00_150dis02.csv,45,0,150,2,141;12,2,0,0,12;9
01_00_150dis02.csv,46,0,150,2,141;12,2,0,0,12;9
01_00_150dis02.csv,47,0,150,2,141;12,2,0,0,12;9
01_00_150dis02.csv,48,0,150,2,141;11,2,0,0,11;9
01_00_150dis02.csv,49,0,150,2,139;0,2,0,0,0;11
01_00_150dis02.csv,50,0,150,2,138;10,2,0,0,10;12
01_00_150dis02.csv,51,0,150,2,128;9,1,1,1,9
01_00_150dis02.csv,52,0,150,1,128,0,1,2,
01_00_150dis02.csv,53,0,150,1,128,0,1,2,
01_00_150dis02.csv,54,0,150,1,128,0,1,2,
01_00_150dis02.csv,55,0,150,1,128,0,1,2,
01_00_150dis02.csv,56,0,150,0,,0,0,2,
01_00_150dis02.csv,57,0,150,0,,0,0,2,
01_00_150dis02.csv,58,0,150,1,128,0,1,2,
01_00_150dis02.csv,59,0,150,1,142,1,0,1,8
01_00_150dis02.csv,60,0,150,1,142,1,0,1,8
01_00_150dis02.csv,61,0,150,1,137,1,0,1,13
01_00_150dis02.csv,62,0,150,1,134,0,1,2,
01_00_150dis02.csv,63,0,150,1,134,0,1,2,
01_00_150dis02.csv,64,0,150,1,137,1,0,1,13
01_00_150dis02.csv,65,0,150,1,138,1,0,1,12
01_00_150dis02.csv,66,0,150,1,137,1,0,1,13
01_00_150dis02.csv,67,0,150,1,138,1,0,1,12
01_00_150dis02.csv,68,0,150,1,138,1,0,1,12
01_00_150dis02.csv,69,0,150,1,138,1,0,1,12
01_00_150dis02.csv,70,0,150,1,1,1,0,1,1
01_00_150dis02.csv,71,0,150,1,0,1,0,1,0
01_00_150dis02.csv,72,0,150,1,0,1,0,1,0
01_00_150dis02.csv,73,0,150,1,0,1,0,1,0
01_00_150dis02.csv,74,0,150,1,0,1,0,1,0
01_00_150dis02.csv,75,0,150,1,14,1,0,1,14
01_00_150dis02.csv,76,0,150,2,134;0,1,1,1,0
01_00_150dis02.csv,77,0,150,2,134;2,1,1,1,2
01_00_150dis02.csv,78,0,150,2,134;357,1,1,1,3
01_00_150dis02.csv,79,0,150,2,355;134,1,1,1,5
01_00_150dis02.csv,80,0,150,2,355;134,1,1,1,5
01_00_150dis02.csv,81,0,150,1,355,1,0,1,5
01_00_150dis02.csv,82,0,150,1,0,1,0,1,0
01_00_150dis02.csv,83,0,150,1,0,1,0,1,0
01_00_150dis02.csv,84,0,150,2,147;0,2,0,0,0;3
01_00_150dis02.csv,85,0,150,2,145;0,2,0,0,0;5
01_00_150dis02.csv,86,0,150,1,138,1,0,1,12
01_00_150dis02.csv,87,0,150,1,137,1,0,1,13
01_00_150dis02.csv,88,0,150,1,138,1,0,1,12
01_00_150dis02.csv,89,0,150,1,140,1,0,1,10
01_00_150dis02.csv,90,0,150,1,140,1,0,1,10
01_00_150dis02.csv,91,0,150,2,140;8,2,0,0,8;10
01_00_150dis02.csv,92,0,150,2,358;140,2,0,0,2;10
01_00_150dis02.csv,93,0,150,2,356;140,2,0,0,4;10
01_00_150dis02.csv,94,0,150,1,353,1,0,1,7
01_00_150dis02.csv,95,0,150,2,353;140,2,0,0,7;10
01_00_150dis02.csv,96,0,150,2,138;353,2,0,0,7;12
01_00_150dis02.csv,97,0,150,2,141;356,2,0,0,4;9
01_00_150dis02.csv,98,0,150,2,141;356,2,0,0,4;9
01_00_150dis02.csv,99,0,150,2,141;356,2,0,0,4;9
01_00_150dis02.csv,100,0,150,1,134,0,1,2,
01_00_150dis03.csv,1,0,150,1,16,0,1,2,
01_00_150dis03.csv,2,0,150,2,146;16,1,1,1,4
01_00_150dis03.csv,3,0,150,1,146,1,0,1,4
01_00_150dis03.csv,4,0,150,2,146;12,2,0,0,12;4
01_00_150dis03.csv,5,0,150,2,146;12,2,0,0,12;4
01_00_150dis03.csv,6,0,150,2,146;12,2,0,0,12;4
01_00_150dis03.csv,7,0,150,2,146;11,2,0,0,11;4
01_00_150dis03.csv,8,0,150,2,146;11,2,0,0,11;4
01_00_150dis03.csv,9,0,150,2,146;11,2,0,0,11;4
01_00_150dis03.csv,10,0,150,2,146;358,2,0,0,2;4
01_00_150dis03.csv,11,0,150,2,142;12,2,0,0,12;8
01_00_150dis03.csv,12,0,150,2,142;8,2,0,0,8;8
01_00_150dis03.csv,13,0,150,2,11;142,2,0,0,11;8
01_00_150dis03.csv,14,0,150,2,11;142,2,0,0,11;8
01_00_150dis03.csv,15,0,150,2,11;142,2,0,0,11;8
01_00_150dis03.csv,16,0,150,2,31;142,1,1,1,8
01_00_150dis03.csv,17,0,150,2,31;142,1,1,1,8
01_00_150dis03.csv,18,0,150,2,12;142,2,0,0,12;8
01_00_150dis03.csv,19,0,150,1,11,1,0,1,11
01_00_150dis03.csv,20,0,150,1,11,1,0,1,11
01_00_150dis03.csv,21,0,150,2,10;315,1,1,1,10
01_00_150dis03.csv,22,0,150,1,19,0,1,2,
01_00_150dis03.csv,23,0,150,1,19,0,1,2,
01_00_150dis03.csv,24,0,150,1,142,1,0,1,8
01_00_150dis03.csv,25,0,150,1,142,1,0,1,8
01_00_150dis03.csv,26,0,150,1,142,1,0,1,8
01_00_150dis03.csv,27,0,150,2,142;7,2,0,0,7;8
01_00_150dis03.csv,28,0,150,2,142;7,2,0,0,7;8
01_00_150dis03.csv,29,0,150,2,142;8,2,0,0,8;8
01_00_150dis03.csv,30,0,150,2,142;8,2,0,0,8;8
01_00_150dis03.csv,31,0,150,1,142,1,0,1,8
01_00_150dis03.csv,32,0,150,1,160,1,0,1,10
01_00_150dis03.csv,33,0,150,1,144,1,0,1,6
01_00_150dis03.csv,34,0,150,1,144,1,0,1,6
01_00_150dis03.csv,35,0,150,1,144,1,0,1,6
01_00_150dis03.csv,36,0,150,2,137;12,2,0,0,12;13
01_00_150dis03.csv,37,0,150,1,138,1,0,1,12
01_00_150dis03.csv,38,0,150,2,13;138,2,0,0,13;12
01_00_150dis03.csv,39,0,150,2,14;138,2,0,0,14;12
01_00_150dis03.csv,40,0,150,1,14,1,0,1,14
01_00_150dis03.csv,41,0,150,1,13,1,0,1,13
01_00_150dis03.csv,42,0,150,1,13,1,0,1,13
01_00_150dis03.csv,43,0,150,1,13,1,0,1,13
01_00_150dis03.csv,44,0,150,1,13,1,0,1,13
01_00_150dis03.csv,45,0,150,1,13,1,0,1,13
01_00_150dis03.csv,46,0,150,1,13,1,0,1,13
01_00_150dis03.csv,47,0,150,1,11,1,0,1,11
01_00_150dis03.csv,48,0,150,1,4,1,0,1,4
01_00_150dis03.csv,49,0,150,1,11,1,0,1,11
01_00_150dis03.csv,50,0,150,1,9,1,0,1,9
01_00_150dis03.csv,51,0,150,1,4,1,0,1,4
01_00_150dis03.csv,52,0,150,1,4,1,0,1,4
01_00_150dis03.csv,53,0,150,1,9,1,0,1,9
01_00_150dis03.csv,54,0,150,2,9;166,1,1,1,9
01_00_150dis03.csv,55,0,150,1,20,0,1,2,
01_00_150dis03.csv,56,0,150,1,10,1,0,1,10
01_00_150dis03.csv,57,0,150,1,10,1,0,1,10
01_00_150dis03.csv,58,0,150,1,9,1,0,1,9
01_00_150dis03.csv,59,0,150,1,6,1,0,1,6
01_00_150dis03.csv,60,0,150,1,6,1,0,1,6
01_00_150dis03.csv,61,0,150,1,6,1,0,1,6
01_00_150dis03.csv,62,0,150,1,2,1,0,1,2
01_00_150dis03.csv,63,0,150,1,2,1,0,1,2
01_00_150dis03.csv,64,0,150,1,2,1,0,1,2
01_00_150dis03.csv,65,0,150,2,2;154,2,0,0,2;4
01_00_150dis03.csv,66,0,150,1,148,1,0,1,2
01_00_150dis03.csv,67,0,150,1,148,1,0,1,2
01_00_150dis03.csv,68,0,150,2,148;8,2,0,0,8;2
01_00_150dis03.csv,69,0,150,2,148;9,2,0,0,9;2
01_00_150dis03.csv,70,0,150,2,148;9,2,0,0,9;2
01_00_150dis03.csv,71,0,150,2,9;148,2,0,0,9;2
01_00_150dis03.csv,72,0,150,2,9;148,2,0,0,9;2
01_00_150dis03.csv,73,0,150,2,9;148,2,0,0,9;2
01_00_150dis03.csv,74,0,150,1,9,1,0,1,9
01_00_150dis03.csv,75,0,150,1,9,1,0,1,9
01_00_150dis03.csv,76,0,150,1,9,1,0,1,9
01_00_150dis03.csv,77,0,150,1,7,1,0,1,7
01_00_150dis03.csv,78,0,150,1,7,1,0,1,7
01_00_150dis03.csv,79,0,150,1,7,1,0,1,7
01_00_150dis03.csv,80,0,150,1,11,1,0,1,11
01_00_150dis03.csv,81,0,150,1,11,1,0,1,11
01_00_150dis03.csv,82,0,150,2,12;196,1,1,1,12
01_00_150dis03.csv,83,0,150,2,9;196,1,1,1,9
01_00_150dis03.csv,84,0,150,1,9,1,0,1,9
01_00_150dis03.csv,85,0,150,1,10,1,0,1,10
01_00_150dis03.csv,86,0,150,1,16,0,1,2,
01_00_150dis03.csv,87,0,150,1,1,1,0,1,1
01_00_150dis03.csv,88,0,150,1,9,1,0,1,9
01_00_150dis03.csv,89,0,150,1,1,1,0,1,1
01_00_150dis03.csv,90,0,150,1,9,1,0,1,9
01_00_150dis03.csv,91,0,150,1,0,1,0,1,0
01_00_150dis03.csv,92,0,150,1,1,1,0,1,1
01_00_150dis03.csv,93,0,150,1,335,0,1,2,
01_00_150dis03.csv,94,0,150,1,3,1,0,1,3
01_00_150dis03.csv,95,0,150,1,3,1,0,1,3
01_00_150dis03.csv,96,0,150,1,6,1,0,1,6
01_00_150dis03.csv,97,0,150,0,,0,0,2,
01_00_150dis03.csv,98,0,150,0,,0,0,2,
01_00_150dis03.csv,99,0,150,0,,0,0,2,
01_00_150dis03.csv,100,0,150,0,,0,0,2,
01_00_230dis02.csv,1,0,230,2,230;13,2,0,0,13;0
01_00_230dis02.csv,2,0,230,1,230,1,0,1,0
01_00_230dis02.csv,3,0,230,1,230,1,0,1,0
01_00_230dis02.csv,4,0,230,1,230,1,0,1,0
01_00_230dis02.csv,5,0,230,2,230;2,2,0,0,2;0
01_00_230dis02.csv,6,0,230,1,227,1,0,1,3
01_00_230dis02.csv,7,0,230,1,227,1,0,1,3
01_00_230dis02.csv,8,0,230,1,226,1,0,1,4
01_00_230dis02.csv,9,0,230,2,226;4,2,0,0,4;4
01_00_230dis02.csv,10,0,230,1,226,1,0,1,4
01_00_230dis02.csv,11,0,230,2,226;6,2,0,0,6;4
01_00_230dis02.csv,12,0,230,2,226;6,2,0,0,6;4
01_00_230dis02.csv,13,0,230,2,226;4,2,0,0,4;4
01_00_230dis02.csv,14,0,230,1,224,1,0,1,6
01_00_230dis02.csv,15,0,230,1,224,1,0,1,6
01_00_230dis02.csv,16,0,230,1,224,1,0,1,6
01_00_230dis02.csv,17,0,230,1,224,1,0,1,6
01_00_230dis02.csv,18,0,230,1,225,1,0,1,5
01_00_230dis02.csv,19,0,230,1,225,1,0,1,5
01_00_230dis02.csv,20,0,230,1,225,1,0,1,5
01_00_230dis02.csv,21,0,230,1,225,1,0,1,5
01_00_230dis02.csv,22,0,230,2,225;12,2,0,0,12;5
01_00_230dis02.csv,23,0,230,2,225;11,2,0,0,11;5
01_00_230dis02.csv,24,0,230,2,10;226,2,0,0,10;4
01_00_230dis02.csv,25,0,230,2,234;10,2,0,0,10;4
01_00_230dis02.csv,26,0,230,1,225,1,0,1,5
01_00_230dis02.csv,27,0,230,2,223;9,2,0,0,9;7
01_00_230dis02.csv,28,0,230,1,223,1,0,1,7
01_00_230dis02.csv,29,0,230,1,223,1,0,1,7
01_00_230dis02.csv,30,0,230,1,223,1,0,1,7
01_00_230dis02.csv,31,0,230,1,223,1,0,1,7
01_00_230dis02.csv,32,0,230,1,237,1,0,1,7
01_00_230dis02.csv,33,0,230,1,235,1,0,1,5
01_00_230dis02.csv,34,0,230,1,225,1,0,1,5
01_00_230dis02.csv,35,0,230,1,225,1,0,1,5
01_00_230dis02.csv,36,0,230,1,225,1,0,1,5
01_00_230dis02.csv,37,0,230,1,225,1,0,1,5
01_00_230dis02.csv,38,0,230,1,225,1,0,1,5
01_00_230dis02.csv,39,0,230,1,225,1,0,1,5
01_00_230dis02.csv,40,0,230,1,225,1,0,1,5
01_00_230dis02.csv,41,0,230,1,224,1,0,1,6
01_00_230dis02.csv,42,0,230,1,222,1,0,1,8
01_00_230dis02.csv,43,0,230,1,227,1,0,1,3
01_00_230dis02.csv,44,0,230,1,231,1,0,1,1
01_00_230dis02.csv,45,0,230,1,235,1,0,1,5
01_00_230dis02.csv,46,0,230,1,235,1,0,1,5
01_00_230dis02.csv,47,0,230,1,235,1,0,1,5
01_00_230dis02.csv,48,0,230,2,235;356,2,0,0,4;5
01_00_230dis02.csv,49,0,230,2,235;359,2,0,0,1;5
01_00_230dis02.csv,50,0,230,2,10;235,2,0,0,10;5
01_00_230dis02.csv,51,0,230,2,10;235,2,0,0,10;5
01_00_230dis02.csv,52,0,230,2,9;235,2,0,0,9;5
01_00_230dis02.csv,53,0,230,2,10;218,2,0,0,10;12
01_00_230dis02.csv,54,0,230,2,10;218,2,0,0,10;12
01_00_230dis02.csv,55,0,230,2,219;9,2,0,0,9;11
01_00_230dis02.csv,56,0,230,2,219;4,2,0,0,4;11
01_00_230dis02.csv,57,0,230,1,226,1,0,1,4
01_00_230dis02.csv,58,0,230,1,226,1,0,1,4
01_00_230dis02.csv,59,0,230,1,226,1,0,1,4
01_00_230dis02.csv,60,0,230,1,226,1,0,1,4
01_00_230dis02.csv,61,0,230,1,226,1,0,1,4
01_00_230dis02.csv,62,0,230,2,5;226,2,0,0,5;4
01_00_230dis02.csv,63,0,230,2,5;226,2,0,0,5;4
01_00_230dis02.csv,64,0,230,2,6;225,2,0,0,6;5
01_00_230dis02.csv,65,0,230,2,5;226,2,0,0,5;4
01_00_230dis02.csv,66,0,230,2,5;226,2,0,0,5;4
01_00_230dis02.csv,67,0,230,2,5;226,2,0,0,5;4
01_00_230dis02.csv,68,0,230,1,3,1,0,1,3
01_00_230dis02.csv,69,0,230,1,3,1,0,1,3
01_00_230dis02.csv,70,0,230,1,3,1,0,1,3
01_00_230dis02.csv,71,0,230,1,3,1,0,1,3
01_00_230dis02.csv,72,0,230,1,3,1,0,1,3
01_00_230dis02.csv,73,0,230,1,3,1,0,1,3
01_00_230dis02.csv,74,0,230,1,12,1,0,1,12
01_00_230dis02.csv,75,0,230,1,12,1,0,1,12
01_00_230dis02.csv,76,0,230,1,12,1,0,1,12
01_00_230dis02.csv,77,0,230,1,12,1,0,1,12
01_00_230dis02.csv,78,0,230,1,12,1,0,1,12
01_00_230dis02.csv,79,0,230,1,12,1,0,1,12
01_00_230dis02.csv,80,0,230,1,12,1,0,1,12
01_00_230dis02.csv,81,0,230,1,8,1,0,1,8
01_00_230dis02.csv,82,0,230,2,235;8,2,0,0,8;5
01_00_230dis02.csv,83,0,230,1,238,1,0,1,8
01_00_230dis02.csv,84,0,230,1,238,1,0,1,8
01_00_230dis02.csv,85,0,230,1,234,1,0,1,4
01_00_230dis02.csv,86,0,230,1,224,1,0,1,6
01_00_230dis02.csv,87,0,230,1,224,1,0,1,6
01_00_230dis02.csv,88,0,230,2,4;224,2,0,0,4;6
01_00_230dis02.csv,89,0,230,2,349;224,2,0,0,11;6
01_00_230dis02.csv,90,0,230,2,3;224,2,0,0,3;6
01_00_230dis02.csv,91,0,230,1,5,1,0,1,5
01_00_230dis02.csv,92,0,230,2,13;222,2,0,0,13;8
01_00_230dis02.csv,93,0,230,2,236;13,2,0,0,13;6
01_00_230dis02.csv,94,0,230,2,235;13,2,0,0,13;5
01_00_230dis02.csv,95,0,230,2,222;13,2,0,0,13;8
01_00_230dis02.csv,96,0,230,1,235,1,0,1,5
01_00_230dis02.csv,97,0,230,1,223,1,0,1,7
01_00_230dis02.csv,98,0,230,2,223;11,2,0,0,11;7
01_00_230dis02.csv,99,0,230,2,223;9,2,0,0,9;7
01_00_230dis02.csv,100,0,230,2,13;223,2,0,0,13;7
01_00_270dis04.csv,1,0,270,1,261,1,0,1,9
01_00_270dis04.csv,2,0,270,2,2;261,2,0,0,2;9
01_00_270dis04.csv,3,0,270,1,9,1,0,1,9
01_00_270dis04.csv,4,0,270,2,9;261,2,0,0,9;9
01_00_270dis04.csv,5,0,270,1,280,1,0,1,10
01_00_270dis04.csv,6,0,270,2,280;23,1,1,1,10
01_00_270dis04.csv,7,0,270,1,278,1,0,1,8
01_00_270dis04.csv,8,0,270,1,278,1,0,1,8
01_00_270dis04.csv,9,0,270,1,276,1,0,1,6
01_00_270dis04.csv,10,0,270,1,276,1,0,1,6
01_00_270dis04.csv,11,0,270,1,276,1,0,1,6
01_00_270dis04.csv,12,0,270,1,276,1,0,1,6
01_00_270dis04.csv,13,0,270,0,,0,0,2,
01_00_270dis04.csv,14,0,270,0,,0,0,2,
01_00_270dis04.csv,15,0,270,0,,0,0,2,
01_00_270dis04.csv,16,0,270,0,,0,0,2,
01_00_270dis04.csv,17,0,270,1,272,1,0,1,2
01_00_270dis04.csv,18,0,270,1,274,1,0,1,4
01_00_270dis04.csv,19,0,270,1,275,1,0,1,5
01_00_270dis04.csv,20,0,270,1,285,1,0,1,15
01_00_270dis04.csv,21,0,270,1,285,1,0,1,15
01_00_270dis04.csv,22,0,270,1,285,1,0,1,15
01_00_270dis04.csv,23,0,270,1,278,1,0,1,8
01_00_270dis04.csv,24,0,270,1,278,1,0,1,8
01_00_270dis04.csv,25,0,270,1,269,1,0,1,1
01_00_270dis04.csv,26,0,270,2,320;269,1,1,1,1
01_00_270dis04.csv,27,0,270,2,320;269,1,1,1,1
01_00_270dis04.csv,28,0,270,2,16;320,0,2,2,
01_00_270dis04.csv,29,0,270,1,17,0,1,2,
01_00_270dis04.csv,30,0,270,2,19;284,1,1,1,14
01_00_270dis04.csv,31,0,270,2,295;19,0,2,2,
01_00_270dis04.csv,32,0,270,1,295,0,1,2,
01_00_270dis04.csv,33,0,270,1,295,0,1,2,
01_00_270dis04.csv,34,0,270,1,295,0,1,2,
01_00_270dis04.csv,35,0,270,1,295,0,1,2,
01_00_270dis04.csv,36,0,270,1,296,0,1,2,
01_00_270dis04.csv,37,0,270,1,15,1,0,1,15
01_00_270dis04.csv,38,0,270,1,12,1,0,1,12
01_00_270dis04.csv,39,0,270,1,12,1,0,1,12
01_00_270dis04.csv,40,0,270,1,12,1,0,1,12
01_00_270dis04.csv,41,0,270,1,12,1,0,1,12
01_00_270dis04.csv,42,0,270,1,12,1,0,1,12
01_00_270dis04.csv,43,0,270,1,10,1,0,1,10
01_00_270dis04.csv,44,0,270,1,41,0,1,2,
01_00_270dis04.csv,45,0,270,1,20,0,1,2,
01_00_270dis04.csv,46,0,270,1,11,1,0,1,11
01_00_270dis04.csv,47,0,270,2,16;279,1,1,1,9
01_00_270dis04.csv,48,0,270,2,16;270,1,1,1,0
01_00_270dis04.csv,49,0,270,2,16;270,1,1,1,0
01_00_270dis04.csv,50,0,270,2,16;270,1,1,1,0
01_00_270dis04.csv,51,0,270,1,274,1,0,1,4
01_00_270dis04.csv,52,0,270,1,262,1,0,1,8
01_00_270dis04.csv,53,0,270,1,262,1,0,1,8
01_00_270dis04.csv,54,0,270,1,262,1,0,1,8
01_00_270dis04.csv,55,0,270,1,291,0,1,2,
01_00_270dis04.csv,56,0,270,1,287,0,1,2,
01_00_270dis04.csv,57,0,270,1,296,0,1,2,
01_00_270dis04.csv,58,0,270,1,274,1,0,1,4
01_00_270dis04.csv,59,0,270,2,274;0,2,0,0,0;4
01_00_270dis04.csv,60,0,270,2,18;274,1,1,1,4
01_00_270dis04.csv,61,0,270,2,18;274,1,1,1,4
01_00_270dis04.csv,62,0,270,1,11,1,0,1,11
01_00_270dis04.csv,63,0,270,1,11,1,0,1,11
01_00_270dis04.csv,64,0,270,1,11,1,0,1,11
01_00_270dis04.csv,65,0,270,2,11;273,2,0,0,11;3
01_00_270dis04.csv,66,0,270,1,9,1,0,1,9
01_00_270dis04.csv,67,0,270,1,11,1,0,1,11
01_00_270dis04.csv,68,0,270,1,11,1,0,1,11
01_00_270dis04.csv,69,0,270,1,11,1,0,1,11
01_00_270dis04.csv,70,0,270,1,11,1,0,1,11
01_00_270dis04.csv,71,0,270,2,11;290,1,1,1,11
01_00_270dis04.csv,72,0,270,2,288;11,1,1,1,11
01_00_270dis04.csv,73,0,270,1,311,0,1,2,
01_00_270dis04.csv,74,0,270,1,311,0,1,2,
01_00_270dis04.csv,75,0,270,1,290,0,1,2,
01_00_270dis04.csv,76,0,270,1,289,0,1,2,
01_00_270dis04.csv,77,0,270,1,296,0,1,2,
01_00_270dis04.csv,78,0,270,1,296,0,1,2,
01_00_270dis04.csv,79,0,270,1,294,0,1,2,
01_00_270dis04.csv,80,0,270,1,293,0,1,2,
01_00_270dis04.csv,81,0,270,1,292,0,1,2,
01_00_270dis04.csv,82,0,270,0,,0,0,2,
01_00_270dis04.csv,83,0,270,0,,0,0,2,
01_00_270dis04.csv,84,0,270,1,273,1,0,1,3
01_00_270dis04.csv,85,0,270,1,288,0,1,2,
01_00_270dis04.csv,86,0,270,1,288,0,1,2,
01_00_270dis04.csv,87,0,270,1,288,0,1,2,
01_00_270dis04.csv,88,0,270,2,295;5,1,1,1,5
01_00_270dis04.csv,89,0,270,2,276;4,2,0,0,4;6
01_00_270dis04.csv,90,0,270,2,287;5,1,1,1,5
01_00_270dis04.csv,91,0,270,2,284;4,2,0,0,4;14
01_00_270dis04.csv,92,0,270,2,287;4,1,1,1,4
01_00_270dis04.csv,93,0,270,1,332,0,1,2,
01_00_270dis04.csv,94,0,270,1,332,0,1,2,
01_00_270dis04.csv,95,0,270,2,10;287,1,1,1,10
01_00_270dis04.csv,96,0,270,2,21;269,1,1,1,1
01_00_270dis04.csv,97,0,270,2,9;275,2,0,0,9;5
01_00_270dis04.csv,98,0,270,2,9;291,1,1,1,9
01_00_270dis04.csv,99,0,270,2,291;9,1,1,1,9
01_00_270dis04.csv,100,0,270,2,275;19,1,1,1,5
01_00_90dis02.csv,1,0,90,0,,0,0,2,
01_00_90dis02.csv,2,0,90,2,2;83,2,0,0,2;7
01_00_90dis02.csv,3,0,90,1,4,1,0,1,4
01_00_90dis02.csv,4,0,90,1,351,1,0,1,9
01_00_90dis02.csv,5,0,90,1,351,1,0,1,9
01_00_90dis02.csv,6,0,90,2,351;91,2,0,0,9;1
01_00_90dis02.csv,7,0,90,2,351;91,2,0,0,9;1
01_00_90dis02.csv,8,0,90,1,3,1,0,1,3
01_00_90dis02.csv,9,0,90,1,4,1,0,1,4
01_00_90dis02.csv,10,0,90,1,4,1,0,1,4
01_00_90dis02.csv,11,0,90,1,4,1,0,1,4
01_00_90dis02.csv,12,0,90,1,3,1,0,1,3
01_00_90dis02.csv,13,0,90,1,4,1,0,1,4
01_00_90dis02.csv,14,0,90,1,4,1,0,1,4
01_00_90dis02.csv,15,0,90,2,86;4,2,0,0,4;4
01_00_90dis02.csv,16,0,90,2,84;355,2,0,0,5;6
01_00_90dis02.csv,17,0,90,2,84;355,2,0,0,5;6
01_00_90dis02.csv,18,0,90,2,83;355,2,0,0,5;7
01_00_90dis02.csv,19,0,90,2,83;3,2,0,0,3;7
01_00_90dis02.csv,20,0,90,2,83;3,2,0,0,3;7
01_00_90dis02.csv,21,0,90,2,83;3,2,0,0,3;7
01_00_90dis02.csv,22,0,90,2,83;3,2,0,0,3;7
01_00_90dis02.csv,23,0,90,1,83,1,0,1,7
01_00_90dis02.csv,24,0,90,1,83,1,0,1,7
01_00_90dis02.csv,25,0,90,2,356;82,2,0,0,4;8
01_00_90dis02.csv,26,0,90,1,349,1,0,1,11
01_00_90dis02.csv,27,0,90,1,349,1,0,1,11
01_00_90dis02.csv,28,0,90,1,349,1,0,1,11
01_00_90dis02.csv,29,0,90,1,349,1,0,1,11
01_00_90dis02.csv,30,0,90,1,349,1,0,1,11
01_00_90dis02.csv,31,0,90,1,349,1,0,1,11
01_00_90dis02.csv,32,0,90,1,8,1,0,1,8
01_00_90dis02.csv,33,0,90,1,8,1,0,1,8
01_00_90dis02.csv,34,0,90,1,8,1,0,1,8
01_00_90dis02.csv,35,0,90,1,8,1,0,1,8
01_00_90dis02.csv,36,0,90,1,8,1,0,1,8
01_00_90dis02.csv,37,0,90,0,,0,0,2,
01_00_90dis02.csv,38,0,90,0,,0,0,2,
01_00_90dis02.csv,39,0,90,1,8,1,0,1,8
01_00_90dis02.csv,40,0,90,1,8,1,0,1,8
01_00_90dis02.csv,41,0,90,1,8,1,0,1,8
01_00_90dis02.csv,42,0,90,1,8,1,0,1,8
01_00_90dis02.csv,43,0,90,1,10,1,0,1,10
01_00_90dis02.csv,44,0,90,1,7,1,0,1,7
01_00_90dis02.csv,45,0,90,1,6,1,0,1,6
01_00_90dis02.csv,46,0,90,1,356,1,0,1,4
01_00_90dis02.csv,47,0,90,1,352,1,0,1,8
01_00_90dis02.csv,48,0,90,1,8,1,0,1,8
01_00_90dis02.csv,49,0,90,1,7,1,0,1,7
01_00_90dis02.csv,50,0,90,1,5,1,0,1,5
01_00_90dis02.csv,51,0,90,1,9,1,0,1,9
01_00_90dis02.csv,52,0,90,1,8,1,0,1,8
01_00_90dis02.csv,53,0,90,1,8,1,0,1,8
01_00_90dis02.csv,54,0,90,1,5,1,0,1,5
01_00_90dis02.csv,55,0,90,1,5,1,0,1,5
01_00_90dis02.csv,56,0,90,1,5,1,0,1,5
01_00_90dis02.csv,57,0,90,2,81;5,2,0,0,5;9
01_00_90dis02.csv,58,0,90,1,80,1,0,1,10
01_00_90dis02.csv,59,0,90,2,81;8,2,0,0,8;9
01_00_90dis02.csv,60,0,90,2,82;6,2,0,0,6;8
01_00_90dis02.csv,61,0,90,2,82;341,1,1,1,8
01_00_90dis02.csv,62,0,90,2,82;341,1,1,1,8
01_00_90dis02.csv,63,0,90,2,349;82,2,0,0,11;8
01_00_90dis02.csv,64,0,90,2,349;82,2,0,0,11;8
01_00_90dis02.csv,65,0,90,2,349;82,2,0,0,11;8
01_00_90dis02.csv,66,0,90,2,349;80,2,0,0,11;10
01_00_90dis02.csv,67,0,90,2,79;353,2,0,0,7;11
01_00_90dis02.csv,68,0,90,2,79;353,2,0,0,7;11
01_00_90dis02.csv,69,0,90,2,79;353,2,0,0,7;11
01_00_90dis02.csv,70,0,90,1,79,1,0,1,11
01_00_90dis02.csv,71,0,90,1,79,1,0,1,11
01_00_90dis02.csv,72,0,90,2,79;349,2,0,0,11;11
01_00_90dis02.csv,73,0,90,2,79;347,2,0,0,13;11
01_00_90dis02.csv,74,0,90,2,6;79,2,0,0,6;11
01_00_90dis02.csv,75,0,90,2,9;79,2,0,0,9;11
01_00_90dis02.csv,76,0,90,2,9;79,2,0,0,9;11
01_00_90dis02.csv,77,0,90,2,84;9,2,0,0,9;6
01_00_90dis02.csv,78,0,90,2,5;84,2,0,0,5;6
01_00_90dis02.csv,79,0,90,2,84;5,2,0,0,5;6
01_00_90dis02.csv,80,0,90,2,84;5,2,0,0,5;6
01_00_90dis02.csv,81,0,90,1,80,1,0,1,10
01_00_90dis02.csv,82,0,90,1,81,1,0,1,9
01_00_90dis02.csv,83,0,90,1,80,1,0,1,10
01_00_90dis02.csv,84,0,90,1,80,1,0,1,10
01_00_90dis02.csv,85,0,90,1,80,1,0,1,10
01_00_90dis02.csv,86,0,90,1,84,1,0,1,6
01_00_90dis02.csv,87,0,90,1,86,1,0,1,4
01_00_90dis02.csv,88,0,90,1,84,1,0,1,6
01_00_90dis02.csv,89,0,90,1,83,1,0,1,7
01_00_90dis02.csv,90,0,90,1,85,1,0,1,5
01_00_90dis02.csv,91,0,90,1,84,1,0,1,6
01_00_90dis02.csv,92,0,90,1,87,1,0,1,3
01_00_90dis02.csv,93,0,90,1,86,1,0,1,4
01_00_90dis02.csv,94,0,90,1,85,1,0,1,5
01_00_90dis02.csv,95,0,90,2,86;356,2,0,0,4;4
01_00_90dis02.csv,96,0,90,2,87;356,2,0,0,4;3
01_00_90dis02.csv,97,0,90,2,85;356,2,0,0,4;5
01_00_90dis02.csv,98,0,90,2,345;87,2,0,0,15;3
01_00_90dis02.csv,99,0,90,2,86;345,2,0,0,15;4
01_00_90dis02.csv,100,0,90,2,85;345,2,0,0,15;5
01_00_90dis03.csv,1,0,90,1,88,1,0,1,2
01_00_90dis03.csv,2,0,90,1,87,1,0,1,3
01_00_90dis03.csv,3,0,90,1,87,1,0,1,3
01_00_90dis03.csv,4,0,90,1,87,1,0,1,3
01_00_90dis03.csv,5,0,90,1,86,1,0,1,4
01_00_90dis03.csv,6,0,90,1,85,1,0,1,5
01_00_90dis03.csv,7,0,90,1,85,1,0,1,5
01_00_90dis03.csv,8,0,90,1,85,1,0,1,5
01_00_90dis03.csv,9,0,90,1,85,1,0,1,5
01_00_90dis03.csv,10,0,90,1,85,1,0,1,5
01_00_90dis03.csv,11,0,90,1,85,1,0,1,5
01_00_90dis03.csv,12,0,90,1,85,1,0,1,5
01_00_90dis03.csv,13,0,90,1,85,1,0,1,5
01_00_90dis03.csv,14,0,90,1,85,1,0,1,5
01_00_90dis03.csv,15,0,90,1,85,1,0,1,5
01_00_90dis03.csv,16,0,90,1,83,1,0,1,7
01_00_90dis03.csv,17,0,90,1,89,1,0,1,1
01_00_90dis03.csv,18,0,90,1,88,1,0,1,2
01_00_90dis03.csv,19,0,90,2,90;7,2,0,0,7;0
01_00_90dis03.csv,20,0,90,1,90,1,0,1,0
01_00_90dis03.csv,21,0,90,1,90,1,0,1,0
01_00_90dis03.csv,22,0,90,1,90,1,0,1,0
01_00_90dis03.csv,23,0,90,1,90,1,0,1,0
01_00_90dis03.csv,24,0,90,2,90;6,2,0,0,6;0
01_00_90dis03.csv,25,0,90,2,6;89,2,0,0,6;1
01_00_90dis03.csv,26,0,90,2,4;91,2,0,0,4;1
01_00_90dis03.csv,27,0,90,1,4,1,0,1,4
01_00_90dis03.csv,28,0,90,1,3,1,0,1,3
01_00_90dis03.csv,29,0,90,1,3,1,0,1,3
01_00_90dis03.csv,30,0,90,1,14,1,0,1,14
01_00_90dis03.csv,31,0,90,1,14,1,0,1,14
01_00_90dis03.csv,32,0,90,1,14,1,0,1,14
01_00_90dis03.csv,33,0,90,1,14,1,0,1,14
01_00_90dis03.csv,34,0,90,1,14,1,0,1,14
01_00_90dis03.csv,35,0,90,1,14,1,0,1,14
01_00_90dis03.csv,36,0,90,1,14,1,0,1,14
01_00_90dis03.csv,37,0,90,1,10,1,0,1,10
01_00_90dis03.csv,38,0,90,1,10,1,0,1,10
01_00_90dis03.csv,39,0,90,1,11,1,0,1,11
01_00_90dis03.csv,40,0,90,1,11,1,0,1,11
01_00_90dis03.csv,41,0,90,1,11,1,0,1,11
01_00_90dis03.csv,42,0,90,1,11,1,0,1,11
01_00_90dis03.csv,43,0,90,1,12,1,0,1,12
01_00_90dis03.csv,44,0,90,1,18,0,1,2,
01_00_90dis03.csv,45,0,90,1,21,0,1,2,
01_00_90dis03.csv,46,0,90,1,21,0,1,2,
01_00_90dis03.csv,47,0,90,1,15,1,0,1,15
01_00_90dis03.csv,48,0,90,1,16,0,1,2,
01_00_90dis03.csv,49,0,90,1,16,0,1,2,
01_00_90dis03.csv,50,0,90,1,20,0,1,2,
01_00_90dis03.csv,51,0,90,1,17,0,1,2,
01_00_90dis03.csv,52,0,90,2,26;80,1,1,1,10
01_00_90dis03.csv,53,0,90,2,90;26,1,1,1,0
01_00_90dis03.csv,54,0,90,1,90,1,0,1,0
01_00_90dis03.csv,55,0,90,1,93,1,0,1,3
01_00_90dis03.csv,56,0,90,1,91,1,0,1,1
01_00_90dis03.csv,57,0,90,1,93,1,0,1,3
01_00_90dis03.csv,58,0,90,1,93,1,0,1,3
01_00_90dis03.csv,59,0,90,1,93,1,0,1,3
01_00_90dis03.csv,60,0,90,1,92,1,0,1,2
01_00_90dis03.csv,61,0,90,1,91,1,0,1,1
01_00_90dis03.csv,62,0,90,1,91,1,0,1,1
01_00_90dis03.csv,63,0,90,1,91,1,0,1,1
01_00_90dis03.csv,64,0,90,1,91,1,0,1,1
01_00_90dis03.csv,65,0,90,1,91,1,0,1,1
01_00_90dis03.csv,66,0,90,2,91;357,2,0,0,3;1
01_00_90dis03.csv,67,0,90,2,12;91,2,0,0,12;1
01_00_90dis03.csv,68,0,90,2,12;91,2,0,0,12;1
01_00_90dis03.csv,69,0,90,1,11,1,0,1,11
01_00_90dis03.csv,70,0,90,1,10,1,0,1,10
01_00_90dis03.csv,71,0,90,1,10,1,0,1,10
01_00_90dis03.csv,72,0,90,1,12,1,0,1,12
01_00_90dis03.csv,73,0,90,1,13,1,0,1,13
01_00_90dis03.csv,74,0,90,1,5,1,0,1,5
01_00_90dis03.csv,75,0,90,1,3,1,0,1,3
01_00_90dis03.csv,76,0,90,1,10,1,0,1,10
01_00_90dis03.csv,77,0,90,1,10,1,0,1,10
01_00_90dis03.csv,78,0,90,2,88;10,2,0,0,10;2
01_00_90dis03.csv,79,0,90,2,88;10,2,0,0,10;2
01_00_90dis03.csv,80,0,90,2,88;9,2,0,0,9;2
01_00_90dis03.csv,81,0,90,2,1;88,2,0,0,1;2
01_00_90dis03.csv,82,0,90,2,1;88,2,0,0,1;2
01_00_90dis03.csv,83,0,90,2,1;88,2,0,0,1;2
01_00_90dis03.csv,84,0,90,2,85;1,2,0,0,1;5
01_00_90dis03.csv,85,0,90,2,92;1,2,0,0,1;2
01_00_90dis03.csv,86,0,90,1,92,1,0,1,2
01_00_90dis03.csv,87,0,90,1,87,1,0,1,3
01_00_90dis03.csv,88,0,90,1,87,1,0,1,3
01_00_90dis03.csv,89,0,90,1,87,1,0,1,3
01_00_90dis03.csv,90,0,90,1,87,1,0,1,3
01_00_90dis03.csv,91,0,90,1,88,1,0,1,2
01_00_90dis03.csv,92,0,90,1,92,1,0,1,2
01_00_90dis03.csv,93,0,90,1,94,1,0,1,4
01_00_90dis03.csv,94,0,90,1,94,1,0,1,4
01_00_90dis03.csv,95,0,90,2,94;1,2,0,0,1;4
01_00_90dis03.csv,96,0,90,2,6;94,2,0,0,6;4
01_00_90dis03.csv,97,0,90,2,10;94,2,0,0,10;4
01_00_90dis03.csv,98,0,90,2,10;78,2,0,0,10;12
01_00_90dis03.csv,99,0,90,2,10;81,2,0,0,10;9
01_00_90dis03.csv,100,0,90,2,10;81,2,0,0,10;9
01_180_330dis02.csv,1,180,330,1,167,1,0,1,13
01_180_330dis02.csv,2,180,330,1,167,1,0,1,13
01_180_330dis02.csv,3,180,330,1,167,1,0,1,13
01_180_330dis02.csv,4,180,330,1,167,1,0,1,13
01_180_330dis02.csv,5,180,330,1,167,1,0,1,13
01_180_330dis02.csv,6,180,330,1,167,1,0,1,13
01_180_330dis02.csv,7,180,330,1,160,0,1,2,
01_180_330dis02.csv,8,180,330,1,164,0,1,2,
01_180_330dis02.csv,9,180,330,1,167,1,0,1,13
01_180_330dis02.csv,10,180,330,1,166,1,0,1,14
01_180_330dis02.csv,11,180,330,1,166,1,0,1,14
01_180_330dis02.csv,12,180,330,1,166,1,0,1,14
01_180_330dis02.csv,13,180,330,1,154,0,1,2,
01_180_330dis02.csv,14,180,330,1,164,0,1,2,
01_180_330dis02.csv,15,180,330,1,181,1,0,1,1
01_180_330dis02.csv,16,180,330,1,170,1,0,1,10
01_180_330dis02.csv,17,180,330,1,170,1,0,1,10
01_180_330dis02.csv,18,180,330,1,170,1,0,1,10
01_180_330dis02.csv,19,180,330,1,170,1,0,1,10
01_180_330dis02.csv,20,180,330,2,343;170,2,0,0,10;13
01_180_330dis02.csv,21,180,330,2,343;170,2,0,0,10;13
01_180_330dis02.csv,22,180,330,2,170;343,2,0,0,10;13
01_180_330dis02.csv,23,180,330,2,170;330,2,0,0,10;0
01_180_330dis02.csv,24,180,330,2,170;343,2,0,0,10;13
01_180_330dis02.csv,25,180,330,2,164;347,0,2,2,
01_180_330dis02.csv,26,180,330,2,171;347,1,1,1,9
01_180_330dis02.csv,27,180,330,1,171,1,0,1,9
01_180_330dis02.csv,28,180,330,1,171,1,0,1,9
01_180_330dis02.csv,29,180,330,1,174,1,0,1,6
01_180_330dis02.csv,30,180,330,2,342;174,2,0,0,6;12
01_180_330dis02.csv,31,180,330,1,344,1,0,1,14
01_180_330dis02.csv,32,180,330,2,344;169,2,0,0,11;14
01_180_330dis02.csv,33,180,330,2,342;170,2,0,0,10;12
01_180_330dis02.csv,34,180,330,2,170;342,2,0,0,10;12
01_180_330dis02.csv,35,180,330,2,169;342,2,0,0,11;12
01_180_330dis02.csv,36,180,330,2,170;342,2,0,0,10;12
01_180_330dis02.csv,37,180,330,2,170;342,2,0,0,10;12
01_180_330dis02.csv,38,180,330,1,174,1,0,1,6
01_180_330dis02.csv,39,180,330,1,174,1,0,1,6
01_180_330dis02.csv,40,180,330,1,174,1,0,1,6
01_180_330dis02.csv,41,180,330,1,171,1,0,1,9
01_180_330dis02.csv,42,180,330,2,171;344,2,0,0,9;14
01_180_330dis02.csv,43,180,330,2,171;341,2,0,0,9;11
01_180_330dis02.csv,44,180,330,2,172;341,2,0,0,8;11
01_180_330dis02.csv,45,180,330,1,165,1,0,1,15
01_180_330dis02.csv,46,180,330,1,169,1,0,1,11
01_180_330dis02.csv,47,180,330,2,170;343,2,0,0,10;13
01_180_330dis02.csv,48,180,330,2,169;342,2,0,0,11;12
01_180_330dis02.csv,49,180,330,2,169;342,2,0,0,11;12
01_180_330dis02.csv,50,180,330,2,342;169,2,0,0,11;12
01_180_330dis02.csv,51,180,330,2,342;169,2,0,0,11;12
01_180_330dis02.csv,52,180,330,2,171;339,2,0,0,9;9
01_180_330dis02.csv,53,180,330,2,171;339,2,0,0,9;9
01_180_330dis02.csv,54,180,330,1,172,1,0,1,8
01_180_330dis02.csv,55,180,330,1,164,0,1,2,
01_180_330dis02.csv,56,180,330,1,186,1,0,1,6
01_180_330dis02.csv,57,180,330,1,171,1,0,1,9
01_180_330dis02.csv,58,180,330,1,170,1,0,1,10
01_180_330dis02.csv,59,180,330,2,170;343,2,0,0,10;13
01_180_330dis02.csv,60,180,330,2,342;170,2,0,0,10;12
01_180_330dis02.csv,61,180,330,2,342;170,2,0,0,10;12
01_180_330dis02.csv,62,180,330,2,165;342,2,0,0,15;12
01_180_330dis02.csv,63,180,330,2,165;342,2,0,0,15;12
01_180_330dis02.csv,64,180,330,1,165,1,0,1,15
01_180_330dis02.csv,65,180,330,1,165,1,0,1,15
01_180_330dis02.csv,66,180,330,1,174,1,0,1,6
01_180_330dis02.csv,67,180,330,1,165,1,0,1,15
01_180_330dis02.csv,68,180,330,1,165,1,0,1,15
01_180_330dis02.csv,69,180,330,1,173,1,0,1,7
01_180_330dis02.csv,70,180,330,1,164,0,1,2,
01_180_330dis02.csv,71,180,330,1,164,0,1,2,
01_180_330dis02.csv,72,180,330,1,164,0,1,2,
01_180_330dis02.csv,73,180,330,1,164,0,1,2,
01_180_330dis02.csv,74,180,330,1,164,0,1,2,
01_180_330dis02.csv,75,180,330,1,164,0,1,2,
01_180_330dis02.csv,76,180,330,1,164,0,1,2,
01_180_330dis02.csv,77,180,330,1,164,0,1,2,
01_180_330dis02.csv,78,180,330,1,164,0,1,2,
01_180_330dis02.csv,79,180,330,2,345;164,1,1,1,15
01_180_330dis02.csv,80,180,330,1,345,1,0,1,15
01_180_330dis02.csv,81,180,330,2,345;162,1,1,1,15
01_180_330dis02.csv,82,180,330,2,167;345,2,0,0,13;15
01_180_330dis02.csv,83,180,330,2,168;345,2,0,0,12;15
01_180_330dis02.csv,84,180,330,2,168;345,2,0,0,12;15
01_180_330dis02.csv,85,180,330,1,168,1,0,1,12
01_180_330dis02.csv,86,180,330,1,168,1,0,1,12
01_180_330dis02.csv,87,180,330,2,168;350,1,1,1,12
01_180_330dis02.csv,88,180,330,2,168;337,2,0,0,12;7
01_180_330dis02.csv,89,180,330,2,341;169,2,0,0,11;11
01_180_330dis02.csv,90,180,330,2,341;169,2,0,0,11;11
01_180_330dis02.csv,91,180,330,2,341;169,2,0,0,11;11
01_180_330dis02.csv,92,180,330,1,342,1,0,1,12
01_180_330dis02.csv,93,180,330,1,339,1,0,1,9
01_180_330dis02.csv,94,180,330,1,342,1,0,1,12
01_180_330dis02.csv,95,180,330,1,342,1,0,1,12
01_180_330dis02.csv,96,180,330,1,342,1,0,1,12
01_180_330dis02.csv,97,180,330,1,342,1,0,1,12
01_180_330dis02.csv,98,180,330,1,342,1,0,1,12
01_180_330dis02.csv,99,180,330,2,167;342,2,0,0,13;12
01_180_330dis02.csv,100,180,330,1,156,0,1,2,
01_30_150dis02.csv,1,30,150,2,21;135,2,0,0,9;15
01_30_150dis02.csv,2,30,150,1,22,1,0,1,8
01_30_150dis02.csv,3,30,150,1,22,1,0,1,8
01_30_150dis02.csv,4,30,150,1,21,1,0,1,9
01_30_150dis02.csv,5,30,150,1,21,1,0,1,9
01_30_150dis02.csv,6,30,150,1,21,1,0,1,9
01_30_150dis02.csv,7,30,150,2,21;129,1,1,1,9
01_30_150dis02.csv,8,30,150,2,21;127,1,1,1,9
01_30_150dis02.csv,9,30,150,2,21;143,2,0,0,9;7
01_30_150dis02.csv,10,30,150,1,140,1,0,1,10
01_30_150dis02.csv,11,30,150,2,18;140,2,0,0,12;10
01_30_150dis02.csv,12,30,150,1,19,1,0,1,11
01_30_150dis02.csv,13,30,150,1,19,1,0,1,11
01_30_150dis02.csv,14,30,150,1,20,1,0,1,10
01_30_150dis02.csv,15,30,150,1,20,1,0,1,10
01_30_150dis02.csv,16,30,150,1,20,1,0,1,10
01_30_150dis02.csv,17,30,150,1,20,1,0,1,10
01_30_150dis02.csv,18,30,150,2,20;144,2,0,0,10;6
01_30_150dis02.csv,19,30,150,2,135;20,2,0,0,10;15
01_30_150dis02.csv,20,30,150,2,135;32,2,0,0,2;15
01_30_150dis02.csv,21,30,150,2,32;135,2,0,0,2;15
01_30_150dis02.csv,22,30,150,2,21;135,2,0,0,9;15
01_30_150dis02.csv,23,30,150,2,21;135,2,0,0,9;15
01_30_150dis02.csv,24,30,150,2,134;21,1,1,1,9
01_30_150dis02.csv,25,30,150,2,135;21,2,0,0,9;15
01_30_150dis02.csv,26,30,150,2,135;21,2,0,0,9;15
01_30_150dis02.csv,27,30,150,2,135;24,2,0,0,6;15
01_30_150dis02.csv,28,30,150,2,24;135,2,0,0,6;15
01_30_150dis02.csv,29,30,150,2,24;135,2,0,0,6;15
01_30_150dis02.csv,30,30,150,2,28;135,2,0,0,2;15
01_30_150dis02.csv,31,30,150,1,20,1,0,1,10
01_30_150dis02.csv,32,30,150,2,20;154,2,0,0,10;4
01_30_150dis02.csv,33,30,150,2,20;156,2,0,0,10;6
01_30_150dis02.csv,34,30,150,2,21;156,2,0,0,9;6
01_30_150dis02.csv,35,30,150,2,132;21,1,1,1,9
01_30_150dis02.csv,36,30,150,1,139,1,0,1,11
01_30_150dis02.csv,37,30,150,1,130,0,1,2,
01_30_150dis02.csv,38,30,150,1,132,0,1,2,
01_30_150dis02.csv,39,30,150,1,132,0,1,2,
01_30_150dis02.csv,40,30,150,1,138,1,0,1,12
01_30_150dis02.csv,41,30,150,1,138,1,0,1,12
01_30_150dis02.csv,42,30,150,1,138,1,0,1,12
01_30_150dis02.csv,43,30,150,1,138,1,0,1,12
01_30_150dis02.csv,44,30,150,1,138,1,0,1,12
01_30_150dis02.csv,45,30,150,1,135,1,0,1,15
01_30_150dis02.csv,46,30,150,1,134,0,1,2,
01_30_150dis02.csv,47,30,150,1,134,0,1,2,
01_30_150dis02.csv,48,30,150,1,134,0,1,2,
01_30_150dis02.csv,49,30,150,1,134,0,1,2,
01_30_150dis02.csv,50,30,150,1,134,0,1,2,
01_30_150dis02.csv,51,30,150,2,27;134,1,1,1,3
01_30_150dis02.csv,52,30,150,1,25,1,0,1,5
01_30_150dis02.csv,53,30,150,1,23,1,0,1,7
01_30_150dis02.csv,54,30,150,1,24,1,0,1,6
01_30_150dis02.csv,55,30,150,1,21,1,0,1,9
01_30_150dis02.csv,56,30,150,2,22;146,2,0,0,8;4
01_30_150dis02.csv,57,30,150,1,19,1,0,1,11
01_30_150dis02.csv,58,30,150,1,19,1,0,1,11
01_30_150dis02.csv,59,30,150,1,19,1,0,1,11
01_30_150dis02.csv,60,30,150,1,19,1,0,1,11
01_30_150dis02.csv,61,30,150,1,19,1,0,1,11
01_30_150dis02.csv,62,30,150,1,19,1,0,1,11
01_30_150dis02.csv,63,30,150,1,20,1,0,1,10
01_30_150dis02.csv,64,30,150,1,19,1,0,1,11
01_30_150dis02.csv,65,30,150,1,16,1,0,1,14
01_30_150dis02.csv,66,30,150,1,20,1,0,1,10
01_30_150dis02.csv,67,30,150,2,125;20,1,1,1,10
01_30_150dis02.csv,68,30,150,2,127;20,1,1,1,10
01_30_150dis02.csv,69,30,150,1,135,1,0,1,15
01_30_150dis02.csv,70,30,150,1,135,1,0,1,15
01_30_150dis02.csv,71,30,150,1,135,1,0,1,15
01_30_150dis02.csv,72,30,150,1,135,1,0,1,15
01_30_150dis02.csv,73,30,150,2,135;27,2,0,0,3;15
01_30_150dis02.csv,74,30,150,2,135;27,2,0,0,3;15
01_30_150dis02.csv,75,30,150,2,135;27,2,0,0,3;15
01_30_150dis02.csv,76,30,150,2,135;27,2,0,0,3;15
01_30_150dis02.csv,77,30,150,2,26;134,1,1,1,4
01_30_150dis02.csv,78,30,150,2,20;153,2,0,0,10;3
01_30_150dis02.csv,79,30,150,2,17;153,2,0,0,13;3
01_30_150dis02.csv,80,30,150,1,24,1,0,1,6
01_30_150dis02.csv,81,30,150,1,23,1,0,1,7
01_30_150dis02.csv,82,30,150,2,24;121,1,1,1,6
01_30_150dis02.csv,83,30,150,2,24;139,2,0,0,6;11
01_30_150dis02.csv,84,30,150,2,133;24,1,1,1,6
01_30_150dis02.csv,85,30,150,2,133;24,1,1,1,6
01_30_150dis02.csv,86,30,150,2,133;25,1,1,1,5
01_30_150dis02.csv,87,30,150,2,133;25,1,1,1,5
01_30_150dis02.csv,88,30,150,2,133;25,1,1,1,5
01_30_150dis02.csv,89,30,150,1,133,0,1,2,
01_30_150dis02.csv,90,30,150,1,133,0,1,2,
01_30_150dis02.csv,91,30,150,1,133,0,1,2,
01_30_150dis02.csv,92,30,150,1,133,0,1,2,
01_30_150dis02.csv,93,30,150,1,133,0,1,2,
01_30_150dis02.csv,94,30,150,1,133,0,1,2,
01_30_150dis02.csv,95,30,150,2,133;15,1,1,1,15
01_30_150dis02.csv,96,30,150,2,133;27,1,1,1,3
01_30_150dis02.csv,97,30,150,2,27;133,1,1,1,3
01_30_150dis02.csv,98,30,150,1,134,0,1,2,
01_30_150dis02.csv,99,30,150,1,134,0,1,2,
01_30_150dis02.csv,100,30,150,1,135,1,0,1,15
01_30_150dis04.csv,1,30,150,2,47;150,1,1,1,0
01_30_150dis04.csv,2,30,150,1,47,0,1,2,
01_30_150dis04.csv,3,30,150,1,47,0,1,2,
01_30_150dis04.csv,4,30,150,1,47,0,1,2,
01_30_150dis04.csv,5,30,150,1,54,0,1,2,
01_30_150dis04.csv,6,30,150,1,54,0,1,2,
01_30_150dis04.csv,7,30,150,1,54,0,1,2,
01_30_150dis04.csv,8,30,150,1,54,0,1,2,
01_30_150dis04.csv,9,30,150,1,55,0,1,2,
01_30_150dis04.csv,10,30,150,1,54,0,1,2,
01_30_150dis04.csv,11,30,150,1,49,0,1,2,
01_30_150dis04.csv,12,30,150,1,63,0,1,2,
01_30_150dis04.csv,13,30,150,1,49,0,1,2,
01_30_150dis04.csv,14,30,150,1,37,1,0,1,7
01_30_150dis04.csv,15,30,150,1,35,1,0,1,5
01_30_150dis04.csv,16,30,150,1,35,1,0,1,5
01_30_150dis04.csv,17,30,150,1,41,1,0,1,11
01_30_150dis04.csv,18,30,150,1,41,1,0,1,11
01_30_150dis04.csv,19,30,150,1,41,1,0,1,11
01_30_150dis04.csv,20,30,150,1,42,1,0,1,12
01_30_150dis04.csv,21,30,150,2,56;134,0,2,2,
01_30_150dis04.csv,22,30,150,2,47;125,0,2,2,
01_30_150dis04.csv,23,30,150,2,130;60,0,2,2,
01_30_150dis04.csv,24,30,150,2,130;47,0,2,2,
01_30_150dis04.csv,25,30,150,2,130;47,0,2,2,
01_30_150dis04.csv,26,30,150,2,49;130,0,2,2,
01_30_150dis04.csv,27,30,150,2,49;161,1,1,1,11
01_30_150dis04.csv,28,30,150,2,162;49,1,1,1,12
01_30_150dis04.csv,29,30,150,2,160;49,1,1,1,10
01_30_150dis04.csv,30,30,150,2,161;49,1,1,1,11
01_30_150dis04.csv,31,30,150,2,161;49,1,1,1,11
01_30_150dis04.csv,32,30,150,2,161;49,1,1,1,11
01_30_150dis04.csv,33,30,150,2,161;49,1,1,1,11
01_30_150dis04.csv,34,30,150,1,161,1,0,1,11
01_30_150dis04.csv,35,30,150,1,161,1,0,1,11
01_30_150dis04.csv,36,30,150,1,161,1,0,1,11
01_30_150dis04.csv,37,30,150,1,36,1,0,1,6
01_30_150dis04.csv,38,30,150,1,36,1,0,1,6
01_30_150dis04.csv,39,30,150,2,51;155,1,1,1,5
01_30_150dis04.csv,40,30,150,1,54,0,1,2,
01_30_150dis04.csv,41,30,150,2,166;54,0,2,2,
01_30_150dis04.csv,42,30,150,2,166;54,0,2,2,
01_30_150dis04.csv,43,30,150,2,166;54,0,2,2,
01_30_150dis04.csv,44,30,150,1,166,0,1,2,
01_30_150dis04.csv,45,30,150,1,195,0,1,2,
01_30_150dis04.csv,46,30,150,1,166,0,1,2,
01_30_150dis04.csv,47,30,150,1,166,0,1,2,
01_30_150dis04.csv,48,30,150,1,135,1,0,1,15
01_30_150dis04.csv,49,30,150,1,135,1,0,1,15
01_30_150dis04.csv,50,30,150,1,135,1,0,1,15
01_30_150dis04.csv,51,30,150,1,132,0,1,2,
01_30_150dis04.csv,52,30,150,1,137,1,0,1,13
01_30_150dis04.csv,53,30,150,1,137,1,0,1,13
01_30_150dis04.csv,54,30,150,2,137;63,1,1,1,13
01_30_150dis04.csv,55,30,150,1,161,1,0,1,11
01_30_150dis04.csv,56,30,150,1,160,1,0,1,10
01_30_150dis04.csv,57,30,150,1,155,1,0,1,5
01_30_150dis04.csv,58,30,150,2,29;154,2,0,0,1;4
01_30_150dis04.csv,59,30,150,2,29;164,2,0,0,1;14
01_30_150dis04.csv,60,30,150,2,29;164,2,0,0,1;14
01_30_150dis04.csv,61,30,150,1,33,1,0,1,3
01_30_150dis04.csv,62,30,150,1,31,1,0,1,1
01_30_150dis04.csv,63,30,150,1,31,1,0,1,1
01_30_150dis04.csv,64,30,150,2,32;136,2,0,0,2;14
01_30_150dis04.csv,65,30,150,1,32,1,0,1,2
01_30_150dis04.csv,66,30,150,1,31,1,0,1,1
01_30_150dis04.csv,67,30,150,1,31,1,0,1,1
01_30_150dis04.csv,68,30,150,2,31;155,2,0,0,1;5
01_30_150dis04.csv,69,30,150,2,31;155,2,0,0,1;5
01_30_150dis04.csv,70,30,150,2,31;155,2,0,0,1;5
01_30_150dis04.csv,71,30,150,2,31;155,2,0,0,1;5
01_30_150dis04.csv,72,30,150,2,151;31,2,0,0,1;1
01_30_150dis04.csv,73,30,150,2,160;31,2,0,0,1;10
01_30_150dis04.csv,74,30,150,1,154,1,0,1,4
01_30_150dis04.csv,75,30,150,1,154,1,0,1,4
01_30_150dis04.csv,76,30,150,1,137,1,0,1,13
01_30_150dis04.csv,77,30,150,1,134,0,1,2,
01_30_150dis04.csv,78,30,150,2,127;36,1,1,1,6
01_30_150dis04.csv,79,30,150,2,127;36,1,1,1,6
01_30_150dis04.csv,80,30,150,2,127;36,1,1,1,6
01_30_150dis04.csv,81,30,150,2,127;36,1,1,1,6
01_30_150dis04.csv,82,30,150,2,127;36,1,1,1,6
01_30_150dis04.csv,83,30,150,1,38,1,0,1,8
01_30_150dis04.csv,84,30,150,1,38,1,0,1,8
01_30_150dis04.csv,85,30,150,1,27,1,0,1,3
01_30_150dis04.csv,86,30,150,1,27,1,0,1,3
01_30_150dis04.csv,87,30,150,1,34,1,0,1,4
01_30_150dis04.csv,88,30,150,1,34,1,0,1,4
01_30_150dis04.csv,89,30,150,1,34,1,0,1,4
01_30_150dis04.csv,90,30,150,1,34,1,0,1,4
01_30_150dis04.csv,91,30,150,2,144;34,2,0,0,4;6
01_30_150dis04.csv,92,30,150,1,135,1,0,1,15
01_30_150dis04.csv,93,30,150,1,125,0,1,2,
01_30_150dis04.csv,94,30,150,1,146,1,0,1,4
01_30_150dis04.csv,95,30,150,1,146,1,0,1,4
01_30_150dis04.csv,96,30,150,1,145,1,0,1,5
01_30_150dis04.csv,97,30,150,1,145,1,0,1,5
01_30_150dis04.csv,98,30,150,1,145,1,0,1,5
01_30_150dis04.csv,99,30,150,1,145,1,0,1,5
01_30_150dis04.csv,100,30,150,1,146,1,0,1,4
01_30_180dis02.csv,1,30,180,2,30;179,2,0,0,0;1
01_30_180dis02.csv,2,30,180,2,30;179,2,0,0,0;1
01_30_180dis02.csv,3,30,180,2,181;32,2,0,0,2;1
01_30_180dis02.csv,4,30,180,2,179;33,2,0,0,3;1
01_30_180dis02.csv,5,30,180,2,179;33,2,0,0,3;1
01_30_180dis02.csv,6,30,180,2,179;33,2,0,0,3;1
01_30_180dis02.csv,7,30,180,1,179,1,0,1,1
01_30_180dis02.csv,8,30,180,1,179,1,0,1,1
01_30_180dis02.csv,9,30,180,1,179,1,0,1,1
01_30_180dis02.csv,10,30,180,1,179,1,0,1,1
01_30_180dis02.csv,11,30,180,1,179,1,0,1,1
01_30_180dis02.csv,12,30,180,1,179,1,0,1,1
01_30_180dis02.csv,13,30,180,1,179,1,0,1,1
01_30_180dis02.csv,14,30,180,1,169,1,0,1,11
01_30_180dis02.csv,15,30,180,1,187,1,0,1,7
01_30_180dis02.csv,16,30,180,1,182,1,0,1,2
01_30_180dis02.csv,17,30,180,1,187,1,0,1,7
01_30_180dis02.csv,18,30,180,1,187,1,0,1,7
01_30_180dis02.csv,19,30,180,1,177,1,0,1,3
01_30_180dis02.csv,20,30,180,2,185;32,2,0,0,2;5
01_30_180dis02.csv,21,30,180,2,176;31,2,0,0,1;4
01_30_180dis02.csv,22,30,180,2,180;30,2,0,0,0;0
01_30_180dis02.csv,23,30,180,2,180;30,2,0,0,0;0
01_30_180dis02.csv,24,30,180,2,30;180,2,0,0,0;0
01_30_180dis02.csv,25,30,180,2,31;177,2,0,0,1;3
01_30_180dis02.csv,26,30,180,2,31;177,2,0,0,1;3
01_30_180dis02.csv,27,30,180,2,31;177,2,0,0,1;3
01_30_180dis02.csv,28,30,180,2,25;185,2,0,0,5;5
01_30_180dis02.csv,29,30,180,2,24;185,2,0,0,6;5
01_30_180dis02.csv,30,30,180,2,23;175,2,0,0,7;5
01_30_180dis02.csv,31,30,180,2,24;185,2,0,0,6;5
01_30_180dis02.csv,32,30,180,2,24;185,2,0,0,6;5
01_30_180dis02.csv,33,30,180,2,24;175,2,0,0,6;5
01_30_180dis02.csv,34,30,180,1,24,1,0,1,6
01_30_180dis02.csv,35,30,180,1,25,1,0,1,5
01_30_180dis02.csv,36,30,180,1,26,1,0,1,4
01_30_180dis02.csv,37,30,180,2,26;175,2,0,0,4;5
01_30_180dis02.csv,38,30,180,2,26;177,2,0,0,4;3
01_30_180dis02.csv,39,30,180,1,34,1,0,1,4
01_30_180dis02.csv,40,30,180,1,31,1,0,1,1
01_30_180dis02.csv,41,30,180,1,31,1,0,1,1
01_30_180dis02.csv,42,30,180,1,31,1,0,1,1
01_30_180dis02.csv,43,30,180,1,32,1,0,1,2
01_30_180dis02.csv,44,30,180,2,32;189,2,0,0,2;9
01_30_180dis02.csv,45,30,180,2,31;183,2,0,0,1;3
01_30_180dis02.csv,46,30,180,2,31;183,2,0,0,1;3
01_30_180dis02.csv,47,30,180,2,183;31,2,0,0,1;3
01_30_180dis02.csv,48,30,180,2,178;31,2,0,0,1;2
01_30_180dis02.csv,49,30,180,2,179;16,2,0,0,14;1
01_30_180dis02.csv,50,30,180,2,29;179,2,0,0,1;1
01_30_180dis02.csv,51,30,180,2,29;179,2,0,0,1;1
01_30_180dis02.csv,52,30,180,2,30;180,2,0,0,0;0
01_30_180dis02.csv,53,30,180,2,30;180,2,0,0,0;0
01_30_180dis02.csv,54,30,180,2,180;30,2,0,0,0;0
01_30_180dis02.csv,55,30,180,2,180;30,2,0,0,0;0
01_30_180dis02.csv,56,30,180,2,26;180,2,0,0,4;0
01_30_180dis02.csv,57,30,180,2,23;180,2,0,0,7;0
01_30_180dis02.csv,58,30,180,1,23,1,0,1,7
01_30_180dis02.csv,59,30,180,1,23,1,0,1,7
01_30_180dis02.csv,60,30,180,1,23,1,0,1,7
01_30_180dis02.csv,61,30,180,1,23,1,0,1,7
01_30_180dis02.csv,62,30,180,1,23,1,0,1,7
01_30_180dis02.csv,63,30,180,2,23;168,2,0,0,7;12
01_30_180dis02.csv,64,30,180,2,187;23,2,0,0,7;7
01_30_180dis02.csv,65,30,180,2,187;23,2,0,0,7;7
01_30_180dis02.csv,66,30,180,2,187;23,2,0,0,7;7
01_30_180dis02.csv,67,30,180,2,187;23,2,0,0,7;7
01_30_180dis02.csv,68,30,180,2,186;23,2,0,0,7;6
01_30_180dis02.csv,69,30,180,1,187,1,0,1,7
01_30_180dis02.csv,70,30,180,1,187,1,0,1,7
01_30_180dis02.csv,71,30,180,1,186,1,0,1,6
01_30_180dis02.csv,72,30,180,1,175,1,0,1,5
01_30_180dis02.csv,73,30,180,1,175,1,0,1,5
01_30_180dis02.csv,74,30,180,0,,0,0,2,
01_30_180dis02.csv,75,30,180,0,,0,0,2,
01_30_180dis02.csv,76,30,180,1,181,1,0,1,1
01_30_180dis02.csv,77,30,180,1,183,1,0,1,3
01_30_180dis02.csv,78,30,180,1,181,1,0,1,1
01_30_180dis02.csv,79,30,180,1,181,1,0,1,1
01_30_180dis02.csv,80,30,180,1,183,1,0,1,3
01_30_180dis02.csv,81,30,180,1,183,1,0,1,3
01_30_180dis02.csv,82,30,180,1,183,1,0,1,3
01_30_180dis02.csv,83,30,180,1,183,1,0,1,3
01_30_180dis02.csv,84,30,180,1,183,1,0,1,3
01_30_180dis02.csv,85,30,180,1,183,1,0,1,3
01_30_180dis02.csv,86,30,180,1,183,1,0,1,3
01_30_180dis02.csv,87,30,180,1,183,1,0,1,3
01_30_180dis02.csv,88,30,180,1,183,1,0,1,3
01_30_180dis02.csv,89,30,180,1,25,1,0,1,5
01_30_180dis02.csv,90,30,180,1,28,1,0,1,2
01_30_180dis02.csv,91,30,180,1,28,1,0,1,2
01_30_180dis02.csv,92,30,180,1,28,1,0,1,2
01_30_180dis02.csv,93,30,180,1,25,1,0,1,5
01_30_180dis02.csv,94,30,180,1,23,1,0,1,7
01_30_180dis02.csv,95,30,180,1,23,1,0,1,7
01_30_180dis02.csv,96,30,180,1,23,1,0,1,7
01_30_180dis02.csv,97,30,180,1,25,1,0,1,5
01_30_180dis02.csv,98,30,180,1,27,1,0,1,3
01_30_180dis02.csv,99,30,180,1,24,1,0,1,6
01_30_180dis02.csv,100,30,180,1,24,1,0,1,6
01_30_90dis02.csv,1,30,90,2,26;75,2,0,0,4;15
01_30_90dis02.csv,2,30,90,2,26;75,2,0,0,4;15
01_30_90dis02.csv,3,30,90,2,23;75,2,0,0,7;15
01_30_90dis02.csv,4,30,90,2,23;75,2,0,0,7;15
01_30_90dis02.csv,5,30,90,1,26,1,0,1,4
01_30_90dis02.csv,6,30,90,1,30,1,0,1,0
01_30_90dis02.csv,7,30,90,1,31,1,0,1,1
01_30_90dis02.csv,8,30,90,1,72,0,1,2,
01_30_90dis02.csv,9,30,90,1,73,0,1,2,
01_30_90dis02.csv,10,30,90,1,74,0,1,2,
01_30_90dis02.csv,11,30,90,1,74,0,1,2,
01_30_90dis02.csv,12,30,90,2,74;26,1,1,1,4
01_30_90dis02.csv,13,30,90,2,74;24,1,1,1,6
01_30_90dis02.csv,14,30,90,2,23;74,1,1,1,7
01_30_90dis02.csv,15,30,90,2,23;74,1,1,1,7
01_30_90dis02.csv,16,30,90,2,23;74,1,1,1,7
01_30_90dis02.csv,17,30,90,2,22;74,1,1,1,8
01_30_90dis02.csv,18,30,90,1,21,1,0,1,9
01_30_90dis02.csv,19,30,90,1,73,0,1,2,
01_30_90dis02.csv,20,30,90,1,79,1,0,1,11
01_30_90dis02.csv,21,30,90,1,72,0,1,2,
01_30_90dis02.csv,22,30,90,1,72,0,1,2,
01_30_90dis02.csv,23,30,90,1,72,0,1,2,
01_30_90dis02.csv,24,30,90,1,72,0,1,2,
01_30_90dis02.csv,25,30,90,1,72,0,1,2,
01_30_90dis02.csv,26,30,90,1,71,0,1,2,
01_30_90dis02.csv,27,30,90,1,71,0,1,2,
01_30_90dis02.csv,28,30,90,2,72;27,1,1,1,3
01_30_90dis02.csv,29,30,90,1,72,0,1,2,
01_30_90dis02.csv,30,30,90,1,75,1,0,1,15
01_30_90dis02.csv,31,30,90,1,70,0,1,2,
01_30_90dis02.csv,32,30,90,1,71,0,1,2,
01_30_90dis02.csv,33,30,90,1,70,0,1,2,
01_30_90dis02.csv,34,30,90,1,70,0,1,2,
01_30_90dis02.csv,35,30,90,1,70,0,1,2,
01_30_90dis02.csv,36,30,90,1,70,0,1,2,
01_30_90dis02.csv,37,30,90,1,70,0,1,2,
01_30_90dis02.csv,38,30,90,2,19;70,1,1,1,11
01_30_90dis02.csv,39,30,90,1,17,1,0,1,13
01_30_90dis02.csv,40,30,90,1,31,1,0,1,1
01_30_90dis02.csv,41,30,90,1,31,1,0,1,1
01_30_90dis02.csv,42,30,90,1,70,0,1,2,
01_30_90dis02.csv,43,30,90,2,73;22,1,1,1,8
01_30_90dis02.csv,44,30,90,1,72,0,1,2,
01_30_90dis02.csv,45,30,90,1,72,0,1,2,
01_30_90dis02.csv,46,30,90,1,72,0,1,2,
01_30_90dis02.csv,47,30,90,2,72;28,1,1,1,2
01_30_90dis02.csv,48,30,90,2,72;27,1,1,1,3
01_30_90dis02.csv,49,30,90,2,27;72,1,1,1,3
01_30_90dis02.csv,50,30,90,2,27;72,1,1,1,3
01_30_90dis02.csv,51,30,90,2,27;72,1,1,1,3
01_30_90dis02.csv,52,30,90,1,28,1,0,1,2
01_30_90dis02.csv,53,30,90,1,26,1,0,1,4
01_30_90dis02.csv,54,30,90,1,24,1,0,1,6
01_30_90dis02.csv,55,30,90,1,30,1,0,1,0
01_30_90dis02.csv,56,30,90,1,30,1,0,1,0
01_30_90dis02.csv,57,30,90,1,26,1,0,1,4
01_30_90dis02.csv,58,30,90,1,26,1,0,1,4
01_30_90dis02.csv,59,30,90,1,26,1,0,1,4
01_30_90dis02.csv,60,30,90,2,31;83,2,0,0,1;7
01_30_90dis02.csv,61,30,90,1,31,1,0,1,1
01_30_90dis02.csv,62,30,90,1,31,1,0,1,1
01_30_90dis02.csv,63,30,90,1,31,1,0,1,1
01_30_90dis02.csv,64,30,90,1,31,1,0,1,1
01_30_90dis02.csv,65,30,90,1,31,1,0,1,1
01_30_90dis02.csv,66,30,90,1,46,0,1,2,
01_30_90dis02.csv,67,30,90,1,57,0,1,2,
01_30_90dis02.csv,68,30,90,1,57,0,1,2,
01_30_90dis02.csv,69,30,90,1,57,0,1,2,
01_30_90dis02.csv,70,30,90,1,57,0,1,2,
01_30_90dis02.csv,71,30,90,1,73,0,1,2,
01_30_90dis02.csv,72,30,90,1,69,0,1,2,
01_30_90dis02.csv,73,30,90,1,69,0,1,2,
01_30_90dis02.csv,74,30,90,1,70,0,1,2,
01_30_90dis02.csv,75,30,90,1,70,0,1,2,
01_30_90dis02.csv,76,30,90,1,67,0,1,2,
01_30_90dis02.csv,77,30,90,1,67,0,1,2,
01_30_90dis02.csv,78,30,90,1,72,0,1,2,
01_30_90dis02.csv,79,30,90,1,74,0,1,2,
01_30_90dis02.csv,80,30,90,1,74,0,1,2,
01_30_90dis02.csv,81,30,90,1,74,0,1,2,
01_30_90dis02.csv,82,30,90,1,71,0,1,2,
01_30_90dis02.csv,83,30,90,1,71,0,1,2,
01_30_90dis02.csv,84,30,90,1,71,0,1,2,
01_30_90dis02.csv,85,30,90,1,72,0,1,2,
01_30_90dis02.csv,86,30,90,1,62,0,1,2,
01_30_90dis02.csv,87,30,90,1,32,1,0,1,2
01_30_90dis02.csv,88,30,90,1,32,1,0,1,2
01_30_90dis02.csv,89,30,90,1,32,1,0,1,2
01_30_90dis02.csv,90,30,90,1,30,1,0,1,0
01_30_90dis02.csv,91,30,90,1,21,1,0,1,9
01_30_90dis02.csv,92,30,90,1,27,1,0,1,3
01_30_90dis02.csv,93,30,90,1,25,1,0,1,5
01_30_90dis02.csv,94,30,90,1,24,1,0,1,6
01_30_90dis02.csv,95,30,90,1,24,1,0,1,6
01_30_90dis02.csv,96,30,90,1,24,1,0,1,6
01_30_90dis02.csv,97,30,90,1,24,1,0,1,6
01_30_90dis02.csv,98,30,90,1,24,1,0,1,6
01_30_90dis02.csv,99,30,90,1,27,1,0,1,3
01_30_90dis02.csv,100,30,90,1,27,1,0,1,3
01_330_180dis02.csv,1,330,180,2,340;170,2,0,0,10;10
01_330_180dis02.csv,2,330,180,2,340;170,2,0,0,10;10
01_330_180dis02.csv,3,330,180,2,340;170,2,0,0,10;10
01_330_180dis02.csv,4,330,180,1,340,1,0,1,10
01_330_180dis02.csv,5,330,180,0,,0,0,2,
01_330_180dis02.csv,6,330,180,0,,0,0,2,
01_330_180dis02.csv,7,330,180,0,,0,0,2,
01_330_180dis02.csv,8,330,180,1,336,1,0,1,6
01_330_180dis02.csv,9,330,180,1,338,1,0,1,8
01_330_180dis02.csv,10,330,180,2,338;168,2,0,0,8;12
01_330_180dis02.csv,11,330,180,2,168;339,2,0,0,9;12
01_330_180dis02.csv,12,330,180,2,168;339,2,0,0,9;12
01_330_180dis02.csv,13,330,180,2,168;340,2,0,0,10;12
01_330_180dis02.csv,14,330,180,2,168;340,2,0,0,10;12
01_330_180dis02.csv,15,330,180,2,168;340,2,0,0,10;12
01_330_180dis02.csv,16,330,180,2,168;340,2,0,0,10;12
01_330_180dis02.csv,17,330,180,2,338;168,2,0,0,8;12
01_330_180dis02.csv,18,330,180,2,173;338,2,0,0,8;7
01_330_180dis02.csv,19,330,180,2,173;338,2,0,0,8;7
01_330_180dis02.csv,20,330,180,2,177;338,2,0,0,8;3
01_330_180dis02.csv,21,330,180,1,187,1,0,1,7
01_330_180dis02.csv,22,330,180,1,187,1,0,1,7
01_330_180dis02.csv,23,330,180,2,176;344,2,0,0,14;4
01_330_180dis02.csv,24,330,180,2,176;344,2,0,0,14;4
01_330_180dis02.csv,25,330,180,1,172,1,0,1,8
01_330_180dis02.csv,26,330,180,2,170;330,2,0,0,0;10
01_330_180dis02.csv,27,330,180,1,168,1,0,1,12
01_330_180dis02.csv,28,330,180,2,168;333,2,0,0,3;12
01_330_180dis02.csv,29,330,180,2,168;333,2,0,0,3;12
01_330_180dis02.csv,30,330,180,2,168;333,2,0,0,3;12
01_330_180dis02.csv,31,330,180,2,181;333,2,0,0,3;1
01_330_180dis02.csv,32,330,180,1,168,1,0,1,12
01_330_180dis02.csv,33,330,180,1,168,1,0,1,12
01_330_180dis02.csv,34,330,180,2,177;336,2,0,0,6;3
01_330_180dis02.csv,35,330,180,2,177;347,1,1,1,3
01_330_180dis02.csv,36,330,180,2,177;337,2,0,0,7;3
01_330_180dis02.csv,37,330,180,2,339;177,2,0,0,9;3
01_330_180dis02.csv,38,330,180,2,339;177,2,0,0,9;3
01_330_180dis02.csv,39,330,180,2,339;177,2,0,0,9;3
01_330_180dis02.csv,40,330,180,2,339;178,2,0,0,9;2
01_330_180dis02.csv,41,330,180,2,181;339,2,0,0,9;1
01_330_180dis02.csv,42,330,180,2,178;339,2,0,0,9;2
01_330_180dis02.csv,43,330,180,2,179;339,2,0,0,9;1
01_330_180dis02.csv,44,330,180,1,182,1,0,1,2
01_330_180dis02.csv,45,330,180,1,182,1,0,1,2
01_330_180dis02.csv,46,330,180,1,182,1,0,1,2
01_330_180dis02.csv,47,330,180,1,182,1,0,1,2
01_330_180dis02.csv,48,330,180,1,182,1,0,1,2
01_330_180dis02.csv,49,330,180,1,182,1,0,1,2
01_330_180dis02.csv,50,330,180,1,182,1,0,1,2
01_330_180dis02.csv,51,330,180,1,182,1,0,1,2
01_330_180dis02.csv,52,330,180,1,182,1,0,1,2
01_330_180dis02.csv,53,330,180,1,175,1,0,1,5
01_330_180dis02.csv,54,330,180,1,181,1,0,1,1
01_330_180dis02.csv,55,330,180,1,171,1,0,1,9
01_330_180dis02.csv,56,330,180,1,178,1,0,1,2
01_330_180dis02.csv,57,330,180,1,176,1,0,1,4
01_330_180dis02.csv,58,330,180,1,176,1,0,1,4
01_330_180dis02.csv,59,330,180,1,176,1,0,1,4
01_330_180dis02.csv,60,330,180,1,176,1,0,1,4
01_330_180dis02.csv,61,330,180,2,176;325,2,0,0,5;4
01_330_180dis02.csv,62,330,180,1,176,1,0,1,4
01_330_180dis02.csv,63,330,180,2,176;339,2,0,0,9;4
01_330_180dis02.csv,64,330,180,1,176,1,0,1,4
01_330_180dis02.csv,65,330,180,1,175,1,0,1,5
01_330_180dis02.csv,66,330,180,1,176,1,0,1,4
01_330_180dis02.csv,67,330,180,1,177,1,0,1,3
01_330_180dis02.csv,68,330,180,1,178,1,0,1,2
01_330_180dis02.csv,69,330,180,1,178,1,0,1,2
01_330_180dis02.csv,70,330,180,1,177,1,0,1,3
01_330_180dis02.csv,71,330,180,1,161,0,1,2,
01_330_180dis02.csv,72,330,180,1,182,1,0,1,2
01_330_180dis02.csv,73,330,180,1,180,1,0,1,0
01_330_180dis02.csv,74,330,180,2,180;336,2,0,0,6;0
01_330_180dis02.csv,75,330,180,2,336;180,2,0,0,6;0
01_330_180dis02.csv,76,330,180,2,336;180,2,0,0,6;0
01_330_180dis02.csv,77,330,180,1,335,1,0,1,5
01_330_180dis02.csv,78,330,180,1,335,1,0,1,5
01_330_180dis02.csv,79,330,180,1,335,1,0,1,5
01_330_180dis02.csv,80,330,180,1,335,1,0,1,5
01_330_180dis02.csv,81,330,180,1,335,1,0,1,5
01_330_180dis02.csv,82,330,180,1,348,0,1,2,
01_330_180dis02.csv,83,330,180,1,331,1,0,1,1
01_330_180dis02.csv,84,330,180,1,334,1,0,1,4
01_330_180dis02.csv,85,330,180,1,344,1,0,1,14
01_330_180dis02.csv,86,330,180,1,344,1,0,1,14
01_330_180dis02.csv,87,330,180,1,344,1,0,1,14
01_330_180dis02.csv,88,330,180,1,344,1,0,1,14
01_330_180dis02.csv,89,330,180,1,344,1,0,1,14
01_330_180dis02.csv,90,330,180,1,344,1,0,1,14
01_330_180dis02.csv,91,330,180,2,344;168,2,0,0,14;12
01_330_180dis02.csv,92,330,180,1,344,1,0,1,14
01_330_180dis02.csv,93,330,180,1,331,1,0,1,1
01_330_180dis02.csv,94,330,180,1,331,1,0,1,1
01_330_180dis02.csv,95,330,180,1,331,1,0,1,1
01_330_180dis02.csv,96,330,180,1,347,0,1,2,
01_330_180dis02.csv,97,330,180,1,347,0,1,2,
01_330_180dis02.csv,98,330,180,2,347;166,1,1,1,14
01_330_180dis02.csv,99,330,180,2,187;343,2,0,0,13;7
01_330_180dis02.csv,100,330,180,2,182;337,2,0,0,7;2
02_00_150dis02.csv,1,0,150,1,1,1,0,1,1
02_00_150dis02.csv,2,0,150,1,1,1,0,1,1
02_00_150dis02.csv,3,0,150,1,1,1,0,1,1
02_00_150dis02.csv,4,0,150,2,1;148,2,0,0,1;2
02_00_150dis02.csv,5,0,150,2,147;1,2,0,0,1;3
02_00_150dis02.csv,6,0,150,2,3;131,1,1,1,3
02_00_150dis02.csv,7,0,150,2,3;132,1,1,1,3
02_00_150dis02.csv,8,0,150,2,2;132,1,1,1,2
02_00_150dis02.csv,9,0,150,2,1;132,1,1,1,1
02_00_150dis02.csv,10,0,150,2,11;132,1,1,1,11
02_00_150dis02.csv,11,0,150,2,11;132,1,1,1,11
02_00_150dis02.csv,12,0,150,1,11,1,0,1,11
02_00_150dis02.csv,13,0,150,2,141;11,2,0,0,11;9
02_00_150dis02.csv,14,0,150,2,139;11,2,0,0,11;11
02_00_150dis02.csv,15,0,150,2,139;12,2,0,0,12;11
02_00_150dis02.csv,16,0,150,2,139;12,2,0,0,12;11
02_00_150dis02.csv,17,0,150,2,6;139,2,0,0,6;11
02_00_150dis02.csv,18,0,150,2,6;139,2,0,0,6;11
02_00_150dis02.csv,19,0,150,2,7;139,2,0,0,7;11
02_00_150dis02.csv,20,0,150,2,146;6,2,0,0,6;4
02_00_150dis02.csv,21,0,150,1,141,1,0,1,9
02_00_150dis02.csv,22,0,150,1,134,0,1,2,
02_00_150dis02.csv,23,0,150,1,134,0,1,2,
02_00_150dis02.csv,24,0,150,1,134,0,1,2,
02_00_150dis02.csv,25,0,150,1,134,0,1,2,
02_00_150dis02.csv,26,0,150,2,134;1,1,1,1,1
02_00_150dis02.csv,27,0,150,2,134;1,1,1,1,1
02_00_150dis02.csv,28,0,150,2,134;1,1,1,1,1
02_00_150dis02.csv,29,0,150,2,134;1,1,1,1,1
02_00_150dis02.csv,30,0,150,2,1;134,1,1,1,1
02_00_150dis02.csv,31,0,150,2,136;1,2,0,0,1;14
02_00_150dis02.csv,32,0,150,2,149;1,2,0,0,1;1
02_00_150dis02.csv,33,0,150,2,149;0,2,0,0,0;1
02_00_150dis02.csv,34,0,150,2,1;149,2,0,0,1;1
02_00_150dis02.csv,35,0,150,2,1;149,2,0,0,1;1
02_00_150dis02.csv,36,0,150,1,134,0,1,2,
02_00_150dis02.csv,37,0,150,1,131,0,1,2,
02_00_150dis02.csv,38,0,150,1,131,0,1,2,
02_00_150dis02.csv,39,0,150,1,146,1,0,1,4
02_00_150dis02.csv,40,0,150,1,141,1,0,1,9
02_00_150dis02.csv,41,0,150,1,141,1,0,1,9
02_00_150dis02.csv,42,0,150,2,141;357,2,0,0,3;9
02_00_150dis02.csv,43,0,150,1,138,1,0,1,12
02_00_150dis02.csv,44,0,150,1,137,1,0,1,13
02_00_150dis02.csv,45,0,150,1,137,1,0,1,13
02_00_150dis02.csv,46,0,150,1,137,1,0,1,13
02_00_150dis02.csv,47,0,150,1,137,1,0,1,13
02_00_150dis02.csv,48,0,150,1,137,1,0,1,13
02_00_150dis02.csv,49,0,150,1,137,1,0,1,13
02_00_150dis02.csv,50,0,150,1,137,1,0,1,13
02_00_150dis02.csv,51,0,150,1,139,1,0,1,11
02_00_150dis02.csv,52,0,150,1,138,1,0,1,12
02_00_150dis02.csv,53,0,150,1,133,0,1,2,
02_00_150dis02.csv,54,0,150,1,136,1,0,1,14
02_00_150dis02.csv,55,0,150,1,133,0,1,2,
02_00_150dis02.csv,56,0,150,2,133;9,1,1,1,9
02_00_150dis02.csv,57,0,150,2,134;10,1,1,1,10
02_00_150dis02.csv,58,0,150,2,134;10,1,1,1,10
02_00_150dis02.csv,59,0,150,2,13;133,1,1,1,13
02_00_150dis02.csv,60,0,150,2,13;133,1,1,1,13
02_00_150dis02.csv,61,0,150,2,13;133,1,1,1,13
02_00_150dis02.csv,62,0,150,2,13;133,1,1,1,13
02_00_150dis02.csv,63,0,150,2,135;13,2,0,0,13;15
02_00_150dis02.csv,64,0,150,1,137,1,0,1,13
02_00_150dis02.csv,65,0,150,2,139;346,2,0,0,14;11
02_00_150dis02.csv,66,0,150,1,139,1,0,1,11
02_00_150dis02.csv,67,0,150,1,142,1,0,1,8
02_00_150dis02.csv,68,0,150,1,142,1,0,1,8
02_00_150dis02.csv,69,0,150,1,140,1,0,1,10
02_00_150dis02.csv,70,0,150,1,141,1,0,1,9
02_00_150dis02.csv,71,0,150,1,140,1,0,1,10
02_00_150dis02.csv,72,0,150,1,140,1,0,1,10
02_00_150dis02.csv,73,0,150,1,140,1,0,1,10
02_00_150dis02.csv,74,0,150,1,140,1,0,1,10
02_00_150dis02.csv,75,0,150,1,140,1,0,1,10
02_00_150dis02.csv,76,0,150,1,140,1,0,1,10
02_00_150dis02.csv,77,0,150,1,140,1,0,1,10
02_00_150dis02.csv,78,0,150,0,,0,0,2,
02_00_150dis02.csv,79,0,150,1,140,1,0,1,10
02_00_150dis02.csv,80,0,150,1,140,1,0,1,10
02_00_150dis02.csv,81,0,150,1,142,1,0,1,8
02_00_150dis02.csv,82,0,150,1,142,1,0,1,8
02_00_150dis02.csv,83,0,150,1,142,1,0,1,8
02_00_150dis02.csv,84,0,150,1,142,1,0,1,8
02_00_150dis02.csv,85,0,150,1,142,1,0,1,8
02_00_150dis02.csv,86,0,150,1,142,1,0,1,8
02_00_150dis02.csv,87,0,150,1,142,1,0,1,8
02_00_150dis02.csv,88,0,150,1,142,1,0,1,8
02_00_150dis02.csv,89,0,150,1,140,1,0,1,10
02_00_150dis02.csv,90,0,150,1,136,1,0,1,14
02_00_150dis02.csv,91,0,150,1,136,1,0,1,14
02_00_150dis02.csv,92,0,150,1,135,1,0,1,15
02_00_150dis02.csv,93,0,150,1,135,1,0,1,15
02_00_150dis02.csv,94,0,150,1,135,1,0,1,15
02_00_150dis02.csv,95,0,150,1,135,1,0,1,15
02_00_150dis02.csv,96,0,150,1,135,1,0,1,15
02_00_150dis02.csv,97,0,150,1,133,0,1,2,
02_00_150dis02.csv,98,0,150,1,133,0,1,2,
02_00_150dis02.csv,99,0,150,1,133,0,1,2,
02_00_150dis02.csv,100,0,150,2,133;13,1,1,1,13
02_00_150dis03.csv,1,0,150,1,149,1,0,1,1
02_00_150dis03.csv,2,0,150,1,149,1,0,1,1
02_00_150dis03.csv,3,0,150,1,149,1,0,1,1
02_00_150dis03.csv,4,0,150,1,149,1,0,1,1
02_00_150dis03.csv,5,0,150,1,149,1,0,1,1
02_00_150dis03.csv,6,0,150,2,150;357,2,0,0,3;0
02_00_150dis03.csv,7,0,150,1,148,1,0,1,2
02_00_150dis03.csv,8,0,150,1,146,1,0,1,4
02_00_150dis03.csv,9,0,150,1,147,1,0,1,3
02_00_150dis03.csv,10,0,150,1,147,1,0,1,3
02_00_150dis03.csv,11,0,150,1,145,1,0,1,5
02_00_150dis03.csv,12,0,150,1,144,1,0,1,6
02_00_150dis03.csv,13,0,150,1,143,1,0,1,7
02_00_150dis03.csv,14,0,150,1,142,1,0,1,8
02_00_150dis03.csv,15,0,150,1,142,1,0,1,8
02_00_150dis03.csv,16,0,150,1,142,1,0,1,8
02_00_150dis03.csv,17,0,150,1,142,1,0,1,8
02_00_150dis03.csv,18,0,150,1,142,1,0,1,8
02_00_150dis03.csv,19,0,150,1,142,1,0,1,8
02_00_150dis03.csv,20,0,150,1,142,1,0,1,8
02_00_150dis03.csv,21,0,150,1,142,1,0,1,8
02_00_150dis03.csv,22,0,150,1,142,1,0,1,8
02_00_150dis03.csv,23,0,150,1,142,1,0,1,8
02_00_150dis03.csv,24,0,150,1,142,1,0,1,8
02_00_150dis03.csv,25,0,150,1,142,1,0,1,8
02_00_150dis03.csv,26,0,150,1,142,1,0,1,8
02_00_150dis03.csv,27,0,150,1,142,1,0,1,8
02_00_150dis03.csv,28,0,150,1,169,0,1,2,
02_00_150dis03.csv,29,0,150,1,142,1,0,1,8
02_00_150dis03.csv,30,0,150,1,142,1,0,1,8
02_00_150dis03.csv,31,0,150,1,348,1,0,1,12
02_00_150dis03.csv,32,0,150,1,3,1,0,1,3
02_00_150dis03.csv,33,0,150,1,359,1,0,1,1
02_00_150dis03.csv,34,0,150,1,354,1,0,1,6
02_00_150dis03.csv,35,0,150,1,359,1,0,1,1
02_00_150dis03.csv,36,0,150,2,359;155,2,0,0,1;5
02_00_150dis03.csv,37,0,150,2,131;359,1,1,1,1
02_00_150dis03.csv,38,0,150,2,131;359,1,1,1,1
02_00_150dis03.csv,39,0,150,2,131;359,1,1,1,1
02_00_150dis03.csv,40,0,150,2,131;0,1,1,1,0
02_00_150dis03.csv,41,0,150,2,131;0,1,1,1,0
02_00_150dis03.csv,42,0,150,2,131;0,1,1,1,0
02_00_150dis03.csv,43,0,150,2,1;43,1,1,1,1
02_00_150dis03.csv,44,0,150,1,12,1,0,1,12
02_00_150dis03.csv,45,0,150,1,11,1,0,1,11
02_00_150dis03.csv,46,0,150,1,1,1,0,1,1
02_00_150dis03.csv,47,0,150,1,1,1,0,1,1
02_00_150dis03.csv,48,0,150,1,1,1,0,1,1
02_00_150dis03.csv,49,0,150,1,1,1,0,1,1
02_00_150dis03.csv,50,0,150,1,1,1,0,1,1
02_00_150dis03.csv,51,0,150,1,1,1,0,1,1
02_00_150dis03.csv,52,0,150,1,1,1,0,1,1
02_00_150dis03.csv,53,0,150,1,1,1,0,1,1
02_00_150dis03.csv,54,0,150,1,1,1,0,1,1
02_00_150dis03.csv,55,0,150,1,9,1,0,1,9
02_00_150dis03.csv,56,0,150,1,9,1,0,1,9
02_00_150dis03.csv,57,0,150,1,9,1,0,1,9
02_00_150dis03.csv,58,0,150,2,8;152,2,0,0,8;2
02_00_150dis03.csv,59,0,150,2,145;9,2,0,0,9;5
02_00_150dis03.csv,60,0,150,1,143,1,0,1,7
02_00_150dis03.csv,61,0,150,1,143,1,0,1,7
02_00_150dis03.csv,62,0,150,1,143,1,0,1,7
02_00_150dis03.csv,63,0,150,1,144,1,0,1,6
02_00_150dis03.csv,64,0,150,1,144,1,0,1,6
02_00_150dis03.csv,65,0,150,2,144;11,2,0,0,11;6
02_00_150dis03.csv,66,0,150,2,2;144,2,0,0,2;6
02_00_150dis03.csv,67,0,150,2,10;144,2,0,0,10;6
02_00_150dis03.csv,68,0,150,2,5;149,2,0,0,5;1
02_00_150dis03.csv,69,0,150,2,357;152,2,0,0,3;2
02_00_150dis03.csv,70,0,150,2,14;152,2,0,0,14;2
02_00_150dis03.csv,71,0,150,2,4;152,2,0,0,4;2
02_00_150dis03.csv,72,0,150,2,15;153,2,0,0,15;3
02_00_150dis03.csv,73,0,150,1,15,1,0,1,15
02_00_150dis03.csv,74,0,150,1,15,1,0,1,15
02_00_150dis03.csv,75,0,150,2,15;153,2,0,0,15;3
02_00_150dis03.csv,76,0,150,2,14;152,2,0,0,14;2
02_00_150dis03.csv,77,0,150,2,7;151,2,0,0,7;1
02_00_150dis03.csv,78,0,150,2,7;149,2,0,0,7;1
02_00_150dis03.csv,79,0,150,2,144;7,2,0,0,7;6
02_00_150dis03.csv,80,0,150,1,156,1,0,1,6
02_00_150dis03.csv,81,0,150,1,144,1,0,1,6
02_00_150dis03.csv,82,0,150,1,144,1,0,1,6
02_00_150dis03.csv,83,0,150,1,144,1,0,1,6
02_00_150dis03.csv,84,0,150,1,144,1,0,1,6
02_00_150dis03.csv,85,0,150,2,142;4,2,0,0,4;8
02_00_150dis03.csv,86,0,150,2,144;355,2,0,0,5;6
02_00_150dis03.csv,87,0,150,2,144;355,2,0,0,5;6
02_00_150dis03.csv,88,0,150,2,144;355,2,0,0,5;6
02_00_150dis03.csv,89,0,150,1,145,1,0,1,5
02_00_150dis03.csv,90,0,150,1,143,1,0,1,7
02_00_150dis03.csv,91,0,150,1,143,1,0,1,7
02_00_150dis03.csv,92,0,150,1,141,1,0,1,9
02_00_150dis03.csv,93,0,150,1,141,1,0,1,9
02_00_150dis03.csv,94,0,150,1,141,1,0,1,9
02_00_150dis03.csv,95,0,150,1,141,1,0,1,9
02_00_150dis03.csv,96,0,150,1,141,1,0,1,9
02_00_150dis03.csv,97,0,150,1,141,1,0,1,9
02_00_150dis03.csv,98,0,150,1,141,1,0,1,9
02_00_150dis03.csv,99,0,150,1,145,1,0,1,5
02_00_150dis03.csv,100,0,150,1,145,1,0,1,5
02_00_230dis02.csv,1,0,230,1,222,1,0,1,8
02_00_230dis02.csv,2,0,230,1,222,1,0,1,8
02_00_230dis02.csv,3,0,230,1,219,1,0,1,11
02_00_230dis02.csv,4,0,230,1,219,1,0,1,11
02_00_230dis02.csv,5,0,230,1,219,1,0,1,11
02_00_230dis02.csv,6,0,230,1,219,1,0,1,11
02_00_230dis02.csv,7,0,230,1,219,1,0,1,11
02_00_230dis02.csv,8,0,230,1,229,1,0,1,1
02_00_230dis02.csv,9,0,230,1,226,1,0,1,4
02_00_230dis02.csv,10,0,230,1,226,1,0,1,4
02_00_230dis02.csv,11,0,230,1,226,1,0,1,4
02_00_230dis02.csv,12,0,230,1,226,1,0,1,4
02_00_230dis02.csv,13,0,230,1,225,1,0,1,5
02_00_230dis02.csv,14,0,230,1,218,1,0,1,12
02_00_230dis02.csv,15,0,230,1,225,1,0,1,5
02_00_230dis02.csv,16,0,230,1,225,1,0,1,5
02_00_230dis02.csv,17,0,230,1,225,1,0,1,5
02_00_230dis02.csv,18,0,230,1,218,1,0,1,12
02_00_230dis02.csv,19,0,230,1,218,1,0,1,12
02_00_230dis02.csv,20,0,230,1,225,1,0,1,5
02_00_230dis02.csv,21,0,230,1,226,1,0,1,4
02_00_230dis02.csv,22,0,230,1,218,1,0,1,12
02_00_230dis02.csv,23,0,230,1,218,1,0,1,12
02_00_230dis02.csv,24,0,230,1,222,1,0,1,8
02_00_230dis02.csv,25,0,230,1,226,1,0,1,4
02_00_230dis02.csv,26,0,230,1,229,1,0,1,1
02_00_230dis02.csv,27,0,230,1,229,1,0,1,1
02_00_230dis02.csv,28,0,230,1,229,1,0,1,1
02_00_230dis02.csv,29,0,230,1,233,1,0,1,3
02_00_230dis02.csv,30,0,230,1,222,1,0,1,8
02_00_230dis02.csv,31,0,230,1,222,1,0,1,8
02_00_230dis02.csv,32,0,230,1,222,1,0,1,8
02_00_230dis02.csv,33,0,230,1,222,1,0,1,8
02_00_230dis02.csv,34,0,230,1,222,1,0,1,8
02_00_230dis02.csv,35,0,230,1,222,1,0,1,8
02_00_230dis02.csv,36,0,230,1,235,1,0,1,5
02_00_230dis02.csv,37,0,230,1,235,1,0,1,5
02_00_230dis02.csv,38,0,230,1,232,1,0,1,2
02_00_230dis02.csv,39,0,230,1,232,1,0,1,2
02_00_230dis02.csv,40,0,230,1,232,1,0,1,2
02_00_230dis02.csv,41,0,230,2,10;233,2,0,0,10;3
02_00_230dis02.csv,42,0,230,1,358,1,0,1,2
02_00_230dis02.csv,43,0,230,1,356,1,0,1,4
02_00_230dis02.csv,44,0,230,1,356,1,0,1,4
02_00_230dis02.csv,45,0,230,1,10,1,0,1,10
02_00_230dis02.csv,46,0,230,1,12,1,0,1,12
02_00_230dis02.csv,47,0,230,1,12,1,0,1,12
02_00_230dis02.csv,48,0,230,1,6,1,0,1,6
02_00_230dis02.csv,49,0,230,1,6,1,0,1,6
02_00_230dis02.csv,50,0,230,2,6;237,2,0,0,6;7
02_00_230dis02.csv,51,0,230,2,237;6,2,0,0,6;7
02_00_230dis02.csv,52,0,230,2,237;5,2,0,0,5;7
02_00_230dis02.csv,53,0,230,2,234;5,2,0,0,5;4
02_00_230dis02.csv,54,0,230,2,355;233,2,0,0,5;3
02_00_230dis02.csv,55,0,230,2,354;234,2,0,0,6;4
02_00_230dis02.csv,56,0,230,2,4;234,2,0,0,4;4
02_00_230dis02.csv,57,0,230,2,4;234,2,0,0,4;4
02_00_230dis02.csv,58,0,230,2,7;235,2,0,0,7;5
02_00_230dis02.csv,59,0,230,1,9,1,0,1,9
02_00_230dis02.csv,60,0,230,1,9,1,0,1,9
02_00_230dis02.csv,61,0,230,1,9,1,0,1,9
02_00_230dis02.csv,62,0,230,1,8,1,0,1,8
02_00_230dis02.csv,63,0,230,1,7,1,0,1,7
02_00_230dis02.csv,64,0,230,1,16,0,1,2,
02_00_230dis02.csv,65,0,230,1,16,0,1,2,
02_00_230dis02.csv,66,0,230,1,16,0,1,2,
02_00_230dis02.csv,67,0,230,1,16,0,1,2,
02_00_230dis02.csv,68,0,230,1,16,0,1,2,
02_00_230dis02.csv,69,0,230,1,17,0,1,2,
02_00_230dis02.csv,70,0,230,2,235;17,1,1,1,5
02_00_230dis02.csv,71,0,230,2,235;343,1,1,1,5
02_00_230dis02.csv,72,0,230,2,235;13,2,0,0,13;5
02_00_230dis02.csv,73,0,230,2,234;13,2,0,0,13;4
02_00_230dis02.csv,74,0,230,2,228;12,2,0,0,12;2
02_00_230dis02.csv,75,0,230,2,226;12,2,0,0,12;4
02_00_230dis02.csv,76,0,230,2,226;12,2,0,0,12;4
02_00_230dis02.csv,77,0,230,2,226;7,2,0,0,7;4
02_00_230dis02.csv,78,0,230,2,226;9,2,0,0,9;4
02_00_230dis02.csv,79,0,230,2,228;9,2,0,0,9;2
02_00_230dis02.csv,80,0,230,1,228,1,0,1,2
02_00_230dis02.csv,81,0,230,1,229,1,0,1,1
02_00_230dis02.csv,82,0,230,1,229,1,0,1,1
02_00_230dis02.csv,83,0,230,1,229,1,0,1,1
02_00_230dis02.csv,84,0,230,2,229;9,2,0,0,9;1
02_00_230dis02.csv,85,0,230,2,230;2,2,0,0,2;0
02_00_230dis02.csv,86,0,230,2,230;2,2,0,0,2;0
02_00_230dis02.csv,87,0,230,2,230;0,2,0,0,0;0
02_00_230dis02.csv,88,0,230,2,230;2,2,0,0,2;0
02_00_230dis02.csv,89,0,230,2,230;2,2,0,0,2;0
02_00_230dis02.csv,90,0,230,2,230;7,2,0,0,7;0
02_00_230dis02.csv,91,0,230,2,8;230,2,0,0,8;0
02_00_230dis02.csv,92,0,230,2,218;8,2,0,0,8;12
02_00_230dis02.csv,93,0,230,2,8;228,2,0,0,8;2
02_00_230dis02.csv,94,0,230,2,221;12,2,0,0,12;9
02_00_230dis02.csv,95,0,230,2,8;221,2,0,0,8;9
02_00_230dis02.csv,96,0,230,2,222;8,2,0,0,8;8
02_00_230dis02.csv,97,0,230,2,222;8,2,0,0,8;8
02_00_230dis02.csv,98,0,230,2,221;8,2,0,0,8;9
02_00_230dis02.csv,99,0,230,2,0;225,2,0,0,0;5
02_00_230dis02.csv,100,0,230,2,7;225,2,0,0,7;5
02_00_270dis04.csv,1,0,270,1,11,1,0,1,11
02_00_270dis04.csv,2,0,270,2,11;278,2,0,0,11;8
02_00_270dis04.csv,3,0,270,1,288,0,1,2,
02_00_270dis04.csv,4,0,270,2,273;12,2,0,0,12;3
02_00_270dis04.csv,5,0,270,2,7;284,2,0,0,7;14
02_00_270dis04.csv,6,0,270,1,7,1,0,1,7
02_00_270dis04.csv,7,0,270,2,15;279,2,0,0,15;9
02_00_270dis04.csv,8,0,270,2,281;15,2,0,0,15;11
02_00_270dis04.csv,9,0,270,1,278,1,0,1,8
02_00_270dis04.csv,10,0,270,1,275,1,0,1,5
02_00_270dis04.csv,11,0,270,2,275;1,2,0,0,1;5
02_00_270dis04.csv,12,0,270,2,275;12,2,0,0,12;5
02_00_270dis04.csv,13,0,270,2,11;309,1,1,1,11
02_00_270dis04.csv,14,0,270,2,11;309,1,1,1,11
02_00_270dis04.csv,15,0,270,2,11;309,1,1,1,11
02_00_270dis04.csv,16,0,270,1,12,1,0,1,12
02_00_270dis04.csv,17,0,270,1,12,1,0,1,12
02_00_270dis04.csv,18,0,270,1,286,0,1,2,
02_00_270dis04.csv,19,0,270,1,281,1,0,1,11
02_00_270dis04.csv,20,0,270,1,279,1,0,1,9
02_00_270dis04.csv,21,0,270,1,276,1,0,1,6
02_00_270dis04.csv,22,0,270,1,276,1,0,1,6
02_00_270dis04.csv,23,0,270,1,278,1,0,1,8
02_00_270dis04.csv,24,0,270,1,278,1,0,1,8
02_00_270dis04.csv,25,0,270,1,278,1,0,1,8
02_00_270dis04.csv,26,0,270,1,278,1,0,1,8
02_00_270dis04.csv,27,0,270,2,7;278,2,0,0,7;8
02_00_270dis04.csv,28,0,270,2,7;280,2,0,0,7;10
02_00_270dis04.csv,29,0,270,1,20,0,1,2,
02_00_270dis04.csv,30,0,270,1,20,0,1,2,
02_00_270dis04.csv,31,0,270,1,20,0,1,2,
02_00_270dis04.csv,32,0,270,1,20,0,1,2,
02_00_270dis04.csv,33,0,270,1,19,0,1,2,
02_00_270dis04.csv,34,0,270,1,4,1,0,1,4
02_00_270dis04.csv,35,0,270,1,18,0,1,2,
02_00_270dis04.csv,36,0,270,1,18,0,1,2,
02_00_270dis04.csv,37,0,270,1,18,0,1,2,
02_00_270dis04.csv,38,0,270,1,9,1,0,1,9
02_00_270dis04.csv,39,0,270,1,9,1,0,1,9
02_00_270dis04.csv,40,0,270,1,25,0,1,2,
02_00_270dis04.csv,41,0,270,1,28,0,1,2,
02_00_270dis04.csv,42,0,270,1,26,0,1,2,
02_00_270dis04.csv,43,0,270,1,26,0,1,2,
02_00_270dis04.csv,44,0,270,1,26,0,1,2,
02_00_270dis04.csv,45,0,270,1,26,0,1,2,
02_00_270dis04.csv,46,0,270,2,331;26,0,2,2,
02_00_270dis04.csv,47,0,270,1,10,1,0,1,10
02_00_270dis04.csv,48,0,270,1,10,1,0,1,10
02_00_270dis04.csv,49,0,270,1,34,0,1,2,
02_00_270dis04.csv,50,0,270,1,34,0,1,2,
02_00_270dis04.csv,51,0,270,1,34,0,1,2,
02_00_270dis04.csv,52,0,270,1,34,0,1,2,
02_00_270dis04.csv,53,0,270,1,38,0,1,2,
02_00_270dis04.csv,54,0,270,1,38,0,1,2,
02_00_270dis04.csv,55,0,270,1,38,0,1,2,
02_00_270dis04.csv,56,0,270,1,34,0,1,2,
02_00_270dis04.csv,57,0,270,1,9,1,0,1,9
02_00_270dis04.csv,58,0,270,0,,0,0,2,
02_00_270dis04.csv,59,0,270,1,278,1,0,1,8
02_00_270dis04.csv,60,0,270,1,278,1,0,1,8
02_00_270dis04.csv,61,0,270,1,279,1,0,1,9
02_00_270dis04.csv,62,0,270,1,279,1,0,1,9
02_00_270dis04.csv,63,0,270,1,279,1,0,1,9
02_00_270dis04.csv,64,0,270,1,282,1,0,1,12
02_00_270dis04.csv,65,0,270,1,282,1,0,1,12
02_00_270dis04.csv,66,0,270,1,282,1,0,1,12
02_00_270dis04.csv,67,0,270,1,275,1,0,1,5
02_00_270dis04.csv,68,0,270,1,274,1,0,1,4
02_00_270dis04.csv,69,0,270,2,274;16,1,1,1,4
02_00_270dis04.csv,70,0,270,1,275,1,0,1,5
02_00_270dis04.csv,71,0,270,2,275;15,2,0,0,15;5
02_00_270dis04.csv,72,0,270,1,291,0,1,2,
02_00_270dis04.csv,73,0,270,2,291;7,1,1,1,7
02_00_270dis04.csv,74,0,270,1,292,0,1,2,
02_00_270dis04.csv,75,0,270,1,289,0,1,2,
02_00_270dis04.csv,76,0,270,2,16;279,1,1,1,9
02_00_270dis04.csv,77,0,270,2,280;16,1,1,1,10
02_00_270dis04.csv,78,0,270,2,288;17,0,2,2,
02_00_270dis04.csv,79,0,270,2,19;288,0,2,2,
02_00_270dis04.csv,80,0,270,1,45,0,1,2,
02_00_270dis04.csv,81,0,270,1,24,0,1,2,
02_00_270dis04.csv,82,0,270,2,327;24,0,2,2,
02_00_270dis04.csv,83,0,270,2,2;295,1,1,1,2
02_00_270dis04.csv,84,0,270,2,292;2,1,1,1,2
02_00_270dis04.csv,85,0,270,1,292,0,1,2,
02_00_270dis04.csv,86,0,270,1,292,0,1,2,
02_00_270dis04.csv,87,0,270,1,291,0,1,2,
02_00_270dis04.csv,88,0,270,1,291,0,1,2,
02_00_270dis04.csv,89,0,270,1,291,0,1,2,
02_00_270dis04.csv,90,0,270,1,292,0,1,2,
02_00_270dis04.csv,91,0,270,1,291,0,1,2,
02_00_270dis04.csv,92,0,270,1,291,0,1,2,
02_00_270dis04.csv,93,0,270,1,291,0,1,2,
02_00_270dis04.csv,94,0,270,0,,0,0,2,
02_00_270dis04.csv,95,0,270,0,,0,0,2,
02_00_270dis04.csv,96,0,270,0,,0,0,2,
02_00_270dis04.csv,97,0,270,0,,0,0,2,
02_00_270dis04.csv,98,0,270,1,281,1,0,1,11
02_00_270dis04.csv,99,0,270,1,280,1,0,1,10
02_00_270dis04.csv,100,0,270,1,280,1,0,1,10
02_00_90dis02.csv,1,0,90,2,2;78,2,0,0,2;12
02_00_90dis02.csv,2,0,90,2,1;80,2,0,0,1;10
02_00_90dis02.csv,3,0,90,2,2;78,2,0,0,2;12
02_00_90dis02.csv,4,0,90,2,2;80,2,0,0,2;10
02_00_90dis02.csv,5,0,90,1,6,1,0,1,6
02_00_90dis02.csv,6,0,90,1,2,1,0,1,2
02_00_90dis02.csv,7,0,90,1,2,1,0,1,2
02_00_90dis02.csv,8,0,90,1,2,1,0,1,2
02_00_90dis02.csv,9,0,90,1,3,1,0,1,3
02_00_90dis02.csv,10,0,90,1,3,1,0,1,3
02_00_90dis02.csv,11,0,90,1,2,1,0,1,2
02_00_90dis02.csv,12,0,90,2,84;2,2,0,0,2;6
02_00_90dis02.csv,13,0,90,2,84;3,2,0,0,3;6
02_00_90dis02.csv,14,0,90,2,84;3,2,0,0,3;6
02_00_90dis02.csv,15,0,90,2,84;8,2,0,0,8;6
02_00_90dis02.csv,16,0,90,2,84;359,2,0,0,1;6
02_00_90dis02.csv,17,0,90,2,84;5,2,0,0,5;6
02_00_90dis02.csv,18,0,90,2,84;5,2,0,0,5;6
02_00_90dis02.csv,19,0,90,2,84;5,2,0,0,5;6
02_00_90dis02.csv,20,0,90,2,85;5,2,0,0,5;5
02_00_90dis02.csv,21,0,90,2,86;9,2,0,0,9;4
02_00_90dis02.csv,22,0,90,2,6;86,2,0,0,6;4
02_00_90dis02.csv,23,0,90,2,86;6,2,0,0,6;4
02_00_90dis02.csv,24,0,90,2,86;6,2,0,0,6;4
02_00_90dis02.csv,25,0,90,2,86;6,2,0,0,6;4
02_00_90dis02.csv,26,0,90,2,86;6,2,0,0,6;4
02_00_90dis02.csv,27,0,90,2,86;6,2,0,0,6;4
02_00_90dis02.csv,28,0,90,2,86;6,2,0,0,6;4
02_00_90dis02.csv,29,0,90,2,359;86,2,0,0,1;4
02_00_90dis02.csv,30,0,90,1,359,1,0,1,1
02_00_90dis02.csv,31,0,90,1,345,1,0,1,15
02_00_90dis02.csv,32,0,90,1,347,1,0,1,13
02_00_90dis02.csv,33,0,90,1,347,1,0,1,13
02_00_90dis02.csv,34,0,90,1,347,1,0,1,13
02_00_90dis02.csv,35,0,90,1,0,1,0,1,0
02_00_90dis02.csv,36,0,90,1,0,1,0,1,0
02_00_90dis02.csv,37,0,90,1,0,1,0,1,0
02_00_90dis02.csv,38,0,90,1,0,1,0,1,0
02_00_90dis02.csv,39,0,90,1,0,1,0,1,0
02_00_90dis02.csv,40,0,90,1,359,1,0,1,1
02_00_90dis02.csv,41,0,90,1,0,1,0,1,0
02_00_90dis02.csv,42,0,90,1,0,1,0,1,0
02_00_90dis02.csv,43,0,90,1,0,1,0,1,0
02_00_90dis02.csv,44,0,90,1,0,1,0,1,0
02_00_90dis02.csv,45,0,90,1,0,1,0,1,0
02_00_90dis02.csv,46,0,90,1,0,1,0,1,0
02_00_90dis02.csv,47,0,90,1,2,1,0,1,2
02_00_90dis02.csv,48,0,90,1,5,1,0,1,5
02_00_90dis02.csv,49,0,90,1,5,1,0,1,5
02_00_90dis02.csv,50,0,90,1,5,1,0,1,5
02_00_90dis02.csv,51,0,90,2,87;5,2,0,0,5;3
02_00_90dis02.csv,52,0,90,2,85;5,2,0,0,5;5
02_00_90dis02.csv,53,0,90,2,85;5,2,0,0,5;5
02_00_90dis02.csv,54,0,90,2,6;85,2,0,0,6;5
02_00_90dis02.csv,55,0,90,2,9;85,2,0,0,9;5
02_00_90dis02.csv,56,0,90,2,2;85,2,0,0,2;5
02_00_90dis02.csv,57,0,90,2,2;85,2,0,0,2;5
02_00_90dis02.csv,58,0,90,2,2;85,2,0,0,2;5
02_00_90dis02.csv,59,0,90,2,2;88,2,0,0,2;2
02_00_90dis02.csv,60,0,90,2,80;6,2,0,0,6;10
02_00_90dis02.csv,61,0,90,2,83;6,2,0,0,6;7
02_00_90dis02.csv,62,0,90,2,83;6,2,0,0,6;7
02_00_90dis02.csv,63,0,90,2,1;83,2,0,0,1;7
02_00_90dis02.csv,64,0,90,2,1;83,2,0,0,1;7
02_00_90dis02.csv,65,0,90,2,352;83,2,0,0,8;7
02_00_90dis02.csv,66,0,90,2,352;83,2,0,0,8;7
02_00_90dis02.csv,67,0,90,2,352;85,2,0,0,8;5
02_00_90dis02.csv,68,0,90,2,352;85,2,0,0,8;5
02_00_90dis02.csv,69,0,90,2,82;352,2,0,0,8;8
02_00_90dis02.csv,70,0,90,2,85;352,2,0,0,8;5
02_00_90dis02.csv,71,0,90,2,85;352,2,0,0,8;5
02_00_90dis02.csv,72,0,90,2,8;85,2,0,0,8;5
02_00_90dis02.csv,73,0,90,2,19;87,1,1,1,3
02_00_90dis02.csv,74,0,90,1,15,1,0,1,15
02_00_90dis02.csv,75,0,90,1,19,0,1,2,
02_00_90dis02.csv,76,0,90,1,347,1,0,1,13
02_00_90dis02.csv,77,0,90,1,347,1,0,1,13
02_00_90dis02.csv,78,0,90,1,347,1,0,1,13
02_00_90dis02.csv,79,0,90,1,347,1,0,1,13
02_00_90dis02.csv,80,0,90,1,16,0,1,2,
02_00_90dis02.csv,81,0,90,1,2,1,0,1,2
02_00_90dis02.csv,82,0,90,1,7,1,0,1,7
02_00_90dis02.csv,83,0,90,1,356,1,0,1,4
02_00_90dis02.csv,84,0,90,2,1;95,2,0,0,1;5
02_00_90dis02.csv,85,0,90,2,353;95,2,0,0,7;5
02_00_90dis02.csv,86,0,90,2,2;94,2,0,0,2;4
02_00_90dis02.csv,87,0,90,2,2;93,2,0,0,2;3
02_00_90dis02.csv,88,0,90,2,2;93,2,0,0,2;3
02_00_90dis02.csv,89,0,90,2,2;93,2,0,0,2;3
02_00_90dis02.csv,90,0,90,2,2;93,2,0,0,2;3
02_00_90dis02.csv,91,0,90,2,2;92,2,0,0,2;2
02_00_90dis02.csv,92,0,90,2,6;92,2,0,0,6;2
02_00_90dis02.csv,93,0,90,2,92;6,2,0,0,6;2
02_00_90dis02.csv,94,0,90,2,85;356,2,0,0,4;5
02_00_90dis02.csv,95,0,90,2,357;84,2,0,0,3;6
02_00_90dis02.csv,96,0,90,2,355;84,2,0,0,5;6
02_00_90dis02.csv,97,0,90,2,355;84,2,0,0,5;6
02_00_90dis02.csv,98,0,90,1,354,1,0,1,6
02_00_90dis02.csv,99,0,90,1,349,1,0,1,11
02_00_90dis02.csv,100,0,90,2,349;82,2,0,0,11;8
02_00_90dis03.csv,1,0,90,1,89,1,0,1,1
02_00_90dis03.csv,2,0,90,2,89;13,2,0,0,13;1
02_00_90dis03.csv,3,0,90,2,15;89,2,0,0,15;1
02_00_90dis03.csv,4,0,90,2,15;89,2,0,0,15;1
02_00_90dis03.csv,5,0,90,2,89;15,2,0,0,15;1
02_00_90dis03.csv,6,0,90,2,87;15,2,0,0,15;3
02_00_90dis03.csv,7,0,90,1,89,1,0,1,1
02_00_90dis03.csv,8,0,90,1,89,1,0,1,1
02_00_90dis03.csv,9,0,90,1,94,1,0,1,4
02_00_90dis03.csv,10,0,90,1,91,1,0,1,1
02_00_90dis03.csv,11,0,90,1,91,1,0,1,1
02_00_90dis03.csv,12,0,90,1,92,1,0,1,2
02_00_90dis03.csv,13,0,90,1,92,1,0,1,2
02_00_90dis03.csv,14,0,90,2,92;9,2,0,0,9;2
02_00_90dis03.csv,15,0,90,2,9;92,2,0,0,9;2
02_00_90dis03.csv,16,0,90,2,92;9,2,0,0,9;2
02_00_90dis03.csv,17,0,90,2,92;9,2,0,0,9;2
02_00_90dis03.csv,18,0,90,2,15;92,2,0,0,15;2
02_00_90dis03.csv,19,0,90,2,6;92,2,0,0,6;2
02_00_90dis03.csv,20,0,90,1,2,1,0,1,2
02_00_90dis03.csv,21,0,90,1,15,1,0,1,15
02_00_90dis03.csv,22,0,90,1,15,1,0,1,15
02_00_90dis03.csv,23,0,90,1,15,1,0,1,15
02_00_90dis03.csv,24,0,90,1,15,1,0,1,15
02_00_90dis03.csv,25,0,90,1,15,1,0,1,15
02_00_90dis03.csv,26,0,90,1,15,1,0,1,15
02_00_90dis03.csv,27,0,90,1,15,1,0,1,15
02_00_90dis03.csv,28,0,90,1,15,1,0,1,15
02_00_90dis03.csv,29,0,90,1,13,1,0,1,13
02_00_90dis03.csv,30,0,90,1,13,1,0,1,13
02_00_90dis03.csv,31,0,90,2,16;77,1,1,1,13
02_00_90dis03.csv,32,0,90,2,13;77,2,0,0,13;13
02_00_90dis03.csv,33,0,90,1,13,1,0,1,13
02_00_90dis03.csv,34,0,90,1,13,1,0,1,13
02_00_90dis03.csv,35,0,90,1,8,1,0,1,8
02_00_90dis03.csv,36,0,90,1,8,1,0,1,8
02_00_90dis03.csv,37,0,90,1,16,0,1,2,
02_00_90dis03.csv,38,0,90,1,8,1,0,1,8
02_00_90dis03.csv,39,0,90,1,6,1,0,1,6
02_00_90dis03.csv,40,0,90,1,6,1,0,1,6
02_00_90dis03.csv,41,0,90,1,4,1,0,1,4
02_00_90dis03.csv,42,0,90,2,93;5,2,0,0,5;3
02_00_90dis03.csv,43,0,90,2,79;5,2,0,0,5;11
02_00_90dis03.csv,44,0,90,1,88,1,0,1,2
02_00_90dis03.csv,45,0,90,1,79,1,0,1,11
02_00_90dis03.csv,46,0,90,1,79,1,0,1,11
02_00_90dis03.csv,47,0,90,1,89,1,0,1,1
02_00_90dis03.csv,48,0,90,1,89,1,0,1,1
02_00_90dis03.csv,49,0,90,1,89,1,0,1,1
02_00_90dis03.csv,50,0,90,1,89,1,0,1,1
02_00_90dis03.csv,51,0,90,1,90,1,0,1,0
02_00_90dis03.csv,52,0,90,1,88,1,0,1,2
02_00_90dis03.csv,53,0,90,1,90,1,0,1,0
02_00_90dis03.csv,54,0,90,1,90,1,0,1,0
02_00_90dis03.csv,55,0,90,1,90,1,0,1,0
02_00_90dis03.csv,56,0,90,1,90,1,0,1,0
02_00_90dis03.csv,57,0,90,1,91,1,0,1,1
02_00_90dis03.csv,58,0,90,1,91,1,0,1,1
02_00_90dis03.csv,59,0,90,1,90,1,0,1,0
02_00_90dis03.csv,60,0,90,2,15;90,2,0,0,15;0
02_00_90dis03.csv,61,0,90,2,15;90,2,0,0,15;0
02_00_90dis03.csv,62,0,90,2,15;90,2,0,0,15;0
02_00_90dis03.csv,63,0,90,2,15;91,2,0,0,15;1
02_00_90dis03.csv,64,0,90,2,6;91,2,0,0,6;1
02_00_90dis03.csv,65,0,90,1,5,1,0,1,5
02_00_90dis03.csv,66,0,90,1,5,1,0,1,5
02_00_90dis03.csv,67,0,90,1,5,1,0,1,5
02_00_90dis03.csv,68,0,90,1,5,1,0,1,5
02_00_90dis03.csv,69,0,90,1,5,1,0,1,5
02_00_90dis03.csv,70,0,90,1,5,1,0,1,5
02_00_90dis03.csv,71,0,90,1,5,1,0,1,5
02_00_90dis03.csv,72,0,90,1,13,1,0,1,13
02_00_90dis03.csv,73,0,90,1,13,1,0,1,13
02_00_90dis03.csv,74,0,90,1,7,1,0,1,7
02_00_90dis03.csv,75,0,90,1,15,1,0,1,15
02_00_90dis03.csv,76,0,90,1,30,0,1,2,
02_00_90dis03.csv,77,0,90,2,30;98,1,1,1,8
02_00_90dis03.csv,78,0,90,1,14,1,0,1,14
02_00_90dis03.csv,79,0,90,2,90;14,2,0,0,14;0
02_00_90dis03.csv,80,0,90,2,89;14,2,0,0,14;1
02_00_90dis03.csv,81,0,90,1,90,1,0,1,0
02_00_90dis03.csv,82,0,90,1,90,1,0,1,0
02_00_90dis03.csv,83,0,90,1,89,1,0,1,1
02_00_90dis03.csv,84,0,90,1,88,1,0,1,2
02_00_90dis03.csv,85,0,90,1,88,1,0,1,2
02_00_90dis03.csv,86,0,90,1,87,1,0,1,3
02_00_90dis03.csv,87,0,90,1,87,1,0,1,3
02_00_90dis03.csv,88,0,90,1,87,1,0,1,3
02_00_90dis03.csv,89,0,90,1,87,1,0,1,3
02_00_90dis03.csv,90,0,90,1,84,1,0,1,6
02_00_90dis03.csv,91,0,90,1,84,1,0,1,6
02_00_90dis03.csv,92,0,90,1,84,1,0,1,6
02_00_90dis03.csv,93,0,90,1,84,1,0,1,6
02_00_90dis03.csv,94,0,90,1,84,1,0,1,6
02_00_90dis03.csv,95,0,90,1,84,1,0,1,6
02_00_90dis03.csv,96,0,90,1,84,1,0,1,6
02_00_90dis03.csv,97,0,90,1,84,1,0,1,6
02_00_90dis03.csv,98,0,90,2,84;16,1,1,1,6
02_00_90dis03.csv,99,0,90,2,12;84,2,0,0,12;6
02_00_90dis03.csv,100,0,90,2,13;88,2,0,0,13;2
02_180_330dis02.csv,1,180,330,2,178;345,2,0,0,2;15
02_180_330dis02.csv,2,180,330,1,178,1,0,1,2
02_180_330dis02.csv,3,180,330,1,178,1,0,1,2
02_180_330dis02.csv,4,180,330,1,181,1,0,1,1
02_180_330dis02.csv,5,180,330,1,178,1,0,1,2
02_180_330dis02.csv,6,180,330,2,178;345,2,0,0,2;15
02_180_330dis02.csv,7,180,330,2,176;345,2,0,0,4;15
02_180_330dis02.csv,8,180,330,2,176;344,2,0,0,4;14
02_180_330dis02.csv,9,180,330,2,176;344,2,0,0,4;14
02_180_330dis02.csv,10,180,330,2,176;344,2,0,0,4;14
02_180_330dis02.csv,11,180,330,2,179;344,2,0,0,1;14
02_180_330dis02.csv,12,180,330,2,179;341,2,0,0,1;11
02_180_330dis02.csv,13,180,330,2,181;341,2,0,0,1;11
02_180_330dis02.csv,14,180,330,1,170,1,0,1,10
02_180_330dis02.csv,15,180,330,1,170,1,0,1,10
02_180_330dis02.csv,16,180,330,1,170,1,0,1,10
02_180_330dis02.csv,17,180,330,2,170;340,2,0,0,10;10
02_180_330dis02.csv,18,180,330,2,170;334,2,0,0,10;4
02_180_330dis02.csv,19,180,330,2,170;333,2,0,0,10;3
02_180_330dis02.csv,20,180,330,2,170;333,2,0,0,10;3
02_180_330dis02.csv,21,180,330,2,170;330,2,0,0,10;0
02_180_330dis02.csv,22,180,330,2,333;170,2,0,0,10;3
02_180_330dis02.csv,23,180,330,2,333;179,2,0,0,1;3
02_180_330dis02.csv,24,180,330,0,,0,0,2,
02_180_330dis02.csv,25,180,330,0,,0,0,2,
02_180_330dis02.csv,26,180,330,0,,0,0,2,
02_180_330dis02.csv,27,180,330,0,,0,0,2,
02_180_330dis02.csv,28,180,330,0,,0,0,2,
02_180_330dis02.csv,29,180,330,0,,0,0,2,
02_180_330dis02.csv,30,180,330,0,,0,0,2,
02_180_330dis02.csv,31,180,330,0,,0,0,2,
02_180_330dis02.csv,32,180,330,0,,0,0,2,
02_180_330dis02.csv,33,180,330,1,183,1,0,1,3
02_180_330dis02.csv,34,180,330,1,186,1,0,1,6
02_180_330dis02.csv,35,180,330,1,182,1,0,1,2
02_180_330dis02.csv,36,180,330,1,182,1,0,1,2
02_180_330dis02.csv,37,180,330,1,180,1,0,1,0
02_180_330dis02.csv,38,180,330,1,180,1,0,1,0
02_180_330dis02.csv,39,180,330,1,182,1,0,1,2
02_180_330dis02.csv,40,180,330,1,182,1,0,1,2
02_180_330dis02.csv,41,180,330,2,182;343,2,0,0,2;13
02_180_330dis02.csv,42,180,330,1,184,1,0,1,4
02_180_330dis02.csv,43,180,330,1,175,1,0,1,5
02_180_330dis02.csv,44,180,330,1,175,1,0,1,5
02_180_330dis02.csv,45,180,330,1,175,1,0,1,5
02_180_330dis02.csv,46,180,330,1,175,1,0,1,5
02_180_330dis02.csv,47,180,330,1,175,1,0,1,5
02_180_330dis02.csv,48,180,330,1,175,1,0,1,5
02_180_330dis02.csv,49,180,330,1,184,1,0,1,4
02_180_330dis02.csv,50,180,330,1,175,1,0,1,5
02_180_330dis02.csv,51,180,330,1,175,1,0,1,5
02_180_330dis02.csv,52,180,330,1,170,1,0,1,10
02_180_330dis02.csv,53,180,330,1,177,1,0,1,3
02_180_330dis02.csv,54,180,330,1,178,1,0,1,2
02_180_330dis02.csv,55,180,330,1,178,1,0,1,2
02_180_330dis02.csv,56,180,330,1,178,1,0,1,2
02_180_330dis02.csv,57,180,330,1,178,1,0,1,2
02_180_330dis02.csv,58,180,330,1,178,1,0,1,2
02_180_330dis02.csv,59,180,330,1,178,1,0,1,2
02_180_330dis02.csv,60,180,330,1,178,1,0,1,2
02_180_330dis02.csv,61,180,330,1,178,1,0,1,2
02_180_330dis02.csv,62,180,330,1,176,1,0,1,4
02_180_330dis02.csv,63,180,330,1,179,1,0,1,1
02_180_330dis02.csv,64,180,330,2,335;179,2,0,0,1;5
02_180_330dis02.csv,65,180,330,2,336;176,2,0,0,4;6
02_180_330dis02.csv,66,180,330,2,336;176,2,0,0,4;6
02_180_330dis02.csv,67,180,330,2,336;176,2,0,0,4;6
02_180_330dis02.csv,68,180,330,2,336;176,2,0,0,4;6
02_180_330dis02.csv,69,180,330,2,336;176,2,0,0,4;6
02_180_330dis02.csv,70,180,330,1,336,1,0,1,6
02_180_330dis02.csv,71,180,330,1,332,1,0,1,2
02_180_330dis02.csv,72,180,330,1,332,1,0,1,2
02_180_330dis02.csv,73,180,330,1,332,1,0,1,2
02_180_330dis02.csv,74,180,330,1,333,1,0,1,3
02_180_330dis02.csv,75,180,330,1,334,1,0,1,4
02_180_330dis02.csv,76,180,330,1,335,1,0,1,5
02_180_330dis02.csv,77,180,330,1,335,1,0,1,5
02_180_330dis02.csv,78,180,330,1,335,1,0,1,5
02_180_330dis02.csv,79,180,330,1,335,1,0,1,5
02_180_330dis02.csv,80,180,330,1,335,1,0,1,5
02_180_330dis02.csv,81,180,330,1,340,1,0,1,10
02_180_330dis02.csv,82,180,330,1,340,1,0,1,10
02_180_330dis02.csv,83,180,330,1,339,1,0,1,9
02_180_330dis02.csv,84,180,330,1,339,1,0,1,9
02_180_330dis02.csv,85,180,330,1,339,1,0,1,9
02_180_330dis02.csv,86,180,330,1,341,1,0,1,11
02_180_330dis02.csv,87,180,330,1,342,1,0,1,12
02_180_330dis02.csv,88,180,330,1,347,0,1,2,
02_180_330dis02.csv,89,180,330,1,347,0,1,2,
02_180_330dis02.csv,90,180,330,2,348;170,1,1,1,10
02_180_330dis02.csv,91,180,330,2,344;180,2,0,0,0;14
02_180_330dis02.csv,92,180,330,2,333;170,2,0,0,10;3
02_180_330dis02.csv,93,180,330,1,333,1,0,1,3
02_180_330dis02.csv,94,180,330,1,333,1,0,1,3
02_180_330dis02.csv,95,180,330,1,333,1,0,1,3
02_180_330dis02.csv,96,180,330,2,182;333,2,0,0,2;3
02_180_330dis02.csv,97,180,330,2,183;333,2,0,0,3;3
02_180_330dis02.csv,98,180,330,1,183,1,0,1,3
02_180_330dis02.csv,99,180,330,2,181;342,2,0,0,1;12
02_180_330dis02.csv,100,180,330,2,181;342,2,0,0,1;12
02_30_150dis02.csv,1,30,150,1,27,1,0,1,3
02_30_150dis02.csv,2,30,150,1,28,1,0,1,2
02_30_150dis02.csv,3,30,150,0,,0,0,2,
02_30_150dis02.csv,4,30,150,1,26,1,0,1,4
02_30_150dis02.csv,5,30,150,1,26,1,0,1,4
02_30_150dis02.csv,6,30,150,1,26,1,0,1,4
02_30_150dis02.csv,7,30,150,2,26;138,2,0,0,4;12
02_30_150dis02.csv,8,30,150,2,136;26,2,0,0,4;14
02_30_150dis02.csv,9,30,150,2,136;10,1,1,1,14
02_30_150dis02.csv,10,30,150,2,136;10,1,1,1,14
02_30_150dis02.csv,11,30,150,2,136;3,1,1,1,14
02_30_150dis02.csv,12,30,150,2,136;10,1,1,1,14
02_30_150dis02.csv,13,30,150,1,134,0,1,2,
02_30_150dis02.csv,14,30,150,2,133;25,1,1,1,5
02_30_150dis02.csv,15,30,150,1,132,0,1,2,
02_30_150dis02.csv,16,30,150,2,132;28,1,1,1,2
02_30_150dis02.csv,17,30,150,2,132;27,1,1,1,3
02_30_150dis02.csv,18,30,150,2,132;24,1,1,1,6
02_30_150dis02.csv,19,30,150,2,27;132,1,1,1,3
02_30_150dis02.csv,20,30,150,2,129;26,1,1,1,4
02_30_150dis02.csv,21,30,150,2,129;26,1,1,1,4
02_30_150dis02.csv,22,30,150,2,129;26,1,1,1,4
02_30_150dis02.csv,23,30,150,2,129;26,1,1,1,4
02_30_150dis02.csv,24,30,150,2,129;22,1,1,1,8
02_30_150dis02.csv,25,30,150,2,22;129,1,1,1,8
02_30_150dis02.csv,26,30,150,2,26;129,1,1,1,4
02_30_150dis02.csv,27,30,150,2,26;129,1,1,1,4
02_30_150dis02.csv,28,30,150,2,156;22,2,0,0,8;6
02_30_150dis02.csv,29,30,150,2,129;23,1,1,1,7
02_30_150dis02.csv,30,30,150,2,25;129,1,1,1,5
02_30_150dis02.csv,31,30,150,2,26;129,1,1,1,4
02_30_150dis02.csv,32,30,150,2,27;131,1,1,1,3
02_30_150dis02.csv,33,30,150,2,26;131,1,1,1,4
02_30_150dis02.csv,34,30,150,2,26;131,1,1,1,4
02_30_150dis02.csv,35,30,150,2,26;131,1,1,1,4
02_30_150dis02.csv,36,30,150,2,26;131,1,1,1,4
02_30_150dis02.csv,37,30,150,2,25;139,2,0,0,5;11
02_30_150dis02.csv,38,30,150,2,140;25,2,0,0,5;10
02_30_150dis02.csv,39,30,150,1,130,0,1,2,
02_30_150dis02.csv,40,30,150,1,131,0,1,2,
02_30_150dis02.csv,41,30,150,1,135,1,0,1,15
02_30_150dis02.csv,42,30,150,1,137,1,0,1,13
02_30_150dis02.csv,43,30,150,1,136,1,0,1,14
02_30_150dis02.csv,44,30,150,1,136,1,0,1,14
02_30_150dis02.csv,45,30,150,1,136,1,0,1,14
02_30_150dis02.csv,46,30,150,0,,0,0,2,
02_30_150dis02.csv,47,30,150,0,,0,0,2,
02_30_150dis02.csv,48,30,150,0,,0,0,2,
02_30_150dis02.csv,49,30,150,0,,0,0,2,
02_30_150dis02.csv,50,30,150,0,,0,0,2,
02_30_150dis02.csv,51,30,150,0,,0,0,2,
02_30_150dis02.csv,52,30,150,1,136,1,0,1,14
02_30_150dis02.csv,53,30,150,2,26;137,2,0,0,4;13
02_30_150dis02.csv,54,30,150,2,26;137,2,0,0,4;13
02_30_150dis02.csv,55,30,150,1,23,1,0,1,7
02_30_150dis02.csv,56,30,150,1,23,1,0,1,7
02_30_150dis02.csv,57,30,150,1,23,1,0,1,7
02_30_150dis02.csv,58,30,150,1,23,1,0,1,7
02_30_150dis02.csv,59,30,150,1,22,1,0,1,8
02_30_150dis02.csv,60,30,150,1,22,1,0,1,8
02_30_150dis02.csv,61,30,150,2,22;138,2,0,0,8;12
02_30_150dis02.csv,62,30,150,2,22;136,2,0,0,8;14
02_30_150dis02.csv,63,30,150,2,138;22,2,0,0,8;12
02_30_150dis02.csv,64,30,150,1,138,1,0,1,12
02_30_150dis02.csv,65,30,150,1,135,1,0,1,15
02_30_150dis02.csv,66,30,150,1,135,1,0,1,15
02_30_150dis02.csv,67,30,150,1,135,1,0,1,15
02_30_150dis02.csv,68,30,150,1,26,1,0,1,4
02_30_150dis02.csv,69,30,150,1,24,1,0,1,6
02_30_150dis02.csv,70,30,150,1,24,1,0,1,6
02_30_150dis02.csv,71,30,150,1,25,1,0,1,5
02_30_150dis02.csv,72,30,150,1,23,1,0,1,7
02_30_150dis02.csv,73,30,150,1,23,1,0,1,7
02_30_150dis02.csv,74,30,150,1,21,1,0,1,9
02_30_150dis02.csv,75,30,150,1,22,1,0,1,8
02_30_150dis02.csv,76,30,150,1,21,1,0,1,9
02_30_150dis02.csv,77,30,150,1,21,1,0,1,9
02_30_150dis02.csv,78,30,150,1,21,1,0,1,9
02_30_150dis02.csv,79,30,150,1,21,1,0,1,9
02_30_150dis02.csv,80,30,150,1,21,1,0,1,9
02_30_150dis02.csv,81,30,150,1,21,1,0,1,9
02_30_150dis02.csv,82,30,150,1,21,1,0,1,9
02_30_150dis02.csv,83,30,150,1,25,1,0,1,5
02_30_150dis02.csv,84,30,150,1,26,1,0,1,4
02_30_150dis02.csv,85,30,150,1,26,1,0,1,4
02_30_150dis02.csv,86,30,150,1,21,1,0,1,9
02_30_150dis02.csv,87,30,150,1,22,1,0,1,8
02_30_150dis02.csv,88,30,150,2,22;141,2,0,0,8;9
02_30_150dis02.csv,89,30,150,2,142;22,2,0,0,8;8
02_30_150dis02.csv,90,30,150,2,142;29,2,0,0,1;8
02_30_150dis02.csv,91,30,150,2,24;142,2,0,0,6;8
02_30_150dis02.csv,92,30,150,1,24,1,0,1,6
02_30_150dis02.csv,93,30,150,1,24,1,0,1,6
02_30_150dis02.csv,94,30,150,1,23,1,0,1,7
02_30_150dis02.csv,95,30,150,1,24,1,0,1,6
02_30_150dis02.csv,96,30,150,1,24,1,0,1,6
02_30_150dis02.csv,97,30,150,1,24,1,0,1,6
02_30_150dis02.csv,98,30,150,1,24,1,0,1,6
02_30_150dis02.csv,99,30,150,1,24,1,0,1,6
02_30_150dis02.csv,100,30,150,1,24,1,0,1,6
02_30_150dis04.csv,1,30,150,1,111,0,1,2,
02_30_150dis04.csv,2,30,150,1,138,1,0,1,12
02_30_150dis04.csv,3,30,150,1,138,1,0,1,12
02_30_150dis04.csv,4,30,150,2,139;57,1,1,1,11
02_30_150dis04.csv,5,30,150,1,135,1,0,1,15
02_30_150dis04.csv,6,30,150,1,135,1,0,1,15
02_30_150dis04.csv,7,30,150,1,135,1,0,1,15
02_30_150dis04.csv,8,30,150,1,135,1,0,1,15
02_30_150dis04.csv,9,30,150,1,137,1,0,1,13
02_30_150dis04.csv,10,30,150,1,138,1,0,1,12
02_30_150dis04.csv,11,30,150,2,40;138,2,0,0,10;12
02_30_150dis04.csv,12,30,150,2,130;61,0,2,2,
02_30_150dis04.csv,13,30,150,2,61;130,0,2,2,
02_30_150dis04.csv,14,30,150,2,61;130,0,2,2,
02_30_150dis04.csv,15,30,150,2,39;130,1,1,1,9
02_30_150dis04.csv,16,30,150,2,130;39,1,1,1,9
02_30_150dis04.csv,17,30,150,2,127;39,1,1,1,9
02_30_150dis04.csv,18,30,150,2,127;39,1,1,1,9
02_30_150dis04.csv,19,30,150,1,128,0,1,2,
02_30_150dis04.csv,20,30,150,2,38;128,1,1,1,8
02_30_150dis04.csv,21,30,150,2,47;134,0,2,2,
02_30_150dis04.csv,22,30,150,2,47;134,0,2,2,
02_30_150dis04.csv,23,30,150,1,44,1,0,1,14
02_30_150dis04.csv,24,30,150,2,45;174,1,1,1,15
02_30_150dis04.csv,25,30,150,1,43,1,0,1,13
02_30_150dis04.csv,26,30,150,2,44;121,1,1,1,14
02_30_150dis04.csv,27,30,150,1,63,0,1,2,
02_30_150dis04.csv,28,30,150,2,52;120,0,2,2,
02_30_150dis04.csv,29,30,150,2,52;122,0,2,2,
02_30_150dis04.csv,30,30,150,1,40,1,0,1,10
02_30_150dis04.csv,31,30,150,1,48,0,1,2,
02_30_150dis04.csv,32,30,150,1,48,0,1,2,
02_30_150dis04.csv,33,30,150,1,48,0,1,2,
02_30_150dis04.csv,34,30,150,1,48,0,1,2,
02_30_150dis04.csv,35,30,150,1,48,0,1,2,
02_30_150dis04.csv,36,30,150,1,138,1,0,1,12
02_30_150dis04.csv,37,30,150,1,124,0,1,2,
02_30_150dis04.csv,38,30,150,1,124,0,1,2,
02_30_150dis04.csv,39,30,150,1,124,0,1,2,
02_30_150dis04.csv,40,30,150,2,33;124,1,1,1,3
02_30_150dis04.csv,41,30,150,1,39,1,0,1,9
02_30_150dis04.csv,42,30,150,1,40,1,0,1,10
02_30_150dis04.csv,43,30,150,1,40,1,0,1,10
02_30_150dis04.csv,44,30,150,2,36;127,1,1,1,6
02_30_150dis04.csv,45,30,150,2,36;127,1,1,1,6
02_30_150dis04.csv,46,30,150,2,35;127,1,1,1,5
02_30_150dis04.csv,47,30,150,2,126;36,1,1,1,6
02_30_150dis04.csv,48,30,150,2,35;126,1,1,1,5
02_30_150dis04.csv,49,30,150,2,47;126,0,2,2,
02_30_150dis04.csv,50,30,150,2,47;137,1,1,1,13
02_30_150dis04.csv,51,30,150,1,130,0,1,2,
02_30_150dis04.csv,52,30,150,1,130,0,1,2,
02_30_150dis04.csv,53,30,150,1,130,0,1,2,
02_30_150dis04.csv,54,30,150,1,138,1,0,1,12
02_30_150dis04.csv,55,30,150,2,130;42,1,1,1,12
02_30_150dis04.csv,56,30,150,1,134,0,1,2,
02_30_150dis04.csv,57,30,150,2,149;56,1,1,1,1
02_30_150dis04.csv,58,30,150,2,56;146,1,1,1,4
02_30_150dis04.csv,59,30,150,1,65,0,1,2,
02_30_150dis04.csv,60,30,150,1,46,0,1,2,
02_30_150dis04.csv,61,30,150,1,42,1,0,1,12
02_30_150dis04.csv,62,30,150,1,42,1,0,1,12
02_30_150dis04.csv,63,30,150,1,42,1,0,1,12
02_30_150dis04.csv,64,30,150,1,42,1,0,1,12
02_30_150dis04.csv,65,30,150,1,42,1,0,1,12
02_30_150dis04.csv,66,30,150,1,42,1,0,1,12
02_30_150dis04.csv,67,30,150,1,43,1,0,1,13
02_30_150dis04.csv,68,30,150,1,42,1,0,1,12
02_30_150dis04.csv,69,30,150,1,45,1,0,1,15
02_30_150dis04.csv,70,30,150,1,58,0,1,2,
02_30_150dis04.csv,71,30,150,1,58,0,1,2,
02_30_150dis04.csv,72,30,150,1,58,0,1,2,
02_30_150dis04.csv,73,30,150,1,84,0,1,2,
02_30_150dis04.csv,74,30,150,1,45,1,0,1,15
02_30_150dis04.csv,75,30,150,1,75,0,1,2,
02_30_150dis04.csv,76,30,150,1,81,0,1,2,
02_30_150dis04.csv,77,30,150,1,81,0,1,2,
02_30_150dis04.csv,78,30,150,1,80,0,1,2,
02_30_150dis04.csv,79,30,150,2,105;156,1,1,1,6
02_30_150dis04.csv,80,30,150,1,105,0,1,2,
02_30_150dis04.csv,81,30,150,1,129,0,1,2,
02_30_150dis04.csv,82,30,150,1,141,1,0,1,9
02_30_150dis04.csv,83,30,150,1,140,1,0,1,10
02_30_150dis04.csv,84,30,150,1,140,1,0,1,10
02_30_150dis04.csv,85,30,150,1,140,1,0,1,10
02_30_150dis04.csv,86,30,150,1,140,1,0,1,10
02_30_150dis04.csv,87,30,150,1,140,1,0,1,10
02_30_150dis04.csv,88,30,150,1,140,1,0,1,10
02_30_150dis04.csv,89,30,150,1,140,1,0,1,10
02_30_150dis04.csv,90,30,150,1,130,0,1,2,
02_30_150dis04.csv,91,30,150,1,130,0,1,2,
02_30_150dis04.csv,92,30,150,1,130,0,1,2,
02_30_150dis04.csv,93,30,150,1,130,0,1,2,
02_30_150dis04.csv,94,30,150,2,130;31,1,1,1,1
02_30_150dis04.csv,95,30,150,2,39;130,1,1,1,9
02_30_150dis04.csv,96,30,150,2,39;137,2,0,0,9;13
02_30_150dis04.csv,97,30,150,2,112;38,1,1,1,8
02_30_150dis04.csv,98,30,150,2,112;29,1,1,1,1
02_30_150dis04.csv,99,30,150,1,152,1,0,1,2
02_30_150dis04.csv,100,30,150,1,132,0,1,2,
02_30_180dis02.csv,1,30,180,1,22,1,0,1,8
02_30_180dis02.csv,2,30,180,1,22,1,0,1,8
02_30_180dis02.csv,3,30,180,2,22;179,2,0,0,8;1
02_30_180dis02.csv,4,30,180,2,160;22,1,1,1,8
02_30_180dis02.csv,5,30,180,2,22;159,1,1,1,8
02_30_180dis02.csv,6,30,180,2,22;160,1,1,1,8
02_30_180dis02.csv,7,30,180,2,27;160,1,1,1,3
02_30_180dis02.csv,8,30,180,1,27,1,0,1,3
02_30_180dis02.csv,9,30,180,1,23,1,0,1,7
02_30_180dis02.csv,10,30,180,1,20,1,0,1,10
02_30_180dis02.csv,11,30,180,1,20,1,0,1,10
02_30_180dis02.csv,12,30,180,1,20,1,0,1,10
02_30_180dis02.csv,13,30,180,1,20,1,0,1,10
02_30_180dis02.csv,14,30,180,1,28,1,0,1,2
02_30_180dis02.csv,15,30,180,1,24,1,0,1,6
02_30_180dis02.csv,16,30,180,2,24;185,2,0,0,6;5
02_30_180dis02.csv,17,30,180,2,24;179,2,0,0,6;1
02_30_180dis02.csv,18,30,180,2,24;182,2,0,0,6;2
02_30_180dis02.csv,19,30,180,2,179;24,2,0,0,6;1
02_30_180dis02.csv,20,30,180,2,179;24,2,0,0,6;1
02_30_180dis02.csv,21,30,180,2,182;24,2,0,0,6;2
02_30_180dis02.csv,22,30,180,2,182;24,2,0,0,6;2
02_30_180dis02.csv,23,30,180,2,180;26,2,0,0,4;0
02_30_180dis02.csv,24,30,180,2,28;180,2,0,0,2;0
02_30_180dis02.csv,25,30,180,2,26;180,2,0,0,4;0
02_30_180dis02.csv,26,30,180,2,28;180,2,0,0,2;0
02_30_180dis02.csv,27,30,180,1,25,1,0,1,5
02_30_180dis02.csv,28,30,180,1,26,1,0,1,4
02_30_180dis02.csv,29,30,180,1,25,1,0,1,5
02_30_180dis02.csv,30,30,180,1,25,1,0,1,5
02_30_180dis02.csv,31,30,180,1,25,1,0,1,5
02_30_180dis02.csv,32,30,180,1,25,1,0,1,5
02_30_180dis02.csv,33,30,180,1,25,1,0,1,5
02_30_180dis02.csv,34,30,180,1,25,1,0,1,5
02_30_180dis02.csv,35,30,180,1,25,1,0,1,5
02_30_180dis02.csv,36,30,180,1,24,1,0,1,6
02_30_180dis02.csv,37,30,180,1,29,1,0,1,1
02_30_180dis02.csv,38,30,180,1,31,1,0,1,1
02_30_180dis02.csv,39,30,180,2,24;180,2,0,0,6;0
02_30_180dis02.csv,40,30,180,2,26;183,2,0,0,4;3
02_30_180dis02.csv,41,30,180,2,28;183,2,0,0,2;3
02_30_180dis02.csv,42,30,180,2,30;183,2,0,0,0;3
02_30_180dis02.csv,43,30,180,2,30;183,2,0,0,0;3
02_30_180dis02.csv,44,30,180,2,28;184,2,0,0,2;4
02_30_180dis02.csv,45,30,180,2,25;172,2,0,0,5;8
02_30_180dis02.csv,46,30,180,1,25,1,0,1,5
02_30_180dis02.csv,47,30,180,1,25,1,0,1,5
02_30_180dis02.csv,48,30,180,1,23,1,0,1,7
02_30_180dis02.csv,49,30,180,1,23,1,0,1,7
02_30_180dis02.csv,50,30,180,1,33,1,0,1,3
02_30_180dis02.csv,51,30,180,1,33,1,0,1,3
02_30_180dis02.csv,52,30,180,1,33,1,0,1,3
02_30_180dis02.csv,53,30,180,1,33,1,0,1,3
02_30_180dis02.csv,54,30,180,1,31,1,0,1,1
02_30_180dis02.csv,55,30,180,1,32,1,0,1,2
02_30_180dis02.csv,56,30,180,1,32,1,0,1,2
02_30_180dis02.csv,57,30,180,1,32,1,0,1,2
02_30_180dis02.csv,58,30,180,1,32,1,0,1,2
02_30_180dis02.csv,59,30,180,0,,0,0,2,
02_30_180dis02.csv,60,30,180,0,,0,0,2,
02_30_180dis02.csv,61,30,180,0,,0,0,2,
02_30_180dis02.csv,62,30,180,1,32,1,0,1,2
02_30_180dis02.csv,63,30,180,1,26,1,0,1,4
02_30_180dis02.csv,64,30,180,1,23,1,0,1,7
02_30_180dis02.csv,65,30,180,1,25,1,0,1,5
02_30_180dis02.csv,66,30,180,1,24,1,0,1,6
02_30_180dis02.csv,67,30,180,1,24,1,0,1,6
02_30_180dis02.csv,68,30,180,1,24,1,0,1,6
02_30_180dis02.csv,69,30,180,1,24,1,0,1,6
02_30_180dis02.csv,70,30,180,1,23,1,0,1,7
02_30_180dis02.csv,71,30,180,2,23;169,2,0,0,7;11
02_30_180dis02.csv,72,30,180,2,24;169,2,0,0,6;11
02_30_180dis02.csv,73,30,180,2,178;25,2,0,0,5;2
02_30_180dis02.csv,74,30,180,2,181;25,2,0,0,5;1
02_30_180dis02.csv,75,30,180,2,181;25,2,0,0,5;1
02_30_180dis02.csv,76,30,180,2,181;25,2,0,0,5;1
02_30_180dis02.csv,77,30,180,2,181;25,2,0,0,5;1
02_30_180dis02.csv,78,30,180,2,181;24,2,0,0,6;1
02_30_180dis02.csv,79,30,180,2,24;181,2,0,0,6;1
02_30_180dis02.csv,80,30,180,2,24;181,2,0,0,6;1
02_30_180dis02.csv,81,30,180,2,24;181,2,0,0,6;1
02_30_180dis02.csv,82,30,180,2,181;24,2,0,0,6;1
02_30_180dis02.csv,83,30,180,2,181;24,2,0,0,6;1
02_30_180dis02.csv,84,30,180,1,25,1,0,1,5
02_30_180dis02.csv,85,30,180,1,25,1,0,1,5
02_30_180dis02.csv,86,30,180,2,25;170,2,0,0,5;10
02_30_180dis02.csv,87,30,180,2,24;170,2,0,0,6;10
02_30_180dis02.csv,88,30,180,1,25,1,0,1,5
02_30_180dis02.csv,89,30,180,1,29,1,0,1,1
02_30_180dis02.csv,90,30,180,2,25;175,2,0,0,5;5
02_30_180dis02.csv,91,30,180,2,25;175,2,0,0,5;5
02_30_180dis02.csv,92,30,180,2,25;170,2,0,0,5;10
02_30_180dis02.csv,93,30,180,2,30;175,2,0,0,0;5
02_30_180dis02.csv,94,30,180,2,29;185,2,0,0,1;5
02_30_180dis02.csv,95,30,180,2,31;182,2,0,0,1;2
02_30_180dis02.csv,96,30,180,2,31;183,2,0,0,1;3
02_30_180dis02.csv,97,30,180,1,31,1,0,1,1
02_30_180dis02.csv,98,30,180,1,27,1,0,1,3
02_30_180dis02.csv,99,30,180,1,25,1,0,1,5
02_30_180dis02.csv,100,30,180,1,23,1,0,1,7
02_330_180dis02.csv,1,330,180,1,345,1,0,1,15
02_330_180dis02.csv,2,330,180,1,345,1,0,1,15
02_330_180dis02.csv,3,330,180,1,345,1,0,1,15
02_330_180dis02.csv,4,330,180,1,345,1,0,1,15
02_330_180dis02.csv,5,330,180,0,,0,0,2,
02_330_180dis02.csv,6,330,180,0,,0,0,2,
02_330_180dis02.csv,7,330,180,1,337,1,0,1,7
02_330_180dis02.csv,8,330,180,1,337,1,0,1,7
02_330_180dis02.csv,9,330,180,1,343,1,0,1,13
02_330_180dis02.csv,10,330,180,1,342,1,0,1,12
02_330_180dis02.csv,11,330,180,1,342,1,0,1,12
02_330_180dis02.csv,12,330,180,1,342,1,0,1,12
02_330_180dis02.csv,13,330,180,1,339,1,0,1,9
02_330_180dis02.csv,14,330,180,1,337,1,0,1,7
02_330_180dis02.csv,15,330,180,1,337,1,0,1,7
02_330_180dis02.csv,16,330,180,1,337,1,0,1,7
02_330_180dis02.csv,17,330,180,1,337,1,0,1,7
02_330_180dis02.csv,18,330,180,1,339,1,0,1,9
02_330_180dis02.csv,19,330,180,2,338;185,2,0,0,8;5
02_330_180dis02.csv,20,330,180,2,174;338,2,0,0,8;6
02_330_180dis02.csv,21,330,180,2,175;338,2,0,0,8;5
02_330_180dis02.csv,22,330,180,2,173;338,2,0,0,8;7
02_330_180dis02.csv,23,330,180,1,173,1,0,1,7
02_330_180dis02.csv,24,330,180,1,173,1,0,1,7
02_330_180dis02.csv,25,330,180,1,173,1,0,1,7
02_330_180dis02.csv,26,330,180,1,173,1,0,1,7
02_330_180dis02.csv,27,330,180,1,173,1,0,1,7
02_330_180dis02.csv,28,330,180,2,333;173,2,0,0,3;7
02_330_180dis02.csv,29,330,180,2,173;333,2,0,0,3;7
02_330_180dis02.csv,30,330,180,2,171;333,2,0,0,3;9
02_330_180dis02.csv,31,330,180,2,171;331,2,0,0,1;9
02_330_180dis02.csv,32,330,180,2,171;336,2,0,0,6;9
02_330_180dis02.csv,33,330,180,2,170;336,2,0,0,6;10
02_330_180dis02.csv,34,330,180,2,171;337,2,0,0,7;9
02_330_180dis02.csv,35,330,180,2,171;337,2,0,0,7;9
02_330_180dis02.csv,36,330,180,2,179;337,2,0,0,7;1
02_330_180dis02.csv,37,330,180,1,179,1,0,1,1
02_330_180dis02.csv,38,330,180,1,171,1,0,1,9
02_330_180dis02.csv,39,330,180,1,179,1,0,1,1
02_330_180dis02.csv,40,330,180,1,179,1,0,1,1
02_330_180dis02.csv,41,330,180,1,179,1,0,1,1
02_330_180dis02.csv,42,330,180,1,171,1,0,1,9
02_330_180dis02.csv,43,330,180,1,172,1,0,1,8
02_330_180dis02.csv,44,330,180,1,172,1,0,1,8
02_330_180dis02.csv,45,330,180,1,181,1,0,1,1
02_330_180dis02.csv,46,330,180,1,180,1,0,1,0
02_330_180dis02.csv,47,330,180,1,181,1,0,1,1
02_330_180dis02.csv,48,330,180,1,181,1,0,1,1
02_330_180dis02.csv,49,330,180,1,181,1,0,1,1
02_330_180dis02.csv,50,330,180,2,177;334,2,0,0,4;3
02_330_180dis02.csv,51,330,180,2,177;347,1,1,1,3
02_330_180dis02.csv,52,330,180,2,177;347,1,1,1,3
02_330_180dis02.csv,53,330,180,2,334;177,2,0,0,4;3
02_330_180dis02.csv,54,330,180,2,336;177,2,0,0,6;3
02_330_180dis02.csv,55,330,180,2,177;336,2,0,0,6;3
02_330_180dis02.csv,56,330,180,2,184;336,2,0,0,6;4
02_330_180dis02.csv,57,330,180,1,184,1,0,1,4
02_330_180dis02.csv,58,330,180,1,184,1,0,1,4
02_330_180dis02.csv,59,330,180,1,184,1,0,1,4
02_330_180dis02.csv,60,330,180,1,184,1,0,1,4
02_330_180dis02.csv,61,330,180,2,184;339,2,0,0,9;4
02_330_180dis02.csv,62,330,180,2,341;184,2,0,0,11;4
02_330_180dis02.csv,63,330,180,2,341;184,2,0,0,11;4
02_330_180dis02.csv,64,330,180,2,177;341,2,0,0,11;3
02_330_180dis02.csv,65,330,180,2,341;177,2,0,0,11;3
02_330_180dis02.csv,66,330,180,2,343;177,2,0,0,13;3
02_330_180dis02.csv,67,330,180,2,177;343,2,0,0,13;3
02_330_180dis02.csv,68,330,180,2,182;341,2,0,0,11;2
02_330_180dis02.csv,69,330,180,1,182,1,0,1,2
02_330_180dis02.csv,70,330,180,2,182;343,2,0,0,13;2
02_330_180dis02.csv,71,330,180,2,343;182,2,0,0,13;2
02_330_180dis02.csv,72,330,180,2,341;182,2,0,0,11;2
02_330_180dis02.csv,73,330,180,2,181;339,2,0,0,9;1
02_330_180dis02.csv,74,330,180,3,185;338;281,2,1,0,8;5
02_330_180dis02.csv,75,330,180,2,185;338,2,0,0,8;5
02_330_180dis02.csv,76,330,180,1,175,1,0,1,5
02_330_180dis02.csv,77,330,180,1,177,1,0,1,3
02_330_180dis02.csv,78,330,180,1,184,1,0,1,4
02_330_180dis02.csv,79,330,180,1,184,1,0,1,4
02_330_180dis02.csv,80,330,180,1,184,1,0,1,4
02_330_180dis02.csv,81,330,180,1,184,1,0,1,4
02_330_180dis02.csv,82,330,180,1,184,1,0,1,4
02_330_180dis02.csv,83,330,180,1,184,1,0,1,4
02_330_180dis02.csv,84,330,180,2,184;341,2,0,0,11;4
02_330_180dis02.csv,85,330,180,2,341;184,2,0,0,11;4
02_330_180dis02.csv,86,330,180,1,341,1,0,1,11
02_330_180dis02.csv,87,330,180,1,342,1,0,1,12
02_330_180dis02.csv,88,330,180,2,339;176,2,0,0,9;4
02_330_180dis02.csv,89,330,180,2,330;175,2,0,0,0;5
02_330_180dis02.csv,90,330,180,1,330,1,0,1,0
02_330_180dis02.csv,91,330,180,2,330;176,2,0,0,0;4
02_330_180dis02.csv,92,330,180,1,332,1,0,1,2
02_330_180dis02.csv,93,330,180,1,335,1,0,1,5
02_330_180dis02.csv,94,330,180,1,336,1,0,1,6
02_330_180dis02.csv,95,330,180,2,336;170,2,0,0,6;10
02_330_180dis02.csv,96,330,180,2,175;336,2,0,0,6;5
02_330_180dis02.csv,97,330,180,1,171,1,0,1,9
02_330_180dis02.csv,98,330,180,1,171,1,0,1,9
02_330_180dis02.csv,99,330,180,1,170,1,0,1,10
02_330_180dis02.csv,100,330,180,2,335;170,2,0,0,5;10
03_00_150dis02.csv,1,0,150,1,3,1,0,1,3
03_00_150dis02.csv,2,0,150,1,3,1,0,1,3
03_00_150dis02.csv,3,0,150,1,3,1,0,1,3
03_00_150dis02.csv,4,0,150,1,350,1,0,1,10
03_00_150dis02.csv,5,0,150,1,351,1,0,1,9
03_00_150dis02.csv,6,0,150,1,351,1,0,1,9
03_00_150dis02.csv,7,0,150,0,,0,0,2,
03_00_150dis02.csv,8,0,150,0,,0,0,2,
03_00_150dis02.csv,9,0,150,0,,0,0,2,
03_00_150dis02.csv,10,0,150,0,,0,0,2,
03_00_150dis02.csv,11,0,150,0,,0,0,2,
03_00_150dis02.csv,12,0,150,0,,0,0,2,
03_00_150dis02.csv,13,0,150,1,4,1,0,1,4
03_00_150dis02.csv,14,0,150,0,,0,0,2,
03_00_150dis02.csv,15,0,150,0,,0,0,2,
03_00_150dis02.csv,16,0,150,0,,0,0,2,
03_00_150dis02.csv,17,0,150,1,347,1,0,1,13
03_00_150dis02.csv,18,0,150,2,347;150,2,0,0,13;0
03_00_150dis02.csv,19,0,150,2,350;150,2,0,0,10;0
03_00_150dis02.csv,20,0,150,2,131;0,1,1,1,0
03_00_150dis02.csv,21,0,150,2,134;358,1,1,1,2
03_00_150dis02.csv,22,0,150,2,134;358,1,1,1,2
03_00_150dis02.csv,23,0,150,2,134;358,1,1,1,2
03_00_150dis02.csv,24,0,150,1,134,0,1,2,
03_00_150dis02.csv,25,0,150,1,134,0,1,2,
03_00_150dis02.csv,26,0,150,1,134,0,1,2,
03_00_150dis02.csv,27,0,150,1,134,0,1,2,
03_00_150dis02.csv,28,0,150,2,134;10,1,1,1,10
03_00_150dis02.csv,29,0,150,1,146,1,0,1,4
03_00_150dis02.csv,30,0,150,1,146,1,0,1,4
03_00_150dis02.csv,31,0,150,1,145,1,0,1,5
03_00_150dis02.csv,32,0,150,1,145,1,0,1,5
03_00_150dis02.csv,33,0,150,1,133,0,1,2,
03_00_150dis02.csv,34,0,150,1,136,1,0,1,14
03_00_150dis02.csv,35,0,150,1,139,1,0,1,11
03_00_150dis02.csv,36,0,150,1,140,1,0,1,10
03_00_150dis02.csv,37,0,150,1,140,1,0,1,10
03_00_150dis02.csv,38,0,150,1,140,1,0,1,10
03_00_150dis02.csv,39,0,150,1,140,1,0,1,10
03_00_150dis02.csv,40,0,150,1,140,1,0,1,10
03_00_150dis02.csv,41,0,150,1,140,1,0,1,10
03_00_150dis02.csv,42,0,150,1,140,1,0,1,10
03_00_150dis02.csv,43,0,150,1,140,1,0,1,10
03_00_150dis02.csv,44,0,150,1,140,1,0,1,10
03_00_150dis02.csv,45,0,150,1,140,1,0,1,10
03_00_150dis02.csv,46,0,150,1,140,1,0,1,10
03_00_150dis02.csv,47,0,150,0,,0,0,2,
03_00_150dis02.csv,48,0,150,1,140,1,0,1,10
03_00_150dis02.csv,49,0,150,2,140;359,2,0,0,1;10
03_00_150dis02.csv,50,0,150,2,140;4,2,0,0,4;10
03_00_150dis02.csv,51,0,150,0,,0,0,2,
03_00_150dis02.csv,52,0,150,0,,0,0,2,
03_00_150dis02.csv,53,0,150,1,143,1,0,1,7
03_00_150dis02.csv,54,0,150,1,143,1,0,1,7
03_00_150dis02.csv,55,0,150,1,143,1,0,1,7
03_00_150dis02.csv,56,0,150,1,143,1,0,1,7
03_00_150dis02.csv,57,0,150,0,,0,0,2,
03_00_150dis02.csv,58,0,150,0,,0,0,2,
03_00_150dis02.csv,59,0,150,0,,0,0,2,
03_00_150dis02.csv,60,0,150,0,,0,0,2,
03_00_150dis02.csv,61,0,150,1,142,1,0,1,8
03_00_150dis02.csv,62,0,150,1,145,1,0,1,5
03_00_150dis02.csv,63,0,150,1,146,1,0,1,4
03_00_150dis02.csv,64,0,150,1,144,1,0,1,6
03_00_150dis02.csv,65,0,150,1,145,1,0,1,5
03_00_150dis02.csv,66,0,150,1,145,1,0,1,5
03_00_150dis02.csv,67,0,150,1,145,1,0,1,5
03_00_150dis02.csv,68,0,150,1,145,1,0,1,5
03_00_150dis02.csv,69,0,150,1,145,1,0,1,5
03_00_150dis02.csv,70,0,150,1,145,1,0,1,5
03_00_150dis02.csv,71,0,150,1,140,1,0,1,10
03_00_150dis02.csv,72,0,150,1,139,1,0,1,11
03_00_150dis02.csv,73,0,150,2,139;346,2,0,0,14;11
03_00_150dis02.csv,74,0,150,2,139;10,2,0,0,10;11
03_00_150dis02.csv,75,0,150,2,139;7,2,0,0,7;11
03_00_150dis02.csv,76,0,150,2,9;139,2,0,0,9;11
03_00_150dis02.csv,77,0,150,2,141;357,2,0,0,3;9
03_00_150dis02.csv,78,0,150,2,140;6,2,0,0,6;10
03_00_150dis02.csv,79,0,150,2,141;6,2,0,0,6;9
03_00_150dis02.csv,80,0,150,2,141;357,2,0,0,3;9
03_00_150dis02.csv,81,0,150,2,141;7,2,0,0,7;9
03_00_150dis02.csv,82,0,150,2,141;7,2,0,0,7;9
03_00_150dis02.csv,83,0,150,2,141;7,2,0,0,7;9
03_00_150dis02.csv,84,0,150,1,141,1,0,1,9
03_00_150dis02.csv,85,0,150,1,141,1,0,1,9
03_00_150dis02.csv,86,0,150,1,141,1,0,1,9
03_00_150dis02.csv,87,0,150,1,141,1,0,1,9
03_00_150dis02.csv,88,0,150,1,141,1,0,1,9
03_00_150dis02.csv,89,0,150,1,141,1,0,1,9
03_00_150dis02.csv,90,0,150,1,141,1,0,1,9
03_00_150dis02.csv,91,0,150,1,141,1,0,1,9
03_00_150dis02.csv,92,0,150,1,142,1,0,1,8
03_00_150dis02.csv,93,0,150,1,138,1,0,1,12
03_00_150dis02.csv,94,0,150,1,138,1,0,1,12
03_00_150dis02.csv,95,0,150,2,5;138,2,0,0,5;12
03_00_150dis02.csv,96,0,150,1,4,1,0,1,4
03_00_150dis02.csv,97,0,150,1,337,0,1,2,
03_00_150dis02.csv,98,0,150,2,333;128,0,2,2,
03_00_150dis02.csv,99,0,150,2,131;326,0,2,2,
03_00_150dis02.csv,100,0,150,1,147,1,0,1,3
03_00_150dis03.csv,1,0,150,2,19;145,1,1,1,5
03_00_150dis03.csv,2,0,150,1,10,1,0,1,10
03_00_150dis03.csv,3,0,150,1,2,1,0,1,2
03_00_150dis03.csv,4,0,150,1,5,1,0,1,5
03_00_150dis03.csv,5,0,150,1,4,1,0,1,4
03_00_150dis03.csv,6,0,150,1,4,1,0,1,4
03_00_150dis03.csv,7,0,150,1,4,1,0,1,4
03_00_150dis03.csv,8,0,150,1,4,1,0,1,4
03_00_150dis03.csv,9,0,150,1,4,1,0,1,4
03_00_150dis03.csv,10,0,150,1,11,1,0,1,11
03_00_150dis03.csv,11,0,150,1,11,1,0,1,11
03_00_150dis03.csv,12,0,150,1,11,1,0,1,11
03_00_150dis03.csv,13,0,150,2,143;11,2,0,0,11;7
03_00_150dis03.csv,14,0,150,2,148;13,2,0,0,13;2
03_00_150dis03.csv,15,0,150,2,148;13,2,0,0,13;2
03_00_150dis03.csv,16,0,150,2,148;14,2,0,0,14;2
03_00_150dis03.csv,17,0,150,2,346;148,2,0,0,14;2
03_00_150dis03.csv,18,0,150,2,151;346,2,0,0,14;1
03_00_150dis03.csv,19,0,150,1,144,1,0,1,6
03_00_150dis03.csv,20,0,150,2,143;11,2,0,0,11;7
03_00_150dis03.csv,21,0,150,2,142;11,2,0,0,11;8
03_00_150dis03.csv,22,0,150,2,142;11,2,0,0,11;8
03_00_150dis03.csv,23,0,150,2,142;8,2,0,0,8;8
03_00_150dis03.csv,24,0,150,2,142;8,2,0,0,8;8
03_00_150dis03.csv,25,0,150,2,5;142,2,0,0,5;8
03_00_150dis03.csv,26,0,150,2,5;144,2,0,0,5;6
03_00_150dis03.csv,27,0,150,2,5;144,2,0,0,5;6
03_00_150dis03.csv,28,0,150,2,5;144,2,0,0,5;6
03_00_150dis03.csv,29,0,150,2,4;144,2,0,0,4;6
03_00_150dis03.csv,30,0,150,1,355,1,0,1,5
03_00_150dis03.csv,31,0,150,1,350,1,0,1,10
03_00_150dis03.csv,32,0,150,1,12,1,0,1,12
03_00_150dis03.csv,33,0,150,1,12,1,0,1,12
03_00_150dis03.csv,34,0,150,2,12;150,2,0,0,12;0
03_00_150dis03.csv,35,0,150,2,11;126,1,1,1,11
03_00_150dis03.csv,36,0,150,2,168;11,1,1,1,11
03_00_150dis03.csv,37,0,150,2,167;14,1,1,1,14
03_00_150dis03.csv,38,0,150,2,167;12,1,1,1,12
03_00_150dis03.csv,39,0,150,2,13;167,1,1,1,13
03_00_150dis03.csv,40,0,150,2,147;13,2,0,0,13;3
03_00_150dis03.csv,41,0,150,1,151,1,0,1,1
03_00_150dis03.csv,42,0,150,1,151,1,0,1,1
03_00_150dis03.csv,43,0,150,2,152;7,2,0,0,7;2
03_00_150dis03.csv,44,0,150,2,152;15,2,0,0,15;2
03_00_150dis03.csv,45,0,150,2,152;15,2,0,0,15;2
03_00_150dis03.csv,46,0,150,2,152;15,2,0,0,15;2
03_00_150dis03.csv,47,0,150,1,144,1,0,1,6
03_00_150dis03.csv,48,0,150,1,146,1,0,1,4
03_00_150dis03.csv,49,0,150,1,153,1,0,1,3
03_00_150dis03.csv,50,0,150,1,153,1,0,1,3
03_00_150dis03.csv,51,0,150,1,153,1,0,1,3
03_00_150dis03.csv,52,0,150,2,153;16,1,1,1,3
03_00_150dis03.csv,53,0,150,2,17;153,1,1,1,3
03_00_150dis03.csv,54,0,150,2,153;20,1,1,1,3
03_00_150dis03.csv,55,0,150,2,141;17,1,1,1,9
03_00_150dis03.csv,56,0,150,2,141;20,1,1,1,9
03_00_150dis03.csv,57,0,150,2,141;20,1,1,1,9
03_00_150dis03.csv,58,0,150,2,15;141,2,0,0,15;9
03_00_150dis03.csv,59,0,150,2,145;15,2,0,0,15;5
03_00_150dis03.csv,60,0,150,2,146;15,2,0,0,15;4
03_00_150dis03.csv,61,0,150,2,146;15,2,0,0,15;4
03_00_150dis03.csv,62,0,150,1,146,1,0,1,4
03_00_150dis03.csv,63,0,150,2,146;15,2,0,0,15;4
03_00_150dis03.csv,64,0,150,2,146;17,1,1,1,4
03_00_150dis03.csv,65,0,150,2,146;3,2,0,0,3;4
03_00_150dis03.csv,66,0,150,2,146;3,2,0,0,3;4
03_00_150dis03.csv,67,0,150,2,3;146,2,0,0,3;4
03_00_150dis03.csv,68,0,150,2,3;146,2,0,0,3;4
03_00_150dis03.csv,69,0,150,2,4;144,2,0,0,4;6
03_00_150dis03.csv,70,0,150,1,3,1,0,1,3
03_00_150dis03.csv,71,0,150,1,3,1,0,1,3
03_00_150dis03.csv,72,0,150,0,,0,0,2,
03_00_150dis03.csv,73,0,150,0,,0,0,2,
03_00_150dis03.csv,74,0,150,1,3,1,0,1,3
03_00_150dis03.csv,75,0,150,1,154,1,0,1,4
03_00_150dis03.csv,76,0,150,1,154,1,0,1,4
03_00_150dis03.csv,77,0,150,1,154,1,0,1,4
03_00_150dis03.csv,78,0,150,1,149,1,0,1,1
03_00_150dis03.csv,79,0,150,1,139,1,0,1,11
03_00_150dis03.csv,80,0,150,1,139,1,0,1,11
03_00_150dis03.csv,81,0,150,1,139,1,0,1,11
03_00_150dis03.csv,82,0,150,1,156,1,0,1,6
03_00_150dis03.csv,83,0,150,2,156;7,2,0,0,7;6
03_00_150dis03.csv,84,0,150,2,0;156,2,0,0,0;6
03_00_150dis03.csv,85,0,150,2,152;0,2,0,0,0;2
03_00_150dis03.csv,86,0,150,2,152;0,2,0,0,0;2
03_00_150dis03.csv,87,0,150,2,156;0,2,0,0,0;6
03_00_150dis03.csv,88,0,150,2,156;0,2,0,0,0;6
03_00_150dis03.csv,89,0,150,2,156;0,2,0,0,0;6
03_00_150dis03.csv,90,0,150,1,4,1,0,1,4
03_00_150dis03.csv,91,0,150,1,4,1,0,1,4
03_00_150dis03.csv,92,0,150,1,338,0,1,2,
03_00_150dis03.csv,93,0,150,1,1,1,0,1,1
03_00_150dis03.csv,94,0,150,1,1,1,0,1,1
03_00_150dis03.csv,95,0,150,1,1,1,0,1,1
03_00_150dis03.csv,96,0,150,1,348,1,0,1,12
03_00_150dis03.csv,97,0,150,1,8,1,0,1,8
03_00_150dis03.csv,98,0,150,1,9,1,0,1,9
03_00_150dis03.csv,99,0,150,1,9,1,0,1,9
03_00_150dis03.csv,100,0,150,1,7,1,0,1,7
03_00_230dis02.csv,1,0,230,1,217,1,0,1,13
03_00_230dis02.csv,2,0,230,2,240;4,2,0,0,4;10
03_00_230dis02.csv,3,0,230,2,0;240,2,0,0,0;10
03_00_230dis02.csv,4,0,230,1,358,1,0,1,2
03_00_230dis02.csv,5,0,230,2,237;0,2,0,0,0;7
03_00_230dis02.csv,6,0,230,2,237;0,2,0,0,0;7
03_00_230dis02.csv,7,0,230,2,3;227,2,0,0,3;3
03_00_230dis02.csv,8,0,230,1,12,1,0,1,12
03_00_230dis02.csv,9,0,230,1,10,1,0,1,10
03_00_230dis02.csv,10,0,230,1,10,1,0,1,10
03_00_230dis02.csv,11,0,230,1,11,1,0,1,11
03_00_230dis02.csv,12,0,230,1,12,1,0,1,12
03_00_230dis02.csv,13,0,230,1,13,1,0,1,13
03_00_230dis02.csv,14,0,230,1,13,1,0,1,13
03_00_230dis02.csv,15,0,230,1,13,1,0,1,13
03_00_230dis02.csv,16,0,230,1,13,1,0,1,13
03_00_230dis02.csv,17,0,230,1,13,1,0,1,13
03_00_230dis02.csv,18,0,230,2,233;13,2,0,0,13;3
03_00_230dis02.csv,19,0,230,2,233;4,2,0,0,4;3
03_00_230dis02.csv,20,0,230,2,4;233,2,0,0,4;3
03_00_230dis02.csv,21,0,230,2,4;233,2,0,0,4;3
03_00_230dis02.csv,22,0,230,2,8;233,2,0,0,8;3
03_00_230dis02.csv,23,0,230,1,14,1,0,1,14
03_00_230dis02.csv,24,0,230,1,8,1,0,1,8
03_00_230dis02.csv,25,0,230,1,12,1,0,1,12
03_00_230dis02.csv,26,0,230,1,7,1,0,1,7
03_00_230dis02.csv,27,0,230,2,223;7,2,0,0,7;7
03_00_230dis02.csv,28,0,230,2,222;13,2,0,0,13;8
03_00_230dis02.csv,29,0,230,2,225;13,2,0,0,13;5
03_00_230dis02.csv,30,0,230,2,229;7,2,0,0,7;1
03_00_230dis02.csv,31,0,230,2,229;7,2,0,0,7;1
03_00_230dis02.csv,32,0,230,2,225;5,2,0,0,5;5
03_00_230dis02.csv,33,0,230,2,225;5,2,0,0,5;5
03_00_230dis02.csv,34,0,230,1,237,1,0,1,7
03_00_230dis02.csv,35,0,230,1,222,1,0,1,8
03_00_230dis02.csv,36,0,230,2,231;358,2,0,0,2;1
03_00_230dis02.csv,37,0,230,2,237;358,2,0,0,2;7
03_00_230dis02.csv,38,0,230,2,237;359,2,0,0,1;7
03_00_230dis02.csv,39,0,230,2,237;359,2,0,0,1;7
03_00_230dis02.csv,40,0,230,2,6;237,2,0,0,6;7
03_00_230dis02.csv,41,0,230,2,6;237,2,0,0,6;7
03_00_230dis02.csv,42,0,230,2,236;6,2,0,0,6;6
03_00_230dis02.csv,43,0,230,1,228,1,0,1,2
03_00_230dis02.csv,44,0,230,1,219,1,0,1,11
03_00_230dis02.csv,45,0,230,1,219,1,0,1,11
03_00_230dis02.csv,46,0,230,1,236,1,0,1,6
03_00_230dis02.csv,47,0,230,1,217,1,0,1,13
03_00_230dis02.csv,48,0,230,2,217;0,2,0,0,0;13
03_00_230dis02.csv,49,0,230,2,5;217,2,0,0,5;13
03_00_230dis02.csv,50,0,230,2,3;236,2,0,0,3;6
03_00_230dis02.csv,51,0,230,2,2;235,2,0,0,2;5
03_00_230dis02.csv,52,0,230,1,2,1,0,1,2
03_00_230dis02.csv,53,0,230,2,2;225,2,0,0,2;5
03_00_230dis02.csv,54,0,230,2,2;225,2,0,0,2;5
03_00_230dis02.csv,55,0,230,1,2,1,0,1,2
03_00_230dis02.csv,56,0,230,2,2;222,2,0,0,2;8
03_00_230dis02.csv,57,0,230,1,10,1,0,1,10
03_00_230dis02.csv,58,0,230,1,20,0,1,2,
03_00_230dis02.csv,59,0,230,2,20;222,1,1,1,8
03_00_230dis02.csv,60,0,230,2,358;214,1,1,1,2
03_00_230dis02.csv,61,0,230,2,358;214,1,1,1,2
03_00_230dis02.csv,62,0,230,1,1,1,0,1,1
03_00_230dis02.csv,63,0,230,2,11;232,2,0,0,11;2
03_00_230dis02.csv,64,0,230,2,11;232,2,0,0,11;2
03_00_230dis02.csv,65,0,230,2,14;232,2,0,0,14;2
03_00_230dis02.csv,66,0,230,1,16,0,1,2,
03_00_230dis02.csv,67,0,230,1,17,0,1,2,
03_00_230dis02.csv,68,0,230,1,232,1,0,1,2
03_00_230dis02.csv,69,0,230,1,228,1,0,1,2
03_00_230dis02.csv,70,0,230,1,228,1,0,1,2
03_00_230dis02.csv,71,0,230,1,227,1,0,1,3
03_00_230dis02.csv,72,0,230,1,227,1,0,1,3
03_00_230dis02.csv,73,0,230,1,226,1,0,1,4
03_00_230dis02.csv,74,0,230,1,226,1,0,1,4
03_00_230dis02.csv,75,0,230,1,224,1,0,1,6
03_00_230dis02.csv,76,0,230,1,224,1,0,1,6
03_00_230dis02.csv,77,0,230,2,226;14,2,0,0,14;4
03_00_230dis02.csv,78,0,230,2,226;18,1,1,1,4
03_00_230dis02.csv,79,0,230,2,225;358,2,0,0,2;5
03_00_230dis02.csv,80,0,230,2,229;7,2,0,0,7;1
03_00_230dis02.csv,81,0,230,2,230;11,2,0,0,11;0
03_00_230dis02.csv,82,0,230,2,230;11,2,0,0,11;0
03_00_230dis02.csv,83,0,230,2,232;11,2,0,0,11;2
03_00_230dis02.csv,84,0,230,1,228,1,0,1,2
03_00_230dis02.csv,85,0,230,1,232,1,0,1,2
03_00_230dis02.csv,86,0,230,1,232,1,0,1,2
03_00_230dis02.csv,87,0,230,1,232,1,0,1,2
03_00_230dis02.csv,88,0,230,2,232;10,2,0,0,10;2
03_00_230dis02.csv,89,0,230,2,2;232,2,0,0,2;2
03_00_230dis02.csv,90,0,230,2,11;233,2,0,0,11;3
03_00_230dis02.csv,91,0,230,2,11;236,2,0,0,11;6
03_00_230dis02.csv,92,0,230,2,2;235,2,0,0,2;5
03_00_230dis02.csv,93,0,230,2,2;235,2,0,0,2;5
03_00_230dis02.csv,94,0,230,1,2,1,0,1,2
03_00_230dis02.csv,95,0,230,1,3,1,0,1,3
03_00_230dis02.csv,96,0,230,2,227;3,2,0,0,3;3
03_00_230dis02.csv,97,0,230,1,229,1,0,1,1
03_00_230dis02.csv,98,0,230,1,229,1,0,1,1
03_00_230dis02.csv,99,0,230,2,229;11,2,0,0,11;1
03_00_230dis02.csv,100,0,230,2,229;13,2,0,0,13;1
03_00_270dis04.csv,1,0,270,2,296;1,1,1,1,1
03_00_270dis04.csv,2,0,270,1,13,1,0,1,13
03_00_270dis04.csv,3,0,270,2,13;292,1,1,1,13
03_00_270dis04.csv,4,0,270,2,291;344,0,2,2,
03_00_270dis04.csv,5,0,270,1,294,0,1,2,
03_00_270dis04.csv,6,0,270,1,294,0,1,2,
03_00_270dis04.csv,7,0,270,1,292,0,1,2,
03_00_270dis04.csv,8,0,270,1,294,0,1,2,
03_00_270dis04.csv,9,0,270,1,294,0,1,2,
03_00_270dis04.csv,10,0,270,2,13;294,1,1,1,13
03_00_270dis04.csv,11,0,270,1,29,0,1,2,
03_00_270dis04.csv,12,0,270,2,29;344,0,2,2,
03_00_270dis04.csv,13,0,270,1,29,0,1,2,
03_00_270dis04.csv,14,0,270,1,20,0,1,2,
03_00_270dis04.csv,15,0,270,1,18,0,1,2,
03_00_270dis04.csv,16,0,270,1,18,0,1,2,
03_00_270dis04.csv,17,0,270,2,271;1,2,0,0,1;1
03_00_270dis04.csv,18,0,270,1,271,1,0,1,1
03_00_270dis04.csv,19,0,270,1,271,1,0,1,1
03_00_270dis04.csv,20,0,270,1,271,1,0,1,1
03_00_270dis04.csv,21,0,270,1,271,1,0,1,1
03_00_270dis04.csv,22,0,270,1,271,1,0,1,1
03_00_270dis04.csv,23,0,270,1,287,0,1,2,
03_00_270dis04.csv,24,0,270,1,290,0,1,2,
03_00_270dis04.csv,25,0,270,1,291,0,1,2,
03_00_270dis04.csv,26,0,270,1,291,0,1,2,
03_00_270dis04.csv,27,0,270,1,291,0,1,2,
03_00_270dis04.csv,28,0,270,1,291,0,1,2,
03_00_270dis04.csv,29,0,270,1,293,0,1,2,
03_00_270dis04.csv,30,0,270,0,,0,0,2,
03_00_270dis04.csv,31,0,270,1,284,1,0,1,14
03_00_270dis04.csv,32,0,270,1,276,1,0,1,6
03_00_270dis04.csv,33,0,270,1,276,1,0,1,6
03_00_270dis04.csv,34,0,270,1,280,1,0,1,10
03_00_270dis04.csv,35,0,270,1,280,1,0,1,10
03_00_270dis04.csv,36,0,270,1,280,1,0,1,10
03_00_270dis04.csv,37,0,270,1,280,1,0,1,10
03_00_270dis04.csv,38,0,270,1,280,1,0,1,10
03_00_270dis04.csv,39,0,270,1,280,1,0,1,10
03_00_270dis04.csv,40,0,270,2,13;280,2,0,0,13;10
03_00_270dis04.csv,41,0,270,2,280;13,2,0,0,13;10
03_00_270dis04.csv,42,0,270,1,274,1,0,1,4
03_00_270dis04.csv,43,0,270,1,289,0,1,2,
03_00_270dis04.csv,44,0,270,1,289,0,1,2,
03_00_270dis04.csv,45,0,270,1,289,0,1,2,
03_00_270dis04.csv,46,0,270,1,289,0,1,2,
03_00_270dis04.csv,47,0,270,1,272,1,0,1,2
03_00_270dis04.csv,48,0,270,1,272,1,0,1,2
03_00_270dis04.csv,49,0,270,2,272;352,2,0,0,8;2
03_00_270dis04.csv,50,0,270,2,272;18,1,1,1,2
03_00_270dis04.csv,51,0,270,2,357;272,2,0,0,3;2
03_00_270dis04.csv,52,0,270,1,357,1,0,1,3
03_00_270dis04.csv,53,0,270,1,13,1,0,1,13
03_00_270dis04.csv,54,0,270,1,13,1,0,1,13
03_00_270dis04.csv,55,0,270,2,285;13,2,0,0,13;15
03_00_270dis04.csv,56,0,270,1,287,0,1,2,
03_00_270dis04.csv,57,0,270,1,303,0,1,2,
03_00_270dis04.csv,58,0,270,1,303,0,1,2,
03_00_270dis04.csv,59,0,270,2,277;19,1,1,1,7
03_00_270dis04.csv,60,0,270,2,276;19,1,1,1,6
03_00_270dis04.csv,61,0,270,1,277,1,0,1,7
03_00_270dis04.csv,62,0,270,1,280,1,0,1,10
03_00_270dis04.csv,63,0,270,1,277,1,0,1,7
03_00_270dis04.csv,64,0,270,2,277;25,1,1,1,7
03_00_270dis04.csv,65,0,270,2,277;25,1,1,1,7
03_00_270dis04.csv,66,0,270,1,4,1,0,1,4
03_00_270dis04.csv,67,0,270,1,8,1,0,1,8
03_00_270dis04.csv,68,0,270,1,16,0,1,2,
03_00_270dis04.csv,69,0,270,1,16,0,1,2,
03_00_270dis04.csv,70,0,270,1,16,0,1,2,
03_00_270dis04.csv,71,0,270,1,15,1,0,1,15
03_00_270dis04.csv,72,0,270,1,13,1,0,1,13
03_00_270dis04.csv,73,0,270,1,13,1,0,1,13
03_00_270dis04.csv,74,0,270,1,15,1,0,1,15
03_00_270dis04.csv,75,0,270,1,13,1,0,1,13
03_00_270dis04.csv,76,0,270,1,13,1,0,1,13
03_00_270dis04.csv,77,0,270,1,15,1,0,1,15
03_00_270dis04.csv,78,0,270,1,349,1,0,1,11
03_00_270dis04.csv,79,0,270,2,16;283,1,1,1,13
03_00_270dis04.csv,80,0,270,2,276;21,1,1,1,6
03_00_270dis04.csv,81,0,270,2,290;17,0,2,2,
03_00_270dis04.csv,82,0,270,2,289;17,0,2,2,
03_00_270dis04.csv,83,0,270,2,289;16,0,2,2,
03_00_270dis04.csv,84,0,270,2,289;14,1,1,1,14
03_00_270dis04.csv,85,0,270,2,289;25,0,2,2,
03_00_270dis04.csv,86,0,270,0,,0,0,2,
03_00_270dis04.csv,87,0,270,0,,0,0,2,
03_00_270dis04.csv,88,0,270,0,,0,0,2,
03_00_270dis04.csv,89,0,270,1,274,1,0,1,4
03_00_270dis04.csv,90,0,270,1,275,1,0,1,5
03_00_270dis04.csv,91,0,270,1,276,1,0,1,6
03_00_270dis04.csv,92,0,270,1,276,1,0,1,6
03_00_270dis04.csv,93,0,270,1,286,0,1,2,
03_00_270dis04.csv,94,0,270,1,286,0,1,2,
03_00_270dis04.csv,95,0,270,1,286,0,1,2,
03_00_270dis04.csv,96,0,270,2,1;286,1,1,1,1
03_00_270dis04.csv,97,0,270,2,1;286,1,1,1,1
03_00_270dis04.csv,98,0,270,2,1;286,1,1,1,1
03_00_270dis04.csv,99,0,270,2,1;286,1,1,1,1
03_00_270dis04.csv,100,0,270,2,302;1,1,1,1,1
03_00_90dis02.csv,1,0,90,1,82,1,0,1,8
03_00_90dis02.csv,2,0,90,2,82;11,2,0,0,11;8
03_00_90dis02.csv,3,0,90,2,1;82,2,0,0,1;8
03_00_90dis02.csv,4,0,90,2,0;82,2,0,0,0;8
03_00_90dis02.csv,5,0,90,1,359,1,0,1,1
03_00_90dis02.csv,6,0,90,1,359,1,0,1,1
03_00_90dis02.csv,7,0,90,1,359,1,0,1,1
03_00_90dis02.csv,8,0,90,1,359,1,0,1,1
03_00_90dis02.csv,9,0,90,2,88;359,2,0,0,1;2
03_00_90dis02.csv,10,0,90,2,88;359,2,0,0,1;2
03_00_90dis02.csv,11,0,90,2,88;359,2,0,0,1;2
03_00_90dis02.csv,12,0,90,2,88;359,2,0,0,1;2
03_00_90dis02.csv,13,0,90,2,88;359,2,0,0,1;2
03_00_90dis02.csv,14,0,90,2,84;359,2,0,0,1;6
03_00_90dis02.csv,15,0,90,1,84,1,0,1,6
03_00_90dis02.csv,16,0,90,1,84,1,0,1,6
03_00_90dis02.csv,17,0,90,1,84,1,0,1,6
03_00_90dis02.csv,18,0,90,1,85,1,0,1,5
03_00_90dis02.csv,19,0,90,0,,0,0,2,
03_00_90dis02.csv,20,0,90,0,,0,0,2,
03_00_90dis02.csv,21,0,90,0,,0,0,2,
03_00_90dis02.csv,22,0,90,0,,0,0,2,
03_00_90dis02.csv,23,0,90,1,87,1,0,1,3
03_00_90dis02.csv,24,0,90,1,88,1,0,1,2
03_00_90dis02.csv,25,0,90,1,87,1,0,1,3
03_00_90dis02.csv,26,0,90,1,88,1,0,1,2
03_00_90dis02.csv,27,0,90,2,88;7,2,0,0,7;2
03_00_90dis02.csv,28,0,90,2,4;88,2,0,0,4;2
03_00_90dis02.csv,29,0,90,2,7;88,2,0,0,7;2
03_00_90dis02.csv,30,0,90,1,7,1,0,1,7
03_00_90dis02.csv,31,0,90,1,5,1,0,1,5
03_00_90dis02.csv,32,0,90,2,5;90,2,0,0,5;0
03_00_90dis02.csv,33,0,90,2,5;90,2,0,0,5;0
03_00_90dis02.csv,34,0,90,2,4;90,2,0,0,4;0
03_00_90dis02.csv,35,0,90,2,6;90,2,0,0,6;0
03_00_90dis02.csv,36,0,90,1,5,1,0,1,5
03_00_90dis02.csv,37,0,90,1,5,1,0,1,5
03_00_90dis02.csv,38,0,90,1,5,1,0,1,5
03_00_90dis02.csv,39,0,90,2,5;88,2,0,0,5;2
03_00_90dis02.csv,40,0,90,2,5;82,2,0,0,5;8
03_00_90dis02.csv,41,0,90,2,5;84,2,0,0,5;6
03_00_90dis02.csv,42,0,90,2,7;84,2,0,0,7;6
03_00_90dis02.csv,43,0,90,1,6,1,0,1,6
03_00_90dis02.csv,44,0,90,1,6,1,0,1,6
03_00_90dis02.csv,45,0,90,1,6,1,0,1,6
03_00_90dis02.csv,46,0,90,1,6,1,0,1,6
03_00_90dis02.csv,47,0,90,1,6,1,0,1,6
03_00_90dis02.csv,48,0,90,1,5,1,0,1,5
03_00_90dis02.csv,49,0,90,1,5,1,0,1,5
03_00_90dis02.csv,50,0,90,1,12,1,0,1,12
03_00_90dis02.csv,51,0,90,1,12,1,0,1,12
03_00_90dis02.csv,52,0,90,1,12,1,0,1,12
03_00_90dis02.csv,53,0,90,1,4,1,0,1,4
03_00_90dis02.csv,54,0,90,1,3,1,0,1,3
03_00_90dis02.csv,55,0,90,1,3,1,0,1,3
03_00_90dis02.csv,56,0,90,1,359,1,0,1,1
03_00_90dis02.csv,57,0,90,1,358,1,0,1,2
03_00_90dis02.csv,58,0,90,1,359,1,0,1,1
03_00_90dis02.csv,59,0,90,1,10,1,0,1,10
03_00_90dis02.csv,60,0,90,1,359,1,0,1,1
03_00_90dis02.csv,61,0,90,1,359,1,0,1,1
03_00_90dis02.csv,62,0,90,1,0,1,0,1,0
03_00_90dis02.csv,63,0,90,0,,0,0,2,
03_00_90dis02.csv,64,0,90,1,353,1,0,1,7
03_00_90dis02.csv,65,0,90,1,12,1,0,1,12
03_00_90dis02.csv,66,0,90,1,12,1,0,1,12
03_00_90dis02.csv,67,0,90,1,12,1,0,1,12
03_00_90dis02.csv,68,0,90,1,12,1,0,1,12
03_00_90dis02.csv,69,0,90,1,10,1,0,1,10
03_00_90dis02.csv,70,0,90,1,10,1,0,1,10
03_00_90dis02.csv,71,0,90,2,10;76,2,0,0,10;14
03_00_90dis02.csv,72,0,90,2,10;77,2,0,0,10;13
03_00_90dis02.csv,73,0,90,2,75;10,2,0,0,10;15
03_00_90dis02.csv,74,0,90,2,10;75,2,0,0,10;15
03_00_90dis02.csv,75,0,90,2,9;80,2,0,0,9;10
03_00_90dis02.csv,76,0,90,2,11;80,2,0,0,11;10
03_00_90dis02.csv,77,0,90,2,11;101,2,0,0,11;11
03_00_90dis02.csv,78,0,90,1,10,1,0,1,10
03_00_90dis02.csv,79,0,90,2,10;87,2,0,0,10;3
03_00_90dis02.csv,80,0,90,2,87;10,2,0,0,10;3
03_00_90dis02.csv,81,0,90,2,87;10,2,0,0,10;3
03_00_90dis02.csv,82,0,90,2,87;10,2,0,0,10;3
03_00_90dis02.csv,83,0,90,2,87;11,2,0,0,11;3
03_00_90dis02.csv,84,0,90,2,87;346,2,0,0,14;3
03_00_90dis02.csv,85,0,90,2,4;87,2,0,0,4;3
03_00_90dis02.csv,86,0,90,2,4;87,2,0,0,4;3
03_00_90dis02.csv,87,0,90,1,9,1,0,1,9
03_00_90dis02.csv,88,0,90,2,4;82,2,0,0,4;8
03_00_90dis02.csv,89,0,90,2,10;84,2,0,0,10;6
03_00_90dis02.csv,90,0,90,2,10;83,2,0,0,10;7
03_00_90dis02.csv,91,0,90,2,10;83,2,0,0,10;7
03_00_90dis02.csv,92,0,90,2,356;83,2,0,0,4;7
03_00_90dis02.csv,93,0,90,2,356;83,2,0,0,4;7
03_00_90dis02.csv,94,0,90,1,8,1,0,1,8
03_00_90dis02.csv,95,0,90,1,8,1,0,1,8
03_00_90dis02.csv,96,0,90,1,356,1,0,1,4
03_00_90dis02.csv,97,0,90,1,6,1,0,1,6
03_00_90dis02.csv,98,0,90,1,4,1,0,1,4
03_00_90dis02.csv,99,0,90,1,4,1,0,1,4
03_00_90dis02.csv,100,0,90,1,4,1,0,1,4
03_00_90dis03.csv,1,0,90,1,83,1,0,1,7
03_00_90dis03.csv,2,0,90,1,83,1,0,1,7
03_00_90dis03.csv,3,0,90,1,83,1,0,1,7
03_00_90dis03.csv,4,0,90,1,83,1,0,1,7
03_00_90dis03.csv,5,0,90,1,83,1,0,1,7
03_00_90dis03.csv,6,0,90,1,90,1,0,1,0
03_00_90dis03.csv,7,0,90,1,83,1,0,1,7
03_00_90dis03.csv,8,0,90,1,88,1,0,1,2
03_00_90dis03.csv,9,0,90,1,88,1,0,1,2
03_00_90dis03.csv,10,0,90,1,88,1,0,1,2
03_00_90dis03.csv,11,0,90,1,88,1,0,1,2
03_00_90dis03.csv,12,0,90,1,88,1,0,1,2
03_00_90dis03.csv,13,0,90,1,89,1,0,1,1
03_00_90dis03.csv,14,0,90,1,91,1,0,1,1
03_00_90dis03.csv,15,0,90,1,90,1,0,1,0
03_00_90dis03.csv,16,0,90,1,90,1,0,1,0
03_00_90dis03.csv,17,0,90,2,90;13,2,0,0,13;0
03_00_90dis03.csv,18,0,90,2,13;90,2,0,0,13;0
03_00_90dis03.csv,19,0,90,2,13;90,2,0,0,13;0
03_00_90dis03.csv,20,0,90,2,13;90,2,0,0,13;0
03_00_90dis03.csv,21,0,90,2,13;90,2,0,0,13;0
03_00_90dis03.csv,22,0,90,2,13;90,2,0,0,13;0
03_00_90dis03.csv,23,0,90,2,357;90,2,0,0,3;0
03_00_90dis03.csv,24,0,90,1,10,1,0,1,10
03_00_90dis03.csv,25,0,90,2,91;10,2,0,0,10;1
03_00_90dis03.csv,26,0,90,2,91;11,2,0,0,11;1
03_00_90dis03.csv,27,0,90,2,91;6,2,0,0,6;1
03_00_90dis03.csv,28,0,90,2,90;6,2,0,0,6;0
03_00_90dis03.csv,29,0,90,2,81;6,2,0,0,6;9
03_00_90dis03.csv,30,0,90,2,90;7,2,0,0,7;0
03_00_90dis03.csv,31,0,90,2,5;90,2,0,0,5;0
03_00_90dis03.csv,32,0,90,2,5;90,2,0,0,5;0
03_00_90dis03.csv,33,0,90,2,5;90,2,0,0,5;0
03_00_90dis03.csv,34,0,90,2,5;94,2,0,0,5;4
03_00_90dis03.csv,35,0,90,2,84;5,2,0,0,5;6
03_00_90dis03.csv,36,0,90,2,84;5,2,0,0,5;6
03_00_90dis03.csv,37,0,90,1,89,1,0,1,1
03_00_90dis03.csv,38,0,90,1,89,1,0,1,1
03_00_90dis03.csv,39,0,90,2,4;88,2,0,0,4;2
03_00_90dis03.csv,40,0,90,2,4;88,2,0,0,4;2
03_00_90dis03.csv,41,0,90,2,83;4,2,0,0,4;7
03_00_90dis03.csv,42,0,90,2,2;92,2,0,0,2;2
03_00_90dis03.csv,43,0,90,2,15;90,2,0,0,15;0
03_00_90dis03.csv,44,0,90,1,15,1,0,1,15
03_00_90dis03.csv,45,0,90,1,15,1,0,1,15
03_00_90dis03.csv,46,0,90,1,15,1,0,1,15
03_00_90dis03.csv,47,0,90,2,87;5,2,0,0,5;3
03_00_90dis03.csv,48,0,90,2,1;87,2,0,0,1;3
03_00_90dis03.csv,49,0,90,2,17;87,1,1,1,3
03_00_90dis03.csv,50,0,90,2,17;87,1,1,1,3
03_00_90dis03.csv,51,0,90,1,17,0,1,2,
03_00_90dis03.csv,52,0,90,1,17,0,1,2,
03_00_90dis03.csv,53,0,90,1,15,1,0,1,15
03_00_90dis03.csv,54,0,90,1,15,1,0,1,15
03_00_90dis03.csv,55,0,90,2,15;88,2,0,0,15;2
03_00_90dis03.csv,56,0,90,2,87;15,2,0,0,15;3
03_00_90dis03.csv,57,0,90,2,91;15,2,0,0,15;1
03_00_90dis03.csv,58,0,90,1,89,1,0,1,1
03_00_90dis03.csv,59,0,90,1,90,1,0,1,0
03_00_90dis03.csv,60,0,90,2,90;11,2,0,0,11;0
03_00_90dis03.csv,61,0,90,2,90;10,2,0,0,10;0
03_00_90dis03.csv,62,0,90,2,90;10,2,0,0,10;0
03_00_90dis03.csv,63,0,90,2,86;10,2,0,0,10;4
03_00_90dis03.csv,64,0,90,1,88,1,0,1,2
03_00_90dis03.csv,65,0,90,1,85,1,0,1,5
03_00_90dis03.csv,66,0,90,1,88,1,0,1,2
03_00_90dis03.csv,67,0,90,1,88,1,0,1,2
03_00_90dis03.csv,68,0,90,1,88,1,0,1,2
03_00_90dis03.csv,69,0,90,1,88,1,0,1,2
03_00_90dis03.csv,70,0,90,1,88,1,0,1,2
03_00_90dis03.csv,71,0,90,2,88;17,1,1,1,2
03_00_90dis03.csv,72,0,90,2,88;18,1,1,1,2
03_00_90dis03.csv,73,0,90,2,88;18,1,1,1,2
03_00_90dis03.csv,74,0,90,2,88;17,1,1,1,2
03_00_90dis03.csv,75,0,90,2,88;17,1,1,1,2
03_00_90dis03.csv,76,0,90,2,16;88,1,1,1,2
03_00_90dis03.csv,77,0,90,2,17;88,1,1,1,2
03_00_90dis03.csv,78,0,90,1,8,1,0,1,8
03_00_90dis03.csv,79,0,90,2,7;83,2,0,0,7;7
03_00_90dis03.csv,80,0,90,2,7;84,2,0,0,7;6
03_00_90dis03.csv,81,0,90,1,341,0,1,2,
03_00_90dis03.csv,82,0,90,1,11,1,0,1,11
03_00_90dis03.csv,83,0,90,1,11,1,0,1,11
03_00_90dis03.csv,84,0,90,1,11,1,0,1,11
03_00_90dis03.csv,85,0,90,1,15,1,0,1,15
03_00_90dis03.csv,86,0,90,1,15,1,0,1,15
03_00_90dis03.csv,87,0,90,1,15,1,0,1,15
03_00_90dis03.csv,88,0,90,2,88;15,2,0,0,15;2
03_00_90dis03.csv,89,0,90,1,87,1,0,1,3
03_00_90dis03.csv,90,0,90,1,87,1,0,1,3
03_00_90dis03.csv,91,0,90,1,87,1,0,1,3
03_00_90dis03.csv,92,0,90,1,87,1,0,1,3
03_00_90dis03.csv,93,0,90,1,87,1,0,1,3
03_00_90dis03.csv,94,0,90,1,87,1,0,1,3
03_00_90dis03.csv,95,0,90,1,87,1,0,1,3
03_00_90dis03.csv,96,0,90,1,87,1,0,1,3
03_00_90dis03.csv,97,0,90,1,87,1,0,1,3
03_00_90dis03.csv,98,0,90,1,87,1,0,1,3
03_00_90dis03.csv,99,0,90,1,89,1,0,1,1
03_00_90dis03.csv,100,0,90,1,101,1,0,1,11
03_180_330dis02.csv,1,180,330,2,334;160,1,1,1,4
03_180_330dis02.csv,2,180,330,2,334;165,2,0,0,15;4
03_180_330dis02.csv,3,180,330,2,334;165,2,0,0,15;4
03_180_330dis02.csv,4,180,330,2,334;165,2,0,0,15;4
03_180_330dis02.csv,5,180,330,1,341,1,0,1,11
03_180_330dis02.csv,6,180,330,1,338,1,0,1,8
03_180_330dis02.csv,7,180,330,1,335,1,0,1,5
03_180_330dis02.csv,8,180,330,1,338,1,0,1,8
03_180_330dis02.csv,9,180,330,1,338,1,0,1,8
03_180_330dis02.csv,10,180,330,1,336,1,0,1,6
03_180_330dis02.csv,11,180,330,1,335,1,0,1,5
03_180_330dis02.csv,12,180,330,1,335,1,0,1,5
03_180_330dis02.csv,13,180,330,1,335,1,0,1,5
03_180_330dis02.csv,14,180,330,1,335,1,0,1,5
03_180_330dis02.csv,15,180,330,1,341,1,0,1,11
03_180_330dis02.csv,16,180,330,1,335,1,0,1,5
03_180_330dis02.csv,17,180,330,2,343;165,2,0,0,15;13
03_180_330dis02.csv,18,180,330,2,343;168,2,0,0,12;13
03_180_330dis02.csv,19,180,330,2,166;343,2,0,0,14;13
03_180_330dis02.csv,20,180,330,2,169;343,2,0,0,11;13
03_180_330dis02.csv,21,180,330,1,171,1,0,1,9
03_180_330dis02.csv,22,180,330,1,169,1,0,1,11
03_180_330dis02.csv,23,180,330,1,175,1,0,1,5
03_180_330dis02.csv,24,180,330,2,173;338,2,0,0,7;8
03_180_330dis02.csv,25,180,330,2,173;344,2,0,0,7;14
03_180_330dis02.csv,26,180,330,2,173;337,2,0,0,7;7
03_180_330dis02.csv,27,180,330,2,175;337,2,0,0,5;7
03_180_330dis02.csv,28,180,330,1,178,1,0,1,2
03_180_330dis02.csv,29,180,330,1,181,1,0,1,1
03_180_330dis02.csv,30,180,330,1,181,1,0,1,1
03_180_330dis02.csv,31,180,330,1,181,1,0,1,1
03_180_330dis02.csv,32,180,330,2,181;340,2,0,0,1;10
03_180_330dis02.csv,33,180,330,2,181;341,2,0,0,1;11
03_180_330dis02.csv,34,180,330,2,181;342,2,0,0,1;12
03_180_330dis02.csv,35,180,330,2,173;342,2,0,0,7;12
03_180_330dis02.csv,36,180,330,1,177,1,0,1,3
03_180_330dis02.csv,37,180,330,2,177;341,2,0,0,3;11
03_180_330dis02.csv,38,180,330,2,177;341,2,0,0,3;11
03_180_330dis02.csv,39,180,330,1,179,1,0,1,1
03_180_330dis02.csv,40,180,330,2,179;341,2,0,0,1;11
03_180_330dis02.csv,41,180,330,1,179,1,0,1,1
03_180_330dis02.csv,42,180,330,1,179,1,0,1,1
03_180_330dis02.csv,43,180,330,1,177,1,0,1,3
03_180_330dis02.csv,44,180,330,1,178,1,0,1,2
03_180_330dis02.csv,45,180,330,1,178,1,0,1,2
03_180_330dis02.csv,46,180,330,1,177,1,0,1,3
03_180_330dis02.csv,47,180,330,1,178,1,0,1,2
03_180_330dis02.csv,48,180,330,1,173,1,0,1,7
03_180_330dis02.csv,49,180,330,1,169,1,0,1,11
03_180_330dis02.csv,50,180,330,1,171,1,0,1,9
03_180_330dis02.csv,51,180,330,1,172,1,0,1,8
03_180_330dis02.csv,52,180,330,1,172,1,0,1,8
03_180_330dis02.csv,53,180,330,1,172,1,0,1,8
03_180_330dis02.csv,54,180,330,1,172,1,0,1,8
03_180_330dis02.csv,55,180,330,1,172,1,0,1,8
03_180_330dis02.csv,56,180,330,1,172,1,0,1,8
03_180_330dis02.csv,57,180,330,1,171,1,0,1,9
03_180_330dis02.csv,58,180,330,1,171,1,0,1,9
03_180_330dis02.csv,59,180,330,1,171,1,0,1,9
03_180_330dis02.csv,60,180,330,1,171,1,0,1,9
03_180_330dis02.csv,61,180,330,2,179;331,2,0,0,1;1
03_180_330dis02.csv,62,180,330,1,170,1,0,1,10
03_180_330dis02.csv,63,180,330,1,169,1,0,1,11
03_180_330dis02.csv,64,180,330,1,169,1,0,1,11
03_180_330dis02.csv,65,180,330,2,170;332,2,0,0,10;2
03_180_330dis02.csv,66,180,330,2,169;332,2,0,0,11;2
03_180_330dis02.csv,67,180,330,1,169,1,0,1,11
03_180_330dis02.csv,68,180,330,1,169,1,0,1,11
03_180_330dis02.csv,69,180,330,1,171,1,0,1,9
03_180_330dis02.csv,70,180,330,1,171,1,0,1,9
03_180_330dis02.csv,71,180,330,1,171,1,0,1,9
03_180_330dis02.csv,72,180,330,2,171;353,1,1,1,9
03_180_330dis02.csv,73,180,330,2,331;171,2,0,0,9;1
03_180_330dis02.csv,74,180,330,2,171;331,2,0,0,9;1
03_180_330dis02.csv,75,180,330,1,166,1,0,1,14
03_180_330dis02.csv,76,180,330,1,176,1,0,1,4
03_180_330dis02.csv,77,180,330,1,177,1,0,1,3
03_180_330dis02.csv,78,180,330,1,175,1,0,1,5
03_180_330dis02.csv,79,180,330,1,174,1,0,1,6
03_180_330dis02.csv,80,180,330,1,171,1,0,1,9
03_180_330dis02.csv,81,180,330,2,174;346,1,1,1,6
03_180_330dis02.csv,82,180,330,2,174;354,1,1,1,6
03_180_330dis02.csv,83,180,330,2,174;354,1,1,1,6
03_180_330dis02.csv,84,180,330,2,174;354,1,1,1,6
03_180_330dis02.csv,85,180,330,2,174;349,1,1,1,6
03_180_330dis02.csv,86,180,330,2,174;349,1,1,1,6
03_180_330dis02.csv,87,180,330,2,174;346,1,1,1,6
03_180_330dis02.csv,88,180,330,2,354;174,1,1,1,6
03_180_330dis02.csv,89,180,330,2,342;174,2,0,0,6;12
03_180_330dis02.csv,90,180,330,1,336,1,0,1,6
03_180_330dis02.csv,91,180,330,1,342,1,0,1,12
03_180_330dis02.csv,92,180,330,1,338,1,0,1,8
03_180_330dis02.csv,93,180,330,1,338,1,0,1,8
03_180_330dis02.csv,94,180,330,1,343,1,0,1,13
03_180_330dis02.csv,95,180,330,1,346,0,1,2,
03_180_330dis02.csv,96,180,330,1,346,0,1,2,
03_180_330dis02.csv,97,180,330,1,335,1,0,1,5
03_180_330dis02.csv,98,180,330,1,335,1,0,1,5
03_180_330dis02.csv,99,180,330,1,335,1,0,1,5
03_180_330dis02.csv,100,180,330,1,338,1,0,1,8
03_30_150dis02.csv,1,30,150,2,24;145,2,0,0,6;5
03_30_150dis02.csv,2,30,150,2,135;24,2,0,0,6;15
03_30_150dis02.csv,3,30,150,2,137;24,2,0,0,6;13
03_30_150dis02.csv,4,30,150,2,136;24,2,0,0,6;14
03_30_150dis02.csv,5,30,150,2,139;26,2,0,0,4;11
03_30_150dis02.csv,6,30,150,2,140;34,2,0,0,4;10
03_30_150dis02.csv,7,30,150,2,140;31,2,0,0,1;10
03_30_150dis02.csv,8,30,150,2,140;31,2,0,0,1;10
03_30_150dis02.csv,9,30,150,2,140;31,2,0,0,1;10
03_30_150dis02.csv,10,30,150,2,140;16,2,0,0,14;10
03_30_150dis02.csv,11,30,150,2,141;16,2,0,0,14;9
03_30_150dis02.csv,12,30,150,2,16;140,2,0,0,14;10
03_30_150dis02.csv,13,30,150,2,16;140,2,0,0,14;10
03_30_150dis02.csv,14,30,150,2,16;140,2,0,0,14;10
03_30_150dis02.csv,15,30,150,2,16;140,2,0,0,14;10
03_30_150dis02.csv,16,30,150,2,16;140,2,0,0,14;10
03_30_150dis02.csv,17,30,150,1,16,1,0,1,14
03_30_150dis02.csv,18,30,150,1,26,1,0,1,4
03_30_150dis02.csv,19,30,150,1,26,1,0,1,4
03_30_150dis02.csv,20,30,150,1,26,1,0,1,4
03_30_150dis02.csv,21,30,150,0,,0,0,2,
03_30_150dis02.csv,22,30,150,0,,0,0,2,
03_30_150dis02.csv,23,30,150,0,,0,0,2,
03_30_150dis02.csv,24,30,150,2,26;142,2,0,0,4;8
03_30_150dis02.csv,25,30,150,2,158;26,2,0,0,4;8
03_30_150dis02.csv,26,30,150,2,21;158,2,0,0,9;8
03_30_150dis02.csv,27,30,150,2,24;131,1,1,1,6
03_30_150dis02.csv,28,30,150,2,136;24,2,0,0,6;14
03_30_150dis02.csv,29,30,150,2,136;24,2,0,0,6;14
03_30_150dis02.csv,30,30,150,2,136;24,2,0,0,6;14
03_30_150dis02.csv,31,30,150,2,136;24,2,0,0,6;14
03_30_150dis02.csv,32,30,150,2,136;25,2,0,0,5;14
03_30_150dis02.csv,33,30,150,2,29;136,2,0,0,1;14
03_30_150dis02.csv,34,30,150,2,23;136,2,0,0,7;14
03_30_150dis02.csv,35,30,150,1,25,1,0,1,5
03_30_150dis02.csv,36,30,150,1,28,1,0,1,2
03_30_150dis02.csv,37,30,150,1,28,1,0,1,2
03_30_150dis02.csv,38,30,150,1,28,1,0,1,2
03_30_150dis02.csv,39,30,150,1,28,1,0,1,2
03_30_150dis02.csv,40,30,150,2,28;138,2,0,0,2;12
03_30_150dis02.csv,41,30,150,2,28;138,2,0,0,2;12
03_30_150dis02.csv,42,30,150,1,28,1,0,1,2
03_30_150dis02.csv,43,30,150,1,27,1,0,1,3
03_30_150dis02.csv,44,30,150,1,27,1,0,1,3
03_30_150dis02.csv,45,30,150,1,28,1,0,1,2
03_30_150dis02.csv,46,30,150,1,28,1,0,1,2
03_30_150dis02.csv,47,30,150,2,28;151,2,0,0,2;1
03_30_150dis02.csv,48,30,150,2,145;30,2,0,0,0;5
03_30_150dis02.csv,49,30,150,2,145;30,2,0,0,0;5
03_30_150dis02.csv,50,30,150,2,145;30,2,0,0,0;5
03_30_150dis02.csv,51,30,150,2,145;30,2,0,0,0;5
03_30_150dis02.csv,52,30,150,2,145;30,2,0,0,0;5
03_30_150dis02.csv,53,30,150,2,145;30,2,0,0,0;5
03_30_150dis02.csv,54,30,150,2,145;30,2,0,0,0;5
03_30_150dis02.csv,55,30,150,2,145;30,2,0,0,0;5
03_30_150dis02.csv,56,30,150,1,23,1,0,1,7
03_30_150dis02.csv,57,30,150,1,23,1,0,1,7
03_30_150dis02.csv,58,30,150,2,20;140,2,0,0,10;10
03_30_150dis02.csv,59,30,150,1,20,1,0,1,10
03_30_150dis02.csv,60,30,150,2,140;20,2,0,0,10;10
03_30_150dis02.csv,61,30,150,2,135;20,2,0,0,10;15
03_30_150dis02.csv,62,30,150,2,135;20,2,0,0,10;15
03_30_150dis02.csv,63,30,150,2,135;19,2,0,0,11;15
03_30_150dis02.csv,64,30,150,1,135,1,0,1,15
03_30_150dis02.csv,65,30,150,2,135;19,2,0,0,11;15
03_30_150dis02.csv,66,30,150,2,135;20,2,0,0,10;15
03_30_150dis02.csv,67,30,150,2,22;136,2,0,0,8;14
03_30_150dis02.csv,68,30,150,2,22;136,2,0,0,8;14
03_30_150dis02.csv,69,30,150,1,19,1,0,1,11
03_30_150dis02.csv,70,30,150,1,23,1,0,1,7
03_30_150dis02.csv,71,30,150,1,23,1,0,1,7
03_30_150dis02.csv,72,30,150,1,21,1,0,1,9
03_30_150dis02.csv,73,30,150,1,22,1,0,1,8
03_30_150dis02.csv,74,30,150,1,23,1,0,1,7
03_30_150dis02.csv,75,30,150,1,23,1,0,1,7
03_30_150dis02.csv,76,30,150,1,23,1,0,1,7
03_30_150dis02.csv,77,30,150,1,23,1,0,1,7
03_30_150dis02.csv,78,30,150,1,23,1,0,1,7
03_30_150dis02.csv,79,30,150,1,24,1,0,1,6
03_30_150dis02.csv,80,30,150,1,27,1,0,1,3
03_30_150dis02.csv,81,30,150,1,22,1,0,1,8
03_30_150dis02.csv,82,30,150,1,23,1,0,1,7
03_30_150dis02.csv,83,30,150,1,22,1,0,1,8
03_30_150dis02.csv,84,30,150,1,21,1,0,1,9
03_30_150dis02.csv,85,30,150,1,21,1,0,1,9
03_30_150dis02.csv,86,30,150,1,21,1,0,1,9
03_30_150dis02.csv,87,30,150,1,21,1,0,1,9
03_30_150dis02.csv,88,30,150,2,21;133,1,1,1,9
03_30_150dis02.csv,89,30,150,2,21;137,2,0,0,9;13
03_30_150dis02.csv,90,30,150,2,21;137,2,0,0,9;13
03_30_150dis02.csv,91,30,150,2,21;136,2,0,0,9;14
03_30_150dis02.csv,92,30,150,2,21;137,2,0,0,9;13
03_30_150dis02.csv,93,30,150,2,21;137,2,0,0,9;13
03_30_150dis02.csv,94,30,150,2,133;21,1,1,1,9
03_30_150dis02.csv,95,30,150,2,137;21,2,0,0,9;13
03_30_150dis02.csv,96,30,150,1,140,1,0,1,10
03_30_150dis02.csv,97,30,150,1,140,1,0,1,10
03_30_150dis02.csv,98,30,150,1,136,1,0,1,14
03_30_150dis02.csv,99,30,150,1,141,1,0,1,9
03_30_150dis02.csv,100,30,150,1,141,1,0,1,9
03_30_150dis04.csv,1,30,150,2,148;59,1,1,1,2
03_30_150dis04.csv,2,30,150,2,38;155,2,0,0,8;5
03_30_150dis04.csv,3,30,150,1,23,1,0,1,7
03_30_150dis04.csv,4,30,150,1,45,1,0,1,15
03_30_150dis04.csv,5,30,150,1,45,1,0,1,15
03_30_150dis04.csv,6,30,150,1,45,1,0,1,15
03_30_150dis04.csv,7,30,150,1,45,1,0,1,15
03_30_150dis04.csv,8,30,150,1,45,1,0,1,15
03_30_150dis04.csv,9,30,150,1,45,1,0,1,15
03_30_150dis04.csv,10,30,150,1,45,1,0,1,15
03_30_150dis04.csv,11,30,150,1,45,1,0,1,15
03_30_150dis04.csv,12,30,150,1,45,1,0,1,15
03_30_150dis04.csv,13,30,150,1,45,1,0,1,15
03_30_150dis04.csv,14,30,150,1,45,1,0,1,15
03_30_150dis04.csv,15,30,150,1,45,1,0,1,15
03_30_150dis04.csv,16,30,150,1,45,1,0,1,15
03_30_150dis04.csv,17,30,150,1,45,1,0,1,15
03_30_150dis04.csv,18,30,150,2,149;45,2,0,0,15;1
03_30_150dis04.csv,19,30,150,2,160;45,2,0,0,15;10
03_30_150dis04.csv,20,30,150,1,142,1,0,1,8
03_30_150dis04.csv,21,30,150,1,142,1,0,1,8
03_30_150dis04.csv,22,30,150,1,141,1,0,1,9
03_30_150dis04.csv,23,30,150,1,140,1,0,1,10
03_30_150dis04.csv,24,30,150,1,140,1,0,1,10
03_30_150dis04.csv,25,30,150,1,140,1,0,1,10
03_30_150dis04.csv,26,30,150,1,140,1,0,1,10
03_30_150dis04.csv,27,30,150,1,140,1,0,1,10
03_30_150dis04.csv,28,30,150,1,140,1,0,1,10
03_30_150dis04.csv,29,30,150,1,146,1,0,1,4
03_30_150dis04.csv,30,30,150,1,134,0,1,2,
03_30_150dis04.csv,31,30,150,1,134,0,1,2,
03_30_150dis04.csv,32,30,150,1,134,0,1,2,
03_30_150dis04.csv,33,30,150,1,134,0,1,2,
03_30_150dis04.csv,34,30,150,1,134,0,1,2,
03_30_150dis04.csv,35,30,150,0,,0,0,2,
03_30_150dis04.csv,36,30,150,1,163,1,0,1,13
03_30_150dis04.csv,37,30,150,1,141,1,0,1,9
03_30_150dis04.csv,38,30,150,1,158,1,0,1,8
03_30_150dis04.csv,39,30,150,2,43;143,2,0,0,13;7
03_30_150dis04.csv,40,30,150,2,41;141,2,0,0,11;9
03_30_150dis04.csv,41,30,150,2,43;87,1,1,1,13
03_30_150dis04.csv,42,30,150,1,43,1,0,1,13
03_30_150dis04.csv,43,30,150,1,42,1,0,1,12
03_30_150dis04.csv,44,30,150,1,42,1,0,1,12
03_30_150dis04.csv,45,30,150,1,42,1,0,1,12
03_30_150dis04.csv,46,30,150,1,42,1,0,1,12
03_30_150dis04.csv,47,30,150,1,18,1,0,1,12
03_30_150dis04.csv,48,30,150,2,44;144,2,0,0,14;6
03_30_150dis04.csv,49,30,150,2,71;144,1,1,1,6
03_30_150dis04.csv,50,30,150,2,68;146,1,1,1,4
03_30_150dis04.csv,51,30,150,2,68;146,1,1,1,4
03_30_150dis04.csv,52,30,150,2,145;68,1,1,1,5
03_30_150dis04.csv,53,30,150,2,145;68,1,1,1,5
03_30_150dis04.csv,54,30,150,1,145,1,0,1,5
03_30_150dis04.csv,55,30,150,2,57;145,1,1,1,5
03_30_150dis04.csv,56,30,150,2,69;145,1,1,1,5
03_30_150dis04.csv,57,30,150,2,58;145,1,1,1,5
03_30_150dis04.csv,58,30,150,2,59;147,1,1,1,3
03_30_150dis04.csv,59,30,150,2,141;58,1,1,1,9
03_30_150dis04.csv,60,30,150,1,135,1,0,1,15
03_30_150dis04.csv,61,30,150,1,135,1,0,1,15
03_30_150dis04.csv,62,30,150,1,135,1,0,1,15
03_30_150dis04.csv,63,30,150,1,135,1,0,1,15
03_30_150dis04.csv,64,30,150,1,133,0,1,2,
03_30_150dis04.csv,65,30,150,1,133,0,1,2,
03_30_150dis04.csv,66,30,150,1,133,0,1,2,
03_30_150dis04.csv,67,30,150,2,24;133,1,1,1,6
03_30_150dis04.csv,68,30,150,1,38,1,0,1,8
03_30_150dis04.csv,69,30,150,1,38,1,0,1,8
03_30_150dis04.csv,70,30,150,1,38,1,0,1,8
03_30_150dis04.csv,71,30,150,1,38,1,0,1,8
03_30_150dis04.csv,72,30,150,1,37,1,0,1,7
03_30_150dis04.csv,73,30,150,1,38,1,0,1,8
03_30_150dis04.csv,74,30,150,1,38,1,0,1,8
03_30_150dis04.csv,75,30,150,1,38,1,0,1,8
03_30_150dis04.csv,76,30,150,1,38,1,0,1,8
03_30_150dis04.csv,77,30,150,1,38,1,0,1,8
03_30_150dis04.csv,78,30,150,1,37,1,0,1,7
03_30_150dis04.csv,79,30,150,1,38,1,0,1,8
03_30_150dis04.csv,80,30,150,2,153;38,2,0,0,8;3
03_30_150dis04.csv,81,30,150,1,45,1,0,1,15
03_30_150dis04.csv,82,30,150,1,30,1,0,1,0
03_30_150dis04.csv,83,30,150,1,40,1,0,1,10
03_30_150dis04.csv,84,30,150,1,42,1,0,1,12
03_30_150dis04.csv,85,30,150,1,57,0,1,2,
03_30_150dis04.csv,86,30,150,1,41,1,0,1,11
03_30_150dis04.csv,87,30,150,1,42,1,0,1,12
03_30_150dis04.csv,88,30,150,1,42,1,0,1,12
03_30_150dis04.csv,89,30,150,1,42,1,0,1,12
03_30_150dis04.csv,90,30,150,2,41;164,2,0,0,11;14
03_30_150dis04.csv,91,30,150,2,164;41,2,0,0,11;14
03_30_150dis04.csv,92,30,150,2,164;41,2,0,0,11;14
03_30_150dis04.csv,93,30,150,1,138,1,0,1,12
03_30_150dis04.csv,94,30,150,1,136,1,0,1,14
03_30_150dis04.csv,95,30,150,1,136,1,0,1,14
03_30_150dis04.csv,96,30,150,1,135,1,0,1,15
03_30_150dis04.csv,97,30,150,1,135,1,0,1,15
03_30_150dis04.csv,98,30,150,1,136,1,0,1,14
03_30_150dis04.csv,99,30,150,2,42;136,2,0,0,12;14
03_30_150dis04.csv,100,30,150,2,50;162,1,1,1,12
03_30_180dis02.csv,1,30,180,1,27,1,0,1,3
03_30_180dis02.csv,2,30,180,1,28,1,0,1,2
03_30_180dis02.csv,3,30,180,1,30,1,0,1,0
03_30_180dis02.csv,4,30,180,1,32,1,0,1,2
03_30_180dis02.csv,5,30,180,1,31,1,0,1,1
03_30_180dis02.csv,6,30,180,1,31,1,0,1,1
03_30_180dis02.csv,7,30,180,1,31,1,0,1,1
03_30_180dis02.csv,8,30,180,1,31,1,0,1,1
03_30_180dis02.csv,9,30,180,1,23,1,0,1,7
03_30_180dis02.csv,10,30,180,2,184;23,2,0,0,7;4
03_30_180dis02.csv,11,30,180,1,186,1,0,1,6
03_30_180dis02.csv,12,30,180,1,178,1,0,1,2
03_30_180dis02.csv,13,30,180,2,178;25,2,0,0,5;2
03_30_180dis02.csv,14,30,180,2,178;25,2,0,0,5;2
03_30_180dis02.csv,15,30,180,2,178;24,2,0,0,6;2
03_30_180dis02.csv,16,30,180,2,24;178,2,0,0,6;2
03_30_180dis02.csv,17,30,180,2,25;178,2,0,0,5;2
03_30_180dis02.csv,18,30,180,2,25;178,2,0,0,5;2
03_30_180dis02.csv,19,30,180,1,25,1,0,1,5
03_30_180dis02.csv,20,30,180,1,25,1,0,1,5
03_30_180dis02.csv,21,30,180,1,25,1,0,1,5
03_30_180dis02.csv,22,30,180,1,25,1,0,1,5
03_30_180dis02.csv,23,30,180,2,25;173,2,0,0,5;7
03_30_180dis02.csv,24,30,180,1,25,1,0,1,5
03_30_180dis02.csv,25,30,180,2,25;182,2,0,0,5;2
03_30_180dis02.csv,26,30,180,2,25;182,2,0,0,5;2
03_30_180dis02.csv,27,30,180,2,25;182,2,0,0,5;2
03_30_180dis02.csv,28,30,180,2,25;182,2,0,0,5;2
03_30_180dis02.csv,29,30,180,2,25;182,2,0,0,5;2
03_30_180dis02.csv,30,30,180,2,25;182,2,0,0,5;2
03_30_180dis02.csv,31,30,180,2,184;25,2,0,0,5;4
03_30_180dis02.csv,32,30,180,2,28;184,2,0,0,2;4
03_30_180dis02.csv,33,30,180,1,28,1,0,1,2
03_30_180dis02.csv,34,30,180,1,28,1,0,1,2
03_30_180dis02.csv,35,30,180,1,28,1,0,1,2
03_30_180dis02.csv,36,30,180,1,28,1,0,1,2
03_30_180dis02.csv,37,30,180,1,28,1,0,1,2
03_30_180dis02.csv,38,30,180,2,28;178,2,0,0,2;2
03_30_180dis02.csv,39,30,180,2,28;178,2,0,0,2;2
03_30_180dis02.csv,40,30,180,1,28,1,0,1,2
03_30_180dis02.csv,41,30,180,1,28,1,0,1,2
03_30_180dis02.csv,42,30,180,1,28,1,0,1,2
03_30_180dis02.csv,43,30,180,1,27,1,0,1,3
03_30_180dis02.csv,44,30,180,1,26,1,0,1,4
03_30_180dis02.csv,45,30,180,1,22,1,0,1,8
03_30_180dis02.csv,46,30,180,2,22;191,2,0,0,8;11
03_30_180dis02.csv,47,30,180,2,24;191,2,0,0,6;11
03_30_180dis02.csv,48,30,180,1,22,1,0,1,8
03_30_180dis02.csv,49,30,180,2,22;182,2,0,0,8;2
03_30_180dis02.csv,50,30,180,2,24;172,2,0,0,6;8
03_30_180dis02.csv,51,30,180,2,22;172,2,0,0,8;8
03_30_180dis02.csv,52,30,180,1,19,1,0,1,11
03_30_180dis02.csv,53,30,180,1,20,1,0,1,10
03_30_180dis02.csv,54,30,180,2,20;175,2,0,0,10;5
03_30_180dis02.csv,55,30,180,2,20;177,2,0,0,10;3
03_30_180dis02.csv,56,30,180,2,186;20,2,0,0,10;6
03_30_180dis02.csv,57,30,180,2,186;21,2,0,0,9;6
03_30_180dis02.csv,58,30,180,2,186;26,2,0,0,4;6
03_30_180dis02.csv,59,30,180,2,26;186,2,0,0,4;6
03_30_180dis02.csv,60,30,180,2,25;186,2,0,0,5;6
03_30_180dis02.csv,61,30,180,2,25;186,2,0,0,5;6
03_30_180dis02.csv,62,30,180,2,23;186,2,0,0,7;6
03_30_180dis02.csv,63,30,180,2,24;186,2,0,0,6;6
03_30_180dis02.csv,64,30,180,2,23;179,2,0,0,7;1
03_30_180dis02.csv,65,30,180,2,180;23,2,0,0,7;0
03_30_180dis02.csv,66,30,180,2,180;23,2,0,0,7;0
03_30_180dis02.csv,67,30,180,2,180;23,2,0,0,7;0
03_30_180dis02.csv,68,30,180,2,180;22,2,0,0,8;0
03_30_180dis02.csv,69,30,180,2,26;180,2,0,0,4;0
03_30_180dis02.csv,70,30,180,1,26,1,0,1,4
03_30_180dis02.csv,71,30,180,1,25,1,0,1,5
03_30_180dis02.csv,72,30,180,1,25,1,0,1,5
03_30_180dis02.csv,73,30,180,1,25,1,0,1,5
03_30_180dis02.csv,74,30,180,1,25,1,0,1,5
03_30_180dis02.csv,75,30,180,1,26,1,0,1,4
03_30_180dis02.csv,76,30,180,1,26,1,0,1,4
03_30_180dis02.csv,77,30,180,1,28,1,0,1,2
03_30_180dis02.csv,78,30,180,1,28,1,0,1,2
03_30_180dis02.csv,79,30,180,1,27,1,0,1,3
03_30_180dis02.csv,80,30,180,1,24,1,0,1,6
03_30_180dis02.csv,81,30,180,1,24,1,0,1,6
03_30_180dis02.csv,82,30,180,1,24,1,0,1,6
03_30_180dis02.csv,83,30,180,1,24,1,0,1,6
03_30_180dis02.csv,84,30,180,0,,0,0,2,
03_30_180dis02.csv,85,30,180,0,,0,0,2,
03_30_180dis02.csv,86,30,180,0,,0,0,2,
03_30_180dis02.csv,87,30,180,0,,0,0,2,
03_30_180dis02.csv,88,30,180,2,182;24,2,0,0,6;2
03_30_180dis02.csv,89,30,180,2,176;24,2,0,0,6;4
03_30_180dis02.csv,90,30,180,1,177,1,0,1,3
03_30_180dis02.csv,91,30,180,2,177;22,2,0,0,8;3
03_30_180dis02.csv,92,30,180,2,177;22,2,0,0,8;3
03_30_180dis02.csv,93,30,180,1,177,1,0,1,3
03_30_180dis02.csv,94,30,180,2,24;177,2,0,0,6;3
03_30_180dis02.csv,95,30,180,2,27;176,2,0,0,3;4
03_30_180dis02.csv,96,30,180,1,27,1,0,1,3
03_30_180dis02.csv,97,30,180,2,27;187,2,0,0,3;7
03_30_180dis02.csv,98,30,180,2,26;187,2,0,0,4;7
03_30_180dis02.csv,99,30,180,2,26;177,2,0,0,4;3
03_30_180dis02.csv,100,30,180,2,177;26,2,0,0,4;3
03_330_180dis02.csv,1,330,180,1,337,1,0,1,7
03_330_180dis02.csv,2,330,180,2,335;169,2,0,0,5;11
03_330_180dis02.csv,3,330,180,2,335;169,2,0,0,5;11
03_330_180dis02.csv,4,330,180,2,185;335,2,0,0,5;5
03_330_180dis02.csv,5,330,180,2,185;334,2,0,0,4;5
03_330_180dis02.csv,6,330,180,2,186;336,2,0,0,6;6
03_330_180dis02.csv,7,330,180,2,347;185,1,1,1,5
03_330_180dis02.csv,8,330,180,2,174;347,1,1,1,6
03_330_180dis02.csv,9,330,180,2,174;343,2,0,0,13;6
03_330_180dis02.csv,10,330,180,2,174;345,2,0,0,15;6
03_330_180dis02.csv,11,330,180,2,174;345,2,0,0,15;6
03_330_180dis02.csv,12,330,180,2,174;345,2,0,0,15;6
03_330_180dis02.csv,13,330,180,2,174;345,2,0,0,15;6
03_330_180dis02.csv,14,330,180,0,,0,0,2,
03_330_180dis02.csv,15,330,180,0,,0,0,2,
03_330_180dis02.csv,16,330,180,0,,0,0,2,
03_330_180dis02.csv,17,330,180,0,,0,0,2,
03_330_180dis02.csv,18,330,180,0,,0,0,2,
03_330_180dis02.csv,19,330,180,0,,0,0,2,
03_330_180dis02.csv,20,330,180,2,174;344,2,0,0,14;6
03_330_180dis02.csv,21,330,180,0,,0,0,2,
03_330_180dis02.csv,22,330,180,0,,0,0,2,
03_330_180dis02.csv,23,330,180,2,174;343,2,0,0,13;6
03_330_180dis02.csv,24,330,180,2,344;174,2,0,0,14;6
03_330_180dis02.csv,25,330,180,1,338,1,0,1,8
03_330_180dis02.csv,26,330,180,2,166;338,2,0,0,8;14
03_330_180dis02.csv,27,330,180,2,174;338,2,0,0,8;6
03_330_180dis02.csv,28,330,180,2,175;338,2,0,0,8;5
03_330_180dis02.csv,29,330,180,1,182,1,0,1,2
03_330_180dis02.csv,30,330,180,1,183,1,0,1,3
03_330_180dis02.csv,31,330,180,1,183,1,0,1,3
03_330_180dis02.csv,32,330,180,1,183,1,0,1,3
03_330_180dis02.csv,33,330,180,2,338;182,2,0,0,8;2
03_330_180dis02.csv,34,330,180,2,331;182,2,0,0,1;2
03_330_180dis02.csv,35,330,180,1,335,1,0,1,5
03_330_180dis02.csv,36,330,180,1,335,1,0,1,5
03_330_180dis02.csv,37,330,180,1,335,1,0,1,5
03_330_180dis02.csv,38,330,180,1,339,1,0,1,9
03_330_180dis02.csv,39,330,180,1,339,1,0,1,9
03_330_180dis02.csv,40,330,180,1,343,1,0,1,13
03_330_180dis02.csv,41,330,180,1,343,1,0,1,13
03_330_180dis02.csv,42,330,180,1,343,1,0,1,13
03_330_180dis02.csv,43,330,180,1,332,1,0,1,2
03_330_180dis02.csv,44,330,180,1,334,1,0,1,4
03_330_180dis02.csv,45,330,180,1,339,1,0,1,9
03_330_180dis02.csv,46,330,180,1,345,1,0,1,15
03_330_180dis02.csv,47,330,180,1,337,1,0,1,7
03_330_180dis02.csv,48,330,180,1,337,1,0,1,7
03_330_180dis02.csv,49,330,180,1,347,0,1,2,
03_330_180dis02.csv,50,330,180,1,339,1,0,1,9
03_330_180dis02.csv,51,330,180,1,333,1,0,1,3
03_330_180dis02.csv,52,330,180,1,333,1,0,1,3
03_330_180dis02.csv,53,330,180,1,333,1,0,1,3
03_330_180dis02.csv,54,330,180,2,169;333,2,0,0,3;11
03_330_180dis02.csv,55,330,180,1,183,1,0,1,3
03_330_180dis02.csv,56,330,180,1,178,1,0,1,2
03_330_180dis02.csv,57,330,180,1,178,1,0,1,2
03_330_180dis02.csv,58,330,180,1,178,1,0,1,2
03_330_180dis02.csv,59,330,180,1,170,1,0,1,10
03_330_180dis02.csv,60,330,180,1,170,1,0,1,10
03_330_180dis02.csv,61,330,180,1,169,1,0,1,11
03_330_180dis02.csv,62,330,180,1,168,1,0,1,12
03_330_180dis02.csv,63,330,180,1,168,1,0,1,12
03_330_180dis02.csv,64,330,180,1,167,1,0,1,13
03_330_180dis02.csv,65,330,180,1,167,1,0,1,13
03_330_180dis02.csv,66,330,180,1,167,1,0,1,13
03_330_180dis02.csv,67,330,180,1,167,1,0,1,13
03_330_180dis02.csv,68,330,180,1,182,1,0,1,2
03_330_180dis02.csv,69,330,180,1,181,1,0,1,1
03_330_180dis02.csv,70,330,180,1,181,1,0,1,1
03_330_180dis02.csv,71,330,180,1,180,1,0,1,0
03_330_180dis02.csv,72,330,180,1,180,1,0,1,0
03_330_180dis02.csv,73,330,180,1,180,1,0,1,0
03_330_180dis02.csv,74,330,180,1,180,1,0,1,0
03_330_180dis02.csv,75,330,180,2,180;338,2,0,0,8;0
03_330_180dis02.csv,76,330,180,2,180;340,2,0,0,10;0
03_330_180dis02.csv,77,330,180,2,180;342,2,0,0,12;0
03_330_180dis02.csv,78,330,180,2,338;180,2,0,0,8;0
03_330_180dis02.csv,79,330,180,2,337;180,2,0,0,7;0
03_330_180dis02.csv,80,330,180,2,337;180,2,0,0,7;0
03_330_180dis02.csv,81,330,180,2,332;180,2,0,0,2;0
03_330_180dis02.csv,82,330,180,2,332;180,2,0,0,2;0
03_330_180dis02.csv,83,330,180,2,332;166,2,0,0,2;14
03_330_180dis02.csv,84,330,180,2,181;332,2,0,0,2;1
03_330_180dis02.csv,85,330,180,1,173,1,0,1,7
03_330_180dis02.csv,86,330,180,1,173,1,0,1,7
03_330_180dis02.csv,87,330,180,2,340;173,2,0,0,10;7
03_330_180dis02.csv,88,330,180,2,342;173,2,0,0,12;7
03_330_180dis02.csv,89,330,180,2,342;173,2,0,0,12;7
03_330_180dis02.csv,90,330,180,1,349,0,1,2,
03_330_180dis02.csv,91,330,180,1,346,0,1,2,
03_330_180dis02.csv,92,330,180,2,346;174,1,1,1,6
03_330_180dis02.csv,93,330,180,2,167;346,1,1,1,13
03_330_180dis02.csv,94,330,180,2,167;345,2,0,0,15;13
03_330_180dis02.csv,95,330,180,2,167;345,2,0,0,15;13
03_330_180dis02.csv,96,330,180,1,185,1,0,1,5
03_330_180dis02.csv,97,330,180,1,187,1,0,1,7
03_330_180dis02.csv,98,330,180,1,180,1,0,1,0
03_330_180dis02.csv,99,330,180,1,177,1,0,1,3
03_330_180dis02.csv,100,330,180,1,177,1,0,1,3
04_00_150dis02.csv,1,0,150,1,354,1,0,1,6
04_00_150dis02.csv,2,0,150,1,355,1,0,1,5
04_00_150dis02.csv,3,0,150,2,355;146,2,0,0,5;4
04_00_150dis02.csv,4,0,150,2,354;146,2,0,0,6;4
04_00_150dis02.csv,5,0,150,1,355,1,0,1,5
04_00_150dis02.csv,6,0,150,1,2,1,0,1,2
04_00_150dis02.csv,7,0,150,1,357,1,0,1,3
04_00_150dis02.csv,8,0,150,2,358;143,2,0,0,2;7
04_00_150dis02.csv,9,0,150,2,358;143,2,0,0,2;7
04_00_150dis02.csv,10,0,150,2,6;143,2,0,0,6;7
04_00_150dis02.csv,11,0,150,1,0,1,0,1,0
04_00_150dis02.csv,12,0,150,1,342,0,1,2,
04_00_150dis02.csv,13,0,150,2,342;135,1,1,1,15
04_00_150dis02.csv,14,0,150,2,135;342,1,1,1,15
04_00_150dis02.csv,15,0,150,2,135;348,2,0,0,12;15
04_00_150dis02.csv,16,0,150,2,3;135,2,0,0,3;15
04_00_150dis02.csv,17,0,150,2,350;135,2,0,0,10;15
04_00_150dis02.csv,18,0,150,2,144;349,2,0,0,11;6
04_00_150dis02.csv,19,0,150,2,144;349,2,0,0,11;6
04_00_150dis02.csv,20,0,150,2,144;349,2,0,0,11;6
04_00_150dis02.csv,21,0,150,2,144;349,2,0,0,11;6
04_00_150dis02.csv,22,0,150,2,144;349,2,0,0,11;6
04_00_150dis02.csv,23,0,150,1,341,0,1,2,
04_00_150dis02.csv,24,0,150,2,2;148,2,0,0,2;2
04_00_150dis02.csv,25,0,150,1,2,1,0,1,2
04_00_150dis02.csv,26,0,150,1,2,1,0,1,2
04_00_150dis02.csv,27,0,150,1,2,1,0,1,2
04_00_150dis02.csv,28,0,150,1,352,1,0,1,8
04_00_150dis02.csv,29,0,150,1,2,1,0,1,2
04_00_150dis02.csv,30,0,150,1,2,1,0,1,2
04_00_150dis02.csv,31,0,150,1,2,1,0,1,2
04_00_150dis02.csv,32,0,150,1,3,1,0,1,3
04_00_150dis02.csv,33,0,150,2,2;154,2,0,0,2;4
04_00_150dis02.csv,34,0,150,2,3;149,2,0,0,3;1
04_00_150dis02.csv,35,0,150,2,3;146,2,0,0,3;4
04_00_150dis02.csv,36,0,150,2,141;3,2,0,0,3;9
04_00_150dis02.csv,37,0,150,2,143;3,2,0,0,3;7
04_00_150dis02.csv,38,0,150,1,143,1,0,1,7
04_00_150dis02.csv,39,0,150,2,143;355,2,0,0,5;7
04_00_150dis02.csv,40,0,150,2,143;351,2,0,0,9;7
04_00_150dis02.csv,41,0,150,2,355;143,2,0,0,5;7
04_00_150dis02.csv,42,0,150,2,359;143,2,0,0,1;7
04_00_150dis02.csv,43,0,150,2,139;7,2,0,0,7;11
04_00_150dis02.csv,44,0,150,2,349;139,2,0,0,11;11
04_00_150dis02.csv,45,0,150,2,355;140,2,0,0,5;10
04_00_150dis02.csv,46,0,150,2,140;342,1,1,1,10
04_00_150dis02.csv,47,0,150,2,140;355,2,0,0,5;10
04_00_150dis02.csv,48,0,150,1,147,1,0,1,3
04_00_150dis02.csv,49,0,150,1,147,1,0,1,3
04_00_150dis02.csv,50,0,150,1,147,1,0,1,3
04_00_150dis02.csv,51,0,150,1,147,1,0,1,3
04_00_150dis02.csv,52,0,150,2,356;147,2,0,0,4;3
04_00_150dis02.csv,53,0,150,2,359;147,2,0,0,1;3
04_00_150dis02.csv,54,0,150,2,359;150,2,0,0,1;0
04_00_150dis02.csv,55,0,150,2,149;359,2,0,0,1;1
04_00_150dis02.csv,56,0,150,1,147,1,0,1,3
04_00_150dis02.csv,57,0,150,1,146,1,0,1,4
04_00_150dis02.csv,58,0,150,2,358;147,2,0,0,2;3
04_00_150dis02.csv,59,0,150,2,359;147,2,0,0,1;3
04_00_150dis02.csv,60,0,150,2,359;147,2,0,0,1;3
04_00_150dis02.csv,61,0,150,2,359;147,2,0,0,1;3
04_00_150dis02.csv,62,0,150,2,358;149,2,0,0,2;1
04_00_150dis02.csv,63,0,150,1,354,1,0,1,6
04_00_150dis02.csv,64,0,150,1,357,1,0,1,3
04_00_150dis02.csv,65,0,150,2,357;144,2,0,0,3;6
04_00_150dis02.csv,66,0,150,2,349;144,2,0,0,11;6
04_00_150dis02.csv,67,0,150,2,349;155,2,0,0,11;5
04_00_150dis02.csv,68,0,150,2,348;146,2,0,0,12;4
04_00_150dis02.csv,69,0,150,2,142;349,2,0,0,11;8
04_00_150dis02.csv,70,0,150,1,145,1,0,1,5
04_00_150dis02.csv,71,0,150,1,149,1,0,1,1
04_00_150dis02.csv,72,0,150,1,149,1,0,1,1
04_00_150dis02.csv,73,0,150,1,145,1,0,1,5
04_00_150dis02.csv,74,0,150,1,145,1,0,1,5
04_00_150dis02.csv,75,0,150,1,146,1,0,1,4
04_00_150dis02.csv,76,0,150,1,146,1,0,1,4
04_00_150dis02.csv,77,0,150,1,145,1,0,1,5
04_00_150dis02.csv,78,0,150,1,145,1,0,1,5
04_00_150dis02.csv,79,0,150,1,145,1,0,1,5
04_00_150dis02.csv,80,0,150,1,145,1,0,1,5
04_00_150dis02.csv,81,0,150,1,146,1,0,1,4
04_00_150dis02.csv,82,0,150,1,143,1,0,1,7
04_00_150dis02.csv,83,0,150,1,143,1,0,1,7
04_00_150dis02.csv,84,0,150,1,143,1,0,1,7
04_00_150dis02.csv,85,0,150,1,143,1,0,1,7
04_00_150dis02.csv,86,0,150,2,143;342,1,1,1,7
04_00_150dis02.csv,87,0,150,2,141;342,1,1,1,9
04_00_150dis02.csv,88,0,150,2,142;10,2,0,0,10;8
04_00_150dis02.csv,89,0,150,2,142;3,2,0,0,3;8
04_00_150dis02.csv,90,0,150,2,3;142,2,0,0,3;8
04_00_150dis02.csv,91,0,150,2,7;141,2,0,0,7;9
04_00_150dis02.csv,92,0,150,2,7;142,2,0,0,7;8
04_00_150dis02.csv,93,0,150,2,7;142,2,0,0,7;8
04_00_150dis02.csv,94,0,150,2,7;142,2,0,0,7;8
04_00_150dis02.csv,95,0,150,2,156;7,2,0,0,7;6
04_00_150dis02.csv,96,0,150,2,155;6,2,0,0,6;5
04_00_150dis02.csv,97,0,150,2,155;6,2,0,0,6;5
04_00_150dis02.csv,98,0,150,2,158;6,2,0,0,6;8
04_00_150dis02.csv,99,0,150,2,337;158,1,1,1,8
04_00_150dis02.csv,100,0,150,1,358,1,0,1,2
04_00_150dis03.csv,1,0,150,3,5;139;306,2,1,0,5;11
04_00_150dis03.csv,2,0,150,2,7;139,2,0,0,7;11
04_00_150dis03.csv,3,0,150,2,145;7,2,0,0,7;5
04_00_150dis03.csv,4,0,150,1,143,1,0,1,7
04_00_150dis03.csv,5,0,150,1,142,1,0,1,8
04_00_150dis03.csv,6,0,150,1,142,1,0,1,8
04_00_150dis03.csv,7,0,150,2,143;11,2,0,0,11;7
04_00_150dis03.csv,8,0,150,2,0;147,2,0,0,0;3
04_00_150dis03.csv,9,0,150,2,355;147,2,0,0,5;3
04_00_150dis03.csv,10,0,150,2,355;147,2,0,0,5;3
04_00_150dis03.csv,11,0,150,2,355;147,2,0,0,5;3
04_00_150dis03.csv,12,0,150,1,354,1,0,1,6
04_00_150dis03.csv,13,0,150,2,354;156,2,0,0,6;6
04_00_150dis03.csv,14,0,150,2,354;156,2,0,0,6;6
04_00_150dis03.csv,15,0,150,2,354;155,2,0,0,6;5
04_00_150dis03.csv,16,0,150,2,358;135,2,0,0,2;15
04_00_150dis03.csv,17,0,150,1,8,1,0,1,8
04_00_150dis03.csv,18,0,150,1,8,1,0,1,8
04_00_150dis03.csv,19,0,150,1,8,1,0,1,8
04_00_150dis03.csv,20,0,150,1,7,1,0,1,7
04_00_150dis03.csv,21,0,150,1,12,1,0,1,12
04_00_150dis03.csv,22,0,150,1,8,1,0,1,8
04_00_150dis03.csv,23,0,150,1,10,1,0,1,10
04_00_150dis03.csv,24,0,150,1,12,1,0,1,12
04_00_150dis03.csv,25,0,150,2,12;154,2,0,0,12;4
04_00_150dis03.csv,26,0,150,2,15;144,2,0,0,15;6
04_00_150dis03.csv,27,0,150,2,144;15,2,0,0,15;6
04_00_150dis03.csv,28,0,150,2,144;15,2,0,0,15;6
04_00_150dis03.csv,29,0,150,2,146;15,2,0,0,15;4
04_00_150dis03.csv,30,0,150,1,145,1,0,1,5
04_00_150dis03.csv,31,0,150,1,145,1,0,1,5
04_00_150dis03.csv,32,0,150,1,145,1,0,1,5
04_00_150dis03.csv,33,0,150,2,12;145,2,0,0,12;5
04_00_150dis03.csv,34,0,150,2,12;145,2,0,0,12;5
04_00_150dis03.csv,35,0,150,2,12;145,2,0,0,12;5
04_00_150dis03.csv,36,0,150,2,12;145,2,0,0,12;5
04_00_150dis03.csv,37,0,150,1,4,1,0,1,4
04_00_150dis03.csv,38,0,150,1,8,1,0,1,8
04_00_150dis03.csv,39,0,150,2,155;8,2,0,0,8;5
04_00_150dis03.csv,40,0,150,2,155;8,2,0,0,8;5
04_00_150dis03.csv,41,0,150,1,151,1,0,1,1
04_00_150dis03.csv,42,0,150,1,151,1,0,1,1
04_00_150dis03.csv,43,0,150,1,151,1,0,1,1
04_00_150dis03.csv,44,0,150,1,151,1,0,1,1
04_00_150dis03.csv,45,0,150,1,151,1,0,1,1
04_00_150dis03.csv,46,0,150,1,147,1,0,1,3
04_00_150dis03.csv,47,0,150,0,,0,0,2,
04_00_150dis03.csv,48,0,150,1,151,1,0,1,1
04_00_150dis03.csv,49,0,150,1,167,0,1,2,
04_00_150dis03.csv,50,0,150,1,146,1,0,1,4
04_00_150dis03.csv,51,0,150,1,146,1,0,1,4
04_00_150dis03.csv,52,0,150,1,146,1,0,1,4
04_00_150dis03.csv,53,0,150,1,148,1,0,1,2
04_00_150dis03.csv,54,0,150,1,146,1,0,1,4
04_00_150dis03.csv,55,0,150,1,147,1,0,1,3
04_00_150dis03.csv,56,0,150,1,167,0,1,2,
04_00_150dis03.csv,57,0,150,1,148,1,0,1,2
04_00_150dis03.csv,58,0,150,1,148,1,0,1,2
04_00_150dis03.csv,59,0,150,1,157,1,0,1,7
04_00_150dis03.csv,60,0,150,1,157,1,0,1,7
04_00_150dis03.csv,61,0,150,1,157,1,0,1,7
04_00_150dis03.csv,62,0,150,1,157,1,0,1,7
04_00_150dis03.csv,63,0,150,2,6;157,2,0,0,6;7
04_00_150dis03.csv,64,0,150,1,3,1,0,1,3
04_00_150dis03.csv,65,0,150,1,12,1,0,1,12
04_00_150dis03.csv,66,0,150,1,6,1,0,1,6
04_00_150dis03.csv,67,0,150,1,6,1,0,1,6
04_00_150dis03.csv,68,0,150,2,6;145,2,0,0,6;5
04_00_150dis03.csv,69,0,150,2,144;6,2,0,0,6;6
04_00_150dis03.csv,70,0,150,1,144,1,0,1,6
04_00_150dis03.csv,71,0,150,1,146,1,0,1,4
04_00_150dis03.csv,72,0,150,1,146,1,0,1,4
04_00_150dis03.csv,73,0,150,1,146,1,0,1,4
04_00_150dis03.csv,74,0,150,1,146,1,0,1,4
04_00_150dis03.csv,75,0,150,1,146,1,0,1,4
04_00_150dis03.csv,76,0,150,1,146,1,0,1,4
04_00_150dis03.csv,77,0,150,1,146,1,0,1,4
04_00_150dis03.csv,78,0,150,1,146,1,0,1,4
04_00_150dis03.csv,79,0,150,1,142,1,0,1,8
04_00_150dis03.csv,80,0,150,1,143,1,0,1,7
04_00_150dis03.csv,81,0,150,1,143,1,0,1,7
04_00_150dis03.csv,82,0,150,1,145,1,0,1,5
04_00_150dis03.csv,83,0,150,1,143,1,0,1,7
04_00_150dis03.csv,84,0,150,1,143,1,0,1,7
04_00_150dis03.csv,85,0,150,1,143,1,0,1,7
04_00_150dis03.csv,86,0,150,1,145,1,0,1,5
04_00_150dis03.csv,87,0,150,1,143,1,0,1,7
04_00_150dis03.csv,88,0,150,1,142,1,0,1,8
04_00_150dis03.csv,89,0,150,1,143,1,0,1,7
04_00_150dis03.csv,90,0,150,1,142,1,0,1,8
04_00_150dis03.csv,91,0,150,1,143,1,0,1,7
04_00_150dis03.csv,92,0,150,1,143,1,0,1,7
04_00_150dis03.csv,93,0,150,1,143,1,0,1,7
04_00_150dis03.csv,94,0,150,1,143,1,0,1,7
04_00_150dis03.csv,95,0,150,1,146,1,0,1,4
04_00_150dis03.csv,96,0,150,1,144,1,0,1,6
04_00_150dis03.csv,97,0,150,1,151,1,0,1,1
04_00_150dis03.csv,98,0,150,1,151,1,0,1,1
04_00_150dis03.csv,99,0,150,1,151,1,0,1,1
04_00_150dis03.csv,100,0,150,1,151,1,0,1,1
04_00_230dis02.csv,1,0,230,1,9,1,0,1,9
04_00_230dis02.csv,2,0,230,0,,0,0,2,
04_00_230dis02.csv,3,0,230,0,,0,0,2,
04_00_230dis02.csv,4,0,230,1,13,1,0,1,13
04_00_230dis02.csv,5,0,230,1,13,1,0,1,13
04_00_230dis02.csv,6,0,230,1,13,1,0,1,13
04_00_230dis02.csv,7,0,230,1,13,1,0,1,13
04_00_230dis02.csv,8,0,230,1,0,1,0,1,0
04_00_230dis02.csv,9,0,230,1,359,1,0,1,1
04_00_230dis02.csv,10,0,230,2,12;227,2,0,0,12;3
04_00_230dis02.csv,11,0,230,2,228;12,2,0,0,12;2
04_00_230dis02.csv,12,0,230,2,219;0,2,0,0,0;11
04_00_230dis02.csv,13,0,230,2,219;11,2,0,0,11;11
04_00_230dis02.csv,14,0,230,2,219;2,2,0,0,2;11
04_00_230dis02.csv,15,0,230,2,356;219,2,0,0,4;11
04_00_230dis02.csv,16,0,230,2,13;219,2,0,0,13;11
04_00_230dis02.csv,17,0,230,2,13;230,2,0,0,13;0
04_00_230dis02.csv,18,0,230,2,232;13,2,0,0,13;2
04_00_230dis02.csv,19,0,230,1,232,1,0,1,2
04_00_230dis02.csv,20,0,230,1,232,1,0,1,2
04_00_230dis02.csv,21,0,230,2,232;15,2,0,0,15;2
04_00_230dis02.csv,22,0,230,2,232;15,2,0,0,15;2
04_00_230dis02.csv,23,0,230,2,8;231,2,0,0,8;1
04_00_230dis02.csv,24,0,230,2,8;231,2,0,0,8;1
04_00_230dis02.csv,25,0,230,2,8;231,2,0,0,8;1
04_00_230dis02.csv,26,0,230,2,8;230,2,0,0,8;0
04_00_230dis02.csv,27,0,230,2,6;230,2,0,0,6;0
04_00_230dis02.csv,28,0,230,2,6;230,2,0,0,6;0
04_00_230dis02.csv,29,0,230,1,7,1,0,1,7
04_00_230dis02.csv,30,0,230,1,7,1,0,1,7
04_00_230dis02.csv,31,0,230,1,7,1,0,1,7
04_00_230dis02.csv,32,0,230,1,7,1,0,1,7
04_00_230dis02.csv,33,0,230,1,7,1,0,1,7
04_00_230dis02.csv,34,0,230,2,222;7,2,0,0,7;8
04_00_230dis02.csv,35,0,230,1,230,1,0,1,0
04_00_230dis02.csv,36,0,230,2,7;221,2,0,0,7;9
04_00_230dis02.csv,37,0,230,2,0;230,2,0,0,0;0
04_00_230dis02.csv,38,0,230,2,229;357,2,0,0,3;1
04_00_230dis02.csv,39,0,230,2,229;356,2,0,0,4;1
04_00_230dis02.csv,40,0,230,2,229;356,2,0,0,4;1
04_00_230dis02.csv,41,0,230,2,229;356,2,0,0,4;1
04_00_230dis02.csv,42,0,230,2,7;229,2,0,0,7;1
04_00_230dis02.csv,43,0,230,2,8;229,2,0,0,8;1
04_00_230dis02.csv,44,0,230,2,8;229,2,0,0,8;1
04_00_230dis02.csv,45,0,230,2,8;229,2,0,0,8;1
04_00_230dis02.csv,46,0,230,2,4;229,2,0,0,4;1
04_00_230dis02.csv,47,0,230,2,228;4,2,0,0,4;2
04_00_230dis02.csv,48,0,230,2,229;4,2,0,0,4;1
04_00_230dis02.csv,49,0,230,2,6;234,2,0,0,6;4
04_00_230dis02.csv,50,0,230,2,229;6,2,0,0,6;1
04_00_230dis02.csv,51,0,230,2,229;6,2,0,0,6;1
04_00_230dis02.csv,52,0,230,2,229;7,2,0,0,7;1
04_00_230dis02.csv,53,0,230,2,17;229,1,1,1,1
04_00_230dis02.csv,54,0,230,1,13,1,0,1,13
04_00_230dis02.csv,55,0,230,1,6,1,0,1,6
04_00_230dis02.csv,56,0,230,1,6,1,0,1,6
04_00_230dis02.csv,57,0,230,1,6,1,0,1,6
04_00_230dis02.csv,58,0,230,1,6,1,0,1,6
04_00_230dis02.csv,59,0,230,1,6,1,0,1,6
04_00_230dis02.csv,60,0,230,1,6,1,0,1,6
04_00_230dis02.csv,61,0,230,1,7,1,0,1,7
04_00_230dis02.csv,62,0,230,1,11,1,0,1,11
04_00_230dis02.csv,63,0,230,1,11,1,0,1,11
04_00_230dis02.csv,64,0,230,1,11,1,0,1,11
04_00_230dis02.csv,65,0,230,1,13,1,0,1,13
04_00_230dis02.csv,66,0,230,1,13,1,0,1,13
04_00_230dis02.csv,67,0,230,1,357,1,0,1,3
04_00_230dis02.csv,68,0,230,1,357,1,0,1,3
04_00_230dis02.csv,69,0,230,0,,0,0,2,
04_00_230dis02.csv,70,0,230,0,,0,0,2,
04_00_230dis02.csv,71,0,230,0,,0,0,2,
04_00_230dis02.csv,72,0,230,0,,0,0,2,
04_00_230dis02.csv,73,0,230,1,357,1,0,1,3
04_00_230dis02.csv,74,0,230,2,241;357,2,0,0,3;11
04_00_230dis02.csv,75,0,230,2,236;357,2,0,0,3;6
04_00_230dis02.csv,76,0,230,1,236,1,0,1,6
04_00_230dis02.csv,77,0,230,1,235,1,0,1,5
04_00_230dis02.csv,78,0,230,1,222,1,0,1,8
04_00_230dis02.csv,79,0,230,1,233,1,0,1,3
04_00_230dis02.csv,80,0,230,1,233,1,0,1,3
04_00_230dis02.csv,81,0,230,1,233,1,0,1,3
04_00_230dis02.csv,82,0,230,1,232,1,0,1,2
04_00_230dis02.csv,83,0,230,1,232,1,0,1,2
04_00_230dis02.csv,84,0,230,1,225,1,0,1,5
04_00_230dis02.csv,85,0,230,2,225;7,2,0,0,7;5
04_00_230dis02.csv,86,0,230,2,4;225,2,0,0,4;5
04_00_230dis02.csv,87,0,230,2,6;225,2,0,0,6;5
04_00_230dis02.csv,88,0,230,1,5,1,0,1,5
04_00_230dis02.csv,89,0,230,1,5,1,0,1,5
04_00_230dis02.csv,90,0,230,1,4,1,0,1,4
04_00_230dis02.csv,91,0,230,1,4,1,0,1,4
04_00_230dis02.csv,92,0,230,1,6,1,0,1,6
04_00_230dis02.csv,93,0,230,1,6,1,0,1,6
04_00_230dis02.csv,94,0,230,1,5,1,0,1,5
04_00_230dis02.csv,95,0,230,1,2,1,0,1,2
04_00_230dis02.csv,96,0,230,2,0;229,2,0,0,0;1
04_00_230dis02.csv,97,0,230,2,3;240,2,0,0,3;10
04_00_230dis02.csv,98,0,230,2,3;230,2,0,0,3;0
04_00_230dis02.csv,99,0,230,2,2;230,2,0,0,2;0
04_00_230dis02.csv,100,0,230,2,3;230,2,0,0,3;0
04_00_90dis02.csv,1,0,90,1,83,1,0,1,7
04_00_90dis02.csv,2,0,90,1,83,1,0,1,7
04_00_90dis02.csv,3,0,90,1,83,1,0,1,7
04_00_90dis02.csv,4,0,90,1,81,1,0,1,9
04_00_90dis02.csv,5,0,90,0,,0,0,2,
04_00_90dis02.csv,6,0,90,0,,0,0,2,
04_00_90dis02.csv,7,0,90,0,,0,0,2,
04_00_90dis02.csv,8,0,90,1,83,1,0,1,7
04_00_90dis02.csv,9,0,90,1,83,1,0,1,7
04_00_90dis02.csv,10,0,90,2,359;83,2,0,0,1;7
04_00_90dis02.csv,11,0,90,1,359,1,0,1,1
04_00_90dis02.csv,12,0,90,1,359,1,0,1,1
04_00_90dis02.csv,13,0,90,1,359,1,0,1,1
04_00_90dis02.csv,14,0,90,1,359,1,0,1,1
04_00_90dis02.csv,15,0,90,1,359,1,0,1,1
04_00_90dis02.csv,16,0,90,1,354,1,0,1,6
04_00_90dis02.csv,17,0,90,2,8;81,2,0,0,8;9
04_00_90dis02.csv,18,0,90,2,84;8,2,0,0,8;6
04_00_90dis02.csv,19,0,90,1,85,1,0,1,5
04_00_90dis02.csv,20,0,90,1,84,1,0,1,6
04_00_90dis02.csv,21,0,90,2,84;352,2,0,0,8;6
04_00_90dis02.csv,22,0,90,2,86;353,2,0,0,7;4
04_00_90dis02.csv,23,0,90,2,86;353,2,0,0,7;4
04_00_90dis02.csv,24,0,90,2,86;11,2,0,0,11;4
04_00_90dis02.csv,25,0,90,2,11;86,2,0,0,11;4
04_00_90dis02.csv,26,0,90,2,11;86,2,0,0,11;4
04_00_90dis02.csv,27,0,90,2,11;86,2,0,0,11;4
04_00_90dis02.csv,28,0,90,2,11;86,2,0,0,11;4
04_00_90dis02.csv,29,0,90,2,11;86,2,0,0,11;4
04_00_90dis02.csv,30,0,90,1,356,1,0,1,4
04_00_90dis02.csv,31,0,90,1,356,1,0,1,4
04_00_90dis02.csv,32,0,90,1,353,1,0,1,7
04_00_90dis02.csv,33,0,90,1,347,1,0,1,13
04_00_90dis02.csv,34,0,90,1,336,0,1,2,
04_00_90dis02.csv,35,0,90,1,7,1,0,1,7
04_00_90dis02.csv,36,0,90,1,358,1,0,1,2
04_00_90dis02.csv,37,0,90,2,359;81,2,0,0,1;9
04_00_90dis02.csv,38,0,90,2,359;81,2,0,0,1;9
04_00_90dis02.csv,39,0,90,2,8;81,2,0,0,8;9
04_00_90dis02.csv,40,0,90,2,8;81,2,0,0,8;9
04_00_90dis02.csv,41,0,90,2,8;81,2,0,0,8;9
04_00_90dis02.csv,42,0,90,1,8,1,0,1,8
04_00_90dis02.csv,43,0,90,1,354,1,0,1,6
04_00_90dis02.csv,44,0,90,1,356,1,0,1,4
04_00_90dis02.csv,45,0,90,1,356,1,0,1,4
04_00_90dis02.csv,46,0,90,1,356,1,0,1,4
04_00_90dis02.csv,47,0,90,1,347,1,0,1,13
04_00_90dis02.csv,48,0,90,1,347,1,0,1,13
04_00_90dis02.csv,49,0,90,2,347;118,1,1,1,13
04_00_90dis02.csv,50,0,90,2,356;83,2,0,0,4;7
04_00_90dis02.csv,51,0,90,2,83;356,2,0,0,4;7
04_00_90dis02.csv,52,0,90,2,75;9,2,0,0,9;15
04_00_90dis02.csv,53,0,90,2,75;6,2,0,0,6;15
04_00_90dis02.csv,54,0,90,2,75;6,2,0,0,6;15
04_00_90dis02.csv,55,0,90,1,17,0,1,2,
04_00_90dis02.csv,56,0,90,2,15;88,2,0,0,15;2
04_00_90dis02.csv,57,0,90,2,15;88,2,0,0,15;2
04_00_90dis02.csv,58,0,90,2,354;88,2,0,0,6;2
04_00_90dis02.csv,59,0,90,2,354;88,2,0,0,6;2
04_00_90dis02.csv,60,0,90,2,354;88,2,0,0,6;2
04_00_90dis02.csv,61,0,90,2,354;91,2,0,0,6;1
04_00_90dis02.csv,62,0,90,2,357;91,2,0,0,3;1
04_00_90dis02.csv,63,0,90,2,357;92,2,0,0,3;2
04_00_90dis02.csv,64,0,90,1,354,1,0,1,6
04_00_90dis02.csv,65,0,90,1,357,1,0,1,3
04_00_90dis02.csv,66,0,90,2,357;88,2,0,0,3;2
04_00_90dis02.csv,67,0,90,2,90;357,2,0,0,3;0
04_00_90dis02.csv,68,0,90,2,90;357,2,0,0,3;0
04_00_90dis02.csv,69,0,90,2,6;90,2,0,0,6;0
04_00_90dis02.csv,70,0,90,2,5;90,2,0,0,5;0
04_00_90dis02.csv,71,0,90,2,5;90,2,0,0,5;0
04_00_90dis02.csv,72,0,90,2,5;90,2,0,0,5;0
04_00_90dis02.csv,73,0,90,2,5;85,2,0,0,5;5
04_00_90dis02.csv,74,0,90,2,90;354,2,0,0,6;0
04_00_90dis02.csv,75,0,90,2,86;8,2,0,0,8;4
04_00_90dis02.csv,76,0,90,1,85,1,0,1,5
04_00_90dis02.csv,77,0,90,1,85,1,0,1,5
04_00_90dis02.csv,78,0,90,2,1;85,2,0,0,1;5
04_00_90dis02.csv,79,0,90,2,1;85,2,0,0,1;5
04_00_90dis02.csv,80,0,90,2,1;85,2,0,0,1;5
04_00_90dis02.csv,81,0,90,2,1;85,2,0,0,1;5
04_00_90dis02.csv,82,0,90,2,1;85,2,0,0,1;5
04_00_90dis02.csv,83,0,90,1,6,1,0,1,6
04_00_90dis02.csv,84,0,90,1,3,1,0,1,3
04_00_90dis02.csv,85,0,90,1,6,1,0,1,6
04_00_90dis02.csv,86,0,90,1,6,1,0,1,6
04_00_90dis02.csv,87,0,90,1,6,1,0,1,6
04_00_90dis02.csv,88,0,90,1,6,1,0,1,6
04_00_90dis02.csv,89,0,90,1,6,1,0,1,6
04_00_90dis02.csv,90,0,90,1,6,1,0,1,6
04_00_90dis02.csv,91,0,90,1,9,1,0,1,9
04_00_90dis02.csv,92,0,90,1,9,1,0,1,9
04_00_90dis02.csv,93,0,90,1,9,1,0,1,9
04_00_90dis02.csv,94,0,90,0,,0,0,2,
04_00_90dis02.csv,95,0,90,1,6,1,0,1,6
04_00_90dis02.csv,96,0,90,1,1,1,0,1,1
04_00_90dis02.csv,97,0,90,1,2,1,0,1,2
04_00_90dis02.csv,98,0,90,1,6,1,0,1,6
04_00_90dis02.csv,99,0,90,1,5,1,0,1,5
04_00_90dis02.csv,100,0,90,1,4,1,0,1,4
04_00_90dis03.csv,1,0,90,1,90,1,0,1,0
04_00_90dis03.csv,2,0,90,1,91,1,0,1,1
04_00_90dis03.csv,3,0,90,1,91,1,0,1,1
04_00_90dis03.csv,4,0,90,1,91,1,0,1,1
04_00_90dis03.csv,5,0,90,1,91,1,0,1,1
04_00_90dis03.csv,6,0,90,1,91,1,0,1,1
04_00_90dis03.csv,7,0,90,1,87,1,0,1,3
04_00_90dis03.csv,8,0,90,1,90,1,0,1,0
04_00_90dis03.csv,9,0,90,1,89,1,0,1,1
04_00_90dis03.csv,10,0,90,1,88,1,0,1,2
04_00_90dis03.csv,11,0,90,1,88,1,0,1,2
04_00_90dis03.csv,12,0,90,1,88,1,0,1,2
04_00_90dis03.csv,13,0,90,1,88,1,0,1,2
04_00_90dis03.csv,14,0,90,1,95,1,0,1,5
04_00_90dis03.csv,15,0,90,1,95,1,0,1,5
04_00_90dis03.csv,16,0,90,1,95,1,0,1,5
04_00_90dis03.csv,17,0,90,1,95,1,0,1,5
04_00_90dis03.csv,18,0,90,2,95;11,2,0,0,11;5
04_00_90dis03.csv,19,0,90,2,95;22,1,1,1,5
04_00_90dis03.csv,20,0,90,2,95;22,1,1,1,5
04_00_90dis03.csv,21,0,90,2,95;22,1,1,1,5
04_00_90dis03.csv,22,0,90,2,95;22,1,1,1,5
04_00_90dis03.csv,23,0,90,1,87,1,0,1,3
04_00_90dis03.csv,24,0,90,1,86,1,0,1,4
04_00_90dis03.csv,25,0,90,2,86;10,2,0,0,10;4
04_00_90dis03.csv,26,0,90,2,86;13,2,0,0,13;4
04_00_90dis03.csv,27,0,90,2,87;13,2,0,0,13;3
04_00_90dis03.csv,28,0,90,1,87,1,0,1,3
04_00_90dis03.csv,29,0,90,1,85,1,0,1,5
04_00_90dis03.csv,30,0,90,1,85,1,0,1,5
04_00_90dis03.csv,31,0,90,1,85,1,0,1,5
04_00_90dis03.csv,32,0,90,1,85,1,0,1,5
04_00_90dis03.csv,33,0,90,1,85,1,0,1,5
04_00_90dis03.csv,34,0,90,2,18;91,1,1,1,1
04_00_90dis03.csv,35,0,90,1,18,0,1,2,
04_00_90dis03.csv,36,0,90,1,18,0,1,2,
04_00_90dis03.csv,37,0,90,1,35,0,1,2,
04_00_90dis03.csv,38,0,90,1,357,1,0,1,3
04_00_90dis03.csv,39,0,90,1,357,1,0,1,3
04_00_90dis03.csv,40,0,90,1,355,1,0,1,5
04_00_90dis03.csv,41,0,90,1,355,1,0,1,5
04_00_90dis03.csv,42,0,90,1,19,0,1,2,
04_00_90dis03.csv,43,0,90,1,19,0,1,2,
04_00_90dis03.csv,44,0,90,1,19,0,1,2,
04_00_90dis03.csv,45,0,90,1,82,1,0,1,8
04_00_90dis03.csv,46,0,90,1,90,1,0,1,0
04_00_90dis03.csv,47,0,90,1,86,1,0,1,4
04_00_90dis03.csv,48,0,90,1,86,1,0,1,4
04_00_90dis03.csv,49,0,90,1,86,1,0,1,4
04_00_90dis03.csv,50,0,90,1,84,1,0,1,6
04_00_90dis03.csv,51,0,90,1,84,1,0,1,6
04_00_90dis03.csv,52,0,90,2,13;84,2,0,0,13;6
04_00_90dis03.csv,53,0,90,2,13;84,2,0,0,13;6
04_00_90dis03.csv,54,0,90,1,5,1,0,1,5
04_00_90dis03.csv,55,0,90,2,92;5,2,0,0,5;2
04_00_90dis03.csv,56,0,90,1,87,1,0,1,3
04_00_90dis03.csv,57,0,90,1,87,1,0,1,3
04_00_90dis03.csv,58,0,90,1,87,1,0,1,3
04_00_90dis03.csv,59,0,90,1,87,1,0,1,3
04_00_90dis03.csv,60,0,90,1,87,1,0,1,3
04_00_90dis03.csv,61,0,90,1,87,1,0,1,3
04_00_90dis03.csv,62,0,90,1,87,1,0,1,3
04_00_90dis03.csv,63,0,90,1,87,1,0,1,3
04_00_90dis03.csv,64,0,90,1,87,1,0,1,3
04_00_90dis03.csv,65,0,90,1,87,1,0,1,3
04_00_90dis03.csv,66,0,90,1,87,1,0,1,3
04_00_90dis03.csv,67,0,90,1,94,1,0,1,4
04_00_90dis03.csv,68,0,90,2,11;90,2,0,0,11;0
04_00_90dis03.csv,69,0,90,2,11;90,2,0,0,11;0
04_00_90dis03.csv,70,0,90,2,11;93,2,0,0,11;3
04_00_90dis03.csv,71,0,90,2,92;11,2,0,0,11;2
04_00_90dis03.csv,72,0,90,2,90;11,2,0,0,11;0
04_00_90dis03.csv,73,0,90,1,88,1,0,1,2
04_00_90dis03.csv,74,0,90,1,89,1,0,1,1
04_00_90dis03.csv,75,0,90,1,89,1,0,1,1
04_00_90dis03.csv,76,0,90,1,90,1,0,1,0
04_00_90dis03.csv,77,0,90,2,90;12,2,0,0,12;0
04_00_90dis03.csv,78,0,90,2,90;356,2,0,0,4;0
04_00_90dis03.csv,79,0,90,2,90;355,2,0,0,5;0
04_00_90dis03.csv,80,0,90,2,90;12,2,0,0,12;0
04_00_90dis03.csv,81,0,90,2,90;12,2,0,0,12;0
04_00_90dis03.csv,82,0,90,2,90;23,1,1,1,0
04_00_90dis03.csv,83,0,90,2,10;90,2,0,0,10;0
04_00_90dis03.csv,84,0,90,2,10;90,2,0,0,10;0
04_00_90dis03.csv,85,0,90,2,10;90,2,0,0,10;0
04_00_90dis03.csv,86,0,90,1,10,1,0,1,10
04_00_90dis03.csv,87,0,90,1,10,1,0,1,10
04_00_90dis03.csv,88,0,90,1,10,1,0,1,10
04_00_90dis03.csv,89,0,90,1,10,1,0,1,10
04_00_90dis03.csv,90,0,90,1,10,1,0,1,10
04_00_90dis03.csv,91,0,90,1,356,1,0,1,4
04_00_90dis03.csv,92,0,90,1,8,1,0,1,8
04_00_90dis03.csv,93,0,90,1,15,1,0,1,15
04_00_90dis03.csv,94,0,90,1,15,1,0,1,15
04_00_90dis03.csv,95,0,90,1,15,1,0,1,15
04_00_90dis03.csv,96,0,90,1,15,1,0,1,15
04_00_90dis03.csv,97,0,90,1,15,1,0,1,15
04_00_90dis03.csv,98,0,90,1,15,1,0,1,15
04_00_90dis03.csv,99,0,90,1,15,1,0,1,15
04_00_90dis03.csv,100,0,90,1,14,1,0,1,14
04_180_330dis02.csv,1,180,330,1,171,1,0,1,9
04_180_330dis02.csv,2,180,330,1,171,1,0,1,9
04_180_330dis02.csv,3,180,330,1,171,1,0,1,9
04_180_330dis02.csv,4,180,330,1,175,1,0,1,5
04_180_330dis02.csv,5,180,330,1,175,1,0,1,5
04_180_330dis02.csv,6,180,330,1,175,1,0,1,5
04_180_330dis02.csv,7,180,330,1,176,1,0,1,4
04_180_330dis02.csv,8,180,330,1,175,1,0,1,5
04_180_330dis02.csv,9,180,330,1,177,1,0,1,3
04_180_330dis02.csv,10,180,330,1,174,1,0,1,6
04_180_330dis02.csv,11,180,330,1,174,1,0,1,6
04_180_330dis02.csv,12,180,330,1,174,1,0,1,6
04_180_330dis02.csv,13,180,330,1,174,1,0,1,6
04_180_330dis02.csv,14,180,330,1,167,1,0,1,13
04_180_330dis02.csv,15,180,330,1,187,1,0,1,7
04_180_330dis02.csv,16,180,330,1,187,1,0,1,7
04_180_330dis02.csv,17,180,330,1,187,1,0,1,7
04_180_330dis02.csv,18,180,330,1,166,1,0,1,14
04_180_330dis02.csv,19,180,330,1,185,1,0,1,5
04_180_330dis02.csv,20,180,330,1,168,1,0,1,12
04_180_330dis02.csv,21,180,330,1,186,1,0,1,6
04_180_330dis02.csv,22,180,330,1,181,1,0,1,1
04_180_330dis02.csv,23,180,330,1,167,1,0,1,13
04_180_330dis02.csv,24,180,330,1,168,1,0,1,12
04_180_330dis02.csv,25,180,330,2,169;345,2,0,0,11;15
04_180_330dis02.csv,26,180,330,2,168;345,2,0,0,12;15
04_180_330dis02.csv,27,180,330,2,168;353,1,1,1,12
04_180_330dis02.csv,28,180,330,2,168;353,1,1,1,12
04_180_330dis02.csv,29,180,330,2,168;353,1,1,1,12
04_180_330dis02.csv,30,180,330,2,167;330,2,0,0,13;0
04_180_330dis02.csv,31,180,330,2,167;334,2,0,0,13;4
04_180_330dis02.csv,32,180,330,2,170;326,2,0,0,10;4
04_180_330dis02.csv,33,180,330,2,170;343,2,0,0,10;13
04_180_330dis02.csv,34,180,330,2,169;341,2,0,0,11;11
04_180_330dis02.csv,35,180,330,2,169;344,2,0,0,11;14
04_180_330dis02.csv,36,180,330,2,169;344,2,0,0,11;14
04_180_330dis02.csv,37,180,330,2,169;326,2,0,0,11;4
04_180_330dis02.csv,38,180,330,2,169;326,2,0,0,11;4
04_180_330dis02.csv,39,180,330,2,340;169,2,0,0,11;10
04_180_330dis02.csv,40,180,330,2,346;169,1,1,1,11
04_180_330dis02.csv,41,180,330,2,346;179,1,1,1,1
04_180_330dis02.csv,42,180,330,2,176;345,2,0,0,4;15
04_180_330dis02.csv,43,180,330,2,169;345,2,0,0,11;15
04_180_330dis02.csv,44,180,330,2,169;345,2,0,0,11;15
04_180_330dis02.csv,45,180,330,2,169;343,2,0,0,11;13
04_180_330dis02.csv,46,180,330,2,340;169,2,0,0,11;10
04_180_330dis02.csv,47,180,330,2,340;169,2,0,0,11;10
04_180_330dis02.csv,48,180,330,2,340;169,2,0,0,11;10
04_180_330dis02.csv,49,180,330,1,172,1,0,1,8
04_180_330dis02.csv,50,180,330,1,171,1,0,1,9
04_180_330dis02.csv,51,180,330,1,171,1,0,1,9
04_180_330dis02.csv,52,180,330,2,171;339,2,0,0,9;9
04_180_330dis02.csv,53,180,330,2,171;338,2,0,0,9;8
04_180_330dis02.csv,54,180,330,2,341;171,2,0,0,9;11
04_180_330dis02.csv,55,180,330,2,174;341,2,0,0,6;11
04_180_330dis02.csv,56,180,330,2,171;341,2,0,0,9;11
04_180_330dis02.csv,57,180,330,2,171;341,2,0,0,9;11
04_180_330dis02.csv,58,180,330,2,171;341,2,0,0,9;11
04_180_330dis02.csv,59,180,330,2,341;171,2,0,0,9;11
04_180_330dis02.csv,60,180,330,2,181;341,2,0,0,1;11
04_180_330dis02.csv,61,180,330,2,177;335,2,0,0,3;5
04_180_330dis02.csv,62,180,330,2,178;336,2,0,0,2;6
04_180_330dis02.csv,63,180,330,2,178;348,1,1,1,2
04_180_330dis02.csv,64,180,330,2,348;178,1,1,1,2
04_180_330dis02.csv,65,180,330,2,347;178,1,1,1,2
04_180_330dis02.csv,66,180,330,2,339;178,2,0,0,2;9
04_180_330dis02.csv,67,180,330,2,339;180,2,0,0,0;9
04_180_330dis02.csv,68,180,330,2,180;339,2,0,0,0;9
04_180_330dis02.csv,69,180,330,2,178;339,2,0,0,2;9
04_180_330dis02.csv,70,180,330,2,178;347,1,1,1,2
04_180_330dis02.csv,71,180,330,2,178;338,2,0,0,2;8
04_180_330dis02.csv,72,180,330,2,178;347,1,1,1,2
04_180_330dis02.csv,73,180,330,2,178;347,1,1,1,2
04_180_330dis02.csv,74,180,330,1,169,1,0,1,11
04_180_330dis02.csv,75,180,330,1,177,1,0,1,3
04_180_330dis02.csv,76,180,330,1,177,1,0,1,3
04_180_330dis02.csv,77,180,330,1,178,1,0,1,2
04_180_330dis02.csv,78,180,330,1,177,1,0,1,3
04_180_330dis02.csv,79,180,330,1,177,1,0,1,3
04_180_330dis02.csv,80,180,330,1,177,1,0,1,3
04_180_330dis02.csv,81,180,330,1,177,1,0,1,3
04_180_330dis02.csv,82,180,330,0,,0,0,2,
04_180_330dis02.csv,83,180,330,1,171,1,0,1,9
04_180_330dis02.csv,84,180,330,1,169,1,0,1,11
04_180_330dis02.csv,85,180,330,1,171,1,0,1,9
04_180_330dis02.csv,86,180,330,1,172,1,0,1,8
04_180_330dis02.csv,87,180,330,1,172,1,0,1,8
04_180_330dis02.csv,88,180,330,0,,0,0,2,
04_180_330dis02.csv,89,180,330,1,172,1,0,1,8
04_180_330dis02.csv,90,180,330,2,339;172,2,0,0,8;9
04_180_330dis02.csv,91,180,330,2,342;172,2,0,0,8;12
04_180_330dis02.csv,92,180,330,2,173;342,2,0,0,7;12
04_180_330dis02.csv,93,180,330,2,173;342,2,0,0,7;12
04_180_330dis02.csv,94,180,330,2,175;342,2,0,0,5;12
04_180_330dis02.csv,95,180,330,2,175;342,2,0,0,5;12
04_180_330dis02.csv,96,180,330,1,166,1,0,1,14
04_180_330dis02.csv,97,180,330,1,167,1,0,1,13
04_180_330dis02.csv,98,180,330,1,167,1,0,1,13
04_180_330dis02.csv,99,180,330,2,337;167,2,0,0,13;7
04_180_330dis02.csv,100,180,330,2,338;167,2,0,0,13;8
04_30_150dis02.csv,1,30,150,1,25,1,0,1,5
04_30_150dis02.csv,2,30,150,1,25,1,0,1,5
04_30_150dis02.csv,3,30,150,1,25,1,0,1,5
04_30_150dis02.csv,4,30,150,1,24,1,0,1,6
04_30_150dis02.csv,5,30,150,1,25,1,0,1,5
04_30_150dis02.csv,6,30,150,1,25,1,0,1,5
04_30_150dis02.csv,7,30,150,1,24,1,0,1,6
04_30_150dis02.csv,8,30,150,2,139;26,2,0,0,4;11
04_30_150dis02.csv,9,30,150,1,133,0,1,2,
04_30_150dis02.csv,10,30,150,1,137,1,0,1,13
04_30_150dis02.csv,11,30,150,1,137,1,0,1,13
04_30_150dis02.csv,12,30,150,1,137,1,0,1,13
04_30_150dis02.csv,13,30,150,1,137,1,0,1,13
04_30_150dis02.csv,14,30,150,1,137,1,0,1,13
04_30_150dis02.csv,15,30,150,2,137;25,2,0,0,5;13
04_30_150dis02.csv,16,30,150,2,137;28,2,0,0,2;13
04_30_150dis02.csv,17,30,150,2,31;137,2,0,0,1;13
04_30_150dis02.csv,18,30,150,2,134;31,1,1,1,1
04_30_150dis02.csv,19,30,150,2,134;18,1,1,1,12
04_30_150dis02.csv,20,30,150,2,20;134,1,1,1,10
04_30_150dis02.csv,21,30,150,2,31;134,1,1,1,1
04_30_150dis02.csv,22,30,150,1,31,1,0,1,1
04_30_150dis02.csv,23,30,150,1,31,1,0,1,1
04_30_150dis02.csv,24,30,150,1,31,1,0,1,1
04_30_150dis02.csv,25,30,150,1,19,1,0,1,11
04_30_150dis02.csv,26,30,150,2,18;134,1,1,1,12
04_30_150dis02.csv,27,30,150,2,18;130,1,1,1,12
04_30_150dis02.csv,28,30,150,2,18;130,1,1,1,12
04_30_150dis02.csv,29,30,150,2,20;130,1,1,1,10
04_30_150dis02.csv,30,30,150,1,20,1,0,1,10
04_30_150dis02.csv,31,30,150,1,18,1,0,1,12
04_30_150dis02.csv,32,30,150,1,19,1,0,1,11
04_30_150dis02.csv,33,30,150,2,137;19,2,0,0,11;13
04_30_150dis02.csv,34,30,150,2,136;19,2,0,0,11;14
04_30_150dis02.csv,35,30,150,2,136;19,2,0,0,11;14
04_30_150dis02.csv,36,30,150,2,136;30,2,0,0,0;14
04_30_150dis02.csv,37,30,150,2,29;136,2,0,0,1;14
04_30_150dis02.csv,38,30,150,2,29;136,2,0,0,1;14
04_30_150dis02.csv,39,30,150,2,141;29,2,0,0,1;9
04_30_150dis02.csv,40,30,150,2,141;29,2,0,0,1;9
04_30_150dis02.csv,41,30,150,1,141,1,0,1,9
04_30_150dis02.csv,42,30,150,1,141,1,0,1,9
04_30_150dis02.csv,43,30,150,1,141,1,0,1,9
04_30_150dis02.csv,44,30,150,1,141,1,0,1,9
04_30_150dis02.csv,45,30,150,1,141,1,0,1,9
04_30_150dis02.csv,46,30,150,1,140,1,0,1,10
04_30_150dis02.csv,47,30,150,1,138,1,0,1,12
04_30_150dis02.csv,48,30,150,1,138,1,0,1,12
04_30_150dis02.csv,49,30,150,1,138,1,0,1,12
04_30_150dis02.csv,50,30,150,1,138,1,0,1,12
04_30_150dis02.csv,51,30,150,1,138,1,0,1,12
04_30_150dis02.csv,52,30,150,2,138;22,2,0,0,8;12
04_30_150dis02.csv,53,30,150,2,20;138,2,0,0,10;12
04_30_150dis02.csv,54,30,150,2,22;138,2,0,0,8;12
04_30_150dis02.csv,55,30,150,1,23,1,0,1,7
04_30_150dis02.csv,56,30,150,1,22,1,0,1,8
04_30_150dis02.csv,57,30,150,1,22,1,0,1,8
04_30_150dis02.csv,58,30,150,2,22;138,2,0,0,8;12
04_30_150dis02.csv,59,30,150,2,24;149,2,0,0,6;1
04_30_150dis02.csv,60,30,150,2,24;138,2,0,0,6;12
04_30_150dis02.csv,61,30,150,2,24;143,2,0,0,6;7
04_30_150dis02.csv,62,30,150,2,24;143,2,0,0,6;7
04_30_150dis02.csv,63,30,150,2,24;143,2,0,0,6;7
04_30_150dis02.csv,64,30,150,2,24;141,2,0,0,6;9
04_30_150dis02.csv,65,30,150,2,23;134,1,1,1,7
04_30_150dis02.csv,66,30,150,2,22;134,1,1,1,8
04_30_150dis02.csv,67,30,150,2,22;134,1,1,1,8
04_30_150dis02.csv,68,30,150,2,22;134,1,1,1,8
04_30_150dis02.csv,69,30,150,1,138,1,0,1,12
04_30_150dis02.csv,70,30,150,1,139,1,0,1,11
04_30_150dis02.csv,71,30,150,1,136,1,0,1,14
04_30_150dis02.csv,72,30,150,1,136,1,0,1,14
04_30_150dis02.csv,73,30,150,0,,0,0,2,
04_30_150dis02.csv,74,30,150,0,,0,0,2,
04_30_150dis02.csv,75,30,150,1,136,1,0,1,14
04_30_150dis02.csv,76,30,150,1,139,1,0,1,11
04_30_150dis02.csv,77,30,150,1,135,1,0,1,15
04_30_150dis02.csv,78,30,150,1,139,1,0,1,11
04_30_150dis02.csv,79,30,150,1,140,1,0,1,10
04_30_150dis02.csv,80,30,150,1,140,1,0,1,10
04_30_150dis02.csv,81,30,150,1,140,1,0,1,10
04_30_150dis02.csv,82,30,150,1,142,1,0,1,8
04_30_150dis02.csv,83,30,150,1,142,1,0,1,8
04_30_150dis02.csv,84,30,150,1,142,1,0,1,8
04_30_150dis02.csv,85,30,150,2,142;13,1,1,1,8
04_30_150dis02.csv,86,30,150,2,26;142,2,0,0,4;8
04_30_150dis02.csv,87,30,150,2,27;135,2,0,0,3;15
04_30_150dis02.csv,88,30,150,2,27;135,2,0,0,3;15
04_30_150dis02.csv,89,30,150,2,27;135,2,0,0,3;15
04_30_150dis02.csv,90,30,150,2,27;135,2,0,0,3;15
04_30_150dis02.csv,91,30,150,2,27;136,2,0,0,3;14
04_30_150dis02.csv,92,30,150,2,27;136,2,0,0,3;14
04_30_150dis02.csv,93,30,150,2,27;136,2,0,0,3;14
04_30_150dis02.csv,94,30,150,2,27;136,2,0,0,3;14
04_30_150dis02.csv,95,30,150,2,136;27,2,0,0,3;14
04_30_150dis02.csv,96,30,150,1,22,1,0,1,8
04_30_150dis02.csv,97,30,150,2,23;135,2,0,0,7;15
04_30_150dis02.csv,98,30,150,2,21;135,2,0,0,9;15
04_30_150dis02.csv,99,30,150,2,21;135,2,0,0,9;15
04_30_150dis02.csv,100,30,150,2,21;136,2,0,0,9;14
04_30_150dis04.csv,1,30,150,1,139,1,0,1,11
04_30_150dis04.csv,2,30,150,1,139,1,0,1,11
04_30_150dis04.csv,3,30,150,2,42;139,2,0,0,12;11
04_30_150dis04.csv,4,30,150,1,42,1,0,1,12
04_30_150dis04.csv,5,30,150,1,42,1,0,1,12
04_30_150dis04.csv,6,30,150,2,42;129,1,1,1,12
04_30_150dis04.csv,7,30,150,2,130;178,0,2,2,
04_30_150dis04.csv,8,30,150,2,128;178,0,2,2,
04_30_150dis04.csv,9,30,150,1,130,0,1,2,
04_30_150dis04.csv,10,30,150,2,173;41,1,1,1,11
04_30_150dis04.csv,11,30,150,3,173;131;42,1,2,1,12
04_30_150dis04.csv,12,30,150,2,170;42,1,1,1,12
04_30_150dis04.csv,13,30,150,2,126;50,0,2,2,
04_30_150dis04.csv,14,30,150,2,124;41,1,1,1,11
04_30_150dis04.csv,15,30,150,2,124;42,1,1,1,12
04_30_150dis04.csv,16,30,150,1,128,0,1,2,
04_30_150dis04.csv,17,30,150,1,147,1,0,1,3
04_30_150dis04.csv,18,30,150,1,150,1,0,1,0
04_30_150dis04.csv,19,30,150,1,150,1,0,1,0
04_30_150dis04.csv,20,30,150,1,150,1,0,1,0
04_30_150dis04.csv,21,30,150,2,73;150,1,1,1,0
04_30_150dis04.csv,22,30,150,2,73;150,1,1,1,0
04_30_150dis04.csv,23,30,150,2,73;150,1,1,1,0
04_30_150dis04.csv,24,30,150,1,73,0,1,2,
04_30_150dis04.csv,25,30,150,1,73,0,1,2,
04_30_150dis04.csv,26,30,150,2,139;40,2,0,0,10;11
04_30_150dis04.csv,27,30,150,2,161;45,2,0,0,15;11
04_30_150dis04.csv,28,30,150,2,161;45,2,0,0,15;11
04_30_150dis04.csv,29,30,150,1,52,0,1,2,
04_30_150dis04.csv,30,30,150,1,34,1,0,1,4
04_30_150dis04.csv,31,30,150,1,52,0,1,2,
04_30_150dis04.csv,32,30,150,1,52,0,1,2,
04_30_150dis04.csv,33,30,150,2,33;143,2,0,0,3;7
04_30_150dis04.csv,34,30,150,2,133;47,0,2,2,
04_30_150dis04.csv,35,30,150,2,133;46,0,2,2,
04_30_150dis04.csv,36,30,150,2,133;46,0,2,2,
04_30_150dis04.csv,37,30,150,2,133;46,0,2,2,
04_30_150dis04.csv,38,30,150,2,133;46,0,2,2,
04_30_150dis04.csv,39,30,150,2,133;46,0,2,2,
04_30_150dis04.csv,40,30,150,2,133;46,0,2,2,
04_30_150dis04.csv,41,30,150,1,134,0,1,2,
04_30_150dis04.csv,42,30,150,1,164,1,0,1,14
04_30_150dis04.csv,43,30,150,1,161,1,0,1,11
04_30_150dis04.csv,44,30,150,1,161,1,0,1,11
04_30_150dis04.csv,45,30,150,2,34;161,2,0,0,4;11
04_30_150dis04.csv,46,30,150,1,52,0,1,2,
04_30_150dis04.csv,47,30,150,1,51,0,1,2,
04_30_150dis04.csv,48,30,150,1,51,0,1,2,
04_30_150dis04.csv,49,30,150,2,52;155,1,1,1,5
04_30_150dis04.csv,50,30,150,2,51;170,0,2,2,
04_30_150dis04.csv,51,30,150,2,47;168,0,2,2,
04_30_150dis04.csv,52,30,150,2,46;168,0,2,2,
04_30_150dis04.csv,53,30,150,2,45;143,2,0,0,15;7
04_30_150dis04.csv,54,30,150,2,45;143,2,0,0,15;7
04_30_150dis04.csv,55,30,150,1,45,1,0,1,15
04_30_150dis04.csv,56,30,150,2,45;132,1,1,1,15
04_30_150dis04.csv,57,30,150,1,130,0,1,2,
04_30_150dis04.csv,58,30,150,1,132,0,1,2,
04_30_150dis04.csv,59,30,150,1,143,1,0,1,7
04_30_150dis04.csv,60,30,150,1,143,1,0,1,7
04_30_150dis04.csv,61,30,150,1,143,1,0,1,7
04_30_150dis04.csv,62,30,150,1,143,1,0,1,7
04_30_150dis04.csv,63,30,150,1,143,1,0,1,7
04_30_150dis04.csv,64,30,150,2,143;37,2,0,0,7;7
04_30_150dis04.csv,65,30,150,2,48;143,1,1,1,7
04_30_150dis04.csv,66,30,150,1,158,1,0,1,8
04_30_150dis04.csv,67,30,150,1,158,1,0,1,8
04_30_150dis04.csv,68,30,150,1,158,1,0,1,8
04_30_150dis04.csv,69,30,150,1,158,1,0,1,8
04_30_150dis04.csv,70,30,150,0,,0,0,2,
04_30_150dis04.csv,71,30,150,1,158,1,0,1,8
04_30_150dis04.csv,72,30,150,1,158,1,0,1,8
04_30_150dis04.csv,73,30,150,1,154,1,0,1,4
04_30_150dis04.csv,74,30,150,1,153,1,0,1,3
04_30_150dis04.csv,75,30,150,1,152,1,0,1,2
04_30_150dis04.csv,76,30,150,1,147,1,0,1,3
04_30_150dis04.csv,77,30,150,1,162,1,0,1,12
04_30_150dis04.csv,78,30,150,1,164,1,0,1,14
04_30_150dis04.csv,79,30,150,1,164,1,0,1,14
04_30_150dis04.csv,80,30,150,1,164,1,0,1,14
04_30_150dis04.csv,81,30,150,1,164,1,0,1,14
04_30_150dis04.csv,82,30,150,2,32;164,2,0,0,2;14
04_30_150dis04.csv,83,30,150,1,34,1,0,1,4
04_30_150dis04.csv,84,30,150,1,34,1,0,1,4
04_30_150dis04.csv,85,30,150,1,34,1,0,1,4
04_30_150dis04.csv,86,30,150,1,34,1,0,1,4
04_30_150dis04.csv,87,30,150,2,34;142,2,0,0,4;8
04_30_150dis04.csv,88,30,150,2,143;34,2,0,0,4;7
04_30_150dis04.csv,89,30,150,1,131,0,1,2,
04_30_150dis04.csv,90,30,150,1,133,0,1,2,
04_30_150dis04.csv,91,30,150,1,133,0,1,2,
04_30_150dis04.csv,92,30,150,1,129,0,1,2,
04_30_150dis04.csv,93,30,150,1,129,0,1,2,
04_30_150dis04.csv,94,30,150,1,129,0,1,2,
04_30_150dis04.csv,95,30,150,0,,0,0,2,
04_30_150dis04.csv,96,30,150,0,,0,0,2,
04_30_150dis04.csv,97,30,150,0,,0,0,2,
04_30_150dis04.csv,98,30,150,1,129,0,1,2,
04_30_150dis04.csv,99,30,150,1,46,0,1,2,
04_30_150dis04.csv,100,30,150,1,47,0,1,2,
04_30_180dis02.csv,1,30,180,2,176;22,2,0,0,8;4
04_30_180dis02.csv,2,30,180,1,176,1,0,1,4
04_30_180dis02.csv,3,30,180,2,175;25,2,0,0,5;5
04_30_180dis02.csv,4,30,180,2,175;24,2,0,0,6;5
04_30_180dis02.csv,5,30,180,2,176;25,2,0,0,5;4
04_30_180dis02.csv,6,30,180,2,176;25,2,0,0,5;4
04_30_180dis02.csv,7,30,180,2,176;25,2,0,0,5;4
04_30_180dis02.csv,8,30,180,1,180,1,0,1,0
04_30_180dis02.csv,9,30,180,1,180,1,0,1,0
04_30_180dis02.csv,10,30,180,1,180,1,0,1,0
04_30_180dis02.csv,11,30,180,1,180,1,0,1,0
04_30_180dis02.csv,12,30,180,1,180,1,0,1,0
04_30_180dis02.csv,13,30,180,2,180;27,2,0,0,3;0
04_30_180dis02.csv,14,30,180,1,27,1,0,1,3
04_30_180dis02.csv,15,30,180,1,27,1,0,1,3
04_30_180dis02.csv,16,30,180,2,30;184,2,0,0,0;4
04_30_180dis02.csv,17,30,180,2,30;181,2,0,0,0;1
04_30_180dis02.csv,18,30,180,2,30;184,2,0,0,0;4
04_30_180dis02.csv,19,30,180,2,30;184,2,0,0,0;4
04_30_180dis02.csv,20,30,180,2,183;27,2,0,0,3;3
04_30_180dis02.csv,21,30,180,2,184;27,2,0,0,3;4
04_30_180dis02.csv,22,30,180,2,27;184,2,0,0,3;4
04_30_180dis02.csv,23,30,180,2,27;184,2,0,0,3;4
04_30_180dis02.csv,24,30,180,2,27;184,2,0,0,3;4
04_30_180dis02.csv,25,30,180,2,27;184,2,0,0,3;4
04_30_180dis02.csv,26,30,180,2,27;176,2,0,0,3;4
04_30_180dis02.csv,27,30,180,2,27;180,2,0,0,3;0
04_30_180dis02.csv,28,30,180,2,26;180,2,0,0,4;0
04_30_180dis02.csv,29,30,180,2,35;183,2,0,0,5;3
04_30_180dis02.csv,30,30,180,1,26,1,0,1,4
04_30_180dis02.csv,31,30,180,1,27,1,0,1,3
04_30_180dis02.csv,32,30,180,1,26,1,0,1,4
04_30_180dis02.csv,33,30,180,1,27,1,0,1,3
04_30_180dis02.csv,34,30,180,2,27;179,2,0,0,3;1
04_30_180dis02.csv,35,30,180,2,184;27,2,0,0,3;4
04_30_180dis02.csv,36,30,180,2,184;27,2,0,0,3;4
04_30_180dis02.csv,37,30,180,2,184;27,2,0,0,3;4
04_30_180dis02.csv,38,30,180,2,184;27,2,0,0,3;4
04_30_180dis02.csv,39,30,180,0,,0,0,2,
04_30_180dis02.csv,40,30,180,2,184;27,2,0,0,3;4
04_30_180dis02.csv,41,30,180,1,182,1,0,1,2
04_30_180dis02.csv,42,30,180,1,181,1,0,1,1
04_30_180dis02.csv,43,30,180,1,185,1,0,1,5
04_30_180dis02.csv,44,30,180,1,185,1,0,1,5
04_30_180dis02.csv,45,30,180,1,185,1,0,1,5
04_30_180dis02.csv,46,30,180,1,185,1,0,1,5
04_30_180dis02.csv,47,30,180,1,185,1,0,1,5
04_30_180dis02.csv,48,30,180,1,185,1,0,1,5
04_30_180dis02.csv,49,30,180,1,174,1,0,1,6
04_30_180dis02.csv,50,30,180,1,174,1,0,1,6
04_30_180dis02.csv,51,30,180,1,185,1,0,1,5
04_30_180dis02.csv,52,30,180,1,186,1,0,1,6
04_30_180dis02.csv,53,30,180,1,186,1,0,1,6
04_30_180dis02.csv,54,30,180,1,186,1,0,1,6
04_30_180dis02.csv,55,30,180,1,186,1,0,1,6
04_30_180dis02.csv,56,30,180,1,186,1,0,1,6
04_30_180dis02.csv,57,30,180,1,185,1,0,1,5
04_30_180dis02.csv,58,30,180,2,26;185,2,0,0,4;5
04_30_180dis02.csv,59,30,180,1,24,1,0,1,6
04_30_180dis02.csv,60,30,180,1,22,1,0,1,8
04_30_180dis02.csv,61,30,180,1,21,1,0,1,9
04_30_180dis02.csv,62,30,180,1,22,1,0,1,8
04_30_180dis02.csv,63,30,180,1,24,1,0,1,6
04_30_180dis02.csv,64,30,180,1,22,1,0,1,8
04_30_180dis02.csv,65,30,180,1,24,1,0,1,6
04_30_180dis02.csv,66,30,180,1,24,1,0,1,6
04_30_180dis02.csv,67,30,180,1,24,1,0,1,6
04_30_180dis02.csv,68,30,180,1,24,1,0,1,6
04_30_180dis02.csv,69,30,180,1,24,1,0,1,6
04_30_180dis02.csv,70,30,180,1,24,1,0,1,6
04_30_180dis02.csv,71,30,180,1,24,1,0,1,6
04_30_180dis02.csv,72,30,180,1,25,1,0,1,5
04_30_180dis02.csv,73,30,180,1,24,1,0,1,6
04_30_180dis02.csv,74,30,180,1,25,1,0,1,5
04_30_180dis02.csv,75,30,180,1,25,1,0,1,5
04_30_180dis02.csv,76,30,180,1,25,1,0,1,5
04_30_180dis02.csv,77,30,180,1,25,1,0,1,5
04_30_180dis02.csv,78,30,180,1,25,1,0,1,5
04_30_180dis02.csv,79,30,180,2,25;178,2,0,0,5;2
04_30_180dis02.csv,80,30,180,2,25;178,2,0,0,5;2
04_30_180dis02.csv,81,30,180,2,25;178,2,0,0,5;2
04_30_180dis02.csv,82,30,180,1,27,1,0,1,3
04_30_180dis02.csv,83,30,180,1,27,1,0,1,3
04_30_180dis02.csv,84,30,180,1,27,1,0,1,3
04_30_180dis02.csv,85,30,180,1,27,1,0,1,3
04_30_180dis02.csv,86,30,180,1,30,1,0,1,0
04_30_180dis02.csv,87,30,180,2,30;183,2,0,0,0;3
04_30_180dis02.csv,88,30,180,2,184;30,2,0,0,0;4
04_30_180dis02.csv,89,30,180,2,184;30,2,0,0,0;4
04_30_180dis02.csv,90,30,180,1,185,1,0,1,5
04_30_180dis02.csv,91,30,180,1,184,1,0,1,4
04_30_180dis02.csv,92,30,180,1,184,1,0,1,4
04_30_180dis02.csv,93,30,180,1,184,1,0,1,4
04_30_180dis02.csv,94,30,180,1,182,1,0,1,2
04_30_180dis02.csv,95,30,180,1,182,1,0,1,2
04_30_180dis02.csv,96,30,180,1,182,1,0,1,2
04_30_180dis02.csv,97,30,180,1,182,1,0,1,2
04_30_180dis02.csv,98,30,180,1,182,1,0,1,2
04_30_180dis02.csv,99,30,180,1,183,1,0,1,3
04_30_180dis02.csv,100,30,180,2,29;183,2,0,0,1;3
04_330_180dis02.csv,1,330,180,1,171,1,0,1,9
04_330_180dis02.csv,2,330,180,2,171;341,2,0,0,11;9
04_330_180dis02.csv,3,330,180,2,171;339,2,0,0,9;9
04_330_180dis02.csv,4,330,180,2,171;339,2,0,0,9;9
04_330_180dis02.csv,5,330,180,2,172;338,2,0,0,8;8
04_330_180dis02.csv,6,330,180,2,166;338,2,0,0,8;14
04_330_180dis02.csv,7,330,180,2,166;337,2,0,0,7;14
04_330_180dis02.csv,8,330,180,2,166;336,2,0,0,6;14
04_330_180dis02.csv,9,330,180,2,177;337,2,0,0,7;3
04_330_180dis02.csv,10,330,180,2,177;337,2,0,0,7;3
04_330_180dis02.csv,11,330,180,2,335;177,2,0,0,5;3
04_330_180dis02.csv,12,330,180,1,335,1,0,1,5
04_330_180dis02.csv,13,330,180,1,328,1,0,1,2
04_330_180dis02.csv,14,330,180,1,336,1,0,1,6
04_330_180dis02.csv,15,330,180,1,337,1,0,1,7
04_330_180dis02.csv,16,330,180,1,339,1,0,1,9
04_330_180dis02.csv,17,330,180,1,337,1,0,1,7
04_330_180dis02.csv,18,330,180,1,337,1,0,1,7
04_330_180dis02.csv,19,330,180,1,171,1,0,1,9
04_330_180dis02.csv,20,330,180,1,170,1,0,1,10
04_330_180dis02.csv,21,330,180,1,170,1,0,1,10
04_330_180dis02.csv,22,330,180,1,170,1,0,1,10
04_330_180dis02.csv,23,330,180,1,170,1,0,1,10
04_330_180dis02.csv,24,330,180,1,170,1,0,1,10
04_330_180dis02.csv,25,330,180,1,170,1,0,1,10
04_330_180dis02.csv,26,330,180,1,170,1,0,1,10
04_330_180dis02.csv,27,330,180,1,170,1,0,1,10
04_330_180dis02.csv,28,330,180,1,170,1,0,1,10
04_330_180dis02.csv,29,330,180,0,,0,0,2,
04_330_180dis02.csv,30,330,180,1,169,1,0,1,11
04_330_180dis02.csv,31,330,180,1,171,1,0,1,9
04_330_180dis02.csv,32,330,180,1,173,1,0,1,7
04_330_180dis02.csv,33,330,180,1,173,1,0,1,7
04_330_180dis02.csv,34,330,180,1,173,1,0,1,7
04_330_180dis02.csv,35,330,180,1,173,1,0,1,7
04_330_180dis02.csv,36,330,180,1,171,1,0,1,9
04_330_180dis02.csv,37,330,180,1,171,1,0,1,9
04_330_180dis02.csv,38,330,180,2,171;330,2,0,0,0;9
04_330_180dis02.csv,39,330,180,2,173;331,2,0,0,1;7
04_330_180dis02.csv,40,330,180,2,331;173,2,0,0,1;7
04_330_180dis02.csv,41,330,180,2,331;173,2,0,0,1;7
04_330_180dis02.csv,42,330,180,2,331;173,2,0,0,1;7
04_330_180dis02.csv,43,330,180,2,172;331,2,0,0,1;8
04_330_180dis02.csv,44,330,180,2,172;331,2,0,0,1;8
04_330_180dis02.csv,45,330,180,2,172;332,2,0,0,2;8
04_330_180dis02.csv,46,330,180,2,172;337,2,0,0,7;8
04_330_180dis02.csv,47,330,180,2,172;337,2,0,0,7;8
04_330_180dis02.csv,48,330,180,2,172;337,2,0,0,7;8
04_330_180dis02.csv,49,330,180,2,172;337,2,0,0,7;8
04_330_180dis02.csv,50,330,180,2,331;172,2,0,0,1;8
04_330_180dis02.csv,51,330,180,2,341;172,2,0,0,11;8
04_330_180dis02.csv,52,330,180,1,328,1,0,1,2
04_330_180dis02.csv,53,330,180,2,341;167,2,0,0,11;13
04_330_180dis02.csv,54,330,180,2,167;341,2,0,0,11;13
04_330_180dis02.csv,55,330,180,2,325;169,2,0,0,5;11
04_330_180dis02.csv,56,330,180,2,341;169,2,0,0,11;11
04_330_180dis02.csv,57,330,180,2,341;167,2,0,0,11;13
04_330_180dis02.csv,58,330,180,2,341;167,2,0,0,11;13
04_330_180dis02.csv,59,330,180,2,177;341,2,0,0,11;3
04_330_180dis02.csv,60,330,180,2,177;341,2,0,0,11;3
04_330_180dis02.csv,61,330,180,1,181,1,0,1,1
04_330_180dis02.csv,62,330,180,1,183,1,0,1,3
04_330_180dis02.csv,63,330,180,1,184,1,0,1,4
04_330_180dis02.csv,64,330,180,1,159,0,1,2,
04_330_180dis02.csv,65,330,180,1,159,0,1,2,
04_330_180dis02.csv,66,330,180,2,160;343,1,1,1,13
04_330_180dis02.csv,67,330,180,2,160;346,0,2,2,
04_330_180dis02.csv,68,330,180,2,351;160,0,2,2,
04_330_180dis02.csv,69,330,180,2,176;351,1,1,1,4
04_330_180dis02.csv,70,330,180,2,176;351,1,1,1,4
04_330_180dis02.csv,71,330,180,1,176,1,0,1,4
04_330_180dis02.csv,72,330,180,1,176,1,0,1,4
04_330_180dis02.csv,73,330,180,1,165,1,0,1,15
04_330_180dis02.csv,74,330,180,1,165,1,0,1,15
04_330_180dis02.csv,75,330,180,1,165,1,0,1,15
04_330_180dis02.csv,76,330,180,1,165,1,0,1,15
04_330_180dis02.csv,77,330,180,1,165,1,0,1,15
04_330_180dis02.csv,78,330,180,1,176,1,0,1,4
04_330_180dis02.csv,79,330,180,1,175,1,0,1,5
04_330_180dis02.csv,80,330,180,1,176,1,0,1,4
04_330_180dis02.csv,81,330,180,1,176,1,0,1,4
04_330_180dis02.csv,82,330,180,2,341;176,2,0,0,11;4
04_330_180dis02.csv,83,330,180,2,341;176,2,0,0,11;4
04_330_180dis02.csv,84,330,180,1,352,0,1,2,
04_330_180dis02.csv,85,330,180,1,344,1,0,1,14
04_330_180dis02.csv,86,330,180,2,344;189,2,0,0,14;9
04_330_180dis02.csv,87,330,180,2,342;180,2,0,0,12;0
04_330_180dis02.csv,88,330,180,2,342;188,2,0,0,12;8
04_330_180dis02.csv,89,330,180,2,345;188,2,0,0,15;8
04_330_180dis02.csv,90,330,180,2,341;171,2,0,0,11;9
04_330_180dis02.csv,91,330,180,2,341;171,2,0,0,11;9
04_330_180dis02.csv,92,330,180,2,341;171,2,0,0,11;9
04_330_180dis02.csv,93,330,180,2,341;171,2,0,0,11;9
04_330_180dis02.csv,94,330,180,1,344,1,0,1,14
04_330_180dis02.csv,95,330,180,1,342,1,0,1,12
04_330_180dis02.csv,96,330,180,1,342,1,0,1,12
04_330_180dis02.csv,97,330,180,2,341;168,2,0,0,11;12
04_330_180dis02.csv,98,330,180,2,341;166,2,0,0,11;14
04_330_180dis02.csv,99,330,180,2,341;166,2,0,0,11;14
04_330_180dis02.csv,100,330,180,2,176;341,2,0,0,11;4
05_00_150dis02.csv,1,0,150,1,148,1,0,1,2
05_00_150dis02.csv,2,0,150,1,148,1,0,1,2
05_00_150dis02.csv,3,0,150,1,148,1,0,1,2
05_00_150dis02.csv,4,0,150,2,148;4,2,0,0,4;2
05_00_150dis02.csv,5,0,150,1,149,1,0,1,1
05_00_150dis02.csv,6,0,150,1,149,1,0,1,1
05_00_150dis02.csv,7,0,150,2,3;134,1,1,1,3
05_00_150dis02.csv,8,0,150,2,138;3,2,0,0,3;12
05_00_150dis02.csv,9,0,150,2,4;138,2,0,0,4;12
05_00_150dis02.csv,10,0,150,2,4;138,2,0,0,4;12
05_00_150dis02.csv,11,0,150,2,4;138,2,0,0,4;12
05_00_150dis02.csv,12,0,150,2,4;138,2,0,0,4;12
05_00_150dis02.csv,13,0,150,2,4;138,2,0,0,4;12
05_00_150dis02.csv,14,0,150,1,4,1,0,1,4
05_00_150dis02.csv,15,0,150,1,5,1,0,1,5
05_00_150dis02.csv,16,0,150,2,136;5,2,0,0,5;14
05_00_150dis02.csv,17,0,150,2,144;5,2,0,0,5;6
05_00_150dis02.csv,18,0,150,1,146,1,0,1,4
05_00_150dis02.csv,19,0,150,1,146,1,0,1,4
05_00_150dis02.csv,20,0,150,1,146,1,0,1,4
05_00_150dis02.csv,21,0,150,1,146,1,0,1,4
05_00_150dis02.csv,22,0,150,1,146,1,0,1,4
05_00_150dis02.csv,23,0,150,1,146,1,0,1,4
05_00_150dis02.csv,24,0,150,1,144,1,0,1,6
05_00_150dis02.csv,25,0,150,1,142,1,0,1,8
05_00_150dis02.csv,26,0,150,1,142,1,0,1,8
05_00_150dis02.csv,27,0,150,1,141,1,0,1,9
05_00_150dis02.csv,28,0,150,1,141,1,0,1,9
05_00_150dis02.csv,29,0,150,1,141,1,0,1,9
05_00_150dis02.csv,30,0,150,1,142,1,0,1,8
05_00_150dis02.csv,31,0,150,1,142,1,0,1,8
05_00_150dis02.csv,32,0,150,1,142,1,0,1,8
05_00_150dis02.csv,33,0,150,2,142;351,2,0,0,9;8
05_00_150dis02.csv,34,0,150,2,142;351,2,0,0,9;8
05_00_150dis02.csv,35,0,150,2,142;353,2,0,0,7;8
05_00_150dis02.csv,36,0,150,2,142;7,2,0,0,7;8
05_00_150dis02.csv,37,0,150,2,143;6,2,0,0,6;7
05_00_150dis02.csv,38,0,150,2,142;7,2,0,0,7;8
05_00_150dis02.csv,39,0,150,2,142;2,2,0,0,2;8
05_00_150dis02.csv,40,0,150,2,1;142,2,0,0,1;8
05_00_150dis02.csv,41,0,150,2,1;142,2,0,0,1;8
05_00_150dis02.csv,42,0,150,2,1;142,2,0,0,1;8
05_00_150dis02.csv,43,0,150,2,1;142,2,0,0,1;8
05_00_150dis02.csv,44,0,150,2,358;142,2,0,0,2;8
05_00_150dis02.csv,45,0,150,1,141,1,0,1,9
05_00_150dis02.csv,46,0,150,1,154,1,0,1,4
05_00_150dis02.csv,47,0,150,1,142,1,0,1,8
05_00_150dis02.csv,48,0,150,1,142,1,0,1,8
05_00_150dis02.csv,49,0,150,1,142,1,0,1,8
05_00_150dis02.csv,50,0,150,2,142;1,2,0,0,1;8
05_00_150dis02.csv,51,0,150,2,142;1,2,0,0,1;8
05_00_150dis02.csv,52,0,150,1,142,1,0,1,8
05_00_150dis02.csv,53,0,150,2,142;1,2,0,0,1;8
05_00_150dis02.csv,54,0,150,2,142;1,2,0,0,1;8
05_00_150dis02.csv,55,0,150,2,343;142,1,1,1,8
05_00_150dis02.csv,56,0,150,2,143;341,1,1,1,7
05_00_150dis02.csv,57,0,150,2,340;143,1,1,1,7
05_00_150dis02.csv,58,0,150,2,340;143,1,1,1,7
05_00_150dis02.csv,59,0,150,2,342;143,1,1,1,7
05_00_150dis02.csv,60,0,150,2,343;151,1,1,1,1
05_00_150dis02.csv,61,0,150,2,344;151,1,1,1,1
05_00_150dis02.csv,62,0,150,2,347;151,2,0,0,13;1
05_00_150dis02.csv,63,0,150,2,344;151,1,1,1,1
05_00_150dis02.csv,64,0,150,2,343;151,1,1,1,1
05_00_150dis02.csv,65,0,150,2,343;126,0,2,2,
05_00_150dis02.csv,66,0,150,2,343;126,0,2,2,
05_00_150dis02.csv,67,0,150,2,343;126,0,2,2,
05_00_150dis02.csv,68,0,150,2,5;126,1,1,1,5
05_00_150dis02.csv,69,0,150,1,3,1,0,1,3
05_00_150dis02.csv,70,0,150,1,5,1,0,1,5
05_00_150dis02.csv,71,0,150,2,5;144,2,0,0,5;6
05_00_150dis02.csv,72,0,150,2,141;4,2,0,0,4;9
05_00_150dis02.csv,73,0,150,2,141;3,2,0,0,3;9
05_00_150dis02.csv,74,0,150,2,141;3,2,0,0,3;9
05_00_150dis02.csv,75,0,150,1,141,1,0,1,9
05_00_150dis02.csv,76,0,150,2,141;354,2,0,0,6;9
05_00_150dis02.csv,77,0,150,2,141;354,2,0,0,6;9
05_00_150dis02.csv,78,0,150,2,141;353,2,0,0,7;9
05_00_150dis02.csv,79,0,150,2,141;353,2,0,0,7;9
05_00_150dis02.csv,80,0,150,2,9;141,2,0,0,9;9
05_00_150dis02.csv,81,0,150,2,9;141,2,0,0,9;9
05_00_150dis02.csv,82,0,150,2,9;141,2,0,0,9;9
05_00_150dis02.csv,83,0,150,2,9;141,2,0,0,9;9
05_00_150dis02.csv,84,0,150,2,142;9,2,0,0,9;8
05_00_150dis02.csv,85,0,150,2,142;9,2,0,0,9;8
05_00_150dis02.csv,86,0,150,2,142;9,2,0,0,9;8
05_00_150dis02.csv,87,0,150,0,,0,0,2,
05_00_150dis02.csv,88,0,150,0,,0,0,2,
05_00_150dis02.csv,89,0,150,2,0;141,2,0,0,0;9
05_00_150dis02.csv,90,0,150,1,357,1,0,1,3
05_00_150dis02.csv,91,0,150,1,357,1,0,1,3
05_00_150dis02.csv,92,0,150,1,356,1,0,1,4
05_00_150dis02.csv,93,0,150,1,342,0,1,2,
05_00_150dis02.csv,94,0,150,1,337,0,1,2,
05_00_150dis02.csv,95,0,150,1,337,0,1,2,
05_00_150dis02.csv,96,0,150,1,347,1,0,1,13
05_00_150dis02.csv,97,0,150,1,347,1,0,1,13
05_00_150dis02.csv,98,0,150,1,348,1,0,1,12
05_00_150dis02.csv,99,0,150,1,8,1,0,1,8
05_00_150dis02.csv,100,0,150,1,8,1,0,1,8
05_00_150dis03.csv,1,0,150,2,147;0,2,0,0,0;3
05_00_150dis03.csv,2,0,150,2,141;0,2,0,0,0;9
05_00_150dis03.csv,3,0,150,1,139,1,0,1,11
05_00_150dis03.csv,4,0,150,1,148,1,0,1,2
05_00_150dis03.csv,5,0,150,1,146,1,0,1,4
05_00_150dis03.csv,6,0,150,1,141,1,0,1,9
05_00_150dis03.csv,7,0,150,1,141,1,0,1,9
05_00_150dis03.csv,8,0,150,1,141,1,0,1,9
05_00_150dis03.csv,9,0,150,1,141,1,0,1,9
05_00_150dis03.csv,10,0,150,1,141,1,0,1,9
05_00_150dis03.csv,11,0,150,1,141,1,0,1,9
05_00_150dis03.csv,12,0,150,1,146,1,0,1,4
05_00_150dis03.csv,13,0,150,1,143,1,0,1,7
05_00_150dis03.csv,14,0,150,1,143,1,0,1,7
05_00_150dis03.csv,15,0,150,1,143,1,0,1,7
05_00_150dis03.csv,16,0,150,1,143,1,0,1,7
05_00_150dis03.csv,17,0,150,1,143,1,0,1,7
05_00_150dis03.csv,18,0,150,1,146,1,0,1,4
05_00_150dis03.csv,19,0,150,1,146,1,0,1,4
05_00_150dis03.csv,20,0,150,1,146,1,0,1,4
05_00_150dis03.csv,21,0,150,1,145,1,0,1,5
05_00_150dis03.csv,22,0,150,1,147,1,0,1,3
05_00_150dis03.csv,23,0,150,1,147,1,0,1,3
05_00_150dis03.csv,24,0,150,1,148,1,0,1,2
05_00_150dis03.csv,25,0,150,1,148,1,0,1,2
05_00_150dis03.csv,26,0,150,1,148,1,0,1,2
05_00_150dis03.csv,27,0,150,1,148,1,0,1,2
05_00_150dis03.csv,28,0,150,0,,0,0,2,
05_00_150dis03.csv,29,0,150,1,148,1,0,1,2
05_00_150dis03.csv,30,0,150,1,148,1,0,1,2
05_00_150dis03.csv,31,0,150,1,148,1,0,1,2
05_00_150dis03.csv,32,0,150,1,146,1,0,1,4
05_00_150dis03.csv,33,0,150,2,8;146,2,0,0,8;4
05_00_150dis03.csv,34,0,150,1,8,1,0,1,8
05_00_150dis03.csv,35,0,150,2,14;156,2,0,0,14;6
05_00_150dis03.csv,36,0,150,2,158;8,2,0,0,8;8
05_00_150dis03.csv,37,0,150,2,135;4,2,0,0,4;15
05_00_150dis03.csv,38,0,150,2,138;7,2,0,0,7;12
05_00_150dis03.csv,39,0,150,2,156;7,2,0,0,7;6
05_00_150dis03.csv,40,0,150,1,155,1,0,1,5
05_00_150dis03.csv,41,0,150,1,155,1,0,1,5
05_00_150dis03.csv,42,0,150,1,144,1,0,1,6
05_00_150dis03.csv,43,0,150,1,153,1,0,1,3
05_00_150dis03.csv,44,0,150,1,155,1,0,1,5
05_00_150dis03.csv,45,0,150,1,155,1,0,1,5
05_00_150dis03.csv,46,0,150,1,155,1,0,1,5
05_00_150dis03.csv,47,0,150,1,144,1,0,1,6
05_00_150dis03.csv,48,0,150,1,144,1,0,1,6
05_00_150dis03.csv,49,0,150,1,144,1,0,1,6
05_00_150dis03.csv,50,0,150,1,144,1,0,1,6
05_00_150dis03.csv,51,0,150,1,144,1,0,1,6
05_00_150dis03.csv,52,0,150,2,144;3,2,0,0,3;6
05_00_150dis03.csv,53,0,150,2,144;3,2,0,0,3;6
05_00_150dis03.csv,54,0,150,2,2;144,2,0,0,2;6
05_00_150dis03.csv,55,0,150,2,13;144,2,0,0,13;6
05_00_150dis03.csv,56,0,150,2,142;13,2,0,0,13;8
05_00_150dis03.csv,57,0,150,1,142,1,0,1,8
05_00_150dis03.csv,58,0,150,1,142,1,0,1,8
05_00_150dis03.csv,59,0,150,2,142;2,2,0,0,2;8
05_00_150dis03.csv,60,0,150,1,13,1,0,1,13
05_00_150dis03.csv,61,0,150,1,13,1,0,1,13
05_00_150dis03.csv,62,0,150,1,13,1,0,1,13
05_00_150dis03.csv,63,0,150,1,13,1,0,1,13
05_00_150dis03.csv,64,0,150,1,13,1,0,1,13
05_00_150dis03.csv,65,0,150,2,151;13,2,0,0,13;1
05_00_150dis03.csv,66,0,150,2,144;14,2,0,0,14;6
05_00_150dis03.csv,67,0,150,2,144;11,2,0,0,11;6
05_00_150dis03.csv,68,0,150,2,146;12,2,0,0,12;4
05_00_150dis03.csv,69,0,150,1,146,1,0,1,4
05_00_150dis03.csv,70,0,150,1,146,1,0,1,4
05_00_150dis03.csv,71,0,150,2,146;15,2,0,0,15;4
05_00_150dis03.csv,72,0,150,2,149;15,2,0,0,15;1
05_00_150dis03.csv,73,0,150,2,143;356,2,0,0,4;7
05_00_150dis03.csv,74,0,150,2,141;2,2,0,0,2;9
05_00_150dis03.csv,75,0,150,2,144;7,2,0,0,7;6
05_00_150dis03.csv,76,0,150,2,143;7,2,0,0,7;7
05_00_150dis03.csv,77,0,150,2,143;7,2,0,0,7;7
05_00_150dis03.csv,78,0,150,2,148;7,2,0,0,7;2
05_00_150dis03.csv,79,0,150,1,148,1,0,1,2
05_00_150dis03.csv,80,0,150,1,148,1,0,1,2
05_00_150dis03.csv,81,0,150,1,148,1,0,1,2
05_00_150dis03.csv,82,0,150,1,148,1,0,1,2
05_00_150dis03.csv,83,0,150,2,2;148,2,0,0,2;2
05_00_150dis03.csv,84,0,150,2,359;148,2,0,0,1;2
05_00_150dis03.csv,85,0,150,1,8,1,0,1,8
05_00_150dis03.csv,86,0,150,1,6,1,0,1,6
05_00_150dis03.csv,87,0,150,1,7,1,0,1,7
05_00_150dis03.csv,88,0,150,1,7,1,0,1,7
05_00_150dis03.csv,89,0,150,1,7,1,0,1,7
05_00_150dis03.csv,90,0,150,1,12,1,0,1,12
05_00_150dis03.csv,91,0,150,1,12,1,0,1,12
05_00_150dis03.csv,92,0,150,1,12,1,0,1,12
05_00_150dis03.csv,93,0,150,1,10,1,0,1,10
05_00_150dis03.csv,94,0,150,1,12,1,0,1,12
05_00_150dis03.csv,95,0,150,1,12,1,0,1,12
05_00_150dis03.csv,96,0,150,1,13,1,0,1,13
05_00_150dis03.csv,97,0,150,1,16,0,1,2,
05_00_150dis03.csv,98,0,150,1,13,1,0,1,13
05_00_150dis03.csv,99,0,150,1,15,1,0,1,15
05_00_150dis03.csv,100,0,150,1,15,1,0,1,15
05_00_230dis02.csv,1,0,230,2,226;8,2,0,0,8;4
05_00_230dis02.csv,2,0,230,2,229;8,2,0,0,8;1
05_00_230dis02.csv,3,0,230,2,230;345,2,0,0,15;0
05_00_230dis02.csv,4,0,230,2,230;4,2,0,0,4;0
05_00_230dis02.csv,5,0,230,2,357;230,2,0,0,3;0
05_00_230dis02.csv,6,0,230,2,10;230,2,0,0,10;0
05_00_230dis02.csv,7,0,230,1,7,1,0,1,7
05_00_230dis02.csv,8,0,230,1,5,1,0,1,5
05_00_230dis02.csv,9,0,230,1,6,1,0,1,6
05_00_230dis02.csv,10,0,230,1,5,1,0,1,5
05_00_230dis02.csv,11,0,230,2,5;222,2,0,0,5;8
05_00_230dis02.csv,12,0,230,2,227;5,2,0,0,5;3
05_00_230dis02.csv,13,0,230,1,227,1,0,1,3
05_00_230dis02.csv,14,0,230,2,227;5,2,0,0,5;3
05_00_230dis02.csv,15,0,230,1,233,1,0,1,3
05_00_230dis02.csv,16,0,230,1,229,1,0,1,1
05_00_230dis02.csv,17,0,230,2,229;11,2,0,0,11;1
05_00_230dis02.csv,18,0,230,2,11;230,2,0,0,11;0
05_00_230dis02.csv,19,0,230,2,11;230,2,0,0,11;0
05_00_230dis02.csv,20,0,230,2,10;233,2,0,0,10;3
05_00_230dis02.csv,21,0,230,2,10;229,2,0,0,10;1
05_00_230dis02.csv,22,0,230,2,17;216,1,1,1,14
05_00_230dis02.csv,23,0,230,2,18;216,1,1,1,14
05_00_230dis02.csv,24,0,230,1,7,1,0,1,7
05_00_230dis02.csv,25,0,230,1,19,0,1,2,
05_00_230dis02.csv,26,0,230,1,18,0,1,2,
05_00_230dis02.csv,27,0,230,1,18,0,1,2,
05_00_230dis02.csv,28,0,230,1,7,1,0,1,7
05_00_230dis02.csv,29,0,230,1,7,1,0,1,7
05_00_230dis02.csv,30,0,230,0,,0,0,2,
05_00_230dis02.csv,31,0,230,0,,0,0,2,
05_00_230dis02.csv,32,0,230,0,,0,0,2,
05_00_230dis02.csv,33,0,230,0,,0,0,2,
05_00_230dis02.csv,34,0,230,0,,0,0,2,
05_00_230dis02.csv,35,0,230,0,,0,0,2,
05_00_230dis02.csv,36,0,230,0,,0,0,2,
05_00_230dis02.csv,37,0,230,0,,0,0,2,
05_00_230dis02.csv,38,0,230,1,7,1,0,1,7
05_00_230dis02.csv,39,0,230,1,11,1,0,1,11
05_00_230dis02.csv,40,0,230,2,11;216,2,0,0,11;14
05_00_230dis02.csv,41,0,230,2,11;216,2,0,0,11;14
05_00_230dis02.csv,42,0,230,2,11;238,2,0,0,11;8
05_00_230dis02.csv,43,0,230,1,228,1,0,1,2
05_00_230dis02.csv,44,0,230,2,220;341,1,1,1,10
05_00_230dis02.csv,45,0,230,1,220,1,0,1,10
05_00_230dis02.csv,46,0,230,1,220,1,0,1,10
05_00_230dis02.csv,47,0,230,1,221,1,0,1,9
05_00_230dis02.csv,48,0,230,1,230,1,0,1,0
05_00_230dis02.csv,49,0,230,1,230,1,0,1,0
05_00_230dis02.csv,50,0,230,1,227,1,0,1,3
05_00_230dis02.csv,51,0,230,1,227,1,0,1,3
05_00_230dis02.csv,52,0,230,1,228,1,0,1,2
05_00_230dis02.csv,53,0,230,1,228,1,0,1,2
05_00_230dis02.csv,54,0,230,1,228,1,0,1,2
05_00_230dis02.csv,55,0,230,1,228,1,0,1,2
05_00_230dis02.csv,56,0,230,1,228,1,0,1,2
05_00_230dis02.csv,57,0,230,1,228,1,0,1,2
05_00_230dis02.csv,58,0,230,1,228,1,0,1,2
05_00_230dis02.csv,59,0,230,2,228;351,2,0,0,9;2
05_00_230dis02.csv,60,0,230,1,228,1,0,1,2
05_00_230dis02.csv,61,0,230,2,228;7,2,0,0,7;2
05_00_230dis02.csv,62,0,230,2,229;7,2,0,0,7;1
05_00_230dis02.csv,63,0,230,2,229;7,2,0,0,7;1
05_00_230dis02.csv,64,0,230,2,229;342,1,1,1,1
05_00_230dis02.csv,65,0,230,2,229;342,1,1,1,1
05_00_230dis02.csv,66,0,230,2,229;342,1,1,1,1
05_00_230dis02.csv,67,0,230,2,211;355,1,1,1,5
05_00_230dis02.csv,68,0,230,1,223,1,0,1,7
05_00_230dis02.csv,69,0,230,1,227,1,0,1,3
05_00_230dis02.csv,70,0,230,1,225,1,0,1,5
05_00_230dis02.csv,71,0,230,1,230,1,0,1,0
05_00_230dis02.csv,72,0,230,1,230,1,0,1,0
05_00_230dis02.csv,73,0,230,1,230,1,0,1,0
05_00_230dis02.csv,74,0,230,1,230,1,0,1,0
05_00_230dis02.csv,75,0,230,1,225,1,0,1,5
05_00_230dis02.csv,76,0,230,1,228,1,0,1,2
05_00_230dis02.csv,77,0,230,1,225,1,0,1,5
05_00_230dis02.csv,78,0,230,1,225,1,0,1,5
05_00_230dis02.csv,79,0,230,1,225,1,0,1,5
05_00_230dis02.csv,80,0,230,1,225,1,0,1,5
05_00_230dis02.csv,81,0,230,1,224,1,0,1,6
05_00_230dis02.csv,82,0,230,1,224,1,0,1,6
05_00_230dis02.csv,83,0,230,1,224,1,0,1,6
05_00_230dis02.csv,84,0,230,1,224,1,0,1,6
05_00_230dis02.csv,85,0,230,2,357;224,2,0,0,3;6
05_00_230dis02.csv,86,0,230,2,224;357,2,0,0,3;6
05_00_230dis02.csv,87,0,230,2,234;357,2,0,0,3;4
05_00_230dis02.csv,88,0,230,2,231;356,2,0,0,4;1
05_00_230dis02.csv,89,0,230,2,231;357,2,0,0,3;1
05_00_230dis02.csv,90,0,230,2,354;231,2,0,0,6;1
05_00_230dis02.csv,91,0,230,2,231;354,2,0,0,6;1
05_00_230dis02.csv,92,0,230,2,231;354,2,0,0,6;1
05_00_230dis02.csv,93,0,230,2,230;354,2,0,0,6;0
05_00_230dis02.csv,94,0,230,2,230;12,2,0,0,12;0
05_00_230dis02.csv,95,0,230,2,230;12,2,0,0,12;0
05_00_230dis02.csv,96,0,230,2,229;3,2,0,0,3;1
05_00_230dis02.csv,97,0,230,2,226;3,2,0,0,3;4
05_00_230dis02.csv,98,0,230,1,226,1,0,1,4
05_00_230dis02.csv,99,0,230,1,223,1,0,1,7
05_00_230dis02.csv,100,0,230,1,223,1,0,1,7
05_00_90dis02.csv,1,0,90,2,73;4,1,1,1,4
05_00_90dis02.csv,2,0,90,1,73,0,1,2,
05_00_90dis02.csv,3,0,90,1,73,0,1,2,
05_00_90dis02.csv,4,0,90,1,73,0,1,2,
05_00_90dis02.csv,5,0,90,2,6;73,1,1,1,6
05_00_90dis02.csv,6,0,90,2,6;73,1,1,1,6
05_00_90dis02.csv,7,0,90,1,6,1,0,1,6
05_00_90dis02.csv,8,0,90,1,6,1,0,1,6
05_00_90dis02.csv,9,0,90,1,6,1,0,1,6
05_00_90dis02.csv,10,0,90,2,84;6,2,0,0,6;6
05_00_90dis02.csv,11,0,90,2,84;6,2,0,0,6;6
05_00_90dis02.csv,12,0,90,2,84;6,2,0,0,6;6
05_00_90dis02.csv,13,0,90,1,84,1,0,1,6
05_00_90dis02.csv,14,0,90,2,84;2,2,0,0,2;6
05_00_90dis02.csv,15,0,90,2,84;5,2,0,0,5;6
05_00_90dis02.csv,16,0,90,2,84;355,2,0,0,5;6
05_00_90dis02.csv,17,0,90,2,6;84,2,0,0,6;6
05_00_90dis02.csv,18,0,90,1,6,1,0,1,6
05_00_90dis02.csv,19,0,90,1,6,1,0,1,6
05_00_90dis02.csv,20,0,90,2,6;85,2,0,0,6;5
05_00_90dis02.csv,21,0,90,1,1,1,0,1,1
05_00_90dis02.csv,22,0,90,1,1,1,0,1,1
05_00_90dis02.csv,23,0,90,1,1,1,0,1,1
05_00_90dis02.csv,24,0,90,2,1;75,2,0,0,1;15
05_00_90dis02.csv,25,0,90,2,1;71,1,1,1,1
05_00_90dis02.csv,26,0,90,2,84;1,2,0,0,1;6
05_00_90dis02.csv,27,0,90,1,86,1,0,1,4
05_00_90dis02.csv,28,0,90,1,83,1,0,1,7
05_00_90dis02.csv,29,0,90,1,83,1,0,1,7
05_00_90dis02.csv,30,0,90,2,83;21,1,1,1,7
05_00_90dis02.csv,31,0,90,2,83;354,2,0,0,6;7
05_00_90dis02.csv,32,0,90,2,344;83,1,1,1,7
05_00_90dis02.csv,33,0,90,2,8;83,2,0,0,8;7
05_00_90dis02.csv,34,0,90,1,351,1,0,1,9
05_00_90dis02.csv,35,0,90,1,351,1,0,1,9
05_00_90dis02.csv,36,0,90,1,359,1,0,1,1
05_00_90dis02.csv,37,0,90,1,359,1,0,1,1
05_00_90dis02.csv,38,0,90,1,359,1,0,1,1
05_00_90dis02.csv,39,0,90,1,359,1,0,1,1
05_00_90dis02.csv,40,0,90,1,359,1,0,1,1
05_00_90dis02.csv,41,0,90,1,4,1,0,1,4
05_00_90dis02.csv,42,0,90,1,4,1,0,1,4
05_00_90dis02.csv,43,0,90,1,4,1,0,1,4
05_00_90dis02.csv,44,0,90,1,4,1,0,1,4
05_00_90dis02.csv,45,0,90,0,,0,0,2,
05_00_90dis02.csv,46,0,90,0,,0,0,2,
05_00_90dis02.csv,47,0,90,0,,0,0,2,
05_00_90dis02.csv,48,0,90,0,,0,0,2,
05_00_90dis02.csv,49,0,90,0,,0,0,2,
05_00_90dis02.csv,50,0,90,0,,0,0,2,
05_00_90dis02.csv,51,0,90,0,,0,0,2,
05_00_90dis02.csv,52,0,90,0,,0,0,2,
05_00_90dis02.csv,53,0,90,0,,0,0,2,
05_00_90dis02.csv,54,0,90,1,84,1,0,1,6
05_00_90dis02.csv,55,0,90,1,85,1,0,1,5
05_00_90dis02.csv,56,0,90,1,85,1,0,1,5
05_00_90dis02.csv,57,0,90,1,85,1,0,1,5
05_00_90dis02.csv,58,0,90,1,85,1,0,1,5
05_00_90dis02.csv,59,0,90,1,85,1,0,1,5
05_00_90dis02.csv,60,0,90,1,85,1,0,1,5
05_00_90dis02.csv,61,0,90,1,86,1,0,1,4
05_00_90dis02.csv,62,0,90,1,90,1,0,1,0
05_00_90dis02.csv,63,0,90,1,84,1,0,1,6
05_00_90dis02.csv,64,0,90,1,84,1,0,1,6
05_00_90dis02.csv,65,0,90,2,84;0,2,0,0,0;6
05_00_90dis02.csv,66,0,90,2,84;359,2,0,0,1;6
05_00_90dis02.csv,67,0,90,1,84,1,0,1,6
05_00_90dis02.csv,68,0,90,1,84,1,0,1,6
05_00_90dis02.csv,69,0,90,1,78,1,0,1,12
05_00_90dis02.csv,70,0,90,1,79,1,0,1,11
05_00_90dis02.csv,71,0,90,1,79,1,0,1,11
05_00_90dis02.csv,72,0,90,2,79;16,1,1,1,11
05_00_90dis02.csv,73,0,90,2,79;17,1,1,1,11
05_00_90dis02.csv,74,0,90,2,79;16,1,1,1,11
05_00_90dis02.csv,75,0,90,2,79;349,2,0,0,11;11
05_00_90dis02.csv,76,0,90,2,79;349,2,0,0,11;11
05_00_90dis02.csv,77,0,90,2,84;349,2,0,0,11;6
05_00_90dis02.csv,78,0,90,2,84;4,2,0,0,4;6
05_00_90dis02.csv,79,0,90,1,10,1,0,1,10
05_00_90dis02.csv,80,0,90,1,357,1,0,1,3
05_00_90dis02.csv,81,0,90,2,357;87,2,0,0,3;3
05_00_90dis02.csv,82,0,90,2,87;357,2,0,0,3;3
05_00_90dis02.csv,83,0,90,2,87;357,2,0,0,3;3
05_00_90dis02.csv,84,0,90,2,87;357,2,0,0,3;3
05_00_90dis02.csv,85,0,90,2,357;87,2,0,0,3;3
05_00_90dis02.csv,86,0,90,2,357;87,2,0,0,3;3
05_00_90dis02.csv,87,0,90,2,352;87,2,0,0,8;3
05_00_90dis02.csv,88,0,90,1,352,1,0,1,8
05_00_90dis02.csv,89,0,90,1,354,1,0,1,6
05_00_90dis02.csv,90,0,90,1,6,1,0,1,6
05_00_90dis02.csv,91,0,90,1,6,1,0,1,6
05_00_90dis02.csv,92,0,90,2,5;88,2,0,0,5;2
05_00_90dis02.csv,93,0,90,1,5,1,0,1,5
05_00_90dis02.csv,94,0,90,1,4,1,0,1,4
05_00_90dis02.csv,95,0,90,1,4,1,0,1,4
05_00_90dis02.csv,96,0,90,1,5,1,0,1,5
05_00_90dis02.csv,97,0,90,2,8;83,2,0,0,8;7
05_00_90dis02.csv,98,0,90,2,83;8,2,0,0,8;7
05_00_90dis02.csv,99,0,90,2,86;12,2,0,0,12;4
05_00_90dis02.csv,100,0,90,1,84,1,0,1,6
05_00_90dis03.csv,1,0,90,2,90;22,1,1,1,0
05_00_90dis03.csv,2,0,90,2,92;3,2,0,0,3;2
05_00_90dis03.csv,3,0,90,1,90,1,0,1,0
05_00_90dis03.csv,4,0,90,1,90,1,0,1,0
05_00_90dis03.csv,5,0,90,1,90,1,0,1,0
05_00_90dis03.csv,6,0,90,2,89;3,2,0,0,3;1
05_00_90dis03.csv,7,0,90,2,0;97,2,0,0,0;7
05_00_90dis03.csv,8,0,90,1,0,1,0,1,0
05_00_90dis03.csv,9,0,90,1,3,1,0,1,3
05_00_90dis03.csv,10,0,90,1,354,1,0,1,6
05_00_90dis03.csv,11,0,90,1,354,1,0,1,6
05_00_90dis03.csv,12,0,90,1,353,1,0,1,7
05_00_90dis03.csv,13,0,90,1,353,1,0,1,7
05_00_90dis03.csv,14,0,90,1,15,1,0,1,15
05_00_90dis03.csv,15,0,90,1,14,1,0,1,14
05_00_90dis03.csv,16,0,90,1,14,1,0,1,14
05_00_90dis03.csv,17,0,90,1,14,1,0,1,14
05_00_90dis03.csv,18,0,90,1,14,1,0,1,14
05_00_90dis03.csv,19,0,90,1,14,1,0,1,14
05_00_90dis03.csv,20,0,90,2,14;88,2,0,0,14;2
05_00_90dis03.csv,21,0,90,2,90;14,2,0,0,14;0
05_00_90dis03.csv,22,0,90,2,90;14,2,0,0,14;0
05_00_90dis03.csv,23,0,90,1,87,1,0,1,3
05_00_90dis03.csv,24,0,90,1,87,1,0,1,3
05_00_90dis03.csv,25,0,90,1,91,1,0,1,1
05_00_90dis03.csv,26,0,90,1,86,1,0,1,4
05_00_90dis03.csv,27,0,90,1,88,1,0,1,2
05_00_90dis03.csv,28,0,90,1,88,1,0,1,2
05_00_90dis03.csv,29,0,90,1,88,1,0,1,2
05_00_90dis03.csv,30,0,90,2,88;4,2,0,0,4;2
05_00_90dis03.csv,31,0,90,1,88,1,0,1,2
05_00_90dis03.csv,32,0,90,2,88;4,2,0,0,4;2
05_00_90dis03.csv,33,0,90,1,88,1,0,1,2
05_00_90dis03.csv,34,0,90,1,87,1,0,1,3
05_00_90dis03.csv,35,0,90,1,88,1,0,1,2
05_00_90dis03.csv,36,0,90,2,3;88,2,0,0,3;2
05_00_90dis03.csv,37,0,90,2,3;88,2,0,0,3;2
05_00_90dis03.csv,38,0,90,2,3;88,2,0,0,3;2
05_00_90dis03.csv,39,0,90,1,7,1,0,1,7
05_00_90dis03.csv,40,0,90,2,7;92,2,0,0,7;2
05_00_90dis03.csv,41,0,90,2,86;7,2,0,0,7;4
05_00_90dis03.csv,42,0,90,2,86;7,2,0,0,7;4
05_00_90dis03.csv,43,0,90,2,87;7,2,0,0,7;3
05_00_90dis03.csv,44,0,90,2,87;7,2,0,0,7;3
05_00_90dis03.csv,45,0,90,2,87;7,2,0,0,7;3
05_00_90dis03.csv,46,0,90,2,87;7,2,0,0,7;3
05_00_90dis03.csv,47,0,90,2,87;7,2,0,0,7;3
05_00_90dis03.csv,48,0,90,3,87;8;318,2,1,0,8;3
05_00_90dis03.csv,49,0,90,2,87;318,1,1,1,3
05_00_90dis03.csv,50,0,90,2,352;87,2,0,0,8;3
05_00_90dis03.csv,51,0,90,2,95;352,2,0,0,8;5
05_00_90dis03.csv,52,0,90,1,88,1,0,1,2
05_00_90dis03.csv,53,0,90,2,86;359,2,0,0,1;4
05_00_90dis03.csv,54,0,90,2,86;7,2,0,0,7;4
05_00_90dis03.csv,55,0,90,2,86;9,2,0,0,9;4
05_00_90dis03.csv,56,0,90,2,9;85,2,0,0,9;5
05_00_90dis03.csv,57,0,90,2,9;85,2,0,0,9;5
05_00_90dis03.csv,58,0,90,2,9;85,2,0,0,9;5
05_00_90dis03.csv,59,0,90,2,12;85,2,0,0,12;5
05_00_90dis03.csv,60,0,90,1,6,1,0,1,6
05_00_90dis03.csv,61,0,90,1,6,1,0,1,6
05_00_90dis03.csv,62,0,90,1,6,1,0,1,6
05_00_90dis03.csv,63,0,90,1,6,1,0,1,6
05_00_90dis03.csv,64,0,90,1,6,1,0,1,6
05_00_90dis03.csv,65,0,90,2,6;178,1,1,1,6
05_00_90dis03.csv,66,0,90,1,92,1,0,1,2
05_00_90dis03.csv,67,0,90,1,92,1,0,1,2
05_00_90dis03.csv,68,0,90,1,92,1,0,1,2
05_00_90dis03.csv,69,0,90,1,92,1,0,1,2
05_00_90dis03.csv,70,0,90,1,92,1,0,1,2
05_00_90dis03.csv,71,0,90,1,92,1,0,1,2
05_00_90dis03.csv,72,0,90,1,92,1,0,1,2
05_00_90dis03.csv,73,0,90,1,90,1,0,1,0
05_00_90dis03.csv,74,0,90,1,92,1,0,1,2
05_00_90dis03.csv,75,0,90,1,92,1,0,1,2
05_00_90dis03.csv,76,0,90,2,92;28,1,1,1,2
05_00_90dis03.csv,77,0,90,2,91;28,1,1,1,1
05_00_90dis03.csv,78,0,90,2,90;28,1,1,1,0
05_00_90dis03.csv,79,0,90,1,93,1,0,1,3
05_00_90dis03.csv,80,0,90,1,93,1,0,1,3
05_00_90dis03.csv,81,0,90,1,93,1,0,1,3
05_00_90dis03.csv,82,0,90,1,93,1,0,1,3
05_00_90dis03.csv,83,0,90,2,9;93,2,0,0,9;3
05_00_90dis03.csv,84,0,90,2,9;92,2,0,0,9;2
05_00_90dis03.csv,85,0,90,2,9;92,2,0,0,9;2
05_00_90dis03.csv,86,0,90,2,9;92,2,0,0,9;2
05_00_90dis03.csv,87,0,90,1,11,1,0,1,11
05_00_90dis03.csv,88,0,90,1,11,1,0,1,11
05_00_90dis03.csv,89,0,90,1,13,1,0,1,13
05_00_90dis03.csv,90,0,90,1,13,1,0,1,13
05_00_90dis03.csv,91,0,90,1,13,1,0,1,13
05_00_90dis03.csv,92,0,90,1,13,1,0,1,13
05_00_90dis03.csv,93,0,90,1,13,1,0,1,13
05_00_90dis03.csv,94,0,90,1,13,1,0,1,13
05_00_90dis03.csv,95,0,90,1,13,1,0,1,13
05_00_90dis03.csv,96,0,90,1,13,1,0,1,13
05_00_90dis03.csv,97,0,90,1,13,1,0,1,13
05_00_90dis03.csv,98,0,90,1,3,1,0,1,3
05_00_90dis03.csv,99,0,90,1,13,1,0,1,13
05_00_90dis03.csv,100,0,90,1,7,1,0,1,7
05_30_150dis02.csv,1,30,150,1,28,1,0,1,2
05_30_150dis02.csv,2,30,150,1,28,1,0,1,2
05_30_150dis02.csv,3,30,150,1,30,1,0,1,0
05_30_150dis02.csv,4,30,150,1,35,1,0,1,5
05_30_150dis02.csv,5,30,150,1,31,1,0,1,1
05_30_150dis02.csv,6,30,150,1,28,1,0,1,2
05_30_150dis02.csv,7,30,150,1,26,1,0,1,4
05_30_150dis02.csv,8,30,150,1,26,1,0,1,4
05_30_150dis02.csv,9,30,150,1,26,1,0,1,4
05_30_150dis02.csv,10,30,150,1,25,1,0,1,5
05_30_150dis02.csv,11,30,150,1,25,1,0,1,5
05_30_150dis02.csv,12,30,150,1,23,1,0,1,7
05_30_150dis02.csv,13,30,150,1,19,1,0,1,11
05_30_150dis02.csv,14,30,150,1,19,1,0,1,11
05_30_150dis02.csv,15,30,150,1,19,1,0,1,11
05_30_150dis02.csv,16,30,150,1,20,1,0,1,10
05_30_150dis02.csv,17,30,150,1,20,1,0,1,10
05_30_150dis02.csv,18,30,150,2,20;135,2,0,0,10;15
05_30_150dis02.csv,19,30,150,2,20;136,2,0,0,10;14
05_30_150dis02.csv,20,30,150,2,20;136,2,0,0,10;14
05_30_150dis02.csv,21,30,150,2,136;20,2,0,0,10;14
05_30_150dis02.csv,22,30,150,2,144;20,2,0,0,10;6
05_30_150dis02.csv,23,30,150,2,144;42,2,0,0,12;6
05_30_150dis02.csv,24,30,150,2,13;144,1,1,1,6
05_30_150dis02.csv,25,30,150,2,20;144,2,0,0,10;6
05_30_150dis02.csv,26,30,150,1,33,1,0,1,3
05_30_150dis02.csv,27,30,150,1,22,1,0,1,8
05_30_150dis02.csv,28,30,150,1,20,1,0,1,10
05_30_150dis02.csv,29,30,150,1,20,1,0,1,10
05_30_150dis02.csv,30,30,150,2,21;142,2,0,0,9;8
05_30_150dis02.csv,31,30,150,2,139;22,2,0,0,8;11
05_30_150dis02.csv,32,30,150,2,137;24,2,0,0,6;13
05_30_150dis02.csv,33,30,150,2,137;33,2,0,0,3;13
05_30_150dis02.csv,34,30,150,2,137;33,2,0,0,3;13
05_30_150dis02.csv,35,30,150,2,137;23,2,0,0,7;13
05_30_150dis02.csv,36,30,150,2,19;137,2,0,0,11;13
05_30_150dis02.csv,37,30,150,2,26;137,2,0,0,4;13
05_30_150dis02.csv,38,30,150,2,25;137,2,0,0,5;13
05_30_150dis02.csv,39,30,150,2,28;137,2,0,0,2;13
05_30_150dis02.csv,40,30,150,1,32,1,0,1,2
05_30_150dis02.csv,41,30,150,1,32,1,0,1,2
05_30_150dis02.csv,42,30,150,1,32,1,0,1,2
05_30_150dis02.csv,43,30,150,0,,0,0,2,
05_30_150dis02.csv,44,30,150,1,32,1,0,1,2
05_30_150dis02.csv,45,30,150,1,30,1,0,1,0
05_30_150dis02.csv,46,30,150,1,24,1,0,1,6
05_30_150dis02.csv,47,30,150,0,,0,0,2,
05_30_150dis02.csv,48,30,150,1,24,1,0,1,6
05_30_150dis02.csv,49,30,150,1,24,1,0,1,6
05_30_150dis02.csv,50,30,150,1,24,1,0,1,6
05_30_150dis02.csv,51,30,150,1,26,1,0,1,4
05_30_150dis02.csv,52,30,150,1,24,1,0,1,6
05_30_150dis02.csv,53,30,150,1,24,1,0,1,6
05_30_150dis02.csv,54,30,150,1,24,1,0,1,6
05_30_150dis02.csv,55,30,150,1,24,1,0,1,6
05_30_150dis02.csv,56,30,150,1,20,1,0,1,10
05_30_150dis02.csv,57,30,150,1,20,1,0,1,10
05_30_150dis02.csv,58,30,150,1,20,1,0,1,10
05_30_150dis02.csv,59,30,150,1,20,1,0,1,10
05_30_150dis02.csv,60,30,150,2,20;157,2,0,0,10;7
05_30_150dis02.csv,61,30,150,2,22;157,2,0,0,8;7
05_30_150dis02.csv,62,30,150,2,23;135,2,0,0,7;15
05_30_150dis02.csv,63,30,150,1,26,1,0,1,4
05_30_150dis02.csv,64,30,150,1,21,1,0,1,9
05_30_150dis02.csv,65,30,150,1,22,1,0,1,8
05_30_150dis02.csv,66,30,150,1,24,1,0,1,6
05_30_150dis02.csv,67,30,150,1,24,1,0,1,6
05_30_150dis02.csv,68,30,150,1,24,1,0,1,6
05_30_150dis02.csv,69,30,150,1,24,1,0,1,6
05_30_150dis02.csv,70,30,150,2,24;141,2,0,0,6;9
05_30_150dis02.csv,71,30,150,2,24;143,2,0,0,6;7
05_30_150dis02.csv,72,30,150,1,134,0,1,2,
05_30_150dis02.csv,73,30,150,1,137,1,0,1,13
05_30_150dis02.csv,74,30,150,1,137,1,0,1,13
05_30_150dis02.csv,75,30,150,1,135,1,0,1,15
05_30_150dis02.csv,76,30,150,1,135,1,0,1,15
05_30_150dis02.csv,77,30,150,1,135,1,0,1,15
05_30_150dis02.csv,78,30,150,1,135,1,0,1,15
05_30_150dis02.csv,79,30,150,1,135,1,0,1,15
05_30_150dis02.csv,80,30,150,1,138,1,0,1,12
05_30_150dis02.csv,81,30,150,1,138,1,0,1,12
05_30_150dis02.csv,82,30,150,1,138,1,0,1,12
05_30_150dis02.csv,83,30,150,1,138,1,0,1,12
05_30_150dis02.csv,84,30,150,1,138,1,0,1,12
05_30_150dis02.csv,85,30,150,1,136,1,0,1,14
05_30_150dis02.csv,86,30,150,1,138,1,0,1,12
05_30_150dis02.csv,87,30,150,2,21;138,2,0,0,9;12
05_30_150dis02.csv,88,30,150,2,27;131,1,1,1,3
05_30_150dis02.csv,89,30,150,2,146;27,2,0,0,3;4
05_30_150dis02.csv,90,30,150,2,146;23,2,0,0,7;4
05_30_150dis02.csv,91,30,150,2,146;27,2,0,0,3;4
05_30_150dis02.csv,92,30,150,2,146;18,2,0,0,12;4
05_30_150dis02.csv,93,30,150,2,16;146,2,0,0,14;4
05_30_150dis02.csv,94,30,150,2,16;146,2,0,0,14;4
05_30_150dis02.csv,95,30,150,2,148;16,2,0,0,14;2
05_30_150dis02.csv,96,30,150,1,150,1,0,1,0
05_30_150dis02.csv,97,30,150,1,150,1,0,1,0
05_30_150dis02.csv,98,30,150,2,25;150,2,0,0,5;0
05_30_150dis02.csv,99,30,150,2,31;153,2,0,0,1;3
05_30_150dis02.csv,100,30,150,2,136;18,2,0,0,12;14
05_30_150dis04.csv,1,30,150,1,130,0,1,2,
05_30_150dis04.csv,2,30,150,1,132,0,1,2,
05_30_150dis04.csv,3,30,150,1,132,0,1,2,
05_30_150dis04.csv,4,30,150,1,132,0,1,2,
05_30_150dis04.csv,5,30,150,1,132,0,1,2,
05_30_150dis04.csv,6,30,150,1,131,0,1,2,
05_30_150dis04.csv,7,30,150,1,147,1,0,1,3
05_30_150dis04.csv,8,30,150,1,147,1,0,1,3
05_30_150dis04.csv,9,30,150,1,164,1,0,1,14
05_30_150dis04.csv,10,30,150,1,164,1,0,1,14
05_30_150dis04.csv,11,30,150,1,164,1,0,1,14
05_30_150dis04.csv,12,30,150,1,164,1,0,1,14
05_30_150dis04.csv,13,30,150,2,164;119,1,1,1,14
05_30_150dis04.csv,14,30,150,2,164;121,1,1,1,14
05_30_150dis04.csv,15,30,150,2,121;164,1,1,1,14
05_30_150dis04.csv,16,30,150,1,120,0,1,2,
05_30_150dis04.csv,17,30,150,2,120;39,1,1,1,9
05_30_150dis04.csv,18,30,150,1,42,1,0,1,12
05_30_150dis04.csv,19,30,150,1,37,1,0,1,7
05_30_150dis04.csv,20,30,150,1,37,1,0,1,7
05_30_150dis04.csv,21,30,150,1,35,1,0,1,5
05_30_150dis04.csv,22,30,150,1,35,1,0,1,5
05_30_150dis04.csv,23,30,150,0,,0,0,2,
05_30_150dis04.csv,24,30,150,0,,0,0,2,
05_30_150dis04.csv,25,30,150,1,35,1,0,1,5
05_30_150dis04.csv,26,30,150,1,38,1,0,1,8
05_30_150dis04.csv,27,30,150,1,38,1,0,1,8
05_30_150dis04.csv,28,30,150,1,37,1,0,1,7
05_30_150dis04.csv,29,30,150,1,37,1,0,1,7
05_30_150dis04.csv,30,30,150,1,37,1,0,1,7
05_30_150dis04.csv,31,30,150,1,36,1,0,1,6
05_30_150dis04.csv,32,30,150,1,36,1,0,1,6
05_30_150dis04.csv,33,30,150,1,58,0,1,2,
05_30_150dis04.csv,34,30,150,1,58,0,1,2,
05_30_150dis04.csv,35,30,150,1,34,1,0,1,4
05_30_150dis04.csv,36,30,150,1,30,1,0,1,0
05_30_150dis04.csv,37,30,150,1,23,1,0,1,7
05_30_150dis04.csv,38,30,150,1,30,1,0,1,0
05_30_150dis04.csv,39,30,150,2,37;129,1,1,1,7
05_30_150dis04.csv,40,30,150,1,34,1,0,1,4
05_30_150dis04.csv,41,30,150,2,34;129,1,1,1,4
05_30_150dis04.csv,42,30,150,2,37;129,1,1,1,7
05_30_150dis04.csv,43,30,150,2,37;129,1,1,1,7
05_30_150dis04.csv,44,30,150,2,37;129,1,1,1,7
05_30_150dis04.csv,45,30,150,2,169;37,1,1,1,7
05_30_150dis04.csv,46,30,150,1,169,0,1,2,
05_30_150dis04.csv,47,30,150,1,169,0,1,2,
05_30_150dis04.csv,48,30,150,1,169,0,1,2,
05_30_150dis04.csv,49,30,150,1,169,0,1,2,
05_30_150dis04.csv,50,30,150,1,169,0,1,2,
05_30_150dis04.csv,51,30,150,1,169,0,1,2,
05_30_150dis04.csv,52,30,150,1,167,0,1,2,
05_30_150dis04.csv,53,30,150,1,167,0,1,2,
05_30_150dis04.csv,54,30,150,1,166,0,1,2,
05_30_150dis04.csv,55,30,150,1,166,0,1,2,
05_30_150dis04.csv,56,30,150,1,166,0,1,2,
05_30_150dis04.csv,57,30,150,1,166,0,1,2,
05_30_150dis04.csv,58,30,150,1,166,0,1,2,
05_30_150dis04.csv,59,30,150,1,165,1,0,1,15
05_30_150dis04.csv,60,30,150,1,176,0,1,2,
05_30_150dis04.csv,61,30,150,2,176;27,1,1,1,3
05_30_150dis04.csv,62,30,150,2,175;27,1,1,1,3
05_30_150dis04.csv,63,30,150,2,175;27,1,1,1,3
05_30_150dis04.csv,64,30,150,1,165,1,0,1,15
05_30_150dis04.csv,65,30,150,2,45;176,1,1,1,15
05_30_150dis04.csv,66,30,150,2,119;45,1,1,1,15
05_30_150dis04.csv,67,30,150,1,119,0,1,2,
05_30_150dis04.csv,68,30,150,1,119,0,1,2,
05_30_150dis04.csv,69,30,150,2,35;119,1,1,1,5
05_30_150dis04.csv,70,30,150,1,33,1,0,1,3
05_30_150dis04.csv,71,30,150,1,33,1,0,1,3
05_30_150dis04.csv,72,30,150,2,32;109,1,1,1,2
05_30_150dis04.csv,73,30,150,2,109;32,1,1,1,2
05_30_150dis04.csv,74,30,150,1,162,1,0,1,12
05_30_150dis04.csv,75,30,150,1,172,0,1,2,
05_30_150dis04.csv,76,30,150,1,172,0,1,2,
05_30_150dis04.csv,77,30,150,1,172,0,1,2,
05_30_150dis04.csv,78,30,150,1,172,0,1,2,
05_30_150dis04.csv,79,30,150,1,39,1,0,1,9
05_30_150dis04.csv,80,30,150,1,33,1,0,1,3
05_30_150dis04.csv,81,30,150,1,37,1,0,1,7
05_30_150dis04.csv,82,30,150,1,37,1,0,1,7
05_30_150dis04.csv,83,30,150,1,21,1,0,1,9
05_30_150dis04.csv,84,30,150,1,29,1,0,1,1
05_30_150dis04.csv,85,30,150,1,29,1,0,1,1
05_30_150dis04.csv,86,30,150,2,167;29,1,1,1,1
05_30_150dis04.csv,87,30,150,2,167;29,1,1,1,1
05_30_150dis04.csv,88,30,150,2,167;21,1,1,1,9
05_30_150dis04.csv,89,30,150,2,21;167,1,1,1,9
05_30_150dis04.csv,90,30,150,1,170,0,1,2,
05_30_150dis04.csv,91,30,150,1,171,0,1,2,
05_30_150dis04.csv,92,30,150,2,171;48,0,2,2,
05_30_150dis04.csv,93,30,150,2,162;35,2,0,0,5;12
05_30_150dis04.csv,94,30,150,2,160;58,1,1,1,10
05_30_150dis04.csv,95,30,150,2,135;47,1,1,1,15
05_30_150dis04.csv,96,30,150,2,129;47,0,2,2,
05_30_150dis04.csv,97,30,150,1,46,0,1,2,
05_30_150dis04.csv,98,30,150,1,46,0,1,2,
05_30_150dis04.csv,99,30,150,1,58,0,1,2,
05_30_150dis04.csv,100,30,150,1,58,0,1,2,
05_30_180dis02.csv,1,30,180,1,24,1,0,1,6
05_30_180dis02.csv,2,30,180,1,24,1,0,1,6
05_30_180dis02.csv,3,30,180,1,26,1,0,1,4
05_30_180dis02.csv,4,30,180,1,26,1,0,1,4
05_30_180dis02.csv,5,30,180,1,26,1,0,1,4
05_30_180dis02.csv,6,30,180,1,26,1,0,1,4
05_30_180dis02.csv,7,30,180,2,24;174,2,0,0,6;6
05_30_180dis02.csv,8,30,180,2,24;188,2,0,0,6;8
05_30_180dis02.csv,9,30,180,2,24;185,2,0,0,6;5
05_30_180dis02.csv,10,30,180,2,24;175,2,0,0,6;5
05_30_180dis02.csv,11,30,180,2,24;185,2,0,0,6;5
05_30_180dis02.csv,12,30,180,2,26;188,2,0,0,4;8
05_30_180dis02.csv,13,30,180,1,26,1,0,1,4
05_30_180dis02.csv,14,30,180,1,24,1,0,1,6
05_30_180dis02.csv,15,30,180,2,22;188,2,0,0,8;8
05_30_180dis02.csv,16,30,180,2,20;188,2,0,0,10;8
05_30_180dis02.csv,17,30,180,2,26;188,2,0,0,4;8
05_30_180dis02.csv,18,30,180,1,24,1,0,1,6
05_30_180dis02.csv,19,30,180,1,24,1,0,1,6
05_30_180dis02.csv,20,30,180,1,24,1,0,1,6
05_30_180dis02.csv,21,30,180,1,24,1,0,1,6
05_30_180dis02.csv,22,30,180,1,24,1,0,1,6
05_30_180dis02.csv,23,30,180,1,24,1,0,1,6
05_30_180dis02.csv,24,30,180,2,24;181,2,0,0,6;1
05_30_180dis02.csv,25,30,180,2,181;26,2,0,0,4;1
05_30_180dis02.csv,26,30,180,2,181;24,2,0,0,6;1
05_30_180dis02.csv,27,30,180,2,182;24,2,0,0,6;2
05_30_180dis02.csv,28,30,180,2,182;25,2,0,0,5;2
05_30_180dis02.csv,29,30,180,2,182;25,2,0,0,5;2
05_30_180dis02.csv,30,30,180,2,182;25,2,0,0,5;2
05_30_180dis02.csv,31,30,180,2,181;25,2,0,0,5;1
05_30_180dis02.csv,32,30,180,2,181;25,2,0,0,5;1
05_30_180dis02.csv,33,30,180,2,30;181,2,0,0,0;1
05_30_180dis02.csv,34,30,180,2,28;181,2,0,0,2;1
05_30_180dis02.csv,35,30,180,1,28,1,0,1,2
05_30_180dis02.csv,36,30,180,1,27,1,0,1,3
05_30_180dis02.csv,37,30,180,1,24,1,0,1,6
05_30_180dis02.csv,38,30,180,1,24,1,0,1,6
05_30_180dis02.csv,39,30,180,1,24,1,0,1,6
05_30_180dis02.csv,40,30,180,1,24,1,0,1,6
05_30_180dis02.csv,41,30,180,1,24,1,0,1,6
05_30_180dis02.csv,42,30,180,2,24;164,1,1,1,6
05_30_180dis02.csv,43,30,180,2,178;24,2,0,0,6;2
05_30_180dis02.csv,44,30,180,2,178;24,2,0,0,6;2
05_30_180dis02.csv,45,30,180,2,178;24,2,0,0,6;2
05_30_180dis02.csv,46,30,180,2,177;20,2,0,0,10;3
05_30_180dis02.csv,47,30,180,2,177;19,2,0,0,11;3
05_30_180dis02.csv,48,30,180,2,177;23,2,0,0,7;3
05_30_180dis02.csv,49,30,180,2,177;23,2,0,0,7;3
05_30_180dis02.csv,50,30,180,2,23;177,2,0,0,7;3
05_30_180dis02.csv,51,30,180,2,27;177,2,0,0,3;3
05_30_180dis02.csv,52,30,180,2,28;177,2,0,0,2;3
05_30_180dis02.csv,53,30,180,2,26;188,2,0,0,4;8
05_30_180dis02.csv,54,30,180,2,27;188,2,0,0,3;8
05_30_180dis02.csv,55,30,180,2,27;178,2,0,0,3;2
05_30_180dis02.csv,56,30,180,2,27;175,2,0,0,3;5
05_30_180dis02.csv,57,30,180,2,187;27,2,0,0,3;7
05_30_180dis02.csv,58,30,180,2,187;27,2,0,0,3;7
05_30_180dis02.csv,59,30,180,1,177,1,0,1,3
05_30_180dis02.csv,60,30,180,1,177,1,0,1,3
05_30_180dis02.csv,61,30,180,2,177;26,2,0,0,4;3
05_30_180dis02.csv,62,30,180,2,177;28,2,0,0,2;3
05_30_180dis02.csv,63,30,180,2,170;26,2,0,0,4;10
05_30_180dis02.csv,64,30,180,2,182;23,2,0,0,7;2
05_30_180dis02.csv,65,30,180,2,182;24,2,0,0,6;2
05_30_180dis02.csv,66,30,180,2,182;25,2,0,0,5;2
05_30_180dis02.csv,67,30,180,2,182;24,2,0,0,6;2
05_30_180dis02.csv,68,30,180,2,26;183,2,0,0,4;3
05_30_180dis02.csv,69,30,180,2,26;183,2,0,0,4;3
05_30_180dis02.csv,70,30,180,2,26;183,2,0,0,4;3
05_30_180dis02.csv,71,30,180,2,25;182,2,0,0,5;2
05_30_180dis02.csv,72,30,180,2,187;25,2,0,0,5;7
05_30_180dis02.csv,73,30,180,2,189;25,2,0,0,5;9
05_30_180dis02.csv,74,30,180,1,180,1,0,1,0
05_30_180dis02.csv,75,30,180,1,180,1,0,1,0
05_30_180dis02.csv,76,30,180,1,180,1,0,1,0
05_30_180dis02.csv,77,30,180,1,180,1,0,1,0
05_30_180dis02.csv,78,30,180,1,180,1,0,1,0
05_30_180dis02.csv,79,30,180,2,24;180,2,0,0,6;0
05_30_180dis02.csv,80,30,180,2,21;180,2,0,0,9;0
05_30_180dis02.csv,81,30,180,1,24,1,0,1,6
05_30_180dis02.csv,82,30,180,1,27,1,0,1,3
05_30_180dis02.csv,83,30,180,1,27,1,0,1,3
05_30_180dis02.csv,84,30,180,1,27,1,0,1,3
05_30_180dis02.csv,85,30,180,1,27,1,0,1,3
05_30_180dis02.csv,86,30,180,1,27,1,0,1,3
05_30_180dis02.csv,87,30,180,0,,0,0,2,
05_30_180dis02.csv,88,30,180,1,27,1,0,1,3
05_30_180dis02.csv,89,30,180,1,27,1,0,1,3
05_30_180dis02.csv,90,30,180,1,27,1,0,1,3
05_30_180dis02.csv,91,30,180,0,,0,0,2,
05_30_180dis02.csv,92,30,180,0,,0,0,2,
05_30_180dis02.csv,93,30,180,0,,0,0,2,
05_30_180dis02.csv,94,30,180,0,,0,0,2,
05_30_180dis02.csv,95,30,180,0,,0,0,2,
05_30_180dis02.csv,96,30,180,0,,0,0,2,
05_30_180dis02.csv,97,30,180,0,,0,0,2,
05_30_180dis02.csv,98,30,180,0,,0,0,2,
05_30_180dis02.csv,99,30,180,0,,0,0,2,
05_30_180dis02.csv,100,30,180,0,,0,0,2,
06_00_150dis03.csv,1,0,150,2,144;0,2,0,0,0;6
06_00_150dis03.csv,2,0,150,1,142,1,0,1,8
06_00_150dis03.csv,3,0,150,1,143,1,0,1,7
06_00_150dis03.csv,4,0,150,1,142,1,0,1,8
06_00_150dis03.csv,5,0,150,1,142,1,0,1,8
06_00_150dis03.csv,6,0,150,1,142,1,0,1,8
06_00_150dis03.csv,7,0,150,1,142,1,0,1,8
06_00_150dis03.csv,8,0,150,1,142,1,0,1,8
06_00_150dis03.csv,9,0,150,1,142,1,0,1,8
06_00_150dis03.csv,10,0,150,1,177,0,1,2,
06_00_150dis03.csv,11,0,150,1,146,1,0,1,4
06_00_150dis03.csv,12,0,150,1,146,1,0,1,4
06_00_150dis03.csv,13,0,150,1,145,1,0,1,5
06_00_150dis03.csv,14,0,150,1,145,1,0,1,5
06_00_150dis03.csv,15,0,150,1,146,1,0,1,4
06_00_150dis03.csv,16,0,150,1,149,1,0,1,1
06_00_150dis03.csv,17,0,150,1,149,1,0,1,1
06_00_150dis03.csv,18,0,150,1,148,1,0,1,2
06_00_150dis03.csv,19,0,150,2,148;3,2,0,0,3;2
06_00_150dis03.csv,20,0,150,2,149;7,2,0,0,7;1
06_00_150dis03.csv,21,0,150,2,149;8,2,0,0,8;1
06_00_150dis03.csv,22,0,150,2,149;8,2,0,0,8;1
06_00_150dis03.csv,23,0,150,2,149;8,2,0,0,8;1
06_00_150dis03.csv,24,0,150,2,7;149,2,0,0,7;1
06_00_150dis03.csv,25,0,150,1,15,1,0,1,15
06_00_150dis03.csv,26,0,150,1,15,1,0,1,15
06_00_150dis03.csv,27,0,150,1,14,1,0,1,14
06_00_150dis03.csv,28,0,150,1,9,1,0,1,9
06_00_150dis03.csv,29,0,150,2,7;140,2,0,0,7;10
06_00_150dis03.csv,30,0,150,2,141;7,2,0,0,7;9
06_00_150dis03.csv,31,0,150,2,141;7,2,0,0,7;9
06_00_150dis03.csv,32,0,150,2,141;7,2,0,0,7;9
06_00_150dis03.csv,33,0,150,2,141;7,2,0,0,7;9
06_00_150dis03.csv,34,0,150,2,7;141,2,0,0,7;9
06_00_150dis03.csv,35,0,150,2,7;141,2,0,0,7;9
06_00_150dis03.csv,36,0,150,2,7;158,2,0,0,7;8
06_00_150dis03.csv,37,0,150,2,7;158,2,0,0,7;8
06_00_150dis03.csv,38,0,150,1,356,1,0,1,4
06_00_150dis03.csv,39,0,150,2,158;356,2,0,0,4;8
06_00_150dis03.csv,40,0,150,1,168,0,1,2,
06_00_150dis03.csv,41,0,150,2,167;7,1,1,1,7
06_00_150dis03.csv,42,0,150,2,5;166,1,1,1,5
06_00_150dis03.csv,43,0,150,1,10,1,0,1,10
06_00_150dis03.csv,44,0,150,1,19,0,1,2,
06_00_150dis03.csv,45,0,150,2,156;6,2,0,0,6;6
06_00_150dis03.csv,46,0,150,2,156;6,2,0,0,6;6
06_00_150dis03.csv,47,0,150,2,156;6,2,0,0,6;6
06_00_150dis03.csv,48,0,150,2,4;156,2,0,0,4;6
06_00_150dis03.csv,49,0,150,1,4,1,0,1,4
06_00_150dis03.csv,50,0,150,2,4;156,2,0,0,4;6
06_00_150dis03.csv,51,0,150,1,5,1,0,1,5
06_00_150dis03.csv,52,0,150,1,141,1,0,1,9
06_00_150dis03.csv,53,0,150,2,142;10,2,0,0,10;8
06_00_150dis03.csv,54,0,150,2,151;10,2,0,0,10;1
06_00_150dis03.csv,55,0,150,2,143;10,2,0,0,10;7
06_00_150dis03.csv,56,0,150,2,152;359,2,0,0,1;2
06_00_150dis03.csv,57,0,150,2,145;10,2,0,0,10;5
06_00_150dis03.csv,58,0,150,2,144;10,2,0,0,10;6
06_00_150dis03.csv,59,0,150,1,159,1,0,1,9
06_00_150dis03.csv,60,0,150,2,152;10,2,0,0,10;2
06_00_150dis03.csv,61,0,150,1,152,1,0,1,2
06_00_150dis03.csv,62,0,150,2,152;8,2,0,0,8;2
06_00_150dis03.csv,63,0,150,1,152,1,0,1,2
06_00_150dis03.csv,64,0,150,2,152;8,2,0,0,8;2
06_00_150dis03.csv,65,0,150,2,1;152,2,0,0,1;2
06_00_150dis03.csv,66,0,150,1,14,1,0,1,14
06_00_150dis03.csv,67,0,150,1,14,1,0,1,14
06_00_150dis03.csv,68,0,150,2,14;153,2,0,0,14;3
06_00_150dis03.csv,69,0,150,2,156;10,2,0,0,10;6
06_00_150dis03.csv,70,0,150,2,153;8,2,0,0,8;3
06_00_150dis03.csv,71,0,150,2,152;8,2,0,0,8;2
06_00_150dis03.csv,72,0,150,2,153;8,2,0,0,8;3
06_00_150dis03.csv,73,0,150,2,153;7,2,0,0,7;3
06_00_150dis03.csv,74,0,150,2,153;7,2,0,0,7;3
06_00_150dis03.csv,75,0,150,2,153;7,2,0,0,7;3
06_00_150dis03.csv,76,0,150,2,152;7,2,0,0,7;2
06_00_150dis03.csv,77,0,150,2,153;7,2,0,0,7;3
06_00_150dis03.csv,78,0,150,2,5;162,2,0,0,5;12
06_00_150dis03.csv,79,0,150,2,20;162,1,1,1,12
06_00_150dis03.csv,80,0,150,1,143,1,0,1,7
06_00_150dis03.csv,81,0,150,1,142,1,0,1,8
06_00_150dis03.csv,82,0,150,2,153;8,2,0,0,8;3
06_00_150dis03.csv,83,0,150,1,148,1,0,1,2
06_00_150dis03.csv,84,0,150,1,142,1,0,1,8
06_00_150dis03.csv,85,0,150,1,142,1,0,1,8
06_00_150dis03.csv,86,0,150,1,142,1,0,1,8
06_00_150dis03.csv,87,0,150,1,142,1,0,1,8
06_00_150dis03.csv,88,0,150,1,142,1,0,1,8
06_00_150dis03.csv,89,0,150,1,142,1,0,1,8
06_00_150dis03.csv,90,0,150,1,142,1,0,1,8
06_00_150dis03.csv,91,0,150,1,153,1,0,1,3
06_00_150dis03.csv,92,0,150,1,153,1,0,1,3
06_00_150dis03.csv,93,0,150,2,153;6,2,0,0,6;3
06_00_150dis03.csv,94,0,150,2,142;5,2,0,0,5;8
06_00_150dis03.csv,95,0,150,2,153;5,2,0,0,5;3
06_00_150dis03.csv,96,0,150,2,153;5,2,0,0,5;3
06_00_150dis03.csv,97,0,150,1,13,1,0,1,13
06_00_150dis03.csv,98,0,150,1,13,1,0,1,13
06_00_150dis03.csv,99,0,150,1,13,1,0,1,13
06_00_150dis03.csv,100,0,150,1,13,1,0,1,13
06_00_230dis02.csv,1,0,230,1,220,1,0,1,10
06_00_230dis02.csv,2,0,230,1,221,1,0,1,9
06_00_230dis02.csv,3,0,230,1,222,1,0,1,8
06_00_230dis02.csv,4,0,230,2,221;286,1,1,1,9
06_00_230dis02.csv,5,0,230,2,229;286,1,1,1,1
06_00_230dis02.csv,6,0,230,2,228;9,2,0,0,9;2
06_00_230dis02.csv,7,0,230,2,359;227,2,0,0,1;3
06_00_230dis02.csv,8,0,230,2,9;227,2,0,0,9;3
06_00_230dis02.csv,9,0,230,2,9;228,2,0,0,9;2
06_00_230dis02.csv,10,0,230,2,9;228,2,0,0,9;2
06_00_230dis02.csv,11,0,230,2,9;228,2,0,0,9;2
06_00_230dis02.csv,12,0,230,2,224;10,2,0,0,10;6
06_00_230dis02.csv,13,0,230,2,224;9,2,0,0,9;6
06_00_230dis02.csv,14,0,230,2,224;9,2,0,0,9;6
06_00_230dis02.csv,15,0,230,1,227,1,0,1,3
06_00_230dis02.csv,16,0,230,2,357;227,2,0,0,3;3
06_00_230dis02.csv,17,0,230,2,16;227,1,1,1,3
06_00_230dis02.csv,18,0,230,1,16,0,1,2,
06_00_230dis02.csv,19,0,230,1,16,0,1,2,
06_00_230dis02.csv,20,0,230,1,5,1,0,1,5
06_00_230dis02.csv,21,0,230,1,16,0,1,2,
06_00_230dis02.csv,22,0,230,2,16;228,1,1,1,2
06_00_230dis02.csv,23,0,230,1,228,1,0,1,2
06_00_230dis02.csv,24,0,230,1,228,1,0,1,2
06_00_230dis02.csv,25,0,230,1,229,1,0,1,1
06_00_230dis02.csv,26,0,230,1,229,1,0,1,1
06_00_230dis02.csv,27,0,230,1,229,1,0,1,1
06_00_230dis02.csv,28,0,230,1,229,1,0,1,1
06_00_230dis02.csv,29,0,230,1,229,1,0,1,1
06_00_230dis02.csv,30,0,230,1,229,1,0,1,1
06_00_230dis02.csv,31,0,230,1,227,1,0,1,3
06_00_230dis02.csv,32,0,230,1,224,1,0,1,6
06_00_230dis02.csv,33,0,230,1,226,1,0,1,4
06_00_230dis02.csv,34,0,230,1,226,1,0,1,4
06_00_230dis02.csv,35,0,230,1,222,1,0,1,8
06_00_230dis02.csv,36,0,230,1,226,1,0,1,4
06_00_230dis02.csv,37,0,230,1,229,1,0,1,1
06_00_230dis02.csv,38,0,230,1,229,1,0,1,1
06_00_230dis02.csv,39,0,230,1,229,1,0,1,1
06_00_230dis02.csv,40,0,230,1,226,1,0,1,4
06_00_230dis02.csv,41,0,230,1,226,1,0,1,4
06_00_230dis02.csv,42,0,230,1,226,1,0,1,4
06_00_230dis02.csv,43,0,230,1,218,1,0,1,12
06_00_230dis02.csv,44,0,230,1,218,1,0,1,12
06_00_230dis02.csv,45,0,230,1,218,1,0,1,12
06_00_230dis02.csv,46,0,230,1,218,1,0,1,12
06_00_230dis02.csv,47,0,230,1,218,1,0,1,12
06_00_230dis02.csv,48,0,230,1,218,1,0,1,12
06_00_230dis02.csv,49,0,230,1,231,1,0,1,1
06_00_230dis02.csv,50,0,230,1,218,1,0,1,12
06_00_230dis02.csv,51,0,230,1,220,1,0,1,10
06_00_230dis02.csv,52,0,230,1,219,1,0,1,11
06_00_230dis02.csv,53,0,230,1,219,1,0,1,11
06_00_230dis02.csv,54,0,230,1,219,1,0,1,11
06_00_230dis02.csv,55,0,230,2,11;219,2,0,0,11;11
06_00_230dis02.csv,56,0,230,2,12;219,2,0,0,12;11
06_00_230dis02.csv,57,0,230,1,12,1,0,1,12
06_00_230dis02.csv,58,0,230,1,1,1,0,1,1
06_00_230dis02.csv,59,0,230,1,1,1,0,1,1
06_00_230dis02.csv,60,0,230,1,229,1,0,1,1
06_00_230dis02.csv,61,0,230,1,222,1,0,1,8
06_00_230dis02.csv,62,0,230,1,228,1,0,1,2
06_00_230dis02.csv,63,0,230,1,230,1,0,1,0
06_00_230dis02.csv,64,0,230,1,230,1,0,1,0
06_00_230dis02.csv,65,0,230,2,230;14,2,0,0,14;0
06_00_230dis02.csv,66,0,230,2,3;231,2,0,0,3;1
06_00_230dis02.csv,67,0,230,2,3;232,2,0,0,3;2
06_00_230dis02.csv,68,0,230,2,2;231,2,0,0,2;1
06_00_230dis02.csv,69,0,230,2,1;231,2,0,0,1;1
06_00_230dis02.csv,70,0,230,2,359;231,2,0,0,1;1
06_00_230dis02.csv,71,0,230,2,1;231,2,0,0,1;1
06_00_230dis02.csv,72,0,230,1,1,1,0,1,1
06_00_230dis02.csv,73,0,230,1,0,1,0,1,0
06_00_230dis02.csv,74,0,230,1,0,1,0,1,0
06_00_230dis02.csv,75,0,230,1,0,1,0,1,0
06_00_230dis02.csv,76,0,230,1,359,1,0,1,1
06_00_230dis02.csv,77,0,230,1,1,1,0,1,1
06_00_230dis02.csv,78,0,230,1,1,1,0,1,1
06_00_230dis02.csv,79,0,230,2,1;222,2,0,0,1;8
06_00_230dis02.csv,80,0,230,2,1;218,2,0,0,1;12
06_00_230dis02.csv,81,0,230,2,1;218,2,0,0,1;12
06_00_230dis02.csv,82,0,230,1,1,1,0,1,1
06_00_230dis02.csv,83,0,230,2,358;220,2,0,0,2;10
06_00_230dis02.csv,84,0,230,2,359;226,2,0,0,1;4
06_00_230dis02.csv,85,0,230,2,240;359,2,0,0,1;10
06_00_230dis02.csv,86,0,230,1,222,1,0,1,8
06_00_230dis02.csv,87,0,230,1,222,1,0,1,8
06_00_230dis02.csv,88,0,230,1,222,1,0,1,8
06_00_230dis02.csv,89,0,230,1,222,1,0,1,8
06_00_230dis02.csv,90,0,230,1,222,1,0,1,8
06_00_230dis02.csv,91,0,230,1,222,1,0,1,8
06_00_230dis02.csv,92,0,230,1,222,1,0,1,8
06_00_230dis02.csv,93,0,230,1,222,1,0,1,8
06_00_230dis02.csv,94,0,230,1,223,1,0,1,7
06_00_230dis02.csv,95,0,230,1,222,1,0,1,8
06_00_230dis02.csv,96,0,230,1,223,1,0,1,7
06_00_230dis02.csv,97,0,230,1,223,1,0,1,7
06_00_230dis02.csv,98,0,230,1,223,1,0,1,7
06_00_230dis02.csv,99,0,230,1,223,1,0,1,7
06_00_230dis02.csv,100,0,230,1,223,1,0,1,7
06_00_90dis03.csv,1,0,90,2,86;9,2,0,0,9;4
06_00_90dis03.csv,2,0,90,2,91;9,2,0,0,9;1
06_00_90dis03.csv,3,0,90,1,88,1,0,1,2
06_00_90dis03.csv,4,0,90,1,86,1,0,1,4
06_00_90dis03.csv,5,0,90,1,85,1,0,1,5
06_00_90dis03.csv,6,0,90,1,85,1,0,1,5
06_00_90dis03.csv,7,0,90,1,85,1,0,1,5
06_00_90dis03.csv,8,0,90,1,85,1,0,1,5
06_00_90dis03.csv,9,0,90,1,84,1,0,1,6
06_00_90dis03.csv,10,0,90,1,91,1,0,1,1
06_00_90dis03.csv,11,0,90,1,91,1,0,1,1
06_00_90dis03.csv,12,0,90,1,92,1,0,1,2
06_00_90dis03.csv,13,0,90,1,92,1,0,1,2
06_00_90dis03.csv,14,0,90,1,92,1,0,1,2
06_00_90dis03.csv,15,0,90,1,92,1,0,1,2
06_00_90dis03.csv,16,0,90,1,91,1,0,1,1
06_00_90dis03.csv,17,0,90,1,90,1,0,1,0
06_00_90dis03.csv,18,0,90,1,91,1,0,1,1
06_00_90dis03.csv,19,0,90,1,91,1,0,1,1
06_00_90dis03.csv,20,0,90,1,91,1,0,1,1
06_00_90dis03.csv,21,0,90,2,91;6,2,0,0,6;1
06_00_90dis03.csv,22,0,90,2,91;9,2,0,0,9;1
06_00_90dis03.csv,23,0,90,2,90;30,1,1,1,0
06_00_90dis03.csv,24,0,90,2,30;90,1,1,1,0
06_00_90dis03.csv,25,0,90,2,88;30,1,1,1,2
06_00_90dis03.csv,26,0,90,2,87;30,1,1,1,3
06_00_90dis03.csv,27,0,90,1,81,1,0,1,9
06_00_90dis03.csv,28,0,90,2,350;83,2,0,0,10;7
06_00_90dis03.csv,29,0,90,2,351;83,2,0,0,9;7
06_00_90dis03.csv,30,0,90,2,351;81,2,0,0,9;9
06_00_90dis03.csv,31,0,90,1,29,0,1,2,
06_00_90dis03.csv,32,0,90,1,29,0,1,2,
06_00_90dis03.csv,33,0,90,2,29;94,1,1,1,4
06_00_90dis03.csv,34,0,90,2,29;96,1,1,1,6
06_00_90dis03.csv,35,0,90,2,29;96,1,1,1,6
06_00_90dis03.csv,36,0,90,1,15,1,0,1,15
06_00_90dis03.csv,37,0,90,1,1,1,0,1,1
06_00_90dis03.csv,38,0,90,1,1,1,0,1,1
06_00_90dis03.csv,39,0,90,1,3,1,0,1,3
06_00_90dis03.csv,40,0,90,1,9,1,0,1,9
06_00_90dis03.csv,41,0,90,1,4,1,0,1,4
06_00_90dis03.csv,42,0,90,2,83;2,2,0,0,2;7
06_00_90dis03.csv,43,0,90,2,83;2,2,0,0,2;7
06_00_90dis03.csv,44,0,90,2,83;11,2,0,0,11;7
06_00_90dis03.csv,45,0,90,2,83;11,2,0,0,11;7
06_00_90dis03.csv,46,0,90,2,83;11,2,0,0,11;7
06_00_90dis03.csv,47,0,90,2,83;11,2,0,0,11;7
06_00_90dis03.csv,48,0,90,2,83;11,2,0,0,11;7
06_00_90dis03.csv,49,0,90,2,92;11,2,0,0,11;2
06_00_90dis03.csv,50,0,90,1,92,1,0,1,2
06_00_90dis03.csv,51,0,90,1,92,1,0,1,2
06_00_90dis03.csv,52,0,90,1,88,1,0,1,2
06_00_90dis03.csv,53,0,90,1,87,1,0,1,3
06_00_90dis03.csv,54,0,90,1,87,1,0,1,3
06_00_90dis03.csv,55,0,90,1,87,1,0,1,3
06_00_90dis03.csv,56,0,90,1,88,1,0,1,2
06_00_90dis03.csv,57,0,90,1,88,1,0,1,2
06_00_90dis03.csv,58,0,90,1,88,1,0,1,2
06_00_90dis03.csv,59,0,90,1,88,1,0,1,2
06_00_90dis03.csv,60,0,90,1,88,1,0,1,2
06_00_90dis03.csv,61,0,90,1,88,1,0,1,2
06_00_90dis03.csv,62,0,90,1,88,1,0,1,2
06_00_90dis03.csv,63,0,90,1,90,1,0,1,0
06_00_90dis03.csv,64,0,90,1,90,1,0,1,0
06_00_90dis03.csv,65,0,90,1,89,1,0,1,1
06_00_90dis03.csv,66,0,90,2,89;14,2,0,0,14;1
06_00_90dis03.csv,67,0,90,1,91,1,0,1,1
06_00_90dis03.csv,68,0,90,1,91,1,0,1,1
06_00_90dis03.csv,69,0,90,1,89,1,0,1,1
06_00_90dis03.csv,70,0,90,1,87,1,0,1,3
06_00_90dis03.csv,71,0,90,1,87,1,0,1,3
06_00_90dis03.csv,72,0,90,1,87,1,0,1,3
06_00_90dis03.csv,73,0,90,1,88,1,0,1,2
06_00_90dis03.csv,74,0,90,1,88,1,0,1,2
06_00_90dis03.csv,75,0,90,1,88,1,0,1,2
06_00_90dis03.csv,76,0,90,1,88,1,0,1,2
06_00_90dis03.csv,77,0,90,1,88,1,0,1,2
06_00_90dis03.csv,78,0,90,1,87,1,0,1,3
06_00_90dis03.csv,79,0,90,1,87,1,0,1,3
06_00_90dis03.csv,80,0,90,1,87,1,0,1,3
06_00_90dis03.csv,81,0,90,1,87,1,0,1,3
06_00_90dis03.csv,82,0,90,1,87,1,0,1,3
06_00_90dis03.csv,83,0,90,1,92,1,0,1,2
06_00_90dis03.csv,84,0,90,1,92,1,0,1,2
06_00_90dis03.csv,85,0,90,1,93,1,0,1,3
06_00_90dis03.csv,86,0,90,2,83;16,1,1,1,7
06_00_90dis03.csv,87,0,90,2,91;335,1,1,1,1
06_00_90dis03.csv,88,0,90,1,88,1,0,1,2
06_00_90dis03.csv,89,0,90,1,88,1,0,1,2
06_00_90dis03.csv,90,0,90,1,88,1,0,1,2
06_00_90dis03.csv,91,0,90,1,88,1,0,1,2
06_00_90dis03.csv,92,0,90,1,88,1,0,1,2
06_00_90dis03.csv,93,0,90,1,88,1,0,1,2
06_00_90dis03.csv,94,0,90,1,88,1,0,1,2
06_00_90dis03.csv,95,0,90,2,9;88,2,0,0,9;2
06_00_90dis03.csv,96,0,90,2,9;88,2,0,0,9;2
06_00_90dis03.csv,97,0,90,2,9;88,2,0,0,9;2
06_00_90dis03.csv,98,0,90,1,9,1,0,1,9
06_00_90dis03.csv,99,0,90,1,9,1,0,1,9
06_00_90dis03.csv,100,0,90,2,9;314,1,1,1,9
06_30_150dis02.csv,1,30,150,1,25,1,0,1,5
06_30_150dis02.csv,2,30,150,2,140;25,2,0,0,5;10
06_30_150dis02.csv,3,30,150,2,140;25,2,0,0,5;10
06_30_150dis02.csv,4,30,150,2,140;25,2,0,0,5;10
06_30_150dis02.csv,5,30,150,1,140,1,0,1,10
06_30_150dis02.csv,6,30,150,1,139,1,0,1,11
06_30_150dis02.csv,7,30,150,1,133,0,1,2,
06_30_150dis02.csv,8,30,150,1,136,1,0,1,14
06_30_150dis02.csv,9,30,150,1,141,1,0,1,9
06_30_150dis02.csv,10,30,150,1,141,1,0,1,9
06_30_150dis02.csv,11,30,150,1,137,1,0,1,13
06_30_150dis02.csv,12,30,150,1,137,1,0,1,13
06_30_150dis02.csv,13,30,150,1,141,1,0,1,9
06_30_150dis02.csv,14,30,150,1,141,1,0,1,9
06_30_150dis02.csv,15,30,150,2,48;138,1,1,1,12
06_30_150dis02.csv,16,30,150,2,27;161,2,0,0,3;11
06_30_150dis02.csv,17,30,150,2,136;27,2,0,0,3;14
06_30_150dis02.csv,18,30,150,2,137;27,2,0,0,3;13
06_30_150dis02.csv,19,30,150,2,23;140,2,0,0,7;10
06_30_150dis02.csv,20,30,150,2,23;140,2,0,0,7;10
06_30_150dis02.csv,21,30,150,1,23,1,0,1,7
06_30_150dis02.csv,22,30,150,1,22,1,0,1,8
06_30_150dis02.csv,23,30,150,2,22;150,2,0,0,8;0
06_30_150dis02.csv,24,30,150,2,22;134,1,1,1,8
06_30_150dis02.csv,25,30,150,2,22;135,2,0,0,8;15
06_30_150dis02.csv,26,30,150,2,22;135,2,0,0,8;15
06_30_150dis02.csv,27,30,150,2,22;134,1,1,1,8
06_30_150dis02.csv,28,30,150,2,135;22,2,0,0,8;15
06_30_150dis02.csv,29,30,150,2,135;21,2,0,0,9;15
06_30_150dis02.csv,30,30,150,1,135,1,0,1,15
06_30_150dis02.csv,31,30,150,1,135,1,0,1,15
06_30_150dis02.csv,32,30,150,1,135,1,0,1,15
06_30_150dis02.csv,33,30,150,2,135;29,2,0,0,1;15
06_30_150dis02.csv,34,30,150,2,28;135,2,0,0,2;15
06_30_150dis02.csv,35,30,150,2,28;135,2,0,0,2;15
06_30_150dis02.csv,36,30,150,2,139;28,2,0,0,2;11
06_30_150dis02.csv,37,30,150,2,139;28,2,0,0,2;11
06_30_150dis02.csv,38,30,150,1,138,1,0,1,12
06_30_150dis02.csv,39,30,150,2,138;27,2,0,0,3;12
06_30_150dis02.csv,40,30,150,2,137;29,2,0,0,1;13
06_30_150dis02.csv,41,30,150,2,138;21,2,0,0,9;12
06_30_150dis02.csv,42,30,150,2,21;138,2,0,0,9;12
06_30_150dis02.csv,43,30,150,2,19;138,2,0,0,11;12
06_30_150dis02.csv,44,30,150,2,26;138,2,0,0,4;12
06_30_150dis02.csv,45,30,150,1,29,1,0,1,1
06_30_150dis02.csv,46,30,150,1,29,1,0,1,1
06_30_150dis02.csv,47,30,150,1,27,1,0,1,3
06_30_150dis02.csv,48,30,150,1,23,1,0,1,7
06_30_150dis02.csv,49,30,150,1,23,1,0,1,7
06_30_150dis02.csv,50,30,150,1,23,1,0,1,7
06_30_150dis02.csv,51,30,150,1,23,1,0,1,7
06_30_150dis02.csv,52,30,150,2,23;140,2,0,0,7;10
06_30_150dis02.csv,53,30,150,2,23;137,2,0,0,7;13
06_30_150dis02.csv,54,30,150,2,23;138,2,0,0,7;12
06_30_150dis02.csv,55,30,150,2,26;137,2,0,0,4;13
06_30_150dis02.csv,56,30,150,1,26,1,0,1,4
06_30_150dis02.csv,57,30,150,1,26,1,0,1,4
06_30_150dis02.csv,58,30,150,1,25,1,0,1,5
06_30_150dis02.csv,59,30,150,1,23,1,0,1,7
06_30_150dis02.csv,60,30,150,1,24,1,0,1,6
06_30_150dis02.csv,61,30,150,2,23;134,1,1,1,7
06_30_150dis02.csv,62,30,150,1,23,1,0,1,7
06_30_150dis02.csv,63,30,150,2,23;147,2,0,0,7;3
06_30_150dis02.csv,64,30,150,2,24;147,2,0,0,6;3
06_30_150dis02.csv,65,30,150,2,23;147,2,0,0,7;3
06_30_150dis02.csv,66,30,150,2,22;147,2,0,0,8;3
06_30_150dis02.csv,67,30,150,1,22,1,0,1,8
06_30_150dis02.csv,68,30,150,1,21,1,0,1,9
06_30_150dis02.csv,69,30,150,1,23,1,0,1,7
06_30_150dis02.csv,70,30,150,1,23,1,0,1,7
06_30_150dis02.csv,71,30,150,0,,0,0,2,
06_30_150dis02.csv,72,30,150,0,,0,0,2,
06_30_150dis02.csv,73,30,150,0,,0,0,2,
06_30_150dis02.csv,74,30,150,0,,0,0,2,
06_30_150dis02.csv,75,30,150,0,,0,0,2,
06_30_150dis02.csv,76,30,150,0,,0,0,2,
06_30_150dis02.csv,77,30,150,2,137;23,2,0,0,7;13
06_30_150dis02.csv,78,30,150,2,139;20,2,0,0,10;11
06_30_150dis02.csv,79,30,150,2,139;20,2,0,0,10;11
06_30_150dis02.csv,80,30,150,2,139;20,2,0,0,10;11
06_30_150dis02.csv,81,30,150,2,23;139,2,0,0,7;11
06_30_150dis02.csv,82,30,150,2,24;139,2,0,0,6;11
06_30_150dis02.csv,83,30,150,1,137,1,0,1,13
06_30_150dis02.csv,84,30,150,1,137,1,0,1,13
06_30_150dis02.csv,85,30,150,1,137,1,0,1,13
06_30_150dis02.csv,86,30,150,1,137,1,0,1,13
06_30_150dis02.csv,87,30,150,1,137,1,0,1,13
06_30_150dis02.csv,88,30,150,1,137,1,0,1,13
06_30_150dis02.csv,89,30,150,2,155;23,2,0,0,7;5
06_30_150dis02.csv,90,30,150,1,152,1,0,1,2
06_30_150dis02.csv,91,30,150,1,152,1,0,1,2
06_30_150dis02.csv,92,30,150,1,152,1,0,1,2
06_30_150dis02.csv,93,30,150,1,152,1,0,1,2
06_30_150dis02.csv,94,30,150,1,152,1,0,1,2
06_30_150dis02.csv,95,30,150,1,141,1,0,1,9
06_30_150dis02.csv,96,30,150,2,26;155,2,0,0,4;5
06_30_150dis02.csv,97,30,150,1,24,1,0,1,6
06_30_150dis02.csv,98,30,150,1,24,1,0,1,6
06_30_150dis02.csv,99,30,150,1,24,1,0,1,6
06_30_150dis02.csv,100,30,150,1,28,1,0,1,2
06_30_150dis04.csv,1,30,150,0,,0,0,2,
06_30_150dis04.csv,2,30,150,0,,0,0,2,
06_30_150dis04.csv,3,30,150,0,,0,0,2,
06_30_150dis04.csv,4,30,150,0,,0,0,2,
06_30_150dis04.csv,5,30,150,0,,0,0,2,
06_30_150dis04.csv,6,30,150,2,56;143,1,1,1,7
06_30_150dis04.csv,7,30,150,2,34;143,2,0,0,4;7
06_30_150dis04.csv,8,30,150,0,,0,0,2,
06_30_150dis04.csv,9,30,150,0,,0,0,2,
06_30_150dis04.csv,10,30,150,0,,0,0,2,
06_30_150dis04.csv,11,30,150,2,78;34,1,1,1,4
06_30_150dis04.csv,12,30,150,1,38,1,0,1,8
06_30_150dis04.csv,13,30,150,1,38,1,0,1,8
06_30_150dis04.csv,14,30,150,1,35,1,0,1,5
06_30_150dis04.csv,15,30,150,1,35,1,0,1,5
06_30_150dis04.csv,16,30,150,1,35,1,0,1,5
06_30_150dis04.csv,17,30,150,1,39,1,0,1,9
06_30_150dis04.csv,18,30,150,2,39;152,2,0,0,9;2
06_30_150dis04.csv,19,30,150,2,40;152,2,0,0,10;2
06_30_150dis04.csv,20,30,150,2,40;152,2,0,0,10;2
06_30_150dis04.csv,21,30,150,2,148;40,2,0,0,10;2
06_30_150dis04.csv,22,30,150,2,158;40,2,0,0,10;8
06_30_150dis04.csv,23,30,150,1,137,1,0,1,13
06_30_150dis04.csv,24,30,150,1,162,1,0,1,12
06_30_150dis04.csv,25,30,150,1,162,1,0,1,12
06_30_150dis04.csv,26,30,150,1,134,0,1,2,
06_30_150dis04.csv,27,30,150,1,134,0,1,2,
06_30_150dis04.csv,28,30,150,1,134,0,1,2,
06_30_150dis04.csv,29,30,150,1,134,0,1,2,
06_30_150dis04.csv,30,30,150,1,135,1,0,1,15
06_30_150dis04.csv,31,30,150,1,135,1,0,1,15
06_30_150dis04.csv,32,30,150,1,134,0,1,2,
06_30_150dis04.csv,33,30,150,1,156,1,0,1,6
06_30_150dis04.csv,34,30,150,1,156,1,0,1,6
06_30_150dis04.csv,35,30,150,1,158,1,0,1,8
06_30_150dis04.csv,36,30,150,1,140,1,0,1,10
06_30_150dis04.csv,37,30,150,1,154,1,0,1,4
06_30_150dis04.csv,38,30,150,1,154,1,0,1,4
06_30_150dis04.csv,39,30,150,1,154,1,0,1,4
06_30_150dis04.csv,40,30,150,1,154,1,0,1,4
06_30_150dis04.csv,41,30,150,2,46;152,1,1,1,2
06_30_150dis04.csv,42,30,150,3,79;31;154,2,1,0,1;4
06_30_150dis04.csv,43,30,150,2,35;154,2,0,0,5;4
06_30_150dis04.csv,44,30,150,2,32;154,2,0,0,2;4
06_30_150dis04.csv,45,30,150,2,32;152,2,0,0,2;2
06_30_150dis04.csv,46,30,150,2,32;152,2,0,0,2;2
06_30_150dis04.csv,47,30,150,2,145;32,2,0,0,2;5
06_30_150dis04.csv,48,30,150,2,156;32,2,0,0,2;6
06_30_150dis04.csv,49,30,150,2,156;32,2,0,0,2;6
06_30_150dis04.csv,50,30,150,2,156;32,2,0,0,2;6
06_30_150dis04.csv,51,30,150,1,145,1,0,1,5
06_30_150dis04.csv,52,30,150,1,135,1,0,1,15
06_30_150dis04.csv,53,30,150,2,35;122,1,1,1,5
06_30_150dis04.csv,54,30,150,1,42,1,0,1,12
06_30_150dis04.csv,55,30,150,1,42,1,0,1,12
06_30_150dis04.csv,56,30,150,1,42,1,0,1,12
06_30_150dis04.csv,57,30,150,1,24,1,0,1,6
06_30_150dis04.csv,58,30,150,1,41,1,0,1,11
06_30_150dis04.csv,59,30,150,1,33,1,0,1,3
06_30_150dis04.csv,60,30,150,1,33,1,0,1,3
06_30_150dis04.csv,61,30,150,1,33,1,0,1,3
06_30_150dis04.csv,62,30,150,2,139;33,2,0,0,3;11
06_30_150dis04.csv,63,30,150,2,139;33,2,0,0,3;11
06_30_150dis04.csv,64,30,150,1,177,0,1,2,
06_30_150dis04.csv,65,30,150,1,139,1,0,1,11
06_30_150dis04.csv,66,30,150,0,,0,0,2,
06_30_150dis04.csv,67,30,150,1,50,0,1,2,
06_30_150dis04.csv,68,30,150,1,50,0,1,2,
06_30_150dis04.csv,69,30,150,1,50,0,1,2,
06_30_150dis04.csv,70,30,150,1,50,0,1,2,
06_30_150dis04.csv,71,30,150,1,39,1,0,1,9
06_30_150dis04.csv,72,30,150,1,46,0,1,2,
06_30_150dis04.csv,73,30,150,2,46;148,1,1,1,2
06_30_150dis04.csv,74,30,150,2,46;151,1,1,1,1
06_30_150dis04.csv,75,30,150,2,147;46,1,1,1,3
06_30_150dis04.csv,76,30,150,2,151;46,1,1,1,1
06_30_150dis04.csv,77,30,150,1,151,1,0,1,1
06_30_150dis04.csv,78,30,150,1,151,1,0,1,1
06_30_150dis04.csv,79,30,150,1,151,1,0,1,1
06_30_150dis04.csv,80,30,150,1,151,1,0,1,1
06_30_150dis04.csv,81,30,150,1,150,1,0,1,0
06_30_150dis04.csv,82,30,150,1,139,1,0,1,11
06_30_150dis04.csv,83,30,150,1,139,1,0,1,11
06_30_150dis04.csv,84,30,150,1,139,1,0,1,11
06_30_150dis04.csv,85,30,150,1,40,1,0,1,10
06_30_150dis04.csv,86,30,150,1,38,1,0,1,8
06_30_150dis04.csv,87,30,150,1,38,1,0,1,8
06_30_150dis04.csv,88,30,150,1,38,1,0,1,8
06_30_150dis04.csv,89,30,150,1,38,1,0,1,8
06_30_150dis04.csv,90,30,150,1,38,1,0,1,8
06_30_150dis04.csv,91,30,150,1,38,1,0,1,8
06_30_150dis04.csv,92,30,150,1,38,1,0,1,8
06_30_150dis04.csv,93,30,150,1,37,1,0,1,7
06_30_150dis04.csv,94,30,150,1,31,1,0,1,1
06_30_150dis04.csv,95,30,150,1,28,1,0,1,2
06_30_150dis04.csv,96,30,150,1,28,1,0,1,2
06_30_150dis04.csv,97,30,150,2,28;132,1,1,1,2
06_30_150dis04.csv,98,30,150,2,28;124,1,1,1,2
06_30_150dis04.csv,99,30,150,2,148;30,2,0,0,0;2
06_30_150dis04.csv,100,30,150,1,21,1,0,1,9
07_30_150dis04.csv,1,30,150,1,132,0,1,2,
07_30_150dis04.csv,2,30,150,1,74,0,1,2,
07_30_150dis04.csv,3,30,150,1,74,0,1,2,
07_30_150dis04.csv,4,30,150,1,74,0,1,2,
07_30_150dis04.csv,5,30,150,2,142;74,1,1,1,8
07_30_150dis04.csv,6,30,150,1,142,1,0,1,8
07_30_150dis04.csv,7,30,150,1,127,0,1,2,
07_30_150dis04.csv,8,30,150,1,133,0,1,2,
07_30_150dis04.csv,9,30,150,1,125,0,1,2,
07_30_150dis04.csv,10,30,150,1,129,0,1,2,
07_30_150dis04.csv,11,30,150,1,130,0,1,2,
07_30_150dis04.csv,12,30,150,1,130,0,1,2,
07_30_150dis04.csv,13,30,150,2,130;48,0,2,2,
07_30_150dis04.csv,14,30,150,2,130;50,0,2,2,
07_30_150dis04.csv,15,30,150,2,130;50,0,2,2,
07_30_150dis04.csv,16,30,150,1,34,1,0,1,4
07_30_150dis04.csv,17,30,150,1,35,1,0,1,5
07_30_150dis04.csv,18,30,150,1,35,1,0,1,5
07_30_150dis04.csv,19,30,150,1,31,1,0,1,1
07_30_150dis04.csv,20,30,150,1,114,0,1,2,
07_30_150dis04.csv,21,30,150,1,162,1,0,1,12
07_30_150dis04.csv,22,30,150,1,168,0,1,2,
07_30_150dis04.csv,23,30,150,1,168,0,1,2,
07_30_150dis04.csv,24,30,150,1,168,0,1,2,
07_30_150dis04.csv,25,30,150,1,168,0,1,2,
07_30_150dis04.csv,26,30,150,0,,0,0,2,
07_30_150dis04.csv,27,30,150,1,169,0,1,2,
07_30_150dis04.csv,28,30,150,1,168,0,1,2,
07_30_150dis04.csv,29,30,150,1,168,0,1,2,
07_30_150dis04.csv,30,30,150,1,173,0,1,2,
07_30_150dis04.csv,31,30,150,1,167,0,1,2,
07_30_150dis04.csv,32,30,150,1,167,0,1,2,
07_30_150dis04.csv,33,30,150,2,167;36,1,1,1,6
07_30_150dis04.csv,34,30,150,1,148,1,0,1,2
07_30_150dis04.csv,35,30,150,1,148,1,0,1,2
07_30_150dis04.csv,36,30,150,1,164,1,0,1,14
07_30_150dis04.csv,37,30,150,2,164;36,2,0,0,6;14
07_30_150dis04.csv,38,30,150,2,164;37,2,0,0,7;14
07_30_150dis04.csv,39,30,150,2,164;37,2,0,0,7;14
07_30_150dis04.csv,40,30,150,2,164;36,2,0,0,6;14
07_30_150dis04.csv,41,30,150,0,,0,0,2,
07_30_150dis04.csv,42,30,150,1,34,1,0,1,4
07_30_150dis04.csv,43,30,150,2,151;26,2,0,0,4;1
07_30_150dis04.csv,44,30,150,2,37;151,2,0,0,7;1
07_30_150dis04.csv,45,30,150,2,37;151,2,0,0,7;1
07_30_150dis04.csv,46,30,150,2,37;151,2,0,0,7;1
07_30_150dis04.csv,47,30,150,2,37;151,2,0,0,7;1
07_30_150dis04.csv,48,30,150,2,37;151,2,0,0,7;1
07_30_150dis04.csv,49,30,150,2,173;25,1,1,1,5
07_30_150dis04.csv,50,30,150,1,26,1,0,1,4
07_30_150dis04.csv,51,30,150,1,26,1,0,1,4
07_30_150dis04.csv,52,30,150,1,40,1,0,1,10
07_30_150dis04.csv,53,30,150,1,35,1,0,1,5
07_30_150dis04.csv,54,30,150,2,165;35,2,0,0,5;15
07_30_150dis04.csv,55,30,150,2,130;194,0,2,2,
07_30_150dis04.csv,56,30,150,2,130;33,1,1,1,3
07_30_150dis04.csv,57,30,150,2,130;67,0,2,2,
07_30_150dis04.csv,58,30,150,2,130;67,0,2,2,
07_30_150dis04.csv,59,30,150,2,130;67,0,2,2,
07_30_150dis04.csv,60,30,150,2,63;130,0,2,2,
07_30_150dis04.csv,61,30,150,2,63;130,0,2,2,
07_30_150dis04.csv,62,30,150,1,30,1,0,1,0
07_30_150dis04.csv,63,30,150,2,31;194,1,1,1,1
07_30_150dis04.csv,64,30,150,1,60,0,1,2,
07_30_150dis04.csv,65,30,150,1,60,0,1,2,
07_30_150dis04.csv,66,30,150,1,60,0,1,2,
07_30_150dis04.csv,67,30,150,2,127;30,1,1,1,0
07_30_150dis04.csv,68,30,150,2,30;127,1,1,1,0
07_30_150dis04.csv,69,30,150,2,44;128,1,1,1,14
07_30_150dis04.csv,70,30,150,1,42,1,0,1,12
07_30_150dis04.csv,71,30,150,1,42,1,0,1,12
07_30_150dis04.csv,72,30,150,1,42,1,0,1,12
07_30_150dis04.csv,73,30,150,1,42,1,0,1,12
07_30_150dis04.csv,74,30,150,0,,0,0,2,
07_30_150dis04.csv,75,30,150,0,,0,0,2,
07_30_150dis04.csv,76,30,150,2,44;1,1,1,1,14
07_30_150dis04.csv,77,30,150,1,31,1,0,1,1
07_30_150dis04.csv,78,30,150,1,52,0,1,2,
07_30_150dis04.csv,79,30,150,1,53,0,1,2,
07_30_150dis04.csv,80,30,150,1,52,0,1,2,
07_30_150dis04.csv,81,30,150,1,52,0,1,2,
07_30_150dis04.csv,82,30,150,0,,0,0,2,
07_30_150dis04.csv,83,30,150,1,37,1,0,1,7
07_30_150dis04.csv,84,30,150,1,38,1,0,1,8
07_30_150dis04.csv,85,30,150,1,59,0,1,2,
07_30_150dis04.csv,86,30,150,1,59,0,1,2,
07_30_150dis04.csv,87,30,150,0,,0,0,2,
07_30_150dis04.csv,88,30,150,1,59,0,1,2,
07_30_150dis04.csv,89,30,150,1,59,0,1,2,
07_30_150dis04.csv,90,30,150,1,29,1,0,1,1
07_30_150dis04.csv,91,30,150,2,42;134,1,1,1,12
07_30_150dis04.csv,92,30,150,2,45;134,1,1,1,15
07_30_150dis04.csv,93,30,150,1,44,1,0,1,14
07_30_150dis04.csv,94,30,150,1,44,1,0,1,14
07_30_150dis04.csv,95,30,150,1,44,1,0,1,14
07_30_150dis04.csv,96,30,150,1,44,1,0,1,14
07_30_150dis04.csv,97,30,150,1,44,1,0,1,14
07_30_150dis04.csv,98,30,150,2,44;138,2,0,0,14;12
07_30_150dis04.csv,99,30,150,2,138;44,2,0,0,14;12
07_30_150dis04.csv,100,30,150,2,168;44,1,1,1,14
08_30_150dis04.csv,1,30,150,0,,0,0,2,
08_30_150dis04.csv,2,30,150,0,,0,0,2,
08_30_150dis04.csv,3,30,150,1,26,1,0,1,4
08_30_150dis04.csv,4,30,150,1,48,0,1,2,
08_30_150dis04.csv,5,30,150,0,,0,0,2,
08_30_150dis04.csv,6,30,150,0,,0,0,2,
08_30_150dis04.csv,7,30,150,2,181;48,0,2,2,
08_30_150dis04.csv,8,30,150,1,178,0,1,2,
08_30_150dis04.csv,9,30,150,1,181,0,1,2,
08_30_150dis04.csv,10,30,150,1,171,0,1,2,
08_30_150dis04.csv,11,30,150,2,171;127,0,2,2,
08_30_150dis04.csv,12,30,150,1,175,0,1,2,
08_30_150dis04.csv,13,30,150,1,165,1,0,1,15
08_30_150dis04.csv,14,30,150,2,167;119,0,2,2,
08_30_150dis04.csv,15,30,150,2,167;119,0,2,2,
08_30_150dis04.csv,16,30,150,1,167,0,1,2,
08_30_150dis04.csv,17,30,150,1,167,0,1,2,
08_30_150dis04.csv,18,30,150,1,167,0,1,2,
08_30_150dis04.csv,19,30,150,1,167,0,1,2,
08_30_150dis04.csv,20,30,150,1,167,0,1,2,
08_30_150dis04.csv,21,30,150,1,167,0,1,2,
08_30_150dis04.csv,22,30,150,1,28,1,0,1,2
08_30_150dis04.csv,23,30,150,1,30,1,0,1,0
08_30_150dis04.csv,24,30,150,1,30,1,0,1,0
08_30_150dis04.csv,25,30,150,1,28,1,0,1,2
08_30_150dis04.csv,26,30,150,1,29,1,0,1,1
08_30_150dis04.csv,27,30,150,1,29,1,0,1,1
08_30_150dis04.csv,28,30,150,1,29,1,0,1,1
08_30_150dis04.csv,29,30,150,1,29,1,0,1,1
08_30_150dis04.csv,30,30,150,2,29;173,1,1,1,1
08_30_150dis04.csv,31,30,150,2,139;29,2,0,0,1;11
08_30_150dis04.csv,32,30,150,1,31,1,0,1,1
08_30_150dis04.csv,33,30,150,1,30,1,0,1,0
08_30_150dis04.csv,34,30,150,2,30;112,1,1,1,0
08_30_150dis04.csv,35,30,150,2,30;112,1,1,1,0
08_30_150dis04.csv,36,30,150,1,37,1,0,1,7
08_30_150dis04.csv,37,30,150,1,37,1,0,1,7
08_30_150dis04.csv,38,30,150,1,74,0,1,2,
08_30_150dis04.csv,39,30,150,1,76,0,1,2,
08_30_150dis04.csv,40,30,150,2,76;170,0,2,2,
08_30_150dis04.csv,41,30,150,1,75,0,1,2,
08_30_150dis04.csv,42,30,150,2,170;76,0,2,2,
08_30_150dis04.csv,43,30,150,2,170;76,0,2,2,
08_30_150dis04.csv,44,30,150,1,193,0,1,2,
08_30_150dis04.csv,45,30,150,1,188,0,1,2,
08_30_150dis04.csv,46,30,150,2,188;18,1,1,1,12
08_30_150dis04.csv,47,30,150,2,188;19,1,1,1,11
08_30_150dis04.csv,48,30,150,1,184,0,1,2,
08_30_150dis04.csv,49,30,150,2,39;184,1,1,1,9
08_30_150dis04.csv,50,30,150,2,179;25,1,1,1,5
08_30_150dis04.csv,51,30,150,2,38;134,1,1,1,8
08_30_150dis04.csv,52,30,150,2,38;133,1,1,1,8
08_30_150dis04.csv,53,30,150,2,133;38,1,1,1,8
08_30_150dis04.csv,54,30,150,2,133;39,1,1,1,9
08_30_150dis04.csv,55,30,150,2,133;38,1,1,1,8
08_30_150dis04.csv,56,30,150,1,133,0,1,2,
08_30_150dis04.csv,57,30,150,1,147,1,0,1,3
08_30_150dis04.csv,58,30,150,1,146,1,0,1,4
08_30_150dis04.csv,59,30,150,1,147,1,0,1,3
08_30_150dis04.csv,60,30,150,1,146,1,0,1,4
08_30_150dis04.csv,61,30,150,1,173,0,1,2,
08_30_150dis04.csv,62,30,150,2,172;122,0,2,2,
08_30_150dis04.csv,63,30,150,1,183,0,1,2,
08_30_150dis04.csv,64,30,150,1,173,0,1,2,
08_30_150dis04.csv,65,30,150,1,173,0,1,2,
08_30_150dis04.csv,66,30,150,1,146,1,0,1,4
08_30_150dis04.csv,67,30,150,1,146,1,0,1,4
08_30_150dis04.csv,68,30,150,1,144,1,0,1,6
08_30_150dis04.csv,69,30,150,2,31;94,1,1,1,1
08_30_150dis04.csv,70,30,150,1,32,1,0,1,2
08_30_150dis04.csv,71,30,150,1,35,1,0,1,5
08_30_150dis04.csv,72,30,150,1,32,1,0,1,2
08_30_150dis04.csv,73,30,150,1,32,1,0,1,2
08_30_150dis04.csv,74,30,150,1,32,1,0,1,2
08_30_150dis04.csv,75,30,150,2,32;176,1,1,1,2
08_30_150dis04.csv,76,30,150,2,148;32,2,0,0,2;2
08_30_150dis04.csv,77,30,150,1,32,1,0,1,2
08_30_150dis04.csv,78,30,150,1,37,1,0,1,7
08_30_150dis04.csv,79,30,150,1,37,1,0,1,7
08_30_150dis04.csv,80,30,150,1,36,1,0,1,6
08_30_150dis04.csv,81,30,150,1,32,1,0,1,2
08_30_150dis04.csv,82,30,150,1,37,1,0,1,7
08_30_150dis04.csv,83,30,150,1,36,1,0,1,6
08_30_150dis04.csv,84,30,150,1,36,1,0,1,6
08_30_150dis04.csv,85,30,150,1,19,1,0,1,11
08_30_150dis04.csv,86,30,150,1,172,0,1,2,
08_30_150dis04.csv,87,30,150,2,142;82,1,1,1,8
08_30_150dis04.csv,88,30,150,2,142;82,1,1,1,8
08_30_150dis04.csv,89,30,150,1,145,1,0,1,5
08_30_150dis04.csv,90,30,150,2,142;84,1,1,1,8
08_30_150dis04.csv,91,30,150,1,138,1,0,1,12
08_30_150dis04.csv,92,30,150,1,138,1,0,1,12
08_30_150dis04.csv,93,30,150,1,138,1,0,1,12
08_30_150dis04.csv,94,30,150,1,138,1,0,1,12
08_30_150dis04.csv,95,30,150,1,44,1,0,1,14
08_30_150dis04.csv,96,30,150,1,44,1,0,1,14
08_30_150dis04.csv,97,30,150,1,44,1,0,1,14
08_30_150dis04.csv,98,30,150,2,149;44,2,0,0,14;1
08_30_150dis04.csv,99,30,150,1,166,0,1,2,
08_30_150dis04.csv,100,30,150,2,173;112,0,2,2,
