timestamp,sound_type,detected_angle,bin_count,band_0,band_1,band_2,band_3,band_4,band_5,band_6,band_7,band_8,band_9,band_10,band_11,band_12,band_13,band_14,band_15,label
1789679336.0312178,keyboard,252,17,0.0,35506224.0,0.0,0.0,0.0,15359914.0,29375716.0,0.0,0.0,37810416.0,193410544.0,378048320.0,0.0,0.0,59515108.0,50190368.0,0
1789679336.445266,keyboard,256,24,31879904.0,3472817.75,0.0,12337386.0,33508858.0,8439726.0,5031643.0,8186213.0,0.0,3068502.0,5125935.0,26245932.0,1039676.9375,10153089.0,0.0,2045960.5,0
1789679336.635559,keyboard,256,6,1204928.875,243943.9375,0.0,0.0,0.0,0.0,0.0,128155.3828125,37955.67578125,0.0,0.0,0.0,619193.9375,0.0,96341.5078125,0.0,0
1789679337.0163038,keyboard,246,22,64342496.0,13505331.0,0.0,0.0,34355608.0,7678618.5,36203708.0,19611726.0,14968382.0,15211144.0,9163825.0,4606445.0,11032639.0,0.0,0.0,0.0,0
1789679337.206735,keyboard,246,23,0.0,1402484.625,14604288.0,11956260.0,6009841.0,8971652.0,21471804.0,16998136.0,5770308.0,7556527.0,0.0,10446402.0,0.0,9498490.0,0.0,0.0,0
1789679337.3021042,keyboard,242,11,6491806.0,4506684.5,5343784.0,0.0,0.0,0.0,2149547.0,0.0,0.0,0.0,1769254.75,10265886.0,4361563.0,0.0,8621111.0,618093.5,0
1789679337.3966334,keyboard,248,23,0.0,0.0,6060971.0,4476354.5,3634315.0,6650035.5,11763964.0,19790612.0,3952102.75,6210144.0,989246.5625,8860387.0,0.0,27511240.0,0.0,0.0,0
1789679337.778624,keyboard,270,11,1264465.375,602453.25,679113.5,355404.125,515738.0,0.0,297228.1875,144602.3125,0.0,0.0,0.0,0.0,0.0,0.0,0.0,0.0,0
1789679339.3003545,keyboard,255,19,55142056.0,17872052.0,11024630.0,0.0,35443872.0,13257440.0,29552162.0,19475638.0,0.0,11692730.0,0.0,0.0,23911948.0,41822616.0,5819242.5,0.0,0
1789679339.5213263,keyboard,247,15,57343708.0,16137362.0,26992942.0,0.0,28489806.0,17186888.0,36119232.0,0.0,0.0,64480392.0,0.0,0.0,0.0,67922816.0,0.0,0.0,0
1789679339.7137704,keyboard,247,4,0.0,0.0,1122966.5,0.0,0.0,0.0,908671.625,0.0,0.0,0.0,13389930.0,0.0,0.0,2148038.5,0.0,0.0,0
1789679340.4739444,keyboard,242,17,88113448.0,11016121.0,0.0,0.0,45355032.0,25836076.0,81130656.0,0.0,0.0,59326372.0,0.0,0.0,50141328.0,105101824.0,0.0,0.0,0
1789679343.6772375,keyboard,243,4,0.0,0.0,0.0,0.0,1179386.75,0.0,23828008.0,0.0,0.0,0.0,1369937.0,0.0,0.0,0.0,0.0,0.0,0
1789679346.5569484,keyboard,352,19,0.0,0.0,0.0,0.0,977713.25,270618.40625,724763.1875,947382.875,147848.34375,457056.40625,660973.375,893287.1875,0.0,1313757.25,1107412.875,1147050.875,0
1789679346.6284437,keyboard,351,12,0.0,0.0,0.0,51983.84375,0.0,0.0,81039.953125,0.0,129686.8125,131767.625,187598.84375,143272.40625,66819.453125,94139.3046875,0.0,55473.0859375,0
1789679348.711546,keyboard,352,24,0.0,0.0,3358704.0,1779346.25,3639886.0,7857102.5,7006395.0,2971623.0,20916110.0,29965994.0,14386417.0,33886272.0,98332544.0,53190776.0,3702629.0,0.0,0
1789679348.9004428,keyboard,348,29,0.0,0.0,680437.0625,192700.25,426342.53125,717187.8125,3519176.75,1252596.375,1420736.25,6375223.0,7126967.0,18523578.0,7053607.0,1976224.625,1109098.0,7981458.5,0
1789679349.0907536,keyboard,353,26,0.0,0.0,0.0,118032.515625,195409.75,243294.671875,203807.875,1938463.125,1652418.0,1577779.5,1695364.75,3960550.25,9311535.0,23634180.0,6633424.5,7173875.5,0
1789679349.1550772,keyboard,353,18,0.0,845459.8125,98121.7265625,0.0,0.0,0.0,0.0,0.0,1030035.8125,4829829.0,5135975.5,4303637.0,6249694.0,11885442.0,0.0,3506938.75,0
1789679349.281161,keyboard,353,18,0.0,0.0,0.0,0.0,0.0,588067.3125,0.0,0.0,253183.0625,539897.125,1785676.75,8281754.0,3108904.5,28356434.0,12716440.0,9695044.0,0
1789679349.326633,keyboard,349,19,0.0,0.0,0.0,0.0,0.0,444332.1875,8685466.0,23988340.0,8974472.0,4789424.5,15914662.0,20309030.0,10067858.0,469666.90625,0.0,0.0,0
1789679349.5033607,keyboard,356,25,4088286.5,0.0,0.0,2822648.5,3653061.0,10359915.0,27306892.0,10171334.0,7842469.0,7994327.0,19088636.0,19160988.0,11009080.0,2311624.25,0.0,1898682.875,0
1789679349.5639691,keyboard,355,12,0.0,0.0,0.0,180951.484375,0.0,0.0,1488050.125,787913.6875,902627.5625,1313481.0,5150041.0,2818401.25,0.0,0.0,230261.609375,0.0,0
1789679349.62967,keyboard,356,11,0.0,0.0,0.0,1212770.5,0.0,799769.75,0.0,585915.5,2417203.25,1671396.75,441012.3125,495614.875,0.0,365143.75,0.0,0.0,0
1789679349.694479,keyboard,356,9,0.0,0.0,641447.0625,231670.15625,249166.25,0.0,0.0,451572.75,253711.0,0.0,0.0,0.0,52736.0703125,0.0,0.0,0.0,0
1789679349.7449634,keyboard,356,14,0.0,0.0,0.0,0.0,2129034.0,503014.6875,0.0,412638.9375,1338522.25,360071.84375,887901.875,0.0,0.0,605398.25,1017456.8125,427820.84375,0
1789679349.7935574,keyboard,353,27,1152194.75,1725013.25,7684903.0,0.0,0.0,6894700.0,23286332.0,27325410.0,31343346.0,21049176.0,11664357.0,22108004.0,8222721.0,4340688.0,910548.3125,1268793.0,0
1789679349.8823378,keyboard,354,15,0.0,0.0,0.0,0.0,2259093.5,0.0,0.0,1373235.375,1088424.5,1830449.375,0.0,195491.3125,1130244.0,0.0,161142.75,284430.625,0
1789679352.1316538,keyboard,358,20,0.0,9704976.0,0.0,1802275.0,6216572.0,11639497.0,4705406.0,0.0,9533194.0,70651264.0,12261698.0,3980775.25,25140714.0,1972291.375,1973480.75,35113644.0,0
1789679352.5101628,keyboard,6,13,0.0,0.0,0.0,2314343.0,4969701.0,2190823.5,0.0,0.0,0.0,22038918.0,2566994.0,8378359.5,2339313.5,0.0,3749939.5,11520674.0,0
1789679352.7024028,keyboard,0,17,0.0,0.0,0.0,0.0,7558136.0,19353516.0,6531407.0,4451539.0,30573230.0,149754976.0,21528816.0,0.0,22444604.0,3456097.5,0.0,2567330.5,0
1789679355.7101958,keyboard,357,22,0.0,0.0,0.0,0.0,378385.5625,4423584.0,324310.0625,4737014.0,5506439.5,23806950.0,5873080.0,37958464.0,17165640.0,10978518.0,3965375.0,4158452.75,0
1789679356.1228662,keyboard,355,14,0.0,0.0,0.0,0.0,7177864.0,8517313.0,10410354.0,8026666.0,0.0,28492948.0,73682928.0,27923066.0,0.0,3408613.25,4847553.0,14953988.0,0
1789679357.1997046,keyboard,4,24,3972282.25,0.0,0.0,3530186.0,1616502.5,7958013.5,11577133.0,8843842.0,0.0,13587560.0,3182787.25,24779174.0,50631176.0,4911197.5,21476990.0,17521356.0,0
1789679357.2646985,keyboard,4,4,0.0,0.0,0.0,0.0,0.0,235779.796875,251009.65625,243590.453125,0.0,263825.15625,0.0,0.0,0.0,0.0,0.0,0.0,0
1789679357.6752615,keyboard,9,23,0.0,0.0,0.0,0.0,4703151.0,1483205.625,41293672.0,10547050.0,0.0,10673490.0,68609776.0,80149248.0,85152048.0,40506856.0,7214875.0,14674431.0,0
1789679358.9745429,keyboard,1,18,0.0,0.0,0.0,0.0,1186637.375,0.0,10311580.0,1605714.25,28787798.0,27834618.0,29823712.0,77619096.0,31690962.0,5551876.5,1531841.5,0.0,0
1789679363.4714086,keyboard,358,10,0.0,0.0,1254039.0,0.0,0.0,2760642.5,0.0,0.0,3720826.5,0.0,0.0,1973634.75,0.0,539012.25,409973.9375,420886.03125,0
1789679363.7572284,keyboard,5,18,0.0,0.0,0.0,0.0,11084196.0,3176309.75,725876.625,5089459.0,5442522.0,2306537.0,74110.2890625,0.0,1201815.75,611288.5,807142.625,21694.9765625,0
1789679365.4675138,keyboard,15,13,0.0,0.0,0.0,0.0,3830309.0,0.0,0.0,0.0,0.0,2011360.625,1574173.0,16192803.0,22407076.0,2632921.5,0.0,5582680.0,0
1789679365.6883764,keyboard,354,15,877662.5,0.0,0.0,181871.46875,7233134.0,11491914.0,2994320.25,0.0,12665375.0,1028783.875,410493.90625,0.0,0.0,0.0,0.0,0.0,0
1789679368.82348,keyboard,354,23,0.0,0.0,0.0,600657.3125,1291947.125,2119558.0,0.0,3547789.5,4251900.5,3012621.5,1235620.875,9570460.0,12580287.0,17571812.0,6193812.5,44984108.0,0
1789679368.869314,keyboard,354,14,642432.75,122169.8203125,2604055.25,0.0,1201453.375,0.0,326983.625,1622162.25,0.0,201399.21875,390590.0,356019.625,0.0,0.0,0.0,0.0,0
1789679369.045279,keyboard,1,27,0.0,0.0,7352837.0,2157665.0,941155.25,4577843.5,8417774.0,31473464.0,13621976.0,172086560.0,67486144.0,142701344.0,29963892.0,33946776.0,62490096.0,1636829.0,0
1789679372.6565115,keyboard,5,16,10200636.0,0.0,0.0,91855712.0,0.0,31751812.0,26919056.0,13732482.0,0.0,164907152.0,131916992.0,248562784.0,44192220.0,0.0,14136536.0,0.0,0
1789679376.1726394,keyboard,346,18,87277768.0,0.0,30353644.0,0.0,38732208.0,15268849.0,5063104.0,1440598.75,2768478.5,11649998.0,0.0,24770714.0,0.0,4497192.0,3898698.5,0.0,0
1789679376.2677212,keyboard,341,28,40993168.0,0.0,100914080.0,149840016.0,220860672.0,284565600.0,70894192.0,0.0,56153072.0,111289984.0,57327244.0,61793364.0,189584416.0,118730368.0,3948299.75,46932236.0,0
1789679376.4892762,keyboard,353,19,8202713.5,0.0,0.0,16756108.0,69480488.0,45892560.0,0.0,0.0,22993532.0,21534034.0,0.0,17472968.0,8074402.0,54441084.0,27639390.0,2854966.0,0
1789679376.711276,keyboard,354,10,2866711.5,0.0,43550000.0,39269944.0,0.0,0.0,2696183.25,0.0,0.0,6103464.5,1159950.75,0.0,0.0,0.0,5886793.0,0.0,0
1789679376.8058095,keyboard,339,32,161857024.0,57614660.0,289688256.0,208955136.0,257159744.0,227330976.0,64028804.0,64918380.0,19221310.0,13338824.0,18486582.0,1584677.375,50037064.0,69749520.0,0.0,20892898.0,0
1789679377.756897,keyboard,340,23,9222602.0,3799474.25,10696774.0,10930366.0,10650235.0,15408791.0,5798881.0,32870672.0,13617636.0,50040312.0,44647592.0,27774808.0,0.0,4017292.0,23231554.0,4632325.0,0
1789679378.1675844,keyboard,331,20,6765967.0,0.0,0.0,0.0,2313902.5,402044.53125,2902058.75,972749.875,917339.375,0.0,1358445.25,5561335.0,22343220.0,52725672.0,15203353.0,9459852.0,0
1789679378.6751847,keyboard,342,20,0.0,0.0,0.0,21036628.0,34976016.0,0.0,21258364.0,39679856.0,23981384.0,66296316.0,126831520.0,148100640.0,26740588.0,0.0,59302992.0,65623076.0,0
1789679379.275854,keyboard,354,15,0.0,6698943.0,208708384.0,315654560.0,0.0,0.0,0.0,0.0,943077.25,4057944.5,6592570.0,2506723.75,21934632.0,10879005.0,5989415.0,0.0,0
1789679379.3715868,keyboard,338,34,78389832.0,33710024.0,0.0,79339952.0,251959200.0,122339944.0,62835168.0,26107680.0,102482480.0,185304944.0,87260880.0,46403600.0,125728880.0,167574784.0,30679100.0,39395136.0,0
1789679380.2903557,keyboard,347,32,58861008.0,42665916.0,26257944.0,12671786.0,61728720.0,8102781.5,26369240.0,3506725.25,7645330.5,17120688.0,17332346.0,146521760.0,56051112.0,35039872.0,44983408.0,0.0,0
1789679380.9864104,keyboard,351,26,4338276.0,0.0,292059264.0,158267296.0,33464502.0,0.0,17834034.0,1556761.75,2855172.0,7717658.0,11413131.0,63861912.0,58074672.0,28495566.0,38222148.0,85323144.0,0
1789679385.3247168,keyboard,359,24,0.0,0.0,0.0,0.0,279590.0625,3120927.5,3115946.5,718604.125,649191.3125,4394738.5,1556613.25,1303553.5,1784578.625,17204556.0,14178578.0,9610821.0,0
1789679390.831255,keyboard,359,28,10605304.0,1424340.25,0.0,0.0,17236848.0,38779204.0,26879648.0,38910120.0,212845872.0,201045072.0,27258620.0,54891824.0,86266784.0,56444716.0,82767304.0,36735504.0,0
1789679392.3514004,keyboard,347,25,34297684.0,0.0,641442816.0,94199104.0,28707302.0,108472536.0,68624736.0,120090688.0,59048412.0,30655288.0,0.0,135728384.0,292524032.0,287218048.0,17190260.0,0.0,0
1789679392.6682498,keyboard,334,27,322595232.0,72080896.0,319820224.0,104312016.0,167873712.0,62541320.0,60089312.0,19686656.0,14981798.0,6327266.0,0.0,52513352.0,10242143.0,22224314.0,0.0,0.0,0
1789679392.9231906,keyboard,353,20,8219495.5,0.0,0.0,0.0,145388608.0,92599368.0,58117568.0,24494088.0,25941046.0,16738172.0,0.0,29277664.0,61395392.0,106845800.0,28468192.0,0.0,0
1789679393.0482829,keyboard,349,26,13720492.0,8358097.0,106837832.0,107331168.0,103902384.0,96689600.0,55946588.0,37414248.0,1295767.875,52383256.0,0.0,26714484.0,92716696.0,81625384.0,20160094.0,0.0,0
1789679393.206131,keyboard,346,11,5720076.0,0.0,0.0,0.0,0.0,0.0,3645795.0,2257937.0,3732480.5,33142376.0,13378230.0,23934910.0,1786672.625,2398515.5,0.0,0.0,0
1789679393.3021555,keyboard,353,26,0.0,0.0,0.0,55771604.0,11500349.0,17884234.0,4008715.0,5835328.0,35488584.0,50245184.0,11569888.0,26337000.0,14636202.0,15988382.0,7029022.0,3531211.75,0
1789679393.523323,keyboard,340,37,81875872.0,204202640.0,764145984.0,86861672.0,82431192.0,11753148.0,187323024.0,217586592.0,250118784.0,111463296.0,81905152.0,117974400.0,100847528.0,166391488.0,99473128.0,340143968.0,0
1789679394.251556,keyboard,9,12,0.0,0.0,0.0,2237293.0,10161288.0,0.0,0.0,1634593.625,0.0,0.0,0.0,243409.65625,0.0,554627.125,789479.75,1205244.875,0
1789679395.8035364,keyboard,300,9,72854784.0,60740260.0,28603100.0,0.0,0.0,0.0,0.0,0.0,0.0,26766284.0,13175258.0,0.0,0.0,0.0,0.0,0.0,0
1789679395.9306014,keyboard,271,4,0.0,0.0,0.0,0.0,0.0,0.0,0.0,0.0,0.0,0.0,4596715.5,13656575.0,22144492.0,0.0,0.0,0.0,0
1789679395.9906273,keyboard,3,4,6652607.5,0.0,17919394.0,0.0,0.0,0.0,0.0,0.0,0.0,4566095.5,0.0,5665646.5,0.0,0.0,0.0,0.0,0
1789679396.179695,keyboard,4,3,0.0,0.0,105075664.0,0.0,0.0,0.0,0.0,0.0,0.0,1718322.375,0.0,0.0,0.0,0.0,0.0,0.0,0
1789679396.597482,keyboard,333,4,22013604.0,18353484.0,0.0,0.0,0.0,0.0,0.0,0.0,0.0,0.0,0.0,0.0,0.0,0.0,0.0,0.0,0
1789679397.512179,keyboard,234,4,0.0,0.0,0.0,0.0,0.0,0.0,0.0,0.0,0.0,0.0,0.0,0.0,29567952.0,19564614.0,0.0,3153388.25,0
1789679397.6092477,keyboard,162,7,554368064.0,0.0,0.0,0.0,0.0,0.0,0.0,0.0,168431776.0,0.0,0.0,0.0,0.0,52153604.0,0.0,10940558.0,0
1789679400.2372012,keyboard,159,8,0.0,0.0,0.0,0.0,0.0,0.0,7103600.5,29862964.0,6780097.0,100495576.0,0.0,0.0,249173808.0,179984672.0,0.0,0.0,0
1789679400.3314571,keyboard,182,5,0.0,0.0,0.0,0.0,0.0,0.0,0.0,127471896.0,241542192.0,176475168.0,0.0,0.0,0.0,50759352.0,0.0,0.0,0
1789679400.332616,keyboard,130,7,0.0,0.0,0.0,0.0,0.0,0.0,35509072.0,0.0,0.0,0.0,0.0,448422144.0,326789376.0,101830720.0,0.0,0.0,0
1789679401.342197,keyboard,226,11,554070.6875,0.0,0.0,0.0,0.0,5833050.5,3043565.5,7942545.0,1387622.875,17412586.0,0.0,0.0,83876408.0,60677060.0,0.0,0.0,0
1789679402.1992104,keyboard,183,4,0.0,0.0,0.0,0.0,0.0,0.0,33476888.0,0.0,0.0,0.0,0.0,0.0,23319542.0,32383006.0,0.0,0.0,0
1789679402.3231392,keyboard,132,3,0.0,0.0,0.0,0.0,0.0,0.0,0.0,0.0,0.0,0.0,0.0,0.0,0.0,7358269.5,19095040.0,26897162.0,0
1789679402.4446564,keyboard,195,5,0.0,0.0,20667794.0,0.0,0.0,0.0,0.0,0.0,74482912.0,125440056.0,0.0,0.0,0.0,0.0,49827192.0,0.0,0
1789679402.445451,keyboard,107,6,0.0,0.0,0.0,0.0,3738073.5,0.0,38127096.0,27831128.0,0.0,0.0,0.0,0.0,83185392.0,12688497.0,0.0,0.0,0
1789679402.52066,keyboard,237,9,0.0,23368304.0,0.0,45330508.0,84718208.0,0.0,0.0,0.0,0.0,0.0,0.0,52868444.0,14800273.0,0.0,0.0,0.0,0
1789679402.6733022,keyboard,182,8,0.0,0.0,0.0,0.0,0.0,0.0,44286564.0,0.0,47279408.0,307468224.0,0.0,20433214.0,13493382.0,0.0,0.0,13219888.0,0
1789679402.7682383,keyboard,235,6,0.0,53486400.0,39215132.0,0.0,7014216.0,0.0,0.0,0.0,0.0,0.0,0.0,29770412.0,0.0,0.0,0.0,0.0,0
1789679403.2113564,keyboard,259,5,0.0,0.0,0.0,0.0,0.0,0.0,0.0,0.0,0.0,0.0,0.0,0.0,26851888.0,0.0,94407600.0,9331464.0,0
1789679403.3051584,keyboard,235,17,0.0,2114485.5,40833488.0,88948232.0,127977328.0,35205232.0,0.0,0.0,0.0,2117554.25,0.0,47379412.0,7984770.0,0.0,0.0,7412475.0,0
1789679403.4322052,keyboard,245,18,525661344.0,749199552.0,2493021184.0,1868784128.0,1472900480.0,103706448.0,347734432.0,108575424.0,0.0,0.0,103148368.0,82918552.0,311024832.0,0.0,0.0,0.0,0
1789679403.6220777,keyboard,249,7,143478448.0,147384384.0,0.0,56252204.0,30471922.0,0.0,0.0,0.0,0.0,10480882.0,27409628.0,0.0,0.0,0.0,0.0,1207981.75,0
1789679403.7808282,keyboard,238,23,168951632.0,0.0,248360000.0,327410848.0,350497536.0,75699136.0,68400232.0,96218520.0,123018304.0,249528688.0,102223472.0,133724384.0,0.0,0.0,0.0,3279421.5,0
1789679403.970006,keyboard,246,24,160556688.0,208553040.0,189886368.0,365191488.0,470422208.0,56958552.0,60770336.0,46028040.0,12922065.0,101058256.0,0.0,0.0,15533063.0,33717632.0,63827276.0,24146300.0,0
1789679404.1611536,keyboard,240,15,205085296.0,330580544.0,185864384.0,328612768.0,304785184.0,46878944.0,52934924.0,7427076.0,0.0,55595312.0,96753280.0,0.0,0.0,0.0,0.0,0.0,0
1789679404.3511176,keyboard,239,18,0.0,0.0,261859856.0,395033664.0,314476512.0,58280848.0,59325900.0,27838808.0,14533480.0,108710576.0,114840872.0,0.0,75791448.0,15533416.0,0.0,0.0,0
1789679404.5728576,keyboard,238,14,45480596.0,78229064.0,128542688.0,109718448.0,84150776.0,12675473.0,23236028.0,11473400.0,0.0,70072112.0,129445424.0,0.0,0.0,0.0,0.0,0.0,0
1789679405.8397806,keyboard,247,8,0.0,0.0,0.0,639118272.0,719558464.0,55879792.0,115497944.0,0.0,0.0,9502830.0,0.0,0.0,0.0,0.0,0.0,0.0,0
1789679405.841015,keyboard,198,9,338417536.0,0.0,0.0,0.0,0.0,0.0,0.0,0.0,138822016.0,212931424.0,79080672.0,81234536.0,28469844.0,0.0,0.0,0.0,0
1789679406.2177286,keyboard,248,8,0.0,3781862.25,15243532.0,0.0,761088.625,0.0,4052564.25,0.0,2885848.25,0.0,0.0,0.0,10699018.0,4245081.5,0.0,4889569.5,0
1789679410.1725094,keyboard,92,7,0.0,0.0,0.0,0.0,0.0,0.0,0.0,0.0,0.0,0.0,26388680.0,0.0,188614592.0,155544592.0,31941166.0,0.0,0
1789679410.3643107,keyboard,99,7,0.0,0.0,0.0,0.0,0.0,0.0,0.0,0.0,0.0,0.0,51382612.0,0.0,64354652.0,152762256.0,121624304.0,49405404.0,0
1789679410.3650827,keyboard,320,3,112936832.0,154267904.0,0.0,0.0,0.0,0.0,0.0,0.0,0.0,0.0,0.0,0.0,0.0,0.0,0.0,0.0,0
1789679410.5525086,keyboard,120,6,0.0,0.0,0.0,0.0,0.0,0.0,0.0,0.0,0.0,0.0,0.0,72997056.0,0.0,70308448.0,260111824.0,161989632.0,0
1789679410.741698,keyboard,128,9,0.0,0.0,0.0,0.0,0.0,0.0,0.0,0.0,0.0,79398432.0,94794280.0,0.0,0.0,546440832.0,35539556.0,63361096.0,0
1789679411.311082,keyboard,121,7,0.0,0.0,0.0,0.0,0.0,0.0,0.0,0.0,0.0,90081664.0,24691108.0,0.0,0.0,103627808.0,84483920.0,2684289.0,0
1789679413.3392804,keyboard,132,6,0.0,0.0,0.0,0.0,0.0,0.0,0.0,0.0,0.0,97257312.0,45937864.0,0.0,0.0,0.0,12999062.0,24986370.0,0
1789679413.339946,keyboard,174,3,0.0,64415000.0,0.0,0.0,0.0,0.0,0.0,0.0,0.0,0.0,6482583.0,0.0,0.0,4380328.5,0.0,0.0,0
1789679413.747812,keyboard,118,9,0.0,0.0,0.0,0.0,0.0,0.0,0.0,0.0,72713592.0,105056512.0,325250656.0,0.0,80188088.0,0.0,114558744.0,0.0,0
1789679414.1594832,keyboard,119,7,0.0,0.0,0.0,0.0,0.0,0.0,47724688.0,0.0,106529104.0,123133232.0,230171552.0,0.0,0.0,0.0,14196356.0,0.0,0
1789679414.383531,keyboard,337,5,24444836.0,20866614.0,0.0,5287032.0,0.0,0.0,0.0,0.0,0.0,0.0,0.0,0.0,7500441.0,0.0,0.0,0.0,0
1789679414.3843431,keyboard,120,3,1590390.25,0.0,0.0,0.0,0.0,0.0,0.0,0.0,0.0,7761316.0,9494534.0,0.0,0.0,0.0,0.0,0.0,0
1789679414.570895,keyboard,111,9,0.0,0.0,0.0,0.0,0.0,88982376.0,260418560.0,0.0,0.0,17510168.0,0.0,0.0,0.0,0.0,44756580.0,65050304.0,0
1789679414.7928452,keyboard,125,9,0.0,0.0,0.0,0.0,8443711.0,0.0,0.0,0.0,44034420.0,136026144.0,94118352.0,85632176.0,0.0,23084240.0,0.0,0.0,0
1789679415.2033808,keyboard,140,10,0.0,0.0,0.0,0.0,0.0,0.0,3167759.5,0.0,13371346.0,64891960.0,45131528.0,0.0,95169112.0,71839552.0,0.0,104776840.0,0
1789679415.4258225,keyboard,135,9,0.0,0.0,0.0,0.0,0.0,0.0,22677924.0,0.0,373832480.0,172204032.0,0.0,0.0,0.0,0.0,117685968.0,125866608.0,0
1789679416.4726815,keyboard,143,7,396593.375,0.0,0.0,0.0,0.0,0.0,0.0,0.0,6829395.5,7559731.5,0.0,0.0,0.0,20807544.0,75212120.0,33534172.0,0
1789679416.4738634,keyboard,104,6,0.0,0.0,0.0,0.0,0.0,0.0,0.0,0.0,0.0,22422304.0,0.0,0.0,24402962.0,68560504.0,0.0,27417488.0,0
1789679418.7506552,keyboard,129,12,0.0,0.0,0.0,0.0,0.0,0.0,0.0,0.0,132802336.0,457689472.0,519964352.0,271642112.0,0.0,4739206.0,22226696.0,6881214.0,0
1789679420.1442535,keyboard,128,11,0.0,0.0,0.0,0.0,0.0,0.0,0.0,0.0,0.0,847444224.0,1071937920.0,0.0,0.0,428020512.0,38898888.0,70060344.0,0
1789679421.7290287,keyboard,174,3,0.0,0.0,0.0,0.0,0.0,0.0,0.0,0.0,0.0,0.0,0.0,0.0,273441792.0,70840224.0,0.0,0.0,0
1789679421.7300074,keyboard,76,9,1836346.0,0.0,7241581.5,17772154.0,0.0,0.0,0.0,0.0,0.0,108301280.0,154387008.0,83044800.0,0.0,0.0,0.0,0.0,0
1789679422.1739683,keyboard,173,4,0.0,0.0,0.0,0.0,0.0,0.0,0.0,0.0,0.0,0.0,0.0,46542664.0,72946704.0,66615192.0,0.0,0.0,0
1789679422.3610044,keyboard,75,8,0.0,0.0,83471.1484375,0.0,0.0,0.0,0.0,0.0,0.0,9602162.0,58326932.0,34239944.0,7143348.0,0.0,0.0,13097632.0,0
1789679423.6599624,keyboard,192,4,0.0,0.0,0.0,0.0,0.0,0.0,0.0,0.0,0.0,0.0,0.0,0.0,88226080.0,108669640.0,0.0,0.0,0
1789679423.6608174,keyboard,76,5,0.0,0.0,1003785.625,0.0,0.0,0.0,0.0,0.0,0.0,59707688.0,96531912.0,0.0,0.0,0.0,0.0,36082176.0,0
1789679425.5275187,keyboard,87,7,0.0,0.0,7252137.0,0.0,0.0,0.0,139777184.0,166448704.0,85330112.0,0.0,0.0,0.0,0.0,0.0,0.0,0.0,0
1789679425.528511,keyboard,132,5,0.0,0.0,0.0,0.0,0.0,0.0,0.0,0.0,0.0,119084424.0,0.0,0.0,20809994.0,0.0,185804112.0,244775280.0,0
1789679425.7166405,keyboard,114,11,0.0,0.0,0.0,0.0,0.0,0.0,0.0,0.0,46898316.0,95571408.0,47637928.0,0.0,0.0,0.0,82743568.0,68750864.0,0
1789679426.2872934,keyboard,90,8,0.0,0.0,2142615.5,0.0,0.0,0.0,103586048.0,145397168.0,49927632.0,114329488.0,161620832.0,0.0,0.0,0.0,0.0,0.0,0
1789679426.2883422,keyboard,127,5,8965136.0,0.0,0.0,0.0,0.0,0.0,0.0,0.0,54155344.0,0.0,0.0,0.0,0.0,0.0,0.0,195021968.0,0
1789679427.2363508,keyboard,104,13,0.0,0.0,0.0,0.0,0.0,5704423.5,7346872.0,1691266.0,19243948.0,0.0,0.0,14508102.0,0.0,9675804.0,23530620.0,22881020.0,0
1789679427.456296,keyboard,114,5,0.0,0.0,0.0,0.0,0.0,0.0,0.0,0.0,43226752.0,0.0,0.0,0.0,4173444.0,0.0,173202720.0,357422656.0,0
1789679427.6782243,keyboard,113,4,0.0,0.0,713730.3125,0.0,0.0,0.0,0.0,0.0,0.0,28068870.0,0.0,0.0,0.0,0.0,0.0,80566592.0,0
1789679428.2798345,keyboard,96,7,0.0,0.0,0.0,0.0,0.0,27827412.0,156818336.0,0.0,0.0,0.0,0.0,11612121.0,0.0,0.0,0.0,151078160.0,0
1789679428.501748,keyboard,114,6,0.0,0.0,0.0,0.0,0.0,0.0,0.0,0.0,36750144.0,166430896.0,0.0,0.0,6232846.5,0.0,0.0,472407488.0,0
1789679428.722438,keyboard,84,3,0.0,0.0,0.0,0.0,0.0,0.0,52870556.0,72748880.0,0.0,0.0,0.0,0.0,0.0,0.0,0.0,0.0,0
1789679428.9462142,keyboard,63,4,0.0,0.0,0.0,0.0,0.0,0.0,0.0,8557859.0,0.0,0.0,8481683.0,0.0,0.0,0.0,0.0,2542597.5,0
1789679429.3573987,keyboard,121,4,0.0,0.0,0.0,0.0,0.0,0.0,0.0,0.0,0.0,0.0,0.0,0.0,3730679.25,0.0,49854432.0,70367760.0,0
1789679429.358464,keyboard,86,5,147563.46875,0.0,0.0,0.0,0.0,0.0,17985976.0,44273040.0,0.0,26965340.0,0.0,0.0,0.0,0.0,0.0,0.0,0
1789679430.0214117,keyboard,97,5,0.0,0.0,938978.3125,0.0,0.0,0.0,0.0,0.0,0.0,13221510.0,20168006.0,0.0,0.0,6205454.5,0.0,15076241.0,0
1789679430.432121,keyboard,117,5,0.0,0.0,0.0,0.0,0.0,0.0,0.0,0.0,0.0,114861144.0,0.0,0.0,0.0,0.0,80229936.0,221496400.0,0
1789679430.6541502,keyboard,134,4,0.0,0.0,0.0,0.0,0.0,2320835.25,0.0,0.0,0.0,0.0,0.0,8012230.0,0.0,0.0,13352144.0,11442811.0,0
1789679433.0911896,keyboard,248,12,0.0,0.0,1021238.25,0.0,310331.84375,2446056.0,3725051.5,899046.375,415127.625,0.0,0.0,0.0,10564374.0,33196766.0,0.0,0.0,0
1789679433.5661323,keyboard,256,5,0.0,320126.3125,0.0,0.0,134526.859375,0.0,0.0,0.0,0.0,0.0,0.0,1872630.25,0.0,0.0,784521.5,0.0,0
1789679433.725136,keyboard,214,5,0.0,0.0,0.0,0.0,0.0,0.0,0.0,39389344.0,0.0,0.0,0.0,0.0,915273024.0,785776128.0,0.0,0.0,0
1789679433.8193078,keyboard,214,3,0.0,0.0,0.0,0.0,0.0,0.0,0.0,0.0,0.0,0.0,49530376.0,116310656.0,0.0,0.0,0.0,0.0,0
1789679434.802006,keyboard,78,4,0.0,0.0,4865028608.0,0.0,0.0,386731712.0,0.0,0.0,0.0,0.0,0.0,71694968.0,0.0,0.0,0.0,0.0,0
1789679435.5911987,keyboard,201,10,54143968.0,0.0,0.0,31202480.0,0.0,0.0,27296812.0,40853288.0,40535940.0,108056048.0,123581464.0,0.0,0.0,27330470.0,0.0,0.0,0
1789679435.6870625,keyboard,224,6,0.0,0.0,0.0,0.0,0.0,0.0,0.0,0.0,0.0,34426444.0,0.0,38928912.0,36961580.0,0.0,21279612.0,0.0,0
1789679435.7454712,keyboard,224,6,0.0,0.0,0.0,0.0,851225.0,433914.90625,2935266.5,0.0,2266587.75,8204008.0,0.0,2289854.25,0.0,0.0,0.0,0.0,0
1789679435.8117185,keyboard,235,8,20418082.0,44617540.0,72511056.0,220699136.0,0.0,0.0,67634736.0,0.0,7073393.5,0.0,0.0,0.0,0.0,0.0,0.0,0.0,0
1789679437.775623,keyboard,203,7,0.0,0.0,0.0,0.0,0.0,0.0,0.0,0.0,0.0,0.0,491483904.0,584284800.0,0.0,17211588.0,0.0,0.0,0
1789679437.7768102,keyboard,241,12,2784184.75,24272814.0,0.0,83105064.0,24599684.0,13469691.0,71303232.0,0.0,0.0,0.0,0.0,0.0,47895724.0,0.0,0.0,0.0,0
1789679437.8341556,keyboard,203,5,6776905.0,0.0,0.0,0.0,0.0,0.0,0.0,3823092.0,21800164.0,0.0,0.0,0.0,0.0,0.0,0.0,0.0,0
1789679437.8976188,keyboard,241,8,0.0,10710321.0,1196278.875,18576792.0,6734333.5,0.0,8607591.0,0.0,0.0,0.0,0.0,0.0,0.0,0.0,0.0,3348316.75,0
1789679437.9606645,keyboard,207,6,47553752.0,0.0,0.0,0.0,0.0,0.0,0.0,0.0,0.0,482665568.0,452862784.0,0.0,0.0,0.0,11562417.0,0.0,0
1789679438.0239608,keyboard,211,12,79672760.0,0.0,0.0,0.0,0.0,0.0,116843720.0,201539552.0,247108512.0,1335872768.0,0.0,181295440.0,242309312.0,41234008.0,0.0,0.0,0
1789679438.1207051,keyboard,211,6,0.0,6796561.0,0.0,0.0,0.0,12101828.0,0.0,0.0,0.0,43089660.0,59124472.0,31887568.0,0.0,5625417.0,0.0,0.0,0
1789679438.1669743,keyboard,250,3,60337044.0,44768176.0,0.0,0.0,0.0,0.0,0.0,0.0,0.0,0.0,0.0,0.0,0.0,0.0,0.0,0.0,0
1789679438.2310538,keyboard,229,8,0.0,26946238.0,67827632.0,80493968.0,0.0,5243702.0,15209221.0,0.0,0.0,0.0,0.0,25306392.0,6988976.0,11213051.0,0.0,0.0,0
1789679438.3105085,keyboard,232,13,1066921.0,0.0,0.0,0.0,0.0,0.0,13328320.0,4959007.0,0.0,31227856.0,67683640.0,170468448.0,0.0,0.0,0.0,139910976.0,0
1789679453.9783535,keyboard,135,5,0.0,0.0,0.0,0.0,0.0,0.0,0.0,0.0,0.0,0.0,0.0,0.0,0.0,67653168.0,46529496.0,27759798.0,0
1789679453.979413,keyboard,192,3,0.0,0.0,0.0,0.0,0.0,0.0,0.0,0.0,12644794.0,26198378.0,0.0,0.0,22383908.0,0.0,0.0,0.0,0
1789679454.047968,keyboard,192,3,0.0,0.0,0.0,0.0,0.0,0.0,0.0,0.0,31699044.0,146848080.0,0.0,0.0,0.0,0.0,0.0,0.0,0
1789679454.093803,keyboard,209,4,0.0,0.0,0.0,0.0,0.0,0.0,0.0,0.0,2070830.375,0.0,0.0,29855344.0,0.0,5872868.0,0.0,0.0,0
1789679454.196943,keyboard,131,6,0.0,0.0,0.0,0.0,0.0,0.0,0.0,2751790.0,0.0,0.0,0.0,157524304.0,94570424.0,11357073.0,0.0,8880113.0,0
1789679454.2924898,keyboard,246,14,39501448.0,97005624.0,53029944.0,41565156.0,22968004.0,29112016.0,9498842.0,5963279.5,0.0,0.0,0.0,0.0,0.0,0.0,0.0,0.0,0
1789679454.4513402,keyboard,252,12,0.0,73637432.0,52017872.0,29777940.0,37115380.0,33944956.0,0.0,0.0,0.0,0.0,0.0,0.0,0.0,0.0,0.0,0.0,0
1789679454.4523797,keyboard,214,13,31421954.0,0.0,0.0,0.0,0.0,0.0,16542918.0,0.0,45170060.0,92390992.0,181075664.0,81192000.0,0.0,40743768.0,31510680.0,61393464.0,0
1789679454.67212,keyboard,243,14,14616907.0,0.0,0.0,283778496.0,288283136.0,52735152.0,34939716.0,44996504.0,6551634.0,0.0,0.0,0.0,0.0,0.0,0.0,0.0,0
1789679455.84403,keyboard,186,6,0.0,0.0,0.0,0.0,0.0,0.0,0.0,0.0,62059496.0,194881584.0,82267968.0,0.0,0.0,0.0,0.0,0.0,0
1789679455.8447137,keyboard,255,6,0.0,9988008.0,88017792.0,45810500.0,11640834.0,0.0,0.0,0.0,0.0,0.0,0.0,0.0,0.0,0.0,0.0,0.0,0
1789679455.9205046,keyboard,194,5,1559402.75,0.0,0.0,0.0,0.0,0.0,0.0,0.0,0.0,4933473.5,0.0,4878999.0,48560336.0,0.0,0.0,0.0,0
1789679455.9867342,keyboard,185,10,0.0,0.0,0.0,0.0,0.0,0.0,0.0,0.0,0.0,118666312.0,193378880.0,196761440.0,28354686.0,0.0,12770809.0,45657652.0,0
1789679455.987719,keyboard,261,6,149977248.0,185097856.0,105567888.0,0.0,0.0,0.0,0.0,0.0,0.0,0.0,0.0,0.0,0.0,0.0,0.0,0.0,0
1789679456.0646346,keyboard,183,6,0.0,0.0,0.0,0.0,0.0,0.0,0.0,0.0,7950364.0,37627284.0,0.0,87598280.0,0.0,0.0,0.0,5800181.5,0
1789679456.1296997,keyboard,262,4,0.0,0.0,20048856.0,0.0,26858402.0,0.0,1675243.25,0.0,0.0,0.0,0.0,0.0,0.0,0.0,0.0,0.0,0
1789679456.2066247,keyboard,245,15,0.0,48843176.0,52825560.0,71582216.0,231799376.0,40697328.0,207720928.0,60405212.0,0.0,0.0,167507872.0,0.0,54302128.0,0.0,7169857.5,0.0,0
1789679456.2705266,keyboard,232,17,0.0,14012118.0,158297648.0,98316440.0,262340032.0,56662188.0,98633776.0,4008329.5,0.0,24230418.0,0.0,0.0,64352568.0,0.0,86338160.0,109236664.0,0
1789679456.3338068,keyboard,239,16,0.0,0.0,265222096.0,201496288.0,217309216.0,148326000.0,93810496.0,0.0,0.0,0.0,0.0,75284264.0,0.0,105366824.0,0.0,0.0,0
1789679456.4139771,keyboard,239,13,11487400.0,9505698.0,3744309.75,0.0,0.0,974967.625,3534410.75,0.0,0.0,0.0,0.0,36288436.0,0.0,3416295.5,1218132.75,1422513.875,0
1789679456.4594357,keyboard,239,5,0.0,0.0,0.0,0.0,0.0,0.0,810774.0,0.0,0.0,0.0,0.0,0.0,856008.375,2095646.5,622033.0,708299.4375,0
1789679456.5044398,keyboard,226,9,9409904.0,0.0,948804.1875,0.0,0.0,749530.875,0.0,0.0,1909349.875,0.0,0.0,4031681.75,2710878.25,3741132.0,4847164.0,5461916.0,0
1789679457.2667308,keyboard,212,6,0.0,0.0,0.0,0.0,1165587.5,0.0,0.0,0.0,1728917.125,4647506.5,0.0,36434896.0,11827125.0,0.0,0.0,0.0,0
1789679457.3949814,keyboard,194,5,0.0,0.0,0.0,0.0,0.0,0.0,0.0,0.0,107132624.0,0.0,0.0,28706130.0,137491392.0,0.0,0.0,0.0,0
1789679457.4659786,keyboard,108,5,0.0,0.0,0.0,0.0,0.0,0.0,44520780.0,0.0,0.0,0.0,0.0,0.0,87667576.0,126390864.0,0.0,0.0,0
1789679457.5293458,keyboard,208,5,0.0,4665195.0,0.0,0.0,0.0,0.0,0.0,15548008.0,0.0,134936192.0,140000992.0,0.0,0.0,0.0,0.0,14343871.0,0
1789679457.5923476,keyboard,213,5,0.0,0.0,0.0,13314033.0,0.0,0.0,0.0,0.0,0.0,0.0,89955440.0,88184648.0,0.0,0.0,0.0,0.0,0
1789679457.654867,keyboard,214,8,0.0,0.0,0.0,5586945.5,18433066.0,0.0,35101868.0,35254940.0,0.0,0.0,0.0,5267258.0,0.0,17631360.0,20675056.0,6378473.5,0
1789679457.7174776,keyboard,258,11,0.0,0.0,0.0,70389792.0,20029432.0,13190314.0,15759164.0,0.0,0.0,0.0,0.0,0.0,15250676.0,26374886.0,0.0,16452536.0,0
1789679457.8695936,keyboard,237,9,0.0,0.0,47606580.0,0.0,25494824.0,29898344.0,0.0,27543370.0,10277342.0,0.0,0.0,0.0,0.0,10299989.0,14540358.0,46134792.0,0
1789679458.0273893,keyboard,241,10,143713632.0,0.0,0.0,187684464.0,127678816.0,0.0,134495616.0,0.0,0.0,36827348.0,0.0,19652190.0,0.0,0.0,0.0,0.0,0
1789679458.097102,keyboard,219,8,0.0,0.0,0.0,0.0,0.0,0.0,24698094.0,0.0,10018880.0,73203264.0,119308848.0,45262360.0,0.0,31836510.0,0.0,37220932.0,0
1789679458.947236,keyboard,218,10,1620908.625,0.0,0.0,0.0,0.0,0.0,0.0,0.0,0.0,42942276.0,182264384.0,69670800.0,0.0,7951147.5,10058854.0,55018472.0,0
1789679459.1055744,keyboard,203,8,0.0,1691326.875,0.0,0.0,0.0,0.0,0.0,0.0,26800996.0,28685938.0,104653016.0,15164426.0,37528732.0,3860744.0,0.0,0.0,0
1789679459.1065135,keyboard,264,6,0.0,0.0,0.0,0.0,21241308.0,55446384.0,56529992.0,0.0,0.0,0.0,0.0,0.0,0.0,0.0,0.0,0.0,0
1789679459.1754854,keyboard,201,3,0.0,0.0,0.0,0.0,0.0,0.0,0.0,0.0,56057640.0,90677816.0,0.0,116136576.0,0.0,0.0,0.0,0.0,0
1789679459.325435,keyboard,216,14,89233344.0,51965864.0,9640078.0,0.0,0.0,7673266.5,0.0,0.0,31353160.0,0.0,0.0,318292352.0,92048656.0,21896778.0,0.0,0.0,0
1789679459.383942,keyboard,216,15,1362364.125,12769814.0,15283651.0,17245354.0,29965630.0,20640116.0,6552958.0,9462183.0,40291824.0,17437726.0,0.0,0.0,0.0,0.0,0.0,0.0,0
1789679459.433885,keyboard,216,4,0.0,0.0,0.0,0.0,0.0,0.0,15290380.0,0.0,0.0,16822086.0,0.0,0.0,0.0,39657492.0,0.0,0.0,0
1789679459.5478096,keyboard,238,7,0.0,0.0,28922272.0,0.0,0.0,0.0,9860769.0,0.0,0.0,38768296.0,0.0,0.0,0.0,5870741.5,0.0,0.0,0
1789679459.6176426,keyboard,246,21,12240572.0,0.0,174361776.0,388921248.0,176075840.0,24629386.0,100017232.0,51051280.0,130487680.0,105999408.0,26018356.0,32460360.0,0.0,0.0,0.0,0.0,0
1789679459.736312,keyboard,246,5,11651466.0,0.0,4551304.5,0.0,0.0,0.0,0.0,4544050.5,0.0,0.0,31915528.0,0.0,18494200.0,0.0,0.0,0.0,0
1789679459.800673,keyboard,228,13,0.0,0.0,0.0,0.0,0.0,0.0,0.0,18417780.0,20901438.0,75170688.0,35182948.0,0.0,101592592.0,106756968.0,78537312.0,57223784.0,0
1789679461.0040898,keyboard,213,6,0.0,0.0,0.0,39914424.0,3668214.25,0.0,0.0,0.0,0.0,0.0,63137572.0,68405768.0,73623840.0,0.0,0.0,0.0,0
1789679461.0622654,keyboard,208,4,0.0,0.0,0.0,0.0,0.0,0.0,4699345.0,3085223.0,3939866.0,0.0,0.0,0.0,0.0,5487421.5,0.0,0.0,0
1789679461.1256,keyboard,230,9,0.0,0.0,0.0,0.0,55274124.0,67652768.0,118449648.0,0.0,0.0,0.0,43511264.0,153402288.0,336112960.0,0.0,0.0,0.0,0
1789679461.19808,keyboard,216,3,0.0,0.0,0.0,0.0,0.0,0.0,0.0,22624244.0,0.0,0.0,0.0,75200696.0,42120760.0,0.0,0.0,0.0,0
1789679461.2871811,keyboard,180,4,0.0,0.0,0.0,0.0,0.0,0.0,0.0,0.0,0.0,0.0,0.0,872026752.0,0.0,34179064.0,0.0,0.0,0
1789679461.382736,keyboard,188,4,0.0,0.0,0.0,0.0,0.0,0.0,0.0,18540260.0,27399976.0,20150014.0,0.0,0.0,0.0,0.0,0.0,0.0,0
1789679461.4925878,keyboard,242,6,0.0,0.0,297039360.0,0.0,23919070.0,83591216.0,47302336.0,0.0,0.0,0.0,0.0,0.0,0.0,0.0,0.0,0.0,0
1789679461.5715115,keyboard,242,3,0.0,916752.25,0.0,0.0,0.0,927095.75,701213.4375,0.0,0.0,0.0,0.0,0.0,0.0,0.0,0.0,0.0,0
1789679461.6178398,keyboard,254,9,0.0,0.0,0.0,0.0,13045192.0,6151019.0,7577968.0,7694840.0,1400662.375,1804721.5,4509916.5,0.0,0.0,0.0,0.0,0.0,0
1789679461.6978185,keyboard,246,6,0.0,0.0,0.0,935214.875,0.0,0.0,5942139.5,0.0,0.0,0.0,0.0,0.0,0.0,3657027.75,2198691.75,0.0,0
1789679461.7565684,keyboard,234,13,2989208.5,0.0,0.0,2406526.5,0.0,2845429.0,235464.78125,0.0,3905181.75,19208262.0,39766112.0,14745252.0,5998641.0,9108998.0,0.0,0.0,0
1789679461.8298829,keyboard,234,8,0.0,275161.71875,0.0,0.0,0.0,0.0,0.0,241200.375,352111.34375,462449.4375,0.0,5827734.5,4040311.25,0.0,0.0,654460.0,0
1789679461.8759212,keyboard,258,7,0.0,0.0,0.0,0.0,3484476.75,1533362.375,1317238.5,758430.25,4889399.0,1925075.75,0.0,0.0,1062581.5,0.0,0.0,0.0,0
1789679461.9834936,keyboard,271,6,0.0,0.0,0.0,0.0,52531800.0,14506006.0,0.0,0.0,0.0,1295864.875,0.0,0.0,0.0,0.0,0.0,0.0,0
1789679464.4516454,keyboard,214,8,0.0,0.0,678834.1875,841803.3125,0.0,0.0,0.0,0.0,0.0,13040996.0,31901644.0,40401684.0,0.0,14019026.0,0.0,0.0,0
1789679464.5105562,keyboard,243,6,0.0,0.0,2009842.25,0.0,7780039.0,0.0,4835544.0,0.0,967908.9375,0.0,0.0,0.0,0.0,0.0,0.0,0.0,0
1789679464.7103684,keyboard,243,3,0.0,0.0,916446.25,0.0,0.0,0.0,1077100.75,0.0,0.0,0.0,0.0,0.0,0.0,0.0,743456.5625,0.0,0
1789679464.831189,keyboard,239,9,0.0,0.0,349550848.0,218185136.0,155819024.0,74399248.0,23531588.0,0.0,0.0,0.0,0.0,0.0,0.0,0.0,0.0,0.0,0
1789679464.8904693,keyboard,239,8,0.0,0.0,128879200.0,154257088.0,10926654.0,14242887.0,79511608.0,0.0,0.0,7201488.5,0.0,0.0,0.0,0.0,0.0,0.0,0
1789679464.940545,keyboard,239,6,0.0,0.0,0.0,0.0,24250300.0,0.0,0.0,0.0,3359708.5,0.0,11730614.0,8251030.5,15158294.0,0.0,0.0,0.0,0
1789679465.05439,keyboard,239,5,0.0,0.0,2055422.0,3601657.25,0.0,0.0,0.0,1527681.75,0.0,0.0,0.0,0.0,2176309.75,679309.625,0.0,0.0,0
1789679465.43365,keyboard,222,9,0.0,0.0,0.0,0.0,2465958.25,0.0,8450196.0,4969466.0,6257715.0,1014488.4375,0.0,0.0,10629612.0,0.0,0.0,0.0,0
1789679465.591523,keyboard,255,7,0.0,0.0,10239142.0,27621448.0,124502928.0,18485920.0,0.0,0.0,0.0,0.0,0.0,0.0,0.0,0.0,0.0,0.0,0
1789679466.8595428,keyboard,63,3,63526628.0,0.0,0.0,0.0,0.0,0.0,0.0,0.0,0.0,0.0,0.0,6495377.0,0.0,0.0,0.0,0.0,0
1789679466.860536,keyboard,350,3,0.0,16770028.0,0.0,0.0,36120288.0,0.0,0.0,1452031.5,0.0,0.0,0.0,0.0,0.0,0.0,0.0,0.0,0
1789679466.983886,keyboard,233,6,0.0,0.0,32603244.0,0.0,0.0,0.0,33581600.0,73617040.0,19304400.0,0.0,0.0,55732260.0,0.0,0.0,0.0,0.0,0
1789679467.042563,keyboard,206,11,5955535.0,0.0,32264260.0,0.0,0.0,0.0,4677615.5,19683956.0,68172896.0,0.0,0.0,0.0,0.0,9337353.0,0.0,22461342.0,0
1789679467.105741,keyboard,206,5,0.0,0.0,0.0,0.0,0.0,0.0,97851152.0,68207744.0,33541164.0,0.0,0.0,0.0,0.0,91168144.0,0.0,0.0,0
1789679467.1727808,keyboard,145,7,0.0,0.0,10758853.0,0.0,13215734.0,0.0,0.0,35845004.0,102101936.0,0.0,0.0,0.0,0.0,8335091.0,12363200.0,0.0,0
1789679467.2419405,keyboard,237,6,0.0,0.0,0.0,0.0,5754816.5,5181811.0,0.0,0.0,0.0,0.0,0.0,90011680.0,0.0,0.0,0.0,4124481.0,0
1789679467.3960104,keyboard,166,7,0.0,0.0,0.0,0.0,0.0,0.0,0.0,0.0,0.0,0.0,160540976.0,333991808.0,0.0,0.0,164966640.0,99216144.0,0
1789679467.569318,keyboard,267,5,0.0,0.0,0.0,0.0,9244674.0,7057132.5,6175333.5,0.0,0.0,0.0,0.0,0.0,0.0,0.0,2667617.5,0.0,0
1789679467.6809134,keyboard,233,12,5986170.0,0.0,19863154.0,0.0,67245392.0,15213229.0,23096004.0,5614212.5,0.0,21369968.0,0.0,0.0,342589.15625,0.0,0.0,0.0,0
1789679467.8395011,keyboard,233,13,0.0,0.0,0.0,75705336.0,103645136.0,55661528.0,0.0,13039497.0,206285072.0,139522880.0,31264864.0,0.0,0.0,2037958.75,0.0,0.0,0
1789679468.2506282,keyboard,245,16,0.0,0.0,0.0,0.0,5931150.0,906782.125,476995.15625,0.0,3429342.5,6470679.0,3963572.0,8984500.0,7926019.0,0.0,0.0,0.0,0
1789679468.3208952,keyboard,253,19,0.0,33519032.0,85608528.0,125990800.0,194783872.0,25490944.0,0.0,0.0,0.0,0.0,0.0,45010388.0,64027464.0,52780176.0,49900104.0,48759600.0,0
1789679468.410203,keyboard,254,19,0.0,0.0,0.0,0.0,138458608.0,63511668.0,36500620.0,0.0,56044752.0,85481808.0,62606800.0,45429444.0,7391357.0,4189489.25,0.0,5518390.0,0
1789679468.4727218,keyboard,259,7,0.0,0.0,0.0,0.0,0.0,2424425.75,0.0,0.0,0.0,4681884.0,2600530.0,0.0,0.0,0.0,956590.5625,4536304.0,0
1789679471.2255795,keyboard,142,3,0.0,0.0,0.0,0.0,0.0,0.0,0.0,0.0,0.0,0.0,0.0,19423648.0,1354754.0,0.0,0.0,11525591.0,0
1789679471.2875955,keyboard,186,10,1118285.75,0.0,0.0,0.0,0.0,3396766.25,3313531.0,1998986.75,15582612.0,15684116.0,0.0,91317456.0,9120170.0,7202102.5,0.0,0.0,0
1789679471.3589573,keyboard,22,5,40998876.0,0.0,9118609.0,0.0,0.0,0.0,0.0,9526110.0,4744789.5,0.0,0.0,0.0,0.0,1616631.875,0.0,0.0,0
1789679471.4104483,keyboard,171,4,0.0,0.0,0.0,0.0,0.0,0.0,0.0,0.0,21859006.0,0.0,0.0,136000112.0,0.0,5821901.0,0.0,0.0,0
1789679471.4821684,keyboard,217,7,0.0,0.0,0.0,0.0,0.0,0.0,0.0,0.0,0.0,73855112.0,144846688.0,124410680.0,0.0,22115442.0,0.0,0.0,0
1789679471.6377697,keyboard,238,11,0.0,3647856.0,37187184.0,174923008.0,0.0,156862144.0,45049752.0,0.0,0.0,0.0,0.0,432543712.0,124253744.0,0.0,0.0,0.0,0
1789679471.638851,keyboard,200,7,4228401.5,0.0,0.0,0.0,0.0,0.0,21248980.0,0.0,0.0,242223488.0,195998656.0,0.0,0.0,2714026.0,0.0,0.0,0
1789679472.270373,keyboard,244,12,0.0,0.0,0.0,37670896.0,66012384.0,39930788.0,88259920.0,0.0,0.0,140470672.0,102640816.0,33489044.0,0.0,17134260.0,0.0,0.0,0
1789679472.36469,keyboard,244,4,0.0,0.0,2411430.25,0.0,9786151.0,0.0,0.0,11077402.0,17679696.0,0.0,0.0,0.0,0.0,0.0,0.0,0.0,0
1789679472.4277887,keyboard,236,15,0.0,96070112.0,201447936.0,95550144.0,0.0,3617357.0,23579456.0,0.0,0.0,0.0,0.0,33638916.0,0.0,35199776.0,37024512.0,20590032.0,0
1789679474.80154,keyboard,234,7,0.0,0.0,0.0,0.0,240334.4375,0.0,2055359.625,0.0,0.0,2353181.75,6085747.0,7855202.0,0.0,10232473.0,0.0,0.0,0
1789679475.276025,keyboard,246,8,0.0,0.0,0.0,0.0,15610443.0,66302824.0,19739072.0,0.0,0.0,42641048.0,36673208.0,30386388.0,0.0,0.0,0.0,6326670.5,0
1789679476.322177,keyboard,186,5,0.0,0.0,0.0,0.0,0.0,0.0,0.0,25402304.0,79981184.0,65332908.0,0.0,0.0,0.0,0.0,0.0,0.0,0
1789679476.323404,keyboard,258,3,0.0,0.0,0.0,0.0,0.0,0.0,0.0,0.0,0.0,0.0,0.0,0.0,22915652.0,17723450.0,0.0,0.0,0
1789679476.5736315,keyboard,245,6,0.0,0.0,0.0,0.0,0.0,16345803.0,5115197.0,0.0,0.0,0.0,0.0,0.0,33244034.0,20483718.0,1589524.75,0.0,0
1789679476.826568,keyboard,244,8,0.0,0.0,0.0,0.0,0.0,0.0,11372514.0,0.0,0.0,0.0,0.0,4988890.5,167835760.0,57559620.0,0.0,0.0,0
1789679477.23914,keyboard,253,11,0.0,0.0,0.0,0.0,18827454.0,7017990.5,23418412.0,13127414.0,0.0,0.0,0.0,0.0,39442760.0,119102848.0,1541772.5,15976298.0,0
1789679479.8659985,keyboard,199,6,0.0,0.0,0.0,0.0,0.0,0.0,0.0,0.0,30307056.0,201890336.0,62499800.0,0.0,35994200.0,0.0,0.0,0.0,0
1789679479.8667514,keyboard,142,4,0.0,0.0,0.0,0.0,0.0,0.0,0.0,0.0,0.0,0.0,0.0,0.0,0.0,218009504.0,106130512.0,0.0,0
1789679483.4410703,keyboard,169,11,24588880.0,0.0,0.0,0.0,0.0,0.0,89467416.0,176556480.0,14717202.0,0.0,586949440.0,723389056.0,0.0,56209972.0,42270452.0,75435056.0,0
1789679483.567841,keyboard,169,18,578805.625,1458364.25,1207547.75,0.0,0.0,0.0,29209400.0,136626848.0,32246464.0,47796896.0,77056800.0,43702404.0,0.0,19000124.0,18520328.0,1653700.625,0
1789679483.94635,keyboard,188,9,10606222.0,0.0,3638559.75,0.0,0.0,0.0,11732326.0,42804616.0,15327425.0,0.0,102919136.0,35243256.0,0.0,0.0,0.0,0.0,0
1789679484.1996684,keyboard,188,5,4873464.0,0.0,0.0,0.0,0.0,0.0,8802510.0,0.0,0.0,0.0,91655648.0,41177372.0,0.0,0.0,0.0,0.0,0
1789679484.7364492,keyboard,144,12,0.0,0.0,0.0,0.0,0.0,0.0,0.0,0.0,8571427.0,111329424.0,90398496.0,0.0,21542192.0,182124224.0,769580160.0,583987776.0,0
1789679485.7191155,keyboard,174,9,8490516.0,0.0,0.0,0.0,0.0,0.0,0.0,70995232.0,41039968.0,440422656.0,1009470336.0,381493568.0,0.0,60430200.0,0.0,0.0,0
1789679485.9720693,keyboard,169,12,5091961.5,0.0,0.0,0.0,0.0,0.0,0.0,57116620.0,5569896.0,0.0,95740432.0,20230894.0,0.0,28062286.0,0.0,4416400.0,0
1789679486.8581042,keyboard,161,4,0.0,0.0,0.0,0.0,0.0,0.0,0.0,7988171.5,0.0,0.0,4490585.5,0.0,0.0,4443077.5,0.0,0.0,0
1789679492.744018,keyboard,132,10,0.0,1969464.5,0.0,0.0,0.0,0.0,0.0,0.0,0.0,13477483.0,65187396.0,226990912.0,236775376.0,93656936.0,0.0,25126024.0,0
1789679500.7835824,keyboard,335,31,6440094.0,9812818.0,0.0,71072792.0,84723456.0,33197040.0,21315510.0,11474632.0,39403736.0,57942520.0,53854096.0,31399578.0,65499872.0,94723168.0,17240086.0,16169223.0,0
1789679501.985846,keyboard,335,23,0.0,1014457.5625,3169313.5,1348532.125,9062757.0,1931114.5,1306595.125,3540979.0,4051975.5,24704830.0,0.0,3333663.0,9271417.0,22112146.0,11725225.0,0.0,0
1789679504.8030598,keyboard,337,29,0.0,0.0,81567208.0,129690864.0,348163040.0,87649104.0,70129872.0,187096912.0,139505952.0,228267472.0,50134136.0,73520944.0,225529136.0,286533184.0,116737040.0,82774720.0,0
1789679504.9921875,keyboard,338,31,1031154.6875,0.0,48068636.0,63244236.0,90394872.0,26143972.0,10033950.0,2151625.5,47025704.0,170852080.0,133651184.0,158128096.0,125972704.0,59762804.0,3754151.25,12072523.0,0
1789679506.099877,keyboard,338,32,0.0,116693.3046875,1976645.375,1874022.5,3862755.25,3476756.25,2781171.0,4343306.0,676819.9375,2718205.0,2883921.75,3013863.0,4512686.5,4787095.5,3954421.0,3122067.5,0
1789679506.146243,keyboard,344,9,0.0,0.0,0.0,0.0,9622344.0,0.0,4535893.0,0.0,1735907.375,2265447.5,3085257.0,10522586.0,0.0,0.0,1929018.875,0.0,0
1789679506.3215847,keyboard,334,34,1726085.375,26198866.0,36080004.0,130461240.0,525821248.0,120061520.0,15547648.0,28740032.0,51531184.0,332307520.0,426120512.0,352103456.0,25513756.0,171730944.0,170012512.0,50819196.0,0
1789679506.5423715,keyboard,336,24,0.0,0.0,0.0,12172239.0,136650032.0,2709851.0,280591.75,2077199.5,0.0,33978648.0,32581356.0,78345368.0,35143040.0,20761672.0,20747576.0,10102896.0,0
1789679506.7333815,keyboard,337,29,2737606.0,1857253.0,4837393.0,5999077.0,5607912.0,4428323.0,7723616.0,845287.0,1549684.375,5367914.5,8369291.0,6549345.0,2982335.5,3172205.75,8768661.0,0.0,0
1789679506.954462,keyboard,334,25,3623758.0,25898544.0,5643978.0,58437156.0,431174240.0,0.0,0.0,11991192.0,11712640.0,176333584.0,65876200.0,85866784.0,72207224.0,54868908.0,15545195.0,0.0,0
1789679507.1440375,keyboard,333,36,11071068.0,14234170.0,17488498.0,23097924.0,44454440.0,2522493.5,16025690.0,15450164.0,28399100.0,63400116.0,43813800.0,49466444.0,19590996.0,13600408.0,2742407.0,16835070.0,0
1789679507.3656769,keyboard,339,24,36380168.0,28531200.0,0.0,86519840.0,142518800.0,28113034.0,0.0,104621640.0,62647480.0,45914680.0,31013452.0,66724336.0,19684604.0,0.0,7810743.0,12536794.0,0
1789679507.7769065,keyboard,332,35,31038214.0,0.0,11769424.0,67140600.0,131893408.0,90489848.0,60717564.0,53453184.0,44463096.0,45885812.0,49871248.0,63737612.0,35768032.0,12472810.0,36142256.0,22352676.0,0
1789679507.9979937,keyboard,330,16,0.0,7624009.5,35984960.0,10060292.0,148538048.0,0.0,0.0,0.0,3491586.25,49791784.0,24885816.0,43593600.0,0.0,13422488.0,9407436.0,0.0,0
1789679508.632092,keyboard,331,31,0.0,4238739.5,6639161.5,8129133.0,19362936.0,2557184.0,8355383.0,7580036.0,8557458.0,21863214.0,4707014.0,25461928.0,5582369.0,31857392.0,5544418.0,15930614.0,0
1789679508.8518617,keyboard,335,25,21944772.0,32428448.0,0.0,11973076.0,19432004.0,13524178.0,7733825.0,4285957.0,26562056.0,30017722.0,6876897.0,37267084.0,9497980.0,5617963.0,1732015.75,8456330.0,0
1789679509.074947,keyboard,340,31,4287020.5,24182708.0,17119354.0,82406336.0,128749952.0,0.0,27628376.0,25308686.0,18224808.0,34958240.0,4238001.5,8333155.0,1161957.25,3661266.5,19255618.0,25790446.0,0
1789679509.2959683,keyboard,340,18,4988299.0,20080176.0,4400249.0,34940824.0,72632536.0,0.0,10297413.0,0.0,0.0,0.0,6429318.0,5622085.5,5767625.0,2007014.75,0.0,1201230.25,0
1789679509.5170434,keyboard,330,17,0.0,0.0,0.0,16453795.0,76250792.0,22205232.0,30278804.0,0.0,0.0,4896204.5,42848632.0,25995550.0,8764483.0,8386966.0,0.0,1886525.0,0
1789679509.7384107,keyboard,331,22,40919548.0,13894810.0,0.0,26111632.0,112454256.0,0.0,0.0,51536600.0,0.0,48126196.0,253358784.0,107966848.0,19521500.0,13877759.0,4325539.5,18364366.0,0
1789679509.7973883,keyboard,331,7,286630.90625,135391.40625,0.0,0.0,0.0,0.0,0.0,2741604.0,0.0,192446.6875,0.0,5343496.5,0.0,453282.0625,0.0,0.0,0
1789679509.8471515,keyboard,338,26,17197592.0,0.0,5085965.5,19278076.0,44355116.0,2500387.5,12417994.0,7605262.0,732043.1875,11234288.0,5404135.0,2153806.0,7643389.0,15368346.0,5084652.5,12704408.0,0
1789679509.9595065,keyboard,328,23,25926076.0,21836548.0,9894596.0,26333536.0,0.0,0.0,10221114.0,33904404.0,16212095.0,149707808.0,380154048.0,526451168.0,75239376.0,58493320.0,0.0,22458202.0,0
1789679510.0185394,keyboard,329,8,671045.5,664982.0,0.0,0.0,480410.5625,326650.625,0.0,2140411.0,1222394.5,0.0,4034422.75,0.0,0.0,533537.625,0.0,0.0,0
1789679510.1812892,keyboard,335,30,0.0,9297866.0,24354158.0,6927296.0,24535026.0,6770780.5,12491331.0,0.0,17415936.0,64337244.0,21584790.0,69645224.0,57838224.0,25195596.0,9617252.0,8434172.0,0
1789679510.2514637,keyboard,336,27,387872.21875,653053.3125,1240851.25,848125.4375,4669589.0,0.0,3260572.75,828452.875,0.0,10751040.0,1899882.375,2728249.0,4122158.0,6927326.5,7603641.0,6091803.0,0
1789679510.4033928,keyboard,337,32,42740872.0,6186483.0,0.0,58395528.0,247800992.0,41621892.0,17749146.0,19873784.0,53569028.0,33452200.0,111614320.0,257006752.0,19333032.0,79282112.0,44069020.0,15970174.0,0
1789679510.4662836,keyboard,337,7,720645.875,0.0,904844.875,0.0,0.0,0.0,381727.96875,326908.8125,338966.5625,0.0,0.0,0.0,0.0,0.0,0.0,0.0,0
1789679510.624936,keyboard,341,34,7612014.0,11813202.0,14495762.0,13006028.0,57976472.0,42431016.0,5927552.0,39475632.0,16524283.0,48486756.0,41067968.0,67863192.0,8951842.0,22471712.0,3831597.5,9132556.0,0
1789679510.8452013,keyboard,340,29,3545463.25,31444030.0,4571608.0,104425072.0,480115744.0,113612920.0,0.0,10657958.0,11890511.0,39186344.0,118209920.0,309368992.0,110603504.0,85929600.0,17649980.0,6243686.0,0
1789679511.0676706,keyboard,337,26,0.0,35897184.0,0.0,94597264.0,330801760.0,119289368.0,4992160.0,42017840.0,70135112.0,121857504.0,52662784.0,48901948.0,75290816.0,86485312.0,8548140.0,0.0,0
1789679511.1276543,keyboard,334,4,0.0,0.0,0.0,0.0,0.0,0.0,0.0,3926439.25,1384227.75,1176302.875,0.0,0.0,0.0,0.0,0.0,0.0,0
1789679511.289236,keyboard,336,25,0.0,10241723.0,0.0,33532540.0,156848944.0,17794256.0,12893555.0,23131980.0,12581370.0,59362360.0,48351984.0,130055184.0,29453048.0,25500616.0,0.0,0.0,0
1789679511.6998749,keyboard,338,33,6540953.0,2783419.0,8794312.0,13967535.0,38909032.0,16509231.0,12738726.0,17529210.0,11214502.0,3762630.25,26714826.0,15558627.0,3804621.0,31449710.0,24626208.0,64366176.0,0
1789679511.7712762,keyboard,338,19,0.0,1001731.6875,0.0,0.0,1418913.875,2034525.375,3357736.5,4826608.0,3063918.0,3013148.5,5133755.0,4281554.0,1251126.25,1883051.875,0.0,2708563.0,0
1789679511.8169105,keyboard,338,13,0.0,0.0,0.0,295952.1875,0.0,547210.0,384637.8125,745631.1875,741351.3125,3057024.5,0.0,0.0,1656397.375,901994.6875,2795638.5,0.0,0
1789679511.8678725,keyboard,338,16,0.0,0.0,0.0,0.0,389722.875,0.0,1781424.25,543824.5625,142289.828125,581702.625,378415.03125,0.0,410808.9375,306416.75,0.0,663995.5,0
1789679513.5964592,keyboard,338,34,0.0,0.0,79878344.0,33468660.0,15562765.0,11967738.0,14297250.0,17670426.0,40843720.0,69107816.0,156475168.0,60865560.0,11505253.0,44655244.0,22396390.0,75011464.0,0
1789679513.818063,keyboard,345,35,17916196.0,5039579.5,56363680.0,33112308.0,74831760.0,18546088.0,48598304.0,30661284.0,40463736.0,63346720.0,91532480.0,47704984.0,57559180.0,20527596.0,58521704.0,69348640.0,0
1789679514.0391035,keyboard,344,24,0.0,1555129.75,3310680.0,5579675.5,1264275.75,600023.875,1880958.0,0.0,757898.25,3927528.75,1856190.75,0.0,4494977.0,33513408.0,12664058.0,15196134.0,0
1789679514.736548,keyboard,340,35,0.0,2909601.0,4449095.5,8105506.5,28152192.0,2506343.0,13829846.0,20513346.0,10725380.0,15935188.0,13488688.0,30901392.0,23070778.0,13502396.0,12028673.0,15244788.0,0
1789679515.1787891,keyboard,346,34,0.0,4034027.5,34446272.0,127381152.0,48903272.0,4340416.0,5061774.5,19413090.0,13488453.0,51842148.0,18782150.0,8267959.0,13551051.0,19269896.0,9467585.0,31855554.0,0
1789679515.2489152,keyboard,346,7,0.0,0.0,0.0,0.0,0.0,0.0,0.0,0.0,0.0,311145.03125,445457.0,0.0,0.0,1745879.5,1319594.25,792982.5,0
1789679515.2939775,keyboard,345,17,110025.7265625,194951.59375,0.0,1954359.0,985588.875,1038378.5,422482.40625,1480728.625,783248.375,1802302.0,1147643.75,0.0,3426212.0,571857.0,322923.1875,0.0,0
1789679515.431582,keyboard,342,30,0.0,0.0,40764544.0,35232144.0,80057936.0,24610448.0,1975477.0,3050251.25,11110322.0,64869888.0,55683224.0,213976928.0,140033376.0,221292000.0,32736508.0,76989824.0,0
1789679515.4902518,keyboard,342,9,0.0,0.0,0.0,0.0,0.0,0.0,0.0,2194356.75,809833.625,243012.75,1688659.25,8727396.0,0.0,1758938.5,0.0,0.0,0
1789679515.540507,keyboard,342,34,1446468.75,0.0,4944656.5,6683807.5,44374520.0,10176902.0,20908708.0,653169.0,10930372.0,37835716.0,24595520.0,54106488.0,40947168.0,51804704.0,22134732.0,23234672.0,0
1789679515.653087,keyboard,342,34,0.0,1236449.375,6173020.0,15943616.0,15760218.0,9118676.0,5851464.0,3163453.0,7108817.0,10053739.0,41963444.0,22219328.0,117655248.0,112403320.0,27379924.0,20209496.0,0
1789679515.6983078,keyboard,342,10,0.0,0.0,0.0,0.0,0.0,876132.0,0.0,4959384.5,1107117.25,1844073.375,1580807.0,2318366.0,0.0,973582.125,894951.625,0.0,0
1789679515.7433434,keyboard,342,5,0.0,0.0,0.0,0.0,0.0,120042.71875,283284.5,0.0,0.0,0.0,0.0,0.0,0.0,393211.75,691729.125,1039055.5,0
1789679515.8106463,keyboard,342,7,0.0,46679.35546875,0.0,0.0,0.0,0.0,100912.984375,0.0,101815.5,0.0,1894773.5,507689.375,424117.5625,287432.5,0.0,0.0,0
1789679515.8737657,keyboard,347,28,390313.375,0.0,866595.375,2852900.5,7915853.0,277231.3125,333367.34375,1042758.1875,1426698.375,704381.5625,737117.375,5712711.0,3519058.25,10277996.0,19090668.0,11608261.0,0
1789679515.935316,keyboard,347,19,0.0,5661706.0,4610639.0,277406.21875,11960864.0,0.0,5812952.5,3361602.0,0.0,14407806.0,7686912.0,29303342.0,11668840.0,0.0,0.0,2186301.5,0
1789679515.985478,keyboard,347,10,0.0,0.0,0.0,0.0,146936.3125,0.0,110460.8828125,403699.375,466900.9375,424869.03125,0.0,0.0,5856064.0,0.0,782856.9375,280114.75,0
1789679516.1278448,keyboard,337,28,559605.125,0.0,66900348.0,100698032.0,45535164.0,1041497.8125,13554106.0,11996767.0,1741536.75,18356920.0,4371792.0,9873013.0,5766226.0,39899776.0,8499196.0,8029192.5,0
1789679516.187174,keyboard,337,9,83717.0625,0.0,0.0,0.0,225055.9375,294558.6875,382163.34375,1260096.25,0.0,145451.375,0.0,0.0,0.0,480727.6875,0.0,0.0,0
1789679516.2368853,keyboard,345,27,0.0,0.0,3896586.0,8423507.0,1045554.125,979434.25,5150952.0,11568790.0,1824837.875,11768070.0,24544946.0,27935752.0,6563506.5,14190612.0,27191932.0,7662710.0,0
1789679516.3495836,keyboard,344,31,1013063.75,870597.9375,7625464.5,35323848.0,35476656.0,18613042.0,18844276.0,17522396.0,11719990.0,42409088.0,46979492.0,166897648.0,74605648.0,7206502.0,16617548.0,8050015.5,0
1789679516.759854,keyboard,343,31,0.0,983467.0,16824820.0,11312651.0,16818876.0,7713951.0,7831185.0,11422202.0,17606976.0,3600438.5,34882728.0,47157376.0,18994252.0,39911792.0,64321796.0,60699664.0,0
1789679516.98131,keyboard,336,28,0.0,0.0,36096024.0,5007619.0,11845784.0,5740983.0,14981942.0,26563622.0,23222352.0,87715616.0,18223732.0,108967608.0,55450596.0,29145654.0,19804800.0,35152620.0,0
1789679517.1715014,keyboard,341,30,1709188.75,3771602.75,10253328.0,11855418.0,16754672.0,2275942.75,13511859.0,0.0,3471105.25,4086605.5,6079473.5,42273608.0,14329534.0,14415180.0,9236328.0,15775725.0,0
1789679518.0242815,keyboard,343,36,0.0,3176989.0,25974772.0,61454556.0,59556640.0,16539593.0,22854108.0,20810660.0,26885098.0,81072464.0,46605820.0,45781836.0,21124732.0,35587808.0,42456432.0,54787328.0,0
1789679518.2464273,keyboard,340,27,1691897.875,0.0,3922334.75,7517341.0,7494763.5,3454636.0,13999516.0,3363627.5,1705238.625,7187115.0,0.0,4857108.5,7314930.5,81778576.0,59215184.0,16847600.0,0
1789679518.5005202,keyboard,345,32,15009157.0,0.0,59122652.0,20927524.0,66703896.0,3668339.0,11190384.0,38156236.0,22979334.0,164567520.0,150267872.0,75642136.0,10560504.0,38292856.0,25268952.0,14161101.0,0
1789679518.5647385,keyboard,344,18,0.0,741269.875,0.0,0.0,6482544.0,2495049.25,0.0,481983.5,0.0,11536586.0,0.0,4418015.0,8870385.0,10892789.0,0.0,5578335.0,0
1789679518.7210407,keyboard,340,29,202872.015625,0.0,14601041.0,10851885.0,5648480.0,4582576.5,12826412.0,31455058.0,25396266.0,82849048.0,0.0,92431672.0,74644520.0,38377272.0,59459080.0,51016376.0,0
1789679518.781009,keyboard,339,16,0.0,5595483.0,5334880.0,6607066.0,0.0,0.0,2081510.25,1174701.75,0.0,1899653.75,0.0,26032312.0,5290336.5,9825486.0,2311725.5,581246.0625,0
1789679518.8457932,keyboard,350,28,8169471.5,9324262.0,7824311.5,9170434.0,10419253.0,2825501.5,2580274.25,0.0,5683811.0,10972679.0,25897680.0,8494580.0,44222564.0,131916736.0,24345146.0,0.0,0
1789679518.9420657,keyboard,347,25,12633900.0,2819333.5,17591306.0,10374830.0,0.0,0.0,147366656.0,29855834.0,71402912.0,180695952.0,47847448.0,25486214.0,234452192.0,100813800.0,6723701.0,0.0,0
1789679520.555086,keyboard,349,25,0.0,0.0,11422228.0,68254616.0,76369640.0,32167082.0,14020257.0,14282416.0,12346474.0,361349600.0,429086880.0,265963904.0,26954180.0,69533040.0,14909783.0,93237568.0,0
1789679520.6500669,keyboard,349,19,293889.25,0.0,2261302.0,2655355.0,2043705.0,2685249.5,0.0,2659455.5,2539976.25,2637721.75,1615740.75,0.0,1561547.75,1288475.875,684298.5625,0.0,0
1789679520.7768676,keyboard,345,31,4147136.5,0.0,121937728.0,240562256.0,547577280.0,51581368.0,71920544.0,53770656.0,28701168.0,134316576.0,147681728.0,459353472.0,184590880.0,525558080.0,243067504.0,258003536.0,0
1789679520.8416357,keyboard,345,7,0.0,1630651.375,1507301.0,0.0,0.0,0.0,1139405.75,936353.5,0.0,1738229.0,3138721.75,0.0,0.0,0.0,0.0,0.0,0
1789679520.9028234,keyboard,345,22,0.0,0.0,11290914.0,0.0,23899552.0,0.0,1641955.25,926709.125,4766372.0,46949752.0,20058526.0,47130484.0,16470338.0,3470242.75,1808149.0,1940537.625,0
1789679520.9971826,keyboard,341,32,5235970.5,6040772.0,97577616.0,133303456.0,163206336.0,59434100.0,23191532.0,48359248.0,10632809.0,3156762.75,51432400.0,127363592.0,15483482.0,136027664.0,54639452.0,46289252.0,0
1789679521.0574038,keyboard,352,29,46576544.0,35901660.0,98251312.0,0.0,70223480.0,11021051.0,35096788.0,12179105.0,89883552.0,239831520.0,165898816.0,149468448.0,28978690.0,34563776.0,0.0,0.0,0
1789679521.1222196,keyboard,352,9,0.0,0.0,0.0,1154883.75,328548.3125,0.0,166366.453125,0.0,0.0,0.0,0.0,0.0,382921.4375,493912.875,1636968.25,1116619.5,0
1789679521.250332,keyboard,342,26,4494409.0,9595317.0,5864197.0,9185760.0,0.0,2527571.5,19892706.0,30465788.0,10356821.0,71240496.0,74018104.0,180954976.0,34975000.0,23342080.0,10576064.0,24673062.0,0
1789679521.310429,keyboard,342,9,289354.4375,3505252.75,244894.5625,0.0,0.0,0.0,0.0,1242808.75,6676910.0,5116411.5,0.0,0.0,0.0,1879345.75,0.0,0.0,0
1789679521.359871,keyboard,340,15,0.0,0.0,1018699.0,399756.46875,919209.25,534969.75,167552.6875,193287.4375,95171.7265625,0.0,0.0,0.0,195891.15625,288149.34375,657894.9375,379004.84375,0
1789679521.5037642,keyboard,345,32,0.0,5678637.0,15546119.0,24170404.0,26818222.0,57509984.0,31882326.0,18582592.0,6481397.0,68639080.0,25569812.0,84405400.0,20839766.0,87257080.0,17425544.0,80098832.0,0
1789679523.5910175,keyboard,355,19,0.0,12209715.0,35249108.0,2690484.0,9830249.0,23641684.0,8440262.0,0.0,6192975.5,4807861.0,9766238.0,0.0,2811413.75,7074853.0,0.0,0.0,0
1789679523.8123336,keyboard,359,17,0.0,40840984.0,109146088.0,142206128.0,104431920.0,329798720.0,1322653952.0,170249984.0,0.0,0.0,0.0,0.0,98137136.0,0.0,14060182.0,63236272.0,0
1789679526.8802314,keyboard,63,7,0.0,0.0,0.0,0.0,0.0,0.0,0.0,0.0,2251479.5,0.0,0.0,0.0,0.0,23858934.0,17279208.0,28283116.0,0
1789679527.7018642,keyboard,41,14,0.0,0.0,0.0,308819232.0,223016800.0,0.0,0.0,41977832.0,19335884.0,47147736.0,271452928.0,287845152.0,71929936.0,395176064.0,0.0,0.0,0
1789679527.922955,keyboard,21,13,0.0,0.0,4859080.5,342125632.0,150495952.0,0.0,154863984.0,0.0,0.0,0.0,37712264.0,63410464.0,40575436.0,57434660.0,0.0,5241444.5,0
1789679528.524849,keyboard,353,9,0.0,9723766.0,36450792.0,0.0,0.0,10980480.0,88614056.0,0.0,0.0,0.0,0.0,0.0,0.0,17350376.0,4474594.5,0.0,0
1789679528.5257826,keyboard,71,8,2318036.5,0.0,0.0,3995647.5,944077.375,0.0,0.0,0.0,0.0,4459482.5,0.0,0.0,0.0,0.0,15533852.0,36617916.0,0
1789679528.7448254,keyboard,26,12,0.0,0.0,0.0,0.0,12406730.0,0.0,0.0,3807821.0,1911703.75,0.0,2180416.75,8937213.0,40778300.0,45932140.0,0.0,701181.9375,0
1789679528.9357204,keyboard,70,3,0.0,0.0,0.0,0.0,0.0,0.0,0.0,0.0,0.0,0.0,0.0,0.0,0.0,0.0,21067610.0,32761162.0,0
1789679528.936309,keyboard,33,12,1245439.5,0.0,11305298.0,17680202.0,0.0,0.0,0.0,0.0,0.0,1265462.25,0.0,11007597.0,8666396.0,30163940.0,0.0,0.0,0
1789679529.155982,keyboard,59,12,512976.625,1492400.25,0.0,0.0,0.0,0.0,0.0,8328948.0,1088656.25,7817415.0,0.0,0.0,2893331.5,5413466.0,12059084.0,6819149.0,0
1789679529.3466446,keyboard,60,12,0.0,0.0,0.0,0.0,0.0,0.0,521080.0625,3860655.25,0.0,503443.46875,1276249.75,2011494.125,0.0,2820661.5,3092158.75,1096875.875,0
1789679530.0097752,keyboard,40,8,0.0,0.0,0.0,0.0,0.0,0.0,0.0,34798228.0,17154658.0,0.0,0.0,0.0,0.0,9756929.0,6861083.5,6552605.0,0
1789679530.229511,keyboard,34,13,0.0,0.0,0.0,73862744.0,0.0,63639192.0,106797912.0,0.0,43513160.0,0.0,31798702.0,20099502.0,0.0,314340160.0,52145776.0,0.0,0
1789679530.6735632,keyboard,65,17,0.0,0.0,0.0,0.0,0.0,0.0,0.0,30854698.0,73713872.0,192289968.0,188751200.0,326889760.0,79873784.0,206385088.0,224997344.0,129504000.0,0
1789679530.927317,keyboard,66,4,0.0,0.0,0.0,0.0,0.0,0.0,0.0,0.0,0.0,0.0,0.0,3542551.5,4756757.5,16901032.0,0.0,0.0,0
1789679531.1480508,keyboard,310,3,0.0,0.0,0.0,0.0,1632688.75,0.0,41363524.0,0.0,1542627.5,0.0,0.0,0.0,0.0,0.0,0.0,0.0,0
1789679531.5918622,keyboard,294,3,28699866.0,76054768.0,0.0,0.0,0.0,0.0,0.0,0.0,0.0,0.0,7138354.0,0.0,0.0,0.0,0.0,0.0,0
1789679532.696709,keyboard,57,23,3109399.0,0.0,0.0,0.0,12965620.0,2832703.5,0.0,0.0,15770806.0,47379416.0,69209224.0,174656896.0,68400192.0,206902848.0,69199968.0,100508072.0,0
1789679533.3282793,keyboard,29,18,0.0,488601.875,7211616.0,13126235.0,2264194.25,0.0,0.0,0.0,0.0,4677570.0,0.0,990115.0625,5857662.0,10275917.0,3142663.5,0.0,0
1789679533.5504525,keyboard,66,9,2208926.0,0.0,0.0,0.0,0.0,0.0,0.0,0.0,0.0,2174146.0,0.0,621789.5,0.0,2187131.25,50322920.0,37479704.0,0
1789679533.770655,keyboard,29,19,12468754.0,37854768.0,121925664.0,158862368.0,184361264.0,13136386.0,156854832.0,141480800.0,16560012.0,0.0,12948118.0,0.0,12517668.0,72380168.0,0.0,0.0,0
1789679533.9950757,keyboard,17,16,0.0,39830700.0,173423840.0,1121619328.0,225832912.0,79418144.0,302407936.0,140329712.0,9483118.0,0.0,0.0,0.0,53875752.0,35833500.0,0.0,0.0,0
1789679533.995819,keyboard,64,13,0.0,0.0,22530082.0,0.0,3384686.0,0.0,0.0,0.0,0.0,17700210.0,66226016.0,41284980.0,0.0,111302280.0,240496672.0,128026712.0,0
1789679534.214904,keyboard,17,6,0.0,0.0,0.0,0.0,7460012.0,0.0,14648500.0,0.0,3343904.75,211108.0,0.0,0.0,0.0,5019262.0,0.0,0.0,0
1789679534.40336,keyboard,22,15,0.0,24669854.0,27818192.0,28386028.0,13042250.0,0.0,0.0,36400152.0,0.0,2474489.5,430701.53125,0.0,0.0,28339022.0,0.0,0.0,0
1789679534.6256473,keyboard,68,10,0.0,0.0,43977724.0,0.0,65078896.0,0.0,0.0,0.0,0.0,66889980.0,13051236.0,0.0,0.0,0.0,92083216.0,100533152.0,0
1789679534.846161,keyboard,42,9,0.0,36425744.0,33795028.0,0.0,95662816.0,0.0,301075488.0,0.0,0.0,0.0,0.0,19468296.0,9219608.0,42657160.0,0.0,0.0,0
1789679535.0675623,keyboard,40,14,0.0,0.0,213389072.0,362752960.0,164287776.0,0.0,289034816.0,71665296.0,9461049.0,18828172.0,0.0,16719262.0,0.0,14248146.0,56406648.0,0.0,0
1789679535.2900288,keyboard,40,6,0.0,0.0,0.0,941480.875,0.0,0.0,0.0,0.0,2544854.25,0.0,0.0,0.0,7010534.0,549328.125,0.0,3813606.25,0
1789679535.5102065,keyboard,29,11,0.0,0.0,5948005.0,0.0,175288576.0,8631424.0,43513756.0,47616080.0,0.0,0.0,0.0,0.0,0.0,62321816.0,36359712.0,0.0,0
1789679535.7623868,keyboard,12,7,0.0,0.0,41748940.0,658407424.0,221245360.0,0.0,250897952.0,0.0,0.0,0.0,46689508.0,0.0,0.0,67035456.0,0.0,0.0,0
1789679535.9850693,keyboard,12,13,779950.375,7529191.5,6248507.0,0.0,2359538.25,0.0,0.0,0.0,202232.796875,0.0,0.0,0.0,3725602.5,3267042.75,0.0,0.0,0
1789679535.9862852,keyboard,67,12,0.0,0.0,0.0,0.0,0.0,2816879.0,4917667.0,3958201.25,675019.75,1655172.875,0.0,1803508.0,0.0,0.0,1169871.875,2651551.0,0
1789679536.205874,keyboard,49,11,0.0,0.0,0.0,1387104.125,2136574.75,6059001.0,5733552.0,707079.0,0.0,4713681.0,0.0,0.0,0.0,0.0,855468.625,613894.25,0
1789679536.457735,keyboard,38,11,0.0,0.0,0.0,0.0,315182304.0,0.0,938062336.0,0.0,0.0,0.0,0.0,0.0,349606624.0,790860736.0,322612992.0,0.0,0
1789679536.7102196,keyboard,30,10,0.0,0.0,10110662.0,121645072.0,88090552.0,75285040.0,75221472.0,33689828.0,24203316.0,0.0,0.0,0.0,0.0,6717119.0,0.0,0.0,0
1789679537.4064417,keyboard,43,30,2808391.0,6718491.0,4768035.0,7956412.0,7949014.5,12288259.0,23539376.0,10754786.0,6557046.5,10607418.0,7482118.0,12603315.0,18248684.0,32145040.0,5438262.0,0.0,0
1789679537.9121845,keyboard,37,13,630265.125,0.0,0.0,0.0,0.0,0.0,9451966.0,8846888.0,1615824.375,15598142.0,0.0,1239101.125,1744549.25,18981572.0,1013892.6875,1694165.75,0
1789679538.1339822,keyboard,39,12,0.0,0.0,0.0,0.0,270754624.0,50157660.0,225024304.0,0.0,0.0,0.0,82795496.0,139731616.0,0.0,259613056.0,56582456.0,0.0,0
1789679538.829349,keyboard,70,11,0.0,0.0,0.0,0.0,13721378.0,8304154.0,0.0,11294924.0,0.0,9035191.0,6611497.0,26696068.0,0.0,0.0,13192965.0,37966820.0,0
1789679540.851004,keyboard,7,8,0.0,0.0,0.0,0.0,0.0,593839.6875,2738132.5,859117.3125,909429.0625,735151.1875,338305.875,0.0,614498.4375,0.0,0.0,0.0,0
1789679541.863863,keyboard,66,8,0.0,0.0,0.0,0.0,0.0,0.0,0.0,0.0,0.0,11975158.0,0.0,95746288.0,0.0,50725260.0,35227548.0,77873176.0,0
1789679541.8649075,keyboard,26,9,0.0,0.0,0.0,162081760.0,77737016.0,0.0,0.0,0.0,0.0,0.0,78792384.0,0.0,50572040.0,103180088.0,0.0,0.0,0
1789679542.3394194,keyboard,76,9,0.0,0.0,0.0,0.0,5091698.5,0.0,0.0,0.0,0.0,26361974.0,0.0,25736128.0,0.0,0.0,14273094.0,18894860.0,0
1789679542.3404024,keyboard,35,9,2668558.0,0.0,0.0,168962336.0,73134184.0,13420433.0,0.0,0.0,0.0,0.0,7967517.0,0.0,16699845.0,17809284.0,0.0,0.0,0
1789679542.558692,keyboard,44,16,0.0,0.0,49551144.0,121468832.0,72266400.0,0.0,66140768.0,52977292.0,14202228.0,0.0,17663198.0,36269312.0,25109816.0,49086792.0,0.0,0.0,0
1789679543.0987525,keyboard,72,13,3299855.0,0.0,0.0,0.0,31422172.0,18196780.0,0.0,0.0,5335606.0,31981914.0,5475261.0,17587456.0,0.0,0.0,35254304.0,60784392.0,0
1789679543.1000478,keyboard,32,13,0.0,76661088.0,119891856.0,143893712.0,87000400.0,0.0,198851072.0,0.0,0.0,0.0,0.0,0.0,7735074.5,67260840.0,0.0,0.0,0
1789679543.350822,keyboard,71,12,47346120.0,87656640.0,0.0,0.0,0.0,0.0,0.0,0.0,14701886.0,116843208.0,156178320.0,57094796.0,0.0,0.0,61392304.0,395064736.0,0
1789679543.3514202,keyboard,24,12,20550344.0,0.0,0.0,1873255680.0,708107776.0,148166288.0,165675616.0,0.0,0.0,0.0,0.0,0.0,187575328.0,371311712.0,47476084.0,0.0,0
1789679543.602771,keyboard,25,5,0.0,0.0,7408130.5,0.0,0.0,0.0,0.0,0.0,302827.71875,1045602.0,0.0,5185671.0,0.0,3000359.5,0.0,0.0,0
1789679544.9618652,keyboard,67,11,0.0,0.0,0.0,0.0,0.0,0.0,0.0,0.0,13643052.0,45515032.0,8146436.0,2472882.25,0.0,22857172.0,81501120.0,116306280.0,0
1789679545.407413,keyboard,76,7,0.0,0.0,0.0,0.0,0.0,0.0,0.0,0.0,0.0,0.0,6916336.0,0.0,0.0,8913854.0,882708.25,29523824.0,0
1789679545.4083953,keyboard,5,7,0.0,36650464.0,27175480.0,0.0,14455046.0,0.0,0.0,0.0,0.0,1340581.375,0.0,0.0,0.0,0.0,0.0,0.0,0
1789679545.9117303,keyboard,66,4,0.0,0.0,0.0,0.0,0.0,0.0,0.0,0.0,0.0,8272314.0,0.0,0.0,3234997.5,0.0,0.0,11246178.0,0
1789679545.9126875,keyboard,10,7,0.0,0.0,5332697.0,5774456.5,2875349.0,0.0,20010404.0,0.0,3344153.0,0.0,0.0,0.0,0.0,3930249.0,3498528.75,0.0,0
1789679548.472123,keyboard,341,29,0.0,3705535.5,18959212.0,0.0,6475888.0,5926508.5,12446599.0,4573760.5,6588281.0,41286704.0,23784992.0,84203512.0,67282008.0,34893664.0,26545468.0,77421616.0,0
1789679548.7231705,keyboard,341,30,1225834.75,0.0,58996928.0,9592994.0,14740966.0,39754720.0,174070560.0,111339064.0,35493612.0,5129471.5,48900072.0,435975552.0,308767552.0,478402944.0,279941184.0,486011584.0,0
1789679548.8182468,keyboard,341,19,0.0,0.0,416188.0625,758322.375,264650.84375,1154964.625,559113.375,2464099.5,2753497.25,406211.625,0.0,2504602.0,1886514.5,13221667.0,10492040.0,6171632.0,0
1789679548.944633,keyboard,342,29,1107972.5,503403.125,9061260.0,2223584.5,2640899.0,5493944.5,0.0,8401102.0,0.0,1048920.25,18235948.0,47222656.0,10868142.0,11080612.0,34226328.0,21295260.0,0
1789679549.9555922,keyboard,341,28,1281074.875,1087504.75,11478334.0,1966233.75,4306303.5,5906719.0,12865669.0,0.0,4762956.0,12659456.0,6368105.0,12789042.0,11416660.0,50168940.0,82459904.0,15377493.0,0
1789679550.399006,keyboard,341,26,0.0,0.0,59603760.0,37823456.0,18778584.0,0.0,68319096.0,28414068.0,0.0,32217012.0,26938050.0,99383440.0,145787328.0,38934044.0,11713645.0,49186044.0,0
1789679552.9929068,keyboard,353,18,26791380.0,0.0,0.0,5352284.5,0.0,12350454.0,12967120.0,22851716.0,0.0,23701204.0,0.0,2399994.0,9246228.0,10612220.0,31773336.0,13612176.0,0
1789679553.053197,keyboard,352,19,0.0,3034651.75,2588108.0,0.0,1073999.5,1309073.0,1907791.0,0.0,1081365.125,4660430.0,1677794.25,4187945.75,5675328.0,1965682.625,23843264.0,12477541.0,0
1789679555.5238554,keyboard,354,22,0.0,429930.34375,0.0,4512222.0,0.0,1056547.0,3021276.25,2405296.25,11333388.0,9304653.0,13606370.0,4893662.0,6889532.5,2904161.5,3487346.0,3571241.0,0
1789679556.2819357,keyboard,339,24,0.0,841635.3125,0.0,0.0,0.0,1961041.0,15210282.0,10598900.0,13255624.0,32854348.0,23300876.0,32915296.0,17126270.0,1320935.25,4584004.0,7988326.0,0
1789679557.5480163,keyboard,357,17,0.0,0.0,0.0,4059664.0,7222638.5,0.0,15054227.0,0.0,8664330.0,63873268.0,24971740.0,87663176.0,0.0,2524680.0,5935280.0,0.0,0
1789679557.926541,keyboard,357,20,0.0,0.0,44784456.0,3450547.0,7594507.0,354898.6875,3736513.5,2648136.25,0.0,1353517.0,1454179.375,3307783.0,4387339.5,4130815.0,3623270.5,2846519.75,0
1789679558.0207958,keyboard,333,11,0.0,5454376.5,1646700.875,0.0,1103451.5,0.0,0.0,1452042.5,2699539.5,3111891.5,0.0,2952577.0,1179607.375,0.0,386036.625,173370.71875,0
1789679558.401255,keyboard,350,18,0.0,0.0,2880568.25,4402278.0,0.0,1719477.25,754307.6875,2345168.0,5448121.0,37514076.0,5124439.5,19719904.0,2215994.75,0.0,711695.125,0.0,0
1789679558.591164,keyboard,345,26,0.0,13793056.0,24655984.0,0.0,9401162.0,17361680.0,70932360.0,13867986.0,9573438.0,71457312.0,17633358.0,16033074.0,32487756.0,29579290.0,21012908.0,28632048.0,0
1789679558.9077013,keyboard,347,22,0.0,0.0,376779.3125,211516.25,332095.0,0.0,779734.0,974200.9375,611009.625,2859718.0,6701116.0,14885630.0,0.0,5664732.0,1649100.375,762551.625,0
1789679559.16018,keyboard,342,13,0.0,0.0,233877.09375,280648.625,466328.625,0.0,1118191.625,232345.75,0.0,1913011.25,0.0,2124373.0,0.0,3702923.0,5313214.0,4319887.0,0
1789679559.411906,keyboard,342,24,0.0,0.0,8491619.0,0.0,0.0,7875017.0,2434561.0,2801762.0,1639467.875,2177795.25,8680952.0,20450642.0,4790588.5,7621639.0,17841462.0,39663216.0,0
1789679559.507158,keyboard,338,27,0.0,0.0,377884.75,11330280.0,12934614.0,2708795.25,0.0,487511.125,6455692.0,32815282.0,12073526.0,63426348.0,26387206.0,35422148.0,37738452.0,12549124.0,0
1789679559.7292924,keyboard,338,30,6573599.0,0.0,8842391.0,9458576.0,1228969.5,990122.375,20526620.0,35551488.0,29731440.0,32063870.0,9734590.0,7292661.0,0.0,6103219.0,3037888.5,3813243.5,0
1789679560.1416266,keyboard,5,10,0.0,0.0,0.0,0.0,0.0,0.0,0.0,0.0,10760686.0,13486999.0,6294533.0,21190592.0,0.0,12319848.0,4383452.0,0.0,0
1789679561.2797992,keyboard,344,25,0.0,2896891.25,20055276.0,9805469.0,0.0,3912850.0,15775125.0,25317128.0,0.0,25659076.0,14609588.0,56962344.0,13302023.0,11302790.0,1417124.0,6909412.0,0
1789679561.5642662,keyboard,350,18,0.0,4332338.5,1123887.375,0.0,955448.5,0.0,4267195.0,5992250.5,6154860.0,2073914.75,2116159.0,10970980.0,5595447.5,7561767.0,0.0,6550237.5,0
1789679562.070624,keyboard,335,26,0.0,4861671.0,12452829.0,11664552.0,0.0,3334614.25,10026594.0,0.0,2298045.0,16536148.0,853718.5,10941296.0,13951631.0,10728132.0,7449897.0,15863186.0,0
1789679562.8304546,keyboard,345,26,1725847.25,0.0,4489583.0,0.0,1546132.125,2487611.0,13643540.0,13619482.0,7216427.0,25265128.0,4377388.0,61990712.0,1422348.0,3386257.0,46665880.0,58650712.0,0
1789679563.5259285,keyboard,352,24,0.0,0.0,0.0,0.0,0.0,4313925.0,10612156.0,9053099.0,11902730.0,23820394.0,21325054.0,20539152.0,11819474.0,7247384.5,6816748.0,5617074.0,0
1789679564.4430225,keyboard,338,26,0.0,8280812.5,4397224.5,1677136.5,2721726.5,778715.5,0.0,1490866.625,1245585.25,6053919.0,7807098.0,35580808.0,55781260.0,21615824.0,27551474.0,23834162.0,0
1789679565.1087575,keyboard,345,12,0.0,561861.0625,0.0,940758.6875,0.0,212872.5,0.0,0.0,246347.078125,0.0,663020.25,5540574.5,10786369.0,5953496.0,2377214.5,0.0,0
1789679565.3611078,keyboard,342,24,0.0,0.0,3799422.75,2405689.5,579984.0,596859.875,4299977.5,4898258.5,0.0,27226116.0,9276844.0,5964399.5,9666417.0,4439658.0,24289360.0,3906278.75,0
1789679566.6255329,keyboard,346,16,0.0,0.0,1647652.875,256531.34375,1265006.875,0.0,0.0,762773.5,3909317.0,3451689.0,4044284.25,12708494.0,2069507.0,427629.0,3254994.0,0.0,0
1789679567.068696,keyboard,340,23,2934521.25,0.0,45889264.0,0.0,0.0,0.0,2826905.75,2141382.75,32574464.0,380612800.0,314219456.0,747065088.0,183185280.0,56733064.0,14508162.0,55781612.0,0
1789679567.353485,keyboard,339,24,0.0,604385.75,613910.9375,0.0,0.0,6050622.0,2689549.0,1301497.0,2337274.75,13982270.0,0.0,10263012.0,4663021.5,5896064.0,4591941.0,3070541.75,0
1789679567.892214,keyboard,346,22,0.0,0.0,2858163.0,0.0,0.0,3524800.5,8799461.0,847521.375,26209994.0,45429224.0,3457314.75,4991284.0,8083130.0,7480971.0,10713870.0,37639080.0,0
1789679568.5883434,keyboard,340,24,0.0,0.0,4821645.0,0.0,0.0,2154910.5,490426.90625,798556.75,0.0,4032058.5,2696994.0,7773983.0,5412697.0,7892000.0,1883213.75,3101342.0,0
1789679569.030758,keyboard,339,27,0.0,0.0,1084197.25,0.0,2198131.25,1112018.625,2130137.5,959552.0,3754806.25,3753765.0,2852613.75,4293718.0,11317423.0,7332886.5,1400987.5,1875771.75,0
1789679570.7380264,keyboard,300,30,15483916.0,12899691.0,37034032.0,29372028.0,154361792.0,0.0,31490972.0,21591126.0,7019015.5,18871556.0,97988048.0,211401632.0,20322028.0,25790840.0,70382112.0,136065952.0,0
1789679571.3068557,keyboard,291,31,31448736.0,0.0,231635136.0,218715424.0,65933176.0,7289505.0,43568756.0,4280161.5,21281326.0,163934880.0,52134692.0,8669637.0,8067335.0,31544900.0,28391708.0,16334360.0,0
1789679571.4343274,keyboard,289,14,0.0,0.0,0.0,0.0,2468162.25,1092491.25,0.0,2786058.25,0.0,37292308.0,18512794.0,21862712.0,3501096.75,0.0,3001881.5,1800624.125,0
1789679571.4991243,keyboard,301,26,0.0,2640623.25,43811348.0,14301964.0,12906925.0,3853517.5,1801380.5,5628519.0,4709124.5,1463945.25,4759420.5,7037081.0,0.0,8139401.5,3767958.5,2118001.5,0
1789679571.6233964,keyboard,287,22,4503829.0,5629022.0,0.0,3013620.0,34886632.0,0.0,1640286.0,0.0,422685.3125,509164.34375,11485720.0,13410524.0,10773494.0,8498528.0,2113763.0,4336081.0,0
1789679571.877404,keyboard,289,23,11454202.0,0.0,0.0,19630958.0,23222234.0,0.0,0.0,0.0,7504815.0,75563912.0,35392472.0,112034112.0,18513534.0,46714256.0,39296688.0,24353348.0,0
1789679572.003414,keyboard,292,26,695270.9375,0.0,113525896.0,49838760.0,30020844.0,0.0,29887900.0,7914581.0,3746658.5,0.0,17571128.0,106173808.0,91269424.0,195953696.0,51729684.0,13157913.0,0
1789679572.2898493,keyboard,301,28,31944692.0,2857768.0,19065116.0,1890434.0,8331174.0,1551914.625,0.0,4393744.0,6032500.0,12173581.0,935746.0,80308976.0,47338580.0,15666716.0,5505777.0,11840676.0,0
1789679572.4460278,keyboard,301,25,8972940.0,32413726.0,30335196.0,3721660.5,6991474.0,3461595.0,6643589.0,0.0,2019836.0,0.0,44449272.0,161423712.0,21177542.0,15051402.0,0.0,8370070.0,0
1789679573.395347,keyboard,307,21,859946.625,1680778.5,51876592.0,131066592.0,185176400.0,63899032.0,17829004.0,60436432.0,101683040.0,97413536.0,0.0,0.0,0.0,61218296.0,40069688.0,0.0,0
1789679574.122756,keyboard,319,16,0.0,91127184.0,66883016.0,36094744.0,132361000.0,35735472.0,0.0,0.0,7089441.5,0.0,0.0,31478548.0,54768716.0,21770524.0,0.0,0.0,0
1789679576.7170787,keyboard,295,10,15880730.0,0.0,0.0,4507050.5,15647538.0,0.0,0.0,0.0,0.0,0.0,10290106.0,8871658.0,2511541.5,2884563.5,0.0,0.0,0
1789679577.128162,keyboard,310,32,64371320.0,579672960.0,920793024.0,760385536.0,1217649664.0,788584448.0,850266752.0,235803520.0,173551616.0,449549472.0,0.0,168284080.0,281768928.0,300217344.0,285659520.0,0.0,0
1789679578.2978332,keyboard,297,31,104813136.0,155201504.0,713277440.0,434971072.0,61117040.0,144846688.0,336720832.0,381714848.0,314475008.0,201214432.0,29981996.0,120747784.0,0.0,276594944.0,265537088.0,124397848.0,0
1789679580.4152532,keyboard,313,22,4959657.5,0.0,338821440.0,167323536.0,88430624.0,5990153.0,10191944.0,31427424.0,32510562.0,18563164.0,31783104.0,241103232.0,0.0,0.0,0.0,0.0,0
1789679580.6387577,keyboard,304,19,6027473.0,0.0,148036784.0,224178080.0,90045168.0,13254404.0,7554140.5,8773517.0,18389820.0,0.0,0.0,121042088.0,0.0,0.0,0.0,0.0,0
1789679580.6394076,keyboard,343,17,0.0,7434473.5,0.0,0.0,17876276.0,0.0,0.0,0.0,0.0,53622128.0,77480312.0,31914774.0,103829504.0,90130328.0,143193152.0,60584964.0,0
1789679582.4392276,keyboard,312,20,7012937.0,0.0,295890176.0,284731200.0,129119368.0,29966548.0,11414636.0,0.0,61486624.0,48074640.0,0.0,298994816.0,0.0,0.0,0.0,0.0,0
1789679585.5707402,keyboard,225,14,0.0,0.0,0.0,0.0,1969274.5,0.0,3755612.5,31207444.0,41523740.0,21576944.0,9902340.0,4394059.0,5495695.0,19848592.0,0.0,0.0,0
1789679585.7910812,keyboard,222,6,0.0,0.0,0.0,0.0,0.0,0.0,9572553.0,14700102.0,33215286.0,360550400.0,0.0,0.0,0.0,0.0,0.0,0.0,0
1789679585.9815428,keyboard,244,10,1078229.125,0.0,0.0,0.0,0.0,0.0,261472192.0,56313016.0,0.0,87917992.0,0.0,375506112.0,0.0,5705384.0,0.0,106166416.0,0
1789679586.1724925,keyboard,236,21,0.0,1618867.875,0.0,0.0,5508727.5,3556406.0,26418174.0,11276158.0,22118992.0,47401284.0,0.0,134831168.0,9754650.0,16359811.0,0.0,0.0,0
1789679586.3927588,keyboard,227,22,1517792.25,0.0,2736786.5,0.0,0.0,3515122.75,9869868.0,5564797.5,4016650.0,21411242.0,0.0,11398032.0,2366163.5,3962741.0,7326513.0,3641152.0,0
1789679586.582916,keyboard,245,14,3012074.25,0.0,0.0,25624668.0,0.0,0.0,139380832.0,33901016.0,4463736.0,62062768.0,0.0,0.0,168800832.0,359195136.0,0.0,170328736.0,0
1789679586.7729037,keyboard,246,16,0.0,0.0,2313258.0,0.0,354682.75,0.0,1650916.25,558913.8125,0.0,1849893.25,0.0,3853758.0,1404470.375,1211455.125,140558.453125,136084.953125,0
1789679586.9929595,keyboard,221,5,0.0,0.0,0.0,0.0,0.0,0.0,0.0,13773590.0,0.0,229333648.0,0.0,0.0,19942562.0,0.0,0.0,0.0,0
1789679587.183108,keyboard,224,12,0.0,2433194.0,0.0,0.0,5700244.0,0.0,15637225.0,31770848.0,41380260.0,245297584.0,0.0,25207084.0,0.0,0.0,0.0,0.0,0
1789679587.4036064,keyboard,222,14,10752600.0,4257110.0,0.0,0.0,1869643.5,0.0,14700206.0,4382283.0,34317460.0,244996240.0,0.0,0.0,8388499.5,0.0,0.0,0.0,0
1789679587.846279,keyboard,226,11,2334135.0,0.0,0.0,0.0,0.0,1593725.0,22503720.0,17763280.0,12089822.0,176774144.0,0.0,14621663.0,0.0,0.0,0.0,0.0,0
1789679588.06837,keyboard,235,10,1451647.75,0.0,0.0,0.0,0.0,0.0,1706537.625,0.0,0.0,4548458.5,0.0,0.0,12314872.0,22117640.0,0.0,1235258.625,0
1789679588.4780324,keyboard,223,21,963952.625,3031863.5,0.0,0.0,9295065.0,11284183.0,22283312.0,15514432.0,37244628.0,236598288.0,0.0,147028816.0,2777607.5,15181423.0,0.0,0.0,0
1789679588.7006323,keyboard,223,4,1213023.0,95391.15625,0.0,11909213.0,0.0,0.0,2627578.25,0.0,0.0,0.0,0.0,0.0,0.0,0.0,0.0,0.0,0
1789679588.8889408,keyboard,225,15,0.0,0.0,0.0,0.0,0.0,58439800.0,226386016.0,48127400.0,38476748.0,465599104.0,0.0,580192640.0,0.0,54217896.0,0.0,0.0,0
1789679589.3639326,keyboard,226,17,6354297.0,0.0,0.0,0.0,6640827.5,0.0,7567814.5,0.0,19069354.0,172536352.0,85975432.0,17655178.0,10190548.0,8041978.0,0.0,0.0,0
1789679589.5850904,keyboard,245,8,0.0,0.0,0.0,0.0,0.0,40780120.0,178147472.0,45245092.0,0.0,0.0,0.0,0.0,0.0,0.0,8634634.0,21617824.0,0
1789679589.8063176,keyboard,226,5,0.0,0.0,0.0,0.0,0.0,0.0,11549736.0,0.0,0.0,23575766.0,0.0,0.0,15947308.0,11432089.0,0.0,0.0,0
1789679589.996357,keyboard,235,18,3159030.0,0.0,0.0,0.0,7408525.0,2312223.25,5741283.0,0.0,2069196.875,571096.0,0.0,0.0,15240184.0,14165530.0,0.0,3634108.5,0
1789679590.2159295,keyboard,226,9,0.0,0.0,0.0,0.0,1831839.0,3373464.5,0.0,18441592.0,0.0,394830208.0,0.0,0.0,55933964.0,0.0,0.0,41533496.0,0
1789679590.4059827,keyboard,226,10,805189.125,0.0,0.0,977272.125,0.0,0.0,2371367.5,197347.5625,0.0,0.0,252231.3125,0.0,0.0,0.0,0.0,7898808.0,0
1789679590.6269853,keyboard,227,13,4650096.0,2515939.5,0.0,0.0,25446310.0,0.0,4269953.0,2621014.75,0.0,62022396.0,0.0,0.0,0.0,47355356.0,0.0,0.0,0
1789679590.8181148,keyboard,232,15,0.0,0.0,0.0,0.0,354701.0625,4084782.5,5050879.0,2102630.5,11053883.0,140767248.0,0.0,228975312.0,60408056.0,0.0,773919.625,20872538.0,0
1789679591.0074966,keyboard,232,9,0.0,0.0,77069.1015625,0.0,0.0,0.0,410183.84375,192072.796875,0.0,330110.53125,0.0,500483.25,0.0,289282.1875,0.0,0.0,0
1789679591.0531528,keyboard,229,11,361377.46875,0.0,0.0,0.0,678808.75,4208631.0,3888713.5,4175611.5,7458787.0,23874086.0,0.0,20746822.0,0.0,0.0,3201155.25,0.0,0
1789679591.227909,keyboard,229,8,414979.4375,0.0,0.0,0.0,0.0,0.0,1379594.5,0.0,0.0,26864328.0,0.0,14872046.0,0.0,16655842.0,0.0,0.0,0
1789679591.4171643,keyboard,232,15,3521087.0,6124443.5,0.0,0.0,1551075.75,760773.625,10291461.0,10296327.0,0.0,0.0,0.0,56628456.0,34447780.0,16697050.0,0.0,0.0,0
1789679591.6395204,keyboard,238,13,1569637.5,1406034.5,0.0,0.0,0.0,1523342.0,5469801.0,4723079.5,2067947.375,0.0,12941486.0,32583212.0,0.0,12745850.0,0.0,51889392.0,0
1789679591.8296633,keyboard,235,17,0.0,0.0,0.0,0.0,404936.34375,0.0,10230942.0,8781051.0,0.0,62999076.0,27414262.0,55455628.0,5890785.0,93546976.0,114651952.0,20289052.0,0
1789679592.019313,keyboard,224,11,0.0,0.0,0.0,0.0,0.0,0.0,11600760.0,7205409.5,0.0,68128264.0,0.0,20414380.0,0.0,0.0,4141968.5,30115830.0,0
1789679592.207996,keyboard,242,15,564895.75,0.0,6673222.0,0.0,0.0,0.0,29458944.0,0.0,4152397.0,40733328.0,0.0,6061908.5,18791430.0,15034992.0,12404757.0,3050227.0,0
1789679592.398122,keyboard,240,10,0.0,0.0,0.0,0.0,0.0,0.0,746353.5,2440116.0,0.0,7691498.5,0.0,0.0,9078054.0,0.0,272843.40625,1361055.75,0
1789679592.619351,keyboard,232,12,0.0,0.0,0.0,10054351.0,400762.09375,1332393.75,10529234.0,1984303.625,0.0,17311310.0,0.0,0.0,13442350.0,25102026.0,0.0,0.0,0
1789679593.2216513,keyboard,219,11,3395873.25,0.0,0.0,0.0,285698.71875,2430733.0,1414263.75,0.0,20903844.0,139338736.0,0.0,0.0,0.0,42435604.0,0.0,0.0,0
1789679593.222678,keyboard,259,4,22600932.0,0.0,0.0,0.0,0.0,0.0,0.0,0.0,0.0,0.0,0.0,0.0,25461406.0,0.0,0.0,6201951.0,0
1789679593.409963,keyboard,255,11,100343568.0,0.0,0.0,0.0,0.0,0.0,0.0,0.0,0.0,0.0,0.0,52096112.0,110414208.0,71176552.0,0.0,50782628.0,0
1789679593.6335084,keyboard,255,6,0.0,0.0,0.0,0.0,3766109.5,1798834.5,15108675.0,0.0,0.0,0.0,0.0,0.0,0.0,0.0,0.0,2167366.25,0
1789679593.6343966,keyboard,220,5,0.0,0.0,9070750.0,0.0,0.0,0.0,0.0,0.0,3819111.75,0.0,0.0,0.0,12812974.0,15268921.0,0.0,0.0,0
1789679593.820913,keyboard,248,9,0.0,0.0,0.0,0.0,0.0,0.0,81499976.0,13620266.0,0.0,0.0,0.0,0.0,8282968.0,20177344.0,0.0,13021710.0,0
1789679594.010257,keyboard,223,12,16966176.0,0.0,0.0,0.0,0.0,2207890.0,6340450.0,26047668.0,22951910.0,203273568.0,0.0,0.0,0.0,59879400.0,0.0,0.0,0
1789679594.231614,keyboard,223,6,3966598.0,1028874.1875,0.0,0.0,0.0,345450.6875,2314785.75,0.0,2621242.5,0.0,0.0,0.0,0.0,0.0,0.0,0.0,0
1789679594.421111,keyboard,223,8,3635957.75,0.0,0.0,0.0,0.0,1664242.25,24041320.0,6446401.5,11466395.0,81782488.0,0.0,0.0,0.0,7744999.0,0.0,0.0,0
1789679594.613237,keyboard,64,3,0.0,0.0,0.0,0.0,0.0,0.0,0.0,0.0,0.0,0.0,10519146.0,0.0,0.0,0.0,951307.75,0.0,0
1789679594.8008988,keyboard,232,15,0.0,0.0,0.0,0.0,2067582.375,12221256.0,11730094.0,1460589.75,41253360.0,225826464.0,150937664.0,0.0,28303012.0,102856080.0,0.0,0.0,0
1789679594.990617,keyboard,232,7,225485.671875,0.0,0.0,0.0,0.0,487808.125,1936893.5,0.0,0.0,4608152.5,0.0,4179380.0,0.0,0.0,0.0,0.0,0
1789679595.1482213,keyboard,218,12,0.0,0.0,742165.75,0.0,1160442.625,923508.8125,646439.0,367818.15625,1051318.375,1981297.375,0.0,1038912.25,2406877.0,0.0,1357908.75,0.0,0
1789679595.423086,keyboard,233,5,4974867.5,0.0,0.0,0.0,0.0,928019.25,4506853.0,0.0,3959054.0,0.0,0.0,0.0,0.0,0.0,0.0,0.0,0
1789679595.5914416,keyboard,230,5,0.0,372171.46875,0.0,0.0,0.0,0.0,457750.125,0.0,0.0,0.0,0.0,13559282.0,3073628.5,0.0,0.0,0.0,0
1789679595.748515,keyboard,227,16,4479771.5,0.0,0.0,0.0,4433380.5,11869923.0,10911531.0,0.0,43862200.0,113151520.0,0.0,0.0,0.0,36330232.0,0.0,26881640.0,0
1789679595.9720378,keyboard,259,9,7475590.0,0.0,0.0,0.0,2534390.25,0.0,15018216.0,3955905.25,0.0,0.0,0.0,0.0,0.0,0.0,12202808.0,3040243.0,0
1789679596.1596758,keyboard,235,19,0.0,0.0,1286184.0,185004.75,0.0,241924.140625,83254.6796875,464067.25,0.0,703489.375,842691.5625,9151517.0,3107951.0,23231322.0,4091215.0,12604102.0,0
1789679596.7934551,keyboard,236,4,1373725.0,0.0,0.0,890233.25,0.0,0.0,1675405.875,380828.0625,0.0,0.0,0.0,0.0,0.0,0.0,0.0,0.0,0
1789679596.981121,keyboard,226,10,1719962.0,742506.3125,0.0,0.0,380611.375,164052.8125,0.0,0.0,0.0,4969976.0,0.0,0.0,0.0,1347729.5,0.0,2141210.25,0
1789679597.140421,keyboard,230,11,1887026.5,732682.25,0.0,0.0,478950.84375,851030.625,5926919.0,17998924.0,0.0,3309689.25,0.0,0.0,10916204.0,23988648.0,0.0,0.0,0
1789679597.330283,keyboard,259,10,3789930.75,0.0,0.0,0.0,0.0,2177337.5,0.0,0.0,0.0,0.0,0.0,19861272.0,70873312.0,42828824.0,39104164.0,0.0,0
1789679597.551267,keyboard,242,14,105146408.0,4106650.75,0.0,0.0,11757786.0,7232656.5,0.0,43283544.0,0.0,0.0,0.0,0.0,75904496.0,48162180.0,0.0,50758392.0,0
1789679599.0055792,keyboard,218,8,1098792.5,0.0,0.0,0.0,0.0,0.0,2870093.0,0.0,0.0,3314563.75,3495053.75,0.0,0.0,0.0,8064253.0,7525258.0,0
1789679599.1945455,keyboard,188,10,7510072.0,0.0,0.0,0.0,0.0,0.0,0.0,12132928.0,19875092.0,105583528.0,0.0,0.0,0.0,0.0,0.0,30549238.0,0
1789679599.6379452,keyboard,193,20,857821.75,0.0,0.0,0.0,0.0,0.0,31421210.0,23746320.0,24140440.0,93174296.0,42509352.0,39480072.0,27887684.0,117322696.0,67980816.0,40845808.0,0
1789679600.0203185,keyboard,185,3,0.0,0.0,0.0,0.0,0.0,0.0,0.0,0.0,2639081.5,1371760.5,0.0,0.0,0.0,8116708.5,0.0,0.0,0
1789679600.2062128,keyboard,183,10,0.0,0.0,0.0,0.0,0.0,0.0,8523949.0,0.0,28930548.0,24359864.0,15889436.0,0.0,0.0,525227072.0,511160832.0,0.0,0
1789679600.5858777,keyboard,185,13,0.0,0.0,0.0,0.0,0.0,262374.34375,263398.8125,2089451.125,3319092.0,771179.0625,0.0,4687064.0,0.0,19088528.0,9306696.0,15145555.0,0
1789679601.5999112,keyboard,228,3,0.0,0.0,0.0,0.0,0.0,1410501.875,0.0,0.0,0.0,6893262.5,0.0,0.0,0.0,0.0,0.0,256212.1875,0
1789679601.6009102,keyboard,28,3,0.0,0.0,0.0,0.0,0.0,0.0,0.0,6987619.0,3893964.75,0.0,0.0,0.0,0.0,0.0,0.0,0.0,0
1789679601.7870266,keyboard,137,5,0.0,0.0,0.0,0.0,0.0,0.0,3597039.75,417284.1875,0.0,0.0,0.0,0.0,0.0,3238172.25,0.0,0.0,0
1789679601.975802,keyboard,192,13,0.0,0.0,0.0,0.0,0.0,0.0,228308.609375,1225532.5,2222755.5,1450990.125,0.0,2758407.25,694124.625,191979.5625,1223073.125,2110066.0,0
1789679602.1968863,keyboard,173,7,0.0,0.0,0.0,0.0,0.0,0.0,0.0,0.0,4860243.0,44018240.0,0.0,0.0,0.0,121887872.0,90573440.0,0.0,0
1789679602.3869853,keyboard,177,8,0.0,0.0,0.0,0.0,89910.0234375,0.0,0.0,717273.875,253320.25,0.0,0.0,0.0,0.0,15257110.0,6322089.0,1105647.5,0
1789679603.052496,keyboard,204,6,0.0,0.0,0.0,0.0,0.0,0.0,0.0,0.0,0.0,111298328.0,189871088.0,0.0,0.0,0.0,64764296.0,191375152.0,0
1789679603.2422123,keyboard,204,9,0.0,0.0,0.0,70813.5078125,0.0,0.0,0.0,1575428.5,0.0,140949.46875,0.0,0.0,0.0,6595215.0,2209182.0,8649113.0,0
1789679603.4626374,keyboard,198,18,0.0,0.0,0.0,0.0,1817312.75,0.0,0.0,0.0,1923099.25,24643686.0,22129266.0,589273.75,5583859.0,60952964.0,37536140.0,74931896.0,0
1789679603.684786,keyboard,201,11,27246198.0,0.0,0.0,0.0,0.0,0.0,0.0,0.0,0.0,308488672.0,0.0,0.0,0.0,494242752.0,564207552.0,465303872.0,0
1789679603.9061544,keyboard,201,10,24863696.0,0.0,0.0,0.0,0.0,0.0,0.0,0.0,41972964.0,83067920.0,0.0,0.0,0.0,0.0,449665856.0,520018272.0,0
1789679605.0733042,keyboard,170,9,0.0,2427662.5,0.0,0.0,0.0,0.0,0.0,0.0,4394363.0,74164496.0,31958960.0,0.0,0.0,98498328.0,57427280.0,0.0,0
1789679605.676239,keyboard,205,9,0.0,1561300.0,0.0,0.0,0.0,0.0,0.0,8215449.5,0.0,8205954.0,0.0,0.0,0.0,10841271.0,8460978.0,9506162.0,0
1789679605.89537,keyboard,177,9,0.0,0.0,1766247.25,2828865.5,0.0,0.0,0.0,7273162.0,11358213.0,383911.59375,0.0,0.0,0.0,20603472.0,16804058.0,0.0,0
1789679606.307848,keyboard,174,12,2674874.0,0.0,0.0,0.0,0.0,0.0,15345594.0,5496648.5,12970169.0,25887036.0,0.0,0.0,0.0,151136992.0,92901208.0,0.0,0
1789679606.749915,keyboard,158,9,0.0,0.0,0.0,0.0,0.0,0.0,4174221.75,1011054.625,2691876.0,0.0,0.0,0.0,0.0,13727374.0,6658897.5,0.0,0
1789679606.9712443,keyboard,181,9,0.0,0.0,0.0,0.0,0.0,0.0,19690144.0,41375364.0,133368608.0,183726048.0,0.0,0.0,0.0,359693120.0,272137184.0,0.0,0
1789679608.804983,keyboard,93,11,0.0,0.0,6364867.0,0.0,0.0,0.0,0.0,0.0,2280793.0,5138660.0,3698403.75,1514031.25,0.0,4682670.5,7642970.0,23180132.0,0
1789679609.2154045,keyboard,98,13,0.0,0.0,0.0,0.0,0.0,0.0,0.0,0.0,0.0,10603676.0,11486528.0,5574180.0,0.0,17981150.0,38174760.0,139143520.0,0
1789679609.436509,keyboard,86,21,12334898.0,2873780.5,0.0,7460994.0,0.0,0.0,0.0,0.0,0.0,88332304.0,143997696.0,204112512.0,45602652.0,158594000.0,65680968.0,80133120.0,0
1789679609.6584845,keyboard,94,14,5199595.0,5596640.5,0.0,0.0,0.0,0.0,0.0,13609754.0,0.0,25739854.0,97906648.0,25642898.0,0.0,208127216.0,193389008.0,203793776.0,0
1789679611.745159,keyboard,94,25,2937611.0,3645784.0,5593590.0,0.0,0.0,0.0,0.0,0.0,3277220.25,16815696.0,6875869.0,4273586.0,14939571.0,31510086.0,6400460.0,8329770.0,0
1789679611.9672687,keyboard,94,20,2415620.0,1288503.25,1228011.75,0.0,0.0,0.0,0.0,19648412.0,7259509.0,5124718.5,3804936.75,5171973.0,0.0,62160072.0,7347774.5,13353279.0,0
1789679612.377737,keyboard,99,19,18776640.0,4071588.25,0.0,0.0,0.0,0.0,0.0,19725618.0,6009164.0,1700238.375,4564225.0,5477774.5,36140760.0,192499744.0,107029688.0,252459328.0,0
1789679612.6001558,keyboard,100,19,17847008.0,8903496.0,0.0,0.0,0.0,0.0,0.0,64230224.0,29546430.0,14096704.0,0.0,52720920.0,89660560.0,383665344.0,475806176.0,615294528.0,0
1789679612.8236763,keyboard,100,9,0.0,0.0,0.0,0.0,0.0,0.0,0.0,5969428.0,0.0,60128808.0,17574868.0,0.0,0.0,40216644.0,0.0,109872336.0,0
1789679613.0130804,keyboard,92,16,695442.9375,0.0,1523843.25,1261525.375,519017.75,0.0,0.0,7261604.0,2842516.5,762096.8125,919298.25,906753.25,0.0,0.0,0.0,3840036.5,0
1789679613.232629,keyboard,87,19,2010619.5,0.0,17743344.0,0.0,0.0,0.0,0.0,40446100.0,55245348.0,79931680.0,309651168.0,95392664.0,0.0,11785912.0,15148187.0,27351900.0,0
1789679613.4542785,keyboard,80,16,0.0,5400390.0,5860669.0,0.0,0.0,0.0,5650312.5,0.0,0.0,2919070.75,3961913.75,48613400.0,0.0,20533536.0,5751735.0,3156170.5,0
1789679613.6772962,keyboard,98,16,13762143.0,2977511.0,0.0,0.0,0.0,0.0,0.0,76115760.0,40977480.0,78139456.0,0.0,0.0,0.0,92212864.0,150379392.0,203481888.0,0
1789679613.8981926,keyboard,94,13,12419454.0,2192362.5,0.0,0.0,0.0,0.0,0.0,15016523.0,13947802.0,38308072.0,0.0,9146367.0,0.0,179880256.0,308187392.0,58188884.0,0
1789679614.3090832,keyboard,94,18,0.0,1577655.625,3253211.0,0.0,0.0,0.0,15067000.0,4870289.0,5431718.5,8721013.0,8709360.0,22099432.0,0.0,1694214.375,1517998.375,6870589.0,0
1789679614.5294795,keyboard,82,15,31049012.0,6627107.0,30681080.0,0.0,0.0,0.0,0.0,38337448.0,0.0,103674784.0,34933240.0,8108003.0,0.0,319763424.0,86440568.0,0.0,0
1789679614.7517908,keyboard,105,18,1144382.25,0.0,0.0,0.0,0.0,0.0,13104787.0,106839408.0,15477933.0,158979024.0,39742912.0,15790288.0,0.0,335694016.0,493175488.0,1153231872.0,0
1789679615.4144075,keyboard,94,19,0.0,15648726.0,0.0,0.0,0.0,0.0,26401634.0,66227844.0,17748272.0,122655520.0,181800480.0,47576560.0,95608240.0,470734848.0,801414528.0,551402880.0,0
1789679615.637328,keyboard,93,17,0.0,0.0,3130320.75,0.0,0.0,0.0,0.0,4483001.0,1444718.5,25436236.0,15950429.0,3427552.5,5749125.0,2073912.0,8535794.0,6817087.0,0
1789679615.8594935,keyboard,94,8,0.0,0.0,1442696.75,0.0,0.0,0.0,0.0,2139318.0,1759461.125,0.0,0.0,2782715.0,0.0,0.0,0.0,825786.25,0
1789679616.0497603,keyboard,92,17,429752.875,115841.4921875,128810.8984375,591589.0625,0.0,0.0,0.0,5769418.0,1814668.75,171179.125,1122352.0,2705838.25,538087.9375,2732751.5,586090.625,0.0,0
1789679616.3020084,keyboard,74,8,0.0,2874321.75,1060722.125,0.0,0.0,0.0,0.0,4806866.0,0.0,3091816.0,0.0,6437393.0,0.0,3867918.0,7904854.0,0.0,0
1789679616.7456863,keyboard,88,10,0.0,0.0,10508716.0,13882614.0,0.0,0.0,0.0,9144342.0,0.0,0.0,0.0,2392938.75,0.0,8317877.0,7064754.0,7751262.0,0
1789679616.9646866,keyboard,79,8,4254770.5,1416543.0,5637072.5,0.0,0.0,0.0,0.0,13835190.0,0.0,0.0,0.0,12568272.0,0.0,21609940.0,0.0,45182864.0,0
1789679617.3775191,keyboard,89,16,0.0,0.0,0.0,0.0,0.0,0.0,0.0,163410.90625,1350493.75,14267412.0,504174.40625,31626276.0,9517450.0,9462078.0,6645453.0,18784382.0,0
1789679617.598057,keyboard,94,16,0.0,0.0,0.0,0.0,0.0,0.0,0.0,0.0,62022192.0,607320192.0,459878144.0,74688240.0,390652480.0,1285130496.0,658903232.0,526041728.0,0
1789679617.8194983,keyboard,94,13,0.0,0.0,0.0,0.0,0.0,0.0,0.0,0.0,7235069.5,52116464.0,37433612.0,0.0,0.0,21811854.0,79334976.0,41048848.0,0
1789679618.0411804,keyboard,92,15,2168251.25,0.0,0.0,227515.546875,0.0,0.0,0.0,13770735.0,0.0,4082625.75,0.0,5670378.5,1408222.25,8154542.0,0.0,3340030.0,0
1789679618.9569917,keyboard,85,14,0.0,413562.46875,0.0,0.0,0.0,0.0,0.0,0.0,21465474.0,50415516.0,61977320.0,79836264.0,0.0,46274536.0,0.0,194635344.0,0
1789679619.2113886,keyboard,85,13,0.0,0.0,6888808.0,12506550.0,0.0,0.0,0.0,19183208.0,7589776.5,0.0,2915589.75,4912438.0,7347304.0,9567836.0,17723776.0,0.0,0
1789679619.4325123,keyboard,97,9,0.0,0.0,0.0,0.0,0.0,0.0,0.0,2631659.25,1613912.25,0.0,3307228.0,1596316.625,5731915.0,30353610.0,60379072.0,0.0,0
1789679619.6542811,keyboard,96,10,0.0,192089.703125,0.0,0.0,0.0,0.0,0.0,0.0,2183798.75,0.0,0.0,21603830.0,0.0,68239208.0,13506826.0,8849678.0,0
1789679620.2865746,keyboard,106,13,4879314.0,1917839.875,462868.5625,0.0,0.0,0.0,0.0,0.0,6744004.5,48831296.0,14173505.0,0.0,0.0,48774540.0,14806747.0,59294072.0,0
1789679620.7285051,keyboard,103,18,396534.84375,0.0,6501863.0,0.0,0.0,0.0,0.0,0.0,0.0,36629140.0,23075494.0,3601981.5,49898684.0,123160696.0,54677440.0,107481984.0,0
1789679620.9821012,keyboard,100,6,1842881.5,0.0,0.0,0.0,1019382.75,0.0,0.0,0.0,0.0,0.0,0.0,0.0,0.0,187665856.0,183024000.0,116444784.0,0
1789679621.6796196,keyboard,31,6,2978002.0,0.0,2182431.5,0.0,0.0,0.0,5963737.5,0.0,0.0,0.0,0.0,22372778.0,0.0,8854704.0,0.0,0.0,0
1789679621.9604714,keyboard,64,12,0.0,995287.4375,9144038.0,6128162.0,0.0,0.0,0.0,0.0,0.0,0.0,0.0,20498496.0,25956428.0,20671712.0,2968892.0,0.0,0
1789679622.1512666,keyboard,92,9,0.0,0.0,0.0,0.0,0.0,0.0,0.0,20067.294921875,0.0,82343.6015625,98242.78125,0.0,0.0,519140.3125,1718225.5,1051329.0,0
1789679622.217085,keyboard,39,10,0.0,0.0,10357446.0,0.0,5785096.0,0.0,0.0,16471200.0,0.0,14634009.0,7365951.0,0.0,0.0,33180950.0,19168612.0,32324046.0,0
1789679622.2180042,keyboard,93,7,0.0,0.0,1988267.625,0.0,0.0,0.0,0.0,0.0,14829004.0,0.0,0.0,0.0,20614444.0,19119566.0,16890282.0,12147753.0,0
1789679622.4044275,keyboard,90,3,0.0,2152547.25,0.0,9413596.0,0.0,0.0,0.0,1172490.875,0.0,0.0,0.0,0.0,0.0,0.0,0.0,0.0,0
1789679622.6255798,keyboard,64,6,0.0,0.0,271766.65625,0.0,0.0,0.0,0.0,0.0,0.0,454895.1875,1609152.75,0.0,0.0,1521529.0,1139698.5,0.0,0
1789679623.511419,keyboard,45,8,1533828.5,1232030.25,4097267.25,7720463.0,0.0,0.0,1641929.0,0.0,0.0,0.0,0.0,0.0,0.0,2138571.75,0.0,0.0,0
1789679623.700695,keyboard,74,24,0.0,0.0,0.0,0.0,12880051.0,0.0,50359272.0,4546002.0,6833218.5,53564168.0,24641342.0,58651092.0,51432384.0,189405888.0,52745720.0,97052456.0,0
1789679623.9225972,keyboard,73,23,11488796.0,31869436.0,253656160.0,109457960.0,0.0,0.0,26137066.0,33118012.0,7960949.0,202451776.0,225333296.0,47643260.0,222709888.0,674661632.0,574139648.0,0.0,0
1789679624.3641706,keyboard,78,22,0.0,21757020.0,147747648.0,71169096.0,0.0,0.0,0.0,0.0,33062756.0,512830208.0,567566336.0,492283168.0,284519968.0,342145952.0,32882920.0,273059392.0,0
1789679624.5874438,keyboard,78,15,2300239.5,0.0,0.0,0.0,8650518.0,2044588.75,5619545.0,484185.375,458570.6875,0.0,0.0,0.0,893272.5,831313.0,5376795.0,4522041.5,0
1789679624.8091123,keyboard,82,22,24029106.0,0.0,0.0,31696984.0,0.0,0.0,0.0,10810420.0,9448706.0,29017730.0,16274635.0,51674008.0,81383320.0,90978944.0,96019392.0,185298288.0,0
1789679625.0292857,keyboard,80,22,85407752.0,7509369.0,2837229.5,0.0,0.0,0.0,236567360.0,479590368.0,46346612.0,158090304.0,193378752.0,110578416.0,88885904.0,1026470528.0,231420368.0,0.0,0
1789679625.2518446,keyboard,78,18,31444460.0,0.0,40423156.0,0.0,0.0,0.0,0.0,91626048.0,165335072.0,553894528.0,165505280.0,40160344.0,271085184.0,654096704.0,466929824.0,461946880.0,0
1789679625.4715188,keyboard,71,23,100211272.0,45705888.0,476228672.0,69518312.0,0.0,0.0,0.0,512632608.0,29106044.0,167474864.0,70053776.0,85525568.0,603282496.0,626983104.0,147442496.0,645914496.0,0
1789679625.6927545,keyboard,79,27,27740246.0,0.0,462368832.0,189672160.0,0.0,0.0,0.0,57915232.0,51946672.0,426759424.0,485440448.0,187879312.0,171530176.0,1003027968.0,479560160.0,120362952.0,0
1789679626.3258374,keyboard,69,25,7515421.0,10047360.0,5949003.0,0.0,0.0,0.0,57085424.0,0.0,5872070.0,11913887.0,19345452.0,48656084.0,18868568.0,32705984.0,16461920.0,16236992.0,0
1789679626.546173,keyboard,81,22,3759691.0,26789838.0,0.0,0.0,0.0,0.0,0.0,87165328.0,59398864.0,157826304.0,95596632.0,68258776.0,0.0,133139792.0,71220480.0,33469094.0,0
1789679626.7689445,keyboard,73,23,9437799.0,0.0,1433307.25,0.0,0.0,0.0,0.0,210674880.0,152621280.0,210379776.0,535774048.0,173522496.0,123716720.0,125787968.0,215005664.0,321942720.0,0
1789679626.989982,keyboard,74,20,0.0,13484788.0,20630876.0,0.0,0.0,0.0,0.0,102779680.0,21936692.0,27478736.0,159786448.0,41741396.0,45774664.0,263754656.0,143025520.0,74383712.0,0
1789679627.2117069,keyboard,79,20,61189132.0,34565592.0,104007744.0,0.0,0.0,0.0,0.0,193906288.0,0.0,149183664.0,231839040.0,3432281.5,32468996.0,258459088.0,105260016.0,177612496.0,0
1789679627.433354,keyboard,83,17,0.0,0.0,66738544.0,39973712.0,0.0,0.0,0.0,0.0,10433375.0,43240004.0,24136076.0,15853489.0,75258960.0,20758292.0,54868632.0,199970656.0,0
1789679627.6544042,keyboard,76,22,55038848.0,24860976.0,0.0,0.0,0.0,0.0,0.0,110370496.0,2845488.5,57487232.0,76207184.0,0.0,25059632.0,45948856.0,61704388.0,64617984.0,0
1789679627.8765514,keyboard,79,18,17682584.0,0.0,31186044.0,18014676.0,0.0,0.0,0.0,58340388.0,14091390.0,15969170.0,74391592.0,27222104.0,0.0,231367232.0,171103232.0,83174760.0,0
1789679628.0962906,keyboard,64,18,0.0,4733117.5,48952732.0,0.0,0.0,0.0,64449680.0,139707296.0,0.0,7739791.5,83161200.0,2581191.0,9945507.0,87868200.0,3138502.5,27306930.0,0
1789679628.318545,keyboard,81,17,40893004.0,0.0,19798790.0,11468870.0,0.0,0.0,0.0,65714992.0,14623029.0,205116096.0,101293192.0,0.0,19669608.0,232358112.0,159163264.0,44791216.0,0
1789679628.5387464,keyboard,80,23,16863862.0,0.0,3711703.5,0.0,0.0,0.0,9854453.0,19320054.0,27748524.0,13361958.0,10491069.0,9268598.0,705257.875,25852602.0,83270072.0,182697184.0,0
1789679629.108479,keyboard,93,4,0.0,1174205.125,0.0,0.0,0.0,0.0,0.0,0.0,0.0,0.0,0.0,0.0,0.0,106608488.0,0.0,0.0,0
1789679629.1094637,keyboard,55,10,3798659.5,6349216.0,16886500.0,7570979.0,0.0,0.0,0.0,0.0,0.0,28597188.0,25384130.0,14485387.0,23322592.0,0.0,47178656.0,0.0,0
1789679629.3296854,keyboard,73,15,1551196.5,0.0,0.0,17806020.0,0.0,2673527.5,0.0,23868484.0,10404745.0,0.0,0.0,20661384.0,48000432.0,148742176.0,22320582.0,0.0,0
1789679629.518994,keyboard,69,21,2182144.0,5088856.0,15699839.0,85340328.0,73218688.0,13610252.0,96230744.0,33185898.0,10668147.0,0.0,0.0,61772952.0,105901992.0,281282592.0,118145392.0,59503312.0,0
1789679630.4358451,keyboard,91,9,19695796.0,0.0,0.0,0.0,0.0,0.0,0.0,5123270.5,1630906.625,0.0,0.0,0.0,0.0,30645874.0,100187296.0,171615536.0,0
1789679630.68783,keyboard,81,13,27070768.0,44993372.0,37949432.0,0.0,0.0,0.0,0.0,2442243.0,0.0,42747336.0,0.0,32063592.0,0.0,30404312.0,6925312.0,0.0,0
1789679630.8773458,keyboard,72,27,27210676.0,13524823.0,11483858.0,1931345.5,0.0,0.0,50055264.0,72448720.0,19800308.0,63828208.0,36455520.0,35712760.0,53937232.0,114992272.0,82587328.0,162176448.0,0
1789679631.3516133,keyboard,79,18,0.0,0.0,50058760.0,0.0,0.0,0.0,16914064.0,138224832.0,34661792.0,169585856.0,111906800.0,65979704.0,0.0,66694024.0,62877464.0,291942944.0,0
1789679631.7938557,keyboard,82,19,1787098.75,5654350.0,18220906.0,0.0,0.0,0.0,61997980.0,21219116.0,6735873.0,4550656.5,12390150.0,14474086.0,0.0,1286422.5,15536073.0,38122864.0,0
1789679632.047724,keyboard,84,10,1230284.75,0.0,1696230.75,0.0,0.0,0.0,0.0,0.0,0.0,0.0,0.0,6181534.0,24036704.0,70812432.0,63276236.0,65852500.0,0
1789679632.048686,keyboard,44,8,0.0,8751628.0,558087.875,0.0,0.0,0.0,0.0,16576700.0,0.0,0.0,26662092.0,23367294.0,18862582.0,0.0,0.0,0.0,0
1789679632.267589,keyboard,88,17,8307826.0,27940624.0,0.0,0.0,0.0,0.0,0.0,32634044.0,24087152.0,36796592.0,11877478.0,3511482.25,0.0,20112272.0,34761768.0,83005408.0,0
1789679632.7728045,keyboard,70,21,606095.9375,842166.0,0.0,0.0,372944.625,0.0,2527216.0,8134759.0,4378866.0,1597700.25,1257908.625,0.0,1586940.25,5598211.0,1066919.5,565379.1875,0
1789679633.058149,keyboard,69,16,13485316.0,0.0,9737326.0,0.0,456909.53125,0.0,0.0,0.0,0.0,5529173.0,14181269.0,27105110.0,33255118.0,73704224.0,35447264.0,0.0,0
1789679633.3107617,keyboard,73,6,0.0,0.0,951039.5625,0.0,0.0,0.0,0.0,0.0,0.0,0.0,0.0,1777810.375,0.0,0.0,35690884.0,16505535.0,0
1789679633.5624888,keyboard,53,6,0.0,0.0,0.0,2743555.5,0.0,0.0,0.0,0.0,0.0,0.0,0.0,8607862.0,0.0,8576792.0,2750707.5,0.0,0
1789679633.8785856,keyboard,63,13,34117772.0,0.0,202650432.0,0.0,0.0,0.0,0.0,62774576.0,0.0,0.0,0.0,0.0,263731136.0,408656288.0,117089832.0,0.0,0
1789679634.4796004,keyboard,80,24,13383630.0,0.0,204827744.0,30371892.0,0.0,0.0,0.0,26347614.0,13576689.0,31470510.0,73100000.0,56182824.0,137906944.0,632324288.0,824378368.0,1206535168.0,0
1789679635.1136556,keyboard,37,9,4730870.5,1614022.125,4457568.0,0.0,0.0,0.0,0.0,1213264.5,0.0,0.0,0.0,0.0,4412217.5,13085086.0,0.0,355642.9375,0
1789679635.1144536,keyboard,78,3,12569309.0,7177794.0,0.0,0.0,0.0,0.0,0.0,0.0,0.0,0.0,0.0,0.0,0.0,0.0,0.0,0.0,0
1789679635.4305782,keyboard,20,6,6508383.0,0.0,2021663.125,23858818.0,0.0,0.0,0.0,0.0,0.0,0.0,0.0,3198966.5,0.0,11186188.0,0.0,0.0,0
1789679635.4316175,keyboard,73,5,31706534.0,9700993.0,0.0,0.0,0.0,0.0,0.0,0.0,0.0,0.0,0.0,0.0,0.0,0.0,0.0,1081523.625,0
1789679635.7447674,keyboard,82,18,9100260.0,6043593.0,0.0,11281111.0,0.0,0.0,4861881.0,0.0,0.0,15928686.0,42793096.0,5809436.0,0.0,66184212.0,100816224.0,119836072.0,0
1789679635.9982705,keyboard,78,20,78236272.0,0.0,87980568.0,36409284.0,3791325.75,0.0,0.0,5141006.0,0.0,26573992.0,97563808.0,20894316.0,0.0,365887680.0,382086848.0,461180320.0,0
1789679636.250746,keyboard,79,20,31790178.0,0.0,218733504.0,62823336.0,3568461.25,0.0,0.0,10022529.0,0.0,21018684.0,99352760.0,27323320.0,0.0,346997600.0,348092288.0,423318176.0,0
1789679636.4724927,keyboard,81,19,0.0,0.0,0.0,0.0,0.0,0.0,6553598.5,1085127.125,586633.0,1602599.125,0.0,4614732.0,2260525.5,17548928.0,23906894.0,9452198.0,0
1789679636.9775796,keyboard,79,21,42019616.0,0.0,173049184.0,60808528.0,707730.0,2826934.0,0.0,0.0,0.0,28038338.0,22699292.0,32532520.0,0.0,504736768.0,626249472.0,799616000.0,0
1789679637.2303624,keyboard,79,17,78364248.0,0.0,195528144.0,53462064.0,0.0,0.0,0.0,0.0,0.0,0.0,22973360.0,87506936.0,0.0,708638720.0,1109051136.0,1347701376.0,0
1789679638.020879,keyboard,83,27,63630444.0,47015352.0,130990368.0,40327264.0,5644473.5,20208548.0,0.0,20879426.0,10598692.0,72667136.0,101234640.0,18296384.0,0.0,301552544.0,539217536.0,727695232.0,0
1789679638.2731109,keyboard,82,16,889586.8125,800273.125,0.0,0.0,7231756.0,0.0,0.0,4084002.0,8663540.0,6954451.0,11250362.0,6921270.0,0.0,9072643.0,1738630.25,7030223.5,0
1789679638.557939,keyboard,65,15,7669137.0,0.0,0.0,0.0,65947320.0,119182200.0,50141112.0,131495488.0,108793968.0,0.0,0.0,0.0,0.0,688400832.0,298954304.0,90652664.0,0
1789679638.8108916,keyboard,77,19,0.0,597723.875,160069.546875,0.0,211961.46875,997439.5625,1566337.25,105900.796875,1916809.5,4620106.5,0.0,0.0,0.0,1619925.5,7066386.0,4920798.0,0
1789679639.0967634,keyboard,75,15,0.0,0.0,0.0,41837568.0,9979065.0,0.0,0.0,43334516.0,22623450.0,4622886.5,0.0,134829248.0,0.0,107280720.0,28533268.0,7162986.0,0
1789679640.1065838,keyboard,57,14,3964273.25,0.0,11345908.0,23755812.0,6665775.5,0.0,0.0,0.0,845464.625,3252102.5,0.0,0.0,0.0,50074576.0,35312820.0,0.0,0
1789679641.5928164,keyboard,85,21,21181272.0,39654484.0,53154960.0,0.0,0.0,0.0,0.0,112575224.0,3055743.0,32816582.0,129022320.0,38911032.0,0.0,49549180.0,124191024.0,142132496.0,0
1789679642.0686746,keyboard,84,19,2010037.25,6010977.0,0.0,0.0,0.0,0.0,0.0,0.0,4502003.0,10145139.0,43609576.0,19755772.0,17618002.0,10433296.0,14126813.0,9771050.0,0
1789679642.319889,keyboard,67,21,17942036.0,6623381.5,21779404.0,35400488.0,59926848.0,0.0,29265836.0,98050720.0,61828488.0,0.0,0.0,0.0,0.0,447465600.0,147596176.0,36793016.0,0
1789679643.2686515,keyboard,86,16,0.0,10086343.0,2957314.0,0.0,0.0,0.0,0.0,0.0,25602700.0,65984732.0,82328568.0,32713594.0,59700792.0,0.0,40975392.0,148326176.0,0
1789679643.744348,keyboard,102,11,0.0,1546322.625,656804.125,0.0,0.0,0.0,0.0,0.0,8294275.5,11540752.0,12276766.0,7957044.5,0.0,0.0,68756504.0,176544032.0,0
1789679643.9641037,keyboard,67,19,0.0,3968134.25,3464491.0,0.0,0.0,0.0,0.0,23392288.0,0.0,12579752.0,5396417.0,28647500.0,13879139.0,54790944.0,34664904.0,18589314.0,0
1789679644.2186432,keyboard,71,13,0.0,0.0,0.0,0.0,0.0,0.0,0.0,0.0,0.0,45678160.0,11700564.0,125729456.0,137864416.0,40650360.0,0.0,73289856.0,0
1789679644.4704173,keyboard,70,20,12184227.0,42260040.0,30271668.0,0.0,0.0,0.0,0.0,0.0,15535805.0,27042866.0,82109424.0,33647772.0,127287888.0,583703680.0,233348704.0,53267512.0,0
1789679644.724046,keyboard,68,14,0.0,0.0,4002490.5,0.0,0.0,0.0,2236995.25,18102052.0,1459124.75,3616060.0,13779722.0,27371046.0,1566746.75,0.0,18722404.0,9021805.0,0
1789679644.97746,keyboard,76,14,0.0,0.0,0.0,5203206.5,0.0,0.0,0.0,7343941.0,1038486.9375,1404946.75,7220333.0,9771557.0,2598954.0,0.0,7633016.5,6358744.0,0
1789679645.4500525,keyboard,82,12,0.0,0.0,0.0,0.0,0.0,0.0,0.0,0.0,0.0,30878028.0,72981952.0,24285568.0,142417104.0,783187008.0,254759680.0,40270704.0,0
1789679645.7027922,keyboard,82,11,0.0,0.0,0.0,0.0,0.0,0.0,0.0,0.0,0.0,20509720.0,38035632.0,23451644.0,246329856.0,1066073856.0,194770048.0,0.0,0
1789679645.9876833,keyboard,82,9,0.0,0.0,0.0,0.0,0.0,0.0,0.0,2418237.75,13999976.0,0.0,25523680.0,0.0,0.0,3717467.25,5107995.0,21594022.0,0
1789679646.2417002,keyboard,78,19,0.0,0.0,3714094.5,0.0,1002131.625,0.0,0.0,304250.125,3167789.5,4442164.0,5993055.5,25634860.0,14659170.0,5743185.5,0.0,0.0,0
1789679646.5272565,keyboard,77,14,14467640.0,0.0,0.0,0.0,0.0,0.0,0.0,0.0,0.0,19865450.0,76619488.0,10013166.0,52559172.0,154648096.0,153263744.0,0.0,0
1789679646.779724,keyboard,75,16,0.0,1291144.125,9326918.0,19049162.0,3215688.5,0.0,0.0,0.0,18110156.0,16927550.0,19129882.0,0.0,0.0,88766168.0,12354244.0,0.0,0
1789679647.191306,keyboard,68,16,1770626.75,5311073.0,0.0,43330536.0,1913763.75,0.0,0.0,0.0,0.0,0.0,65096496.0,45149152.0,15518785.0,103372160.0,65765972.0,80618776.0,0
1789679647.4126916,keyboard,68,18,0.0,0.0,0.0,0.0,0.0,0.0,437979.46875,0.0,1922118.75,1686540.75,2428571.0,8692960.0,1856986.0,6139732.5,6527076.0,0.0,0
1789679647.665571,keyboard,80,7,0.0,0.0,0.0,0.0,0.0,0.0,0.0,0.0,0.0,19138584.0,0.0,0.0,0.0,0.0,63497104.0,80701320.0,0
1789679647.72591,keyboard,93,7,19827812.0,0.0,0.0,0.0,0.0,1941061.75,3933795.0,4711061.0,0.0,0.0,0.0,0.0,0.0,0.0,0.0,3720723.5,0
1789679648.0142062,keyboard,104,14,0.0,0.0,0.0,0.0,0.0,0.0,0.0,0.0,164134912.0,349375104.0,336823392.0,0.0,38905564.0,218121344.0,325198688.0,661646080.0,0
1789679649.9757335,keyboard,88,14,6381759.0,0.0,12971344.0,0.0,11738328.0,0.0,0.0,0.0,0.0,3746364.5,7793198.5,12704952.0,0.0,0.0,1789379.5,6272974.0,0
1789679650.2273457,keyboard,98,10,0.0,0.0,0.0,0.0,933339.875,0.0,0.0,0.0,12580041.0,3296692.0,0.0,0.0,0.0,20170004.0,15648187.0,16372976.0,0
1789679650.228599,keyboard,61,3,0.0,0.0,0.0,0.0,0.0,0.0,0.0,0.0,0.0,5601592.5,9480867.0,0.0,0.0,9946430.0,0.0,0.0,0
1789679650.7013006,keyboard,95,15,47596100.0,0.0,0.0,0.0,0.0,0.0,0.0,0.0,46243808.0,100346752.0,189092176.0,164229344.0,0.0,10049326.0,33637384.0,315249856.0,0
1789679650.9557016,keyboard,12,7,743012.875,0.0,9268928.0,0.0,0.0,0.0,30586574.0,0.0,0.0,0.0,8756698.0,0.0,9064836.0,3721364.0,0.0,0.0,0
1789679651.2072256,keyboard,96,16,66922836.0,16195326.0,0.0,0.0,0.0,0.0,0.0,0.0,170146880.0,127683320.0,174314208.0,0.0,0.0,1546919168.0,668048128.0,627357632.0,0
1789679651.4601648,keyboard,96,7,0.0,312096.375,0.0,0.0,0.0,0.0,0.0,0.0,82410.71875,95154.171875,0.0,1432168.0,0.0,287959.9375,0.0,241056.359375,0
1789679651.5071435,keyboard,96,8,9433087.0,0.0,0.0,0.0,0.0,0.0,0.0,0.0,1271320.0,0.0,4721195.0,5270625.5,0.0,0.0,0.0,15895018.0,0
1789679651.998307,keyboard,90,21,0.0,3163482.25,6497864.0,2353923.0,0.0,3031884.0,0.0,0.0,0.0,1382241.5,4038732.5,989281.75,369509.8125,6779894.0,11322294.0,23985886.0,0
1789679652.2517953,keyboard,72,9,13397796.0,7613437.5,0.0,0.0,0.0,0.0,0.0,0.0,0.0,0.0,42933216.0,18667818.0,0.0,29280904.0,21832396.0,0.0,0
1789679652.726941,keyboard,28,3,0.0,0.0,2522315.25,0.0,232764.8125,0.0,0.0,0.0,0.0,0.0,0.0,0.0,0.0,11249389.0,0.0,0.0,0
1789679652.978331,keyboard,60,7,0.0,0.0,767912.125,2486139.75,0.0,0.0,0.0,0.0,0.0,0.0,4483617.0,0.0,0.0,14475881.0,1792732.375,0.0,0
1789679653.200483,keyboard,67,10,1966529.625,2959861.25,902874.125,0.0,0.0,0.0,0.0,0.0,0.0,4456531.0,33747320.0,5141079.0,0.0,5220414.0,3686853.0,0.0,0
1789679653.4215574,keyboard,83,19,0.0,2375764.0,9919034.0,48062032.0,0.0,0.0,0.0,56504192.0,21562358.0,72329616.0,49353776.0,20549600.0,0.0,236988528.0,43736976.0,78501264.0,0
1789679653.8954885,keyboard,98,12,0.0,0.0,0.0,0.0,0.0,0.0,0.0,0.0,0.0,39326196.0,0.0,6727193.0,24709236.0,145780672.0,252533056.0,393149728.0,0
1789679654.1479623,keyboard,80,11,0.0,1596651.5,0.0,0.0,0.0,0.0,0.0,0.0,0.0,21807510.0,6520478.0,11415808.0,0.0,284732512.0,252600128.0,42191520.0,0
1789679654.621303,keyboard,71,8,6605487.0,0.0,0.0,0.0,0.0,0.0,0.0,0.0,0.0,0.0,29723896.0,0.0,2249970.0,271731104.0,140684976.0,0.0,0
1789679654.8751462,keyboard,80,12,0.0,0.0,0.0,0.0,0.0,0.0,0.0,0.0,0.0,50906640.0,0.0,11018420.0,225284032.0,1179051008.0,794435456.0,771953728.0,0
1789679655.1283915,keyboard,69,14,43371932.0,0.0,0.0,0.0,0.0,0.0,0.0,0.0,83602976.0,0.0,382076096.0,75935744.0,368377280.0,571306624.0,356047616.0,353547328.0,0
1789679655.666442,keyboard,63,8,0.0,0.0,64412616.0,0.0,0.0,0.0,0.0,0.0,0.0,0.0,0.0,0.0,60402656.0,59178692.0,0.0,0.0,0
1789679655.8879397,keyboard,77,16,0.0,0.0,0.0,15302171.0,0.0,0.0,0.0,0.0,2249260.5,5884692.0,54881944.0,44677472.0,853401.875,61234592.0,91985312.0,125908432.0,0
1789679656.1417267,keyboard,74,10,6294703.0,972561.625,0.0,0.0,0.0,0.0,0.0,0.0,5399625.0,305732.71875,26223452.0,0.0,0.0,37007876.0,0.0,2534857.75,0
1789679656.3618948,keyboard,80,13,2604223.5,0.0,0.0,0.0,0.0,0.0,0.0,0.0,20607622.0,17807552.0,62765956.0,13122404.0,0.0,284243936.0,136441680.0,49623980.0,0
1789679656.6145473,keyboard,67,12,1886669.875,13068098.0,9720937.0,9004558.0,0.0,0.0,0.0,0.0,0.0,5713625.5,67268112.0,24417980.0,0.0,76240864.0,19307602.0,0.0,0
1789679656.8688996,keyboard,70,13,2609981.0,0.0,10820000.0,20336674.0,0.0,0.0,0.0,0.0,76345760.0,0.0,356500160.0,0.0,48774324.0,223117152.0,273316928.0,49769688.0,0
1789679657.1223752,keyboard,83,7,2266686.0,0.0,0.0,3823203.0,0.0,0.0,0.0,0.0,0.0,3956561.25,15976952.0,5760312.0,8233269.0,0.0,1979462.375,0.0,0
1789679657.3432589,keyboard,94,12,0.0,0.0,0.0,0.0,0.0,0.0,0.0,0.0,0.0,378315.625,3252890.75,12154318.0,9243170.0,5247791.5,11913043.0,2960738.75,0
1789679657.6262443,keyboard,85,12,31985620.0,0.0,0.0,0.0,0.0,0.0,0.0,0.0,0.0,0.0,5922248.0,19547814.0,220745984.0,1867173760.0,1434774016.0,1009870656.0,0
1789679657.8800108,keyboard,85,16,0.0,0.0,0.0,0.0,0.0,0.0,0.0,39603488.0,16834102.0,9268606.0,11782737.0,38042144.0,33050972.0,44074200.0,0.0,112499600.0,0
1789679658.1328063,keyboard,87,14,18407122.0,0.0,18820030.0,0.0,0.0,0.0,0.0,0.0,53051496.0,26204832.0,38729992.0,10061125.0,0.0,120829888.0,6110207.0,43251760.0,0
1789679658.3859825,keyboard,83,13,9634553.0,18669828.0,10977345.0,0.0,0.0,0.0,0.0,0.0,0.0,11690057.0,34491376.0,0.0,133505120.0,152705648.0,144818336.0,0.0,0
1789679658.639002,keyboard,80,20,10190767.0,10833658.0,2788761.5,0.0,1323601.75,0.0,0.0,0.0,849089.25,4992002.0,10736674.0,27149692.0,3183789.25,19185592.0,1859220.125,1392261.625,0
1789679659.1445508,keyboard,84,16,11718768.0,31000272.0,35381616.0,14407928.0,0.0,0.0,0.0,131441712.0,42362152.0,30793224.0,28857798.0,10273734.0,29705260.0,0.0,0.0,0.0,0
1789679659.3988829,keyboard,88,18,45661012.0,23888300.0,57933328.0,83422984.0,0.0,0.0,0.0,79417520.0,70138208.0,93432232.0,129813504.0,51545452.0,0.0,83355168.0,46694156.0,54489236.0,0
1789679659.8710723,keyboard,80,10,0.0,0.0,0.0,0.0,0.0,0.0,0.0,0.0,0.0,13950243.0,17979342.0,42771264.0,0.0,96371664.0,244719952.0,95442056.0,0
1789679660.1244037,keyboard,67,14,8542916.0,0.0,2026782.75,2751429.0,0.0,0.0,0.0,0.0,0.0,0.0,34024036.0,0.0,21017154.0,68955960.0,15989206.0,5636490.5,0
1789679660.377863,keyboard,80,11,893315.625,1100860.0,0.0,0.0,0.0,0.0,0.0,242498.390625,51472.55859375,1467010.75,0.0,0.0,0.0,22783956.0,7782840.0,802683.875,0
1789679660.5986416,keyboard,82,21,7923323.0,0.0,10860319.0,0.0,0.0,0.0,0.0,13374672.0,2456722.25,29304330.0,20542402.0,85759976.0,11753164.0,32170302.0,123057568.0,54478492.0,0
1789679660.8192472,keyboard,81,11,0.0,0.0,0.0,0.0,0.0,0.0,0.0,0.0,0.0,13990017.0,1768535.25,0.0,86306664.0,193038720.0,233694752.0,49868912.0,0
1789679661.071772,keyboard,75,21,10587679.0,10454245.0,0.0,5501651.5,0.0,0.0,0.0,36145600.0,49833232.0,24889874.0,13528026.0,233738912.0,86208664.0,148213088.0,49686064.0,56015532.0,0
1789679661.326388,keyboard,91,15,0.0,0.0,0.0,0.0,0.0,0.0,0.0,18087258.0,11718926.0,16354020.0,26814826.0,38166132.0,0.0,17470226.0,40857332.0,49485840.0,0
1789679661.5780485,keyboard,70,12,5084885.0,0.0,0.0,0.0,0.0,0.0,0.0,0.0,12405486.0,8667752.0,6954476.5,6056469.0,45612276.0,226858688.0,1680227.5,5387926.0,0
1789679661.7991598,keyboard,80,12,3758075.5,0.0,0.0,0.0,0.0,0.0,0.0,0.0,0.0,2381534.5,30344224.0,20724686.0,0.0,197561280.0,32743812.0,20150458.0,0
1789679662.3070197,keyboard,82,14,0.0,0.0,0.0,0.0,26531660.0,0.0,0.0,28387108.0,45439820.0,32433336.0,20552492.0,23381890.0,0.0,127334904.0,327613408.0,159118960.0,0
1789679662.3079598,keyboard,46,8,37923916.0,15215508.0,11928550.0,108328496.0,0.0,0.0,0.0,0.0,0.0,0.0,0.0,0.0,0.0,54990552.0,0.0,0.0,0
1789679662.5589387,keyboard,82,15,0.0,0.0,0.0,0.0,0.0,0.0,0.0,0.0,70896944.0,94948648.0,163329616.0,72544864.0,82629008.0,509957856.0,251956896.0,0.0,0
1789679662.8430824,keyboard,80,11,34259076.0,0.0,48279732.0,60451696.0,0.0,0.0,0.0,0.0,164958144.0,104799920.0,353756288.0,0.0,0.0,832952320.0,1114512000.0,0.0,0
1789679663.980337,keyboard,81,20,0.0,0.0,0.0,0.0,0.0,0.0,2975677.0,0.0,417456.125,7897142.0,4162640.0,907828.25,2673981.25,5583120.0,4137458.75,4989695.0,0
1789679664.6457908,keyboard,90,17,0.0,568227.125,0.0,0.0,0.0,0.0,0.0,6359297.5,0.0,18374198.0,38818408.0,23129530.0,55855276.0,103759664.0,86042880.0,99561288.0,0
1789679664.8358514,keyboard,87,18,0.0,0.0,0.0,0.0,0.0,0.0,3334593.0,0.0,0.0,8881711.0,3373074.75,3699246.25,6133045.0,10242850.0,14013316.0,11152520.0,0
1789679665.056615,keyboard,64,24,13691778.0,11135084.0,25479708.0,80860848.0,219922672.0,96532720.0,229190112.0,90098832.0,24139288.0,64772560.0,0.0,0.0,0.0,582061440.0,180269664.0,49665524.0,0
1789679665.468825,keyboard,86,16,0.0,0.0,0.0,0.0,0.0,0.0,0.0,147227424.0,123054288.0,240808864.0,361125760.0,252052928.0,0.0,187004336.0,254128640.0,222435024.0,0
1789679665.6894023,keyboard,64,8,1164306.5,0.0,2125943.5,0.0,0.0,1060396.75,0.0,0.0,0.0,0.0,0.0,4929087.0,0.0,2588087.0,7117323.5,0.0,0
1789679665.878549,keyboard,72,17,0.0,0.0,0.0,0.0,0.0,0.0,0.0,0.0,19971846.0,15423294.0,14525093.0,36419840.0,53086568.0,78280752.0,20704706.0,30536154.0,0
1789679666.510926,keyboard,69,23,0.0,11675008.0,21217360.0,0.0,46485728.0,20741264.0,39114208.0,16660720.0,21091690.0,48497048.0,0.0,0.0,0.0,57821724.0,26095940.0,24265528.0,0
1789679666.732454,keyboard,72,20,0.0,0.0,47313320.0,35050616.0,71544696.0,30853668.0,64507272.0,72768624.0,38407920.0,0.0,0.0,0.0,115816528.0,579392512.0,373251200.0,306961280.0,0
1789679666.9540088,keyboard,72,7,0.0,710135.0,1795229.125,5706078.5,0.0,0.0,0.0,0.0,0.0,0.0,0.0,14343466.0,0.0,55566072.0,16031659.0,0.0,0
1789679667.3341784,keyboard,80,20,9630788.0,0.0,21848290.0,23241650.0,0.0,0.0,0.0,20198852.0,51530100.0,26564328.0,39339596.0,16720868.0,9456504.0,116715056.0,122605904.0,124832824.0,0
1789679667.5541866,keyboard,85,18,30852342.0,0.0,59524344.0,18581600.0,0.0,0.0,0.0,0.0,19964610.0,48978216.0,112015744.0,14729393.0,54738520.0,542910400.0,835509120.0,1230658048.0,0
1789679669.4524958,keyboard,86,21,4829862.5,5157892.5,0.0,0.0,0.0,0.0,0.0,23817488.0,11862644.0,34746168.0,39987232.0,45043516.0,136193456.0,143777056.0,115996800.0,24176066.0,0
1789679670.0829058,keyboard,85,13,0.0,11591016.0,0.0,0.0,0.0,0.0,0.0,0.0,17656698.0,51287420.0,0.0,0.0,37234656.0,120176616.0,224509648.0,232132640.0,0
1789679670.527031,keyboard,89,12,4365235.0,0.0,0.0,10428874.0,0.0,0.0,0.0,0.0,0.0,3082801.0,0.0,4160290.75,2708746.5,39261956.0,50266576.0,75929656.0,0
1789679671.1275167,keyboard,83,17,0.0,5215370.0,0.0,0.0,0.0,0.0,0.0,0.0,14430321.0,30804180.0,56073532.0,45854696.0,0.0,5715210.0,5861707.5,12907298.0,0
