timestamp,sound_type,detected_angle,bin_count,band_0,band_1,band_2,band_3,band_4,band_5,band_6,band_7,band_8,band_9,band_10,band_11,band_12,band_13,band_14,band_15,label
1789671577.4214559,keyboard,332,30,0.0,0.0,38876988.0,13149614.0,44567184.0,39919700.0,122665552.0,49587324.0,14225685.0,9771652.0,58793972.0,211354224.0,439203072.0,98731152.0,81938712.0,76602560.0,0
1789671577.6754987,keyboard,329,24,0.0,0.0,10681084.0,22350358.0,25120876.0,11547420.0,16704993.0,3862500.25,5408732.5,3749409.0,2026134.0,7114148.0,0.0,10536505.0,11165656.0,16991780.0,0
1789671578.2766588,keyboard,331,28,0.0,1701448.25,24265952.0,21503432.0,99499792.0,13739692.0,23596838.0,9173260.0,22720276.0,18245792.0,14425153.0,66828424.0,31915180.0,63500252.0,133113088.0,94709392.0,0
1789671578.4986002,keyboard,326,27,0.0,5849964.0,3278779.5,64680552.0,62131032.0,19738056.0,76095552.0,18011462.0,0.0,0.0,42043392.0,251263392.0,34338248.0,271901216.0,46661872.0,33384196.0,0
1789671578.5679812,keyboard,326,15,0.0,0.0,0.0,531313.6875,684521.9375,524595.1875,8763936.0,863107.625,929110.75,256662.375,0.0,0.0,2932573.25,5203561.0,3135125.25,1727092.0,0
1789671578.7528992,keyboard,336,20,0.0,0.0,0.0,25858360.0,10387216.0,9553362.0,8159775.0,0.0,10050480.0,3240562.75,759917.75,0.0,21844536.0,15317381.0,110129472.0,183064896.0,0
1789671579.448116,keyboard,329,25,0.0,0.0,4415434.5,6718084.5,0.0,18982926.0,8133498.0,233665.0,1265441.125,4339144.0,9325469.0,109459168.0,14091614.0,82425368.0,85057744.0,109512608.0,0
1789671579.6701033,keyboard,327,19,0.0,425416.1875,1428752.5,0.0,0.0,549027.3125,1250184.25,0.0,2231314.5,6955872.0,844858.625,10471010.0,24489980.0,16760033.0,7670849.5,16000943.0,0
1789671580.2094164,keyboard,350,9,0.0,0.0,0.0,0.0,10315646.0,0.0,0.0,1001820.25,85707.734375,0.0,0.0,0.0,0.0,3202760.0,10893435.0,6292822.0,0
1789671580.463318,keyboard,333,22,0.0,0.0,0.0,147657424.0,103346336.0,0.0,0.0,10742407.0,9910813.0,9801723.0,12010046.0,98136856.0,81071192.0,139800016.0,52527944.0,123703840.0,0
1789671580.7799137,keyboard,326,24,0.0,0.0,22320504.0,20132454.0,81275864.0,0.0,79600432.0,144801952.0,44790020.0,26596360.0,7615368.0,48661704.0,0.0,104441008.0,57171768.0,12616990.0,0
1789671582.4572794,keyboard,329,33,0.0,0.0,12320661.0,38180060.0,144170816.0,77229184.0,74588224.0,29412672.0,26447280.0,45490504.0,34736232.0,98120432.0,40781256.0,90328464.0,56962368.0,7056805.0,0
1789671582.51592,keyboard,330,24,0.0,0.0,0.0,37513016.0,44198852.0,11558934.0,5023350.0,7347512.5,2919458.5,28256180.0,32006592.0,27444228.0,44993552.0,88841824.0,67710808.0,65354404.0,0
1789671582.6480086,keyboard,326,6,0.0,0.0,685833.0,0.0,0.0,0.0,0.0,324359.625,288878.25,0.0,0.0,0.0,0.0,0.0,388409.53125,0.0,0
1789671582.7171397,keyboard,330,21,0.0,0.0,0.0,2794227.5,2466227.0,0.0,2943928.75,905021.75,1845041.0,1883635.875,7544004.0,73180576.0,19249330.0,3299724.0,39427576.0,53879176.0,0
1789671582.934101,keyboard,342,17,0.0,0.0,4032631.5,0.0,10119842.0,22801464.0,0.0,6379989.5,3688539.0,686383.375,0.0,7845989.0,0.0,31796938.0,10781255.0,15052650.0,0
1789671583.1559513,keyboard,339,24,0.0,0.0,0.0,9491495.0,74887424.0,0.0,14822151.0,1522199.5,4565317.0,22598400.0,4022550.0,110378872.0,13521472.0,57296748.0,44243348.0,18391350.0,0
1789671583.3763177,keyboard,332,27,0.0,0.0,2825514.5,14135884.0,21848836.0,4744958.0,4454149.5,12877173.0,5683453.0,5705187.0,21974058.0,87437552.0,66144792.0,83214160.0,262205920.0,129102648.0,0
1789671583.5026536,keyboard,328,20,0.0,0.0,6374385.0,5235015.0,7017613.0,0.0,0.0,0.0,0.0,981745.3125,453776.71875,12634511.0,8114596.0,55156936.0,21116730.0,40231920.0,0
1789671583.5976982,keyboard,329,23,0.0,0.0,0.0,2650674.0,16605730.0,0.0,0.0,4524198.5,9614082.0,340535.71875,2278139.5,10426834.0,3136040.5,61949340.0,27861648.0,25384172.0,0
1789671583.8513198,keyboard,329,21,0.0,0.0,0.0,0.0,60570360.0,0.0,55082904.0,70247136.0,12913005.0,0.0,6839387.0,18746532.0,22940298.0,53877816.0,35199528.0,53695504.0,0
1789671583.899064,keyboard,329,15,0.0,0.0,0.0,4817457.5,543951.5625,879141.9375,1121637.375,0.0,1298287.5,954793.75,3484533.75,16910814.0,0.0,5800448.5,3525852.75,2091949.625,0
1789671583.9501922,keyboard,332,22,0.0,0.0,1773469.375,4551319.0,2098297.5,524022.5,1980654.875,1232798.0,445683.90625,0.0,1182773.25,11517177.0,10052765.0,14637544.0,12680344.0,723683.125,0
1789671584.072772,keyboard,332,24,0.0,0.0,6474511.5,4196471.0,28092864.0,0.0,2679580.0,484260.875,0.0,0.0,3976826.5,11952611.0,18002618.0,36949792.0,49293984.0,36912792.0,0
1789671584.118614,keyboard,332,19,0.0,0.0,0.0,0.0,0.0,4097520.5,0.0,4261207.5,895321.875,1276425.625,3125218.5,21856260.0,12429434.0,14003280.0,10929186.0,12502903.0,0
1789671584.1647708,keyboard,328,19,0.0,0.0,1612224.0,5585211.0,5946176.0,0.0,2000018.125,4015458.0,555929.875,390538.4375,0.0,0.0,6695765.0,12458293.0,9595962.0,8334157.0,0
1789671584.2384481,keyboard,328,10,0.0,0.0,0.0,0.0,0.0,0.0,0.0,249391.0625,0.0,0.0,412937.625,5842171.0,1433588.75,2140658.5,0.0,1767448.375,0
1789671584.2958708,keyboard,333,27,0.0,0.0,3098529.75,23912880.0,18424224.0,8768328.0,1001745.5,1406227.75,468778.59375,1635216.125,743327.625,10171327.0,3752014.0,12478603.0,54182376.0,63764696.0,0
1789671584.3907475,keyboard,333,26,0.0,199918.984375,2341649.0,1830548.0,3511910.0,2895119.75,666802.8125,0.0,997480.6875,734488.375,1058916.5,2337399.5,2184426.25,2413917.5,5067846.0,2365549.0,0
1789671584.4532912,keyboard,333,11,0.0,0.0,0.0,0.0,220005.90625,0.0,1882814.75,543188.125,0.0,3055606.5,0.0,847810.875,2169314.5,1096850.25,0.0,1671820.25,0
1789671584.4998949,keyboard,340,13,0.0,0.0,0.0,0.0,0.0,3615974.5,0.0,869772.375,1382600.875,16597899.0,674713.0625,2777610.5,0.0,382982.75,962112.625,350204.90625,0
1789671584.7378201,keyboard,330,26,0.0,0.0,981228.625,3517489.0,30359884.0,0.0,16571296.0,26112636.0,30126582.0,3206375.25,5586221.0,30918932.0,5381988.0,45366048.0,56736248.0,4707373.5,0
1789671584.9914129,keyboard,332,29,0.0,0.0,41944764.0,37831184.0,108474784.0,18912078.0,8357484.0,7426698.0,20080196.0,70832328.0,37753800.0,248010912.0,133618232.0,121513104.0,134826064.0,117175400.0,0
1789671585.5290039,keyboard,332,18,0.0,0.0,3347490.0,1269796.0,8720100.0,0.0,0.0,0.0,0.0,4354556.5,5550164.5,1423381.125,3527710.25,14727875.0,3258754.0,1558646.875,0
1789671585.6871364,keyboard,324,19,0.0,0.0,3295992.5,0.0,13319208.0,0.0,0.0,395480.03125,0.0,9273304.0,7561978.5,67863712.0,41413752.0,25608888.0,9721908.0,4116265.5,0
1789671585.9095218,keyboard,323,26,0.0,0.0,18361844.0,7038420.0,27937088.0,5544739.0,10557156.0,20258928.0,7092392.0,0.0,0.0,97154304.0,31799384.0,32180058.0,17328114.0,41489212.0,0
1789671585.9672072,keyboard,324,7,0.0,0.0,5108828.5,0.0,0.0,0.0,0.0,0.0,0.0,0.0,770512.0,0.0,0.0,2793906.25,2307652.5,3659806.5,0
1789671586.3838556,keyboard,319,21,0.0,0.0,0.0,0.0,2468021.0,3019939.5,3847956.75,0.0,2245801.5,14689956.0,11047830.0,29672976.0,1379373.25,32477678.0,22895776.0,12418539.0,0
1789671586.6055286,keyboard,319,22,0.0,3900547.0,1967838.25,0.0,0.0,5159977.5,9871274.0,18934782.0,4307732.0,4845596.0,30024876.0,39404884.0,5118888.0,40122608.0,16232022.0,2680132.25,0
1789671586.8275266,keyboard,329,20,0.0,0.0,0.0,2936029.25,4031560.75,1249002.5,5227036.0,0.0,0.0,2460073.25,2365336.75,49827180.0,28352760.0,73720816.0,59012572.0,62796756.0,0
1789671587.048666,keyboard,329,26,0.0,0.0,0.0,4018584.0,4847087.5,5899595.5,16074088.0,8374980.5,3086360.0,4832524.5,910546.6875,28695608.0,28671308.0,91803152.0,19622698.0,148319680.0,0
1789671587.3020947,keyboard,332,28,0.0,0.0,23597700.0,42991880.0,50276540.0,68180096.0,21880664.0,17452686.0,18936324.0,66411800.0,36206380.0,73940728.0,19436456.0,27694572.0,8622100.0,16925408.0,0
1789671587.5242493,keyboard,332,28,0.0,1168099.0,2932417.5,0.0,11145141.0,30946404.0,6865978.0,3761819.0,18256126.0,10665639.0,8311653.0,34675272.0,20820986.0,58719444.0,10240396.0,14720350.0,0
1789671587.7770104,keyboard,330,27,0.0,0.0,49283632.0,49092472.0,108360768.0,0.0,19572670.0,20043056.0,3921667.5,39253136.0,28653970.0,143172640.0,22258444.0,102749376.0,68077312.0,44877368.0,0
1789671587.9998205,keyboard,331,24,0.0,0.0,11749336.0,39002552.0,71478592.0,10629220.0,585447.125,0.0,10464254.0,26947844.0,25822330.0,145918224.0,88227808.0,56778120.0,135593936.0,112980640.0,0
1789671589.233317,keyboard,333,27,0.0,9303008.0,15080514.0,18818406.0,64335796.0,40107868.0,0.0,33121072.0,22238308.0,6747491.0,28847984.0,104766696.0,79233584.0,49997024.0,186271664.0,44379588.0,0
1789671589.4555442,keyboard,332,22,0.0,0.0,8287053.5,0.0,26956816.0,8920769.0,9487814.0,0.0,7333695.5,7626491.0,1437237.625,8426734.0,9400565.0,119336224.0,65914056.0,29802768.0,0
1789671589.7077107,keyboard,329,31,0.0,0.0,0.0,85937920.0,218088944.0,156785024.0,38499736.0,10234601.0,9302759.0,7786593.5,22824620.0,54626760.0,22269108.0,475659840.0,159942608.0,113787456.0,0
1789671589.9307008,keyboard,330,21,0.0,0.0,0.0,0.0,11676669.0,0.0,1083577.75,3072495.75,4883755.0,5371535.0,1819642.5,11820684.0,26638050.0,55826336.0,8660023.0,24161156.0,0
1789671590.1829202,keyboard,332,33,0.0,0.0,33315420.0,50287512.0,146787296.0,97056864.0,44130928.0,30977142.0,31237620.0,33414808.0,27708020.0,99988160.0,183899232.0,180844416.0,64254752.0,11653216.0,0
1789671590.4053073,keyboard,333,28,0.0,0.0,0.0,95377456.0,238233344.0,46900872.0,82086656.0,40242188.0,49380116.0,40386468.0,26637048.0,174934592.0,23636308.0,250258032.0,138960640.0,112026576.0,0
1789671590.626848,keyboard,329,32,0.0,2352397.75,44791692.0,42053672.0,131658400.0,183876000.0,29177032.0,39049248.0,36353256.0,60208956.0,38095936.0,302097408.0,140828864.0,226805168.0,215248432.0,115742064.0,0
1789671591.4490473,keyboard,328,17,0.0,0.0,0.0,3307130.75,582105.4375,2354792.0,2489959.5,4921148.5,3100874.75,884156.875,0.0,5509445.0,8697438.0,3434037.5,7080531.5,5994513.0,0
1789671592.9375803,keyboard,330,15,0.0,0.0,0.0,0.0,20938604.0,7448508.0,16611461.0,0.0,3283677.5,15694521.0,0.0,1403490.5,0.0,61658656.0,78357752.0,13055325.0,0
1789671593.4111257,keyboard,323,18,0.0,0.0,0.0,0.0,0.0,0.0,2440047.5,235396.46875,0.0,1092658.75,3525240.5,34175908.0,36839372.0,18330738.0,1583438.5,3666267.5,0
1789671594.8044164,keyboard,307,20,2895879.0,0.0,6069697.0,2982665.75,748706.4375,0.0,364314.875,1095103.375,6145724.0,7979572.5,1664847.5,6102743.0,0.0,3477304.25,0.0,2358007.5,0
1789671594.861937,keyboard,307,7,0.0,0.0,0.0,182078.875,0.0,0.0,0.0,0.0,125961.2109375,141023.3125,0.0,121191.3359375,0.0,71609.984375,188207.328125,673448.25,0
1789671594.911595,keyboard,325,6,0.0,97100.6171875,29993.150390625,0.0,0.0,64296.6015625,0.0,0.0,0.0,0.0,50822.87890625,0.0,39133.94140625,18326.90625,0.0,0.0,0
1789671595.1530316,keyboard,297,24,0.0,186181.71875,0.0,915316.875,3215719.5,0.0,0.0,2431973.5,1194231.25,4269527.0,746563.125,7184437.0,11350495.0,17499118.0,22930540.0,11437462.0,0
1789671595.879629,keyboard,297,23,0.0,0.0,3153255.75,0.0,50407076.0,38072612.0,186929984.0,135307744.0,22428580.0,0.0,0.0,136038320.0,18582328.0,152773600.0,463303520.0,345869120.0,0
1789671599.8054762,keyboard,209,6,0.0,0.0,0.0,0.0,0.0,0.0,0.0,1203966.0,0.0,0.0,0.0,0.0,18408172.0,0.0,2756198.0,2703326.5,0
1789671600.2162414,keyboard,146,27,227999584.0,0.0,456320800.0,153166352.0,213139664.0,83681576.0,33353116.0,0.0,15989642.0,18572612.0,5254045.5,0.0,2869039.0,7320784.0,5648380.5,2006634.875,0
1789671605.0927148,keyboard,335,35,5531330.0,14694370.0,10444548.0,9144680.0,20692916.0,7013179.0,15157102.0,24515778.0,7880858.0,4975688.5,13806780.0,81084152.0,0.0,28449320.0,29201038.0,85887048.0,0
1789671609.0509152,keyboard,334,34,26835434.0,131933992.0,77523888.0,249488624.0,227706240.0,23379646.0,105336576.0,43102104.0,89453792.0,223780928.0,129002832.0,84987384.0,90551240.0,120549776.0,171160752.0,159165024.0,0
1789671609.1206715,keyboard,336,26,0.0,41477096.0,137223040.0,0.0,83778440.0,29493376.0,66328888.0,38053756.0,12295367.0,86331592.0,18870348.0,84327696.0,46463896.0,80833768.0,49905396.0,63387864.0,0
1789671609.1847138,keyboard,334,18,29880986.0,55578540.0,93998368.0,21786896.0,58964792.0,6561128.5,0.0,0.0,0.0,0.0,19517288.0,24749388.0,0.0,56010428.0,0.0,34458432.0,0
1789671611.2992532,keyboard,335,20,0.0,6678615.0,78151032.0,9561739.0,15184243.0,1557861.75,0.0,14614592.0,8789894.0,1942588.125,4204245.0,4609521.0,3388823.75,2113669.0,4720031.0,11535282.0,0
1789671611.3631008,keyboard,343,19,0.0,0.0,4173908.5,9477073.0,23783288.0,5430853.5,7160861.0,10723718.0,3668089.0,8868188.0,0.0,11213564.0,7876945.0,11925339.0,10682847.0,5041294.0,0
1789671614.972101,keyboard,341,13,2647014.5,1632755.375,18142996.0,8397487.0,0.0,0.0,0.0,8279854.0,0.0,0.0,6226867.5,8143590.0,0.0,701850.8125,6769227.0,27925300.0,0
1789671615.1612568,keyboard,341,21,11444554.0,0.0,157608192.0,0.0,41286648.0,33524230.0,134290768.0,23793806.0,3528823.25,29850648.0,0.0,25811662.0,0.0,10545714.0,8758781.0,0.0,0
1789671615.2241166,keyboard,330,24,0.0,19173592.0,28161732.0,10642652.0,33798160.0,13366888.0,30319370.0,14006288.0,1348457.25,14703196.0,0.0,27398026.0,12974196.0,16354683.0,4077511.25,13298150.0,0
1789671615.3512342,keyboard,334,16,2124383.5,0.0,120477448.0,5803286.5,25282440.0,3049580.5,0.0,0.0,0.0,35084440.0,0.0,21930616.0,7114388.0,0.0,4915456.0,28851600.0,0
1789671615.4209187,keyboard,323,17,0.0,7194644.0,44994240.0,0.0,2454387.5,15975345.0,47257152.0,25432306.0,0.0,0.0,20258112.0,45556676.0,32081636.0,7049257.5,0.0,0.0,0
1789671615.5097928,keyboard,325,25,0.0,0.0,0.0,22454638.0,61998364.0,89802640.0,125826640.0,24400968.0,0.0,12136900.0,17637356.0,34241856.0,10240072.0,16586378.0,15321904.0,1640135.625,0
1789671615.6041138,keyboard,312,23,0.0,8063587.5,53988024.0,74650384.0,34997624.0,133181608.0,463651424.0,129952152.0,36506908.0,0.0,0.0,171479920.0,70781616.0,30191944.0,0.0,18345148.0,0
1789671618.7403345,keyboard,170,5,0.0,0.0,0.0,0.0,0.0,0.0,0.0,13692553.0,13730813.0,0.0,0.0,0.0,0.0,92311680.0,8915994.0,0.0,0
1789671618.898188,keyboard,182,6,0.0,0.0,0.0,0.0,0.0,0.0,18708050.0,0.0,13557434.0,47858600.0,0.0,0.0,0.0,52715784.0,0.0,0.0,0
1789671618.9633677,keyboard,182,5,1005983.0,0.0,0.0,0.0,4074968.0,0.0,0.0,0.0,0.0,0.0,0.0,0.0,3620234.25,11621474.0,2204787.0,0.0,0
1789671619.1833155,keyboard,4,5,0.0,12874750.0,0.0,0.0,1854214.5,0.0,396833.0,624493.375,0.0,0.0,0.0,0.0,0.0,0.0,0.0,0.0,0
1789671619.3080413,keyboard,197,11,6942922.0,2984943.0,10766525.0,17332788.0,0.0,0.0,0.0,0.0,3675951.0,2201913.0,2964898.5,2379971.0,715996.0,4184786.5,0.0,0.0,0
1789671619.4029238,keyboard,188,8,0.0,0.0,0.0,0.0,0.0,0.0,0.0,0.0,12518458.0,19577638.0,103772992.0,0.0,90727408.0,47411720.0,0.0,0.0,0
1789671619.5615082,keyboard,207,12,0.0,8634689.0,0.0,0.0,0.0,0.0,26400364.0,0.0,22421616.0,79419400.0,47692888.0,0.0,30087346.0,0.0,0.0,19097456.0,0
1789671619.622861,keyboard,354,7,0.0,6003427.5,68418448.0,50073300.0,0.0,0.0,0.0,0.0,0.0,0.0,0.0,8371657.0,10806717.0,0.0,0.0,0.0,0
1789671619.6239455,keyboard,207,3,1531665.0,0.0,0.0,0.0,0.0,0.0,0.0,0.0,0.0,2135940.0,0.0,0.0,7566060.0,0.0,0.0,0.0,0
1789671619.6998122,keyboard,207,6,0.0,0.0,6752609.5,0.0,0.0,0.0,4649396.0,11123055.0,0.0,7316459.0,0.0,0.0,15586108.0,0.0,0.0,1657837.0,0
1789671619.94081,keyboard,214,8,29405468.0,101509152.0,35589348.0,0.0,0.0,0.0,0.0,3436884.25,0.0,4514844.5,8742063.0,0.0,15353233.0,0.0,0.0,0.0,0
1789671626.877941,keyboard,199,6,0.0,0.0,426570.375,0.0,0.0,0.0,0.0,0.0,0.0,1213132.375,2296435.75,34573944.0,0.0,0.0,0.0,0.0,0
1789671626.8791199,keyboard,347,4,0.0,1917230.5,0.0,0.0,0.0,0.0,0.0,0.0,7486846.5,0.0,0.0,0.0,0.0,0.0,0.0,10959330.0,0
1789671627.0676887,keyboard,104,3,0.0,0.0,0.0,0.0,0.0,0.0,0.0,0.0,0.0,0.0,0.0,0.0,0.0,0.0,4757677.0,29950292.0,0
1789671627.0686376,keyboard,237,4,0.0,0.0,0.0,0.0,0.0,0.0,3125619.25,0.0,0.0,0.0,0.0,11307682.0,12710162.0,0.0,1557265.125,0.0,0
1789671627.13765,keyboard,198,4,0.0,0.0,0.0,0.0,0.0,0.0,0.0,0.0,0.0,0.0,0.0,42623664.0,33287784.0,10117553.0,0.0,0.0,0
1789671627.200398,keyboard,196,4,609886.5625,0.0,0.0,0.0,0.0,5242520.0,0.0,0.0,0.0,150953600.0,0.0,0.0,0.0,0.0,0.0,0.0,0
1789671627.2659826,keyboard,230,3,0.0,0.0,0.0,0.0,0.0,0.0,0.0,0.0,0.0,0.0,0.0,0.0,54479712.0,23329464.0,0.0,8768538.0,0
1789671629.1259685,keyboard,170,4,253338.03125,0.0,0.0,0.0,0.0,0.0,0.0,0.0,0.0,22375088.0,0.0,67865584.0,42320292.0,0.0,0.0,0.0,0
1789671629.4750156,keyboard,222,3,0.0,0.0,0.0,0.0,0.0,0.0,0.0,0.0,6615815.5,0.0,0.0,13726614.0,14613729.0,0.0,0.0,0.0,0
1789671630.8038802,keyboard,170,9,0.0,0.0,0.0,0.0,2240581.5,10630770.0,1446854.375,0.0,0.0,7954792.0,39442120.0,0.0,376107776.0,0.0,0.0,0.0,0
1789671631.213994,keyboard,222,7,0.0,3742488.0,0.0,0.0,0.0,2720940.5,2874621.75,0.0,0.0,0.0,0.0,0.0,136106880.0,66842952.0,0.0,0.0,0
1789671631.6250331,keyboard,178,5,1439809.0,0.0,0.0,0.0,0.0,0.0,0.0,0.0,0.0,0.0,19340456.0,64786492.0,127270008.0,14304012.0,0.0,0.0,0
1789671632.1032634,keyboard,186,4,0.0,0.0,0.0,0.0,0.0,5275279.0,0.0,0.0,0.0,0.0,0.0,0.0,135316304.0,465423456.0,0.0,0.0,0
1789671632.1041355,keyboard,118,3,0.0,0.0,0.0,0.0,0.0,0.0,0.0,0.0,0.0,0.0,4371714.0,36574532.0,80317248.0,0.0,0.0,0.0,0
1789671634.6347477,keyboard,173,6,0.0,0.0,0.0,0.0,0.0,734746.5,0.0,0.0,0.0,5987733.0,0.0,3337311.5,14568198.0,18620412.0,0.0,0.0,0
1789671635.0763853,keyboard,207,7,0.0,0.0,0.0,0.0,10652876.0,0.0,8178636.0,0.0,14437702.0,48813360.0,0.0,0.0,0.0,311124160.0,0.0,0.0,0
1789671636.1223729,keyboard,176,5,0.0,0.0,0.0,0.0,0.0,17539892.0,0.0,0.0,12833530.0,24350248.0,0.0,0.0,0.0,412350912.0,0.0,0.0,0
1789671637.3259897,keyboard,258,4,5367494.0,13669488.0,0.0,0.0,0.0,0.0,34174948.0,68181736.0,0.0,0.0,0.0,0.0,0.0,0.0,0.0,0.0,0
1789671637.3267212,keyboard,211,4,0.0,0.0,0.0,0.0,0.0,0.0,14707073.0,0.0,76602320.0,171327232.0,0.0,0.0,0.0,0.0,0.0,0.0,0
1789671637.8944948,keyboard,192,8,0.0,0.0,0.0,0.0,0.0,9314366.0,23544808.0,0.0,0.0,49709944.0,0.0,14358052.0,133796888.0,41584064.0,0.0,0.0,0
1789671638.463715,keyboard,171,6,0.0,0.0,0.0,0.0,0.0,0.0,0.0,0.0,0.0,46794744.0,8875146.0,0.0,120651392.0,349441248.0,0.0,90274024.0,0
1789671639.0667634,keyboard,188,3,1379400.125,0.0,0.0,0.0,0.0,0.0,0.0,0.0,0.0,0.0,0.0,0.0,178281920.0,205222640.0,0.0,0.0,0
1789671639.0677068,keyboard,242,10,0.0,13875240.0,9386722.0,2801339.75,0.0,0.0,25606916.0,53283856.0,0.0,0.0,0.0,0.0,0.0,0.0,0.0,0.0,0
1789671640.6798658,keyboard,221,12,761576064.0,315835936.0,148407520.0,0.0,0.0,0.0,0.0,144819040.0,421375488.0,393128384.0,62841056.0,0.0,5283557.5,0.0,56527040.0,0.0,0
1789671640.9017484,keyboard,246,7,1011244608.0,1088274816.0,365916896.0,0.0,0.0,0.0,39613712.0,0.0,0.0,0.0,0.0,0.0,0.0,0.0,0.0,403873216.0,0
1789671641.1231253,keyboard,250,14,0.0,21660986.0,73307848.0,827976.375,554674.125,0.0,0.0,3045092.75,0.0,0.0,0.0,0.0,11895934.0,97650856.0,52754760.0,76205848.0,0
1789671641.3449845,keyboard,207,9,65558536.0,0.0,0.0,0.0,0.0,0.0,21198748.0,0.0,202273056.0,213380992.0,0.0,135950784.0,163617472.0,0.0,0.0,0.0,0
1789671641.7882125,keyboard,243,8,0.0,38490348.0,40795624.0,5479933.0,0.0,3710379.5,0.0,12014490.0,0.0,0.0,0.0,0.0,0.0,21769576.0,9057983.0,0.0,0
1789671642.0099497,keyboard,225,9,0.0,0.0,8023510.0,8209179.0,3447129.0,2573075.5,0.0,0.0,0.0,0.0,0.0,48461632.0,33459994.0,98849576.0,0.0,0.0,0
1789671642.2297442,keyboard,211,12,0.0,38906972.0,12316776.0,0.0,8419491.0,9510005.0,0.0,0.0,3301825.0,0.0,0.0,79195032.0,89465456.0,313476512.0,0.0,0.0,0
1789671642.7054067,keyboard,196,9,42140888.0,21218832.0,0.0,0.0,6196534.5,9409765.0,0.0,0.0,2116527.0,16029084.0,0.0,0.0,29132860.0,0.0,0.0,0.0,0
1789671643.181371,keyboard,235,14,75004384.0,102395856.0,52284720.0,0.0,0.0,0.0,0.0,20970312.0,0.0,134923328.0,52567424.0,0.0,65620484.0,0.0,0.0,0.0,0
1789671643.9724782,keyboard,222,9,63303356.0,24587914.0,0.0,0.0,0.0,0.0,0.0,0.0,10479302.0,0.0,67824096.0,0.0,129806072.0,43514932.0,0.0,16452722.0,0
1789671644.5102816,keyboard,212,10,0.0,7582100.5,0.0,0.0,0.0,783728.4375,1209553.75,0.0,0.0,0.0,0.0,53627176.0,92224368.0,52155660.0,26110262.0,0.0,0
1789671644.7957938,keyboard,223,11,25657406.0,0.0,0.0,16716704.0,0.0,0.0,0.0,1544907.5,5261078.5,15714930.0,45296912.0,0.0,127577216.0,112097208.0,0.0,0.0,0
1789671645.3354783,keyboard,238,9,18312056.0,69929392.0,48316852.0,0.0,0.0,0.0,5850404.5,8247377.5,0.0,0.0,29887274.0,0.0,0.0,0.0,0.0,0.0,0
1789671645.58645,keyboard,214,8,0.0,0.0,407090.5625,504975.71875,0.0,0.0,0.0,0.0,0.0,0.0,0.0,0.0,96299200.0,157342160.0,0.0,0.0,0
1789671651.9528108,keyboard,191,9,0.0,0.0,3403279.75,0.0,0.0,0.0,2261477.75,0.0,5092303.0,15948202.0,33027594.0,315334528.0,0.0,0.0,0.0,0.0,0
1789671652.5547018,keyboard,178,3,0.0,0.0,0.0,0.0,0.0,0.0,917693.9375,0.0,0.0,0.0,0.0,0.0,40454728.0,0.0,0.0,0.0,0
1789671652.9669347,keyboard,189,13,0.0,0.0,6101108.0,3386277.25,0.0,0.0,0.0,12299000.0,28697194.0,139332608.0,0.0,900813824.0,133548456.0,0.0,0.0,62784984.0,0
1789671653.1897166,keyboard,233,5,0.0,3069070.0,0.0,0.0,940620.75,0.0,0.0,0.0,0.0,0.0,0.0,47212848.0,89823992.0,71181112.0,0.0,0.0,0
1789671653.4086688,keyboard,205,8,0.0,614618.0625,0.0,0.0,0.0,0.0,0.0,2782874.0,2624862.5,15933696.0,0.0,93870736.0,52318616.0,0.0,0.0,0.0,0
1789671654.2360644,keyboard,222,8,1664553.5,3022897.5,493874.125,0.0,512701.28125,0.0,0.0,0.0,590718.9375,3856270.0,10505207.0,0.0,0.0,0.0,0.0,0.0,0
1789671655.1211624,keyboard,220,5,686555.875,0.0,329112.0,0.0,253144.4375,0.0,0.0,0.0,0.0,1138403.75,0.0,0.0,36922336.0,0.0,0.0,0.0,0
1789671656.0720875,keyboard,183,10,0.0,0.0,6024672.5,0.0,0.0,0.0,9784920.0,0.0,4404794.0,6511964.0,82031952.0,29821046.0,44130596.0,0.0,32610862.0,0.0,0
1789671656.07297,keyboard,223,7,0.0,25333254.0,14176962.0,0.0,1084519.625,5627994.0,0.0,0.0,0.0,4558524.5,0.0,38888308.0,0.0,0.0,0.0,0.0,0
1789671656.7994955,keyboard,202,6,0.0,0.0,0.0,0.0,0.0,387965.84375,15019590.0,7161605.0,0.0,16457213.0,0.0,5466095.0,0.0,0.0,0.0,0.0,0
1789671657.022048,keyboard,186,7,0.0,0.0,0.0,0.0,0.0,0.0,3835485.5,6855905.0,3500281.5,0.0,0.0,15631143.0,49070144.0,54973936.0,0.0,0.0,0
1789671658.1296356,keyboard,160,4,0.0,0.0,0.0,0.0,0.0,0.0,0.0,0.0,7233485.0,7087141.0,20844420.0,9721282.0,0.0,0.0,0.0,0.0,0
1789671658.1306775,keyboard,197,3,0.0,0.0,925178.5625,0.0,0.0,0.0,0.0,0.0,0.0,0.0,0.0,0.0,32142590.0,0.0,0.0,835634.1875,0
1789671662.9401813,keyboard,170,8,0.0,0.0,0.0,0.0,0.0,0.0,0.0,0.0,0.0,0.0,0.0,0.0,8557319.0,49466672.0,39777752.0,32892052.0,0
1789671663.1622598,keyboard,142,9,0.0,0.0,0.0,0.0,0.0,5708288.5,0.0,0.0,38107160.0,44469392.0,0.0,0.0,0.0,70934008.0,254253504.0,56061472.0,0
1789671664.4585955,keyboard,157,8,0.0,0.0,0.0,0.0,0.0,8522791.0,0.0,0.0,0.0,0.0,58136704.0,55591688.0,46074732.0,0.0,0.0,34685000.0,0
1789671664.6481042,keyboard,248,5,2007414.125,0.0,0.0,0.0,0.0,0.0,4742563.5,8379521.0,0.0,0.0,0.0,17522944.0,9031386.0,0.0,0.0,0.0,0
1789671664.7443478,keyboard,255,9,19053532.0,208145632.0,0.0,0.0,0.0,0.0,8470004.0,84201008.0,7010272.5,0.0,0.0,0.0,0.0,27919978.0,0.0,2315906.0,0
1789671667.7188756,keyboard,200,6,26233112.0,0.0,0.0,0.0,0.0,11129604.0,0.0,146207856.0,320491456.0,190509504.0,0.0,0.0,0.0,0.0,0.0,0.0,0
1789671667.9401107,keyboard,212,14,89099936.0,0.0,0.0,0.0,0.0,7833475.5,103276128.0,113099936.0,222324928.0,0.0,0.0,66586624.0,74841608.0,71159888.0,0.0,0.0,0
1789671668.1622453,keyboard,1,3,0.0,0.0,72363840.0,44566612.0,0.0,0.0,0.0,0.0,0.0,0.0,0.0,0.0,0.0,0.0,0.0,0.0,0
1789671668.3824053,keyboard,204,11,47514436.0,165620080.0,0.0,0.0,0.0,45346520.0,70500520.0,245433712.0,818522112.0,551484096.0,0.0,343004992.0,344412736.0,0.0,0.0,0.0,0
1789671668.6065223,keyboard,235,18,54883280.0,92430304.0,0.0,0.0,0.0,176178784.0,227661344.0,95516232.0,0.0,0.0,0.0,142736352.0,425793920.0,361647744.0,170433440.0,64096544.0,0
1789671668.827288,keyboard,222,11,0.0,12648522.0,0.0,0.0,0.0,0.0,38027704.0,23967996.0,79795232.0,0.0,0.0,18485064.0,24410704.0,19330988.0,0.0,0.0,0
1789671671.329359,keyboard,160,9,0.0,0.0,0.0,0.0,0.0,0.0,0.0,0.0,36344236.0,278147968.0,192329824.0,80013584.0,0.0,489776320.0,0.0,0.0,0
1789671671.3300514,keyboard,209,7,0.0,9803236.0,13530608.0,0.0,0.0,0.0,25711572.0,0.0,0.0,0.0,0.0,188273072.0,436480032.0,0.0,0.0,0.0,0
1789671671.5495982,keyboard,207,11,0.0,38086440.0,0.0,0.0,865775.3125,7155457.0,8522594.0,0.0,9520415.0,68546928.0,0.0,0.0,0.0,101779752.0,202832176.0,24481660.0,0
1789671671.7401314,keyboard,218,18,0.0,50265708.0,8166493.0,0.0,0.0,35982488.0,44613160.0,24122434.0,44757024.0,44570200.0,0.0,0.0,84152696.0,268308496.0,0.0,0.0,0
1789671672.5014343,keyboard,154,6,0.0,0.0,0.0,0.0,0.0,3605786.75,0.0,0.0,0.0,0.0,0.0,78295336.0,202800256.0,87297880.0,0.0,0.0,0
1789671672.5019796,keyboard,211,9,0.0,0.0,0.0,0.0,0.0,0.0,13104424.0,22223412.0,14514144.0,9299633.0,18889628.0,6011237.0,0.0,0.0,0.0,0.0,0
1789671676.298422,keyboard,193,6,5609917.0,0.0,0.0,0.0,0.0,1283779.625,0.0,0.0,458840.59375,0.0,0.0,0.0,15723587.0,17493808.0,0.0,0.0,0
1789671676.4252236,keyboard,257,5,15432388.0,11750864.0,0.0,0.0,283804.9375,1967717.5,0.0,0.0,0.0,0.0,0.0,9452419.0,0.0,0.0,0.0,0.0,0
1789671676.5517273,keyboard,244,5,0.0,0.0,0.0,0.0,0.0,0.0,63871328.0,25370020.0,0.0,0.0,0.0,0.0,21223354.0,0.0,0.0,0.0,0
1789671677.944017,keyboard,194,9,0.0,677769.6875,0.0,0.0,0.0,0.0,3009328.0,8485974.0,0.0,22882598.0,0.0,258388256.0,14884364.0,0.0,0.0,0.0,0
1789671677.94498,keyboard,152,4,2854458.0,0.0,0.0,0.0,0.0,3356260.0,7163302.0,0.0,0.0,0.0,0.0,0.0,48932176.0,0.0,0.0,0.0,0
1789671678.4513004,keyboard,176,3,0.0,0.0,0.0,0.0,0.0,0.0,21937736.0,4056535.5,0.0,0.0,0.0,293108960.0,0.0,0.0,0.0,0.0,0
1789671679.8100276,keyboard,118,10,0.0,0.0,0.0,0.0,0.0,3870702.75,0.0,0.0,7138043.5,1836105.25,0.0,0.0,64448728.0,100383376.0,29285810.0,6573782.5,0
1789671680.0953295,keyboard,170,9,0.0,4998412.5,0.0,0.0,0.0,0.0,303324192.0,256251792.0,0.0,0.0,0.0,1273548032.0,144550976.0,0.0,0.0,0.0,0
1789671682.9758022,keyboard,188,7,0.0,0.0,3483718.25,0.0,0.0,0.0,0.0,5460737.0,18101372.0,0.0,0.0,28010584.0,0.0,9569526.0,0.0,0.0,0
1789671684.562298,keyboard,189,4,0.0,0.0,5328238.0,0.0,0.0,0.0,0.0,0.0,22493552.0,79553536.0,0.0,0.0,0.0,0.0,0.0,0.0,0
1789671684.5631158,keyboard,110,7,14233233.0,0.0,0.0,2209844.0,0.0,1164534.75,0.0,0.0,0.0,0.0,0.0,0.0,18910684.0,0.0,0.0,11307546.0,0
1789671686.4287877,keyboard,177,8,0.0,4274476.0,0.0,0.0,0.0,3139361.75,0.0,1150596.25,2992247.5,6522687.5,0.0,0.0,13331809.0,0.0,0.0,0.0,0
1789671686.429724,keyboard,138,7,0.0,0.0,0.0,2196625.75,471595.4375,2816036.0,0.0,0.0,0.0,0.0,0.0,0.0,15750051.0,18963576.0,0.0,0.0,0
1789671686.5030475,keyboard,135,7,0.0,0.0,0.0,0.0,0.0,0.0,9804561.0,0.0,0.0,165060096.0,95551328.0,394568832.0,0.0,0.0,0.0,0.0,0
1789671688.5172353,keyboard,170,5,0.0,0.0,0.0,0.0,0.0,0.0,0.0,0.0,0.0,0.0,0.0,12058366.0,6050378.5,7756108.0,0.0,10435115.0,0
1789671688.5183523,keyboard,222,6,0.0,0.0,0.0,1061272.875,0.0,3321260.5,0.0,4022628.75,438311.625,0.0,0.0,4049890.75,0.0,0.0,0.0,0.0,0
1789671688.6742806,keyboard,128,3,0.0,0.0,0.0,0.0,0.0,0.0,0.0,0.0,0.0,0.0,0.0,833963456.0,0.0,0.0,0.0,0.0,0
1789671688.7695446,keyboard,185,8,0.0,0.0,0.0,0.0,0.0,7058305.5,3366446.75,0.0,0.0,0.0,0.0,216591680.0,244377008.0,61840984.0,0.0,36286700.0,0
1789671688.829762,keyboard,185,4,0.0,0.0,0.0,0.0,362268.71875,0.0,0.0,0.0,0.0,2234622.75,2583760.0,0.0,16981616.0,0.0,0.0,0.0,0
1789671688.9906065,keyboard,234,9,58826592.0,248048288.0,102641648.0,0.0,53227688.0,0.0,0.0,27324672.0,17278484.0,0.0,0.0,0.0,0.0,17060792.0,0.0,0.0,0
1789671690.6045763,keyboard,197,8,16343994.0,0.0,39421024.0,0.0,0.0,0.0,0.0,0.0,5969630.5,18991116.0,0.0,175326400.0,0.0,0.0,0.0,0.0,0
1789671690.8902276,keyboard,198,3,3792591.75,0.0,0.0,0.0,0.0,0.0,0.0,0.0,0.0,0.0,0.0,10297836.0,11412866.0,0.0,0.0,0.0,0
1789671690.9546225,keyboard,231,10,48383892.0,71109296.0,16131835.0,0.0,24057150.0,0.0,3812667.0,0.0,3305286.0,0.0,0.0,10049348.0,0.0,0.0,0.0,0.0,0
1789671691.080782,keyboard,237,4,0.0,0.0,0.0,0.0,0.0,0.0,24594962.0,25063174.0,0.0,45139324.0,0.0,0.0,0.0,0.0,0.0,0.0,0
1789671691.1392195,keyboard,158,4,0.0,0.0,0.0,0.0,0.0,0.0,0.0,0.0,0.0,0.0,0.0,39850744.0,0.0,21445434.0,0.0,0.0,0
1789671691.2065866,keyboard,167,6,0.0,0.0,0.0,0.0,0.0,3393793.75,0.0,11079633.0,0.0,0.0,0.0,96980816.0,21868960.0,38022692.0,0.0,0.0,0
1789671691.365483,keyboard,217,12,12609725.0,26284706.0,0.0,3725975.75,0.0,5227413.0,0.0,0.0,5596121.0,112344024.0,70961424.0,80536736.0,0.0,9993488.0,0.0,0.0,0
1789671691.423413,keyboard,156,4,0.0,0.0,0.0,0.0,0.0,0.0,0.0,0.0,0.0,0.0,0.0,223984080.0,118605328.0,72416080.0,6651528.5,0.0,0
1789671691.618586,keyboard,168,8,0.0,0.0,0.0,0.0,0.0,16510270.0,0.0,19168384.0,0.0,15299060.0,0.0,0.0,0.0,23507872.0,0.0,3584217.5,0
1789671692.5365508,keyboard,225,5,0.0,339138528.0,0.0,0.0,0.0,0.0,0.0,0.0,0.0,86178064.0,67242192.0,0.0,0.0,0.0,0.0,108934288.0,0
1789671692.5944965,keyboard,222,6,0.0,0.0,0.0,0.0,0.0,0.0,25694100.0,16627198.0,0.0,139900672.0,0.0,0.0,0.0,25585640.0,0.0,0.0,0
1789671692.7274647,keyboard,239,7,0.0,0.0,0.0,0.0,0.0,0.0,10388129.0,0.0,15357498.0,31032676.0,0.0,0.0,4622362.5,0.0,6582548.0,0.0,0
1789671692.7899761,keyboard,215,12,0.0,4688919.0,3134416.0,0.0,0.0,0.0,58235.25390625,0.0,0.0,3319311.75,3010569.5,5099542.5,1960822.25,1415733.75,1027729.25,294202.125,0
1789671692.9153006,keyboard,209,13,0.0,0.0,0.0,0.0,0.0,0.0,523814464.0,383188736.0,0.0,589364096.0,455327904.0,0.0,69775624.0,17868756.0,0.0,84025072.0,0
1789671692.9850724,keyboard,209,15,1737741.0,30844802.0,0.0,0.0,17245446.0,35847448.0,123586080.0,0.0,14300856.0,51367904.0,86942248.0,13959683.0,0.0,12025091.0,0.0,45398216.0,0
1789671693.1066089,keyboard,222,13,0.0,0.0,0.0,0.0,0.0,0.0,131980120.0,184689472.0,356404864.0,2436197632.0,1152350464.0,133708104.0,208981072.0,0.0,0.0,107412512.0,0
1789671693.1769507,keyboard,222,10,4786584.0,0.0,0.0,0.0,0.0,0.0,18367514.0,0.0,0.0,169789376.0,120743184.0,0.0,0.0,0.0,0.0,3893194.5,0
1789671693.2955992,keyboard,208,9,0.0,0.0,0.0,0.0,0.0,0.0,62653256.0,0.0,0.0,403768992.0,306366336.0,35958556.0,201619792.0,0.0,0.0,0.0,0
1789671693.4846694,keyboard,208,5,0.0,0.0,0.0,0.0,0.0,0.0,24254164.0,0.0,0.0,464202688.0,0.0,0.0,22533744.0,0.0,0.0,0.0,0
1789671693.548165,keyboard,206,7,966451.0,0.0,2202701.0,0.0,0.0,0.0,12924933.0,7710935.0,0.0,0.0,41695184.0,0.0,0.0,0.0,4799709.0,0.0,0
1789671693.6439338,keyboard,226,9,0.0,0.0,0.0,0.0,18424316.0,0.0,0.0,0.0,366920.84375,3953913.75,1181798.5,0.0,448477.21875,0.0,10010459.0,3507222.5,0
1789671693.7582994,keyboard,205,11,11847284.0,0.0,0.0,38003640.0,0.0,120204144.0,451705952.0,97048296.0,59136744.0,0.0,57823544.0,29143038.0,0.0,0.0,0.0,0.0,0
1789671693.833685,keyboard,205,16,0.0,0.0,0.0,0.0,0.0,0.0,84224456.0,0.0,79011592.0,151418048.0,106738432.0,90209896.0,85225240.0,104155896.0,0.0,29616238.0,0
1789671693.880001,keyboard,205,4,0.0,0.0,0.0,0.0,0.0,0.0,0.0,0.0,0.0,0.0,0.0,0.0,0.0,31157932.0,5914584.0,1768005.25,0
1789671694.530011,keyboard,213,14,0.0,0.0,0.0,0.0,23083168.0,0.0,66917920.0,72994128.0,87116080.0,773665536.0,0.0,70965128.0,361217536.0,699618176.0,0.0,0.0,0
1789671694.7509353,keyboard,207,11,0.0,0.0,0.0,0.0,0.0,0.0,18523796.0,5113649.5,0.0,21747498.0,7611958.0,0.0,52164696.0,222797280.0,0.0,0.0,0
1789671694.942257,keyboard,212,12,0.0,0.0,0.0,0.0,0.0,4866880.0,0.0,22134512.0,50021336.0,93016456.0,12325405.0,0.0,0.0,5774042.0,0.0,30964136.0,0
1789671696.0182605,keyboard,175,10,0.0,0.0,0.0,310975808.0,1024119360.0,0.0,0.0,0.0,0.0,0.0,0.0,2119138816.0,1589302400.0,0.0,198401536.0,0.0,0
1789671696.0187905,keyboard,211,8,1464163968.0,0.0,0.0,0.0,0.0,0.0,370950464.0,0.0,0.0,4189593600.0,1855687296.0,0.0,0.0,0.0,0.0,0.0,0
1789671696.1133044,keyboard,175,9,0.0,0.0,0.0,0.0,53105328.0,201065056.0,76874624.0,0.0,0.0,0.0,13205230.0,0.0,0.0,8454515.0,29013326.0,6525998.5,0
1789671696.1139925,keyboard,227,3,1369388800.0,306207232.0,0.0,0.0,0.0,0.0,0.0,0.0,0.0,0.0,0.0,0.0,0.0,0.0,0.0,0.0,0
1789671696.2081413,keyboard,176,3,0.0,0.0,0.0,0.0,0.0,81916480.0,0.0,0.0,0.0,5364674.0,0.0,0.0,0.0,0.0,0.0,96293736.0,0
1789671696.208699,keyboard,227,7,0.0,83736064.0,0.0,0.0,0.0,42120740.0,130680856.0,0.0,126129480.0,0.0,114138080.0,0.0,0.0,0.0,0.0,0.0,0
1789671696.3033056,keyboard,220,12,43980880.0,0.0,0.0,0.0,0.0,127292120.0,185663696.0,24140104.0,0.0,0.0,0.0,29765128.0,14986244.0,0.0,0.0,5489324.0,0
1789671696.3990674,keyboard,223,10,0.0,194969696.0,0.0,0.0,0.0,0.0,108728320.0,0.0,80987120.0,107953968.0,0.0,0.0,0.0,0.0,0.0,0.0,0
1789671696.4928663,keyboard,223,6,0.0,0.0,0.0,0.0,0.0,20683620.0,58589592.0,8917026.0,0.0,0.0,0.0,0.0,11784042.0,0.0,0.0,0.0,0
1789671696.5892136,keyboard,222,13,0.0,91023064.0,0.0,0.0,5294467.5,10119116.0,54519152.0,18025086.0,0.0,43280796.0,13858662.0,35264432.0,70632704.0,25734882.0,0.0,0.0,0
1789671696.682783,keyboard,208,8,0.0,0.0,0.0,0.0,0.0,30713184.0,20278092.0,5481094.5,0.0,0.0,0.0,9753093.0,0.0,0.0,0.0,0.0,0
1789671696.779309,keyboard,221,10,0.0,0.0,0.0,0.0,0.0,29726040.0,147305952.0,114503248.0,94547120.0,62115320.0,0.0,0.0,0.0,0.0,0.0,0.0,0
1789671696.9686995,keyboard,216,13,0.0,0.0,0.0,0.0,6321069.0,4880009.0,39828960.0,7206814.0,0.0,143447680.0,68916240.0,0.0,0.0,57763220.0,0.0,0.0,0
1789671697.1571734,keyboard,220,8,0.0,0.0,0.0,331161.71875,0.0,0.0,5684810.0,11774307.0,0.0,21644798.0,0.0,0.0,0.0,0.0,0.0,0.0,0
1789671697.252067,keyboard,208,14,5692957.5,0.0,1045266.25,0.0,8858026.0,18915768.0,23085188.0,4939635.5,2508780.0,0.0,0.0,0.0,6113914.5,0.0,2568422.0,0.0,0
1789671697.378756,keyboard,219,6,99384944.0,0.0,0.0,0.0,0.0,0.0,0.0,0.0,0.0,209352112.0,165477504.0,0.0,0.0,0.0,0.0,0.0,0
1789671697.568106,keyboard,205,13,0.0,0.0,0.0,0.0,0.0,0.0,52253208.0,0.0,176494768.0,969401152.0,591740800.0,147854832.0,39681776.0,46338880.0,0.0,0.0,0
1789671697.7590868,keyboard,236,10,0.0,77574560.0,0.0,0.0,0.0,0.0,10368358.0,0.0,0.0,126025912.0,197529648.0,116469792.0,20385900.0,0.0,0.0,0.0,0
1789671697.949202,keyboard,226,7,0.0,3485470.25,0.0,0.0,2395244.75,0.0,74913408.0,12808166.0,0.0,0.0,0.0,0.0,0.0,3239349.0,0.0,0.0,0
1789671698.0079076,keyboard,224,4,12799323.0,0.0,0.0,0.0,0.0,0.0,0.0,0.0,0.0,1223519.25,22400688.0,29123670.0,0.0,0.0,0.0,0.0,0
1789671698.169205,keyboard,235,6,240138160.0,55468720.0,0.0,0.0,0.0,0.0,20788858.0,0.0,0.0,0.0,0.0,0.0,5477448.0,0.0,0.0,0.0,0
1789671698.3930643,keyboard,234,13,260710112.0,39841972.0,0.0,0.0,0.0,0.0,0.0,0.0,0.0,403723648.0,298389184.0,59212840.0,39048344.0,0.0,14022509.0,63764792.0,0
1789671698.5822053,keyboard,199,8,0.0,0.0,0.0,0.0,0.0,832409.1875,8958880.0,0.0,0.0,21398452.0,0.0,0.0,14381898.0,36200124.0,0.0,0.0,0
1789671699.0579684,keyboard,227,7,0.0,10735446.0,1555398.375,0.0,0.0,0.0,2382195.75,2489275.25,0.0,0.0,0.0,4882167.5,4019723.5,0.0,5230337.5,0.0,0
1789671699.2772877,keyboard,199,9,0.0,0.0,0.0,0.0,0.0,0.0,64556928.0,0.0,0.0,178427136.0,0.0,0.0,49646064.0,171514080.0,0.0,31304504.0,0
1789671699.4687443,keyboard,231,9,72040584.0,43817984.0,45287248.0,0.0,0.0,0.0,6241301.0,0.0,0.0,0.0,0.0,0.0,11225745.0,0.0,0.0,0.0,0
1789671699.6907427,keyboard,225,6,0.0,7772705.0,0.0,0.0,7098873.5,0.0,8630902.0,0.0,0.0,0.0,0.0,0.0,0.0,27904292.0,0.0,0.0,0
1789671699.8798723,keyboard,209,7,0.0,15952414.0,0.0,0.0,1288559.5,0.0,8605305.0,0.0,0.0,0.0,0.0,7666578.5,38105844.0,29238556.0,0.0,0.0,0
1789671702.855808,keyboard,2,6,0.0,0.0,40501444.0,12950171.0,43807088.0,0.0,0.0,0.0,0.0,0.0,0.0,0.0,0.0,0.0,0.0,0.0,0
1789671703.2684383,keyboard,104,6,11117732.0,0.0,0.0,70967928.0,243360928.0,56008892.0,0.0,0.0,0.0,0.0,0.0,0.0,0.0,0.0,0.0,0.0,0
1789671703.2692327,keyboard,156,6,0.0,19984938.0,156342976.0,0.0,0.0,0.0,0.0,0.0,0.0,0.0,0.0,0.0,35396604.0,0.0,0.0,0.0,0
1789671703.3214536,keyboard,179,3,0.0,0.0,49046232.0,0.0,0.0,0.0,0.0,0.0,0.0,0.0,0.0,0.0,0.0,105932624.0,75893312.0,0.0,0
1789671703.3224752,keyboard,29,4,0.0,0.0,0.0,0.0,38270192.0,0.0,0.0,0.0,103787168.0,24612858.0,0.0,0.0,0.0,0.0,0.0,0.0,0
1789671707.1916885,keyboard,200,5,0.0,0.0,0.0,0.0,0.0,0.0,0.0,0.0,0.0,0.0,0.0,0.0,71448896.0,183741824.0,0.0,0.0,0
1789671707.3808203,keyboard,204,5,0.0,0.0,0.0,0.0,0.0,0.0,0.0,0.0,0.0,0.0,0.0,0.0,1326747904.0,1409937280.0,0.0,0.0,0
1789671707.572017,keyboard,200,6,0.0,545566.25,68786.0390625,4699214.0,0.0,0.0,0.0,0.0,0.0,0.0,0.0,0.0,0.0,37017304.0,4196882.0,0.0,0
1789671707.727258,keyboard,197,8,0.0,0.0,0.0,0.0,0.0,0.0,564155.0625,0.0,0.0,0.0,0.0,10239290.0,19560480.0,37170288.0,839243.625,0.0,0
1789671708.5835788,keyboard,29,4,0.0,0.0,589863.125,0.0,0.0,0.0,0.0,0.0,0.0,0.0,6482585.5,0.0,41438564.0,0.0,0.0,0.0,0
1789671708.7711926,keyboard,208,8,0.0,2375452.75,1427913.0,0.0,0.0,0.0,0.0,0.0,0.0,274674560.0,0.0,0.0,44962608.0,91347016.0,0.0,0.0,0
1789671709.151282,keyboard,198,8,0.0,0.0,0.0,0.0,0.0,3287117.25,0.0,0.0,0.0,0.0,0.0,0.0,26865006.0,108855232.0,48113032.0,15449324.0,0
1789671709.371795,keyboard,204,6,0.0,0.0,0.0,0.0,0.0,0.0,0.0,0.0,0.0,0.0,0.0,0.0,539473408.0,562578432.0,0.0,69059696.0,0
1789671709.5617673,keyboard,200,8,0.0,0.0,0.0,0.0,0.0,2388682.5,0.0,0.0,0.0,0.0,0.0,0.0,43166844.0,116019904.0,9814495.0,5520220.0,0
1789671710.4810145,keyboard,211,17,0.0,0.0,0.0,0.0,0.0,34265296.0,36315252.0,117823336.0,218455872.0,292174912.0,165177184.0,168862336.0,149955776.0,19741654.0,0.0,8017405.5,0
1789671711.6818285,keyboard,197,7,0.0,0.0,0.0,0.0,0.0,0.0,0.0,50523080.0,0.0,0.0,0.0,0.0,200612640.0,210654688.0,0.0,47363136.0,0
1789671711.9038584,keyboard,204,7,0.0,0.0,0.0,0.0,0.0,0.0,0.0,18369116.0,0.0,38799464.0,0.0,0.0,0.0,125298744.0,0.0,20511388.0,0
1789671712.0933263,keyboard,200,17,12133092.0,0.0,0.0,0.0,0.0,0.0,0.0,203174752.0,441746368.0,190958528.0,0.0,279512832.0,480575744.0,570892992.0,409720192.0,154821024.0,0
1789671712.3153036,keyboard,205,12,0.0,0.0,4082017.0,0.0,0.0,0.0,0.0,0.0,39992624.0,265013328.0,76785648.0,0.0,91149472.0,335872960.0,0.0,106616272.0,0
1789671712.537171,keyboard,205,18,9010127.0,2077460.0,7639746.0,0.0,905236.9375,0.0,1516480.5,0.0,15042098.0,5530606.0,45909712.0,43619420.0,61177544.0,35821648.0,15018605.0,0.0,0
1789671712.7583406,keyboard,201,12,0.0,0.0,2179243.0,0.0,0.0,0.0,0.0,7750712.0,27332460.0,70494984.0,16601009.0,0.0,0.0,102306800.0,20058506.0,0.0,0
1789671713.011861,keyboard,208,14,0.0,0.0,0.0,0.0,5852801.0,0.0,0.0,70122232.0,26993332.0,412355328.0,98557472.0,0.0,100990152.0,211387840.0,0.0,77809768.0,0
1789671713.2331254,keyboard,209,16,3140311.5,923930.375,2986858.25,0.0,0.0,0.0,0.0,706665.6875,762162.625,7718086.0,0.0,2725580.5,6942678.5,1724857.875,0.0,0.0,0
1789671713.4858437,keyboard,203,16,10154224.0,0.0,25840388.0,0.0,0.0,0.0,0.0,177256800.0,75008488.0,990239488.0,0.0,0.0,470511936.0,862132544.0,300142080.0,392982464.0,0
1789671713.9293408,keyboard,211,13,0.0,0.0,0.0,0.0,2344979.75,0.0,24841372.0,0.0,13906937.0,241400288.0,58150096.0,0.0,43983520.0,47782768.0,0.0,36228072.0,0
1789671714.1507752,keyboard,201,11,0.0,0.0,0.0,0.0,0.0,0.0,0.0,221122016.0,129907896.0,1008703616.0,0.0,0.0,521121536.0,990257600.0,0.0,309225536.0,0
1789671714.3727155,keyboard,218,13,11879641.0,4910583.0,7143837.0,8715091.0,0.0,0.0,40390736.0,0.0,0.0,415922688.0,0.0,0.0,47552144.0,140690352.0,0.0,75429584.0,0
1789671714.593796,keyboard,206,12,0.0,0.0,0.0,0.0,0.0,0.0,0.0,87978008.0,317853728.0,837816960.0,247512000.0,0.0,198871296.0,395289280.0,0.0,0.0,0
1789671714.8152602,keyboard,206,18,10279011.0,0.0,18938848.0,0.0,0.0,0.0,0.0,142710224.0,356215168.0,1461228544.0,404331840.0,76525840.0,179765504.0,615926720.0,0.0,207301120.0,0
1789671715.257379,keyboard,206,17,0.0,0.0,0.0,0.0,0.0,0.0,0.0,71423168.0,183997120.0,341257472.0,76921640.0,74806272.0,142913808.0,205505616.0,147750672.0,39346988.0,0
1789671715.51152,keyboard,206,11,0.0,0.0,8914152.0,0.0,6487863.5,0.0,16784154.0,0.0,0.0,418335296.0,0.0,0.0,132744880.0,284644672.0,0.0,141579168.0,0
1789671715.954819,keyboard,212,20,0.0,0.0,24408226.0,0.0,0.0,10474770.0,25665486.0,67743480.0,130520096.0,440538752.0,86020464.0,0.0,96566768.0,177487008.0,0.0,160912768.0,0
1789671716.1763246,keyboard,212,19,3882453.5,0.0,13186511.0,17374174.0,4127098.5,0.0,24642082.0,0.0,342640576.0,1133292032.0,236745744.0,0.0,348882112.0,710192512.0,0.0,269619264.0,0
1789671716.397488,keyboard,210,19,0.0,0.0,9621087.0,15076210.0,0.0,0.0,0.0,214029440.0,295494976.0,794298240.0,228960608.0,102677248.0,133284392.0,399730240.0,0.0,169331984.0,0
1789671718.7076373,keyboard,209,17,0.0,0.0,9311270.0,8526902.0,999669.0,0.0,0.0,119106464.0,363501888.0,1303125504.0,256295584.0,0.0,221167520.0,609729408.0,0.0,375912000.0,0
1789671718.9295237,keyboard,214,10,0.0,0.0,0.0,2964280.5,0.0,5913920.0,2791260.5,0.0,0.0,151696480.0,0.0,0.0,11254012.0,48759508.0,0.0,22134006.0,0
1789671720.3219125,keyboard,212,20,0.0,0.0,13057632.0,0.0,0.0,0.0,53496256.0,70699504.0,112475520.0,488553536.0,97252648.0,27604260.0,129694520.0,268025824.0,0.0,160836160.0,0
1789671720.5749326,keyboard,208,21,5573253.5,0.0,0.0,0.0,0.0,0.0,44567916.0,107572224.0,175597856.0,717357120.0,157181952.0,97989512.0,143774640.0,383287072.0,265722368.0,150517296.0,0
1789671721.0499218,keyboard,199,18,2961804.75,0.0,0.0,0.0,0.0,0.0,2912980.0,966665.0,18310034.0,64391504.0,8153996.0,44688888.0,33159332.0,48500208.0,30431944.0,12245104.0,0
1789671723.8036397,keyboard,215,24,9240470.0,12829443.0,15836314.0,1431951.625,1659542.125,621476.4375,646567.3125,10703937.0,28581628.0,41878824.0,18040180.0,0.0,7637477.5,19476444.0,4182226.0,16014078.0,0
1789671723.9612575,keyboard,216,16,205650768.0,0.0,242742160.0,0.0,0.0,0.0,14867790.0,157563952.0,199599680.0,408722816.0,14889993.0,0.0,50514512.0,152363728.0,59968356.0,0.0,0
1789671725.1972027,keyboard,234,12,269723520.0,1099056512.0,644012032.0,0.0,0.0,0.0,125867248.0,117434888.0,229220336.0,221864176.0,0.0,0.0,0.0,38985108.0,0.0,0.0,0
1789671725.3553994,keyboard,235,9,0.0,0.0,0.0,0.0,206201.46875,6408760.5,7050493.0,0.0,0.0,13345142.0,0.0,1092299.875,0.0,0.0,1857657.875,1239243.625,0
1789671725.4249768,keyboard,214,24,17029542.0,0.0,0.0,0.0,0.0,33930092.0,238365904.0,155762240.0,106997232.0,599012480.0,427470496.0,716430656.0,299977312.0,51483320.0,5799427.0,2267414.25,0
1789671725.5437968,keyboard,229,14,0.0,0.0,0.0,0.0,0.0,332062368.0,356528736.0,265598688.0,181268480.0,27934564.0,17211268.0,0.0,0.0,123602240.0,0.0,179760832.0,0
1789671725.7338312,keyboard,229,7,27954594.0,11004800.0,0.0,0.0,0.0,0.0,12075348.0,0.0,3927237.5,73427144.0,0.0,0.0,0.0,36328684.0,0.0,0.0,0
1789671725.8920155,keyboard,225,22,2981948.75,13020052.0,10245857.0,2585824.25,2389086.0,6562505.5,681926.0625,4415093.5,4409288.5,14830080.0,2910263.25,2518851.5,0.0,8780515.0,13521350.0,14730856.0,0
1789671726.1440766,keyboard,215,9,41064512.0,39789444.0,0.0,0.0,0.0,0.0,1588196.125,0.0,0.0,774461.625,0.0,0.0,3081458.0,424117.28125,0.0,4238017.0,0
1789671726.6517475,keyboard,271,3,0.0,0.0,0.0,0.0,49821464.0,0.0,6085503.0,0.0,0.0,0.0,0.0,0.0,0.0,0.0,0.0,0.0,0
1789671729.9110398,keyboard,232,10,0.0,720792960.0,244733952.0,79404128.0,0.0,17973584.0,92584088.0,101215840.0,0.0,42905280.0,0.0,0.0,21212248.0,0.0,0.0,0.0,0
1789671729.9718673,keyboard,232,3,0.0,19945860.0,11592074.0,0.0,0.0,0.0,0.0,0.0,0.0,0.0,0.0,0.0,0.0,0.0,1120610.0,0.0,0
1789671730.0379467,keyboard,236,11,0.0,0.0,0.0,0.0,0.0,175961888.0,168270864.0,138244224.0,134914816.0,0.0,0.0,7891818.0,0.0,10336504.0,0.0,0.0,0
1789671730.0962205,keyboard,212,13,32503188.0,0.0,0.0,128441824.0,0.0,0.0,154444864.0,0.0,103522680.0,568523200.0,0.0,0.0,38760464.0,87758280.0,0.0,0.0,0
1789671730.1583595,keyboard,212,3,0.0,11286341.0,0.0,0.0,0.0,0.0,0.0,0.0,0.0,0.0,23784974.0,0.0,0.0,0.0,0.0,0.0,0
1789671730.2077427,keyboard,212,4,32985416.0,35532308.0,0.0,0.0,0.0,0.0,0.0,6343380.5,0.0,10295102.0,0.0,0.0,0.0,0.0,0.0,0.0,0
1789671730.6705108,keyboard,235,16,0.0,6356510.5,1307857.625,0.0,0.0,20153824.0,19991694.0,14398576.0,1931846.25,0.0,0.0,19796128.0,0.0,9863014.0,3606259.75,724235.375,0
1789671731.082824,keyboard,273,3,4665856.0,0.0,0.0,0.0,1615079.0,0.0,7716091.5,0.0,0.0,0.0,0.0,0.0,0.0,0.0,0.0,0.0,0
1789671733.9935641,keyboard,220,7,0.0,41770648.0,0.0,0.0,0.0,17008758.0,0.0,0.0,0.0,65669856.0,0.0,0.0,0.0,0.0,0.0,352992576.0,0
1789671734.0653837,keyboard,243,8,245810848.0,579735680.0,0.0,54646184.0,0.0,0.0,27611636.0,0.0,0.0,12402721.0,0.0,0.0,0.0,0.0,0.0,7341485.0,0
1789671734.1835005,keyboard,214,9,0.0,0.0,0.0,0.0,0.0,74988304.0,0.0,68730392.0,176838304.0,448960576.0,58379160.0,0.0,0.0,3105505.25,0.0,0.0,0
1789671734.2543476,keyboard,226,15,0.0,0.0,2848026.25,11299553.0,2658727.5,0.0,7751846.5,4791184.5,8479719.0,10299995.0,7968525.0,8891794.0,0.0,43063492.0,13805004.0,5620634.0,0
1789671734.4375572,keyboard,231,15,0.0,0.0,0.0,29065904.0,14488383.0,610742.75,1163392.375,0.0,3839337.0,10566845.0,58575632.0,54971440.0,8553138.0,19977272.0,5017049.0,0.0,0
1789671736.2112346,keyboard,260,26,3076399.75,0.0,0.0,0.0,37087236.0,36327808.0,20142736.0,0.0,28279674.0,128282504.0,131852048.0,175763456.0,124367464.0,106124112.0,104214608.0,111742000.0,0
1789671736.5599613,keyboard,260,9,0.0,8359225.0,0.0,0.0,30334048.0,9437756.0,2566363.0,0.0,0.0,0.0,2534393.75,0.0,0.0,0.0,0.0,261763.234375,0
1789671738.9963748,keyboard,209,11,0.0,0.0,0.0,0.0,0.0,0.0,0.0,0.0,4003331.75,681559.875,15885632.0,103571768.0,90636016.0,35553616.0,0.0,0.0,0
1789671739.0602536,keyboard,209,11,0.0,284246336.0,147593344.0,0.0,0.0,0.0,0.0,0.0,121776976.0,516376896.0,69796288.0,0.0,74920032.0,16152437.0,0.0,0.0,0
1789671739.1062844,keyboard,235,14,0.0,3745828096.0,1337246464.0,30914922.0,118073592.0,0.0,103432216.0,238491744.0,125113552.0,0.0,0.0,0.0,0.0,399746880.0,0.0,100104600.0,0
1789671739.1693106,keyboard,233,9,0.0,0.0,0.0,0.0,19456170.0,0.0,14688578.0,10364040.0,11925730.0,0.0,0.0,9426132.0,0.0,0.0,5368342.0,0.0,0
1789671739.2815182,keyboard,232,4,0.0,0.0,0.0,4826695.0,7209064.0,1587853.0,0.0,0.0,0.0,0.0,0.0,0.0,0.0,1286575.25,0.0,0.0,0
1789671739.351629,keyboard,235,6,0.0,0.0,0.0,0.0,0.0,31219932.0,66748856.0,100861088.0,72244240.0,0.0,0.0,0.0,0.0,171542432.0,0.0,0.0,0
1789671739.4138467,keyboard,233,5,0.0,8565598.0,0.0,0.0,0.0,0.0,0.0,0.0,0.0,3538485.5,0.0,6704067.0,0.0,0.0,0.0,0.0,0
1789671739.476685,keyboard,220,14,4099842.0,149311360.0,0.0,0.0,0.0,0.0,0.0,4734019.5,6410712.5,25885340.0,21250856.0,0.0,6269176.0,6538311.0,3003767.0,0.0,0
1789671739.6930356,keyboard,227,14,145826288.0,374387584.0,241027984.0,0.0,0.0,23172048.0,52808968.0,9725209.0,30555820.0,0.0,0.0,0.0,0.0,9111683.0,0.0,183869728.0,0
1789671739.7616618,keyboard,226,22,309813664.0,1105701120.0,499690752.0,193604256.0,0.0,179489952.0,257184448.0,0.0,35045788.0,39585320.0,38989496.0,281131008.0,81169512.0,16973460.0,0.0,0.0,0
1789671739.9466684,keyboard,240,19,0.0,0.0,0.0,0.0,36498664.0,25863840.0,14611478.0,52459244.0,20885978.0,7966305.0,0.0,0.0,16453432.0,88265472.0,41911064.0,0.0,0
1789671740.0417883,keyboard,240,5,0.0,0.0,0.0,8915716.0,9298261.0,0.0,17396392.0,0.0,0.0,0.0,0.0,0.0,6683146.0,8022903.0,0.0,0.0,0
1789671740.1050332,keyboard,225,7,0.0,13797741.0,15611667.0,0.0,0.0,0.0,3292776.75,0.0,5795234.0,0.0,0.0,2648721.5,0.0,3991563.75,0.0,0.0,0
1789671740.1057832,keyboard,260,5,26799870.0,65195664.0,0.0,0.0,0.0,3140731.0,5749076.0,0.0,0.0,0.0,0.0,0.0,0.0,12432606.0,0.0,0.0,0
1789671740.2642386,keyboard,265,4,22503706.0,0.0,0.0,9100680.0,53058760.0,0.0,0.0,0.0,0.0,9986915.0,0.0,0.0,0.0,0.0,0.0,0.0,0
1789671740.2650015,keyboard,225,6,0.0,0.0,0.0,14000001.0,5502476.0,7661619.0,16817182.0,0.0,3286411.0,0.0,0.0,0.0,0.0,0.0,0.0,0.0,0
1789671742.9880872,keyboard,235,8,0.0,0.0,0.0,32198138.0,9200804.0,9097640.0,16071565.0,26715460.0,0.0,8283100.0,3896299.0,0.0,0.0,0.0,0.0,0.0,0
1789671742.9890811,keyboard,18,3,0.0,0.0,0.0,34963664.0,8645914.0,0.0,0.0,0.0,0.0,0.0,0.0,0.0,0.0,0.0,1620034.0,0.0,0
1789671743.4603434,keyboard,233,27,10387506.0,5108819.5,4282190.5,10231359.0,14362993.0,18595172.0,34311908.0,15946660.0,6027836.5,16007898.0,4434287.0,0.0,0.0,3582956.5,8077301.0,7804221.0,0
1789671743.682301,keyboard,231,23,48567688.0,118861664.0,39490176.0,28308320.0,39613220.0,11923463.0,19229042.0,15199887.0,12209165.0,0.0,14934062.0,0.0,16197221.0,3932960.75,6636867.0,18837762.0,0
1789671743.741173,keyboard,232,17,21883440.0,0.0,12347052.0,0.0,13885334.0,10970403.0,6628612.0,8801748.0,0.0,20364784.0,0.0,9738564.0,11348665.0,10576292.0,23393006.0,0.0,0
1789671743.8708224,keyboard,233,23,237189920.0,728934016.0,176624336.0,0.0,0.0,69715232.0,58005384.0,0.0,32016876.0,9273331.0,16062578.0,388852128.0,113421664.0,23758640.0,0.0,0.0,0
1789671744.1244855,keyboard,232,15,903912.0,0.0,0.0,15497303.0,1306989.25,0.0,1944756.0,34021136.0,20524860.0,93013696.0,0.0,0.0,27572918.0,18287466.0,0.0,1323563.25,0
1789671744.314435,keyboard,238,10,0.0,0.0,0.0,0.0,0.0,22255588.0,5849820.5,8344073.5,0.0,21024450.0,0.0,0.0,12566977.0,6949465.5,0.0,0.0,0
1789671746.3724923,keyboard,227,17,0.0,1146207488.0,0.0,334684896.0,0.0,0.0,248963952.0,166391552.0,259185872.0,381681952.0,0.0,0.0,60576372.0,31266324.0,0.0,0.0,0
1789671746.4311862,keyboard,227,13,2336620800.0,6118830080.0,1005585856.0,24176244.0,53742280.0,0.0,43142860.0,0.0,39747200.0,0.0,0.0,0.0,108734176.0,144202736.0,0.0,257085136.0,0
1789671746.499869,keyboard,227,22,0.0,0.0,0.0,0.0,72410576.0,128595656.0,109869936.0,68986800.0,113257744.0,124430448.0,81712048.0,35757136.0,12510701.0,14747553.0,0.0,30712420.0,0
1789671746.5628982,keyboard,227,6,0.0,0.0,0.0,0.0,0.0,1114507.0,2291549.0,0.0,1520503.75,0.0,9395985.0,0.0,7388596.0,4701294.5,0.0,0.0,0
1789671746.658872,keyboard,236,19,3311525.5,18178202.0,5442032.0,230767.171875,0.0,6455458.5,7648684.0,0.0,0.0,5509020.0,0.0,29646358.0,12985160.0,6473524.5,0.0,0.0,0
1789671746.7220209,keyboard,235,20,47329616.0,0.0,34386504.0,15873580.0,8714612.0,22141250.0,23010056.0,30743936.0,21066584.0,82404656.0,0.0,0.0,5354425.0,3329124.25,0.0,12896540.0,0
1789671746.8478773,keyboard,225,6,0.0,110332112.0,0.0,0.0,0.0,0.0,0.0,34696416.0,0.0,10219588.0,0.0,5366766.5,0.0,9902673.0,0.0,0.0,0
1789671746.9050746,keyboard,224,14,0.0,0.0,7381071.0,20049572.0,1780434.5,8136248.5,0.0,0.0,2570362.0,32075500.0,10828110.0,7880147.0,13691314.0,16980890.0,0.0,0.0,0
1789671747.0066974,keyboard,234,13,36700624.0,211888080.0,43225288.0,24841380.0,0.0,11043338.0,40470872.0,16138276.0,71860696.0,0.0,0.0,0.0,4844179.0,6287160.5,0.0,0.0,0
1789671747.0640357,keyboard,239,29,672673280.0,1705061632.0,1197431552.0,765360768.0,1026553600.0,320576000.0,930957056.0,346154784.0,63383848.0,61299548.0,472584160.0,1059914048.0,155558432.0,46917508.0,0.0,0.0,0
1789671747.1954281,keyboard,231,17,301884032.0,741255552.0,211267936.0,44478996.0,0.0,84953856.0,253758864.0,149859568.0,96309568.0,313068480.0,0.0,289210496.0,0.0,0.0,0.0,0.0,0
1789671747.3218393,keyboard,238,19,43435968.0,19730850.0,11064352.0,150700560.0,439961792.0,93331048.0,244608976.0,109386504.0,79440888.0,109724304.0,0.0,0.0,0.0,6413339.0,0.0,0.0,0
1789671747.391608,keyboard,233,27,173089344.0,217628416.0,55715536.0,193929952.0,352230720.0,123107392.0,43945004.0,28150494.0,0.0,40416116.0,0.0,34768056.0,45063724.0,43121556.0,0.0,0.0,0
1789671747.5438392,keyboard,252,15,7910215.0,0.0,0.0,312218624.0,19198836.0,26682188.0,27509508.0,0.0,10417340.0,46195440.0,34267996.0,0.0,9368460.0,10634869.0,0.0,47864952.0,0
1789671747.7018962,keyboard,252,4,0.0,0.0,0.0,2564715.5,0.0,0.0,0.0,2162676.0,0.0,0.0,0.0,0.0,0.0,5653216.0,0.0,0.0,0
1789671747.9233582,keyboard,274,4,0.0,0.0,0.0,0.0,55348232.0,0.0,0.0,0.0,0.0,0.0,6285643.0,0.0,0.0,0.0,0.0,0.0,0
1789671751.4391017,keyboard,77,15,59026856.0,218861056.0,0.0,0.0,0.0,0.0,33577996.0,0.0,0.0,121018888.0,274290912.0,358496096.0,32154810.0,10256228.0,194089824.0,0.0,0
1789671751.5398088,keyboard,77,5,1062246.5,0.0,0.0,0.0,0.0,0.0,0.0,0.0,0.0,0.0,30033890.0,111308280.0,40043556.0,56689956.0,0.0,0.0,0
1789671751.598023,keyboard,86,5,0.0,0.0,0.0,0.0,0.0,0.0,0.0,0.0,0.0,0.0,0.0,53530400.0,58236964.0,34437404.0,0.0,0.0,0
1789671751.6693451,keyboard,86,3,0.0,0.0,0.0,0.0,0.0,0.0,5399042.0,0.0,0.0,0.0,0.0,0.0,0.0,1320894.75,0.0,0.0,0
1789671751.7151356,keyboard,44,8,0.0,0.0,0.0,0.0,0.0,0.0,0.0,0.0,0.0,87233728.0,148220672.0,148394272.0,0.0,17155708.0,0.0,0.0,0
1789671751.7790475,keyboard,79,6,0.0,0.0,3909335.5,0.0,0.0,12360211.0,0.0,28131298.0,0.0,0.0,0.0,83930920.0,15874175.0,0.0,0.0,0.0,0
1789671751.7799942,keyboard,44,3,0.0,0.0,0.0,0.0,0.0,0.0,0.0,0.0,0.0,0.0,12256976.0,0.0,0.0,22723316.0,18906116.0,0.0,0
1789671751.828785,keyboard,64,7,0.0,0.0,0.0,0.0,0.0,5158156.0,8769374.0,0.0,0.0,0.0,0.0,67494680.0,16178811.0,9323386.0,36213872.0,0.0,0
1789671751.9441736,keyboard,61,4,0.0,0.0,0.0,0.0,1825686.0,0.0,0.0,0.0,0.0,0.0,14730076.0,0.0,0.0,26531646.0,0.0,0.0,0
1789671752.0713587,keyboard,160,6,0.0,0.0,0.0,0.0,0.0,4726827.5,15807150.0,5974795.5,0.0,0.0,0.0,0.0,0.0,33751412.0,18959056.0,0.0,0
1789671753.5297465,keyboard,31,6,35985608.0,0.0,0.0,0.0,0.0,7486142.0,0.0,0.0,1169863.5,4492978.0,0.0,33891840.0,0.0,17519902.0,0.0,0.0,0
1789671753.5306118,keyboard,127,3,0.0,93680320.0,0.0,0.0,0.0,0.0,0.0,0.0,0.0,11009368.0,0.0,0.0,0.0,3329416.0,0.0,0.0,0
1789671753.6879861,keyboard,106,10,0.0,23994632.0,0.0,0.0,0.0,16200006.0,17293810.0,12847317.0,0.0,0.0,0.0,0.0,0.0,29761220.0,9149397.0,0.0,0
1789671753.752304,keyboard,49,4,0.0,0.0,0.0,0.0,0.0,0.0,0.0,0.0,0.0,0.0,0.0,5138972.0,0.0,0.0,17191940.0,3784112.75,0
1789671753.8142166,keyboard,49,10,0.0,0.0,37316312.0,34952356.0,0.0,0.0,13400062.0,0.0,0.0,21456512.0,0.0,26740244.0,0.0,0.0,19840040.0,61450392.0,0
1789671753.9404583,keyboard,89,8,15259792.0,0.0,0.0,0.0,0.0,0.0,0.0,6081368.5,0.0,0.0,0.0,0.0,21258006.0,113269488.0,0.0,0.0,0
1789671754.3825896,keyboard,17,7,227220.203125,288327.375,0.0,0.0,3357191.5,0.0,0.0,0.0,0.0,0.0,0.0,0.0,0.0,3257308.0,4737963.5,0.0,0
1789671756.0603786,keyboard,98,7,0.0,0.0,0.0,0.0,0.0,0.0,0.0,0.0,0.0,0.0,0.0,30471910.0,57707928.0,15796032.0,55168020.0,0.0,0
1789671756.1323016,keyboard,67,19,213027168.0,290483808.0,0.0,0.0,0.0,0.0,115281184.0,124741600.0,163786080.0,346439136.0,157882336.0,69930856.0,61854132.0,118295040.0,158897760.0,18895574.0,0
1789671756.195835,keyboard,67,3,0.0,0.0,0.0,0.0,0.0,8805971.0,0.0,0.0,0.0,0.0,0.0,0.0,0.0,13290706.0,0.0,3468847.5,0
1789671756.283162,keyboard,67,3,0.0,0.0,0.0,0.0,0.0,0.0,0.0,0.0,0.0,59280576.0,180968784.0,0.0,0.0,0.0,0.0,0.0,0
1789671756.3367598,keyboard,87,7,0.0,4594038.0,0.0,0.0,0.0,0.0,0.0,0.0,0.0,0.0,0.0,0.0,0.0,363620480.0,682645760.0,625900096.0,0
1789671756.5030148,keyboard,87,3,489873.09375,0.0,0.0,0.0,0.0,0.0,0.0,0.0,0.0,0.0,0.0,0.0,0.0,2441678.75,0.0,1402933.0,0
1789671756.5471015,keyboard,74,6,0.0,34453124.0,0.0,0.0,1172551.25,0.0,7257930.0,0.0,0.0,0.0,0.0,34726744.0,31223304.0,150986848.0,0.0,0.0,0
1789671756.6108692,keyboard,73,5,0.0,0.0,0.0,0.0,0.0,0.0,157378784.0,0.0,0.0,0.0,44734116.0,224238016.0,0.0,0.0,0.0,0.0,0
1789671756.757761,keyboard,146,4,0.0,0.0,0.0,0.0,0.0,0.0,0.0,0.0,0.0,0.0,0.0,73808864.0,0.0,149261552.0,102437928.0,0.0,0
1789671756.809248,keyboard,52,5,8092407.0,10658252.0,0.0,0.0,0.0,0.0,5143216.0,787386.875,0.0,0.0,0.0,0.0,0.0,0.0,0.0,5853182.5,0
1789671757.0423498,keyboard,194,3,0.0,0.0,0.0,0.0,0.0,0.0,0.0,1015766.625,9361798.0,8936275.0,0.0,0.0,0.0,0.0,0.0,0.0,0
1789671758.3080947,keyboard,96,5,0.0,0.0,0.0,0.0,0.0,0.0,0.0,142363.375,0.0,0.0,281487.5625,275340.0,0.0,693294.875,807375.875,0.0,0
1789671758.3721833,keyboard,11,4,282358.0625,0.0,0.0,2974551.0,0.0,27163794.0,0.0,0.0,0.0,0.0,2405813.0,0.0,0.0,0.0,0.0,0.0,0
1789671758.3730757,keyboard,84,8,9225710.0,0.0,0.0,0.0,0.0,0.0,6323344.0,0.0,0.0,0.0,0.0,0.0,1153823.625,2860980.75,6200199.0,0.0,0
1789671758.5953534,keyboard,110,11,0.0,0.0,4018220.25,0.0,0.0,0.0,0.0,0.0,4283519.5,0.0,0.0,0.0,31376970.0,151218592.0,143311200.0,94117888.0,0
1789671758.5964787,keyboard,1,6,0.0,0.0,0.0,0.0,0.0,33566648.0,94153984.0,29538894.0,0.0,0.0,0.0,0.0,0.0,0.0,0.0,0.0,0
1789671759.6384058,keyboard,97,11,0.0,36444632.0,0.0,0.0,1320587.875,0.0,0.0,79392688.0,0.0,8290126.0,38738464.0,65508816.0,26638980.0,60981720.0,0.0,0.0,0
1789671759.7643945,keyboard,63,7,1094309.125,0.0,0.0,0.0,0.0,0.0,0.0,0.0,0.0,66259420.0,0.0,144599632.0,44999008.0,50431168.0,24947062.0,0.0,0
1789671759.859759,keyboard,64,13,0.0,12117526.0,0.0,3001421.25,0.0,0.0,24101678.0,8731019.0,0.0,99237384.0,39165512.0,0.0,7625684.5,4912165.0,0.0,17376054.0,0
1789671760.113047,keyboard,114,9,3006161.0,0.0,0.0,0.0,0.0,5146350.5,0.0,0.0,0.0,0.0,0.0,119145352.0,31587564.0,13384430.0,0.0,21769908.0,0
1789671760.1137583,keyboard,74,10,8335899.0,0.0,0.0,0.0,3130856.25,18577936.0,78848432.0,21055456.0,0.0,0.0,0.0,0.0,0.0,40773168.0,0.0,0.0,0
1789671760.3668406,keyboard,113,5,0.0,0.0,0.0,0.0,0.0,0.0,1963928.0,1574333.875,0.0,0.0,0.0,0.0,0.0,29973724.0,12581582.0,0.0,0
1789671760.555997,keyboard,122,6,548100.4375,0.0,0.0,0.0,0.0,0.0,0.0,0.0,0.0,0.0,0.0,37882336.0,107488352.0,98279888.0,0.0,0.0,0
1789671762.7412217,keyboard,24,6,0.0,0.0,0.0,13116310.0,18521234.0,5702534.0,8126454.5,0.0,0.0,17148138.0,0.0,21006478.0,0.0,0.0,0.0,0.0,0
1789671763.0240438,keyboard,79,13,18032952.0,0.0,0.0,0.0,0.0,44538492.0,128470312.0,0.0,0.0,0.0,120503264.0,499664448.0,125272024.0,0.0,0.0,0.0,0
1789671763.5949788,keyboard,165,3,0.0,0.0,0.0,0.0,0.0,0.0,0.0,8233068.5,0.0,0.0,0.0,0.0,0.0,11657595.0,0.0,0.0,0
1789671763.59609,keyboard,222,3,0.0,0.0,0.0,0.0,0.0,0.0,0.0,0.0,6150581.5,13570058.0,7699129.5,0.0,0.0,0.0,0.0,0.0,0
1789671766.00199,keyboard,196,3,0.0,0.0,0.0,0.0,0.0,1486844.875,7552499.0,0.0,0.0,2450698.25,0.0,0.0,0.0,0.0,0.0,0.0,0
1789671766.7610507,keyboard,93,7,0.0,0.0,0.0,0.0,0.0,0.0,1647787.25,0.0,0.0,0.0,0.0,77514712.0,66545656.0,21675424.0,0.0,0.0,0
1789671767.994629,keyboard,72,20,0.0,0.0,0.0,0.0,0.0,0.0,1580270.5,13198875.0,17556508.0,38138992.0,5538460.5,26756624.0,43547112.0,71106680.0,90621152.0,142514944.0,0
1789671768.3124385,keyboard,72,7,0.0,4859981.5,0.0,0.0,0.0,0.0,0.0,0.0,0.0,0.0,14283522.0,24405024.0,11076642.0,4179031.25,0.0,6802753.5,0
1789671772.2038333,keyboard,72,6,0.0,0.0,0.0,0.0,0.0,0.0,3729866.25,0.0,0.0,0.0,0.0,0.0,50494152.0,39509984.0,7269185.5,0.0,0
1789671775.397569,keyboard,99,8,10241140.0,0.0,0.0,0.0,0.0,0.0,0.0,0.0,0.0,0.0,0.0,0.0,0.0,1454368256.0,1132224256.0,1050736960.0,0
1789671775.6200914,keyboard,99,6,0.0,0.0,0.0,0.0,0.0,1652098.125,466227.375,772345.0,0.0,3412488.5,0.0,0.0,0.0,4959922.0,0.0,3846154.0,0
1789671775.8408237,keyboard,100,6,0.0,0.0,0.0,0.0,0.0,1009944.9375,0.0,0.0,0.0,2994818.5,0.0,0.0,0.0,4113082.25,17442520.0,0.0,0
1789671776.0958574,keyboard,77,5,0.0,0.0,3118341.5,0.0,0.0,0.0,1938128.0,0.0,0.0,1048335.5625,0.0,0.0,12584919.0,0.0,0.0,3217443.5,0
1789671776.3150961,keyboard,106,9,0.0,0.0,0.0,0.0,0.0,0.0,29839732.0,0.0,20451094.0,0.0,0.0,0.0,55597932.0,52923788.0,98356640.0,110659848.0,0
1789671776.538476,keyboard,106,7,5003141.5,0.0,614575.75,0.0,0.0,0.0,0.0,0.0,0.0,961573.9375,0.0,0.0,0.0,2648875.5,3607323.5,0.0,0
1789671777.0110633,keyboard,83,7,1420678.5,0.0,0.0,0.0,0.0,0.0,0.0,0.0,0.0,0.0,0.0,0.0,46296552.0,88397072.0,23607772.0,43442240.0,0
1789671777.5212648,keyboard,101,5,0.0,0.0,0.0,0.0,0.0,0.0,0.0,0.0,0.0,403119.9375,929416.875,0.0,0.0,0.0,3491228.0,13399015.0,0
1789671777.9606557,keyboard,87,9,0.0,0.0,0.0,0.0,0.0,0.0,0.0,6853707.5,0.0,0.0,0.0,0.0,4431916.0,41808724.0,5832354.0,5497410.0,0
1789671778.1838398,keyboard,101,6,0.0,0.0,0.0,0.0,0.0,0.0,0.0,0.0,0.0,0.0,0.0,0.0,0.0,16860254.0,40826772.0,51894856.0,0
1789671778.4682648,keyboard,34,3,0.0,0.0,1277464.75,0.0,0.0,0.0,0.0,0.0,0.0,538730.5625,0.0,8318928.0,0.0,0.0,0.0,0.0,0
1789671778.6897116,keyboard,138,9,0.0,0.0,0.0,0.0,0.0,0.0,25615950.0,0.0,0.0,0.0,0.0,71484664.0,0.0,342997696.0,440742016.0,766916480.0,0
1789671778.9425983,keyboard,102,8,0.0,0.0,0.0,0.0,0.0,0.0,55318120.0,33280044.0,0.0,19757420.0,0.0,0.0,0.0,330271712.0,82125840.0,0.0,0
1789671779.1964421,keyboard,129,6,0.0,0.0,0.0,0.0,0.0,0.0,0.0,1065505.0,0.0,0.0,0.0,0.0,0.0,31346524.0,65128760.0,50773240.0,0
1789671779.4490447,keyboard,129,5,0.0,0.0,0.0,0.0,0.0,7076254.0,0.0,0.0,0.0,0.0,0.0,0.0,0.0,4097803.5,0.0,11023468.0,0
1789671779.7351701,keyboard,140,7,0.0,0.0,0.0,0.0,0.0,0.0,0.0,2746405.0,0.0,2583434.0,0.0,0.0,0.0,25259952.0,99321968.0,25883784.0,0
1789671779.736432,keyboard,179,6,0.0,0.0,0.0,0.0,0.0,0.0,0.0,0.0,0.0,18573668.0,24344706.0,43134192.0,0.0,0.0,0.0,0.0,0
1789671780.527019,keyboard,334,4,11204542.0,30708014.0,0.0,0.0,0.0,11176912.0,0.0,0.0,0.0,0.0,0.0,0.0,0.0,0.0,0.0,0.0,0
1789671780.7467515,keyboard,7,4,38304688.0,96663280.0,0.0,0.0,0.0,0.0,0.0,0.0,0.0,0.0,0.0,0.0,0.0,0.0,0.0,0.0,0
1789671780.9993823,keyboard,90,6,0.0,0.0,0.0,0.0,0.0,0.0,0.0,0.0,5348797.0,34221784.0,0.0,0.0,0.0,0.0,34106256.0,141560672.0,0
1789671781.4746783,keyboard,50,3,0.0,0.0,0.0,0.0,0.0,0.0,0.0,0.0,0.0,3778616.5,0.0,3701654.25,28618962.0,0.0,0.0,0.0,0
1789671781.4758546,keyboard,339,4,24107994.0,22345132.0,2391512.0,0.0,0.0,0.0,1248416.625,0.0,0.0,0.0,0.0,0.0,0.0,0.0,0.0,0.0,0
1789671781.8868315,keyboard,117,7,0.0,0.0,0.0,0.0,0.0,0.0,0.0,0.0,0.0,5161741.5,40441728.0,19842384.0,0.0,215881408.0,119026616.0,0.0,0
1789671781.8876996,keyboard,173,6,7327381.0,0.0,0.0,0.0,0.0,0.0,0.0,0.0,0.0,694254.875,0.0,11662250.0,0.0,0.0,114941808.0,207931568.0,0
1789671782.107589,keyboard,353,4,73434672.0,64256528.0,0.0,0.0,0.0,0.0,0.0,0.0,0.0,25344016.0,0.0,0.0,0.0,0.0,0.0,0.0,0
1789671782.5183363,keyboard,107,11,0.0,0.0,0.0,0.0,0.0,0.0,8617260.0,6925086.5,12238856.0,37039896.0,0.0,0.0,33450232.0,0.0,0.0,154551296.0,0
1789671782.7413578,keyboard,103,15,0.0,0.0,0.0,0.0,0.0,0.0,127860920.0,54713064.0,59043332.0,0.0,0.0,0.0,36727916.0,231984128.0,295427904.0,90193664.0,0
1789671782.9622972,keyboard,105,7,0.0,0.0,0.0,0.0,0.0,0.0,0.0,0.0,0.0,7574414.0,0.0,0.0,6352733.5,18613702.0,22827400.0,23657658.0,0
1789671783.1834323,keyboard,91,6,0.0,0.0,3818120.25,0.0,0.0,0.0,6387603.0,0.0,0.0,0.0,0.0,0.0,0.0,46718584.0,0.0,24007778.0,0
1789671783.4045541,keyboard,93,13,0.0,0.0,0.0,0.0,0.0,0.0,34516872.0,32134732.0,48365536.0,69240008.0,0.0,0.0,106939384.0,195750464.0,57382920.0,233510688.0,0
1789671783.627312,keyboard,99,12,0.0,0.0,0.0,0.0,0.0,3023253.0,36032920.0,0.0,12520287.0,30164072.0,0.0,0.0,47150480.0,49097504.0,34573280.0,47632860.0,0
1789671783.8480155,keyboard,105,9,0.0,0.0,0.0,0.0,0.0,0.0,24224696.0,40636188.0,47886580.0,0.0,0.0,0.0,0.0,0.0,371853632.0,459819968.0,0
1789671786.8244963,keyboard,121,8,0.0,0.0,0.0,0.0,0.0,0.0,0.0,0.0,45180528.0,119093824.0,0.0,0.0,0.0,1426386816.0,1577837824.0,1056588224.0,0
1789671787.3283105,keyboard,115,8,0.0,0.0,0.0,0.0,0.0,0.0,0.0,0.0,47432868.0,139896864.0,0.0,0.0,0.0,1475227392.0,1159425024.0,329820992.0,0
1789671787.837548,keyboard,125,6,0.0,0.0,0.0,0.0,0.0,0.0,0.0,0.0,0.0,0.0,0.0,0.0,0.0,766289280.0,1471041536.0,1312271232.0,0
1789671789.070325,keyboard,113,5,0.0,0.0,0.0,0.0,0.0,0.0,10248110.0,25907384.0,0.0,0.0,0.0,0.0,0.0,0.0,8333104.0,24858072.0,0
1789671789.9902203,keyboard,116,8,0.0,0.0,0.0,0.0,0.0,0.0,73338752.0,19522450.0,0.0,0.0,0.0,0.0,0.0,98572016.0,54157684.0,71063544.0,0
1789671790.2100315,keyboard,115,6,0.0,0.0,0.0,0.0,0.0,0.0,125963736.0,39087308.0,0.0,0.0,0.0,0.0,0.0,89909248.0,0.0,0.0,0
1789671791.190455,keyboard,72,5,0.0,0.0,0.0,0.0,0.0,0.0,0.0,0.0,14012854.0,0.0,0.0,0.0,75333888.0,30703350.0,0.0,0.0,0
1789671791.6028256,keyboard,95,7,7141647.5,0.0,0.0,0.0,0.0,0.0,9074796.0,0.0,0.0,0.0,0.0,0.0,187266864.0,204564224.0,0.0,24626446.0,0
1789671791.8234026,keyboard,116,6,808702.4375,0.0,0.0,0.0,0.0,10611983.0,0.0,0.0,12034659.0,5265686.5,0.0,0.0,0.0,23615004.0,0.0,68486232.0,0
1789671792.044518,keyboard,98,10,0.0,0.0,0.0,0.0,0.0,0.0,109842840.0,166308672.0,28664992.0,23571748.0,0.0,0.0,76249032.0,188437504.0,0.0,107161400.0,0
1789671792.2664356,keyboard,96,6,0.0,0.0,0.0,0.0,0.0,0.0,0.0,9872619.0,0.0,9219814.0,0.0,0.0,0.0,7526642.0,18333800.0,15550024.0,0
1789671792.4865284,keyboard,121,7,0.0,0.0,0.0,0.0,0.0,0.0,17719970.0,0.0,0.0,0.0,41955952.0,24864380.0,0.0,443593184.0,82568792.0,0.0,0
1789671792.7410557,keyboard,103,6,0.0,0.0,0.0,0.0,0.0,0.0,20434478.0,17876862.0,0.0,0.0,0.0,0.0,0.0,0.0,17202830.0,85524040.0,0
1789671792.9970396,keyboard,168,7,0.0,0.0,0.0,0.0,0.0,0.0,0.0,0.0,3538872.25,0.0,3441592.5,55824172.0,0.0,0.0,15639897.0,17907792.0,0
1789671793.691362,keyboard,134,3,0.0,0.0,0.0,0.0,0.0,0.0,0.0,0.0,0.0,0.0,0.0,0.0,0.0,2865531.5,49430296.0,0.0,0
1789671794.80144,keyboard,172,3,432060.375,0.0,0.0,0.0,0.0,0.0,0.0,0.0,0.0,0.0,0.0,0.0,0.0,2026412.125,0.0,3193260.75,0
1789671794.802458,keyboard,331,3,0.0,9942314.0,0.0,0.0,0.0,0.0,0.0,0.0,0.0,944364.9375,2094125.125,0.0,0.0,0.0,0.0,0.0,0
1789671794.9897172,keyboard,131,5,0.0,0.0,0.0,0.0,0.0,0.0,0.0,0.0,0.0,85289432.0,0.0,0.0,0.0,0.0,338731392.0,134842400.0,0
1789671794.990496,keyboard,82,4,0.0,0.0,0.0,0.0,320360896.0,0.0,0.0,0.0,0.0,0.0,0.0,0.0,0.0,150130544.0,0.0,0.0,0
1789671795.6246748,keyboard,56,5,1436133.5,0.0,0.0,2387792.0,0.0,0.0,38296380.0,18730368.0,0.0,0.0,0.0,7768680.0,0.0,0.0,0.0,0.0,0
1789671796.0658224,keyboard,115,8,0.0,0.0,0.0,0.0,0.0,0.0,0.0,0.0,0.0,0.0,0.0,0.0,18364048.0,14865110.0,11462265.0,44819684.0,0
1789671799.3871202,keyboard,91,8,0.0,0.0,0.0,0.0,0.0,0.0,0.0,0.0,0.0,10249676.0,11847041.0,6676102.0,9654896.0,10557202.0,0.0,0.0,0
1789671799.7978525,keyboard,84,16,0.0,0.0,0.0,0.0,0.0,0.0,0.0,0.0,0.0,10296919.0,22255580.0,47992288.0,58046920.0,110115640.0,112011640.0,244677584.0,0
1789671799.987226,keyboard,84,10,0.0,0.0,0.0,0.0,0.0,0.0,201609.28125,0.0,0.0,0.0,0.0,582923.1875,1752434.5,1171423.5,5521046.0,7064652.0,0
1789671800.2102654,keyboard,108,7,0.0,0.0,0.0,0.0,0.0,0.0,60791612.0,0.0,0.0,0.0,3037248.0,5497384.5,0.0,0.0,0.0,52498416.0,0
1789671800.3988655,keyboard,73,7,0.0,0.0,268807.96875,0.0,0.0,0.0,0.0,0.0,0.0,6372300.5,893143.75,0.0,0.0,0.0,6227501.0,0.0,0
1789671800.5889142,keyboard,66,12,0.0,0.0,0.0,0.0,0.0,0.0,0.0,195635.203125,0.0,1477844.5,0.0,561632.125,2022905.75,3547833.75,696135.375,8352143.0,0
1789671800.8107617,keyboard,82,6,0.0,0.0,0.0,0.0,0.0,0.0,11636205.0,0.0,0.0,1001191.375,0.0,0.0,10165478.0,0.0,0.0,67184352.0,0
1789671801.0013711,keyboard,84,19,0.0,0.0,0.0,0.0,0.0,0.0,43931632.0,31789956.0,15605184.0,14124542.0,8237717.0,45495144.0,19737044.0,0.0,149586208.0,52339312.0,0
1789671801.2216458,keyboard,84,6,0.0,0.0,0.0,0.0,0.0,4310095.0,0.0,0.0,0.0,0.0,0.0,7058920.0,0.0,0.0,16215972.0,94255104.0,0
1789671801.4112449,keyboard,73,14,0.0,0.0,0.0,0.0,0.0,0.0,555306.125,0.0,0.0,353173.5,684346.8125,1175356.625,5808484.5,10122507.0,8456126.0,17256822.0,0
1789671801.6331546,keyboard,57,6,524687.0,0.0,0.0,0.0,0.0,0.0,0.0,2141330.0,12173644.0,2659955.0,0.0,686272.8125,0.0,0.0,0.0,0.0,0
1789671801.8552136,keyboard,99,6,0.0,0.0,0.0,0.0,0.0,0.0,0.0,0.0,0.0,3955233.0,2109765.25,2528605.75,0.0,0.0,19882794.0,51658108.0,0
1789671802.0757508,keyboard,99,8,0.0,0.0,586675.1875,0.0,0.0,0.0,0.0,2881985.0,14485400.0,0.0,10900410.0,1186821.625,0.0,0.0,21763134.0,23740624.0,0
1789671802.2975907,keyboard,321,6,0.0,0.0,912944.375,9189147.0,13595746.0,2650616.0,3438860.25,0.0,0.0,0.0,0.0,0.0,4404026.0,0.0,0.0,0.0,0
1789671802.2984893,keyboard,24,4,795924.625,0.0,0.0,0.0,0.0,0.0,0.0,0.0,0.0,1778514.5,0.0,2825956.75,0.0,7552708.0,0.0,0.0,0
1789671802.4866753,keyboard,87,10,0.0,0.0,0.0,0.0,0.0,0.0,21392346.0,10574376.0,0.0,3231012.0,15933992.0,18916916.0,0.0,0.0,14355698.0,238910368.0,0
1789671802.7407823,keyboard,90,3,0.0,0.0,0.0,0.0,0.0,0.0,0.0,0.0,0.0,0.0,0.0,2605747.0,0.0,0.0,0.0,11733058.0,0
1789671802.960834,keyboard,99,7,0.0,0.0,0.0,0.0,0.0,0.0,4743176.5,0.0,0.0,0.0,0.0,3078283.75,13107644.0,27950382.0,47697728.0,29501948.0,0
1789671803.1512864,keyboard,79,5,3017901.25,2145533.5,0.0,0.0,0.0,0.0,11643678.0,0.0,0.0,0.0,0.0,0.0,0.0,0.0,24017856.0,49375748.0,0
1789671804.7323234,keyboard,78,20,0.0,0.0,0.0,0.0,88355.859375,157906.609375,522140.46875,155034.4375,0.0,66651.015625,117012.875,1029429.125,1103008.5,364862.90625,1677595.25,3125036.0,0
1789671804.7933085,keyboard,354,6,316886.34375,446039.9375,0.0,0.0,0.0,0.0,173267.34375,0.0,0.0,2126790.75,0.0,0.0,15981641.0,0.0,16916852.0,0.0,0
1789671805.0184388,keyboard,109,7,0.0,0.0,0.0,0.0,0.0,0.0,0.0,0.0,0.0,7120163.0,31410162.0,6875266.5,6793509.0,15549404.0,0.0,0.0,0
1789671805.3656058,keyboard,131,6,0.0,0.0,0.0,0.0,0.0,0.0,0.0,0.0,0.0,7930904.5,1563113.25,1395339.0,698129.75,0.0,0.0,0.0,0
1789671805.7128677,keyboard,99,8,1622511.75,0.0,0.0,0.0,0.0,0.0,0.0,0.0,0.0,0.0,0.0,3826763.75,0.0,7159235.0,21242864.0,62197568.0,0
1789671805.7743556,keyboard,99,3,0.0,0.0,502175.46875,0.0,0.0,0.0,0.0,0.0,0.0,7331650.0,0.0,0.0,0.0,0.0,9030782.0,0.0,0
1789671806.2200623,keyboard,93,5,0.0,0.0,0.0,0.0,0.0,0.0,0.0,0.0,0.0,2741305.25,0.0,0.0,0.0,32685794.0,41631768.0,138517120.0,0
1789671809.0658684,keyboard,310,26,37553144.0,0.0,6702728.5,13642146.0,9304339.0,18870142.0,0.0,18102196.0,11126947.0,41324808.0,26612716.0,98534256.0,0.0,36935504.0,107438984.0,21923360.0,0
1789671809.5398035,keyboard,303,34,11564555.0,3310065.25,3570821.25,9900838.0,11185959.0,6325317.0,23780452.0,26976236.0,10136591.0,7115181.0,8290608.0,52146416.0,8680323.0,50291528.0,10612740.0,4148405.5,0
1789671809.82404,keyboard,310,30,3165235.5,19515700.0,1941981.875,8823732.0,9853094.0,6197558.0,0.0,8818038.0,5279090.0,13218882.0,79908096.0,42405256.0,0.0,8118866.0,15848898.0,48475464.0,0
1789671810.5513866,keyboard,312,25,0.0,0.0,9424838.0,0.0,1900624.125,913142.4375,690523.75,320378.25,495271.5625,1879521.5,504616.8125,3986952.0,6218829.0,7539606.0,2119710.0,2166781.5,0
1789671810.9942455,keyboard,321,32,0.0,79092960.0,120323792.0,197753040.0,100440448.0,24519692.0,9744591.0,93714016.0,65618944.0,633682944.0,77605664.0,341156864.0,260558048.0,196492352.0,246433856.0,199803936.0,0
1789671811.0521486,keyboard,321,16,6352357.0,6146391.0,12968573.0,19579584.0,5385196.0,2112326.0,0.0,12186595.0,3399275.0,0.0,0.0,0.0,12534492.0,20388728.0,0.0,0.0,0
1789671811.215872,keyboard,320,31,0.0,54091236.0,39867656.0,0.0,32961182.0,4557678.5,1657131.875,25640400.0,35246144.0,153801328.0,116093400.0,385827712.0,343351904.0,160284864.0,42501416.0,73396336.0,0
1789671811.4054341,keyboard,320,35,28022860.0,12065358.0,1113392.125,1454149.25,8538437.0,12092143.0,2425983.0,12660668.0,3547375.0,23990818.0,7997323.0,10742630.0,22078100.0,17639928.0,11370616.0,8063496.0,0
1789671811.6577513,keyboard,319,10,4897329.0,0.0,0.0,0.0,0.0,565931.0,0.0,0.0,2156935.25,13541183.0,7090731.0,982187.0,0.0,3948136.25,0.0,0.0,0
1789671811.7276387,keyboard,319,31,7540802.5,55494268.0,27873368.0,19177344.0,7629571.0,1671674.375,4853516.0,1401622.75,7785210.0,3377356.75,0.0,11269962.0,17332172.0,8559266.0,4374265.0,4555272.0,0
1789671811.8481948,keyboard,316,34,46631128.0,30943404.0,7388128.0,416626.28125,4326198.5,13285369.0,19457234.0,3888917.75,6933520.5,2672645.75,5095847.0,52190204.0,52096436.0,18538524.0,3977638.0,9792776.0,0
1789671812.1009486,keyboard,306,17,0.0,0.0,7325088.5,15084913.0,4217726.0,0.0,38334780.0,0.0,0.0,96335520.0,95087632.0,93597528.0,145610208.0,85143248.0,0.0,3423358.5,0
1789671812.169585,keyboard,329,11,0.0,0.0,168424.6875,142008.375,180236.0625,0.0,1564702.0,0.0,0.0,4604444.0,0.0,0.0,1737036.625,2616187.75,783536.25,0.0,0
1789671812.322574,keyboard,308,19,8210443.0,0.0,0.0,0.0,0.0,8282987.5,59963680.0,33023462.0,0.0,412279392.0,107592192.0,380467712.0,355942592.0,19374054.0,0.0,116785824.0,0
1789671812.4180086,keyboard,322,23,16624580.0,11951254.0,12303738.0,4184670.5,2548165.25,580794.0,0.0,7023390.5,4281519.5,0.0,0.0,60236376.0,60756292.0,31729780.0,5826451.0,0.0,0
1789671812.5441518,keyboard,311,31,33270074.0,129843328.0,26014296.0,27816552.0,25783136.0,4912347.0,114139664.0,39726152.0,65540776.0,107012544.0,135715200.0,211921152.0,199563376.0,386479904.0,24244918.0,23907158.0,0
1789671812.6008356,keyboard,311,4,0.0,0.0,0.0,0.0,0.0,0.0,0.0,801190.3125,642896.8125,0.0,1341909.25,0.0,0.0,0.0,0.0,0.0,0
1789671812.7648463,keyboard,312,35,119289536.0,17289122.0,40373996.0,18376554.0,8509607.0,4740344.0,54803432.0,6407116.5,49814256.0,77731264.0,69242376.0,100283792.0,253851968.0,32975164.0,21616084.0,84854896.0,0
1789671812.8219435,keyboard,312,7,3202238.0,749038.5,0.0,0.0,0.0,0.0,550643.25,2639311.5,0.0,455530.875,1068596.875,547926.5,0.0,0.0,0.0,0.0,0
1789671812.8729923,keyboard,325,27,5907517.5,463328.03125,41189176.0,1613614.25,3020911.5,1804783.0,11690686.0,0.0,11670976.0,27035288.0,0.0,38715744.0,78066048.0,92711576.0,76846224.0,66179664.0,0
1789671813.018136,keyboard,319,28,4220706.0,4174212.5,66172240.0,0.0,0.0,10175944.0,100655352.0,84345320.0,38820092.0,133998320.0,116074824.0,205041184.0,183156544.0,330113440.0,36953972.0,26086352.0,0
1789671813.0872254,keyboard,319,30,99541.953125,1005732.25,0.0,0.0,1233424.0,1260351.0,6530479.0,1526325.75,1467160.625,3797982.0,4372676.0,5577760.0,4999740.0,9372124.0,3177287.25,9026345.0,0
1789671813.133825,keyboard,319,32,9439734.0,34054104.0,30368868.0,76072864.0,13689952.0,0.0,16361162.0,25394452.0,5664513.0,15723326.0,11048973.0,5639662.0,21577878.0,51719896.0,27198698.0,3647102.0,0
1789671813.2398975,keyboard,315,36,44310912.0,38928600.0,208736288.0,27785726.0,12345612.0,33494080.0,86196528.0,29310904.0,21709326.0,114324512.0,248883456.0,118909488.0,292783488.0,165830928.0,44500764.0,48978056.0,0
1789671813.2973282,keyboard,315,5,0.0,484477.96875,0.0,0.0,0.0,0.0,0.0,363957.4375,0.0,823816.9375,1360868.75,0.0,0.0,0.0,0.0,0.0,0
1789671813.4612014,keyboard,318,33,24468152.0,8420831.0,2647427.25,0.0,2288704.0,11801956.0,21935852.0,15030053.0,8691906.0,36020536.0,21486932.0,27528608.0,9374785.0,23250720.0,12613044.0,15566676.0,0
1789671813.5187154,keyboard,319,10,0.0,0.0,0.0,0.0,354897.6875,509121.96875,0.0,0.0,0.0,3216541.25,0.0,2692953.5,1804417.125,0.0,427494.09375,0.0,0
1789671813.5810509,keyboard,319,19,0.0,0.0,960951.75,543928.75,179786.59375,0.0,0.0,0.0,401915.1875,355939.78125,494798.75,2061090.25,429945.46875,2337352.75,728379.875,558123.625,0
1789671813.6885262,keyboard,326,27,0.0,0.0,5272065.5,2208775.25,1527835.0,71687.1484375,0.0,0.0,795138.875,3653071.25,1502046.75,2636482.5,2619165.5,6205969.0,5143735.0,5062796.0,0
1789671813.778433,keyboard,322,32,5105073.5,10089437.0,7027779.5,8232330.0,12143219.0,2955472.75,1409125.125,4885182.0,4952265.0,6328028.0,2612712.5,5598616.0,5280855.5,42679456.0,22412232.0,24855952.0,0
1789671813.8368716,keyboard,309,24,46741736.0,16412658.0,38731044.0,108301776.0,7428949.0,0.0,0.0,1176038.875,370673.03125,15217930.0,41716760.0,35325920.0,5482165.5,12010084.0,0.0,10802770.0,0
1789671813.935824,keyboard,312,25,9829872.0,4668784.5,30710222.0,19622756.0,3554023.75,3502003.0,14578634.0,6314041.5,4481267.0,12976312.0,4822566.0,10422632.0,63019628.0,23934806.0,8415842.0,0.0,0
1789671814.0308871,keyboard,315,26,15628152.0,0.0,40058060.0,69955360.0,10062235.0,0.0,3517464.25,10947924.0,406636.375,52020816.0,24921876.0,0.0,19845688.0,26521836.0,3772425.25,13638495.0,0
1789671814.4011285,keyboard,313,32,26545518.0,6772837.0,58773516.0,15701208.0,9734874.0,12922186.0,12917404.0,75683600.0,46300720.0,109936608.0,67212152.0,288656512.0,104046832.0,343456512.0,0.0,0.0,0
1789671814.6004753,keyboard,313,24,0.0,0.0,0.0,0.0,0.0,10921844.0,105612672.0,175820960.0,101123720.0,107563144.0,319644288.0,474560256.0,332925248.0,56588920.0,29327990.0,156021456.0,0
1789671814.6958516,keyboard,313,23,13962472.0,19522518.0,61129504.0,11867131.0,6818475.0,4453736.0,1742485.75,0.0,5966652.5,8157401.5,0.0,13239532.0,14404938.0,0.0,4618924.0,7173161.5,0
1789671814.8212283,keyboard,312,30,196546560.0,229489072.0,33022968.0,0.0,42557788.0,10951412.0,164353568.0,196964160.0,105270560.0,164235536.0,169808288.0,444741120.0,626164352.0,436192768.0,50153304.0,158105120.0,0
1789671814.8776813,keyboard,312,5,0.0,2037038.75,0.0,0.0,0.0,0.0,0.0,1933068.0,1348930.25,0.0,2434466.75,0.0,0.0,0.0,0.0,0.0,0
1789671815.042624,keyboard,310,31,79092368.0,12566146.0,24541708.0,24849848.0,26576902.0,8077153.0,15904813.0,8121431.0,31298154.0,159028352.0,65410472.0,59391696.0,27395618.0,0.0,0.0,0.0,0
1789671815.1000807,keyboard,315,8,0.0,0.0,5520452.0,0.0,0.0,1249076.375,1663203.125,0.0,0.0,2067841.25,1872209.75,714524.25,1029522.4375,0.0,0.0,0.0,0
1789671815.803075,keyboard,310,29,7701507.5,3178187.0,9076159.0,12514854.0,2975982.5,2680728.25,24171584.0,4453098.0,15335446.0,31644038.0,18344610.0,64511288.0,8905709.0,18488656.0,5876084.5,0.0,0
1789671816.0241818,keyboard,309,30,55844208.0,103907264.0,105986912.0,48004960.0,119751272.0,16901844.0,33030894.0,8921144.0,0.0,95273736.0,148655200.0,214820144.0,216886368.0,65115400.0,44500344.0,47181400.0,0
1789671816.1193795,keyboard,321,33,1130263.75,9127530.0,24878704.0,21185324.0,20746206.0,3223219.75,0.0,1437826.5,4564606.0,7459192.0,9419604.0,3046716.0,8304329.0,21672288.0,7680709.0,19642612.0,0
1789671816.2783713,keyboard,310,23,4416336.5,0.0,37601824.0,25423704.0,4387249.5,2013763.75,21819616.0,4587907.5,5939399.0,47677900.0,5533662.0,4796671.0,15946764.0,3465539.0,11800468.0,2378165.5,0
1789671816.4994717,keyboard,315,34,35369448.0,18785778.0,7955961.0,50061944.0,19076776.0,2060876.375,24388786.0,19622384.0,10341192.0,17488648.0,22037188.0,28696976.0,66301896.0,19663508.0,53277680.0,29548328.0,0
1789671816.7526891,keyboard,316,33,57564888.0,29939186.0,179072416.0,27395460.0,38569904.0,5956766.5,27664424.0,68494440.0,19550624.0,135023488.0,168818944.0,233940032.0,64366608.0,58663196.0,47651432.0,27539632.0,0
1789671816.97444,keyboard,318,34,51591056.0,287540160.0,66630024.0,18782112.0,14999978.0,13640678.0,25623218.0,104388080.0,4116917.25,238544720.0,62565152.0,237928576.0,172555648.0,169977408.0,178353456.0,81144608.0,0
1789671817.0319414,keyboard,318,15,0.0,0.0,0.0,2436179.25,472644.5,2786335.5,0.0,1459942.0,2230985.0,3505629.5,2888943.5,1319725.875,2003325.875,618670.6875,0.0,0.0,0
1789671817.1958902,keyboard,318,35,15769546.0,70438088.0,99715536.0,0.0,17594584.0,8560429.0,88776864.0,25697788.0,38287496.0,120739776.0,96306888.0,204341440.0,108734136.0,236388912.0,149674432.0,41024532.0,0
1789671817.2415688,keyboard,318,8,0.0,3315072.25,0.0,0.0,0.0,0.0,0.0,2412144.75,0.0,1753158.25,1068020.75,1897055.125,0.0,0.0,0.0,0.0,0
1789671817.290981,keyboard,318,14,0.0,1596269.25,5689849.0,4235281.5,1138370.75,532508.9375,0.0,910254.8125,0.0,0.0,910916.75,926183.0,890904.75,0.0,0.0,836037.875,0
1789671817.33684,keyboard,317,10,0.0,0.0,1508824.0,6442603.0,2974392.5,0.0,0.0,2112866.5,0.0,1233474.0,3621406.5,1148644.875,0.0,0.0,0.0,0.0,0
1789671817.416942,keyboard,317,29,14879042.0,111126392.0,111514816.0,35699012.0,26589666.0,2063142.25,11330400.0,13755247.0,4298102.0,10740926.0,56671192.0,45595136.0,0.0,79502000.0,0.0,16112404.0,0
1789671817.479705,keyboard,317,7,0.0,0.0,0.0,352780.65625,0.0,598431.3125,1080594.125,0.0,0.0,0.0,0.0,2210893.5,1709458.75,0.0,0.0,0.0,0
1789671817.5253384,keyboard,324,29,7422181.0,11615626.0,8487966.0,5728259.5,17855100.0,5571161.0,3717783.5,9874472.0,4378786.0,2666978.5,5041012.0,7544666.0,12014622.0,29727474.0,15448354.0,23756504.0,0
1789671817.6379483,keyboard,314,29,40672664.0,22702702.0,80674872.0,16503315.0,1918850.125,1844994.25,0.0,7636479.0,6208056.0,12408454.0,6651875.5,3772584.0,0.0,4012546.0,1003371.375,1515190.0,0
1789671817.7326148,keyboard,315,17,0.0,0.0,0.0,0.0,223813.15625,0.0,323801.46875,956380.625,0.0,1489971.625,630341.875,3094180.75,1139555.0,744186.875,1171925.625,1236911.125,0
1789671817.8593931,keyboard,312,33,10220672.0,10791314.0,30371188.0,22419286.0,16220037.0,1140697.0,3486444.0,7993462.0,6028887.5,37250944.0,101561408.0,100492936.0,7606796.0,0.0,4136055.75,14482587.0,0
1789671817.9543545,keyboard,314,33,223797.578125,1342291.25,1379538.625,2499276.25,4501464.0,832432.5,342994.3125,1549118.625,4554874.0,1229181.5,4518660.5,7219099.0,3948891.25,10417745.0,1952425.0,3036713.0,0
1789671818.112993,keyboard,314,17,4374757.0,0.0,0.0,0.0,0.0,0.0,2587795.25,0.0,1415310.0,9930633.0,7096940.5,27384186.0,12098128.0,10810026.0,1737195.0,1495691.0,0
1789671818.334535,keyboard,319,28,2702833.0,7958532.0,16108638.0,7813286.0,18829148.0,4418224.5,0.0,14867004.0,9099378.0,35604360.0,35809280.0,40628520.0,48687416.0,48574816.0,0.0,3241939.5,0
1789671818.5562627,keyboard,316,30,41950688.0,154348192.0,55133244.0,18094324.0,4139097.75,1858640.0,4269112.5,18479956.0,6713520.0,14971304.0,44737396.0,78676776.0,23931806.0,49970184.0,26077202.0,30788192.0,0
1789671818.6138606,keyboard,316,6,0.0,2082344.0,0.0,0.0,0.0,0.0,0.0,0.0,0.0,353337.625,0.0,0.0,810640.6875,0.0,72446.84375,0.0,0
1789671818.7772243,keyboard,316,34,2983087.25,11018330.0,19128484.0,7203728.5,6369520.5,4586858.5,5123606.0,379589.8125,258836.53125,7597291.0,6963231.0,4078507.0,6352585.5,8114144.5,4993150.0,5665004.5,0
1789671818.823348,keyboard,316,11,0.0,0.0,7608002.0,3770206.5,1515055.0,0.0,0.0,0.0,0.0,2204178.0,6353544.0,4115256.0,1833541.25,0.0,0.0,0.0,0
1789671819.031414,keyboard,327,26,4899642.0,97311104.0,50199136.0,18878144.0,0.0,7135104.0,12272119.0,27156446.0,53767392.0,42649380.0,98220320.0,32307738.0,133095072.0,214191264.0,116284952.0,82214480.0,0
1789671819.1260915,keyboard,327,25,6964762.0,6929804.0,25226204.0,19352002.0,8542971.0,0.0,8590456.0,13572186.0,4303023.0,10564386.0,0.0,11858838.0,2759187.5,2592514.0,15405481.0,23121972.0,0
1789671819.2832003,keyboard,316,25,39499272.0,28443958.0,41296724.0,46192928.0,0.0,0.0,31312476.0,17275896.0,23491290.0,94862832.0,42755432.0,95940464.0,55265132.0,23814388.0,43126648.0,18086258.0,0
1789671819.5369186,keyboard,313,27,0.0,0.0,44545608.0,16919744.0,0.0,5350136.0,37204176.0,26254984.0,25305608.0,218901296.0,69780032.0,90390264.0,184038768.0,142088096.0,21037718.0,9096125.0,0
1789671820.0115535,keyboard,316,36,37313912.0,26852720.0,78438208.0,62979660.0,7254401.0,1327106.125,37317088.0,55295968.0,48170944.0,86946216.0,66886532.0,491375328.0,253634656.0,498084256.0,162785424.0,54857840.0,0
1789671820.1067233,keyboard,315,25,0.0,16344785.0,78120936.0,68353408.0,0.0,0.0,23220706.0,12509819.0,5269814.0,3300643.0,5821924.0,36185824.0,8096532.0,12570639.0,5192430.0,17073690.0,0
1789671820.233254,keyboard,313,33,4098532.25,10029800.0,22666526.0,8486398.0,9031880.0,4687557.0,5561938.0,4644792.0,0.0,3968168.5,27479366.0,20293196.0,21078798.0,15338338.0,6261051.0,3651480.5,0
1789671820.2902896,keyboard,313,7,830539.5,0.0,4145018.25,2348712.0,0.0,0.0,0.0,0.0,0.0,1662567.5,0.0,0.0,1494465.25,0.0,0.0,144196.296875,0
1789671820.3598635,keyboard,314,35,41748704.0,12298000.0,115738656.0,99706368.0,38145600.0,2913350.0,5218802.5,20771754.0,4385286.0,27695740.0,63681088.0,23775470.0,11235298.0,61189784.0,43260376.0,48712984.0,0
1789671820.4172144,keyboard,314,3,0.0,1035017.3125,0.0,0.0,0.0,0.0,0.0,758418.25,345605.125,0.0,0.0,0.0,0.0,0.0,0.0,0.0,0
1789671820.4865394,keyboard,313,34,41823424.0,46935116.0,22130284.0,18977058.0,16135286.0,1401508.875,61453652.0,62625256.0,18459978.0,74414232.0,156137728.0,174679520.0,6811984.0,211233888.0,74493920.0,32385714.0,0
1789671820.5825272,keyboard,313,32,10954884.0,11007988.0,31547788.0,30982676.0,11756665.0,2522022.0,9188924.0,4495345.5,947732.375,1720809.0,1402311.25,5022954.0,12419787.0,28385180.0,13851159.0,4478183.0,0
1789671820.9603553,keyboard,316,33,297334016.0,32471484.0,40509780.0,36503276.0,16114704.0,0.0,112131456.0,19170228.0,20696224.0,157911856.0,134075672.0,144525472.0,160724192.0,292057056.0,59727584.0,17800372.0,0
1789671821.017423,keyboard,316,13,0.0,0.0,605605.375,0.0,711300.375,796857.0,1044980.875,0.0,0.0,6278679.0,4244661.0,17237142.0,0.0,0.0,0.0,368297.53125,0
1789671821.0875318,keyboard,319,20,4610617.0,22743538.0,31236662.0,10002182.0,5169282.5,0.0,0.0,0.0,3464242.5,1544613.75,12331010.0,3473250.75,7440951.0,1388967.875,0.0,3932120.25,0
1789671821.2139986,keyboard,318,34,81065968.0,27769726.0,40904808.0,9162129.0,53864272.0,16245108.0,23408992.0,25093620.0,91499112.0,171606320.0,97803744.0,91842368.0,216657760.0,161107952.0,97922744.0,61859168.0,0
1789671821.466791,keyboard,320,27,15642323.0,32445904.0,9828823.0,5820159.5,10720095.0,4946220.0,1755343.5,24457812.0,8822035.0,37647476.0,12383634.0,27765716.0,51260160.0,79729408.0,2649630.0,0.0,0
1789671821.687739,keyboard,314,34,91441600.0,71510208.0,113881696.0,12567830.0,11961544.0,17462622.0,86959472.0,198469504.0,129455632.0,476850880.0,270756096.0,407096288.0,271262464.0,187125920.0,29588232.0,23571136.0,0
1789671821.744713,keyboard,314,18,0.0,0.0,4382331.0,11351818.0,10111522.0,2028393.375,446967.0625,0.0,0.0,11657898.0,9353452.0,6196027.0,4267269.0,0.0,0.0,0.0,0
1789671821.794593,keyboard,314,26,0.0,3914712.0,58132316.0,85682512.0,15859045.0,3696765.0,6981810.5,4288771.0,255222.28125,3343373.0,0.0,26358304.0,24904704.0,2593442.5,0.0,0.0,0
1789671822.1633835,keyboard,329,26,17506164.0,17090984.0,0.0,0.0,0.0,270820.0625,2518158.25,15595736.0,3973878.5,20463392.0,3711374.0,74569032.0,22948168.0,22425084.0,44323572.0,19031236.0,0
1789671822.4156983,keyboard,320,39,34931000.0,89394032.0,51261448.0,17356442.0,18928952.0,17569840.0,123697440.0,191452304.0,45064280.0,11820786.0,47805132.0,132554408.0,30621888.0,46479592.0,31082372.0,33910388.0,0
1789671822.6687021,keyboard,326,25,34186956.0,20796058.0,7745461.0,814432.5625,746310.4375,961189.5,845287.375,6415558.5,13257736.0,14088179.0,7743290.5,4533731.0,0.0,0.0,0.0,1781322.625,0
1789671822.73812,keyboard,319,5,0.0,0.0,1312587.25,799960.625,73497.9453125,0.0,0.0,0.0,0.0,0.0,382441.25,216427.734375,0.0,0.0,0.0,0.0,0
1789671823.2062957,keyboard,313,34,95226208.0,59274584.0,132932608.0,48365336.0,53783136.0,8623958.0,80230544.0,67502336.0,51196024.0,472491008.0,144704048.0,334279232.0,185027056.0,105812240.0,5413632.5,37701668.0,0
1789671823.4587598,keyboard,308,31,12908876.0,18565146.0,31914348.0,43144328.0,1531632.125,1745297.0,68000608.0,73349248.0,45794896.0,11339134.0,132342208.0,185205392.0,44358864.0,18533932.0,1714291.375,9792517.0,0
1789671823.7128925,keyboard,312,20,0.0,0.0,1245251.0,1515252.25,6030726.0,0.0,7489294.5,8129520.0,1608224.25,13693270.0,0.0,16862448.0,0.0,1029854.0625,1775375.5,9892357.0,0
1789671823.965759,keyboard,311,21,0.0,0.0,53785040.0,13019520.0,3635326.5,6160346.5,56239696.0,20070076.0,47479680.0,36936012.0,17096730.0,26550928.0,0.0,2234950.75,0.0,8015513.0,0
1789671826.179349,keyboard,317,39,44000744.0,32137196.0,219851072.0,148686752.0,41372176.0,17074100.0,16873034.0,34390832.0,40869976.0,69404032.0,43032696.0,13140848.0,28558836.0,30639540.0,53436024.0,20272734.0,0
1789671826.6553888,keyboard,324,23,61019720.0,69476000.0,52793080.0,49170992.0,2118465.75,2840737.0,0.0,17527470.0,14514402.0,81774152.0,40896100.0,173532720.0,10670386.0,12548783.0,6938118.0,0.0,0
1789671827.9215143,keyboard,315,31,2933956.25,3837176.5,6871993.0,2523208.25,928030.25,1288319.125,1715801.0,2032955.5,11347408.0,9638318.0,8315549.0,38638496.0,19360712.0,12161530.0,3917958.75,8109103.0,0
1789671830.450009,keyboard,312,29,8447061.0,51844640.0,82050336.0,127558112.0,54915016.0,16036614.0,76099160.0,38221012.0,147237568.0,46169736.0,133506032.0,32214272.0,31662202.0,118040320.0,23855072.0,32169256.0,0
1789671830.73521,keyboard,316,31,70633808.0,0.0,85003696.0,74032448.0,46292584.0,0.0,26928050.0,40731584.0,29463492.0,297731616.0,439566208.0,572613184.0,121435416.0,41161232.0,70100160.0,179265376.0,0
1789671830.8297822,keyboard,316,9,0.0,0.0,393053.75,0.0,161323.53125,286019.59375,328295.40625,157766.28125,0.0,577734.3125,0.0,0.0,0.0,499821.0625,0.0,0.0,0
1789671831.208588,keyboard,315,35,6200377.0,26489614.0,33637600.0,25205612.0,8303531.5,6952504.0,12746948.0,19940568.0,4636723.0,20771244.0,26805752.0,23558016.0,38672912.0,77381312.0,0.0,4381958.0,0
1789671831.4940908,keyboard,316,31,1033232.8125,12242950.0,6683714.0,0.0,38980392.0,10421430.0,70160704.0,132619424.0,15909606.0,4438885.0,94946312.0,123193232.0,26576320.0,20085000.0,12142847.0,50106704.0,0
1789671831.7477562,keyboard,322,37,145793136.0,229053488.0,283824576.0,77637136.0,137529024.0,87013840.0,94274928.0,165919440.0,211979248.0,200319952.0,167773664.0,470211648.0,374465728.0,158664032.0,140309856.0,63515064.0,0
1789671832.0313897,keyboard,319,34,44234980.0,76259952.0,85159312.0,97452128.0,64888688.0,52312508.0,232861504.0,69596176.0,28882878.0,86730720.0,118832528.0,44292004.0,165829088.0,49723436.0,277389792.0,224644256.0,0
1789671832.3157263,keyboard,311,28,9590386.0,0.0,9113950.0,7778332.5,0.0,64193424.0,260994848.0,110032304.0,24299010.0,101994848.0,47397752.0,145835360.0,10053946.0,126584456.0,39778684.0,13206000.0,0
1789671832.4112391,keyboard,315,28,6172678.0,4804233.5,16919776.0,22185644.0,2474250.5,0.0,259948.171875,202458.625,641123.875,6024637.0,13211867.0,10843672.0,2559987.75,2442112.5,13407671.0,14022363.0,0
1789671833.1382568,keyboard,311,27,10963238.0,0.0,961916.3125,0.0,1234158.625,650407.4375,11219002.0,23361096.0,11264112.0,5834267.0,5346732.0,36626804.0,12856121.0,11670251.0,5638082.0,0.0,0
1789671833.4228177,keyboard,311,18,619940.0625,3499538.25,14960254.0,0.0,0.0,0.0,5918296.0,9008864.0,975248.5,3235520.25,18663130.0,39970936.0,0.0,0.0,4354449.0,3136973.25,0
1789671833.6774557,keyboard,327,18,2540400.5,0.0,0.0,16036571.0,11200041.0,0.0,29990290.0,49532368.0,30839344.0,10971707.0,0.0,0.0,3911366.0,32553100.0,8902238.0,0.0,0
1789671834.6559753,keyboard,314,32,23276496.0,7957663.0,38073000.0,5851016.0,17947646.0,11484009.0,39451340.0,12061966.0,15299045.0,6095162.0,12206916.0,23837302.0,103374432.0,33471684.0,0.0,6152886.5,0
1789671838.1018014,keyboard,315,36,1191320.0,17563578.0,124690704.0,94599544.0,24983616.0,20707336.0,43904152.0,41393408.0,32330612.0,86535112.0,17672856.0,145179584.0,13116658.0,73760096.0,37432004.0,62832904.0,0
1789671838.3554702,keyboard,315,24,5780840.0,0.0,68899592.0,22692678.0,3006119.25,0.0,2423445.0,11964766.0,6639352.0,23912916.0,16761138.0,24491598.0,42552552.0,44588552.0,15062925.0,0.0,0
1789671838.5768847,keyboard,313,32,0.0,38621056.0,279901184.0,127708544.0,67247376.0,0.0,124278536.0,106867408.0,40347108.0,187893552.0,150717616.0,192105856.0,14899440.0,70280936.0,40809828.0,12033483.0,0
1789671838.6710453,keyboard,313,15,0.0,0.0,1010585.25,8381504.0,3300140.75,0.0,375087.0625,0.0,2779529.0,5706691.0,5528447.0,0.0,3734968.0,4846387.0,0.0,2976180.5,0
1789671838.829399,keyboard,310,16,926174.5,0.0,0.0,1697822.0,1522325.625,0.0,0.0,0.0,481712.96875,5066090.0,18870360.0,46456628.0,15434925.0,2081830.0,0.0,2039495.875,0
1789671839.052608,keyboard,324,30,0.0,40741940.0,168706080.0,0.0,76399120.0,20747588.0,76418944.0,65167832.0,14095727.0,20073450.0,20998540.0,9783408.0,8124924.0,19836606.0,19981904.0,31704138.0,0
1789671839.305249,keyboard,325,19,8250138.5,0.0,0.0,21790926.0,7132006.0,0.0,10485693.0,16708062.0,0.0,1446007.75,0.0,14229910.0,19788292.0,23423144.0,9040734.0,197349.109375,0
1789671839.5252035,keyboard,316,34,40206936.0,35477648.0,354875200.0,136335968.0,80355856.0,36784464.0,128037448.0,119847632.0,93316576.0,8882083.0,25971734.0,50335688.0,14199741.0,35742720.0,46295312.0,21166568.0,0
1789671840.0639904,keyboard,329,23,0.0,0.0,19033056.0,22384708.0,18775216.0,0.0,0.0,35870328.0,21355056.0,32870160.0,4036340.0,24184372.0,0.0,53627340.0,25903540.0,11016961.0,0
1789671840.317034,keyboard,319,32,62828372.0,93441432.0,0.0,0.0,199564576.0,53476528.0,263665968.0,556051968.0,237057856.0,307994848.0,382755904.0,707308352.0,128263088.0,70532048.0,129836816.0,150991184.0,0
1789671841.6456265,keyboard,283,18,1046835.875,1060441.75,1676630.0,0.0,958447.1875,152599.84375,0.0,0.0,0.0,7175507.0,8881045.0,16689507.0,0.0,179436.25,11639206.0,30734916.0,0
1789671848.7926233,keyboard,228,12,0.0,0.0,0.0,291762.125,0.0,1452885.0,1582842.875,1758627.875,0.0,0.0,0.0,886708.25,2675928.75,1302675.5,1157642.25,10451660.0,0
1789671849.7102306,keyboard,231,13,0.0,208320.578125,383881.46875,0.0,0.0,0.0,0.0,0.0,0.0,2190037.75,0.0,1914789.75,11222215.0,25821570.0,22322752.0,4990510.0,0
1789671850.6594212,keyboard,253,7,0.0,0.0,0.0,0.0,0.0,0.0,1909217.75,0.0,0.0,1164602.625,0.0,0.0,34939064.0,23764930.0,0.0,0.0,0
1789671852.2713845,keyboard,223,15,0.0,980578.75,0.0,0.0,0.0,7141772.0,76000080.0,64482592.0,15301740.0,76109528.0,0.0,25710828.0,54036400.0,0.0,8516396.0,0.0,0
1789671853.2840202,keyboard,218,10,0.0,0.0,0.0,0.0,0.0,0.0,670694.125,1494976.75,5632361.5,4542520.5,0.0,25347112.0,3377704.5,5240992.5,0.0,33131158.0,0
1789671855.8158803,keyboard,243,13,0.0,0.0,0.0,0.0,0.0,0.0,65803848.0,45058752.0,0.0,2346682.75,0.0,62825472.0,26010392.0,155364608.0,0.0,45491420.0,0
1789671856.8892846,keyboard,249,9,0.0,0.0,0.0,0.0,0.0,0.0,4819979.0,24053194.0,0.0,0.0,0.0,7976019.5,12481412.0,11856035.0,4134287.0,0.0,0
1789671857.9328692,keyboard,228,7,0.0,0.0,0.0,0.0,0.0,0.0,1602301.5,959721.875,4785905.5,0.0,0.0,0.0,96551088.0,49226856.0,0.0,0.0,0
1789671860.7150972,keyboard,223,14,0.0,0.0,0.0,0.0,0.0,0.0,0.0,5495078.0,45372852.0,0.0,5022904.0,104243624.0,125943032.0,140577712.0,107097680.0,171247344.0,0
1789671869.6370394,keyboard,241,14,0.0,4515573.5,0.0,0.0,0.0,0.0,19521596.0,16289303.0,0.0,0.0,0.0,0.0,155441024.0,227657424.0,63531488.0,0.0,0
1789671870.0791738,keyboard,226,15,0.0,0.0,0.0,0.0,0.0,29679504.0,107091920.0,31304640.0,0.0,33829012.0,0.0,0.0,21898698.0,16271714.0,33659292.0,0.0,0
1789671870.2370627,keyboard,233,7,550492.25,0.0,0.0,0.0,0.0,0.0,0.0,0.0,23469536.0,0.0,0.0,12556062.0,151523312.0,71780320.0,0.0,11187556.0,0
1789671871.533571,keyboard,234,7,0.0,0.0,1392160.25,0.0,0.0,0.0,0.0,0.0,0.0,0.0,0.0,91530672.0,171928288.0,76222424.0,0.0,0.0,0
1789671875.394748,keyboard,253,11,1018343.9375,598216.375,0.0,0.0,0.0,0.0,8516192.0,29533480.0,0.0,0.0,0.0,0.0,28235356.0,53588740.0,9561440.0,0.0,0
1789671875.6797693,keyboard,223,14,0.0,470707.8125,0.0,0.0,0.0,0.0,61250672.0,58925728.0,126429680.0,12444637.0,0.0,20828318.0,21833410.0,79654176.0,32330516.0,74920248.0,0
1789671876.7249973,keyboard,235,8,0.0,0.0,0.0,0.0,0.0,210870.0,967354.8125,0.0,0.0,0.0,0.0,2937884.0,34660700.0,154658080.0,8024003.0,0.0,0
1789671879.3191955,keyboard,235,9,0.0,0.0,0.0,0.0,0.0,0.0,34660344.0,34664144.0,41212932.0,7371881.5,0.0,0.0,73198376.0,144560960.0,0.0,0.0,0
1789671879.7289531,keyboard,223,10,0.0,0.0,0.0,0.0,0.0,0.0,0.0,22636136.0,20541916.0,11219968.0,0.0,52797880.0,65742200.0,62359908.0,0.0,0.0,0
1789671880.4893098,keyboard,236,7,0.0,0.0,0.0,4874841.0,0.0,0.0,25659636.0,0.0,12752682.0,18790682.0,0.0,0.0,115371064.0,0.0,48393344.0,101209744.0,0
1789671882.3236427,keyboard,200,9,0.0,7655540.5,0.0,0.0,0.0,185111488.0,177353024.0,0.0,76487824.0,27213836.0,0.0,158937168.0,0.0,0.0,0.0,35744844.0,0
1789671882.3243334,keyboard,248,6,0.0,0.0,0.0,0.0,0.0,0.0,0.0,235846816.0,0.0,19422774.0,0.0,0.0,192430608.0,73609296.0,0.0,0.0,0
1789671883.715301,keyboard,235,5,0.0,0.0,0.0,0.0,0.0,0.0,417351.78125,0.0,0.0,0.0,0.0,0.0,17806320.0,138031504.0,0.0,0.0,0
1789671884.2527611,keyboard,218,9,418308.25,0.0,0.0,0.0,108337.328125,0.0,0.0,1479292.25,2244343.0,2119464.25,0.0,3836674.25,3406527.5,0.0,2028626.5,4637987.0,0
1789671895.7009254,keyboard,231,9,0.0,0.0,0.0,0.0,0.0,0.0,4528223.0,0.0,5519808.0,0.0,0.0,0.0,161025120.0,81375952.0,0.0,321287520.0,0
1789671896.9682176,keyboard,237,9,0.0,0.0,0.0,146117.796875,0.0,540956.375,0.0,0.0,1081259.25,0.0,451175.40625,0.0,4829742.0,15547250.0,502918.53125,6322964.0,0
1789671900.9831262,keyboard,242,9,0.0,0.0,0.0,0.0,0.0,0.0,20685044.0,0.0,3800835.5,14247391.0,0.0,0.0,4680171.0,58139712.0,0.0,22423208.0,0
1789671901.7112546,keyboard,230,8,0.0,85230.5390625,0.0,0.0,0.0,0.0,0.0,0.0,0.0,834213.875,0.0,4754517.0,18213226.0,6432847.0,0.0,7229600.5,0
1789671902.06037,keyboard,242,8,0.0,0.0,0.0,0.0,0.0,0.0,113403304.0,109224104.0,11816913.0,0.0,0.0,29888992.0,100222776.0,49781864.0,0.0,0.0,0
1789671902.2496915,keyboard,228,15,0.0,223235.3125,0.0,855518.9375,0.0,0.0,619668.4375,0.0,0.0,5860721.0,0.0,3932211.5,35643216.0,160776496.0,47266084.0,35548656.0,0
1789671902.7551765,keyboard,230,7,0.0,0.0,0.0,0.0,0.0,0.0,479641.5,0.0,0.0,10655116.0,0.0,0.0,6211654.5,2559213.0,10451437.0,21433114.0,0
1789671903.4527822,keyboard,236,17,0.0,617180.9375,330624.9375,0.0,0.0,0.0,8874284.0,38093848.0,28873426.0,29929414.0,0.0,12856665.0,36837888.0,39033420.0,14976796.0,17771380.0,0
1789671903.673664,keyboard,237,6,0.0,0.0,0.0,0.0,0.0,0.0,320273.125,0.0,0.0,2438930.0,0.0,0.0,0.0,14825597.0,0.0,32933138.0,0
1789671904.1145234,keyboard,211,9,0.0,214246.21875,147069.1875,0.0,0.0,0.0,0.0,0.0,377608.3125,5200365.5,0.0,19770424.0,30531800.0,0.0,0.0,50804784.0,0
1789671906.0136096,keyboard,238,10,0.0,0.0,0.0,0.0,2407158.5,0.0,11928578.0,0.0,0.0,101854272.0,0.0,72729280.0,160996256.0,469130336.0,78457280.0,0.0,0
1789671911.1368082,keyboard,335,9,169631.5,0.0,103387.46875,0.0,0.0,0.0,26428.453125,0.0,0.0,32190.6328125,88958.59375,307962.03125,0.0,0.0,0.0,17654.9453125,0
1789671911.2317836,keyboard,305,4,72569.765625,0.0,0.0,0.0,0.0,0.0,0.0,0.0,0.0,0.0,0.0,35355.09375,16604.064453125,0.0,0.0,0.0,0
1789671914.23704,keyboard,226,12,0.0,52741.625,0.0,99125.90625,0.0,0.0,0.0,0.0,252168.390625,391284.0625,0.0,1016851.4375,1192554.375,1205253.375,1037629.4375,1207437.125,0
1789671914.2959976,keyboard,235,7,0.0,0.0,17297.431640625,0.0,0.0,0.0,0.0,0.0,0.0,4691621.0,0.0,0.0,118266584.0,109790304.0,0.0,0.0,0
1789671915.660285,keyboard,234,6,0.0,0.0,0.0,0.0,0.0,0.0,86755232.0,27337674.0,0.0,0.0,0.0,0.0,42649712.0,37248052.0,0.0,0.0,0
1789671919.0753968,keyboard,115,6,0.0,0.0,0.0,0.0,0.0,0.0,0.0,0.0,0.0,0.0,0.0,19553056.0,0.0,117981952.0,89975056.0,17252616.0,0
1789671919.2970805,keyboard,101,9,0.0,0.0,0.0,0.0,0.0,0.0,0.0,0.0,0.0,0.0,154369696.0,62654460.0,0.0,115632104.0,153154688.0,8320306.0,0
1789671919.8985164,keyboard,131,6,0.0,0.0,0.0,0.0,0.0,0.0,0.0,0.0,0.0,9979538.0,15564688.0,0.0,5814327.5,0.0,1747921.5,0.0,0
1789671922.8070872,keyboard,112,10,0.0,0.0,0.0,0.0,0.0,0.0,0.0,6535517.5,0.0,0.0,0.0,2597759.5,974378.5,8895961.0,2294864.5,8312804.0,0
1789671923.249273,keyboard,97,10,2826003.25,0.0,0.0,0.0,0.0,5478018.0,0.0,12425539.0,0.0,0.0,0.0,33290556.0,3427266.5,5881272.0,40947368.0,128379904.0,0
1789671923.6940165,keyboard,89,9,3518564.0,0.0,0.0,0.0,0.0,0.0,0.0,0.0,0.0,0.0,6708308.0,0.0,52683880.0,33021206.0,10894192.0,0.0,0
1789671923.694754,keyboard,141,6,0.0,430236.1875,0.0,0.0,0.0,0.0,36769928.0,71714032.0,28815362.0,0.0,0.0,4018884.5,0.0,0.0,0.0,0.0,0
1789671923.9138377,keyboard,93,14,3525050.25,7552528.0,0.0,0.0,0.0,0.0,57120312.0,0.0,0.0,0.0,20024878.0,0.0,24940384.0,6663458.5,15462398.0,72464424.0,0
1789671925.463527,keyboard,105,15,0.0,0.0,0.0,0.0,0.0,0.0,80551616.0,93868456.0,80770544.0,3673528.75,16317922.0,0.0,0.0,24158240.0,32310970.0,17165812.0,0
1789671926.5079675,keyboard,115,16,0.0,0.0,0.0,0.0,0.0,0.0,161043216.0,57169744.0,65097600.0,0.0,79425848.0,29294480.0,42336968.0,84681288.0,24227296.0,13888203.0,0
1789671980.7804928,keyboard,90,13,0.0,5335051.5,0.0,0.0,0.0,0.0,29297832.0,9110130.0,0.0,117742432.0,13388564.0,0.0,0.0,55415120.0,57459020.0,144713664.0,0
1789671981.2232816,keyboard,112,13,0.0,0.0,0.0,0.0,0.0,0.0,89233616.0,33263562.0,0.0,0.0,14316701.0,10590756.0,1033958.25,17579660.0,27517452.0,4262160.0,0
1789671981.475566,keyboard,103,9,0.0,0.0,0.0,0.0,0.0,0.0,6749826.0,1517242.875,0.0,8680120.0,0.0,11594175.0,10268538.0,8296826.5,0.0,8807097.0,0
1789671981.6960447,keyboard,99,11,0.0,1437617.75,0.0,0.0,0.0,0.0,9484663.0,0.0,0.0,0.0,0.0,10394712.0,21742964.0,19140716.0,51011436.0,66670328.0,0
1789671986.7853487,keyboard,100,20,7738114.5,0.0,0.0,0.0,0.0,0.0,384024064.0,394212544.0,118207952.0,0.0,44265232.0,306656864.0,113761992.0,123852960.0,227860864.0,435407680.0,0
1789671991.4334276,keyboard,97,12,0.0,0.0,0.0,0.0,0.0,0.0,0.0,9084528.0,0.0,0.0,47016528.0,5108975.0,18033440.0,81139600.0,178522992.0,177323936.0,0
1789672008.9472022,keyboard,107,12,0.0,0.0,0.0,0.0,0.0,0.0,148029.59375,75649.7421875,55917.91796875,165642.03125,0.0,85982.1171875,0.0,0.0,337046.0625,371253.0,0
1789672009.042408,keyboard,135,7,0.0,0.0,0.0,0.0,0.0,0.0,0.0,0.0,0.0,595885.0625,0.0,0.0,0.0,546856.0625,309982.09375,516559.84375,0
1789672009.111744,keyboard,75,11,0.0,0.0,0.0,0.0,0.0,122359.65625,0.0,70715.8203125,61634.546875,345745.9375,0.0,106207.1796875,0.0,424993.8125,568532.4375,485872.59375,0
1789672009.163551,keyboard,2,4,0.0,0.0,0.0,58729.9921875,0.0,0.0,0.0,0.0,6470.06103515625,34683.30859375,0.0,0.0,694175.5625,0.0,0.0,0.0,0
1789672009.9895794,keyboard,113,8,0.0,1182707.5,0.0,0.0,0.0,0.0,34615.40625,0.0,0.0,30762128.0,8908444.0,0.0,0.0,13058316.0,0.0,0.0,0
1789672010.211154,keyboard,110,9,0.0,0.0,0.0,0.0,0.0,0.0,2454994.75,797364.4375,0.0,491834.125,823569.625,0.0,720052.0,1586643.75,2364971.0,0.0,0
1789672010.6217384,keyboard,99,6,0.0,205700.828125,0.0,0.0,0.0,0.0,13474950.0,9243329.0,0.0,2037192.75,0.0,0.0,0.0,0.0,5211292.5,897503.625,0
1789672011.0645723,keyboard,90,12,0.0,0.0,0.0,0.0,0.0,0.0,14584300.0,14603590.0,0.0,0.0,0.0,2102303.25,1218296.625,16347418.0,18267620.0,7246988.0,0
1789672011.792864,keyboard,98,6,0.0,0.0,0.0,0.0,0.0,0.0,3293565.0,693662.9375,0.0,0.0,0.0,0.0,279127.0,677924.6875,0.0,0.0,0
1789672013.2479665,keyboard,66,6,0.0,519584.375,0.0,0.0,0.0,0.0,1557744.0,0.0,2464773.5,25817770.0,25043214.0,0.0,0.0,0.0,0.0,0.0,0
1789672013.2486935,keyboard,107,5,0.0,0.0,0.0,0.0,0.0,0.0,0.0,2670670.0,1658514.25,0.0,0.0,0.0,0.0,3127835.75,5465786.0,36148016.0,0
1789672013.6580417,keyboard,101,13,0.0,0.0,7461166.0,0.0,0.0,0.0,65870520.0,188901632.0,109222656.0,66032040.0,0.0,0.0,0.0,186328400.0,154094800.0,11425185.0,0
1789672014.1003482,keyboard,94,18,0.0,898193.0,0.0,0.0,0.0,0.0,16379303.0,3139993.0,0.0,18013452.0,867187.125,6575933.5,18640650.0,36117244.0,9981311.0,22087196.0,0
1789672014.3531744,keyboard,69,3,0.0,96563.75,0.0,0.0,0.0,0.0,0.0,0.0,0.0,12123182.0,7316633.0,0.0,0.0,0.0,0.0,0.0,0
1789672016.4726303,keyboard,58,11,0.0,4617771.5,8317500.0,17116492.0,10121109.0,7746471.0,17114264.0,0.0,0.0,165552688.0,55392292.0,0.0,0.0,0.0,0.0,0.0,0
1789672016.4735124,keyboard,96,9,0.0,1412064.125,0.0,0.0,0.0,0.0,36969156.0,21022132.0,0.0,0.0,0.0,0.0,13911890.0,5831986.0,131699368.0,51351536.0,0
1789672016.7243252,keyboard,103,10,0.0,6559467.0,0.0,0.0,0.0,0.0,61669384.0,47290752.0,0.0,0.0,0.0,0.0,37812132.0,165114864.0,408120704.0,489437824.0,0
1789672019.31526,keyboard,99,8,0.0,0.0,0.0,0.0,0.0,0.0,79110096.0,66365064.0,16105644.0,0.0,0.0,0.0,0.0,0.0,124750160.0,144484176.0,0
1789672019.536573,keyboard,99,4,0.0,0.0,0.0,0.0,0.0,0.0,0.0,0.0,5143919.5,2565947.5,0.0,0.0,0.0,2071283.125,0.0,14101680.0,0
1789672024.310504,keyboard,344,3,0.0,0.0,194157.375,0.0,4328311.0,9112060.0,0.0,0.0,0.0,0.0,0.0,0.0,0.0,0.0,0.0,0.0,0
1789672024.5612767,keyboard,123,9,0.0,0.0,0.0,0.0,0.0,0.0,0.0,0.0,23885168.0,0.0,0.0,0.0,34882384.0,80819576.0,66723908.0,90213464.0,0
1789672025.2889473,keyboard,354,3,0.0,0.0,0.0,0.0,6642207.5,9255076.0,0.0,0.0,0.0,0.0,0.0,0.0,0.0,0.0,0.0,0.0,0
1789672025.289643,keyboard,311,5,0.0,202375.453125,1509337.5,0.0,0.0,0.0,4659679.5,0.0,0.0,0.0,0.0,0.0,0.0,345991.8125,2161943.75,0.0,0
1789672025.7627861,keyboard,116,8,0.0,0.0,2439013.0,0.0,0.0,0.0,0.0,0.0,10704398.0,0.0,0.0,0.0,21247456.0,73274408.0,162708448.0,172609424.0,0
1789672027.089115,keyboard,110,11,0.0,0.0,5097161.0,0.0,0.0,0.0,66599504.0,117062336.0,158064160.0,0.0,0.0,0.0,0.0,0.0,98684896.0,103820448.0,0
1789672027.3104208,keyboard,120,6,0.0,0.0,0.0,0.0,0.0,0.0,0.0,0.0,0.0,0.0,0.0,0.0,0.0,78785768.0,146342336.0,142739744.0,0
1789672029.2049413,keyboard,123,10,0.0,0.0,0.0,0.0,0.0,0.0,0.0,32745584.0,93911888.0,0.0,0.0,51825024.0,59170744.0,0.0,0.0,33202708.0,0
1789672029.394206,keyboard,102,11,0.0,0.0,0.0,0.0,0.0,0.0,262267936.0,187997872.0,229018736.0,0.0,0.0,0.0,0.0,42951528.0,113680608.0,151329776.0,0
1789672029.5841691,keyboard,98,15,0.0,0.0,0.0,0.0,0.0,0.0,99733672.0,82112088.0,67366360.0,0.0,11941836.0,27133372.0,12133771.0,41015496.0,50191120.0,142509360.0,0
1789672029.7728703,keyboard,95,7,0.0,0.0,1639823.0,0.0,0.0,0.0,7118322.5,0.0,0.0,0.0,0.0,3127200.0,0.0,881413.25,11404336.0,14923311.0,0
1789672029.9618542,keyboard,95,15,0.0,0.0,0.0,0.0,0.0,0.0,119408448.0,84720304.0,63025248.0,0.0,44155200.0,12231604.0,0.0,41360620.0,101678240.0,140270576.0,0
1789672030.1516466,keyboard,103,12,0.0,0.0,0.0,0.0,0.0,0.0,40428368.0,40179704.0,19015826.0,0.0,39923168.0,0.0,0.0,15461419.0,39029600.0,63888540.0,0
1789672030.342251,keyboard,102,12,4785305.0,1625928.5,0.0,0.0,0.0,0.0,5035458.0,15224204.0,0.0,2525758.25,0.0,0.0,12836972.0,4756664.0,0.0,42975568.0,0
1789672030.5616262,keyboard,84,3,0.0,0.0,0.0,0.0,0.0,0.0,0.0,0.0,0.0,0.0,8379383.0,0.0,0.0,1390116.0,5650455.5,0.0,0
1789672033.5342183,keyboard,102,20,0.0,0.0,0.0,0.0,0.0,0.0,91730984.0,86614200.0,24151672.0,75621872.0,130504512.0,139016288.0,23716168.0,59539856.0,9416206.0,2872252.0,0
1789672033.9767637,keyboard,111,19,0.0,0.0,0.0,0.0,0.0,0.0,64154096.0,50198884.0,65409472.0,35034320.0,0.0,26593458.0,11000831.0,78742520.0,79855592.0,39688364.0,0
1789672034.2286835,keyboard,98,15,0.0,4243632.0,0.0,0.0,0.0,0.0,146638352.0,38495920.0,0.0,0.0,0.0,78816120.0,48097112.0,20778262.0,15978727.0,42222560.0,0
1789672034.481194,keyboard,105,13,0.0,1194579.5,0.0,0.0,0.0,0.0,0.0,1782808.875,20821668.0,0.0,6975135.5,66962608.0,20461558.0,0.0,18326006.0,56212824.0,0
1789672034.7657065,keyboard,90,22,319784.9375,1300693.5,0.0,0.0,0.0,0.0,70044384.0,60662292.0,92632744.0,18760842.0,18631016.0,14475239.0,6543291.0,8200306.0,50950728.0,81457488.0,0
1789672035.0825117,keyboard,106,16,0.0,0.0,0.0,0.0,0.0,0.0,6202486.0,4705459.0,15902631.0,0.0,0.0,6620562.5,23799988.0,21368304.0,32719836.0,48364928.0,0
1789672035.3973804,keyboard,108,16,1257277.5,0.0,0.0,0.0,0.0,0.0,138673872.0,92409872.0,41309352.0,0.0,9009955.0,47417456.0,40908704.0,5716871.0,2335014.5,51905320.0,0
1789672035.682057,keyboard,109,15,2434935.5,0.0,0.0,0.0,0.0,0.0,84908184.0,106143216.0,0.0,0.0,35458244.0,131238720.0,13762640.0,18991196.0,80128440.0,65829068.0,0
1789672035.9660683,keyboard,104,6,0.0,0.0,0.0,0.0,0.0,0.0,0.0,0.0,10806446.0,0.0,0.0,0.0,0.0,19316764.0,25401356.0,84062104.0,0
1789672036.251348,keyboard,115,14,0.0,0.0,0.0,0.0,0.0,0.0,63355640.0,168015552.0,16047154.0,0.0,42834440.0,50199176.0,96278392.0,198572736.0,52225472.0,58423472.0,0
1789672036.5350018,keyboard,109,9,0.0,0.0,0.0,0.0,0.0,0.0,18316856.0,132686304.0,61829704.0,0.0,1095948.0,0.0,36376880.0,39590540.0,0.0,80337000.0,0
1789672037.1029024,keyboard,86,13,0.0,0.0,0.0,0.0,0.0,0.0,391241.71875,0.0,10612577.0,0.0,1224560.5,5747914.0,461170.4375,4162369.25,1709248.375,2560001.0,0
1789672037.514712,keyboard,110,12,19845990.0,0.0,0.0,0.0,0.0,0.0,193032896.0,215978256.0,443006336.0,0.0,46344228.0,0.0,87386832.0,0.0,53418144.0,212687888.0,0
1789672037.9577413,keyboard,100,7,266198.15625,0.0,0.0,0.0,0.0,0.0,8655852.0,0.0,0.0,6301362.0,0.0,4246100.0,0.0,1644426.25,3710459.5,9829996.0,0
1789672038.3988466,keyboard,105,15,0.0,0.0,0.0,0.0,0.0,0.0,37457956.0,80284512.0,174010944.0,338936640.0,98958144.0,144659552.0,31743192.0,8761330.0,0.0,0.0,0
1789672038.904234,keyboard,114,9,3259719.75,0.0,0.0,0.0,0.0,0.0,181638176.0,379504544.0,252521056.0,0.0,57721644.0,52917604.0,0.0,0.0,35971340.0,158976448.0,0
1789672039.3785298,keyboard,99,8,0.0,3154047.5,0.0,0.0,0.0,0.0,0.0,0.0,0.0,0.0,0.0,34655208.0,10432092.0,0.0,63868816.0,52275060.0,0
1789672039.7884333,keyboard,98,9,0.0,1652647.75,0.0,0.0,0.0,0.0,0.0,0.0,0.0,0.0,103757840.0,115278384.0,347181568.0,162859440.0,0.0,218513952.0,0
1789672040.2311506,keyboard,109,11,0.0,0.0,0.0,0.0,0.0,0.0,110564464.0,141423040.0,85602960.0,0.0,27148020.0,0.0,0.0,24878338.0,11308869.0,61230760.0,0
1789672040.611852,keyboard,320,7,225164.984375,1554832.25,0.0,0.0,1223045.5,0.0,0.0,0.0,0.0,0.0,0.0,7749328.0,16183548.0,4416933.0,0.0,0.0,0
1789672040.9883904,keyboard,92,11,4292336.0,0.0,0.0,0.0,0.0,0.0,397875104.0,0.0,0.0,33225130.0,0.0,0.0,8832416.0,42604088.0,115231144.0,462311392.0,0
1789672042.031654,keyboard,94,12,0.0,1594236.875,0.0,0.0,0.0,0.0,0.0,777399.0,0.0,3346130.0,0.0,1656907.5,6317614.0,13089848.0,2343047.25,3767753.0,0
1789672042.2529912,keyboard,103,15,0.0,0.0,0.0,0.0,0.0,5845363.0,130864384.0,64277184.0,26949862.0,0.0,2576843.5,0.0,14311921.0,29594860.0,11986738.0,11827512.0,0
1789672042.473565,keyboard,90,7,0.0,22107642.0,0.0,0.0,0.0,0.0,0.0,0.0,0.0,0.0,16323520.0,0.0,0.0,17938812.0,31248280.0,97294048.0,0
1789672042.695205,keyboard,118,12,1478146.875,505826.0,0.0,0.0,0.0,0.0,3059367.0,2897012.25,0.0,0.0,0.0,3679900.75,6837992.0,19096962.0,0.0,0.0,0
1789672042.9481316,keyboard,106,12,0.0,0.0,0.0,0.0,0.0,0.0,142757472.0,192670096.0,17431314.0,0.0,0.0,0.0,6810565.0,119181024.0,94972888.0,106503784.0,0
1789672043.2008085,keyboard,106,15,0.0,929087.0,0.0,0.0,0.0,0.0,78335088.0,84106016.0,9930412.0,0.0,0.0,0.0,27701176.0,90786776.0,35635984.0,24616232.0,0
1789672043.4533024,keyboard,111,18,0.0,773576.75,0.0,0.0,0.0,0.0,118415872.0,144387728.0,49074564.0,0.0,0.0,43762808.0,69100544.0,27960312.0,76653072.0,218965440.0,0
1789672043.6762476,keyboard,111,7,0.0,0.0,0.0,0.0,0.0,0.0,0.0,1337513.75,418938.0625,2610004.0,788249.25,0.0,0.0,0.0,487764.25,1978008.125,0
1789672043.959182,keyboard,98,14,0.0,619298.75,0.0,0.0,0.0,0.0,102033992.0,71305352.0,0.0,0.0,23620034.0,8724482.0,15796946.0,34013688.0,50205952.0,104788360.0,0
1789672044.2433853,keyboard,89,10,6499659.5,0.0,0.0,0.0,0.0,0.0,0.0,0.0,15249778.0,32477524.0,0.0,21603958.0,0.0,0.0,9576058.0,18264064.0,0
1789672044.907237,keyboard,92,14,0.0,0.0,0.0,0.0,0.0,1531325.0,16386954.0,20350750.0,0.0,8150172.0,41080888.0,2242298.0,6269395.5,0.0,1524260.0,3785042.0,0
