timestamp,sound_type,detected_angle,bin_count,band_0,band_1,band_2,band_3,band_4,band_5,band_6,band_7,band_8,band_9,band_10,band_11,band_12,band_13,band_14,band_15,label
1789678855.1284552,keyboard,329,26,0.0,0.0,48703516.0,53622200.0,243735536.0,64047684.0,8489070.0,88680504.0,31666292.0,187455552.0,250988624.0,288298048.0,16093868.0,135374208.0,165655952.0,236987712.0,0
1789678855.9847412,keyboard,344,29,11949910.0,0.0,33219436.0,223966400.0,1167145984.0,496988768.0,102117056.0,199078048.0,94634592.0,0.0,27808808.0,226186416.0,181867664.0,91534848.0,385280256.0,313061280.0,0
1789678856.239428,keyboard,348,23,0.0,0.0,100442848.0,32496452.0,368962816.0,67458272.0,41139420.0,40814720.0,28352688.0,12482489.0,0.0,0.0,26509576.0,27163952.0,63839736.0,216378864.0,0
1789678856.365617,keyboard,348,15,0.0,0.0,0.0,0.0,48912312.0,10515324.0,1228903.0,0.0,0.0,9986079.0,6597726.5,4548645.5,3216102.75,1411564.25,5814621.0,3863905.25,0
1789678856.618999,keyboard,333,27,0.0,0.0,23248204.0,19946204.0,296059584.0,18242768.0,30055376.0,50794124.0,10416837.0,95743488.0,95880544.0,97054328.0,43931120.0,24702450.0,28604814.0,213608992.0,0
1789678869.098705,keyboard,327,22,15615467.0,0.0,79347904.0,0.0,0.0,0.0,4399082.0,0.0,17780284.0,13312652.0,13994304.0,31269920.0,32218766.0,18527402.0,12263944.0,16362123.0,0
1789678869.2908385,keyboard,326,32,0.0,30068728.0,13124484.0,7198700.0,4701783.5,13239748.0,18237840.0,12459105.0,64753292.0,53592308.0,124369224.0,198849616.0,48481352.0,46449680.0,101974736.0,123350896.0,0
1789678869.3854952,keyboard,326,13,0.0,0.0,0.0,0.0,1368688.625,0.0,0.0,0.0,0.0,13323130.0,10746964.0,9060838.0,7427395.0,880943.4375,0.0,0.0,0
1789678870.429543,keyboard,317,13,0.0,125720568.0,0.0,0.0,6923745.5,8092311.0,0.0,0.0,12555505.0,46313460.0,13841392.0,32514760.0,8953621.0,0.0,0.0,42127056.0,0
1789678873.5686553,keyboard,349,7,0.0,0.0,0.0,2555576.5,33026696.0,3575522.25,0.0,1741407.75,0.0,131590.75,0.0,0.0,0.0,0.0,0.0,0.0,0
1789678873.5699403,keyboard,232,5,33180932.0,0.0,2298305.5,0.0,0.0,0.0,0.0,0.0,0.0,0.0,0.0,0.0,537663.75,289163.21875,0.0,0.0,0
1789678874.1711926,keyboard,181,9,0.0,0.0,0.0,0.0,0.0,0.0,0.0,1291132.75,0.0,14566326.0,0.0,0.0,0.0,45388136.0,59879704.0,11266617.0,0
1789678874.17228,keyboard,247,9,0.0,0.0,0.0,0.0,0.0,10076053.0,2359032.25,0.0,320156.4375,0.0,19093294.0,125521368.0,21262134.0,0.0,0.0,0.0,0
1789678878.0332963,keyboard,252,12,0.0,7272310.0,0.0,0.0,647237.25,0.0,0.0,0.0,0.0,20296832.0,0.0,9511640.0,13017068.0,24760548.0,0.0,0.0,0
1789678878.1598752,keyboard,256,10,19369524.0,13586011.0,0.0,0.0,0.0,13090652.0,2715606.75,627695.9375,0.0,0.0,0.0,36951372.0,44701560.0,5357139.5,0.0,0.0,0
1789678878.256253,keyboard,223,4,562717184.0,662438144.0,155220640.0,0.0,0.0,0.0,0.0,9015838.0,0.0,0.0,0.0,0.0,0.0,0.0,0.0,0.0,0
1789678878.2574496,keyboard,261,7,0.0,0.0,0.0,0.0,0.0,25773216.0,90559208.0,12110401.0,0.0,0.0,16802376.0,0.0,0.0,0.0,0.0,0.0,0
1789678878.34897,keyboard,261,7,34592720.0,49174952.0,2090320.75,0.0,19054794.0,0.0,7985388.5,0.0,0.0,0.0,0.0,0.0,30873604.0,0.0,0.0,0.0,0
1789678878.4446216,keyboard,207,8,807026432.0,441813056.0,0.0,0.0,0.0,0.0,0.0,4094993.75,1695936.0,18268890.0,0.0,0.0,0.0,0.0,0.0,0.0,0
1789678878.6345234,keyboard,234,9,324562592.0,457520416.0,35508788.0,0.0,0.0,8637571.0,6163996.0,0.0,595483.625,0.0,0.0,0.0,0.0,0.0,0.0,97214080.0,0
1789678878.7942808,keyboard,246,13,0.0,0.0,5746917.0,0.0,0.0,0.0,3225639.5,430541.3125,0.0,0.0,0.0,0.0,215049136.0,305347584.0,46748356.0,27540272.0,0
1789678878.8889682,keyboard,246,14,0.0,0.0,0.0,22120686.0,118815136.0,0.0,4314072.0,16928314.0,28621432.0,38817864.0,0.0,8311434.5,0.0,0.0,27764694.0,7521504.0,0
1789678878.9841163,keyboard,245,10,0.0,188479072.0,0.0,0.0,0.0,7469243.0,13237602.0,0.0,983956.4375,0.0,0.0,0.0,79110000.0,86653552.0,0.0,69811008.0,0
1789678879.078592,keyboard,245,17,8755448.0,0.0,3386696.25,0.0,7117163.5,13282086.0,5431264.5,0.0,0.0,810093.0,0.0,20724476.0,49823256.0,53750324.0,0.0,0.0,0
1789678879.1740508,keyboard,243,17,5100593.5,39557644.0,23866420.0,843642.8125,3288613.0,0.0,9451375.0,2031384.875,0.0,1954254.125,0.0,0.0,52221344.0,154786912.0,29318226.0,9730679.0,0
1789678879.3638694,keyboard,243,11,0.0,66578352.0,11107080.0,0.0,0.0,0.0,8128374.5,2396418.75,0.0,0.0,0.0,0.0,53285080.0,25483226.0,2796874.25,27648480.0,0
1789678879.5542724,keyboard,243,9,0.0,15393313.0,0.0,0.0,0.0,0.0,1304924.125,679611.875,0.0,0.0,0.0,0.0,88371000.0,26430302.0,6701174.5,11660174.0,0
1789678879.6503465,keyboard,258,12,3943115.0,0.0,0.0,0.0,0.0,0.0,4579465.0,2629077.25,0.0,0.0,11291908.0,35419320.0,30134042.0,16786972.0,0.0,2576154.5,0
1789678879.651265,keyboard,216,17,0.0,3531841.75,3148683.5,1009689.3125,5732335.0,10710344.0,18831072.0,0.0,7816659.5,54571896.0,0.0,0.0,0.0,2093193.5,0.0,1894723.25,0
1789678879.744666,keyboard,240,13,0.0,9026534.0,13815410.0,0.0,0.0,1271424.375,2135552.5,0.0,0.0,0.0,0.0,0.0,20303696.0,0.0,18024056.0,7312202.5,0
1789678879.966318,keyboard,240,12,0.0,0.0,167890080.0,0.0,0.0,0.0,4740681.5,0.0,0.0,0.0,6705380.5,0.0,62987520.0,164709616.0,30430276.0,29772812.0,0
1789678879.9671702,keyboard,198,3,650926784.0,0.0,0.0,0.0,0.0,0.0,0.0,0.0,0.0,0.0,0.0,0.0,0.0,0.0,0.0,0.0,0
1789678880.4088273,keyboard,242,15,0.0,0.0,0.0,0.0,0.0,580441.1875,2111813.25,1307422.75,0.0,0.0,0.0,30824764.0,34823200.0,53889088.0,18861764.0,10093603.0,0
1789678880.8205538,keyboard,230,11,340723264.0,334380192.0,23445062.0,0.0,0.0,12635026.0,22842446.0,0.0,0.0,0.0,0.0,0.0,53666800.0,73317608.0,22264120.0,50562872.0,0
1789678881.04259,keyboard,231,11,332286336.0,183444768.0,34546176.0,0.0,0.0,0.0,7648393.0,2722750.5,2902758.75,0.0,0.0,0.0,0.0,91132784.0,0.0,30762750.0,0
1789678882.6594045,keyboard,209,6,3749550.25,0.0,0.0,0.0,1306722.875,0.0,0.0,0.0,1819239.5,0.0,0.0,0.0,12476330.0,3572721.75,0.0,0.0,0
1789678883.040646,keyboard,133,4,0.0,0.0,0.0,0.0,0.0,0.0,0.0,0.0,0.0,0.0,0.0,193351776.0,413041792.0,0.0,0.0,0.0,0
1789678883.0419428,keyboard,170,11,0.0,0.0,0.0,0.0,0.0,0.0,5779291.5,0.0,8915473.0,21005244.0,206669376.0,24505668.0,0.0,106632136.0,15731967.0,126849840.0,0
1789678883.926917,keyboard,178,9,0.0,0.0,0.0,0.0,0.0,1583584.0,0.0,0.0,8681635.0,31353024.0,56281864.0,0.0,0.0,52476416.0,0.0,25274986.0,0
1789678884.0532894,keyboard,179,13,647672.5625,2860101.75,0.0,0.0,0.0,63996300.0,363867072.0,0.0,15604011.0,119436016.0,189939456.0,0.0,48260320.0,0.0,0.0,77461336.0,0
1789678884.1797273,keyboard,167,8,0.0,0.0,0.0,0.0,0.0,3171318.0,0.0,0.0,0.0,5627930.0,11088917.0,0.0,0.0,38987020.0,7239193.5,22315358.0,0
1789678884.463583,keyboard,162,20,0.0,0.0,518271.5625,1729468.0,0.0,0.0,16713746.0,6861107.5,5646038.0,7845999.5,87299832.0,83212360.0,54080656.0,57390292.0,48960380.0,13495070.0,0
1789678884.6245885,keyboard,236,7,0.0,0.0,0.0,7236687.5,0.0,1247434.0,7694199.0,0.0,0.0,2464010.5,0.0,0.0,44864616.0,0.0,0.0,0.0,0
1789678884.781464,keyboard,168,9,0.0,0.0,0.0,0.0,0.0,0.0,0.0,0.0,1066622.375,0.0,0.0,49498944.0,56156344.0,131416976.0,62262192.0,0.0,0
1789678887.4120135,keyboard,201,6,0.0,714462.0,0.0,1224330.375,0.0,0.0,4454875.0,0.0,0.0,0.0,0.0,5717218.0,0.0,2238147.25,0.0,0.0,0
1789678887.6003954,keyboard,162,10,0.0,0.0,0.0,0.0,0.0,986388.8125,0.0,0.0,0.0,84815152.0,32773692.0,110678272.0,0.0,59432556.0,0.0,0.0,0
1789678890.767313,keyboard,190,11,0.0,0.0,36387404.0,0.0,0.0,598206.375,10317051.0,0.0,0.0,10034108.0,0.0,89180584.0,22425964.0,56528924.0,0.0,0.0,0
1789678890.86303,keyboard,191,5,0.0,0.0,0.0,0.0,1265207.625,0.0,0.0,4960890.5,0.0,0.0,0.0,0.0,0.0,14770001.0,15823090.0,19130092.0,0
1789678890.8637726,keyboard,227,7,0.0,0.0,0.0,0.0,0.0,0.0,5509197.5,0.0,387842.875,0.0,0.0,46074696.0,22018824.0,5733360.5,0.0,0.0,0
1789678890.98919,keyboard,197,13,0.0,0.0,0.0,0.0,2060689.875,13132562.0,23324340.0,64598960.0,14201304.0,0.0,0.0,0.0,181471552.0,165900320.0,0.0,0.0,0
1789678891.211188,keyboard,209,17,0.0,0.0,3009000.75,0.0,0.0,20952080.0,28442480.0,32580860.0,2285234.5,0.0,0.0,86130592.0,453416480.0,363487904.0,142046240.0,61431456.0,0
1789678891.4325123,keyboard,205,18,0.0,0.0,0.0,2182390.75,77991656.0,25648096.0,62610264.0,8843936.0,0.0,15388391.0,0.0,216970864.0,623800576.0,601387520.0,181202160.0,0.0,0
1789678895.3630607,keyboard,99,3,0.0,0.0,0.0,0.0,0.0,0.0,0.0,0.0,0.0,0.0,0.0,86074680.0,72674208.0,0.0,0.0,0.0,0
1789678895.364441,keyboard,177,4,0.0,0.0,0.0,0.0,0.0,0.0,0.0,0.0,1404327.5,0.0,41239332.0,0.0,0.0,342953344.0,0.0,0.0,0
1789678898.3688805,keyboard,151,6,0.0,0.0,0.0,0.0,0.0,1502190.125,0.0,0.0,4849268.5,0.0,0.0,322175872.0,100823096.0,0.0,0.0,24839754.0,0
1789678898.5919747,keyboard,174,5,0.0,0.0,0.0,0.0,0.0,0.0,0.0,0.0,5698619.0,0.0,0.0,0.0,68346832.0,0.0,0.0,27056236.0,0
1789678899.2245798,keyboard,198,10,0.0,0.0,0.0,0.0,0.0,0.0,0.0,6341704.0,2990881.5,0.0,0.0,0.0,29174488.0,38830520.0,79676560.0,5966279.5,0
1789678899.285121,keyboard,198,9,0.0,6963893.0,0.0,0.0,0.0,20816336.0,8087112.0,3006329.0,3077290.5,0.0,0.0,0.0,11244080.0,0.0,0.0,12425070.0,0
1789678899.8579807,keyboard,154,4,0.0,0.0,0.0,0.0,0.0,0.0,0.0,0.0,0.0,0.0,0.0,59808896.0,12832232.0,0.0,0.0,11039197.0,0
1789678900.2690434,keyboard,237,11,16898944.0,12223487.0,12026051.0,44517080.0,1337523.875,0.0,0.0,0.0,4969062.5,0.0,0.0,0.0,33370672.0,100053272.0,26634952.0,0.0,0
1789678900.490062,keyboard,207,10,0.0,0.0,9355025.0,0.0,3690523.0,6449833.0,13014178.0,0.0,1186778.375,0.0,3195507.25,5732368.5,5832638.5,0.0,0.0,13096388.0,0
1789678901.1557617,keyboard,196,11,0.0,0.0,1542479.625,0.0,0.0,0.0,0.0,0.0,38041328.0,40309380.0,0.0,56342372.0,213649536.0,61116976.0,0.0,145062992.0,0
1789678905.1453948,keyboard,235,11,0.0,6541017.0,0.0,35002576.0,0.0,2647576.0,3838524.0,0.0,0.0,694974.0,0.0,11705352.0,0.0,14119602.0,0.0,0.0,0
1789678906.5694287,keyboard,224,8,0.0,0.0,10211978.0,76295160.0,20416876.0,0.0,0.0,0.0,6474940.0,4956003.0,0.0,0.0,0.0,0.0,0.0,0.0,0
1789678906.8231795,keyboard,246,16,2090328.25,1336481.25,0.0,0.0,7238536.0,1946434.0,726964.875,2565045.5,277095.25,2500557.75,8720970.0,0.0,1423896.5,969917.0625,0.0,408303.34375,0
1789678906.8840013,keyboard,27,3,69751168.0,15019123.0,0.0,0.0,0.0,0.0,0.0,0.0,0.0,0.0,0.0,0.0,1510568.5,0.0,0.0,0.0,0
1789678906.8848405,keyboard,347,3,0.0,0.0,0.0,0.0,88639712.0,0.0,0.0,0.0,0.0,0.0,0.0,0.0,0.0,0.0,3210146.25,0.0,0
1789678907.235017,keyboard,231,13,0.0,0.0,155722176.0,545787584.0,0.0,13625084.0,34974812.0,19629298.0,0.0,35779228.0,48316372.0,49192976.0,0.0,70429536.0,0.0,0.0,0
1789678907.2955916,keyboard,194,14,41688352.0,74411504.0,191657312.0,0.0,34792928.0,0.0,21159098.0,40608072.0,17958426.0,2365355.25,0.0,0.0,0.0,5996969.5,0.0,0.0,0
1789678907.8690608,keyboard,239,21,0.0,0.0,19598104.0,45784648.0,69731912.0,46056784.0,88210096.0,42924536.0,25133826.0,15392936.0,0.0,9553034.0,0.0,7437253.0,2789360.5,0.0,0
1789678908.2796288,keyboard,219,13,11375452.0,16363326.0,41147728.0,8445317.0,0.0,7091373.0,0.0,4968555.5,5667226.0,0.0,0.0,0.0,0.0,21956338.0,0.0,0.0,0
1789678908.4073477,keyboard,228,20,139523648.0,334425856.0,111963776.0,97724488.0,448238592.0,352610880.0,984038656.0,595769216.0,119508528.0,51987216.0,0.0,0.0,222710032.0,335948832.0,0.0,0.0,0
1789678909.7670257,keyboard,206,13,74271776.0,344684800.0,225496704.0,13286331.0,16609508.0,0.0,0.0,0.0,22586316.0,0.0,21277696.0,0.0,0.0,18578128.0,0.0,0.0,0
1789678909.8355334,keyboard,206,7,0.0,32174076.0,0.0,9878432.0,0.0,0.0,13187168.0,0.0,0.0,0.0,0.0,0.0,0.0,22331998.0,4682374.5,17884080.0,0
1789678909.881888,keyboard,231,20,0.0,22676598.0,34497296.0,33196288.0,53711072.0,0.0,69848368.0,44330320.0,8521121.0,19625076.0,97385224.0,0.0,0.0,15145188.0,0.0,0.0,0
1789678910.3060894,keyboard,214,11,0.0,398452960.0,0.0,95244080.0,2564459.5,5219060.0,13931842.0,0.0,0.0,11419912.0,0.0,0.0,0.0,19603932.0,0.0,7556059.0,0
1789678911.381732,keyboard,171,4,0.0,0.0,0.0,0.0,0.0,45669104.0,78746976.0,0.0,0.0,0.0,0.0,0.0,0.0,0.0,0.0,0.0,0
1789678911.539376,keyboard,213,10,0.0,479010688.0,756555648.0,99704888.0,71768256.0,0.0,0.0,23633652.0,0.0,0.0,0.0,0.0,0.0,0.0,0.0,0.0,0
1789678911.732098,keyboard,241,10,0.0,52330056.0,0.0,125742160.0,14376127.0,0.0,76063072.0,0.0,0.0,0.0,0.0,0.0,0.0,13008514.0,12841246.0,0.0,0
1789678912.872011,keyboard,230,7,34943860.0,109928368.0,0.0,77456528.0,19980028.0,0.0,0.0,0.0,0.0,0.0,0.0,0.0,13504139.0,8900222.0,0.0,0.0,0
1789678913.3143303,keyboard,229,23,30455148.0,45669912.0,9844435.0,42822308.0,20250804.0,0.0,33097000.0,26618308.0,22150084.0,34395424.0,10627890.0,587788.5,1883749.125,18138508.0,0.0,0.0,0
1789678916.513602,keyboard,228,7,0.0,2018476.5,2884323.0,0.0,0.0,0.0,0.0,0.0,13734598.0,3861786.25,0.0,0.0,34764660.0,0.0,0.0,0.0,0
1789678916.5145376,keyboard,184,6,0.0,0.0,0.0,0.0,0.0,0.0,6589048.0,0.0,0.0,5656706.0,0.0,0.0,0.0,9391344.0,0.0,29751300.0,0
1789678916.6080587,keyboard,233,12,0.0,73683776.0,0.0,0.0,225019152.0,0.0,392875712.0,190245120.0,0.0,0.0,0.0,0.0,0.0,294337920.0,77275712.0,0.0,0
1789678918.9839852,keyboard,285,3,0.0,0.0,0.0,0.0,0.0,0.0,17866902.0,0.0,0.0,0.0,3365903.0,6430592.0,0.0,0.0,0.0,0.0,0
1789678919.0794735,keyboard,210,8,0.0,0.0,0.0,0.0,0.0,0.0,0.0,0.0,0.0,10053392.0,21959906.0,84250520.0,0.0,22455666.0,0.0,14794616.0,0
1789678919.1413138,keyboard,199,14,0.0,0.0,61654396.0,43423904.0,0.0,0.0,0.0,49245716.0,76984144.0,227297056.0,0.0,0.0,569227072.0,925572608.0,0.0,1255370752.0,0
1789678919.2682998,keyboard,222,15,0.0,0.0,456919680.0,51655004.0,0.0,0.0,0.0,0.0,36894568.0,317773408.0,0.0,14603792.0,180531248.0,169852720.0,0.0,107095120.0,0
1789678920.3147218,keyboard,270,3,0.0,0.0,0.0,0.0,0.0,0.0,56353036.0,7813880.5,0.0,0.0,0.0,0.0,0.0,0.0,0.0,4733633.5,0
1789678920.3159533,keyboard,1,3,0.0,0.0,0.0,66121536.0,0.0,0.0,0.0,0.0,2926111.25,0.0,0.0,0.0,0.0,0.0,0.0,0.0,0
1789678920.4399316,keyboard,182,8,0.0,0.0,0.0,0.0,0.0,0.0,0.0,102181760.0,0.0,0.0,0.0,0.0,169298208.0,300735584.0,242154288.0,411678336.0,0
1789678920.5348718,keyboard,199,8,0.0,0.0,27458376.0,0.0,3095527.5,0.0,0.0,17327878.0,0.0,0.0,0.0,1572620.625,0.0,0.0,4528602.0,82364056.0,0
1789678920.7885127,keyboard,67,4,64410588.0,0.0,0.0,4488730.0,0.0,0.0,0.0,2719552.75,2711864.5,0.0,0.0,0.0,0.0,0.0,0.0,0.0,0
1789678921.0758655,keyboard,256,7,0.0,0.0,0.0,0.0,14469512.0,0.0,0.0,14736323.0,0.0,0.0,83781640.0,0.0,0.0,0.0,2209481.25,24353740.0,0
1789678921.9951174,keyboard,196,3,0.0,0.0,0.0,0.0,0.0,0.0,0.0,0.0,0.0,0.0,0.0,0.0,0.0,8332949.5,5473506.0,0.0,0
1789678922.1180313,keyboard,196,14,0.0,0.0,0.0,0.0,0.0,0.0,5219383.0,51972240.0,49680632.0,0.0,0.0,0.0,188183744.0,578007936.0,639348864.0,441012480.0,0
1789678922.2154112,keyboard,198,9,0.0,0.0,0.0,39697072.0,0.0,0.0,0.0,0.0,0.0,19449124.0,47522312.0,0.0,0.0,45919840.0,96967952.0,0.0,0
1789678922.4670978,keyboard,189,11,0.0,0.0,0.0,0.0,0.0,0.0,0.0,4619245.5,34901552.0,143029520.0,36630664.0,17409782.0,0.0,0.0,14038929.0,43721412.0,0
1789678922.5927086,keyboard,233,8,0.0,0.0,0.0,0.0,53003016.0,0.0,0.0,0.0,0.0,141173184.0,136466880.0,0.0,304217760.0,1071497408.0,0.0,0.0,0
1789678922.7189116,keyboard,273,6,0.0,0.0,0.0,41110828.0,77677520.0,0.0,3115091.75,0.0,0.0,0.0,0.0,3250331.5,10901129.0,0.0,0.0,0.0,0
1789678923.481873,keyboard,232,13,0.0,0.0,46818904.0,42866472.0,16387008.0,12719578.0,12532030.0,0.0,0.0,0.0,7490180.0,0.0,69834480.0,0.0,0.0,0.0,0
1789678923.7035117,keyboard,239,9,0.0,0.0,12998416.0,35584112.0,17132988.0,0.0,67399472.0,0.0,0.0,0.0,0.0,0.0,0.0,0.0,0.0,0.0,0
1789678923.892475,keyboard,243,6,11554138.0,0.0,0.0,0.0,0.0,0.0,27009892.0,3404116.5,0.0,0.0,0.0,0.0,84662944.0,35944484.0,0.0,0.0,0
1789678924.2101803,keyboard,242,9,27276666.0,18493110.0,0.0,0.0,0.0,0.0,0.0,5642102.5,14603880.0,7942275.5,4520353.5,0.0,0.0,6564656.5,0.0,10056437.0,0
1789678924.400814,keyboard,240,7,0.0,0.0,0.0,45542992.0,0.0,0.0,0.0,0.0,0.0,0.0,0.0,299994176.0,181171952.0,56987360.0,0.0,0.0,0
1789678924.4017863,keyboard,176,8,0.0,0.0,0.0,0.0,0.0,0.0,171126912.0,40394948.0,0.0,134293168.0,0.0,0.0,0.0,0.0,16851664.0,0.0,0
1789678925.5389998,keyboard,235,11,29780114.0,0.0,0.0,0.0,0.0,8067436.5,7369259.5,0.0,0.0,0.0,0.0,0.0,28972884.0,105207144.0,21869042.0,71912816.0,0
1789678925.6334648,keyboard,190,9,0.0,0.0,0.0,0.0,0.0,0.0,0.0,0.0,0.0,0.0,0.0,387522336.0,297596672.0,288971424.0,34498460.0,70116112.0,0
1789678925.7290256,keyboard,223,8,0.0,0.0,494499072.0,105349136.0,0.0,0.0,0.0,0.0,11712460.0,0.0,0.0,0.0,0.0,61173360.0,27427002.0,40469976.0,0
1789678926.014129,keyboard,216,11,47846344.0,0.0,708531840.0,158160128.0,0.0,0.0,24896244.0,4159743.25,0.0,115012904.0,0.0,0.0,40425232.0,108257504.0,0.0,0.0,0
1789678926.3305178,keyboard,217,10,0.0,0.0,0.0,0.0,0.0,29739464.0,255485728.0,16445782.0,0.0,16491089.0,0.0,0.0,0.0,16957536.0,4303653.0,35707848.0,0
1789678927.7565312,keyboard,207,11,0.0,0.0,0.0,0.0,597035.375,0.0,7585899.0,7010463.0,12658694.0,22640910.0,24460070.0,4016824.0,0.0,0.0,0.0,0.0,0
1789678928.7378469,keyboard,214,3,73156032.0,0.0,0.0,0.0,0.0,3661310.0,0.0,0.0,0.0,0.0,0.0,0.0,0.0,10846275.0,0.0,0.0,0
1789678928.8335395,keyboard,216,12,0.0,199197216.0,15162141.0,0.0,0.0,0.0,249983568.0,375017120.0,0.0,0.0,0.0,0.0,620482944.0,525968800.0,0.0,0.0,0
1789678928.8342912,keyboard,176,9,0.0,0.0,0.0,0.0,0.0,0.0,50042932.0,0.0,196327600.0,119375264.0,0.0,418463552.0,0.0,0.0,93984800.0,392655296.0,0
1789678928.9273312,keyboard,211,12,0.0,5578206.0,31744788.0,2130132.0,0.0,0.0,6625359.0,0.0,0.0,17813070.0,6246791.5,0.0,12290916.0,7644102.0,0.0,28589500.0,0
1789678929.1185915,keyboard,230,17,0.0,0.0,499991872.0,82781808.0,96759360.0,0.0,42522384.0,15954708.0,0.0,15752579.0,33833760.0,50234464.0,0.0,0.0,0.0,0.0,0
1789678929.2434726,keyboard,216,9,40422748.0,0.0,180072352.0,0.0,0.0,0.0,40811732.0,0.0,0.0,131827352.0,0.0,0.0,73807624.0,73854704.0,0.0,0.0,0
1789678929.402671,keyboard,216,8,0.0,0.0,46908140.0,0.0,0.0,0.0,0.0,26662940.0,0.0,0.0,0.0,0.0,26741056.0,68300336.0,34961328.0,0.0,0
1789678930.6684716,keyboard,219,9,0.0,36227432.0,0.0,0.0,0.0,0.0,0.0,0.0,100941344.0,0.0,0.0,0.0,141887936.0,679324160.0,0.0,85949456.0,0
1789678930.795996,keyboard,219,9,213555312.0,202943456.0,22732866.0,0.0,0.0,0.0,72792664.0,0.0,0.0,0.0,0.0,0.0,207344208.0,239493664.0,0.0,0.0,0
1789678930.890597,keyboard,223,8,0.0,0.0,74916400.0,17870368.0,3836661.0,0.0,0.0,0.0,0.0,79676448.0,0.0,18310088.0,0.0,0.0,0.0,89970944.0,0
1789678931.1439495,keyboard,257,7,31465430.0,416880896.0,0.0,0.0,0.0,0.0,10295561.0,0.0,0.0,0.0,4262404.0,7991880.0,0.0,0.0,0.0,0.0,0
1789678931.5899518,keyboard,269,11,0.0,61772200.0,0.0,0.0,0.0,0.0,0.0,0.0,39765872.0,79321976.0,74337032.0,158063424.0,53967896.0,0.0,0.0,0.0,0
1789678931.5909617,keyboard,359,3,173290832.0,0.0,0.0,0.0,65364048.0,0.0,0.0,0.0,0.0,0.0,0.0,0.0,0.0,0.0,0.0,0.0,0
1789678932.3473487,keyboard,230,6,0.0,20922208.0,0.0,0.0,0.0,0.0,0.0,0.0,0.0,0.0,0.0,99794528.0,94053264.0,4608408.5,0.0,0.0,0
1789678932.7910645,keyboard,262,5,0.0,0.0,163036832.0,74792432.0,0.0,0.0,0.0,0.0,0.0,0.0,0.0,0.0,0.0,8694998.0,0.0,0.0,0
1789678932.9173608,keyboard,233,9,0.0,0.0,0.0,0.0,5921839.0,0.0,0.0,0.0,0.0,0.0,7455848.0,19617466.0,22370880.0,37387000.0,0.0,0.0,0
1789678934.2798672,keyboard,258,6,0.0,0.0,0.0,0.0,0.0,0.0,0.0,0.0,0.0,2658551.0,0.0,3058813.5,0.0,0.0,1627574.25,4975188.0,0
1789678934.3448873,keyboard,219,5,0.0,0.0,0.0,0.0,0.0,0.0,0.0,38877008.0,69592400.0,123418064.0,0.0,0.0,0.0,0.0,0.0,0.0,0
1789678934.414815,keyboard,241,4,0.0,0.0,152528032.0,0.0,0.0,0.0,0.0,0.0,0.0,0.0,0.0,20426498.0,0.0,0.0,0.0,0.0,0
1789678934.5240402,keyboard,213,6,0.0,0.0,115868376.0,15586478.0,0.0,0.0,0.0,0.0,0.0,85286312.0,21891334.0,0.0,0.0,0.0,0.0,22049672.0,0
1789678934.587227,keyboard,264,3,0.0,0.0,0.0,0.0,0.0,0.0,28301516.0,0.0,0.0,0.0,0.0,20547862.0,0.0,0.0,0.0,0.0,0
1789678934.6508849,keyboard,258,11,0.0,0.0,0.0,0.0,126591840.0,47958572.0,0.0,0.0,85209520.0,206583616.0,41259556.0,165666624.0,0.0,98864480.0,0.0,0.0,0
1789678934.7145607,keyboard,260,4,0.0,0.0,0.0,0.0,0.0,24608434.0,31022740.0,0.0,0.0,0.0,30777342.0,46053216.0,0.0,0.0,0.0,0.0,0
1789678934.7789664,keyboard,254,21,0.0,83821136.0,255818400.0,35743152.0,63423600.0,27773778.0,66135140.0,39895200.0,14547201.0,0.0,0.0,0.0,12793090.0,0.0,12438699.0,23055432.0,0
1789678934.8426323,keyboard,249,8,23545790.0,6851644.0,0.0,0.0,0.0,0.0,0.0,0.0,0.0,0.0,3238993.0,32754476.0,25350048.0,0.0,6143252.0,0.0,0
1789678934.9062862,keyboard,249,3,0.0,0.0,2727180.75,0.0,0.0,0.0,0.0,1306130.75,0.0,736709.875,0.0,0.0,0.0,0.0,0.0,0.0,0
1789678934.9563286,keyboard,287,6,6974968.0,0.0,0.0,0.0,0.0,0.0,28517396.0,0.0,0.0,20078440.0,0.0,6894122.5,0.0,0.0,0.0,0.0,0
1789678935.0211473,keyboard,271,15,25310552.0,77337408.0,57768480.0,0.0,0.0,10663092.0,31690688.0,15953248.0,6549691.5,0.0,0.0,16687543.0,9266221.0,0.0,11669529.0,9907353.0,0
1789678936.242673,keyboard,206,20,0.0,2530260.5,0.0,13630864.0,26239336.0,68741400.0,82751008.0,0.0,0.0,609078144.0,0.0,1869107840.0,2784401920.0,3658655744.0,2256154880.0,2645464576.0,0
1789678936.4337687,keyboard,206,5,0.0,0.0,0.0,0.0,0.0,0.0,0.0,0.0,0.0,12699636.0,2094952.0,0.0,0.0,9940998.0,0.0,20459956.0,0
1789678936.4883797,keyboard,270,7,4256172.0,0.0,24379416.0,15791362.0,7636668.5,249346.09375,0.0,1365143.125,0.0,0.0,0.0,0.0,1342357.5,0.0,0.0,0.0,0
1789678936.5451317,keyboard,270,4,0.0,0.0,22112344.0,0.0,0.0,0.0,0.0,1953308.25,0.0,0.0,0.0,0.0,0.0,3923312.75,0.0,0.0,0
1789678936.6403234,keyboard,40,9,15732624.0,0.0,12041212.0,3369720.0,0.0,1119230.0,0.0,0.0,0.0,0.0,0.0,2455418.5,20135550.0,10597556.0,0.0,0.0,0
1789678936.6954985,keyboard,289,3,0.0,0.0,323762752.0,0.0,0.0,0.0,0.0,3341727.0,0.0,0.0,0.0,0.0,0.0,0.0,0.0,0.0,0
1789678936.7603822,keyboard,230,6,0.0,187528144.0,122415168.0,35495868.0,0.0,0.0,21552204.0,0.0,0.0,9622214.0,0.0,0.0,0.0,0.0,0.0,45619392.0,0
1789678936.8246925,keyboard,251,8,253341808.0,164263520.0,0.0,0.0,28842668.0,0.0,0.0,0.0,0.0,0.0,0.0,538017792.0,150787216.0,0.0,0.0,0.0,0
1789678936.9093895,keyboard,250,5,93675576.0,0.0,43814768.0,0.0,7073355.0,0.0,0.0,0.0,0.0,0.0,38988240.0,0.0,0.0,0.0,58426456.0,0.0,0
1789678937.0038912,keyboard,250,5,0.0,0.0,1893985.375,0.0,0.0,0.0,0.0,0.0,4524031.0,3943221.5,0.0,0.0,0.0,0.0,3176680.25,4348207.5,0
1789678937.070994,keyboard,258,15,0.0,0.0,151149664.0,0.0,85402048.0,35552008.0,43444760.0,22637608.0,4976415.0,3214355.5,6044968.0,0.0,0.0,8430571.0,0.0,0.0,0
1789678937.1625807,keyboard,268,19,0.0,0.0,147916064.0,115055568.0,150282768.0,24367960.0,26824316.0,43318744.0,42502888.0,47805896.0,27230156.0,0.0,0.0,0.0,6604437.0,0.0,0
1789678937.2227895,keyboard,249,16,63035808.0,0.0,0.0,55929980.0,0.0,33455084.0,84913296.0,0.0,250909120.0,50004856.0,0.0,76006296.0,599051136.0,422990240.0,232164688.0,398493504.0,0
1789678937.2875829,keyboard,246,6,0.0,0.0,0.0,0.0,0.0,0.0,10684836.0,0.0,0.0,2779867.5,0.0,0.0,19954188.0,61891232.0,0.0,0.0,0
1789678937.362707,keyboard,250,14,7498495.0,10523324.0,1492368.5,3748864.75,10808796.0,1897366.25,0.0,0.0,1783206.25,1295896.625,0.0,2178145.75,972882.25,0.0,1136382.75,0.0,0
1789678937.4259596,keyboard,250,14,0.0,37471224.0,0.0,23361442.0,7669772.0,0.0,3177650.25,5210255.5,4062171.0,11527263.0,12709709.0,0.0,0.0,1260063.0,0.0,0.0,0
1789678937.512263,keyboard,266,27,101156224.0,95055600.0,87755024.0,25845542.0,94345408.0,19696806.0,74260976.0,97172640.0,59240112.0,0.0,24509618.0,0.0,33695728.0,82997152.0,59727756.0,79641744.0,0
1789678937.6386893,keyboard,266,13,0.0,44327000.0,35011656.0,4397373.5,0.0,10462350.0,11363090.0,7590735.0,0.0,12386427.0,0.0,0.0,27209462.0,0.0,0.0,7151026.5,0
1789678940.331551,keyboard,194,9,0.0,0.0,0.0,0.0,0.0,0.0,57395344.0,0.0,0.0,0.0,0.0,0.0,3980899.25,262714304.0,524399168.0,453331264.0,0
1789678940.4418762,keyboard,189,5,769990784.0,0.0,0.0,0.0,0.0,0.0,0.0,0.0,0.0,0.0,0.0,29185900.0,174474800.0,156253024.0,0.0,0.0,0
1789678940.442638,keyboard,233,8,0.0,899681216.0,0.0,0.0,0.0,0.0,170440640.0,0.0,0.0,0.0,0.0,0.0,0.0,174148640.0,46148252.0,273238208.0,0
1789678940.5193844,keyboard,263,12,166971232.0,0.0,0.0,310549984.0,86972696.0,0.0,0.0,0.0,0.0,332797728.0,261917504.0,0.0,273217184.0,0.0,10814301.0,19437812.0,0
1789678940.5827692,keyboard,267,9,0.0,0.0,0.0,0.0,0.0,0.0,0.0,54109104.0,98947336.0,0.0,50164356.0,297053696.0,391036992.0,0.0,0.0,0.0,0
1789678940.6483636,keyboard,263,7,9572441.0,11973388.0,0.0,0.0,0.0,0.0,0.0,0.0,24515724.0,0.0,10145942.0,39489928.0,0.0,0.0,0.0,0.0,0
1789678940.7125823,keyboard,263,11,4422707.0,0.0,4741909.0,2336592.75,0.0,0.0,2418493.5,0.0,0.0,12341231.0,0.0,22339982.0,0.0,1878956.125,0.0,0.0,0
1789678940.7710495,keyboard,273,5,0.0,35263492.0,13141547.0,0.0,0.0,0.0,0.0,0.0,3305602.75,0.0,0.0,0.0,0.0,0.0,0.0,1212595.0,0
1789678940.835461,keyboard,274,6,0.0,0.0,0.0,0.0,49587024.0,10471338.0,11266079.0,0.0,0.0,0.0,0.0,0.0,0.0,0.0,0.0,0.0,0
1789678940.8996737,keyboard,242,13,0.0,5735554.0,9101324.0,17088340.0,51872696.0,14737027.0,29993472.0,22677572.0,12024879.0,0.0,0.0,0.0,0.0,0.0,0.0,0.0,0
1789678940.9630115,keyboard,273,9,0.0,0.0,0.0,0.0,19308008.0,0.0,0.0,0.0,0.0,9018145.0,14218150.0,31276474.0,0.0,2172155.5,0.0,0.0,0
1789678941.0276089,keyboard,269,16,0.0,22417580.0,449623360.0,24063378.0,46914544.0,13618596.0,0.0,6730026.5,9025360.0,33710624.0,60107224.0,36604092.0,68856632.0,0.0,0.0,0.0,0
1789678941.0909789,keyboard,269,6,0.0,0.0,0.0,0.0,0.0,0.0,0.0,0.0,0.0,212994.328125,1793905.25,2486968.0,0.0,2316742.5,1659249.5,3471230.0,0
1789678941.1402512,keyboard,267,13,46342152.0,105638576.0,88551360.0,0.0,17524666.0,0.0,39878596.0,13323721.0,15715412.0,0.0,2946455.75,0.0,0.0,0.0,0.0,0.0,0
1789678941.2161016,keyboard,257,5,0.0,0.0,23577152.0,25653818.0,0.0,4261624.0,0.0,0.0,0.0,20348764.0,0.0,0.0,13611206.0,0.0,0.0,0.0,0
1789678941.2767358,keyboard,272,11,0.0,5463493.0,0.0,0.0,3278198.5,0.0,3442626.25,0.0,2296848.5,11621068.0,16338374.0,53457520.0,33756308.0,0.0,0.0,30988556.0,0
1789678941.3529134,keyboard,272,14,38565788.0,0.0,41525380.0,0.0,16793422.0,0.0,0.0,0.0,0.0,5152681.0,13976614.0,0.0,0.0,30073728.0,40208180.0,10792856.0,0
1789678941.3991482,keyboard,272,14,0.0,0.0,2538084.25,0.0,1095064.75,0.0,0.0,0.0,14497150.0,5804327.0,14736293.0,39576824.0,14923938.0,56438920.0,24153528.0,3259965.5,0
1789678941.4692905,keyboard,273,14,63319212.0,221410768.0,81119112.0,0.0,0.0,51573272.0,68589424.0,0.0,0.0,24831202.0,15418092.0,10214661.0,0.0,18163758.0,0.0,0.0,0
1789678942.578194,keyboard,325,5,232904416.0,0.0,9745744.0,0.0,0.0,0.0,0.0,1144752.375,0.0,0.0,0.0,0.0,0.0,0.0,0.0,0.0,0
1789678944.381364,keyboard,263,16,0.0,0.0,0.0,0.0,14407596.0,30920410.0,46804504.0,96153072.0,315140544.0,2837523456.0,3348465152.0,6732205056.0,2058686592.0,0.0,0.0,1082053248.0,0
1789678944.5394008,keyboard,263,6,0.0,0.0,0.0,0.0,0.0,0.0,13055714.0,0.0,0.0,22355208.0,74601824.0,26994748.0,0.0,0.0,0.0,0.0,0
1789678944.5855772,keyboard,277,11,0.0,0.0,0.0,0.0,0.0,314231040.0,775925632.0,53626096.0,0.0,0.0,0.0,323116160.0,100799016.0,126887840.0,0.0,121945600.0,0
1789678944.6566188,keyboard,293,6,0.0,0.0,0.0,0.0,0.0,0.0,0.0,2705279.75,0.0,0.0,14568408.0,34185420.0,0.0,0.0,0.0,2041925.125,0
1789678944.7209022,keyboard,293,4,0.0,0.0,0.0,0.0,0.0,0.0,18107164.0,6213504.0,0.0,0.0,0.0,18879460.0,0.0,0.0,0.0,2169301.0,0
1789678944.7699752,keyboard,269,4,0.0,0.0,0.0,0.0,0.0,0.0,0.0,0.0,0.0,47829000.0,39838756.0,15670814.0,0.0,7351201.0,0.0,0.0,0
1789678944.8351316,keyboard,311,22,4379958.0,0.0,204203280.0,159854400.0,60664000.0,0.0,67126728.0,0.0,0.0,100469680.0,0.0,0.0,22128422.0,43181152.0,109226144.0,87271736.0,0
1789678944.9206753,keyboard,286,12,12044149.0,0.0,0.0,0.0,0.0,12187570.0,15201632.0,16903552.0,0.0,13381865.0,97922592.0,27496396.0,0.0,0.0,0.0,0.0,0
1789678945.0153246,keyboard,298,8,0.0,0.0,0.0,0.0,0.0,4996345.0,7321636.0,0.0,0.0,5481486.0,0.0,38280492.0,0.0,6268467.0,4258580.5,0.0,0
1789678945.087782,keyboard,294,16,0.0,0.0,0.0,1169727.25,5546345.0,3090218.25,4590125.0,2193858.0,0.0,616145.6875,0.0,1769283.625,6354500.0,2095301.0,0.0,803848.75,0
1789678945.2054296,keyboard,315,15,0.0,0.0,0.0,28739858.0,40931504.0,48848156.0,0.0,183778960.0,30578156.0,18348456.0,3816397.5,0.0,0.0,27338170.0,38469268.0,0.0,0
1789678947.040838,keyboard,16,8,0.0,175427680.0,205502208.0,0.0,0.0,10904242.0,2257831.75,0.0,0.0,0.0,0.0,0.0,0.0,0.0,0.0,0.0,0
1789678947.2311184,keyboard,18,5,11193184.0,10663702.0,27251144.0,0.0,0.0,0.0,0.0,0.0,0.0,0.0,0.0,0.0,0.0,0.0,0.0,0.0,0
1789678948.0878754,keyboard,59,11,7852664.5,7493577.0,0.0,0.0,0.0,0.0,0.0,0.0,735403.375,1391202.875,512325.15625,21360120.0,17419066.0,5196552.0,0.0,0.0,0
1789678948.6564922,keyboard,47,11,26473292.0,83532832.0,16276551.0,12679288.0,0.0,0.0,0.0,0.0,0.0,0.0,0.0,32964272.0,9232714.0,0.0,2279384.25,0.0,0
1789678948.846329,keyboard,75,5,18376506.0,0.0,0.0,0.0,0.0,0.0,0.0,0.0,0.0,0.0,33654720.0,17071712.0,35289148.0,0.0,0.0,0.0,0
1789678949.0354254,keyboard,67,12,22917560.0,63909160.0,16325154.0,0.0,0.0,0.0,0.0,0.0,0.0,129159248.0,99147496.0,0.0,52996580.0,29567080.0,0.0,0.0,0
1789678949.2252884,keyboard,40,12,11484850.0,201622352.0,41429200.0,34355308.0,0.0,0.0,0.0,0.0,0.0,70032856.0,37342372.0,0.0,0.0,14118866.0,0.0,0.0,0
1789678949.4160826,keyboard,44,8,2241079.25,0.0,970840.5,6599450.5,5148462.5,0.0,0.0,0.0,0.0,40061936.0,28283560.0,0.0,6987930.0,0.0,0.0,0.0,0
1789678949.606451,keyboard,74,5,0.0,0.0,0.0,0.0,0.0,0.0,0.0,2444427.25,0.0,0.0,0.0,0.0,93575040.0,0.0,4032959.75,16724943.0,0
1789678949.7979176,keyboard,79,5,0.0,0.0,0.0,0.0,0.0,0.0,0.0,0.0,0.0,0.0,0.0,0.0,11631962.0,59006964.0,0.0,85153472.0,0
1789678949.7989848,keyboard,35,8,0.0,33567052.0,20943196.0,19348776.0,0.0,0.0,0.0,0.0,0.0,13528050.0,0.0,20702784.0,0.0,0.0,4419375.0,0.0,0
1789678949.9868634,keyboard,98,5,0.0,0.0,0.0,0.0,0.0,0.0,0.0,0.0,0.0,26276182.0,0.0,0.0,48029464.0,0.0,0.0,266236720.0,0
1789678950.1755352,keyboard,55,12,0.0,33085512.0,4432029.0,15148521.0,0.0,0.0,0.0,0.0,0.0,23385936.0,46949776.0,31275404.0,1674044.25,2289193.5,0.0,0.0,0
1789678950.3672843,keyboard,42,9,11590636.0,10544428.0,15276864.0,396953.34375,0.0,0.0,0.0,0.0,0.0,0.0,0.0,767651.4375,0.0,0.0,0.0,0.0,0
1789678950.3681402,keyboard,96,9,0.0,0.0,0.0,437747.46875,0.0,0.0,0.0,0.0,0.0,0.0,0.0,988093.1875,4418208.0,12282444.0,4495444.0,22247444.0,0
1789678950.5887525,keyboard,60,10,4422173.0,1984061.75,493144.0,0.0,0.0,0.0,0.0,0.0,2062956.625,0.0,0.0,0.0,79392520.0,21571058.0,0.0,20839972.0,0
1789678950.7783298,keyboard,61,5,0.0,11855350.0,0.0,0.0,0.0,0.0,0.0,0.0,0.0,0.0,15474810.0,0.0,175286352.0,22883054.0,0.0,0.0,0
1789678950.9691942,keyboard,56,9,8860001.0,44493816.0,8597536.0,0.0,0.0,0.0,0.0,0.0,0.0,46950804.0,28212956.0,0.0,20299412.0,2850105.0,0.0,0.0,0
1789678950.9700482,keyboard,91,4,0.0,0.0,0.0,0.0,0.0,0.0,0.0,0.0,0.0,0.0,14370102.0,20454750.0,0.0,0.0,0.0,102658400.0,0
1789678951.1571193,keyboard,31,12,0.0,1471956.125,0.0,10819912.0,0.0,0.0,0.0,0.0,850496.8125,7634241.5,3268910.0,81102840.0,38096532.0,0.0,0.0,0.0,0
1789678953.1549425,keyboard,51,6,1633841.25,0.0,0.0,0.0,2131872.75,0.0,0.0,4719606.0,0.0,0.0,0.0,73941656.0,272562208.0,0.0,0.0,0.0,0
1789678953.660858,keyboard,6,9,0.0,0.0,7152711.5,0.0,0.0,0.0,12760087.0,3451874.0,0.0,0.0,6595919.5,215548608.0,0.0,0.0,0.0,14543862.0,0
1789678953.719659,keyboard,6,4,0.0,0.0,0.0,0.0,14102789.0,16800572.0,0.0,0.0,0.0,0.0,0.0,0.0,15948638.0,29081924.0,0.0,0.0,0
1789678953.777334,keyboard,63,7,16810648.0,0.0,22650030.0,0.0,0.0,0.0,5377266.5,0.0,0.0,0.0,0.0,0.0,0.0,0.0,2970603.5,11647034.0,0
1789678953.8412771,keyboard,53,7,32827806.0,97265152.0,0.0,0.0,0.0,0.0,0.0,0.0,0.0,0.0,0.0,0.0,0.0,13481489.0,2912724.5,15720265.0,0
1789678953.9042346,keyboard,62,13,47168472.0,0.0,54240768.0,0.0,0.0,7285881.0,0.0,0.0,0.0,1589902.25,6020424.0,8011905.0,10219034.0,32845004.0,6118417.5,9458395.0,0
1789678953.9774735,keyboard,33,5,0.0,13414657.0,4637224.5,4083592.0,0.0,0.0,0.0,538325.3125,0.0,0.0,0.0,0.0,3897546.75,0.0,0.0,0.0,0
1789678954.0369382,keyboard,21,10,2694870.75,15751605.0,0.0,4253928.5,2974730.5,1514175.375,0.0,0.0,2725828.25,0.0,0.0,0.0,0.0,0.0,0.0,20364852.0,0
1789678954.1662502,keyboard,24,5,0.0,0.0,11844051.0,0.0,5206427.0,3640941.0,4198110.5,0.0,0.0,0.0,0.0,0.0,0.0,0.0,0.0,0.0,0
1789678954.236945,keyboard,22,9,7357196.5,3981737.0,0.0,0.0,0.0,2865972.5,0.0,0.0,3665120.0,0.0,0.0,3544304.75,37346252.0,0.0,0.0,0.0,0
1789678954.326348,keyboard,41,6,0.0,0.0,22107872.0,14984996.0,0.0,0.0,0.0,0.0,0.0,0.0,0.0,39488124.0,184818400.0,0.0,0.0,0.0,0
1789678954.3956566,keyboard,21,11,1733768.5,21159638.0,0.0,0.0,0.0,0.0,0.0,1943252.375,5234831.5,3056731.0,0.0,11009142.0,0.0,11545857.0,3268301.0,0.0,0
1789678954.4571395,keyboard,28,9,0.0,853766.75,1252716.125,0.0,199888.046875,0.0,28631076.0,0.0,0.0,0.0,6354246.0,0.0,0.0,88658416.0,0.0,0.0,0
1789678954.521975,keyboard,74,11,0.0,59464932.0,114621264.0,0.0,0.0,0.0,0.0,0.0,0.0,30495472.0,90213344.0,0.0,660325632.0,913229696.0,826021184.0,293630848.0,0
1789678956.0385313,keyboard,16,6,0.0,24680440.0,72621232.0,0.0,0.0,0.0,0.0,0.0,0.0,0.0,0.0,0.0,28976684.0,7966996.0,0.0,0.0,0
1789678956.098862,keyboard,339,7,0.0,0.0,0.0,0.0,29708300.0,0.0,0.0,0.0,88898672.0,24195058.0,0.0,0.0,0.0,35345476.0,0.0,38392624.0,0
1789678956.1746778,keyboard,24,6,0.0,0.0,128147456.0,0.0,0.0,0.0,0.0,0.0,0.0,0.0,0.0,55765376.0,57609688.0,94040984.0,0.0,0.0,0
1789678956.239111,keyboard,46,8,35161876.0,3594149.0,18089672.0,0.0,0.0,0.0,5194536.5,0.0,0.0,0.0,0.0,0.0,11742698.0,29614764.0,0.0,0.0,0
1789678956.3018951,keyboard,12,15,0.0,0.0,35206156.0,50179488.0,100488880.0,8486344.0,39202836.0,20206362.0,24112520.0,0.0,6905449.0,9504864.0,0.0,1878201.25,0.0,5269927.5,0
1789678956.3644428,keyboard,23,6,0.0,0.0,0.0,0.0,0.0,0.0,0.0,0.0,0.0,0.0,0.0,125139712.0,18739452.0,0.0,6251329.0,2112306.0,0
1789678956.4274695,keyboard,10,6,29501796.0,26267712.0,41294068.0,12384826.0,0.0,6235598.5,0.0,0.0,0.0,0.0,0.0,0.0,0.0,0.0,0.0,0.0,0
1789678956.5105252,keyboard,13,7,0.0,2718331.0,3866920.0,0.0,4124972.25,0.0,0.0,1914817.5,3772446.0,0.0,0.0,0.0,6093762.0,0.0,0.0,0.0,0
1789678956.5755854,keyboard,32,10,0.0,0.0,63086828.0,0.0,0.0,0.0,4118354.5,48094912.0,0.0,29423028.0,42218228.0,14201500.0,0.0,7211104.0,0.0,0.0,0
1789678956.6397371,keyboard,32,5,747898.0,773386.9375,603362.625,0.0,0.0,1863426.375,0.0,0.0,0.0,0.0,0.0,0.0,0.0,0.0,0.0,0.0,0
1789678956.685371,keyboard,29,8,11777498.0,16207941.0,44460744.0,0.0,0.0,0.0,3996304.25,1147450.0,0.0,0.0,4399164.0,9166330.0,0.0,0.0,0.0,0.0,0
1789678956.7484767,keyboard,27,10,0.0,0.0,106698624.0,0.0,1750255.25,0.0,9929130.0,0.0,0.0,20252260.0,11735500.0,0.0,94172128.0,0.0,1993080.625,0.0,0
1789678956.8584723,keyboard,12,7,38481944.0,44767828.0,0.0,0.0,0.0,17870298.0,0.0,16627092.0,0.0,0.0,0.0,0.0,0.0,0.0,0.0,0.0,0
1789678956.9878693,keyboard,33,3,0.0,0.0,125950816.0,0.0,0.0,0.0,0.0,0.0,0.0,0.0,0.0,0.0,0.0,0.0,0.0,0.0,0
1789678958.347077,keyboard,45,15,0.0,0.0,0.0,0.0,0.0,0.0,0.0,0.0,0.0,154794592.0,505216608.0,969665536.0,501190880.0,1413339136.0,1564625664.0,1382932480.0,0
1789678958.665405,keyboard,16,10,0.0,43834584.0,8781861.0,0.0,0.0,0.0,0.0,0.0,0.0,0.0,0.0,99793568.0,37646136.0,58839508.0,0.0,7080072.0,0
1789678958.759865,keyboard,9,4,0.0,0.0,56918304.0,0.0,0.0,0.0,0.0,0.0,0.0,3885626.5,0.0,0.0,0.0,14234077.0,0.0,0.0,0
1789678958.854122,keyboard,29,5,6694255.0,0.0,0.0,0.0,16166567.0,0.0,0.0,13029312.0,0.0,0.0,0.0,0.0,0.0,9269368.0,0.0,4263247.5,0
1789678958.9240036,keyboard,30,4,0.0,0.0,0.0,0.0,20321938.0,0.0,0.0,0.0,0.0,13102774.0,0.0,13777397.0,31138228.0,0.0,0.0,0.0,0
1789678959.0127835,keyboard,31,7,9499585.0,11914411.0,0.0,0.0,0.0,18290390.0,0.0,0.0,0.0,0.0,0.0,101624560.0,36183436.0,0.0,0.0,0.0,0
1789678959.107409,keyboard,24,8,8687538.0,94716432.0,0.0,5708324.5,0.0,4182110.75,6336654.0,0.0,0.0,0.0,0.0,0.0,0.0,1484582.875,0.0,0.0,0
1789678959.2039108,keyboard,21,4,22756804.0,0.0,0.0,0.0,0.0,0.0,0.0,0.0,0.0,0.0,0.0,8993374.0,4667905.0,0.0,0.0,0.0,0
1789678959.2979212,keyboard,29,6,0.0,0.0,1726793.0,0.0,0.0,0.0,6042272.5,0.0,1682754.25,0.0,0.0,10087412.0,1949425.375,2657262.75,0.0,0.0,0
1789678959.3913407,keyboard,19,4,2428219.0,0.0,0.0,0.0,6415930.0,0.0,0.0,0.0,0.0,2262288.5,0.0,0.0,0.0,0.0,0.0,0.0,0
1789678959.449262,keyboard,2,6,0.0,12579097.0,0.0,7542976.0,6493098.5,0.0,19436204.0,0.0,0.0,0.0,0.0,0.0,0.0,0.0,0.0,0.0,0
1789678959.5126538,keyboard,22,8,18996070.0,76673184.0,174213504.0,0.0,0.0,0.0,0.0,0.0,0.0,0.0,0.0,0.0,27369314.0,0.0,1085653.0,0.0,0
1789678961.4819086,keyboard,33,11,20070022.0,35872448.0,18882818.0,0.0,0.0,0.0,0.0,0.0,0.0,0.0,10250306.0,272059136.0,262064800.0,20446344.0,0.0,0.0,0
1789678961.7985942,keyboard,26,10,0.0,0.0,8507089.0,23736286.0,15783848.0,9445272.0,33468000.0,0.0,2891079.0,0.0,0.0,0.0,14033128.0,0.0,0.0,0.0,0
1789678961.8931377,keyboard,6,9,0.0,4516907.5,0.0,4357088.5,9156630.0,0.0,0.0,1624214.125,0.0,2107043.0,0.0,13819847.0,2054008.875,0.0,0.0,0.0,0
1789678962.0202754,keyboard,208,3,0.0,0.0,0.0,10875579.0,4442709.5,0.0,0.0,0.0,0.0,3178238.25,0.0,0.0,0.0,0.0,0.0,0.0,0
1789678962.1151495,keyboard,27,6,15774179.0,25153440.0,22625752.0,33423570.0,0.0,0.0,0.0,0.0,0.0,0.0,4795574.5,0.0,0.0,0.0,0.0,2082105.25,0
1789678962.2105896,keyboard,31,5,0.0,24485084.0,17519386.0,0.0,0.0,0.0,0.0,0.0,0.0,0.0,5073406.0,0.0,0.0,0.0,0.0,0.0,0
1789678962.3995602,keyboard,31,9,0.0,4640342.0,2752036.5,0.0,0.0,0.0,2126109.25,0.0,3077470.5,3679758.0,3292485.5,0.0,16301296.0,9465100.0,0.0,0.0,0
1789678965.724863,keyboard,249,7,0.0,0.0,0.0,0.0,0.0,0.0,375786816.0,61232264.0,23658564.0,0.0,0.0,0.0,0.0,93108680.0,0.0,58506992.0,0
1789678965.725878,keyboard,317,5,195712736.0,177388544.0,66201216.0,0.0,0.0,0.0,0.0,0.0,0.0,0.0,0.0,0.0,0.0,0.0,0.0,0.0,0
1789678965.8517015,keyboard,249,8,0.0,0.0,0.0,0.0,3676007.0,7375434.0,33216000.0,15187879.0,0.0,0.0,0.0,0.0,7259043.0,2521079.25,0.0,0.0,0
1789678965.978703,keyboard,250,6,0.0,0.0,0.0,0.0,0.0,0.0,21459782.0,0.0,0.0,0.0,0.0,31455256.0,0.0,0.0,0.0,14200769.0,0
1789678966.1348815,keyboard,233,5,0.0,0.0,0.0,0.0,0.0,9012725.0,12884128.0,0.0,0.0,0.0,0.0,0.0,228475648.0,71029320.0,0.0,0.0,0
1789678966.4205842,keyboard,235,12,0.0,347784896.0,154030368.0,0.0,0.0,0.0,1101026560.0,460444416.0,0.0,0.0,0.0,135496896.0,1318140160.0,4052562432.0,0.0,0.0,0
1789678966.4828093,keyboard,235,3,0.0,0.0,0.0,0.0,0.0,8017653.0,0.0,0.0,7346657.0,0.0,0.0,0.0,0.0,14259904.0,0.0,0.0,0
1789678966.5779345,keyboard,234,4,0.0,0.0,0.0,0.0,0.0,0.0,25467186.0,23561600.0,0.0,0.0,0.0,0.0,149071232.0,0.0,0.0,0.0,0
1789678966.958706,keyboard,15,11,25583206.0,25408068.0,56096232.0,17061476.0,34022216.0,0.0,0.0,0.0,8704854.0,0.0,0.0,0.0,0.0,0.0,0.0,0.0,0
1789678968.2880447,keyboard,229,10,0.0,0.0,0.0,1566037.25,3572058.0,2290136.75,10293636.0,0.0,782126.375,0.0,0.0,1436429.5,6963393.5,0.0,0.0,0.0,0
1789678969.0185826,keyboard,55,5,21089024.0,27718756.0,5075181.5,0.0,0.0,0.0,0.0,1932739.5,0.0,0.0,0.0,0.0,0.0,1224956.0,0.0,0.0,0
1789678969.019659,keyboard,228,6,0.0,0.0,0.0,0.0,0.0,1388502.375,0.0,0.0,0.0,2366555.75,526370.9375,0.0,4287093.0,0.0,0.0,0.0,0
1789678969.2383652,keyboard,9,7,0.0,0.0,27706544.0,3518651.0,5247511.0,0.0,0.0,0.0,0.0,1781035.25,0.0,0.0,0.0,5490062.5,4964607.0,0.0,0
1789678969.4586678,keyboard,228,10,0.0,0.0,32280926.0,0.0,0.0,0.0,40094576.0,0.0,0.0,0.0,14325395.0,7271824.0,100177120.0,69351520.0,0.0,35170324.0,0
1789678969.8690956,keyboard,202,5,0.0,0.0,0.0,0.0,0.0,0.0,0.0,0.0,0.0,4491485.5,0.0,0.0,0.0,7989454.0,5562682.0,23734664.0,0
1789678969.9641068,keyboard,211,12,0.0,10379107.0,997295.0,0.0,0.0,0.0,4155697.5,0.0,0.0,0.0,0.0,21252830.0,81144864.0,30668170.0,8320190.0,0.0,0
1789678970.2179182,keyboard,203,17,33635552.0,0.0,0.0,0.0,9063319.0,55792928.0,178633376.0,45048332.0,12982328.0,0.0,0.0,46743152.0,26810240.0,25126800.0,57267944.0,0.0,0
1789678970.3446362,keyboard,203,7,0.0,0.0,0.0,0.0,0.0,0.0,0.0,0.0,8174044.0,35394944.0,0.0,0.0,38115728.0,0.0,17118610.0,16371370.0,0
1789678970.4711196,keyboard,227,4,0.0,0.0,0.0,8265039.0,0.0,1741823.125,21622886.0,0.0,0.0,0.0,0.0,0.0,18389158.0,0.0,0.0,0.0,0
1789678970.597142,keyboard,188,6,0.0,0.0,1887084.75,0.0,0.0,0.0,0.0,0.0,3974550.5,9778418.0,0.0,0.0,0.0,15801974.0,0.0,0.0,0
1789678970.723372,keyboard,220,6,0.0,0.0,0.0,8813086.0,0.0,0.0,0.0,0.0,0.0,0.0,0.0,58843640.0,24956460.0,65822856.0,0.0,0.0,0
1789678971.008619,keyboard,209,12,0.0,0.0,0.0,7911862.0,0.0,0.0,0.0,0.0,64590304.0,7471921.0,0.0,133181184.0,89091184.0,14770749.0,58834764.0,82117552.0,0
1789678971.1667247,keyboard,215,9,0.0,0.0,0.0,0.0,5350472.0,0.0,132018584.0,53110656.0,15338276.0,0.0,0.0,50895296.0,0.0,2505513.0,0.0,0.0,0
1789678971.2940133,keyboard,198,11,1795640.625,0.0,0.0,0.0,0.0,1383573.25,0.0,0.0,330940.375,1487811.875,4449417.0,0.0,3470173.5,33503252.0,0.0,15698221.0,0
1789678971.6104245,keyboard,205,12,0.0,0.0,0.0,0.0,4444775.5,0.0,0.0,11060706.0,44948052.0,41296972.0,0.0,0.0,0.0,151641024.0,49089468.0,142213152.0,0
1789678971.926767,keyboard,211,4,0.0,21687046.0,0.0,0.0,0.0,0.0,0.0,0.0,0.0,0.0,0.0,0.0,8231992.0,0.0,62504160.0,55637184.0,0
1789678973.9521198,keyboard,232,9,0.0,0.0,0.0,3162882.25,0.0,0.0,42043464.0,14562364.0,0.0,24159940.0,0.0,0.0,0.0,0.0,10331277.0,9245098.0,0
1789678974.0780478,keyboard,194,15,0.0,0.0,0.0,0.0,0.0,1241508.0,13443475.0,9603656.0,5317102.0,0.0,0.0,131444680.0,265088352.0,215232416.0,0.0,84500088.0,0
1789678974.709967,keyboard,160,11,24683172.0,0.0,0.0,0.0,0.0,0.0,0.0,26117406.0,65565956.0,0.0,0.0,0.0,0.0,109542272.0,76869352.0,93179632.0,0
1789678975.0282695,keyboard,222,5,0.0,0.0,0.0,0.0,0.0,0.0,24945274.0,0.0,0.0,0.0,1673370.0,0.0,3483332.0,0.0,0.0,0.0,0
1789678975.0290618,keyboard,153,4,111080368.0,0.0,0.0,0.0,0.0,904337.3125,0.0,0.0,0.0,0.0,0.0,0.0,0.0,7459175.0,0.0,0.0,0
1789678975.218749,keyboard,218,8,0.0,0.0,0.0,0.0,5833925.0,0.0,0.0,28348676.0,0.0,0.0,0.0,0.0,16067547.0,27346280.0,36798728.0,0.0,0
1789678976.8312445,keyboard,176,5,0.0,0.0,23097176.0,0.0,0.0,0.0,0.0,0.0,0.0,0.0,0.0,50273688.0,71989992.0,0.0,0.0,11724008.0,0
1789678979.112395,keyboard,0,3,0.0,0.0,0.0,0.0,19493248.0,4469991.5,0.0,0.0,0.0,0.0,0.0,0.0,0.0,1555382.75,0.0,0.0,0
1789678980.501603,keyboard,209,7,0.0,0.0,0.0,0.0,0.0,0.0,66334448.0,56240032.0,8738959.0,0.0,0.0,0.0,6318592.0,0.0,0.0,0.0,0
1789678982.1463993,keyboard,203,9,0.0,0.0,1037307.0625,0.0,0.0,0.0,0.0,610415.3125,2346767.5,0.0,0.0,2828670.5,24442946.0,13688110.0,12703980.0,0.0,0
1789678986.575559,keyboard,347,26,0.0,51826432.0,163665120.0,97720096.0,72924096.0,86118688.0,203088480.0,121059000.0,49366888.0,0.0,0.0,59058880.0,0.0,161721504.0,619284160.0,772487552.0,0
1789678987.4310837,keyboard,350,30,0.0,21460824.0,37263688.0,32735524.0,0.0,25185672.0,36365004.0,52951856.0,5544847.0,67040464.0,51015564.0,68926264.0,9651612.0,43368964.0,56352104.0,9370581.0,0
1789678987.6566608,keyboard,4,21,0.0,3707868.0,0.0,5786822.0,0.0,0.0,0.0,2597160.25,1358297.0,3827122.5,8235114.0,30879576.0,26655988.0,19825332.0,17594096.0,8438676.0,0
1789678988.128273,keyboard,71,5,0.0,0.0,0.0,0.0,0.0,347998.5,3113155.5,906007.9375,0.0,0.0,0.0,0.0,174547.90625,0.0,0.0,0.0,0
1789678988.6667387,keyboard,4,27,0.0,0.0,31163904.0,28636948.0,22963492.0,0.0,78607216.0,66252952.0,44644148.0,14905758.0,103459608.0,105469968.0,11377698.0,62914008.0,97266240.0,105426080.0,0
1789678988.7120435,keyboard,7,19,19220332.0,0.0,0.0,0.0,0.0,880954.25,1695972.25,23598700.0,57617112.0,33659456.0,65370664.0,49138768.0,13703514.0,2764998.5,0.0,11213080.0,0
1789678989.1402142,keyboard,359,29,4936358.5,3120050.5,26008328.0,334130.84375,1184115.5,0.0,60406288.0,58953216.0,21645846.0,16437349.0,22980870.0,45252376.0,13752608.0,32483524.0,1160583.625,9077114.0,0
1789678989.6460862,keyboard,344,23,0.0,6463483.0,0.0,0.0,0.0,7900133.5,14760717.0,8733504.0,0.0,38704968.0,28982410.0,73865664.0,16406826.0,23088064.0,40524792.0,16456868.0,0
1789678989.8997831,keyboard,348,24,0.0,5609064.0,453700.5625,1827868.0,0.0,910189.25,2202262.0,1001500.75,0.0,23741728.0,11788028.0,15411803.0,18823956.0,62258736.0,23450544.0,21839980.0,0
1789678990.4704626,keyboard,359,19,0.0,4264168.5,30684308.0,11781879.0,0.0,0.0,2162923.25,5085913.0,2893856.0,8977126.0,16548662.0,0.0,0.0,26725678.0,3829328.75,0.0,0
1789678990.722977,keyboard,0,24,0.0,0.0,15899580.0,3161512.5,4318247.5,0.0,5098644.0,9562427.0,2470431.5,21705892.0,23876710.0,15437382.0,29562048.0,18436376.0,4450906.5,25374056.0,0
1789678991.6723423,keyboard,359,22,0.0,0.0,0.0,0.0,1002767.125,707435.5,5095691.0,2854497.0,5853692.5,8319719.5,6319912.0,33229922.0,64744216.0,53742940.0,5908832.0,7740580.0,0
1789678992.1468625,keyboard,344,19,0.0,5896898.0,19770264.0,0.0,0.0,9172344.0,19678320.0,13289670.0,7867767.5,11852260.0,22523988.0,18676818.0,13440247.0,10494620.0,10220138.0,7023457.0,0
1789678992.2104695,keyboard,349,22,0.0,0.0,37641172.0,7471809.5,0.0,0.0,80016792.0,37974560.0,10594411.0,100616416.0,41056072.0,30606004.0,45806120.0,82482856.0,12884966.0,16974166.0,0
1789678992.30522,keyboard,346,25,0.0,0.0,0.0,0.0,50353856.0,48596888.0,42886212.0,27298554.0,7435498.5,34339568.0,16396333.0,137495840.0,111804760.0,60847536.0,33779112.0,9046642.0,0
1789679008.7574277,keyboard,357,16,0.0,0.0,1049323.75,2121520.5,362119.8125,1807102.375,0.0,2286678.0,18087052.0,18517326.0,0.0,0.0,773972.9375,15667488.0,10979326.0,0.0,0
1789679010.9409225,keyboard,356,22,1932563.375,0.0,26454682.0,0.0,3027792.0,0.0,30859480.0,17796486.0,56454184.0,61515648.0,29287372.0,53041080.0,14486666.0,6388293.0,0.0,38333396.0,0
1789679011.6347227,keyboard,345,22,0.0,0.0,0.0,0.0,0.0,735701.625,3891153.5,4167430.0,490703.1875,22903916.0,37142936.0,67538976.0,50772888.0,10965008.0,8156841.0,12331774.0,0
1789679011.6985605,keyboard,343,6,0.0,498230.59375,0.0,0.0,0.0,0.0,334434.15625,0.0,66456.28125,0.0,827285.125,418144.46875,0.0,0.0,164633.65625,0.0,0
1789679012.3304615,keyboard,12,8,0.0,0.0,0.0,0.0,9006848.0,0.0,0.0,0.0,2928590.0,0.0,0.0,12713614.0,0.0,0.0,7481269.5,5208434.0,0
1789679012.3958752,keyboard,0,8,0.0,0.0,0.0,0.0,0.0,0.0,0.0,154017.546875,0.0,861670.375,0.0,813011.4375,2262976.25,0.0,166796.40625,0.0,0
1789679012.584173,keyboard,348,19,0.0,0.0,4943341.0,7361248.0,6125352.5,1126935.25,2086176.125,537901.0,2056902.5,3345006.75,854067.0,0.0,0.0,1393944.375,1979522.75,3619182.5,0
1789679012.6787543,keyboard,0,17,0.0,0.0,0.0,6797158.5,0.0,0.0,0.0,0.0,32100398.0,5618926.0,12533274.0,76035120.0,10010035.0,11368976.0,25373260.0,29139824.0,0
1789679013.3440866,keyboard,1,17,6301296.5,0.0,0.0,0.0,5112814.0,7512459.5,0.0,5741455.5,1618596.0,27082768.0,16417992.0,13076914.0,0.0,19233608.0,12980334.0,7601021.5,0
1789679013.564015,keyboard,359,24,5273576.5,0.0,0.0,8102634.0,0.0,3370044.5,6553277.0,17446592.0,0.0,135920752.0,87512864.0,144873504.0,47974428.0,67363968.0,50504228.0,22734320.0,0
1789679013.7870507,keyboard,0,22,0.0,0.0,17625332.0,3135908.25,0.0,1398059.0,12737390.0,0.0,18944058.0,77210688.0,50805248.0,71192176.0,8650261.0,31793690.0,7701433.0,13525372.0,0
1789679019.0965302,keyboard,355,23,26547538.0,0.0,432885760.0,149672544.0,0.0,0.0,0.0,15052614.0,19854356.0,328912448.0,61794448.0,88060056.0,3405629.5,52518072.0,41668460.0,108874736.0,0
1789679019.160792,keyboard,355,24,0.0,0.0,0.0,6834917.5,5734364.0,2210363.75,10249682.0,2998580.25,4300929.0,4403825.5,7526760.5,6665771.5,5038085.0,10750891.0,7692871.0,7473814.5,0
1789679019.508568,keyboard,354,18,0.0,0.0,41940196.0,34816540.0,5427940.5,0.0,0.0,4259917.5,2820899.25,67997080.0,26188432.0,0.0,7509727.0,10871154.0,16830942.0,8441299.0,0
1789679019.5806386,keyboard,353,25,0.0,0.0,32935158.0,61974832.0,18567002.0,14746369.0,19880354.0,1549538.75,0.0,23963466.0,62232036.0,99060704.0,93257768.0,43720924.0,28146660.0,50544744.0,0
1789679020.7417076,keyboard,43,10,0.0,9252673.0,14496203.0,0.0,111495824.0,94035224.0,50229928.0,11626320.0,0.0,2651310.5,5921140.5,0.0,0.0,0.0,0.0,0.0,0
1789679021.848283,keyboard,342,30,57847220.0,331641760.0,328944960.0,37391804.0,24619008.0,68099376.0,105469576.0,106776128.0,87348000.0,47414444.0,39538864.0,81289696.0,61530448.0,10758247.0,37220616.0,61104872.0,0
1789679021.9121025,keyboard,342,17,0.0,12326381.0,88336760.0,103253224.0,0.0,10093164.0,11010770.0,3644485.25,0.0,0.0,0.0,35126860.0,0.0,1310167.875,4440031.5,25331004.0,0
1789679022.0382965,keyboard,353,30,15428557.0,17938828.0,0.0,9245175.0,67070312.0,49667620.0,106928640.0,100786672.0,71961248.0,24219046.0,76450608.0,168320752.0,31450026.0,38801416.0,315824672.0,409739360.0,0
1789679022.109867,keyboard,351,24,0.0,34687500.0,35559752.0,12812090.0,0.0,0.0,7227599.5,9663219.0,18262896.0,43175296.0,34769560.0,59512760.0,9104358.0,38050420.0,82285200.0,47196736.0,0
1789679022.2599363,keyboard,347,16,0.0,15576432.0,0.0,0.0,83842640.0,0.0,45154864.0,17432372.0,0.0,73832224.0,12399322.0,0.0,0.0,105153072.0,23416264.0,1416465.25,0
1789679022.324221,keyboard,348,30,26843004.0,0.0,42360192.0,5647778.0,29009216.0,30963514.0,42617924.0,22020156.0,6072988.0,62158232.0,78460736.0,208053120.0,77096032.0,59054264.0,32502106.0,6177716.5,0
1789679024.661865,keyboard,350,20,0.0,14292542.0,50565264.0,0.0,21409720.0,10647009.0,14199355.0,6681875.0,0.0,68910160.0,140681216.0,76057064.0,35209696.0,0.0,4504633.5,37972040.0,0
1789679024.726334,keyboard,346,28,58992548.0,112322640.0,500998848.0,51776836.0,0.0,73261168.0,235146704.0,149767808.0,8766430.0,122113904.0,141554784.0,225323328.0,133760296.0,29498172.0,166751136.0,536408768.0,0
1789679031.2099495,keyboard,0,22,0.0,0.0,0.0,2345224.25,0.0,9570569.0,0.0,3608514.75,6289071.0,100542984.0,34140640.0,57449464.0,60252504.0,41506016.0,54986912.0,14310207.0,0
1789679031.6189651,keyboard,352,29,0.0,27917856.0,21448108.0,4884163.0,13820238.0,35430128.0,5633501.0,8960496.0,28397244.0,268356192.0,158054976.0,205533504.0,189937472.0,155583728.0,121098576.0,91075904.0,0
1789679031.8412664,keyboard,352,19,254085.75,1986926.25,0.0,436583.125,1041514.75,0.0,1152429.25,6048725.0,8738409.0,7391777.0,0.0,3283175.25,2503776.5,3200692.25,633038.5,0.0,0
1789679032.5695207,keyboard,350,27,0.0,20419328.0,30760278.0,0.0,17563974.0,7863771.5,0.0,557917.375,8902314.0,124311144.0,66615612.0,127585008.0,12282864.0,24600020.0,40332096.0,44333440.0,0
1789679032.790568,keyboard,352,24,0.0,0.0,0.0,0.0,14466018.0,24901240.0,7058844.0,0.0,23061922.0,258875984.0,156444864.0,273968704.0,140950880.0,145569872.0,117655280.0,118076488.0,0
1789679033.011278,keyboard,353,13,0.0,0.0,0.0,0.0,2997462.0,399662.9375,0.0,7247494.0,4607407.5,0.0,775642.625,1230752.75,0.0,661788.5,758732.5625,0.0,0
1789679034.3408315,keyboard,357,12,17821424.0,0.0,0.0,0.0,3280525.5,0.0,0.0,4525042.5,3168480.5,528350.5,2601244.0,277509.46875,0.0,2166465.5,2099916.25,0.0,0
1789679034.7825203,keyboard,344,9,4142879.5,0.0,0.0,0.0,924835.5,801015.75,0.0,2150129.5,0.0,1372810.25,3497406.5,841645.8125,0.0,0.0,0.0,0.0,0
1789679035.0035992,keyboard,3,24,778995.875,2142894.25,10127948.0,5749336.5,18720104.0,0.0,0.0,4372813.5,10678504.0,75883880.0,4382054.0,35575996.0,24653408.0,15241922.0,3006996.5,4581507.5,0
1789679035.2258818,keyboard,352,21,0.0,1592063.75,0.0,1811084.75,9492006.0,4098893.25,0.0,0.0,8881452.0,52563960.0,9277041.0,31986980.0,25561662.0,7502462.5,1802834.5,3562643.0,0
1789679035.7003102,keyboard,354,27,0.0,0.0,40187044.0,11840168.0,160870768.0,83132688.0,0.0,11977709.0,15313456.0,281270848.0,246896832.0,548375232.0,228031456.0,121046424.0,59424464.0,55830360.0,0
1789679035.95351,keyboard,353,9,0.0,0.0,0.0,9232464.0,18345730.0,0.0,0.0,4982805.0,3116473.5,812075.8125,0.0,0.0,842529.25,2214078.25,0.0,0.0,0
1789679037.0619965,keyboard,351,27,9922240.0,2945814.75,0.0,0.0,40843068.0,0.0,8023566.5,11431421.0,3628713.5,60342068.0,19916196.0,36673136.0,35223656.0,40169752.0,9798718.0,15715598.0,0
1789679039.4657834,keyboard,354,26,0.0,0.0,19641976.0,0.0,9664314.0,996526.0625,16633820.0,0.0,24408840.0,80562288.0,71361296.0,137804992.0,29394888.0,11234125.0,6401830.0,84461368.0,0
1789679039.9401472,keyboard,5,23,0.0,0.0,20907040.0,4772614.0,13322196.0,0.0,2208059.25,1016870.625,13449202.0,87944224.0,14592639.0,15739776.0,0.0,2810266.5,0.0,3813008.25,0
1789679040.1612153,keyboard,2,22,26414648.0,0.0,15587666.0,0.0,9320585.0,8906168.0,15958184.0,4803955.0,61832008.0,391569696.0,150824080.0,261227216.0,131153520.0,77718776.0,0.0,0.0,0
1789679040.3832412,keyboard,359,25,7416088.0,0.0,3364188.0,0.0,1342848.75,4402487.5,11621749.0,7373516.0,12427626.0,115774592.0,97331736.0,83825376.0,0.0,42109088.0,13372817.0,54532388.0,0
1789679040.8578837,keyboard,1,25,0.0,0.0,0.0,0.0,24079532.0,15144043.0,26052800.0,26009828.0,51121480.0,219432320.0,76979592.0,222251440.0,26522746.0,9704520.0,37373128.0,63730368.0,0
1789679041.585439,keyboard,0,26,0.0,0.0,19347088.0,9607355.0,2867017.5,8434621.0,27679622.0,28313200.0,16686898.0,55282604.0,51721924.0,22150688.0,19271656.0,30487936.0,70735680.0,12968278.0,0
1789679041.8383455,keyboard,3,24,17421936.0,0.0,64537732.0,10718157.0,0.0,3267151.5,26266616.0,11317998.0,69176376.0,271078720.0,191178992.0,173158944.0,29543264.0,0.0,24981300.0,36691476.0,0
1789679043.6730845,keyboard,348,26,5557105.5,15367668.0,49658224.0,8922915.0,0.0,0.0,16428886.0,9894660.0,2859984.25,0.0,27738880.0,31243006.0,13235672.0,16176570.0,15545198.0,16394042.0,0
1789679044.0202744,keyboard,351,18,0.0,35381856.0,0.0,1590236.75,898102.375,0.0,0.0,3994068.0,2930966.75,5583721.5,1660155.25,5105217.0,1986525.0,697280.75,233036.828125,0.0,0
1789679045.4763658,keyboard,0,26,0.0,0.0,0.0,3605226.0,2004857.5,4751007.0,4937747.0,5346433.0,28727820.0,25325224.0,21999516.0,57920776.0,9715466.0,3813760.0,6875330.0,6979571.0,0
1789679045.7610672,keyboard,359,23,9411111.0,0.0,13408322.0,8235075.0,0.0,9222173.0,0.0,5273670.0,20589318.0,28120734.0,7081164.0,16290230.0,6973712.5,4730763.0,9727106.0,4596390.5,0
1789679046.3924582,keyboard,359,26,0.0,0.0,0.0,0.0,1947970.375,2638225.0,1413439.25,410063.1875,509291.96875,8307717.0,9611266.0,7364286.0,4304793.5,4260266.5,4752528.5,5842901.0,0
1789679047.8156734,keyboard,1,27,0.0,19608042.0,17495834.0,5256440.0,5001913.0,4276921.0,0.0,40206964.0,53254036.0,203542016.0,310096544.0,379266400.0,186983200.0,84741680.0,84211248.0,90689072.0,0
1789679047.9118106,keyboard,0,27,8528719.0,0.0,141281744.0,24546510.0,4599385.0,11174572.0,61733728.0,68237312.0,0.0,15909527.0,44781336.0,47734536.0,115911920.0,145786320.0,200099184.0,88856032.0,0
1789679051.2331862,keyboard,344,27,0.0,6089636.5,12898154.0,12270499.0,6080238.0,13159082.0,9938132.0,5410057.5,0.0,23701964.0,80595360.0,21983262.0,15050396.0,15701894.0,4040206.5,44781704.0,0
1789679051.6434736,keyboard,345,28,3566975.0,0.0,1267607.0,2522439.0,5205924.0,9424174.0,12425039.0,11451822.0,8735227.0,19429184.0,12185983.0,15339541.0,14893526.0,25441666.0,4884813.0,42506616.0,0
1789679051.8654969,keyboard,354,26,5527978.0,13460629.0,363210.40625,0.0,13530410.0,15193302.0,11966898.0,2693923.5,0.0,66748932.0,160723392.0,119586728.0,73392864.0,80801376.0,64899912.0,129888552.0,0
1789679052.278183,keyboard,359,19,4936898.0,0.0,3639786.5,14357022.0,0.0,793428.875,0.0,7034127.5,7282981.0,0.0,3269519.0,8611013.0,9423894.0,827482.375,9727636.0,21134228.0,0
1789679053.0993395,keyboard,349,20,0.0,0.0,948339.1875,0.0,4296550.5,4468147.0,4518667.0,267587.09375,0.0,16069765.0,9274237.0,7789036.5,0.0,19585068.0,5372044.5,8472259.0,0
1789679053.5109394,keyboard,356,17,0.0,0.0,0.0,0.0,428708.625,0.0,490243.46875,215655.375,388681.125,4309845.0,2863166.0,22220890.0,5239406.0,1463750.25,5540520.0,0.0,0
1789679054.3018627,keyboard,4,23,4770736.0,0.0,6770659.0,0.0,0.0,0.0,29831754.0,14443110.0,57961400.0,169169264.0,8413354.0,26658542.0,18047862.0,102050064.0,107382464.0,57763952.0,0
1789679055.155885,keyboard,354,19,0.0,0.0,4190874.75,0.0,10550866.0,9934126.0,5186788.0,7894788.0,12124311.0,15900880.0,0.0,0.0,21640912.0,34545576.0,0.0,9831432.0,0
1789679055.630786,keyboard,4,19,0.0,1839507.25,0.0,0.0,0.0,2105455.0,9448408.0,10385256.0,16194778.0,64565152.0,0.0,7994426.5,12048162.0,18686528.0,9574342.0,14130060.0,0
1789679055.8509772,keyboard,349,21,0.0,0.0,0.0,1341713.0,2091544.25,0.0,0.0,4199530.0,4191538.25,6572733.0,0.0,14318746.0,49698800.0,39571192.0,10714792.0,8075855.0,0
1789679056.1990848,keyboard,354,28,16607408.0,13444075.0,18462834.0,9958421.0,11229454.0,6738750.0,5524268.5,3532585.0,2487491.5,26019976.0,38294176.0,19369198.0,4165123.25,710143.625,7481037.5,19717152.0,0
1789679056.2939403,keyboard,353,24,152932880.0,47842416.0,218055200.0,0.0,78759656.0,199997824.0,84394336.0,0.0,0.0,14250519.0,292696512.0,222144800.0,27324830.0,102821112.0,131736200.0,99450920.0,0
1789679056.4528625,keyboard,353,26,0.0,0.0,60819136.0,83996144.0,98023648.0,70740464.0,11089548.0,9611905.0,17136798.0,10305140.0,3428072.25,10336340.0,1699574.625,35823048.0,28869674.0,19648342.0,0
1789679056.4984827,keyboard,354,25,71856712.0,167525600.0,369274624.0,0.0,0.0,0.0,0.0,14770677.0,75627480.0,246100032.0,203835120.0,360880320.0,200007520.0,167684960.0,31824568.0,24502372.0,0
1789679056.578621,keyboard,354,19,0.0,0.0,0.0,91660728.0,45951320.0,0.0,22933192.0,49220720.0,77187696.0,10044537.0,99452064.0,74625944.0,87743144.0,75198000.0,11722154.0,0.0,0
1789679056.6736796,keyboard,356,15,0.0,0.0,0.0,159537632.0,34649028.0,0.0,0.0,0.0,27416818.0,29742284.0,0.0,17141094.0,7421897.0,36768620.0,0.0,6232600.0,0
1789679056.7693932,keyboard,4,13,15240092.0,7396171.0,59446936.0,0.0,14912536.0,0.0,841866.625,6113573.0,4085146.75,1939882.0,7675187.0,25139184.0,23088136.0,0.0,0.0,0.0,0
1789679056.863036,keyboard,341,26,0.0,30330404.0,0.0,66619416.0,107604368.0,88181568.0,145256112.0,24194600.0,0.0,118055184.0,16408814.0,240543040.0,111875688.0,100358360.0,3012354.5,16394716.0,0
1789679059.2665606,keyboard,351,27,0.0,0.0,823319.5,0.0,2225284.5,1623217.375,13662427.0,6601411.5,3679695.0,48131720.0,67376912.0,57948620.0,10405609.0,119349104.0,104744800.0,38882028.0,0
1789679060.6265678,keyboard,340,18,84228600.0,0.0,0.0,0.0,7748440.0,23138348.0,34630120.0,0.0,5416090.0,46288584.0,29554312.0,10420290.0,0.0,0.0,14673021.0,57593112.0,0
1789679061.1973052,keyboard,348,21,26267480.0,0.0,103465872.0,0.0,81600720.0,0.0,0.0,6215595.5,2719385.0,35143356.0,32631342.0,210867008.0,94568856.0,26362276.0,48006100.0,20878972.0,0
1789679061.322825,keyboard,348,23,28745298.0,0.0,599260992.0,695545536.0,632268928.0,286422720.0,0.0,11759000.0,67760160.0,41330900.0,13173340.0,270679904.0,316930592.0,34336028.0,0.0,0.0,0
1789679061.892352,keyboard,327,16,0.0,9658152.0,0.0,0.0,42946408.0,10671215.0,10732756.0,0.0,0.0,0.0,11320747.0,14724184.0,0.0,18949760.0,44635456.0,38719688.0,0
1789679066.2242694,keyboard,350,29,64558032.0,17280444.0,52855384.0,5745209.0,22533876.0,16921910.0,86273816.0,40930488.0,5241474.0,20017398.0,40203176.0,13626471.0,0.0,46696220.0,6470321.0,3603621.5,0
1789679066.320079,keyboard,359,20,0.0,32614640.0,40942056.0,8397152.0,9516575.0,9670128.0,7492104.5,0.0,6410985.5,14381798.0,7542542.0,19138118.0,15113173.0,6234356.0,3476381.5,0.0,0
1789679066.7311833,keyboard,343,20,16965360.0,0.0,128836016.0,41792060.0,36275784.0,14240300.0,0.0,0.0,6710871.0,0.0,75335120.0,21643508.0,37573856.0,156083408.0,89399360.0,53289808.0,0
1789679066.8271077,keyboard,348,9,0.0,0.0,0.0,35190976.0,23611594.0,0.0,0.0,13360944.0,21066970.0,0.0,387289.1875,3638240.5,0.0,7413542.0,0.0,1684753.25,0
1789679070.337182,keyboard,355,22,5471396.0,0.0,10014089.0,0.0,0.0,27890398.0,87613392.0,16253022.0,28654492.0,66049384.0,0.0,13166328.0,71341984.0,42755144.0,0.0,18931418.0,0
1789679070.7493668,keyboard,358,19,0.0,21654574.0,12519258.0,5696707.5,0.0,29233792.0,39423128.0,0.0,3994387.0,36971756.0,0.0,17525508.0,22985240.0,0.0,20199352.0,29008328.0,0
1789679072.046018,keyboard,353,19,0.0,0.0,0.0,0.0,0.0,29431744.0,95059520.0,6030540.5,33478170.0,202999296.0,15785286.0,22036802.0,22972026.0,0.0,18228222.0,0.0,0
1789679075.6202593,keyboard,288,14,0.0,751501.625,2278403.25,0.0,13868392.0,0.0,20453010.0,0.0,2640638.0,17915984.0,21713622.0,15852847.0,0.0,0.0,12270070.0,1257170.0,0
1789679075.6214278,keyboard,337,4,0.0,0.0,8445094.0,0.0,0.0,0.0,0.0,0.0,0.0,0.0,0.0,0.0,2909636.0,20772128.0,0.0,0.0,0
1789679076.472686,keyboard,290,20,0.0,11161999.0,28147524.0,56737528.0,50036056.0,54345572.0,28396168.0,0.0,0.0,31426630.0,31343102.0,0.0,0.0,23510584.0,17948676.0,24376292.0,0
1789679076.7578928,keyboard,288,15,7420332.5,10722864.0,0.0,24358522.0,0.0,53036856.0,23816002.0,45629388.0,0.0,0.0,0.0,178200784.0,702751872.0,0.0,129989872.0,0.0,0
1789679077.4527116,keyboard,290,24,6084367.0,51773408.0,19901538.0,84633664.0,115226512.0,35778308.0,80775448.0,32363268.0,0.0,31617352.0,121919896.0,100075032.0,0.0,0.0,0.0,26197704.0,0
1789679077.8638504,keyboard,291,25,6742006.0,10740438.0,26022798.0,56205632.0,38945520.0,15561290.0,22599164.0,4399641.5,0.0,24085868.0,82922120.0,36227468.0,58896216.0,45849808.0,5282515.0,13806222.0,0
1789679078.242586,keyboard,291,23,11611468.0,14948354.0,32490308.0,112644704.0,125279008.0,0.0,41955288.0,0.0,0.0,13071617.0,114617200.0,80288824.0,166314784.0,0.0,0.0,10183918.0,0
1789679078.6225536,keyboard,276,24,15219150.0,28007196.0,64792820.0,24116716.0,212094400.0,167681856.0,170862512.0,65818696.0,58449792.0,0.0,314108800.0,105633872.0,77776440.0,0.0,44735832.0,55353020.0,0
1789679080.8987114,keyboard,281,34,17806116.0,19324302.0,0.0,3540137.5,2814493.5,6534945.0,18750948.0,34547324.0,29404690.0,28633252.0,114484064.0,204384128.0,77450240.0,61570252.0,19421312.0,13219072.0,0
1789679081.3091917,keyboard,282,24,41652452.0,75705264.0,12685594.0,29654386.0,315056.625,12307525.0,0.0,85330304.0,0.0,94010944.0,409187200.0,685647680.0,397070944.0,74809152.0,16488466.0,57758260.0,0
1789679081.4998198,keyboard,281,39,81453232.0,66628308.0,113906496.0,34857768.0,107606928.0,75385272.0,71974824.0,138135552.0,159376928.0,183296128.0,596940672.0,1233066240.0,902357376.0,361312672.0,87583880.0,80475344.0,0
1789679081.911064,keyboard,283,37,43700316.0,47308708.0,14663879.0,3419178.25,38780508.0,41414240.0,91119488.0,86877944.0,102102144.0,197552416.0,497959552.0,1095653120.0,472584832.0,161497920.0,82546576.0,64869296.0,0
1789679082.1010764,keyboard,282,35,5923841.0,0.0,5689087.0,2386473.75,3911286.5,1644329.5,3685165.0,3711099.0,6874381.0,8384983.0,19616300.0,14464869.0,16185567.0,6235937.5,4038761.0,2049656.25,0
1789679082.9540515,keyboard,277,28,66460536.0,30212658.0,0.0,12803313.0,52296300.0,40320840.0,44779228.0,0.0,0.0,135050512.0,600003072.0,777877504.0,281855392.0,199378560.0,18923296.0,52463540.0,0
1789679083.176764,keyboard,280,21,21447156.0,50680728.0,0.0,4795637.5,6258123.0,2652418.0,6364855.0,10194294.0,4984751.0,11559966.0,61329488.0,121833936.0,77622768.0,0.0,2563038.5,2543059.75,0
1789679083.3660855,keyboard,279,29,39558416.0,21712380.0,0.0,104102184.0,110407712.0,18113296.0,46346760.0,0.0,0.0,164249088.0,477238656.0,767090880.0,325773888.0,196246272.0,7210984.5,32073808.0,0
1789679088.4272768,keyboard,291,26,3697810.0,8898691.0,149880256.0,111844992.0,135770912.0,12238115.0,0.0,46828312.0,92869776.0,73477416.0,31733928.0,0.0,0.0,71193440.0,44107444.0,42286384.0,0
1789679090.705478,keyboard,267,18,26110696.0,0.0,63284112.0,47785032.0,10017608.0,0.0,394433856.0,339421952.0,0.0,1981643520.0,0.0,1027193984.0,641892544.0,0.0,0.0,0.0,0
1789679090.9251635,keyboard,250,9,44361504.0,0.0,3435602.75,0.0,965396.8125,0.0,0.0,0.0,0.0,0.0,0.0,156975248.0,526413376.0,0.0,0.0,0.0,0
1789679091.115932,keyboard,248,17,0.0,0.0,0.0,0.0,0.0,0.0,2294561.75,0.0,4474723.0,34517152.0,4373204.5,18678344.0,18031144.0,2168306.0,2067349.0,3387405.0,0
1789679091.5602703,keyboard,265,7,19568092.0,0.0,519458.71875,0.0,0.0,0.0,6618052.5,0.0,0.0,4028225.5,0.0,0.0,7115699.0,0.0,0.0,1197421.625,0
1789679091.7480235,keyboard,243,13,0.0,0.0,0.0,0.0,0.0,0.0,40739240.0,44081120.0,5734693.5,0.0,56980140.0,91632864.0,98395320.0,29222744.0,1083490.0,0.0,0
1789679091.9701142,keyboard,244,10,27098468.0,0.0,0.0,0.0,0.0,0.0,0.0,24082370.0,0.0,0.0,0.0,83864096.0,77555304.0,32707376.0,0.0,0.0,0
1789679092.1922357,keyboard,256,10,48004036.0,0.0,644963.8125,0.0,0.0,0.0,0.0,0.0,0.0,0.0,0.0,26265794.0,22661328.0,4421789.0,0.0,0.0,0
1789679092.4124742,keyboard,242,10,56963204.0,25851468.0,0.0,0.0,0.0,0.0,0.0,20211422.0,0.0,0.0,0.0,116201408.0,140523184.0,40542300.0,0.0,0.0,0
1789679094.1515553,keyboard,196,10,0.0,0.0,0.0,0.0,735045.75,0.0,0.0,0.0,53912168.0,85377976.0,0.0,0.0,243236880.0,269146752.0,0.0,50329644.0,0
1789679094.5626905,keyboard,196,8,0.0,0.0,0.0,0.0,1512553.25,0.0,0.0,0.0,11765790.0,0.0,811121.9375,1793917.25,0.0,0.0,70578000.0,82117296.0,0
1789679095.891723,keyboard,199,9,0.0,0.0,0.0,0.0,16224690.0,4298898.0,0.0,0.0,0.0,21048198.0,7126103.0,15201443.0,120287288.0,0.0,0.0,36371080.0,0
1789679096.301976,keyboard,201,12,0.0,36088068.0,0.0,0.0,0.0,0.0,0.0,0.0,0.0,161689232.0,0.0,0.0,85896080.0,88870768.0,81555800.0,155700544.0,0
1789679096.5246503,keyboard,194,7,0.0,4348492.0,0.0,0.0,0.0,5202175.0,0.0,0.0,0.0,11804439.0,0.0,12400521.0,0.0,3753080.0,0.0,43495132.0,0
1789679097.409907,keyboard,192,6,924654.0,0.0,0.0,0.0,4665854.0,0.0,0.0,0.0,0.0,41643896.0,0.0,0.0,0.0,9061022.0,0.0,0.0,0
1789679097.631426,keyboard,193,9,0.0,16946094.0,0.0,0.0,10691918.0,3527475.25,0.0,0.0,81998144.0,11976073.0,12843926.0,0.0,9020181.0,0.0,0.0,2348959.0,0
1789679097.8539412,keyboard,213,6,0.0,6521116.0,0.0,0.0,12343670.0,0.0,0.0,0.0,0.0,0.0,0.0,0.0,0.0,0.0,90656528.0,30541780.0,0
1789679098.3284173,keyboard,198,7,3319281.5,13754368.0,0.0,0.0,0.0,0.0,0.0,0.0,0.0,0.0,0.0,0.0,0.0,8777691.0,12011492.0,18763962.0,0
1789679098.548423,keyboard,197,8,0.0,0.0,0.0,0.0,18656124.0,5900633.5,0.0,0.0,0.0,36911912.0,0.0,0.0,8685186.0,11343540.0,39919904.0,13278070.0,0
1789679098.7703435,keyboard,178,7,3030833.5,0.0,0.0,0.0,6794861.5,5344998.5,0.0,0.0,0.0,16870836.0,19378856.0,0.0,0.0,0.0,407254.25,0.0,0
1789679099.4334748,keyboard,199,7,0.0,0.0,0.0,0.0,4901543.0,0.0,0.0,7699169.0,64046712.0,0.0,0.0,0.0,4951399.0,0.0,0.0,12111414.0,0
1789679099.6543603,keyboard,202,10,0.0,0.0,0.0,0.0,269798.34375,0.0,0.0,834625.625,14265687.0,32677338.0,12961948.0,0.0,0.0,0.0,2024407.25,12755333.0,0
1789679100.7934043,keyboard,201,9,0.0,0.0,0.0,0.0,3635997.5,1376619.0,0.0,0.0,0.0,0.0,10905194.0,0.0,8511092.0,61882100.0,0.0,22965908.0,0
1789679102.089697,keyboard,193,8,0.0,0.0,0.0,0.0,3284085.5,1273068.375,0.0,0.0,26273296.0,0.0,0.0,0.0,0.0,14644878.0,0.0,29308842.0,0
1789679102.311811,keyboard,178,7,0.0,0.0,0.0,0.0,0.0,0.0,0.0,0.0,0.0,0.0,0.0,21807464.0,23609736.0,113343856.0,0.0,17472516.0,0
1789679102.9756637,keyboard,235,6,0.0,0.0,0.0,10239822.0,2000376.0,0.0,0.0,0.0,0.0,6290383.5,0.0,16577050.0,25120978.0,0.0,0.0,0.0,0
1789679103.1963823,keyboard,184,10,0.0,0.0,0.0,0.0,0.0,0.0,0.0,0.0,83864296.0,243267600.0,0.0,0.0,0.0,228080032.0,103134144.0,188603840.0,0
1789679103.4181645,keyboard,181,8,0.0,0.0,0.0,0.0,0.0,0.0,0.0,0.0,5193806.0,0.0,0.0,20043580.0,0.0,14632682.0,8260674.5,4824456.0,0
1789679103.6404698,keyboard,205,9,0.0,0.0,1525953.625,0.0,4622699.5,1815339.25,0.0,0.0,8858884.0,4678635.5,0.0,0.0,30744072.0,10471644.0,0.0,0.0,0
1789679103.860577,keyboard,189,3,0.0,0.0,0.0,0.0,0.0,0.0,0.0,0.0,0.0,0.0,0.0,0.0,0.0,302808160.0,0.0,340938496.0,0
1789679104.11491,keyboard,195,7,0.0,1244454.75,0.0,0.0,0.0,7175151.5,0.0,0.0,30114080.0,31824664.0,0.0,0.0,0.0,9816348.0,0.0,2268327.75,0
1789679104.3355138,keyboard,214,7,0.0,0.0,0.0,0.0,151948096.0,22058732.0,0.0,0.0,96718656.0,0.0,0.0,0.0,0.0,0.0,0.0,0.0,0
1789679104.5572703,keyboard,200,8,0.0,0.0,0.0,0.0,0.0,864673.0,0.0,434654.375,0.0,15304235.0,0.0,21137884.0,27722822.0,12634362.0,0.0,0.0,0
1789679104.8105175,keyboard,193,6,0.0,6451059.0,0.0,0.0,0.0,0.0,0.0,0.0,7219475.0,0.0,27625730.0,0.0,0.0,19915484.0,0.0,0.0,0
1789679105.4449346,keyboard,213,10,0.0,0.0,0.0,0.0,31405402.0,6881785.0,2341120.0,0.0,14634522.0,67482992.0,12925764.0,0.0,13091240.0,0.0,0.0,0.0,0
1789679105.445958,keyboard,165,5,0.0,0.0,0.0,0.0,0.0,0.0,0.0,0.0,0.0,0.0,0.0,0.0,0.0,25634434.0,33342016.0,8103110.5,0
1789679105.6648204,keyboard,220,10,0.0,0.0,0.0,3274616.5,3228751.5,875728.25,0.0,2447206.25,0.0,12577140.0,0.0,0.0,11027030.0,16033108.0,0.0,0.0,0
1789679105.8862338,keyboard,197,7,463897.78125,0.0,0.0,0.0,0.0,2413292.25,0.0,0.0,12083279.0,25838280.0,0.0,31960916.0,0.0,0.0,0.0,11258644.0,0
1789679106.0765212,keyboard,213,8,278004.625,0.0,467548.4375,0.0,0.0,0.0,2108942.25,5424369.0,4775942.0,6853500.5,0.0,0.0,0.0,0.0,0.0,0.0,0
1789679106.2971168,keyboard,210,16,0.0,0.0,653699.6875,666751.0,143528.1875,0.0,494860.09375,831196.625,1721735.25,3066902.0,7090288.5,6602242.0,7501570.0,3591290.75,0.0,0.0,0
1789679106.550642,keyboard,227,9,11514742.0,0.0,0.0,0.0,13236508.0,0.0,0.0,0.0,0.0,0.0,0.0,27493990.0,13779285.0,8188303.0,0.0,0.0,0
1789679106.772945,keyboard,213,7,0.0,0.0,0.0,26128892.0,38770860.0,15800509.0,0.0,0.0,0.0,0.0,0.0,0.0,0.0,11109056.0,0.0,0.0,0
1789679106.7739177,keyboard,175,5,0.0,0.0,0.0,0.0,0.0,0.0,0.0,0.0,0.0,0.0,41896572.0,143550560.0,0.0,0.0,0.0,8676600.0,0
1789679107.0247111,keyboard,183,9,0.0,8172078.0,2439127.5,0.0,0.0,0.0,0.0,0.0,3404366.5,10167633.0,8493574.0,14933313.0,0.0,0.0,0.0,3605920.25,0
1789679107.721697,keyboard,220,6,0.0,0.0,0.0,0.0,443114.375,0.0,305819.5625,0.0,0.0,1641743.0,20965262.0,0.0,0.0,0.0,0.0,0.0,0
1789679107.975124,keyboard,188,10,0.0,0.0,0.0,0.0,4130490.0,7987393.0,857974.8125,0.0,0.0,11355530.0,12184900.0,0.0,0.0,28699684.0,0.0,13984690.0,0
1789679108.194805,keyboard,181,10,0.0,0.0,0.0,0.0,0.0,10887246.0,0.0,0.0,7451645.5,14748966.0,0.0,20515724.0,31263568.0,36830876.0,0.0,2210101.0,0
1789679108.6709304,keyboard,203,12,0.0,2301640.25,0.0,0.0,657543.375,0.0,933751.0625,1434581.0,17339428.0,23488042.0,0.0,0.0,50907440.0,0.0,6777154.5,5764156.0,0
1789679109.2400973,keyboard,198,10,0.0,0.0,0.0,0.0,2912394.25,4668204.5,0.0,0.0,2210847.0,0.0,0.0,0.0,5235365.5,0.0,1188213.5,49764652.0,0
1789679109.2409084,keyboard,247,6,1067627.5,0.0,0.0,0.0,0.0,0.0,423641.4375,7281813.0,0.0,0.0,0.0,0.0,0.0,7593548.0,0.0,0.0,0
1789679109.459739,keyboard,201,15,6964594.0,4660472.5,15833498.0,10079542.0,0.0,3231959.0,6519942.0,0.0,13632847.0,0.0,0.0,12739792.0,31387938.0,8034378.0,58178760.0,68497976.0,0
1789679109.9658368,keyboard,201,8,1519894.125,0.0,516115.84375,192968.6875,0.0,0.0,0.0,0.0,38850832.0,132915424.0,0.0,0.0,0.0,0.0,0.0,1110878.5,0
1789679110.2519228,keyboard,219,7,0.0,0.0,0.0,0.0,0.0,0.0,0.0,0.0,1935318.375,0.0,0.0,0.0,38566456.0,48299076.0,2833534.25,9883255.0,0
1789679110.504846,keyboard,188,8,0.0,0.0,0.0,0.0,0.0,1363435.75,15050594.0,0.0,0.0,3780327.5,0.0,0.0,19241216.0,36743536.0,0.0,0.0,0
1789679111.0126216,keyboard,214,7,0.0,3317175.5,0.0,0.0,0.0,0.0,33490914.0,0.0,0.0,4785704.5,0.0,0.0,3391028.5,0.0,0.0,0.0,0
1789679111.485845,keyboard,207,15,0.0,0.0,0.0,642258.375,0.0,22285572.0,45572996.0,0.0,21015276.0,105637024.0,25619196.0,54035676.0,0.0,106164936.0,6012367.0,6466835.0,0
1789679113.1930702,keyboard,179,4,0.0,0.0,0.0,0.0,0.0,0.0,18632354.0,0.0,0.0,15578344.0,69864024.0,0.0,0.0,0.0,0.0,0.0,0
1789679113.2528124,keyboard,178,10,0.0,0.0,0.0,0.0,0.0,0.0,0.0,0.0,2402351.5,46844832.0,69856336.0,161331072.0,50774368.0,77246528.0,0.0,50637968.0,0
1789679113.3174255,keyboard,177,5,0.0,0.0,0.0,0.0,0.0,0.0,47539832.0,0.0,0.0,35681764.0,107972688.0,0.0,0.0,0.0,21837834.0,18792900.0,0
1789679113.3833137,keyboard,0,14,0.0,6697549.0,0.0,101919760.0,105302488.0,21841476.0,27526274.0,24015378.0,4882875.0,25799196.0,5507867.0,0.0,0.0,17124844.0,0.0,0.0,0
1789679113.451717,keyboard,198,8,32093248.0,0.0,37164920.0,0.0,0.0,47677760.0,99064256.0,0.0,0.0,0.0,177787376.0,25767004.0,332291584.0,0.0,0.0,45961064.0,0
1789679113.516658,keyboard,198,3,0.0,0.0,0.0,0.0,0.0,0.0,0.0,0.0,13723939.0,0.0,0.0,0.0,0.0,29406820.0,0.0,0.0,0
1789679113.5624487,keyboard,201,8,0.0,0.0,0.0,0.0,0.0,0.0,0.0,0.0,77336704.0,14650983.0,33135368.0,0.0,0.0,71155616.0,7858267.5,0.0,0
1789679113.6267858,keyboard,219,4,0.0,0.0,0.0,0.0,0.0,0.0,0.0,0.0,0.0,55461456.0,0.0,0.0,96118272.0,401551744.0,0.0,0.0,0
1789679113.6968484,keyboard,219,6,0.0,3981808.0,5082378.5,0.0,0.0,0.0,7003608.5,0.0,0.0,0.0,0.0,17429340.0,0.0,2912299.5,0.0,0.0,0
1789679113.7953095,keyboard,194,13,0.0,0.0,0.0,0.0,0.0,0.0,0.0,0.0,0.0,643694080.0,0.0,394134848.0,104822256.0,418838656.0,419946688.0,466781888.0,0
1789679113.857453,keyboard,194,6,0.0,0.0,2996095.25,331037.5625,0.0,0.0,4819730.0,0.0,2682762.5,0.0,3804366.75,0.0,0.0,0.0,0.0,7348921.0,0
1789679113.984287,keyboard,208,12,0.0,0.0,0.0,0.0,10383360.0,5849666.5,0.0,0.0,0.0,0.0,0.0,465467456.0,567308928.0,520758432.0,544811712.0,502262912.0,0
1789679115.0931308,keyboard,162,7,7176788.0,0.0,0.0,0.0,0.0,0.0,0.0,0.0,0.0,41798392.0,8630065.0,10325332.0,0.0,0.0,0.0,0.0,0
1789679115.0939891,keyboard,113,5,0.0,2585389.5,0.0,0.0,0.0,0.0,0.0,0.0,0.0,0.0,0.0,2775306.5,29393704.0,0.0,0.0,55608560.0,0
1789679115.1858718,keyboard,151,14,0.0,15639200.0,48739964.0,0.0,0.0,0.0,0.0,275125536.0,1126372864.0,1032082048.0,260692144.0,509810656.0,0.0,0.0,0.0,408544960.0,0
1789679115.256544,keyboard,162,7,0.0,0.0,0.0,0.0,0.0,0.0,0.0,0.0,419453440.0,540076544.0,0.0,414504128.0,0.0,0.0,362843552.0,0.0,0
1789679115.3198493,keyboard,162,9,6814092.0,0.0,0.0,0.0,0.0,0.0,0.0,0.0,0.0,0.0,142732976.0,178626080.0,0.0,0.0,182894304.0,115534752.0,0
1789679115.3656127,keyboard,182,5,0.0,0.0,0.0,0.0,0.0,8839185.0,21791350.0,0.0,0.0,34591148.0,0.0,46805404.0,97704264.0,0.0,0.0,0.0,0
1789679115.4310408,keyboard,182,5,0.0,0.0,1485827.375,0.0,0.0,0.0,0.0,0.0,0.0,12199923.0,0.0,0.0,0.0,25698782.0,0.0,0.0,0
1789679115.4803982,keyboard,202,6,0.0,0.0,0.0,0.0,3659432.0,0.0,0.0,0.0,0.0,8713530.0,41309648.0,5487705.0,0.0,8707030.0,0.0,0.0,0
1789679115.543681,keyboard,184,14,3073681.0,0.0,16953710.0,0.0,0.0,42012076.0,12076013.0,0.0,59835664.0,28984858.0,99404312.0,115299008.0,14124196.0,12631263.0,54654600.0,45619144.0,0
1789679115.6081076,keyboard,192,11,0.0,35967016.0,35553784.0,32170810.0,0.0,0.0,0.0,0.0,233065328.0,0.0,200521920.0,0.0,0.0,271622912.0,88858768.0,0.0,0
1789679115.6733365,keyboard,195,10,0.0,0.0,8938372.0,0.0,3899254.0,0.0,0.0,8261055.0,0.0,3408517.5,17769924.0,14105500.0,11476826.0,5196079.0,0.0,0.0,0
1789679115.850868,keyboard,219,10,10339062.0,8722588.0,5934347.0,0.0,0.0,0.0,39040868.0,0.0,0.0,0.0,0.0,867933952.0,232812560.0,0.0,0.0,0.0,0
1789679115.9207118,keyboard,223,10,3303001.75,3742602.0,0.0,0.0,0.0,0.0,0.0,0.0,67716336.0,242557792.0,0.0,0.0,52328780.0,0.0,1878588.5,14148581.0,0
1789679115.9823203,keyboard,230,3,0.0,0.0,0.0,0.0,0.0,0.0,0.0,0.0,0.0,0.0,0.0,0.0,108198336.0,51315908.0,0.0,0.0,0
1789679116.0532086,keyboard,223,8,8579234.0,0.0,0.0,0.0,0.0,0.0,0.0,0.0,0.0,0.0,0.0,183627136.0,431132448.0,62876584.0,43010640.0,0.0,0
1789679116.1352563,keyboard,193,6,0.0,0.0,0.0,0.0,0.0,0.0,13160294.0,0.0,50175528.0,0.0,0.0,0.0,31600334.0,0.0,0.0,39354128.0,0
1789679116.2046287,keyboard,223,5,0.0,0.0,0.0,0.0,0.0,0.0,0.0,0.0,0.0,0.0,0.0,0.0,0.0,113623792.0,232715040.0,108309920.0,0
1789679116.357665,keyboard,223,11,0.0,0.0,0.0,0.0,17470178.0,21294342.0,0.0,3140913.75,3971514.25,0.0,0.0,0.0,9713784.0,10991250.0,0.0,32665338.0,0
1789679118.73082,keyboard,161,5,0.0,0.0,0.0,0.0,7191344.0,0.0,0.0,0.0,0.0,0.0,23906676.0,65559176.0,73286944.0,0.0,0.0,0.0,0
1789679118.7810829,keyboard,165,5,0.0,0.0,0.0,0.0,0.0,0.0,0.0,0.0,37858216.0,0.0,9879289.0,336341696.0,0.0,27122588.0,0.0,0.0,0
1789679118.8452208,keyboard,183,5,0.0,0.0,0.0,0.0,0.0,0.0,0.0,0.0,0.0,46699928.0,0.0,770573888.0,0.0,0.0,0.0,56862688.0,0
1789679118.909536,keyboard,183,5,11932379.0,0.0,0.0,0.0,0.0,0.0,0.0,0.0,0.0,29111830.0,5593422.0,28167884.0,0.0,0.0,0.0,0.0,0
1789679118.9659786,keyboard,184,8,9042768.0,15250962.0,0.0,19890608.0,0.0,0.0,0.0,0.0,7471214.0,46591904.0,17642384.0,81166176.0,7040965.5,0.0,0.0,0.0,0
1789679119.045741,keyboard,184,10,0.0,0.0,0.0,0.0,0.0,0.0,0.0,0.0,0.0,19379238.0,27681488.0,124267528.0,127241888.0,319100480.0,131315568.0,87624800.0,0
1789679119.1109023,keyboard,184,8,0.0,0.0,0.0,0.0,0.0,0.0,0.0,0.0,47902592.0,0.0,176306640.0,161654928.0,0.0,323338880.0,237600256.0,0.0,0
1789679119.156348,keyboard,184,9,0.0,0.0,0.0,0.0,0.0,0.0,0.0,0.0,67123088.0,38783628.0,0.0,0.0,35536504.0,70687808.0,0.0,74980272.0,0
1789679119.2135575,keyboard,189,14,18008372.0,101058968.0,0.0,0.0,0.0,206639904.0,0.0,0.0,192261440.0,323220288.0,239565856.0,228758944.0,0.0,376372064.0,0.0,0.0,0
1789679119.2789643,keyboard,204,11,0.0,0.0,224998368.0,0.0,0.0,124513352.0,0.0,211812672.0,789836416.0,382231104.0,0.0,0.0,504434752.0,384001920.0,0.0,0.0,0
1789679119.3951433,keyboard,199,13,0.0,0.0,0.0,0.0,0.0,22078680.0,19321484.0,17697748.0,42761232.0,0.0,0.0,496185760.0,418271136.0,170299696.0,0.0,0.0,0
1789679119.4552584,keyboard,199,5,3068690.25,0.0,0.0,0.0,0.0,0.0,5541156.0,0.0,0.0,0.0,4710451.0,20742758.0,0.0,0.0,0.0,0.0,0
1789679119.5222344,keyboard,213,13,0.0,0.0,0.0,0.0,0.0,0.0,35744992.0,0.0,188859488.0,613338496.0,171037056.0,138456672.0,385386240.0,85676488.0,0.0,0.0,0
1789679119.6485367,keyboard,221,14,9157503.0,0.0,0.0,0.0,0.0,0.0,0.0,0.0,12537434.0,1098805248.0,0.0,1317448320.0,783168128.0,367761600.0,0.0,53223232.0,0
1789679119.7188094,keyboard,221,4,0.0,56057476.0,0.0,0.0,0.0,0.0,2906191.0,0.0,0.0,0.0,0.0,0.0,0.0,18809504.0,0.0,0.0,0
1789679119.7759714,keyboard,216,11,0.0,0.0,0.0,0.0,3857111.0,0.0,0.0,0.0,8294565.5,44979544.0,0.0,349672480.0,453398464.0,300844224.0,53668752.0,0.0,0
1789679119.8466756,keyboard,216,4,3436828.75,0.0,0.0,0.0,0.0,0.0,0.0,0.0,0.0,0.0,0.0,0.0,0.0,24606550.0,28080386.0,0.0,0
1789679119.9649065,keyboard,206,9,0.0,0.0,0.0,0.0,0.0,0.0,0.0,0.0,322387200.0,418017472.0,0.0,199370176.0,72550208.0,0.0,107797152.0,212945328.0,0
1789679120.0355132,keyboard,207,10,0.0,0.0,0.0,0.0,0.0,0.0,0.0,10487602.0,0.0,24822992.0,0.0,19202264.0,21051552.0,95376184.0,143135824.0,81924712.0,0
1789679121.641678,keyboard,184,6,0.0,0.0,0.0,0.0,0.0,0.0,0.0,0.0,0.0,49933636.0,116965280.0,162681856.0,0.0,0.0,0.0,0.0,0
1789679121.7358975,keyboard,180,12,14424279.0,29443666.0,0.0,0.0,0.0,0.0,0.0,0.0,0.0,53053100.0,0.0,85506440.0,18392226.0,34239896.0,75210768.0,173604480.0,0
1789679122.1158602,keyboard,213,8,0.0,34715752.0,72114928.0,0.0,0.0,0.0,0.0,0.0,0.0,0.0,0.0,136643072.0,382864480.0,489445312.0,0.0,0.0,0
1789679122.33794,keyboard,210,9,0.0,0.0,0.0,16875670.0,35939228.0,0.0,0.0,0.0,0.0,0.0,0.0,39320456.0,58979972.0,50407732.0,7307704.0,5461103.5,0
1789679122.40792,keyboard,197,11,9377540.0,0.0,0.0,0.0,0.0,14726186.0,0.0,77268384.0,75019536.0,0.0,0.0,131291584.0,165730736.0,135571808.0,33588580.0,0.0,0
1789679122.4727106,keyboard,198,9,0.0,0.0,0.0,0.0,1996744.75,0.0,0.0,6311299.5,0.0,9317559.0,9845926.0,0.0,3445763.0,11210702.0,0.0,4553980.0,0
1789679122.5592244,keyboard,199,8,7312941.5,46710908.0,20917200.0,0.0,0.0,0.0,0.0,0.0,0.0,0.0,0.0,0.0,56381284.0,185687840.0,4164784.25,0.0,0
1789679122.6309595,keyboard,214,10,0.0,0.0,0.0,0.0,0.0,0.0,8209156.5,0.0,68925016.0,743371200.0,0.0,242471408.0,367575744.0,0.0,0.0,27435244.0,0
1789679122.812495,keyboard,214,4,2229579.25,0.0,0.0,0.0,0.0,0.0,0.0,0.0,0.0,0.0,0.0,0.0,0.0,4930989.5,3557445.5,4671217.0,0
1789679122.9383976,keyboard,200,9,0.0,0.0,0.0,0.0,0.0,2205306.25,0.0,0.0,20246326.0,94014136.0,0.0,6773444.5,35146236.0,26458660.0,19996250.0,0.0,0
1789679122.9977694,keyboard,219,9,0.0,55498864.0,5965312.5,0.0,0.0,0.0,0.0,0.0,6930579.0,47546928.0,0.0,0.0,11636262.0,81162096.0,0.0,35365432.0,0
1789679124.522255,keyboard,188,6,0.0,0.0,3894422.5,0.0,0.0,0.0,0.0,0.0,0.0,9883982.0,0.0,23069074.0,68347392.0,9529245.0,0.0,0.0,0
1789679124.5926373,keyboard,188,7,0.0,8580744.0,0.0,13574379.0,0.0,0.0,0.0,0.0,0.0,20058420.0,108379160.0,522614016.0,0.0,0.0,0.0,0.0,0
1789679124.6375709,keyboard,169,6,0.0,0.0,0.0,0.0,0.0,0.0,0.0,0.0,0.0,120750448.0,0.0,269617792.0,0.0,0.0,0.0,26158818.0,0
1789679124.7426193,keyboard,187,10,0.0,0.0,72015184.0,24208638.0,0.0,0.0,0.0,0.0,0.0,202515168.0,681150464.0,863283264.0,750680384.0,0.0,0.0,0.0,0
1789679124.837423,keyboard,191,9,0.0,0.0,62577500.0,48470032.0,17362684.0,0.0,114072224.0,0.0,162331008.0,855447488.0,0.0,0.0,0.0,0.0,0.0,20708738.0,0
1789679124.909572,keyboard,189,7,0.0,0.0,0.0,0.0,0.0,1829070.875,7474600.0,0.0,3496722.25,14061705.0,14542823.0,0.0,0.0,690187.625,0.0,0.0,0
1789679124.995553,keyboard,194,10,0.0,0.0,0.0,0.0,0.0,0.0,0.0,136830048.0,57211232.0,147949808.0,70291656.0,131853312.0,40858640.0,45271844.0,0.0,33024360.0,0
1789679125.0606506,keyboard,202,5,887887.1875,0.0,0.0,0.0,0.0,0.0,0.0,0.0,0.0,81080416.0,0.0,13863797.0,0.0,0.0,0.0,16997956.0,0
1789679125.154561,keyboard,191,4,0.0,0.0,2876092.5,0.0,0.0,0.0,0.0,13059083.0,0.0,0.0,8436880.0,36369584.0,0.0,0.0,0.0,0.0,0
1789679125.2138517,keyboard,195,6,6464691.5,0.0,0.0,0.0,0.0,0.0,4506146.0,0.0,52393104.0,8538225.0,47543544.0,0.0,12081280.0,0.0,0.0,0.0,0
1789679125.2794776,keyboard,205,6,927859.1875,0.0,0.0,0.0,0.0,0.0,0.0,0.0,0.0,0.0,5782246.0,3799384.5,16806362.0,4964451.0,0.0,0.0,0
1789679125.4073966,keyboard,218,13,24389292.0,20329620.0,0.0,0.0,0.0,8531618.0,89473264.0,0.0,0.0,0.0,0.0,741731840.0,227889056.0,69001848.0,0.0,0.0,0
1789679125.4761074,keyboard,216,17,1672711.25,0.0,0.0,0.0,0.0,0.0,0.0,0.0,125857616.0,713149312.0,0.0,1297225856.0,441193600.0,263239680.0,42813144.0,20089342.0,0
1789679125.5378458,keyboard,216,6,7584791.5,0.0,0.0,0.0,882973.0,0.0,0.0,0.0,36434336.0,175396144.0,0.0,0.0,0.0,0.0,615625.25,5089996.0,0
1789679125.5825088,keyboard,216,4,0.0,0.0,0.0,0.0,0.0,0.0,0.0,0.0,0.0,0.0,0.0,7080169.5,0.0,0.0,9598099.0,2595349.5,0
1789679125.6905751,keyboard,199,14,0.0,0.0,0.0,0.0,0.0,1334581.875,10116292.0,3454821.5,48634128.0,24660480.0,0.0,135399504.0,131527240.0,88719968.0,0.0,80623168.0,0
1789679127.3052163,keyboard,141,14,918933.6875,0.0,0.0,0.0,0.0,0.0,0.0,0.0,0.0,68473864.0,39891912.0,19608400.0,32457620.0,14077862.0,43030200.0,16302168.0,0
1789679127.3739667,keyboard,140,7,0.0,3903970.5,0.0,0.0,0.0,0.0,0.0,0.0,50092128.0,0.0,0.0,0.0,47374312.0,40834720.0,118577552.0,335957312.0,0
1789679127.4319632,keyboard,169,17,2306176.0,0.0,0.0,0.0,0.0,0.0,0.0,566342400.0,1390767744.0,3014780416.0,3275980800.0,3005064448.0,533977952.0,311885728.0,0.0,172914528.0,0
1789679127.495643,keyboard,168,7,0.0,0.0,0.0,0.0,0.0,0.0,0.0,104560144.0,42829128.0,0.0,1202093184.0,2555992576.0,0.0,0.0,0.0,32602736.0,0
1789679127.6233,keyboard,180,6,0.0,0.0,0.0,0.0,0.0,0.0,3858587.0,0.0,0.0,0.0,0.0,34880440.0,114546256.0,230996384.0,0.0,68508352.0,0
1789679127.68551,keyboard,180,4,0.0,42676740.0,8198313.0,0.0,0.0,0.0,0.0,0.0,0.0,0.0,0.0,0.0,0.0,0.0,0.0,17669520.0,0
1789679127.73512,keyboard,198,8,0.0,4872457.5,0.0,0.0,0.0,33593204.0,56570720.0,0.0,67733256.0,101535032.0,0.0,36449572.0,103957208.0,0.0,0.0,0.0,0
1789679127.7998896,keyboard,175,5,0.0,64076200.0,0.0,0.0,0.0,0.0,36413804.0,27047498.0,0.0,0.0,0.0,0.0,0.0,532940224.0,0.0,147667120.0,0
1789679127.8762386,keyboard,192,10,0.0,0.0,0.0,0.0,0.0,0.0,10445208.0,0.0,7352702.5,69602416.0,25408290.0,27194776.0,6141948.0,0.0,0.0,16350187.0,0
1789679127.970485,keyboard,199,10,0.0,5061040.0,0.0,0.0,4131286.0,0.0,0.0,0.0,4175233.25,23711130.0,0.0,134585568.0,73678344.0,14336028.0,0.0,0.0,0
1789679128.0965452,keyboard,190,5,0.0,0.0,10399455.0,0.0,7889553.0,0.0,0.0,0.0,0.0,53508052.0,0.0,44544224.0,61915672.0,0.0,0.0,0.0,0
1789679128.1903691,keyboard,213,8,0.0,0.0,12332360.0,0.0,0.0,0.0,0.0,0.0,107097432.0,449048640.0,0.0,260678000.0,575115776.0,316243616.0,0.0,0.0,0
1789679128.2492335,keyboard,215,6,0.0,0.0,0.0,0.0,0.0,0.0,0.0,0.0,96457328.0,74508352.0,0.0,0.0,37109160.0,81865960.0,2454958.25,0.0,0
1789679128.311404,keyboard,211,9,0.0,0.0,0.0,0.0,0.0,0.0,0.0,0.0,0.0,133623784.0,0.0,0.0,635151872.0,442093216.0,23830432.0,29693676.0,0
1789679128.4126892,keyboard,208,9,0.0,0.0,0.0,0.0,0.0,0.0,13342940.0,0.0,0.0,0.0,0.0,17093078.0,195256032.0,37782368.0,118780480.0,261309312.0,0
1789679129.9320438,keyboard,180,8,0.0,0.0,0.0,5998326.0,0.0,0.0,0.0,0.0,0.0,229783456.0,432159936.0,1000135616.0,94233240.0,0.0,0.0,0.0,0
1789679129.9969356,keyboard,173,4,0.0,0.0,0.0,0.0,5434469.0,0.0,0.0,0.0,0.0,69661200.0,0.0,311185696.0,0.0,0.0,0.0,0.0,0
1789679130.0905447,keyboard,187,4,0.0,14645055.0,0.0,0.0,0.0,0.0,0.0,0.0,0.0,0.0,0.0,57500472.0,0.0,286782528.0,0.0,54414224.0,0
1789679130.1513703,keyboard,187,8,17819642.0,0.0,92716824.0,0.0,0.0,0.0,0.0,0.0,0.0,0.0,174806928.0,645937856.0,0.0,39711632.0,0.0,0.0,0
1789679130.2002172,keyboard,200,8,14153887.0,10868100.0,61579192.0,0.0,0.0,0.0,0.0,0.0,0.0,327037920.0,69735480.0,0.0,0.0,0.0,0.0,0.0,0
1789679130.2796805,keyboard,194,6,11359420.0,0.0,0.0,0.0,0.0,3569186.5,0.0,0.0,0.0,109870864.0,0.0,0.0,4329730.5,10220386.0,0.0,0.0,0
1789679130.3393605,keyboard,196,8,0.0,0.0,0.0,0.0,0.0,53619240.0,209924608.0,0.0,0.0,73323792.0,15821500.0,54512400.0,0.0,0.0,55707140.0,76712680.0,0
1789679130.4030614,keyboard,196,17,0.0,5565209.5,0.0,7664828.0,15146180.0,0.0,2913862.5,27178448.0,22501668.0,9363220.0,0.0,102891248.0,70283016.0,3312258.25,0.0,0.0,0
1789679130.453085,keyboard,196,3,0.0,0.0,0.0,0.0,0.0,0.0,0.0,0.0,0.0,0.0,0.0,31233434.0,0.0,7639721.0,0.0,0.0,0
1789679130.5966418,keyboard,186,6,0.0,0.0,24708214.0,0.0,0.0,14283895.0,0.0,0.0,12453994.0,16156574.0,0.0,22879692.0,0.0,0.0,8792573.0,0.0,0
1789679130.6691356,keyboard,203,7,0.0,11770553.0,0.0,0.0,0.0,0.0,5020272.5,25773606.0,16621852.0,0.0,0.0,27797516.0,32128968.0,9168934.0,0.0,0.0,0
1789679130.754578,keyboard,216,12,0.0,0.0,38833400.0,0.0,0.0,13701950.0,20043132.0,0.0,120424448.0,132406632.0,0.0,380158688.0,93411368.0,31906528.0,0.0,0.0,0
1789679130.8253863,keyboard,215,8,17146098.0,26957320.0,0.0,5513662.0,0.0,0.0,2740835.0,0.0,8043657.0,0.0,0.0,0.0,0.0,77327592.0,0.0,0.0,0
1789679131.0086508,keyboard,210,9,0.0,0.0,0.0,0.0,0.0,0.0,0.0,8030043.0,13141882.0,73635424.0,0.0,178507280.0,133259776.0,56847584.0,0.0,0.0,0
1789679131.1958363,keyboard,198,10,0.0,0.0,0.0,0.0,0.0,0.0,0.0,0.0,129981712.0,219199472.0,0.0,33079486.0,54845764.0,163751872.0,125930080.0,429676480.0,0
1789679131.2551982,keyboard,198,4,0.0,0.0,0.0,0.0,0.0,0.0,0.0,0.0,4965863.5,0.0,0.0,32386008.0,52381080.0,0.0,0.0,0.0,0
1789679132.8440907,keyboard,161,8,0.0,0.0,0.0,0.0,0.0,0.0,0.0,96041048.0,0.0,790904896.0,292361408.0,0.0,0.0,0.0,0.0,91641008.0,0
1789679132.9074247,keyboard,145,9,0.0,0.0,0.0,6469751.0,0.0,0.0,0.0,68222520.0,104679288.0,42764928.0,0.0,0.0,109197216.0,0.0,0.0,747924608.0,0
1789679133.0023606,keyboard,197,8,0.0,0.0,5855333.0,0.0,3617918.5,0.0,27051970.0,0.0,0.0,0.0,0.0,112997512.0,45753800.0,0.0,13221974.0,0.0,0
1789679133.0619748,keyboard,216,7,4416284.5,26491250.0,0.0,18706456.0,0.0,0.0,0.0,0.0,0.0,0.0,0.0,27770110.0,45484712.0,0.0,0.0,0.0,0
1789679133.125531,keyboard,198,5,0.0,0.0,29846508.0,0.0,0.0,0.0,0.0,0.0,0.0,124351320.0,13996950.0,0.0,0.0,0.0,0.0,0.0,0
1789679133.2207055,keyboard,193,4,0.0,0.0,0.0,0.0,0.0,0.0,0.0,0.0,0.0,0.0,0.0,492480480.0,1103245824.0,0.0,0.0,0.0,0
1789679133.3171122,keyboard,194,11,0.0,0.0,0.0,0.0,0.0,0.0,43237152.0,88370064.0,0.0,163453264.0,0.0,56935488.0,48310136.0,0.0,55548260.0,27513094.0,0
1789679133.3884594,keyboard,183,7,0.0,0.0,0.0,0.0,0.0,0.0,0.0,0.0,126172832.0,153389024.0,30319580.0,0.0,0.0,258622016.0,0.0,81390880.0,0
1789679133.4537702,keyboard,194,6,0.0,0.0,2894585.25,0.0,0.0,0.0,0.0,0.0,0.0,0.0,7550935.0,11046014.0,21627412.0,0.0,0.0,0.0,0
1789679133.518082,keyboard,196,7,0.0,0.0,0.0,0.0,0.0,0.0,0.0,65040484.0,10842996.0,82810912.0,0.0,0.0,83314144.0,0.0,0.0,9668380.0,0
1789679133.582352,keyboard,196,9,0.0,0.0,0.0,0.0,0.0,0.0,7730506.5,4334699.5,3126126.75,0.0,10342240.0,65133356.0,39155580.0,0.0,0.0,0.0,0
1789679133.628456,keyboard,203,9,1924984.625,0.0,0.0,0.0,0.0,0.0,8868720.0,1609637.25,2003005.375,10570476.0,0.0,97475744.0,0.0,0.0,0.0,0.0,0
1789679133.7038784,keyboard,209,15,0.0,0.0,34793244.0,0.0,24280118.0,50317116.0,145562464.0,0.0,663882368.0,998415616.0,0.0,79033552.0,73954528.0,15346787.0,0.0,0.0,0
1789679133.7900674,keyboard,209,3,0.0,0.0,0.0,0.0,489248.53125,0.0,0.0,0.0,0.0,0.0,0.0,0.0,0.0,15299011.0,0.0,0.0,0
1789679133.853052,keyboard,227,4,12608421.0,0.0,0.0,0.0,0.0,0.0,0.0,0.0,0.0,60716864.0,246503408.0,0.0,0.0,0.0,0.0,0.0,0
1789679133.9232826,keyboard,240,5,12597154.0,0.0,0.0,0.0,0.0,0.0,11129736.0,0.0,0.0,77799648.0,0.0,0.0,0.0,4478625.5,0.0,0.0,0
1789679134.0426931,keyboard,203,7,0.0,0.0,0.0,0.0,0.0,0.0,0.0,0.0,0.0,0.0,0.0,129662512.0,0.0,259626720.0,268696128.0,468777408.0,0
1789679135.751982,keyboard,151,3,0.0,0.0,0.0,0.0,0.0,0.0,0.0,0.0,0.0,104110920.0,0.0,11050990.0,15597478.0,0.0,0.0,0.0,0
1789679135.9730227,keyboard,177,8,0.0,0.0,0.0,0.0,0.0,0.0,0.0,38674880.0,65669084.0,409374464.0,168439488.0,199517824.0,0.0,0.0,0.0,0.0,0
1789679136.1948683,keyboard,236,4,0.0,0.0,61144192.0,13498862.0,0.0,0.0,0.0,0.0,0.0,0.0,0.0,0.0,0.0,0.0,0.0,0.0,0
1789679136.289586,keyboard,194,4,0.0,0.0,0.0,0.0,0.0,0.0,0.0,0.0,0.0,0.0,0.0,679677376.0,816461568.0,0.0,0.0,0.0,0
1789679136.38501,keyboard,194,9,0.0,0.0,13499882.0,4399275.5,18426522.0,0.0,0.0,7756184.0,3783779.5,2214594.75,0.0,0.0,0.0,21500510.0,2579288.75,3613896.0,0
1789679136.5094073,keyboard,192,12,0.0,19907874.0,0.0,0.0,0.0,0.0,103773904.0,193982560.0,189017920.0,422512288.0,0.0,203060400.0,477209024.0,0.0,0.0,0.0,0
1789679136.6053033,keyboard,192,11,0.0,0.0,0.0,47111016.0,107014800.0,0.0,0.0,0.0,0.0,113934560.0,72523200.0,52912616.0,138179760.0,96609632.0,0.0,16473214.0,0
1789679136.7014215,keyboard,196,7,25435370.0,0.0,0.0,0.0,3793145.5,33081684.0,0.0,0.0,0.0,90893528.0,0.0,0.0,0.0,0.0,0.0,0.0,0
1789679136.7020063,keyboard,232,5,0.0,0.0,0.0,0.0,0.0,0.0,0.0,0.0,0.0,0.0,0.0,68805280.0,157890848.0,224141248.0,0.0,0.0,0
1789679136.7948196,keyboard,196,5,0.0,0.0,0.0,0.0,0.0,3322425.5,0.0,0.0,0.0,0.0,0.0,5908344.0,1750741.25,0.0,0.0,0.0,0
1789679136.953318,keyboard,188,3,0.0,0.0,0.0,0.0,0.0,0.0,0.0,0.0,0.0,0.0,6933488.0,21522786.0,0.0,0.0,0.0,8892312.0,0
1789679137.0169954,keyboard,209,8,0.0,0.0,0.0,0.0,0.0,0.0,0.0,0.0,0.0,227114336.0,0.0,0.0,47687820.0,74230256.0,7059092.0,13317554.0,0
1789679137.0804615,keyboard,210,6,0.0,0.0,0.0,0.0,0.0,2968643.75,0.0,702739.375,0.0,0.0,0.0,0.0,15100296.0,7851294.5,53018676.0,0.0,0
1789679137.2065735,keyboard,211,3,0.0,0.0,0.0,0.0,0.0,0.0,509489.5,0.0,10389647.0,5737150.5,0.0,0.0,0.0,0.0,0.0,0.0,0
1789679138.660736,keyboard,157,5,0.0,0.0,0.0,0.0,0.0,0.0,0.0,0.0,0.0,132109464.0,272208736.0,277612416.0,0.0,0.0,0.0,0.0,0
1789679138.7299962,keyboard,157,14,0.0,0.0,1444791.625,5473182.0,0.0,0.0,0.0,0.0,0.0,143588288.0,145242064.0,34464012.0,40137620.0,54190736.0,33172760.0,25777058.0,0
1789679138.7751496,keyboard,162,6,0.0,0.0,0.0,0.0,3554183.5,0.0,0.0,0.0,20406590.0,81828312.0,0.0,78624624.0,36785856.0,0.0,0.0,0.0,0
1789679138.9137018,keyboard,169,6,0.0,0.0,0.0,0.0,0.0,0.0,10803534.0,23445268.0,0.0,0.0,0.0,52769560.0,41987216.0,0.0,0.0,0.0,0
1789679139.009245,keyboard,211,9,4745659.5,19350170.0,0.0,0.0,0.0,0.0,0.0,0.0,92157640.0,309405856.0,0.0,97617144.0,0.0,0.0,0.0,0.0,0
1789679139.080002,keyboard,195,9,0.0,41181104.0,0.0,0.0,0.0,0.0,191433632.0,35190792.0,164260480.0,724693696.0,0.0,93489384.0,0.0,0.0,0.0,146715904.0,0
1789679139.1897323,keyboard,207,5,0.0,0.0,0.0,0.0,0.0,0.0,0.0,0.0,0.0,9929582.0,31379344.0,7093279.5,0.0,0.0,0.0,0.0,0
1789679139.2530472,keyboard,191,8,0.0,0.0,0.0,0.0,0.0,0.0,0.0,0.0,0.0,65509536.0,104565872.0,794824832.0,0.0,16928778.0,0.0,28432092.0,0
1789679139.3287995,keyboard,203,16,0.0,13581752.0,0.0,0.0,0.0,25766308.0,41909792.0,0.0,55879304.0,111161488.0,0.0,35330116.0,58527352.0,51375876.0,0.0,25537716.0,0
1789679139.4201949,keyboard,224,16,5952301.0,10639579.0,18338384.0,0.0,0.0,0.0,0.0,0.0,340596608.0,580600064.0,0.0,1132155776.0,1084667648.0,491550400.0,0.0,0.0,0
1789679139.4786177,keyboard,224,8,10305176.0,11281275.0,1824172.0,0.0,0.0,0.0,0.0,13852456.0,0.0,0.0,0.0,0.0,117397632.0,55160672.0,0.0,4207599.0,0
1789679141.667388,keyboard,203,8,0.0,74968128.0,34646664.0,0.0,0.0,0.0,0.0,0.0,0.0,0.0,79831656.0,251923760.0,26804750.0,0.0,0.0,0.0,0
1789679141.762549,keyboard,186,6,32127966.0,0.0,0.0,0.0,0.0,0.0,0.0,0.0,0.0,19444736.0,73610432.0,27519190.0,22033808.0,0.0,0.0,39254528.0,0
1789679141.8583293,keyboard,211,7,0.0,0.0,0.0,0.0,0.0,0.0,3122228.0,56324472.0,0.0,0.0,0.0,63793580.0,98499712.0,0.0,61614176.0,0.0,0
1789679141.9509788,keyboard,194,9,0.0,9132424.0,0.0,0.0,0.0,96339168.0,0.0,48677312.0,29884820.0,35603652.0,0.0,267466976.0,219384160.0,196370512.0,0.0,0.0,0
1789679142.0137196,keyboard,196,8,0.0,0.0,0.0,0.0,37303252.0,0.0,0.0,155598304.0,245855376.0,353006496.0,0.0,0.0,0.0,0.0,162238016.0,0.0,0
1789679142.0783756,keyboard,194,5,0.0,0.0,0.0,0.0,0.0,6203885.0,0.0,0.0,0.0,0.0,0.0,18960884.0,28237042.0,58227968.0,0.0,0.0,0
1789679142.1721523,keyboard,205,10,0.0,0.0,0.0,168583488.0,102531576.0,0.0,123237752.0,0.0,60480520.0,295286848.0,0.0,69338608.0,120512688.0,49517712.0,0.0,0.0,0
1789679142.232504,keyboard,205,8,0.0,0.0,0.0,43981920.0,75583024.0,0.0,0.0,26125486.0,26298252.0,26066296.0,0.0,49310788.0,0.0,0.0,17687310.0,0.0,0
1789679142.281552,keyboard,208,15,194240144.0,285935680.0,0.0,8531485.0,0.0,109053920.0,253939168.0,0.0,32069616.0,325118304.0,0.0,567598720.0,41145600.0,72033712.0,0.0,0.0,0
1789679142.3616168,keyboard,208,7,2676174.0,0.0,0.0,0.0,0.0,0.0,0.0,0.0,0.0,14665023.0,0.0,27526270.0,100164848.0,22647126.0,0.0,2987162.25,0
1789679142.4063382,keyboard,208,3,0.0,0.0,0.0,45602512.0,0.0,0.0,0.0,0.0,0.0,0.0,0.0,9553150.0,0.0,0.0,0.0,9187146.0,0
1789679142.519708,keyboard,217,9,0.0,0.0,0.0,0.0,0.0,0.0,0.0,0.0,85002248.0,200822912.0,18201500.0,81373120.0,158106672.0,142445232.0,0.0,0.0,0
1789679142.589626,keyboard,184,4,0.0,0.0,0.0,0.0,0.0,0.0,61637328.0,0.0,0.0,0.0,0.0,0.0,0.0,99055504.0,70687360.0,31499880.0,0
1789679142.651999,keyboard,213,6,0.0,0.0,0.0,0.0,0.0,0.0,0.0,0.0,0.0,269894880.0,0.0,0.0,1068624576.0,370809728.0,0.0,0.0,0
1789679142.715284,keyboard,214,8,0.0,3667699.5,0.0,0.0,0.0,17378302.0,12537546.0,0.0,0.0,16692985.0,0.0,38658380.0,56622408.0,63085680.0,0.0,0.0,0
1789679142.805299,keyboard,203,5,0.0,0.0,0.0,0.0,0.0,7661187.5,0.0,0.0,0.0,0.0,0.0,0.0,0.0,30106952.0,46761696.0,11232343.0,0
1789679144.16608,keyboard,155,6,0.0,0.0,0.0,0.0,0.0,0.0,0.0,0.0,1091628.5,3659163.75,0.0,6926254.0,0.0,4615066.0,2774322.0,0.0,0
1789679144.3868704,keyboard,143,11,0.0,0.0,0.0,0.0,0.0,0.0,0.0,20155188.0,41370064.0,0.0,14056035.0,16203267.0,56472080.0,168348720.0,0.0,35731716.0,0
1789679144.481462,keyboard,172,4,0.0,0.0,0.0,0.0,0.0,0.0,0.0,0.0,0.0,36841796.0,0.0,239193536.0,0.0,0.0,0.0,0.0,0
1789679144.5451424,keyboard,172,6,0.0,0.0,0.0,0.0,0.0,0.0,0.0,0.0,0.0,0.0,0.0,35243056.0,0.0,16820476.0,0.0,0.0,0
1789679144.5908017,keyboard,176,4,3047260.5,0.0,0.0,0.0,0.0,8638553.0,0.0,0.0,41048992.0,0.0,0.0,106800512.0,0.0,0.0,0.0,0.0,0
1789679144.699044,keyboard,174,7,0.0,0.0,0.0,0.0,0.0,0.0,37231680.0,0.0,37530480.0,10417896.0,0.0,0.0,0.0,0.0,10244395.0,25066554.0,0
1789679144.7745974,keyboard,181,5,0.0,0.0,0.0,0.0,0.0,0.0,0.0,0.0,0.0,40675764.0,0.0,498973632.0,201689312.0,0.0,0.0,0.0,0
1789679144.838508,keyboard,181,7,0.0,4596505.5,0.0,1728587.75,0.0,0.0,0.0,0.0,2080453.25,6772374.0,0.0,0.0,15169178.0,0.0,0.0,7792772.0,0
1789679144.8831353,keyboard,181,3,0.0,0.0,0.0,0.0,0.0,0.0,0.0,0.0,0.0,0.0,0.0,0.0,4517288.0,1285452.5,0.0,2585295.0,0
1789679144.932995,keyboard,202,10,0.0,0.0,202315136.0,0.0,0.0,0.0,165881760.0,0.0,0.0,547322304.0,0.0,0.0,323972192.0,198530528.0,0.0,0.0,0
1789679144.9974475,keyboard,200,9,2810117.5,25109944.0,0.0,0.0,7274354.0,0.0,22802166.0,0.0,45277656.0,210887712.0,0.0,34477832.0,0.0,49813024.0,0.0,0.0,0
1789679145.083092,keyboard,202,5,0.0,0.0,0.0,0.0,0.0,0.0,0.0,14947033.0,26195616.0,0.0,0.0,0.0,0.0,27646948.0,40872992.0,0.0,0
1789679145.1426826,keyboard,206,6,0.0,0.0,65355720.0,0.0,5235461.0,0.0,2097886.25,0.0,0.0,0.0,0.0,0.0,12924336.0,10766791.0,9931462.0,0.0,0
1789679145.2073188,keyboard,210,10,8079016.0,0.0,0.0,0.0,0.0,5858879.0,0.0,0.0,108816800.0,78768904.0,0.0,238212464.0,56431052.0,29736534.0,0.0,0.0,0
1789679145.3033516,keyboard,214,16,0.0,5206840.0,23409220.0,0.0,0.0,0.0,0.0,0.0,279684192.0,1752208512.0,0.0,3526701312.0,1947895552.0,977135488.0,56283856.0,10325589.0,0
1789679145.3731203,keyboard,214,4,6152508.0,5720795.5,0.0,0.0,0.0,1639190.0,3845381.0,0.0,0.0,0.0,0.0,0.0,0.0,0.0,0.0,0.0,0
1789679145.4302642,keyboard,206,6,0.0,0.0,0.0,0.0,0.0,0.0,0.0,0.0,0.0,140034928.0,0.0,0.0,509333728.0,22862748.0,0.0,49520920.0,0
1789679145.5020876,keyboard,224,10,3715591.5,1341437.5,0.0,0.0,0.0,0.0,23915058.0,0.0,0.0,32537512.0,0.0,0.0,0.0,18197876.0,0.0,3845546.75,0
1789679145.5652645,keyboard,213,7,0.0,29137588.0,0.0,0.0,0.0,1255169.0,3586604.0,0.0,2039330.25,0.0,0.0,0.0,6633612.5,12096692.0,0.0,0.0,0
1789679147.2668605,keyboard,176,7,0.0,0.0,0.0,0.0,0.0,0.0,0.0,27288546.0,81710888.0,941911168.0,361290880.0,0.0,0.0,0.0,0.0,0.0,0
1789679147.3621016,keyboard,222,7,14554294.0,53649708.0,41886312.0,24842912.0,0.0,0.0,0.0,0.0,0.0,0.0,0.0,0.0,0.0,0.0,0.0,0.0,0
1789679147.3630688,keyboard,176,6,0.0,0.0,0.0,0.0,0.0,0.0,0.0,10072837.0,70500536.0,183334592.0,0.0,0.0,0.0,85269872.0,0.0,147135536.0,0
1789679147.407636,keyboard,188,4,15995653.0,130513664.0,0.0,0.0,0.0,0.0,0.0,0.0,0.0,0.0,0.0,361247872.0,0.0,0.0,0.0,0.0,0
1789679147.4863973,keyboard,237,8,0.0,0.0,0.0,0.0,0.0,0.0,57059152.0,80248600.0,0.0,0.0,0.0,2718726.0,166512480.0,128914384.0,0.0,0.0,0
1789679147.581957,keyboard,194,10,7113975.0,0.0,0.0,0.0,0.0,0.0,0.0,19537286.0,25254878.0,225643392.0,126819248.0,49433344.0,0.0,0.0,0.0,260582992.0,0
1789679147.6771348,keyboard,198,5,3528477.25,17692574.0,0.0,0.0,0.0,37503296.0,254089568.0,0.0,0.0,33206216.0,0.0,0.0,0.0,0.0,0.0,0.0,0
1789679147.7479348,keyboard,173,9,3232352.0,18870014.0,0.0,0.0,0.0,0.0,27787882.0,0.0,0.0,0.0,37062280.0,0.0,0.0,125483624.0,62845468.0,0.0,0
1789679147.8120227,keyboard,207,5,0.0,0.0,0.0,0.0,14558477.0,0.0,0.0,0.0,0.0,29455516.0,55479416.0,36309288.0,0.0,0.0,0.0,0.0,0
1789679147.8764155,keyboard,193,5,0.0,0.0,0.0,0.0,0.0,0.0,36912368.0,0.0,0.0,24788812.0,0.0,43791840.0,0.0,42197000.0,0.0,11088697.0,0
1789679147.9400945,keyboard,202,7,0.0,0.0,0.0,0.0,0.0,8477684.0,175874304.0,0.0,0.0,0.0,0.0,49938164.0,43472944.0,24298442.0,0.0,0.0,0
1789679148.056728,keyboard,199,5,0.0,0.0,49284188.0,0.0,0.0,0.0,0.0,0.0,0.0,0.0,0.0,737829952.0,334834400.0,0.0,0.0,0.0,0
1789679148.1163752,keyboard,211,7,7588726.0,0.0,0.0,0.0,0.0,10990503.0,25480008.0,0.0,0.0,95239952.0,0.0,0.0,284281696.0,152194112.0,0.0,0.0,0
1789679148.1809745,keyboard,220,9,0.0,0.0,0.0,0.0,0.0,0.0,0.0,0.0,369365088.0,301681664.0,0.0,180813472.0,471273856.0,206139200.0,0.0,0.0,0
1789679148.2423153,keyboard,198,6,0.0,0.0,0.0,0.0,11799214.0,0.0,23102832.0,0.0,0.0,0.0,0.0,0.0,66108384.0,7165084.0,9462656.0,11245304.0,0
1789679148.30585,keyboard,215,9,0.0,0.0,0.0,0.0,0.0,117508720.0,36190772.0,0.0,18498202.0,252015648.0,0.0,196966016.0,365320448.0,29791818.0,0.0,0.0,0
1789679148.3685036,keyboard,215,4,0.0,0.0,0.0,0.0,0.0,0.0,10322861.0,0.0,14913416.0,0.0,0.0,0.0,0.0,4193886.75,0.0,0.0,0
1789679148.4678211,keyboard,210,9,0.0,0.0,0.0,0.0,0.0,0.0,14114206.0,0.0,52363480.0,99627608.0,0.0,27633560.0,0.0,44799776.0,7026342.0,18352768.0,0
1789679148.538669,keyboard,216,4,0.0,8869287.0,0.0,0.0,0.0,0.0,0.0,0.0,0.0,19958488.0,0.0,0.0,0.0,269160192.0,0.0,0.0,0
1789679150.079923,keyboard,180,7,0.0,0.0,0.0,0.0,0.0,0.0,0.0,0.0,0.0,501989728.0,503378816.0,450864096.0,0.0,0.0,0.0,0.0,0
1789679150.1501348,keyboard,166,6,0.0,0.0,0.0,0.0,1705802.125,0.0,0.0,0.0,0.0,263011440.0,328422880.0,1016250112.0,23960026.0,0.0,0.0,0.0,0
1789679150.215037,keyboard,171,12,0.0,0.0,0.0,0.0,0.0,0.0,0.0,0.0,568908736.0,2398519808.0,1164238336.0,1287234560.0,126856944.0,0.0,0.0,436388480.0,0
1789679150.2793744,keyboard,171,10,0.0,0.0,0.0,0.0,0.0,0.0,0.0,164497952.0,0.0,29342320.0,398070144.0,524008416.0,26824992.0,36591168.0,75497648.0,135363824.0,0
1789679150.3364918,keyboard,171,4,14403971.0,0.0,55267920.0,0.0,0.0,0.0,0.0,0.0,0.0,58186984.0,0.0,8338460.0,0.0,0.0,0.0,0.0,0
1789679150.382744,keyboard,171,5,0.0,0.0,0.0,6306087.5,0.0,0.0,0.0,2301579.25,1120996.25,4473747.0,6833803.0,0.0,0.0,0.0,0.0,0.0,0
1789679150.5221262,keyboard,201,5,0.0,34636576.0,0.0,0.0,0.0,0.0,0.0,0.0,0.0,0.0,0.0,38918528.0,198158720.0,174956592.0,0.0,0.0,0
1789679150.583252,keyboard,206,10,0.0,133009696.0,0.0,0.0,0.0,0.0,80514384.0,0.0,0.0,255073648.0,0.0,173521376.0,82080616.0,0.0,0.0,0.0,0
1789679150.6467657,keyboard,206,4,0.0,5841142.0,0.0,0.0,0.0,33263372.0,16381858.0,6130156.0,0.0,0.0,0.0,0.0,0.0,0.0,0.0,0.0,0
1789679150.7728095,keyboard,161,3,0.0,102404184.0,0.0,0.0,0.0,0.0,0.0,50244184.0,0.0,0.0,0.0,0.0,0.0,36301812.0,0.0,0.0,0
1789679150.8368938,keyboard,185,8,0.0,119562784.0,0.0,0.0,0.0,0.0,27852570.0,0.0,0.0,67133344.0,0.0,180681568.0,73152832.0,0.0,0.0,0.0,0
1789679150.9331832,keyboard,199,9,13986250.0,73282400.0,0.0,0.0,0.0,15364178.0,0.0,0.0,86618056.0,128674048.0,0.0,0.0,44345340.0,76876808.0,0.0,0.0,0
1789679151.0599468,keyboard,199,9,0.0,0.0,0.0,0.0,2968307.0,0.0,0.0,7431837.0,7445846.0,14095447.0,0.0,20737980.0,43419256.0,36778232.0,0.0,1137660.75,0
1789679151.187564,keyboard,190,11,591344.0625,0.0,9424786.0,0.0,0.0,10738257.0,7050219.0,0.0,0.0,0.0,0.0,28173440.0,19834582.0,20444800.0,53096272.0,0.0,0
1789679151.250096,keyboard,193,8,0.0,0.0,0.0,0.0,1864682.25,741640.5,0.0,891672.875,0.0,0.0,0.0,4440288.0,3411446.0,8306429.0,2030851.625,0.0,0
1789679151.344396,keyboard,225,9,9541295.0,7915611.0,4459977.0,0.0,0.0,0.0,8471360.0,0.0,0.0,0.0,0.0,0.0,94651744.0,390040064.0,159716272.0,0.0,0
1789679151.403096,keyboard,225,6,0.0,0.0,0.0,0.0,0.0,0.0,0.0,0.0,0.0,15023628.0,0.0,94423560.0,119914272.0,77497568.0,0.0,69814224.0,0
1789679153.0860126,keyboard,152,3,0.0,0.0,0.0,0.0,0.0,0.0,0.0,9126104.0,0.0,0.0,0.0,83225216.0,0.0,0.0,0.0,0.0,0
1789679153.1361868,keyboard,157,8,0.0,0.0,0.0,0.0,0.0,0.0,0.0,84825560.0,42914500.0,223855904.0,0.0,178663744.0,0.0,0.0,0.0,0.0,0
1789679153.2007823,keyboard,191,7,0.0,5548402.5,0.0,0.0,0.0,0.0,0.0,0.0,0.0,0.0,58425608.0,107774016.0,0.0,63284600.0,0.0,0.0,0
1789679153.2749803,keyboard,202,10,8794098.0,37338864.0,0.0,0.0,0.0,0.0,0.0,0.0,103056256.0,605198656.0,101625576.0,34188176.0,0.0,0.0,0.0,0.0,0
1789679153.4014475,keyboard,203,8,1907104.5,0.0,0.0,0.0,0.0,0.0,2922944.75,0.0,0.0,0.0,44920104.0,15868224.0,9326851.0,1915144.875,0.0,0.0,0
1789679153.4965625,keyboard,214,7,0.0,0.0,0.0,0.0,0.0,14133586.0,0.0,0.0,2724050.25,0.0,96420912.0,216962080.0,0.0,0.0,0.0,0.0,0
1789679153.5666225,keyboard,214,4,14569640.0,0.0,0.0,0.0,0.0,0.0,1374882.125,0.0,0.0,0.0,0.0,0.0,9164962.0,4759520.0,0.0,0.0,0
1789679153.6128602,keyboard,202,10,0.0,0.0,0.0,22900226.0,35729700.0,0.0,28735452.0,44429724.0,18448136.0,0.0,13419366.0,75583528.0,53852712.0,54374124.0,0.0,0.0,0
1789679153.6763227,keyboard,184,9,24078476.0,81806920.0,6016799.0,0.0,0.0,0.0,0.0,2150460.25,0.0,33935500.0,0.0,46914904.0,29964330.0,0.0,0.0,0.0,0
1789679153.7516167,keyboard,210,3,0.0,0.0,0.0,0.0,0.0,0.0,0.0,0.0,0.0,0.0,12727650.0,154261456.0,220639072.0,0.0,0.0,0.0,0
1789679153.8118284,keyboard,191,5,0.0,0.0,0.0,0.0,0.0,6780101.0,4564429.0,0.0,0.0,1853555.75,0.0,0.0,0.0,0.0,3766522.25,0.0,0
1789679153.8749409,keyboard,170,4,0.0,0.0,0.0,0.0,0.0,554738.625,0.0,0.0,0.0,0.0,0.0,0.0,7014015.0,0.0,9770577.0,8227252.5,0
1789679153.9399662,keyboard,195,8,0.0,0.0,0.0,0.0,15050753.0,34987748.0,66106736.0,0.0,0.0,0.0,0.0,1474018944.0,0.0,0.0,2250487.25,24282388.0,0
1789679153.9405842,keyboard,241,9,29095538.0,102348976.0,68371888.0,59423588.0,0.0,0.0,0.0,0.0,0.0,36972416.0,0.0,0.0,0.0,76340208.0,8957160.0,0.0,0
1789679154.0055726,keyboard,230,4,0.0,0.0,0.0,0.0,0.0,0.0,0.0,0.0,205920928.0,381647104.0,0.0,0.0,212451712.0,0.0,0.0,0.0,0
1789679154.0790906,keyboard,217,10,16242508.0,0.0,0.0,0.0,0.0,0.0,42991968.0,0.0,38443024.0,629212928.0,0.0,0.0,270458496.0,615395200.0,0.0,0.0,0
1789679154.1595752,keyboard,195,11,0.0,0.0,116623392.0,0.0,4701059.0,591156.9375,0.0,0.0,0.0,8020579.5,0.0,0.0,0.0,55050284.0,25158424.0,21444846.0,0
1789679154.2875838,keyboard,207,6,0.0,0.0,1967468.375,0.0,0.0,0.0,0.0,0.0,0.0,8807493.0,0.0,0.0,58700928.0,27499404.0,0.0,0.0,0
1789679155.9947877,keyboard,196,10,0.0,0.0,0.0,0.0,0.0,0.0,0.0,0.0,24577012.0,255357600.0,227268128.0,532165472.0,146057952.0,0.0,0.0,0.0,0
1789679156.0584376,keyboard,191,6,0.0,0.0,0.0,0.0,0.0,0.0,20985356.0,0.0,2772053.25,15002044.0,0.0,46844952.0,20771348.0,0.0,0.0,0.0,0
1789679156.1532953,keyboard,194,5,0.0,2926804.75,0.0,0.0,0.0,0.0,0.0,0.0,0.0,0.0,28328334.0,36122588.0,22824772.0,0.0,0.0,0.0,0
1789679156.2129886,keyboard,182,6,0.0,10304913.0,0.0,0.0,0.0,0.0,15905229.0,0.0,0.0,0.0,174679616.0,498771072.0,0.0,0.0,0.0,0.0,0
1789679156.2775865,keyboard,189,7,10328762.0,0.0,0.0,0.0,0.0,0.0,3354977.5,0.0,0.0,0.0,0.0,25645156.0,0.0,44498040.0,50762480.0,0.0,0
1789679156.353316,keyboard,190,8,0.0,7907868.0,11257360.0,0.0,0.0,0.0,95056672.0,0.0,0.0,34227128.0,22509738.0,110428400.0,0.0,0.0,0.0,17636304.0,0
1789679156.418229,keyboard,197,12,0.0,0.0,0.0,0.0,0.0,0.0,0.0,7531017.0,86081072.0,67489432.0,101288248.0,175075008.0,88919040.0,69794112.0,0.0,0.0,0
1789679156.5466156,keyboard,204,11,0.0,0.0,0.0,27351454.0,0.0,0.0,39064840.0,0.0,101846992.0,541522432.0,234073984.0,0.0,0.0,0.0,23621346.0,16922960.0,0
1789679156.6099613,keyboard,210,11,261041472.0,200346912.0,0.0,0.0,0.0,0.0,213930160.0,75067408.0,0.0,0.0,0.0,0.0,38706592.0,14249984.0,0.0,0.0,0
1789679156.6737628,keyboard,209,4,0.0,0.0,0.0,0.0,8321888.5,0.0,0.0,0.0,0.0,47065836.0,9775300.0,47495372.0,0.0,0.0,0.0,0.0,0
1789679156.7366676,keyboard,190,16,83557616.0,138900160.0,252298720.0,0.0,0.0,0.0,0.0,15243490.0,15104195.0,60351276.0,7249295.0,80551168.0,0.0,0.0,37373768.0,10663862.0,0
1789679156.8002677,keyboard,199,7,0.0,0.0,0.0,0.0,0.0,0.0,5227191.5,11259707.0,24409512.0,0.0,0.0,125777208.0,0.0,14489578.0,0.0,0.0,0
1789679156.9425387,keyboard,195,10,0.0,144681648.0,0.0,0.0,0.0,3821027.25,4069609.0,0.0,0.0,111939744.0,0.0,0.0,0.0,75980952.0,0.0,10115043.0,0
1789679157.006517,keyboard,198,9,0.0,0.0,24114352.0,0.0,3345530.0,5957974.0,25902526.0,0.0,0.0,37515856.0,0.0,26770052.0,0.0,0.0,14366243.0,14912754.0,0
1789679157.1007483,keyboard,198,14,0.0,6874892.0,0.0,0.0,711862.0625,5499230.5,0.0,0.0,19757640.0,43848804.0,0.0,7833453.5,0.0,151647840.0,237531136.0,345726400.0,0
1789679157.164222,keyboard,224,9,0.0,0.0,0.0,0.0,0.0,0.0,0.0,74358504.0,164092832.0,441648064.0,0.0,0.0,97193248.0,133324784.0,0.0,42132308.0,0
1789679158.3340275,keyboard,190,8,0.0,0.0,0.0,0.0,0.0,0.0,0.0,0.0,0.0,0.0,38569976.0,21582780.0,0.0,28263408.0,4325740.5,27177520.0,0
1789679158.5555198,keyboard,212,7,0.0,497144.9375,591901.9375,0.0,0.0,0.0,0.0,0.0,0.0,15694604.0,11717663.0,26603650.0,8456931.0,5577519.0,0.0,0.0,0
1789679158.9978704,keyboard,185,5,0.0,0.0,0.0,0.0,0.0,0.0,0.0,0.0,0.0,75798976.0,108677792.0,0.0,0.0,0.0,90702240.0,211037488.0,0
1789679159.2180028,keyboard,194,3,0.0,0.0,0.0,0.0,0.0,0.0,0.0,0.0,0.0,0.0,183385120.0,0.0,0.0,1833292928.0,0.0,0.0,0
1789679159.4403863,keyboard,197,6,0.0,42670304.0,36569904.0,0.0,0.0,0.0,0.0,0.0,0.0,0.0,120523008.0,0.0,0.0,608741632.0,0.0,0.0,0
1789679159.6621838,keyboard,199,3,0.0,0.0,0.0,0.0,0.0,0.0,0.0,0.0,0.0,10241196.0,0.0,28951598.0,0.0,3162033.75,0.0,0.0,0
1789679159.8857012,keyboard,193,3,0.0,53379960.0,9753642.0,0.0,0.0,0.0,0.0,0.0,0.0,0.0,0.0,703647232.0,0.0,0.0,0.0,0.0,0
1789679160.0731974,keyboard,180,8,0.0,519571.65625,0.0,381990.21875,0.0,0.0,0.0,0.0,0.0,0.0,43503052.0,4659895.0,19381626.0,0.0,5838161.5,10501474.0,0
1789679160.8953044,keyboard,172,4,0.0,1053878.0,0.0,0.0,0.0,0.0,0.0,0.0,0.0,0.0,0.0,26513392.0,0.0,0.0,8865382.0,0.0,0
1789679161.115827,keyboard,160,3,0.0,0.0,0.0,0.0,0.0,0.0,0.0,0.0,0.0,0.0,932551616.0,670018880.0,0.0,0.0,0.0,0.0,0
1789679161.3393629,keyboard,201,4,0.0,68350896.0,0.0,12961130.0,0.0,0.0,0.0,0.0,0.0,0.0,0.0,388369440.0,0.0,0.0,0.0,0.0,0
1789679161.7502296,keyboard,147,4,0.0,0.0,0.0,0.0,0.0,0.0,0.0,0.0,0.0,34735032.0,77488160.0,0.0,0.0,0.0,0.0,21199082.0,0
1789679161.75116,keyboard,252,7,8804453.0,13897624.0,0.0,0.0,4798315.5,22481204.0,0.0,0.0,0.0,0.0,0.0,0.0,0.0,0.0,0.0,0.0,0
1789679162.1609447,keyboard,229,4,0.0,0.0,0.0,0.0,0.0,4614345.0,15148736.0,0.0,0.0,0.0,0.0,192556960.0,0.0,0.0,0.0,0.0,0
1789679162.3511727,keyboard,250,4,8460290.0,11281945.0,904595.6875,0.0,0.0,0.0,0.0,0.0,0.0,0.0,0.0,0.0,0.0,0.0,0.0,0.0,0
1789679162.3523076,keyboard,161,3,0.0,0.0,0.0,0.0,0.0,0.0,0.0,0.0,0.0,0.0,0.0,22570726.0,0.0,0.0,0.0,0.0,0
1789679162.6017904,keyboard,211,6,2465381.25,0.0,0.0,0.0,0.0,0.0,0.0,0.0,49364076.0,95211592.0,0.0,12478828.0,0.0,0.0,0.0,0.0,0
1789679162.8556926,keyboard,193,6,0.0,0.0,0.0,0.0,0.0,0.0,0.0,0.0,25173742.0,40510904.0,0.0,0.0,53517104.0,16679202.0,0.0,17895074.0,0
1789679163.075833,keyboard,202,9,1128290.0,4023245.0,0.0,0.0,0.0,0.0,0.0,4990128.5,0.0,5515375.0,0.0,0.0,113738080.0,109442480.0,0.0,175987360.0,0
1789679163.5190256,keyboard,200,7,494151.0,0.0,0.0,0.0,0.0,0.0,0.0,0.0,0.0,0.0,0.0,0.0,4640584.0,371727.5625,12196776.0,9415213.0,0
1789679163.5880475,keyboard,200,4,0.0,0.0,0.0,0.0,0.0,33179.875,0.0,0.0,0.0,324440.0625,0.0,0.0,1282326.75,0.0,0.0,0.0,0
1789679163.7721078,keyboard,203,10,0.0,18881036.0,0.0,0.0,8695226.0,0.0,8776099.0,0.0,0.0,53594872.0,0.0,102243536.0,59340632.0,9335872.0,0.0,31705024.0,0
1789679163.992985,keyboard,200,13,0.0,676869.25,0.0,0.0,5183483.5,0.0,2278930.75,0.0,58320700.0,18329462.0,0.0,37973240.0,92588424.0,108420104.0,0.0,15450754.0,0
1789679164.2148128,keyboard,214,10,0.0,0.0,23774888.0,0.0,1308016.0,8704820.0,4382491.5,39412816.0,39660432.0,0.0,0.0,0.0,0.0,0.0,0.0,0.0,0
1789679164.4669893,keyboard,190,7,1251012.5,5479266.0,0.0,0.0,0.0,0.0,0.0,0.0,0.0,50148272.0,86566656.0,18265744.0,0.0,19862736.0,0.0,59795580.0,0
1789679164.9103518,keyboard,225,6,0.0,34991336.0,0.0,0.0,0.0,0.0,0.0,0.0,0.0,37853056.0,65380292.0,50360728.0,0.0,0.0,0.0,0.0,0
1789679165.1318097,keyboard,195,11,0.0,14268597.0,7906622.0,0.0,0.0,0.0,3520133.75,2730610.5,0.0,21981584.0,0.0,27272812.0,42437412.0,0.0,618882.75,0.0,0
1789679165.2010036,keyboard,201,9,0.0,0.0,0.0,0.0,0.0,13225442.0,0.0,0.0,86282672.0,49678628.0,0.0,89624896.0,0.0,36202724.0,0.0,4082756.0,0
1789679165.2649271,keyboard,198,6,0.0,0.0,0.0,0.0,0.0,0.0,23217684.0,46702524.0,14358474.0,0.0,1902435.25,0.0,0.0,0.0,0.0,0.0,0
1789679165.3835812,keyboard,202,6,0.0,0.0,0.0,0.0,0.0,0.0,0.0,0.0,30172192.0,9189146.0,0.0,0.0,23219418.0,42980320.0,0.0,0.0,0
1789679165.7638836,keyboard,206,9,0.0,18865910.0,0.0,0.0,0.0,0.0,0.0,0.0,37861016.0,362557504.0,0.0,0.0,529461216.0,0.0,255047456.0,311605312.0,0
1789679165.9845045,keyboard,221,6,0.0,0.0,0.0,2201345.5,0.0,1131308.5,0.0,0.0,7390413.0,0.0,0.0,0.0,74519248.0,16445082.0,0.0,0.0,0
1789679166.1737063,keyboard,188,7,0.0,36051120.0,0.0,0.0,0.0,0.0,0.0,0.0,0.0,149018976.0,0.0,0.0,10324765.0,159773936.0,0.0,43115964.0,0
1789679166.2440405,keyboard,202,10,0.0,0.0,0.0,0.0,2444307.0,6705320.0,0.0,0.0,14267852.0,84245144.0,0.0,23562064.0,58371252.0,0.0,0.0,14790340.0,0
1789679166.365369,keyboard,205,3,0.0,1816961.25,0.0,0.0,0.0,0.0,0.0,0.0,0.0,49295224.0,0.0,0.0,0.0,0.0,0.0,7013452.0,0
1789679166.4282446,keyboard,207,7,0.0,4410339.5,1444326.0,0.0,0.0,0.0,0.0,0.0,0.0,0.0,0.0,0.0,85473328.0,22101142.0,0.0,46185080.0,0
1789679166.5536487,keyboard,207,9,0.0,0.0,0.0,0.0,1609084.75,0.0,2189283.75,0.0,5584858.0,21382548.0,0.0,0.0,37059612.0,22035162.0,0.0,2004107.25,0
1789679166.6164916,keyboard,204,5,0.0,0.0,0.0,0.0,0.0,7088799.5,3142333.25,0.0,0.0,42564540.0,0.0,0.0,111128128.0,11518167.0,0.0,0.0,0
1789679166.7437017,keyboard,200,5,0.0,69200808.0,0.0,0.0,0.0,6626390.0,0.0,0.0,0.0,25650332.0,0.0,0.0,205390848.0,99746280.0,0.0,0.0,0
1789679166.933514,keyboard,196,6,0.0,22785500.0,0.0,0.0,1401622.5,0.0,0.0,0.0,0.0,8831190.0,0.0,25322386.0,0.0,0.0,0.0,0.0,0
1789679167.0284414,keyboard,204,9,0.0,0.0,7244759.0,0.0,0.0,2270924.25,0.0,0.0,0.0,12646349.0,0.0,40194708.0,107137312.0,205717712.0,54843504.0,0.0,0
1789679167.1234486,keyboard,194,5,0.0,0.0,0.0,0.0,0.0,0.0,88957.9921875,927630.125,717975.1875,0.0,0.0,11529616.0,3908271.5,0.0,0.0,0.0,0
1789679167.2178628,keyboard,220,6,1287293.75,11481851.0,0.0,0.0,0.0,0.0,0.0,0.0,0.0,13957369.0,0.0,34824732.0,37826744.0,0.0,0.0,22702000.0,0
1789679167.3442369,keyboard,220,9,4263227.5,0.0,0.0,0.0,0.0,2047848.75,0.0,1911477.0,0.0,14521051.0,0.0,49254984.0,0.0,0.0,8182689.0,0.0,0
1789679167.4074717,keyboard,218,4,0.0,0.0,0.0,0.0,0.0,0.0,0.0,0.0,31712788.0,20730452.0,0.0,56821248.0,0.0,15534833.0,0.0,0.0,0
1789679167.5351512,keyboard,215,6,0.0,14831009.0,0.0,0.0,2062766.0,0.0,16831788.0,0.0,0.0,55374328.0,0.0,0.0,0.0,151678624.0,0.0,0.0,0
1789679167.6051574,keyboard,215,6,1674433.75,0.0,0.0,0.0,0.0,0.0,0.0,0.0,0.0,22772788.0,0.0,28209876.0,0.0,0.0,9061786.0,50036864.0,0
1789679167.7232234,keyboard,186,8,0.0,0.0,4830527.0,0.0,0.0,0.0,5205445.0,683761.125,3915231.5,0.0,0.0,0.0,22851772.0,23931844.0,0.0,0.0,0
1789679167.79337,keyboard,201,6,0.0,0.0,0.0,0.0,0.0,20321502.0,4484470.5,0.0,62302880.0,31410932.0,0.0,0.0,0.0,17583286.0,0.0,0.0,0
1789679167.8810034,keyboard,202,7,0.0,838336.5,691418.0625,0.0,0.0,170609.8125,0.0,0.0,0.0,1035840.25,0.0,0.0,0.0,921281.6875,0.0,258160.546875,0
1789679167.9406888,keyboard,200,4,1346637.25,0.0,0.0,0.0,0.0,0.0,7084733.0,0.0,0.0,0.0,0.0,21691864.0,0.0,0.0,0.0,6847535.0,0
1789679168.071157,keyboard,200,4,0.0,0.0,0.0,0.0,0.0,0.0,0.0,0.0,0.0,0.0,15105815.0,108371008.0,0.0,0.0,0.0,0.0,0
1789679168.1665502,keyboard,209,9,0.0,0.0,0.0,5309572.0,7812558.5,0.0,12537472.0,0.0,0.0,53571600.0,0.0,0.0,82706512.0,58141856.0,0.0,0.0,0
1789679168.2610538,keyboard,207,6,0.0,4005029.5,0.0,0.0,0.0,0.0,0.0,0.0,7705355.0,6402800.0,0.0,37522036.0,0.0,0.0,0.0,0.0,0
1789679169.1784744,keyboard,224,7,0.0,0.0,0.0,0.0,0.0,0.0,48841040.0,0.0,0.0,0.0,0.0,255313088.0,207075984.0,930585600.0,0.0,0.0,0
1789679169.3672452,keyboard,200,6,0.0,0.0,0.0,0.0,0.0,9156014.0,0.0,0.0,82944832.0,0.0,0.0,29250028.0,0.0,0.0,0.0,767709440.0,0
1789679169.5580242,keyboard,224,11,0.0,268786.53125,0.0,0.0,1266405.75,0.0,2105200.0,507805.875,230748.9375,204120.453125,0.0,0.0,0.0,2077295.25,1251956.25,785953.5,0
1789679169.6162505,keyboard,210,5,530267.0625,0.0,0.0,0.0,0.0,0.0,26475042.0,0.0,8266138.0,0.0,9875848.0,0.0,0.0,0.0,0.0,0.0,0
1789679169.777745,keyboard,219,7,0.0,0.0,0.0,0.0,0.0,0.0,0.0,0.0,5177545.0,0.0,0.0,1106353792.0,678580928.0,5591610880.0,0.0,0.0,0
1789679169.872691,keyboard,219,3,0.0,0.0,0.0,0.0,0.0,0.0,0.0,5784182.0,15931898.0,0.0,0.0,0.0,0.0,15823353.0,0.0,0.0,0
1789679169.968024,keyboard,219,8,0.0,0.0,0.0,324446.90625,0.0,0.0,0.0,469113.96875,435053.125,1316052.5,0.0,0.0,7602131.0,0.0,0.0,2776736.5,0
1789679170.0137548,keyboard,227,7,1729299.5,0.0,0.0,0.0,0.0,3708666.25,10041012.0,0.0,0.0,0.0,0.0,45591368.0,20513020.0,7574739.0,0.0,14062099.0,0
1789679170.1903684,keyboard,218,10,0.0,0.0,559753.5,0.0,0.0,0.0,0.0,0.0,0.0,84173744.0,0.0,0.0,152380640.0,1180668928.0,319992352.0,645824832.0,0
1789679170.2863135,keyboard,202,10,0.0,8178864.0,0.0,4524250.5,0.0,1533589.625,0.0,0.0,11414712.0,19888472.0,0.0,3090086.0,5333507.0,0.0,0.0,34200128.0,0
1789679170.3806195,keyboard,218,16,1267651.375,0.0,0.0,0.0,0.0,0.0,32333862.0,13326242.0,20550306.0,17699026.0,0.0,405586496.0,76536624.0,307421280.0,0.0,308407904.0,0
1789679170.4760256,keyboard,240,12,11844864.0,0.0,0.0,10649060.0,0.0,0.0,49430312.0,15092112.0,4808529.0,0.0,0.0,0.0,64424372.0,15905066.0,0.0,0.0,0
1789679170.6021855,keyboard,233,7,0.0,12551671.0,0.0,0.0,0.0,0.0,0.0,0.0,12050434.0,3435554.5,0.0,0.0,0.0,50146032.0,0.0,0.0,0
1789679170.7910204,keyboard,215,11,3548021.5,0.0,0.0,0.0,0.0,2873905.5,9090173.0,0.0,0.0,0.0,0.0,32604672.0,65424796.0,75222272.0,0.0,2625749.5,0
1789679171.012946,keyboard,215,10,0.0,0.0,0.0,0.0,0.0,6813078.0,30358340.0,0.0,6596115.5,55704376.0,0.0,0.0,4313915.0,13374123.0,0.0,0.0,0
1789679171.201487,keyboard,216,12,0.0,0.0,0.0,0.0,0.0,446644.46875,252178.96875,0.0,343556.21875,2186745.5,0.0,7054698.5,13773328.0,17053898.0,8657329.0,0.0,0
1789679171.4222395,keyboard,221,12,0.0,0.0,0.0,0.0,0.0,0.0,0.0,0.0,362549.1875,12609379.0,0.0,14071330.0,23073432.0,81277616.0,44788552.0,5322609.0,0
1789679171.4808965,keyboard,221,5,0.0,0.0,0.0,0.0,1068971.125,0.0,1193529.875,0.0,0.0,7844065.5,0.0,0.0,0.0,7480583.0,0.0,0.0,0
1789679171.67775,keyboard,243,9,0.0,0.0,0.0,0.0,0.0,0.0,517289120.0,152233424.0,0.0,27914124.0,0.0,0.0,105565952.0,144870112.0,0.0,0.0,0
1789679171.8966208,keyboard,219,10,0.0,0.0,0.0,0.0,0.0,0.0,113459056.0,0.0,0.0,0.0,0.0,2083431424.0,1020525824.0,398924608.0,219186048.0,0.0,0
1789679172.1190765,keyboard,224,15,10112603.0,0.0,0.0,0.0,0.0,197855040.0,375259968.0,41069692.0,76536032.0,0.0,0.0,1238641920.0,2433209600.0,4877079040.0,0.0,0.0,0
1789679172.3392866,keyboard,220,10,4601821.5,0.0,0.0,0.0,0.0,21361714.0,21390008.0,16647327.0,10748450.0,0.0,0.0,40167772.0,112919224.0,925935616.0,0.0,0.0,0
1789679172.5622418,keyboard,224,11,6584401.0,0.0,0.0,0.0,2066200.0,0.0,28518780.0,22905704.0,0.0,22379544.0,18228850.0,0.0,1027639296.0,133907696.0,0.0,107107520.0,0
1789679172.7510087,keyboard,220,12,0.0,0.0,0.0,0.0,0.0,0.0,0.0,0.0,2324153.5,3120086.0,0.0,118678592.0,156103616.0,73486848.0,30671998.0,0.0,0
1789679173.0038166,keyboard,229,11,21572724.0,0.0,0.0,0.0,0.0,103431296.0,410590464.0,0.0,0.0,0.0,0.0,0.0,1180634496.0,1795875712.0,0.0,0.0,0
1789679173.2260778,keyboard,219,17,0.0,0.0,0.0,0.0,0.0,0.0,73059456.0,81314800.0,131980720.0,127914288.0,0.0,236250224.0,349731744.0,1992949504.0,699475072.0,0.0,0
1789679173.4793012,keyboard,219,10,0.0,0.0,0.0,0.0,0.0,50657360.0,188845152.0,100724216.0,33210976.0,0.0,0.0,0.0,996984960.0,570869504.0,0.0,0.0,0
1789679173.730499,keyboard,209,10,0.0,0.0,0.0,0.0,0.0,90652048.0,460371520.0,101973432.0,138756320.0,0.0,0.0,3303468032.0,1655461888.0,0.0,0.0,0.0,0
1789679173.9835074,keyboard,229,6,13183042.0,0.0,0.0,0.0,0.0,22780802.0,61754336.0,0.0,0.0,0.0,0.0,0.0,128445488.0,798546048.0,0.0,0.0,0
1789679174.2378376,keyboard,220,6,0.0,0.0,0.0,0.0,0.0,5624516.5,9741983.0,0.0,22466168.0,76984728.0,0.0,0.0,0.0,0.0,0.0,0.0,0
1789679174.4572916,keyboard,189,3,0.0,0.0,0.0,0.0,0.0,0.0,0.0,0.0,8231467.0,0.0,0.0,0.0,124847952.0,0.0,0.0,325734688.0,0
1789679174.6797464,keyboard,226,12,0.0,0.0,0.0,0.0,0.0,0.0,0.0,0.0,4767354.0,2272161.5,0.0,336361216.0,351892704.0,258571872.0,149520144.0,88905056.0,0
1789679174.7744305,keyboard,226,6,0.0,0.0,0.0,0.0,0.0,0.0,0.0,0.0,0.0,6526083.5,0.0,39560048.0,5652066.0,0.0,7531068.5,0.0,0
1789679174.932234,keyboard,234,13,2132087.0,0.0,0.0,0.0,0.0,0.0,44508368.0,111012912.0,34953928.0,1007513.0,0.0,292716416.0,198008592.0,123223200.0,0.0,0.0,0
1789679175.184765,keyboard,230,14,0.0,0.0,0.0,0.0,0.0,0.0,433004192.0,0.0,13039472.0,35489216.0,0.0,2473794048.0,1843209984.0,504379136.0,40641028.0,0.0,0
1789679175.4377775,keyboard,214,11,0.0,0.0,0.0,0.0,0.0,43713860.0,67526912.0,0.0,6958373.0,0.0,0.0,0.0,437857632.0,1112387840.0,132895392.0,174445376.0,0
1789679175.660318,keyboard,232,6,9228622.0,0.0,0.0,0.0,0.0,0.0,29302984.0,0.0,0.0,0.0,0.0,375737280.0,39129736.0,168076192.0,0.0,0.0,0
1789679175.9125257,keyboard,215,18,0.0,0.0,0.0,0.0,0.0,0.0,39140152.0,34936460.0,54253128.0,36483200.0,112733872.0,167129008.0,71611560.0,341251552.0,0.0,432318976.0,0
1789679176.1643548,keyboard,216,19,0.0,0.0,0.0,0.0,0.0,2440162.75,4078813.0,639794.25,0.0,1879706.75,0.0,60905952.0,44640656.0,39522700.0,31313852.0,10205745.0,0
1789679176.449695,keyboard,211,8,17496334.0,0.0,0.0,0.0,0.0,20985408.0,0.0,0.0,0.0,106417600.0,0.0,325632768.0,204912256.0,110878480.0,0.0,189393280.0,0
1789679176.701307,keyboard,215,15,0.0,0.0,0.0,0.0,3283117.5,6519529.5,6865283.5,0.0,0.0,0.0,0.0,5994052.5,18308840.0,57235860.0,49567648.0,20070568.0,0
1789679176.760655,keyboard,211,5,4214238.5,0.0,0.0,0.0,0.0,0.0,2536376.5,0.0,0.0,12676924.0,0.0,0.0,0.0,0.0,0.0,0.0,0
1789679177.0174963,keyboard,221,14,0.0,0.0,0.0,0.0,0.0,3902734.0,1887476.25,41020948.0,70928096.0,24307200.0,0.0,70247216.0,706995456.0,444861024.0,0.0,0.0,0
1789679177.365575,keyboard,223,13,0.0,0.0,0.0,0.0,0.0,0.0,57365584.0,56481808.0,20476054.0,26973548.0,0.0,702490624.0,316077568.0,262566256.0,53126408.0,0.0,0
1789679177.7132547,keyboard,225,16,0.0,50431.859375,0.0,0.0,203188.890625,0.0,1176004.0,421600.03125,940676.625,561153.5,1342369.375,753556.8125,1991816.75,1471651.75,0.0,0.0,0
1789679177.7711165,keyboard,217,4,0.0,0.0,0.0,0.0,302638.25,0.0,6945927.0,0.0,0.0,7402125.0,1417716.0,0.0,0.0,0.0,0.0,0.0,0
