timestamp,sound_type,detected_angle,bin_count,band_0,band_1,band_2,band_3,band_4,band_5,band_6,band_7,band_8,band_9,band_10,band_11,band_12,band_13,band_14,band_15,label
1789635043.8594189,keyboard,344,25,2325134.0,0.0,30854160.0,36027372.0,19875624.0,30161270.0,21573548.0,0.0,8305533.0,12759174.0,35603592.0,248668992.0,58593544.0,0.0,0.0,24170948.0,0
1789635044.1447194,keyboard,343,21,0.0,2874435.25,7256401.5,2234480.25,9794120.0,3411872.0,11320810.0,2814465.0,6268481.5,4649740.5,24146134.0,28089902.0,33566308.0,0.0,0.0,0.0,0
1789635044.366949,keyboard,335,23,0.0,0.0,0.0,0.0,8447822.0,20319714.0,3958675.0,0.0,17475542.0,36547924.0,7203470.0,16338129.0,34809692.0,35418752.0,8977293.0,39703144.0,0
1789635044.4388633,keyboard,345,21,0.0,0.0,10616198.0,4087847.5,17380458.0,6087471.5,8204519.5,4361009.0,4146530.25,6417674.0,12133152.0,29150276.0,15043255.0,0.0,27817230.0,10765092.0,0
1789635044.5254028,keyboard,345,5,0.0,0.0,0.0,0.0,0.0,126452.8515625,0.0,0.0,0.0,302463.71875,282915.6875,0.0,0.0,0.0,0.0,0.0,0
1789635044.7774556,keyboard,333,15,0.0,0.0,0.0,0.0,18313120.0,23933568.0,0.0,0.0,28325226.0,90780448.0,9508986.0,25030002.0,0.0,19065470.0,11669816.0,0.0,0
1789635044.8376517,keyboard,331,14,0.0,0.0,0.0,0.0,0.0,4272381.5,1903633.25,578194.5,0.0,0.0,0.0,44158216.0,12702346.0,12583652.0,6708830.0,0.0,0
1789635044.9012096,keyboard,334,8,0.0,0.0,966950.0,886119.5625,0.0,0.0,367637.125,117379.78125,0.0,1535114.5,0.0,0.0,902677.125,0.0,1360410.75,0.0,0
1789635044.976706,keyboard,344,20,3803349.25,0.0,11182358.0,0.0,20362304.0,11837490.0,11850926.0,0.0,11025987.0,8299431.0,15847338.0,17808992.0,9346418.0,36123128.0,0.0,0.0,0
1789635045.0960386,keyboard,344,5,0.0,0.0,0.0,0.0,928503.5625,0.0,0.0,0.0,0.0,0.0,708882.1875,0.0,310312.0625,0.0,0.0,0.0,0
1789635045.1581748,keyboard,327,15,0.0,0.0,0.0,0.0,0.0,6132966.5,24541950.0,7074513.0,18498144.0,190166528.0,119451656.0,63963500.0,39272452.0,0.0,0.0,0.0,0
1789635045.2170758,keyboard,327,10,0.0,1270536.75,0.0,0.0,0.0,0.0,1612912.75,4723947.0,3812988.25,0.0,0.0,18662800.0,7250262.0,11522498.0,2237111.0,0.0,0
1789635045.3813255,keyboard,348,13,0.0,0.0,778857.25,0.0,1753798.125,332782.875,1673559.5,0.0,0.0,1902180.375,3841314.75,10868547.0,0.0,0.0,471541.46875,602350.0,0
1789635045.8267074,keyboard,323,17,0.0,10085622.0,50208700.0,22142780.0,0.0,0.0,10449914.0,9696945.0,0.0,0.0,0.0,0.0,9934346.0,20200940.0,63607536.0,28482222.0,0
1789635045.8279612,keyboard,358,13,0.0,0.0,0.0,0.0,9799382.0,5142671.5,0.0,0.0,24408582.0,47235488.0,10789388.0,16420850.0,25786900.0,0.0,0.0,0.0,0
1789635046.0471594,keyboard,343,15,0.0,0.0,0.0,5962421.0,13606356.0,3180570.75,34828056.0,6029215.5,3138204.5,11571240.0,6166117.5,0.0,0.0,0.0,0.0,1632533.25,0
1789635046.3319268,keyboard,336,26,2485726.5,8447144.0,6979461.0,0.0,0.0,2543298.75,9754526.0,4521141.0,6274243.0,5043022.0,14531659.0,51444408.0,35442656.0,14856865.0,14500038.0,5999143.0,0
1789635046.395991,keyboard,341,8,0.0,0.0,0.0,0.0,0.0,0.0,322150.15625,92074.8359375,0.0,0.0,3200434.5,375058.1875,593384.6875,1133277.25,0.0,0.0,0
1789635046.5556283,keyboard,326,20,0.0,2075937.5,0.0,0.0,0.0,0.0,54045304.0,31404680.0,43657300.0,15383894.0,46531996.0,47708340.0,14497178.0,9612716.0,13549900.0,31923448.0,0
1789635046.808345,keyboard,349,17,0.0,0.0,36826812.0,13809240.0,0.0,22913528.0,24212348.0,31140186.0,0.0,33993368.0,0.0,50584624.0,0.0,7189514.0,10863127.0,2874469.75,0
1789635046.9174812,keyboard,349,6,0.0,0.0,0.0,0.0,0.0,817237.4375,610825.0,164868.765625,0.0,0.0,1291055.5,0.0,0.0,0.0,180382.0,0.0,0
1789635046.99824,keyboard,334,27,0.0,0.0,11099366.0,6002361.5,12112297.0,15211810.0,17420852.0,15651707.0,27307730.0,85040320.0,186299504.0,251735328.0,66357548.0,69678544.0,171849312.0,20159806.0,0
1789635047.0585341,keyboard,330,9,0.0,0.0,787145.625,0.0,1513534.75,0.0,3069712.0,539635.1875,770630.5,2499379.75,6606417.0,0.0,0.0,0.0,3736586.5,2157249.25,0
1789635047.1222658,keyboard,334,4,0.0,0.0,0.0,0.0,0.0,315366.90625,0.0,0.0,0.0,0.0,0.0,307644.21875,0.0,1941581.75,0.0,0.0,0
1789635047.1977174,keyboard,346,14,0.0,7840601.0,0.0,0.0,45542188.0,23500542.0,0.0,0.0,0.0,189528960.0,77748480.0,264095200.0,0.0,0.0,7589287.0,0.0,0
1789635047.283699,keyboard,346,5,0.0,0.0,0.0,0.0,0.0,287232.125,1821042.75,0.0,0.0,1488376.0,0.0,0.0,0.0,0.0,0.0,0.0,0
1789635047.3755054,keyboard,348,6,0.0,0.0,0.0,591134.875,705582.875,0.0,2387367.5,0.0,890274.8125,0.0,0.0,0.0,647959.125,0.0,0.0,0.0,0
1789635047.4408576,keyboard,348,19,0.0,1572619.75,0.0,0.0,1682457.0,0.0,6244617.0,2929107.0,1405729.5,1709212.0,2347687.0,44228260.0,16377076.0,10346102.0,2575275.75,0.0,0
1789635047.490754,keyboard,335,8,1300658.75,0.0,2035001.25,208520.828125,0.0,0.0,0.0,1226770.875,0.0,0.0,0.0,5224038.0,0.0,2654106.5,2370349.5,872990.9375,0
1789635047.5562904,keyboard,348,6,0.0,0.0,0.0,1085141.0,305956.03125,0.0,0.0,0.0,0.0,711791.75,449875.40625,0.0,0.0,0.0,430404.9375,0.0,0
1789635047.6209958,keyboard,16,10,346141.875,0.0,0.0,652312.875,0.0,0.0,481964.59375,0.0,1044222.0,1368920.5,2780994.5,0.0,0.0,911936.0,342891.5625,0.0,0
1789635047.6967518,keyboard,16,4,0.0,0.0,0.0,1693683.375,0.0,146695.90625,246132.8125,0.0,0.0,0.0,0.0,0.0,0.0,0.0,320239.0625,0.0,0
1789635047.7414277,keyboard,335,8,0.0,0.0,0.0,0.0,0.0,158921.625,0.0,0.0,0.0,4022978.5,963694.875,0.0,0.0,505255.9375,0.0,264709.96875,0
1789635048.5187857,keyboard,337,31,1332048.875,29605178.0,52089412.0,35917712.0,5765824.0,21158924.0,25267434.0,20933850.0,18575836.0,81930928.0,44572128.0,123560672.0,77961976.0,55104832.0,204050912.0,82380832.0,0
1789635051.4667003,keyboard,331,23,0.0,9728411.0,155821056.0,123807416.0,70525968.0,37486652.0,63149540.0,0.0,107400128.0,291286048.0,158538768.0,128004160.0,86998832.0,44184204.0,109967504.0,72157776.0,0
1789635051.6899,keyboard,340,24,126806352.0,0.0,126077456.0,93525048.0,530955456.0,352743360.0,302950848.0,0.0,88489168.0,290570912.0,217908768.0,311061664.0,136044656.0,50908156.0,0.0,0.0,0
1789635051.8793921,keyboard,318,27,23073684.0,0.0,3592405.0,43984536.0,0.0,0.0,13027808.0,6941436.5,40628560.0,90291240.0,51868460.0,202679360.0,219562608.0,251823648.0,114304496.0,258318384.0,0
1789635052.735901,keyboard,356,13,0.0,1697113.5,742767.75,2356044.5,2780863.0,0.0,2170339.75,1741393.5,435358.0,1872705.875,0.0,3857344.0,0.0,0.0,0.0,0.0,0
1789635052.8626194,keyboard,351,6,0.0,0.0,0.0,0.0,0.0,0.0,0.0,1078081.5,60665.0390625,399619.5,0.0,0.0,230658.03125,438731.3125,0.0,0.0,0
1789635052.9261515,keyboard,333,22,0.0,0.0,20252870.0,5778059.0,3135810.0,1287578.875,13628943.0,2280241.75,19611346.0,13416162.0,2357819.75,7218154.5,4533824.0,16932574.0,0.0,7406302.5,0
1789635052.99043,keyboard,337,21,0.0,0.0,10482095.0,11536544.0,20316156.0,1843497.625,0.0,0.0,8379966.5,8233715.5,23952680.0,57307440.0,17595052.0,4689901.0,0.0,10028766.0,0
1789635053.1477292,keyboard,325,14,806709.3125,0.0,4783311.5,9214133.0,3175147.0,0.0,1892761.25,4464132.0,0.0,0.0,56561216.0,233599616.0,123598624.0,21773182.0,0.0,0.0,0
1789635053.207477,keyboard,339,8,0.0,0.0,0.0,0.0,2579808.25,0.0,0.0,6716348.0,1634960.25,3203370.5,0.0,11752406.0,0.0,5123438.0,0.0,0.0,0
1789635053.369088,keyboard,327,14,0.0,0.0,806860.375,0.0,474123.90625,875706.875,0.0,700611.4375,1088932.75,70475.484375,684392.375,0.0,395565.8125,1018159.125,482658.34375,354757.59375,0
1789635053.655474,keyboard,338,26,0.0,32903648.0,27713796.0,3348306.5,13718514.0,4280384.0,29064568.0,29142748.0,17897124.0,168606976.0,165857680.0,97302128.0,0.0,58355844.0,9838396.0,45068904.0,0
1789635054.131449,keyboard,339,21,0.0,0.0,8995197.0,8346071.0,13779471.0,1213405.25,2065657.875,13928263.0,20943502.0,34611936.0,8341673.5,4261338.0,5236255.0,9869354.0,1785130.375,0.0,0
1789635054.1957037,keyboard,339,16,0.0,0.0,0.0,1439891.25,1525432.0,0.0,576081.625,1671297.5,2240481.5,1049384.75,1632335.0,296483.5625,0.0,0.0,462585.09375,3768885.0,0
1789635054.257291,keyboard,341,8,0.0,0.0,855458.0625,0.0,0.0,0.0,0.0,93586.6171875,0.0,1124775.625,719922.25,3047743.5,0.0,0.0,0.0,0.0,0
1789635054.3519402,keyboard,337,19,0.0,0.0,0.0,781494.125,887162.5625,463956.4375,3292354.5,0.0,2592270.25,2131893.75,961611.9375,34902144.0,16371105.0,0.0,13702811.0,19855976.0,0
1789635054.412903,keyboard,337,10,0.0,0.0,0.0,0.0,1734000.25,493094.875,0.0,1920391.0,2280160.0,1861180.5,0.0,0.0,6905585.0,0.0,0.0,6249122.0,0
1789635054.4628448,keyboard,334,14,0.0,0.0,0.0,0.0,158597.625,0.0,1489558.25,2009266.125,1586991.25,1146571.875,3138734.5,17307568.0,0.0,5471232.0,13653214.0,3968576.25,0
1789635054.526871,keyboard,334,4,0.0,0.0,0.0,0.0,0.0,0.0,0.0,0.0,0.0,353938.375,0.0,1451362.5,0.0,0.0,0.0,1479311.625,0
1789635054.6375492,keyboard,337,23,0.0,8795636.0,16496631.0,1924481.75,22679456.0,9789369.0,6338045.0,5860310.0,0.0,115334880.0,231309760.0,167549152.0,81476984.0,0.0,0.0,111564840.0,0
1789635054.732747,keyboard,337,18,0.0,561159.25,2497048.5,2577875.0,4930393.0,2022003.5,1314757.125,1712663.75,0.0,1483702.375,0.0,2496073.5,0.0,0.0,0.0,2902137.0,0
1789635054.778095,keyboard,339,4,0.0,0.0,0.0,0.0,0.0,0.0,0.0,0.0,166964.421875,0.0,1078848.5,811599.0625,0.0,0.0,0.0,0.0,0
1789635054.842782,keyboard,336,20,0.0,0.0,144652.234375,588365.375,1115322.375,548313.6875,899909.5,0.0,0.0,3236543.75,527684.0,6036056.0,0.0,1335031.0,3110258.0,2871874.75,0
1789635054.907169,keyboard,340,17,0.0,2309929.0,0.0,512558.0,3378443.75,0.0,0.0,1231463.75,747125.9375,0.0,2004977.25,4579622.5,6454876.0,1037728.0,1376223.375,3862512.75,0
1789635054.9721239,keyboard,336,15,0.0,320170.0625,0.0,1245717.5,0.0,0.0,1043750.75,453311.6875,377709.8125,1484388.75,559263.4375,2475859.5,538273.0,1145192.0,0.0,0.0,0
1789635055.049249,keyboard,336,11,0.0,0.0,632862.5625,0.0,450120.09375,0.0,550345.875,509956.28125,119605.875,0.0,0.0,6835182.0,0.0,0.0,0.0,279519.375,0
1789635055.1125212,keyboard,336,11,0.0,0.0,227589.234375,521744.21875,0.0,163976.59375,0.0,1485028.875,1611375.5,20582428.0,0.0,0.0,5529071.0,4668562.0,2426189.25,0.0,0
1789635055.4932833,keyboard,341,24,0.0,0.0,0.0,3021303.5,2456424.0,4848878.5,14298758.0,9227438.0,7451704.0,9758485.0,79483560.0,42905140.0,40417336.0,23923534.0,44967912.0,33206058.0,0
1789635055.715925,keyboard,343,17,0.0,0.0,1654775.625,607870.1875,202823.96875,0.0,3358286.0,889142.6875,1402701.75,21260976.0,7651263.0,12487495.0,5715951.0,13765562.0,0.0,0.0,0
1789635056.9823666,keyboard,326,32,27786994.0,20839452.0,0.0,6334394.5,29102780.0,3990580.5,8351747.0,2254439.0,5541254.0,21406652.0,9638524.0,159022496.0,226849888.0,161572464.0,82861328.0,91381536.0,0
1789635057.6481175,keyboard,330,18,1158363.5,0.0,0.0,307683.6875,796657.5,0.0,1965697.25,588113.0625,0.0,8292088.5,8879105.0,7160617.0,6383692.0,1845280.75,7427993.0,6749963.0,0
1789635057.719256,keyboard,327,18,0.0,2227444.25,0.0,4684529.5,42563836.0,0.0,0.0,0.0,3107685.5,5816032.0,10293200.0,21010064.0,14173856.0,3539463.0,0.0,5941947.5,0
1789635058.1238058,keyboard,335,24,0.0,2691351.5,0.0,5606200.0,12639808.0,22111376.0,37791404.0,21692988.0,14165840.0,0.0,27545386.0,88008728.0,32124560.0,64444852.0,13539673.0,10187723.0,0
1789635058.1833315,keyboard,335,17,0.0,0.0,0.0,4047573.5,2521721.5,0.0,0.0,2329076.75,3410815.5,2567349.0,827727.125,7429524.5,4883619.0,9923522.0,0.0,0.0,0
1789635058.2511308,keyboard,335,7,0.0,0.0,581483.6875,0.0,398294.21875,0.0,378454.84375,118873.5859375,191321.671875,0.0,0.0,0.0,0.0,0.0,0.0,0.0,0
1789635058.31345,keyboard,330,18,0.0,2549678.5,0.0,1948490.75,9519359.0,5690134.0,428298.0625,0.0,898224.8125,52139832.0,35305508.0,6750141.0,2028199.125,0.0,649001.375,6296080.5,0
1789635058.5368726,keyboard,350,18,0.0,0.0,1951006.75,2555254.75,9496562.0,9068878.0,7842345.0,4411978.0,2127865.25,46507160.0,0.0,153963456.0,32191048.0,6796452.0,0.0,6777996.5,0
1789635059.2022789,keyboard,331,21,1735353.875,0.0,6530669.0,2561943.75,1477526.375,515587.5625,5840373.0,8448281.0,23118108.0,73634320.0,34045416.0,54351280.0,16016812.0,12711165.0,3048824.0,24976134.0,0
1789635059.4241567,keyboard,344,24,0.0,316510.53125,1000455.25,0.0,4791117.0,611366.0,1990176.75,1154775.875,274357.15625,2463831.0,5102783.0,1047944.0625,10987710.0,15881885.0,7145708.5,0.0,0
1789635059.8993776,keyboard,336,24,1792727.875,2649121.75,7169845.0,8495238.0,0.0,1633031.0,0.0,618271.125,7100510.5,40033640.0,57419632.0,24861850.0,20147336.0,4945407.0,1480663.75,448734.0,0
1789635060.1213791,keyboard,344,27,0.0,4930595.0,3847145.0,12351834.0,7544555.0,3326281.75,1518613.375,5477816.5,1776289.125,24602264.0,14525402.0,43368816.0,11658791.0,0.0,3780071.5,20677016.0,0
1789635060.182752,keyboard,340,5,0.0,0.0,0.0,851833.125,6812576.0,0.0,0.0,0.0,3832171.5,0.0,0.0,0.0,0.0,0.0,2734431.25,0.0,0
1789635060.374896,keyboard,336,27,0.0,1721652.5,1484666.0,10993398.0,13521153.0,8645431.0,0.0,6658979.5,10285218.0,32240700.0,51814228.0,71074960.0,22285296.0,20224796.0,26108436.0,10331540.0,0
1789635060.627192,keyboard,338,21,0.0,1760882.75,0.0,0.0,2194433.5,1624627.875,0.0,1722556.5,7190103.5,95356712.0,13740016.0,55385952.0,8159468.0,27387652.0,16727936.0,24465812.0,0
1789635060.697204,keyboard,338,12,0.0,0.0,0.0,0.0,0.0,164485.25,0.0,478674.75,0.0,166161.921875,370607.8125,2619348.25,0.0,268987.5625,1532657.0,0.0,0
1789635060.8501685,keyboard,337,23,0.0,2681774.75,4133230.0,4277896.0,2302527.25,736849.9375,2636736.5,0.0,3560128.25,7848864.0,8438264.0,71547440.0,16164528.0,9221509.0,0.0,21403468.0,0
1789635061.578154,keyboard,346,23,0.0,0.0,18213192.0,41788240.0,40054352.0,20693050.0,0.0,6559528.5,48376460.0,262593872.0,362253664.0,282305536.0,60377336.0,0.0,0.0,51999832.0,0
1789635065.0331829,keyboard,335,19,0.0,0.0,0.0,3246423.25,6422349.0,6206822.0,597292.375,4133602.0,5406243.0,49447056.0,56065136.0,92746896.0,14091106.0,21047422.0,6542469.5,0.0,0
1789635065.0974107,keyboard,340,17,0.0,0.0,731172.5,317442.84375,1423192.0,2769231.0,1267381.75,0.0,1325704.25,2529074.25,2834322.0,7749270.5,0.0,0.0,242434.671875,0.0,0
1789635065.3187742,keyboard,335,16,0.0,0.0,16117427.0,7244902.0,4606143.0,0.0,3538985.5,5501708.0,1862520.75,2397542.0,0.0,9721124.0,7724593.0,2543969.25,5044996.5,6953138.0,0
1789635065.3903322,keyboard,335,11,0.0,0.0,0.0,0.0,184571.03125,0.0,309246.59375,579363.9375,718413.25,231829.28125,210277.109375,843366.625,0.0,0.0,0.0,0.0,0
1789635065.603463,keyboard,353,23,0.0,0.0,236238.828125,0.0,1650127.125,927012.125,393918.8125,3288337.75,2719118.0,14333128.0,11861442.0,9045180.0,14661670.0,10001160.0,6818369.0,7850769.0,0
1789635065.6690338,keyboard,353,17,0.0,0.0,1512069.625,0.0,176744.8125,1297343.375,498829.1875,2185551.0,228801.0625,980952.0,2279431.5,703579.5,2158636.25,0.0,666451.25,0.0,0
1789635065.9526272,keyboard,342,27,1739675.75,0.0,2957641.25,2527107.0,0.0,1651471.375,5016910.0,1699127.25,1215994.25,2932786.25,9869466.0,19101010.0,21107360.0,4192148.5,7399153.5,10675439.0,0
1789635066.1422923,keyboard,351,21,0.0,0.0,0.0,0.0,24229008.0,39493204.0,9414778.0,18125308.0,21044164.0,151853456.0,434413120.0,862463616.0,439383584.0,73612896.0,0.0,0.0,0
1789635066.2030454,keyboard,351,6,1321553.5,0.0,2791580.0,925454.8125,0.0,0.0,0.0,1348822.375,1772915.125,0.0,0.0,6477324.5,0.0,0.0,0.0,0.0,0
1789635066.2528193,keyboard,351,13,367180.6875,0.0,3015683.5,2203818.75,2344927.0,4242830.0,1118066.75,3529015.75,0.0,0.0,0.0,7783262.0,1003239.0625,0.0,0.0,0.0,0
1789635066.681297,keyboard,7,12,0.0,0.0,0.0,0.0,0.0,1636977.75,26331020.0,22357836.0,10263044.0,0.0,0.0,421124032.0,650466688.0,215219136.0,3021874.0,0.0,0
1789635066.9656458,keyboard,337,10,0.0,0.0,5878563.0,0.0,8816442.0,6872615.5,438399.3125,491605.59375,909151.0625,0.0,16530343.0,0.0,0.0,21245140.0,11816298.0,0.0,0
1789635067.0364416,keyboard,339,18,129399.125,230934.4375,818487.875,613791.875,1124634.0,1611210.5,2452931.0,0.0,553401.75,782465.0,2518053.75,4853278.5,1847623.0,0.0,0.0,10763420.0,0
1789635067.187071,keyboard,337,30,0.0,0.0,0.0,5630362.0,11168972.0,9958262.0,16200297.0,8322185.0,15316874.0,79056560.0,124292784.0,150288416.0,67566536.0,15409441.0,97441520.0,163710432.0,0
1789635067.2458556,keyboard,337,4,0.0,0.0,277827.3125,0.0,0.0,306917.84375,0.0,0.0,0.0,0.0,2118221.25,0.0,0.0,1218368.375,0.0,0.0,0
1789635067.442471,keyboard,351,24,0.0,0.0,2003928.875,4350796.0,17175440.0,8081528.0,17211380.0,28908868.0,20670104.0,0.0,37349072.0,148032432.0,372626560.0,473253184.0,33938132.0,0.0,0
1789635067.5084014,keyboard,351,15,0.0,0.0,0.0,0.0,248761.796875,732744.625,544794.375,968227.875,628019.5625,0.0,13154663.0,16126016.0,0.0,5177695.5,0.0,6878415.0,0
1789635067.5552607,keyboard,343,20,0.0,3484025.5,6745250.0,17586376.0,26787508.0,2817520.25,386802.1875,0.0,3489402.0,40455932.0,26662656.0,33976068.0,19477322.0,2123018.0,0.0,0.0,0
1789635067.6636257,keyboard,351,18,0.0,0.0,992256.5,0.0,1555753.625,352502.125,1039942.375,262389.46875,0.0,6991608.0,11578106.0,27907044.0,23321552.0,36043932.0,0.0,8990058.0,0
1789635067.735615,keyboard,351,10,0.0,0.0,0.0,0.0,232640.171875,228324.515625,0.0,684163.5,0.0,947408.875,4286387.0,0.0,3302436.5,0.0,0.0,921071.75,0
1789635067.781696,keyboard,351,12,0.0,0.0,0.0,0.0,64690.734375,397482.75,2083670.5,0.0,2193757.75,7310618.0,0.0,2863516.5,0.0,4109285.75,0.0,0.0,0
1789635067.831519,keyboard,353,6,0.0,0.0,0.0,0.0,0.0,0.0,85808.78125,144543.53125,0.0,2622698.0,0.0,537581.75,788841.375,0.0,0.0,0.0,0
1789635068.105956,keyboard,355,20,0.0,0.0,1270818.5,0.0,6255292.0,11671825.0,5683349.5,0.0,1977667.5,2838644.0,0.0,101581512.0,214138576.0,118171128.0,3193203.5,2571415.25,0
1789635068.9307868,keyboard,348,27,0.0,1741590.0,0.0,7182613.5,58773960.0,31971680.0,66689308.0,23726596.0,47320368.0,31275962.0,115246400.0,301932672.0,231230880.0,350854816.0,36146880.0,4181118.25,0
1789635069.4688451,keyboard,342,30,0.0,0.0,17756250.0,31939996.0,34647156.0,41351320.0,103321856.0,56771136.0,2948983.0,24067472.0,28067918.0,270009440.0,274958400.0,230942208.0,191985104.0,813508096.0,0
1789635069.7228632,keyboard,358,19,0.0,1216235.625,0.0,0.0,10445583.0,29201568.0,10762832.0,72692280.0,63158328.0,0.0,135521824.0,423061632.0,447619072.0,619943168.0,376607360.0,0.0,0
1789635069.8170578,keyboard,333,16,0.0,0.0,10149707.0,0.0,6663282.0,0.0,243578.90625,0.0,5163770.0,26238828.0,24171460.0,7993764.0,0.0,0.0,28397530.0,21589910.0,0
1789635069.9755003,keyboard,332,7,0.0,0.0,664610.0625,0.0,0.0,994498.0,0.0,3550301.5,847630.5,0.0,0.0,0.0,0.0,4440247.5,688191.9375,0.0,0
1789635070.0460675,keyboard,3,5,0.0,0.0,0.0,0.0,0.0,0.0,0.0,0.0,377333.75,0.0,0.0,3728384.5,0.0,16526166.0,0.0,0.0,0
1789635070.2307131,keyboard,0,18,0.0,0.0,0.0,0.0,3722755.25,17593006.0,12908202.0,6875282.0,0.0,0.0,0.0,327761280.0,172993648.0,219005664.0,78785568.0,87317504.0,0
1789635070.4828918,keyboard,332,23,0.0,884555.0,8529164.0,23511046.0,35520600.0,0.0,0.0,22498074.0,53680960.0,640829184.0,202554432.0,59707504.0,0.0,0.0,70647296.0,685521792.0,0
1789635070.5781126,keyboard,333,23,723519.3125,7076833.0,1556661.625,8220412.0,10128397.0,9942776.0,2050553.25,7204831.0,6153354.5,45529984.0,24230484.0,3706981.0,0.0,0.0,14725066.0,49155868.0,0
1789635070.705039,keyboard,338,22,0.0,0.0,4036898.5,2611521.75,4615012.0,15440034.0,13790943.0,6808045.5,19132876.0,31248000.0,0.0,60600484.0,0.0,123719264.0,38411232.0,32136448.0,0
1789635071.3703125,keyboard,330,19,0.0,0.0,3786022.5,0.0,0.0,0.0,2146534.5,3494605.5,0.0,18566362.0,12479081.0,20715760.0,3282945.5,9750359.0,8969128.0,2043942.25,0
1789635071.623217,keyboard,328,11,0.0,0.0,1929169.5,0.0,0.0,0.0,0.0,0.0,0.0,9028972.0,5532672.5,28780204.0,11299529.0,13361415.0,0.0,20073040.0,0
1789635072.2894146,keyboard,328,19,0.0,0.0,8720137.0,3538865.5,9674140.0,5210382.0,4502124.0,8891250.0,5465195.0,98605952.0,98897040.0,16819616.0,45338884.0,0.0,0.0,107651712.0,0
1789635072.290262,keyboard,4,7,0.0,0.0,0.0,0.0,0.0,0.0,15646156.0,0.0,1677560.5,0.0,0.0,0.0,68746560.0,177255264.0,0.0,0.0,0
1789635072.9853215,keyboard,357,20,1279286.125,0.0,0.0,3958818.5,1021804.6875,12847201.0,0.0,4715196.5,18839264.0,7868078.0,0.0,57543880.0,114783360.0,207592416.0,134048408.0,0.0,0
1789635073.2387655,keyboard,345,12,627397.75,0.0,5206845.5,0.0,5937936.0,4303724.0,0.0,23908016.0,3720928.25,1127905.625,0.0,0.0,0.0,11677160.0,0.0,12513044.0,0
1789635073.2989078,keyboard,345,7,0.0,190304.03125,0.0,0.0,196068.5,0.0,0.0,2326182.25,0.0,5725324.0,0.0,1517792.25,0.0,0.0,0.0,2184124.5,0
1789635073.492112,keyboard,331,26,0.0,0.0,16733049.0,4796036.0,11020856.0,6868623.5,15647902.0,25156580.0,39500168.0,75243960.0,153936560.0,67569600.0,0.0,12293022.0,38719372.0,137436752.0,0
1789635073.8091154,keyboard,350,15,0.0,1568859.875,0.0,0.0,7350920.0,25676118.0,0.0,1031588.875,0.0,6556323.0,56693024.0,114180448.0,10619258.0,81605184.0,45003288.0,0.0,0
1789635074.3784685,keyboard,334,28,0.0,1897763.875,5167584.5,0.0,36916436.0,33297416.0,29836398.0,49976860.0,12000219.0,321996704.0,267143264.0,57581000.0,209488880.0,169470080.0,366759552.0,148188144.0,0
1789635074.9811854,keyboard,318,7,0.0,0.0,0.0,0.0,0.0,0.0,0.0,0.0,3233686.75,0.0,0.0,0.0,0.0,20012484.0,7135718.0,35522480.0,0
1789635075.110937,keyboard,38,4,0.0,0.0,3444764.5,0.0,0.0,0.0,0.0,0.0,0.0,0.0,0.0,590166.3125,0.0,205522.84375,0.0,0.0,0
1789635075.1621065,keyboard,344,8,0.0,0.0,141122.484375,0.0,265110.96875,0.0,0.0,0.0,0.0,0.0,68861.0859375,0.0,754912.875,0.0,783211.875,0.0,0
1789635075.2673378,keyboard,333,17,0.0,0.0,0.0,0.0,0.0,0.0,4091528.75,18395262.0,11906136.0,27436890.0,39325408.0,157328496.0,20044824.0,0.0,42057960.0,83377408.0,0
1789635075.3387296,keyboard,333,11,0.0,0.0,0.0,94216.59375,0.0,0.0,1258793.5,1162873.875,1657175.25,858095.0,1406986.875,0.0,377454.5,0.0,0.0,0.0,0
1789635075.3842225,keyboard,334,12,0.0,0.0,611659.75,0.0,0.0,185635.25,3629989.5,1852636.75,1736934.5,3283762.75,582449.0625,0.0,0.0,0.0,1738343.0,5192299.5,0
1789635075.553623,keyboard,337,32,2331142.25,4070226.75,16052350.0,16729932.0,8110607.0,5925389.5,25050606.0,9255906.0,28781002.0,79001672.0,24471412.0,48480312.0,70314464.0,52524996.0,0.0,12354292.0,0
1789635075.6173542,keyboard,337,7,0.0,0.0,727358.875,0.0,345569.09375,1666730.5,0.0,0.0,0.0,4605780.0,0.0,0.0,0.0,0.0,1083704.25,0.0,0
1789635075.6635394,keyboard,336,8,0.0,0.0,0.0,301951.5625,122763.2421875,449040.0,0.0,0.0,0.0,5867096.0,0.0,2858931.0,1312348.25,0.0,0.0,0.0,0
1789635075.9002762,keyboard,319,19,0.0,0.0,0.0,663945.5,5276289.0,2901512.25,0.0,2944399.0,3554048.0,12134971.0,8249645.0,28058936.0,26327924.0,53681288.0,25180236.0,47198696.0,0
1789635075.9586656,keyboard,319,13,0.0,0.0,0.0,0.0,0.0,206545.84375,1410378.375,343711.0625,0.0,1787825.125,0.0,0.0,0.0,7500707.0,2218500.75,5203081.5,0
1789635076.0093338,keyboard,343,23,0.0,0.0,1635146.375,0.0,2932546.0,791613.1875,2286850.5,9651890.0,7524462.0,4930512.0,4189771.0,12903127.0,11198172.0,7409298.0,0.0,0.0,0
1789635076.1855288,keyboard,314,17,663857.875,0.0,3862857.75,6219091.0,0.0,0.0,0.0,0.0,412222.125,680306.0,1309456.0,8393137.0,4465059.5,15816830.0,6978294.5,38376168.0,0
1789635076.3120112,keyboard,314,13,0.0,0.0,0.0,0.0,0.0,555461.5,160847.734375,138698.375,95166.4296875,0.0,0.0,2828070.5,0.0,2494183.0,1850893.75,0.0,0
1789635076.4142284,keyboard,321,21,0.0,784792.6875,0.0,1190511.75,1896543.75,2487776.0,781843.5,0.0,3340358.0,3811750.5,1319713.5,1780336.625,1946179.25,6095112.5,16309422.0,14991688.0,0
1789635077.7703326,keyboard,318,18,0.0,0.0,0.0,0.0,0.0,0.0,3430798.25,0.0,12097038.0,12997766.0,5277387.0,10382738.0,9900708.0,22304080.0,36510280.0,37341864.0,0
1789635078.2152965,keyboard,334,18,0.0,0.0,0.0,0.0,3779563.0,4703635.5,0.0,0.0,0.0,19530448.0,19028846.0,67850000.0,8137984.0,4472048.0,11870172.0,4444220.0,0
1789635078.273914,keyboard,331,13,0.0,0.0,0.0,0.0,1213712.25,0.0,0.0,1009680.8125,706616.4375,1931679.5,5058874.0,11870360.0,4248515.0,5525824.0,0.0,14635394.0,0
1789635078.3734794,keyboard,334,5,0.0,0.0,0.0,530371.5,0.0,0.0,0.0,0.0,0.0,0.0,165749.78125,0.0,0.0,260453.25,326818.8125,229772.78125,0
1789635078.468908,keyboard,328,17,0.0,0.0,6162637.0,0.0,0.0,5214026.0,0.0,0.0,46246448.0,159554880.0,192069920.0,1091650304.0,351852640.0,172057120.0,0.0,0.0,0
1789635078.5954447,keyboard,328,16,0.0,0.0,7029485.5,6261203.5,921019.125,0.0,0.0,875166.375,5231063.0,0.0,0.0,39197152.0,4505946.0,21020450.0,0.0,0.0,0
1789635078.7216625,keyboard,316,19,928714.8125,0.0,16640695.0,0.0,4568710.0,0.0,0.0,8948462.0,20196966.0,98712304.0,44941264.0,25358092.0,36313544.0,0.0,5031302.0,57725480.0,0
1789635078.8171859,keyboard,316,17,0.0,74117.6484375,1393840.75,0.0,860357.75,705075.75,1333878.125,329967.21875,1174912.75,0.0,3063857.25,0.0,1540973.375,5892510.5,4714785.0,0.0,0
1789635079.482136,keyboard,318,24,0.0,0.0,0.0,0.0,18343250.0,20048568.0,70801856.0,37151356.0,72373384.0,70644072.0,28515408.0,82780184.0,141524608.0,90602352.0,31123864.0,86626992.0,0
1789635079.5394344,keyboard,338,4,0.0,0.0,0.0,0.0,0.0,0.0,0.0,0.0,0.0,1263835.625,1790365.75,2168232.0,0.0,0.0,1228439.25,0.0,0
1789635079.6014853,keyboard,317,14,0.0,0.0,0.0,0.0,0.0,3115292.75,6592548.0,546275.4375,837200.5,13029866.0,0.0,5932348.0,3295429.0,0.0,12389478.0,14852058.0,0
1789635080.0539706,keyboard,8,10,0.0,0.0,476807.1875,335594.34375,0.0,0.0,0.0,0.0,0.0,386819.40625,374887.75,309402.53125,1178326.5,0.0,0.0,0.0,0
1789635080.0549922,keyboard,318,11,0.0,0.0,0.0,230446.875,918059.625,0.0,62273.0859375,0.0,81172.8203125,0.0,0.0,419590.34375,0.0,577415.0,617147.1875,0.0,0
1789635080.1117194,keyboard,334,16,0.0,0.0,50128.69140625,499878.0,325090.6875,508104.8125,0.0,0.0,206469.0625,195754.53125,0.0,3662070.25,0.0,1023083.1875,946982.375,1377504.125,0
1789635080.2744806,keyboard,324,22,0.0,0.0,32956340.0,27967164.0,8444943.0,3489556.5,17207700.0,0.0,0.0,0.0,47633852.0,43240176.0,7212504.0,104123200.0,208271328.0,128320624.0,0
1789635080.5601022,keyboard,341,19,0.0,0.0,3805821.0,5706790.5,10990611.0,5694219.0,1917438.875,0.0,1612035.25,0.0,16399002.0,67447552.0,27415186.0,3254821.0,9254066.0,0.0,0
1789635080.7181318,keyboard,341,6,0.0,0.0,0.0,0.0,310163.3125,0.0,0.0,0.0,865602.625,422123.15625,289339.0,0.0,0.0,0.0,0.0,0.0,0
1789635080.8145444,keyboard,332,15,9897044.0,0.0,21146494.0,0.0,45035952.0,0.0,38594120.0,21976478.0,0.0,10877764.0,0.0,599380928.0,376189952.0,49937608.0,13865718.0,0.0,0
1789635081.0675583,keyboard,330,23,7316407.0,0.0,31932872.0,977745.0,0.0,5430135.5,3853900.0,5704470.0,9793501.0,21979080.0,6444811.0,113709696.0,46139284.0,143072560.0,0.0,71298824.0,0
1789635081.3524125,keyboard,332,21,12917880.0,0.0,0.0,82872384.0,144391232.0,53198696.0,44062268.0,0.0,69225728.0,34594844.0,22577944.0,715953152.0,1155630848.0,316497344.0,35327240.0,104375984.0,0
1789635081.6060746,keyboard,325,31,0.0,0.0,5475409.0,7364701.0,13224621.0,27917320.0,37149808.0,14597138.0,20879412.0,30183884.0,21164104.0,65139764.0,78064224.0,126923872.0,51116072.0,50613536.0,0
1789635081.6639135,keyboard,308,9,1026147.5,0.0,4904202.0,0.0,0.0,0.0,0.0,0.0,0.0,3357636.5,0.0,21451602.0,0.0,10033757.0,4542705.5,9509144.0,0
1789635081.7262352,keyboard,316,11,1419432.125,0.0,0.0,0.0,432375.625,0.0,0.0,929483.5625,0.0,888248.0,1779915.5,7695111.0,0.0,1713166.75,0.0,2704429.0,0
1789635081.9228876,keyboard,318,17,0.0,0.0,0.0,0.0,0.0,3246625.0,0.0,2260298.5,6896878.5,8771967.0,23989802.0,35183020.0,40601484.0,71965264.0,144337440.0,93983488.0,0
1789635082.175925,keyboard,321,21,755848.625,861606.875,0.0,1564949.75,1611634.75,1075644.125,333899.125,753287.625,854495.0,486941.78125,2041028.875,5232477.5,2087530.5,2306874.25,0.0,2140747.5,0
1789635082.3673654,keyboard,328,27,0.0,45197020.0,18893460.0,15650820.0,35571008.0,111248608.0,157200096.0,48236920.0,0.0,0.0,32649928.0,130882640.0,33628996.0,49456264.0,45405760.0,31937916.0,0
1789635082.462084,keyboard,330,30,0.0,8156167.0,19857856.0,5262448.0,8916029.0,6917156.5,925690.3125,4620423.0,3049290.0,21345064.0,22199528.0,82648360.0,43596840.0,9786247.0,32133734.0,27426038.0,0
1789635082.6839063,keyboard,330,11,380827.03125,0.0,0.0,0.0,0.0,0.0,546435.3125,0.0,72515.71875,351589.0625,870562.375,1504007.25,0.0,942491.4375,855646.625,0.0,0
1789635082.7789173,keyboard,328,9,0.0,0.0,683849.25,0.0,82564.3359375,0.0,0.0,0.0,0.0,155154.03125,737893.625,5617036.0,574059.0625,0.0,0.0,335208.4375,0
1789635082.8414147,keyboard,321,17,0.0,27462184.0,0.0,6254184.5,0.0,0.0,3214449.25,18912250.0,9224416.0,7366879.0,16973904.0,32240188.0,35680916.0,17540260.0,46740896.0,91350072.0,0
1789635083.0635982,keyboard,336,31,0.0,49382808.0,27543092.0,27491448.0,41039752.0,40972516.0,106175792.0,26181974.0,12569157.0,34559460.0,13966802.0,36523532.0,27366400.0,28591776.0,7343009.5,0.0,0
1789635083.381257,keyboard,336,12,0.0,0.0,0.0,0.0,43119.42578125,279105.625,1287620.5,0.0,0.0,1704494.875,0.0,1248459.0,1045673.375,1090136.375,983317.125,0.0,0
1789635083.5720248,keyboard,348,17,941138.25,5435576.0,3290773.75,0.0,1227100.25,537346.5,0.0,0.0,1207383.125,928958.0625,4318671.0,64834900.0,37797184.0,0.0,0.0,0.0,0
1789635083.6317425,keyboard,348,8,0.0,164694.8125,681728.5625,148026.375,0.0,0.0,650471.125,0.0,0.0,567685.75,795829.0,0.0,0.0,0.0,0.0,86831.0234375,0
1789635083.6979995,keyboard,348,15,0.0,0.0,1315629.375,1505774.25,0.0,176492.640625,0.0,1120772.125,303700.21875,1945550.5,699647.25,4525341.5,410332.25,0.0,0.0,1545098.875,0
1789635084.0777123,keyboard,323,30,18401546.0,7526347.5,1496928.5,9504076.0,9396252.0,0.0,18465018.0,45905984.0,40346844.0,23999812.0,30023182.0,57733488.0,55765144.0,17589794.0,71575776.0,129428880.0,0
1789635084.8380184,keyboard,357,11,0.0,2878041.0,0.0,0.0,0.0,262457.1875,6449972.0,6912852.0,837079.625,643580.25,0.0,0.0,2821805.25,1531781.25,0.0,0.0,0
1789635084.8972042,keyboard,305,7,0.0,0.0,0.0,0.0,0.0,0.0,545261.8125,473405.5625,0.0,609747.875,0.0,0.0,1442955.375,0.0,0.0,469988.09375,0
1789635084.9721153,keyboard,342,5,0.0,266104.78125,228995.5,0.0,40360.875,297767.125,74844.0625,0.0,0.0,0.0,0.0,0.0,0.0,0.0,0.0,0.0,0
1789635085.0909426,keyboard,312,16,0.0,0.0,0.0,458218.9375,1908705.5,0.0,4573222.0,0.0,0.0,3413009.0,620897.8125,824605.5,0.0,9569255.0,3910054.0,7921007.0,0
1789635085.149583,keyboard,312,3,0.0,0.0,0.0,0.0,0.0,0.0,114455.640625,0.0,0.0,0.0,0.0,0.0,0.0,536526.25,454983.0,0.0,0
1789635085.3460338,keyboard,341,22,0.0,2361465.5,439619.4375,340147.375,1514380.25,433570.8125,2018553.75,2047397.5,0.0,2846355.0,524296.8125,1911602.875,4585318.0,4277048.0,3372403.0,5886921.0,0
1789635085.6304307,keyboard,322,12,0.0,0.0,0.0,0.0,0.0,0.0,362289.8125,0.0,0.0,1935079.0,307121.8125,2367251.25,1407200.125,4738394.5,1554094.0,2392948.75,0
1789635085.7570703,keyboard,324,12,0.0,0.0,0.0,54127.58984375,1246541.875,248415.40625,232384.6875,1239643.125,488397.25,670746.25,0.0,263758.625,0.0,0.0,397436.1875,0.0,0
1789635086.2005692,keyboard,336,10,0.0,0.0,661383.5,0.0,0.0,0.0,0.0,294624.25,868250.75,0.0,0.0,2561623.75,4444058.0,0.0,0.0,1802012.5,0
1789635087.0234702,keyboard,324,18,0.0,779143.375,0.0,0.0,5626487.0,989645.3125,2682730.5,1085204.0,1174990.0,3314089.0,0.0,0.0,4256656.0,6614518.5,241110.984375,2785401.75,0
1789635087.1185198,keyboard,337,22,0.0,0.0,288045.53125,462814.0625,1144292.75,1473904.5,0.0,397576.0,1247627.25,4122156.25,2771415.25,8494529.0,2890429.0,2053235.0,1787680.0,0.0,0
1789635087.245791,keyboard,338,21,2416800.0,11616942.0,0.0,0.0,1694554.0,16026933.0,14644024.0,0.0,0.0,19601650.0,8984493.0,153841552.0,105467776.0,5098812.5,12837996.0,0.0,0
1789635087.317231,keyboard,338,3,0.0,0.0,0.0,0.0,0.0,0.0,39441.75,86490.828125,0.0,620188.875,0.0,0.0,0.0,0.0,0.0,0.0,0
1789635087.5300555,keyboard,332,22,2181453.75,1392017.25,7674991.0,9930242.0,0.0,5051892.0,23455854.0,3724797.75,0.0,6773356.0,12918215.0,27593388.0,19933296.0,0.0,35049232.0,19718996.0,0
1789635087.593341,keyboard,332,3,788335.875,0.0,0.0,0.0,610720.1875,0.0,0.0,0.0,0.0,239176.015625,0.0,0.0,0.0,0.0,0.0,0.0,0
1789635087.6396923,keyboard,328,26,0.0,0.0,1370293.5,2019039.625,4658177.0,2524567.25,1863603.5,546872.375,2700762.5,4596890.0,16221886.0,60022896.0,41286596.0,13163606.0,7288083.0,13184862.0,0
1789635087.7530043,keyboard,328,17,0.0,0.0,823012.5625,244249.28125,460219.1875,486370.875,533696.0,506202.96875,1626482.0,2793479.0,898233.0625,1026307.875,1130003.375,1103298.375,0.0,8290783.0,0
1789635087.816331,keyboard,340,18,0.0,2834131.5,2017807.5,0.0,0.0,143404.75,6909885.0,447856.5625,4224601.0,18087448.0,4851837.0,3785195.0,683210.5,1324017.0,0.0,917320.8125,0
1789635087.8882875,keyboard,341,10,0.0,0.0,0.0,0.0,42731.19921875,0.0,51118.5546875,112609.4609375,235368.375,111166.71875,0.0,776841.0,0.0,0.0,0.0,0.0,0
1789635088.0694191,keyboard,327,30,0.0,15154532.0,8917499.0,2469781.0,10237072.0,13641218.0,34360756.0,4253608.5,6636588.5,57850656.0,96748056.0,28365864.0,29228898.0,9291641.0,20055210.0,65569264.0,0
1789635088.6393127,keyboard,344,11,0.0,0.0,0.0,0.0,174508.5,0.0,0.0,0.0,0.0,141388.859375,376882.9375,324200.96875,0.0,69487.65625,153069.828125,125714.140625,0
1789635089.6535542,keyboard,336,25,1250438.375,6535754.5,17320220.0,6600840.0,24870376.0,7104470.5,12848144.0,5477971.5,14044908.0,4733916.5,9422578.0,133106336.0,39634720.0,0.0,7497651.5,25583650.0,0
1789635089.748378,keyboard,331,26,0.0,0.0,571038.3125,725556.0,1291101.875,668378.5,2835648.25,4991500.0,1849597.125,1773186.625,2392973.0,6324246.0,1443380.75,3557432.25,1905289.125,3980295.5,0
1789635089.9381917,keyboard,329,24,0.0,2438140.75,0.0,0.0,2694293.5,98005.046875,2942628.5,1894394.75,2617578.5,7928619.0,15906834.0,8269889.0,0.0,1135049.25,23492428.0,20233960.0,0
1789635090.1913314,keyboard,311,17,1142403.25,792465.125,0.0,0.0,684123.4375,0.0,139154.15625,0.0,1649709.875,0.0,14888556.0,4472671.0,2104530.0,60732404.0,54266612.0,30531506.0,0
1789635090.2866592,keyboard,324,23,0.0,0.0,3457762.0,2450241.75,1638201.5,0.0,4061898.75,3740398.75,7353833.0,4058056.75,5667759.0,16493174.0,14290432.0,0.0,5807935.5,17620894.0,0
1789635090.5401542,keyboard,332,25,420120.75,1119238.25,1467170.75,732044.5,824332.75,0.0,326353.3125,1929670.5,4749278.5,5393868.0,3379306.75,7721343.0,820733.75,1996228.75,884018.375,0.0,0
1789635090.6350603,keyboard,332,9,0.0,0.0,0.0,0.0,112695.296875,0.0,0.0,87577.59375,296131.84375,963704.25,324447.21875,2086355.875,881758.9375,0.0,0.0,0.0,0
1789635091.6192663,keyboard,340,9,0.0,0.0,281151.625,0.0,0.0,203175.203125,0.0,0.0,0.0,0.0,54386.7890625,0.0,752432.25,291856.34375,0.0,182766.21875,0
1789635091.8387861,keyboard,325,28,5240418.5,6433261.5,6437664.0,0.0,0.0,1649584.5,19020628.0,15071055.0,9307355.0,48611872.0,32825860.0,28056858.0,89120952.0,98257728.0,16956252.0,36722288.0,0
1789635091.9339755,keyboard,322,18,12206016.0,14860230.0,0.0,0.0,2838812.25,0.0,2353197.5,170391.984375,0.0,1081682.0,11814892.0,25153844.0,31079408.0,31248924.0,41552488.0,14867639.0,0
1789635092.0288987,keyboard,322,10,0.0,74128.875,0.0,119622.9375,0.0,0.0,36438.0625,56704.796875,128790.8046875,156494.171875,71960.25,0.0,0.0,0.0,101501.09375,110971.59375,0
1789635092.076462,keyboard,322,16,0.0,0.0,1165498.0,385893.0625,451235.5625,0.0,0.0,293454.4375,578051.1875,0.0,0.0,4777867.5,2953589.0,2069779.75,2166806.25,2074430.375,0
1789635092.4407578,keyboard,323,13,0.0,0.0,0.0,0.0,13068276.0,0.0,3953560.75,0.0,0.0,5410828.0,4539989.0,38807292.0,13694510.0,2235950.0,2587951.75,9659585.0,0
1789635092.4987962,keyboard,323,8,0.0,0.0,0.0,0.0,0.0,591034.375,494241.4375,0.0,0.0,0.0,3619227.0,3197204.25,3583843.5,0.0,829738.375,0.0,0
1789635092.5674088,keyboard,325,6,0.0,0.0,265316.4375,0.0,0.0,0.0,1287390.625,0.0,0.0,0.0,0.0,1755387.25,0.0,0.0,0.0,989589.9375,0
1789635093.2651165,keyboard,331,15,0.0,0.0,0.0,0.0,15716342.0,0.0,45037248.0,10293890.0,0.0,12550048.0,1711251.625,11961042.0,9352706.0,3669428.5,0.0,11417914.0,0
1789635093.7705953,keyboard,311,18,0.0,0.0,0.0,965974.875,6128070.5,0.0,2406187.0,2857316.0,1250874.25,1688832.75,0.0,1746188.5,2325941.75,943472.0,3911388.5,2506669.0,0
1789635093.8291836,keyboard,337,12,0.0,0.0,658355.625,307896.875,0.0,528391.1875,0.0,639774.25,931872.125,0.0,2058704.625,29383484.0,32962420.0,0.0,1683615.0,1142012.75,0
1789635093.9945037,keyboard,338,23,987955.4375,3055940.0,4922933.5,12288664.0,7266608.5,3795769.25,28990700.0,7492172.0,0.0,22744308.0,14682410.0,0.0,6205429.0,3245664.25,3324554.5,0.0,0
1789635094.0585701,keyboard,338,14,255489.515625,0.0,513325.375,125640.8984375,829551.5625,0.0,469027.6875,0.0,824928.0625,2607447.25,573163.5625,1342373.875,0.0,0.0,2504220.25,0.0,0
1789635094.1048615,keyboard,338,5,0.0,0.0,0.0,0.0,204696.4375,0.0,0.0,331607.5625,0.0,0.0,0.0,0.0,0.0,170873.390625,0.0,0.0,0
1789635094.499755,keyboard,330,25,8803693.0,12190802.0,4586773.0,14013570.0,29331124.0,14170178.0,62080328.0,20845436.0,32910022.0,43454092.0,50144136.0,5213304.5,0.0,0.0,4880601.5,0.0,0
1789635094.8473759,keyboard,307,16,0.0,0.0,0.0,657769.125,518056.125,173301.453125,585468.75,0.0,1359805.25,0.0,887116.9375,3874041.0,0.0,5694377.0,4318609.5,0.0,0
1789635095.070193,keyboard,331,6,0.0,0.0,0.0,209949.8125,344072.65625,60257.3046875,128779.8125,0.0,0.0,91978.0,0.0,0.0,0.0,0.0,0.0,0.0,0
1789635095.5129733,keyboard,326,15,0.0,0.0,0.0,0.0,0.0,0.0,108630.734375,1029039.3125,0.0,7808316.5,2800951.0,13069537.0,4184986.5,387416.71875,2679585.75,3945157.5,0
1789635095.7350454,keyboard,328,24,0.0,0.0,785339.125,1521401.0,296426.125,1262500.5,1672587.375,0.0,1307436.25,11829388.0,10905295.0,6666873.0,2058310.25,1774761.625,8699379.0,9659639.0,0
1789635096.5280006,keyboard,7,9,179471.78125,0.0,0.0,61594.6796875,0.0,6645.3056640625,0.0,0.0,0.0,175965.4375,750312.5,165920.21875,287526.875,0.0,0.0,0.0,0
1789635096.6234,keyboard,301,5,0.0,0.0,0.0,0.0,0.0,0.0,0.0,0.0,231449.4375,0.0,0.0,0.0,1956576.375,0.0,185610.8125,191018.046875,0
1789635097.0029883,keyboard,331,21,0.0,21663484.0,5791673.0,17684800.0,5672621.0,0.0,84720000.0,22644632.0,0.0,9271655.0,56930368.0,70186344.0,3715618.5,7013640.5,25939794.0,10946196.0,0
1789635097.0969853,keyboard,331,6,0.0,0.0,0.0,0.0,103442.5390625,136111.25,369258.8125,0.0,0.0,248699.3125,0.0,0.0,0.0,0.0,296898.96875,0.0,0
1789635097.1431396,keyboard,331,18,0.0,0.0,0.0,539666.25,2885103.5,1379806.75,2682148.25,784395.625,757394.75,17077856.0,10963963.0,20955752.0,11519515.0,0.0,12110900.0,2874309.5,0
1789635097.2567513,keyboard,331,26,0.0,6847661.0,2386072.25,10452754.0,5515379.5,14459776.0,53783448.0,33330292.0,0.0,25834470.0,37799528.0,40500928.0,8222465.5,11767361.0,10083713.0,0.0,0
1789635098.0475733,keyboard,339,14,0.0,0.0,0.0,129402.171875,0.0,153805.796875,490509.59375,0.0,0.0,2265299.25,4657606.5,6783956.5,0.0,1448046.125,328513.59375,0.0,0
1789635098.1744144,keyboard,342,3,0.0,0.0,0.0,0.0,0.0,0.0,277635.53125,0.0,0.0,480265.5625,0.0,0.0,0.0,0.0,0.0,0.0,0
1789635098.5544147,keyboard,321,24,0.0,13678086.0,1867961.0,683060.375,3183619.0,360125.28125,3362883.75,2179800.25,5119180.5,181607.4375,4072865.5,28870366.0,40171648.0,6659321.5,0.0,0.0,0
1789635098.6504552,keyboard,336,15,0.0,249158.234375,0.0,516752.0,112435.84375,79176.453125,1676578.625,372888.59375,0.0,534723.0,0.0,1255969.125,1807290.25,172527.5625,0.0,442677.0625,0
1789635098.7093983,keyboard,322,8,0.0,0.0,0.0,0.0,0.0,65899.859375,481720.375,306105.28125,415957.625,0.0,230830.90625,0.0,1148370.75,0.0,0.0,2360918.25,0
1789635098.8072298,keyboard,329,21,0.0,3243586.0,3494951.25,8869322.0,2622966.75,3570464.0,14105861.0,5778310.0,0.0,17425208.0,45664744.0,39950380.0,86082144.0,0.0,0.0,0.0,0
1789635098.9024627,keyboard,330,12,267145.96875,0.0,407564.0,0.0,243457.65625,267670.28125,207985.375,0.0,1306256.25,608859.5,1668855.125,0.0,2423251.75,848479.6875,0.0,0.0,0
1789635099.6324992,keyboard,343,9,0.0,0.0,0.0,0.0,0.0,0.0,0.0,0.0,0.0,2323926.0,0.0,16938536.0,19127354.0,0.0,0.0,3887924.5,0
1789635099.7273262,keyboard,343,4,0.0,0.0,0.0,0.0,81671.78125,0.0,54255.03125,95841.4140625,0.0,0.0,0.0,0.0,246955.4375,0.0,0.0,0.0,0
1789635099.7730472,keyboard,325,19,74250.4609375,1285227.25,296976.71875,862536.0,1366520.25,0.0,0.0,0.0,0.0,8100701.0,1389095.0,23209376.0,9624338.0,1364982.75,385264.25,5857513.0,0
1789635099.836564,keyboard,325,4,0.0,0.0,0.0,187612.734375,0.0,95532.9609375,0.0,0.0,0.0,934343.625,0.0,0.0,0.0,0.0,0.0,1282760.375,0
1789635099.8871446,keyboard,324,15,0.0,0.0,0.0,17311.0703125,304888.34375,228550.421875,211085.734375,212930.90625,1156863.875,2233886.75,0.0,97202.1875,0.0,638220.0,0.0,197752.515625,0
1789635099.9489884,keyboard,324,5,0.0,0.0,651597.875,0.0,0.0,0.0,542377.4375,0.0,0.0,0.0,0.0,610342.75,0.0,0.0,0.0,0.0,0
1789635100.0438254,keyboard,331,30,7849307.0,3886630.0,12960124.0,2832830.5,11254024.0,3627564.5,6211450.0,4097260.5,5836444.0,9571005.0,21310664.0,45545196.0,5375557.0,1317997.75,11496403.0,11709426.0,0
1789635100.1032386,keyboard,331,15,662508.0,204823.96875,0.0,707968.4375,0.0,2007496.5,1077925.375,3857106.0,3632622.0,0.0,1859474.25,2866906.25,4520376.0,631181.375,0.0,0.0,0
1789635100.1702178,keyboard,331,19,315334.3125,0.0,483344.9375,1767197.75,2850632.25,410934.8125,0.0,3509644.5,0.0,3531019.0,9875886.0,23361768.0,19365582.0,0.0,12355718.0,0.0,0
1789635100.21633,keyboard,331,8,0.0,0.0,0.0,0.0,344825.3125,0.0,338478.75,0.0,337929.375,0.0,0.0,0.0,0.0,0.0,0.0,193304.09375,0
1789635100.26715,keyboard,330,22,527670.5,0.0,3194643.5,1020711.0,734690.5625,253252.890625,155887.4375,0.0,629748.8125,3262623.0,207303.8125,1281329.5,4851758.0,1331142.875,652686.875,230803.765625,0
1789635100.8022742,keyboard,315,23,7556454.0,4160441.0,2847766.0,327324.9375,3113012.0,0.0,993017.625,447630.9375,1080416.75,3427868.0,0.0,4472053.5,0.0,8854202.0,12547616.0,8573090.0,0
1789635100.9294627,keyboard,316,13,0.0,1414372.75,1528056.25,0.0,0.0,0.0,0.0,809514.0,866977.9375,0.0,0.0,2335683.5,0.0,1023153.6875,3239541.75,3666225.0,0
1789635101.0243948,keyboard,316,14,0.0,0.0,0.0,909137.4375,641554.25,199943.390625,0.0,0.0,0.0,1460613.25,0.0,4130706.25,5164266.0,147973.65625,382231.4375,1235398.5,0
1789635101.1191728,keyboard,316,6,0.0,265576.5625,0.0,0.0,0.0,0.0,0.0,0.0,0.0,248890.625,0.0,158836.625,0.0,0.0,0.0,49820.0234375,0
1789635101.1649678,keyboard,343,20,610546.5625,809523.0,0.0,1411377.5,1081302.625,0.0,929625.9375,3144860.25,4178850.5,1844398.625,0.0,333085.0625,0.0,1413412.0,8947326.0,7107686.0,0
1789635101.2277825,keyboard,343,17,0.0,0.0,683339.0,264986.8125,1656164.125,762286.5,0.0,285414.75,0.0,0.0,1228676.0,17380390.0,17386552.0,4750755.0,0.0,0.0,0
1789635101.3112352,keyboard,341,5,0.0,379861.28125,1981654.625,0.0,0.0,78767.03125,0.0,0.0,0.0,111451.296875,0.0,0.0,0.0,0.0,0.0,676212.75,0
1789635101.3703024,keyboard,339,4,0.0,0.0,303691.375,0.0,0.0,0.0,0.0,0.0,33255.5,0.0,0.0,0.0,329497.8125,0.0,0.0,121225.90625,0
1789635101.4344544,keyboard,339,17,0.0,0.0,5625790.5,0.0,1709463.25,1036287.125,585737.625,0.0,2462708.5,4198166.0,0.0,58006632.0,73005936.0,0.0,2726887.75,11361792.0,0
1789635101.5318484,keyboard,339,11,0.0,1028688.8125,0.0,0.0,0.0,0.0,0.0,0.0,0.0,5972181.0,0.0,4133201.5,4416343.0,2420342.75,7353935.5,3773314.5,0
1789635101.5772526,keyboard,339,8,0.0,0.0,350586.84375,172798.5625,0.0,0.0,11354.541015625,126826.6875,0.0,222744.78125,0.0,0.0,0.0,0.0,194248.921875,0.0,0
1789635101.6352324,keyboard,340,16,181919.265625,674755.125,0.0,0.0,0.0,0.0,251032.171875,191431.96875,192729.0625,575778.9375,0.0,0.0,208669.828125,218148.84375,158334.375,187813.84375,0
1789635101.7533042,keyboard,334,18,82324.4453125,0.0,27602.625,245250.984375,711837.75,85939.40625,0.0,729411.0,714163.6875,0.0,217125.71875,1539447.75,3105515.0,0.0,3169115.75,0.0,0
1789635101.813393,keyboard,334,21,1019025.375,0.0,0.0,0.0,5510423.0,295545.3125,0.0,1569570.625,5374875.5,3772551.0,1058611.875,5194399.0,4812082.0,7474356.5,1502695.0,2180975.5,0
1789635101.8632925,keyboard,331,6,94080.734375,0.0,3626635.5,0.0,0.0,84777.3359375,39809.16015625,0.0,207587.328125,0.0,0.0,0.0,0.0,0.0,0.0,0.0,0
1789635101.9432092,keyboard,328,8,0.0,0.0,0.0,0.0,1547781.5,399312.9375,133535.46875,0.0,0.0,0.0,0.0,0.0,992400.25,3131283.5,0.0,241754.765625,0
1789635102.0388124,keyboard,335,15,0.0,0.0,0.0,0.0,1390090.5,193434.796875,719581.3125,2627340.25,0.0,2962262.5,4016796.0,4039181.5,34343800.0,9319596.0,0.0,0.0,0
1789635102.1021016,keyboard,335,12,0.0,0.0,172544.84375,138759.0625,144475.46875,0.0,0.0,139264.25,107721.2734375,68913.6640625,178151.25,300719.28125,0.0,0.0,0.0,0.0,0
1789635102.1644547,keyboard,333,8,83091.703125,0.0,0.0,0.0,0.0,549891.3125,0.0,0.0,0.0,0.0,1341126.375,291825.53125,0.0,0.0,467396.53125,548013.75,0
1789635102.2908342,keyboard,333,10,0.0,0.0,0.0,675670.3125,1077823.125,711970.625,0.0,0.0,0.0,0.0,0.0,1521565.75,0.0,561553.5,803765.375,1070975.625,0
1789635102.3363245,keyboard,333,9,149741.5,0.0,248482.25,79538.734375,0.0,0.0,0.0,0.0,0.0,190432.546875,0.0,451071.0,452565.8125,0.0,782933.75,0.0,0
1789635102.3938158,keyboard,328,19,0.0,0.0,483797.09375,234276.4375,1520220.75,0.0,7216366.0,0.0,3665247.5,14955642.0,11606012.0,5618361.0,0.0,6111964.0,20784256.0,7157819.0,0
1789635102.5447524,keyboard,321,14,597754.4375,0.0,474036.9375,578549.0625,1293950.125,0.0,1664879.25,0.0,0.0,0.0,1533308.125,3546570.0,1999466.0,1350105.5,727741.125,4217636.0,0
1789635102.7669415,keyboard,326,23,0.0,1293178.875,3827881.25,6001155.5,1483221.25,1369288.0,403186.875,3693091.0,3591366.75,0.0,5708433.5,3147528.5,15050589.0,5260894.5,1255246.0,2326267.0,0
1789635102.8364058,keyboard,327,15,1226739.75,0.0,0.0,0.0,409097.71875,633822.625,413781.0,120861.28125,1145104.375,1548629.75,578520.5,0.0,1082665.125,585955.375,668075.5,893791.5625,0
1789635102.957418,keyboard,328,14,0.0,0.0,869029.125,0.0,583095.875,0.0,0.0,1131661.75,834710.0625,0.0,0.0,12542194.0,4827212.0,2083132.75,2029628.25,3274889.5,0
1789635104.4470592,keyboard,353,4,0.0,0.0,0.0,0.0,21138.9296875,0.0,0.0,0.0,0.0,0.0,0.0,255280.578125,106874.3203125,0.0,0.0,26245.416015625,0
1789635104.8567796,keyboard,323,18,0.0,684793.0,0.0,77264.328125,315453.5625,1237966.125,967348.3125,197070.75,104703.25,0.0,0.0,1280878.0,1919157.875,6205720.5,11311656.0,0.0,0
1789635105.6183298,keyboard,326,25,3687223.25,0.0,0.0,3560807.75,9259956.0,0.0,13760686.0,6822182.5,25069548.0,20443164.0,2740095.0,24080276.0,15735415.0,28537446.0,13171600.0,24182280.0,0
1789635106.09237,keyboard,321,27,1265135.0,2264274.0,1063727.375,2844771.5,4492851.0,2523375.75,8112831.0,3764490.75,0.0,8402623.0,8601316.0,15313550.0,26549104.0,6565156.0,13767502.0,3048478.0,0
1789635106.150207,keyboard,318,10,119098.984375,322091.1875,0.0,65222.171875,0.0,0.0,0.0,0.0,0.0,0.0,0.0,10049263.0,3556641.75,0.0,1312390.875,2516921.5,0
1789635106.3135226,keyboard,321,11,0.0,772498.375,0.0,0.0,1122987.625,0.0,2284563.0,2000181.0,632150.625,0.0,0.0,8048372.0,4059732.5,1728783.875,2474604.0,2361492.5,0
1789635106.4081037,keyboard,318,7,95907.203125,0.0,0.0,0.0,53140.421875,0.0,177005.515625,0.0,0.0,156279.484375,0.0,0.0,147070.921875,138307.0625,0.0,0.0,0
1789635106.56796,keyboard,336,22,3321278.5,1417761.0,0.0,680287.125,0.0,574449.0,2490540.0,0.0,5749569.0,14559244.0,5674321.0,8223226.0,6212995.0,8641547.0,16275109.0,5989699.0,0
1789635106.6260452,keyboard,336,8,0.0,0.0,0.0,0.0,478316.53125,54020.6796875,105973.609375,374004.75,0.0,0.0,0.0,0.0,0.0,0.0,542761.125,71596.3828125,0
1789635106.694582,keyboard,336,13,0.0,0.0,1949247.75,0.0,854006.625,2849754.5,0.0,804393.1875,0.0,0.0,1632112.25,11585639.0,3313351.25,0.0,9685986.0,10147996.0,0
1789635106.79071,keyboard,325,8,0.0,0.0,1106659.5,0.0,0.0,0.0,0.0,0.0,0.0,0.0,2944932.5,14564781.0,3658413.5,0.0,2568987.0,5155409.0,0
1789635106.8841722,keyboard,309,8,1258043.5,798169.0625,319221.96875,0.0,0.0,0.0,134963.609375,110037.265625,118284.4375,46254.24609375,0.0,0.0,0.0,0.0,0.0,0.0,0
1789635106.942875,keyboard,324,24,1936286.5,7968378.0,2094433.25,971719.5625,3047199.25,2150665.75,1381537.125,0.0,13975504.0,6362314.0,8802116.0,91304992.0,96149216.0,8659168.0,23632720.0,17121264.0,0
1789635107.0053892,keyboard,324,3,0.0,0.0,47985.50390625,278580.71875,0.0,0.0,249208.9375,0.0,0.0,0.0,0.0,0.0,0.0,0.0,0.0,0.0,0
1789635107.0737598,keyboard,324,16,0.0,0.0,0.0,0.0,2858400.5,888201.75,1845224.5,904338.875,0.0,0.0,0.0,20587480.0,7300679.5,3024366.5,600997.5,1645239.5,0
1789635107.118911,keyboard,324,4,0.0,0.0,0.0,0.0,40550.0859375,72820.828125,0.0,197171.109375,0.0,261288.203125,0.0,0.0,0.0,0.0,0.0,0.0,0
1789635107.3917694,keyboard,329,25,0.0,11014069.0,175196.984375,5085408.0,6734557.5,326069.375,1867912.125,3780901.0,17191924.0,1757925.0,23614808.0,88673320.0,44612624.0,0.0,18361536.0,10934660.0,0
1789635108.0557067,keyboard,341,10,0.0,0.0,496898.40625,103282.109375,104840.6484375,0.0,91216.4296875,405186.28125,509620.3125,0.0,0.0,0.0,0.0,226974.5625,0.0,535892.25,0
1789635108.5302103,keyboard,321,22,0.0,227236.109375,0.0,0.0,1474457.0,431030.34375,3921553.0,4511004.0,10406574.0,0.0,0.0,16428192.0,8040859.0,14651750.0,13921715.0,16566568.0,0
1789635110.14549,keyboard,330,22,1036741.75,1470093.125,650175.5625,0.0,0.0,0.0,5879153.5,2441869.75,12053540.0,41870060.0,20468752.0,14113021.0,6800291.5,15806426.0,7323341.0,0.0,0
1789635110.3369493,keyboard,331,13,0.0,0.0,1311294.5,2038649.625,1803773.75,0.0,0.0,3213262.25,2431909.0,612459.0,849177.5,1910064.0,939132.4375,0.0,5885360.0,4835055.0,0
1789635110.5579345,keyboard,336,28,0.0,0.0,530159.25,1716393.0,3030004.0,1466511.5,2836731.5,2938343.0,18167160.0,19346634.0,4291106.0,3268859.0,2009858.875,4140937.5,11068174.0,0.0,0
1789635110.6177285,keyboard,344,13,0.0,0.0,102967.90625,0.0,0.0,0.0,295314.34375,438447.15625,834393.5,605908.5,419640.59375,25513482.0,12625596.0,0.0,0.0,2969320.5,0
1789635110.8436065,keyboard,342,21,0.0,772893.6875,1168217.5,0.0,6140591.0,4696853.0,768100.8125,0.0,6426272.0,3743163.25,12015798.0,43818328.0,0.0,0.0,578546.6875,1024658.375,0
1789635110.938406,keyboard,342,9,0.0,0.0,101495.21875,0.0,586958.375,94554.8125,0.0,0.0,0.0,236902.375,0.0,930303.625,406833.25,0.0,0.0,335642.9375,0
1789635111.0316696,keyboard,337,29,0.0,0.0,1728791.0,699525.5625,4543805.0,0.0,2162606.0,2578025.0,6198705.5,24508870.0,15062636.0,34221820.0,19293096.0,31330268.0,18748332.0,53589424.0,0
1789635111.12683,keyboard,337,8,231640.125,47647.3125,0.0,46142.2265625,144565.9375,0.0,0.0,64952.859375,0.0,0.0,0.0,539287.125,1054010.375,0.0,0.0,0.0,0
1789635111.1731844,keyboard,338,19,138869.109375,0.0,1120053.875,632582.5,0.0,631447.75,816333.625,0.0,255319.921875,791953.125,1788404.75,5715111.5,3495986.75,741522.6875,2086845.0,0.0,0
1789635111.254197,keyboard,337,19,0.0,0.0,0.0,173768.8125,266018.5,258902.46875,3527687.25,1435943.25,4691511.5,2754990.25,250220.625,6647546.0,0.0,1766072.75,2519231.25,0.0,0
1789635111.3259106,keyboard,337,6,0.0,0.0,0.0,0.0,0.0,0.0,110979.1171875,437960.375,183688.984375,244880.421875,0.0,277268.09375,0.0,0.0,0.0,0.0,0
1789635111.3725443,keyboard,337,13,0.0,0.0,780178.125,0.0,377078.5,493682.1875,0.0,92382.390625,199743.21875,132118.09375,0.0,814085.625,229176.96875,279259.625,0.0,0.0,0
1789635111.423868,keyboard,344,14,946569.75,0.0,0.0,2247436.5,2327551.5,0.0,0.0,1479999.875,0.0,0.0,0.0,7316551.0,0.0,4830983.0,2611273.0,0.0,0
1789635111.5073588,keyboard,329,20,0.0,0.0,1093527.25,0.0,0.0,0.0,7903306.0,2025266.5,10551384.0,7889403.5,13347586.0,39374540.0,41835812.0,28604300.0,75993896.0,73119968.0,0
1789635111.5666418,keyboard,341,11,0.0,0.0,0.0,0.0,0.0,981795.875,1282140.0,0.0,0.0,916697.125,1876125.875,4496360.0,0.0,585265.75,0.0,0.0,0
1789635111.641535,keyboard,341,16,0.0,0.0,7277236.0,0.0,12823822.0,0.0,1758802.375,430589.75,0.0,0.0,0.0,15233536.0,9864966.0,6612497.0,1993226.875,4021388.0,0
1789635111.7292428,keyboard,344,17,0.0,0.0,0.0,0.0,147834.796875,280345.625,610873.5,276296.03125,0.0,1207974.5,3119984.0,12776398.0,1497724.25,1933839.625,524648.25,249009.0625,0
1789635111.7948918,keyboard,350,9,0.0,0.0,3209034.5,348556.625,1689927.625,0.0,0.0,0.0,0.0,790068.0625,1572525.25,457374.0625,14412082.0,0.0,0.0,644238.9375,0
1789635111.8595483,keyboard,329,12,0.0,0.0,0.0,0.0,0.0,0.0,0.0,1399956.25,431988.09375,300582.9375,823952.0,21943736.0,37375552.0,26025228.0,0.0,2183059.0,0
1789635111.9822702,keyboard,346,24,0.0,5252041.5,0.0,1939736.375,0.0,0.0,0.0,19069548.0,24186340.0,40662620.0,11708710.0,215095744.0,345636256.0,71490816.0,33690176.0,50413736.0,0
1789635112.2042937,keyboard,345,21,0.0,0.0,1899083.5,0.0,3732026.5,532165.6875,6912223.5,5716108.0,12042933.0,13065472.0,29335510.0,42029300.0,28153750.0,6035487.0,2390019.75,14782013.0,0
1789635112.4579892,keyboard,343,20,0.0,0.0,6252801.0,15654201.0,10472844.0,0.0,5779475.0,9753674.0,5806162.0,17602308.0,0.0,16522541.0,8658532.0,0.0,0.0,0.0,0
1789635112.7434442,keyboard,359,8,0.0,0.0,0.0,392965.1875,0.0,266680.75,0.0,0.0,0.0,2472703.5,0.0,2995564.5,0.0,0.0,0.0,580282.625,0
1789635112.9321232,keyboard,331,21,713638.5625,0.0,4177002.5,0.0,2320813.75,25894562.0,29065100.0,54663116.0,43872752.0,240252672.0,135624224.0,579358336.0,217386496.0,0.0,9376719.0,0.0,0
1789635113.0585132,keyboard,331,12,0.0,0.0,4523874.0,511503.71875,1183681.875,3009338.5,1981347.25,679358.8125,231481.03125,0.0,0.0,0.0,4302155.0,0.0,225146.484375,0.0,0
1789635113.1537561,keyboard,331,29,0.0,495103.0625,875616.125,39065.328125,698713.75,233710.03125,570163.5,0.0,746017.5,690868.75,562791.75,5016162.0,6248287.5,4562490.5,2258307.5,1701418.75,0
1789635113.1997414,keyboard,2,13,0.0,754293.0625,636689.5,0.0,0.0,1856809.5,5657149.0,0.0,0.0,22786908.0,0.0,30464048.0,34407648.0,0.0,0.0,0.0,0
1789635113.265111,keyboard,326,13,0.0,0.0,0.0,299642.65625,0.0,0.0,1856995.75,784164.6875,822307.25,3128123.5,3562542.25,8495055.0,2830630.0,1592938.75,0.0,0.0,0
1789635113.3754578,keyboard,326,18,139311.21875,233431.0625,238574.359375,198597.109375,0.0,0.0,0.0,87470.109375,0.0,2689277.75,1927372.75,3567815.75,0.0,1043496.875,382618.9375,0.0,0
1789635113.4394476,keyboard,341,18,0.0,0.0,2698140.75,1293259.25,168024.75,985383.5625,0.0,2445196.5,585238.0625,15960395.0,8284193.5,59320152.0,28262594.0,0.0,6583799.0,1721327.5,0
1789635113.5033674,keyboard,341,7,0.0,102998.375,0.0,0.0,0.0,0.0,0.0,271566.09375,0.0,0.0,773572.5625,0.0,0.0,1518051.5,675929.625,465208.375,0
1789635113.5980024,keyboard,341,6,0.0,0.0,0.0,0.0,203826.671875,0.0,0.0,0.0,0.0,506007.1875,0.0,140730.8125,717682.4375,0.0,0.0,0.0,0
1789635113.6923897,keyboard,338,18,576198.375,6117513.0,8281302.0,0.0,2202150.25,1495510.25,3756827.25,3207983.75,2869345.75,1281679.25,0.0,8022809.0,27026708.0,6809515.0,7446922.0,10179791.0,0
1789635115.0207558,keyboard,310,16,0.0,0.0,0.0,0.0,0.0,2612335.0,1914078.25,0.0,0.0,5714153.5,3805558.0,13796376.0,51401532.0,143724864.0,85555856.0,16479819.0,0
1789635115.8772836,keyboard,326,27,16817098.0,0.0,0.0,0.0,0.0,19066746.0,110016808.0,80675112.0,53451128.0,428776960.0,981958720.0,692678848.0,441393056.0,232424768.0,635113920.0,352662336.0,0
1789635117.017219,keyboard,329,14,0.0,0.0,0.0,0.0,15588822.0,17203748.0,0.0,2625538.75,44501992.0,33578264.0,14854890.0,3064225.0,0.0,40742752.0,0.0,0.0,0
1789635118.569389,keyboard,338,23,0.0,1908397.625,1495626.625,673145.9375,8003418.5,7786935.0,1439506.5,4482224.5,11238460.0,23232792.0,10718546.0,12500552.0,14620010.0,8430122.0,0.0,2241766.0,0
1789635119.9627721,keyboard,326,28,4613917.5,0.0,0.0,0.0,14366949.0,23074116.0,11030301.0,3236091.75,46903904.0,186129232.0,221747584.0,814741120.0,417002048.0,443411584.0,223992704.0,112986720.0,0
1789635120.2167692,keyboard,328,21,1571649.0,0.0,3885302.5,5311599.0,875107.0,3176994.5,0.0,0.0,10917554.0,31666190.0,27689064.0,49637400.0,53396716.0,34421592.0,36090080.0,59552004.0,0
1789635121.3880625,keyboard,3,8,0.0,0.0,0.0,0.0,63007.2421875,0.0,181584.046875,0.0,59348.3984375,36135.90625,0.0,0.0,433491.53125,0.0,252520.71875,37738.3046875,0
1789635121.6107063,keyboard,315,9,0.0,0.0,2751989.5,0.0,0.0,0.0,0.0,0.0,0.0,2267637.0,0.0,0.0,12494164.0,17221934.0,40822056.0,17692098.0,0
1789635121.6115808,keyboard,355,15,0.0,6308512.5,6443997.5,0.0,3050188.75,5797988.5,16129167.0,7768707.0,10447510.0,9105890.0,0.0,29625834.0,0.0,0.0,0.0,0.0,0
1789635121.675907,keyboard,355,9,0.0,0.0,75008.734375,0.0,0.0,0.0,715110.5,125938.90625,0.0,62922.6875,124836.5,182221.71875,0.0,0.0,0.0,987587.4375,0
1789635121.8631704,keyboard,348,21,0.0,2895105.0,5754528.5,4172650.25,3274682.5,7115382.0,7379583.0,0.0,10665250.0,19194112.0,2331826.25,77948464.0,97765856.0,16020864.0,0.0,14357171.0,0
1789635122.1484973,keyboard,339,19,0.0,0.0,15377863.0,33358180.0,3742025.25,9045183.0,6446196.0,0.0,12395468.0,53326232.0,43933968.0,7991266.5,0.0,0.0,38188716.0,8140067.0,0
1789635122.7172027,keyboard,339,21,0.0,0.0,0.0,0.0,7261782.0,18710776.0,14464700.0,0.0,21317322.0,54013284.0,101383696.0,237681824.0,268073632.0,169377104.0,14838692.0,68393680.0,0
1789635122.971381,keyboard,340,22,0.0,423249.375,888854.75,0.0,4688749.0,4138139.5,0.0,1481474.375,4505074.0,57018120.0,21894332.0,15868094.0,9130119.0,9962359.0,0.0,1728903.75,0
1789635123.287466,keyboard,324,26,925462.0625,0.0,536279.75,0.0,0.0,4750074.0,1912294.875,1912770.75,16667978.0,62558260.0,106139152.0,340728992.0,192977920.0,275954688.0,104555320.0,108533032.0,0
1789635123.5726047,keyboard,323,23,337426.1875,0.0,0.0,0.0,357060.09375,0.0,2942079.5,911882.4375,4761502.5,6597216.5,17817134.0,23077416.0,31893076.0,30248668.0,40639116.0,7639824.5,0
1789635123.7932708,keyboard,337,21,0.0,372912.71875,617555.5,1982456.375,17456592.0,25652692.0,12691234.0,6391210.5,23621370.0,30051806.0,23413856.0,17272392.0,1830753.625,0.0,0.0,0.0,0
1789635125.4092016,keyboard,340,15,767887.5,0.0,1243517.75,0.0,973546.3125,0.0,23390442.0,1601412.625,0.0,6647791.0,3206394.25,82048624.0,19701308.0,14883126.0,0.0,0.0,0
1789635125.6623974,keyboard,319,15,0.0,0.0,0.0,0.0,5934719.0,0.0,0.0,0.0,0.0,7789068.0,19408628.0,29863378.0,63731264.0,111664432.0,41933000.0,60858088.0,0
1789635126.5502367,keyboard,328,22,737225.625,3089434.5,0.0,0.0,9843240.0,10349368.0,0.0,0.0,7600035.0,94043432.0,194514000.0,1198530816.0,1296060160.0,0.0,521584512.0,259492256.0,0
1789635127.0251963,keyboard,348,23,385933.53125,0.0,0.0,464840.65625,3148841.5,8217430.0,3320326.75,9116514.0,43253872.0,31655022.0,2639736.75,53561048.0,14264158.0,9964085.0,0.0,4283886.5,0
1789635127.085353,keyboard,348,11,0.0,0.0,195452.234375,0.0,360514.71875,0.0,0.0,5299303.5,2907740.25,0.0,1115419.875,2979037.0,0.0,406284.59375,1124210.75,0.0,0
1789635128.0698042,keyboard,342,25,2216372.5,0.0,7427086.0,5297955.5,5496605.0,0.0,10001094.0,6337032.0,0.0,5251585.0,6031400.5,90522936.0,6989606.0,18760136.0,4597041.0,6013628.0,0
1789635128.3240163,keyboard,332,20,0.0,0.0,0.0,3056612.0,8671439.0,5099268.5,5280509.0,7437723.5,3364825.25,5000203.5,0.0,13524651.0,5358516.0,21784184.0,22075782.0,20330436.0,0
1789635128.5781126,keyboard,349,18,0.0,0.0,976449.5,1419643.0,7075729.5,7748586.0,12004593.0,13905320.0,39724864.0,32095994.0,0.0,43253248.0,12125027.0,11593717.0,0.0,8699617.0,0
1789635128.6729472,keyboard,347,10,0.0,0.0,0.0,0.0,382537.9375,0.0,0.0,0.0,0.0,964027.75,0.0,1293693.5,1718430.375,565491.1875,727678.625,0.0,0
1789635128.8313923,keyboard,347,14,0.0,0.0,873511.5625,1291423.625,1166382.5,7266746.0,3296941.0,0.0,2256655.0,0.0,12694031.0,61690224.0,11323146.0,0.0,0.0,0.0,0
1789635128.8763602,keyboard,322,18,326800.15625,0.0,0.0,578495.375,1995418.625,661649.625,6291139.0,3215458.0,1143877.125,11146873.0,3391570.25,3743150.0,6843669.0,0.0,3107480.25,3299059.25,0
1789635129.0839765,keyboard,347,14,0.0,0.0,0.0,454328.375,560953.5,260211.8125,0.0,0.0,898338.875,3637097.0,3456478.5,6032037.0,13506125.0,2484024.5,0.0,0.0,0
1789635129.1425693,keyboard,306,11,252500.5,0.0,0.0,182265.984375,0.0,0.0,0.0,91155.5546875,780144.375,0.0,0.0,0.0,9050381.0,6603063.0,10857629.0,0.0,0
1789635129.3703966,keyboard,308,9,0.0,0.0,0.0,0.0,0.0,0.0,0.0,0.0,0.0,0.0,0.0,3497746.75,8142844.0,6495003.0,3728832.0,3788301.75,0
1789635129.68662,keyboard,5,10,0.0,0.0,0.0,3487644.25,2464078.25,3755301.75,0.0,22152624.0,2808597.5,4829815.0,0.0,8506333.0,0.0,0.0,0.0,0.0,0
1789635131.3019183,keyboard,345,18,0.0,0.0,0.0,0.0,191087.328125,1281108.75,0.0,428932.65625,0.0,3232734.0,2457847.25,15764193.0,6669639.0,1917097.75,601689.0,7152845.0,0
1789635131.492385,keyboard,324,22,0.0,0.0,9014300.0,4107919.5,8828704.0,0.0,0.0,14009416.0,1935167.125,0.0,58550856.0,79144976.0,49606040.0,137826496.0,15069398.0,15534036.0,0
1789635131.777327,keyboard,334,12,0.0,0.0,530149.75,0.0,3599595.5,2369523.75,0.0,0.0,0.0,1957557.5,444930.03125,30981850.0,47506744.0,0.0,0.0,7187417.0,0
1789635131.836507,keyboard,334,7,0.0,0.0,0.0,0.0,630410.625,106566.3359375,100169.7578125,0.0,0.0,0.0,153098.84375,884658.1875,0.0,0.0,0.0,0.0,0
1789635132.062969,keyboard,348,19,0.0,0.0,20752460.0,33691104.0,21555538.0,78405896.0,43930848.0,95961648.0,28479076.0,0.0,16345783.0,73257968.0,36936376.0,7111762.5,0.0,0.0,0
1789635132.664976,keyboard,332,20,1333542.875,6306659.0,0.0,0.0,9217292.0,10706287.0,8109523.0,5680827.0,2990381.5,34467124.0,50567144.0,193219920.0,250996640.0,0.0,83132608.0,17643256.0,0
1789635133.0134406,keyboard,334,20,0.0,0.0,0.0,0.0,10976488.0,13761610.0,16349702.0,0.0,10017302.0,16765918.0,20630288.0,10681987.0,0.0,22738882.0,9488194.0,18812932.0,0
1789635133.5531359,keyboard,335,20,829410.625,3158743.0,0.0,9590412.0,6416702.5,17399556.0,33108830.0,0.0,4439756.5,23599380.0,6682358.0,79398976.0,40601672.0,0.0,27246056.0,22327832.0,0
1789635133.554187,keyboard,299,9,1173917.875,0.0,0.0,0.0,0.0,0.0,0.0,3351275.5,0.0,0.0,7816513.5,5944563.0,24549932.0,38890252.0,26333536.0,16951824.0,0
1789635133.6120195,keyboard,335,11,0.0,0.0,2151652.25,0.0,0.0,705484.625,0.0,3097502.75,1825105.125,1799068.0,0.0,11349300.0,2609496.0,0.0,0.0,0.0,0
1789635133.6776128,keyboard,335,17,0.0,0.0,0.0,0.0,4434493.0,3852294.5,4747555.0,0.0,1192093.75,5298824.5,1146330.375,5098928.0,677516.25,0.0,0.0,3072684.5,0
1789635134.6925714,keyboard,345,16,0.0,2046698.625,16959590.0,15377942.0,27880144.0,3951364.75,0.0,23507192.0,16049272.0,24902726.0,0.0,0.0,6781237.0,0.0,7642673.0,2682019.25,0
1789635134.7521713,keyboard,345,3,0.0,0.0,0.0,0.0,242017.0625,0.0,0.0,0.0,2865384.75,0.0,0.0,0.0,0.0,1308639.625,0.0,0.0,0
1789635134.8015435,keyboard,334,9,98311.125,0.0,915439.0,0.0,269276.78125,1149795.625,744689.875,0.0,0.0,0.0,0.0,0.0,0.0,681845.625,0.0,1047047.5,0
1789635134.8648093,keyboard,335,4,0.0,113036.3828125,259688.5,0.0,0.0,641279.0,0.0,0.0,0.0,1561339.25,0.0,0.0,0.0,0.0,0.0,0.0,0
1789635134.9468985,keyboard,337,19,6288644.5,15438288.0,0.0,16471216.0,0.0,0.0,1676994.75,37440768.0,20382564.0,10091201.0,54015952.0,198531232.0,28130200.0,18094486.0,97696032.0,0.0,0
1789635135.200456,keyboard,330,25,4132552.5,1399552.75,12118776.0,25500432.0,32040508.0,23901810.0,24654686.0,0.0,0.0,24207040.0,23924420.0,143965408.0,0.0,34607720.0,50961368.0,13350294.0,0
1789635135.2606921,keyboard,338,21,0.0,0.0,3904605.5,11325598.0,2190922.25,0.0,0.0,1952337.625,8439131.0,21307262.0,5892281.0,1889019.5,10789449.0,19939906.0,13810318.0,5097195.0,0
1789635135.3237967,keyboard,330,24,129078.046875,1714909.25,0.0,1077370.75,1287083.5,0.0,3990526.5,4384647.5,12210599.0,3759720.5,1507241.25,12045625.0,6192420.0,18531152.0,13695675.0,22973720.0,0
1789635135.4531605,keyboard,335,26,356981.125,2090317.5,7561158.0,25395020.0,35539668.0,5845066.0,10696276.0,6453438.0,0.0,35482184.0,33072438.0,105735536.0,153236256.0,68738384.0,0.0,0.0,0
1789635135.5126286,keyboard,323,18,0.0,1597451.0,0.0,1716538.0,0.0,392275.375,2509785.5,5124412.0,345519.125,7501453.0,6948626.5,957531.75,0.0,37378508.0,3579112.75,14660106.0,0
1789635135.960619,keyboard,346,26,0.0,0.0,4733569.0,8125365.0,13790178.0,8381950.0,4327846.0,32036408.0,96540608.0,67255824.0,0.0,124526208.0,37205552.0,10897015.0,0.0,1702413.25,0
1789635136.02027,keyboard,346,16,6289936.0,3798318.25,49859800.0,10812744.0,64068096.0,0.0,6085002.5,0.0,0.0,5133116.5,0.0,165370560.0,62369928.0,0.0,0.0,0.0,0
1789635136.5305495,keyboard,334,17,0.0,0.0,0.0,0.0,18223904.0,9668777.0,0.0,1906207.75,2140435.5,29627066.0,77300016.0,110981120.0,0.0,117930400.0,28692216.0,4599147.0,0
1789635137.0061872,keyboard,355,14,0.0,0.0,0.0,525359.75,417218.5625,0.0,485631.375,1146716.75,92761.0390625,3053218.25,2852191.5,23356226.0,4171761.0,0.0,0.0,727346.75,0
1789635137.0698624,keyboard,325,25,715950.0,1275632.625,2750990.0,0.0,0.0,0.0,2510848.0,2330418.5,4818997.5,20134948.0,61405628.0,197964816.0,192489552.0,252522384.0,113090368.0,85373088.0,0
1789635137.8291,keyboard,343,15,0.0,385814.8125,505665.78125,0.0,487934.78125,111918.046875,447787.1875,709129.4375,549563.5,1510246.125,0.0,0.0,968179.375,2846254.0,0.0,675195.25,0
1789635137.9562106,keyboard,329,18,0.0,0.0,0.0,600545.25,4334606.0,1380170.0,857333.625,0.0,247154.90625,1096831.25,1646391.75,1168413.5,0.0,624680.8125,0.0,1620172.0,0
1789635139.1600525,keyboard,331,28,3774043.0,5973435.0,19979016.0,10149617.0,13494071.0,7102352.5,15121335.0,23651388.0,6157817.5,6174539.0,14373352.0,7142913.5,49071488.0,8264841.5,31694504.0,10826980.0,0
1789635139.6664004,keyboard,324,25,649426.25,0.0,0.0,507264.0625,2801797.5,3972161.0,3253460.0,6597670.0,4779817.5,4563244.5,10220472.0,88515680.0,53100204.0,100958608.0,57837112.0,50544968.0,0
1789635139.7255127,keyboard,343,15,0.0,0.0,39200968.0,35887224.0,32522486.0,1348918.0,5156757.5,955929.5625,0.0,0.0,0.0,0.0,0.0,0.0,5945723.0,3972848.75,0
1789635139.9204106,keyboard,344,23,0.0,2686815.0,0.0,2036317.75,2485200.0,4526450.5,6180763.5,1317145.375,0.0,1069840.75,2991902.75,23117742.0,9346984.0,10131374.0,1543892.25,0.0,0
1789635139.9855494,keyboard,344,9,0.0,0.0,126860.265625,0.0,0.0,0.0,146548.078125,0.0,0.0,27064.20703125,189494.3125,2659157.75,395278.90625,0.0,0.0,0.0,0
1789635140.0326235,keyboard,343,15,337474.625,0.0,212522.65625,0.0,114168.5078125,106338.828125,163445.953125,405748.1875,253213.875,860926.4375,278399.5625,967133.8125,377991.3125,0.0,925350.625,0.0,0
1789635140.1108806,keyboard,347,8,0.0,36169.83984375,0.0,0.0,85883.5234375,0.0,57859.1328125,0.0,55542.390625,561437.625,232390.34375,0.0,0.0,0.0,0.0,0.0,0
1789635140.174767,keyboard,333,15,0.0,0.0,466756.375,1499480.75,3435414.5,1495347.125,367680.84375,593936.9375,465503.53125,0.0,0.0,1233514.25,3240194.0,2519226.25,0.0,3539015.5,0
1789635140.2394557,keyboard,331,21,0.0,0.0,288919.71875,0.0,402969.25,1289067.125,1358583.875,321616.5625,2184932.75,3424047.5,3007282.5,5403341.0,1591858.25,4496272.0,7232240.0,2917114.5,0
1789635140.3033223,keyboard,331,11,0.0,233650.390625,0.0,407478.59375,1451676.375,966463.0,1712682.75,0.0,0.0,0.0,0.0,0.0,0.0,1558151.75,0.0,3537384.75,0
1789635140.3486888,keyboard,331,4,0.0,0.0,0.0,57544.1484375,0.0,0.0,0.0,0.0,0.0,0.0,0.0,0.0,219509.75,0.0,1164654.5,747425.125,0
1789635140.4261627,keyboard,331,10,83487.890625,0.0,0.0,0.0,1201678.5,415505.3125,486003.5,0.0,484996.5625,0.0,3968944.5,1793688.125,1583737.375,1275258.75,0.0,1209594.375,0
1789635140.470951,keyboard,1,5,112419.984375,0.0,0.0,0.0,0.0,0.0,0.0,0.0,0.0,0.0,0.0,0.0,638244.3125,1025158.25,1127041.625,0.0,0
1789635140.6159985,keyboard,343,16,0.0,0.0,114263.90625,0.0,134754.34375,31472.0625,0.0,0.0,136393.328125,310411.625,436118.1875,338466.75,403567.59375,1041247.8125,931237.5,1217267.0,0
1789635140.6796668,keyboard,342,12,0.0,0.0,695339.0,0.0,0.0,1607330.25,674690.0,1284852.5,0.0,4063049.5,0.0,906818.125,0.0,92302.0703125,0.0,0.0,0
1789635140.8068798,keyboard,342,13,0.0,141497.828125,1916918.5,1031718.3125,0.0,575496.875,0.0,0.0,219058.9375,0.0,0.0,16106950.0,742875.125,0.0,0.0,997122.625,0
1789635140.9008512,keyboard,336,18,0.0,0.0,0.0,2597415.75,2346371.5,18705476.0,7328280.5,4951832.0,5559279.0,8386698.0,28226286.0,72832608.0,33326242.0,25163446.0,0.0,0.0,0
1789635141.216117,keyboard,313,20,0.0,0.0,0.0,0.0,5625866.0,0.0,1141012.625,2726637.5,1632386.125,31154342.0,37886036.0,283808352.0,286476160.0,433654560.0,171556384.0,115452656.0,0
1789635141.5017986,keyboard,313,22,590807.5625,0.0,0.0,0.0,0.0,0.0,9836835.0,3143716.5,0.0,42253256.0,45463352.0,173964640.0,48516844.0,174234752.0,63332880.0,46183368.0,0
1789635141.660266,keyboard,328,19,846545.5625,0.0,9763054.0,2640564.75,0.0,0.0,0.0,0.0,21186458.0,117217656.0,86499520.0,418987488.0,312978240.0,0.0,7509752.0,0.0,0
1789635141.756182,keyboard,327,8,0.0,0.0,0.0,0.0,0.0,461422.6875,691475.5,0.0,0.0,0.0,1782409.0,1215943.0,0.0,6807887.0,3252580.75,0.0,0
1789635141.9133043,keyboard,350,17,1483296.75,0.0,0.0,0.0,23688280.0,21338244.0,11244387.0,0.0,7108464.0,0.0,0.0,13554164.0,14008818.0,53646512.0,0.0,10169944.0,0
1789635142.1673863,keyboard,334,17,0.0,0.0,1672549.75,0.0,484155.53125,1973365.0,559558.625,8506994.0,7818927.0,4699616.0,0.0,924716.1875,2135199.0,3377163.0,0.0,1190233.75,0
1789635142.2290533,keyboard,342,27,521918.0625,5801209.0,12327153.0,0.0,17994016.0,12745354.0,5330376.5,0.0,5094314.0,9389680.0,37183980.0,127227472.0,0.0,8343523.5,17615340.0,18054052.0,0
1789635142.421695,keyboard,345,11,278845.6875,0.0,233935.3125,221315.0625,0.0,0.0,400398.75,1649233.5,399949.375,0.0,261636.875,3057981.75,1737662.375,0.0,0.0,0.0,0
1789635142.4820127,keyboard,345,10,0.0,101538.953125,0.0,0.0,164933.296875,0.0,44818.42578125,0.0,0.0,2586968.25,432851.71875,1880377.625,520419.28125,0.0,0.0,0.0,0
1789635142.8965604,keyboard,345,25,0.0,1706462.375,1698853.75,0.0,4123880.25,2803170.5,3165504.75,2229564.0,5802543.0,1812936.25,7723499.0,45836484.0,72251120.0,12546454.0,11556732.0,0.0,0
1789635143.1170664,keyboard,329,30,0.0,0.0,3195853.0,4466496.0,32700806.0,13038116.0,22587744.0,17696868.0,64446800.0,97571504.0,33893076.0,8821108.0,48540520.0,110613256.0,38412672.0,8197089.0,0
1789635143.1761513,keyboard,329,16,0.0,0.0,854502.0625,0.0,0.0,4511454.0,9235950.0,1365562.375,3428886.5,3466454.5,7980088.5,61325040.0,4555416.5,9804474.0,2541825.5,5382475.0,0
1789635143.2749882,keyboard,330,9,281203.9375,0.0,1927347.5,0.0,188380.78125,301224.5625,0.0,393366.5,0.0,514857.9375,0.0,0.0,0.0,404642.125,0.0,0.0,0
1789635143.4024827,keyboard,339,19,0.0,155234.5,0.0,2466058.5,0.0,819446.625,2637544.5,926429.875,1515681.75,3784011.75,8673548.0,12032598.0,0.0,4280229.0,0.0,0.0,0
1789635144.730593,keyboard,352,9,0.0,0.0,0.0,0.0,78353.7578125,72182.0625,0.0,0.0,0.0,241582.125,0.0,0.0,2176200.0,432581.375,541626.625,1073383.625,0
1789635145.2060342,keyboard,336,18,0.0,4725871.5,0.0,0.0,0.0,0.0,3165739.25,0.0,4302819.0,74730560.0,74623384.0,302558560.0,277385408.0,66427536.0,33102096.0,0.0,0
1789635145.3215778,keyboard,336,6,0.0,1083681.5,0.0,69910.3984375,282947.09375,302707.46875,0.0,0.0,0.0,0.0,597036.0625,0.0,0.0,0.0,433458.3125,0.0,0
1789635145.490268,keyboard,327,17,0.0,0.0,5581578.0,4045261.0,0.0,3914115.0,12376297.0,1105950.25,6723932.5,2219033.75,11828572.0,97692992.0,24064304.0,12215764.0,0.0,7170793.5,0
1789635145.560843,keyboard,327,22,2855937.0,1422194.5,577034.25,0.0,1721826.75,589970.75,212181.4375,437106.625,488456.03125,2105832.0,0.0,3104479.0,3501564.5,2243053.5,1523016.0,621392.125,0
1789635145.7452414,keyboard,341,28,0.0,0.0,16074203.0,3599398.25,15239862.0,25464668.0,21685244.0,0.0,4727568.5,14719856.0,20399202.0,31869118.0,18485818.0,49316856.0,24388770.0,9453633.0,0
1789635145.9986176,keyboard,328,17,265229.1875,0.0,3201731.0,8633770.0,1505559.0,0.0,971901.125,962338.0625,3870640.5,73289448.0,8645812.0,104260096.0,0.0,0.0,0.0,5345636.0,0
1789635146.283605,keyboard,338,26,808807.6875,1355378.0,7184595.0,6653757.0,4246371.0,2036553.5,0.0,2488528.0,3273012.0,4438081.5,1242331.5,32352116.0,12898366.0,42223712.0,0.0,35171356.0,0
1789635146.5360873,keyboard,338,26,0.0,4809709.0,14661156.0,9663980.0,1617985.0,1685739.25,19306474.0,4959462.0,722178.125,4062046.0,8295593.5,53388752.0,97302544.0,9427510.0,0.0,0.0,0
1789635147.105315,keyboard,309,18,0.0,1906048.25,0.0,0.0,0.0,0.0,3170258.0,4821278.5,7172488.5,1876275.875,0.0,13962006.0,42263528.0,72187792.0,24375752.0,10020812.0,0
1789635147.3906744,keyboard,321,13,0.0,0.0,0.0,781193.4375,594670.5625,0.0,452888.8125,0.0,4651788.0,4660141.0,2149598.75,7870083.0,6171587.0,5102047.0,38064564.0,16834478.0,0
1789635147.580557,keyboard,331,24,0.0,0.0,0.0,0.0,14329540.0,3799202.5,9534211.0,11150001.0,18542264.0,174942368.0,18399996.0,372080448.0,133208128.0,27727370.0,66209024.0,14919874.0,0
1789635147.6389692,keyboard,331,13,0.0,0.0,1555217.125,0.0,0.0,1696563.875,988259.625,12648119.0,10203553.0,0.0,4067867.0,0.0,0.0,1407280.25,5050951.5,4909283.5,0
1789635147.8031008,keyboard,340,23,0.0,1232161.5,0.0,0.0,951533.1875,0.0,7960870.0,4606857.0,10073346.0,33276610.0,17788638.0,40123776.0,94127016.0,14372453.0,11158488.0,0.0,0
1789635147.872565,keyboard,330,16,0.0,0.0,1443402.75,0.0,32664756.0,0.0,0.0,0.0,43718288.0,14766951.0,76643872.0,103482008.0,107652936.0,25549296.0,0.0,5155545.5,0
1789635147.961696,keyboard,331,25,587609.75,0.0,0.0,0.0,0.0,2262939.25,401580.4375,245197.09375,155809.1875,6474361.0,14691142.0,30722364.0,8548222.0,9510848.0,5574142.0,2606667.25,0
1789635148.0886886,keyboard,329,13,0.0,0.0,3392263.5,1489583.375,560787.3125,623287.125,2292217.5,0.0,0.0,1140236.75,0.0,22792524.0,0.0,0.0,11433195.0,15740382.0,0
1789635148.4983737,keyboard,323,24,0.0,0.0,0.0,0.0,1057869.75,2529583.75,12564235.0,692862.875,1302983.75,897603.75,7280372.5,4971824.0,33102168.0,51073308.0,21173668.0,11090111.0,0
1789635148.7208688,keyboard,334,20,837037.5,2542992.25,0.0,906224.625,15770743.0,0.0,0.0,0.0,4903280.0,5363846.0,29799424.0,73522848.0,26773976.0,2749742.5,7760141.0,17706852.0,0
1789635148.8164523,keyboard,329,25,1070003.75,0.0,2279521.5,0.0,19645196.0,15003634.0,18069154.0,4251139.5,0.0,12492214.0,38416768.0,116742832.0,24495468.0,49043960.0,48683128.0,39169248.0,0
1789635148.8775651,keyboard,342,28,0.0,503097.5,384935.0,703831.0,1467063.0,3245249.5,5129569.0,3335304.5,5619306.0,22113136.0,16135388.0,59918408.0,76333952.0,26311752.0,28472524.0,29408036.0,0
1789635148.9425821,keyboard,342,11,0.0,0.0,0.0,0.0,5819544.0,4180282.75,17680324.0,3807715.5,0.0,9933929.0,26191248.0,0.0,123298512.0,0.0,0.0,7560957.5,0
1789635149.3227894,keyboard,310,10,0.0,0.0,249142.5625,0.0,0.0,0.0,918949.125,0.0,0.0,0.0,0.0,9884153.0,4038056.0,5901985.0,0.0,6143379.5,0
1789635149.3823001,keyboard,338,18,0.0,381223.3125,2589018.75,0.0,8787977.0,6278240.0,334239.03125,0.0,0.0,1889321.375,8263437.0,34622572.0,15101391.0,0.0,0.0,298741.15625,0
1789635149.4580207,keyboard,343,20,0.0,523943.6875,537258.625,0.0,13660112.0,5560983.0,20042004.0,1170666.75,2432850.5,3816191.0,15066962.0,127670992.0,48433692.0,0.0,2084990.5,0.0,0
1789635149.5449195,keyboard,343,18,0.0,0.0,0.0,3585341.0,4883455.0,3149577.0,17164732.0,0.0,1955626.125,5588319.0,26117014.0,74370440.0,0.0,42024376.0,8360287.0,0.0,0
1789635149.8612008,keyboard,309,8,0.0,0.0,0.0,0.0,0.0,0.0,0.0,956256.8125,870167.9375,0.0,0.0,0.0,4663770.0,6162876.5,1046689.4375,7335438.0,0
1789635150.0512784,keyboard,341,15,0.0,8755620.0,1752494.875,3860771.75,0.0,1861242.75,1964679.625,5204434.0,6402194.5,5751691.5,8829574.0,55335432.0,0.0,0.0,0.0,0.0,0
1789635150.337012,keyboard,332,17,6778156.0,54914752.0,0.0,37991028.0,0.0,12513408.0,46076548.0,0.0,0.0,13808752.0,26177262.0,40657952.0,55783992.0,27557974.0,0.0,0.0,0
1789635153.8528705,keyboard,14,6,0.0,0.0,3219192.0,0.0,0.0,0.0,0.0,0.0,0.0,12830238.0,0.0,9398558.0,0.0,4590898.5,8812073.0,1296707.75,0
1789635153.8535945,keyboard,244,4,0.0,0.0,0.0,0.0,0.0,0.0,2203162.0,25285088.0,0.0,20647638.0,0.0,0.0,0.0,0.0,0.0,0.0,0
1789635153.9228475,keyboard,212,5,0.0,0.0,0.0,0.0,0.0,0.0,0.0,17703024.0,15534279.0,205764080.0,0.0,0.0,41101848.0,0.0,0.0,0.0,0
1789635154.0102518,keyboard,220,4,1484901.25,0.0,0.0,0.0,0.0,0.0,0.0,6321412.0,0.0,15814990.0,6857968.5,0.0,0.0,0.0,0.0,0.0,0
1789635154.0685961,keyboard,211,8,0.0,0.0,0.0,0.0,0.0,0.0,0.0,34817516.0,2731503.75,0.0,8239593.0,7915035.0,15699905.0,0.0,0.0,25259430.0,0
1789635154.131144,keyboard,211,4,3341287.5,13803402.0,877929.0,0.0,0.0,0.0,14256279.0,0.0,0.0,0.0,0.0,0.0,0.0,0.0,0.0,0.0,0
1789635154.1898985,keyboard,207,5,1314098.5,2341953.25,0.0,0.0,0.0,0.0,0.0,0.0,0.0,0.0,0.0,0.0,8826992.0,22824946.0,0.0,0.0,0
1789635154.253712,keyboard,199,10,0.0,0.0,0.0,0.0,4394126.5,0.0,22536740.0,11481008.0,9037452.0,6493562.0,24414140.0,4292503.0,0.0,18319292.0,0.0,19569196.0,0
1789635154.382563,keyboard,223,8,124551240.0,232905472.0,0.0,0.0,3492237.5,1830003.75,0.0,0.0,0.0,8402148.0,0.0,0.0,0.0,0.0,0.0,20561428.0,0
1789635154.4468353,keyboard,218,7,32468460.0,41980860.0,13802091.0,0.0,0.0,0.0,0.0,0.0,0.0,0.0,0.0,0.0,0.0,0.0,9299841.0,0.0,0
1789635154.5083914,keyboard,217,4,0.0,0.0,444651.0625,0.0,0.0,0.0,0.0,0.0,0.0,0.0,27418424.0,6817912.0,10030942.0,0.0,0.0,0.0,0
1789635154.5823872,keyboard,105,3,0.0,0.0,0.0,0.0,0.0,0.0,0.0,0.0,2713701.0,0.0,0.0,0.0,0.0,21592924.0,0.0,0.0,0
1789635154.6448925,keyboard,241,4,314390.625,0.0,0.0,0.0,0.0,0.0,0.0,0.0,0.0,8413589.0,0.0,0.0,0.0,0.0,0.0,3306826.5,0
1789635154.7663589,keyboard,19,5,1744649.125,0.0,0.0,0.0,981131.5,0.0,0.0,0.0,1810408.75,1626259.875,0.0,0.0,0.0,0.0,812225.875,0.0,0
1789635154.833575,keyboard,230,5,48491580.0,98453272.0,0.0,0.0,0.0,0.0,0.0,0.0,0.0,0.0,0.0,0.0,7795787.0,7454054.0,0.0,0.0,0
1789635155.9723432,keyboard,180,10,0.0,0.0,8803839.0,0.0,0.0,0.0,23373332.0,29865872.0,0.0,537187200.0,147781232.0,0.0,159743360.0,40728552.0,0.0,56936528.0,0
1789635156.0677292,keyboard,180,3,0.0,0.0,0.0,0.0,0.0,0.0,0.0,1681677.5,7534934.5,0.0,0.0,0.0,0.0,0.0,5554795.0,0.0,0
1789635156.2586334,keyboard,166,6,0.0,4052422.0,2106839.5,0.0,0.0,0.0,0.0,0.0,172782560.0,0.0,0.0,0.0,3627214.5,0.0,0.0,92599200.0,0
1789635156.4473395,keyboard,215,8,181712928.0,193732896.0,0.0,0.0,0.0,0.0,13998508.0,0.0,16329212.0,0.0,0.0,0.0,0.0,0.0,0.0,11986874.0,0
1789635156.518304,keyboard,215,8,101624256.0,17509528.0,0.0,0.0,0.0,0.0,0.0,0.0,0.0,11068446.0,0.0,0.0,0.0,0.0,0.0,16018918.0,0
1789635156.5640886,keyboard,348,4,0.0,0.0,23470198.0,95569248.0,0.0,0.0,0.0,0.0,0.0,0.0,0.0,0.0,0.0,0.0,0.0,0.0,0
1789635156.6693919,keyboard,230,8,0.0,0.0,17435960.0,0.0,0.0,0.0,0.0,0.0,41575128.0,58860384.0,25018678.0,0.0,0.0,5592840.5,0.0,0.0,0
1789635156.9532683,keyboard,230,11,12143643.0,23799032.0,26859402.0,16562404.0,0.0,7140270.0,4175119.75,0.0,0.0,0.0,0.0,11320998.0,45537552.0,0.0,0.0,0.0,0
1789635158.537063,keyboard,121,10,510949376.0,0.0,0.0,451339840.0,303881920.0,0.0,0.0,0.0,0.0,0.0,53697496.0,0.0,38014448.0,16274922.0,0.0,0.0,0
1789635158.6956246,keyboard,154,4,0.0,0.0,0.0,0.0,0.0,0.0,0.0,0.0,104891832.0,39594112.0,0.0,0.0,10428574.0,0.0,0.0,0.0,0
1789635158.7899277,keyboard,199,7,0.0,0.0,0.0,0.0,58409828.0,27378252.0,0.0,0.0,3684160.25,6051039.5,0.0,0.0,0.0,0.0,0.0,0.0,0
1789635158.8587124,keyboard,204,12,0.0,27105898.0,8604095.0,121427872.0,0.0,0.0,107826984.0,148654272.0,101853240.0,45639720.0,23421384.0,2252738.5,0.0,0.0,0.0,0.0,0
1789635158.9228628,keyboard,204,3,0.0,0.0,0.0,0.0,0.0,0.0,0.0,0.0,0.0,5827278.5,0.0,6653715.5,0.0,0.0,0.0,0.0,0
1789635158.9692936,keyboard,189,13,0.0,0.0,26294342.0,0.0,54458816.0,25216492.0,70597704.0,14419013.0,26863176.0,21613526.0,0.0,12832420.0,0.0,27681604.0,0.0,36193988.0,0
1789635159.046167,keyboard,200,4,0.0,0.0,0.0,0.0,10460570.0,0.0,0.0,0.0,0.0,0.0,0.0,0.0,0.0,0.0,7823102.5,3749240.75,0
1789635159.110837,keyboard,182,8,0.0,92561552.0,0.0,0.0,0.0,0.0,0.0,0.0,9512946.0,21931240.0,34572288.0,16844086.0,0.0,0.0,10827351.0,0.0,0
1789635159.2347581,keyboard,242,8,0.0,0.0,19621524.0,52134316.0,0.0,0.0,0.0,0.0,0.0,0.0,0.0,0.0,0.0,67291096.0,126709528.0,116972144.0,0
1789635159.4561815,keyboard,232,12,17239724.0,197420144.0,0.0,0.0,0.0,0.0,0.0,0.0,0.0,31803980.0,25661844.0,0.0,23342612.0,67314968.0,43987700.0,142878720.0,0
1789635159.551282,keyboard,257,11,68898200.0,74378496.0,0.0,0.0,0.0,0.0,0.0,0.0,9415598.0,0.0,0.0,0.0,6486853.0,33601116.0,58331920.0,23169554.0,0
1789635162.4021318,keyboard,200,3,0.0,6786048.0,0.0,0.0,0.0,0.0,0.0,0.0,0.0,26704176.0,23957812.0,0.0,0.0,0.0,0.0,0.0,0
1789635162.6224916,keyboard,214,8,0.0,0.0,0.0,0.0,0.0,0.0,9253791.0,0.0,0.0,92031840.0,151623744.0,91803552.0,35723056.0,0.0,0.0,0.0,0
1789635162.6815395,keyboard,183,14,0.0,22691596.0,0.0,30543632.0,0.0,0.0,0.0,109300272.0,149021952.0,143841264.0,171296992.0,13448670.0,0.0,13648017.0,0.0,83889592.0,0
1789635162.745856,keyboard,217,3,0.0,0.0,0.0,0.0,0.0,0.0,95352128.0,0.0,0.0,168416768.0,331806816.0,0.0,0.0,0.0,0.0,0.0,0
1789635162.8751235,keyboard,207,16,0.0,109556768.0,91435072.0,74379680.0,0.0,9965498.0,4883259.0,43090416.0,170354400.0,535619840.0,72890320.0,3492856.75,82050144.0,0.0,0.0,0.0,0
1789635162.9334614,keyboard,207,6,0.0,0.0,0.0,0.0,0.0,0.0,20471968.0,22299992.0,6271312.0,15311328.0,0.0,0.0,0.0,0.0,11688496.0,0.0,0
1789635162.9838872,keyboard,191,9,0.0,0.0,0.0,95370416.0,0.0,0.0,59679160.0,0.0,15959488.0,158138592.0,0.0,31507922.0,22302666.0,0.0,0.0,26480054.0,0
1789635163.0475516,keyboard,186,14,0.0,3928398.5,0.0,0.0,30306116.0,59586504.0,0.0,84929344.0,0.0,9453456.0,1729205.75,0.0,4053737.5,46227576.0,23572358.0,16879136.0,0
1789635163.1279774,keyboard,181,11,0.0,44733516.0,20081100.0,0.0,0.0,113604856.0,0.0,87014480.0,88506336.0,46879472.0,0.0,127293800.0,0.0,0.0,32354976.0,0.0,0
1789635163.1887345,keyboard,182,5,0.0,17551358.0,0.0,0.0,160006880.0,0.0,0.0,49171016.0,0.0,20952378.0,0.0,0.0,0.0,0.0,0.0,0.0,0
1789635163.3188043,keyboard,233,17,0.0,0.0,0.0,23852646.0,13248368.0,0.0,4247257.0,52284692.0,76086160.0,86265968.0,149456384.0,146017024.0,0.0,8536593.0,25352426.0,125035728.0,0
1789635163.4139452,keyboard,231,9,0.0,406601536.0,0.0,624540672.0,95982992.0,0.0,0.0,75513536.0,83026504.0,466374400.0,0.0,0.0,0.0,0.0,186207232.0,476505664.0,0
1789635165.1866996,keyboard,184,10,0.0,0.0,0.0,0.0,0.0,0.0,0.0,57606888.0,77910632.0,129349656.0,32929832.0,0.0,8768162.0,9951548.0,0.0,0.0,0
1789635165.4717557,keyboard,162,9,0.0,0.0,0.0,0.0,0.0,0.0,0.0,0.0,20891168.0,55688372.0,0.0,60627912.0,91289256.0,138551968.0,0.0,22423112.0,0
1789635165.5660431,keyboard,163,8,0.0,0.0,6575053.5,0.0,0.0,0.0,0.0,0.0,0.0,29050584.0,41325128.0,94328376.0,226626224.0,0.0,0.0,0.0,0
1789635165.62964,keyboard,165,9,0.0,34930520.0,0.0,0.0,0.0,0.0,4652244.5,0.0,30112200.0,27578664.0,0.0,31839092.0,0.0,10507892.0,0.0,0.0,0
1789635165.7244399,keyboard,188,9,0.0,0.0,22997022.0,0.0,0.0,0.0,0.0,24818874.0,74296824.0,128481088.0,0.0,0.0,206155728.0,0.0,0.0,50165552.0,0
1789635165.7967312,keyboard,193,14,0.0,0.0,0.0,0.0,214125568.0,293167008.0,0.0,0.0,23864856.0,44020332.0,135868496.0,15707800.0,47889792.0,8664913.0,0.0,5419445.0,0
1789635165.8614452,keyboard,198,18,102128464.0,5267562.0,0.0,0.0,0.0,0.0,390808768.0,67784152.0,0.0,110502128.0,134844000.0,33374844.0,149437664.0,91770448.0,5944320.5,0.0,0
1789635165.9766617,keyboard,179,7,8406602.0,32965906.0,0.0,0.0,24304792.0,0.0,0.0,0.0,7529192.0,0.0,62608096.0,0.0,0.0,0.0,0.0,23904852.0,0
1789635166.0374596,keyboard,195,4,78043752.0,0.0,0.0,0.0,0.0,0.0,56261568.0,0.0,0.0,21551040.0,0.0,0.0,4252320.0,0.0,0.0,0.0,0
1789635166.1017063,keyboard,181,4,0.0,26203590.0,0.0,0.0,0.0,17694138.0,0.0,0.0,0.0,0.0,0.0,12828693.0,0.0,11011486.0,0.0,0.0,0
1789635166.1784837,keyboard,199,12,0.0,46961068.0,0.0,0.0,124804912.0,53052296.0,17370708.0,67066056.0,12393486.0,25124900.0,6078742.0,29239768.0,25539556.0,0.0,0.0,0.0,0
1789635166.3578458,keyboard,233,8,0.0,0.0,0.0,0.0,0.0,0.0,0.0,0.0,0.0,0.0,0.0,191327856.0,352159424.0,224378176.0,6475052.0,18379988.0,0
1789635166.4180977,keyboard,233,14,0.0,0.0,0.0,39242040.0,0.0,0.0,103356192.0,217129088.0,0.0,61666028.0,74782056.0,270834496.0,0.0,127368000.0,150952608.0,273311936.0,0
1789635166.4685576,keyboard,222,14,46133128.0,0.0,0.0,0.0,0.0,0.0,333398208.0,478046880.0,299744352.0,249508064.0,11670497.0,0.0,218777104.0,72012824.0,0.0,0.0,0
1789635166.5793426,keyboard,220,10,0.0,0.0,0.0,0.0,0.0,0.0,18454018.0,56532056.0,58123680.0,87192688.0,14430176.0,0.0,0.0,0.0,3145927.25,0.0,0
1789635169.2376192,keyboard,165,17,694849.4375,0.0,0.0,0.0,23080732.0,6062603.0,0.0,11414143.0,0.0,44216200.0,125205680.0,89512744.0,254635072.0,95725072.0,2612514.5,48841296.0,0
1789635169.3336952,keyboard,172,9,27119976.0,19079928.0,0.0,0.0,0.0,0.0,0.0,8755168.0,0.0,0.0,26867860.0,48342708.0,222160960.0,0.0,0.0,0.0,0
1789635169.3938303,keyboard,182,13,0.0,0.0,8514888.0,0.0,0.0,13206824.0,0.0,77234848.0,58424220.0,144070032.0,496149824.0,816167424.0,308929952.0,0.0,0.0,261024528.0,0
1789635170.441743,keyboard,219,11,2631061.25,0.0,0.0,0.0,0.0,1611488.0,0.0,0.0,4874902.0,16253586.0,1603015.0,0.0,10911514.0,10005491.0,0.0,11984652.0,0
1789635170.6633902,keyboard,228,20,0.0,0.0,182335552.0,61316368.0,0.0,17468800.0,66923152.0,82833656.0,159897920.0,53624136.0,31413336.0,72376624.0,0.0,27385496.0,289541376.0,833047424.0,0
1789635172.6595244,keyboard,174,7,2256939.0,0.0,0.0,0.0,21608728.0,0.0,0.0,11796042.0,0.0,12363056.0,0.0,0.0,0.0,0.0,24527700.0,71857760.0,0
1789635172.8815708,keyboard,174,8,0.0,0.0,8303471.0,0.0,15581318.0,0.0,0.0,45053348.0,24927008.0,74456912.0,0.0,0.0,7514711.5,5898141.5,0.0,0.0,0
1789635172.8826342,keyboard,211,4,0.0,0.0,0.0,0.0,0.0,0.0,40754736.0,85666688.0,0.0,0.0,0.0,0.0,29824340.0,31097118.0,0.0,0.0,0
1789635173.1019928,keyboard,189,14,0.0,0.0,0.0,0.0,0.0,0.0,39557432.0,63348796.0,43946512.0,2012303.125,16848602.0,6644583.0,11307946.0,1516252.75,0.0,5989791.0,0
1789635173.228214,keyboard,182,16,0.0,5631058.5,3609164.5,0.0,15501104.0,14440656.0,44773608.0,24433824.0,28676640.0,10157104.0,0.0,0.0,4471868.0,0.0,50235172.0,33160102.0,0
1789635173.6725037,keyboard,211,18,0.0,412011680.0,0.0,0.0,0.0,0.0,135975776.0,77352192.0,49775628.0,308400384.0,0.0,0.0,612232704.0,153969568.0,491941984.0,326359008.0,0
1789635173.7989194,keyboard,219,12,0.0,0.0,0.0,0.0,0.0,0.0,269090720.0,193147520.0,120090584.0,120109240.0,0.0,19929426.0,132020776.0,0.0,0.0,0.0,0
1789635173.894346,keyboard,219,5,0.0,0.0,0.0,0.0,0.0,0.0,2540238.5,0.0,0.0,0.0,0.0,0.0,7288665.0,6397146.0,5738850.5,0.0,0
1789635173.9404104,keyboard,215,11,0.0,0.0,0.0,0.0,0.0,0.0,49404544.0,55070320.0,62729844.0,88113296.0,61229344.0,39709796.0,0.0,11687972.0,10010055.0,3932592.5,0
1789635174.0039127,keyboard,229,16,0.0,0.0,56717492.0,0.0,0.0,0.0,63338816.0,94288360.0,64419512.0,138235152.0,0.0,0.0,334165184.0,8715154.0,118766808.0,514964192.0,0
1789635174.0655522,keyboard,213,13,0.0,0.0,4148806.0,0.0,0.0,6345502.5,13280298.0,24506514.0,13718329.0,16730915.0,0.0,0.0,529279744.0,251767200.0,166462368.0,188154960.0,0
1789635174.4007964,keyboard,229,8,0.0,0.0,0.0,0.0,0.0,0.0,1542931.5,0.0,0.0,4446175.5,0.0,0.0,76063976.0,150946368.0,46078132.0,109156800.0,0
1789635178.5189555,keyboard,216,11,106745552.0,0.0,0.0,0.0,0.0,0.0,186255920.0,409572864.0,119570544.0,0.0,0.0,597459072.0,421841664.0,0.0,521766848.0,353619328.0,0
1789635178.5779335,keyboard,215,9,0.0,0.0,0.0,0.0,0.0,0.0,0.0,0.0,0.0,5644165.0,5489986.0,21325462.0,18509028.0,72037672.0,0.0,20046310.0,0
1789635178.7078798,keyboard,193,13,5675788.0,1832207.625,2122721.75,0.0,0.0,0.0,0.0,0.0,0.0,0.0,0.0,17041296.0,11438140.0,0.0,60305384.0,11233733.0,0
1789635178.7678432,keyboard,218,7,0.0,0.0,0.0,0.0,0.0,0.0,10523827.0,0.0,16458281.0,0.0,0.0,0.0,93138704.0,47178064.0,0.0,29566664.0,0
1789635178.8985388,keyboard,218,9,0.0,0.0,0.0,0.0,0.0,0.0,24227392.0,15509968.0,5865893.0,6315718.5,0.0,0.0,0.0,18766152.0,0.0,2711767.5,0
1789635178.944961,keyboard,218,7,11443259.0,0.0,718348.0,0.0,3913265.5,0.0,4894399.0,0.0,0.0,0.0,0.0,0.0,0.0,1386970.375,0.0,4162646.25,0
1789635179.0869582,keyboard,194,9,0.0,48950568.0,0.0,0.0,0.0,0.0,0.0,39011052.0,69293424.0,0.0,0.0,0.0,196125168.0,0.0,318294336.0,309458528.0,0
1789635179.277155,keyboard,185,10,0.0,50440288.0,7443316.0,0.0,514386688.0,0.0,0.0,0.0,0.0,0.0,0.0,242664464.0,1129216512.0,0.0,939235200.0,1151278336.0,0
1789635179.4677093,keyboard,186,7,4601516.5,2435865.5,0.0,0.0,0.0,0.0,0.0,5458100.5,0.0,0.0,0.0,0.0,27384788.0,0.0,23898596.0,14814662.0,0
1789635179.6260295,keyboard,197,14,11929828.0,5930243.0,0.0,0.0,0.0,0.0,0.0,1432356.0,4176458.25,1649747.375,2177924.5,0.0,1759781.25,1305125.125,0.0,7970292.5,0
1789635179.8488612,keyboard,223,14,87976864.0,91510128.0,25051600.0,0.0,0.0,0.0,12793376.0,167097584.0,0.0,193180448.0,0.0,195967248.0,43380620.0,166163520.0,0.0,0.0,0
1789635180.0696356,keyboard,207,9,0.0,0.0,32580940.0,0.0,19335642.0,0.0,0.0,33695492.0,0.0,32399908.0,0.0,0.0,64150876.0,0.0,48698908.0,9498424.0,0
1789635180.2596517,keyboard,209,9,0.0,0.0,0.0,67611728.0,52373908.0,0.0,469683520.0,228515376.0,0.0,0.0,0.0,100115048.0,1792225408.0,0.0,0.0,182484416.0,0
1789635180.4498522,keyboard,211,11,0.0,402276.6875,0.0,3092673.75,0.0,536448.375,1082721.75,800788.0,624599.125,2831957.5,1079600.625,0.0,6373887.0,0.0,22183804.0,0.0,0
1789635180.50862,keyboard,211,7,0.0,0.0,0.0,0.0,11168677.0,0.0,5349254.5,0.0,9157063.0,0.0,0.0,58442936.0,45819280.0,38468224.0,0.0,0.0,0
1789635181.303251,keyboard,190,7,9796486.0,0.0,2512031.5,0.0,0.0,0.0,0.0,2826691.0,8903982.0,0.0,0.0,0.0,52516732.0,80450800.0,0.0,0.0,0
1789635181.4936619,keyboard,222,14,0.0,15975442.0,0.0,0.0,0.0,0.0,127741984.0,329683968.0,190546784.0,110528024.0,0.0,130017792.0,604453760.0,136812720.0,246893632.0,825181696.0,0
1789635181.6841927,keyboard,220,14,0.0,31898020.0,0.0,0.0,0.0,0.0,0.0,65749368.0,163338848.0,0.0,0.0,623962368.0,810733568.0,315726848.0,191316512.0,0.0,0
1789635181.8751469,keyboard,229,11,0.0,2771942.0,14230315.0,0.0,0.0,0.0,0.0,3929811.0,23451252.0,0.0,0.0,86434480.0,39866476.0,0.0,88220384.0,162006832.0,0
1789635182.3821971,keyboard,187,6,38789368.0,0.0,0.0,0.0,0.0,0.0,0.0,0.0,17586806.0,0.0,0.0,0.0,27849122.0,24472682.0,38167808.0,0.0,0
1789635182.3831496,keyboard,228,3,0.0,0.0,4500008.5,0.0,0.0,0.0,0.0,4109608.75,0.0,0.0,0.0,107933760.0,0.0,0.0,0.0,0.0,0
1789635182.5708897,keyboard,219,16,0.0,55915780.0,0.0,435050816.0,0.0,0.0,64571244.0,96734176.0,70896224.0,0.0,0.0,172816896.0,264790832.0,87516512.0,89182304.0,55116240.0,0
1789635182.729345,keyboard,218,13,0.0,1620896.0,0.0,0.0,2648327.75,0.0,2884385.5,350692.0,1867185.125,5541722.5,0.0,9963750.0,6287053.0,8462903.0,5471870.0,3193945.25,0
1789635182.7876358,keyboard,232,9,0.0,35798940.0,0.0,0.0,0.0,0.0,0.0,11784254.0,34131976.0,21335086.0,0.0,0.0,44807060.0,0.0,33492080.0,7256534.0,0
1789635182.9521902,keyboard,232,9,39239060.0,42484152.0,0.0,0.0,0.0,0.0,21447388.0,9814293.0,0.0,0.0,2255744.5,0.0,0.0,0.0,453598.90625,1847238.5,0
1789635183.1414149,keyboard,222,12,10402850.0,10576577.0,1314731.0,0.0,0.0,0.0,0.0,6529187.5,35995240.0,8189535.5,0.0,0.0,57704096.0,18839772.0,0.0,5104377.5,0
1789635183.488376,keyboard,223,12,0.0,30078300.0,0.0,0.0,0.0,0.0,0.0,7568411.0,0.0,0.0,0.0,366109856.0,188478176.0,222709152.0,0.0,246697232.0,0
1789635183.615741,keyboard,224,9,0.0,0.0,0.0,0.0,0.0,0.0,0.0,9853113.0,28228592.0,1866343.125,31042820.0,0.0,100528040.0,0.0,161816000.0,0.0,0
1789635183.8365228,keyboard,206,9,0.0,0.0,0.0,0.0,0.0,0.0,99635008.0,237476512.0,175743616.0,0.0,0.0,0.0,0.0,127197656.0,258120736.0,438546656.0,0
1789635183.8945937,keyboard,213,11,0.0,0.0,794165.125,3179495.25,0.0,0.0,39379804.0,5251888.5,0.0,44194888.0,0.0,8460708.0,21721908.0,23470366.0,0.0,0.0,0
1789635184.0592942,keyboard,216,10,0.0,343490112.0,144351584.0,69120648.0,0.0,0.0,0.0,0.0,11081158.0,31870600.0,29500914.0,0.0,10134089.0,0.0,74820656.0,6260442.0,0
1789635185.9590473,keyboard,231,16,497185024.0,24460156.0,0.0,0.0,0.0,0.0,0.0,0.0,59877184.0,0.0,0.0,91068544.0,105209936.0,290073824.0,216599392.0,200949248.0,0
1789635186.0279279,keyboard,227,10,0.0,0.0,0.0,0.0,0.0,0.0,12914404.0,32621112.0,13207315.0,0.0,0.0,98135384.0,52192908.0,0.0,149937728.0,373625728.0,0
1789635186.1485772,keyboard,209,16,0.0,0.0,82044376.0,187271680.0,54853272.0,0.0,63218736.0,7544991.0,1993925.625,7742597.0,0.0,45610712.0,102913472.0,0.0,64968968.0,58839672.0,0
1789635187.9229913,keyboard,246,10,73169088.0,37565464.0,16068229.0,0.0,0.0,0.0,23498726.0,0.0,8479703.0,6821900.5,0.0,0.0,0.0,14847230.0,5650910.5,42314768.0,0
1789635188.1129827,keyboard,223,22,66704472.0,150856832.0,217454592.0,68192360.0,0.0,0.0,21248616.0,24349670.0,53235920.0,0.0,0.0,85686048.0,65493464.0,51528796.0,28761404.0,11231244.0,0
1789635189.3785014,keyboard,217,10,0.0,0.0,0.0,0.0,0.0,0.0,21499454.0,68926472.0,52547072.0,0.0,0.0,170892320.0,115244248.0,0.0,542552448.0,548591744.0,0
1789635189.569495,keyboard,217,4,0.0,3780968.0,0.0,0.0,2938901.5,2512947.0,0.0,0.0,3936175.5,0.0,0.0,0.0,0.0,0.0,0.0,0.0,0
1789635189.759189,keyboard,236,11,49135856.0,5740470.0,0.0,0.0,0.0,0.0,0.0,47484624.0,68903248.0,71710080.0,0.0,160395200.0,0.0,0.0,0.0,337785344.0,0
1789635189.9488266,keyboard,232,12,0.0,0.0,0.0,0.0,0.0,0.0,15448953.0,56513592.0,81560360.0,53688448.0,0.0,39938564.0,0.0,159215312.0,387170048.0,464326784.0,0
1789635190.005984,keyboard,215,4,0.0,0.0,0.0,0.0,0.0,0.0,542947.8125,0.0,0.0,0.0,0.0,0.0,28767040.0,12519652.0,0.0,0.0,0
1789635192.0056546,keyboard,234,14,0.0,69919664.0,0.0,228636656.0,336052384.0,292729664.0,74506336.0,21632232.0,0.0,22543624.0,0.0,112684560.0,488748064.0,0.0,0.0,124755064.0,0
1789635192.1959388,keyboard,236,12,0.0,54921780.0,0.0,275290944.0,212808192.0,367583872.0,201455552.0,0.0,0.0,60442896.0,0.0,0.0,636319616.0,0.0,0.0,79787888.0,0
1789635192.5757504,keyboard,217,13,0.0,0.0,0.0,0.0,198729200.0,90641760.0,139061008.0,43486832.0,38797104.0,87207616.0,0.0,0.0,81348480.0,0.0,0.0,0.0,0
1789635192.9236069,keyboard,236,17,0.0,23601110.0,124646528.0,73710624.0,264446528.0,0.0,178469056.0,82823928.0,90323848.0,158899104.0,0.0,0.0,0.0,0.0,107321720.0,0.0,0
1789635193.1135678,keyboard,224,17,0.0,19622236.0,36188472.0,0.0,150037024.0,158761280.0,115349488.0,66803180.0,90373888.0,112722480.0,0.0,0.0,0.0,0.0,302437632.0,0.0,0
1789635194.3157496,keyboard,219,9,0.0,2662797.0,3187849.5,0.0,0.0,0.0,6689907.0,1383494.5,0.0,0.0,0.0,4237396.0,65813016.0,0.0,0.0,47228856.0,0
1789635194.5085015,keyboard,246,16,324511.40625,0.0,0.0,0.0,12673490.0,3094760.25,14702684.0,9560228.0,0.0,0.0,0.0,0.0,15737545.0,31493576.0,45662748.0,12349654.0,0
1789635194.6015534,keyboard,228,14,0.0,0.0,0.0,0.0,0.0,0.0,21603450.0,9998952.0,817719.75,0.0,0.0,389654976.0,1058110080.0,989709376.0,166638368.0,147268352.0,0
1789635194.6967542,keyboard,236,11,0.0,0.0,0.0,0.0,0.0,0.0,0.0,9622916.0,9071442.0,0.0,0.0,0.0,17233834.0,40516216.0,36069972.0,98974816.0,0
1789635194.9505503,keyboard,234,3,0.0,0.0,193565.59375,0.0,0.0,0.0,0.0,0.0,0.0,0.0,0.0,1658312.625,0.0,0.0,0.0,504790.3125,0
1789635195.2370422,keyboard,50,6,3534726.0,1171738.875,0.0,390156.5625,0.0,0.0,0.0,0.0,0.0,0.0,0.0,0.0,0.0,2141824.0,0.0,7839692.0,0
1789635195.4258058,keyboard,218,4,0.0,4093995.5,0.0,0.0,0.0,0.0,0.0,0.0,0.0,0.0,0.0,0.0,0.0,0.0,240465264.0,60474132.0,0
1789635195.7736495,keyboard,228,15,0.0,0.0,0.0,0.0,0.0,0.0,0.0,111120304.0,178819232.0,409013056.0,0.0,758443712.0,1318575488.0,694550336.0,966070144.0,1717530496.0,0
1789635196.0263658,keyboard,231,11,0.0,0.0,0.0,0.0,0.0,0.0,0.0,0.0,0.0,502719360.0,0.0,0.0,706557056.0,937169664.0,530040192.0,1381879552.0,0
1789635196.0843327,keyboard,231,5,0.0,1972791.0,0.0,1143628.5,0.0,0.0,0.0,0.0,0.0,0.0,0.0,0.0,3709717.0,0.0,142755680.0,0.0,0
1789635196.3104515,keyboard,227,16,0.0,0.0,0.0,0.0,0.0,0.0,0.0,133252512.0,407160832.0,414395136.0,0.0,530120864.0,1167974784.0,903119104.0,1999118592.0,3058529024.0,0
1789635196.3684943,keyboard,227,6,0.0,0.0,0.0,0.0,0.0,0.0,0.0,0.0,0.0,33291666.0,0.0,0.0,44747496.0,167198512.0,393947392.0,76328832.0,0
1789635196.4380853,keyboard,226,11,1320078.0,0.0,2699778.5,0.0,4883365.0,0.0,5593930.5,6550554.5,953745.6875,4157267.5,0.0,0.0,26681448.0,0.0,381663264.0,52318340.0,0
1789635196.5955079,keyboard,227,13,0.0,0.0,0.0,0.0,0.0,0.0,0.0,7369502.5,0.0,164870704.0,0.0,212872736.0,837185536.0,809232256.0,1036603840.0,2134107136.0,0
1789635196.7215874,keyboard,227,4,0.0,0.0,0.0,0.0,0.0,0.0,0.0,0.0,0.0,1645898.75,0.0,0.0,10848582.0,0.0,23011928.0,30975184.0,0
1789635197.0073931,keyboard,205,10,0.0,563362.0,0.0,0.0,4938868.5,0.0,5768944.0,2843268.5,0.0,0.0,0.0,0.0,17097074.0,30614864.0,0.0,147255024.0,0
1789635197.165449,keyboard,211,22,0.0,1074593.125,0.0,0.0,0.0,0.0,9640504.0,5640881.0,13782547.0,74421312.0,128478456.0,104766256.0,837450240.0,375692896.0,481592192.0,360622464.0,0
1789635197.3545797,keyboard,213,4,0.0,0.0,0.0,0.0,0.0,0.0,0.0,0.0,0.0,0.0,0.0,0.0,0.0,6313734.5,28216614.0,51959392.0,0
1789635197.4815662,keyboard,219,9,0.0,0.0,0.0,0.0,465547.40625,0.0,0.0,11413186.0,24204630.0,14776977.0,0.0,0.0,39552668.0,0.0,12855648.0,29690724.0,0
1789635197.6400306,keyboard,208,10,0.0,0.0,951469.8125,697682.6875,0.0,0.0,2253697.25,0.0,1577545.5,12773609.0,6096909.0,0.0,23127084.0,0.0,79595224.0,192830592.0,0
1789635197.957131,keyboard,228,8,0.0,0.0,1618592.625,0.0,0.0,1290166.25,0.0,5787284.0,12985460.0,34437268.0,0.0,0.0,0.0,0.0,0.0,63323224.0,0
1789635198.0141726,keyboard,203,7,0.0,0.0,0.0,0.0,0.0,0.0,0.0,0.0,456293.90625,539229.6875,0.0,0.0,11907932.0,13335328.0,29457878.0,13052347.0,0
1789635198.1152349,keyboard,206,15,0.0,0.0,2493230.5,0.0,0.0,0.0,16132144.0,13704688.0,9136628.0,3308313.75,0.0,8786673.0,56105364.0,0.0,524725792.0,185592608.0,0
1789635198.243281,keyboard,225,6,0.0,0.0,0.0,0.0,0.0,0.0,95878224.0,15493671.0,0.0,0.0,0.0,0.0,0.0,0.0,0.0,36215088.0,0
1789635198.4009943,keyboard,212,10,0.0,0.0,0.0,0.0,0.0,0.0,0.0,16031456.0,14521756.0,28814388.0,0.0,62479400.0,95442240.0,0.0,63701956.0,36066464.0,0
1789635198.6534607,keyboard,228,13,0.0,0.0,0.0,0.0,0.0,0.0,0.0,1486274.625,0.0,66330496.0,0.0,95230976.0,169124448.0,302729216.0,229694048.0,678845312.0,0
1789635198.8112195,keyboard,202,13,0.0,1491036.375,596299.25,0.0,15608310.0,0.0,11563346.0,12309750.0,11056571.0,9157928.0,0.0,0.0,0.0,0.0,303230176.0,400903040.0,0
1789635198.9709697,keyboard,226,11,0.0,0.0,0.0,0.0,0.0,0.0,24966392.0,0.0,31894240.0,51726624.0,0.0,0.0,262249776.0,167267040.0,288029184.0,824174400.0,0
1789635199.287714,keyboard,217,12,0.0,4793095.5,0.0,0.0,0.0,0.0,0.0,6087498.0,0.0,1909955.0,0.0,17002716.0,66353756.0,174769504.0,295928096.0,351267744.0,0
1789635199.4453368,keyboard,228,3,0.0,0.0,3636156.5,0.0,1090683.75,0.0,0.0,0.0,0.0,0.0,0.0,0.0,0.0,0.0,0.0,88299120.0,0
1789635199.6030557,keyboard,218,9,0.0,0.0,0.0,0.0,0.0,0.0,0.0,1225499.625,0.0,0.0,0.0,4281060.5,25684728.0,23551166.0,187714272.0,95112272.0,0
1789635199.761579,keyboard,225,12,0.0,0.0,0.0,0.0,0.0,0.0,0.0,0.0,199247.75,3156886.5,1345554.125,0.0,0.0,95750648.0,52254980.0,26279016.0,0
1789635199.920384,keyboard,226,15,0.0,0.0,0.0,0.0,0.0,0.0,0.0,65709096.0,168413280.0,224111792.0,0.0,108695128.0,168019600.0,328182336.0,344650048.0,961862528.0,0
1789635200.5217102,keyboard,216,12,0.0,0.0,0.0,0.0,0.0,0.0,2760293.0,1790922.5,20423556.0,10906051.0,0.0,0.0,119597888.0,0.0,92422512.0,82816400.0,0
1789635200.869799,keyboard,198,9,0.0,0.0,0.0,0.0,0.0,0.0,0.0,5095701.5,1309068.125,3580866.0,9030780.0,2599529.25,31123426.0,0.0,0.0,0.0,0
1789635201.7243154,keyboard,211,12,0.0,0.0,0.0,0.0,0.0,5287726.5,24779792.0,14754340.0,3631722.75,0.0,0.0,0.0,126603504.0,0.0,398221440.0,459733760.0,0
1789635202.6435778,keyboard,233,20,0.0,0.0,195078.484375,0.0,4238264.5,6368812.5,8527560.0,8433909.0,11282784.0,7734260.5,15332608.0,21911942.0,57680920.0,91375872.0,34615944.0,0.0,0
1789635202.8648012,keyboard,244,5,0.0,4116174.5,0.0,1629308.125,0.0,0.0,2403968.25,0.0,2493791.0,0.0,0.0,0.0,14090264.0,0.0,0.0,0.0,0
1789635203.054903,keyboard,242,8,0.0,451220.25,0.0,733571.375,0.0,7078239.0,4191330.0,0.0,0.0,0.0,0.0,0.0,18628944.0,0.0,0.0,60624944.0,0
1789635203.4032366,keyboard,228,14,0.0,0.0,0.0,0.0,0.0,0.0,0.0,13462848.0,24581882.0,21471274.0,0.0,26846088.0,69197456.0,66135276.0,34797884.0,27325164.0,0
1789635203.4604087,keyboard,217,7,0.0,0.0,0.0,0.0,0.0,0.0,4045855.75,0.0,0.0,12510978.0,0.0,0.0,9667538.0,12364914.0,100877200.0,98832680.0,0
1789635203.6554956,keyboard,215,13,0.0,3273305.0,8741714.0,17772450.0,0.0,0.0,0.0,20549568.0,9733495.0,36167436.0,0.0,90236672.0,153889440.0,0.0,1962302592.0,1413638656.0,0
1789635203.8782456,keyboard,230,14,0.0,0.0,0.0,0.0,7830143.0,1718744.5,1622245.0,9682505.0,0.0,11346262.0,4046769.0,0.0,45977044.0,35766800.0,126469824.0,67656968.0,0
1789635203.936893,keyboard,229,4,0.0,4342587.5,0.0,0.0,0.0,245781.53125,0.0,0.0,1242134.125,0.0,0.0,1236428.125,0.0,0.0,0.0,0.0,0
1789635204.0992315,keyboard,240,7,0.0,0.0,724133.1875,0.0,0.0,4059964.5,3473365.0,0.0,0.0,0.0,0.0,18792680.0,9782842.0,27470478.0,0.0,3319768.25,0
1789635204.157048,keyboard,217,11,0.0,1086906.0,0.0,0.0,0.0,0.0,8354108.0,0.0,17142488.0,0.0,0.0,0.0,84187160.0,68771672.0,152780240.0,119621800.0,0
1789635204.2319732,keyboard,217,12,0.0,0.0,9297018.0,0.0,0.0,2954732.75,0.0,11178045.0,1788669.25,0.0,5153290.0,0.0,14171549.0,63578628.0,11363429.0,5586116.5,0
1789635204.319846,keyboard,225,13,0.0,0.0,0.0,0.0,0.0,0.0,81675840.0,0.0,118677232.0,117723168.0,0.0,0.0,371551264.0,391891488.0,1266691584.0,2519673344.0,0
1789635204.415326,keyboard,225,13,0.0,0.0,0.0,0.0,0.0,0.0,10289198.0,62138316.0,20410480.0,135101680.0,0.0,0.0,169464128.0,12179364.0,22435516.0,110858536.0,0
1789635204.5102808,keyboard,225,11,0.0,0.0,0.0,0.0,0.0,3358654.0,16068983.0,0.0,7567747.5,20385574.0,19557180.0,14438423.0,0.0,0.0,958750912.0,48170072.0,0
1789635204.55626,keyboard,217,11,0.0,1403099.75,444455.1875,0.0,0.0,0.0,2691204.5,0.0,0.0,16869932.0,0.0,0.0,93876520.0,0.0,214896288.0,25384648.0,0
1789635204.6384706,keyboard,217,3,0.0,0.0,0.0,0.0,0.0,3624304.5,0.0,0.0,2009665.5,0.0,0.0,0.0,13510588.0,0.0,0.0,0.0,0
1789635204.7318654,keyboard,211,6,0.0,0.0,0.0,0.0,0.0,0.0,12238730.0,11135049.0,0.0,0.0,0.0,0.0,30443794.0,41648544.0,76126280.0,68109056.0,0
1789635204.7898343,keyboard,214,12,0.0,2209081.5,6218723.5,0.0,0.0,4126215.25,0.0,0.0,1189607.5,0.0,6893908.0,32206808.0,25619976.0,0.0,0.0,95835304.0,0
1789635204.8523188,keyboard,217,13,0.0,0.0,0.0,2067756.625,370886.28125,300205.71875,0.0,6095657.0,1189006.875,2167585.0,0.0,0.0,519770.6875,0.0,12530142.0,17462516.0,0
1789635204.9539793,keyboard,226,18,0.0,0.0,0.0,0.0,0.0,22283584.0,46338384.0,28547024.0,49924968.0,57936048.0,0.0,0.0,393297952.0,739144704.0,1176953088.0,1122768256.0,0
1789635205.0224743,keyboard,225,8,0.0,0.0,0.0,0.0,254665.125,0.0,0.0,0.0,679380.6875,12083699.0,0.0,0.0,0.0,0.0,115055816.0,242160000.0,0
1789635205.144151,keyboard,221,7,0.0,0.0,1237465.125,0.0,0.0,0.0,0.0,17309414.0,16951892.0,0.0,0.0,0.0,45618672.0,39160100.0,0.0,91508144.0,0
1789635205.3647683,keyboard,222,13,0.0,0.0,0.0,0.0,7250319.0,26062034.0,0.0,12145681.0,11215284.0,0.0,0.0,0.0,338419648.0,59513060.0,0.0,145083024.0,0
1789635205.4602542,keyboard,219,11,0.0,0.0,0.0,0.0,0.0,0.0,0.0,0.0,8479541.0,53135288.0,0.0,76191616.0,567335040.0,360683264.0,96671392.0,198117280.0,0
1789635205.5869339,keyboard,225,16,0.0,0.0,3392569.25,0.0,0.0,0.0,41544220.0,0.0,13208694.0,41204464.0,0.0,92669696.0,1555607296.0,3467982080.0,2715352576.0,1704891904.0,0
1789635205.7141783,keyboard,225,8,0.0,0.0,0.0,4269682.5,0.0,0.0,9074218.0,0.0,0.0,0.0,0.0,0.0,170226912.0,60169816.0,9539383.0,32357366.0,0
1789635205.7774656,keyboard,225,8,0.0,0.0,0.0,0.0,572279.75,0.0,1142316.5,0.0,3432449.0,5113193.5,0.0,0.0,0.0,12124682.0,0.0,15640978.0,0
1789635205.823973,keyboard,226,4,0.0,0.0,0.0,0.0,0.0,0.0,1455507.5,0.0,0.0,163297.515625,0.0,0.0,0.0,0.0,0.0,17237424.0,0
1789635205.9029183,keyboard,215,15,0.0,0.0,0.0,0.0,0.0,0.0,2020910.5,741507.125,942518.0625,2681120.5,0.0,0.0,10748692.0,71785808.0,103128640.0,115658560.0,0
1789635206.062155,keyboard,222,13,0.0,0.0,0.0,0.0,0.0,0.0,34027992.0,0.0,0.0,12756698.0,0.0,66135032.0,370237696.0,1002170752.0,1031831936.0,1119378304.0,0
1789635206.252678,keyboard,222,7,0.0,0.0,0.0,0.0,0.0,0.0,0.0,0.0,4953184.5,5511501.0,0.0,0.0,49594744.0,24632848.0,0.0,11247473.0,0
1789635206.3773966,keyboard,240,12,0.0,0.0,0.0,683240.0,0.0,0.0,0.0,9581534.0,15532634.0,17205792.0,0.0,25972312.0,142388960.0,12802230.0,20396032.0,84016352.0,0
1789635206.472691,keyboard,217,10,0.0,0.0,0.0,0.0,0.0,0.0,3008673.0,0.0,7165421.0,0.0,0.0,3407710.0,7420424.0,44980892.0,35262616.0,104346640.0,0
1789635206.531073,keyboard,217,11,0.0,1392212.5,1514812.5,0.0,1096965.25,696917.375,0.0,4351040.0,26176224.0,8612590.0,0.0,0.0,50762856.0,0.0,9092604.0,0.0,0
1789635206.600078,keyboard,211,11,0.0,2321713.25,0.0,0.0,2252074.25,0.0,0.0,0.0,9642759.0,28359964.0,0.0,0.0,12408366.0,9669158.0,43816324.0,43687072.0,0
1789635206.6697035,keyboard,220,9,0.0,0.0,0.0,0.0,0.0,0.0,3420675.0,0.0,0.0,0.0,0.0,8633720.0,4856861.0,9929712.0,47410608.0,27548860.0,0
1789635206.7897968,keyboard,222,11,0.0,0.0,0.0,0.0,0.0,0.0,2187566.75,27172616.0,1257731.625,6640902.0,0.0,85983888.0,454167424.0,0.0,164311936.0,113049472.0,0
1789635206.8472228,keyboard,224,10,0.0,13506049.0,0.0,0.0,0.0,0.0,9803655.0,15452540.0,0.0,0.0,0.0,27911564.0,43551340.0,0.0,124346392.0,110730232.0,0
1789635206.9200904,keyboard,245,15,0.0,0.0,2104186.5,1345999.625,2544032.0,5596477.5,0.0,0.0,5714108.0,15963957.0,0.0,40859236.0,46784112.0,21016900.0,69411952.0,16101095.0,0
1789635207.139212,keyboard,245,3,0.0,0.0,0.0,0.0,0.0,0.0,0.0,0.0,0.0,0.0,0.0,0.0,489979168.0,0.0,0.0,73097968.0,0
1789635207.1403427,keyboard,201,11,5125436.0,0.0,0.0,0.0,714166.0,0.0,9915885.0,17041290.0,42385852.0,25611988.0,0.0,0.0,0.0,160922064.0,138676592.0,0.0,0
1789635207.3602564,keyboard,232,18,0.0,2417179.25,0.0,0.0,0.0,0.0,5114515.0,17055840.0,26389818.0,50734664.0,0.0,0.0,44016512.0,67491128.0,67477520.0,103601728.0,0
1789635207.5822453,keyboard,236,10,0.0,0.0,0.0,0.0,0.0,0.0,2020053.875,0.0,46676204.0,68087176.0,0.0,5053449.5,154782448.0,207239264.0,76536384.0,111975776.0,0
1789635207.7713838,keyboard,232,12,0.0,210405.4375,439693.875,0.0,0.0,610040.5,575280.625,0.0,0.0,28052964.0,0.0,0.0,0.0,12660995.0,38403708.0,33453462.0,0
1789635207.9609568,keyboard,244,12,0.0,0.0,0.0,0.0,0.0,1455777.125,0.0,0.0,4632383.0,15052757.0,0.0,48734160.0,44295796.0,46213072.0,0.0,2629878.0,0
1789635208.0196588,keyboard,214,11,0.0,0.0,0.0,0.0,0.0,0.0,5257102.0,6535493.0,15929353.0,31590482.0,0.0,0.0,0.0,63463292.0,177301760.0,38178860.0,0
1789635208.2149353,keyboard,221,7,0.0,0.0,0.0,0.0,0.0,0.0,0.0,0.0,0.0,1098287.0,0.0,6956314.5,11502010.0,4344795.0,0.0,33912664.0,0
1789635208.3093934,keyboard,230,12,0.0,7675845.5,1430152.25,8112375.5,0.0,0.0,20449796.0,37773896.0,36696968.0,198664496.0,0.0,0.0,0.0,0.0,31516920.0,5052601.5,0
1789635208.43479,keyboard,204,6,0.0,0.0,0.0,0.0,0.0,0.0,12151866.0,5625605.0,0.0,0.0,0.0,0.0,0.0,0.0,696054912.0,188205136.0,0
1789635208.5047512,keyboard,233,12,0.0,0.0,0.0,0.0,0.0,2045619.25,0.0,9134124.0,13360082.0,182350944.0,0.0,0.0,0.0,43141776.0,135583168.0,60721200.0,0
1789635208.8794615,keyboard,241,6,0.0,1694525.25,0.0,0.0,0.0,0.0,0.0,3146063.5,0.0,20229936.0,0.0,0.0,0.0,0.0,2291897.25,9509689.0,0
1789635208.9749877,keyboard,225,9,4564080.0,2870610.5,0.0,0.0,0.0,0.0,33569996.0,0.0,9959044.0,151680592.0,0.0,0.0,70129288.0,0.0,0.0,134371392.0,0
1789635209.4164708,keyboard,206,6,0.0,0.0,0.0,0.0,0.0,0.0,0.0,1610527.125,961244.5,0.0,0.0,0.0,3323857.5,0.0,207462560.0,275896320.0,0
1789635209.8297715,keyboard,224,6,0.0,0.0,0.0,0.0,0.0,0.0,0.0,0.0,0.0,6998779.0,0.0,26105280.0,0.0,0.0,19483012.0,105039416.0,0
1789635214.8947172,keyboard,69,3,0.0,0.0,0.0,0.0,0.0,0.0,0.0,0.0,0.0,5476261.5,0.0,0.0,71356536.0,11660492.0,0.0,0.0,0
1789635214.8957162,keyboard,11,4,0.0,242393408.0,1800210.5,0.0,0.0,0.0,8225019.0,0.0,0.0,0.0,8823591.0,0.0,0.0,0.0,0.0,0.0,0
1789635215.0856187,keyboard,163,3,0.0,0.0,0.0,0.0,0.0,0.0,0.0,26484338.0,0.0,0.0,31277808.0,55952636.0,0.0,0.0,0.0,0.0,0
1789635215.2748551,keyboard,92,4,0.0,0.0,8844848.0,0.0,0.0,0.0,0.0,0.0,0.0,0.0,0.0,0.0,0.0,309016384.0,0.0,0.0,0
1789635218.3452024,keyboard,296,19,2704640.0,0.0,314866.1875,7611289.0,8521762.0,2792667.0,3056313.5,0.0,6548955.5,1033323.5,1182986.25,414359.3125,5286433.0,2407992.5,0.0,0.0,0
1789635218.417482,keyboard,306,28,1983764.25,4354411.0,4085427.5,1148213.375,2352959.75,1014359.3125,2830140.0,7624684.0,3659242.75,2016178.25,1198568.75,1494134.75,8947170.0,20024364.0,5218623.0,5714897.0,0
1789635218.47974,keyboard,306,5,0.0,0.0,0.0,0.0,4326571.5,0.0,0.0,0.0,819458.875,0.0,0.0,0.0,741402.75,0.0,1012697.5625,0.0,0
1789635218.5992677,keyboard,291,25,0.0,2665285.75,12616739.0,24391378.0,16420614.0,11783760.0,7769547.5,21023856.0,18163924.0,13608558.0,0.0,198838400.0,180887040.0,41218496.0,6597325.0,34499704.0,0
1789635218.7580168,keyboard,290,17,1334889.625,0.0,2270564.0,0.0,0.0,708236.875,933840.875,2533555.5,1525063.0,5677245.0,0.0,9634692.0,1230359.5,14372580.0,7475463.0,0.0,0
1789635218.9471667,keyboard,291,26,1041379.375,4378729.0,5816642.0,9122164.0,1740003.0,2582366.75,6963065.0,4947540.5,6221151.5,4751634.0,3387603.0,4615141.0,3883859.0,6629801.0,2113253.25,12422584.0,0
1789635219.0431433,keyboard,288,26,0.0,6624400.5,115732912.0,150081360.0,90964056.0,0.0,12520164.0,15590836.0,10317715.0,8879538.0,0.0,4101979.75,2682945.0,23349176.0,4415889.5,7691775.5,0
1789635219.1374037,keyboard,280,23,28464986.0,28650514.0,10801699.0,0.0,0.0,5011089.5,35001204.0,3830215.0,12187671.0,57615792.0,26970556.0,127399368.0,119580240.0,38097296.0,0.0,0.0,0
1789635219.3266518,keyboard,283,17,0.0,0.0,110092824.0,0.0,0.0,0.0,53832352.0,11616599.0,101434208.0,387375872.0,100387488.0,378835264.0,644171456.0,367541728.0,0.0,0.0,0
1789635219.5175033,keyboard,288,20,0.0,131523736.0,0.0,0.0,0.0,0.0,80501632.0,46082696.0,114190816.0,564984448.0,153417408.0,575877632.0,522207840.0,402263616.0,0.0,0.0,0
1789635219.7076032,keyboard,288,22,0.0,23713762.0,4062315.5,0.0,0.0,4459265.5,8110144.0,14999129.0,8754726.0,13406300.0,18570962.0,55272336.0,29754054.0,37980976.0,51340320.0,42636104.0,0
1789635219.8971832,keyboard,296,16,0.0,0.0,0.0,0.0,0.0,3285985.75,78857856.0,54375076.0,0.0,89081024.0,0.0,0.0,25004846.0,54207192.0,51558608.0,38465216.0,0
1789635221.6085982,keyboard,310,11,0.0,0.0,0.0,16609496.0,0.0,0.0,0.0,0.0,0.0,49028592.0,34427768.0,3655621.75,0.0,34962712.0,39061776.0,23806004.0,0
1789635221.701842,keyboard,284,18,0.0,0.0,0.0,0.0,3371575.5,707524.625,640366.875,2298480.5,743062.75,8006873.0,4760355.5,3109012.75,4196871.5,5745825.0,2800263.5,3811049.0,0
1789635221.8263404,keyboard,304,10,0.0,0.0,0.0,37579364.0,21351648.0,18932744.0,9500054.0,9888326.0,0.0,0.0,0.0,3825325.5,0.0,0.0,43599512.0,22500040.0,0
1789635221.9011707,keyboard,295,13,884502.75,0.0,0.0,0.0,0.0,0.0,0.0,0.0,5830209.0,1030118.375,1285170.875,0.0,1645528.25,10546294.0,7637809.5,2091680.0,0
1789635221.9642467,keyboard,19,4,0.0,0.0,0.0,0.0,0.0,6278040.0,2002638.0,2286151.5,0.0,0.0,0.0,0.0,0.0,0.0,0.0,0.0,0
1789635222.0265372,keyboard,295,8,5142398.0,0.0,0.0,0.0,0.0,0.0,1999867.5,1939695.5,0.0,828016.75,0.0,0.0,0.0,1096382.5,0.0,189314.78125,0
1789635222.2089298,keyboard,287,12,0.0,0.0,0.0,0.0,19186748.0,0.0,30171168.0,0.0,0.0,21379440.0,0.0,3338530.0,13523094.0,0.0,101068720.0,52311932.0,0
1789635222.398215,keyboard,288,17,0.0,0.0,0.0,0.0,0.0,0.0,6941719.0,8103995.0,1790646.75,732580.375,0.0,3647348.0,6351413.5,25161388.0,15022448.0,20325732.0,0
1789635222.588409,keyboard,287,8,0.0,0.0,0.0,0.0,0.0,0.0,527014.3125,0.0,197343.09375,879307.0,63516.5859375,0.0,0.0,245958.015625,0.0,0.0,0
1789635222.8099809,keyboard,282,17,0.0,0.0,0.0,63654452.0,160726896.0,132667792.0,90411072.0,0.0,76449952.0,0.0,0.0,98120992.0,221639312.0,182284864.0,43152412.0,0.0,0
1789635223.0011654,keyboard,304,17,0.0,11574337.0,0.0,0.0,0.0,25765108.0,0.0,0.0,0.0,45586336.0,52950448.0,4093663.5,15399080.0,50391544.0,29540986.0,13653864.0,0
1789635223.1924405,keyboard,302,15,1410061.125,0.0,0.0,0.0,375811.0625,555599.375,0.0,292939.96875,379412.1875,0.0,1720250.125,1934932.0,1212994.5,5365901.0,3892467.0,1514684.125,0
1789635223.4127007,keyboard,284,14,0.0,0.0,0.0,0.0,4207300.5,5498395.0,19712420.0,9125852.0,0.0,6075919.5,0.0,2483173.75,0.0,7927998.5,1017656.4375,3292992.25,0
1789635223.602402,keyboard,271,17,0.0,0.0,0.0,0.0,44966952.0,59978348.0,46341860.0,0.0,0.0,75891912.0,6583708.0,0.0,77216536.0,21773540.0,18217878.0,17458870.0,0
1789635223.7929394,keyboard,297,18,0.0,0.0,0.0,1072748.5,1746836.0,971963.6875,7640123.0,4812523.5,4553137.5,1677065.25,0.0,1111769.875,0.0,20547140.0,11355742.0,7098891.0,0
1789635224.0140836,keyboard,283,13,0.0,0.0,0.0,0.0,75659728.0,159339472.0,135996704.0,0.0,0.0,0.0,0.0,0.0,43822676.0,14496740.0,58586740.0,62197344.0,0
1789635224.2048454,keyboard,304,15,0.0,0.0,0.0,0.0,0.0,0.0,17112988.0,20237764.0,0.0,0.0,0.0,20894440.0,2233280.75,117693888.0,12278076.0,32686022.0,0
1789635224.4258718,keyboard,301,9,0.0,0.0,0.0,0.0,0.0,4407358.0,10163349.0,6574570.5,988602.125,2159170.0,0.0,9569697.0,0.0,1308546.75,557702.875,0.0,0
1789635225.2490284,keyboard,313,23,0.0,0.0,28598940.0,82486128.0,165119776.0,0.0,0.0,0.0,88715296.0,811197952.0,261779104.0,680637824.0,694354432.0,667700288.0,545072320.0,181170496.0,0
1789635225.4388893,keyboard,308,25,0.0,0.0,31879920.0,74848528.0,143171184.0,0.0,0.0,0.0,69409680.0,437353216.0,286862944.0,838068672.0,636126464.0,496159872.0,291530368.0,176378560.0,0
1789635225.6287165,keyboard,309,23,0.0,0.0,0.0,1529023.125,11844391.0,9393990.0,4986257.0,0.0,5226146.0,5300942.0,10117326.0,12056591.0,5493135.5,37934312.0,6804024.5,10471552.0,0
1789635225.8503983,keyboard,301,5,0.0,8185149.0,0.0,0.0,0.0,0.0,0.0,0.0,0.0,2607204.75,0.0,0.0,1017693.125,5816871.5,0.0,0.0,0
1789635226.0080674,keyboard,304,29,0.0,6494260.0,0.0,2807925.0,7386358.5,1596919.75,5262410.5,4753415.0,10962111.0,3749553.75,20144920.0,23413724.0,8874956.0,12530844.0,12934052.0,20227866.0,0
1789635226.6408477,keyboard,301,24,3422864.25,0.0,9769892.0,31273112.0,4774932.0,2805382.0,7230063.0,13603898.0,4678470.5,33084508.0,20861328.0,10223490.0,45659416.0,26617904.0,9179509.0,10455078.0,0
1789635226.8635457,keyboard,315,14,5195820.5,0.0,0.0,0.0,24211750.0,13126487.0,10681320.0,0.0,0.0,24275708.0,76645152.0,143577888.0,0.0,13795107.0,9021669.0,3471320.5,0
1789635227.0532987,keyboard,315,20,0.0,16116104.0,17413140.0,41594928.0,45484056.0,13896470.0,0.0,0.0,0.0,15826746.0,148937712.0,242446400.0,0.0,25297428.0,61881816.0,24999286.0,0
1789635227.2437935,keyboard,315,25,0.0,0.0,50584880.0,0.0,56166736.0,6975445.5,2402092.5,2370954.5,904702.375,17597636.0,8182976.0,0.0,4481272.0,20038642.0,9820974.0,41885288.0,0
1789635227.4650629,keyboard,311,23,32292640.0,5055506.5,0.0,0.0,112524128.0,12750056.0,3848071.0,0.0,0.0,24328108.0,42733060.0,49586572.0,0.0,262492832.0,135857536.0,70356576.0,0
1789635227.9079378,keyboard,293,23,0.0,12928634.0,0.0,0.0,0.0,67782800.0,16582193.0,86049312.0,43085640.0,30419058.0,75189520.0,512001888.0,98227984.0,39106904.0,64277252.0,62370480.0,0
1789635228.096853,keyboard,295,23,1213547.25,37633352.0,0.0,0.0,0.0,0.0,27452094.0,29209398.0,41336696.0,121827776.0,85579856.0,56044228.0,152137792.0,136388528.0,120368368.0,70949792.0,0
1789635228.157029,keyboard,298,9,0.0,4015040.5,0.0,1539654.0,490077.5,0.0,4763301.0,337965.0,0.0,0.0,0.0,0.0,781272.125,699104.9375,0.0,1175539.75,0
1789635228.319006,keyboard,306,19,0.0,0.0,934301.3125,0.0,0.0,912208.3125,1399440.25,1212882.75,130665.5390625,19427784.0,10920064.0,750685.125,1841690.625,17391780.0,19773580.0,5495618.0,0
1789635228.5399077,keyboard,304,20,0.0,0.0,0.0,13416316.0,30864640.0,20115756.0,13567383.0,9647998.0,28678320.0,63599936.0,16139612.0,0.0,4807552.5,49943032.0,6393275.0,0.0,0
1789635228.7615268,keyboard,282,13,20804962.0,37508264.0,0.0,0.0,0.0,9081821.0,14321223.0,13125404.0,0.0,0.0,0.0,311763648.0,50345080.0,104665584.0,10119226.0,0.0,0
1789635228.9838305,keyboard,304,15,20013530.0,0.0,0.0,0.0,15492456.0,10286785.0,0.0,0.0,13339004.0,59955404.0,24781846.0,40318032.0,0.0,66850528.0,3821245.0,0.0,0
1789635229.205099,keyboard,302,18,13805586.0,18739936.0,0.0,0.0,0.0,1754522.5,1112694.25,0.0,4151678.75,29883444.0,21443136.0,0.0,20089932.0,34755272.0,11010502.0,11884570.0,0
1789635229.4257436,keyboard,304,12,11331749.0,0.0,0.0,5439440.0,3737805.0,0.0,13679277.0,6676209.0,4548027.0,0.0,23058180.0,0.0,0.0,3938476.0,7818330.0,0.0,0
1789635229.6794434,keyboard,310,24,0.0,0.0,15584594.0,230386240.0,273703392.0,31722512.0,0.0,16553344.0,0.0,169795200.0,96230968.0,228417408.0,211455584.0,120924896.0,71595200.0,49639760.0,0
1789635230.3763273,keyboard,289,16,0.0,4894879.0,1833046.75,9640748.0,0.0,0.0,8823559.0,11009467.0,7297794.0,0.0,0.0,27928948.0,23561956.0,4318785.0,8867514.0,2676392.25,0
1789635230.5975552,keyboard,308,16,0.0,0.0,14388818.0,0.0,0.0,0.0,0.0,37800072.0,43917832.0,239054640.0,173307376.0,195886560.0,98850192.0,23603088.0,43669964.0,118703344.0,0
1789635231.071809,keyboard,288,16,0.0,16094647.0,40279488.0,0.0,0.0,99929248.0,0.0,3730320.25,0.0,24266362.0,0.0,232799904.0,176499968.0,165487696.0,0.0,66654100.0,0
1789635231.3253005,keyboard,286,14,0.0,47536844.0,0.0,0.0,26533604.0,32712506.0,0.0,0.0,25856000.0,0.0,0.0,84613928.0,285938240.0,364279872.0,306681984.0,0.0,0
1789635232.3059974,keyboard,306,16,0.0,0.0,1238888.125,0.0,194457.40625,1329980.125,2062477.0,526962.375,364974.625,3858272.25,0.0,0.0,10680864.0,7787863.0,728463.1875,0.0,0
1789635232.4969084,keyboard,311,19,5976631.5,36759160.0,15104355.0,40645768.0,0.0,23108858.0,0.0,9449714.0,48780224.0,28498696.0,52207768.0,20404728.0,0.0,0.0,56947040.0,0.0,0
1789635232.7190177,keyboard,310,25,7194493.0,0.0,0.0,97451424.0,160096256.0,55130336.0,14745279.0,33487406.0,61260680.0,134353824.0,126773584.0,252850800.0,37925888.0,213570960.0,43523084.0,125595296.0,0
1789635232.9403226,keyboard,312,12,0.0,0.0,0.0,0.0,49698080.0,62910760.0,14613039.0,0.0,5778921.0,312003680.0,46788840.0,0.0,20446690.0,0.0,8186033.0,0.0,0
1789635233.161761,keyboard,283,18,9060729.0,21915524.0,0.0,9583470.0,0.0,0.0,20255628.0,24037156.0,8037824.5,0.0,0.0,0.0,59372728.0,130705016.0,12145948.0,14734906.0,0
1789635233.38376,keyboard,295,24,83342136.0,53551032.0,82461880.0,0.0,0.0,29548100.0,60592416.0,163906368.0,121580072.0,575250048.0,0.0,77239680.0,229445136.0,225150304.0,240717760.0,288215424.0,0
1789635233.6045647,keyboard,301,17,0.0,0.0,15312017.0,68258808.0,92381536.0,74086800.0,8287605.0,0.0,20181312.0,0.0,0.0,129746176.0,265871456.0,534441728.0,335086432.0,106395424.0,0
1789635233.8262084,keyboard,303,20,0.0,17891126.0,7649389.0,46385300.0,81791968.0,22034818.0,6731519.5,4732052.5,0.0,158764224.0,51875744.0,69137968.0,0.0,25104236.0,64339200.0,47503812.0,0
1789635234.0481298,keyboard,289,11,0.0,0.0,0.0,0.0,1739091.75,1868834.75,16751026.0,8063598.0,0.0,0.0,0.0,0.0,929277.75,44048576.0,18365160.0,0.0,0
1789635234.300216,keyboard,274,13,78182960.0,10369105.0,0.0,0.0,0.0,82500672.0,48700848.0,0.0,12913836.0,45217080.0,0.0,44991440.0,31925752.0,19528012.0,0.0,0.0,0
1789635234.5231473,keyboard,307,16,0.0,0.0,0.0,0.0,126600936.0,0.0,0.0,11173544.0,6356955.5,90159456.0,0.0,101754176.0,0.0,12461880.0,63800712.0,45566256.0,0
1789635234.7438068,keyboard,294,16,0.0,0.0,0.0,0.0,0.0,0.0,132526688.0,29535408.0,0.0,307929344.0,187350432.0,130525664.0,97682232.0,13528861.0,70655272.0,62689536.0,0
1789635234.9665272,keyboard,304,18,0.0,19960074.0,0.0,57612848.0,0.0,0.0,36437312.0,22143922.0,11229674.0,127626072.0,65191248.0,4594537.0,5463745.0,44867928.0,33448196.0,8211115.0,0
1789635235.2190459,keyboard,304,11,0.0,0.0,0.0,3330860.0,0.0,501906.0,0.0,0.0,1093998.875,0.0,2376934.0,3921174.25,3840484.0,985096.5625,309081.90625,381969.9375,0
1789635235.4407368,keyboard,313,14,0.0,0.0,0.0,13411196.0,58199944.0,44268308.0,29774916.0,0.0,10278334.0,79240880.0,11363642.0,0.0,0.0,10488677.0,0.0,0.0,0
1789635235.662389,keyboard,297,23,52145236.0,4323719.5,18387104.0,45290604.0,0.0,29487604.0,63738248.0,37631816.0,5114355.5,8692246.0,181016496.0,106389200.0,56376148.0,31659088.0,28331166.0,41441040.0,0
1789635235.8838334,keyboard,307,21,0.0,0.0,19122472.0,15045421.0,3848804.0,12892230.0,0.0,0.0,1470055.25,7160865.0,5001204.5,9463325.0,5930537.0,4125553.25,4935950.5,14068906.0,0
1789635236.1057165,keyboard,299,24,28324892.0,18362100.0,0.0,0.0,7110879.0,6393571.0,14230372.0,0.0,33946188.0,30365952.0,65091104.0,53470632.0,49203896.0,89056448.0,13713299.0,40494240.0,0
1789635236.3589933,keyboard,317,17,0.0,0.0,0.0,33039918.0,105627288.0,29275202.0,0.0,0.0,0.0,21422992.0,12658840.0,81148712.0,0.0,39456008.0,16493324.0,8705918.0,0
1789635236.5810826,keyboard,314,16,0.0,0.0,0.0,0.0,0.0,1084309.875,46444088.0,81180832.0,63872064.0,12650404.0,46847232.0,0.0,118285328.0,34407952.0,40933188.0,12957352.0,0
1789635236.8328328,keyboard,302,19,0.0,54817920.0,0.0,0.0,0.0,18245498.0,0.0,0.0,0.0,810038336.0,353654784.0,2114793728.0,626219648.0,683181824.0,454277280.0,214217760.0,0
1789635237.0865145,keyboard,302,8,0.0,0.0,0.0,0.0,0.0,0.0,9390178.0,0.0,4265738.0,56295736.0,0.0,0.0,0.0,5676400.0,0.0,17069898.0,0
1789635237.3069327,keyboard,279,11,75133104.0,0.0,0.0,0.0,0.0,0.0,10221871.0,6022633.5,6722528.0,1963138.5,0.0,41890792.0,39910544.0,1689044.125,0.0,4386610.5,0
1789635237.5298798,keyboard,305,18,0.0,0.0,0.0,0.0,0.0,0.0,0.0,35934508.0,0.0,544075520.0,252527296.0,339979520.0,334413696.0,100108480.0,215925792.0,68225552.0,0
1789635237.750678,keyboard,305,12,0.0,0.0,0.0,0.0,0.0,0.0,0.0,10924944.0,4082910.5,5357365.0,3522151.5,7514856.0,4793102.5,1828746.25,0.0,10140505.0,0
1789635237.7957153,keyboard,292,8,0.0,0.0,0.0,0.0,663068.25,0.0,0.0,2330010.75,2616331.75,14539563.0,0.0,0.0,0.0,2058355.5,0.0,0.0,0
1789635237.8766892,keyboard,289,14,0.0,0.0,0.0,0.0,0.0,0.0,0.0,1943480.25,9610833.0,40417732.0,56512392.0,33938200.0,3844724.0,50594840.0,22383370.0,61292200.0,0
1789635238.0052297,keyboard,289,11,0.0,223679840.0,0.0,0.0,0.0,70573776.0,117446840.0,0.0,0.0,0.0,0.0,18610172.0,36245772.0,16868458.0,10964298.0,0.0,0
1789635238.2263095,keyboard,303,13,0.0,49769420.0,0.0,0.0,19893072.0,0.0,0.0,0.0,11439967.0,275079136.0,59696288.0,22648240.0,28718724.0,50949684.0,30278552.0,0.0,0
1789635238.4473681,keyboard,302,9,0.0,0.0,0.0,0.0,0.0,0.0,0.0,9959059.0,12570030.0,0.0,0.0,0.0,0.0,9822126.0,11247830.0,26341686.0,0
1789635238.5071087,keyboard,330,3,0.0,26163362.0,0.0,0.0,0.0,0.0,0.0,0.0,0.0,3865224.5,0.0,0.0,0.0,0.0,0.0,0.0,0
1789635238.569643,keyboard,301,12,0.0,0.0,0.0,0.0,0.0,0.0,3690006.25,6805014.5,0.0,0.0,9899796.0,0.0,9457509.0,3074838.0,34165416.0,18518340.0,0
1789635238.6996515,keyboard,298,25,0.0,0.0,0.0,0.0,0.0,52108272.0,126220160.0,51838604.0,126215352.0,1410311552.0,687382144.0,1098202880.0,931525184.0,876505920.0,455366176.0,111015920.0,0
1789635238.7948952,keyboard,298,4,0.0,0.0,0.0,0.0,0.0,0.0,0.0,0.0,193594.8125,0.0,913231.5,0.0,0.0,0.0,271014.34375,0.0,0
1789635238.9213288,keyboard,295,12,0.0,0.0,0.0,0.0,0.0,14689370.0,0.0,20022698.0,62981772.0,26442672.0,0.0,0.0,45365080.0,57238800.0,4723440.5,4071001.5,0
1789635238.9816923,keyboard,292,13,0.0,0.0,0.0,0.0,25432052.0,26303812.0,6431073.5,14098010.0,13568303.0,4651274.0,10468936.0,434644.03125,0.0,2355933.0,0.0,1720689.875,0
1789635239.0578284,keyboard,292,14,0.0,0.0,0.0,0.0,0.0,0.0,4140447.5,13599917.0,29655574.0,0.0,14338422.0,56485744.0,16477764.0,0.0,13392794.0,11737814.0,0
1789635239.1433141,keyboard,318,6,0.0,0.0,0.0,0.0,0.0,4676582.0,0.0,0.0,4785529.0,0.0,0.0,0.0,0.0,25676180.0,20761564.0,9359710.0,0
1789635239.3648689,keyboard,297,13,0.0,0.0,0.0,0.0,33348768.0,0.0,0.0,23327236.0,1393079.875,17111188.0,0.0,0.0,0.0,42838620.0,13131800.0,7310140.0,0
1789635239.585682,keyboard,297,18,0.0,0.0,0.0,0.0,0.0,0.0,0.0,0.0,10875226.0,138934544.0,33349914.0,149772384.0,97594912.0,143436192.0,83638656.0,37027996.0,0
1789635239.8089654,keyboard,289,9,0.0,0.0,0.0,0.0,0.0,0.0,14968025.0,6373106.0,23030962.0,0.0,0.0,50043544.0,18348776.0,31715318.0,0.0,0.0,0
1789635239.9984233,keyboard,316,11,0.0,0.0,0.0,0.0,0.0,6276789.5,0.0,0.0,0.0,0.0,12014638.0,3320030.0,10043358.0,11094454.0,9883148.0,27426684.0,0
1789635240.057613,keyboard,292,16,0.0,0.0,0.0,0.0,0.0,0.0,12257758.0,3076819.5,3496520.5,0.0,0.0,22534956.0,15710792.0,9581516.0,10329746.0,3242070.25,0
1789635240.219782,keyboard,287,10,0.0,0.0,0.0,0.0,0.0,0.0,5636511.0,2838210.5,1019871.0,2192139.75,0.0,10671744.0,12370216.0,11705578.0,18300652.0,0.0,0
1789635240.345677,keyboard,302,15,0.0,0.0,0.0,0.0,17595278.0,22968234.0,28492844.0,11422474.0,0.0,3462341.5,0.0,19102018.0,0.0,23009392.0,114567312.0,112989088.0,0
1789635240.4737396,keyboard,302,15,0.0,0.0,0.0,0.0,0.0,0.0,13105087.0,9771578.0,5916262.0,17550172.0,3292570.5,28898540.0,29775812.0,14364686.0,29078192.0,28169684.0,0
1789635240.695661,keyboard,304,19,0.0,0.0,0.0,0.0,0.0,59035144.0,20470712.0,0.0,91796224.0,367062208.0,365915584.0,910017152.0,182747888.0,29697734.0,91305264.0,207456032.0,0
1789635240.9155462,keyboard,302,9,9968977.0,0.0,0.0,0.0,0.0,0.0,0.0,4544765.0,20766576.0,0.0,0.0,0.0,0.0,0.0,24792336.0,6033228.0,0
1789635241.169753,keyboard,292,14,0.0,0.0,0.0,0.0,0.0,0.0,0.0,9394633.0,51737256.0,39295056.0,0.0,16438046.0,18109836.0,33393188.0,33808140.0,0.0,0
1789635241.390848,keyboard,295,17,0.0,0.0,0.0,0.0,0.0,0.0,0.0,51570056.0,48897420.0,252755216.0,368473664.0,329961184.0,2781898.5,142264960.0,267221088.0,39697880.0,0
1789635241.517681,keyboard,297,11,0.0,0.0,0.0,0.0,0.0,0.0,0.0,0.0,31852204.0,6933672.0,27888312.0,161576656.0,10986234.0,0.0,8190391.0,27592800.0,0
1789635241.6451397,keyboard,297,6,0.0,0.0,0.0,0.0,0.0,3411599.0,0.0,0.0,3143963.5,19008564.0,0.0,0.0,0.0,0.0,0.0,0.0,0
1789635241.8664505,keyboard,300,17,0.0,0.0,0.0,0.0,5343482.0,10724758.0,0.0,0.0,0.0,24108790.0,135461760.0,159228768.0,65772508.0,23429810.0,97493352.0,104149248.0,0
1789635242.2781825,keyboard,312,12,0.0,0.0,0.0,0.0,3551062.0,9074055.0,18308652.0,4859972.0,2176648.0,9607213.0,0.0,0.0,5457896.0,25438788.0,45763824.0,18907678.0,0
1789635242.5008924,keyboard,300,13,0.0,0.0,0.0,0.0,0.0,170894.984375,1248119.0,0.0,913188.875,788136.0,660031.8125,0.0,2312223.0,2342391.75,347495.21875,0.0,0
1789635242.5589068,keyboard,293,12,0.0,0.0,0.0,0.0,0.0,0.0,0.0,11440152.0,0.0,9955750.0,969936.875,6955440.0,11022645.0,3413863.0,673422.5,1431691.0,0
1789635242.7531614,keyboard,301,15,0.0,0.0,14134704.0,15728857.0,0.0,3329081.0,0.0,0.0,5337485.5,0.0,8530457.0,0.0,7573758.5,13307596.0,41070880.0,9962199.0,0
1789635242.976377,keyboard,330,6,0.0,0.0,0.0,0.0,0.0,0.0,0.0,0.0,0.0,0.0,5387892.5,0.0,5037054.5,4119474.0,3725897.75,12286766.0,0
1789635243.198308,keyboard,307,15,0.0,0.0,0.0,192015456.0,340583264.0,0.0,0.0,30268402.0,0.0,54490164.0,29954864.0,175376240.0,18202222.0,24055724.0,104305824.0,124202784.0,0
1789635243.4181652,keyboard,303,15,0.0,0.0,0.0,0.0,0.0,3308264.5,6779429.0,17290406.0,19413846.0,18763316.0,0.0,4554757.5,0.0,13337638.0,21189724.0,28067158.0,0
1789635243.6405392,keyboard,307,14,0.0,0.0,0.0,0.0,0.0,0.0,8015309.0,3740983.0,13894438.0,27691348.0,1628731.5,0.0,2102671.5,20417716.0,4125762.75,36448824.0,0
1789635243.861682,keyboard,303,20,0.0,0.0,0.0,0.0,408535.5,0.0,0.0,0.0,4195300.5,10113936.0,6080867.5,8423054.0,6612844.0,8164941.5,1582604.625,2676294.0,0
1789635243.920408,keyboard,303,6,0.0,0.0,0.0,0.0,0.0,0.0,4522073.5,14077984.0,0.0,5544241.0,4612888.0,0.0,0.0,0.0,365438.15625,486950.75,0
1789635244.083113,keyboard,313,16,0.0,0.0,0.0,9776782.0,15510602.0,0.0,0.0,0.0,6294193.5,44436608.0,5858028.0,22429734.0,0.0,13959406.0,67696912.0,14846602.0,0
1789635244.3037496,keyboard,293,15,0.0,0.0,0.0,0.0,0.0,0.0,0.0,3684816.25,26714880.0,16213263.0,0.0,18779470.0,53219456.0,56230632.0,4904866.0,7210910.5,0
1789635244.5584462,keyboard,314,8,0.0,0.0,0.0,0.0,0.0,0.0,2984986.5,5394339.0,11919670.0,0.0,0.0,0.0,0.0,29893102.0,22746656.0,6122523.5,0
1789635244.7480862,keyboard,307,10,0.0,0.0,0.0,0.0,0.0,0.0,0.0,0.0,0.0,6596297.0,1335540.25,4772507.0,8798216.0,22949076.0,38171024.0,4704813.5,0
1789635245.0008028,keyboard,258,4,0.0,0.0,0.0,0.0,0.0,0.0,0.0,5508798.5,0.0,0.0,0.0,0.0,38736196.0,1489335.75,0.0,0.0,0
1789635245.2218592,keyboard,300,17,0.0,0.0,0.0,0.0,20225168.0,13543046.0,28793346.0,8406145.0,0.0,0.0,23228922.0,21113590.0,0.0,85854672.0,68375160.0,91420512.0,0
1789635245.4760995,keyboard,301,9,0.0,0.0,648661.8125,0.0,0.0,172207.0625,0.0,0.0,0.0,0.0,0.0,0.0,5622395.0,6010041.0,2176972.25,3940988.0,0
1789635245.698934,keyboard,313,12,0.0,0.0,0.0,0.0,77222688.0,64783620.0,0.0,0.0,0.0,1845940096.0,524612320.0,579828864.0,174774576.0,0.0,0.0,0.0,0
1789635245.92068,keyboard,313,6,0.0,0.0,0.0,0.0,0.0,0.0,0.0,0.0,0.0,0.0,0.0,0.0,0.0,39068680.0,17625220.0,3496118.0,0
1789635246.1723197,keyboard,295,16,0.0,0.0,0.0,0.0,0.0,2277660.5,2181895.5,3407822.25,1803503.0,0.0,0.0,31444636.0,15111380.0,26591856.0,8471405.0,4030817.0,0
1789635246.3944917,keyboard,308,12,0.0,0.0,0.0,0.0,0.0,4994283.0,1910465.125,0.0,6221068.0,24512354.0,0.0,10626992.0,0.0,26252806.0,42953520.0,20722136.0,0
1789635246.5833638,keyboard,292,9,0.0,0.0,0.0,0.0,0.0,0.0,0.0,0.0,11651607.0,0.0,0.0,2435941.25,8040626.0,0.0,32676226.0,25527284.0,0
1789635246.8047562,keyboard,277,14,0.0,0.0,0.0,0.0,0.0,2692207.0,0.0,0.0,16169174.0,20984984.0,5918560.0,3370946.75,25199544.0,26801976.0,0.0,3103648.25,0
1789635247.0278022,keyboard,294,11,0.0,0.0,4207086.5,0.0,0.0,0.0,1887570.125,0.0,3959155.25,2478204.0,0.0,0.0,960734.375,18816588.0,2851994.5,3447759.25,0
1789635247.0873504,keyboard,294,6,0.0,0.0,0.0,0.0,0.0,0.0,9326972.0,13545389.0,738412.75,0.0,0.0,0.0,0.0,0.0,1516529.5,837336.25,0
1789635247.2489958,keyboard,308,13,0.0,0.0,0.0,0.0,0.0,0.0,0.0,0.0,16427450.0,60853648.0,16898756.0,7129460.5,11688120.0,42476008.0,22274920.0,0.0,0
1789635247.5022361,keyboard,309,9,0.0,0.0,0.0,0.0,0.0,29144562.0,40412768.0,0.0,10204343.0,79506568.0,0.0,0.0,0.0,0.0,25683932.0,16276750.0,0
1789635247.7243261,keyboard,306,12,0.0,0.0,0.0,69672656.0,0.0,0.0,80315328.0,0.0,0.0,12056148.0,27700914.0,104163040.0,122386608.0,16067403.0,66551872.0,22174630.0,0
1789635247.9450293,keyboard,316,7,0.0,0.0,14029043.0,0.0,0.0,0.0,0.0,0.0,0.0,65937664.0,31766182.0,0.0,0.0,4618464.0,98383088.0,26531030.0,0
1789635248.1676567,keyboard,303,18,0.0,0.0,0.0,0.0,0.0,0.0,0.0,135915568.0,45845624.0,275523456.0,185929664.0,364567136.0,141126912.0,157682880.0,23764060.0,77105088.0,0
1789635248.388785,keyboard,298,19,0.0,0.0,0.0,0.0,0.0,0.0,32498008.0,32569754.0,21691636.0,79743440.0,15030219.0,29909688.0,87523280.0,188480400.0,111945024.0,44353872.0,0
1789635248.6106808,keyboard,297,13,0.0,0.0,0.0,0.0,0.0,50239064.0,16899036.0,0.0,0.0,151923776.0,0.0,425079232.0,301736256.0,152664368.0,75312640.0,0.0,0
1789635248.8324711,keyboard,291,10,0.0,0.0,0.0,0.0,0.0,0.0,0.0,10847013.0,12041235.0,36777620.0,0.0,184929280.0,87535160.0,44420404.0,0.0,0.0,0
1789635248.8336046,keyboard,332,6,0.0,0.0,0.0,0.0,0.0,0.0,13828522.0,0.0,0.0,165043552.0,0.0,29272946.0,0.0,0.0,0.0,2996146.5,0
1789635249.0229588,keyboard,306,11,0.0,0.0,0.0,0.0,0.0,0.0,2546675.5,0.0,0.0,32686532.0,0.0,0.0,0.0,35190528.0,25630758.0,23530988.0,0
1789635249.2757072,keyboard,300,17,0.0,0.0,0.0,0.0,0.0,0.0,33171564.0,23242244.0,19800026.0,73559992.0,25858192.0,30869212.0,51852696.0,14238283.0,8241305.5,38321620.0,0
1789635249.4659922,keyboard,302,14,0.0,0.0,292504.65625,0.0,0.0,214100.375,0.0,0.0,1350950.375,3745490.5,0.0,3823720.0,4810464.5,7127572.0,3349962.0,1937953.875,0
1789635249.68679,keyboard,290,15,0.0,0.0,0.0,0.0,34631092.0,3046710.0,14158116.0,0.0,0.0,0.0,0.0,8028180.5,9917395.0,11448106.0,5202293.5,13298968.0,0
1789635249.908426,keyboard,288,15,0.0,0.0,0.0,0.0,0.0,38061344.0,21203704.0,0.0,0.0,14811333.0,26216048.0,170295840.0,114994552.0,10271192.0,68330192.0,14874675.0,0
1789635250.1314757,keyboard,316,8,0.0,0.0,0.0,0.0,0.0,0.0,0.0,0.0,0.0,0.0,173475104.0,23345140.0,53661848.0,121759288.0,56006584.0,0.0,0
1789635250.3824463,keyboard,291,11,0.0,0.0,0.0,0.0,0.0,15291461.0,14459192.0,0.0,2773741.0,0.0,0.0,2515852.0,0.0,11300170.0,27696874.0,17990760.0,0
1789635250.6058455,keyboard,305,10,0.0,0.0,0.0,0.0,0.0,0.0,4087639.5,0.0,0.0,0.0,11777720.0,2331927.0,6382641.0,32181772.0,27283052.0,15827412.0,0
1789635250.826256,keyboard,303,13,0.0,0.0,0.0,0.0,0.0,0.0,61078192.0,33165320.0,8666376.0,33648428.0,73305200.0,269893920.0,0.0,0.0,59619248.0,0.0,0
1789635251.269573,keyboard,313,11,0.0,0.0,0.0,0.0,0.0,0.0,3937671.75,21825730.0,4170764.75,0.0,88770336.0,91153376.0,10759354.0,16064487.0,36560964.0,0.0,0
1789635251.4909437,keyboard,299,9,0.0,0.0,0.0,0.0,0.0,0.0,1021160.4375,0.0,0.0,0.0,13091958.0,0.0,0.0,72238416.0,50132888.0,108531584.0,0
1789635251.6820552,keyboard,297,14,0.0,0.0,31864248.0,0.0,0.0,15197882.0,29329196.0,0.0,0.0,89117792.0,53937100.0,27159190.0,40642408.0,22070098.0,0.0,3559051.5,0
1789635252.441987,keyboard,313,11,0.0,0.0,0.0,0.0,0.0,0.0,17429410.0,5112226.0,0.0,24325076.0,4294852.0,0.0,0.0,47048836.0,42075472.0,106314896.0,0
1789635252.6620424,keyboard,297,17,0.0,0.0,0.0,0.0,0.0,3000288.0,10707978.0,0.0,0.0,98419584.0,94630432.0,82615248.0,20057980.0,79195800.0,32436340.0,17972452.0,0
1789635252.8847702,keyboard,299,13,0.0,0.0,0.0,0.0,6828593.0,4580643.0,0.0,0.0,0.0,19092800.0,4801993.0,0.0,11122440.0,128735880.0,29957148.0,13334269.0,0
1789635253.3276565,keyboard,306,23,0.0,0.0,10831643.0,13355772.0,18107112.0,10887080.0,15960702.0,18866998.0,5745957.0,50162496.0,61812400.0,41521528.0,0.0,0.0,9002326.0,25237392.0,0
1789635253.5490727,keyboard,306,9,0.0,0.0,0.0,0.0,0.0,0.0,22579570.0,3961611.75,2721303.5,0.0,0.0,0.0,0.0,52770012.0,55882692.0,21884612.0,0
1789635253.8020675,keyboard,313,5,0.0,0.0,0.0,0.0,0.0,0.0,0.0,12887803.0,650903.625,11634680.0,0.0,0.0,0.0,4000262.25,2487136.0,0.0,0
1789635253.991903,keyboard,306,18,0.0,0.0,0.0,24801926.0,11812550.0,0.0,2329885.0,0.0,0.0,20267350.0,29398460.0,120799416.0,23631864.0,45832744.0,35616168.0,14357847.0,0
1789635254.2140467,keyboard,295,14,0.0,0.0,0.0,0.0,0.0,0.0,8788606.0,5532838.5,8850909.0,18675096.0,0.0,5417677.0,43973560.0,46726580.0,20577150.0,22684970.0,0
1789635254.4681978,keyboard,315,14,0.0,0.0,0.0,0.0,0.0,0.0,3655113.0,3743172.25,4747192.0,12022751.0,25726312.0,19073886.0,0.0,28534012.0,9364655.0,35969236.0,0
1789635254.6896555,keyboard,291,11,0.0,13599781.0,0.0,0.0,0.0,0.0,0.0,0.0,8880906.0,8690066.0,0.0,49430860.0,30705586.0,0.0,69465448.0,53267556.0,0
1789635254.7828295,keyboard,294,17,0.0,0.0,0.0,45439388.0,121962344.0,20976168.0,13239426.0,0.0,3929682.75,19824816.0,0.0,16806056.0,29608008.0,33320452.0,0.0,27445870.0,0
1789635254.8784673,keyboard,309,9,0.0,0.0,0.0,0.0,0.0,0.0,0.0,0.0,0.0,0.0,13492905.0,0.0,27553624.0,5652254.0,95602552.0,19167876.0,0
1789635255.1322074,keyboard,310,9,0.0,0.0,0.0,0.0,0.0,0.0,87904160.0,22926668.0,0.0,0.0,0.0,19447636.0,0.0,0.0,17511502.0,15752562.0,0
1789635255.3540134,keyboard,294,7,0.0,0.0,0.0,0.0,0.0,0.0,67104808.0,21972376.0,4419220.5,28997974.0,0.0,0.0,34633256.0,0.0,0.0,0.0,0
1789635255.5436475,keyboard,308,12,0.0,0.0,0.0,0.0,2718747.75,598470.75,1694924.125,0.0,0.0,5722643.5,0.0,3191795.75,0.0,17814300.0,26655142.0,12462142.0,0
1789635255.6017654,keyboard,311,7,0.0,0.0,0.0,0.0,0.0,0.0,4666891.0,0.0,654270.8125,2801857.0,951587.3125,0.0,0.0,831743.0,1933138.125,711257.375,0
1789635255.764863,keyboard,298,8,0.0,0.0,0.0,970043.3125,0.0,0.0,0.0,0.0,1299170.25,4366857.0,0.0,0.0,0.0,43789944.0,3424795.25,0.0,0
1789635255.823963,keyboard,330,5,0.0,0.0,0.0,0.0,0.0,0.0,0.0,0.0,0.0,5195745.0,0.0,1856955.625,0.0,0.0,151875.53125,3585950.25,0
1789635256.0177705,keyboard,288,8,0.0,0.0,0.0,0.0,0.0,0.0,41270724.0,0.0,12062849.0,10565238.0,0.0,0.0,0.0,28352194.0,9478100.0,5641608.0,0
1789635256.2384894,keyboard,283,12,0.0,0.0,0.0,0.0,0.0,16317398.0,20612266.0,0.0,0.0,6059649.5,5328399.0,5569430.0,5183538.0,2391429.0,11547938.0,11495295.0,0
1789635256.4608364,keyboard,317,8,0.0,0.0,0.0,0.0,0.0,4386822.0,0.0,0.0,0.0,38845368.0,34359160.0,0.0,0.0,0.0,4580991.5,14445172.0,0
1789635256.6503866,keyboard,302,22,0.0,0.0,799978.0625,0.0,0.0,0.0,722776.375,951291.5,4522602.0,16766374.0,12065056.0,21068656.0,14855186.0,10150022.0,5229703.0,5188324.0,0
1789635256.708278,keyboard,300,10,0.0,0.0,0.0,0.0,0.0,0.0,0.0,4681389.0,0.0,26506318.0,1733604.5,0.0,4896118.0,11534075.0,7921303.0,4083226.5,0
1789635257.1251361,keyboard,287,16,0.0,0.0,0.0,0.0,32710484.0,0.0,29185078.0,0.0,0.0,86504816.0,19679616.0,70670400.0,68591400.0,41389228.0,39226368.0,12218477.0,0
1789635257.3161397,keyboard,318,14,0.0,0.0,0.0,0.0,0.0,0.0,0.0,306981.84375,2131037.5,9263587.0,5460272.5,9409882.0,3395760.0,2659112.75,0.0,196132.15625,0
1789635257.536711,keyboard,311,11,0.0,0.0,0.0,0.0,4748385.5,0.0,0.0,0.0,2445667.25,0.0,11754125.0,3741416.75,0.0,43551584.0,49718160.0,57508496.0,0
1789635257.758357,keyboard,306,14,0.0,0.0,0.0,6375141.0,6180160.0,0.0,1693631.25,0.0,3010417.0,7566070.5,0.0,6162322.0,5293115.5,17489068.0,39096272.0,4607107.0,0
1789635257.9805868,keyboard,305,15,0.0,0.0,0.0,0.0,121199192.0,21992400.0,0.0,0.0,0.0,472345056.0,547623232.0,825893888.0,228746784.0,202274944.0,0.0,12824830.0,0
1789635258.2023523,keyboard,302,20,0.0,0.0,3262526.25,11157110.0,7305258.0,2739238.0,12918363.0,0.0,6186527.0,11343112.0,8572286.0,2867734.5,6547053.0,12251120.0,18011254.0,23907418.0,0
1789635258.4238906,keyboard,291,12,0.0,0.0,0.0,0.0,1417718.5,565450.125,0.0,0.0,5361749.0,1068136.125,0.0,1379827.25,10855422.0,35500732.0,0.0,3322938.5,0
1789635258.6454418,keyboard,307,18,0.0,0.0,0.0,20038760.0,0.0,0.0,0.0,0.0,24513760.0,166903744.0,60225440.0,202691568.0,79413232.0,196090624.0,142971392.0,158048512.0,0
1789635258.8667572,keyboard,303,13,0.0,0.0,0.0,0.0,0.0,0.0,26168360.0,13326708.0,0.0,14440743.0,40532728.0,99371768.0,53621304.0,3434214.5,40648140.0,38686736.0,0
1789635259.1196811,keyboard,290,18,0.0,0.0,0.0,0.0,0.0,4620779.0,10997595.0,11843015.0,3082273.75,22314208.0,16711087.0,0.0,10374316.0,26513910.0,5130159.0,23854756.0,0
1789635259.3103034,keyboard,309,10,0.0,0.0,0.0,0.0,2834666.25,0.0,0.0,0.0,0.0,27823088.0,0.0,0.0,10023526.0,21077284.0,14597004.0,36846412.0,0
1789635259.311042,keyboard,266,8,0.0,0.0,0.0,0.0,0.0,0.0,10332140.0,39941064.0,0.0,7350526.5,0.0,26635768.0,0.0,3774715.0,0.0,0.0,0
1789635259.5304725,keyboard,292,11,0.0,0.0,0.0,0.0,0.0,0.0,3029034.0,1085270.625,534507.6875,2348026.5,0.0,0.0,0.0,1686382.5,2175318.25,3130321.25,0
1789635259.7528546,keyboard,324,9,0.0,0.0,0.0,0.0,0.0,6967454.5,0.0,23991150.0,20503922.0,0.0,5922677.5,18861020.0,0.0,15201825.0,32793356.0,0.0,0
1789635259.9730773,keyboard,301,7,0.0,0.0,0.0,0.0,0.0,0.0,0.0,0.0,0.0,51438520.0,0.0,0.0,9605658.0,17799364.0,20046162.0,0.0,0
1789635260.1643212,keyboard,314,15,0.0,0.0,4814377.0,34059424.0,6624743.5,0.0,18784744.0,2553255.75,33723160.0,13621584.0,0.0,0.0,14701234.0,15071856.0,11594229.0,33732016.0,0
1789635260.4168246,keyboard,314,3,0.0,0.0,0.0,0.0,0.0,736854.375,0.0,0.0,0.0,0.0,0.0,0.0,273182.875,0.0,0.0,443173.90625,0
1789635260.6052313,keyboard,296,15,0.0,0.0,0.0,0.0,0.0,3730982.0,3308366.0,0.0,7717919.5,0.0,52901908.0,2440549.0,42477452.0,48168528.0,7834385.5,23670148.0,0
1789635260.8283873,keyboard,306,15,0.0,0.0,0.0,0.0,0.0,0.0,14521875.0,0.0,23136872.0,54877472.0,11347019.0,12632133.0,0.0,15594870.0,33619096.0,20179588.0,0
1789635261.0817595,keyboard,315,9,0.0,0.0,0.0,0.0,0.0,0.0,4787272.0,0.0,0.0,26697290.0,14271360.0,7320187.0,0.0,0.0,6455127.5,11007842.0,0
1789635261.3024764,keyboard,334,6,0.0,0.0,0.0,0.0,0.0,4342610.0,4506788.0,1131108.0,0.0,11687711.0,0.0,3502091.0,0.0,0.0,0.0,0.0,0
1789635261.4932756,keyboard,296,12,0.0,0.0,0.0,0.0,0.0,0.0,5396865.0,0.0,1142538.875,1271164.625,0.0,0.0,1819123.375,7730429.0,3908632.5,2807701.5,0
1789635261.7136545,keyboard,309,15,0.0,0.0,0.0,0.0,0.0,7396225.5,0.0,42293672.0,3053873.5,0.0,0.0,108554752.0,42207236.0,71126288.0,49341064.0,90291760.0,0
1789635261.9365456,keyboard,310,11,0.0,0.0,0.0,1940175.75,0.0,0.0,0.0,0.0,0.0,9579492.0,1743720.25,0.0,0.0,15313801.0,9049579.0,1218108.0,0
1789635262.187974,keyboard,274,13,0.0,0.0,0.0,0.0,0.0,16306516.0,59641916.0,0.0,0.0,9865107.0,0.0,0.0,28046922.0,16015202.0,10211906.0,11512943.0,0
1789635262.6324477,keyboard,311,13,0.0,0.0,0.0,0.0,2085661.0,2901237.25,0.0,0.0,0.0,58464552.0,28947148.0,0.0,0.0,24794408.0,52747840.0,41518032.0,0
1789635262.8842027,keyboard,275,8,0.0,0.0,0.0,0.0,0.0,25383088.0,20609112.0,0.0,0.0,6579271.5,0.0,0.0,32122392.0,5260725.0,0.0,0.0,0
1789635263.106718,keyboard,299,12,0.0,0.0,0.0,0.0,0.0,0.0,59699840.0,0.0,0.0,5911197.0,43143712.0,0.0,13254596.0,20480786.0,1318949.25,28862084.0,0
1789635263.3276727,keyboard,292,13,0.0,0.0,0.0,0.0,0.0,0.0,31577390.0,55639504.0,75544952.0,137112336.0,0.0,75419112.0,47092192.0,0.0,0.0,0.0,0
1789635263.5488174,keyboard,289,18,0.0,0.0,0.0,20584252.0,49786264.0,0.0,17777326.0,0.0,73160288.0,79352552.0,117867104.0,92300144.0,84978824.0,95234192.0,78451584.0,21350316.0,0
1789635263.7705374,keyboard,299,8,0.0,0.0,0.0,0.0,0.0,0.0,0.0,0.0,0.0,0.0,0.0,214296896.0,114396368.0,98045688.0,0.0,25672252.0,0
1789635264.0232666,keyboard,299,15,0.0,0.0,0.0,0.0,0.0,0.0,11717254.0,0.0,0.0,53873000.0,0.0,24482172.0,24832868.0,60463568.0,31402094.0,32540348.0,0
1789635264.4679203,keyboard,313,10,0.0,0.0,0.0,0.0,0.0,0.0,0.0,0.0,0.0,7489012.5,14703488.0,0.0,25469336.0,79741152.0,58238452.0,15994727.0,0
1789635264.9428484,keyboard,308,11,0.0,0.0,0.0,0.0,14973520.0,0.0,0.0,0.0,0.0,831133.375,0.0,4020689.5,17402478.0,18795088.0,24400968.0,2140084.5,0
1789635265.1644242,keyboard,304,13,0.0,8406829.0,0.0,23961896.0,0.0,0.0,0.0,0.0,7839346.0,4912925.5,19323584.0,7832454.5,5389013.0,6354497.0,2466826.25,263029.28125,0
1789635265.5763497,keyboard,310,18,0.0,0.0,0.0,0.0,8836488.0,1900344.75,12909701.0,0.0,0.0,10606702.0,7943726.0,13457478.0,10232107.0,20565456.0,6243255.0,11195891.0,0
1789635265.7964473,keyboard,285,13,0.0,0.0,0.0,0.0,0.0,0.0,22483084.0,0.0,579729.875,32206812.0,5617872.0,0.0,3298781.25,10972175.0,3901323.25,4391468.0,0
1789635266.0185235,keyboard,298,22,0.0,0.0,0.0,0.0,0.0,94686288.0,81270208.0,27300452.0,146131648.0,286801632.0,50173768.0,267563808.0,275417920.0,49621440.0,24974816.0,104075096.0,0
1789635266.2398398,keyboard,299,16,0.0,0.0,0.0,0.0,0.0,0.0,9466049.0,46294308.0,12772610.0,90567648.0,37818848.0,23162300.0,114157456.0,55502040.0,0.0,0.0,0
1789635266.462344,keyboard,317,10,0.0,0.0,0.0,4363297.5,0.0,0.0,0.0,0.0,0.0,67869664.0,68924000.0,13138552.0,2335321.0,19496612.0,22120636.0,0.0,0
1789635266.684284,keyboard,319,8,0.0,0.0,188706.234375,0.0,0.0,1254972.875,0.0,0.0,1367236.625,0.0,0.0,0.0,0.0,2339536.5,0.0,2381967.0,0
1789635266.7424247,keyboard,319,8,0.0,0.0,0.0,0.0,0.0,0.0,10182922.0,2640795.75,0.0,16996410.0,2235152.5,21832790.0,14910056.0,0.0,0.0,0.0,0
1789635266.9059293,keyboard,300,13,0.0,0.0,0.0,0.0,0.0,0.0,13476182.0,0.0,45284496.0,78737760.0,12631182.0,9901948.0,38091496.0,20656142.0,52057504.0,9096866.0,0
1789635267.127636,keyboard,299,14,0.0,0.0,0.0,0.0,0.0,0.0,0.0,12715257.0,6534264.0,0.0,0.0,3411807.0,6334923.0,11874430.0,5685250.5,6258693.0,0
1789635267.3792808,keyboard,293,7,0.0,0.0,20866204.0,0.0,0.0,0.0,0.0,0.0,0.0,0.0,0.0,0.0,0.0,11347914.0,11734662.0,12458458.0,0
1789635267.6010563,keyboard,292,8,0.0,0.0,0.0,5870475.5,0.0,14350218.0,4617527.5,0.0,2809587.5,14317131.0,0.0,0.0,0.0,1786663.0,0.0,0.0,0
1789635267.791598,keyboard,313,14,0.0,0.0,0.0,0.0,14734578.0,0.0,0.0,0.0,2899002.75,20739004.0,13213505.0,22467090.0,13699814.0,13968515.0,0.0,19464216.0,0
1789635268.0137568,keyboard,324,8,0.0,0.0,638282.375,0.0,0.0,0.0,0.0,0.0,0.0,0.0,0.0,0.0,1778228.125,3240047.0,1142545.25,5363312.0,0
1789635268.0729876,keyboard,259,3,0.0,0.0,0.0,0.0,0.0,0.0,0.0,6300789.0,0.0,1331332.75,1496921.125,0.0,0.0,0.0,0.0,0.0,0
1789635268.1298473,keyboard,302,11,0.0,0.0,0.0,0.0,30761612.0,0.0,12804388.0,0.0,4727191.5,0.0,0.0,0.0,36850308.0,38114360.0,20706688.0,25579440.0,0
1789635268.2661731,keyboard,294,10,0.0,0.0,49528132.0,0.0,0.0,0.0,0.0,0.0,0.0,34429512.0,0.0,0.0,14787358.0,207253552.0,193337008.0,113476000.0,0
1789635268.4883108,keyboard,316,11,0.0,0.0,0.0,0.0,0.0,0.0,198600640.0,0.0,0.0,2143044992.0,637568256.0,655168000.0,0.0,0.0,0.0,4601492.0,0
1789635268.7101712,keyboard,297,19,0.0,0.0,0.0,0.0,0.0,0.0,18766532.0,109554720.0,54107552.0,226845504.0,23587166.0,33170512.0,79953136.0,58175688.0,93426848.0,29458294.0,0
1789635268.9304,keyboard,295,17,0.0,0.0,0.0,0.0,0.0,19112186.0,80165408.0,49517632.0,46399536.0,301202624.0,95849360.0,24859072.0,154968256.0,109601744.0,7282765.5,98531168.0,0
1789635269.1518862,keyboard,295,13,0.0,0.0,0.0,0.0,0.0,0.0,48857868.0,11438600.0,13976576.0,41537064.0,101936688.0,137094576.0,102969376.0,0.0,4703032.0,0.0,0
1789635269.3744016,keyboard,300,12,0.0,0.0,0.0,0.0,0.0,0.0,5918408.0,6661811.5,0.0,0.0,11034730.0,18502644.0,21788852.0,0.0,0.0,0.0,0
1789635269.6270802,keyboard,292,10,0.0,0.0,0.0,0.0,0.0,0.0,0.0,0.0,0.0,66604800.0,52029544.0,7238154.5,18920660.0,16106985.0,10200297.0,0.0,0
1789635269.849612,keyboard,295,18,0.0,0.0,0.0,0.0,0.0,0.0,55117488.0,79664640.0,100919440.0,229772416.0,109561360.0,18660614.0,93451528.0,93251080.0,15668165.0,9588504.0,0
1789635269.9134574,keyboard,295,6,0.0,2361274.5,0.0,0.0,253067.53125,0.0,0.0,700879.4375,723276.25,0.0,0.0,0.0,0.0,0.0,0.0,407273.9375,0
1789635270.008272,keyboard,311,6,0.0,0.0,0.0,0.0,1445647.125,8848659.0,7255649.0,0.0,0.0,1692229.875,0.0,0.0,0.0,0.0,0.0,0.0,0
1789635270.134229,keyboard,318,7,0.0,0.0,0.0,0.0,0.0,0.0,33017584.0,0.0,0.0,0.0,1805472.75,73922304.0,27862196.0,0.0,0.0,0.0,0
1789635270.3551345,keyboard,288,12,0.0,0.0,0.0,0.0,0.0,0.0,0.0,33409756.0,133007944.0,24949704.0,0.0,0.0,23810546.0,53184376.0,29336040.0,75545088.0,0
1789635270.5778847,keyboard,297,12,0.0,0.0,0.0,0.0,0.0,0.0,0.0,0.0,0.0,35650800.0,20587584.0,23087204.0,22569048.0,5054992.0,0.0,43876412.0,0
1789635270.9256465,keyboard,304,15,0.0,0.0,0.0,0.0,0.0,0.0,0.0,0.0,2082574.5,8692649.0,7685624.5,14446302.0,13829950.0,10366998.0,24116450.0,7526580.5,0
1789635271.0514252,keyboard,294,17,0.0,0.0,0.0,0.0,0.0,0.0,231538176.0,223714064.0,0.0,312822528.0,119181864.0,158664256.0,284056640.0,33789308.0,60425196.0,84538328.0,0
1789635271.2739105,keyboard,303,8,0.0,0.0,0.0,15013849.0,0.0,0.0,0.0,0.0,0.0,12909166.0,7040819.5,4115404.5,0.0,32329488.0,3221105.0,0.0,0
1789635271.4942365,keyboard,296,18,0.0,0.0,0.0,7221373.5,0.0,0.0,0.0,5088431.0,6321391.5,13892745.0,2494062.5,7597945.0,47466208.0,46884248.0,30438068.0,17313584.0,0
1789635271.7162516,keyboard,306,19,0.0,0.0,0.0,0.0,0.0,0.0,2800814.0,2391347.5,20079282.0,55762288.0,30957060.0,37014784.0,42353920.0,25788696.0,6287640.5,1118629.625,0
1789635271.7746193,keyboard,306,8,0.0,0.0,0.0,0.0,0.0,0.0,0.0,3867717.75,0.0,0.0,0.0,268827.65625,0.0,5800046.5,781852.1875,3537649.5,0
1789635271.9376926,keyboard,297,16,0.0,0.0,0.0,0.0,0.0,4987729.5,19383724.0,0.0,8124957.5,25806288.0,9841819.0,19000514.0,25252084.0,48578612.0,8718612.0,75390480.0,0
1789635272.160082,keyboard,300,11,0.0,0.0,0.0,0.0,0.0,0.0,1970648.5,3573453.0,0.0,4515111.5,0.0,4687759.0,16730261.0,35726432.0,22883108.0,45132788.0,0
1789635272.380877,keyboard,298,19,0.0,0.0,0.0,0.0,0.0,20303088.0,38287648.0,63937808.0,0.0,584521920.0,542830016.0,856027328.0,790837504.0,326451520.0,0.0,0.0,0
1789635272.6027439,keyboard,297,10,0.0,0.0,0.0,0.0,0.0,0.0,17992948.0,21373680.0,0.0,40779104.0,0.0,18426606.0,0.0,152429536.0,3922902.0,0.0,0
1789635273.267536,keyboard,299,12,0.0,0.0,0.0,0.0,0.0,6307269.0,0.0,0.0,0.0,0.0,8059906.5,7599259.0,8186461.0,20046324.0,55697224.0,8545936.0,0
1789635273.4889748,keyboard,319,11,0.0,0.0,0.0,0.0,0.0,0.0,3474343.75,0.0,0.0,13488080.0,31573648.0,12989512.0,0.0,34137032.0,27057284.0,42046592.0,0
1789635273.7111187,keyboard,309,11,0.0,0.0,0.0,0.0,0.0,0.0,7009243.0,4110372.0,10322604.0,20268490.0,2987148.25,16241656.0,12214991.0,0.0,8488516.0,64124112.0,0
1789635273.9310167,keyboard,297,15,0.0,0.0,0.0,0.0,0.0,0.0,34394856.0,51189312.0,0.0,71179872.0,68547344.0,119343856.0,200784768.0,72312432.0,0.0,0.0,0
1789635274.1527169,keyboard,307,10,0.0,0.0,4549497.0,0.0,0.0,3747520.25,0.0,0.0,0.0,10294808.0,9247680.0,13712342.0,22873100.0,51085512.0,20499244.0,0.0,0
1789635274.3755765,keyboard,299,10,0.0,0.0,0.0,22267220.0,0.0,3169490.75,18091892.0,0.0,0.0,4142775.75,0.0,0.0,0.0,4349450.0,0.0,6916046.5,0
1789635274.784966,keyboard,314,12,0.0,0.0,0.0,0.0,0.0,0.0,0.0,86025424.0,0.0,126822232.0,108231120.0,11261615.0,29998924.0,14231716.0,17165796.0,42082476.0,0
1789635275.0076995,keyboard,308,13,0.0,0.0,0.0,0.0,0.0,0.0,12957769.0,65062976.0,56195960.0,203698736.0,110517520.0,34968652.0,0.0,0.0,0.0,25286336.0,0
1789635275.2273803,keyboard,295,7,0.0,0.0,0.0,0.0,0.0,0.0,0.0,0.0,0.0,0.0,0.0,0.0,52058208.0,48274180.0,13621031.0,0.0,0
1789635275.4483924,keyboard,295,7,0.0,0.0,0.0,0.0,0.0,0.0,0.0,2096797.375,2785150.5,764994.375,0.0,0.0,0.0,620973.3125,0.0,606283.8125,0
1789635275.4945054,keyboard,315,7,0.0,0.0,0.0,0.0,0.0,0.0,6247238.0,3069467.0,0.0,8604492.0,0.0,0.0,0.0,0.0,15071050.0,4761558.5,0
1789635275.7034888,keyboard,296,18,0.0,0.0,0.0,0.0,0.0,11666492.0,71790832.0,54825504.0,26472058.0,88289040.0,152439104.0,70337416.0,160183632.0,27657600.0,41117348.0,9149762.0,0
1789635275.9233239,keyboard,307,14,0.0,0.0,0.0,0.0,0.0,0.0,75652896.0,0.0,0.0,72634184.0,99986376.0,0.0,71876456.0,79880568.0,61987168.0,15190902.0,0
1789635276.1459317,keyboard,298,21,0.0,0.0,0.0,0.0,48257404.0,18482786.0,107167072.0,0.0,28788948.0,158145952.0,155538032.0,57592632.0,54907000.0,223750976.0,197016288.0,54262504.0,0
1789635276.3668334,keyboard,287,10,0.0,0.0,0.0,0.0,0.0,31550772.0,73109312.0,0.0,8134024.5,208843616.0,0.0,31567216.0,121647472.0,0.0,0.0,0.0,0
1789635276.5886028,keyboard,306,13,0.0,0.0,0.0,0.0,0.0,1814421.5,6579681.0,22540794.0,0.0,19681244.0,75593032.0,0.0,0.0,8467377.0,39793500.0,47697680.0,0
1789635276.810834,keyboard,318,10,0.0,0.0,0.0,0.0,0.0,0.0,96608272.0,0.0,18317786.0,193022576.0,79315504.0,0.0,0.0,0.0,17726628.0,0.0,0
1789635277.0002384,keyboard,318,12,0.0,0.0,0.0,0.0,5053497.5,0.0,0.0,7241347.5,4216798.0,0.0,1910945.75,7476428.0,1050916.625,0.0,0.0,0.0,0
1789635277.0454512,keyboard,269,8,0.0,10526903.0,0.0,0.0,0.0,0.0,0.0,0.0,20253090.0,0.0,0.0,0.0,25514792.0,14562786.0,6454185.0,0.0,0
1789635277.2211468,keyboard,310,14,0.0,0.0,1421528.0,0.0,11342508.0,4653011.0,4599266.5,0.0,0.0,20608644.0,0.0,28690564.0,0.0,0.0,11551476.0,23992066.0,0
1789635277.664651,keyboard,299,21,498626.21875,0.0,6428074.0,7744789.0,2088381.25,0.0,2183146.5,1906482.375,1775248.625,10361897.0,396125.78125,4615798.0,0.0,2238537.5,2068367.0,800545.375,0
1789635279.0243309,keyboard,84,15,0.0,0.0,0.0,0.0,0.0,0.0,360837888.0,902232256.0,1062342720.0,1275639808.0,942777728.0,802386944.0,216281696.0,35987188.0,0.0,0.0,0
1789635279.0766702,keyboard,84,3,13337924.0,0.0,0.0,0.0,0.0,0.0,0.0,0.0,0.0,18109300.0,0.0,0.0,0.0,0.0,6252401.0,0.0,0
1789635279.2470078,keyboard,81,11,25355578.0,11676592.0,0.0,0.0,1942042.75,0.0,0.0,0.0,2836494.5,5661555.5,0.0,26963792.0,0.0,0.0,2288686.25,7937702.0,0
1789635279.656288,keyboard,60,15,0.0,3928611.5,125397440.0,56866704.0,12132763.0,50105280.0,0.0,0.0,0.0,608678528.0,612803968.0,159428032.0,0.0,0.0,0.0,41132952.0,0
1789635279.8780816,keyboard,43,9,0.0,0.0,93925176.0,0.0,6133016.5,0.0,0.0,0.0,0.0,73024832.0,48059520.0,0.0,0.0,0.0,0.0,11863499.0,0
1789635280.2582052,keyboard,53,13,151116624.0,149853968.0,5423407.0,0.0,0.0,0.0,26503692.0,0.0,0.0,75272416.0,140462160.0,4288780.5,0.0,3930804.0,0.0,35367716.0,0
1789635280.4485142,keyboard,86,21,0.0,15077151.0,0.0,0.0,32501696.0,55623308.0,65425848.0,88280920.0,156230608.0,138529760.0,228930272.0,605379520.0,197294064.0,68423072.0,6292135.5,0.0,0
1789635280.6692462,keyboard,67,10,2539639.75,169545.890625,436946.6875,0.0,146774.90625,0.0,1535678.875,2762972.5,1509788.375,0.0,0.0,4233629.5,0.0,2308500.0,0.0,0.0,0
1789635281.2708182,keyboard,95,10,0.0,0.0,955977.125,0.0,0.0,0.0,2319480.5,1537986.375,1241958.625,3284756.0,0.0,54526020.0,14179213.0,41242180.0,9709000.0,0.0,0
1789635281.271677,keyboard,55,3,0.0,12579162.0,0.0,0.0,0.0,0.0,0.0,0.0,0.0,0.0,0.0,0.0,0.0,0.0,16952358.0,2566671.0,0
1789635281.4609103,keyboard,81,22,0.0,2329328.25,5532828.5,0.0,0.0,58986388.0,135866272.0,75377184.0,79571536.0,137013856.0,205507632.0,314303776.0,57363824.0,11071703.0,0.0,0.0,0
1789635281.6811812,keyboard,72,32,13958500.0,16840592.0,26628700.0,860873.125,16424629.0,28336912.0,40565692.0,49878736.0,38306396.0,93227104.0,124850992.0,31501842.0,3046151.5,25676100.0,14099910.0,14129306.0,0
1789635282.122952,keyboard,84,13,65697800.0,27486408.0,0.0,2308941.5,0.0,0.0,27739948.0,15432459.0,4075072.5,0.0,55108536.0,99236912.0,0.0,91381648.0,21188026.0,0.0,0
1789635282.3455799,keyboard,71,34,142740288.0,124968608.0,176611968.0,45451512.0,847150080.0,987156224.0,672140928.0,150443536.0,418432192.0,1604648960.0,1433126144.0,718809984.0,264665984.0,67618480.0,134138672.0,189677792.0,0
1789635282.5667796,keyboard,73,17,36026460.0,54082912.0,0.0,0.0,112496704.0,0.0,74637848.0,59154112.0,212246208.0,220552736.0,174173808.0,113135112.0,0.0,74407336.0,0.0,0.0,0
1789635282.787482,keyboard,39,10,0.0,0.0,0.0,0.0,8187122.0,0.0,0.0,0.0,41327580.0,345836736.0,41862248.0,0.0,0.0,0.0,17999028.0,31079928.0,0
1789635283.198033,keyboard,56,13,12829517.0,0.0,11390861.0,42389276.0,58847784.0,0.0,187309376.0,0.0,0.0,738895232.0,91330288.0,0.0,0.0,67544296.0,73278616.0,28967984.0,0
1789635283.3886852,keyboard,61,24,23193120.0,0.0,95770568.0,0.0,20458520.0,0.0,11816078.0,6619321.0,859235.0,8264837.0,12737163.0,19599544.0,6879094.0,0.0,8008052.0,6348288.0,0
1789635283.643004,keyboard,64,7,0.0,0.0,4924400.0,0.0,0.0,0.0,10505836.0,10236434.0,0.0,0.0,0.0,18033044.0,0.0,21350552.0,0.0,0.0,0
1789635283.8314147,keyboard,75,23,53580692.0,100575472.0,0.0,0.0,256149056.0,744224768.0,351357056.0,27158570.0,383010784.0,618293120.0,1315099904.0,734128512.0,85767344.0,90011360.0,21077048.0,0.0,0
1789635284.053568,keyboard,74,18,18729230.0,52034936.0,8246683.0,0.0,16369255.0,5773735.5,72077616.0,41167792.0,70945512.0,0.0,49577904.0,113389184.0,0.0,105836304.0,0.0,0.0,0
1789635284.2731533,keyboard,41,5,0.0,9912985.0,0.0,0.0,0.0,0.0,1003411.6875,0.0,0.0,49583176.0,0.0,0.0,0.0,0.0,0.0,3143654.5,0
1789635284.6839886,keyboard,42,11,0.0,101385472.0,0.0,0.0,8359461.0,0.0,0.0,0.0,240369840.0,2510833664.0,573427776.0,0.0,0.0,71923200.0,0.0,104475824.0,0
1789635286.8976924,keyboard,53,19,44049148.0,16359258.0,19606492.0,0.0,0.0,0.0,0.0,0.0,274664480.0,1336386048.0,154435072.0,120442912.0,0.0,325541632.0,225781568.0,396955744.0,0
1789635287.1193573,keyboard,57,17,28468660.0,125226616.0,29143320.0,0.0,0.0,0.0,34733112.0,12234675.0,41230692.0,463008064.0,245862400.0,0.0,0.0,40272228.0,0.0,31055132.0,0
1789635287.3416226,keyboard,61,12,0.0,16360069.0,0.0,0.0,0.0,28852612.0,0.0,2454682.0,23604910.0,57756792.0,57432176.0,0.0,0.0,42228440.0,0.0,5887193.0,0
1789635288.7329206,keyboard,90,13,0.0,38470572.0,0.0,0.0,0.0,0.0,6035991.0,5876790.0,0.0,0.0,46417900.0,420174848.0,219983456.0,114367872.0,0.0,0.0,0
1789635288.954407,keyboard,64,27,0.0,146046848.0,62877320.0,40246940.0,47665996.0,0.0,9599922.0,25748740.0,67457168.0,517929408.0,183449392.0,0.0,0.0,27629210.0,47245108.0,56604328.0,0
1789635289.1749659,keyboard,67,27,0.0,0.0,72956728.0,15270260.0,7990199.0,8545936.0,126510776.0,46897168.0,50084648.0,176815472.0,92225424.0,63606580.0,0.0,23018472.0,62857664.0,25650856.0,0
1789635289.3961,keyboard,67,18,90084176.0,228680800.0,261507920.0,400533376.0,244643232.0,0.0,84401912.0,51912724.0,278158752.0,594249280.0,377950336.0,0.0,0.0,0.0,0.0,0.0,0
1789635289.6185565,keyboard,66,26,219440160.0,167151872.0,0.0,128934928.0,199183968.0,419870720.0,576540800.0,0.0,140363808.0,984745408.0,424898048.0,212069232.0,0.0,27115478.0,170418624.0,107322928.0,0
1789635290.0608587,keyboard,78,20,0.0,12582788.0,0.0,0.0,46696432.0,0.0,121184224.0,112945424.0,189463792.0,266141184.0,221794320.0,376354304.0,0.0,19487600.0,40297368.0,3484677.25,0
1789635290.315173,keyboard,67,16,70662960.0,264162176.0,0.0,249924704.0,64733200.0,0.0,120806176.0,35973788.0,244387920.0,845571456.0,252760320.0,0.0,0.0,146990048.0,363819456.0,108811088.0,0
1789635290.31577,keyboard,109,10,0.0,0.0,0.0,0.0,0.0,0.0,0.0,26123056.0,92831240.0,0.0,334384192.0,1261635840.0,568508544.0,295801504.0,0.0,0.0,0
1789635291.4827774,keyboard,60,27,0.0,7644669.5,18247720.0,19463760.0,36617144.0,13962918.0,21041144.0,8605662.0,95320048.0,516271488.0,387780928.0,96135688.0,171381136.0,43736040.0,181891456.0,31136604.0,0
1789635292.1799755,keyboard,73,27,0.0,0.0,61202216.0,59875848.0,47152700.0,19768520.0,55946124.0,54281520.0,99406264.0,70502672.0,69867264.0,0.0,29109288.0,47039180.0,37166432.0,51488592.0,0
1789635292.6527097,keyboard,50,20,71690096.0,54952988.0,238683936.0,178456224.0,0.0,0.0,5616036.0,43451000.0,189410016.0,860476928.0,72324128.0,36370816.0,0.0,0.0,110553760.0,14852273.0,0
1789635293.1282227,keyboard,53,10,9572239.0,0.0,5018176.0,0.0,0.0,0.0,5825564.5,0.0,0.0,13750032.0,4305747.0,21597840.0,0.0,0.0,0.0,3217205.75,0
1789635293.3487344,keyboard,55,16,109429312.0,92563776.0,0.0,168164832.0,103165896.0,212926912.0,188569760.0,74378976.0,3060692.0,103263008.0,0.0,0.0,0.0,0.0,12459121.0,0.0,0
1789635294.2980478,keyboard,103,10,0.0,0.0,0.0,0.0,0.0,0.0,0.0,0.0,0.0,0.0,358469088.0,607857600.0,213647472.0,183176752.0,0.0,0.0,0
1789635297.9975142,keyboard,49,13,192100192.0,7457525.5,0.0,0.0,32084640.0,81892640.0,36777988.0,0.0,166654176.0,1172993664.0,295621216.0,0.0,0.0,0.0,16019645.0,0.0,0
1789635297.9983442,keyboard,92,10,0.0,0.0,0.0,0.0,0.0,0.0,48027504.0,66433288.0,54332464.0,0.0,0.0,495915200.0,415613728.0,137420192.0,0.0,0.0,0
1789635298.2184858,keyboard,92,8,30366238.0,1065507.625,0.0,0.0,0.0,0.0,0.0,0.0,546763.125,0.0,0.0,0.0,27905384.0,37330036.0,0.0,0.0,0
1789635298.2194843,keyboard,49,5,0.0,0.0,0.0,0.0,0.0,0.0,8090571.0,792455.375,0.0,4716732.0,0.0,0.0,0.0,0.0,0.0,2215860.5,0
1789635298.6298532,keyboard,64,34,3404866.5,6685908.0,1217214.75,4892665.5,10562303.0,5632357.0,23269948.0,9942309.0,11574424.0,54232896.0,23843404.0,15384583.0,7112118.5,5810112.0,674178.875,3854142.5,0
1789635299.102732,keyboard,56,10,0.0,0.0,0.0,0.0,0.0,4372536.5,0.0,3614752.0,39673032.0,100566480.0,96463824.0,0.0,0.0,0.0,3148810.0,42808280.0,0
1789635302.326703,keyboard,55,18,0.0,39625308.0,0.0,444102400.0,164858848.0,75696176.0,0.0,0.0,367440992.0,2729154304.0,499356160.0,33896168.0,0.0,183712576.0,31246488.0,115668432.0,0
1789635302.5493374,keyboard,56,15,85504808.0,0.0,94029280.0,50885916.0,24797186.0,0.0,0.0,5746700.5,0.0,256959584.0,0.0,0.0,0.0,0.0,4419761.0,26232956.0,0
1789635302.770586,keyboard,79,16,0.0,0.0,0.0,0.0,17230864.0,0.0,23676812.0,19844936.0,0.0,10662444.0,0.0,201561568.0,19175048.0,142641024.0,36673352.0,24487712.0,0
1789635303.4661996,keyboard,60,15,0.0,43471200.0,57673216.0,0.0,5772167.0,0.0,8748064.0,0.0,10718290.0,29514010.0,0.0,0.0,0.0,59416780.0,54969612.0,48222656.0,0
1789635303.9079049,keyboard,64,23,20702068.0,0.0,5887522.0,7769598.0,51369236.0,41206448.0,1189450.0,6512088.5,66247444.0,289661312.0,213441824.0,50331644.0,22993240.0,7647833.0,9903922.0,2631153.75,0
