timestamp,sound_type,detected_angle,bin_count,band_0,band_1,band_2,band_3,band_4,band_5,band_6,band_7,band_8,band_9,band_10,band_11,band_12,band_13,band_14,band_15,label
1789487570.1926923,fan,317,5,0.0,0.0,0.0,0.0,19606768.0,0.0,0.0,0.0,0.0,0.0,8277417.0,6298838.0,0.0,0.0,0.0,5703649.5,0
1789487570.2436125,fan,316,4,0.0,0.0,3285018.0,0.0,0.0,0.0,0.0,0.0,0.0,371418.0625,905929.0,0.0,372004.375,0.0,0.0,0.0,0
1789487570.3122077,fan,180,8,0.0,0.0,0.0,0.0,0.0,0.0,1632708.25,863959.5,888761.375,748802.125,0.0,249287.25,741831.625,559084.6875,958569.5625,0.0,0
1789487570.4405417,fan,174,8,0.0,0.0,0.0,0.0,0.0,0.0,1198575.75,0.0,0.0,0.0,399685.0625,0.0,289391.625,1208555.75,455028.5,1914121.25,0
1789487570.5681129,fan,110,3,0.0,0.0,0.0,7622599.0,0.0,0.0,0.0,354310.0,0.0,0.0,0.0,793013.5625,0.0,0.0,0.0,0.0,0
1789487570.5710325,fan,165,5,0.0,0.0,0.0,0.0,0.0,1378035.625,1998785.625,0.0,0.0,2114967.25,2057407.875,0.0,0.0,855232.9375,0.0,0.0,0
1789487570.640536,fan,261,3,0.0,0.0,0.0,0.0,0.0,0.0,0.0,0.0,0.0,0.0,0.0,0.0,0.0,0.0,6740419.0,2985145.25,0
1789487570.7395217,fan,180,5,0.0,0.0,0.0,0.0,0.0,383889.3125,0.0,0.0,3147045.5,1699351.375,0.0,0.0,0.0,0.0,0.0,0.0,0
1789487570.8098264,fan,160,8,0.0,0.0,0.0,0.0,0.0,1550997.0,501459.28125,474733.8125,0.0,0.0,0.0,609156.5,0.0,1978303.25,0.0,1948325.625,0
1789487570.8740876,fan,170,8,0.0,0.0,0.0,0.0,0.0,0.0,819256.75,0.0,0.0,2610647.0,839042.0,393045.59375,0.0,2220709.5,966421.5,0.0,0
1789487570.944412,fan,167,4,0.0,1388620.125,0.0,0.0,0.0,0.0,0.0,0.0,0.0,0.0,0.0,3143466.25,0.0,1893265.0,0.0,0.0,0
1789487571.0102177,fan,180,9,0.0,0.0,609892.6875,0.0,0.0,361918.3125,3004205.5,1766744.75,0.0,0.0,208990.4375,712167.1875,0.0,494671.5,0.0,618550.625,0
1789487571.0746443,fan,170,6,0.0,0.0,0.0,0.0,0.0,0.0,0.0,0.0,0.0,0.0,539112.1875,14483400.0,0.0,421004.75,0.0,825067.8125,0
1789487571.2055979,fan,170,4,0.0,0.0,0.0,0.0,0.0,0.0,0.0,0.0,0.0,2402123.75,0.0,0.0,0.0,4087158.25,0.0,643838.1875,0
1789487571.3178678,fan,172,8,0.0,0.0,0.0,0.0,0.0,394117.65625,1159373.625,4491796.0,0.0,0.0,9186829.0,0.0,0.0,1407013.125,0.0,590661.0,0
1789487571.3840005,fan,184,8,0.0,0.0,0.0,0.0,0.0,937383.1875,0.0,0.0,2002524.0,2711164.5,0.0,518942.625,0.0,2356170.5,0.0,1606055.25,0
1789487571.4491873,fan,185,7,0.0,0.0,0.0,2286457.25,1168752.5,0.0,2039011.75,0.0,0.0,423120.8125,550682.625,248960.53125,1610865.625,0.0,0.0,0.0,0
1789487571.513731,fan,173,8,0.0,0.0,0.0,0.0,0.0,0.0,0.0,0.0,0.0,0.0,0.0,5764046.0,1929569.0,6481030.5,1886029.375,0.0,0
1789487571.5793638,fan,176,5,0.0,0.0,0.0,0.0,2198827.75,0.0,0.0,47382.10546875,0.0,653017.875,0.0,0.0,0.0,0.0,520976.25,1480404.0,0
1789487571.6449525,fan,164,8,0.0,0.0,0.0,0.0,2470799.5,1003548.75,733903.375,0.0,855500.8125,0.0,0.0,0.0,0.0,279251.3125,0.0,0.0,0
1789487571.7091417,fan,173,9,0.0,0.0,0.0,0.0,0.0,0.0,0.0,846351.5,1679231.875,0.0,0.0,514135.53125,0.0,1070391.375,799099.1875,1481052.375,0
1789487571.7741823,fan,209,3,0.0,0.0,0.0,0.0,1534449.0,0.0,0.0,0.0,0.0,0.0,3540987.0,0.0,0.0,2371888.5,0.0,0.0,0
1789487571.8396475,fan,197,4,0.0,2711111.5,768041.1875,0.0,1874086.75,0.0,0.0,0.0,0.0,0.0,0.0,0.0,0.0,1323362.25,0.0,0.0,0
1789487572.0200758,fan,173,7,0.0,0.0,953100.75,0.0,1697519.75,2932185.5,0.0,0.0,755618.8125,0.0,437050.15625,281604.8125,0.0,1482230.125,0.0,0.0,0
1789487572.0842412,fan,173,5,0.0,0.0,0.0,0.0,0.0,0.0,0.0,0.0,1203761.875,0.0,3515922.5,1363133.0,2778493.0,894522.25,0.0,0.0,0
1789487572.1994882,fan,184,9,0.0,0.0,0.0,0.0,914737.125,7316857.5,2032682.625,4217835.5,0.0,0.0,1536957.75,0.0,0.0,707036.375,0.0,0.0,0
1789487572.2697332,fan,184,4,0.0,0.0,0.0,336726.0,0.0,0.0,307330.625,168825.75,0.0,0.0,0.0,0.0,0.0,0.0,0.0,466901.65625,0
1789487572.3183384,fan,153,6,0.0,0.0,0.0,0.0,7593782.0,731902.6875,0.0,619412.4375,0.0,0.0,4334603.5,0.0,0.0,0.0,0.0,0.0,0
1789487572.38222,fan,173,10,0.0,0.0,0.0,1031612.6875,1389686.0,0.0,0.0,0.0,0.0,1952583.375,651178.875,0.0,649727.75,2766264.25,652365.5,1477413.5,0
1789487572.4472954,fan,183,5,0.0,0.0,0.0,0.0,0.0,0.0,1415641.75,4383962.0,0.0,0.0,0.0,0.0,644838.375,0.0,0.0,1823221.125,0
1789487572.512562,fan,173,9,0.0,0.0,0.0,0.0,0.0,1020851.9375,1426872.0,3263988.25,4654691.5,0.0,2538943.0,0.0,0.0,1310758.0,0.0,0.0,0
1789487572.5775285,fan,175,6,0.0,0.0,0.0,0.0,0.0,0.0,1552940.875,332737.5625,0.0,1018766.8125,1038909.9375,460044.8125,0.0,0.0,0.0,0.0,0
1789487572.6425624,fan,173,11,0.0,0.0,0.0,0.0,6678644.5,3026235.75,0.0,0.0,0.0,447257.0625,399351.9375,0.0,0.0,446341.125,2056130.875,2001694.75,0
1789487572.7072432,fan,174,11,0.0,0.0,0.0,0.0,0.0,1056124.5,1213754.5,1009497.875,0.0,3520906.5,1908071.75,0.0,563467.1875,1256413.5,2241161.5,0.0,0
1789487572.79027,fan,201,5,13145555.0,0.0,0.0,0.0,791558.0,0.0,0.0,0.0,0.0,0.0,0.0,462643.65625,0.0,1587280.75,1956083.875,0.0,0
1789487572.8519144,fan,160,3,0.0,10633947.0,0.0,0.0,0.0,0.0,216721.953125,0.0,0.0,0.0,0.0,0.0,0.0,0.0,0.0,1071534.5,0
1789487572.9231107,fan,203,3,0.0,0.0,0.0,0.0,0.0,0.0,0.0,9294396.0,0.0,0.0,4434789.5,0.0,0.0,7126310.5,0.0,0.0,0
1789487572.9870975,fan,94,5,0.0,0.0,0.0,0.0,0.0,0.0,10509933.0,0.0,0.0,6849424.0,6724576.5,0.0,0.0,2468436.75,4226796.0,0.0,0
1789487573.0521762,fan,139,6,71159496.0,0.0,29653236.0,28725418.0,41040248.0,0.0,0.0,0.0,0.0,0.0,0.0,0.0,0.0,0.0,1351031.0,0.0,0
1789487573.220144,fan,178,6,0.0,0.0,0.0,0.0,11253988.0,0.0,0.0,0.0,0.0,3519438.5,0.0,0.0,0.0,0.0,214264.140625,0.0,0
1789487573.283405,fan,178,5,0.0,0.0,0.0,0.0,0.0,0.0,0.0,0.0,0.0,0.0,0.0,2099156.5,0.0,1698355.0,0.0,2417056.0,0
1789487573.5611658,fan,73,3,0.0,0.0,0.0,0.0,0.0,0.0,0.0,0.0,0.0,0.0,12730741.0,28141964.0,0.0,0.0,0.0,0.0,0
1789487573.696751,fan,1,12,0.0,78537168.0,79465256.0,0.0,0.0,29228916.0,0.0,18704904.0,17534596.0,0.0,12461800.0,11482643.0,7030618.5,17400876.0,11131651.0,0.0,0
1789487573.7996895,fan,167,5,0.0,0.0,0.0,0.0,0.0,1741427.625,5856000.5,0.0,0.0,0.0,1324878.375,0.0,0.0,0.0,0.0,360541.4375,0
1789487573.9372623,fan,188,7,0.0,0.0,0.0,6511577.5,0.0,0.0,2558556.0,0.0,1895748.625,0.0,0.0,5630264.0,0.0,1211884.25,201416.109375,0.0,0
1789487574.0721292,fan,184,7,0.0,0.0,0.0,0.0,0.0,0.0,0.0,0.0,0.0,0.0,0.0,0.0,0.0,27203294.0,12135341.0,17113412.0,0
1789487574.1862953,fan,185,4,0.0,0.0,561208.125,0.0,0.0,0.0,0.0,0.0,0.0,908912.875,0.0,0.0,0.0,637503.25,0.0,355252.3125,0
1789487574.2492034,fan,186,9,0.0,0.0,0.0,0.0,755238.125,1945019.125,1963504.5,0.0,337910.875,0.0,0.0,0.0,2571387.25,0.0,949325.75,872526.4375,0
1789487574.31377,fan,186,4,0.0,0.0,0.0,0.0,0.0,0.0,2005620.125,0.0,0.0,0.0,0.0,399656.125,0.0,0.0,2654798.5,0.0,0
1789487574.4878988,fan,186,3,0.0,0.0,0.0,0.0,0.0,0.0,1140869.375,0.0,0.0,1362378.25,0.0,0.0,0.0,725016.8125,0.0,0.0,0
1789487574.552487,fan,176,5,0.0,0.0,4987959.0,0.0,0.0,0.0,0.0,0.0,0.0,0.0,0.0,1574652.5,0.0,282251.5,332941.3125,561784.75,0
1789487574.6820312,fan,172,9,0.0,0.0,0.0,0.0,0.0,107164.8125,0.0,0.0,0.0,0.0,0.0,2834037.0,3152393.0,0.0,2444753.75,1159818.75,0
1789487574.7461627,fan,148,4,0.0,0.0,0.0,0.0,0.0,0.0,138406576.0,0.0,85294264.0,99920904.0,0.0,0.0,0.0,0.0,0.0,0.0,0
1789487574.8738549,fan,187,3,0.0,0.0,0.0,0.0,0.0,0.0,5260722.5,0.0,0.0,1850793.625,0.0,440219.25,0.0,0.0,0.0,0.0,0
1789487574.9441829,fan,167,3,0.0,0.0,0.0,0.0,0.0,0.0,0.0,0.0,0.0,0.0,0.0,0.0,0.0,950165.625,2474301.25,0.0,0
1789487575.072639,fan,214,4,0.0,0.0,0.0,0.0,0.0,538941.875,0.0,330200.03125,0.0,0.0,0.0,0.0,0.0,349193.5,1189495.75,0.0,0
1789487575.1227942,fan,186,8,0.0,0.0,0.0,0.0,3332868.5,2445575.0,860684.875,0.0,897932.5625,0.0,0.0,0.0,1586337.25,0.0,3685807.5,0.0,0
1789487575.1865113,fan,186,10,0.0,924953.25,0.0,0.0,2448805.75,0.0,211633.40625,733224.5,1297080.75,1144341.0,1228574.125,0.0,0.0,1068583.25,1125858.625,0.0,0
1789487575.236372,fan,179,5,0.0,0.0,0.0,0.0,1060503.5,0.0,556474.25,0.0,383363.09375,0.0,0.0,0.0,3023251.75,3007668.5,0.0,0.0,0
1789487575.3018558,fan,179,6,0.0,0.0,0.0,0.0,0.0,483465.3125,0.0,0.0,537316.875,0.0,0.0,1886129.5,0.0,4117486.25,0.0,395793.46875,0
1789487575.3485017,fan,237,3,53732796.0,0.0,0.0,0.0,0.0,0.0,0.0,15343820.0,0.0,0.0,0.0,0.0,0.0,0.0,0.0,0.0,0
1789487575.4644496,fan,188,3,0.0,0.0,0.0,0.0,0.0,0.0,0.0,0.0,0.0,3534463.75,3674549.0,0.0,0.0,0.0,2375970.75,0.0,0
1789487575.6535366,fan,166,4,0.0,0.0,0.0,0.0,0.0,0.0,0.0,11741281.0,0.0,6610772.0,4689494.5,0.0,0.0,3154725.0,0.0,0.0,0
1789487576.1492393,fan,163,7,0.0,0.0,0.0,0.0,0.0,0.0,0.0,0.0,0.0,3300299.0,5262093.5,3370343.75,3507241.0,0.0,0.0,0.0,0
1789487576.206446,fan,176,4,0.0,0.0,0.0,0.0,0.0,0.0,0.0,0.0,0.0,8286602.0,223582.65625,0.0,0.0,0.0,0.0,0.0,0
1789487576.2071767,fan,306,4,0.0,0.0,0.0,0.0,0.0,0.0,0.0,0.0,396477.53125,0.0,0.0,665955.875,0.0,0.0,0.0,489506.0625,0
1789487576.3220208,fan,179,9,0.0,0.0,0.0,0.0,0.0,0.0,0.0,0.0,1172618.75,0.0,1062613.0,1273069.25,0.0,1529232.875,1261116.0,0.0,0
1789487576.4708889,fan,181,7,0.0,0.0,0.0,0.0,470805.53125,0.0,521474.1875,0.0,1287678.25,0.0,692114.5625,0.0,1779204.375,1625652.5,0.0,0.0,0
1789487576.5199716,fan,147,6,0.0,0.0,0.0,0.0,0.0,0.0,1226098.625,0.0,0.0,0.0,0.0,1136186.125,0.0,2428325.0,2434251.75,0.0,0
1789487576.5838685,fan,164,4,0.0,0.0,0.0,0.0,0.0,0.0,0.0,0.0,0.0,14067538.0,0.0,0.0,0.0,1517379.5,5514811.0,0.0,0
1789487576.6485806,fan,153,5,0.0,0.0,0.0,0.0,20625860.0,0.0,0.0,0.0,0.0,1504404.125,0.0,761850.3125,0.0,2021355.125,2287121.5,0.0,0
1789487576.6493058,fan,228,3,0.0,0.0,118783688.0,0.0,0.0,0.0,8309700.0,0.0,0.0,0.0,0.0,0.0,0.0,949994.6875,0.0,0.0,0
1789487577.0282936,fan,56,3,0.0,0.0,0.0,0.0,0.0,0.0,0.0,0.0,0.0,0.0,40568300.0,0.0,0.0,93570896.0,0.0,0.0,0
1789487579.0638163,fan,133,8,0.0,0.0,0.0,0.0,2388795904.0,0.0,0.0,0.0,0.0,0.0,98870560.0,580382016.0,245610240.0,102895704.0,0.0,0.0,0
1789487579.5068166,fan,40,3,0.0,0.0,0.0,0.0,0.0,0.0,0.0,0.0,0.0,0.0,736271488.0,0.0,0.0,0.0,53360024.0,58118532.0,0
1789487579.9926436,fan,324,3,0.0,0.0,0.0,0.0,0.0,0.0,0.0,0.0,0.0,0.0,0.0,90486936.0,0.0,43373856.0,81403920.0,0.0,0
1789487580.3474658,fan,208,3,0.0,0.0,0.0,0.0,0.0,0.0,0.0,20465314.0,0.0,0.0,0.0,0.0,0.0,2089174.75,913477.0625,0.0,0
1789487580.7365437,fan,185,6,0.0,0.0,0.0,0.0,0.0,0.0,0.0,0.0,0.0,0.0,0.0,33443438.0,0.0,22970868.0,39384120.0,39930996.0,0
1789487580.8009098,fan,185,3,0.0,0.0,0.0,0.0,0.0,0.0,0.0,0.0,0.0,0.0,0.0,36592568.0,0.0,0.0,41360224.0,0.0,0
1789487580.905531,fan,134,5,0.0,0.0,2989933.0,2152920.25,0.0,0.0,0.0,0.0,382586.5,0.0,0.0,706952.75,0.0,0.0,0.0,1473683.25,0
1789487580.9747317,fan,175,9,0.0,0.0,0.0,0.0,0.0,0.0,668729.8125,0.0,2648001.0,1507138.875,0.0,0.0,1137796.0,7517441.5,784340.375,550696.8125,0
1789487581.086498,fan,166,8,0.0,0.0,0.0,1365648.875,0.0,2044508.625,0.0,0.0,0.0,1524596.25,2127767.25,0.0,2658706.25,2590647.0,0.0,0.0,0
1789487581.1509306,fan,174,8,0.0,0.0,0.0,0.0,533251.0,0.0,2246645.75,0.0,1291552.25,810962.4375,0.0,712013.75,0.0,2515904.5,0.0,1533965.375,0
1789487581.2161136,fan,189,8,0.0,0.0,0.0,0.0,0.0,0.0,753172.625,0.0,168775.09375,2234625.75,0.0,0.0,0.0,1629069.75,808608.5,0.0,0
1789487581.2797956,fan,189,3,0.0,0.0,0.0,0.0,0.0,0.0,0.0,4247385.0,0.0,0.0,0.0,0.0,0.0,0.0,2044445.25,0.0,0
1789487581.325962,fan,189,3,0.0,0.0,0.0,0.0,0.0,0.0,0.0,0.0,0.0,0.0,0.0,2488029.5,0.0,1423132.0,0.0,0.0,0
1789487581.424124,fan,115,3,18793174.0,0.0,0.0,0.0,0.0,0.0,0.0,0.0,0.0,0.0,0.0,417908.65625,619038.75,0.0,0.0,0.0,0
1789487581.5319893,fan,173,8,0.0,0.0,0.0,0.0,0.0,0.0,0.0,0.0,1823877.5,977523.875,1983806.5,603838.9375,293349.9375,0.0,0.0,507929.625,0
1789487581.5976737,fan,173,6,0.0,0.0,0.0,1026588.5,0.0,0.0,0.0,0.0,0.0,1819418.25,2195397.25,648024.3125,0.0,695323.5,0.0,422134.375,0
1789487581.6430738,fan,190,7,0.0,0.0,0.0,0.0,0.0,3687941.25,214690.65625,0.0,0.0,940859.5,0.0,0.0,0.0,460415.1875,0.0,321966.15625,0
1789487581.7662814,fan,281,3,0.0,0.0,0.0,0.0,140311456.0,0.0,0.0,0.0,0.0,0.0,0.0,0.0,15634971.0,0.0,2800657.5,0.0,0
1789487581.8218327,fan,247,5,0.0,0.0,0.0,0.0,0.0,0.0,0.0,254316480.0,0.0,270501440.0,0.0,0.0,178291616.0,101399200.0,0.0,0.0,0
1789487581.9318209,fan,183,3,0.0,0.0,0.0,0.0,0.0,0.0,0.0,0.0,136282.6875,0.0,0.0,0.0,0.0,0.0,2513833.5,0.0,0
1789487581.9960437,fan,174,8,0.0,0.0,0.0,0.0,3563457.5,0.0,0.0,0.0,0.0,4381348.5,4324118.5,960911.625,434195.0,0.0,0.0,0.0,0
1789487582.0608482,fan,174,4,0.0,0.0,0.0,0.0,0.0,0.0,0.0,0.0,0.0,2401605.5,1458803.0,0.0,0.0,328664.875,0.0,1228856.0,0
1789487582.1115415,fan,182,5,0.0,0.0,0.0,0.0,0.0,0.0,0.0,0.0,0.0,0.0,442412.625,0.0,811159.5625,557387.5625,3580721.0,0.0,0
1789487582.1836612,fan,171,6,0.0,0.0,0.0,0.0,206479312.0,0.0,0.0,0.0,0.0,0.0,0.0,0.0,0.0,2032915.0,2378056.25,863129.5625,0
1789487582.3125768,fan,192,4,0.0,0.0,0.0,0.0,0.0,0.0,0.0,0.0,477842.5625,0.0,0.0,603337.9375,0.0,0.0,1213805.0,935978.625,0
1789487582.3769648,fan,171,11,0.0,0.0,0.0,0.0,0.0,36293732.0,0.0,0.0,0.0,9925573.0,2008943.0,5220493.0,2344052.75,0.0,5159893.0,878003.375,0
1789487582.45343,fan,170,6,0.0,0.0,0.0,685880.875,0.0,0.0,1961211.375,408958.625,0.0,3581393.5,0.0,0.0,0.0,0.0,0.0,0.0,0
1789487582.5183303,fan,152,6,0.0,0.0,0.0,0.0,0.0,0.0,0.0,0.0,0.0,82712656.0,129183616.0,52178268.0,43758680.0,36977192.0,0.0,0.0,0
1789487582.693459,fan,185,5,0.0,0.0,0.0,0.0,0.0,0.0,0.0,0.0,0.0,10600478.0,3367802.25,0.0,893860.875,0.0,0.0,0.0,0
1789487582.7584507,fan,185,7,0.0,0.0,0.0,0.0,0.0,0.0,1785039.5,0.0,0.0,1978797.375,0.0,0.0,0.0,528179.0625,1895737.25,0.0,0
1789487582.8081412,fan,188,3,0.0,0.0,0.0,0.0,0.0,0.0,0.0,0.0,0.0,0.0,1209196.0,1714365.5,326773.75,0.0,0.0,0.0,0
1789487582.9211328,fan,186,7,0.0,1791839.375,0.0,747708.6875,0.0,654376.375,0.0,0.0,0.0,917546.625,1029105.3125,0.0,0.0,1599126.25,0.0,0.0,0
1789487583.1133585,fan,114,5,0.0,0.0,0.0,0.0,0.0,0.0,0.0,0.0,7843874.0,5590978.5,0.0,0.0,0.0,4066932.5,0.0,598456.3125,0
1789487583.239096,fan,165,7,0.0,0.0,280623.28125,0.0,0.0,938729.75,552844.0,0.0,0.0,0.0,0.0,0.0,0.0,149973.234375,1751672.625,0.0,0
1789487583.3975027,fan,164,7,1368983.0,0.0,495837.0625,383519.46875,0.0,0.0,0.0,0.0,738744.125,633501.4375,0.0,960718.375,431094.5625,0.0,0.0,0.0,0
1789487583.4582436,fan,175,7,0.0,0.0,0.0,0.0,1243144.125,754048.1875,2961615.0,0.0,2434606.75,0.0,214484.6875,0.0,0.0,0.0,0.0,1873284.875,0
1789487583.684798,fan,152,5,0.0,0.0,0.0,0.0,0.0,0.0,1961628.875,0.0,0.0,345493.125,351111.5625,0.0,1710356.0,0.0,0.0,0.0,0
1789487583.7777808,fan,180,6,0.0,0.0,0.0,3967707.5,0.0,0.0,0.0,0.0,916005.625,4196848.5,0.0,831534.6875,0.0,0.0,0.0,1389761.625,0
1789487583.838135,fan,180,5,0.0,1148526.0,0.0,0.0,0.0,0.0,0.0,0.0,1391179.125,873866.625,0.0,0.0,0.0,0.0,0.0,0.0,0
1789487583.8889558,fan,178,4,0.0,0.0,0.0,0.0,0.0,0.0,0.0,0.0,1298111.5,0.0,0.0,1966370.125,0.0,2288270.5,0.0,0.0,0
1789487583.9534645,fan,211,3,0.0,0.0,0.0,0.0,0.0,0.0,0.0,0.0,0.0,0.0,0.0,0.0,789021.1875,718916.625,0.0,1439455.75,0
1789487584.064685,fan,120,3,0.0,1548491.5,0.0,0.0,0.0,0.0,0.0,0.0,0.0,0.0,0.0,0.0,0.0,0.0,0.0,519846.28125,0
1789487584.127495,fan,161,10,0.0,0.0,0.0,313317.0625,3033832.25,0.0,0.0,1810603.875,1535442.75,1927792.75,0.0,0.0,905200.125,0.0,0.0,499714.28125,0
1789487584.2232728,fan,171,10,0.0,0.0,0.0,0.0,2174879.0,769523.25,2111455.25,0.0,0.0,773758.25,0.0,0.0,615481.6875,0.0,0.0,1427851.875,0
1789487584.2820146,fan,120,3,0.0,0.0,723415.5625,2076154.0,0.0,0.0,0.0,0.0,0.0,0.0,0.0,0.0,0.0,456266.21875,0.0,0.0,0
1789487584.3521876,fan,187,7,0.0,0.0,0.0,0.0,1132216.125,1842731.125,798315.0,0.0,0.0,640336.375,0.0,0.0,0.0,586689.875,0.0,1286728.5,0
1789487584.421191,fan,181,8,0.0,0.0,8899134.0,0.0,0.0,0.0,0.0,2948994.0,0.0,5289063.5,1694341.25,0.0,0.0,0.0,0.0,1106280.125,0
1789487584.6009572,fan,180,9,0.0,0.0,0.0,0.0,0.0,0.0,0.0,1695327.5,2975174.5,3029003.5,133714.859375,0.0,0.0,9293347.0,0.0,0.0,0
1789487584.6663504,fan,183,5,0.0,0.0,0.0,0.0,0.0,0.0,0.0,0.0,0.0,0.0,0.0,3709779.25,0.0,4385262.5,1387137.0,0.0,0
1789487584.7942588,fan,138,3,0.0,0.0,148930432.0,0.0,0.0,0.0,14905701.0,0.0,0.0,0.0,0.0,0.0,0.0,2097007.625,0.0,0.0,0
1789487584.8600068,fan,174,3,0.0,0.0,0.0,0.0,0.0,0.0,1758487.5,0.0,0.0,0.0,0.0,0.0,0.0,1000512.125,0.0,581351.875,0
1789487584.9734218,fan,174,4,0.0,0.0,0.0,0.0,0.0,8677480.0,0.0,0.0,0.0,0.0,0.0,0.0,0.0,940266.3125,536764.0625,0.0,0
1789487585.0396128,fan,174,5,0.0,0.0,0.0,0.0,0.0,0.0,0.0,0.0,0.0,0.0,3837706.5,0.0,0.0,5568811.5,0.0,774488.3125,0
1789487585.8792539,fan,161,4,0.0,0.0,0.0,0.0,0.0,0.0,573809792.0,0.0,0.0,0.0,411058400.0,0.0,0.0,0.0,28387320.0,17875938.0,0
1789487585.9519868,fan,253,3,0.0,0.0,25480665088.0,0.0,0.0,0.0,0.0,0.0,0.0,0.0,3012293120.0,0.0,0.0,0.0,0.0,674112448.0,0
1789487586.6694267,fan,118,3,0.0,0.0,0.0,0.0,0.0,0.0,0.0,359700960.0,0.0,210288672.0,0.0,0.0,0.0,85860568.0,0.0,0.0,0
1789487586.9096744,fan,353,3,0.0,0.0,0.0,1787061120.0,0.0,0.0,0.0,0.0,0.0,0.0,0.0,247885440.0,111547216.0,0.0,0.0,0.0,0
1789487587.0342836,fan,304,3,0.0,0.0,0.0,0.0,0.0,0.0,0.0,0.0,0.0,0.0,544785280.0,644859584.0,0.0,0.0,0.0,211863648.0,0
1789487587.220473,fan,28,10,0.0,0.0,0.0,0.0,0.0,958334784.0,0.0,0.0,0.0,164950864.0,426403520.0,126369632.0,212861184.0,0.0,208776592.0,252377088.0,0
1789487587.4472535,fan,154,3,0.0,0.0,0.0,0.0,0.0,0.0,0.0,16812750.0,0.0,0.0,0.0,0.0,0.0,1757709.625,0.0,1453787.75,0
1789487587.833489,fan,55,4,0.0,0.0,0.0,0.0,0.0,0.0,38827472.0,0.0,0.0,18660376.0,2220181.0,0.0,0.0,0.0,0.0,0.0,0
1789487587.9455204,fan,179,6,0.0,0.0,0.0,0.0,184048000.0,0.0,0.0,0.0,65276664.0,0.0,16223502.0,12163398.0,9805549.0,0.0,0.0,2070243.625,0
1789487588.0576184,fan,179,3,0.0,0.0,0.0,0.0,0.0,0.0,0.0,0.0,0.0,0.0,0.0,0.0,0.0,5647913.0,1838156.0,0.0,0
1789487588.173393,fan,141,4,0.0,0.0,0.0,0.0,0.0,0.0,0.0,3405574.75,0.0,2420540.0,3041506.5,0.0,0.0,1359642.125,0.0,0.0,0
1789487588.4838557,fan,165,3,0.0,0.0,0.0,0.0,0.0,0.0,0.0,0.0,0.0,0.0,0.0,0.0,0.0,71239160.0,0.0,135249536.0,0
1789487588.6541703,fan,189,4,0.0,0.0,0.0,0.0,0.0,118886976.0,0.0,0.0,0.0,0.0,0.0,0.0,0.0,0.0,2845021.5,2545936.25,0
1789487588.817617,fan,113,4,0.0,0.0,0.0,0.0,0.0,0.0,0.0,0.0,0.0,32873284.0,0.0,33934100.0,0.0,0.0,0.0,0.0,0
1789487588.94482,fan,158,7,0.0,0.0,0.0,0.0,0.0,0.0,0.0,2819755.25,1129274.25,0.0,0.0,903289.4375,931383.4375,1656336.75,869821.75,0.0,0
1789487589.0092864,fan,335,3,65892092.0,0.0,0.0,0.0,0.0,0.0,0.0,0.0,265608.375,0.0,0.0,0.0,305504.25,0.0,0.0,0.0,0
1789487589.0098398,fan,207,5,0.0,0.0,0.0,0.0,8907975.0,0.0,2817833.0,0.0,0.0,1096830.0,0.0,0.0,0.0,0.0,331311.90625,0.0,0
1789487589.2991996,fan,171,5,0.0,0.0,0.0,0.0,0.0,0.0,0.0,0.0,0.0,0.0,168711632.0,20963748.0,98149312.0,0.0,0.0,0.0,0
1789487589.496678,fan,340,9,0.0,0.0,0.0,70052760.0,45712240.0,0.0,0.0,24514880.0,0.0,20895076.0,0.0,9825228.0,0.0,11282148.0,27929412.0,12488730.0,0
1789487589.6163015,fan,285,3,0.0,0.0,0.0,0.0,0.0,0.0,0.0,0.0,0.0,0.0,0.0,0.0,0.0,2067021.125,0.0,456165.03125,0
1789487589.79591,fan,157,3,0.0,0.0,0.0,0.0,0.0,5820270.0,0.0,0.0,0.0,556266.3125,0.0,0.0,369013.75,0.0,0.0,0.0,0
1789487589.9953263,fan,165,3,0.0,0.0,0.0,0.0,0.0,0.0,0.0,0.0,0.0,4502622.5,7557640.5,2958658.0,0.0,0.0,0.0,0.0,0
1789487590.0608852,fan,165,3,0.0,0.0,0.0,0.0,0.0,0.0,0.0,0.0,0.0,0.0,1714327.0,0.0,0.0,0.0,783045.0,382915.0625,0
1789487590.2993777,fan,13,3,0.0,0.0,0.0,0.0,95254992.0,0.0,49435756.0,0.0,28950818.0,0.0,0.0,0.0,0.0,0.0,0.0,0.0,0
1789487590.3772347,fan,195,5,0.0,0.0,0.0,0.0,0.0,0.0,0.0,18750568.0,0.0,6733309.0,0.0,4185529.5,0.0,1272485.375,1376959.375,0.0,0
1789487591.0928798,fan,313,4,0.0,0.0,0.0,0.0,0.0,0.0,0.0,0.0,0.0,0.0,0.0,25151258.0,4101757.75,0.0,0.0,0.0,0
1789487591.2087028,fan,220,3,0.0,0.0,0.0,0.0,0.0,0.0,0.0,0.0,0.0,33128604.0,0.0,48086428.0,0.0,16959078.0,0.0,0.0,0
1789487591.260942,fan,153,4,0.0,0.0,0.0,0.0,0.0,0.0,0.0,9681798.0,0.0,0.0,0.0,0.0,0.0,0.0,4121942.75,4783464.0,0
1789487591.3354592,fan,357,5,0.0,0.0,0.0,0.0,294069024.0,0.0,0.0,0.0,0.0,0.0,0.0,13434182.0,6504946.0,8372957.0,0.0,3749170.5,0
1789487591.4970117,fan,177,6,0.0,0.0,0.0,0.0,0.0,7180130.0,0.0,0.0,0.0,0.0,0.0,0.0,0.0,1135959.0,3319825.0,1596934.25,0
1789487591.5811079,fan,177,3,0.0,0.0,0.0,0.0,0.0,0.0,0.0,0.0,0.0,1259556.75,0.0,0.0,0.0,0.0,0.0,1725775.75,0
1789487591.6323612,fan,199,4,0.0,0.0,0.0,0.0,0.0,0.0,9455384.0,0.0,0.0,0.0,0.0,0.0,8624571.0,6944706.0,4396974.0,0.0,0
1789487591.8819184,fan,186,4,0.0,0.0,0.0,0.0,0.0,0.0,0.0,0.0,0.0,520676.375,2520814.5,0.0,0.0,0.0,630997.25,0.0,0
1789487591.9538686,fan,215,4,0.0,0.0,0.0,0.0,0.0,0.0,0.0,0.0,0.0,20958212.0,0.0,0.0,22767510.0,8997153.0,0.0,3308004.5,0
1789487592.082683,fan,190,3,0.0,0.0,0.0,0.0,0.0,0.0,35908068.0,18728028.0,0.0,0.0,0.0,0.0,0.0,0.0,0.0,0.0,0
1789487592.2774239,fan,164,8,0.0,0.0,0.0,0.0,0.0,0.0,0.0,2796110.75,3107781.0,4293302.5,0.0,0.0,0.0,1988106.0,0.0,1096345.25,0
1789487592.4601946,fan,175,4,0.0,0.0,0.0,0.0,0.0,7438824.0,15462027.0,0.0,0.0,1256467.25,0.0,0.0,0.0,0.0,1359918.125,0.0,0
1789487592.5247302,fan,113,4,0.0,0.0,0.0,0.0,0.0,0.0,0.0,0.0,149103760.0,315169536.0,0.0,0.0,0.0,0.0,0.0,0.0,0
1789487592.8139596,fan,208,3,0.0,0.0,0.0,0.0,0.0,0.0,4384096.5,0.0,1345557.25,0.0,0.0,0.0,4079295.25,0.0,0.0,0.0,0
1789487592.995062,fan,270,6,0.0,0.0,0.0,0.0,0.0,0.0,0.0,0.0,6962075.0,9295682.0,0.0,14454563.0,0.0,8788901.0,0.0,0.0,0
1789487592.9961998,fan,89,4,0.0,0.0,0.0,0.0,0.0,0.0,0.0,0.0,0.0,0.0,6912496.0,0.0,0.0,0.0,4139014.5,5260481.0,0
1789487593.067599,fan,25,3,0.0,87265232.0,0.0,0.0,0.0,0.0,0.0,0.0,0.0,0.0,0.0,4544380.0,0.0,3141431.0,0.0,0.0,0
1789487593.189238,fan,192,3,0.0,0.0,0.0,0.0,0.0,0.0,0.0,0.0,0.0,0.0,0.0,0.0,15517247.0,17165670.0,0.0,0.0,0
1789487593.239859,fan,245,3,0.0,0.0,0.0,0.0,0.0,0.0,0.0,51537408.0,0.0,0.0,33128938.0,0.0,20206390.0,0.0,0.0,0.0,0
1789487593.4261003,fan,203,3,0.0,0.0,0.0,0.0,0.0,0.0,13362790.0,0.0,0.0,0.0,0.0,0.0,0.0,0.0,768246.25,421394.34375,0
1789487593.653545,fan,184,5,0.0,0.0,0.0,0.0,0.0,19485530.0,24277208.0,0.0,0.0,0.0,0.0,0.0,0.0,213853.453125,0.0,272577.6875,0
1789487593.7183287,fan,184,3,0.0,0.0,0.0,0.0,0.0,0.0,0.0,0.0,0.0,6734461.0,0.0,820314.25,0.0,0.0,0.0,0.0,0
1789487593.7194462,fan,237,3,0.0,0.0,54815248.0,0.0,0.0,0.0,0.0,0.0,1149075.875,0.0,0.0,793249.5,0.0,0.0,0.0,0.0,0
1789487594.01691,fan,173,3,0.0,0.0,0.0,0.0,0.0,0.0,0.0,0.0,0.0,0.0,0.0,0.0,0.0,2615590.5,4258349.0,0.0,0
1789487594.0874562,fan,173,8,0.0,0.0,0.0,0.0,0.0,1194044.375,0.0,737747.375,0.0,0.0,0.0,0.0,224234.875,2321436.0,0.0,713690.6875,0
1789487594.4999099,fan,167,3,0.0,0.0,0.0,0.0,0.0,0.0,0.0,0.0,4219957.0,0.0,0.0,0.0,0.0,921625.625,1572873.75,0.0,0
1789487594.7065146,fan,315,3,0.0,0.0,0.0,0.0,0.0,0.0,0.0,0.0,0.0,42085984.0,11189762.0,0.0,0.0,0.0,0.0,0.0,0
1789487594.7815406,fan,173,7,0.0,0.0,0.0,0.0,0.0,2855340.75,0.0,0.0,0.0,462864.25,701863.4375,3052484.5,0.0,411547.65625,0.0,0.0,0
1789487594.8459432,fan,17,3,0.0,0.0,0.0,31210582.0,0.0,4821106.5,0.0,0.0,0.0,0.0,0.0,0.0,0.0,0.0,0.0,0.0,0
1789487595.1827848,fan,155,4,0.0,0.0,0.0,0.0,0.0,0.0,0.0,0.0,2381227.75,1590720.25,2268812.5,0.0,0.0,0.0,0.0,1072541.75,0
1789487595.252808,fan,172,7,0.0,0.0,0.0,2597222.0,0.0,0.0,0.0,0.0,0.0,464471.75,0.0,7075299.0,0.0,4394820.5,0.0,0.0,0
1789487595.3178303,fan,172,4,0.0,0.0,0.0,0.0,0.0,0.0,1047643.375,0.0,0.0,0.0,0.0,3905122.25,0.0,2494604.25,0.0,0.0,0
1789487595.4953444,fan,176,8,0.0,0.0,0.0,0.0,0.0,0.0,0.0,3250273.0,0.0,0.0,344994.90625,1851689.75,1101141.75,1614299.5,0.0,0.0,0
1789487595.626891,fan,174,11,0.0,0.0,190911.59375,505625.125,656623.0625,5253188.0,2802203.5,0.0,0.0,695361.0,0.0,442854.875,3384638.75,3570442.5,0.0,0.0,0
1789487595.7560594,fan,179,9,0.0,0.0,0.0,0.0,2081858.0,0.0,0.0,0.0,1464722.625,2190222.5,4766740.5,289235.96875,1134984.0,3176157.75,0.0,605299.75,0
1789487595.826478,fan,181,6,0.0,0.0,0.0,0.0,0.0,0.0,0.0,0.0,0.0,887623.8125,986214.75,651275.75,238135.125,0.0,0.0,2237570.0,0
1789487595.8906639,fan,143,3,0.0,0.0,0.0,0.0,0.0,0.0,21347726.0,0.0,0.0,0.0,0.0,0.0,0.0,0.0,593416.9375,1101437.375,0
1789487595.953275,fan,141,3,0.0,0.0,0.0,0.0,0.0,0.0,7553855.0,0.0,0.0,0.0,0.0,0.0,0.0,577003.0,0.0,0.0,0
1789487596.0650826,fan,179,5,0.0,0.0,4836740.0,0.0,0.0,0.0,0.0,0.0,627119.6875,208182.328125,0.0,0.0,0.0,0.0,0.0,1572090.625,0
1789487596.1279607,fan,182,4,0.0,0.0,0.0,0.0,0.0,0.0,0.0,4111832.25,0.0,0.0,0.0,4178882.75,0.0,85971.0859375,1604557.0,0.0,0
1789487596.1933327,fan,182,3,0.0,0.0,0.0,0.0,0.0,0.0,0.0,0.0,0.0,0.0,0.0,2105845.0,0.0,973342.9375,1209750.875,0.0,0
1789487596.2392583,fan,157,5,0.0,0.0,0.0,0.0,0.0,0.0,0.0,940607.125,1618515.0,0.0,0.0,0.0,0.0,1065941.5,1315883.125,0.0,0
1789487596.4113674,fan,130,5,0.0,0.0,0.0,0.0,0.0,0.0,0.0,0.0,0.0,29239352.0,0.0,0.0,0.0,10955468.0,8118154.0,10333524.0,0
1789487596.4756987,fan,88,3,0.0,0.0,0.0,0.0,0.0,0.0,0.0,0.0,0.0,0.0,0.0,14103459.0,0.0,13986689.0,14162071.0,0.0,0
1789487596.5939412,fan,191,8,0.0,0.0,0.0,0.0,0.0,7522305.0,0.0,0.0,0.0,2593912.0,688034.5625,0.0,1919382.75,5416599.5,0.0,0.0,0
1789487596.7821724,fan,180,7,0.0,0.0,0.0,0.0,22757278.0,0.0,3961609.75,0.0,0.0,2982198.0,0.0,0.0,0.0,1714247.375,0.0,2670419.0,0
1789487596.9072406,fan,37,3,0.0,0.0,0.0,0.0,0.0,0.0,0.0,0.0,0.0,0.0,0.0,3010725.5,2099699.25,0.0,259466.546875,0.0,0
1789487597.044123,fan,212,5,0.0,0.0,0.0,0.0,0.0,0.0,0.0,0.0,0.0,4793424.5,2916834.5,0.0,0.0,0.0,0.0,720312.8125,0
1789487597.1699188,fan,152,8,0.0,0.0,0.0,0.0,0.0,0.0,0.0,21393482.0,19731490.0,13530753.0,0.0,33945348.0,10157028.0,6487309.5,0.0,7731955.0,0
1789487597.2211847,fan,152,3,0.0,0.0,0.0,0.0,0.0,0.0,0.0,0.0,0.0,0.0,0.0,3908836.5,0.0,1727939.25,1144269.375,0.0,0
1789487597.3355968,fan,187,8,0.0,0.0,0.0,0.0,0.0,631836.5625,1522200.0,2750816.75,414330.5,625488.375,0.0,0.0,0.0,0.0,0.0,2349604.5,0
1789487597.4044678,fan,185,9,0.0,0.0,0.0,0.0,0.0,0.0,4679156.5,0.0,16151400.0,0.0,5186334.0,0.0,1493948.25,1294217.25,2027172.375,0.0,0
1789487597.4700418,fan,185,4,0.0,0.0,0.0,0.0,0.0,0.0,0.0,0.0,0.0,0.0,262898.4375,0.0,0.0,1329213.0,279954.5,485945.90625,0
1789487597.5184104,fan,166,3,0.0,0.0,0.0,0.0,0.0,0.0,0.0,0.0,0.0,0.0,0.0,3131193.0,0.0,2665356.0,4132170.5,0.0,0
1789487597.635953,fan,172,4,0.0,0.0,0.0,0.0,0.0,0.0,0.0,0.0,3297292.5,1598351.625,0.0,595729.0625,715154.125,0.0,0.0,0.0,0
1789487598.1968074,fan,327,8,0.0,0.0,0.0,0.0,0.0,0.0,0.0,17827498.0,16105621.0,42961904.0,0.0,9071586.0,0.0,0.0,9474971.0,10101058.0,0
1789487598.5749884,fan,214,3,0.0,0.0,0.0,0.0,0.0,0.0,341500160.0,0.0,238346576.0,0.0,0.0,0.0,0.0,0.0,0.0,93777800.0,0
1789487598.8658946,fan,158,6,0.0,0.0,0.0,0.0,0.0,0.0,0.0,673507.1875,0.0,0.0,0.0,1255156.75,5155401.0,3416129.25,0.0,0.0,0
1789487598.9301832,fan,178,8,0.0,0.0,0.0,0.0,1850403.75,1746578.0,1571675.375,0.0,0.0,1700009.25,0.0,0.0,0.0,1701427.5,1479832.5,1480536.25,0
1789487598.9951673,fan,178,4,0.0,0.0,0.0,0.0,0.0,0.0,0.0,0.0,0.0,0.0,2123488.75,681520.4375,0.0,350949.40625,0.0,0.0,0
1789487599.0527668,fan,193,8,0.0,0.0,0.0,0.0,0.0,0.0,1812753.625,3862674.75,0.0,2764410.75,6573009.0,846984.125,0.0,0.0,0.0,0.0,0
1789487599.127236,fan,225,3,0.0,0.0,529124256.0,0.0,0.0,0.0,21355718.0,0.0,0.0,0.0,0.0,0.0,0.0,0.0,0.0,16862830.0,0
1789487599.204879,fan,8,9,0.0,0.0,0.0,0.0,0.0,228627024.0,0.0,119632536.0,0.0,51241136.0,47184924.0,68397072.0,0.0,29685780.0,21994656.0,24731090.0,0
1789487599.2700348,fan,353,15,0.0,0.0,0.0,0.0,370592000.0,181579600.0,248016736.0,241106512.0,199402624.0,174604080.0,0.0,68420888.0,0.0,73995008.0,42886764.0,0.0,0
1789487599.2707648,fan,310,5,464167840.0,1586902912.0,683149632.0,0.0,0.0,0.0,0.0,0.0,0.0,0.0,0.0,0.0,0.0,0.0,48899672.0,0.0,0
1789487599.7646213,fan,180,5,0.0,0.0,0.0,0.0,0.0,0.0,0.0,0.0,0.0,0.0,688091.75,2122952.0,0.0,2322951.75,2245599.25,0.0,0
1789487599.8226876,fan,122,4,0.0,0.0,0.0,24136202.0,0.0,0.0,0.0,0.0,0.0,1463483.875,0.0,0.0,0.0,3225039.5,0.0,0.0,0
1789487599.8234015,fan,179,6,0.0,0.0,0.0,0.0,0.0,0.0,0.0,0.0,0.0,3590116.0,3145510.0,1226604.25,759014.8125,0.0,1075209.875,365693.875,0
1789487599.8887506,fan,167,7,0.0,0.0,0.0,0.0,0.0,3203634.0,4543186.5,0.0,0.0,0.0,0.0,0.0,0.0,2957675.75,3723749.0,0.0,0
1789487599.9520488,fan,161,4,0.0,0.0,0.0,0.0,0.0,0.0,0.0,0.0,0.0,0.0,0.0,0.0,0.0,2339628.5,1278439.75,0.0,0
1789487600.0225759,fan,149,3,0.0,0.0,0.0,0.0,0.0,0.0,0.0,0.0,3980733.5,0.0,0.0,708847.8125,0.0,0.0,0.0,402503.8125,0
1789487600.1326144,fan,162,9,0.0,0.0,0.0,0.0,661843.4375,0.0,922468.875,2483932.0,1457142.875,282189.875,1100620.625,0.0,623512.4375,3434258.0,0.0,0.0,0
1789487600.1962707,fan,221,4,0.0,0.0,49057360.0,0.0,0.0,15564981.0,0.0,0.0,0.0,0.0,0.0,0.0,0.0,0.0,860490.3125,278202.3125,0
1789487600.2572505,fan,195,6,0.0,112321624.0,0.0,0.0,0.0,0.0,0.0,2288393.5,890868.125,0.0,0.0,0.0,0.0,0.0,684673.75,0.0,0
1789487600.3212392,fan,108,3,0.0,0.0,0.0,0.0,0.0,0.0,0.0,27434536.0,0.0,0.0,0.0,0.0,0.0,2797900.5,0.0,0.0,0
1789487600.377289,fan,12,4,0.0,0.0,0.0,0.0,284706208.0,0.0,0.0,0.0,0.0,0.0,57211408.0,17367674.0,0.0,0.0,0.0,0.0,0
1789487601.0149543,fan,156,5,0.0,0.0,0.0,0.0,0.0,0.0,0.0,20413578.0,17536754.0,9814100.0,0.0,0.0,4577455.5,4986608.0,0.0,0.0,0
1789487601.2287068,fan,357,4,0.0,0.0,0.0,0.0,166898528.0,0.0,0.0,33356614.0,58760392.0,0.0,0.0,0.0,31024096.0,0.0,0.0,0.0,0
1789487601.3380458,fan,170,4,0.0,0.0,0.0,0.0,0.0,0.0,0.0,0.0,0.0,0.0,1389630.25,1418674.125,1576070.0,1882731.75,0.0,0.0,0
1789487601.400411,fan,170,3,0.0,0.0,0.0,0.0,0.0,0.0,0.0,0.0,0.0,0.0,0.0,0.0,0.0,0.0,1676909.5,1127273.25,0
1789487601.4585745,fan,221,3,0.0,0.0,168911344.0,0.0,0.0,0.0,0.0,0.0,0.0,1240560.75,257813.4375,0.0,0.0,0.0,0.0,0.0,0
1789487601.4594326,fan,180,7,0.0,0.0,0.0,58929524.0,0.0,0.0,0.0,0.0,0.0,0.0,0.0,0.0,4412129.0,6428587.0,1031313.0,971289.8125,0
1789487601.525829,fan,180,3,0.0,0.0,0.0,0.0,0.0,0.0,1903682.375,0.0,0.0,0.0,0.0,0.0,0.0,1251376.0,720107.6875,0.0,0
1789487601.723018,fan,234,3,156312992.0,0.0,0.0,0.0,0.0,0.0,0.0,0.0,0.0,0.0,0.0,0.0,353662.65625,349031.1875,0.0,0.0,0
1789487601.787686,fan,177,6,0.0,0.0,0.0,0.0,0.0,0.0,0.0,0.0,0.0,0.0,0.0,0.0,3655239.0,5702665.0,4007503.75,0.0,0
1789487601.8380208,fan,177,3,0.0,0.0,0.0,0.0,0.0,0.0,0.0,0.0,0.0,0.0,0.0,3418201.5,5087044.0,0.0,0.0,0.0,0
1789487601.9646685,fan,203,5,0.0,0.0,0.0,0.0,0.0,0.0,0.0,0.0,30783500.0,0.0,2157562.25,6806745.5,3328270.0,0.0,0.0,0.0,0
1789487602.1010492,fan,170,4,0.0,0.0,0.0,0.0,16492370.0,0.0,0.0,0.0,4522283.0,0.0,0.0,0.0,3400366.25,1313442.75,0.0,0.0,0
1789487602.2299519,fan,170,7,0.0,0.0,0.0,0.0,0.0,0.0,0.0,0.0,0.0,7220389.0,4496102.0,0.0,0.0,3686133.5,1939452.125,3188851.25,0
1789487602.3007407,fan,176,8,0.0,0.0,0.0,0.0,0.0,0.0,2801796.0,0.0,0.0,8572297.0,3911526.5,0.0,0.0,0.0,342819.375,1063047.875,0
1789487602.3644302,fan,172,3,0.0,0.0,0.0,0.0,0.0,0.0,0.0,0.0,0.0,0.0,0.0,3837337.0,0.0,1265317.5,0.0,0.0,0
1789487602.5570502,fan,156,3,0.0,0.0,0.0,0.0,0.0,0.0,0.0,3813279.5,0.0,2543513.5,0.0,0.0,0.0,2218404.5,0.0,0.0,0
1789487602.6855402,fan,169,8,0.0,0.0,0.0,0.0,0.0,0.0,1462792.0,0.0,1656825.125,634192.9375,0.0,658658.0,358282.625,3515386.25,2245285.5,1257644.75,0
1789487602.7493615,fan,161,4,0.0,0.0,0.0,0.0,0.0,0.0,0.0,0.0,0.0,0.0,3179311.75,14351543.0,3321157.75,0.0,3904551.5,0.0,0
1789487602.8141067,fan,151,3,0.0,0.0,0.0,0.0,0.0,20640204.0,0.0,0.0,0.0,0.0,14910134.0,2628498.5,0.0,0.0,0.0,0.0,0
1789487602.929584,fan,175,5,0.0,0.0,0.0,76563376.0,1224752.5,0.0,0.0,0.0,1612239.875,0.0,0.0,1098322.875,0.0,0.0,0.0,0.0,0
1789487602.9946978,fan,186,7,0.0,0.0,0.0,0.0,103316248.0,0.0,5879919.5,0.0,0.0,0.0,0.0,0.0,1273223.75,2037741.75,0.0,3338301.5,0
1789487603.0588017,fan,186,3,0.0,0.0,0.0,0.0,0.0,0.0,0.0,0.0,0.0,0.0,0.0,0.0,1712379.75,0.0,2115775.5,0.0,0
1789487603.1089618,fan,186,6,0.0,0.0,0.0,0.0,0.0,0.0,8650818.0,2781803.75,0.0,0.0,0.0,525392.75,0.0,0.0,2121988.5,894433.6875,0
1789487603.159868,fan,186,3,0.0,0.0,0.0,0.0,0.0,3827405.5,4079859.5,0.0,0.0,0.0,0.0,0.0,0.0,0.0,1091824.0,0.0,0
1789487603.3153253,fan,175,5,0.0,0.0,0.0,5387379.0,8002695.5,0.0,1324289.25,0.0,0.0,0.0,0.0,1011095.75,0.0,0.0,0.0,0.0,0
1789487603.3775792,fan,187,9,0.0,0.0,0.0,0.0,26222116.0,0.0,0.0,0.0,0.0,2126097.5,4130343.25,4071909.0,0.0,0.0,855699.125,856239.3125,0
1789487603.4421003,fan,187,4,0.0,0.0,0.0,0.0,0.0,0.0,0.0,0.0,2120403.5,0.0,1091828.625,4188430.0,0.0,0.0,0.0,0.0,0
1789487603.4929101,fan,166,7,0.0,0.0,0.0,0.0,0.0,0.0,0.0,0.0,0.0,5195269.5,3964513.5,3113379.25,3785484.5,0.0,0.0,1015296.75,0
1789487604.1631188,fan,354,5,0.0,0.0,0.0,0.0,0.0,0.0,30303074.0,0.0,0.0,3748459.5,0.0,8395884.0,0.0,0.0,3553361.0,0.0,0
1789487604.2842188,fan,173,3,0.0,0.0,0.0,0.0,0.0,0.0,0.0,0.0,0.0,0.0,0.0,0.0,0.0,57852360.0,0.0,107952272.0,0
1789487604.3554583,fan,181,6,0.0,0.0,0.0,0.0,0.0,0.0,0.0,0.0,0.0,15715374.0,0.0,4104624.5,6484674.5,0.0,14820559.0,11144061.0,0
1789487604.4997506,fan,227,9,0.0,0.0,0.0,0.0,7044833.0,0.0,0.0,0.0,4890208.0,5492861.0,1093757.5,2266729.5,3824846.0,2647751.75,632990.8125,0.0,0
1789487604.561986,fan,211,10,0.0,0.0,0.0,0.0,0.0,0.0,1399077.75,2357824.0,1793792.75,5632331.0,4685888.0,8028822.0,0.0,682027.0,0.0,3746646.0,0
1789487604.6246963,fan,209,8,0.0,0.0,0.0,0.0,0.0,0.0,0.0,0.0,0.0,11503725.0,0.0,8390209.0,1598192.75,0.0,2129336.0,1745228.5,0
1789487604.6881428,fan,222,7,0.0,0.0,0.0,0.0,0.0,0.0,0.0,0.0,6755241.0,5621042.0,0.0,0.0,625776.3125,3288395.25,945387.6875,417561.875,0
1789487604.8177395,fan,211,8,0.0,0.0,2063951.75,0.0,0.0,0.0,0.0,0.0,0.0,2055594.75,0.0,761295.0,4480890.0,4566007.0,320827.3125,0.0,0
1789487604.8805082,fan,226,4,0.0,0.0,0.0,0.0,0.0,0.0,0.0,0.0,0.0,0.0,1639506.0,2035758.5,3081249.5,3446757.0,0.0,0.0,0
1789487605.0601044,fan,227,9,6640990.0,0.0,560707.5625,0.0,0.0,0.0,1554302.25,0.0,0.0,0.0,4920668.5,623292.75,0.0,0.0,433003.0625,1873966.875,0
1789487605.8538275,fan,238,6,0.0,0.0,0.0,0.0,0.0,971352.0625,0.0,652556.6875,254401.125,0.0,0.0,0.0,0.0,0.0,748090.375,1425021.25,0
1789487605.9127026,fan,272,4,0.0,0.0,0.0,0.0,0.0,0.0,0.0,0.0,936904.3125,0.0,0.0,0.0,2911562.0,0.0,468756.625,0.0,0
1789487605.9779596,fan,316,4,0.0,0.0,0.0,1277389.75,951069.0,0.0,0.0,2410239.0,0.0,0.0,0.0,0.0,0.0,0.0,0.0,0.0,0
1789487606.0416973,fan,235,5,0.0,0.0,0.0,0.0,0.0,482510.9375,1111425.0,0.0,0.0,0.0,0.0,0.0,0.0,2711107.75,1503399.0,1895550.875,0
1789487606.096564,fan,261,6,0.0,1072027.0,0.0,0.0,0.0,0.0,0.0,772585.3125,2508965.75,0.0,0.0,0.0,0.0,0.0,3147604.5,0.0,0
1789487606.297735,fan,234,5,2229594.5,317964.25,0.0,0.0,0.0,0.0,0.0,0.0,0.0,0.0,0.0,0.0,0.0,0.0,6340124.0,0.0,0
1789487606.3668158,fan,214,5,0.0,3224062.0,0.0,0.0,370801.0,0.0,0.0,0.0,0.0,0.0,0.0,0.0,6909443.0,0.0,0.0,0.0,0
1789487606.434013,fan,271,3,0.0,0.0,0.0,0.0,0.0,0.0,0.0,0.0,10458522.0,0.0,0.0,0.0,0.0,0.0,6105638.5,4053435.75,0
1789487606.4985898,fan,133,6,105654928.0,0.0,0.0,0.0,42851676.0,0.0,0.0,0.0,0.0,0.0,0.0,0.0,0.0,3836815.5,0.0,0.0,0
1789487606.9326272,fan,216,5,0.0,0.0,0.0,0.0,0.0,353889.34375,0.0,0.0,3953145.0,594873.1875,0.0,1814573.5,0.0,0.0,0.0,0.0,0
1789487606.9333887,fan,257,8,325104.84375,0.0,0.0,0.0,0.0,0.0,2970175.0,8715993.0,0.0,0.0,0.0,1515539.5,0.0,0.0,1166470.125,0.0,0
1789487607.756986,fan,296,4,0.0,0.0,0.0,22661524.0,0.0,0.0,0.0,900575.6875,0.0,441492.46875,0.0,0.0,0.0,0.0,0.0,0.0,0
1789487607.8167057,fan,270,10,0.0,0.0,0.0,0.0,6575706.0,0.0,3370883.0,6373713.5,3709821.0,0.0,0.0,0.0,0.0,3598123.5,0.0,926241.4375,0
1789487607.8810387,fan,269,6,0.0,0.0,0.0,1557839.0,609598.5,3045830.0,2137114.5,0.0,0.0,0.0,0.0,0.0,0.0,0.0,0.0,1185223.625,0
1789487607.9513507,fan,267,6,0.0,0.0,0.0,0.0,9929236.0,0.0,0.0,0.0,0.0,0.0,3359969.5,0.0,886056.75,7627014.0,0.0,0.0,0
1789487608.0403283,fan,265,8,0.0,183831.109375,1947612.0,6732294.0,0.0,0.0,2144220.5,0.0,0.0,0.0,0.0,0.0,0.0,5910143.0,5155821.0,0.0,0
1789487608.1050813,fan,260,9,0.0,0.0,0.0,0.0,5694313.5,6680006.0,4161012.5,0.0,1660191.5,0.0,3159838.5,0.0,441361.4375,0.0,785605.5625,0.0,0
1789487608.1689634,fan,263,12,0.0,5697554.5,0.0,1705463.375,3948677.0,0.0,8786482.0,13730119.0,0.0,1331502.25,675946.4375,5122280.5,1014815.0,0.0,0.0,0.0,0
1789487608.2338915,fan,249,3,0.0,0.0,0.0,0.0,0.0,0.0,0.0,0.0,0.0,0.0,1164483.5,0.0,1057855.875,0.0,0.0,1159974.75,0
1789487608.3508806,fan,265,7,0.0,0.0,0.0,0.0,0.0,0.0,0.0,0.0,0.0,0.0,0.0,11282986.0,0.0,15006851.0,1475951.375,1208405.75,0
1789487608.792964,fan,305,3,0.0,0.0,0.0,0.0,0.0,0.0,0.0,0.0,0.0,1655467.25,1077669.875,0.0,0.0,2638818.75,0.0,0.0,0
1789487609.1630747,fan,284,10,0.0,0.0,0.0,0.0,677886528.0,400820608.0,75017072.0,0.0,93212272.0,0.0,51314928.0,53243352.0,0.0,103830560.0,33372172.0,0.0,0
1789487609.2192707,fan,284,4,0.0,0.0,0.0,0.0,0.0,0.0,0.0,0.0,7958395.0,6651470.0,0.0,0.0,2016483.625,0.0,0.0,2807587.75,0
1789487609.2730944,fan,284,7,0.0,0.0,0.0,0.0,0.0,2197858.0,0.0,0.0,0.0,442984.625,389241.03125,0.0,0.0,1704914.375,0.0,10489530.0,0
1789487609.393293,fan,296,4,0.0,0.0,0.0,7983209.0,0.0,1640334.5,0.0,0.0,0.0,0.0,0.0,0.0,422668.71875,0.0,373584.5,0.0,0
1789487609.5079093,fan,252,4,0.0,0.0,0.0,0.0,0.0,0.0,34359624.0,0.0,0.0,0.0,3387888.0,1873798.5,0.0,0.0,0.0,272251.3125,0
1789487609.571401,fan,290,9,0.0,0.0,0.0,0.0,4200755.0,0.0,7783638.0,0.0,0.0,1065317.0,0.0,0.0,1933104.625,5881111.0,0.0,2144351.0,0
1789487609.7748888,fan,227,3,0.0,0.0,0.0,0.0,0.0,0.0,0.0,315560672.0,231294528.0,0.0,0.0,0.0,0.0,0.0,0.0,16387183.0,0
1789487609.999876,fan,260,3,0.0,0.0,0.0,0.0,0.0,0.0,0.0,0.0,0.0,12768211.0,0.0,0.0,2556292.75,3410676.5,0.0,0.0,0
1789487610.2492752,fan,338,5,0.0,0.0,0.0,0.0,0.0,0.0,0.0,66869320.0,0.0,68999664.0,0.0,34744152.0,0.0,42257640.0,0.0,18245966.0,0
1789487610.6699548,fan,283,5,0.0,0.0,0.0,0.0,0.0,0.0,0.0,0.0,0.0,0.0,1473752.5,0.0,5912869.5,16013397.0,4597222.0,3807030.0,0
1789487610.7856798,fan,353,3,0.0,0.0,0.0,0.0,52433780.0,0.0,0.0,0.0,0.0,0.0,0.0,0.0,0.0,0.0,2306502.0,1045406.625,0
1789487610.8423488,fan,263,7,0.0,0.0,0.0,0.0,0.0,0.0,0.0,0.0,0.0,3890393.5,6917350.0,1110270.0,2591374.75,4109955.0,0.0,1824116.75,0
1789487611.0271552,fan,353,3,0.0,0.0,0.0,0.0,0.0,0.0,55744700.0,103105680.0,0.0,0.0,0.0,0.0,0.0,0.0,0.0,0.0,0
1789487611.141006,fan,294,4,0.0,0.0,0.0,0.0,0.0,0.0,0.0,0.0,0.0,0.0,8847792.0,0.0,0.0,4852963.0,0.0,3145307.75,0
1789487611.2043917,fan,309,3,0.0,0.0,0.0,0.0,0.0,332414016.0,172407072.0,149782640.0,0.0,0.0,0.0,0.0,0.0,0.0,0.0,0.0,0
1789487611.4984834,fan,303,7,0.0,0.0,0.0,0.0,0.0,0.0,0.0,0.0,12826944.0,0.0,0.0,15237782.0,23185972.0,0.0,0.0,809600.75,0
1789487611.562309,fan,308,4,0.0,0.0,0.0,0.0,0.0,0.0,0.0,0.0,0.0,0.0,0.0,105163552.0,122824400.0,0.0,0.0,40739732.0,0
1789487611.6890936,fan,229,3,0.0,0.0,0.0,0.0,0.0,0.0,0.0,11782884.0,0.0,40194196.0,0.0,0.0,0.0,0.0,0.0,0.0,0
1789487612.1253521,fan,312,3,0.0,0.0,0.0,0.0,0.0,0.0,0.0,0.0,0.0,0.0,0.0,89615912.0,0.0,0.0,4969636.0,10520660.0,0
1789487612.3282473,fan,263,3,0.0,0.0,0.0,0.0,0.0,0.0,0.0,0.0,0.0,0.0,0.0,0.0,12635912.0,4524314.0,0.0,9088600.0,0
1789487612.7653358,fan,262,4,0.0,0.0,0.0,0.0,0.0,0.0,0.0,0.0,10455275.0,0.0,0.0,4255931.0,4037332.0,0.0,3393940.25,0.0,0
1789487612.8303418,fan,357,3,0.0,0.0,0.0,0.0,0.0,0.0,0.0,0.0,0.0,313707488.0,121814256.0,0.0,0.0,0.0,0.0,0.0,0
1789487612.975287,fan,357,5,0.0,0.0,0.0,4748260352.0,2106398848.0,1949778048.0,0.0,0.0,0.0,989150656.0,0.0,0.0,521636000.0,0.0,0.0,0.0,0
1789487613.3350034,fan,344,3,0.0,0.0,0.0,0.0,0.0,0.0,0.0,0.0,0.0,0.0,0.0,70345056.0,0.0,0.0,0.0,4687144.5,0
1789487613.6503685,fan,200,3,0.0,0.0,0.0,0.0,0.0,0.0,0.0,0.0,0.0,0.0,0.0,6527523.0,0.0,2466610.0,1884872.5,0.0,0
1789487613.6512516,fan,125,3,0.0,0.0,0.0,0.0,0.0,0.0,0.0,0.0,0.0,0.0,0.0,6427572.0,789713.0,0.0,0.0,0.0,0
1789487614.2487385,fan,173,3,0.0,0.0,0.0,0.0,0.0,0.0,0.0,0.0,0.0,0.0,0.0,0.0,0.0,95047968.0,204587232.0,0.0,0
1789487614.4950078,fan,185,6,0.0,0.0,0.0,0.0,0.0,0.0,0.0,0.0,0.0,0.0,0.0,17675430.0,27224514.0,22069546.0,59271728.0,20209874.0,0
1789487614.5506487,fan,173,9,0.0,0.0,0.0,0.0,0.0,19878724.0,0.0,9056390.0,22894138.0,26770130.0,19489454.0,10110120.0,0.0,0.0,12299934.0,5518468.5,0
1789487614.6156974,fan,171,5,0.0,0.0,0.0,0.0,55426204.0,0.0,37881980.0,0.0,0.0,0.0,17255734.0,24405074.0,0.0,0.0,14633530.0,0.0,0
1789487614.78921,fan,319,3,0.0,0.0,0.0,0.0,0.0,0.0,0.0,0.0,0.0,0.0,0.0,0.0,61357728.0,77870208.0,0.0,0.0,0
1789487614.9595253,fan,190,11,464269.46875,475005.375,0.0,0.0,90534.515625,2701763.5,2828515.0,0.0,0.0,0.0,0.0,13473678.0,0.0,0.0,12137110.0,7387243.0,0
1789487615.1140628,fan,185,13,0.0,0.0,0.0,2334803.0,0.0,6970921.0,10002364.0,3443860.5,1931511.375,2998919.5,1677199.75,3726991.5,0.0,0.0,0.0,830450.6875,0
1789487615.6479373,fan,212,3,0.0,0.0,0.0,0.0,0.0,0.0,0.0,0.0,0.0,57418424.0,0.0,0.0,388374656.0,0.0,0.0,24702004.0,0
1789487615.7889514,fan,319,4,0.0,0.0,0.0,0.0,843380672.0,0.0,0.0,0.0,0.0,124447696.0,0.0,0.0,0.0,14611945.0,0.0,0.0,0
1789487615.8380868,fan,202,4,0.0,0.0,0.0,0.0,0.0,0.0,0.0,0.0,0.0,0.0,0.0,0.0,0.0,115820688.0,52437648.0,0.0,0
1789487616.4009366,fan,127,5,0.0,0.0,0.0,0.0,0.0,0.0,0.0,0.0,642384320.0,0.0,562582912.0,0.0,0.0,89134384.0,102910992.0,0.0,0
1789487616.6748817,fan,119,3,0.0,0.0,0.0,0.0,0.0,0.0,0.0,0.0,0.0,238953152.0,0.0,156500768.0,0.0,0.0,0.0,43275228.0,0
1789487617.0995848,fan,191,4,0.0,0.0,0.0,0.0,0.0,0.0,0.0,0.0,0.0,0.0,0.0,0.0,32704636.0,40754480.0,8859996.0,7157427.5,0
1789487617.6639748,fan,254,3,0.0,0.0,0.0,0.0,0.0,0.0,0.0,0.0,0.0,113286848.0,61656564.0,0.0,0.0,0.0,0.0,0.0,0
1789487618.0204976,fan,157,3,0.0,0.0,0.0,0.0,0.0,0.0,0.0,0.0,0.0,0.0,112244296.0,0.0,0.0,0.0,8613006.0,6655420.5,0
1789487618.3562453,fan,187,5,0.0,0.0,0.0,0.0,309133536.0,0.0,112379536.0,0.0,0.0,0.0,0.0,158143744.0,0.0,40583084.0,0.0,0.0,0
1789487618.4709394,fan,90,3,0.0,0.0,0.0,0.0,0.0,0.0,0.0,0.0,21266720.0,0.0,0.0,0.0,12287158.0,3906532.0,0.0,0.0,0
1789487618.8593903,fan,162,3,0.0,0.0,0.0,0.0,0.0,0.0,0.0,0.0,830818752.0,0.0,0.0,0.0,0.0,0.0,1233312640.0,0.0,0
1789487618.9771545,fan,140,3,0.0,0.0,0.0,0.0,297511840.0,0.0,0.0,0.0,0.0,0.0,0.0,0.0,3437026.75,0.0,7347658.0,0.0,0
1789487619.4127383,fan,168,3,0.0,0.0,0.0,0.0,0.0,0.0,0.0,156647184.0,0.0,0.0,0.0,68669496.0,0.0,0.0,6950853.5,0.0,0
1789487620.1094913,fan,140,4,0.0,0.0,0.0,0.0,0.0,0.0,0.0,0.0,0.0,0.0,0.0,0.0,0.0,44861576.0,86717648.0,16214193.0,0
1789487621.5578847,fan,150,4,0.0,0.0,0.0,0.0,0.0,177909472.0,0.0,0.0,0.0,0.0,9256768.0,18102452.0,0.0,32339278.0,0.0,0.0,0
1789487621.742553,fan,195,3,0.0,0.0,0.0,0.0,0.0,0.0,0.0,0.0,0.0,420936768.0,134409040.0,0.0,0.0,0.0,0.0,0.0,0
1789487622.1124184,fan,204,4,0.0,0.0,0.0,0.0,0.0,0.0,0.0,0.0,0.0,0.0,0.0,22966648.0,0.0,10720005.0,0.0,2458241.75,0
1789487622.2399614,fan,200,5,0.0,0.0,0.0,0.0,0.0,0.0,0.0,0.0,0.0,0.0,19105098.0,23604056.0,6843661.5,7605309.0,3130887.25,0.0,0
1789487622.4177058,fan,359,5,0.0,0.0,0.0,0.0,0.0,0.0,0.0,0.0,0.0,0.0,0.0,0.0,0.0,196834016.0,82736576.0,0.0,0
1789487622.777118,fan,195,5,0.0,0.0,0.0,0.0,0.0,0.0,0.0,0.0,0.0,0.0,7140391.0,17534454.0,0.0,0.0,3272427.5,2385710.5,0
1789487622.8329446,fan,228,5,0.0,0.0,0.0,0.0,0.0,0.0,0.0,0.0,0.0,3959634.5,0.0,0.0,2506295.0,1888344.25,0.0,14448308.0,0
1789487623.0188532,fan,217,5,0.0,0.0,0.0,0.0,0.0,0.0,0.0,0.0,0.0,6531478.5,4570432.0,5181195.0,0.0,6430165.0,4520751.5,0.0,0
1789487623.0807111,fan,212,6,0.0,0.0,0.0,0.0,0.0,0.0,0.0,3902285.5,0.0,0.0,0.0,8508994.0,1654952.375,2919272.75,6353080.0,0.0,0
1789487623.4709709,fan,231,3,0.0,0.0,0.0,0.0,0.0,0.0,0.0,0.0,13535795.0,0.0,0.0,0.0,0.0,5585822.5,5392676.0,0.0,0
1789487623.5997841,fan,256,5,0.0,0.0,0.0,0.0,0.0,0.0,0.0,0.0,0.0,0.0,0.0,0.0,28935664.0,32235834.0,10614304.0,0.0,0
1789487623.6008291,fan,210,3,0.0,0.0,0.0,0.0,0.0,0.0,0.0,0.0,0.0,0.0,9988282.0,0.0,0.0,0.0,2111102.25,5552320.5,0
1789487623.6655593,fan,210,3,0.0,0.0,0.0,0.0,0.0,0.0,0.0,0.0,0.0,0.0,0.0,0.0,10193030.0,0.0,0.0,10421788.0,0
1789487623.7799768,fan,285,3,0.0,0.0,0.0,0.0,0.0,0.0,0.0,0.0,0.0,0.0,0.0,0.0,0.0,0.0,1971051.0,4795555.0,0
1789487623.8376575,fan,168,3,0.0,0.0,0.0,0.0,0.0,0.0,0.0,0.0,0.0,131208440.0,0.0,0.0,66599648.0,0.0,17838106.0,0.0,0
1789487624.0453055,fan,247,3,0.0,0.0,0.0,0.0,0.0,0.0,0.0,0.0,0.0,0.0,6049676.5,0.0,0.0,2472600.5,730210.0,0.0,0
1789487624.100312,fan,250,10,0.0,0.0,0.0,0.0,0.0,0.0,0.0,2608180.5,0.0,2845551.5,1267257.75,0.0,5653314.5,4936713.5,7127919.0,3683914.25,0
1789487624.1633863,fan,253,5,0.0,0.0,0.0,0.0,0.0,0.0,0.0,0.0,0.0,0.0,0.0,0.0,1027783.9375,8096091.0,0.0,2040912.25,0
1789487624.3076363,fan,234,6,0.0,0.0,0.0,0.0,0.0,0.0,3628848.75,0.0,0.0,0.0,5407015.0,2391502.0,0.0,6856024.0,0.0,0.0,0
1789487624.4154742,fan,234,3,0.0,0.0,0.0,0.0,9966718.0,0.0,0.0,0.0,0.0,2585708.5,0.0,0.0,0.0,1524658.625,0.0,0.0,0
1789487624.531309,fan,246,5,0.0,0.0,0.0,0.0,0.0,0.0,0.0,0.0,0.0,0.0,0.0,0.0,919879.6875,3563276.0,9358863.0,0.0,0
1789487624.5841124,fan,269,11,0.0,0.0,5006042.0,3165065.0,0.0,258725.5,0.0,2771899.0,0.0,0.0,3705025.5,4585939.0,0.0,0.0,0.0,1142543.875,0
1789487624.689805,fan,238,4,0.0,0.0,0.0,0.0,0.0,0.0,0.0,0.0,4257667.5,2483037.75,0.0,0.0,0.0,3140949.5,4438766.5,0.0,0
1789487624.7546952,fan,265,7,0.0,0.0,0.0,0.0,0.0,0.0,0.0,0.0,3704081.5,0.0,14520584.0,2428642.75,10120700.0,3050196.0,0.0,0.0,0
1789487624.8905323,fan,346,5,0.0,0.0,0.0,0.0,16197040.0,0.0,16652921.0,0.0,0.0,0.0,0.0,0.0,0.0,0.0,0.0,1774163.875,0
1789487625.010563,fan,261,6,72906752.0,0.0,15467167.0,0.0,0.0,0.0,0.0,0.0,0.0,0.0,0.0,6382124.0,0.0,2658649.0,1648237.25,0.0,0
1789487625.1216187,fan,238,12,0.0,2172683.5,0.0,0.0,1652534.75,0.0,0.0,0.0,14426688.0,5144194.0,4445428.0,1260614.75,2933360.0,0.0,4060356.5,647599.75,0
1789487625.1900003,fan,238,3,0.0,0.0,0.0,0.0,0.0,0.0,0.0,0.0,0.0,1182633.75,0.0,1451046.875,0.0,193518.96875,0.0,0.0,0
1789487625.2398229,fan,265,11,0.0,0.0,0.0,0.0,6285816.0,190322.296875,2023100.125,0.0,0.0,484029.65625,0.0,345623.625,2429444.5,1997053.125,0.0,0.0,0
1789487625.3049037,fan,262,7,0.0,1824436.25,0.0,399725.375,0.0,2478880.25,0.0,0.0,0.0,0.0,0.0,9182718.0,1650735.25,0.0,0.0,0.0,0
1789487625.3694391,fan,263,10,0.0,0.0,0.0,0.0,17641184.0,0.0,0.0,0.0,4139057.5,0.0,2225454.0,949476.25,3116184.0,2092812.75,3304291.5,0.0,0
1789487625.4345381,fan,263,7,0.0,0.0,0.0,0.0,2251159.25,550624.125,0.0,0.0,0.0,0.0,2828387.5,4141163.75,3175773.5,0.0,0.0,0.0,0
1789487625.4846976,fan,261,12,0.0,0.0,0.0,0.0,10212014.0,1451264.5,0.0,0.0,2213135.75,0.0,6869894.0,8255309.0,8272376.5,3917534.5,0.0,0.0,0
1789487625.5502903,fan,261,9,0.0,0.0,0.0,0.0,0.0,0.0,9505995.0,0.0,226672.734375,0.0,0.0,1897840.625,1592859.5,3234102.5,1141575.75,0.0,0
1789487625.5963368,fan,253,9,0.0,0.0,0.0,0.0,0.0,0.0,1785877.25,0.0,0.0,7974136.0,0.0,5942969.5,0.0,3065879.5,4541808.0,0.0,0
1789487625.6611676,fan,251,4,0.0,0.0,0.0,0.0,0.0,0.0,0.0,0.0,0.0,11033974.0,0.0,0.0,0.0,4561783.5,1994855.375,0.0,0
1789487625.7260244,fan,254,9,0.0,0.0,0.0,0.0,3964961.0,2471762.75,2841423.5,441315.8125,0.0,3623151.5,0.0,1023096.5,1931029.125,5089927.5,0.0,0.0,0
1789487625.7912948,fan,253,11,0.0,0.0,0.0,0.0,0.0,10257915.0,3691369.25,1801596.625,0.0,0.0,0.0,8753171.0,832329.875,0.0,2441550.5,0.0,0
1789487625.855936,fan,253,3,2131907.75,0.0,0.0,0.0,0.0,0.0,0.0,0.0,0.0,0.0,0.0,2197507.25,0.0,0.0,0.0,953411.25,0
1789487625.9068234,fan,63,3,0.0,0.0,0.0,0.0,0.0,0.0,0.0,0.0,0.0,0.0,28921950.0,24507594.0,0.0,0.0,23129262.0,0.0,0
1789487625.9646947,fan,209,4,0.0,0.0,0.0,0.0,0.0,0.0,0.0,25396060.0,18010344.0,19046422.0,0.0,0.0,0.0,0.0,7848444.5,0.0,0
1789487625.9655678,fan,5,5,0.0,0.0,0.0,0.0,0.0,0.0,0.0,0.0,0.0,0.0,10578557.0,0.0,0.0,15164002.0,0.0,11478500.0,0
1789487626.0424592,fan,91,3,0.0,0.0,0.0,0.0,0.0,0.0,62102384.0,0.0,0.0,0.0,0.0,11815962.0,0.0,0.0,0.0,4688035.0,0
1789487626.1148732,fan,258,7,0.0,0.0,0.0,0.0,0.0,0.0,0.0,0.0,0.0,3539365.0,0.0,0.0,0.0,4452123.5,12092334.0,7034017.0,0
1789487626.161191,fan,258,3,0.0,0.0,0.0,0.0,0.0,0.0,0.0,0.0,0.0,4431806.0,0.0,0.0,1104016.25,0.0,2529344.75,0.0,0
1789487626.3939893,fan,236,3,0.0,0.0,0.0,0.0,0.0,0.0,0.0,0.0,0.0,0.0,0.0,27220922.0,0.0,2866134.25,0.0,0.0,0
1789487626.640529,fan,243,3,0.0,0.0,0.0,0.0,0.0,0.0,0.0,0.0,0.0,0.0,0.0,7505385.5,0.0,0.0,5621563.5,7272361.5,0
1789487626.7037554,fan,229,7,0.0,0.0,0.0,0.0,0.0,0.0,0.0,0.0,0.0,0.0,8508727.0,27110072.0,0.0,16088720.0,18619042.0,0.0,0
1789487626.767474,fan,228,4,0.0,0.0,0.0,0.0,0.0,0.0,0.0,0.0,0.0,0.0,0.0,16280877.0,0.0,17999236.0,0.0,0.0,0
1789487626.892327,fan,225,5,0.0,0.0,0.0,0.0,0.0,0.0,0.0,0.0,0.0,12705260.0,27307240.0,4335003.5,0.0,0.0,1877827.625,0.0,0
1789487626.9531927,fan,160,3,0.0,0.0,0.0,0.0,63521040.0,0.0,0.0,0.0,0.0,0.0,0.0,5690416.0,0.0,0.0,0.0,808078.75,0
1789487627.0682669,fan,324,3,0.0,0.0,0.0,0.0,0.0,0.0,0.0,0.0,0.0,0.0,0.0,262744544.0,0.0,299440768.0,0.0,0.0,0
1789487627.1433005,fan,212,4,0.0,0.0,0.0,0.0,0.0,0.0,0.0,0.0,0.0,0.0,0.0,48739340.0,0.0,159811952.0,0.0,0.0,0
1789487627.3253953,fan,178,4,0.0,0.0,0.0,0.0,0.0,0.0,0.0,0.0,0.0,0.0,0.0,0.0,162692896.0,98298928.0,0.0,5729406.5,0
1789487627.4019532,fan,313,3,0.0,0.0,0.0,0.0,0.0,2012020736.0,0.0,0.0,0.0,490670144.0,0.0,0.0,0.0,29000992.0,0.0,0.0,0
1789487627.4030468,fan,146,3,0.0,0.0,0.0,0.0,2288668928.0,0.0,0.0,0.0,0.0,0.0,0.0,0.0,0.0,0.0,60146016.0,45847048.0,0
1789487627.578234,fan,184,3,0.0,0.0,0.0,0.0,0.0,0.0,0.0,0.0,0.0,0.0,0.0,312964800.0,0.0,574510720.0,0.0,0.0,0
1789487627.6861272,fan,158,4,0.0,0.0,0.0,0.0,0.0,0.0,0.0,0.0,0.0,27300716.0,81590960.0,0.0,0.0,0.0,9047891.0,0.0,0
1789487627.8162336,fan,241,3,0.0,0.0,0.0,0.0,1037081024.0,0.0,0.0,0.0,0.0,0.0,0.0,0.0,0.0,19853366.0,9669418.0,0.0,0
1789487628.5116882,fan,108,3,0.0,0.0,0.0,0.0,5250358784.0,0.0,0.0,0.0,0.0,0.0,0.0,0.0,180389248.0,503440224.0,0.0,0.0,0
1789487628.8353372,fan,277,3,0.0,0.0,0.0,0.0,0.0,0.0,0.0,0.0,0.0,524541440.0,0.0,0.0,0.0,0.0,224611168.0,0.0,0
1789487628.9139056,fan,44,3,0.0,0.0,0.0,0.0,0.0,0.0,0.0,0.0,0.0,0.0,0.0,0.0,0.0,270031904.0,154649824.0,112199912.0,0
1789487629.12044,fan,214,4,0.0,0.0,0.0,0.0,0.0,5354549760.0,0.0,0.0,0.0,0.0,0.0,0.0,0.0,74891216.0,0.0,46312588.0,0
1789487629.243578,fan,267,4,0.0,3028925440.0,0.0,0.0,0.0,0.0,0.0,0.0,0.0,0.0,871913408.0,0.0,0.0,377103008.0,0.0,45866196.0,0
1789487629.4649997,fan,219,4,0.0,0.0,0.0,0.0,0.0,0.0,0.0,0.0,0.0,0.0,0.0,14149036.0,0.0,0.0,0.0,4413126.5,0
1789487629.587464,fan,188,3,0.0,0.0,0.0,0.0,0.0,0.0,0.0,0.0,0.0,58666536.0,0.0,0.0,0.0,17808532.0,9133951.0,0.0,0
1789487629.652175,fan,202,4,0.0,0.0,0.0,0.0,0.0,0.0,0.0,0.0,0.0,0.0,0.0,31047548.0,0.0,9582710.0,0.0,18708240.0,0
1789487629.76939,fan,279,3,0.0,0.0,0.0,0.0,0.0,0.0,0.0,0.0,0.0,0.0,0.0,0.0,0.0,252715840.0,106574544.0,0.0,0
1789487629.8713956,fan,279,3,0.0,0.0,0.0,0.0,0.0,0.0,0.0,0.0,3088335.5,0.0,1413004.875,0.0,0.0,1653638.75,0.0,0.0,0
1789487629.9303706,fan,238,6,0.0,0.0,0.0,0.0,0.0,0.0,19186278.0,0.0,0.0,0.0,0.0,8733510.0,0.0,2859914.0,3906705.5,0.0,0
1789487630.0497687,fan,265,6,0.0,0.0,0.0,0.0,0.0,0.0,0.0,15454289.0,0.0,0.0,0.0,5449679.0,0.0,2154271.75,0.0,0.0,0
1789487630.1144462,fan,273,3,0.0,0.0,0.0,0.0,0.0,0.0,0.0,0.0,0.0,0.0,4388422.5,0.0,0.0,448423.09375,0.0,0.0,0
1789487630.2450576,fan,257,9,0.0,0.0,0.0,0.0,0.0,0.0,2239881.25,0.0,0.0,0.0,0.0,0.0,10646292.0,5290274.0,2950667.5,0.0,0
1789487630.3094602,fan,232,9,0.0,0.0,0.0,0.0,0.0,0.0,0.0,0.0,0.0,0.0,425018.1875,6284820.0,4067073.25,1466701.625,3839510.5,3017478.5,0
1789487630.4799302,fan,213,6,0.0,0.0,0.0,0.0,0.0,0.0,0.0,0.0,24452802.0,0.0,0.0,0.0,3377302.25,9687256.0,0.0,5095938.0,0
1789487630.716016,fan,48,6,0.0,0.0,0.0,0.0,0.0,0.0,0.0,301983552.0,152238800.0,79761664.0,0.0,54439572.0,0.0,35884732.0,47920324.0,0.0,0
1789487631.2571454,fan,136,4,0.0,0.0,0.0,0.0,0.0,0.0,0.0,0.0,0.0,0.0,0.0,0.0,46264008.0,0.0,13083107.0,23271276.0,0
1789487631.3273373,fan,200,5,0.0,0.0,0.0,0.0,0.0,0.0,15957358.0,0.0,0.0,0.0,0.0,3409699.5,0.0,1540446.75,3254751.25,0.0,0
1789487631.3782237,fan,262,6,0.0,0.0,0.0,0.0,0.0,0.0,0.0,0.0,0.0,0.0,0.0,2003533.25,898701.25,7514865.5,1149878.5,0.0,0
1789487631.6171296,fan,140,3,0.0,0.0,0.0,0.0,0.0,0.0,256474368.0,412752960.0,0.0,0.0,0.0,0.0,0.0,0.0,0.0,0.0,0
1789487631.8757603,fan,222,7,0.0,0.0,0.0,0.0,0.0,0.0,0.0,0.0,0.0,0.0,3725298.75,18503262.0,1780892.75,1152554.5,4021031.25,3235636.75,0
1789487631.9953701,fan,55,3,0.0,0.0,0.0,0.0,0.0,0.0,0.0,0.0,0.0,0.0,326884672.0,0.0,0.0,0.0,160246720.0,142994368.0,0
1789487632.3619568,fan,172,3,0.0,0.0,0.0,0.0,0.0,0.0,0.0,0.0,0.0,0.0,0.0,32623096.0,0.0,6562626.5,0.0,10221275.0,0
1789487633.1009176,fan,194,9,0.0,4200772.5,0.0,0.0,0.0,1776792.0,0.0,0.0,3239216.5,0.0,4303107.5,792017.75,0.0,1411267.0,0.0,4101754.5,0
1789487633.165539,fan,177,10,0.0,0.0,0.0,0.0,0.0,0.0,0.0,0.0,9148167.0,1364809.25,0.0,1817993.875,0.0,1115182.0,5625671.0,2060587.25,0
1789487633.275817,fan,182,12,0.0,0.0,0.0,0.0,0.0,0.0,0.0,5507838.5,2830580.0,723026.875,5710600.0,2474514.5,0.0,4896421.5,2066385.0,0.0,0
1789487633.3718753,fan,181,8,1047095.625,0.0,0.0,0.0,0.0,1177057.875,0.0,1227628.5,1921951.25,1492399.0,0.0,3574823.0,0.0,0.0,0.0,1856010.625,0
1789487633.687504,fan,169,11,0.0,355825.34375,0.0,0.0,1427392.625,0.0,952042.3125,0.0,2887919.75,1218884.25,959364.375,0.0,3054741.5,127346.6171875,0.0,1555367.625,0
1789487633.9739797,fan,172,9,0.0,2520079.75,1571953.375,0.0,1751660.5,0.0,1092585.25,0.0,0.0,0.0,0.0,5347284.0,0.0,2506287.25,2066490.5,645567.9375,0
1789487634.0389946,fan,173,7,0.0,0.0,0.0,0.0,0.0,0.0,2399523.25,0.0,3089227.0,0.0,0.0,648911.75,1970606.625,4703689.5,0.0,0.0,0
1789487634.163725,fan,173,7,0.0,0.0,0.0,0.0,0.0,0.0,0.0,0.0,1911719.25,2868976.75,0.0,0.0,0.0,2339835.75,767086.75,3278692.0,0
1789487635.716794,fan,173,7,0.0,0.0,0.0,0.0,0.0,0.0,6720256.0,0.0,0.0,1535711.375,0.0,2700076.0,0.0,3054634.5,0.0,0.0,0
1789487635.9068365,fan,179,12,472956.5625,0.0,0.0,0.0,629857.125,499320.125,672884.5,0.0,0.0,0.0,1136447.0,2809993.5,0.0,2045028.875,1473703.375,2202465.0,0
1789487635.9778297,fan,186,13,0.0,0.0,0.0,827949.25,0.0,1350386.75,0.0,0.0,0.0,2516789.0,908157.0,2041877.625,1819254.0,11255106.0,6624744.5,0.0,0
1789487636.064337,fan,187,6,0.0,0.0,0.0,0.0,86985.84375,3510151.0,0.0,636984.875,0.0,0.0,0.0,0.0,0.0,1014580.0,3111314.5,0.0,0
1789487636.1292572,fan,183,4,0.0,0.0,0.0,0.0,1062231.375,0.0,0.0,0.0,2859929.0,597977.125,0.0,528704.25,0.0,0.0,0.0,0.0,0
1789487636.2547085,fan,166,9,0.0,0.0,0.0,689646.125,0.0,657633.25,367566.8125,2220812.0,0.0,557043.9375,2275777.75,0.0,0.0,2303970.75,0.0,0.0,0
1789487636.4463885,fan,216,3,7347896.5,0.0,0.0,0.0,0.0,0.0,0.0,0.0,0.0,1898543.375,0.0,0.0,839993.1875,0.0,0.0,0.0,0
1789487636.447171,fan,256,3,7042051.0,0.0,0.0,0.0,0.0,0.0,190674.71875,0.0,0.0,650033.3125,0.0,0.0,0.0,0.0,0.0,0.0,0
1789487636.5109782,fan,191,11,0.0,0.0,0.0,0.0,0.0,0.0,0.0,0.0,332405.90625,3618997.75,0.0,0.0,1590928.0,3356716.0,2770279.0,1029865.1875,0
1789487636.6143332,fan,195,4,242755808.0,0.0,0.0,0.0,0.0,0.0,0.0,0.0,0.0,0.0,0.0,17136856.0,0.0,24056618.0,0.0,0.0,0
1789487636.866123,fan,356,6,0.0,2914277632.0,2269606400.0,0.0,0.0,0.0,350838816.0,0.0,0.0,181368224.0,0.0,0.0,0.0,0.0,0.0,0.0,0
1789487637.1027954,fan,181,7,0.0,0.0,0.0,0.0,0.0,2006024.25,907002.75,0.0,684389.3125,882121.0,2058550.5,0.0,0.0,0.0,1766673.75,1710710.625,0
1789487637.1604416,fan,196,7,0.0,0.0,0.0,7641377.5,0.0,0.0,0.0,0.0,1310130.0,0.0,1107884.5,601101.0625,0.0,325915.5625,657153.75,0.0,0
1789487637.225387,fan,194,8,0.0,0.0,0.0,0.0,0.0,0.0,2611894.0,0.0,0.0,0.0,0.0,3231891.75,4554227.0,1212580.625,907525.4375,0.0,0
1789487637.2889316,fan,171,4,0.0,0.0,0.0,0.0,0.0,0.0,8208266.0,0.0,0.0,4763114.0,0.0,0.0,0.0,0.0,0.0,0.0,0
1789487637.4312503,fan,158,3,0.0,0.0,0.0,0.0,0.0,0.0,0.0,0.0,26551566.0,0.0,0.0,0.0,0.0,0.0,3713762.0,2989242.75,0
1789487637.629968,fan,330,5,0.0,0.0,0.0,255515696.0,0.0,0.0,13393699.0,0.0,0.0,59551320.0,0.0,0.0,0.0,0.0,0.0,0.0,0
1789487637.7894094,fan,171,6,0.0,0.0,0.0,0.0,0.0,0.0,1330514.5,0.0,0.0,0.0,2256819.0,0.0,0.0,2163599.5,1601626.25,767605.875,0
1789487637.905577,fan,113,3,0.0,0.0,0.0,0.0,0.0,0.0,0.0,0.0,0.0,0.0,5906089.0,1529000.25,1897277.75,0.0,0.0,0.0,0
1789487638.1673164,fan,177,3,0.0,0.0,0.0,0.0,0.0,0.0,0.0,0.0,0.0,0.0,0.0,7648136.5,4315929.5,0.0,2872931.0,0.0,0
1789487638.362102,fan,189,5,0.0,0.0,0.0,0.0,0.0,0.0,14740045.0,0.0,0.0,10804963.0,15182810.0,6587389.0,0.0,0.0,1490124.75,0.0,0
1789487638.4774673,fan,191,6,0.0,0.0,0.0,0.0,0.0,0.0,0.0,0.0,0.0,0.0,0.0,4367245.0,0.0,5580106.0,1019282.375,775192.375,0
1789487639.0572817,fan,184,6,0.0,0.0,0.0,0.0,0.0,0.0,0.0,0.0,0.0,15643546.0,0.0,0.0,0.0,2708389.75,7659359.5,15374306.0,0
1789487639.4602702,fan,179,5,0.0,0.0,0.0,0.0,0.0,0.0,0.0,0.0,0.0,80613480.0,0.0,203881408.0,16656847.0,0.0,77682856.0,0.0,0
1789487639.698138,fan,157,4,0.0,0.0,0.0,0.0,0.0,0.0,278628384.0,0.0,0.0,501509920.0,0.0,0.0,5771622.5,0.0,0.0,0.0,0
1789487640.3939514,fan,209,4,0.0,0.0,0.0,0.0,0.0,0.0,0.0,0.0,0.0,0.0,0.0,8473875.0,0.0,4673032.5,0.0,1846319.5,0
1789487640.5759027,fan,178,5,0.0,0.0,0.0,0.0,0.0,0.0,0.0,0.0,0.0,0.0,30742136.0,24976772.0,0.0,8295710.0,0.0,9364314.0,0
1789487640.7102237,fan,146,3,0.0,0.0,0.0,0.0,0.0,98571120.0,0.0,0.0,0.0,0.0,0.0,6814779.5,0.0,0.0,0.0,0.0,0
1789487640.7751882,fan,43,5,0.0,0.0,0.0,0.0,0.0,0.0,13497155.0,0.0,0.0,1182897.0,1729386.125,636719.0625,0.0,0.0,0.0,0.0,0
1789487640.9078505,fan,183,3,0.0,0.0,0.0,0.0,0.0,0.0,0.0,0.0,0.0,0.0,0.0,2408293.5,5256307.5,1118442.0,0.0,0.0,0
1789487641.2666655,fan,163,3,0.0,0.0,0.0,0.0,0.0,0.0,0.0,0.0,0.0,0.0,0.0,0.0,0.0,1083228.25,0.0,4431997.5,0
1789487642.0245998,fan,165,3,0.0,0.0,0.0,0.0,0.0,0.0,0.0,0.0,0.0,0.0,0.0,5086858.0,1184503.5,0.0,0.0,0.0,0
1789487642.116295,fan,218,3,0.0,0.0,0.0,0.0,0.0,0.0,207016176.0,244934368.0,0.0,19972712.0,0.0,0.0,0.0,0.0,0.0,0.0,0
1789487642.340124,fan,245,3,0.0,0.0,0.0,0.0,0.0,0.0,0.0,0.0,0.0,41021092.0,0.0,0.0,5422546.5,0.0,0.0,0.0,0
1789487642.5529623,fan,351,5,0.0,0.0,0.0,0.0,0.0,0.0,0.0,79707488.0,0.0,177776624.0,45714436.0,0.0,0.0,0.0,0.0,0.0,0
1789487642.780516,fan,196,3,0.0,0.0,0.0,0.0,0.0,0.0,0.0,0.0,0.0,0.0,0.0,0.0,0.0,0.0,3048761.0,3025556.5,0
1789487643.1078646,fan,175,3,0.0,0.0,0.0,0.0,0.0,0.0,0.0,3179311.25,0.0,0.0,0.0,0.0,0.0,3749341.25,0.0,0.0,0
1789487643.2497008,fan,187,3,0.0,0.0,0.0,0.0,0.0,0.0,0.0,0.0,0.0,0.0,0.0,0.0,44510444.0,0.0,0.0,16844068.0,0
1789487643.3793738,fan,187,4,0.0,0.0,0.0,0.0,0.0,0.0,0.0,7011595.5,0.0,2735210.5,0.0,1415170.25,0.0,0.0,554345.25,0.0,0
1789487643.7403545,fan,212,5,0.0,0.0,0.0,0.0,0.0,168509776.0,0.0,0.0,0.0,0.0,10262310.0,0.0,0.0,0.0,1573373.75,1876253.125,0
1789487643.8087726,fan,212,3,0.0,0.0,0.0,0.0,0.0,0.0,0.0,0.0,0.0,0.0,0.0,0.0,0.0,5611313.5,2210056.75,0.0,0
1789487644.2603748,fan,228,3,0.0,0.0,0.0,0.0,0.0,725532352.0,0.0,0.0,0.0,0.0,0.0,0.0,0.0,0.0,42729820.0,0.0,0
1789487644.4446878,fan,183,4,0.0,0.0,0.0,0.0,0.0,0.0,0.0,0.0,0.0,5359165.0,0.0,1211905.5,0.0,14562550.0,0.0,8914214.0,0
1789487644.5112345,fan,183,3,0.0,0.0,0.0,0.0,0.0,0.0,0.0,0.0,0.0,0.0,0.0,0.0,0.0,2927356.5,0.0,4777997.0,0
1789487644.608616,fan,233,3,0.0,0.0,0.0,0.0,0.0,0.0,0.0,0.0,0.0,55306748.0,0.0,14380937.0,0.0,0.0,0.0,0.0,0
1789487644.6715932,fan,203,3,0.0,0.0,0.0,0.0,0.0,0.0,93773952.0,0.0,0.0,0.0,0.0,0.0,0.0,0.0,0.0,2813629.75,0
1789487644.838555,fan,195,3,0.0,0.0,0.0,0.0,0.0,0.0,1364890496.0,0.0,0.0,0.0,0.0,0.0,0.0,0.0,145200848.0,0.0,0
1789487644.9045768,fan,197,9,0.0,0.0,0.0,0.0,0.0,10483896.0,0.0,0.0,0.0,481641.75,0.0,3275131.0,4415385.0,507752.59375,0.0,333713.125,0
1789487645.0941257,fan,176,5,0.0,0.0,0.0,0.0,0.0,0.0,0.0,0.0,0.0,7223982.0,0.0,0.0,0.0,2411144.5,0.0,3825544.0,0
1789487645.2168279,fan,158,4,0.0,0.0,0.0,0.0,0.0,0.0,0.0,0.0,4990718.0,2099416.75,0.0,0.0,0.0,2001025.75,0.0,0.0,0
1789487645.4758039,fan,162,6,0.0,0.0,0.0,0.0,0.0,0.0,0.0,0.0,2137252.25,0.0,6455404.0,0.0,0.0,4941140.0,10368189.0,0.0,0
1789487645.6172209,fan,157,3,0.0,0.0,0.0,0.0,0.0,0.0,0.0,0.0,0.0,325839168.0,0.0,0.0,0.0,0.0,0.0,147710288.0,0
1789487645.7286744,fan,159,4,0.0,0.0,0.0,0.0,0.0,0.0,3263889.5,0.0,0.0,0.0,0.0,0.0,0.0,0.0,8496864.0,5774480.0,0
1789487645.856596,fan,168,3,0.0,0.0,0.0,0.0,42502512.0,0.0,0.0,0.0,0.0,0.0,0.0,0.0,0.0,3423432.5,0.0,0.0,0
1789487645.9735882,fan,195,5,0.0,0.0,0.0,0.0,0.0,0.0,0.0,0.0,0.0,0.0,0.0,7142341.5,1649049.625,573450.0625,0.0,222453.5625,0
1789487646.1013277,fan,208,3,0.0,0.0,0.0,0.0,0.0,0.0,0.0,22947540.0,0.0,0.0,0.0,38770344.0,0.0,0.0,21050062.0,0.0,0
1789487646.1520126,fan,103,3,0.0,0.0,0.0,0.0,0.0,0.0,0.0,0.0,0.0,0.0,49887600.0,0.0,0.0,29336756.0,21903184.0,0.0,0
1789487646.3850179,fan,128,3,0.0,0.0,0.0,0.0,4529165824.0,0.0,0.0,0.0,0.0,0.0,0.0,200338416.0,0.0,0.0,0.0,0.0,0
1789487646.938891,fan,167,3,0.0,0.0,0.0,0.0,0.0,0.0,0.0,0.0,0.0,0.0,0.0,18012290.0,0.0,5562272.5,5078303.5,0.0,0
1789487647.0018768,fan,230,3,0.0,0.0,0.0,0.0,0.0,0.0,0.0,0.0,0.0,0.0,0.0,0.0,153256096.0,0.0,0.0,48159408.0,0
1789487647.3780758,fan,147,6,0.0,0.0,0.0,208200000.0,0.0,0.0,0.0,0.0,0.0,0.0,0.0,132843424.0,419239808.0,0.0,0.0,45013912.0,0
1789487647.4417043,fan,147,3,0.0,0.0,0.0,0.0,0.0,0.0,0.0,0.0,0.0,173935328.0,0.0,0.0,0.0,0.0,5132703.0,22539018.0,0
1789487648.4585333,fan,151,3,0.0,0.0,0.0,0.0,0.0,47326584.0,0.0,0.0,0.0,0.0,0.0,0.0,0.0,3253940.0,3018676.0,0.0,0
1789487649.9677026,fan,342,3,0.0,0.0,0.0,0.0,0.0,0.0,0.0,0.0,0.0,0.0,0.0,65205788.0,0.0,0.0,0.0,33485136.0,0
1789487650.1542406,fan,162,3,0.0,0.0,0.0,0.0,0.0,0.0,0.0,0.0,0.0,0.0,0.0,0.0,0.0,0.0,530197408.0,751019840.0,0
1789487650.3425598,fan,195,3,0.0,0.0,0.0,966974976.0,0.0,0.0,0.0,0.0,0.0,0.0,0.0,0.0,0.0,9976526.0,1401402.625,0.0,0
1789487650.5383093,fan,178,3,0.0,0.0,0.0,0.0,0.0,0.0,0.0,0.0,0.0,0.0,0.0,0.0,0.0,175595888.0,356912192.0,0.0,0
1789487650.6812718,fan,348,3,0.0,0.0,0.0,0.0,0.0,0.0,0.0,0.0,0.0,209396704.0,0.0,0.0,0.0,7501359.5,0.0,0.0,0
1789487650.7608216,fan,258,3,0.0,0.0,0.0,0.0,0.0,0.0,0.0,0.0,0.0,0.0,0.0,0.0,0.0,310229056.0,58200464.0,0.0,0
1789487651.4035,fan,164,4,0.0,0.0,0.0,0.0,0.0,0.0,37164440.0,0.0,0.0,19153466.0,0.0,7347158.5,0.0,0.0,15111535.0,0.0,0
1789487651.7834365,fan,160,6,0.0,0.0,0.0,0.0,0.0,0.0,0.0,0.0,0.0,46264080.0,0.0,12367766.0,0.0,5929669.5,14116792.0,0.0,0
1789487652.1721005,fan,174,6,1227416448.0,0.0,0.0,0.0,0.0,0.0,0.0,0.0,0.0,30048874.0,0.0,968189.8125,4601647.0,4526427.5,0.0,3286753.0,0
1789487652.4783278,fan,345,5,0.0,0.0,0.0,0.0,0.0,0.0,388659264.0,0.0,138951248.0,140074864.0,0.0,15733172.0,0.0,19120836.0,0.0,0.0,0
1789487653.3821414,fan,226,3,0.0,0.0,0.0,0.0,0.0,0.0,0.0,0.0,189372512.0,0.0,1465069056.0,0.0,0.0,0.0,0.0,6634086.5,0
1789487654.1423297,fan,175,4,0.0,0.0,0.0,0.0,0.0,0.0,0.0,0.0,0.0,0.0,1247169.5,0.0,0.0,0.0,4788899.0,1865486.25,0
1789487654.3198986,fan,262,3,89235536.0,0.0,0.0,260497904.0,0.0,0.0,0.0,0.0,0.0,14887613.0,0.0,0.0,0.0,0.0,0.0,0.0,0
1789487654.3206007,fan,186,4,0.0,0.0,0.0,0.0,0.0,0.0,57912276.0,0.0,0.0,0.0,15461415.0,0.0,0.0,7730824.5,0.0,15086236.0,0
1789487654.4716294,fan,186,4,0.0,0.0,0.0,0.0,0.0,0.0,0.0,0.0,0.0,0.0,0.0,0.0,0.0,14343980.0,5360041.5,10453361.0,0
1789487654.535268,fan,187,3,0.0,0.0,0.0,0.0,0.0,0.0,0.0,0.0,0.0,0.0,0.0,0.0,0.0,6888204.5,41100944.0,0.0,0
1789487654.7272484,fan,152,3,0.0,0.0,0.0,0.0,0.0,0.0,0.0,0.0,0.0,0.0,0.0,0.0,0.0,0.0,187129184.0,25322150.0,0
1789487654.7817256,fan,163,4,0.0,0.0,0.0,0.0,0.0,0.0,79371456.0,0.0,0.0,0.0,0.0,0.0,0.0,0.0,3669505.5,14729250.0,0
1789487655.2775507,fan,142,3,0.0,0.0,0.0,0.0,0.0,0.0,0.0,0.0,0.0,0.0,0.0,3693144.5,0.0,4729741.0,0.0,4174334.25,0
1789487655.3247302,fan,150,4,0.0,0.0,0.0,0.0,0.0,0.0,0.0,0.0,0.0,0.0,0.0,9591527.0,681913.0625,3948862.5,4455766.0,0.0,0
1789487655.393622,fan,193,4,0.0,0.0,0.0,0.0,0.0,0.0,0.0,0.0,0.0,0.0,0.0,30376296.0,0.0,0.0,35030216.0,21850816.0,0
1789487655.5768147,fan,145,5,0.0,0.0,0.0,0.0,0.0,0.0,0.0,0.0,0.0,0.0,359891072.0,485208288.0,333324352.0,369947296.0,0.0,203735200.0,0
1789487655.9425108,fan,336,4,0.0,0.0,0.0,0.0,256805328.0,0.0,0.0,0.0,11382627.0,28372504.0,0.0,0.0,0.0,0.0,0.0,790108.75,0
1789487656.1822941,fan,196,3,0.0,0.0,0.0,0.0,0.0,0.0,0.0,0.0,0.0,0.0,45323752.0,0.0,0.0,0.0,0.0,2175647.0,0
1789487656.409782,fan,161,6,0.0,0.0,0.0,0.0,0.0,0.0,0.0,0.0,0.0,0.0,0.0,0.0,1753536.5,13880639.0,2199601.75,2035518.875,0
1789487656.5470426,fan,159,5,0.0,0.0,0.0,0.0,0.0,0.0,81984032.0,0.0,0.0,0.0,0.0,7979544.0,0.0,5062518.0,6781454.5,0.0,0
1789487656.6142297,fan,211,3,0.0,0.0,0.0,0.0,0.0,0.0,0.0,0.0,97165360.0,42058476.0,0.0,0.0,0.0,0.0,8838317.0,0.0,0
1789487656.8066556,fan,171,4,0.0,0.0,0.0,0.0,0.0,0.0,0.0,0.0,0.0,158075088.0,0.0,0.0,0.0,29267514.0,0.0,29188158.0,0
1789487656.8719025,fan,171,3,0.0,0.0,0.0,0.0,0.0,0.0,0.0,0.0,0.0,0.0,0.0,0.0,0.0,210144016.0,245132016.0,0.0,0
1789487657.2557147,fan,154,3,0.0,0.0,0.0,0.0,0.0,0.0,0.0,0.0,0.0,0.0,0.0,0.0,0.0,24320798.0,0.0,5519896.0,0
1789487658.6851254,fan,189,5,0.0,0.0,0.0,0.0,0.0,0.0,0.0,0.0,0.0,0.0,0.0,0.0,0.0,302040896.0,0.0,209948704.0,0
1789487658.8469136,fan,124,3,0.0,0.0,0.0,0.0,0.0,0.0,0.0,0.0,0.0,0.0,469645696.0,254344528.0,0.0,19464568.0,0.0,0.0,0
1789487658.909105,fan,20,3,0.0,0.0,0.0,0.0,111095744.0,0.0,0.0,0.0,0.0,4110716.0,0.0,0.0,0.0,0.0,0.0,0.0,0
1789487659.0740492,fan,169,3,0.0,0.0,0.0,0.0,0.0,0.0,0.0,0.0,0.0,0.0,0.0,0.0,2166787.25,6742993.0,3672750.0,0.0,0
1789487659.1815743,fan,152,4,0.0,0.0,0.0,0.0,0.0,0.0,0.0,19929144.0,0.0,0.0,0.0,10074173.0,0.0,4855397.5,5577503.0,0.0,0
1789487659.251828,fan,7,8,0.0,0.0,0.0,0.0,0.0,438725440.0,164370400.0,0.0,0.0,0.0,0.0,54791036.0,44577088.0,127572728.0,0.0,0.0,0
1789487659.4574783,fan,181,3,0.0,0.0,0.0,0.0,0.0,0.0,0.0,0.0,0.0,0.0,6428830.0,0.0,19320544.0,0.0,0.0,0.0,0
1789487659.995286,fan,164,3,0.0,0.0,0.0,0.0,0.0,0.0,0.0,0.0,0.0,0.0,0.0,16788918.0,0.0,2532614.0,0.0,0.0,0
1789487660.131038,fan,330,4,0.0,0.0,0.0,0.0,38869368.0,0.0,0.0,4917314.0,0.0,0.0,4375090.0,2882598.25,0.0,0.0,0.0,0.0,0
1789487660.448805,fan,11,3,0.0,0.0,0.0,0.0,0.0,0.0,0.0,0.0,1043057920.0,268376672.0,0.0,0.0,0.0,0.0,8871334.0,0.0,0
1789487660.744289,fan,66,3,0.0,0.0,0.0,0.0,0.0,0.0,0.0,0.0,754480768.0,0.0,292557120.0,0.0,0.0,0.0,0.0,8000443.5,0
1789487660.8085601,fan,351,5,0.0,0.0,0.0,0.0,0.0,0.0,27044630.0,0.0,47257016.0,128176688.0,97735280.0,0.0,0.0,1645952.5,0.0,0.0,0
1789487661.1068807,fan,109,3,0.0,0.0,0.0,0.0,0.0,0.0,0.0,0.0,0.0,0.0,2214010.25,0.0,1030292.5,0.0,797373.5,0.0,0
1789487661.1614916,fan,301,4,0.0,0.0,1091350144.0,0.0,0.0,0.0,0.0,0.0,0.0,0.0,0.0,0.0,89877592.0,171679808.0,0.0,0.0,0
1789487661.275846,fan,59,3,0.0,0.0,0.0,0.0,0.0,0.0,0.0,0.0,0.0,0.0,74276224.0,12255887.0,0.0,17090716.0,0.0,0.0,0
1789487661.6425555,fan,185,8,0.0,0.0,0.0,0.0,0.0,0.0,0.0,0.0,0.0,0.0,0.0,3037967.0,2609310.0,723206.5,1666991.0,1544033.5,0
1789487661.7094872,fan,183,3,0.0,0.0,0.0,0.0,0.0,0.0,0.0,0.0,0.0,0.0,0.0,31668022.0,17197696.0,0.0,3038761.75,0.0,0
1789487661.8506424,fan,126,3,0.0,0.0,0.0,0.0,0.0,0.0,0.0,0.0,0.0,0.0,0.0,18162408.0,0.0,26966942.0,0.0,0.0,0
1789487662.1744325,fan,337,11,0.0,0.0,0.0,0.0,0.0,0.0,0.0,111141312.0,157523104.0,118151040.0,184263040.0,167263712.0,0.0,72809336.0,134491744.0,48130464.0,0
1789487662.309192,fan,134,3,0.0,0.0,0.0,0.0,0.0,0.0,0.0,0.0,0.0,0.0,0.0,65080936.0,0.0,0.0,0.0,10580555.0,0
1789487663.2453992,fan,137,3,0.0,0.0,0.0,0.0,0.0,0.0,0.0,0.0,0.0,0.0,0.0,286638496.0,0.0,0.0,207934592.0,133229680.0,0
1789487663.3718796,fan,314,3,0.0,0.0,0.0,0.0,0.0,0.0,0.0,0.0,0.0,0.0,117958328.0,209222272.0,0.0,0.0,0.0,0.0,0
1789487663.4343643,fan,345,3,0.0,0.0,0.0,0.0,0.0,0.0,0.0,0.0,0.0,1572269824.0,0.0,0.0,0.0,0.0,0.0,103663488.0,0
1789487664.223815,fan,223,3,0.0,0.0,0.0,0.0,0.0,0.0,0.0,0.0,0.0,0.0,37750716.0,0.0,9609594.0,7450307.5,0.0,0.0,0
1789487664.5591877,fan,173,3,0.0,0.0,0.0,0.0,0.0,0.0,0.0,0.0,0.0,0.0,0.0,2009741.5,2909587.25,0.0,0.0,1045454.6875,0
1789487664.8848033,fan,36,3,0.0,0.0,0.0,0.0,0.0,0.0,392244352.0,0.0,0.0,0.0,0.0,0.0,0.0,0.0,4178275.5,1859341.75,0
1789487667.4275832,fan,84,6,0.0,0.0,8665520128.0,3802814720.0,0.0,0.0,0.0,86235568.0,0.0,0.0,0.0,36316704.0,0.0,0.0,5514261.5,18573070.0,0
1789487667.6242583,fan,344,5,0.0,0.0,0.0,0.0,0.0,0.0,0.0,0.0,0.0,0.0,0.0,414982496.0,116743328.0,0.0,0.0,126576728.0,0
1789487667.6252646,fan,23,3,0.0,0.0,0.0,0.0,0.0,0.0,0.0,0.0,0.0,0.0,139225200.0,0.0,0.0,94226752.0,0.0,121541656.0,0
1789487668.0050848,fan,20,3,0.0,0.0,0.0,0.0,0.0,784780096.0,0.0,0.0,0.0,0.0,0.0,831486592.0,0.0,0.0,0.0,0.0,0
1789487668.1894863,fan,23,3,0.0,0.0,0.0,0.0,0.0,0.0,0.0,0.0,0.0,0.0,0.0,0.0,0.0,132513648.0,95226800.0,69789808.0,0
1789487668.2611392,fan,2,4,0.0,0.0,0.0,0.0,0.0,0.0,0.0,0.0,0.0,85820896.0,0.0,0.0,54987476.0,125068880.0,0.0,0.0,0
1789487668.3985655,fan,1,4,0.0,0.0,0.0,0.0,0.0,0.0,0.0,0.0,0.0,0.0,58161360.0,0.0,0.0,16412103.0,24015580.0,0.0,0
1789487669.2792,fan,323,7,0.0,0.0,0.0,0.0,0.0,0.0,1650793088.0,657814720.0,475340960.0,437322240.0,0.0,341523488.0,312564448.0,0.0,0.0,0.0,0
1789487669.3418736,fan,329,4,0.0,0.0,2222432000.0,0.0,0.0,0.0,0.0,0.0,512800960.0,0.0,0.0,0.0,0.0,241994288.0,0.0,161644320.0,0
1789487669.8303847,fan,306,3,0.0,0.0,0.0,0.0,0.0,131247688.0,0.0,0.0,0.0,0.0,0.0,166494960.0,0.0,1917685.0,0.0,0.0,0
1789487670.6429293,fan,248,4,0.0,0.0,0.0,0.0,0.0,0.0,0.0,0.0,0.0,0.0,0.0,0.0,0.0,10432081.0,29368992.0,10661802.0,0
1789487670.8167639,fan,200,3,0.0,0.0,0.0,0.0,0.0,0.0,0.0,0.0,8562410.0,0.0,0.0,0.0,0.0,1907020.5,0.0,1215958.25,0
1789487671.3332038,fan,188,4,0.0,0.0,0.0,0.0,0.0,0.0,0.0,0.0,0.0,60445224.0,0.0,12945601.0,6168169.0,0.0,0.0,0.0,0
1789487671.6365974,fan,148,3,0.0,0.0,0.0,0.0,0.0,0.0,0.0,0.0,0.0,0.0,0.0,0.0,0.0,0.0,6814522.0,21765904.0,0
1789487671.7615414,fan,68,4,0.0,0.0,0.0,0.0,0.0,0.0,0.0,0.0,0.0,0.0,0.0,31416872.0,0.0,42279448.0,7170405.0,0.0,0
1789487671.9500291,fan,302,3,0.0,0.0,0.0,0.0,0.0,0.0,78273552.0,0.0,68124752.0,0.0,0.0,0.0,5106457.0,0.0,0.0,0.0,0
1789487672.3509715,fan,262,5,0.0,0.0,0.0,0.0,0.0,0.0,0.0,0.0,0.0,0.0,0.0,0.0,1042067.5,0.0,3435554.5,1412030.5,0
1789487673.0542438,fan,299,3,0.0,0.0,0.0,0.0,0.0,0.0,432300736.0,0.0,0.0,0.0,0.0,0.0,0.0,8261153.0,0.0,0.0,0
1789487673.566634,fan,56,3,0.0,0.0,3578080768.0,0.0,0.0,0.0,0.0,562114176.0,218152272.0,0.0,0.0,0.0,0.0,0.0,0.0,0.0,0
1789487674.309227,fan,58,3,0.0,0.0,0.0,0.0,0.0,0.0,0.0,0.0,0.0,0.0,0.0,0.0,0.0,25299382.0,17001978.0,8681379.0,0
1789487674.380817,fan,56,3,0.0,0.0,0.0,0.0,0.0,0.0,0.0,0.0,0.0,0.0,0.0,0.0,0.0,3899044.5,0.0,0.0,0
1789487674.4455059,fan,180,3,0.0,0.0,0.0,0.0,0.0,0.0,0.0,0.0,0.0,0.0,0.0,2379681.25,0.0,1455816.0,1454936.0,0.0,0
1789487674.828346,fan,270,4,0.0,0.0,0.0,0.0,0.0,0.0,0.0,0.0,0.0,190621056.0,0.0,21046034.0,0.0,0.0,0.0,0.0,0
1789487675.5587335,fan,303,3,0.0,0.0,0.0,0.0,0.0,0.0,0.0,0.0,445751808.0,0.0,64478960.0,0.0,0.0,0.0,0.0,0.0,0
1789487675.6789026,fan,1,7,0.0,0.0,0.0,0.0,0.0,0.0,222678336.0,0.0,0.0,0.0,0.0,288949184.0,83721424.0,131980336.0,0.0,0.0,0
1789487676.1117127,fan,96,3,0.0,0.0,951844608.0,0.0,0.0,0.0,0.0,0.0,0.0,20862564.0,0.0,0.0,0.0,5259480.0,0.0,0.0,0
1789487676.4767237,fan,139,4,0.0,0.0,139168432.0,0.0,0.0,0.0,0.0,0.0,0.0,1120977.25,0.0,0.0,0.0,6291329.5,0.0,0.0,0
1789487677.2568746,fan,104,3,0.0,0.0,0.0,0.0,0.0,0.0,0.0,0.0,0.0,0.0,0.0,0.0,14531406.0,40916940.0,0.0,0.0,0
1789487677.4964254,fan,135,4,0.0,0.0,0.0,0.0,0.0,0.0,0.0,0.0,0.0,40972256.0,34789232.0,22902882.0,0.0,0.0,0.0,11533955.0,0
1789487677.6219952,fan,70,3,0.0,0.0,0.0,0.0,0.0,0.0,0.0,2307293184.0,0.0,201484896.0,0.0,0.0,0.0,0.0,0.0,0.0,0
1789487677.892825,fan,261,4,0.0,0.0,0.0,0.0,0.0,88093792.0,0.0,0.0,0.0,0.0,0.0,58349928.0,0.0,36172020.0,24946254.0,0.0,0
1789487678.1871028,fan,189,5,0.0,0.0,0.0,0.0,0.0,0.0,0.0,0.0,0.0,0.0,3673923.5,6428695.0,0.0,0.0,684673.75,582236.9375,0
1789487678.401626,fan,346,5,0.0,0.0,0.0,0.0,0.0,0.0,0.0,0.0,0.0,0.0,0.0,135452080.0,267415392.0,241229632.0,0.0,0.0,0
1789487678.5332413,fan,263,4,0.0,0.0,0.0,0.0,0.0,0.0,1083750144.0,0.0,0.0,0.0,250734784.0,0.0,0.0,0.0,37270760.0,0.0,0
1789487678.7542427,fan,277,3,0.0,0.0,0.0,0.0,0.0,0.0,0.0,0.0,0.0,12532280.0,0.0,16973236.0,0.0,0.0,0.0,0.0,0
1789487678.8203053,fan,181,3,0.0,0.0,0.0,0.0,0.0,0.0,0.0,0.0,0.0,0.0,0.0,1196051.5,0.0,0.0,0.0,3281828.75,0
1789487678.958903,fan,176,6,0.0,0.0,0.0,0.0,0.0,0.0,0.0,0.0,0.0,0.0,0.0,0.0,806066.625,4220714.0,668931.75,1092701.25,0
1789487679.4596884,fan,192,4,0.0,0.0,0.0,0.0,0.0,0.0,0.0,0.0,33171166.0,0.0,0.0,21437920.0,0.0,27599464.0,40728380.0,0.0,0
1789487680.0126355,fan,186,3,0.0,0.0,0.0,0.0,0.0,0.0,0.0,0.0,0.0,0.0,17538908.0,0.0,0.0,6058497.0,0.0,2941753.25,0
1789487680.133166,fan,126,3,0.0,0.0,0.0,0.0,0.0,0.0,0.0,0.0,0.0,30303034.0,0.0,20370160.0,0.0,0.0,0.0,3054742.5,0
1789487680.4302423,fan,190,4,0.0,0.0,0.0,0.0,0.0,0.0,0.0,73190648.0,0.0,43409744.0,0.0,0.0,0.0,37126156.0,0.0,34818516.0,0
1789487680.5470114,fan,190,3,0.0,0.0,0.0,0.0,0.0,0.0,0.0,0.0,0.0,0.0,0.0,0.0,3180999.0,0.0,934636.3125,0.0,0
1789487680.6710687,fan,79,3,0.0,0.0,0.0,0.0,0.0,0.0,0.0,0.0,0.0,0.0,68033168.0,0.0,0.0,1343276.125,1190873.125,0.0,0
1789487680.7424757,fan,191,3,0.0,0.0,0.0,0.0,0.0,10649242.0,0.0,0.0,0.0,0.0,0.0,2953189.5,0.0,0.0,0.0,443561.3125,0
1789487680.926206,fan,166,3,0.0,0.0,0.0,0.0,0.0,0.0,0.0,1735613.25,0.0,0.0,0.0,0.0,0.0,4432813.5,0.0,0.0,0
1789487681.046283,fan,188,9,0.0,0.0,0.0,0.0,0.0,0.0,0.0,0.0,913741.625,1669962.0,358087.5625,1258619.375,1048269.875,2263642.5,0.0,226662.09375,0
1789487681.3008227,fan,99,4,0.0,0.0,0.0,0.0,0.0,0.0,0.0,0.0,1812515.875,2082559.25,0.0,552393.25,760178.875,0.0,0.0,0.0,0
1789487681.358043,fan,261,3,0.0,0.0,0.0,0.0,0.0,0.0,0.0,6828915.0,0.0,0.0,4574147.0,0.0,0.0,959901.0,0.0,0.0,0
1789487681.4237747,fan,148,3,0.0,0.0,0.0,0.0,0.0,0.0,0.0,0.0,64403984.0,32735616.0,0.0,7399559.0,0.0,0.0,0.0,0.0,0
1789487681.804205,fan,352,3,0.0,0.0,0.0,0.0,3304583.75,0.0,0.0,528832.125,0.0,0.0,0.0,0.0,1000700.8125,0.0,0.0,0.0,0
1789487681.8754857,fan,160,4,0.0,0.0,0.0,0.0,0.0,0.0,0.0,0.0,0.0,0.0,1239854.125,1037674.0625,1335716.625,0.0,0.0,0.0,0
1789487681.9394557,fan,182,4,0.0,0.0,0.0,0.0,0.0,0.0,0.0,1417872.5,0.0,0.0,0.0,282695.59375,1410550.625,625776.5,0.0,0.0,0
1789487682.4745867,fan,79,3,0.0,0.0,0.0,0.0,0.0,0.0,0.0,35359304.0,0.0,92814200.0,0.0,0.0,0.0,0.0,0.0,0.0,0
1789487683.0829668,fan,171,5,0.0,0.0,0.0,0.0,0.0,0.0,0.0,29177290.0,0.0,0.0,0.0,0.0,4275480.0,2539263.5,0.0,4689943.0,0
1789487683.1396775,fan,184,5,0.0,0.0,0.0,0.0,0.0,0.0,0.0,0.0,0.0,1667534.5,0.0,0.0,0.0,1651252.75,0.0,1496054.5,0
1789487683.4249427,fan,172,3,0.0,0.0,0.0,0.0,0.0,0.0,0.0,0.0,0.0,0.0,0.0,4473192.0,0.0,2410754.0,2688168.5,0.0,0
1789487683.647388,fan,178,5,0.0,0.0,0.0,0.0,0.0,0.0,0.0,0.0,0.0,0.0,0.0,0.0,0.0,2589666.0,541582.875,1817669.375,0
1789487683.7125323,fan,191,10,0.0,0.0,0.0,0.0,0.0,0.0,2963941.5,2175964.0,502875.625,1782442.0,0.0,0.0,142175.84375,3756638.0,0.0,0.0,0
1789487683.7783918,fan,191,3,0.0,0.0,0.0,0.0,0.0,0.0,356746.4375,0.0,0.0,0.0,625131.25,0.0,0.0,539866.0,0.0,0.0,0
1789487684.231403,fan,178,5,0.0,0.0,0.0,0.0,0.0,0.0,0.0,2016339.25,0.0,3348508.0,1992631.125,548990.5,0.0,0.0,0.0,774805.875,0
1789487684.2941558,fan,179,4,0.0,0.0,0.0,0.0,0.0,0.0,0.0,0.0,0.0,0.0,0.0,1219115.25,2025873.625,1129241.0,0.0,1133547.0,0
1789487684.3603747,fan,147,3,0.0,0.0,0.0,0.0,0.0,0.0,0.0,0.0,7040964.5,0.0,0.0,5570427.0,0.0,2855812.25,0.0,0.0,0
1789487684.6061327,fan,174,3,0.0,0.0,0.0,0.0,0.0,0.0,0.0,0.0,0.0,2045153.25,0.0,13942487.0,0.0,8301620.0,0.0,0.0,0
1789487684.6703649,fan,105,3,0.0,0.0,0.0,0.0,0.0,0.0,0.0,0.0,0.0,23216512.0,0.0,18326808.0,0.0,8338272.0,0.0,0.0,0
1789487684.79128,fan,5,3,0.0,0.0,0.0,0.0,0.0,7119009.0,0.0,1007420.125,0.0,0.0,0.0,0.0,0.0,868368.625,0.0,0.0,0
1789487684.8428328,fan,195,4,0.0,0.0,0.0,0.0,0.0,0.0,0.0,0.0,0.0,0.0,0.0,0.0,452166.75,2945745.0,0.0,0.0,0
1789487684.9106636,fan,249,5,0.0,0.0,0.0,0.0,0.0,0.0,0.0,0.0,5828991.5,0.0,0.0,0.0,210851.921875,1089462.375,739001.1875,620510.1875,0
1789487685.0443957,fan,182,6,0.0,0.0,0.0,0.0,0.0,0.0,2060483.875,1334114.25,0.0,959964.875,1015382.5,0.0,0.0,0.0,0.0,609147.25,0
1789487685.1092885,fan,182,5,0.0,0.0,0.0,0.0,0.0,0.0,0.0,0.0,0.0,3200118.5,1292752.125,402580.5625,976830.5,0.0,0.0,0.0,0
1789487685.1595068,fan,173,3,0.0,0.0,0.0,0.0,0.0,0.0,0.0,0.0,0.0,2182241.75,0.0,0.0,0.0,0.0,966874.6875,236754.109375,0
1789487685.3954532,fan,195,5,0.0,0.0,0.0,0.0,0.0,0.0,0.0,0.0,0.0,0.0,0.0,3086533.5,0.0,0.0,581245.375,255979.5625,0
1789487685.6973014,fan,46,4,0.0,0.0,0.0,0.0,460397056.0,889736704.0,414412544.0,0.0,0.0,0.0,0.0,0.0,0.0,0.0,0.0,0.0,0
1789487685.7592397,fan,46,3,0.0,0.0,0.0,0.0,0.0,2051498752.0,0.0,0.0,0.0,0.0,0.0,203600048.0,0.0,0.0,0.0,88145408.0,0
1789487686.3847013,fan,197,4,0.0,0.0,0.0,0.0,0.0,0.0,0.0,0.0,1918517.75,2330453.75,0.0,0.0,0.0,483764.78125,0.0,0.0,0
1789487686.4486775,fan,185,4,0.0,0.0,0.0,0.0,0.0,0.0,0.0,0.0,0.0,0.0,0.0,0.0,0.0,1747299.75,678089.0,1464350.5,0
1789487686.578093,fan,185,4,0.0,0.0,0.0,0.0,0.0,0.0,0.0,0.0,13476988.0,0.0,0.0,7857423.0,0.0,0.0,4518491.0,4254941.0,0
1789487687.7525737,fan,67,3,0.0,0.0,0.0,0.0,0.0,0.0,79846816.0,0.0,0.0,3855954.25,0.0,0.0,0.0,0.0,0.0,1254760.375,0
1789487687.92109,fan,165,3,0.0,0.0,0.0,0.0,0.0,0.0,21383122.0,0.0,8210351.5,0.0,0.0,0.0,0.0,0.0,0.0,287025.625,0
1789487688.2358215,fan,356,3,0.0,0.0,0.0,0.0,0.0,0.0,468687584.0,571355648.0,0.0,0.0,0.0,0.0,0.0,0.0,0.0,160813472.0,0
1789487688.5249472,fan,200,6,0.0,0.0,0.0,0.0,0.0,13969762.0,22022722.0,0.0,0.0,807405.0625,0.0,984405.6875,0.0,0.0,1119884.625,617317.4375,0
1789487688.5825896,fan,48,3,0.0,0.0,0.0,0.0,0.0,0.0,31093070.0,0.0,0.0,0.0,0.0,0.0,0.0,2204414.5,0.0,0.0,0
1789487688.7864332,fan,174,5,0.0,0.0,0.0,0.0,0.0,0.0,0.0,0.0,0.0,6539636.0,0.0,0.0,0.0,3135450.5,0.0,632994.1875,0
1789487688.8520117,fan,115,6,0.0,0.0,0.0,0.0,0.0,0.0,1297335.25,4554034.0,0.0,1765659.75,1186173.25,3750589.5,0.0,0.0,0.0,0.0,0
1789487689.038813,fan,192,5,0.0,0.0,0.0,0.0,0.0,11703866.0,9568776.0,0.0,0.0,3182201.5,0.0,0.0,1356024.5,0.0,472772.5625,0.0,0
1789487689.3541317,fan,230,6,0.0,0.0,0.0,0.0,0.0,0.0,0.0,0.0,0.0,20863780.0,0.0,0.0,0.0,4447994.0,0.0,0.0,0
1789487689.7324784,fan,68,3,0.0,0.0,0.0,0.0,0.0,0.0,22969488.0,0.0,0.0,0.0,7925079.0,0.0,0.0,0.0,0.0,453831.34375,0
1789487689.9888399,fan,184,4,0.0,0.0,0.0,0.0,0.0,0.0,0.0,0.0,0.0,0.0,0.0,0.0,4605798.0,16011398.0,0.0,0.0,0
1789487690.1078713,fan,188,7,0.0,0.0,8615571.0,0.0,0.0,0.0,0.0,0.0,0.0,0.0,0.0,699889.25,1299866.0,820509.6875,1939199.625,0.0,0
1789487690.5616746,fan,201,9,0.0,0.0,0.0,0.0,0.0,0.0,0.0,0.0,4464566.5,0.0,5220688.5,5018092.0,1420608.25,549611.4375,0.0,0.0,0
1789487690.7525666,fan,187,5,0.0,0.0,0.0,0.0,0.0,0.0,2838763.25,0.0,0.0,0.0,0.0,519294.4375,0.0,850098.125,0.0,0.0,0
1789487690.8176544,fan,182,5,0.0,0.0,0.0,0.0,0.0,0.0,0.0,0.0,0.0,2290118.0,0.0,896682.3125,0.0,833166.625,758790.625,0.0,0
1789487691.2641006,fan,36,3,0.0,0.0,0.0,0.0,0.0,0.0,0.0,4758339.0,0.0,0.0,0.0,912804.125,1718776.875,0.0,0.0,0.0,0
1789487691.7631114,fan,42,3,0.0,0.0,0.0,0.0,0.0,0.0,0.0,0.0,132434976.0,0.0,0.0,0.0,0.0,0.0,0.0,1642003.0,0
1789487691.8829215,fan,283,6,0.0,0.0,0.0,0.0,0.0,0.0,0.0,1162126.375,5218517.5,0.0,0.0,0.0,0.0,3692459.75,494263.09375,0.0,0
1789487691.9346204,fan,240,3,0.0,0.0,0.0,0.0,0.0,0.0,0.0,0.0,7284934.0,0.0,4075127.0,0.0,0.0,896536.625,0.0,0.0,0
1789487691.9356155,fan,184,4,0.0,0.0,0.0,0.0,0.0,0.0,0.0,0.0,0.0,0.0,0.0,2978924.5,0.0,3454223.25,0.0,1666961.625,0
1789487692.0065808,fan,184,3,0.0,0.0,0.0,0.0,0.0,0.0,0.0,0.0,0.0,0.0,0.0,0.0,0.0,2257067.5,0.0,1211783.375,0
1789487692.1884105,fan,177,3,0.0,0.0,0.0,0.0,0.0,0.0,0.0,0.0,0.0,0.0,0.0,1402757.5,0.0,0.0,0.0,3010317.0,0
1789487692.328215,fan,180,4,0.0,0.0,0.0,0.0,0.0,0.0,0.0,30655438.0,0.0,0.0,0.0,0.0,0.0,0.0,2218645.0,584261.75,0
1789487692.53432,fan,181,4,0.0,0.0,0.0,0.0,0.0,0.0,0.0,0.0,10641717.0,0.0,0.0,0.0,0.0,3248554.5,0.0,1579101.375,0
1789487692.7137244,fan,195,5,0.0,0.0,0.0,0.0,0.0,2751059.5,0.0,0.0,0.0,0.0,0.0,3471110.0,612254.625,0.0,182154.140625,0.0,0
1789487692.7766013,fan,169,5,0.0,555782528.0,0.0,0.0,0.0,0.0,0.0,0.0,0.0,1908882.0,6121200.0,0.0,0.0,0.0,0.0,1239140.375,0
1789487693.001342,fan,198,3,0.0,0.0,0.0,0.0,0.0,0.0,0.0,0.0,0.0,0.0,0.0,0.0,460566.90625,2873691.75,0.0,0.0,0
1789487693.303803,fan,145,4,0.0,0.0,0.0,0.0,0.0,0.0,0.0,0.0,0.0,0.0,0.0,18585748.0,0.0,8818761.0,0.0,6238149.5,0
1789487693.481008,fan,164,3,0.0,0.0,0.0,0.0,0.0,0.0,0.0,0.0,0.0,0.0,0.0,5517767.0,0.0,0.0,0.0,6667637.0,0
1789487694.1123648,fan,150,3,0.0,0.0,0.0,0.0,0.0,0.0,1916380.75,2369160.0,0.0,0.0,0.0,0.0,0.0,0.0,0.0,0.0,0
1789487694.113338,fan,18,3,0.0,0.0,0.0,0.0,0.0,0.0,0.0,0.0,0.0,0.0,1637889.0,231317.875,0.0,0.0,0.0,196045.59375,0
1789487694.4818356,fan,259,3,0.0,0.0,0.0,0.0,0.0,0.0,61500344.0,0.0,0.0,0.0,0.0,3931285.5,3758434.75,0.0,0.0,0.0,0
1789487694.693614,fan,260,3,0.0,0.0,0.0,0.0,0.0,0.0,0.0,0.0,0.0,2018238.625,0.0,0.0,1064638.0,0.0,609629.9375,0.0,0
1789487694.7608635,fan,347,3,0.0,0.0,0.0,0.0,0.0,0.0,0.0,0.0,0.0,0.0,0.0,0.0,0.0,764997.3125,946031.125,837406.4375,0
1789487694.839048,fan,32,3,0.0,0.0,0.0,0.0,0.0,0.0,189553696.0,181861424.0,0.0,144486480.0,0.0,0.0,0.0,0.0,0.0,0.0,0
1789487694.8399608,fan,192,4,0.0,0.0,0.0,0.0,0.0,0.0,0.0,178790576.0,0.0,0.0,0.0,92355224.0,0.0,0.0,91408568.0,59295932.0,0
1789487695.0836957,fan,236,3,0.0,0.0,0.0,0.0,0.0,0.0,100983280.0,243740480.0,0.0,0.0,0.0,0.0,0.0,0.0,0.0,0.0,0
1789487695.242709,fan,183,3,0.0,0.0,0.0,0.0,0.0,0.0,0.0,0.0,0.0,0.0,0.0,0.0,6215037.5,3870744.5,730928.5,0.0,0
1789487695.440175,fan,205,3,0.0,0.0,0.0,0.0,0.0,0.0,0.0,0.0,0.0,0.0,0.0,1834075.875,0.0,0.0,1448006.125,0.0,0
1789487695.5035164,fan,184,6,0.0,0.0,0.0,0.0,0.0,0.0,0.0,0.0,4359107.0,5329724.0,2797991.0,411210.875,0.0,533181.6875,0.0,0.0,0
1789487695.6376307,fan,207,6,0.0,0.0,0.0,0.0,0.0,0.0,0.0,0.0,0.0,4282309.0,0.0,0.0,1154980.5,265040.375,310275.09375,1409824.5,0
1789487695.758207,fan,191,5,0.0,0.0,0.0,0.0,0.0,0.0,0.0,0.0,0.0,1557912.875,2980721.25,350697.53125,608298.375,0.0,0.0,448585.25,0
1789487695.8240983,fan,204,3,0.0,0.0,0.0,0.0,0.0,0.0,0.0,0.0,0.0,0.0,0.0,0.0,0.0,0.0,1730340.625,937836.875,0
1789487695.959608,fan,176,5,0.0,0.0,0.0,0.0,0.0,0.0,0.0,0.0,0.0,1648108.625,0.0,0.0,0.0,2831958.25,0.0,408979.09375,0
1789487696.284349,fan,173,5,0.0,0.0,910235648.0,0.0,0.0,0.0,0.0,0.0,0.0,0.0,0.0,0.0,0.0,53813352.0,17641310.0,0.0,0
1789487696.5794883,fan,193,4,0.0,0.0,0.0,0.0,0.0,0.0,0.0,0.0,0.0,0.0,1425788.0,0.0,0.0,0.0,2473743.0,311230.90625,0
1789487696.635975,fan,186,6,0.0,0.0,0.0,0.0,0.0,0.0,0.0,0.0,0.0,1315626.625,0.0,5841784.0,1453554.25,0.0,0.0,2058690.75,0
1789487696.7455585,fan,165,3,0.0,0.0,0.0,0.0,0.0,0.0,0.0,0.0,0.0,514281.375,0.0,2424684.5,0.0,0.0,0.0,0.0,0
1789487696.8149538,fan,168,3,0.0,0.0,0.0,0.0,0.0,0.0,0.0,0.0,0.0,0.0,1980053.0,0.0,0.0,0.0,1000615.125,291689.875,0
1789487696.8791506,fan,184,3,0.0,0.0,0.0,0.0,0.0,0.0,0.0,0.0,0.0,0.0,0.0,0.0,0.0,63266128.0,0.0,26293546.0,0
1789487697.0763419,fan,294,4,0.0,0.0,0.0,0.0,0.0,0.0,17932964.0,0.0,0.0,0.0,0.0,3703613.25,0.0,1489892.375,0.0,1036950.625,0
1789487697.396641,fan,160,4,0.0,0.0,232696896.0,0.0,0.0,0.0,0.0,0.0,0.0,0.0,0.0,0.0,0.0,543338.6875,768450.125,1065079.625,0
1789487697.5183284,fan,264,3,0.0,0.0,0.0,0.0,0.0,0.0,6357398.0,0.0,0.0,0.0,0.0,0.0,330851.5,0.0,0.0,0.0,0
1789487697.5649436,fan,344,3,0.0,0.0,0.0,0.0,0.0,0.0,0.0,0.0,0.0,0.0,5620108.0,1915437.25,0.0,0.0,0.0,0.0,0
1789487697.7899382,fan,167,4,0.0,0.0,0.0,0.0,0.0,0.0,0.0,0.0,4729277.5,2727476.25,3337920.0,0.0,0.0,0.0,540267.0,0.0,0
1789487697.8473709,fan,167,3,0.0,0.0,0.0,0.0,0.0,0.0,0.0,0.0,23349178.0,0.0,0.0,0.0,0.0,0.0,6972160.0,0.0,0
1789487697.9628832,fan,208,3,0.0,0.0,0.0,0.0,0.0,0.0,0.0,0.0,0.0,0.0,0.0,3115875.0,0.0,933331.375,0.0,0.0,0
1789487698.034747,fan,180,6,0.0,0.0,0.0,0.0,18959548.0,0.0,0.0,0.0,0.0,0.0,1059186.625,0.0,905841.0,1417622.25,0.0,0.0,0
1789487698.1534202,fan,177,9,0.0,0.0,0.0,0.0,0.0,0.0,0.0,4820744.5,920695.9375,1513389.5,0.0,5921488.5,0.0,525783.8125,1209244.875,0.0,0
1789487698.6595492,fan,40,3,0.0,0.0,0.0,0.0,0.0,0.0,0.0,0.0,2252685.0,1978925.75,0.0,0.0,0.0,0.0,261484.9375,0.0,0
1789487698.787716,fan,332,3,0.0,0.0,0.0,0.0,0.0,0.0,1402653.625,0.0,0.0,0.0,0.0,1121103.5,0.0,0.0,260724.0625,0.0,0
1789487698.8485487,fan,185,6,0.0,0.0,0.0,0.0,0.0,0.0,0.0,0.0,0.0,0.0,1205559.75,0.0,0.0,1810526.25,720060.0,1180190.75,0
1789487699.2315142,fan,127,6,0.0,0.0,0.0,0.0,108818416.0,0.0,0.0,0.0,0.0,0.0,0.0,2567048.75,3326823.5,1124422.0,282726.59375,514658.59375,0
1789487699.296734,fan,219,6,0.0,0.0,0.0,0.0,0.0,0.0,0.0,0.0,0.0,2256893.25,3358306.5,2915476.0,0.0,0.0,744871.0625,0.0,0
1789487699.8679025,fan,175,4,0.0,0.0,0.0,0.0,0.0,0.0,0.0,0.0,0.0,0.0,0.0,3313908.5,0.0,0.0,0.0,2058358.375,0
1789487700.1424444,fan,151,3,0.0,0.0,0.0,0.0,0.0,0.0,3730747.5,7069156.5,0.0,0.0,0.0,0.0,0.0,0.0,191596.96875,0.0,0
1789487700.434339,fan,87,3,0.0,0.0,0.0,1123468800.0,0.0,0.0,0.0,0.0,0.0,0.0,13801406.0,2218067.25,0.0,0.0,0.0,0.0,0
1789487700.9742856,fan,174,3,0.0,0.0,0.0,0.0,0.0,549280704.0,0.0,0.0,0.0,0.0,202120832.0,23982250.0,0.0,0.0,0.0,0.0,0
1789487701.5921125,fan,185,3,0.0,0.0,0.0,0.0,0.0,0.0,0.0,0.0,0.0,0.0,0.0,0.0,1661357.0,3408471.5,0.0,0.0,0
1789487701.850612,fan,154,3,0.0,0.0,0.0,0.0,0.0,0.0,0.0,0.0,0.0,0.0,0.0,0.0,1384597.625,1065871.25,588992.4375,0.0,0
1789487701.914807,fan,201,3,0.0,0.0,0.0,0.0,0.0,0.0,0.0,0.0,0.0,0.0,978344.5625,0.0,0.0,824879.125,329981.9375,0.0,0
1789487702.0353742,fan,163,5,0.0,0.0,0.0,0.0,0.0,0.0,0.0,0.0,0.0,0.0,0.0,0.0,0.0,783467.5,1813950.25,586901.5625,0
1789487702.098295,fan,181,6,0.0,0.0,346578880.0,0.0,0.0,0.0,0.0,0.0,0.0,0.0,0.0,339721.1875,0.0,0.0,3482767.0,697869.0,0
1789487702.2126865,fan,199,3,0.0,0.0,0.0,0.0,0.0,0.0,0.0,0.0,0.0,0.0,0.0,0.0,0.0,191745.734375,919591.875,1503277.375,0
1789487703.1402302,fan,91,4,0.0,0.0,0.0,0.0,0.0,0.0,0.0,123334392.0,0.0,0.0,0.0,0.0,50096348.0,27166662.0,0.0,27622050.0,0
1789487703.2615945,fan,181,5,0.0,0.0,0.0,0.0,0.0,0.0,0.0,0.0,0.0,0.0,0.0,50714144.0,68128064.0,39724656.0,0.0,96406608.0,0
1789487703.772995,fan,180,5,0.0,0.0,0.0,0.0,0.0,0.0,0.0,0.0,0.0,0.0,0.0,0.0,0.0,56581664.0,99797040.0,84008576.0,0
1789487703.88298,fan,159,3,0.0,0.0,0.0,0.0,0.0,1210524672.0,0.0,0.0,0.0,0.0,0.0,0.0,0.0,0.0,110452720.0,0.0,0
1789487704.0680418,fan,204,4,0.0,0.0,0.0,0.0,0.0,0.0,0.0,0.0,0.0,667324.0,1576428.125,0.0,0.0,0.0,598375.375,820717.5,0
1789487704.5175092,fan,185,4,0.0,0.0,0.0,0.0,0.0,0.0,0.0,0.0,711815.25,0.0,2682533.0,950013.0,0.0,0.0,0.0,581463.5,0
1789487704.58039,fan,188,6,0.0,0.0,0.0,0.0,0.0,0.0,0.0,0.0,0.0,0.0,0.0,2137595.5,2180934.5,1358282.375,0.0,0.0,0
1789487704.6444106,fan,172,7,0.0,0.0,0.0,0.0,0.0,0.0,1929222.5,0.0,504597.125,0.0,0.0,2298825.0,1081724.5,0.0,330194.9375,0.0,0
1789487704.7608256,fan,182,3,0.0,0.0,0.0,0.0,0.0,0.0,0.0,0.0,0.0,1435705.0,0.0,0.0,0.0,0.0,436456.5,1544007.875,0
1789487704.8911967,fan,205,3,0.0,0.0,0.0,0.0,0.0,0.0,0.0,0.0,0.0,0.0,0.0,0.0,0.0,0.0,447322.9375,849401.75,0
1789487705.0884836,fan,134,3,0.0,0.0,0.0,0.0,0.0,0.0,8854432.0,0.0,0.0,0.0,0.0,0.0,0.0,625783.0,445347.75,0.0,0
1789487705.2778268,fan,144,3,0.0,0.0,0.0,0.0,0.0,0.0,2543850.0,0.0,0.0,3081366.0,2133769.0,0.0,0.0,0.0,0.0,0.0,0
1789487705.4024792,fan,184,4,0.0,0.0,0.0,0.0,0.0,0.0,0.0,0.0,0.0,0.0,0.0,549625.5,0.0,0.0,473066.1875,1310256.0,0
1789487705.4785433,fan,221,3,0.0,0.0,0.0,0.0,0.0,0.0,0.0,0.0,0.0,65896092.0,0.0,0.0,33653548.0,0.0,0.0,25380038.0,0
1789487705.5944793,fan,221,4,0.0,0.0,0.0,0.0,0.0,0.0,0.0,0.0,0.0,0.0,0.0,2041382.5,1376401.25,0.0,0.0,0.0,0
1789487705.6443334,fan,221,3,0.0,0.0,0.0,0.0,0.0,0.0,5112906.0,0.0,0.0,0.0,0.0,0.0,0.0,298632.21875,1110697.375,0.0,0
1789487705.8896227,fan,172,6,0.0,0.0,0.0,0.0,0.0,0.0,0.0,0.0,0.0,0.0,3853257.0,2632621.5,0.0,0.0,0.0,1495095.625,0
1789487706.0833116,fan,192,4,0.0,0.0,0.0,3523989.75,0.0,0.0,371243.90625,0.0,0.0,0.0,641624.6875,0.0,0.0,0.0,0.0,661373.1875,0
1789487706.9362261,fan,182,3,0.0,0.0,0.0,0.0,0.0,0.0,0.0,0.0,0.0,0.0,0.0,0.0,11635713.0,0.0,26804562.0,18315100.0,0
1789487707.046937,fan,177,5,0.0,0.0,52858928.0,0.0,0.0,0.0,0.0,0.0,835707.5,1052028.75,0.0,0.0,0.0,0.0,0.0,272328.46875,0
1789487707.3010306,fan,189,5,0.0,0.0,0.0,0.0,0.0,0.0,0.0,0.0,1133870.0,1386205.625,0.0,0.0,1156215.75,1852108.125,0.0,0.0,0
1789487707.424223,fan,126,4,0.0,0.0,0.0,0.0,0.0,0.0,29236750.0,0.0,0.0,0.0,775207.125,0.0,0.0,662728.125,0.0,488892.1875,0
1789487707.6210287,fan,200,5,0.0,0.0,0.0,0.0,0.0,0.0,379697.375,0.0,0.0,2092167.25,0.0,3064431.25,0.0,0.0,0.0,1121426.375,0
1789487707.6925895,fan,200,3,0.0,0.0,0.0,0.0,0.0,741760.5,0.0,307030.0625,0.0,0.0,0.0,366047.5625,0.0,0.0,0.0,0.0,0
1789487707.7433035,fan,195,5,0.0,0.0,0.0,0.0,8182921.5,0.0,0.0,0.0,0.0,0.0,0.0,3846122.25,0.0,0.0,1451954.625,1813827.25,0
1789487708.0576694,fan,185,6,0.0,0.0,0.0,0.0,0.0,0.0,0.0,0.0,0.0,0.0,2618047.25,2266443.75,1635913.5,716758.875,0.0,2801950.5,0
1789487708.1591067,fan,187,3,0.0,0.0,0.0,0.0,0.0,11355544.0,0.0,0.0,0.0,999293.875,0.0,1009501.0,0.0,0.0,0.0,0.0,0
1789487708.2251189,fan,170,4,0.0,0.0,0.0,0.0,0.0,1732957.625,2151834.5,2664729.5,0.0,0.0,0.0,0.0,215508.59375,0.0,0.0,0.0,0
1789487708.405405,fan,187,8,0.0,0.0,0.0,0.0,0.0,0.0,0.0,0.0,0.0,0.0,1054950.25,0.0,841474.375,1886587.125,191264.140625,0.0,0
1789487708.8838913,fan,183,10,0.0,0.0,0.0,0.0,0.0,0.0,2916020.0,2712109.5,1395260.25,1202096.0,624261.375,1790362.75,0.0,1782559.75,0.0,391971.8125,0
1789487708.9559636,fan,285,3,0.0,0.0,0.0,0.0,0.0,0.0,41014412.0,0.0,0.0,0.0,1343443.75,0.0,0.0,0.0,0.0,1061830.75,0
1789487709.0766008,fan,129,4,0.0,0.0,0.0,0.0,0.0,0.0,0.0,0.0,0.0,18183448.0,7989609.5,0.0,0.0,575747.75,0.0,0.0,0
1789487709.2723274,fan,168,3,0.0,0.0,0.0,0.0,0.0,411442848.0,0.0,0.0,0.0,17496718.0,0.0,0.0,0.0,0.0,12543336.0,0.0,0
1789487709.6818335,fan,196,3,0.0,0.0,0.0,0.0,0.0,0.0,0.0,0.0,0.0,0.0,16757649.0,0.0,5477930.0,0.0,0.0,3907576.25,0
1789487709.9173164,fan,138,3,0.0,0.0,0.0,0.0,0.0,0.0,0.0,1122932992.0,0.0,303972608.0,0.0,0.0,0.0,0.0,0.0,0.0,0
1789487710.1285388,fan,279,3,0.0,0.0,0.0,0.0,0.0,0.0,0.0,0.0,0.0,39185116.0,48986592.0,19499786.0,0.0,0.0,0.0,0.0,0
1789487710.3234417,fan,63,3,0.0,0.0,0.0,0.0,0.0,0.0,0.0,0.0,0.0,0.0,0.0,386673536.0,0.0,0.0,0.0,17905442.0,0
1789487710.5818734,fan,176,4,0.0,0.0,0.0,0.0,0.0,0.0,0.0,9630964.0,0.0,0.0,4817283.0,4823397.0,0.0,0.0,631307.875,0.0,0
1789487710.6344578,fan,168,6,0.0,0.0,0.0,0.0,3189657.0,0.0,1443869.75,0.0,0.0,0.0,2764356.25,4815748.0,755024.375,478863.34375,0.0,0.0,0
1789487710.69988,fan,176,5,0.0,0.0,0.0,0.0,0.0,0.0,0.0,0.0,0.0,0.0,0.0,0.0,2769824.5,1076546.375,907591.5,0.0,0
1789487710.9623923,fan,171,5,0.0,0.0,0.0,0.0,0.0,0.0,0.0,0.0,0.0,2447604.75,0.0,0.0,3136856.5,1247087.75,0.0,0.0,0
1789487711.133927,fan,160,3,0.0,0.0,0.0,0.0,0.0,0.0,0.0,0.0,0.0,8017868.5,0.0,0.0,0.0,5640407.5,4503285.5,0.0,0
1789487711.3258185,fan,192,5,0.0,0.0,0.0,0.0,0.0,0.0,0.0,0.0,0.0,88781672.0,57492200.0,0.0,0.0,0.0,22606676.0,18988708.0,0
1789487711.3911636,fan,157,3,0.0,0.0,0.0,0.0,0.0,0.0,0.0,0.0,0.0,0.0,0.0,14768640.0,8644227.0,0.0,0.0,12021498.0,0
1789487712.055029,fan,200,4,0.0,0.0,0.0,0.0,0.0,1798540.25,0.0,63921552.0,0.0,0.0,0.0,0.0,0.0,1463002.25,0.0,2646919.75,0
1789487712.5093977,fan,242,3,0.0,0.0,0.0,29920986.0,0.0,0.0,1263998.0,0.0,0.0,0.0,0.0,0.0,0.0,846850.0,0.0,0.0,0
1789487712.565392,fan,242,3,0.0,0.0,0.0,0.0,0.0,0.0,0.0,0.0,0.0,0.0,0.0,0.0,148596.34375,0.0,824033.5625,517646.0,0
1789487712.7950099,fan,186,6,0.0,0.0,0.0,0.0,0.0,0.0,5083059.0,0.0,0.0,1949300.0,0.0,1038522.4375,752281.125,0.0,0.0,0.0,0
1789487712.97885,fan,202,4,0.0,0.0,0.0,0.0,0.0,0.0,0.0,0.0,0.0,0.0,0.0,0.0,0.0,1816505.75,0.0,2246610.5,0
1789487713.2017994,fan,211,3,0.0,0.0,296127744.0,0.0,0.0,0.0,0.0,0.0,0.0,15548484.0,0.0,0.0,0.0,0.0,3828271.25,0.0,0
1789487713.315686,fan,211,4,0.0,0.0,0.0,0.0,0.0,0.0,0.0,0.0,0.0,0.0,3965533.0,1268501.25,176713.34375,0.0,1391413.875,0.0,0
1789487713.373236,fan,209,7,0.0,0.0,0.0,0.0,66081244.0,0.0,0.0,0.0,0.0,0.0,2113138.75,5736264.0,2440808.0,0.0,0.0,2097501.0,0
1789487713.5694547,fan,165,4,0.0,0.0,0.0,0.0,415988896.0,0.0,0.0,0.0,0.0,0.0,9830527.0,59285500.0,0.0,0.0,0.0,0.0,0
1789487713.8216286,fan,137,4,0.0,0.0,0.0,0.0,0.0,0.0,0.0,0.0,203778544.0,89818640.0,74179768.0,0.0,31817228.0,0.0,0.0,0.0,0
1789487713.940176,fan,199,3,0.0,0.0,0.0,0.0,0.0,0.0,6868855.0,0.0,0.0,0.0,0.0,0.0,0.0,1498220.0,549158.875,0.0,0
1789487714.0040898,fan,177,3,0.0,0.0,0.0,0.0,0.0,0.0,0.0,0.0,106433288.0,278863584.0,0.0,30875354.0,0.0,0.0,0.0,0.0,0
1789487714.0694165,fan,177,5,0.0,0.0,0.0,0.0,0.0,0.0,0.0,0.0,0.0,13246377.0,0.0,0.0,1005567.25,2477249.5,3044128.0,0.0,0
1789487714.1216435,fan,187,6,0.0,0.0,0.0,0.0,0.0,0.0,0.0,0.0,0.0,0.0,1253519.75,0.0,1516513.0,1385091.0,1532703.0,319198.40625,0
1789487714.519121,fan,200,3,0.0,0.0,0.0,0.0,0.0,0.0,0.0,0.0,0.0,0.0,0.0,0.0,0.0,0.0,597347.3125,1270409.25,0
1789487714.9220264,fan,171,3,0.0,0.0,0.0,0.0,0.0,0.0,0.0,0.0,0.0,0.0,2806099.5,0.0,0.0,445523.71875,0.0,809389.0,0
1789487715.1187153,fan,28,6,0.0,0.0,0.0,0.0,0.0,0.0,9156434.0,0.0,11006983.0,9939755.0,0.0,5387249.5,7068808.0,0.0,4685732.5,0.0,0
1789487715.3652654,fan,177,5,0.0,0.0,0.0,0.0,0.0,0.0,6199055.5,0.0,0.0,0.0,1263039.75,0.0,2610618.5,0.0,0.0,559588.625,0
1789487715.423116,fan,278,3,0.0,0.0,0.0,0.0,0.0,0.0,0.0,0.0,16100199.0,29482256.0,0.0,0.0,37211668.0,0.0,0.0,0.0,0
1789487715.488418,fan,189,3,0.0,0.0,0.0,0.0,0.0,0.0,0.0,0.0,111007616.0,0.0,0.0,0.0,0.0,23948580.0,30886092.0,0.0,0
1789487715.8775048,fan,251,3,0.0,0.0,0.0,0.0,0.0,0.0,0.0,0.0,0.0,0.0,5166162.0,0.0,0.0,1782536.0,783703.5625,0.0,0
1789487715.9335194,fan,176,3,0.0,0.0,0.0,0.0,0.0,0.0,0.0,0.0,0.0,0.0,0.0,2009253.75,0.0,782329.0,599483.25,0.0,0
1789487716.0557585,fan,240,3,0.0,0.0,0.0,0.0,0.0,0.0,0.0,0.0,0.0,404792992.0,0.0,0.0,97383680.0,55855912.0,0.0,0.0,0
1789487716.3849854,fan,188,5,0.0,0.0,0.0,1789773.75,0.0,0.0,353780.53125,0.0,0.0,0.0,0.0,212989.65625,857582.75,462124.125,0.0,0.0,0
1789487716.4525113,fan,186,3,0.0,0.0,0.0,0.0,0.0,0.0,0.0,0.0,0.0,32298902.0,0.0,0.0,8540256.0,6108243.5,0.0,0.0,0
1789487716.7838924,fan,177,4,0.0,0.0,0.0,0.0,0.0,0.0,0.0,0.0,0.0,0.0,0.0,0.0,0.0,0.0,29776882.0,34128376.0,0
1789487717.0900965,fan,183,5,0.0,0.0,0.0,0.0,0.0,0.0,0.0,0.0,0.0,0.0,0.0,102234248.0,0.0,30676022.0,47792848.0,0.0,0
1789487717.4282048,fan,186,6,0.0,0.0,0.0,0.0,0.0,0.0,0.0,332106656.0,0.0,239962736.0,147590192.0,0.0,0.0,0.0,3746113.5,0.0,0
1789487718.212383,fan,259,3,0.0,0.0,0.0,0.0,0.0,0.0,0.0,0.0,0.0,0.0,15961598.0,6598370.0,0.0,0.0,2099111.0,0.0,0
1789487718.3880804,fan,214,3,0.0,0.0,0.0,0.0,0.0,0.0,0.0,0.0,43107984.0,0.0,0.0,0.0,0.0,45227024.0,0.0,0.0,0
1789487718.451452,fan,356,6,0.0,0.0,0.0,0.0,0.0,0.0,0.0,0.0,0.0,8759235.0,3041345.5,29439364.0,5069264.5,0.0,0.0,0.0,0
1789487718.682852,fan,341,3,0.0,0.0,0.0,0.0,0.0,0.0,441592448.0,0.0,0.0,0.0,0.0,0.0,0.0,31824588.0,0.0,0.0,0
1789487718.936162,fan,6,6,0.0,0.0,0.0,0.0,0.0,0.0,1824928256.0,0.0,0.0,0.0,0.0,0.0,0.0,552885696.0,0.0,364321248.0,0
1789487718.9372535,fan,56,3,0.0,0.0,0.0,0.0,0.0,2704134144.0,0.0,0.0,1070935872.0,0.0,0.0,0.0,0.0,0.0,0.0,0.0,0
1789487719.0632205,fan,52,4,6307400704.0,0.0,0.0,0.0,0.0,0.0,0.0,0.0,0.0,0.0,0.0,88798176.0,68585264.0,0.0,0.0,45068716.0,0
1789487719.4014394,fan,164,3,0.0,0.0,0.0,0.0,0.0,0.0,0.0,0.0,0.0,2220909.75,0.0,0.0,0.0,181291.5625,0.0,0.0,0
1789487719.4667032,fan,168,4,0.0,0.0,0.0,0.0,0.0,0.0,0.0,0.0,0.0,2854031.0,960214.6875,0.0,0.0,244221.78125,441542.8125,0.0,0
1789487719.6015155,fan,163,5,0.0,0.0,0.0,0.0,0.0,0.0,1298314.5,0.0,0.0,0.0,628418.875,462933.75,638306.9375,0.0,0.0,1206579.0,0
1789487720.8420014,fan,198,4,0.0,0.0,0.0,0.0,0.0,0.0,0.0,0.0,0.0,4785709.5,0.0,0.0,0.0,4461271.0,0.0,831803.1875,0
1789487721.0751376,fan,200,4,0.0,0.0,0.0,0.0,0.0,0.0,0.0,1903254.625,0.0,0.0,0.0,5720689.0,0.0,0.0,1005887.5,0.0,0
1789487721.1379044,fan,162,6,0.0,0.0,0.0,0.0,0.0,1889419.5,4723641.0,0.0,0.0,0.0,0.0,1899320.0,814835.375,0.0,0.0,676885.6875,0
1789487721.4488444,fan,185,3,0.0,0.0,0.0,0.0,0.0,0.0,0.0,0.0,0.0,0.0,0.0,0.0,1134550.75,1613855.875,0.0,0.0,0
1789487721.5144,fan,172,4,0.0,0.0,0.0,0.0,0.0,0.0,0.0,0.0,0.0,1619890.375,2344773.25,0.0,0.0,0.0,0.0,969435.125,0
1789487721.5806582,fan,176,5,0.0,0.0,0.0,0.0,0.0,0.0,0.0,448003.21875,2212576.5,0.0,675648.75,0.0,0.0,0.0,0.0,386689.6875,0
1789487721.6470132,fan,177,4,0.0,0.0,0.0,0.0,0.0,0.0,0.0,0.0,0.0,2849173.0,0.0,1822844.875,475089.46875,0.0,473739.96875,0.0,0
1789487721.7795405,fan,16,4,0.0,0.0,0.0,0.0,0.0,0.0,0.0,60813036.0,0.0,0.0,0.0,21774710.0,0.0,16613368.0,0.0,9108733.0,0
1789487721.885066,fan,238,4,0.0,0.0,0.0,0.0,0.0,0.0,62132876.0,0.0,56911420.0,0.0,8910000.0,0.0,0.0,0.0,610762.5,0.0,0
1789487722.047822,fan,231,4,0.0,0.0,0.0,0.0,0.0,0.0,0.0,0.0,1870631.25,0.0,933428.375,1007166.4375,233861.078125,0.0,0.0,0.0,0
1789487722.4507906,fan,168,3,0.0,0.0,0.0,0.0,0.0,0.0,0.0,0.0,0.0,0.0,0.0,0.0,0.0,0.0,1456645.25,2390283.75,0
1789487722.5145037,fan,173,5,0.0,0.0,0.0,0.0,0.0,0.0,0.0,0.0,0.0,0.0,0.0,2090978.75,3706338.0,0.0,0.0,2491218.25,0
1789487722.5801544,fan,206,5,0.0,0.0,0.0,0.0,0.0,0.0,0.0,0.0,0.0,0.0,0.0,1225966.0,0.0,4488990.5,7683843.0,0.0,0
1789487722.6444728,fan,171,3,0.0,0.0,0.0,0.0,0.0,0.0,0.0,0.0,2381700.75,0.0,0.0,0.0,0.0,124034.46875,399492.4375,0.0,0
1789487722.7145352,fan,359,6,0.0,0.0,0.0,0.0,0.0,0.0,0.0,0.0,655637.625,0.0,876578.5,2159146.5,0.0,0.0,0.0,0.0,0
1789487722.7712326,fan,22,3,0.0,0.0,0.0,0.0,0.0,0.0,0.0,0.0,7055823.5,4624216.0,0.0,1438576.625,0.0,0.0,0.0,0.0,0
1789487723.2955043,fan,161,4,0.0,0.0,0.0,0.0,0.0,0.0,2849076.5,0.0,1756349.25,0.0,0.0,736107.5625,1258362.875,0.0,0.0,0.0,0
1789487723.3595462,fan,188,5,0.0,0.0,0.0,0.0,0.0,0.0,0.0,678142.3125,0.0,924801.875,2237894.75,0.0,392726.9375,0.0,0.0,639818.375,0
1789487723.5984557,fan,137,3,0.0,0.0,0.0,0.0,0.0,0.0,0.0,0.0,0.0,11186308.0,13417576.0,0.0,0.0,0.0,0.0,0.0,0
1789487723.5994885,fan,192,3,0.0,0.0,0.0,0.0,0.0,0.0,0.0,0.0,0.0,0.0,0.0,0.0,3282656.0,0.0,2743874.0,1818022.375,0
1789487723.7989516,fan,186,3,0.0,0.0,0.0,0.0,0.0,0.0,6004997.0,0.0,0.0,687588.4375,0.0,0.0,0.0,0.0,0.0,0.0,0
1789487723.7998369,fan,138,3,0.0,0.0,0.0,0.0,2347822.25,0.0,0.0,0.0,0.0,0.0,473392.5,0.0,0.0,0.0,0.0,735464.375,0
1789487724.5318544,fan,103,3,0.0,0.0,0.0,0.0,0.0,0.0,0.0,0.0,9697812.0,0.0,0.0,43633344.0,0.0,0.0,0.0,0.0,0
1789487724.6091106,fan,229,3,0.0,0.0,0.0,0.0,0.0,0.0,110787536.0,0.0,0.0,0.0,8724715.0,0.0,0.0,0.0,0.0,0.0,0
1789487725.3882842,fan,109,3,0.0,0.0,0.0,0.0,0.0,0.0,0.0,0.0,0.0,0.0,1814714.75,0.0,0.0,0.0,0.0,1452137.25,0
1789487725.5300496,fan,55,7,0.0,0.0,1841150464.0,1351634432.0,0.0,0.0,0.0,356065952.0,146821152.0,0.0,0.0,0.0,0.0,0.0,0.0,0.0,0
1789487725.934891,fan,180,3,0.0,0.0,0.0,0.0,0.0,7318485.0,0.0,0.0,0.0,0.0,0.0,2028775.25,0.0,0.0,284738.1875,0.0,0
1789487726.046327,fan,145,3,0.0,0.0,0.0,0.0,0.0,0.0,0.0,190721184.0,0.0,0.0,0.0,0.0,0.0,1607687.375,0.0,0.0,0
1789487726.1127532,fan,68,3,0.0,0.0,0.0,109685776.0,0.0,0.0,0.0,0.0,24792746.0,0.0,0.0,0.0,0.0,0.0,0.0,1592637.5,0
1789487726.1136465,fan,321,3,0.0,0.0,0.0,0.0,51459728.0,0.0,0.0,0.0,0.0,0.0,2748476.25,727639.5625,0.0,0.0,0.0,0.0,0
1789487726.1940165,fan,68,4,0.0,0.0,0.0,0.0,0.0,0.0,31424112.0,0.0,0.0,0.0,0.0,2184563.0,0.0,6562321.5,249688.765625,0.0,0
1789487726.1947885,fan,272,3,0.0,0.0,0.0,0.0,339166848.0,0.0,0.0,0.0,0.0,0.0,0.0,0.0,0.0,0.0,0.0,5957115.0,0
1789487726.663345,fan,343,3,0.0,0.0,0.0,0.0,0.0,0.0,0.0,0.0,18203992.0,0.0,0.0,6817904.0,2448644.25,0.0,0.0,0.0,0
1789487726.7399585,fan,359,3,0.0,0.0,0.0,0.0,0.0,0.0,0.0,0.0,0.0,0.0,0.0,0.0,0.0,130725496.0,89634560.0,0.0,0
1789487726.8027613,fan,352,4,0.0,0.0,0.0,0.0,0.0,0.0,0.0,0.0,0.0,0.0,0.0,0.0,52373512.0,57191432.0,49259840.0,0.0,0
1789487727.1626678,fan,188,3,0.0,0.0,0.0,0.0,0.0,40975392.0,0.0,0.0,0.0,0.0,0.0,0.0,0.0,917889.5,0.0,0.0,0
1789487727.3167574,fan,210,3,0.0,0.0,0.0,0.0,0.0,0.0,0.0,0.0,0.0,22038396.0,0.0,0.0,0.0,13753862.0,0.0,5065171.0,0
1789487727.4457157,fan,341,4,0.0,0.0,0.0,0.0,0.0,0.0,0.0,0.0,1334929.75,2005395.0,0.0,2308262.0,0.0,0.0,0.0,0.0,0
1789487727.5095282,fan,199,6,0.0,0.0,0.0,0.0,0.0,0.0,0.0,22527816.0,24738258.0,0.0,0.0,0.0,928564.4375,0.0,1406796.5,1377606.875,0
1789487727.6431913,fan,11,4,0.0,128682392.0,0.0,0.0,0.0,0.0,0.0,0.0,0.0,0.0,0.0,579790.0,879276.8125,0.0,0.0,0.0,0
1789487727.70768,fan,11,3,0.0,0.0,0.0,0.0,0.0,0.0,0.0,0.0,0.0,0.0,0.0,2261457.75,654862.875,2148912.25,0.0,0.0,0
1789487727.7530217,fan,351,5,0.0,0.0,0.0,0.0,0.0,0.0,0.0,0.0,0.0,0.0,589275.8125,2251287.5,1606138.125,1066444.0,0.0,0.0,0
1789487727.8236887,fan,351,3,0.0,0.0,0.0,0.0,0.0,0.0,0.0,0.0,0.0,0.0,0.0,3502419.75,0.0,1805861.5,0.0,2705587.5,0
1789487728.1520708,fan,261,3,0.0,0.0,0.0,16239856.0,0.0,0.0,0.0,0.0,0.0,0.0,2888769.75,0.0,0.0,0.0,89817.921875,0.0,0
1789487728.2688482,fan,339,4,0.0,0.0,0.0,0.0,0.0,0.0,7240391.0,0.0,0.0,0.0,795088.125,2458546.0,971526.25,0.0,0.0,0.0,0
1789487728.3344574,fan,339,3,0.0,0.0,0.0,0.0,0.0,0.0,0.0,0.0,0.0,0.0,0.0,13321909.0,1615711.0,0.0,0.0,1098683.125,0
1789487728.4636045,fan,191,3,0.0,0.0,0.0,0.0,0.0,0.0,0.0,0.0,0.0,0.0,0.0,0.0,0.0,0.0,1135334.0,1354330.0,0
1789487728.5138328,fan,233,4,0.0,0.0,0.0,0.0,0.0,0.0,0.0,0.0,29540642.0,0.0,43771744.0,20820578.0,0.0,16477184.0,0.0,0.0,0
1789487728.59066,fan,197,3,0.0,0.0,0.0,0.0,0.0,0.0,0.0,0.0,0.0,0.0,0.0,0.0,0.0,399884.65625,2219803.25,0.0,0
1789487728.6540933,fan,175,9,0.0,0.0,0.0,0.0,0.0,4413882.0,0.0,7037428.0,0.0,0.0,0.0,0.0,0.0,4077113.5,1359597.0,603448.0,0
1789487728.7185948,fan,175,5,0.0,0.0,0.0,0.0,0.0,0.0,0.0,0.0,1033451.25,0.0,1956385.0,0.0,0.0,1175840.125,0.0,379461.3125,0
1789487728.8962543,fan,39,4,0.0,0.0,368405888.0,0.0,0.0,0.0,0.0,0.0,0.0,0.0,0.0,0.0,11856896.0,6648303.0,0.0,0.0,0
1789487728.9598517,fan,325,5,0.0,0.0,183685664.0,0.0,0.0,0.0,0.0,55021668.0,0.0,0.0,0.0,57727352.0,0.0,19282696.0,0.0,0.0,0
1789487729.1831787,fan,357,3,0.0,0.0,0.0,0.0,0.0,0.0,255855.1875,0.0,0.0,290785.4375,0.0,0.0,0.0,0.0,0.0,242275.84375,0
1789487729.2476473,fan,227,3,0.0,0.0,0.0,0.0,0.0,0.0,0.0,0.0,0.0,0.0,0.0,0.0,1119723.875,955332.3125,645653.9375,0.0,0
1789487729.3015795,fan,227,3,0.0,0.0,0.0,0.0,0.0,22349714.0,6470862.0,0.0,0.0,735045.375,0.0,0.0,0.0,0.0,0.0,0.0,0
1789487729.4094174,fan,123,3,0.0,0.0,0.0,0.0,0.0,0.0,0.0,5386551.0,3976141.75,0.0,1766195.375,0.0,0.0,0.0,0.0,0.0,0
1789487729.5709128,fan,254,3,0.0,0.0,0.0,0.0,0.0,0.0,0.0,12136777.0,0.0,0.0,0.0,0.0,0.0,553541.3125,477125.3125,0.0,0
1789487729.771085,fan,123,4,0.0,0.0,0.0,0.0,28066244.0,0.0,0.0,0.0,0.0,0.0,5127813.5,7826108.5,0.0,0.0,3682198.75,0.0,0
1789487729.8911927,fan,341,6,0.0,0.0,0.0,3770408.0,1175068.25,0.0,0.0,0.0,0.0,0.0,318615.03125,0.0,1354633.5,1581562.25,0.0,0.0,0
1789487730.2047365,fan,161,3,0.0,0.0,0.0,0.0,0.0,0.0,0.0,0.0,21841038.0,0.0,0.0,5229696.0,7237811.0,0.0,0.0,0.0,0
1789487730.4748194,fan,330,3,0.0,0.0,0.0,0.0,0.0,0.0,0.0,0.0,0.0,0.0,0.0,0.0,18617948.0,25588258.0,0.0,0.0,0
1789487730.7861412,fan,174,3,0.0,0.0,0.0,0.0,0.0,0.0,0.0,0.0,0.0,0.0,0.0,10875143.0,0.0,0.0,1724779.5,0.0,0
1789487731.0726984,fan,196,5,0.0,0.0,0.0,0.0,0.0,0.0,0.0,0.0,0.0,0.0,0.0,0.0,0.0,5858960.0,9566675.0,5605547.5,0
1789487731.1290998,fan,156,3,0.0,0.0,0.0,0.0,0.0,0.0,0.0,6136926.0,0.0,0.0,0.0,1603266.125,1360365.0,0.0,0.0,0.0,0
1789487731.194437,fan,44,3,0.0,0.0,0.0,0.0,0.0,0.0,0.0,0.0,0.0,0.0,0.0,0.0,5501582.5,0.0,6579768.0,0.0,0
