timestamp,sound_type,detected_angle,bin_count,band_0,band_1,band_2,band_3,band_4,band_5,band_6,band_7,band_8,band_9,band_10,band_11,band_12,band_13,band_14,band_15,label
1789703559.9528563,fan,358,7,0.0,12235802.0,0.0,0.0,0.0,0.0,7263924.0,4162487.0,0.0,1491309.75,0.0,0.0,0.0,0.0,0.0,1257414.875,0
1789703560.0141165,fan,306,7,0.0,0.0,0.0,0.0,175865.921875,0.0,3869810.5,0.0,0.0,0.0,0.0,3387945.0,0.0,2820780.25,0.0,0.0,0
1789703560.8112395,fan,320,9,4610001.0,711194.75,0.0,0.0,0.0,5151063.5,0.0,0.0,0.0,0.0,0.0,2694740.5,0.0,0.0,1490237.375,1614025.5,0
1789703560.8696463,fan,336,16,0.0,0.0,7019404.5,6037260.0,0.0,0.0,2230894.25,0.0,444084.5,2233497.5,5840342.5,1827308.5,904571.9375,1378025.75,2005571.25,2030495.125,0
1789703561.7634087,fan,328,12,0.0,2186230.0,9534172.0,0.0,0.0,0.0,0.0,5111309.0,5689500.0,3780013.75,2906571.75,0.0,986164.875,2668753.0,0.0,0.0,0
1789703561.8272746,fan,330,7,0.0,0.0,5552417.5,1091300.75,0.0,0.0,1667335.5,0.0,0.0,0.0,0.0,2217017.0,0.0,0.0,849737.375,788926.5625,0
1789703561.8908248,fan,15,4,0.0,2630631.0,421822.09375,0.0,0.0,0.0,1736185.125,0.0,0.0,1940421.875,0.0,0.0,0.0,0.0,0.0,0.0,0
1789703561.9536445,fan,317,9,0.0,7153881.5,2562271.25,0.0,0.0,0.0,0.0,1648455.75,0.0,1127127.125,0.0,0.0,0.0,7992495.0,3374559.75,0.0,0
1789703562.0164354,fan,334,12,0.0,0.0,3006973.5,536345.125,5463955.5,471264.4375,1732333.375,0.0,0.0,2197643.75,0.0,1488574.5,0.0,2082099.875,0.0,0.0,0
1789703562.0755854,fan,346,6,0.0,0.0,5780513.0,0.0,0.0,0.0,0.0,0.0,5388996.5,5308528.0,1811867.375,436933.5625,0.0,0.0,0.0,0.0,0
1789703562.138979,fan,338,13,748880.5625,0.0,1126025.5,0.0,0.0,0.0,0.0,1647796.625,3994056.5,0.0,0.0,772013.875,3118007.5,1156922.125,2323993.0,1822752.75,0
1789703563.09506,fan,310,8,2646710.5,0.0,0.0,0.0,2237139.25,2692281.25,0.0,0.0,0.0,0.0,1023807.4375,8581950.0,0.0,0.0,0.0,0.0,0
1789703563.1533086,fan,333,7,1755022.0,0.0,0.0,0.0,0.0,0.0,0.0,5483793.0,0.0,0.0,0.0,1551301.5,3612617.5,0.0,1871805.375,0.0,0
1789703563.2159715,fan,332,7,0.0,0.0,0.0,0.0,2934792.5,0.0,2436504.0,0.0,2371398.0,0.0,999540.5,0.0,0.0,317932.53125,453076.40625,0.0,0
1789703563.343813,fan,341,13,3698472.5,3764790.75,5488835.0,0.0,7158151.5,0.0,0.0,0.0,7702388.0,1142126.0,170441.90625,0.0,0.0,0.0,0.0,2505874.75,0
1789703563.5092862,fan,310,6,6585629.0,0.0,0.0,0.0,0.0,0.0,0.0,4886091.0,0.0,0.0,776152.9375,1931441.25,0.0,418641.4375,0.0,0.0,0
1789703563.7627435,fan,326,10,0.0,0.0,0.0,3589380.0,0.0,1014114.875,0.0,1353955.625,6968233.0,1628026.25,0.0,0.0,0.0,0.0,5555477.0,246440.21875,0
1789703563.8577802,fan,343,15,0.0,0.0,10101657.0,1749947.125,113545.0625,0.0,0.0,0.0,2590511.5,3391377.5,0.0,2531579.0,0.0,5141845.0,3923888.5,504878.875,0
1789703563.9843488,fan,336,14,4536440.0,0.0,961382.75,5699761.0,153243.171875,0.0,681210.5,2636716.75,0.0,4207851.0,0.0,0.0,0.0,1816085.75,1706535.0,3199414.5,0
1789703564.0493445,fan,340,8,540395.125,0.0,2139506.0,0.0,1779055.0,1648181.25,0.0,0.0,728945.125,0.0,0.0,894018.25,0.0,391975.9375,0.0,1798947.75,0
1789703564.1420705,fan,319,11,0.0,0.0,0.0,0.0,0.0,2902596.25,0.0,2470443.5,0.0,2533084.25,0.0,0.0,10622608.0,12054288.0,4073479.25,0.0,0
1789703564.199847,fan,339,13,0.0,0.0,2911316.0,2230209.5,0.0,1377023.75,0.0,0.0,0.0,4936893.0,0.0,381211.34375,2305004.25,10330445.0,0.0,0.0,0
1789703564.263164,fan,341,10,0.0,10014893.0,0.0,0.0,0.0,0.0,1002697.3125,2665762.0,891103.8125,2320387.25,0.0,0.0,3824941.25,1334764.0,1446785.375,0.0,0
1789703564.3279529,fan,339,13,0.0,0.0,3035500.5,390552.5,1018722.0625,2493144.0,0.0,0.0,1202549.125,1448227.5,479917.0,0.0,0.0,1834478.75,1806096.5,0.0,0
1789703564.3920803,fan,341,13,10780328.0,0.0,836086.875,2535783.5,925979.875,0.0,4223294.0,3891664.0,989410.5,6340103.0,988290.125,0.0,0.0,0.0,0.0,0.0,0
1789703564.456465,fan,343,9,0.0,3889972.5,0.0,0.0,735342.25,0.0,0.0,0.0,711220.1875,2933170.0,0.0,495360.96875,0.0,0.0,4211137.0,1733279.875,0
1789703564.6507072,fan,310,12,0.0,0.0,1122859.5,0.0,0.0,0.0,1857649.25,8247811.0,2358442.25,1656275.25,0.0,2601546.0,0.0,4568955.5,1570214.375,0.0,0
1789703564.7101557,fan,311,6,3218701.5,0.0,0.0,0.0,2587426.75,4686926.5,0.0,0.0,1936897.25,350351.375,0.0,0.0,0.0,0.0,0.0,0.0,0
1789703564.7836356,fan,249,4,27065046.0,0.0,0.0,0.0,0.0,5458113.0,4974180.5,0.0,0.0,0.0,0.0,0.0,0.0,0.0,3142093.0,0.0,0
1789703564.8361127,fan,299,7,0.0,0.0,0.0,0.0,0.0,0.0,0.0,0.0,0.0,17172272.0,2133943.5,7338901.5,3013404.0,4889692.0,0.0,0.0,0
1789703564.9539566,fan,334,3,0.0,0.0,9206680.0,0.0,0.0,0.0,0.0,0.0,0.0,0.0,0.0,5696156.0,0.0,0.0,0.0,0.0,0
1789703565.016354,fan,332,10,0.0,0.0,9364447.0,2471303.75,8482106.0,0.0,0.0,5583800.0,7015955.5,2584328.75,4551480.0,0.0,2834181.0,0.0,0.0,0.0,0
1789703565.0858338,fan,331,8,0.0,0.0,0.0,0.0,0.0,0.0,4135204.75,10281972.0,0.0,1564594.25,0.0,0.0,0.0,5552381.0,541218.5,0.0,0
1789703565.1488845,fan,336,9,0.0,0.0,0.0,0.0,7277114.0,0.0,3277888.75,0.0,2812254.25,742866.125,644996.125,602422.125,0.0,467627.84375,759044.875,0.0,0
1789703565.216447,fan,331,9,0.0,0.0,0.0,0.0,0.0,4812239.5,0.0,5420205.5,2231412.5,0.0,0.0,2071524.875,0.0,2957634.5,9835311.0,0.0,0
1789703565.2790341,fan,339,11,0.0,0.0,0.0,1634998.25,2142608.25,807109.375,0.0,4615969.0,0.0,2487751.5,7811904.0,579689.3125,1189536.25,0.0,376820.5625,0.0,0
1789703565.3423116,fan,339,15,8510052.0,0.0,6078774.5,2447707.5,6589324.5,0.0,0.0,15980258.0,0.0,553801.75,0.0,847492.9375,1344100.0,2020119.5,2726566.0,1785176.75,0
1789703565.475958,fan,324,11,1652783.0,0.0,0.0,0.0,12661106.0,0.0,0.0,0.0,0.0,0.0,2424109.25,3487157.5,0.0,0.0,1305587.25,3998083.75,0
1789703565.5355613,fan,333,11,0.0,0.0,12194696.0,0.0,2550555.0,0.0,0.0,0.0,0.0,2861431.0,981542.375,0.0,0.0,4775976.0,848081.125,0.0,0
1789703565.5982656,fan,353,4,0.0,0.0,3039203.0,2135029.0,0.0,0.0,0.0,0.0,0.0,0.0,0.0,1204591.125,0.0,0.0,0.0,0.0,0
1789703565.6738367,fan,333,6,0.0,0.0,0.0,853362.5625,2628797.25,0.0,0.0,0.0,0.0,0.0,0.0,0.0,0.0,2278808.5,0.0,254330.34375,0
1789703565.8097484,fan,275,3,0.0,0.0,0.0,0.0,55385216.0,0.0,0.0,0.0,0.0,0.0,0.0,13351406.0,0.0,0.0,0.0,0.0,0
1789703565.8889904,fan,301,9,2539673.75,0.0,1476255.125,0.0,160712.390625,0.0,0.0,0.0,0.0,0.0,0.0,4743607.0,2944364.0,0.0,2078464.5,0.0,0
1789703565.952963,fan,315,12,0.0,0.0,0.0,0.0,843810.875,1668884.5,2782579.0,1117492.875,0.0,294621.5625,430781.75,0.0,0.0,1852277.375,2327335.5,1542563.375,0
1789703566.0119946,fan,340,9,0.0,0.0,0.0,0.0,0.0,1555413.375,0.0,9636434.0,12427408.0,1157160.5,0.0,0.0,0.0,1437544.875,1340396.75,4027811.25,0
1789703566.1433904,fan,350,4,0.0,0.0,0.0,4768528.5,639980.6875,0.0,0.0,0.0,487407.40625,0.0,1458065.0,0.0,0.0,0.0,0.0,0.0,0
1789703566.3015573,fan,328,12,0.0,0.0,0.0,0.0,1124469.25,0.0,0.0,11800557.0,2526698.0,537574.125,0.0,1016716.8125,0.0,4984866.5,2974632.25,6162618.0,0
1789703566.3724234,fan,328,5,0.0,0.0,0.0,0.0,17625070.0,0.0,1224501.625,0.0,0.0,0.0,0.0,1933648.25,420445.375,0.0,0.0,0.0,0
1789703566.4181845,fan,328,12,0.0,0.0,5668593.5,8178293.0,0.0,0.0,201679.046875,0.0,0.0,5242013.0,2575611.5,7301294.0,0.0,0.0,0.0,0.0,0
1789703566.467396,fan,335,9,517626.15625,0.0,0.0,0.0,0.0,0.0,1956848.25,0.0,0.0,7302537.0,3554792.5,0.0,0.0,4011736.0,0.0,0.0,0
1789703566.7455451,fan,324,6,2730364.0,1857126.25,0.0,0.0,0.0,1342736.625,0.0,0.0,0.0,0.0,0.0,480365.96875,1758822.0,0.0,1265152.125,0.0,0
1789703566.8051658,fan,346,11,0.0,0.0,0.0,6825442.0,1745694.125,0.0,2199739.5,419518.96875,2717793.25,0.0,3905384.0,0.0,920008.0,1722760.5,0.0,5347805.0,0
1789703566.8691905,fan,346,5,0.0,0.0,0.0,0.0,2288218.5,0.0,0.0,1058540.0,0.0,1483398.75,0.0,0.0,0.0,905295.0,2475579.25,0.0,0
1789703566.9358077,fan,327,13,0.0,649417.125,1537707.125,511194.625,599566.1875,2979962.0,0.0,0.0,412770.0,0.0,1993074.25,6109861.0,0.0,3486911.75,3767246.0,0.0,0
1789703568.2712991,fan,346,8,0.0,0.0,0.0,0.0,1766515.0,0.0,0.0,0.0,0.0,0.0,0.0,0.0,957510.875,4217296.0,1431792.75,1426174.125,0
1789703568.3421838,fan,314,12,0.0,0.0,5489984.5,5015198.0,0.0,572223.875,0.0,0.0,225933.875,0.0,3360222.25,927993.125,1935669.875,0.0,0.0,2869908.0,0
1789703568.4053292,fan,323,9,0.0,8730836.0,7631355.0,0.0,0.0,0.0,0.0,0.0,1695540.25,5425099.0,0.0,0.0,4092278.5,3236866.5,0.0,0.0,0
1789703568.4671755,fan,341,5,0.0,0.0,0.0,0.0,0.0,0.0,0.0,0.0,2395329.75,0.0,3547913.0,0.0,0.0,2619178.5,2464674.0,0.0,0
1789703568.531885,fan,331,6,0.0,0.0,0.0,0.0,0.0,6750339.0,0.0,0.0,0.0,3438746.0,0.0,9961769.0,0.0,4059340.25,1667149.75,0.0,0
1789703568.5963807,fan,320,6,16595554.0,0.0,0.0,0.0,0.0,6678325.5,0.0,0.0,0.0,0.0,0.0,0.0,0.0,6074147.0,7555745.0,0.0,0
1789703569.5714927,fan,313,3,0.0,0.0,5424119.0,0.0,0.0,0.0,0.0,0.0,0.0,0.0,1247495.5,1060772.75,0.0,0.0,0.0,0.0,0
1789703569.628754,fan,336,11,0.0,0.0,1337425.0,0.0,2839854.5,3322870.5,0.0,2879627.25,6223303.0,4042759.25,0.0,0.0,0.0,1277900.375,0.0,0.0,0
1789703569.6913378,fan,336,8,0.0,0.0,5536326.0,4494536.5,1925765.25,0.0,708852.375,0.0,1418063.0,1947404.875,0.0,0.0,0.0,0.0,0.0,0.0,0
1789703569.7422323,fan,23,4,0.0,0.0,0.0,0.0,0.0,0.0,0.0,0.0,0.0,10546234.0,8286048.5,10803607.0,0.0,2564361.5,0.0,0.0,0
1789703569.887541,fan,330,10,0.0,0.0,0.0,0.0,0.0,7795391.0,0.0,2891239.25,3462140.0,0.0,0.0,0.0,0.0,1155176.5,2340553.75,2175613.5,0
1789703569.9506474,fan,328,9,0.0,0.0,5679055.0,12473326.0,0.0,1940936.25,1221721.25,0.0,766058.875,1312251.875,0.0,0.0,0.0,1451477.0,0.0,886489.875,0
1789703570.0094411,fan,331,11,0.0,0.0,9597627.0,0.0,2097413.5,2173902.25,0.0,0.0,0.0,0.0,1186926.75,657317.0625,0.0,0.0,2492014.0,2932679.0,0
1789703570.0727644,fan,329,9,3408714.5,14521955.0,0.0,0.0,2704391.0,0.0,0.0,0.0,0.0,1105115.0,629999.875,0.0,0.0,0.0,2712634.25,1351161.25,0
1789703570.1366534,fan,332,11,1945988.625,4508627.0,0.0,2288994.75,0.0,0.0,0.0,0.0,475953.8125,315428.1875,0.0,562050.125,697599.6875,4992718.0,1012088.625,0.0,0
1789703570.2003238,fan,350,11,7897794.0,2084406.5,2174507.25,0.0,0.0,0.0,0.0,0.0,2844379.25,1485780.0,0.0,3590800.75,0.0,0.0,5073718.0,5410109.5,0
1789703570.7440562,fan,355,9,2755487.75,0.0,1107967.5,0.0,0.0,0.0,0.0,0.0,2794302.0,1546071.75,0.0,363001.375,1385975.125,0.0,0.0,1967642.75,0
1789703570.8393838,fan,335,9,0.0,0.0,0.0,0.0,0.0,1204253.0,3999768.5,0.0,1075425.125,0.0,0.0,3749322.0,0.0,0.0,1082777.375,3104875.0,0
1789703570.9662638,fan,340,15,0.0,0.0,1337817.25,0.0,0.0,1135005.875,3411050.25,4822227.0,1574356.0,1058289.625,1771075.5,2550384.75,444193.6875,0.0,2068544.75,3866131.0,0
1789703571.601277,fan,346,13,0.0,0.0,0.0,8771170.0,4732132.0,1224760.875,460291.8125,0.0,244615.046875,0.0,634272.625,0.0,0.0,5962950.0,3343929.0,0.0,0
1789703571.7620904,fan,344,11,0.0,0.0,3357067.0,0.0,1531088.875,0.0,0.0,0.0,532636.4375,5794034.5,3580938.25,0.0,0.0,0.0,1648304.75,797954.4375,0
1789703571.8326468,fan,332,8,0.0,0.0,0.0,0.0,0.0,0.0,403642.21875,0.0,350120.90625,0.0,0.0,0.0,1225604.0,6698660.5,0.0,2173921.5,0
1789703571.9412878,fan,13,3,0.0,0.0,0.0,0.0,877096.625,4908405.0,0.0,0.0,2642470.5,0.0,0.0,0.0,0.0,0.0,0.0,0.0,0
1789703572.004747,fan,342,6,0.0,0.0,0.0,0.0,0.0,0.0,0.0,0.0,0.0,1893459.5,0.0,462019.1875,0.0,1940290.875,0.0,1936411.125,0
1789703572.0692554,fan,337,10,595565.75,0.0,8815540.0,11459670.0,663699.4375,550333.0,1070402.5,0.0,6633037.0,662364.375,0.0,0.0,0.0,0.0,1560501.875,0.0,0
1789703572.1329613,fan,327,4,0.0,0.0,0.0,0.0,1205865.625,0.0,0.0,4514607.5,0.0,0.0,0.0,559109.0,0.0,0.0,0.0,362350.625,0
1789703572.1969755,fan,324,7,0.0,0.0,7961971.5,0.0,0.0,485979.34375,0.0,0.0,1269261.0,0.0,771269.4375,0.0,675637.25,0.0,0.0,0.0,0
1789703572.259373,fan,331,8,0.0,0.0,0.0,0.0,0.0,1957610.25,0.0,0.0,3710263.0,0.0,1336901.875,868499.9375,1472350.25,3187388.0,0.0,2182796.25,0
1789703572.3227847,fan,351,9,6055498.5,0.0,0.0,2519993.0,1179951.625,0.0,0.0,1730348.5,2472532.0,0.0,1043202.875,0.0,0.0,0.0,0.0,1085186.0,0
1789703572.3866637,fan,329,11,0.0,0.0,0.0,0.0,0.0,0.0,2109462.25,0.0,0.0,1101798.25,0.0,8018093.0,2465753.0,830601.375,2492304.75,8920738.0,0
1789703572.4502835,fan,323,10,0.0,3076441.25,23430142.0,0.0,0.0,896286.3125,922991.75,0.0,0.0,0.0,0.0,0.0,0.0,3197566.0,0.0,1668289.375,0
1789703572.5147583,fan,340,7,0.0,0.0,1668389.375,0.0,0.0,507142.59375,3581433.5,0.0,0.0,0.0,0.0,0.0,0.0,575617.8125,3220717.25,0.0,0
1789703572.8071463,fan,340,6,1301833.5,0.0,0.0,0.0,0.0,0.0,0.0,0.0,998370.0,0.0,129112.3125,0.0,0.0,935844.375,839021.5,1692367.875,0
1789703572.86973,fan,327,11,6409532.0,4941544.0,0.0,0.0,1616693.875,5788870.5,2291493.5,1533992.625,0.0,0.0,0.0,0.0,2447142.5,782717.625,969768.0625,0.0,0
1789703572.9297066,fan,345,12,0.0,0.0,5628552.5,0.0,3878034.5,1116488.5,0.0,0.0,0.0,255265.6875,1618557.5,2537154.5,1027449.625,2152089.0,0.0,826477.125,0
1789703573.0288966,fan,333,15,0.0,4225084.5,323283.84375,0.0,1531179.25,205198.921875,3459209.5,0.0,355227.0625,7898903.0,6406633.0,0.0,0.0,1785960.5,1259818.0,3724498.0,0
1789703573.0879822,fan,341,8,0.0,0.0,0.0,0.0,862721.0,0.0,0.0,3556731.0,3445893.25,0.0,2515112.0,0.0,0.0,2585045.75,8711658.0,3513331.25,0
1789703573.1521444,fan,324,10,0.0,0.0,0.0,0.0,598672.0,392704.0,2535485.0,1940875.875,0.0,2306643.5,0.0,0.0,600822.4375,2999607.75,1923764.75,0.0,0
1789703573.2153342,fan,320,11,0.0,0.0,825578.375,0.0,0.0,2027393.625,0.0,821286.9375,0.0,567240.0625,1622735.125,0.0,868635.75,4862156.5,9354590.0,1540809.375,0
1789703573.2784636,fan,5,8,0.0,0.0,0.0,0.0,0.0,0.0,0.0,7822504.5,4166250.0,554199.6875,0.0,897446.625,1066236.25,0.0,0.0,896028.5,0
1789703573.3426974,fan,355,6,0.0,0.0,3058119.75,0.0,1504568.5,0.0,0.0,0.0,0.0,2916178.5,1288377.75,0.0,0.0,538221.375,0.0,0.0,0
1789703573.4183874,fan,313,5,0.0,0.0,1780957.125,28429.849609375,600013.375,0.0,0.0,0.0,0.0,2384948.5,3570975.5,0.0,0.0,0.0,0.0,0.0,0
1789703573.481251,fan,337,6,0.0,0.0,0.0,71639672.0,68027232.0,0.0,0.0,0.0,28104132.0,0.0,0.0,15982236.0,22018980.0,0.0,0.0,0.0,0
1789703573.5445285,fan,17,10,0.0,0.0,285260576.0,101026032.0,0.0,0.0,37848052.0,0.0,0.0,24290136.0,18243242.0,0.0,0.0,27962208.0,0.0,8125873.0,0
1789703573.6556208,fan,326,6,0.0,0.0,0.0,0.0,5082004.5,0.0,0.0,13167346.0,0.0,0.0,0.0,0.0,0.0,2092782.0,1067534.625,0.0,0
1789703573.7310295,fan,315,7,0.0,0.0,0.0,0.0,0.0,1730733.25,1119917.5,0.0,0.0,0.0,0.0,8356469.0,2416046.0,0.0,663767.25,0.0,0
1789703573.7892153,fan,329,8,0.0,0.0,0.0,0.0,0.0,0.0,2717230.0,0.0,0.0,0.0,0.0,1811545.875,3288481.0,1708669.25,0.0,1738380.0,0
1789703573.8510242,fan,342,19,201716.09375,10061271.0,0.0,0.0,2298559.0,4946959.0,0.0,1569780.625,15755728.0,8350900.5,6061834.0,1846704.0,0.0,2793453.0,0.0,1659573.625,0
1789703574.202453,fan,344,10,0.0,0.0,715565.0,0.0,0.0,3257169.0,0.0,1470572.0,0.0,1211967.75,0.0,0.0,0.0,4153877.5,1322328.0,4150383.0,0
1789703574.3924575,fan,316,9,0.0,2131553.5,12568102.0,0.0,1281159.75,0.0,0.0,0.0,0.0,2455035.75,0.0,768849.8125,0.0,0.0,1547737.25,0.0,0
1789703574.5186586,fan,316,7,0.0,0.0,0.0,0.0,697856.125,0.0,0.0,0.0,0.0,1038172.3125,0.0,246296.125,1982842.5,286475.375,815135.375,0.0,0
1789703574.646569,fan,333,11,0.0,0.0,1635932.875,0.0,0.0,0.0,0.0,0.0,4327957.5,9789018.0,2806134.75,907665.625,896300.0,189924.71875,3976473.0,0.0,0
1789703574.7730205,fan,323,8,0.0,0.0,17827430.0,0.0,0.0,0.0,0.0,0.0,0.0,0.0,0.0,882287.3125,934207.0625,3141965.5,3119630.0,2099984.0,0
1789703574.9943323,fan,320,12,0.0,2514034.5,0.0,0.0,1270526.5,6478769.5,4328793.5,0.0,4080244.25,0.0,1480537.875,2005710.625,1221954.125,0.0,943249.8125,594448.3125,0
1789703575.216505,fan,326,12,0.0,6048537.5,8064936.0,3070888.75,1819490.5,0.0,4857980.0,0.0,0.0,0.0,949953.0625,0.0,0.0,7983748.0,0.0,0.0,0
1789703575.6302006,fan,325,11,0.0,0.0,1183637.875,0.0,5671374.0,2809756.25,1382778.25,10126142.0,0.0,4917488.0,0.0,4911030.0,0.0,0.0,0.0,0.0,0
1789703576.169358,fan,345,14,0.0,3822334.25,6102758.0,5771378.0,3702938.75,1542321.875,2008858.25,4689148.0,952652.8125,0.0,2646505.75,1560308.25,0.0,3155825.5,0.0,0.0,0
1789703576.2650518,fan,353,14,288568.5625,0.0,4689007.5,15124642.0,3160469.75,7030695.5,662465.5,0.0,0.0,0.0,2862489.5,0.0,1861357.375,0.0,1905974.625,1395675.0,0
1789703576.4546535,fan,341,8,0.0,0.0,927242.25,0.0,0.0,2598650.75,0.0,0.0,2783645.25,18964220.0,1801628.375,0.0,0.0,0.0,0.0,2640081.0,0
1789703576.5266285,fan,329,21,3022489.5,0.0,38341012.0,1494568.25,15688320.0,5037071.0,1639961.5,32639712.0,3336466.75,25387184.0,0.0,826882.1875,1718964.0,0.0,1093922.125,1093317.625,0
1789703576.592022,fan,43,6,0.0,0.0,18064452.0,12593104.0,0.0,0.0,0.0,8592990.0,20161172.0,3222109.25,0.0,0.0,0.0,0.0,0.0,0.0,0
1789703576.643851,fan,337,10,0.0,7082076.0,0.0,8437824.0,8544364.0,0.0,0.0,0.0,0.0,4734742.0,0.0,2477011.0,0.0,1559898.5,3306711.5,4738091.5,0
1789703576.7074,fan,320,13,0.0,3515696.0,0.0,4882015.5,1576142.5,3749624.0,2487656.5,5452525.0,0.0,2091704.125,0.0,0.0,2469090.0,1307529.625,0.0,1093140.625,0
1789703576.7705944,fan,317,18,1630179.5,0.0,11437121.0,4040931.25,9674584.0,11575131.0,5300852.0,6932020.5,0.0,5958532.0,0.0,4658263.5,1715558.375,2326671.5,3200871.0,388675.03125,0
1789703576.8445017,fan,334,14,0.0,0.0,2509252.5,1753037.125,2783534.5,0.0,5323079.5,1852164.875,0.0,2872286.25,5976789.0,5963613.0,2126156.25,0.0,0.0,0.0,0
1789703576.9118261,fan,29,5,28164670.0,23054826.0,0.0,0.0,0.0,0.0,0.0,0.0,3682712.5,0.0,0.0,0.0,1680187.125,0.0,2400875.75,0.0,0
1789703576.9763584,fan,27,5,16012550.0,0.0,11941772.0,0.0,0.0,0.0,14095151.0,0.0,0.0,0.0,0.0,0.0,0.0,0.0,0.0,0.0,0
1789703577.094957,fan,25,5,4723515.0,2427813.75,0.0,0.0,7935275.0,0.0,0.0,0.0,0.0,0.0,0.0,1373176.75,0.0,503706.4375,0.0,0.0,0
1789703577.1580534,fan,325,7,6443770.5,0.0,7040157.5,0.0,0.0,0.0,0.0,0.0,0.0,0.0,0.0,5643029.5,1638173.25,0.0,1168826.5,1961286.0,0
1789703577.220289,fan,324,7,0.0,0.0,0.0,0.0,0.0,0.0,5215251.0,0.0,0.0,0.0,1568895.75,8624057.0,0.0,0.0,0.0,0.0,0
1789703577.56502,fan,348,9,0.0,1504842.875,0.0,0.0,966767.0,1041034.125,2108531.0,0.0,2884842.5,0.0,1325564.625,824635.0625,0.0,4836747.0,0.0,1025054.125,0
1789703577.692178,fan,340,12,0.0,18410068.0,9596607.0,11607248.0,0.0,5105407.5,6696503.0,0.0,0.0,749210.3125,0.0,1053017.75,845431.125,0.0,0.0,1318541.375,0
1789703577.76236,fan,339,7,0.0,0.0,0.0,0.0,0.0,2266707.0,0.0,31167400.0,5984947.0,2509249.75,0.0,0.0,0.0,0.0,0.0,0.0,0
1789703577.8523517,fan,343,16,6771494.5,3970794.0,0.0,5785989.5,1598527.0,7922183.5,0.0,0.0,0.0,2278974.25,0.0,3960558.0,3644468.5,3144826.5,3101747.5,2917917.0,0
1789703577.9135704,fan,334,12,0.0,0.0,0.0,0.0,4211308.0,0.0,2071246.25,10464549.0,3684616.0,7174998.5,0.0,0.0,1586608.625,6326202.0,3876224.75,0.0,0
1789703577.99015,fan,353,9,14837286.0,5673346.0,1347691.0,0.0,2716934.5,0.0,0.0,0.0,0.0,0.0,0.0,905141.875,0.0,0.0,1150926.0,3603507.0,0
1789703578.0554147,fan,354,7,24186988.0,22413404.0,0.0,0.0,0.0,0.0,3779531.5,0.0,0.0,0.0,0.0,0.0,0.0,1800836.0,6049070.5,3353836.5,0
1789703578.1202214,fan,338,3,0.0,0.0,0.0,0.0,0.0,0.0,4027254.5,11486051.0,0.0,0.0,9699407.0,0.0,0.0,0.0,0.0,0.0,0
1789703578.1839929,fan,336,8,0.0,0.0,0.0,0.0,0.0,0.0,0.0,0.0,1460494.25,9450500.0,1939006.75,0.0,0.0,7157653.0,0.0,3413299.5,0
1789703578.2487698,fan,8,7,0.0,0.0,10281378.0,0.0,5796347.5,4943740.0,8830522.0,2478994.5,0.0,0.0,0.0,0.0,0.0,0.0,0.0,2996036.0,0
1789703578.3141487,fan,294,9,0.0,0.0,0.0,5309854.5,0.0,0.0,13166825.0,14031174.0,0.0,3021363.0,0.0,1904894.0,2613057.0,1927471.0,0.0,0.0,0
1789703578.3695168,fan,309,4,0.0,0.0,59275672.0,0.0,31893356.0,0.0,0.0,0.0,0.0,0.0,19020214.0,8820875.0,0.0,0.0,0.0,0.0,0
1789703578.4331903,fan,340,10,0.0,0.0,0.0,0.0,0.0,0.0,7909982.0,0.0,0.0,8549320.0,4528072.5,0.0,0.0,15081252.0,4216567.5,8365109.5,0
1789703578.4976616,fan,341,5,0.0,0.0,0.0,0.0,0.0,0.0,0.0,6331323.0,0.0,0.0,0.0,0.0,2490443.25,9296153.0,0.0,2040055.625,0
1789703579.2477362,fan,304,6,6672609.0,0.0,0.0,0.0,0.0,5854252.0,0.0,0.0,0.0,0.0,0.0,2080115.0,0.0,3155385.25,0.0,0.0,0
1789703579.3426363,fan,338,10,0.0,0.0,0.0,0.0,2803739.25,0.0,0.0,2298502.0,0.0,0.0,1191875.75,15858894.0,0.0,4025057.0,8516893.0,7965608.0,0
1789703579.4070385,fan,340,9,0.0,23613442.0,0.0,0.0,0.0,5116492.0,0.0,0.0,3306013.0,4665474.0,4298654.5,0.0,0.0,1126253.25,0.0,5841907.5,0
1789703579.4711733,fan,326,7,0.0,0.0,0.0,0.0,0.0,0.0,7658160.5,16734983.0,0.0,2233178.5,0.0,2888316.75,2474032.5,2537883.0,2088278.0,0.0,0
1789703579.535466,fan,326,9,0.0,0.0,0.0,0.0,0.0,0.0,845316.625,7116379.0,0.0,7756406.5,2881473.25,1641384.0,2253570.75,1407483.0,0.0,0.0,0
1789703579.6287148,fan,349,9,0.0,0.0,4238237.5,9567651.0,0.0,7220969.0,4098661.25,0.0,0.0,962990.5625,0.0,822811.625,4187101.5,0.0,0.0,7138622.0,0
1789703579.6883786,fan,349,10,0.0,0.0,23447832.0,0.0,0.0,2473139.0,1202308.125,6325154.0,0.0,0.0,0.0,1348486.375,0.0,12190848.0,0.0,611071.5,0
1789703579.7384007,fan,330,11,0.0,0.0,7131865.0,19031276.0,0.0,6908794.0,6377866.0,1230297.75,4092563.5,0.0,0.0,233855.90625,970372.5,0.0,0.0,0.0,0
1789703579.8031125,fan,340,6,0.0,0.0,11588846.0,2497859.5,0.0,0.0,0.0,0.0,0.0,0.0,0.0,1881432.5,1379300.75,0.0,0.0,0.0,0
1789703579.9456706,fan,346,8,883654.1875,0.0,5135493.0,4261229.0,0.0,0.0,0.0,0.0,5814804.0,9738289.0,3969955.75,0.0,0.0,0.0,0.0,0.0,0
1789703580.2637246,fan,347,16,0.0,0.0,4231210.0,3100384.0,8759288.0,5796964.5,6098204.5,13192971.0,0.0,9572516.0,0.0,0.0,3296637.5,6467702.0,0.0,5506252.5,0
1789703580.3361294,fan,347,11,0.0,0.0,3008120.5,7901637.0,3202901.75,0.0,0.0,2321600.5,774882.25,0.0,4007685.25,3601789.5,0.0,1234491.5,0.0,0.0,0
1789703580.3823512,fan,333,11,0.0,0.0,1931553.875,0.0,4285430.0,781591.375,7845032.0,0.0,4938821.5,2138157.0,676338.0,1792165.0,0.0,0.0,0.0,2258623.5,0
1789703580.4473104,fan,346,11,0.0,4429748.0,3703082.25,0.0,985202.9375,0.0,0.0,6924809.0,0.0,3247684.5,3439702.5,0.0,0.0,0.0,4453421.0,5093999.5,0
1789703580.5121484,fan,336,12,0.0,0.0,0.0,0.0,0.0,0.0,4117199.0,25592836.0,5625323.0,9369914.0,2041658.75,0.0,0.0,1555729.125,4749487.0,2597108.25,0
1789703580.6123364,fan,296,9,1834279.375,1338993.0,1233947.0,0.0,0.0,0.0,0.0,10853382.0,2366059.0,0.0,2068834.25,0.0,3347841.75,557557.125,0.0,0.0,0
1789703580.676704,fan,343,10,0.0,0.0,0.0,0.0,0.0,0.0,0.0,6366149.0,12646216.0,7351357.0,14824812.0,986862.4375,7576815.0,0.0,0.0,0.0,0
1789703580.7412162,fan,342,8,9647922.0,8639047.0,0.0,0.0,6601632.0,0.0,0.0,0.0,0.0,3648320.0,0.0,6438896.5,0.0,0.0,2480176.75,0.0,0
1789703580.805759,fan,301,6,0.0,0.0,0.0,0.0,589714.0625,0.0,0.0,0.0,0.0,3731315.75,0.0,325838.75,1069044.25,2118048.25,0.0,0.0,0
1789703580.9305253,fan,336,11,1232138.5,10492118.0,7312772.5,6452653.0,0.0,1824680.75,0.0,2267492.75,0.0,0.0,0.0,0.0,0.0,1541156.25,0.0,5879751.0,0
1789703580.9316819,fan,301,10,0.0,0.0,0.0,0.0,0.0,3321034.75,6788475.0,2450453.75,0.0,1606491.375,974814.375,1651402.875,1082896.0,0.0,778045.9375,0.0,0
1789703580.977091,fan,332,14,0.0,0.0,0.0,0.0,9114798.0,0.0,5447471.5,8586545.0,6608368.5,9980811.0,0.0,0.0,0.0,4496302.0,2552147.75,4549676.0,0
1789703581.0404088,fan,331,10,0.0,0.0,0.0,19801516.0,11984420.0,20238124.0,0.0,0.0,5122005.5,8773708.0,3411844.25,2454292.5,0.0,3690280.0,0.0,0.0,0
1789703581.1044922,fan,7,14,276160928.0,0.0,82566352.0,0.0,0.0,0.0,30075396.0,20749486.0,0.0,0.0,0.0,0.0,8071936.0,9661859.0,17179490.0,10441761.0,0
1789703581.1689801,fan,318,8,413472704.0,102142752.0,0.0,34073380.0,43260548.0,0.0,51054244.0,0.0,0.0,0.0,0.0,15097074.0,0.0,10003693.0,0.0,0.0,0
1789703581.2348647,fan,356,11,0.0,0.0,0.0,0.0,0.0,276835072.0,293318656.0,117281376.0,0.0,0.0,92269736.0,62113364.0,0.0,53844500.0,96480008.0,45656200.0,0
1789703581.3980088,fan,337,13,0.0,0.0,0.0,6754016.0,2946333.0,0.0,0.0,13743116.0,0.0,0.0,1722074.125,615659.5,2377644.5,14751671.0,5557345.5,0.0,0
1789703581.463117,fan,339,12,0.0,4879344.0,0.0,6864635.0,3896134.5,9623844.0,0.0,0.0,1649279.875,7953356.0,0.0,1960817.375,3856314.25,2862949.25,0.0,1323055.125,0
1789703581.6590161,fan,331,15,0.0,4936117.0,1105345.5,17296088.0,2497950.5,6433813.0,12098368.0,0.0,0.0,1789906.375,1756380.25,3262472.25,0.0,970988.9375,0.0,294203.625,0
1789703581.7549362,fan,337,10,0.0,0.0,2491593.5,0.0,9787443.0,0.0,0.0,0.0,4444459.5,3132750.5,3596425.0,4806088.0,3683444.5,3069125.0,0.0,0.0,0
1789703581.823531,fan,350,7,0.0,3092991.0,0.0,0.0,0.0,0.0,0.0,0.0,0.0,14740095.0,462560.78125,0.0,0.0,1244584.625,6548589.0,0.0,0
1789703581.9127305,fan,323,9,0.0,0.0,0.0,0.0,0.0,2990404.5,2179382.75,4045853.5,0.0,0.0,0.0,12199447.0,0.0,4889697.5,0.0,4404235.5,0
1789703582.008003,fan,321,11,0.0,0.0,10731650.0,0.0,0.0,0.0,3680506.75,5462961.0,0.0,0.0,1435171.75,816878.0,1647013.125,1876782.125,1385846.625,0.0,0
1789703582.0665917,fan,28,5,0.0,0.0,0.0,25321754.0,16569053.0,0.0,0.0,0.0,1199384.625,0.0,0.0,0.0,0.0,0.0,1235169.0,1586784.875,0
1789703582.2351015,fan,356,3,0.0,0.0,0.0,0.0,0.0,0.0,0.0,0.0,0.0,0.0,0.0,0.0,0.0,14923853.0,0.0,6689331.0,0
1789703582.29895,fan,358,3,0.0,0.0,0.0,0.0,0.0,115351832.0,0.0,0.0,33651424.0,0.0,0.0,0.0,0.0,12742724.0,0.0,0.0,0
1789703582.3653522,fan,320,4,0.0,90978816.0,0.0,0.0,0.0,0.0,0.0,0.0,23229336.0,0.0,0.0,11906452.0,0.0,0.0,11605390.0,0.0,0
1789703582.4266713,fan,320,7,0.0,0.0,0.0,8097702.0,0.0,6960875.0,0.0,0.0,0.0,0.0,0.0,0.0,4464561.5,3221483.0,6643515.0,0.0,0
1789703582.4837298,fan,343,7,0.0,0.0,4013953.5,1873851.75,1928656.25,4652807.0,0.0,1872366.0,0.0,0.0,0.0,0.0,0.0,0.0,0.0,0.0,0
1789703582.544604,fan,346,8,0.0,0.0,845849.6875,0.0,0.0,0.0,2121476.0,0.0,1544666.25,10037644.0,0.0,0.0,0.0,0.0,1496602.25,1818750.75,0
1789703582.6101484,fan,346,8,0.0,0.0,0.0,7024431.0,1787116.5,0.0,0.0,0.0,1133854.625,279017.53125,0.0,0.0,0.0,11373645.0,7207474.0,0.0,0
1789703582.6595738,fan,346,10,1156757.625,1260646.25,12435521.0,7326088.5,642480.3125,0.0,0.0,0.0,0.0,0.0,3161319.75,2671550.75,0.0,0.0,2863900.5,0.0,0
1789703582.71724,fan,346,11,0.0,0.0,0.0,0.0,0.0,4370240.0,0.0,0.0,1907657.0,6303375.0,3481306.5,8554070.0,0.0,0.0,1298813.125,2409500.25,0
1789703582.773898,fan,329,10,0.0,0.0,3298291.25,0.0,2891741.5,0.0,0.0,0.0,0.0,3125238.0,0.0,0.0,0.0,1934827.125,306301.6875,3238277.0,0
1789703582.8652637,fan,326,12,0.0,6870099.0,2775072.0,2386644.75,0.0,8662834.0,0.0,0.0,0.0,3512249.0,0.0,0.0,0.0,2630125.0,5341945.0,930158.625,0
1789703582.9243236,fan,330,14,0.0,9512839.0,9891800.0,1744711.0,2449343.75,0.0,0.0,9405711.0,0.0,1905187.375,0.0,1911827.25,0.0,927560.125,634764.875,3835328.5,0
1789703582.987816,fan,333,9,0.0,0.0,0.0,2357196.0,0.0,2087748.0,1988858.375,1244503.25,0.0,0.0,2334461.0,0.0,762074.4375,1677355.0,502717.71875,0.0,0
1789703583.0877,fan,311,9,0.0,0.0,0.0,7091714.5,4909617.0,2458839.0,4383475.0,0.0,0.0,1785879.75,0.0,0.0,0.0,0.0,1048733.5,0.0,0
1789703583.339969,fan,338,20,1504776.625,5663797.0,14065353.0,4864811.5,2325451.75,0.0,5474240.0,0.0,576970.375,0.0,1869776.5,757061.0,2936707.5,3778536.5,4298304.0,0.0,0
1789703583.7532585,fan,353,9,2749044.5,0.0,0.0,18714726.0,0.0,0.0,2797482.25,0.0,0.0,822287.6875,0.0,0.0,2264047.0,0.0,1645631.25,1041670.5,0
1789703584.1329408,fan,345,7,483392.5625,0.0,0.0,0.0,3537849.5,1969489.25,0.0,1559716.25,0.0,3796294.5,0.0,0.0,0.0,0.0,0.0,5437688.0,0
1789703585.083772,fan,315,15,15153370.0,22487598.0,4922727.0,0.0,1129014.5,0.0,2992524.5,1108753.375,0.0,740086.875,0.0,3809966.5,1763242.75,654978.125,358987.40625,0.0,0
1789703585.1537774,fan,315,4,0.0,0.0,0.0,0.0,0.0,0.0,0.0,0.0,0.0,2647779.0,0.0,0.0,0.0,2622048.0,0.0,1942639.0,0
1789703585.3058345,fan,340,12,0.0,1864743.625,22381640.0,6914481.0,12105958.0,0.0,0.0,34226004.0,16207476.0,3879035.75,0.0,0.0,4265758.0,0.0,0.0,0.0,0
1789703585.5268552,fan,329,6,0.0,0.0,9606367.0,6171405.0,0.0,1772955.625,0.0,0.0,2793710.5,0.0,0.0,1326550.75,0.0,0.0,0.0,2141837.25,0
1789703585.585647,fan,315,10,7237796.0,0.0,0.0,0.0,0.0,997986.1875,1794003.5,0.0,0.0,0.0,1107862.875,0.0,2145459.5,0.0,2320072.25,3462259.0,0
1789703585.6471565,fan,330,10,3517407.75,0.0,5130233.0,3548811.25,0.0,697607.875,727491.5,0.0,3766421.0,3788355.5,0.0,0.0,0.0,0.0,0.0,0.0,0
1789703585.7091823,fan,332,8,0.0,0.0,0.0,0.0,0.0,0.0,2886789.5,0.0,525209.375,995126.0,1855127.75,941289.875,0.0,0.0,0.0,2990380.5,0
1789703585.7717571,fan,332,9,0.0,0.0,0.0,0.0,0.0,0.0,0.0,5167358.5,9528159.0,0.0,0.0,0.0,1703755.0,626533.375,3698285.25,2668397.5,0
1789703586.415721,fan,320,11,0.0,0.0,11084373.0,0.0,3675057.75,0.0,4557325.0,0.0,0.0,0.0,0.0,11159476.0,0.0,3813739.5,0.0,0.0,0
1789703587.0188606,fan,325,18,3863394.0,0.0,18376506.0,6179060.0,9620906.0,6124107.0,1518738.375,11868887.0,13528953.0,0.0,0.0,2996023.75,10603644.0,12078350.0,0.0,0.0,0
1789703587.0898724,fan,324,7,5506147.0,0.0,5708295.0,0.0,0.0,0.0,0.0,0.0,1532667.25,6817920.0,0.0,0.0,1303225.375,5850021.0,4032330.0,0.0,0
1789703587.1538577,fan,350,14,0.0,0.0,11983879.0,6428205.0,2308811.0,4547809.0,0.0,2784710.0,2738981.0,0.0,0.0,0.0,0.0,3686085.75,6029899.5,2288400.5,0
1789703587.2413409,fan,347,7,4615766.0,0.0,0.0,0.0,0.0,0.0,2438103.0,3200714.5,1927505.5,0.0,0.0,0.0,2472960.5,0.0,2898389.25,0.0,0
1789703587.3148348,fan,350,10,0.0,0.0,0.0,0.0,0.0,0.0,3766006.5,19169248.0,4792289.0,4191864.5,0.0,2064575.5,1612251.5,0.0,0.0,1229148.0,0
1789703587.4447982,fan,344,3,0.0,0.0,0.0,0.0,0.0,0.0,0.0,0.0,0.0,20801276.0,4642502.0,0.0,0.0,0.0,0.0,0.0,0
1789703587.8742797,fan,309,9,0.0,0.0,13664459.0,0.0,2048004.5,4577338.0,0.0,2142066.5,0.0,0.0,1034874.5,0.0,1236789.0,0.0,0.0,2414619.0,0
1789703587.934545,fan,324,10,0.0,0.0,1503214.75,0.0,0.0,4828209.0,1887459.75,18658196.0,0.0,0.0,0.0,1608147.25,0.0,0.0,8146189.5,5120004.0,0
1789703588.0323658,fan,315,14,0.0,0.0,7360405.5,1197135.375,2592642.0,2919581.0,0.0,0.0,3699851.5,419302.4375,2797271.0,0.0,3243252.5,5723526.0,11944184.0,983697.6875,0
1789703588.2856693,fan,300,6,9090298.0,0.0,0.0,0.0,950193.4375,5667447.5,4162433.0,0.0,0.0,0.0,0.0,0.0,0.0,1637301.25,0.0,1039795.25,0
1789703588.34412,fan,358,5,0.0,0.0,0.0,3032886.0,0.0,1973406.125,0.0,0.0,0.0,0.0,0.0,12021014.0,0.0,0.0,0.0,3524241.25,0
1789703588.4083307,fan,322,9,0.0,5272990.5,0.0,0.0,2004798.125,0.0,0.0,0.0,2480760.5,13718722.0,1951938.5,0.0,0.0,3813676.5,0.0,1262170.375,0
1789703588.471865,fan,335,18,5080088.5,0.0,0.0,3417843.25,17261404.0,11106802.0,6221917.5,7446181.0,1761902.0,1083986.25,0.0,0.0,2357782.0,4189493.5,1263862.125,0.0,0
1789703588.6354265,fan,335,14,13938146.0,19577666.0,1253298.5,459622.0,972393.9375,0.0,1647035.25,3268256.0,597148.875,0.0,0.0,2879536.0,0.0,0.0,0.0,8297606.5,0
1789703588.6987453,fan,337,14,0.0,0.0,6293813.0,9694280.0,0.0,660007.25,1156578.0,5622402.0,8309011.0,0.0,2189635.25,2307220.5,0.0,1307634.25,1034898.625,0.0,0
1789703588.9842699,fan,331,10,5006496.0,11574222.0,0.0,0.0,0.0,5292979.0,0.0,0.0,3080939.5,0.0,3219116.75,0.0,0.0,1888813.375,0.0,3717127.0,0
1789703589.0484273,fan,331,13,0.0,18760236.0,0.0,4753219.0,3201864.5,0.0,17796444.0,5758191.0,892708.6875,1897935.875,0.0,3209922.25,0.0,0.0,0.0,0.0,0
1789703589.09452,fan,332,14,8377190.0,0.0,6183507.0,4706445.0,3089480.0,4578586.0,0.0,12221678.0,0.0,0.0,0.0,4766848.5,2993250.25,624665.75,0.0,552781.6875,0
1789703589.268912,fan,310,6,11023122.0,0.0,0.0,0.0,0.0,0.0,0.0,0.0,0.0,0.0,3152898.0,969801.6875,0.0,1858840.0,0.0,0.0,0
1789703589.3270772,fan,324,10,0.0,0.0,1481748.75,4354202.0,0.0,0.0,2600129.75,2876794.75,0.0,0.0,4199427.5,1567861.25,1115267.375,4184278.0,4380401.0,0.0,0
1789703589.3887966,fan,316,10,7502759.5,0.0,3671318.5,0.0,0.0,0.0,0.0,0.0,0.0,4619100.5,2593765.25,6366075.0,2658408.0,0.0,2292719.75,0.0,0
1789703589.4627748,fan,323,6,1648078.875,0.0,9236686.0,0.0,0.0,0.0,8479373.0,1647292.25,0.0,0.0,0.0,0.0,0.0,0.0,1306155.875,2298082.25,0
1789703589.532097,fan,335,9,0.0,0.0,0.0,5616757.0,0.0,0.0,3396625.25,11793053.0,5782289.0,0.0,0.0,0.0,0.0,1955336.0,1220330.25,0.0,0
1789703589.595985,fan,326,7,110399984.0,0.0,0.0,25242398.0,0.0,15700467.0,0.0,0.0,0.0,14790933.0,0.0,10208806.0,9012568.0,13937451.0,0.0,0.0,0
1789703589.5970333,fan,44,3,147336128.0,0.0,0.0,0.0,0.0,0.0,0.0,0.0,0.0,0.0,0.0,0.0,0.0,5078773.5,3799789.0,0.0,0
1789703589.663958,fan,326,6,0.0,0.0,0.0,17196182.0,0.0,0.0,0.0,0.0,0.0,39038864.0,0.0,15156558.0,0.0,6347145.5,0.0,0.0,0
1789703589.7100925,fan,356,13,0.0,0.0,2184802.0,0.0,3126947.25,0.0,0.0,18108156.0,3202392.0,22251008.0,14920698.0,3655262.0,0.0,0.0,0.0,6765259.0,0
1789703589.8726835,fan,344,10,0.0,0.0,0.0,841392.25,0.0,0.0,6673217.5,5624601.0,16455161.0,1180718.5,0.0,2105257.5,0.0,536889.625,2464801.75,0.0,0
1789703589.9375823,fan,344,12,0.0,4055001.25,2417042.25,0.0,1546907.0,0.0,8890282.0,0.0,1218933.75,974412.0,0.0,0.0,0.0,3409655.5,5061890.5,1371620.0,0
1789703590.315871,fan,327,11,0.0,10027366.0,5175789.0,1498746.75,1844639.125,0.0,3039237.75,0.0,0.0,0.0,0.0,1317559.25,0.0,0.0,0.0,6759496.0,0
1789703590.3788583,fan,327,13,0.0,0.0,2206314.0,0.0,2299090.25,2787192.5,0.0,4116463.5,1460503.625,10028274.0,3074627.5,2319105.5,3490666.25,2436286.5,3013684.5,2181924.25,0
1789703590.4239056,fan,327,7,0.0,6449361.5,0.0,0.0,0.0,0.0,1181580.25,0.0,0.0,0.0,1208600.125,3446827.25,0.0,1324282.5,0.0,2027486.25,0
1789703590.6950493,fan,319,11,2269681.0,0.0,1109513.25,3075486.25,4615918.5,9864075.0,0.0,0.0,0.0,5313276.5,0.0,0.0,1097650.75,0.0,0.0,521376.15625,0
1789703590.764673,fan,342,17,0.0,0.0,17477498.0,14991864.0,6908636.0,0.0,1074213.0,0.0,0.0,1326271.875,1232893.75,951607.0,0.0,3601064.0,4107003.0,0.0,0
1789703590.82823,fan,342,10,0.0,0.0,0.0,8840995.0,2597709.5,0.0,0.0,1434347.25,0.0,3517183.75,2310228.5,3417022.0,0.0,2683244.5,0.0,0.0,0
1789703590.8855436,fan,327,14,1069642.5,0.0,672372.5,0.0,1913838.625,1442118.75,0.0,4310245.5,4448099.0,3988055.5,0.0,1035520.6875,1019283.0,5030814.0,0.0,3470017.5,0
1789703590.9803598,fan,289,7,10370454.0,0.0,0.0,0.0,0.0,0.0,796938.8125,880801.9375,0.0,0.0,2033520.125,3677088.0,0.0,0.0,0.0,0.0,0
1789703591.109637,fan,340,18,10710828.0,2772725.0,387549.0,10159511.0,4789588.0,0.0,4224474.0,1408657.625,764171.25,2745667.0,1542730.625,1947831.375,2248655.5,1424276.25,305907.0625,6468167.5,0
1789703591.1699052,fan,323,7,0.0,0.0,0.0,0.0,0.0,0.0,4278084.5,1423138.625,0.0,0.0,0.0,1444132.875,0.0,0.0,1145844.0,1627652.5,0
1789703591.2335374,fan,348,11,0.0,0.0,15113588.0,0.0,2619178.0,3302613.5,5019991.0,3697236.5,2858158.75,5859572.0,1774515.0,3600584.5,0.0,0.0,684569.5,0.0,0
1789703591.2973046,fan,351,13,0.0,0.0,1302989.75,6724168.0,3371909.75,0.0,3318105.5,4226491.0,12009095.0,0.0,371133.375,0.0,574876.125,3972947.5,3129327.25,0.0,0
1789703591.3620362,fan,349,7,0.0,0.0,3017472.25,9891930.0,10343521.0,0.0,0.0,3093909.25,0.0,4158658.25,0.0,0.0,0.0,2316854.5,0.0,0.0,0
1789703591.4556756,fan,328,14,0.0,0.0,0.0,6744299.5,6028633.5,4908677.0,4265693.5,0.0,0.0,0.0,0.0,2576288.75,1031125.875,0.0,1810594.5,3307662.0,0
1789703591.515632,fan,333,12,0.0,0.0,0.0,9026718.0,7974050.5,0.0,1837516.5,2652776.5,0.0,0.0,1802643.5,761884.0625,7592025.0,1936867.375,1267911.125,529094.0625,0
1789703591.5771253,fan,302,6,11360202.0,8027366.0,0.0,0.0,0.0,0.0,0.0,0.0,0.0,966744.125,0.0,403126.75,0.0,1952456.25,0.0,0.0,0
1789703591.6404183,fan,272,4,11096343.0,0.0,0.0,0.0,0.0,0.0,958048.8125,1491583.125,0.0,1880424.875,0.0,0.0,0.0,0.0,0.0,0.0,0
1789703591.7046947,fan,319,14,15404631.0,0.0,3221084.25,0.0,268194.96875,10013266.0,4354197.0,10738848.0,9141464.0,0.0,3628970.25,0.0,665972.1875,865248.5,0.0,0.0,0
1789703591.9638956,fan,331,15,0.0,0.0,19699136.0,25041680.0,1438048.25,0.0,1805460.125,15470348.0,0.0,2298635.25,936619.3125,388889.3125,2473633.5,0.0,1796731.375,1163741.0,0
1789703592.0578651,fan,355,7,0.0,0.0,4204907.5,3202047.0,0.0,0.0,3040268.0,16857872.0,4286927.5,2030003.25,0.0,0.0,0.0,0.0,0.0,0.0,0
1789703592.1291003,fan,317,8,1121148.0,0.0,13420320.0,0.0,0.0,1951123.625,1748754.375,0.0,448449.25,0.0,0.0,0.0,0.0,1295236.875,0.0,2141449.5,0
1789703592.2176952,fan,342,13,0.0,0.0,26240398.0,7117173.0,981244.6875,0.0,1964083.625,0.0,6462857.5,0.0,2881704.0,1464318.875,0.0,6425466.0,0.0,0.0,0
1789703592.375772,fan,316,11,12121195.0,7698119.5,12197446.0,0.0,0.0,13891943.0,1634753.75,5436882.0,630529.6875,0.0,4449904.5,0.0,0.0,0.0,0.0,0.0,0
1789703592.8834076,fan,337,10,0.0,0.0,4236829.0,0.0,2589221.0,2386295.0,4112923.0,0.0,689976.25,2052724.5,0.0,976695.25,2878605.5,0.0,4824200.0,0.0,0
1789703593.104181,fan,321,13,0.0,0.0,8534061.0,0.0,0.0,0.0,2612072.25,5009187.0,1510863.625,1877736.625,531413.0,0.0,1452954.625,2009052.125,6597344.5,3082269.5,0
1789703593.5180829,fan,339,8,5142016.5,0.0,0.0,0.0,1877326.875,4216154.5,2338928.0,8155992.0,0.0,0.0,0.0,855161.0,1495832.75,2568608.0,0.0,0.0,0
1789703593.5776498,fan,319,16,0.0,9598762.0,0.0,14152882.0,17002670.0,543760.625,12406152.0,0.0,845804.0,1375093.0,0.0,1809222.0,6221803.0,4976290.0,0.0,1914122.625,0
1789703593.740317,fan,343,10,14077446.0,0.0,0.0,2669659.0,0.0,0.0,0.0,0.0,0.0,6401087.0,9961153.0,0.0,1064171.625,1077498.125,1478873.875,3018776.75,0
1789703593.9289663,fan,340,16,0.0,0.0,12078298.0,1680210.625,4420957.0,1190515.5,8804296.0,2589043.5,2293676.5,0.0,1209778.375,0.0,0.0,3172819.5,2553884.5,2564150.0,0
1789703593.9941883,fan,327,8,0.0,0.0,1817889.25,0.0,0.0,923359.625,2361254.5,2268114.0,0.0,3219617.5,0.0,2233710.25,0.0,2034120.25,815534.125,0.0,0
1789703594.0580826,fan,347,10,0.0,4324165.0,0.0,0.0,7539106.0,1866789.125,0.0,33887872.0,0.0,831596.6875,0.0,0.0,0.0,719372.9375,3517608.0,0.0,0
1789703594.595158,fan,315,8,0.0,0.0,4238460.0,0.0,0.0,826493.6875,741302.125,0.0,0.0,3237635.5,4310856.0,2412883.25,0.0,0.0,0.0,7088387.0,0
1789703594.6640291,fan,329,11,0.0,0.0,2710177.75,1114892.125,5445143.0,0.0,4449103.0,42807368.0,0.0,2386601.25,0.0,0.0,0.0,0.0,0.0,7351094.5,0
1789703594.7539914,fan,329,14,0.0,1871710.75,6819449.0,0.0,1107330.25,0.0,4051769.5,0.0,4154907.0,1066373.125,3371982.75,559294.875,975202.625,0.0,5575854.5,0.0,0
1789703594.8165524,fan,334,12,8127815.0,3298653.0,0.0,4506603.0,0.0,1094554.25,0.0,7418879.0,377237.40625,0.0,2994348.5,0.0,0.0,0.0,5867310.0,4377650.0,0
1789703595.166402,fan,329,12,0.0,0.0,17167092.0,11856392.0,6757749.0,0.0,0.0,803525.0,0.0,0.0,0.0,5665556.0,0.0,0.0,0.0,5849479.0,0
1789703595.2929232,fan,349,11,0.0,0.0,439931.8125,0.0,0.0,0.0,0.0,5488932.0,8942586.0,1117809.75,1415704.375,1474768.25,2462912.75,2707762.0,0.0,0.0,0
1789703595.3522947,fan,288,8,7204705.0,0.0,0.0,0.0,0.0,6696466.5,10012508.0,0.0,0.0,0.0,0.0,0.0,1067752.75,0.0,0.0,0.0,0
1789703595.4083688,fan,336,5,0.0,0.0,13983838.0,2614047.5,0.0,0.0,0.0,0.0,0.0,0.0,0.0,0.0,1058727.125,0.0,0.0,1342401.75,0
1789703595.4726644,fan,334,11,0.0,0.0,14833623.0,0.0,0.0,1863636.0,854193.375,1095497.25,3482994.5,5070747.5,0.0,13953677.0,0.0,0.0,2415229.25,2358058.75,0
1789703595.537389,fan,346,11,0.0,2366119.5,0.0,5932887.0,0.0,0.0,3699198.5,3722389.5,0.0,2299094.0,374957.78125,0.0,0.0,0.0,3645981.0,2190194.25,0
1789703595.6010187,fan,343,8,0.0,0.0,7096981.5,0.0,1889056.75,0.0,0.0,0.0,0.0,4309166.0,0.0,2081362.5,0.0,0.0,1789725.625,1076202.25,0
1789703595.6718314,fan,4,10,0.0,2078390.75,1275939.75,19436186.0,10372010.0,0.0,0.0,4758304.0,2491082.25,9969366.0,0.0,0.0,0.0,0.0,0.0,0.0,0
1789703595.735894,fan,320,12,21524182.0,0.0,14653724.0,11919540.0,0.0,10408322.0,442616.15625,0.0,0.0,0.0,2829138.25,6581184.5,2981111.75,0.0,0.0,0.0,0
1789703595.9580786,fan,322,9,0.0,0.0,30368116.0,0.0,0.0,5402901.0,1212709.375,0.0,0.0,0.0,6011795.5,0.0,0.0,8680885.0,0.0,0.0,0
1789703596.052828,fan,346,10,0.0,5718475.5,0.0,0.0,5699967.0,4546140.0,0.0,2774811.0,14817344.0,3086682.5,1365415.5,818386.625,0.0,0.0,1874903.25,0.0,0
1789703596.1130762,fan,343,8,1324659.625,0.0,0.0,0.0,10336683.0,0.0,5126968.0,3000736.5,0.0,0.0,0.0,0.0,0.0,0.0,4690914.0,0.0,0
1789703596.1784697,fan,346,15,0.0,0.0,2158589.25,0.0,12100857.0,1868246.75,0.0,3730541.5,1691147.375,5172449.0,5197940.5,0.0,1246066.5,2571682.5,0.0,2774571.0,0
1789703596.2446525,fan,351,16,0.0,0.0,8492342.0,9950348.0,10655595.0,0.0,0.0,2048841.5,0.0,0.0,1238519.375,1186722.875,2224856.5,1185815.25,839808.1875,3428484.75,0
1789703596.3084328,fan,322,7,0.0,0.0,0.0,0.0,3976115.5,5319329.5,7862062.0,0.0,0.0,4609899.0,0.0,0.0,0.0,3689452.0,0.0,0.0,0
1789703596.372381,fan,322,8,0.0,0.0,0.0,0.0,0.0,0.0,0.0,33288128.0,0.0,0.0,0.0,4004079.75,7547991.0,0.0,1856885.375,1581378.75,0
1789703596.421777,fan,297,5,0.0,0.0,34025976.0,0.0,0.0,8357340.5,6985045.5,0.0,0.0,0.0,0.0,1218027.25,0.0,0.0,0.0,0.0,0
1789703596.4838896,fan,317,6,6021374.0,0.0,12245366.0,0.0,0.0,0.0,0.0,0.0,0.0,0.0,0.0,2521683.0,2300122.5,0.0,2770535.25,0.0,0
1789703596.5469348,fan,327,9,0.0,0.0,2554572.0,0.0,0.0,3588143.75,2491112.0,7959033.0,8216709.0,0.0,0.0,4809238.0,0.0,669990.375,0.0,0.0,0
1789703596.6095388,fan,331,9,0.0,0.0,0.0,0.0,0.0,1383368.125,0.0,876452.625,932822.875,3389752.5,0.0,2817398.0,2740379.0,0.0,851671.125,2006754.125,0
1789703596.6730278,fan,320,13,0.0,4188261.75,4623161.0,2559014.75,0.0,0.0,2476244.0,0.0,0.0,1781025.25,0.0,566500.875,918610.125,929656.875,0.0,5538165.0,0
1789703596.7353349,fan,329,11,0.0,0.0,0.0,8927679.0,21864346.0,0.0,0.0,9469484.0,7251595.0,0.0,6603754.0,0.0,4450318.5,1689928.125,2415602.25,616627.75,0
1789703596.7963603,fan,329,11,0.0,0.0,5832878.5,5168775.0,0.0,0.0,1222054.5,0.0,2275762.5,4065018.0,1022719.375,5143039.0,0.0,0.0,0.0,1747112.25,0
1789703596.845766,fan,329,6,0.0,0.0,1724307.875,0.0,0.0,0.0,0.0,0.0,0.0,13372836.0,0.0,0.0,1708810.125,0.0,0.0,1947020.25,0
1789703596.8914514,fan,326,10,10864733.0,17800486.0,22608448.0,0.0,978664.375,0.0,4929641.5,0.0,0.0,2224235.25,0.0,0.0,0.0,4519611.5,0.0,0.0,0
1789703596.9539263,fan,302,4,0.0,0.0,9899732.0,0.0,0.0,0.0,0.0,0.0,0.0,0.0,0.0,8158709.5,0.0,0.0,0.0,1993301.5,0
1789703597.0162861,fan,345,7,0.0,0.0,0.0,0.0,0.0,0.0,0.0,0.0,2487469.25,2232549.25,1878582.625,0.0,0.0,3167822.0,2509859.5,0.0,0
1789703597.0798423,fan,322,8,0.0,0.0,0.0,0.0,5060794.0,3935439.5,10613312.0,7390511.5,0.0,3489366.25,0.0,0.0,0.0,0.0,0.0,644367.1875,0
1789703597.200137,fan,309,5,0.0,0.0,0.0,0.0,3626549.75,7064154.0,0.0,0.0,0.0,0.0,1647164.0,7562039.0,0.0,0.0,0.0,0.0,0
1789703597.2622128,fan,350,11,11741464.0,0.0,5915307.5,0.0,0.0,0.0,0.0,2647639.75,0.0,0.0,2169132.25,1672414.25,2200889.75,731682.0625,1848268.25,5658637.0,0
1789703597.732284,fan,313,8,0.0,0.0,0.0,0.0,0.0,1715431.375,0.0,0.0,2233330.5,0.0,0.0,3603486.5,7192877.5,0.0,2569744.0,0.0,0
1789703597.790333,fan,319,11,1039605.375,0.0,0.0,0.0,1163736.875,0.0,2631542.25,9448488.0,2479191.5,0.0,665547.6875,1021847.375,0.0,970793.0,0.0,3172646.5,0
1789703597.8523066,fan,331,7,0.0,0.0,0.0,0.0,12608918.0,0.0,3552933.5,8041313.0,5843220.0,0.0,0.0,0.0,0.0,2600588.25,0.0,0.0,0
1789703597.9161375,fan,338,10,0.0,0.0,15589981.0,0.0,1949306.0,0.0,8240627.0,0.0,6985314.0,2840938.75,1251600.25,1224356.25,0.0,0.0,2052450.5,0.0,0
1789703597.9866714,fan,8,9,0.0,0.0,0.0,0.0,0.0,0.0,356200.40625,25398336.0,660247.125,8517528.0,0.0,2918587.0,0.0,0.0,0.0,0.0,0
1789703598.1130195,fan,315,10,17754524.0,3846921.5,0.0,0.0,1984911.0,0.0,0.0,0.0,3431313.75,0.0,0.0,0.0,0.0,0.0,2959437.0,9534386.0,0
1789703598.183876,fan,341,17,0.0,0.0,24935876.0,16843794.0,11686263.0,0.0,0.0,0.0,1137366.375,942934.375,0.0,7716473.0,0.0,8698598.0,4220020.0,8431202.0,0
1789703598.3680687,fan,353,10,0.0,0.0,3133034.75,9957978.0,5021184.0,579277.5625,0.0,12673638.0,3216056.0,12869742.0,0.0,861106.625,0.0,0.0,0.0,0.0,0
1789703598.4331083,fan,343,16,4472753.0,1864586.5,0.0,1068776.75,0.0,4998910.0,6937300.0,12411029.0,5730916.0,0.0,3068434.0,5517363.5,259041.34375,2989160.0,0.0,0.0,0
1789703598.497034,fan,343,7,0.0,0.0,0.0,0.0,0.0,3191913.0,2096298.0,0.0,3293769.25,3380250.0,0.0,0.0,2709602.5,3204211.0,2382557.0,0.0,0
1789703598.5437386,fan,343,9,691965.625,743278.8125,14054892.0,0.0,0.0,0.0,0.0,0.0,3238258.0,2977764.0,1635278.375,0.0,0.0,0.0,2981693.0,2019391.25,0
1789703598.5937755,fan,346,4,0.0,0.0,8349930.0,0.0,0.0,0.0,8183357.0,0.0,0.0,0.0,0.0,2712806.75,0.0,0.0,1765410.5,0.0,0
1789703598.6590853,fan,352,8,0.0,0.0,0.0,12411267.0,1586383.875,0.0,3679051.0,8251931.0,597764.9375,0.0,0.0,0.0,0.0,0.0,0.0,4217721.0,0
1789703598.7242947,fan,272,5,20982018.0,0.0,0.0,0.0,0.0,0.0,11724748.0,6651337.0,0.0,2038415.25,0.0,2469302.5,0.0,0.0,0.0,0.0,0
1789703598.7769122,fan,271,3,0.0,0.0,0.0,0.0,0.0,0.0,0.0,0.0,0.0,1491619.25,1023567.625,0.0,0.0,0.0,0.0,0.0,0
1789703599.2544978,fan,318,14,3151741.5,0.0,4681502.0,0.0,2772082.0,3159547.5,14701986.0,0.0,8193319.5,0.0,0.0,0.0,537933.375,1521034.25,3766832.75,1250629.375,0
1789703599.3178358,fan,351,7,0.0,0.0,8885776.0,13708034.0,4992416.5,0.0,0.0,0.0,1525591.0,1327497.5,0.0,0.0,0.0,0.0,1251467.25,0.0,0
1789703599.4134457,fan,336,20,0.0,1947600.75,6264958.0,0.0,1709995.25,4585139.5,1295235.5,2209279.5,9316512.0,7104119.5,654297.5625,2757298.75,0.0,3801847.25,1603375.875,2784182.5,0
1789703599.4752085,fan,347,11,1973807.0,0.0,0.0,3933154.25,1298681.25,0.0,3885417.0,2311739.0,1627987.75,5780797.5,0.0,0.0,0.0,0.0,814484.875,834353.5,0
1789703599.5465376,fan,310,8,14409872.0,0.0,0.0,0.0,3997301.5,11954636.0,0.0,0.0,0.0,7471078.5,0.0,0.0,3656424.0,1447637.375,3420899.0,0.0,0
1789703599.6086006,fan,310,7,3848873.25,0.0,3686572.0,0.0,4231848.0,0.0,2941604.0,0.0,0.0,0.0,0.0,1905514.875,0.0,5126883.0,0.0,0.0,0
1789703599.7296548,fan,338,9,0.0,2442374.0,6116632.5,615385.875,0.0,0.0,0.0,0.0,0.0,0.0,0.0,0.0,1519820.125,3479262.0,796559.875,4909948.0,0
1789703599.8243756,fan,310,5,0.0,0.0,0.0,0.0,0.0,0.0,3348226.75,8449792.0,0.0,0.0,0.0,0.0,0.0,750362.9375,639951.25,0.0,0
1789703599.951676,fan,328,10,2127393.0,0.0,0.0,5149961.0,3966032.5,1169135.375,3739891.75,0.0,0.0,4635901.0,0.0,0.0,799485.4375,1463492.0,0.0,2702411.75,0
1789703600.0102239,fan,325,14,0.0,0.0,8858057.0,0.0,4747953.0,1408205.5,0.0,12442690.0,4152218.25,2448998.0,1625522.0,1128785.75,469911.1875,0.0,4081930.5,3509440.0,0
1789703600.0724194,fan,321,4,0.0,0.0,0.0,0.0,6363283.0,15604410.0,0.0,0.0,0.0,0.0,0.0,0.0,0.0,2701434.0,0.0,0.0,0
1789703600.1347256,fan,317,11,0.0,0.0,0.0,0.0,1005578.4375,0.0,1584873.125,0.0,1673521.5,0.0,0.0,1863841.125,4509700.0,2841228.5,5115205.0,1024047.0625,0
1789703600.1973388,fan,345,6,11175776.0,0.0,0.0,0.0,5526057.0,0.0,2566567.5,0.0,0.0,0.0,0.0,0.0,0.0,2813551.0,2188932.25,1574249.875,0
1789703600.2602503,fan,318,14,0.0,0.0,5373352.5,0.0,0.0,14039156.0,0.0,12421086.0,2817896.25,710109.375,0.0,11410418.0,3011726.0,3426838.75,0.0,0.0,0
1789703600.3625133,fan,317,6,6817382.0,0.0,0.0,733396.125,6358850.0,1326388.625,0.0,0.0,0.0,472118.40625,0.0,0.0,0.0,0.0,0.0,0.0,0
1789703600.4202316,fan,345,8,0.0,0.0,0.0,0.0,723149.5,0.0,3638334.5,2501719.5,0.0,0.0,2619100.5,2533091.0,2629253.25,0.0,549357.5,0.0,0
1789703600.4844465,fan,337,12,0.0,0.0,2527593.5,0.0,0.0,1355926.0,0.0,0.0,8374353.0,3981631.0,2631218.75,1538829.5,0.0,0.0,4846009.0,0.0,0
1789703600.559997,fan,335,12,0.0,0.0,11713529.0,0.0,2921535.75,0.0,0.0,4277765.0,1090111.375,7781663.0,0.0,0.0,931840.8125,3821612.0,1645420.5,0.0,0
1789703600.7127383,fan,342,17,6801131.0,3883423.0,0.0,929527.5,0.0,1614662.25,5481705.5,8665020.0,791351.8125,9264907.0,940215.4375,6768704.0,0.0,0.0,1068621.5,1194777.375,0
1789703600.7768793,fan,294,5,3475119.5,2631781.5,0.0,8707992.0,0.0,0.0,0.0,0.0,0.0,0.0,0.0,0.0,810417.9375,0.0,0.0,0.0,0
1789703600.842037,fan,342,10,0.0,0.0,8611742.0,0.0,2617159.75,0.0,0.0,0.0,3238007.0,7698687.0,0.0,1089406.375,0.0,3389855.75,0.0,0.0,0
1789703601.1871693,fan,329,17,3251021.25,2896039.5,18400284.0,15317041.0,0.0,0.0,4760927.0,3645248.75,2223393.25,2597530.5,0.0,0.0,3299518.5,8953529.0,0.0,6945636.0,0
1789703601.2472854,fan,326,19,0.0,8092219.0,7501144.5,0.0,0.0,0.0,5008103.0,6633339.0,4796123.0,1674707.25,4294988.5,1423439.75,3485973.5,3667372.0,5241210.0,6436552.0,0
1789703601.3098302,fan,324,7,0.0,0.0,0.0,0.0,1826549.0,0.0,2624494.0,0.0,0.0,0.0,0.0,4742149.5,10788241.0,1026721.0625,0.0,0.0,0
1789703601.3743699,fan,327,7,0.0,0.0,0.0,0.0,0.0,5307399.5,7245543.0,0.0,4349796.0,0.0,0.0,0.0,3041479.5,14309660.0,0.0,0.0,0
1789703601.436405,fan,323,12,0.0,0.0,0.0,0.0,0.0,0.0,5613987.5,5659264.5,15701498.0,0.0,0.0,8719481.0,3079544.5,18035804.0,4573549.5,0.0,0
1789703601.4985342,fan,332,8,0.0,0.0,0.0,0.0,2636641.25,0.0,0.0,0.0,13329418.0,0.0,4802474.0,2633588.5,4057821.25,1573273.0,0.0,0.0,0
1789703601.5728037,fan,323,13,0.0,3683530.0,0.0,2205138.5,8179558.0,0.0,0.0,7043072.0,2437211.75,0.0,4434084.5,0.0,0.0,9104107.0,2527450.5,1624646.375,0
1789703601.634597,fan,321,6,0.0,0.0,0.0,0.0,11446482.0,17787068.0,2465056.25,3988085.25,0.0,0.0,0.0,0.0,0.0,4788746.0,0.0,2953183.25,0
1789703601.692537,fan,323,9,0.0,5237851.5,0.0,0.0,0.0,1889204.75,0.0,0.0,1445730.5,472343.59375,0.0,0.0,881119.1875,4401904.0,516522.8125,0.0,0
1789703601.7659569,fan,318,7,0.0,0.0,13610124.0,0.0,8212787.5,1797526.75,0.0,0.0,0.0,0.0,0.0,2573195.0,0.0,0.0,0.0,2561414.25,0
1789703601.8278592,fan,330,6,0.0,0.0,0.0,0.0,0.0,7752384.0,0.0,6953925.0,0.0,9560550.0,0.0,0.0,0.0,4774655.0,0.0,3172454.75,0
1789703601.8887944,fan,306,7,0.0,0.0,13610114.0,0.0,0.0,0.0,6664620.0,13742158.0,0.0,0.0,0.0,4549337.0,584040.625,0.0,0.0,0.0,0
1789703601.9477072,fan,347,13,935013.875,0.0,3058765.0,0.0,3492079.5,3175403.5,7667687.5,0.0,4407630.0,0.0,0.0,2544307.0,0.0,1929558.0,1072955.625,3144422.5,0
1789703602.0113647,fan,331,13,3774374.25,11800014.0,0.0,0.0,3877616.75,0.0,0.0,0.0,3164656.25,5410563.0,0.0,1296587.625,4268095.5,0.0,1348807.625,1858042.75,0
1789703602.0757072,fan,329,13,0.0,682225.625,0.0,0.0,235896.15625,0.0,13961026.0,0.0,0.0,0.0,4324063.0,3024296.25,0.0,6552335.0,4436716.5,1226658.375,0
1789703602.1704867,fan,329,9,0.0,3225323.0,0.0,0.0,0.0,0.0,0.0,0.0,0.0,568447.25,2317794.5,5298814.0,0.0,3727006.75,5736204.0,0.0,0
1789703602.2339435,fan,339,12,0.0,0.0,0.0,2282322.25,0.0,2669040.5,5082306.5,0.0,7095266.0,0.0,0.0,0.0,4939063.0,698819.5625,783373.9375,1611122.375,0
1789703602.3607662,fan,342,10,0.0,0.0,2407138.25,6086561.5,6459011.0,2365426.0,3676282.75,6267924.5,0.0,0.0,0.0,0.0,0.0,299747.6875,0.0,3806747.0,0
1789703602.4260926,fan,330,14,2191746.75,2470859.5,0.0,0.0,0.0,0.0,1189315.375,4487082.0,4961965.0,1961532.875,0.0,3782565.0,3249363.75,5069881.0,0.0,810229.0,0
1789703602.4895132,fan,330,8,0.0,0.0,0.0,0.0,13345335.0,0.0,0.0,655030.125,1071493.25,0.0,1923800.25,2227038.0,0.0,0.0,1638372.5,0.0,0
1789703602.5820165,fan,342,7,0.0,0.0,0.0,0.0,3026988.0,0.0,0.0,885616.9375,3466319.75,4019806.5,0.0,794599.75,0.0,993523.0,0.0,0.0,0
1789703602.6425672,fan,322,13,1843410.125,4921731.5,3138521.0,1441280.75,1231434.0,5354381.0,0.0,0.0,0.0,0.0,697866.875,0.0,2548824.5,0.0,3201514.75,1416571.75,0
1789703602.8037696,fan,320,12,0.0,0.0,0.0,0.0,0.0,2311799.0,8522028.0,1507966.0,2139257.0,1004351.75,0.0,0.0,2979226.0,6210016.5,0.0,0.0,0
1789703602.861151,fan,321,11,0.0,0.0,4696454.0,2719342.75,0.0,0.0,14440447.0,0.0,2273173.25,0.0,0.0,0.0,829623.8125,2213768.25,1274729.875,2752078.25,0
1789703602.9229565,fan,318,7,0.0,4173710.0,2806357.25,0.0,1039989.125,0.0,3227832.5,0.0,3371846.75,0.0,0.0,0.0,1518026.75,8052959.0,0.0,0.0,0
1789703602.985186,fan,319,9,0.0,0.0,8120915.5,0.0,0.0,2063681.75,0.0,0.0,0.0,3234901.0,0.0,5397861.0,3071269.5,0.0,2272629.0,2396432.0,0
1789703603.0470433,fan,335,5,29743714.0,27743804.0,0.0,0.0,0.0,0.0,0.0,0.0,6287092.5,0.0,0.0,0.0,0.0,7416433.0,4967508.0,0.0,0
1789703603.1104472,fan,24,5,60263444.0,0.0,39869896.0,0.0,0.0,0.0,11405465.0,11426512.0,16320907.0,0.0,0.0,0.0,0.0,0.0,0.0,0.0,0
1789703603.1746478,fan,24,6,0.0,16943800.0,0.0,0.0,3409814.5,0.0,0.0,1227531.0,0.0,1216566.5,0.0,10093495.0,0.0,0.0,0.0,0.0,0
1789703603.223881,fan,192,3,23515834.0,0.0,0.0,7278773.0,0.0,0.0,0.0,0.0,0.0,0.0,0.0,0.0,0.0,0.0,0.0,0.0,0
1789703603.342815,fan,329,7,0.0,1813540.625,0.0,0.0,11127370.0,4927134.0,748497.5625,0.0,0.0,0.0,0.0,0.0,0.0,2372320.0,0.0,0.0,0
1789703603.4009757,fan,329,10,0.0,0.0,0.0,0.0,3355514.25,0.0,0.0,1057761.0,2552779.75,361102.8125,0.0,5487228.0,2772641.5,973466.125,0.0,0.0,0
1789703603.4504082,fan,357,6,534879.0625,0.0,3688401.75,869971.125,0.0,1137141.75,0.0,0.0,0.0,0.0,0.0,0.0,0.0,0.0,0.0,0.0,0
1789703603.5148604,fan,336,14,8164335.0,0.0,2000069.75,0.0,0.0,1782047.5,9953091.0,0.0,7273269.0,6889064.5,0.0,2311865.5,0.0,0.0,675974.0625,2177688.0,0
1789703603.5848517,fan,327,11,0.0,0.0,0.0,7269422.0,0.0,0.0,1888492.125,0.0,0.0,4297544.5,1132990.5,1160072.75,0.0,2911258.75,3882281.0,3207838.0,0
1789703603.648087,fan,1,4,0.0,0.0,0.0,0.0,0.0,0.0,0.0,0.0,2698147.25,0.0,0.0,1828100.0,3860542.0,2345385.5,0.0,0.0,0
1789703603.712299,fan,329,10,0.0,0.0,0.0,17026632.0,5548761.0,4244035.0,0.0,0.0,0.0,3283354.75,0.0,1438549.5,2636563.25,2627871.5,0.0,0.0,0
1789703603.7761335,fan,330,9,0.0,0.0,5912220.0,5772004.0,4916043.0,1434452.0,0.0,0.0,0.0,0.0,0.0,2048460.5,0.0,1549623.875,2270611.0,0.0,0
1789703603.8393512,fan,331,11,1823997.75,1693902.625,0.0,0.0,0.0,0.0,0.0,11211560.0,3741186.25,11145666.0,2176499.25,0.0,0.0,1083110.25,0.0,954461.875,0
1789703603.9452903,fan,337,8,0.0,0.0,5588217.5,2004223.125,0.0,0.0,7915348.5,12601118.0,0.0,0.0,3506324.75,0.0,0.0,0.0,1371669.625,0.0,0
1789703604.009472,fan,336,8,5059053.5,0.0,0.0,0.0,0.0,6564586.0,1092389.25,0.0,0.0,2167526.0,0.0,2075410.0,0.0,552339.75,0.0,2488466.5,0
1789703604.0734842,fan,339,7,0.0,0.0,4828174.0,3587288.5,0.0,1009512.25,1031956.375,0.0,0.0,0.0,1304467.25,0.0,0.0,3303696.25,1073314.375,0.0,0
1789703604.1368916,fan,323,9,3438122.5,0.0,0.0,0.0,5292164.0,0.0,0.0,1165737.0,0.0,870544.0,2502294.5,0.0,0.0,1078685.5,0.0,3457884.0,0
1789703604.1999588,fan,328,6,0.0,0.0,0.0,0.0,6601781.0,0.0,1973028.75,12699159.0,0.0,5375068.0,0.0,0.0,0.0,0.0,0.0,0.0,0
1789703604.2620938,fan,328,10,0.0,1720446.5,7068836.0,0.0,631074.75,2087316.125,0.0,5481004.0,0.0,0.0,2771804.0,2036074.625,0.0,0.0,0.0,2435257.25,0
1789703604.3082428,fan,329,8,0.0,0.0,0.0,1344454.0,13557433.0,0.0,841310.875,2501941.0,0.0,0.0,0.0,2710844.75,0.0,0.0,0.0,1600058.875,0
1789703604.371417,fan,347,5,0.0,0.0,26282052.0,12678209.0,11004732.0,0.0,0.0,0.0,0.0,0.0,0.0,4663480.5,0.0,0.0,0.0,1824103.75,0
1789703604.4512055,fan,343,7,0.0,0.0,0.0,14337024.0,0.0,5211207.0,5282557.0,0.0,5711464.5,0.0,0.0,0.0,0.0,0.0,1960374.375,1366709.5,0
1789703604.5154161,fan,341,8,0.0,0.0,0.0,0.0,2534359.75,0.0,4098214.5,4673482.5,0.0,2964041.0,0.0,5926073.0,0.0,0.0,4702473.5,0.0,0
1789703604.5793955,fan,339,5,0.0,0.0,0.0,0.0,0.0,0.0,0.0,0.0,0.0,6343738.0,0.0,813968.1875,1138105.375,0.0,1991156.5,4568113.5,0
1789703604.6447034,fan,339,6,0.0,0.0,0.0,0.0,0.0,17449950.0,2041006.0,0.0,0.0,0.0,2459201.25,1710303.375,0.0,303205.78125,0.0,0.0,0
1789703604.6904798,fan,335,8,0.0,0.0,0.0,0.0,716869.75,4708264.0,0.0,11418040.0,3153606.0,0.0,0.0,0.0,559096.75,4338606.5,0.0,0.0,0
1789703604.7543209,fan,331,17,577037440.0,153868784.0,213486688.0,84032512.0,80719760.0,0.0,0.0,19801098.0,35741568.0,11535084.0,0.0,0.0,0.0,31159216.0,6710093.0,7925011.0,0
1789703604.8170748,fan,331,5,0.0,0.0,0.0,0.0,18411424.0,0.0,0.0,0.0,0.0,13719040.0,0.0,0.0,0.0,0.0,3008535.5,0.0,0
1789703604.8620598,fan,331,9,0.0,0.0,7555190.5,4618540.0,0.0,0.0,0.0,3295694.5,5011734.5,3333441.75,0.0,4173712.5,0.0,999817.25,0.0,1120828.875,0
1789703604.9114392,fan,333,14,0.0,6594310.0,15342648.0,15098060.0,6844090.0,14267966.0,572226.125,0.0,1659519.0,0.0,0.0,0.0,5414789.0,4689147.0,699182.75,820358.25,0
1789703605.2439625,fan,323,17,2168985.0,7648490.0,26219452.0,10625039.0,0.0,4848088.5,16173343.0,2957017.0,1390922.875,4421912.5,0.0,2442642.5,0.0,4852486.5,0.0,1190736.25,0
1789703605.3026168,fan,331,16,8121509.0,11731765.0,17835828.0,0.0,0.0,0.0,7019102.5,17269530.0,0.0,4122810.0,1433788.875,0.0,0.0,5334052.0,1535205.25,1816398.5,0
1789703605.3653238,fan,327,12,16780144.0,9426962.0,0.0,0.0,0.0,3931588.0,9829055.0,6926425.0,4026460.75,1492198.5,0.0,426752.0,0.0,0.0,0.0,5859449.0,0
1789703605.4288225,fan,327,9,0.0,5267016.0,0.0,3822796.0,6784444.0,0.0,3642156.25,4718075.0,0.0,0.0,0.0,0.0,0.0,1962564.875,1505436.375,0.0,0
1789703605.4982176,fan,335,13,0.0,0.0,753870.375,0.0,1950783.25,7920048.0,0.0,1019035.4375,778411.875,5067473.0,0.0,1407683.625,3423145.25,7373115.0,0.0,0.0,0
1789703605.558091,fan,327,15,4080067.25,3965390.75,8339570.0,5680612.5,0.0,0.0,2498489.5,0.0,0.0,1358279.0,0.0,5170545.5,1759603.25,6945817.5,1851249.375,0.0,0
1789703605.6314697,fan,321,19,0.0,0.0,7639821.0,5597756.0,1801749.625,6447851.0,4968973.0,7516852.5,0.0,1879095.125,0.0,1885055.75,4614936.0,3144642.5,5725384.0,0.0,0
1789703605.6949754,fan,324,7,0.0,0.0,6622143.5,0.0,2633736.5,0.0,0.0,0.0,0.0,4550547.5,0.0,0.0,6524827.5,5153043.0,0.0,0.0,0
1789703605.7573287,fan,328,10,0.0,0.0,0.0,0.0,0.0,0.0,8750630.0,3725101.5,2671399.75,7454955.5,1662496.0,0.0,0.0,4407679.0,3486416.75,0.0,0
1789703605.8207316,fan,333,8,0.0,0.0,6351925.0,0.0,0.0,0.0,0.0,4972930.5,0.0,0.0,0.0,1756009.25,0.0,4430630.0,3175368.0,3270993.0,0
1789703605.885207,fan,333,5,0.0,0.0,0.0,0.0,5746611.5,0.0,0.0,0.0,3322543.5,0.0,4113872.0,1891957.375,0.0,0.0,1281677.5,0.0,0
1789703605.9305227,fan,303,12,1836317.125,0.0,0.0,0.0,0.0,12340872.0,2591981.5,3257363.5,0.0,929232.5625,3462790.5,0.0,2017221.125,553686.1875,725970.6875,839322.4375,0
1789703605.9943717,fan,352,8,0.0,0.0,0.0,1090989.625,14645020.0,3375153.75,5468683.5,10969535.0,0.0,0.0,0.0,0.0,0.0,0.0,0.0,0.0,0
1789703606.0593007,fan,352,12,2220912.75,5810839.0,0.0,4010223.5,2527797.5,0.0,3602189.75,0.0,0.0,2574658.25,2972303.25,1492132.5,0.0,0.0,0.0,0.0,0
1789703606.3856952,fan,336,12,0.0,865593.25,0.0,0.0,4883203.0,0.0,2156250.0,8231269.0,2235285.0,0.0,0.0,2031387.375,0.0,3515347.5,1840720.625,2287198.25,0
1789703606.7978568,fan,345,9,6725827.0,0.0,0.0,5686473.5,3159464.5,0.0,5207863.5,8721717.0,0.0,0.0,0.0,0.0,0.0,0.0,1420202.625,2062941.75,0
1789703606.892328,fan,339,8,2090438.5,10690629.0,0.0,0.0,0.0,0.0,0.0,0.0,0.0,0.0,1414241.125,0.0,0.0,4779658.5,5549467.5,3659280.0,0
1789703606.9536567,fan,339,7,0.0,0.0,0.0,0.0,0.0,2918597.25,0.0,12193537.0,0.0,0.0,0.0,6583956.0,0.0,4752728.5,1496296.0,0.0,0
1789703607.0046673,fan,337,10,0.0,0.0,0.0,0.0,4595618.0,0.0,970139.6875,3015979.5,1095720.25,1935205.625,0.0,3786312.75,1178875.25,909341.5,0.0,0.0,0
1789703607.0685198,fan,329,9,0.0,0.0,2395083.25,0.0,0.0,0.0,4709589.0,0.0,0.0,3168083.5,0.0,659324.5,0.0,0.0,822599.9375,2557626.25,0
1789703607.1311083,fan,325,7,0.0,0.0,5409097.0,623208.375,0.0,9309386.0,0.0,0.0,0.0,0.0,0.0,0.0,0.0,1449795.5,0.0,618684.0625,0
1789703607.2407415,fan,342,12,6939436.0,0.0,20929976.0,8806193.0,1458927.75,0.0,1239617.875,9506133.0,0.0,0.0,0.0,0.0,0.0,3451064.5,0.0,4320376.0,0
1789703607.3042839,fan,342,7,0.0,4367942.5,6354639.0,10404444.0,0.0,0.0,0.0,18407884.0,229017.90625,0.0,0.0,0.0,0.0,0.0,1223561.0,0.0,0
1789703607.3506277,fan,344,6,776623.5625,0.0,3286408.0,2828597.5,830677.875,0.0,0.0,2828353.5,0.0,0.0,0.0,0.0,1358631.125,0.0,0.0,0.0,0
1789703607.4154992,fan,306,3,0.0,0.0,0.0,0.0,11499621.0,0.0,0.0,0.0,0.0,0.0,0.0,2245066.5,0.0,2160227.0,0.0,0.0,0
1789703607.6545668,fan,349,12,0.0,5931833.0,1085631.125,1431080.25,0.0,0.0,0.0,0.0,839225.4375,10919156.0,2316902.75,0.0,2909997.0,0.0,1051870.75,1266751.0,0
1789703607.78031,fan,333,11,0.0,3972489.0,1681587.625,1458792.0,0.0,0.0,0.0,0.0,1687577.0,1018237.5625,1319872.375,0.0,4390506.0,1588363.25,1253173.0,779412.5625,0
1789703608.0014186,fan,319,5,0.0,0.0,0.0,0.0,0.0,1025229.875,584285.375,3199634.25,0.0,0.0,0.0,0.0,0.0,0.0,0.0,3072125.25,0
1789703608.0605524,fan,282,7,0.0,0.0,0.0,0.0,0.0,541211.125,0.0,0.0,0.0,531216.5,1525793.625,8202699.0,0.0,0.0,0.0,1817893.875,0
1789703608.2858684,fan,333,12,0.0,0.0,2198105.75,0.0,0.0,0.0,7070927.5,23015690.0,0.0,2652533.75,776144.5,0.0,3751795.5,0.0,4361780.0,5174563.0,0
1789703608.3463142,fan,334,12,0.0,0.0,4081596.5,7862450.0,0.0,2446127.25,1142510.75,0.0,2306747.0,6211294.0,7731037.0,0.0,0.0,0.0,2318729.0,0.0,0
1789703608.6670685,fan,295,9,2312708.25,0.0,7591186.0,0.0,0.0,6307273.5,0.0,0.0,0.0,1338699.625,1547502.0,0.0,5208078.0,1724861.75,0.0,0.0,0
1789703608.739672,fan,320,8,0.0,0.0,0.0,0.0,1400049.25,0.0,3948703.75,1543847.75,0.0,1139263.0,3668660.0,0.0,0.0,2024775.0,3613509.25,0.0,0
1789703608.848545,fan,322,10,0.0,0.0,0.0,0.0,0.0,0.0,0.0,0.0,3770704.25,12526364.0,2875042.5,0.0,0.0,7748931.0,2751926.0,0.0,0
1789703608.922192,fan,15,6,0.0,0.0,7327179.5,12316858.0,0.0,0.0,0.0,2797256.0,0.0,5029540.0,0.0,0.0,810047.0,0.0,0.0,0.0,0
1789703608.9812615,fan,359,9,0.0,0.0,23725012.0,9971121.0,2330021.75,0.0,0.0,0.0,0.0,0.0,0.0,0.0,1033671.625,0.0,0.0,2029673.5,0
1789703609.046048,fan,347,9,2555829.75,0.0,31463016.0,5789619.5,1275062.375,693378.375,0.0,7766286.5,10258894.0,0.0,0.0,0.0,0.0,0.0,0.0,0.0,0
1789703609.1204567,fan,327,10,9449951.0,7472092.5,9071639.0,0.0,4337137.0,0.0,0.0,0.0,1897867.875,0.0,0.0,0.0,0.0,3408989.75,0.0,1325561.75,0
1789703609.1850386,fan,12,6,353163328.0,0.0,0.0,0.0,0.0,0.0,0.0,0.0,8592396.0,0.0,0.0,0.0,0.0,5624160.5,0.0,6171148.0,0
1789703609.2941277,fan,342,10,0.0,0.0,0.0,0.0,0.0,3840432.75,3928615.25,3045382.0,8583814.0,10054329.0,0.0,1855585.25,0.0,0.0,5303593.5,0.0,0
1789703609.370401,fan,344,12,5181757.0,0.0,0.0,0.0,13229876.0,0.0,5083983.0,0.0,851873.5,2708224.75,374276.0,0.0,0.0,0.0,1953408.0,3872889.5,0
1789703609.4339428,fan,334,10,0.0,0.0,32693412.0,0.0,13570102.0,0.0,10107836.0,1898740.5,0.0,0.0,3605741.75,3431169.25,0.0,2939776.0,5976318.0,1992245.125,0
1789703609.498184,fan,334,7,0.0,0.0,0.0,0.0,20010356.0,0.0,0.0,6097592.5,3125788.5,0.0,5838833.0,0.0,0.0,0.0,5111698.0,3867718.75,0
1789703609.5432005,fan,327,11,3154102.25,0.0,0.0,1957955.5,0.0,0.0,16141792.0,0.0,7302745.0,2221972.75,0.0,0.0,1615491.75,0.0,0.0,7125228.5,0
1789703609.6064656,fan,327,7,0.0,4919391.0,0.0,0.0,0.0,1345187.5,1491157.75,2624650.75,0.0,0.0,0.0,6071675.0,0.0,0.0,0.0,2180188.5,0
1789703609.6821492,fan,337,7,0.0,0.0,0.0,11682252.0,3451101.75,2763813.0,2309360.25,0.0,0.0,0.0,0.0,1789158.0,0.0,0.0,0.0,535027.3125,0
1789703609.7764726,fan,321,7,1911441.0,0.0,0.0,0.0,2972511.5,0.0,0.0,0.0,0.0,2540490.25,990444.125,0.0,0.0,0.0,0.0,1222949.5,0
1789703610.0619426,fan,334,8,1700783.125,5996599.5,0.0,0.0,0.0,0.0,10022879.0,0.0,0.0,0.0,0.0,2420265.0,0.0,1701302.0,0.0,0.0,0
1789703610.1575336,fan,339,10,0.0,0.0,0.0,7473161.0,0.0,0.0,0.0,2984785.5,4244574.0,0.0,4140159.0,4315008.5,1198048.25,0.0,0.0,0.0,0
1789703610.220959,fan,309,14,0.0,0.0,1151439.125,0.0,0.0,0.0,1040873.6875,0.0,0.0,4131683.0,2400464.5,4924312.5,4429264.5,0.0,5386138.0,6252266.5,0
1789703610.3167226,fan,349,5,3477296.5,0.0,0.0,0.0,0.0,0.0,0.0,0.0,0.0,2816361.5,0.0,0.0,0.0,1166341.5,0.0,1127356.0,0
1789703610.3175004,fan,310,5,0.0,0.0,0.0,706391.125,1915144.75,1012072.9375,0.0,0.0,0.0,0.0,0.0,0.0,1569673.875,2967154.25,0.0,0.0,0
1789703610.4748228,fan,340,11,0.0,3425164.0,1176988.875,8145386.0,3437241.5,0.0,2391919.5,0.0,0.0,0.0,0.0,0.0,0.0,0.0,2564875.25,1758842.625,0
1789703610.5334263,fan,337,17,0.0,6765428.0,0.0,3320450.75,0.0,2701458.0,1153157.375,845239.0,0.0,6632744.0,10031128.0,5185601.5,0.0,6147277.5,2024292.75,3342185.0,0
1789703610.597489,fan,335,12,0.0,0.0,3205361.25,0.0,0.0,4342702.5,9615080.0,0.0,4615132.0,0.0,0.0,6132760.0,0.0,1113533.25,0.0,1373462.875,0
1789703610.6623762,fan,333,14,592459.0,910598.3125,0.0,0.0,324548.6875,0.0,1013065.1875,5626003.5,0.0,4054686.5,5032687.0,0.0,0.0,0.0,2905133.5,3383715.0,0
1789703610.792024,fan,333,11,0.0,0.0,1073454.375,0.0,0.0,3174770.5,3895479.75,0.0,4321011.0,3618559.5,0.0,433518.375,0.0,965240.875,1273346.875,2626333.25,0
1789703610.8374243,fan,323,13,0.0,0.0,7026736.0,3217360.75,0.0,0.0,9754167.0,0.0,0.0,0.0,1476905.5,2371169.0,0.0,6374219.0,4366121.5,1443530.5,0
1789703610.900053,fan,317,9,0.0,53087496.0,45394992.0,0.0,0.0,12477244.0,7973580.0,0.0,0.0,0.0,0.0,0.0,21957480.0,4733963.0,5169410.5,0.0,0
1789703610.961045,fan,9,4,97134496.0,0.0,18224364.0,29171776.0,0.0,0.0,0.0,0.0,0.0,0.0,0.0,0.0,0.0,0.0,0.0,0.0,0
1789703611.0702314,fan,318,10,0.0,0.0,3937940.0,11344583.0,0.0,0.0,0.0,3811444.5,0.0,0.0,2218560.25,12780695.0,2976200.0,12727286.0,0.0,0.0,0
1789703611.1717184,fan,322,12,0.0,9683087.0,0.0,0.0,5885339.0,0.0,0.0,0.0,0.0,0.0,627983.5,1609829.0,991459.375,4229830.5,0.0,2118520.5,0
1789703611.4263842,fan,350,9,4283338.0,4132166.5,7786371.0,5665188.5,0.0,0.0,0.0,0.0,2621716.75,0.0,0.0,1047291.1875,0.0,4482209.5,1185462.75,0.0,0
1789703611.489385,fan,350,8,0.0,0.0,20346796.0,0.0,0.0,0.0,0.0,889835.125,7195848.0,0.0,0.0,0.0,1413681.75,0.0,0.0,4754279.0,0
1789703611.5350459,fan,352,3,0.0,0.0,0.0,0.0,0.0,0.0,0.0,0.0,7675920.0,0.0,0.0,0.0,599931.0,0.0,789101.0,0.0,0
1789703611.5995216,fan,356,8,0.0,0.0,5992923.5,11317694.0,0.0,14853492.0,0.0,0.0,4965165.5,5160317.0,0.0,0.0,2212484.0,3490021.75,0.0,0.0,0
1789703611.6636994,fan,358,8,0.0,0.0,0.0,0.0,0.0,5398421.0,10842049.0,1563223.875,0.0,3534520.0,0.0,2056710.0,0.0,0.0,2831118.0,2123836.5,0
1789703611.7273803,fan,341,10,0.0,0.0,0.0,0.0,0.0,0.0,6449128.0,0.0,6907270.0,3589824.0,0.0,1454627.75,1423301.0,0.0,1226751.125,1007692.5,0
1789703611.792779,fan,25,3,105038112.0,18530924.0,0.0,0.0,0.0,0.0,0.0,0.0,0.0,0.0,0.0,0.0,0.0,0.0,0.0,0.0,0
1789703611.9043539,fan,331,5,0.0,0.0,0.0,0.0,0.0,0.0,6222861.0,0.0,0.0,2486893.5,1874602.625,0.0,0.0,4468565.5,0.0,3246432.5,0
1789703612.0585854,fan,332,10,0.0,0.0,16027600.0,8428442.0,0.0,0.0,1490246.25,0.0,0.0,4484783.5,0.0,0.0,0.0,5847439.0,1725705.375,3044337.5,0
1789703612.1177928,fan,343,13,0.0,17455090.0,4861964.0,6558507.0,0.0,0.0,2819171.75,1467371.125,1920946.0,883894.625,1380785.0,0.0,0.0,0.0,4123691.0,1507437.0,0
1789703612.2177482,fan,325,11,0.0,0.0,4297422.5,0.0,0.0,0.0,4082889.0,2508138.5,0.0,0.0,0.0,9188272.0,1645881.25,0.0,5940602.0,1265590.5,0
1789703612.2771654,fan,329,8,712571.125,0.0,0.0,0.0,0.0,446813.8125,0.0,3837662.5,4127874.5,0.0,0.0,1197975.25,0.0,1747218.375,0.0,0.0,0
1789703612.3397806,fan,326,9,0.0,0.0,0.0,0.0,0.0,2251379.5,6918116.0,694648.375,0.0,2187545.75,0.0,0.0,0.0,6936363.0,3055467.0,0.0,0
1789703612.4406009,fan,340,9,0.0,0.0,10589528.0,0.0,5131198.0,0.0,3272353.75,1122243.875,0.0,0.0,0.0,2862368.0,0.0,1449773.375,0.0,0.0,0
1789703612.5342448,fan,308,11,26253076.0,673694.5625,8274848.0,0.0,0.0,0.0,2256322.25,1440112.0,1010609.125,0.0,0.0,5231565.5,6588850.5,0.0,0.0,0.0,0
1789703612.7563248,fan,317,11,16911270.0,5627214.5,1087640.75,4315952.0,0.0,0.0,0.0,0.0,0.0,5251665.5,4122584.75,5983429.5,6983449.0,0.0,0.0,0.0,0
1789703612.8145626,fan,341,10,0.0,0.0,10790070.0,1520332.75,0.0,4115926.75,2170160.25,0.0,7080252.5,0.0,2352853.75,0.0,4040730.0,2585204.5,0.0,4729523.0,0
1789703612.8776662,fan,341,8,0.0,0.0,0.0,3336550.75,0.0,0.0,0.0,0.0,1898896.5,2627796.5,3700637.25,0.0,0.0,6771848.0,6952007.0,931704.4375,0
1789703613.0725627,fan,322,10,0.0,0.0,0.0,0.0,0.0,0.0,4775366.0,16341828.0,0.0,0.0,0.0,1093916.875,750439.0625,4489885.5,1102977.25,1459522.25,0
1789703613.1677845,fan,324,16,0.0,16619084.0,0.0,0.0,0.0,2459708.5,725605.125,3341768.75,7261657.0,2364439.75,0.0,3105208.5,0.0,3810027.25,5223720.5,4769445.0,0
1789703613.2260888,fan,333,14,0.0,14391570.0,7688291.5,0.0,9866496.0,0.0,525739.3125,9305324.0,6795711.0,8081756.0,4251582.0,0.0,0.0,1095207.75,2107052.75,1976271.375,0
1789703613.289147,fan,356,13,0.0,0.0,2408520.25,10896582.0,4645334.0,0.0,0.0,15103094.0,10223571.0,5265919.0,0.0,923677.6875,2463527.25,0.0,0.0,3301603.75,0
1789703613.3656583,fan,338,11,0.0,0.0,0.0,1611966.75,6022515.0,0.0,3612834.5,5663646.0,1404919.0,8837256.0,0.0,2801931.75,0.0,0.0,0.0,1687986.0,0
1789703613.643798,fan,334,11,0.0,0.0,0.0,0.0,1331440.875,8671823.0,5299887.0,0.0,0.0,3922735.5,0.0,0.0,0.0,10872205.0,7491410.0,2273851.0,0
1789703613.833806,fan,310,7,0.0,0.0,5661385.0,0.0,694404.625,2064405.0,2564823.5,3158187.0,0.0,0.0,0.0,4335418.5,0.0,0.0,0.0,0.0,0
1789703614.0571856,fan,2,10,0.0,0.0,15202376.0,9138975.0,4841103.0,0.0,1353927.875,15263178.0,0.0,13062366.0,0.0,0.0,0.0,0.0,0.0,0.0,0
1789703614.0579798,fan,327,9,0.0,0.0,1324057.125,2862189.75,1869575.75,0.0,3083445.5,0.0,0.0,1289174.25,0.0,0.0,0.0,8421484.0,0.0,897199.375,0
1789703614.1152384,fan,3,10,2455345.5,0.0,0.0,0.0,3594663.5,3034412.5,579117.4375,5369694.0,14337488.0,1620553.875,0.0,5446263.5,0.0,0.0,0.0,0.0,0
1789703614.2148228,fan,335,8,0.0,0.0,0.0,1978643.5,1292662.25,1818074.75,0.0,0.0,0.0,482957.09375,739681.5625,0.0,0.0,3725627.5,1119275.75,0.0,0
1789703614.37254,fan,333,4,0.0,5300955.5,0.0,0.0,0.0,0.0,0.0,0.0,0.0,0.0,0.0,0.0,0.0,1024080.9375,0.0,198099.609375,0
1789703614.4313626,fan,337,12,2838449.5,12262863.0,0.0,4115513.75,0.0,0.0,1590731.0,1813901.75,0.0,2578283.5,851605.375,0.0,594058.9375,967430.9375,1336231.375,0.0,0
1789703614.4950762,fan,313,15,0.0,8345145.5,4499602.0,0.0,3844672.5,4353669.5,11161897.0,0.0,0.0,1662933.5,1094777.0,0.0,0.0,3348368.5,3234624.0,0.0,0
1789703614.5577183,fan,286,10,0.0,6449510.0,2461998.0,0.0,2973812.0,0.0,0.0,0.0,0.0,0.0,0.0,4513791.0,4575114.0,1040120.1875,0.0,1318964.25,0
1789703614.7529538,fan,326,9,0.0,0.0,8310007.5,0.0,0.0,1755480.625,8723476.0,2688030.75,0.0,1628828.125,0.0,5455761.5,0.0,0.0,0.0,0.0,0
1789703614.8242307,fan,357,9,0.0,0.0,12206794.0,6622542.5,0.0,0.0,3379075.5,0.0,3916702.75,0.0,0.0,0.0,0.0,10311089.0,6110413.0,0.0,0
1789703614.8867083,fan,326,12,0.0,0.0,24192216.0,0.0,0.0,3428566.0,10904520.0,5870976.5,0.0,7628530.5,0.0,0.0,1783332.75,0.0,6050366.5,4737736.0,0
1789703614.9513576,fan,314,9,117070800.0,0.0,32471158.0,45246712.0,0.0,29071780.0,0.0,8812539.0,0.0,12391133.0,0.0,0.0,0.0,0.0,6243658.0,0.0,0
1789703615.0135612,fan,322,5,0.0,0.0,0.0,0.0,0.0,0.0,30369394.0,0.0,0.0,0.0,0.0,0.0,0.0,5041236.0,4646017.0,0.0,0
1789703615.076122,fan,323,7,0.0,0.0,44746780.0,12336554.0,0.0,19949980.0,0.0,0.0,0.0,19412538.0,0.0,0.0,8511292.0,5771662.5,0.0,3847597.5,0
1789703615.1385567,fan,321,10,0.0,0.0,9807235.0,0.0,4584514.0,0.0,12878164.0,5864699.0,1255171.5,0.0,10080263.0,2036266.125,3576448.0,3430635.25,0.0,0.0,0
1789703615.2009645,fan,351,6,0.0,29319758.0,0.0,7454745.0,5649608.5,0.0,0.0,0.0,0.0,2798461.5,2348520.75,0.0,0.0,1108616.0,0.0,0.0,0
1789703615.2919824,fan,352,8,413362.5625,0.0,1248626.375,5062033.0,9717266.0,0.0,1093625.5,0.0,0.0,0.0,0.0,0.0,0.0,553293.4375,2655571.75,0.0,0
1789703615.41827,fan,352,8,2664042.75,3135547.75,967610.1875,0.0,0.0,0.0,0.0,0.0,0.0,4154290.25,1523356.25,0.0,0.0,2533214.0,1998962.625,0.0,0
1789703615.4637675,fan,332,8,1049635.875,11145444.0,0.0,0.0,0.0,0.0,2409203.0,14169512.0,0.0,8062201.5,0.0,0.0,0.0,0.0,0.0,0.0,0
1789703615.5286403,fan,302,5,0.0,0.0,0.0,0.0,0.0,0.0,0.0,33705472.0,0.0,0.0,11483419.0,0.0,0.0,0.0,9905016.0,11614590.0,0
1789703616.0204449,fan,330,14,3601517.5,13065962.0,13564996.0,14991256.0,7538337.5,0.0,2380117.5,7246351.0,3311264.5,632326.1875,1602079.875,2285518.5,0.0,0.0,1703772.5,0.0,0
1789703616.4008288,fan,343,14,0.0,0.0,4375648.0,8768597.0,0.0,0.0,4597222.0,7426213.0,4771104.0,5179518.0,4236859.5,1022716.9375,2146312.0,0.0,4690104.5,0.0,0
1789703616.6852636,fan,327,8,0.0,0.0,3676572.0,5304829.0,3593541.5,0.0,5224052.0,0.0,0.0,0.0,7696628.5,2143326.0,1281155.0,0.0,0.0,0.0,0
1789703616.9390535,fan,325,17,2524444.75,7113159.0,0.0,6882668.5,2300321.0,1965929.375,0.0,2856758.5,0.0,0.0,0.0,5857894.5,0.0,5151932.5,1830729.25,2435300.0,0
1789703617.160075,fan,347,9,0.0,0.0,0.0,19351600.0,11667078.0,0.0,3319362.75,0.0,4745752.0,5953260.0,0.0,0.0,0.0,0.0,679369.25,0.0,0
1789703617.2318754,fan,345,15,0.0,0.0,0.0,2934514.0,1358028.0,7565189.5,9156550.0,0.0,8522556.0,5734500.5,3210611.0,544941.6875,0.0,0.0,2057156.375,7608288.5,0
1789703617.382529,fan,334,14,0.0,9144707.0,0.0,0.0,3613834.25,1787411.5,886456.3125,0.0,4435348.0,0.0,0.0,0.0,0.0,5009665.5,3231792.0,4011641.0,0
1789703617.477639,fan,340,11,0.0,0.0,10488943.0,0.0,1971312.75,3922094.0,13326456.0,6753286.0,4486629.5,0.0,0.0,5628193.0,2165974.25,1219609.125,0.0,0.0,0
1789703618.016335,fan,322,13,0.0,3465013.0,14682000.0,0.0,3254633.5,1252626.0,0.0,0.0,3547619.5,12721833.0,1216924.625,7060516.0,0.0,0.0,0.0,1535201.0,0
1789703618.0798738,fan,332,13,0.0,21889050.0,21877766.0,0.0,7075671.0,0.0,2974139.5,0.0,0.0,466340.875,0.0,273597.6875,3405164.0,3481618.75,0.0,7044069.5,0
1789703618.1384332,fan,330,13,0.0,20873098.0,4608525.5,0.0,11948101.0,0.0,0.0,0.0,801995.75,5872710.5,0.0,0.0,1077678.75,5799356.0,1744055.375,0.0,0
1789703618.4596617,fan,346,6,0.0,0.0,0.0,0.0,0.0,0.0,0.0,0.0,0.0,0.0,0.0,2701889.5,4865364.0,1497625.75,1247368.25,0.0,0
1789703618.7446141,fan,315,8,0.0,0.0,5234775.0,0.0,0.0,0.0,5379627.0,0.0,0.0,0.0,317020.625,0.0,0.0,2481024.75,0.0,7060235.5,0
1789703618.8032255,fan,328,15,0.0,3927033.75,9803061.0,0.0,2920465.0,1783804.0,11614906.0,5092694.0,1521543.625,1422539.625,5053111.5,3632360.75,0.0,0.0,2346565.25,0.0,0
1789703618.8658028,fan,317,10,4303882.0,0.0,0.0,0.0,0.0,0.0,0.0,0.0,0.0,1452943.5,0.0,9323596.0,2905568.5,3769994.75,3158859.25,0.0,0
1789703618.966017,fan,307,7,0.0,0.0,0.0,0.0,0.0,9937596.0,0.0,1750362.125,0.0,0.0,0.0,5533267.0,1831672.0,1992618.75,0.0,0.0,0
1789703619.0240483,fan,326,10,9410542.0,9185391.0,0.0,0.0,0.0,8391182.0,1152471.25,0.0,0.0,648413.875,1748370.0,2472957.25,0.0,1918884.75,0.0,0.0,0
1789703619.0869813,fan,353,7,0.0,0.0,0.0,0.0,1982735.25,0.0,0.0,0.0,2992876.5,7141413.0,0.0,0.0,0.0,4010326.75,0.0,978129.8125,0
1789703619.378574,fan,342,11,0.0,18810966.0,5170032.0,828377.6875,0.0,0.0,2346715.75,2094879.125,0.0,0.0,0.0,0.0,0.0,4746330.0,0.0,2339187.0,0
1789703619.4394104,fan,341,10,0.0,0.0,18144784.0,12427145.0,3613468.0,0.0,0.0,0.0,2785123.75,800584.6875,0.0,2845287.25,0.0,3679240.0,0.0,2202219.25,0
1789703619.5041242,fan,352,10,0.0,0.0,0.0,5763864.5,4947521.0,0.0,592416.375,0.0,0.0,0.0,0.0,0.0,0.0,3315673.0,3823578.0,1765977.75,0
1789703619.5689318,fan,332,12,0.0,0.0,0.0,0.0,0.0,2531830.5,927146.25,0.0,0.0,10846978.0,0.0,2551948.5,2785390.0,3676069.5,7630311.0,838894.625,0
1789703619.634254,fan,348,8,4749604.5,20781870.0,4638199.0,6507344.5,0.0,0.0,0.0,0.0,0.0,0.0,0.0,789165.5625,1923513.75,1850834.5,0.0,0.0,0
1789703619.7284389,fan,346,16,0.0,0.0,19001644.0,4080357.5,0.0,994271.0,1112438.125,11368911.0,5052554.5,2295488.25,7323208.0,3189929.75,0.0,622587.1875,0.0,6492403.0,0
1789703619.7924993,fan,325,10,0.0,0.0,0.0,2060681.0,0.0,2216695.0,5293885.0,0.0,569547.625,0.0,0.0,0.0,0.0,12869092.0,3482320.25,0.0,0
1789703619.8561041,fan,340,13,0.0,26025312.0,2478200.25,0.0,802853.5,0.0,0.0,0.0,2696676.5,9977414.0,12447398.0,815040.75,2995303.5,2491819.75,0.0,402663.28125,0
1789703619.920289,fan,340,9,0.0,0.0,3469006.0,0.0,0.0,0.0,0.0,0.0,3043787.5,1644497.75,1135260.0,0.0,1953899.125,0.0,3040455.5,9773328.0,0
1789703619.921159,fan,304,7,0.0,0.0,8671249.0,0.0,11479091.0,2400298.75,0.0,9215869.0,0.0,1256602.0,0.0,0.0,0.0,0.0,0.0,0.0,0
1789703619.9836273,fan,340,8,987894.125,4232661.5,2370533.75,0.0,4063043.5,0.0,0.0,0.0,0.0,471210.53125,0.0,0.0,2561253.0,1761532.0,747397.0625,0.0,0
1789703620.0474358,fan,340,4,0.0,0.0,0.0,0.0,2325239.5,0.0,0.0,11876074.0,15111492.0,0.0,0.0,961648.25,0.0,0.0,0.0,0.0,0
1789703620.092561,fan,340,5,0.0,0.0,0.0,0.0,0.0,2398291.5,1939018.0,0.0,1142983.25,0.0,0.0,0.0,0.0,0.0,0.0,2901197.5,0
1789703620.139846,fan,0,11,0.0,0.0,34126192.0,3430510.0,0.0,0.0,0.0,2130527.25,5318296.0,990415.4375,0.0,0.0,0.0,7811888.5,0.0,2198096.5,0
1789703620.2045052,fan,352,6,0.0,0.0,0.0,1468505.625,0.0,0.0,0.0,7128208.0,2201408.25,0.0,0.0,0.0,387458.375,0.0,3380746.75,1602554.75,0
1789703620.269126,fan,321,11,0.0,0.0,0.0,0.0,14145838.0,5481519.0,2988696.0,3204543.5,0.0,0.0,962131.75,0.0,4412378.0,3017697.5,0.0,0.0,0
1789703620.3316462,fan,325,7,1867231.5,0.0,0.0,3251007.75,3202742.25,0.0,0.0,293069.84375,0.0,0.0,1988702.5,957532.625,0.0,0.0,0.0,863672.4375,0
1789703620.3945074,fan,349,6,0.0,0.0,7051903.0,6433098.5,0.0,0.0,2087013.375,1643555.75,0.0,0.0,0.0,0.0,0.0,1779707.0,0.0,0.0,0
1789703620.4589517,fan,349,16,0.0,3787078.75,21965568.0,3470826.0,0.0,2408683.75,1250628.5,0.0,586636.875,4227715.0,2330305.5,0.0,1783522.75,1667050.0,1850805.375,1325075.75,0
1789703620.5097425,fan,32,4,3035152.5,7825679.5,0.0,0.0,0.0,0.0,0.0,0.0,0.0,2388857.5,0.0,0.0,0.0,0.0,0.0,0.0,0
1789703620.5737076,fan,325,16,0.0,1576612.75,5247707.5,0.0,0.0,5588262.0,3219080.0,3252721.0,2500746.25,0.0,569324.5,6493054.5,3862751.5,7215653.5,1496515.5,0.0,0
1789703620.8374305,fan,347,9,0.0,0.0,0.0,0.0,8504412.0,0.0,0.0,1827374.75,7200953.0,0.0,0.0,2606817.25,0.0,1806379.5,6440975.5,0.0,0
1789703620.896765,fan,3,10,8846054.0,8328621.0,0.0,5113569.0,0.0,2175881.5,650732.1875,0.0,3160123.25,4845059.0,0.0,0.0,0.0,0.0,0.0,0.0,0
1789703620.9623187,fan,323,15,0.0,9543486.0,5060231.0,0.0,3642026.0,5105817.0,1899791.25,0.0,460981.125,0.0,2432793.25,0.0,0.0,5195033.0,2511756.25,969644.125,0
1789703621.0320354,fan,345,17,2031635.0,0.0,1137545.125,0.0,0.0,2988636.0,1316093.875,5477846.0,4497103.0,2947377.25,0.0,8434055.0,2090834.5,4267019.0,5945912.0,6490952.5,0
1789703621.094922,fan,342,8,2367851.0,0.0,0.0,0.0,3538508.5,2114443.75,888431.8125,5697069.5,0.0,0.0,0.0,1206949.5,3655783.0,0.0,0.0,6096339.0,0
1789703621.1588578,fan,342,3,0.0,0.0,0.0,0.0,0.0,0.0,0.0,0.0,0.0,1225223.75,0.0,0.0,694088.1875,1043547.4375,0.0,0.0,0
1789703621.216513,fan,339,18,0.0,15689762.0,14746752.0,9212817.0,0.0,9359306.0,1322305.0,862914.5,0.0,2782206.0,0.0,0.0,1945443.5,10934566.0,10288588.0,5441820.5,0
1789703621.2776382,fan,339,7,0.0,0.0,3677998.25,0.0,0.0,0.0,0.0,661751.3125,7305003.5,0.0,0.0,0.0,2202379.75,1697677.5,0.0,1343595.625,0
1789703621.3274555,fan,339,4,0.0,6760718.0,0.0,2260599.0,0.0,0.0,0.0,0.0,642636.625,0.0,0.0,0.0,0.0,476879.46875,0.0,0.0,0
1789703621.3765163,fan,301,9,2705926.0,0.0,0.0,0.0,0.0,0.0,5934605.0,8792518.0,0.0,2137085.0,0.0,0.0,1464083.375,1512440.5,0.0,0.0,0
1789703621.5027404,fan,327,9,0.0,2281036.5,10165172.0,0.0,0.0,0.0,0.0,0.0,0.0,0.0,0.0,1566070.75,2897873.75,10303734.0,0.0,0.0,0
1789703621.5606523,fan,342,15,0.0,10903311.0,0.0,0.0,0.0,0.0,2547457.0,1088989.75,4077497.25,2338174.0,3796720.25,0.0,0.0,5638433.5,1252742.0,727768.5,0
1789703621.6246665,fan,327,13,0.0,0.0,606523.75,777701.5625,2121695.75,0.0,0.0,20643512.0,1152294.5,0.0,6222715.0,2491011.5,1293154.75,6423187.0,0.0,0.0,0
1789703621.6879656,fan,327,10,0.0,3337481.5,6312662.5,0.0,0.0,439140.25,6278066.5,0.0,2864760.5,0.0,0.0,0.0,0.0,2941325.0,1353896.625,0.0,0
1789703621.7400174,fan,35,3,30057834.0,33281592.0,0.0,0.0,0.0,0.0,0.0,0.0,0.0,5041609.5,0.0,0.0,0.0,0.0,0.0,0.0,0
1789703621.8087995,fan,345,10,0.0,44355204.0,0.0,12004254.0,0.0,0.0,5862599.5,0.0,0.0,7863071.0,5494673.5,7016463.0,7470600.0,6551667.0,3535546.25,2816940.75,0
1789703621.871478,fan,345,4,0.0,0.0,0.0,0.0,0.0,0.0,0.0,0.0,0.0,2167287.0,0.0,0.0,1696107.125,2348936.0,0.0,2103050.5,0
1789703621.9209065,fan,70,5,88407296.0,0.0,0.0,0.0,10287053.0,0.0,0.0,0.0,0.0,0.0,0.0,3150539.75,0.0,2300255.0,0.0,0.0,0
1789703621.9722557,fan,323,9,2564429.75,5289865.0,0.0,975421.625,2092372.375,8854852.0,0.0,0.0,0.0,0.0,0.0,0.0,0.0,7294449.0,0.0,0.0,0
1789703622.0421484,fan,345,13,0.0,16644575.0,5274100.0,4936563.5,3544571.75,0.0,6904296.5,4660762.0,902350.5,0.0,1223190.875,0.0,0.0,0.0,2815594.5,0.0,0
1789703622.1358285,fan,0,12,0.0,12862220.0,9606650.0,3062808.25,0.0,0.0,0.0,0.0,5356713.0,4567143.5,0.0,0.0,890238.625,3824193.75,0.0,0.0,0
1789703622.389851,fan,329,8,0.0,0.0,0.0,0.0,676868.5625,0.0,6896864.0,2129515.0,5295602.0,0.0,0.0,3897251.25,762522.6875,0.0,0.0,0.0,0
1789703622.4858806,fan,347,11,0.0,2320863.5,16972804.0,0.0,0.0,427506.375,0.0,6765633.0,1902602.625,0.0,441897.03125,1410897.5,2446500.5,802014.75,0.0,0.0,0
1789703622.5447733,fan,315,8,0.0,0.0,0.0,0.0,1527959.75,0.0,1041941.4375,2492942.25,1191493.75,1516067.75,0.0,0.0,0.0,4961211.5,0.0,0.0,0
1789703622.610034,fan,337,10,1043694.625,4551347.5,9752520.0,0.0,3016978.5,0.0,0.0,0.0,0.0,0.0,0.0,0.0,4477243.5,2839959.0,4238140.5,1811350.25,0
1789703622.6707137,fan,332,14,0.0,0.0,0.0,0.0,3878136.5,3381949.5,0.0,3350360.0,1406934.75,1035633.625,4790876.0,2674028.0,0.0,16188238.0,0.0,517359.15625,0
1789703622.7459228,fan,335,6,0.0,0.0,4809135.5,0.0,5109352.0,0.0,0.0,0.0,0.0,0.0,0.0,0.0,0.0,0.0,4605110.0,0.0,0
1789703622.8724968,fan,301,7,0.0,0.0,0.0,0.0,338876032.0,0.0,101637768.0,0.0,0.0,72607512.0,0.0,45848476.0,47611340.0,0.0,33941968.0,0.0,0
1789703622.9348853,fan,301,4,0.0,0.0,0.0,0.0,0.0,0.0,0.0,0.0,0.0,0.0,2322510.25,0.0,0.0,5193047.0,0.0,2564416.5,0
1789703623.023369,fan,301,8,0.0,0.0,11017208.0,0.0,6127830.0,0.0,0.0,0.0,0.0,1014483.25,0.0,11259017.0,0.0,0.0,0.0,0.0,0
1789703623.0690014,fan,347,10,2765905.0,0.0,7720124.5,0.0,3236239.5,0.0,0.0,1816034.75,0.0,1539227.625,796535.125,0.0,0.0,702023.8125,2378790.75,0.0,0
1789703623.2385082,fan,322,7,0.0,0.0,0.0,0.0,1293336.25,3275859.0,0.0,0.0,557855.875,0.0,0.0,967873.4375,2559217.25,3527737.5,0.0,0.0,0
1789703623.302761,fan,253,4,19241532.0,0.0,0.0,0.0,0.0,0.0,0.0,0.0,0.0,0.0,0.0,0.0,0.0,839742.5625,329483.0625,0.0,0
1789703623.378749,fan,346,12,0.0,5112817.5,1722266.5,0.0,7011964.0,3835248.25,1830436.0,0.0,0.0,690635.0625,0.0,0.0,0.0,2569081.0,5154039.0,1905816.625,0
1789703623.4436498,fan,325,8,259755360.0,0.0,130280184.0,0.0,181749632.0,0.0,0.0,0.0,42464252.0,30016812.0,0.0,32554246.0,24640448.0,0.0,0.0,0.0,0
1789703623.5550413,fan,317,4,0.0,0.0,0.0,49734112.0,0.0,36050372.0,0.0,9826338.0,0.0,0.0,0.0,1773185.0,0.0,0.0,0.0,0.0,0
1789703623.698596,fan,322,8,0.0,2624456.0,0.0,0.0,0.0,0.0,806381.5,10167710.0,2793514.5,0.0,658569.25,5303613.0,0.0,0.0,0.0,0.0,0
1789703623.761527,fan,330,3,0.0,0.0,0.0,53137576.0,0.0,0.0,21439618.0,0.0,0.0,0.0,0.0,0.0,6976902.0,0.0,0.0,0.0,0
1789703623.8466706,fan,322,11,1172605.375,2069742.5,2372021.75,0.0,0.0,0.0,7105875.0,10869497.0,0.0,1746386.875,1529185.75,1161657.5,0.0,4862264.5,0.0,0.0,0
1789703623.9427013,fan,322,13,0.0,5958593.0,5389618.5,0.0,529193.875,696414.5,0.0,14575888.0,0.0,0.0,4276033.5,2285590.25,728234.25,1858439.75,1625012.125,4140179.5,0
1789703624.00614,fan,340,14,1670364.0,0.0,2380528.25,28847894.0,2864565.25,0.0,0.0,0.0,3932860.5,5495319.0,14641184.0,0.0,0.0,3308643.5,1350165.375,13355604.0,0
1789703624.0656364,fan,336,15,0.0,0.0,7689437.0,3167829.0,0.0,0.0,7921300.5,0.0,0.0,6232742.0,2359374.75,499882.9375,0.0,7472077.0,1587417.25,3684156.25,0
1789703624.1293454,fan,329,14,1749551.875,0.0,7459275.0,1881424.25,6967902.0,0.0,0.0,6935992.0,5633168.0,0.0,527055.75,1422232.75,1839318.0,11992491.0,0.0,0.0,0
1789703624.194511,fan,332,13,14826696.0,22856948.0,8670316.0,1797099.875,303218.375,3021133.0,7636795.5,3601934.25,3670654.25,0.0,0.0,0.0,10709993.0,0.0,689361.5625,1924578.0,0
1789703624.2573543,fan,317,11,0.0,0.0,158484.1875,2441803.5,10764789.0,0.0,0.0,0.0,0.0,0.0,3230921.0,8841390.0,2001879.25,1548671.625,3117245.0,839249.5,0
1789703624.3316073,fan,355,8,0.0,0.0,3232839.0,815895.0625,0.0,1289945.75,0.0,0.0,0.0,10146945.0,0.0,3361741.0,0.0,1686027.25,1474563.125,0.0,0
1789703624.3946204,fan,293,3,0.0,0.0,11771407.0,0.0,0.0,0.0,0.0,0.0,0.0,0.0,0.0,0.0,1693806.375,1148399.75,0.0,0.0,0
1789703624.4465613,fan,323,14,0.0,0.0,926368.375,7913014.0,10549585.0,0.0,24200436.0,0.0,1383720.625,2362453.0,0.0,0.0,9805049.0,0.0,0.0,0.0,0
1789703624.521198,fan,310,9,1468886.875,0.0,0.0,0.0,3089629.0,11333606.0,2924402.5,0.0,0.0,0.0,0.0,1047124.5625,1294591.5,0.0,2068556.75,0.0,0
1789703624.5837336,fan,2,5,0.0,20828522.0,0.0,0.0,0.0,13557818.0,3345117.0,15206653.0,0.0,0.0,3788343.5,0.0,0.0,0.0,0.0,0.0,0
1789703624.6533513,fan,257,4,113827336.0,0.0,0.0,0.0,0.0,0.0,0.0,0.0,0.0,0.0,0.0,0.0,0.0,2702382.25,8909277.0,0.0,0
1789703624.7531853,fan,302,9,0.0,3624632.75,2872000.5,0.0,0.0,2541069.0,3316068.25,1544345.5,0.0,0.0,2805987.5,0.0,2800515.75,685757.125,0.0,0.0,0
1789703624.829696,fan,32,3,8788812.0,0.0,4142063.5,0.0,0.0,0.0,0.0,0.0,1875135.25,0.0,0.0,0.0,0.0,0.0,0.0,0.0,0
1789703624.8910794,fan,335,15,0.0,0.0,3164638.75,2166424.5,2851690.0,7650204.0,2614871.5,1767335.375,0.0,2561564.0,1474540.625,2085473.75,1241000.25,4852772.0,0.0,0.0,0
1789703624.9542215,fan,333,11,0.0,0.0,7310692.0,4715756.5,5037861.5,0.0,7826759.0,0.0,0.0,1315226.75,1257768.5,1398694.75,4977824.0,913300.8125,0.0,1275365.875,0
1789703625.0182939,fan,333,14,1869511.25,0.0,0.0,0.0,1210404.125,650087.0625,1903604.5,0.0,2461641.0,10479779.0,0.0,1368781.75,920021.4375,4274352.5,0.0,0.0,0
1789703625.1789992,fan,330,10,0.0,6991697.0,8362889.5,0.0,1300581.125,0.0,0.0,0.0,0.0,0.0,0.0,0.0,0.0,13857884.0,2848588.25,3042816.0,0
1789703625.3386583,fan,326,9,0.0,0.0,0.0,2542466.0,0.0,4293827.0,9270120.0,8871072.0,0.0,0.0,0.0,0.0,1736356.25,1415202.875,0.0,0.0,0
1789703625.3983064,fan,343,10,0.0,0.0,0.0,1227876.25,3147024.0,0.0,0.0,12985025.0,7086069.0,962438.6875,0.0,413007.5,0.0,0.0,2023752.875,0.0,0
1789703625.462539,fan,326,6,0.0,4463953.5,10487568.0,4331078.0,0.0,0.0,2431693.5,0.0,0.0,0.0,0.0,1006572.8125,0.0,3594681.0,0.0,0.0,0
1789703625.5257673,fan,333,11,0.0,1336253.5,0.0,2801634.0,9356084.0,0.0,8759060.0,0.0,3238663.0,0.0,0.0,0.0,5275762.5,2849457.0,0.0,2209890.25,0
1789703625.6004972,fan,333,15,0.0,4048066.5,8667624.0,2038585.875,0.0,5635450.5,0.0,6606380.0,3004599.0,10046874.0,4608326.0,0.0,1891658.5,0.0,1332411.625,2558163.5,0
1789703625.6574883,fan,334,16,5163970.0,19957024.0,5239458.0,0.0,444443.0625,0.0,6385719.0,5605028.0,0.0,7144794.5,2451761.0,2070239.75,0.0,0.0,2132268.75,6179358.5,0
1789703625.7827904,fan,334,6,2656853.0,0.0,0.0,0.0,0.0,4610746.0,0.0,0.0,2595234.5,2021539.25,0.0,0.0,0.0,0.0,0.0,0.0,0
1789703625.8445349,fan,345,14,0.0,0.0,0.0,3056953.75,0.0,6413341.5,6791515.0,8708176.0,1693223.0,2040454.0,0.0,0.0,0.0,4401428.0,1836307.125,535581.875,0
1789703625.905416,fan,337,15,0.0,8943466.0,5992105.5,4383880.0,0.0,1526743.25,2944570.5,1133330.625,6118518.0,6948930.0,3151103.5,0.0,0.0,8715718.0,0.0,0.0,0
1789703625.9680023,fan,314,15,1857460.625,281699.90625,11372249.0,15479651.0,9516847.0,0.0,0.0,0.0,0.0,5868169.0,1819698.25,796104.875,10197384.0,2105381.5,3398945.0,0.0,0
1789703626.0309372,fan,314,13,0.0,9870007.0,5720334.5,1765491.875,0.0,2124344.0,0.0,0.0,0.0,4710032.5,0.0,5644485.5,1124540.0,4598653.5,0.0,0.0,0
1789703626.0807939,fan,322,12,1082263.125,2507286.0,9711558.0,0.0,0.0,848132.25,0.0,1258501.625,0.0,7768292.0,0.0,0.0,640296.125,1386950.875,2108845.75,1390061.375,0
1789703626.1607802,fan,323,12,2168830.5,1654511.5,0.0,7824919.5,7458298.0,18012690.0,0.0,2140494.75,0.0,0.0,0.0,2789164.5,0.0,2433535.0,0.0,0.0,0
1789703626.5101788,fan,340,8,0.0,0.0,0.0,0.0,0.0,14411124.0,0.0,0.0,0.0,0.0,1613456.25,3797260.0,0.0,1157872.0,1258952.5,6023301.5,0
1789703626.5803177,fan,340,9,0.0,6575922.0,19741632.0,0.0,0.0,0.0,0.0,3438118.0,8437845.0,0.0,0.0,0.0,0.0,0.0,0.0,2121852.25,0
1789703626.6261535,fan,336,8,0.0,0.0,20115088.0,5638778.0,0.0,0.0,0.0,0.0,7118802.0,0.0,0.0,0.0,0.0,11459669.0,1094189.5,0.0,0
1789703626.6918492,fan,353,8,0.0,0.0,0.0,20662556.0,3758137.75,3583015.5,0.0,0.0,1933086.875,3626093.0,0.0,0.0,1701522.375,4862922.0,0.0,0.0,0
1789703626.7551248,fan,331,11,0.0,0.0,0.0,0.0,1587343.5,0.0,2989730.25,0.0,3763829.0,10331262.0,3197239.75,0.0,0.0,4975681.0,1557869.5,3180760.5,0
1789703626.8186688,fan,341,9,0.0,2680513.5,0.0,0.0,0.0,1450173.25,0.0,0.0,0.0,1498569.875,664541.25,0.0,547513.6875,5164967.5,1139693.625,1767262.75,0
1789703627.4287379,fan,336,8,0.0,0.0,0.0,31658606.0,8173922.0,0.0,0.0,8825142.0,6471885.0,0.0,0.0,1644720.625,0.0,0.0,2290613.0,0.0,0
1789703627.5561903,fan,322,6,0.0,0.0,20285334.0,0.0,4603691.0,0.0,2147439.0,0.0,0.0,0.0,0.0,0.0,0.0,1378102.75,2527971.5,1831594.0,0
1789703627.6510863,fan,334,15,1648484.125,0.0,0.0,0.0,13891252.0,2708131.5,0.0,2300085.75,3010574.0,2655872.5,1780960.375,10956069.0,1135187.5,5911269.5,0.0,0.0,0
1789703627.7782404,fan,347,11,0.0,993033.875,1263092.875,5403832.0,0.0,1484566.875,4940328.5,0.0,1794707.875,554420.5625,0.0,0.0,0.0,3831346.0,1052388.125,653664.6875,0
1789703627.84254,fan,334,11,1137820.0,0.0,2343832.25,0.0,2740070.0,0.0,1197467.75,0.0,0.0,0.0,2916916.0,5475743.5,2111087.5,4178267.75,2422413.0,0.0,0
1789703627.9062235,fan,325,11,0.0,19156046.0,2478733.0,0.0,3445605.0,1277896.875,0.0,0.0,373025.375,7741971.0,0.0,0.0,0.0,1211763.125,2187549.0,0.0,0
1789703627.9696815,fan,322,12,0.0,1735099.0,15488228.0,0.0,3243990.0,0.0,2180576.5,0.0,0.0,0.0,5312587.0,2315325.25,1580238.75,0.0,0.0,0.0,0
1789703628.0320435,fan,345,15,0.0,0.0,16058712.0,15491717.0,0.0,0.0,15836118.0,0.0,5015482.0,0.0,1901831.625,4248148.0,2085438.75,705681.125,2232990.5,0.0,0
1789703628.126255,fan,342,4,0.0,0.0,0.0,0.0,3979276.5,0.0,3536988.25,4474243.5,1378657.625,0.0,0.0,0.0,0.0,0.0,0.0,0.0,0
1789703628.1869657,fan,346,11,2169290.0,0.0,2933662.0,3079630.0,0.0,0.0,0.0,0.0,0.0,20339540.0,2086409.75,0.0,1171866.0,0.0,863301.5,4553322.0,0
1789703628.2624948,fan,310,11,0.0,0.0,623199.125,0.0,0.0,5366998.0,0.0,13904074.0,0.0,805947.375,0.0,10225112.0,963751.9375,4225023.5,0.0,0.0,0
1789703628.32669,fan,284,7,0.0,0.0,0.0,16094168.0,15331700.0,9043166.0,0.0,0.0,0.0,0.0,8167504.0,0.0,0.0,7837199.0,0.0,0.0,0
1789703628.389495,fan,25,3,0.0,0.0,0.0,8495090.0,0.0,0.0,0.0,0.0,18876480.0,0.0,0.0,0.0,906235.375,0.0,0.0,0.0,0
1789703628.4413066,fan,344,15,0.0,1181567.25,8031014.5,4808378.0,0.0,3435825.5,630283.4375,0.0,0.0,0.0,2469398.5,4082356.0,3072483.75,4709016.5,0.0,553285.75,0
1789703628.5048456,fan,344,13,0.0,0.0,0.0,1162200.5,2012922.5,0.0,1238673.0,2076344.25,808247.0,2747677.25,0.0,1042642.75,1050097.875,823244.0,0.0,249715.0625,0
1789703628.6965714,fan,313,11,0.0,4412594.0,0.0,0.0,0.0,2093149.5,0.0,10074718.0,0.0,10243457.0,0.0,1444094.5,1540796.375,0.0,0.0,2455024.75,0
1789703628.7647743,fan,315,13,0.0,29712410.0,20087912.0,0.0,0.0,2657789.5,3184534.5,0.0,0.0,10824989.0,2333966.75,0.0,11199688.0,4239006.0,3514160.5,1732013.125,0
1789703628.821613,fan,342,9,0.0,0.0,0.0,0.0,0.0,2114431.5,2160058.5,1849933.0,3508349.5,2544576.75,2539832.0,2386367.5,0.0,0.0,0.0,2485198.5,0
1789703628.917707,fan,322,10,0.0,0.0,4209769.0,12403834.0,0.0,11867302.0,2188446.5,0.0,0.0,0.0,664784.3125,326742.625,214852.90625,0.0,0.0,0.0,0
1789703628.988397,fan,342,6,0.0,3150490.5,7065055.0,0.0,0.0,0.0,0.0,0.0,0.0,9474334.0,7744592.0,2935371.0,0.0,0.0,0.0,0.0,0
1789703629.051477,fan,334,11,0.0,0.0,4498884.0,2743079.25,9144241.0,0.0,1279662.125,0.0,0.0,5213963.0,9845454.0,0.0,0.0,4566998.0,0.0,0.0,0
1789703629.1142983,fan,337,8,0.0,0.0,0.0,6300364.0,4435768.0,0.0,0.0,5386193.0,4596469.0,0.0,0.0,0.0,0.0,5038985.0,889483.875,714192.0625,0
1789703629.3291843,fan,314,9,0.0,0.0,12486521.0,0.0,3656376.0,12105522.0,0.0,0.0,0.0,0.0,0.0,0.0,5324400.0,3642608.5,0.0,736379.375,0
1789703629.3874912,fan,333,9,0.0,0.0,0.0,0.0,0.0,0.0,1435267.625,9527370.0,0.0,0.0,0.0,4228864.0,1567711.0,8601254.0,4493607.0,0.0,0
1789703629.4509985,fan,347,7,0.0,0.0,0.0,0.0,0.0,2456112.75,0.0,0.0,0.0,4176694.0,0.0,0.0,2138818.0,497634.1875,0.0,3697908.5,0
1789703629.5156965,fan,279,8,7400279.0,9411926.0,0.0,3905048.0,0.0,231081.5625,0.0,0.0,0.0,945170.0,3645478.5,2231266.75,0.0,0.0,0.0,0.0,0
1789703629.5717518,fan,315,7,0.0,0.0,2645020.5,0.0,4464444.0,4708250.0,11455530.0,0.0,0.0,0.0,0.0,0.0,0.0,0.0,0.0,0.0,0
1789703629.6339655,fan,318,11,0.0,0.0,6705607.5,0.0,9934202.0,2103140.5,853484.75,1701450.75,0.0,4572794.0,1859808.25,1499159.75,0.0,2829401.0,4694294.0,0.0,0
1789703629.696015,fan,316,14,0.0,0.0,0.0,1149498.875,10802117.0,1291660.0,2387092.0,0.0,0.0,14963384.0,985101.0,1448462.375,3941782.0,9036553.0,0.0,0.0,0
1789703629.826499,fan,337,11,0.0,0.0,6551078.0,0.0,0.0,1452140.125,3294339.5,0.0,0.0,8754879.0,2115999.0,7106083.0,0.0,0.0,0.0,0.0,0
1789703629.8890839,fan,310,13,3645128.5,11243236.0,4044190.5,0.0,2218291.75,8017923.0,5507526.0,0.0,0.0,0.0,0.0,2570662.5,5820565.5,0.0,0.0,6250152.0,0
1789703629.9520388,fan,315,11,0.0,0.0,34976692.0,0.0,5497811.0,0.0,3807819.75,2709773.75,0.0,0.0,2189435.0,0.0,0.0,3031140.75,2985463.0,0.0,0
1789703630.0130072,fan,335,13,0.0,0.0,1504547.0,1675042.5,7556584.5,6280804.5,10179320.0,0.0,5437704.0,8501304.0,0.0,0.0,0.0,1614823.75,2000676.25,2390149.0,0
1789703630.0760272,fan,319,13,0.0,0.0,0.0,0.0,5317315.5,582338.9375,4377591.5,1599742.5,0.0,0.0,587861.3125,1712472.5,2306072.0,3986237.75,4417798.0,2280247.5,0
1789703630.1392062,fan,331,8,0.0,2755744.0,0.0,5429569.0,0.0,0.0,0.0,16820672.0,6270027.0,3830375.75,0.0,0.0,0.0,2064743.25,0.0,0.0,0
1789703630.2020068,fan,349,18,2946326.75,4976532.0,14554782.0,11222624.0,0.0,0.0,2402704.5,673847.375,1024058.0,7936555.5,7422115.5,0.0,0.0,4525570.0,5144139.0,9713676.0,0
1789703630.2811196,fan,331,13,0.0,0.0,2730121.25,0.0,1637088.125,12660248.0,14237136.0,2995290.25,7181394.0,0.0,2312803.0,1895022.875,337676.59375,6143956.0,0.0,0.0,0
1789703630.3416617,fan,317,6,0.0,0.0,0.0,0.0,7764968.0,0.0,0.0,0.0,0.0,0.0,2990667.75,0.0,2927164.0,2390775.25,617216.625,0.0,0
1789703630.4055743,fan,339,11,0.0,0.0,7679087.0,1850712.875,7365613.0,0.0,3225076.5,17283562.0,0.0,1709432.875,0.0,0.0,0.0,769480.875,0.0,2524969.0,0
1789703630.7876456,fan,321,10,0.0,0.0,0.0,0.0,23226168.0,7330456.0,2599204.75,0.0,0.0,0.0,0.0,4570600.0,0.0,3079304.0,0.0,0.0,0
1789703630.8468611,fan,328,9,0.0,13605613.0,1517141.75,0.0,1880694.5,0.0,3131928.0,6442198.0,0.0,0.0,0.0,0.0,1287837.0,402267.5,0.0,0.0,0
1789703630.9097974,fan,343,10,7133927.5,10908019.0,0.0,0.0,0.0,0.0,0.0,0.0,0.0,0.0,2728737.0,3948358.75,4345882.5,0.0,0.0,6085667.0,0
1789703631.040542,fan,344,5,0.0,0.0,4053563.25,0.0,0.0,0.0,2456854.5,0.0,0.0,1102927.25,0.0,0.0,0.0,3103609.25,0.0,0.0,0
1789703631.1353023,fan,334,7,0.0,0.0,4729197.0,0.0,9883626.0,5769382.5,0.0,0.0,1557520.0,0.0,0.0,0.0,0.0,2300530.25,0.0,0.0,0
1789703631.20008,fan,343,8,0.0,0.0,0.0,0.0,4473060.0,0.0,0.0,1578050.75,10553530.0,5057360.0,0.0,565285.6875,0.0,1805889.5,3348582.75,0.0,0
1789703631.2636094,fan,318,11,0.0,0.0,3919035.75,0.0,1072365.375,3613913.25,0.0,1999990.875,0.0,0.0,1571606.625,1935101.125,9433566.0,742982.3125,0.0,0.0,0
1789703631.325354,fan,313,8,0.0,2937780.5,3161913.75,0.0,3961089.25,3921545.0,0.0,0.0,0.0,13223835.0,0.0,781204.875,0.0,0.0,0.0,0.0,0
1789703631.39355,fan,313,5,0.0,0.0,0.0,0.0,1062510.375,1217872.0,3734551.5,0.0,956092.5625,0.0,0.0,0.0,0.0,0.0,0.0,0.0,0
1789703631.438959,fan,320,10,0.0,0.0,0.0,0.0,5368485.5,1087317.5,1290713.0,0.0,643011.5625,0.0,10478462.0,0.0,0.0,593805.375,1571744.25,1255024.75,0
1789703631.5022812,fan,347,6,0.0,0.0,0.0,0.0,0.0,0.0,0.0,0.0,0.0,0.0,13248558.0,9782266.0,0.0,25556704.0,45288692.0,0.0,0
1789703631.833247,fan,335,6,0.0,3266564.75,0.0,0.0,16726470.0,0.0,0.0,0.0,0.0,2125983.0,0.0,0.0,0.0,0.0,0.0,2039879.25,0
1789703631.8977013,fan,339,10,3792490.25,0.0,0.0,0.0,0.0,2856803.75,3335820.5,2854212.0,7357837.0,0.0,0.0,0.0,0.0,955284.1875,6203533.0,1517680.625,0
1789703632.086408,fan,335,9,0.0,0.0,0.0,578586.125,0.0,8126715.0,6651175.0,1050030.625,813966.8125,499333.0625,0.0,3486735.5,0.0,0.0,0.0,0.0,0
1789703632.1826117,fan,328,20,0.0,3013593.5,23623136.0,0.0,10041366.0,3031018.5,10830932.0,2088746.75,0.0,1532045.25,0.0,0.0,8101226.0,5929363.0,4800155.5,2392870.25,0
1789703632.2761006,fan,327,7,0.0,2149601.5,4421604.0,12353276.0,7783905.0,0.0,0.0,2243603.5,0.0,0.0,0.0,0.0,0.0,0.0,1142104.875,0.0,0
1789703632.3351088,fan,315,15,0.0,0.0,9671244.0,3641285.5,697829.375,2870739.5,0.0,0.0,0.0,7960574.5,1543632.125,0.0,383903.96875,2448410.5,3155158.0,2037300.625,0
1789703632.4078708,fan,331,10,0.0,1349795.25,2077725.5,13541899.0,0.0,10504878.0,0.0,0.0,0.0,0.0,0.0,0.0,1765391.375,4014674.5,3672814.0,2180127.5,0
1789703632.497602,fan,316,10,0.0,9819740.0,6202414.0,0.0,10276022.0,1073333.625,7471127.0,0.0,0.0,0.0,0.0,5988216.0,0.0,2434323.5,0.0,0.0,0
1789703632.5571356,fan,344,10,0.0,0.0,1553875.0,0.0,2140183.0,0.0,5001011.5,0.0,0.0,0.0,0.0,2786176.25,0.0,8659676.0,0.0,0.0,0
1789703632.6196017,fan,332,15,0.0,0.0,4277816.0,0.0,0.0,0.0,1183461.0,9444173.0,0.0,5886067.5,1903271.5,2121409.0,0.0,7548784.5,1468116.75,3580128.5,0
1789703632.6841035,fan,351,9,0.0,0.0,3814712.5,0.0,13414773.0,0.0,0.0,8370433.0,0.0,7629000.5,0.0,3193694.0,0.0,8826278.0,0.0,0.0,0
1789703632.748838,fan,340,17,0.0,2490213.5,8368185.0,3362650.0,200614.984375,3511374.5,0.0,0.0,0.0,9505753.0,901470.0625,2475810.0,0.0,10741763.0,8540784.0,1258661.5,0
1789703632.8125572,fan,317,10,0.0,0.0,18586716.0,12652827.0,1288769.125,2294828.5,0.0,2732365.75,0.0,0.0,0.0,822800.375,0.0,1048490.75,1517220.25,0.0,0
1789703632.8761687,fan,341,9,0.0,0.0,0.0,0.0,1435234.0,4084049.0,0.0,0.0,0.0,944178.5,5741094.0,2092259.875,3036377.25,0.0,835013.25,2170939.5,0
1789703632.9387553,fan,317,7,0.0,5813353.0,0.0,319396.03125,0.0,1436842.5,0.0,0.0,0.0,0.0,0.0,0.0,0.0,4616820.0,1676350.75,0.0,0
1789703633.0361843,fan,307,12,0.0,0.0,0.0,0.0,6299482.5,0.0,6014038.5,0.0,9172531.0,6162716.0,3109542.25,3835138.75,0.0,2383461.75,2318440.0,658068.3125,0
1789703633.0936484,fan,319,10,3440476.5,0.0,992617.375,0.0,862628.5625,0.0,7346198.0,0.0,4177612.75,0.0,0.0,6217068.0,0.0,0.0,1300756.75,0.0,0
1789703633.1560304,fan,230,3,0.0,11202231.0,8692180.0,0.0,3956119.25,0.0,0.0,0.0,0.0,0.0,0.0,0.0,0.0,0.0,0.0,0.0,0
1789703633.2658148,fan,36,7,0.0,68423016.0,120464160.0,0.0,0.0,0.0,0.0,9378934.0,13379458.0,0.0,10172309.0,0.0,8005408.0,0.0,0.0,0.0,0
1789703633.3276796,fan,1,7,0.0,13681994.0,0.0,0.0,0.0,0.0,1015817.625,0.0,4727596.0,0.0,2442138.75,2955620.5,0.0,0.0,602731.1875,469180.25,0
1789703633.3965254,fan,14,11,1056920448.0,508145280.0,422721568.0,0.0,0.0,0.0,0.0,39957800.0,34282552.0,76626544.0,0.0,0.0,0.0,0.0,0.0,0.0,0
1789703633.46649,fan,14,3,0.0,0.0,0.0,0.0,0.0,48118032.0,29350002.0,0.0,0.0,27197194.0,0.0,0.0,0.0,0.0,0.0,0.0,0
1789703633.5176818,fan,14,3,0.0,0.0,0.0,0.0,0.0,0.0,3333678.25,0.0,0.0,1138959.0,0.0,3448166.5,0.0,0.0,0.0,0.0,0
1789703633.5655265,fan,14,3,0.0,0.0,0.0,2785562.5,0.0,0.0,0.0,0.0,0.0,1213232.375,0.0,0.0,0.0,0.0,0.0,727430.4375,0
1789703633.6149056,fan,339,16,0.0,12301361.0,22175248.0,0.0,4005179.25,0.0,0.0,14260744.0,3059140.75,7160670.0,1496905.0,0.0,0.0,789619.8125,5891817.0,880291.8125,0
1789703633.679308,fan,336,8,0.0,4328625.5,9641374.0,2996370.25,0.0,0.0,0.0,0.0,0.0,926458.875,0.0,0.0,5709998.0,299700.6875,0.0,1024310.375,0
1789703633.7432342,fan,341,6,0.0,0.0,4604412.0,7837295.5,0.0,0.0,0.0,0.0,0.0,0.0,4103835.5,0.0,0.0,0.0,0.0,1949151.25,0
1789703633.8061032,fan,303,8,0.0,0.0,0.0,0.0,2829934.75,2476214.0,0.0,0.0,678296.25,1499404.75,0.0,4876494.5,0.0,1716336.25,0.0,3609527.0,0
1789703633.8701377,fan,336,15,1886229.75,6038213.0,7390154.5,3217277.25,2641428.5,2948307.5,0.0,2691017.5,3567200.5,0.0,1192239.0,12309164.0,0.0,11511901.0,2613739.5,0.0,0
1789703633.9338138,fan,351,11,0.0,6746001.5,0.0,9926614.0,0.0,0.0,0.0,0.0,6583506.0,9862404.0,0.0,0.0,0.0,0.0,1193357.25,2849852.75,0
1789703633.9988346,fan,341,9,0.0,0.0,5932664.0,6293064.0,0.0,0.0,1412481.25,17826420.0,9081416.0,0.0,0.0,0.0,0.0,1097434.75,0.0,3461923.0,0
1789703634.1142523,fan,326,14,0.0,1515008.0,6472250.5,0.0,4458696.0,6737729.0,1677712.5,0.0,0.0,5392255.0,1750273.25,1365158.125,4186736.25,4688146.5,0.0,1194216.375,0
1789703634.1780698,fan,325,7,0.0,0.0,0.0,6186733.0,0.0,0.0,2789764.0,4525688.5,735734.9375,5735087.0,0.0,0.0,0.0,2563495.75,0.0,0.0,0
1789703634.241042,fan,335,19,0.0,0.0,14868804.0,16845152.0,1861516.125,1638734.375,1487920.375,4995426.0,3872552.5,8305862.0,2907888.0,577726.625,3474168.5,3262768.0,6310342.5,0.0,0
1789703634.3053112,fan,335,13,2417380.0,0.0,8706632.0,0.0,0.0,852592.6875,3020303.5,3179551.5,0.0,4611410.0,0.0,1659799.5,1877160.75,3925047.0,0.0,3366663.75,0
1789703634.3679771,fan,339,10,0.0,0.0,0.0,0.0,0.0,1244722.75,580802.8125,863078.625,1281777.75,2569789.0,0.0,0.0,0.0,7134450.0,2562122.0,0.0,0
1789703634.4611516,fan,318,8,0.0,0.0,0.0,0.0,3415923.5,0.0,652801.0,0.0,0.0,9001162.0,2026880.625,0.0,0.0,10987635.0,0.0,0.0,0
1789703634.5314128,fan,344,14,0.0,0.0,743963.3125,6075171.0,6490063.5,0.0,15743648.0,0.0,0.0,1945719.375,3918602.25,3767589.5,0.0,0.0,2511957.75,0.0,0
1789703634.6412742,fan,354,15,0.0,0.0,2318202.0,0.0,0.0,0.0,1265628.75,1012178.3125,1616786.125,3859308.0,6165931.5,669058.4375,1333288.125,1029895.125,4184709.75,4766630.5,0
1789703634.7063496,fan,336,10,3527092.75,0.0,0.0,0.0,0.0,0.0,3123564.0,6574670.0,8932494.0,0.0,0.0,1848160.875,0.0,15310871.0,0.0,8136230.5,0
1789703634.782936,fan,333,16,4047673.5,2517440.5,2865996.0,0.0,0.0,3629177.25,2149658.5,3549149.5,0.0,1638766.875,0.0,4053128.5,9523473.0,0.0,1994266.25,0.0,0
1789703634.8461826,fan,329,5,16286279.0,0.0,11698475.0,0.0,2724154.0,0.0,0.0,0.0,0.0,0.0,0.0,0.0,2764183.0,0.0,0.0,2469767.25,0
1789703634.9087563,fan,325,9,0.0,0.0,0.0,0.0,0.0,1892661.75,9712560.0,0.0,0.0,0.0,0.0,3347844.25,0.0,5111966.0,2518934.75,5342025.5,0
1789703634.9682078,fan,327,3,0.0,0.0,0.0,5965660.0,0.0,0.0,1243887.5,2222684.25,0.0,0.0,0.0,0.0,0.0,0.0,0.0,0.0,0
1789703635.0632417,fan,321,15,0.0,12766542.0,2350806.0,9780964.0,4407540.5,2746997.0,28749484.0,3852671.0,0.0,4766877.0,0.0,0.0,1807691.0,0.0,0.0,1074613.25,0
1789703635.1911185,fan,353,11,0.0,0.0,0.0,11253017.0,1363309.25,0.0,2247774.5,11419648.0,2438379.0,0.0,0.0,0.0,0.0,2758603.5,0.0,9656208.0,0
1789703635.2550092,fan,354,3,0.0,0.0,0.0,0.0,0.0,0.0,1792225.5,0.0,2175790.25,0.0,0.0,0.0,0.0,1147180.25,0.0,0.0,0
1789703635.3199656,fan,333,12,0.0,0.0,3646609.0,0.0,0.0,20173688.0,1983231.5,3483973.0,2116634.5,0.0,0.0,0.0,0.0,5267561.5,4956051.5,0.0,0
1789703635.3848965,fan,324,14,0.0,0.0,0.0,0.0,843177.0625,8174372.0,2629154.0,0.0,1019705.625,3716690.5,3196946.0,0.0,697900.8125,2224999.75,3434994.5,13619358.0,0
1789703635.507603,fan,328,8,2758942.25,0.0,0.0,2656752.75,0.0,0.0,0.0,4139018.5,1604699.25,0.0,2690898.75,5178679.0,1208803.75,0.0,0.0,0.0,0
1789703635.5762045,fan,326,9,0.0,0.0,0.0,0.0,3150687.25,3784543.5,0.0,0.0,0.0,1400449.5,5671908.5,2194342.5,0.0,0.0,0.0,1533449.625,0
1789703635.6390028,fan,329,11,0.0,0.0,6568597.0,0.0,1365891.125,0.0,524743.6875,0.0,0.0,0.0,0.0,7106034.5,1147279.375,8503618.0,3012859.75,0.0,0
1789703635.7928216,fan,333,12,0.0,0.0,0.0,6780301.5,14314724.0,282784.375,0.0,0.0,1975688.75,8339358.0,1015228.375,0.0,0.0,0.0,2409675.0,5240154.0,0
1789703635.9517787,fan,328,12,0.0,2331373.0,5337503.0,5070600.5,0.0,0.0,0.0,0.0,3918676.0,4870414.0,2070621.125,0.0,0.0,7602391.0,0.0,3801088.25,0
1789703636.0149028,fan,328,15,18269520.0,22374686.0,996564.875,0.0,2537168.5,2154482.0,3872716.0,10047130.0,752430.625,0.0,0.0,10413036.0,0.0,0.0,0.0,2136777.25,0
1789703636.0615134,fan,344,9,3034270.5,0.0,923806.125,0.0,3668888.5,0.0,2523994.25,5176772.0,6872094.0,3336873.5,2195536.25,0.0,0.0,0.0,0.0,0.0,0
1789703636.1246042,fan,344,13,0.0,0.0,0.0,0.0,0.0,0.0,0.0,4895591.0,18201324.0,3264653.25,4951432.5,3434559.5,3759962.75,5401026.5,0.0,3501040.0,0
1789703636.236566,fan,329,11,0.0,0.0,772926.25,2245776.25,0.0,4124056.75,16894934.0,11786648.0,2461455.5,2420973.5,0.0,1601795.25,0.0,1005184.1875,0.0,0.0,0
1789703636.2968023,fan,344,14,0.0,5048466.5,1395184.125,0.0,0.0,0.0,0.0,246541.0,0.0,2815573.25,6412511.0,6136153.0,620178.375,1736955.625,3551382.0,1176665.625,0
1789703636.3609774,fan,344,13,0.0,4109652.25,0.0,0.0,0.0,1672787.375,6012173.0,0.0,0.0,0.0,1266171.75,7149182.0,0.0,3804242.0,1642278.25,6083827.0,0
1789703636.9965289,fan,12,12,0.0,0.0,0.0,1627619.0,6250516.5,0.0,1932163.875,0.0,767023.5,16355864.0,0.0,0.0,0.0,2049487.25,4091057.5,1117302.375,0
1789703637.0584674,fan,347,11,2005962.375,0.0,0.0,0.0,18901968.0,0.0,0.0,0.0,7057100.5,6880626.0,0.0,0.0,1546992.125,6729895.0,0.0,1192864.25,0
1789703637.1538165,fan,336,7,0.0,0.0,0.0,13620286.0,0.0,0.0,3417666.0,7257788.0,0.0,0.0,0.0,0.0,0.0,4191110.5,0.0,1904401.75,0
1789703637.2174008,fan,301,11,3186629.5,2406695.75,27438596.0,747188.0625,0.0,5052940.0,0.0,0.0,0.0,0.0,3606033.25,1721029.25,2165851.0,0.0,819643.125,0.0,0
1789703637.2768016,fan,342,12,0.0,0.0,32331274.0,0.0,1544855.875,0.0,1930059.625,0.0,18574078.0,9057534.0,0.0,3616141.5,4332268.5,1642401.25,0.0,1617421.5,0
1789703637.5032394,fan,314,6,0.0,10715696.0,2479793.25,0.0,1493121.25,1187316.5,0.0,0.0,0.0,0.0,0.0,2224543.5,8823817.0,0.0,0.0,0.0,0
1789703637.561281,fan,347,11,0.0,0.0,7155345.5,2658784.75,7464190.0,0.0,0.0,392199.75,0.0,4693658.0,388730.6875,417811.3125,0.0,3572727.5,1762232.875,0.0,0
1789703637.6233683,fan,313,12,3957165.0,0.0,0.0,0.0,5491776.0,4224186.0,0.0,0.0,0.0,2506786.0,0.0,7431831.0,9516833.0,2604479.5,0.0,2525477.25,0
1789703637.8839831,fan,344,11,0.0,0.0,1394565.125,0.0,0.0,0.0,0.0,6599460.0,3188499.0,0.0,639461.25,0.0,0.0,8691029.0,6691709.0,1946641.25,0
1789703638.4538405,fan,338,10,0.0,0.0,0.0,0.0,0.0,3556678.0,11126854.0,1357022.875,2202510.5,1270012.0,2940434.5,0.0,0.0,0.0,0.0,1587332.25,0
1789703638.525889,fan,344,8,9113744.0,0.0,3539251.0,493472.875,0.0,0.0,0.0,0.0,0.0,0.0,0.0,820991.5625,1014487.6875,0.0,0.0,2503021.75,0
1789703638.8022115,fan,333,9,0.0,0.0,0.0,2184026.0,0.0,0.0,0.0,5055627.5,0.0,0.0,0.0,343176.84375,3451005.0,3291891.0,704474.0,0.0,0
1789703638.8987072,fan,17,4,0.0,0.0,607290.75,0.0,0.0,0.0,1302323.25,0.0,0.0,309270.1875,0.0,0.0,0.0,5789018.0,0.0,0.0,0
1789703639.2771626,fan,332,12,0.0,0.0,578358.125,0.0,738440.9375,0.0,0.0,4501448.5,3259476.0,0.0,3521605.25,3001060.5,1394430.75,6063132.0,0.0,0.0,0
1789703639.3485398,fan,297,9,0.0,970531.375,7829509.0,0.0,5312057.0,0.0,1316877.125,0.0,0.0,0.0,0.0,1843211.5,842843.875,0.0,2700480.5,459277.875,0
1789703639.4355922,fan,343,6,0.0,0.0,0.0,0.0,0.0,0.0,2599392.0,0.0,9737090.0,6126769.5,0.0,4086869.5,0.0,0.0,0.0,2084970.125,0
1789703639.500663,fan,324,14,2848435.5,5697862.5,3618411.75,0.0,0.0,0.0,19563824.0,9717772.0,1169284.125,0.0,9064567.0,1032234.3125,4741864.0,0.0,0.0,0.0,0
1789703639.5953977,fan,323,14,3224141.25,0.0,7843045.0,0.0,2392952.25,1193979.5,4328108.0,1039836.875,0.0,1844657.25,0.0,9137004.0,0.0,0.0,1923250.0,542144.25,0
1789703639.665769,fan,328,20,1639071.875,0.0,15147390.0,4629684.0,241642.71875,4578816.0,7498969.5,0.0,0.0,19507662.0,0.0,1202120.5,1006720.0,3784156.0,1665201.75,8066404.5,0
1789703640.0047348,fan,346,16,0.0,0.0,11636386.0,1674389.375,0.0,0.0,4979627.0,14880742.0,11278931.0,8236284.0,7285367.0,3450054.5,0.0,7945789.5,3845213.5,1466266.5,0
1789703640.3542473,fan,338,6,0.0,388181.1875,0.0,17227092.0,0.0,0.0,0.0,0.0,0.0,0.0,0.0,0.0,1359786.0,4301665.0,0.0,0.0,0
1789703640.425991,fan,326,12,0.0,0.0,2855007.0,0.0,0.0,0.0,0.0,9438889.0,17808894.0,0.0,2599642.5,5107439.5,1353567.25,4813133.0,1308355.125,0.0,0
1789703640.512491,fan,338,13,0.0,22692876.0,0.0,0.0,13075024.0,0.0,7198774.0,0.0,3694380.5,23581448.0,0.0,2426564.75,0.0,4141068.0,0.0,0.0,0
1789703640.5829196,fan,338,8,0.0,0.0,0.0,0.0,1743642.625,5648069.0,0.0,7280644.0,11497930.0,0.0,0.0,1751234.75,0.0,2577058.75,1181554.375,0.0,0
1789703640.6288266,fan,327,12,0.0,14633838.0,0.0,1403277.75,0.0,3826902.75,0.0,0.0,678633.8125,756057.875,0.0,0.0,7457055.0,13006782.0,1083541.375,0.0,0
1789703640.6919,fan,327,3,0.0,0.0,14700277.0,0.0,0.0,0.0,0.0,0.0,5874345.5,0.0,0.0,0.0,0.0,0.0,2593299.0,0.0,0
1789703640.7428827,fan,321,5,15308048.0,0.0,0.0,0.0,0.0,0.0,0.0,7725386.0,0.0,0.0,0.0,0.0,5800877.0,3856729.75,0.0,0.0,0
1789703640.804453,fan,322,10,16139680.0,7098999.5,0.0,14529046.0,7894207.0,2237733.75,0.0,0.0,6734537.0,0.0,0.0,1609601.0,0.0,0.0,1332353.25,9608760.0,0
1789703640.8664286,fan,320,6,0.0,0.0,0.0,0.0,0.0,6363846.0,0.0,5122274.0,0.0,0.0,0.0,0.0,0.0,0.0,1902348.375,663220.0625,0
1789703640.9276972,fan,331,6,0.0,3308281.0,0.0,0.0,0.0,0.0,0.0,0.0,0.0,0.0,0.0,14821946.0,2227780.0,0.0,298772.84375,1685291.25,0
1789703640.9978504,fan,330,8,0.0,0.0,0.0,0.0,2388425.5,3900464.5,0.0,0.0,0.0,3563554.25,0.0,0.0,0.0,6358434.0,3603106.25,0.0,0
1789703641.0599859,fan,307,5,22712988.0,0.0,0.0,14296475.0,0.0,6478129.0,0.0,0.0,0.0,0.0,0.0,5676741.0,0.0,0.0,0.0,3707823.25,0
1789703641.1219172,fan,308,5,0.0,0.0,0.0,0.0,0.0,16107184.0,6404904.5,0.0,0.0,0.0,0.0,0.0,9536194.0,0.0,0.0,2699565.0,0
1789703641.183979,fan,318,7,0.0,0.0,28986334.0,0.0,0.0,3697963.75,5525662.5,0.0,0.0,0.0,0.0,1874229.375,0.0,1814421.25,2892944.5,2606743.0,0
1789703641.5590317,fan,318,9,0.0,0.0,0.0,0.0,8067261.0,0.0,0.0,585168.375,0.0,4222976.5,0.0,0.0,5389143.0,7410616.0,927674.3125,1150615.75,0
1789703641.7177083,fan,329,11,0.0,0.0,0.0,0.0,1227115.0,6232798.5,7568394.0,8653852.0,0.0,0.0,0.0,1782507.125,0.0,3100299.0,1909533.875,3282090.75,0
1789703641.8116958,fan,348,12,1653139.125,0.0,1903191.25,0.0,1547256.375,0.0,19561864.0,4899674.0,0.0,2462183.25,2125709.5,0.0,0.0,294431.59375,0.0,5105632.0,0
1789703641.8720655,fan,334,17,0.0,0.0,0.0,47359460.0,3125755.0,18526068.0,4655479.0,3695357.5,1696418.5,240472.0,3157074.75,7997026.0,5206230.5,1773844.25,0.0,5964503.0,0
1789703641.9363084,fan,334,11,2617826.0,0.0,8532722.0,0.0,0.0,0.0,11258272.0,2264271.0,0.0,0.0,0.0,6242672.0,5309234.0,1537276.375,2641094.5,0.0,0
1789703642.0654335,fan,334,13,0.0,0.0,0.0,0.0,3455514.5,0.0,0.0,0.0,2924803.0,10306768.0,12401873.0,4160129.25,14225702.0,0.0,2516167.75,9698842.0,0
1789703642.1276815,fan,334,7,0.0,0.0,0.0,0.0,6329553.0,0.0,0.0,0.0,1224939.5,0.0,1493194.75,5479804.0,0.0,823404.0625,0.0,1626446.5,0
1789703642.2556047,fan,314,10,0.0,0.0,0.0,5488504.0,8323931.0,0.0,10284038.0,0.0,854216.0,0.0,1253576.5,154326.46875,0.0,0.0,0.0,3634793.0,0
1789703642.3508964,fan,306,11,0.0,0.0,975715.625,3320797.0,0.0,2429119.5,3092529.5,0.0,0.0,1083190.125,0.0,5175855.0,817106.4375,1021553.8125,0.0,0.0,0
1789703642.408477,fan,312,13,0.0,0.0,852275.25,0.0,2313835.75,2714042.25,10910244.0,3736411.5,0.0,0.0,0.0,409183.8125,0.0,4081503.0,7024784.0,4389937.0,0
1789703642.47136,fan,327,14,0.0,0.0,0.0,4097839.5,2264064.0,0.0,4740054.0,4929158.5,0.0,12235612.0,3628657.0,483460.0,1545071.375,5725130.0,0.0,1406059.0,0
1789703642.533085,fan,313,6,0.0,0.0,0.0,0.0,6476542.5,0.0,3684434.0,0.0,0.0,0.0,1012858.125,1757365.5,5181343.0,0.0,2610371.0,0.0,0
1789703642.5958278,fan,333,12,0.0,0.0,0.0,0.0,0.0,0.0,2017130.875,22283100.0,8968284.0,0.0,0.0,1829152.5,2163282.0,6322581.5,0.0,796386.375,0
1789703642.9217274,fan,341,13,2213521.0,0.0,1458010.5,10131444.0,4462142.0,0.0,0.0,0.0,4120368.75,0.0,2413723.5,1220516.0,0.0,14435744.0,2432212.0,7029607.0,0
1789703643.8089745,fan,354,10,0.0,0.0,4628181.5,2504408.5,5213756.0,0.0,0.0,0.0,0.0,6705735.0,0.0,0.0,2715052.0,1763605.5,2212607.75,0.0,0
1789703643.8744636,fan,353,10,0.0,0.0,1534053.5,0.0,2777908.0,0.0,0.0,2706462.0,5776923.0,0.0,0.0,0.0,1216395.25,1180642.375,0.0,2855417.75,0
1789703643.9667182,fan,351,7,0.0,0.0,12360130.0,12878948.0,2159431.75,0.0,4047641.25,0.0,0.0,0.0,1769476.375,0.0,0.0,0.0,0.0,0.0,0
1789703644.2517421,fan,325,15,0.0,0.0,9177665.0,0.0,3231148.0,0.0,1204456.5,559626.125,0.0,8401830.0,2084160.375,3434834.5,523120.0,2621840.0,0.0,0.0,0
1789703644.4100251,fan,343,14,0.0,0.0,0.0,0.0,10369605.0,15373800.0,8892784.0,4529759.0,0.0,7554108.5,7384648.0,4250349.0,1829553.25,0.0,0.0,1266280.625,0
1789703644.4695034,fan,339,11,0.0,0.0,2571298.0,0.0,0.0,1319325.75,1212545.0,0.0,0.0,4633938.5,7637515.0,3901750.5,3660158.25,1714829.125,0.0,1769335.0,0
1789703644.534595,fan,339,14,0.0,0.0,14841596.0,0.0,0.0,534372.25,1321023.375,14262163.0,0.0,3399621.25,0.0,855214.5,2124567.0,1517121.25,3310655.0,4593780.0,0
1789703644.6315339,fan,339,12,0.0,2539516.5,0.0,1048490.1875,0.0,0.0,7710874.0,0.0,0.0,2485546.5,1062764.75,0.0,0.0,3234380.5,6003836.5,3155180.5,0
1789703644.6941762,fan,343,8,1792647.125,11210160.0,9100724.0,0.0,0.0,0.0,0.0,1675267.25,1543356.0,0.0,0.0,0.0,0.0,1908919.0,0.0,1598020.0,0
1789703644.8527207,fan,312,12,4594701.5,0.0,0.0,0.0,2141434.0,5419044.0,0.0,0.0,1762090.25,0.0,0.0,1190219.75,2114338.0,1802976.5,0.0,2649591.5,0
1789703644.9229436,fan,316,8,0.0,0.0,6725612.5,1007832.0,0.0,0.0,8608592.0,0.0,0.0,0.0,1998866.75,0.0,0.0,3926763.5,1957221.0,4869275.0,0
1789703645.234184,fan,329,11,4877620.0,9801770.0,0.0,0.0,0.0,0.0,0.0,6837730.0,0.0,0.0,2241443.0,11711478.0,2926599.25,0.0,9026538.0,0.0,0
1789703645.304319,fan,328,11,3377399.25,3013319.0,10041206.0,0.0,0.0,0.0,3448281.5,10781623.0,3620351.5,13406968.0,1847146.25,0.0,0.0,4034374.5,0.0,0.0,0
1789703645.3684144,fan,1,8,48148928.0,0.0,0.0,0.0,0.0,10345588.0,20674516.0,18238276.0,0.0,8612292.0,0.0,5947842.5,2713674.5,0.0,0.0,0.0,0
1789703645.4366958,fan,0,5,0.0,336209536.0,0.0,0.0,0.0,0.0,0.0,0.0,0.0,0.0,0.0,20898152.0,43052000.0,25390678.0,0.0,0.0,0
1789703645.5593877,fan,339,14,25611366.0,0.0,13258041.0,0.0,17377966.0,10113666.0,16487076.0,3867432.5,3276946.0,6530351.0,0.0,2901522.0,3134625.75,0.0,0.0,5267984.0,0
1789703645.624725,fan,1,5,0.0,0.0,0.0,0.0,6915995.0,0.0,0.0,954626.0625,0.0,0.0,0.0,6819196.0,4800141.5,0.0,0.0,0.0,0
1789703645.7402089,fan,339,9,2407353.75,2224691.25,11301554.0,5984672.5,0.0,0.0,1129362.5,0.0,0.0,0.0,2395545.0,2227332.25,0.0,0.0,0.0,2729052.0,0
1789703645.8352745,fan,330,8,0.0,0.0,2812850.75,0.0,0.0,0.0,0.0,1857833.625,3822012.75,0.0,0.0,0.0,1275575.0,4249628.0,3030604.5,0.0,0
1789703645.961437,fan,321,11,0.0,1077972.5,5138337.5,0.0,0.0,0.0,1715172.625,0.0,0.0,1490896.75,0.0,1120681.0,0.0,15669910.0,4507871.5,1919086.5,0
1789703646.0204525,fan,332,15,2905847.5,0.0,0.0,0.0,0.0,0.0,0.0,0.0,2391296.0,2021144.0,2537997.5,0.0,4895623.0,6592800.5,3288440.0,4053763.0,0
1789703646.0833893,fan,340,11,11938123.0,0.0,14836204.0,0.0,5303477.0,3452648.75,3289692.5,0.0,3139235.75,1804317.625,0.0,0.0,0.0,0.0,0.0,0.0,0
1789703646.1464405,fan,317,7,0.0,0.0,0.0,6373957.0,0.0,0.0,5247111.5,4748565.5,0.0,1029196.6875,0.0,2383959.5,0.0,0.0,1922532.75,0.0,0
1789703646.2078629,fan,318,13,5714376.0,2655231.25,962926.0,1411082.875,3006788.0,1546932.125,0.0,0.0,7179136.0,0.0,995578.5625,2313150.5,0.0,2627115.0,850533.5625,0.0,0
1789703646.2704647,fan,321,8,0.0,0.0,0.0,0.0,4093464.0,0.0,22450792.0,4027639.5,0.0,0.0,2102745.5,0.0,0.0,0.0,1011667.5625,1552977.875,0
1789703646.403679,fan,300,3,0.0,2035993.25,0.0,4512064.0,0.0,0.0,1527546.25,0.0,0.0,0.0,0.0,0.0,0.0,0.0,0.0,0.0,0
1789703646.462504,fan,343,9,0.0,599823.75,14531734.0,0.0,0.0,0.0,0.0,0.0,0.0,3370055.25,0.0,0.0,0.0,4404137.5,2572274.25,0.0,0
1789703646.5270164,fan,340,7,7256625.0,0.0,0.0,2184156.0,0.0,0.0,0.0,0.0,0.0,0.0,0.0,0.0,0.0,2457682.25,4398682.0,655909.625,0
1789703646.5906465,fan,303,8,0.0,0.0,0.0,9258314.0,13464428.0,0.0,4629128.5,0.0,378623.28125,2030027.25,0.0,0.0,0.0,0.0,3439826.75,0.0,0
1789703646.6555243,fan,342,11,0.0,0.0,0.0,0.0,4257041.5,4724081.5,3807835.25,3670446.5,0.0,0.0,0.0,2369511.0,2077473.5,3538135.75,0.0,0.0,0
1789703646.7778668,fan,328,5,0.0,0.0,18461724.0,0.0,0.0,0.0,0.0,0.0,0.0,0.0,4864388.0,4591308.5,6405983.5,0.0,0.0,2665916.0,0
1789703646.8417017,fan,336,10,0.0,0.0,22453966.0,10265637.0,429036.625,0.0,0.0,3671452.5,0.0,11101358.0,3572907.0,2304732.5,0.0,702753.875,0.0,0.0,0
1789703646.9064023,fan,352,9,0.0,0.0,14166480.0,0.0,915964.625,0.0,1311306.5,30893076.0,11721712.0,0.0,0.0,0.0,0.0,1220579.25,997115.4375,0.0,0
1789703646.9708507,fan,352,5,0.0,0.0,0.0,339494.875,1085905.375,0.0,0.0,2450418.5,1467857.375,0.0,0.0,0.0,0.0,0.0,0.0,734983.6875,0
1789703647.0204678,fan,354,16,484320640.0,125943856.0,0.0,63009812.0,109658120.0,23398134.0,21959314.0,37480524.0,37692104.0,53798076.0,0.0,9750349.0,0.0,0.0,0.0,0.0,0
1789703647.091135,fan,354,10,13161149.0,0.0,23429610.0,9935634.0,0.0,0.0,8278600.0,0.0,0.0,0.0,0.0,5671896.0,4065818.25,5051602.5,0.0,0.0,0
1789703647.1403322,fan,354,4,0.0,0.0,0.0,9503592.0,0.0,0.0,0.0,5906637.0,0.0,0.0,0.0,0.0,3301036.0,2835996.5,0.0,0.0,0
1789703647.197158,fan,354,3,0.0,0.0,0.0,0.0,3741592.25,0.0,0.0,0.0,0.0,0.0,0.0,0.0,0.0,2548647.0,0.0,0.0,0
1789703647.291855,fan,306,6,0.0,0.0,4498109.0,5896927.0,0.0,0.0,0.0,0.0,0.0,0.0,0.0,0.0,1629083.5,3014266.5,1257804.5,1473176.375,0
1789703647.3503451,fan,312,11,0.0,0.0,14805729.0,0.0,0.0,0.0,10671676.0,10553368.0,2034386.375,0.0,0.0,0.0,0.0,1803330.375,0.0,2303671.25,0
1789703647.412409,fan,344,8,0.0,0.0,6630783.0,0.0,3791368.0,0.0,1839753.25,15033015.0,878610.625,0.0,0.0,1233700.0,0.0,3643223.5,0.0,0.0,0
1789703647.4744935,fan,317,9,0.0,0.0,18840448.0,0.0,12439683.0,3154160.75,11862164.0,3044301.25,1395039.5,0.0,0.0,0.0,0.0,4035207.5,0.0,0.0,0
1789703647.5367565,fan,317,8,0.0,0.0,0.0,2764236.75,0.0,0.0,0.0,0.0,4995812.5,4661723.5,4897945.5,0.0,0.0,1025983.0,3976769.5,0.0,0
1789703647.6081433,fan,333,14,0.0,0.0,856834.9375,13117132.0,517625.96875,2741238.0,0.0,2475081.5,3522415.25,2255517.5,5320616.0,0.0,0.0,7135507.0,0.0,0.0,0
1789703647.666376,fan,321,14,2277220.75,4317789.5,0.0,0.0,7492458.0,18190804.0,1989706.25,0.0,3847003.0,7821938.0,0.0,3143080.25,0.0,1886276.0,752953.0625,1092057.125,0
1789703647.7667081,fan,321,8,3915834.0,11562261.0,4995049.0,0.0,0.0,0.0,0.0,0.0,0.0,0.0,0.0,696413.6875,0.0,0.0,1300183.0,1087067.75,0
1789703647.812783,fan,301,6,0.0,0.0,8466294.0,1357689.625,0.0,1043020.625,0.0,0.0,0.0,0.0,1767278.375,1424369.125,0.0,0.0,0.0,0.0,0
1789703647.8943286,fan,346,3,0.0,0.0,0.0,0.0,0.0,0.0,0.0,0.0,0.0,4922460.0,0.0,0.0,0.0,0.0,3592714.25,0.0,0
1789703647.9541125,fan,336,12,0.0,4259359.0,3299420.5,506306.25,3278307.0,0.0,0.0,5534871.0,0.0,4681142.0,4334449.0,0.0,0.0,0.0,3738943.25,1993548.25,0
1789703649.3827252,fan,345,7,2543827.0,0.0,17161324.0,0.0,1951602.5,0.0,0.0,3428741.75,0.0,0.0,0.0,4445198.0,0.0,1913154.0,1415525.75,0.0,0
1789703649.604863,fan,337,11,0.0,0.0,0.0,2259984.0,3984517.0,0.0,0.0,0.0,2943524.75,2137895.5,2850976.0,1394088.0,4365975.5,0.0,0.0,2090788.0,0
1789703649.6758428,fan,329,9,0.0,0.0,11350976.0,2784078.0,866278.125,0.0,5346244.5,0.0,2705024.25,0.0,0.0,0.0,0.0,859409.375,0.0,893226.0,0
1789703649.8028436,fan,341,5,0.0,0.0,0.0,0.0,0.0,5838808.0,0.0,21088242.0,7341495.0,0.0,0.0,0.0,2760650.0,0.0,4445043.5,0.0,0
1789703649.866677,fan,322,3,0.0,0.0,0.0,0.0,0.0,0.0,0.0,0.0,0.0,0.0,11291174.0,0.0,0.0,12246519.0,0.0,3608754.0,0
1789703650.5223446,fan,331,10,0.0,0.0,0.0,0.0,2152667.5,2714646.5,718404.0,9039389.0,0.0,1093367.875,0.0,5806808.0,0.0,0.0,2241716.5,0.0,0
1789703650.5929482,fan,319,10,0.0,0.0,0.0,0.0,2043994.375,480667.3125,0.0,0.0,0.0,8482859.0,2832136.0,969020.3125,4931274.0,3474509.25,0.0,0.0,0
1789703650.680854,fan,323,9,0.0,0.0,0.0,1583772.125,0.0,392905.5,9197252.0,8845142.0,0.0,1149001.125,0.0,0.0,0.0,0.0,7238709.5,8430990.0,0
1789703651.0292156,fan,327,10,2002044.0,0.0,5037452.0,0.0,3699130.0,0.0,7946081.0,4348223.0,0.0,4635478.5,0.0,2159502.75,0.0,0.0,0.0,3313495.0,0
1789703651.0989087,fan,330,9,2643584.5,0.0,12731734.0,0.0,0.0,0.0,0.0,0.0,0.0,8137243.0,8525938.0,1888004.75,959811.0,0.0,0.0,4010547.5,0
1789703651.1621616,fan,329,9,0.0,0.0,0.0,0.0,0.0,0.0,2719516.75,1340166.75,1741797.625,2051419.375,3414780.5,0.0,2514768.25,6748968.5,0.0,0.0,0
1789703651.2250125,fan,326,6,0.0,0.0,3379769.75,0.0,0.0,3830391.5,0.0,1177088.375,0.0,1714270.625,0.0,2089121.875,1579761.25,0.0,0.0,0.0,0
1789703651.6305394,fan,330,16,0.0,6995748.5,6979915.0,0.0,1625633.625,6205074.0,2924080.0,1857401.5,2074887.5,0.0,2606158.5,1240774.375,0.0,1823864.25,3653505.5,3620608.5,0
1789703651.6899498,fan,330,6,0.0,0.0,1767321.25,0.0,4505287.5,0.0,3567021.0,0.0,0.0,0.0,0.0,0.0,0.0,0.0,0.0,515461.4375,0
1789703651.7399757,fan,341,8,0.0,0.0,4392201.5,1608053.0,0.0,0.0,8084404.5,0.0,4276233.5,0.0,0.0,0.0,0.0,599595.875,0.0,0.0,0
1789703651.8031132,fan,306,12,7193187.0,2726306.5,2867065.25,0.0,0.0,0.0,0.0,1859102.75,0.0,0.0,0.0,1720059.0,5325467.5,1901792.75,0.0,3569291.0,0
1789703651.8834825,fan,339,11,1257343.75,0.0,0.0,0.0,10542890.0,0.0,2635071.75,3724496.75,0.0,2585633.5,7290991.5,0.0,1363870.375,1267721.75,627578.25,0.0,0
1789703652.0744562,fan,322,12,10979494.0,0.0,5899291.5,0.0,0.0,866666.5625,0.0,0.0,0.0,11329208.0,1049480.75,981713.5,4014970.5,5419402.5,3225350.5,3843537.5,0
1789703652.134845,fan,338,15,0.0,0.0,0.0,8413404.0,273756.46875,856637.8125,0.0,6757337.0,12452377.0,7968861.0,4602376.0,2668259.25,10837050.0,0.0,1069701.0,0.0,0
1789703652.198459,fan,322,9,1672576.5,0.0,0.0,530310.0625,0.0,0.0,17965204.0,5633361.0,0.0,0.0,0.0,0.0,0.0,4487688.5,0.0,5559935.0,0
1789703652.2614667,fan,325,13,0.0,0.0,0.0,3536804.75,2808120.25,809780.5,0.0,0.0,0.0,1101396.25,2793639.75,3114445.25,0.0,2196927.25,2900164.5,5091632.0,0
1789703652.422212,fan,317,13,0.0,0.0,3857370.0,0.0,0.0,0.0,10655708.0,13609631.0,0.0,5389620.5,7398773.0,0.0,1811997.0,1583513.25,0.0,6004754.5,0
1789703652.4797919,fan,313,9,2115470.5,10457100.0,0.0,0.0,0.0,0.0,1279077.5,0.0,4381790.5,0.0,0.0,4190753.0,0.0,4778515.0,1181900.5,530142.5625,0
1789703652.6768599,fan,352,13,0.0,0.0,0.0,5138520.0,2093684.0,980783.375,0.0,0.0,6628190.5,4943823.5,5460256.0,0.0,1989083.75,1711004.875,1271290.375,0.0,0
1789703652.8023353,fan,319,7,0.0,0.0,0.0,0.0,2313291.25,0.0,1476095.625,7909647.0,0.0,0.0,0.0,0.0,1567937.25,1431689.125,0.0,0.0,0
1789703652.9283597,fan,336,16,3938047.25,12178188.0,5407317.0,0.0,1627250.25,0.0,655209.8125,2087499.5,1637443.25,2792974.0,0.0,1805902.75,894918.0625,3196198.0,731530.0,2820670.0,0
1789703652.998247,fan,334,12,0.0,5259478.0,0.0,0.0,0.0,3260623.75,14187844.0,4934808.0,0.0,2076669.5,3036986.25,0.0,0.0,4108012.5,0.0,5891807.0,0
1789703653.0610068,fan,333,6,4582084.5,0.0,0.0,0.0,4398584.0,0.0,0.0,3515576.25,0.0,2721895.0,0.0,0.0,0.0,1529417.0,0.0,0.0,0
1789703653.3731425,fan,340,5,0.0,6890501.0,1497444.5,0.0,0.0,0.0,0.0,24381194.0,4626676.0,0.0,0.0,0.0,0.0,0.0,0.0,0.0,0
1789703653.4363883,fan,351,15,0.0,0.0,0.0,2992158.75,4928296.5,0.0,11000881.0,0.0,3924079.5,2511825.25,3670728.25,0.0,2705640.5,0.0,2508853.75,9528204.0,0
1789703653.5005004,fan,332,8,0.0,0.0,0.0,5423732.0,0.0,0.0,1649982.125,0.0,0.0,0.0,0.0,3768952.0,2515099.25,1915269.5,2395231.5,1507207.75,0
1789703653.564571,fan,357,8,1939509.75,0.0,1855539.625,0.0,0.0,0.0,0.0,3564524.5,4332027.5,17378546.0,2636853.0,3007235.75,0.0,0.0,0.0,0.0,0
1789703653.8481686,fan,332,13,5709811.0,0.0,22664860.0,33766180.0,3598470.0,0.0,0.0,0.0,9967701.0,9318433.0,1771173.875,1430725.25,0.0,1718444.5,0.0,5673194.0,0
1789703654.1961298,fan,324,13,0.0,0.0,25379710.0,13346586.0,4372555.0,0.0,6931943.0,2394194.5,1241764.125,3964439.0,4394897.0,1178512.125,3232375.5,0.0,0.0,0.0,0
1789703654.9563465,fan,342,9,0.0,0.0,0.0,0.0,0.0,0.0,0.0,0.0,15763890.0,31127764.0,7821598.0,0.0,0.0,3437412.5,0.0,0.0,0
1789703655.0273244,fan,340,14,0.0,13918089.0,6445418.5,0.0,4851954.5,0.0,11199616.0,1001093.25,798301.0625,6877962.5,3068104.75,0.0,511438.5625,0.0,0.0,0.0,0
1789703655.3700652,fan,322,10,7330697.5,0.0,2569297.0,0.0,0.0,0.0,939106.0625,0.0,0.0,0.0,0.0,0.0,2069863.875,3392610.0,383049.625,942262.8125,0
1789703655.4407828,fan,344,12,0.0,0.0,2624155.0,0.0,0.0,1811548.25,1532859.5,10013990.0,5285057.5,0.0,0.0,0.0,5632066.0,0.0,0.0,3507213.5,0
1789703655.5042017,fan,318,5,0.0,0.0,0.0,35118372.0,13227142.0,10780922.0,0.0,0.0,0.0,0.0,0.0,0.0,0.0,6057127.0,0.0,0.0,0
1789703655.5683823,fan,190,3,0.0,33180756.0,0.0,0.0,0.0,11687018.0,0.0,0.0,0.0,0.0,0.0,3846181.5,0.0,0.0,0.0,0.0,0
1789703655.6703646,fan,344,10,0.0,0.0,0.0,0.0,0.0,0.0,0.0,0.0,13388274.0,6907083.0,1452726.625,0.0,0.0,681719.75,610383.9375,3547535.5,0
1789703655.7322817,fan,344,8,0.0,0.0,0.0,0.0,6704012.0,0.0,0.0,2095915.375,0.0,0.0,1597407.75,5134098.0,0.0,846015.8125,6029433.5,0.0,0
1789703655.8126945,fan,345,4,0.0,0.0,3183853.75,0.0,0.0,0.0,0.0,0.0,1763520.625,0.0,0.0,0.0,0.0,0.0,0.0,2446826.5,0
1789703655.8735025,fan,345,13,0.0,0.0,6541062.5,0.0,0.0,700958.125,3950474.5,0.0,0.0,6946165.5,0.0,1446507.5,5139008.5,1524381.5,5489556.0,7407037.0,0
1789703655.9318483,fan,343,12,0.0,0.0,1577967.125,3190262.5,3050700.5,0.0,0.0,0.0,1967428.875,4687306.0,0.0,1482568.875,928636.875,3428995.0,0.0,1959471.5,0
1789703656.0652962,fan,335,18,0.0,0.0,19368206.0,815142.5,0.0,0.0,4302215.0,3974717.0,6195071.0,13520394.0,0.0,1103031.125,3702101.0,9492442.0,4096847.25,2000670.0,0
1789703656.1245081,fan,328,16,8997624.0,12127150.0,27521268.0,15203814.0,1550900.125,1115939.625,0.0,8622833.0,2890702.25,0.0,0.0,1772972.625,0.0,0.0,3659524.0,3405784.5,0
1789703656.1876986,fan,328,10,2630631.5,0.0,428126.59375,0.0,0.0,1754334.5,534720.5,0.0,0.0,0.0,984738.8125,0.0,2984921.0,10438128.0,0.0,2104830.5,0
1789703656.2383924,fan,325,18,0.0,0.0,6353336.0,2737547.0,3564398.75,2086571.25,2383158.5,10837682.0,5505625.0,5509818.0,2308303.0,3057872.0,2283211.75,4877380.5,0.0,1745787.5,0
1789703656.301842,fan,336,5,0.0,0.0,0.0,271884.03125,0.0,0.0,0.0,0.0,3708923.0,1537094.125,1252586.5,0.0,0.0,0.0,0.0,0.0,0
1789703656.365022,fan,325,11,0.0,2256550.5,8507335.0,0.0,248699.375,0.0,1343515.75,0.0,0.0,4686126.0,8509456.0,0.0,1009822.0625,16210560.0,0.0,0.0,0
1789703656.5092893,fan,315,8,0.0,0.0,0.0,0.0,0.0,1144716.375,14339976.0,0.0,0.0,0.0,0.0,4398381.0,5635324.5,0.0,0.0,0.0,0
1789703656.566187,fan,318,10,1255625.375,2116089.5,1570768.75,0.0,5923337.0,1702910.875,988989.25,0.0,0.0,0.0,0.0,4388152.5,0.0,0.0,0.0,1234928.75,0
1789703656.6275263,fan,317,6,0.0,0.0,8903856.0,5351619.0,2614510.0,0.0,0.0,0.0,0.0,0.0,0.0,8263613.5,0.0,0.0,0.0,0.0,0
1789703656.6887798,fan,337,13,3494726.75,0.0,3045112.0,0.0,16811026.0,0.0,0.0,0.0,8207924.0,1850593.625,0.0,2811307.75,3620787.25,0.0,977525.9375,6045131.0,0
1789703656.9833276,fan,349,8,0.0,0.0,0.0,0.0,3343116.25,0.0,3668407.75,27005058.0,18488676.0,1197031.625,650529.125,0.0,0.0,0.0,15636924.0,0.0,0
1789703657.047528,fan,346,16,21226900.0,15216392.0,12540848.0,0.0,7216638.5,3975762.25,0.0,0.0,418498.6875,1771140.5,2433685.0,0.0,1189093.625,7492739.0,7463473.0,0.0,0
1789703657.112208,fan,333,7,0.0,0.0,0.0,1240656.125,11478454.0,1553183.125,0.0,0.0,4517339.5,0.0,0.0,0.0,0.0,0.0,0.0,0.0,0
1789703657.2701743,fan,349,8,6839924.5,12615932.0,0.0,0.0,0.0,1606531.5,0.0,0.0,0.0,8183574.0,0.0,0.0,0.0,1907320.625,0.0,3706139.5,0
1789703657.3418157,fan,309,11,798195.5,0.0,0.0,0.0,0.0,3471951.0,1246743.625,5567288.0,953255.0625,6374592.0,0.0,3200724.5,0.0,3336485.25,0.0,0.0,0
1789703657.405093,fan,311,6,0.0,0.0,0.0,0.0,0.0,6231569.5,0.0,0.0,7214471.0,0.0,2425490.5,0.0,1645948.625,845735.1875,0.0,0.0,0
1789703657.522698,fan,344,8,0.0,1947650.25,1980842.75,0.0,1294953.5,0.0,0.0,2270904.5,0.0,0.0,0.0,0.0,0.0,0.0,2355382.25,3882565.0,0
1789703657.5937233,fan,351,6,0.0,0.0,0.0,1138936.75,0.0,0.0,0.0,4993580.5,5007900.5,0.0,0.0,2893624.5,2548404.75,0.0,219663.53125,0.0,0
1789703657.658223,fan,308,4,0.0,11171849.0,0.0,0.0,0.0,0.0,0.0,4749817.5,0.0,0.0,0.0,1165063.375,0.0,2762198.25,0.0,0.0,0
1789703657.7221944,fan,26,7,0.0,40516368.0,15702990.0,13793593.0,16451566.0,0.0,0.0,2803311.75,0.0,0.0,0.0,0.0,0.0,0.0,4823806.0,0.0,0
1789703658.2210183,fan,334,11,0.0,0.0,0.0,0.0,0.0,15219170.0,1216125.875,3418177.0,2983960.25,0.0,0.0,1986916.5,0.0,1005895.75,0.0,1504098.75,0
1789703658.2794447,fan,321,11,0.0,0.0,0.0,0.0,354214.46875,6965330.5,1289766.125,8841687.0,0.0,0.0,0.0,23899522.0,7924202.5,3272146.0,0.0,0.0,0
1789703658.3415444,fan,320,13,0.0,3907100.75,7883424.0,0.0,3107958.75,4201693.0,2253689.5,0.0,0.0,0.0,0.0,5779553.0,942543.25,6551389.5,0.0,0.0,0
1789703658.6002843,fan,1,10,0.0,776812.5625,0.0,0.0,1907930.25,0.0,0.0,5800204.0,4565908.0,3475434.5,0.0,0.0,0.0,2154031.5,0.0,0.0,0
1789703658.6684062,fan,310,7,0.0,0.0,0.0,0.0,9067010.0,0.0,6256646.0,0.0,0.0,0.0,0.0,4925809.5,2402413.25,14141172.0,0.0,1193106.5,0
1789703658.7320168,fan,310,4,0.0,0.0,0.0,0.0,0.0,0.0,0.0,5599304.5,0.0,3487658.75,0.0,2363609.0,0.0,0.0,0.0,1920811.5,0
1789703658.778102,fan,310,8,0.0,0.0,9803418.0,3073269.0,5918555.0,0.0,531028.5,0.0,0.0,905999.125,5247167.5,1243772.125,0.0,0.0,0.0,0.0,0
1789703658.8270578,fan,349,9,4576292.0,0.0,759379.625,0.0,13054187.0,5950525.5,0.0,0.0,1212160.5,0.0,0.0,927618.0,0.0,0.0,0.0,2854735.0,0
1789703660.0571816,fan,333,12,0.0,0.0,3356513.75,2084850.375,0.0,0.0,9011285.0,6622501.5,0.0,0.0,0.0,11092554.0,0.0,2303073.75,441664.6875,5550742.0,0
1789703660.1282706,fan,333,11,0.0,0.0,0.0,12923311.0,7795489.0,2965487.75,2605103.75,1971083.25,0.0,16220940.0,0.0,1051174.875,0.0,0.0,2940506.0,0.0,0
1789703660.1741068,fan,333,10,0.0,0.0,1544635.25,0.0,14202644.0,0.0,0.0,1807821.25,0.0,0.0,2325587.75,0.0,13922139.0,0.0,3564469.5,0.0,0
1789703660.2245765,fan,337,7,0.0,0.0,2334009.0,5174428.5,0.0,0.0,2069048.25,2100533.0,0.0,0.0,0.0,750714.625,0.0,6268628.0,0.0,0.0,0
1789703660.2886558,fan,337,11,0.0,0.0,0.0,3753184.75,1444406.875,6266541.5,3177735.5,0.0,14426426.0,0.0,992738.75,6987386.5,0.0,0.0,0.0,1331048.0,0
1789703660.3461535,fan,337,6,0.0,0.0,0.0,0.0,0.0,2239806.0,2181422.75,8654009.0,4044276.0,0.0,0.0,0.0,0.0,0.0,0.0,754598.0,0
1789703660.4041018,fan,337,4,0.0,0.0,0.0,0.0,0.0,0.0,0.0,0.0,0.0,9128897.0,7580244.0,2384265.75,0.0,0.0,0.0,0.0,0
1789703660.4502554,fan,337,9,2741601.0,4765973.5,0.0,2225201.5,4187307.75,6295478.0,5722120.0,0.0,0.0,0.0,0.0,0.0,0.0,0.0,0.0,1469619.5,0
1789703660.4960465,fan,333,8,0.0,0.0,3649708.5,2231734.0,938510.875,0.0,0.0,4024549.25,0.0,2622720.5,0.0,0.0,0.0,13433314.0,0.0,0.0,0
1789703660.5718727,fan,328,16,0.0,0.0,9575672.0,9590138.0,1518405.625,795684.375,3490747.0,0.0,0.0,10604980.0,2071423.0,7381686.0,11916958.0,0.0,5508279.5,1580116.0,0
1789703660.9431295,fan,329,9,701143.625,0.0,0.0,0.0,0.0,0.0,1256084.5,1154723.375,0.0,3483174.0,0.0,0.0,0.0,11560978.0,0.0,972583.625,0
1789703660.9440167,fan,12,6,7363666.5,0.0,2390339.5,0.0,0.0,0.0,0.0,0.0,3079103.5,0.0,3592673.5,0.0,0.0,0.0,0.0,0.0,0
1789703661.0154068,fan,329,6,0.0,0.0,18002942.0,2197728.0,0.0,0.0,0.0,0.0,0.0,0.0,0.0,0.0,1333117.5,549684.0625,0.0,0.0,0
1789703661.0802279,fan,117,6,0.0,0.0,0.0,0.0,0.0,0.0,0.0,0.0,8947795.0,26038690.0,0.0,0.0,0.0,1518810.375,0.0,1418498.125,0
1789703661.1320167,fan,335,12,0.0,5535038.0,3209112.75,0.0,1493904.75,0.0,1672488.375,17802184.0,2607822.5,0.0,0.0,973005.1875,0.0,0.0,2619143.25,3734036.0,0
1789703661.1940067,fan,328,10,0.0,0.0,3733548.75,0.0,0.0,0.0,0.0,1770576.125,0.0,1647288.375,0.0,6188525.0,1707489.75,3036555.75,0.0,0.0,0
1789703661.2561467,fan,328,7,0.0,2354972.75,14197168.0,0.0,0.0,0.0,0.0,1852246.0,1855626.375,0.0,0.0,0.0,0.0,4432962.0,0.0,0.0,0
1789703661.307022,fan,338,17,4548951.0,4650727.5,34853428.0,7547028.0,1299453.875,0.0,806499.75,4844607.0,2341673.75,0.0,0.0,1973244.75,1035100.5625,0.0,1352120.75,955375.875,0
1789703661.3773985,fan,345,11,0.0,0.0,1173131.875,0.0,0.0,4820338.5,2670621.5,3577813.25,0.0,5453286.0,0.0,0.0,0.0,4583180.0,1468855.75,778078.75,0
1789703661.4516146,fan,327,5,0.0,0.0,9280947.0,0.0,0.0,0.0,3905198.25,0.0,0.0,0.0,0.0,0.0,0.0,3905192.0,2826991.0,0.0,0
1789703661.5232608,fan,346,8,0.0,0.0,0.0,0.0,5391966.5,0.0,0.0,0.0,3710928.25,148886.859375,0.0,0.0,2270292.75,0.0,0.0,3863144.0,0
1789703661.5876915,fan,300,5,0.0,0.0,0.0,0.0,0.0,0.0,0.0,0.0,0.0,0.0,0.0,0.0,2841179.5,7871454.0,0.0,3208795.0,0
1789703661.5884788,fan,343,3,0.0,0.0,0.0,0.0,6808039.5,0.0,0.0,0.0,0.0,0.0,1256327.25,0.0,0.0,0.0,1323719.0,0.0,0
1789703661.7033603,fan,322,10,781992.125,0.0,0.0,0.0,0.0,0.0,2011836.75,0.0,0.0,1772302.375,0.0,1515059.25,0.0,13031333.0,4562545.0,0.0,0
1789703661.7743866,fan,353,7,0.0,0.0,0.0,0.0,0.0,0.0,0.0,0.0,0.0,0.0,1318788.25,1763760.875,3975377.5,5172523.0,1177031.25,3670804.5,0
1789703661.8381073,fan,345,7,0.0,0.0,0.0,0.0,0.0,8699908.0,3044372.25,4784664.0,11167776.0,7260656.0,0.0,0.0,0.0,2828508.0,0.0,2996665.5,0
1789703661.988154,fan,318,13,0.0,0.0,2716387.0,0.0,6377210.5,16281118.0,22485896.0,11863558.0,717412.6875,0.0,0.0,2313545.0,2333687.25,2682772.5,0.0,0.0,0
1789703662.0466576,fan,318,7,0.0,4478658.0,12476322.0,0.0,0.0,0.0,1919669.625,0.0,0.0,0.0,1230258.0,3572647.5,13088300.0,0.0,0.0,0.0,0
1789703662.2725985,fan,330,11,0.0,0.0,1930295.5,0.0,0.0,0.0,0.0,2145736.0,3282792.5,6791599.5,0.0,2006802.125,0.0,6195838.0,1043534.1875,1972218.25,0
1789703662.330814,fan,300,9,1062029.0,0.0,7485577.0,0.0,461064.0625,0.0,3182589.0,1415790.0,0.0,1640051.75,0.0,2038940.75,2955174.5,0.0,0.0,0.0,0
1789703662.715799,fan,338,7,0.0,0.0,7793101.0,0.0,0.0,0.0,7197321.0,0.0,1947840.375,0.0,0.0,0.0,0.0,492052.59375,0.0,0.0,0
1789703662.7747788,fan,311,17,5391170.0,0.0,0.0,222922.34375,8138981.5,0.0,2161485.5,6300620.5,3900114.25,0.0,2420622.0,2717888.5,4571142.0,0.0,3537128.75,2018244.875,0
1789703662.9699728,fan,330,7,0.0,1448781.375,3457922.75,2770420.0,0.0,2318714.0,0.0,316356.75,0.0,1710380.375,0.0,0.0,3419976.0,0.0,0.0,0.0,0
1789703663.0641294,fan,186,3,0.0,3288999.5,1431174.5,0.0,0.0,0.0,0.0,0.0,462998.9375,0.0,0.0,0.0,0.0,0.0,0.0,0.0,0
1789703663.128586,fan,332,14,0.0,0.0,0.0,0.0,0.0,0.0,0.0,5546674.5,1564704.875,774536.5,1061409.875,14464886.0,4349800.5,10084709.0,1873422.75,1086555.375,0
1789703663.2559047,fan,346,17,2086728.125,0.0,20235482.0,0.0,0.0,0.0,0.0,11533975.0,7119480.5,6754090.5,5358415.5,0.0,2886371.0,7545152.0,3238987.5,3599135.5,0
1789703663.3669436,fan,352,13,3755061.5,4025361.5,0.0,3379580.25,2561013.5,0.0,1158311.625,2245100.0,7305177.0,0.0,1634328.625,0.0,0.0,3472557.0,3430216.0,0.0,0
1789703663.367752,fan,306,9,8577670.0,0.0,4852194.0,5362135.0,0.0,2805519.25,0.0,0.0,0.0,0.0,6454974.0,0.0,0.0,0.0,0.0,670922.0,0
1789703663.4369311,fan,5,9,7055951.0,0.0,0.0,2693184.75,0.0,0.0,4098824.5,0.0,6145557.5,6462859.0,3250845.0,0.0,0.0,0.0,4082082.25,0.0,0
1789703663.5004532,fan,347,11,0.0,6270775.5,0.0,1045417.9375,2996447.75,13241979.0,4806989.5,0.0,0.0,0.0,8548437.0,0.0,0.0,5318939.0,1309805.375,878790.125,0
1789703663.6673605,fan,327,15,0.0,0.0,1226366.25,2010245.25,17362972.0,0.0,12157973.0,952360.0,3860933.5,11568326.0,0.0,651129.25,3097234.5,2057641.375,0.0,989313.125,0
1789703663.7268057,fan,325,7,0.0,0.0,0.0,0.0,0.0,0.0,0.0,5972469.0,0.0,0.0,0.0,1954645.25,4107657.5,392899.0625,0.0,1041097.25,0
1789703663.7888722,fan,323,7,7959459.5,0.0,0.0,0.0,0.0,8396710.0,0.0,2860866.0,0.0,0.0,0.0,0.0,2257076.0,2285848.0,0.0,0.0,0
1789703663.8508685,fan,334,10,929154.375,0.0,3846931.0,1951052.5,13238951.0,4464104.0,0.0,0.0,0.0,1282399.375,0.0,0.0,0.0,0.0,626993.125,1551411.5,0
1789703663.9148045,fan,341,9,0.0,0.0,0.0,0.0,0.0,0.0,0.0,8284467.0,0.0,1678631.25,4860577.5,2915755.0,5068026.5,0.0,0.0,2769897.0,0
1789703663.990048,fan,344,9,7692436.0,20001678.0,0.0,0.0,1019080.25,0.0,427692.46875,0.0,0.0,0.0,2994449.5,3390823.25,1879838.0,2220924.75,0.0,0.0,0
1789703664.0540032,fan,346,6,0.0,0.0,8961177.0,0.0,0.0,0.0,10948648.0,0.0,5735137.5,0.0,0.0,0.0,4355671.5,0.0,0.0,3549167.0,0
1789703664.1192667,fan,17,4,0.0,0.0,121426096.0,48847568.0,0.0,0.0,0.0,17573524.0,0.0,0.0,0.0,0.0,0.0,0.0,0.0,0.0,0
1789703664.3328094,fan,335,16,0.0,0.0,7132823.0,7117689.0,973697.125,8367526.0,7837797.0,0.0,0.0,0.0,882156.0,4386009.5,0.0,4977547.0,0.0,2692950.25,0
1789703664.3966517,fan,337,14,5870331.5,3385939.0,2155639.5,0.0,597141.25,0.0,13950031.0,0.0,0.0,11389224.0,0.0,827364.25,1720016.0,859690.375,1913024.75,3227145.0,0
1789703664.460423,fan,342,9,0.0,0.0,0.0,0.0,0.0,0.0,0.0,4323295.5,1027093.25,1895843.5,0.0,1449854.0,4934143.0,7758151.5,0.0,1122912.25,0
1789703664.524395,fan,332,14,9030530.0,0.0,11934152.0,2180740.0,2408696.0,0.0,1543721.75,0.0,0.0,0.0,5717785.0,2301498.5,874755.125,0.0,2228110.75,1331192.25,0
1789703664.7436154,fan,343,8,5099161.0,1489290.0,2547917.5,0.0,3758551.0,0.0,0.0,0.0,0.0,3505876.75,0.0,0.0,0.0,0.0,1576424.5,0.0,0
1789703664.8034759,fan,337,6,0.0,5746761.0,5478836.5,1871790.625,0.0,0.0,0.0,0.0,0.0,0.0,0.0,0.0,0.0,1780079.25,0.0,0.0,0
1789703664.8665488,fan,319,6,0.0,0.0,0.0,1401294.25,0.0,0.0,1749875.375,7512977.5,7517268.0,0.0,0.0,0.0,0.0,5394023.0,0.0,0.0,0
1789703664.9297278,fan,346,15,191562.5625,0.0,2400485.5,3463604.0,4217794.0,3530751.0,0.0,0.0,5700141.5,1498340.375,0.0,5382813.5,2480186.75,0.0,5277935.0,0.0,0
1789703665.06112,fan,329,16,1350923.75,0.0,2778999.0,4122147.25,0.0,0.0,3609233.75,8378414.0,0.0,0.0,3075482.0,6823406.0,3594026.5,12302443.0,3310763.0,0.0,0
1789703665.1870282,fan,331,6,0.0,1151296.875,19732376.0,0.0,0.0,0.0,0.0,0.0,5104857.0,0.0,0.0,804276.1875,0.0,0.0,0.0,0.0,0
1789703665.246936,fan,334,17,0.0,0.0,0.0,0.0,4326069.0,2330707.5,1644780.0,1565245.25,17766068.0,5873370.0,1379951.125,0.0,781360.9375,10977864.0,1787054.375,12611293.0,0
1789703665.3460252,fan,334,15,0.0,3626130.0,3980418.0,0.0,1309573.75,8981784.0,0.0,0.0,0.0,884864.75,0.0,6966869.5,0.0,9109370.0,17322852.0,0.0,0
1789703665.5682895,fan,346,10,0.0,0.0,2494445.0,5870655.0,3274964.5,873758.3125,0.0,7053982.0,1253259.5,0.0,0.0,786116.0,0.0,4129604.5,0.0,0.0,0
1789703665.6392155,fan,327,12,7955082.5,5718830.0,1059861.5,0.0,0.0,0.0,2778094.0,2268593.0,0.0,3103935.5,3500766.5,0.0,0.0,379263.0,0.0,0.0,0
1789703665.7043898,fan,319,10,44602164.0,0.0,0.0,33827228.0,0.0,0.0,9310430.0,0.0,22444812.0,10639444.0,0.0,0.0,0.0,0.0,9523921.0,19290750.0,0
1789703665.7053084,fan,83,3,46418756.0,0.0,25344154.0,0.0,0.0,0.0,0.0,0.0,0.0,0.0,0.0,4020021.75,0.0,0.0,0.0,0.0,0
1789703665.773885,fan,319,8,24914496.0,20666600.0,15305491.0,0.0,0.0,0.0,0.0,1387130.5,0.0,5996865.0,0.0,3139714.0,5542883.5,0.0,0.0,0.0,0
1789703665.853635,fan,330,11,1687724.25,0.0,18560116.0,0.0,0.0,0.0,4145343.0,7156256.0,0.0,0.0,0.0,0.0,0.0,5387212.0,0.0,0.0,0
1789703665.9112089,fan,319,8,0.0,0.0,3595571.5,0.0,0.0,1911431.75,10582714.0,0.0,0.0,3178873.0,1320110.25,0.0,0.0,3411425.5,842981.25,0.0,0
1789703665.9732928,fan,345,10,0.0,0.0,7647046.0,6740678.0,14782866.0,0.0,0.0,3985519.5,2457034.5,0.0,0.0,0.0,0.0,1119636.375,2018879.125,1859811.0,0
1789703666.201443,fan,330,11,0.0,1588750.75,3750338.5,0.0,0.0,0.0,0.0,0.0,0.0,3279056.0,1623556.0,1284969.125,409552.875,4538887.5,0.0,3208765.0,0
1789703666.2722292,fan,346,12,0.0,0.0,13648934.0,23756452.0,2593636.25,2632923.0,0.0,0.0,0.0,0.0,0.0,0.0,648303.0,2346444.75,4081582.25,1808913.25,0
1789703666.4247174,fan,341,10,0.0,0.0,5415087.5,0.0,0.0,2356056.5,2482604.5,0.0,0.0,0.0,1171977.25,0.0,5436685.0,2092860.875,4611570.5,0.0,0
1789703666.51891,fan,339,8,11433282.0,0.0,0.0,0.0,0.0,0.0,0.0,0.0,2191321.0,0.0,0.0,0.0,1990817.5,3128929.5,0.0,4755470.5,0
1789703666.5789685,fan,341,4,0.0,0.0,7183629.0,4197573.0,0.0,0.0,1432103.25,0.0,143234.140625,0.0,0.0,0.0,0.0,0.0,0.0,0.0,0
1789703666.643072,fan,307,16,9846994.0,0.0,1689640.125,0.0,5120191.5,3519323.75,0.0,0.0,0.0,8260202.0,0.0,4129576.25,0.0,4504045.5,4290277.5,0.0,0
1789703666.7053292,fan,312,10,0.0,7415946.0,0.0,0.0,1691725.5,2983935.5,2751412.0,0.0,2387449.5,0.0,2944474.75,2558995.5,1802022.0,1871577.5,0.0,0.0,0
1789703666.8040707,fan,322,10,0.0,0.0,4762357.0,0.0,9271920.0,2146266.75,8037094.0,0.0,0.0,0.0,1498772.375,0.0,0.0,2352282.0,0.0,5728204.5,0
1789703666.872882,fan,326,11,0.0,2443857.5,0.0,3275162.75,1601063.25,2872451.0,2993015.5,3607014.75,5406021.0,3812776.75,0.0,0.0,0.0,0.0,0.0,0.0,0
1789703666.9612143,fan,307,9,1147470.375,0.0,1367908.75,0.0,0.0,0.0,0.0,4970067.0,0.0,0.0,0.0,0.0,6301430.5,2052871.25,1067245.375,0.0,0
1789703667.6598616,fan,349,12,0.0,0.0,1248268.25,1478255.5,6072436.5,0.0,0.0,6012446.0,3561553.75,0.0,1438833.5,823153.3125,1106729.625,0.0,0.0,8394692.0,0
1789703667.7297766,fan,315,10,0.0,0.0,0.0,2783825.25,656550.75,1978130.375,0.0,1888028.25,848296.0625,355076.90625,0.0,1490207.25,0.0,1515139.625,0.0,0.0,0
1789703667.7919638,fan,306,3,0.0,0.0,0.0,0.0,0.0,0.0,0.0,0.0,0.0,4242765.5,0.0,1802407.125,0.0,0.0,0.0,926447.1875,0
1789703667.8532877,fan,311,5,0.0,0.0,5500628.5,0.0,0.0,0.0,5605825.0,0.0,0.0,0.0,0.0,1498818.375,5010028.5,0.0,0.0,740316.0,0
1789703667.9114602,fan,327,9,0.0,0.0,0.0,0.0,2461066.0,2359795.0,4043697.5,2849825.5,0.0,6052188.0,0.0,0.0,224922.46875,1038083.3125,0.0,0.0,0
1789703667.9738338,fan,330,12,0.0,2464070.5,7407409.5,0.0,0.0,0.0,2939401.5,14384458.0,2635212.0,1472235.25,0.0,0.0,1740854.75,608173.5625,0.0,3829775.0,0
1789703668.1359024,fan,330,7,0.0,0.0,0.0,0.0,0.0,0.0,0.0,0.0,1605799.75,3204620.0,0.0,5046579.5,0.0,3109426.75,0.0,0.0,0
1789703668.5152495,fan,340,9,0.0,0.0,2643998.5,1282260.25,0.0,4671308.0,3970273.0,0.0,2191467.5,0.0,0.0,8153540.0,2825505.5,0.0,0.0,7413747.5,0
1789703668.7050247,fan,342,10,0.0,0.0,0.0,0.0,0.0,0.0,0.0,0.0,0.0,12616351.0,2268098.25,0.0,3226446.25,3268354.75,1943581.5,9653270.0,0
1789703668.7687237,fan,329,13,0.0,0.0,0.0,0.0,4450769.0,1894300.25,0.0,0.0,4488324.5,2220391.5,0.0,251958.171875,2149747.5,8093808.0,1960627.75,2905688.0,0
1789703668.8652673,fan,340,11,0.0,0.0,0.0,1415606.25,2834704.0,733931.875,0.0,1308149.625,0.0,5483435.5,0.0,975048.375,2629901.25,959387.0,1323285.625,2743600.0,0
1789703668.924729,fan,307,13,0.0,0.0,0.0,0.0,0.0,6480808.5,3892145.5,1071434.375,0.0,0.0,0.0,6852131.5,4934453.0,5942919.0,0.0,0.0,0
1789703669.0852911,fan,303,6,0.0,0.0,2078968.0,0.0,0.0,0.0,0.0,0.0,0.0,0.0,0.0,5335149.0,8836736.0,5171564.0,0.0,0.0,0
1789703669.142865,fan,310,13,0.0,0.0,35757764.0,24173804.0,4600293.0,0.0,0.0,7149635.5,0.0,0.0,3053354.5,6146406.5,3078233.75,0.0,0.0,0.0,0
1789703669.20575,fan,309,7,0.0,2179730.0,0.0,6558471.0,0.0,0.0,0.0,5454263.0,0.0,0.0,0.0,4000479.0,1554745.25,0.0,0.0,4559789.0,0
1789703669.2673726,fan,327,6,0.0,0.0,0.0,0.0,0.0,5374033.0,0.0,3337447.5,0.0,3550751.25,4740693.0,0.0,0.0,3146790.0,0.0,3735987.0,0
1789703669.3301976,fan,356,7,0.0,0.0,0.0,5583154.0,0.0,0.0,0.0,2127887.25,2108120.0,4191835.25,3337341.5,955992.1875,0.0,2172879.5,0.0,0.0,0
1789703669.3934999,fan,327,13,0.0,0.0,0.0,0.0,10305510.0,8635243.0,0.0,11541854.0,0.0,7574684.0,5012446.0,0.0,2094793.125,2802349.5,0.0,1473230.625,0
1789703669.6247702,fan,347,6,0.0,0.0,0.0,0.0,0.0,5360814.0,0.0,0.0,506779.625,0.0,0.0,993134.1875,1119941.625,590571.125,0.0,0.0,0
1789703669.6964064,fan,343,9,0.0,0.0,1667944.875,2664546.0,24980730.0,0.0,0.0,0.0,2312734.75,0.0,0.0,0.0,0.0,891869.625,0.0,2062300.75,0
1789703669.7609518,fan,283,4,0.0,221411616.0,0.0,0.0,0.0,81832648.0,0.0,0.0,0.0,25929486.0,0.0,0.0,19032176.0,0.0,0.0,0.0,0
1789703669.8237574,fan,283,3,0.0,0.0,0.0,0.0,0.0,0.0,0.0,0.0,0.0,0.0,0.0,0.0,0.0,4107966.0,3433962.25,4112386.25,0
1789703669.8695912,fan,349,4,0.0,0.0,8263150.5,0.0,0.0,0.0,0.0,17137964.0,8653109.0,0.0,2626200.25,0.0,0.0,0.0,0.0,0.0,0
1789703669.9465044,fan,344,7,0.0,0.0,1938747.5,0.0,3073334.5,0.0,7035555.0,0.0,0.0,0.0,0.0,665851.25,1989310.0,5034397.5,0.0,0.0,0
1789703670.0100765,fan,323,6,0.0,0.0,0.0,0.0,0.0,0.0,0.0,0.0,0.0,0.0,8180498.0,2188494.5,1863555.125,0.0,0.0,9196644.0,0
1789703670.072885,fan,326,11,0.0,17508630.0,14885785.0,0.0,5221113.0,5782670.0,0.0,5772021.0,0.0,0.0,11661972.0,2710988.0,0.0,3081171.25,0.0,9138254.0,0
1789703670.1491053,fan,357,7,0.0,0.0,0.0,0.0,27182496.0,0.0,21313304.0,21391872.0,4545349.0,0.0,0.0,0.0,0.0,5811303.5,0.0,0.0,0
1789703670.150074,fan,303,5,52198608.0,32573824.0,51693692.0,0.0,0.0,0.0,0.0,0.0,0.0,0.0,0.0,0.0,6146043.0,0.0,5087889.5,0.0,0
1789703670.2115617,fan,296,5,0.0,0.0,0.0,20795260.0,0.0,25280270.0,11596568.0,0.0,0.0,3063996.5,0.0,0.0,0.0,0.0,0.0,0.0,0
1789703670.2747886,fan,327,7,0.0,0.0,0.0,0.0,0.0,0.0,0.0,8899555.0,0.0,0.0,0.0,12659680.0,0.0,5892907.0,1954149.625,0.0,0
1789703670.337786,fan,4,17,356615040.0,579672128.0,592265984.0,97348560.0,237647728.0,180277952.0,0.0,0.0,51307580.0,38449896.0,0.0,32072418.0,30423040.0,48038880.0,0.0,0.0,0
1789703670.4514909,fan,4,3,0.0,0.0,0.0,2140352.75,0.0,0.0,0.0,0.0,0.0,0.0,0.0,1078885.375,0.0,4515784.0,0.0,0.0,0
1789703670.496918,fan,345,9,9757513.0,0.0,4914552.0,0.0,5477637.0,0.0,0.0,0.0,553366.875,2993306.5,3408698.25,0.0,0.0,2448672.0,0.0,0.0,0
1789703670.5747023,fan,14,6,0.0,0.0,0.0,2487644.5,1521515.875,0.0,0.0,0.0,5462187.0,3180974.0,0.0,0.0,0.0,0.0,1828335.75,0.0,0
1789703670.6695645,fan,334,11,0.0,0.0,12245629.0,14725096.0,0.0,0.0,933497.875,2102327.5,2723669.75,0.0,0.0,4147238.0,3533033.0,2339251.5,0.0,3570070.25,0
1789703670.7330654,fan,343,15,525857.75,0.0,6222358.0,9699542.0,10648908.0,0.0,5069160.5,4524451.5,0.0,10184696.0,0.0,1459152.625,0.0,0.0,2562223.5,5614740.0,0
1789703670.9230165,fan,334,11,0.0,0.0,0.0,5848508.0,4761753.5,0.0,2124764.25,5707823.5,0.0,0.0,0.0,0.0,0.0,5190770.0,5859527.0,3601110.0,0
1789703670.9860783,fan,317,7,0.0,1895031.0,0.0,3181930.75,12923230.0,0.0,4057687.0,0.0,0.0,0.0,0.0,0.0,0.0,2604350.75,1260456.875,0.0,0
1789703671.0444243,fan,326,12,0.0,0.0,6521129.5,7453400.0,1111035.75,1417319.625,1032336.375,0.0,0.0,1417818.75,0.0,2028029.625,4432966.0,0.0,0.0,3926123.0,0
1789703671.1443412,fan,311,14,0.0,0.0,999260.1875,4241136.0,14559610.0,0.0,3395684.75,0.0,3659952.0,0.0,3033648.75,2280652.0,1472608.0,6606229.0,956251.5,0.0,0
1789703671.2027683,fan,334,15,4737948.0,0.0,9629884.0,0.0,21708288.0,0.0,1951214.875,0.0,586238.375,6165239.0,10373636.0,2498223.25,0.0,1241269.125,968148.5,2054555.5,0
1789703671.2650206,fan,322,10,0.0,0.0,0.0,0.0,15177807.0,5863167.0,1786859.25,0.0,0.0,2682621.0,3031732.0,5481008.5,3983406.0,2820991.0,0.0,0.0,0
1789703671.3275597,fan,321,12,0.0,0.0,7450556.0,1030160.25,971813.875,0.0,0.0,1391608.25,3339605.5,6957173.0,0.0,0.0,3289568.0,9432521.0,3547865.0,0.0,0
1789703671.492844,fan,317,8,0.0,2426973.75,0.0,0.0,0.0,10308600.0,9557193.0,0.0,1125384.5,0.0,0.0,0.0,2092007.5,0.0,3788807.25,4595692.0,0
1789703671.5502732,fan,329,9,2882428.0,16639522.0,0.0,0.0,1713377.0,6193349.0,0.0,0.0,0.0,3660785.0,0.0,0.0,0.0,3182146.25,0.0,3198758.5,0
1789703671.6138148,fan,343,5,0.0,0.0,0.0,20008864.0,0.0,0.0,0.0,0.0,0.0,25025436.0,2251087.25,0.0,0.0,0.0,0.0,0.0,0
1789703671.6777625,fan,341,6,0.0,0.0,0.0,0.0,0.0,0.0,0.0,0.0,0.0,848765.375,4671069.0,0.0,0.0,5898147.0,462742.875,2320680.25,0
1789703671.7787368,fan,339,13,0.0,0.0,0.0,16704812.0,0.0,9614114.0,0.0,3732000.0,0.0,6918397.0,0.0,5286266.5,0.0,1300249.75,2070066.875,1186681.5,0
1789703671.8512938,fan,327,11,0.0,0.0,0.0,29670388.0,9342506.0,13098830.0,5562850.0,2715906.0,0.0,10594830.0,4245208.0,0.0,4759424.5,0.0,0.0,0.0,0
1789703671.9766057,fan,280,4,0.0,0.0,0.0,0.0,0.0,0.0,0.0,0.0,0.0,0.0,5500218.0,0.0,3310097.5,0.0,13446092.0,0.0,0
1789703672.0247848,fan,341,9,0.0,1952656.125,0.0,988750.25,0.0,0.0,0.0,535996.875,0.0,3279215.0,0.0,0.0,696495.375,1582136.0,6598607.0,0.0,0
1789703672.081061,fan,342,13,0.0,0.0,1188914.25,2704633.5,2592994.25,1340073.75,0.0,0.0,0.0,2820517.25,0.0,10379864.0,0.0,10975690.0,4530875.0,200871.796875,0
1789703672.1453307,fan,335,10,0.0,0.0,0.0,0.0,814839.25,0.0,0.0,0.0,4106892.75,903058.4375,0.0,11241201.0,1989194.25,5066078.0,0.0,4936726.0,0
1789703672.2100167,fan,335,10,0.0,3104459.25,5153975.5,0.0,2092884.0,3967493.0,0.0,0.0,0.0,3594450.5,0.0,0.0,4411818.0,3382869.5,3964846.75,0.0,0
1789703672.5709147,fan,9,5,0.0,3462624.75,0.0,0.0,0.0,0.0,0.0,0.0,0.0,0.0,0.0,1913882.375,0.0,4931749.0,0.0,0.0,0
1789703672.6411688,fan,335,15,0.0,0.0,31745636.0,0.0,2047769.875,0.0,2086282.875,2034238.0,0.0,17126806.0,0.0,697607.3125,0.0,6370495.0,6037430.5,5544510.5,0
1789703673.0768456,fan,344,13,0.0,0.0,11048549.0,31994182.0,0.0,0.0,0.0,5590309.0,0.0,0.0,0.0,1616276.5,4331468.0,3399892.75,1195848.625,7483581.0,0
1789703673.299715,fan,341,17,1239454.75,0.0,2759896.0,1517786.25,6364032.5,0.0,7666973.5,3747977.0,1333289.875,0.0,2307064.25,0.0,3015740.75,3694371.25,0.0,5554297.5,0
1789703673.4584026,fan,343,10,0.0,0.0,2835430.5,14037858.0,0.0,0.0,613457.5,4097359.5,2292997.25,1826069.25,866481.125,0.0,664504.3125,0.0,0.0,0.0,0
1789703673.5222645,fan,342,10,0.0,0.0,23491080.0,6098363.5,0.0,3109823.0,4527873.0,4621342.5,0.0,0.0,0.0,0.0,0.0,1820034.25,3424301.75,0.0,0
1789703673.613988,fan,308,9,14916554.0,19318344.0,0.0,0.0,0.0,0.0,2126225.25,0.0,0.0,0.0,0.0,0.0,3120066.0,1599267.125,0.0,0.0,0
1789703673.6734965,fan,326,14,13871675.0,0.0,0.0,0.0,0.0,549164.75,1183688.25,7032594.0,0.0,5076266.0,0.0,3616170.25,4034813.25,1284428.875,693476.0,0.0,0
1789703673.735462,fan,326,4,0.0,2576683.75,0.0,0.0,0.0,0.0,0.0,0.0,0.0,2105236.25,0.0,0.0,0.0,0.0,0.0,12750796.0,0
1789703673.784935,fan,342,10,0.0,0.0,6313715.0,10709878.0,0.0,0.0,8993074.0,4502745.0,1268710.75,12852992.0,0.0,0.0,0.0,0.0,2346587.25,2368293.5,0
1789703673.8486524,fan,342,11,0.0,9990486.0,0.0,12864966.0,965625.625,0.0,1784974.75,4466938.5,5598641.0,0.0,2616874.5,0.0,0.0,4822844.0,0.0,0.0,0
1789703673.894271,fan,334,12,0.0,9019263.0,0.0,0.0,0.0,0.0,5194511.0,5507501.0,3844690.75,0.0,3890514.5,3152895.0,0.0,2446607.5,4212750.5,0.0,0
1789703674.0267973,fan,340,8,0.0,0.0,0.0,0.0,0.0,0.0,5222164.0,4412166.0,1401152.75,0.0,0.0,0.0,3599964.75,2914029.75,2707698.5,2006067.625,0
1789703674.0912838,fan,337,10,0.0,0.0,0.0,1387363.625,1969878.0,0.0,0.0,0.0,0.0,3684604.0,0.0,3425328.0,1741466.5,5712402.5,3359225.75,0.0,0
1789703674.1558049,fan,345,21,0.0,5665815.0,20311650.0,10107016.0,6207733.5,0.0,4476873.0,1047268.0,2316699.75,2435031.5,0.0,0.0,445208.28125,2862710.25,3110221.5,3959405.75,0
1789703674.2205567,fan,336,10,0.0,5404194.5,0.0,0.0,2874769.25,4761259.0,0.0,5207417.5,4376682.5,0.0,0.0,0.0,0.0,3608505.0,1852418.625,6232162.0,0
1789703674.2859583,fan,335,10,0.0,0.0,4274666.5,4139025.25,6222021.0,0.0,1852238.375,8925947.0,15461412.0,0.0,0.0,0.0,3433710.75,0.0,0.0,0.0,0
1789703674.5655737,fan,329,13,4502946.5,0.0,0.0,0.0,10026887.0,0.0,7375093.0,5585706.5,962213.5,10241357.0,0.0,0.0,1893764.25,1837525.25,2513410.5,0.0,0
1789703674.6255136,fan,341,14,0.0,5111062.0,0.0,26904188.0,0.0,0.0,738496.5,495151.8125,2235312.0,1749348.25,0.0,3577244.25,654111.5,11371072.0,458927.53125,0.0,0
1789703674.6900074,fan,340,12,0.0,0.0,461447.84375,13267847.0,31497360.0,0.0,2569840.0,1331833.375,0.0,1873820.5,1219525.5,0.0,0.0,3835228.5,1036634.625,0.0,0
1789703674.7542431,fan,337,7,0.0,0.0,4823525.5,0.0,0.0,1648612.25,0.0,5778072.0,388577.0,387037.46875,0.0,0.0,0.0,0.0,0.0,380151.875,0
1789703675.008833,fan,311,10,2831988.0,0.0,7487668.5,5131926.0,13779466.0,0.0,253532.734375,0.0,0.0,0.0,0.0,2525736.5,0.0,0.0,0.0,2440268.0,0
1789703675.0799515,fan,355,8,0.0,0.0,2606183.75,0.0,0.0,0.0,0.0,7346120.0,2491341.0,12247150.0,1273759.25,1820219.25,341270.0625,0.0,0.0,0.0,0
1789703675.0807195,fan,313,10,0.0,0.0,20809836.0,0.0,12792445.0,0.0,5715453.0,0.0,0.0,0.0,3732039.5,3383847.5,0.0,0.0,1726039.5,1518383.125,0
1789703675.8020902,fan,331,9,0.0,0.0,5726608.5,0.0,736533.375,0.0,4219001.0,4665835.0,0.0,1383884.25,790092.75,595717.875,0.0,0.0,0.0,0.0,0
1789703675.864283,fan,329,11,0.0,0.0,0.0,0.0,3011336.0,0.0,0.0,0.0,0.0,2134460.5,1728451.75,0.0,4641633.0,8550688.0,3130105.0,1195505.125,0
1789703675.989574,fan,319,10,1088948.5,0.0,0.0,0.0,4487249.5,6697425.0,1644677.0,0.0,0.0,0.0,0.0,0.0,2830373.5,5996504.0,6057420.5,629336.25,0
1789703676.4332602,fan,317,11,0.0,1520727.125,10157169.0,6811158.0,1542426.875,804111.3125,2994115.0,1564148.375,0.0,0.0,0.0,0.0,1873716.0,0.0,3116731.75,0.0,0
1789703676.501591,fan,309,11,0.0,0.0,0.0,0.0,185315.125,1627495.625,0.0,0.0,0.0,6503806.0,1780845.875,0.0,11835492.0,12941637.0,0.0,490092.40625,0
1789703676.6248093,fan,351,4,0.0,0.0,0.0,0.0,3204747.75,0.0,0.0,0.0,2014569.0,671107.0625,0.0,0.0,0.0,1160678.0,0.0,0.0,0
1789703676.625547,fan,308,5,0.0,0.0,0.0,0.0,0.0,0.0,391370.8125,0.0,0.0,0.0,1644892.625,2177177.5,0.0,0.0,0.0,3065500.25,0
1789703676.682574,fan,316,13,0.0,0.0,0.0,0.0,28049876.0,5180777.0,2633489.5,5883543.0,3245324.25,0.0,0.0,4571460.5,7933767.0,0.0,0.0,0.0,0
1789703676.7439635,fan,317,17,2942112.5,0.0,4946016.0,0.0,1748972.625,1454210.75,1085128.125,1566358.75,0.0,0.0,4292076.0,2727676.5,8237153.5,11114445.0,718875.0,2244768.0,0
1789703676.8057477,fan,355,7,0.0,13371969.0,0.0,0.0,0.0,6317622.5,0.0,0.0,0.0,2586707.25,2569520.25,0.0,272879.75,2383658.75,0.0,0.0,0
1789703676.8699076,fan,339,10,0.0,0.0,0.0,0.0,14723701.0,0.0,8936800.0,2568476.5,1211840.625,13141712.0,0.0,9515695.0,0.0,3614506.0,0.0,0.0,0
1789703676.9337912,fan,354,6,0.0,0.0,0.0,0.0,6455003.0,0.0,0.0,0.0,0.0,4488576.0,10765076.0,8023328.5,0.0,0.0,0.0,0.0,0
1789703677.067484,fan,357,11,0.0,0.0,0.0,0.0,0.0,0.0,1648024.625,0.0,4092092.75,12689740.0,2703114.75,3332628.5,2154533.0,1531930.75,0.0,3041887.0,0
1789703677.132849,fan,358,5,0.0,0.0,0.0,7939233.5,0.0,0.0,1418380.5,0.0,3171476.25,0.0,0.0,0.0,2347943.25,2282055.75,0.0,0.0,0
1789703677.352702,fan,353,7,0.0,0.0,0.0,1134373.5,0.0,0.0,0.0,0.0,10966616.0,5994280.5,0.0,0.0,0.0,4779660.0,0.0,0.0,0
1789703677.4132452,fan,354,5,0.0,0.0,15019432.0,10054747.0,0.0,0.0,0.0,0.0,0.0,0.0,0.0,0.0,0.0,0.0,88927.078125,2567589.5,0
1789703677.4768522,fan,326,13,0.0,0.0,13884512.0,0.0,7148045.0,7346526.0,3231908.0,8258488.0,2443833.25,0.0,1819646.375,1380110.0,0.0,0.0,0.0,1899349.875,0
1789703677.5413368,fan,341,9,0.0,8611736.0,545272.625,0.0,0.0,3713735.75,0.0,0.0,0.0,811516.75,0.0,5830546.5,0.0,5272150.0,0.0,0.0,0
1789703677.6050632,fan,355,9,0.0,0.0,177218.3125,0.0,4054113.25,489911.75,0.0,0.0,2635700.75,2031524.875,2676324.0,0.0,1851483.0,0.0,0.0,0.0,0
1789703677.670207,fan,349,11,0.0,0.0,3558000.5,8070080.0,0.0,0.0,0.0,3748626.25,6314497.0,6586675.0,0.0,721911.5625,0.0,0.0,0.0,3858441.75,0
1789703677.7340713,fan,321,3,0.0,0.0,0.0,0.0,1532572.5,0.0,0.0,0.0,0.0,0.0,0.0,0.0,0.0,1466972.875,0.0,798065.3125,0
1789703677.8082013,fan,322,8,0.0,1827246.125,0.0,0.0,0.0,3317881.0,0.0,0.0,0.0,2303006.5,0.0,0.0,1826061.25,0.0,1266371.875,1730920.375,0
1789703677.8716393,fan,350,6,0.0,0.0,0.0,8484909.0,0.0,1464988.625,0.0,0.0,10066117.0,976690.875,0.0,0.0,0.0,0.0,0.0,2516296.75,0
1789703678.365738,fan,323,11,910113.25,816741.625,3561219.75,0.0,0.0,1624093.125,6773059.0,982956.5625,0.0,4565564.5,0.0,0.0,0.0,1068973.25,982267.1875,0.0,0
1789703679.1271582,fan,353,12,0.0,0.0,0.0,0.0,5502216.0,0.0,0.0,0.0,4038520.0,6104181.5,0.0,0.0,2581044.0,1026958.75,5043681.0,393415.625,0
1789703679.185733,fan,302,6,6078090.5,1150069.125,15343898.0,0.0,0.0,0.0,0.0,0.0,0.0,0.0,0.0,0.0,2735434.5,1952796.0,0.0,0.0,0
1789703679.2498546,fan,311,16,0.0,0.0,19646422.0,4363680.0,5856813.0,4077926.75,0.0,2611554.5,0.0,0.0,0.0,10461884.0,2852805.0,1871004.25,448149.3125,0.0,0
1789703679.8857336,fan,324,9,0.0,0.0,7699318.0,0.0,0.0,2151551.25,4342073.5,0.0,16573956.0,2612952.0,6239998.0,0.0,0.0,1360676.0,0.0,0.0,0
1789703679.9824166,fan,341,11,0.0,0.0,0.0,0.0,3037286.25,0.0,0.0,10892958.0,0.0,8804564.0,3706472.0,4304520.0,0.0,4629596.0,0.0,0.0,0
1789703680.0468974,fan,349,12,0.0,0.0,0.0,0.0,0.0,0.0,0.0,4998597.0,5602808.0,11757760.0,0.0,0.0,1233436.875,1115534.25,3704002.0,445584.25,0
1789703680.489125,fan,345,7,3254004.25,0.0,0.0,0.0,1100175.0,0.0,0.0,4957260.0,0.0,2763088.0,0.0,0.0,0.0,838174.1875,0.0,6617523.0,0
1789703680.615228,fan,316,7,0.0,0.0,0.0,0.0,6529692.0,1328217.5,1347279.25,3045311.5,0.0,0.0,1529571.75,0.0,0.0,0.0,0.0,0.0,0
1789703680.7095902,fan,333,9,0.0,0.0,0.0,0.0,0.0,0.0,2746251.0,3878782.0,0.0,0.0,2090949.25,6122375.5,4634438.0,1626233.0,0.0,0.0,0
1789703680.7684417,fan,316,5,0.0,0.0,1227372.625,0.0,0.0,0.0,0.0,0.0,0.0,0.0,0.0,3155623.5,3838895.25,850280.9375,0.0,1077130.25,0
1789703680.8320608,fan,335,10,0.0,0.0,0.0,0.0,0.0,0.0,0.0,6015204.5,4293393.0,8978964.0,0.0,1465716.375,0.0,1900905.875,1236869.0,756702.875,0
1789703680.8947325,fan,324,9,0.0,0.0,2400329.5,0.0,2962371.0,2152795.75,2661601.5,0.0,0.0,8204717.0,8979616.0,2321084.0,0.0,0.0,0.0,0.0,0
1789703680.9577773,fan,6,9,0.0,0.0,14754135.0,2815597.0,4708720.5,0.0,0.0,0.0,2937592.0,961763.625,0.0,0.0,306495.3125,2610225.0,3172023.5,0.0,0
1789703681.0218945,fan,352,12,4838907.0,0.0,3899513.0,0.0,6987182.0,0.0,0.0,0.0,0.0,5815064.0,6839463.5,1528711.875,0.0,3876414.0,0.0,0.0,0
1789703681.0871534,fan,353,9,0.0,0.0,0.0,11551272.0,1042195.75,0.0,0.0,2833159.75,19327360.0,0.0,0.0,733480.0,2944340.75,0.0,0.0,1607606.25,0
1789703681.162871,fan,322,11,0.0,1049792.875,0.0,0.0,0.0,0.0,0.0,3130465.25,4671475.0,0.0,1903334.5,535865.5,6240373.5,12045620.0,6216849.0,0.0,0
1789703681.2704568,fan,340,10,0.0,0.0,0.0,0.0,0.0,0.0,1818871.125,1205179.75,0.0,15133678.0,6141997.5,3050749.75,2265026.5,3522365.5,0.0,0.0,0
1789703681.3339581,fan,340,6,0.0,836807.375,0.0,0.0,0.0,0.0,0.0,0.0,919004.125,0.0,913915.25,926305.625,2713215.0,566506.375,0.0,0.0,0
1789703681.5007765,fan,342,12,2285938.75,0.0,7864436.5,1501311.5,0.0,0.0,0.0,0.0,0.0,5601918.5,1179540.5,2272919.75,336402.4375,1020906.75,1567912.0,1849902.375,0
1789703681.627416,fan,308,13,1826388.75,2856664.0,6648547.5,0.0,3764236.0,2368543.75,0.0,0.0,0.0,3596871.5,4568977.5,1844471.75,2810925.0,4459272.5,0.0,0.0,0
1789703681.7532177,fan,326,11,2852366.5,0.0,1109067.625,0.0,4028402.0,3431457.75,3295815.0,0.0,0.0,972794.3125,0.0,0.0,0.0,0.0,1857921.75,994745.625,0
1789703681.8228843,fan,325,12,0.0,0.0,2825039.25,10715666.0,0.0,8955778.0,0.0,0.0,0.0,0.0,1431965.75,3863153.5,1381320.5,5825825.0,0.0,0.0,0
1789703681.8862958,fan,346,6,24370160.0,0.0,0.0,2697666.0,2325600.0,0.0,0.0,6571192.5,0.0,0.0,2684996.0,0.0,0.0,0.0,0.0,0.0,0
1789703681.9507625,fan,346,11,0.0,0.0,0.0,0.0,3276236.5,0.0,0.0,0.0,767365.0625,3725139.0,4518344.0,0.0,1996265.75,4377035.0,4111789.75,0.0,0
1789703681.9966698,fan,346,8,0.0,0.0,1702042.0,2364220.0,1400317.25,0.0,0.0,0.0,0.0,0.0,0.0,2459301.0,0.0,856923.5625,5423810.5,1873968.25,0
1789703682.047195,fan,324,6,0.0,0.0,0.0,0.0,9068857.0,0.0,0.0,3326796.0,6404189.0,0.0,0.0,6841235.0,3479065.5,3432414.25,0.0,0.0,0
1789703682.2612238,fan,309,12,0.0,0.0,11344546.0,0.0,1500290.0,0.0,0.0,10890898.0,5442678.0,0.0,2552263.25,0.0,960801.4375,4510004.5,2198153.0,2502276.5,0
1789703682.4507868,fan,329,10,461599.90625,0.0,5183232.5,6258230.5,0.0,464657.75,0.0,0.0,0.0,2513373.0,0.0,0.0,9303922.0,1763154.75,396158.0625,0.0,0
1789703682.6083524,fan,309,8,0.0,17812776.0,4643302.0,0.0,0.0,0.0,0.0,0.0,0.0,0.0,0.0,1101780.375,1447645.375,0.0,726014.125,891480.375,0
1789703682.6796458,fan,344,14,1518673.75,2448022.5,0.0,2746039.0,1037895.375,0.0,4920698.5,15648299.0,3952107.0,1447308.625,850465.125,0.0,1615117.5,0.0,1773488.625,3283911.5,0
1789703682.800727,fan,344,7,0.0,0.0,0.0,0.0,1773404.75,0.0,0.0,2413154.5,6413071.0,0.0,0.0,0.0,0.0,6345067.0,0.0,0.0,0
1789703682.845698,fan,8,5,0.0,0.0,0.0,0.0,0.0,0.0,11316660.0,8245548.5,14461948.0,0.0,0.0,0.0,0.0,0.0,0.0,0.0,0
1789703682.9100208,fan,336,7,0.0,0.0,0.0,0.0,1352953.25,0.0,0.0,5802639.5,0.0,0.0,0.0,385393.875,0.0,3935137.0,6473808.5,0.0,0
1789703683.0445404,fan,321,14,0.0,0.0,0.0,5355770.5,1333244.0,1118067.5,0.0,3538972.75,1976762.75,2725789.5,5924217.5,3896968.5,0.0,0.0,4134163.0,725013.375,0
1789703683.1066105,fan,321,13,832232.875,0.0,0.0,4760873.0,3760784.25,0.0,3963261.25,7700596.5,0.0,1172243.75,0.0,1755811.5,1798944.75,0.0,141451.0625,818569.375,0
1789703683.2125607,fan,331,11,0.0,0.0,13860056.0,6016281.0,3274349.0,4332891.0,0.0,3385634.75,1469136.0,0.0,0.0,0.0,0.0,0.0,11272574.0,0.0,0
1789703683.33733,fan,332,8,3258874.75,0.0,0.0,0.0,0.0,0.0,638298.875,2987508.25,4268882.0,2876469.5,0.0,0.0,1420997.75,0.0,0.0,2542515.25,0
1789703683.3954854,fan,312,7,826374.375,6116820.5,6890975.0,0.0,0.0,0.0,0.0,2343086.5,0.0,0.0,0.0,0.0,1569633.25,0.0,0.0,0.0,0
1789703683.5279052,fan,342,6,0.0,0.0,0.0,0.0,890088.0,5167507.0,23535198.0,0.0,0.0,0.0,0.0,0.0,0.0,0.0,0.0,3344022.0,0
1789703683.59812,fan,333,9,0.0,0.0,2233191.0,0.0,0.0,0.0,0.0,0.0,0.0,1889427.25,2732369.75,2876527.0,0.0,2486754.5,4025414.5,0.0,0
1789703683.6616783,fan,314,6,0.0,0.0,0.0,0.0,0.0,0.0,186987.625,14229687.0,5930162.0,0.0,0.0,911089.0,0.0,572413.5,0.0,0.0,0
1789703683.7235296,fan,334,10,0.0,0.0,0.0,0.0,4089178.5,1290134.625,0.0,0.0,3482423.0,8925767.0,1686079.0,0.0,0.0,1412281.625,3742496.0,2123200.25,0
1789703683.7858381,fan,348,15,1145232.875,5660154.5,0.0,4861998.0,2123114.25,0.0,0.0,0.0,5244220.5,6437638.0,1284798.25,0.0,573082.375,1903652.0,2410445.5,9000102.0,0
1789703683.907934,fan,317,12,0.0,0.0,0.0,0.0,2569469.0,5332530.5,8983329.0,8553142.0,2256140.75,0.0,0.0,970987.9375,0.0,0.0,1731667.125,1271654.625,0
1789703684.003231,fan,325,8,0.0,4466623.0,3246419.25,3451603.5,6825024.5,0.0,0.0,2696046.5,0.0,0.0,0.0,0.0,0.0,0.0,0.0,2426599.5,0
1789703684.70001,fan,330,12,0.0,0.0,0.0,0.0,15161986.0,13773650.0,587387.125,0.0,0.0,2839849.0,3408376.5,0.0,5173220.5,0.0,1850863.5,6119429.0,0
1789703684.82715,fan,343,12,0.0,0.0,4956928.0,2967508.0,7830256.0,0.0,5324336.0,5197342.5,4639895.0,1167929.25,1236086.25,0.0,0.0,0.0,0.0,957063.4375,0
1789703685.0490234,fan,338,16,0.0,0.0,17401812.0,8925070.0,16401893.0,5143144.0,12132093.0,7518691.5,2187268.5,3259366.5,0.0,0.0,582464.125,0.0,0.0,0.0,0
1789703685.11368,fan,338,10,0.0,0.0,0.0,0.0,14934158.0,0.0,3084769.0,10963440.0,1882860.75,1157784.625,1759009.5,0.0,0.0,7393419.5,0.0,0.0,0
1789703685.159903,fan,338,9,8070278.0,1268578.0,0.0,0.0,2689761.5,1031924.0,0.0,0.0,0.0,0.0,0.0,0.0,0.0,0.0,4200820.0,2879621.0,0
1789703685.2072074,fan,333,6,0.0,0.0,0.0,0.0,0.0,0.0,634053.375,21749822.0,0.0,0.0,1286584.75,656077.875,1855618.75,0.0,0.0,0.0,0
1789703685.2719831,fan,327,9,0.0,8939470.0,0.0,15159963.0,1698023.125,1908856.75,0.0,0.0,0.0,0.0,0.0,2546763.0,0.0,1007560.875,1575945.5,1845666.0,0
1789703685.335878,fan,348,7,0.0,0.0,0.0,10037407.0,0.0,0.0,0.0,2964272.5,0.0,2521647.5,0.0,686614.75,0.0,0.0,5393827.0,0.0,0
1789703685.4002755,fan,336,7,0.0,0.0,0.0,0.0,3628537.5,0.0,0.0,0.0,0.0,0.0,2854646.0,2533535.0,0.0,9150528.0,1716021.5,2537052.75,0
1789703685.4637372,fan,333,8,0.0,0.0,0.0,2106793.5,0.0,1080933.75,0.0,6698002.0,0.0,0.0,1172014.75,1376869.625,0.0,0.0,1741938.0,2454707.0,0
1789703685.5285864,fan,345,9,0.0,0.0,0.0,1881025.625,6399707.5,1877595.375,0.0,0.0,0.0,0.0,2839125.25,0.0,1189646.5,0.0,2035362.375,7958890.0,0
1789703685.5918264,fan,320,4,0.0,0.0,0.0,0.0,0.0,0.0,5813486.0,0.0,0.0,10576924.0,0.0,3675109.5,0.0,0.0,0.0,0.0,0
1789703685.8097606,fan,347,12,0.0,0.0,2003380.125,0.0,1263768.75,0.0,1171449.625,0.0,1799551.25,8383055.0,0.0,6002070.0,0.0,0.0,4540074.0,1239155.625,0
1789703686.2530963,fan,339,16,446428.8125,809899.25,9848066.0,24403428.0,3904397.75,5379520.0,5321747.5,12776738.0,11480312.0,0.0,0.0,0.0,0.0,530885.75,6098451.0,9076950.0,0
1789703686.3162544,fan,325,13,0.0,0.0,58028312.0,24568984.0,0.0,0.0,5138389.5,0.0,0.0,2277871.5,2211119.0,7847786.0,0.0,3154128.75,0.0,2298893.0,0
1789703686.5046637,fan,323,7,0.0,0.0,10211972.0,0.0,7987739.0,1053602.25,0.0,0.0,0.0,5888144.0,0.0,0.0,1785778.0,0.0,441278.875,0.0,0
1789703686.5624943,fan,347,10,0.0,0.0,1425666.375,0.0,0.0,0.0,0.0,0.0,0.0,8951608.0,1962379.375,0.0,0.0,0.0,7421109.0,5545982.0,0
1789703686.6263876,fan,332,14,0.0,0.0,0.0,0.0,11175614.0,1925276.375,1359894.25,4643374.0,0.0,2579725.0,0.0,4541707.0,0.0,11969820.0,3414902.5,4672858.0,0
1789703686.6895022,fan,322,11,0.0,0.0,11942135.0,0.0,0.0,0.0,7528324.0,0.0,1716631.875,0.0,0.0,4590518.0,6827655.0,2723067.0,0.0,6625474.5,0
1789703686.7894378,fan,320,7,0.0,0.0,0.0,0.0,0.0,1264645.5,5686193.5,3446423.5,0.0,0.0,0.0,0.0,0.0,331523.40625,1272957.25,1946368.0,0
1789703687.20391,fan,351,10,0.0,0.0,4381341.5,3137253.25,1523031.375,0.0,6629116.0,0.0,0.0,1667819.0,2006854.0,3703413.25,0.0,0.0,0.0,2262307.5,0
1789703687.7413943,fan,340,10,393181.0,0.0,0.0,0.0,0.0,0.0,3575260.0,10574483.0,0.0,5287375.5,0.0,0.0,0.0,10774288.0,0.0,5558898.0,0
1789703687.8132384,fan,339,17,1706830.25,0.0,836642.625,9302904.0,23366496.0,11929216.0,1720672.75,1289184.25,507214.59375,3390632.5,1298217.25,4885956.0,0.0,1792188.75,0.0,459580.75,0
1789703687.8772404,fan,308,8,95183832.0,0.0,0.0,0.0,25352384.0,49290304.0,81222048.0,0.0,9998687.0,0.0,0.0,0.0,0.0,0.0,0.0,0.0,0
1789703687.9406333,fan,308,3,0.0,0.0,0.0,10555061.0,0.0,7421227.5,0.0,0.0,0.0,0.0,0.0,0.0,839902.25,0.0,0.0,0.0,0
1789703687.997517,fan,325,8,0.0,1133030.25,2963504.25,0.0,501282.71875,0.0,0.0,1304606.0,0.0,3258664.0,0.0,1503105.0,0.0,1903451.875,0.0,1584436.25,0
1789703690.307814,fan,335,9,0.0,0.0,319094.34375,0.0,0.0,0.0,0.0,0.0,1222750.75,4467559.0,0.0,0.0,1090179.375,7483477.5,5694752.0,0.0,0
1789703690.3087068,fan,11,4,1584300.25,0.0,0.0,0.0,0.0,0.0,0.0,0.0,4549608.0,4286709.0,0.0,0.0,1348449.25,0.0,0.0,0.0,0
1789703690.6255984,fan,339,16,0.0,2556492.25,0.0,0.0,0.0,3766774.0,10911322.0,0.0,1602192.625,3769192.0,5079452.5,3608915.5,0.0,430414.21875,3291641.5,2350320.75,0
1789703690.6264336,fan,293,6,1284633.25,0.0,15496530.0,12488559.0,0.0,0.0,3698762.75,14877419.0,0.0,0.0,0.0,0.0,0.0,0.0,0.0,0.0,0
1789703690.6896298,fan,341,9,0.0,0.0,0.0,19131576.0,7392823.5,0.0,0.0,4906362.5,4749667.0,9913005.0,0.0,0.0,0.0,1074458.625,2651863.5,0.0,0
1789703690.7544637,fan,342,14,7758005.0,0.0,9108861.0,7973522.0,0.0,0.0,0.0,0.0,1933465.5,5237722.0,0.0,4959270.5,0.0,3040752.25,0.0,7517221.0,0
1789703690.818441,fan,339,17,4646331.5,0.0,2480866.0,12215847.0,4914335.5,3344666.5,7708023.0,0.0,0.0,3605557.0,6424425.5,2625167.0,5367307.5,5940418.0,0.0,0.0,0
1789703690.94033,fan,332,13,0.0,4489312.5,14734530.0,15936132.0,0.0,0.0,0.0,0.0,0.0,5376733.0,0.0,3477719.25,666779.0,1604637.25,3727448.5,5108299.5,0
1789703691.003572,fan,334,14,0.0,0.0,10088309.0,0.0,0.0,4163209.0,1722332.125,6526226.0,7472858.0,5352347.5,0.0,0.0,4605553.0,11200895.0,0.0,0.0,0
1789703691.066698,fan,331,7,7553299.5,0.0,0.0,0.0,0.0,0.0,4936545.0,0.0,4107092.5,2713295.5,0.0,0.0,0.0,0.0,0.0,8228718.5,0
1789703691.1613626,fan,355,12,0.0,0.0,25396540.0,11720454.0,0.0,2782608.0,0.0,0.0,0.0,3060462.0,0.0,0.0,3182100.0,7423670.0,3339955.75,0.0,0
1789703691.2341833,fan,339,14,0.0,0.0,3997237.0,0.0,1954821.0,270397.09375,1548803.125,6768231.5,484533.5,4681239.5,0.0,0.0,0.0,1192847.5,3280657.75,3625188.0,0
1789703691.235046,fan,297,8,2104047.0,2984673.5,0.0,0.0,2557878.0,2879378.0,0.0,0.0,0.0,0.0,2578923.5,1540100.5,4323454.5,0.0,0.0,0.0,0
1789703691.2984757,fan,331,8,67944464.0,0.0,0.0,0.0,0.0,0.0,0.0,0.0,0.0,7810831.5,0.0,0.0,0.0,10034109.0,2843773.0,5602386.0,0
1789703691.4158611,fan,326,10,0.0,0.0,0.0,0.0,1683818.25,220123.625,2049011.875,17141026.0,0.0,10200148.0,6775591.0,2151061.25,2010513.25,0.0,0.0,0.0,0
1789703691.4754038,fan,347,13,0.0,7883055.0,8204242.0,17214452.0,4820063.0,12735715.0,0.0,0.0,448853.5,2526297.25,1479439.5,0.0,1961760.875,0.0,0.0,1145896.375,0
1789703691.5508442,fan,359,7,0.0,1051845.75,15047310.0,0.0,0.0,0.0,2952902.25,0.0,0.0,11794636.0,0.0,0.0,0.0,0.0,0.0,0.0,0
1789703691.6163614,fan,339,8,0.0,0.0,0.0,0.0,0.0,0.0,0.0,8427823.0,17468770.0,6893387.5,13805779.0,6038527.5,0.0,0.0,0.0,2012400.5,0
1789703691.6802073,fan,335,12,0.0,0.0,0.0,29926008.0,23575240.0,2354338.5,2580824.75,3379037.75,0.0,0.0,0.0,3062708.5,2051208.0,3592640.75,7105487.5,0.0,0
1789703691.7456245,fan,317,7,0.0,0.0,0.0,129788040.0,0.0,41403296.0,36692756.0,0.0,0.0,0.0,0.0,41046632.0,0.0,0.0,0.0,0.0,0
1789703691.8540106,fan,336,9,0.0,0.0,0.0,40693628.0,0.0,0.0,0.0,0.0,7579465.0,489625.5625,5366603.0,4473036.0,0.0,0.0,0.0,0.0,0
1789703691.9159594,fan,337,6,0.0,0.0,0.0,0.0,0.0,0.0,11156783.0,0.0,0.0,3287891.75,0.0,0.0,2493219.5,0.0,886166.3125,0.0,0
1789703691.9909763,fan,337,7,4817928.5,18340632.0,0.0,5066892.0,0.0,0.0,0.0,0.0,0.0,0.0,0.0,10477400.0,0.0,0.0,0.0,0.0,0
1789703692.0484881,fan,323,9,0.0,0.0,16290864.0,0.0,0.0,0.0,0.0,2818213.0,0.0,3897665.75,2115142.0,0.0,5676608.0,0.0,3232201.5,0.0,0
1789703692.207167,fan,323,6,4705563.0,0.0,0.0,0.0,0.0,4418828.5,0.0,4739365.5,0.0,0.0,0.0,4249645.5,1266823.75,0.0,0.0,0.0,0
1789703692.2519531,fan,334,12,0.0,0.0,0.0,0.0,10692454.0,0.0,0.0,0.0,8790227.0,5378848.5,0.0,0.0,0.0,5036277.0,1878404.125,9315792.0,0
1789703692.5250807,fan,352,7,0.0,0.0,0.0,1161777.375,0.0,969992.5,0.0,3927360.5,2557388.0,1257331.25,1290502.875,0.0,0.0,0.0,2411946.5,0.0,0
1789703692.5892606,fan,338,7,2239699.0,0.0,0.0,0.0,0.0,0.0,3585975.0,0.0,0.0,0.0,760400.0,463899.34375,0.0,3427670.0,0.0,0.0,0
1789703692.6543012,fan,339,14,2930227.75,3494803.0,0.0,12899720.0,2017942.75,0.0,0.0,2894536.25,0.0,0.0,0.0,2085426.875,5333340.5,12058954.0,0.0,2791624.75,0
1789703692.7190256,fan,326,8,0.0,0.0,917195.5,0.0,6212989.0,0.0,1771599.25,0.0,0.0,5704895.0,0.0,3006481.5,0.0,814948.75,2188091.0,0.0,0
1789703692.7835965,fan,338,8,0.0,5907680.0,0.0,0.0,3597368.75,292269.90625,14920922.0,0.0,0.0,0.0,3374743.25,0.0,0.0,0.0,0.0,773692.75,0
1789703692.8459997,fan,327,12,0.0,0.0,0.0,0.0,3283342.25,4135035.0,0.0,0.0,2367990.25,0.0,2282678.5,6123968.0,2434801.0,1132304.75,2126250.75,2863798.5,0
1789703692.9111307,fan,332,14,0.0,0.0,0.0,689253.0625,0.0,9972572.0,11223600.0,15523134.0,1219065.0,0.0,2398783.0,0.0,0.0,1057162.0,5004012.5,2385362.25,0
1789703693.0319695,fan,339,9,0.0,0.0,1200355.25,26438138.0,5452052.5,0.0,0.0,0.0,0.0,7620830.5,5872793.0,0.0,0.0,2562247.5,0.0,3045241.0,0
1789703693.0959728,fan,339,12,0.0,0.0,0.0,5945153.5,2180379.25,2709244.5,4278117.5,0.0,0.0,1954786.125,0.0,6385518.5,5047917.0,3889315.5,0.0,5603587.0,0
1789703693.1418138,fan,322,12,0.0,0.0,12375148.0,3580629.5,1930900.5,0.0,2774062.0,0.0,0.0,20661328.0,6512850.0,0.0,0.0,4801225.0,0.0,2606987.25,0
1789703693.2034724,fan,323,10,0.0,0.0,16121862.0,53714804.0,10407286.0,0.0,0.0,0.0,0.0,0.0,0.0,0.0,5238511.5,4447669.0,0.0,5390282.0,0
1789703693.271971,fan,32,4,0.0,0.0,0.0,20392148.0,0.0,0.0,0.0,0.0,0.0,5915154.0,0.0,0.0,0.0,0.0,3165800.5,3680333.5,0
1789703693.3835568,fan,333,7,0.0,0.0,0.0,0.0,0.0,1718592.0,0.0,0.0,0.0,12347290.0,0.0,1390451.625,4494578.0,0.0,5406383.0,8185246.5,0
1789703693.5999596,fan,313,8,0.0,0.0,0.0,0.0,0.0,0.0,11017178.0,3429075.75,0.0,3371897.5,0.0,0.0,459521.625,0.0,3076674.5,1253828.125,0
1789703693.658891,fan,339,14,0.0,0.0,10660416.0,5051673.0,0.0,3744885.5,0.0,7298877.5,14959140.0,0.0,0.0,1797330.875,2056599.0,2529494.75,1742548.25,0.0,0
1789703693.7598522,fan,357,10,0.0,0.0,4172788.0,2889068.25,15399841.0,5524891.5,1414294.375,0.0,0.0,0.0,2273306.25,3457283.75,0.0,0.0,0.0,0.0,0
1789703693.8940995,fan,304,3,0.0,0.0,25887286.0,0.0,0.0,0.0,0.0,0.0,0.0,6797134.5,0.0,0.0,0.0,0.0,0.0,2497026.25,0
1789703693.9580183,fan,30,5,373099616.0,0.0,72385648.0,50684640.0,0.0,26423322.0,0.0,0.0,0.0,0.0,0.0,0.0,0.0,0.0,0.0,0.0,0
1789703694.008971,fan,330,9,4764866.0,8923116.0,0.0,0.0,0.0,0.0,0.0,1987207.125,0.0,1710886.5,6473345.0,0.0,0.0,5659566.5,0.0,1498313.25,0
1789703694.0706618,fan,329,5,0.0,0.0,0.0,0.0,25213548.0,0.0,0.0,0.0,8114760.0,0.0,0.0,648185.0,2128844.0,2436606.0,0.0,0.0,0
1789703694.1325467,fan,330,11,0.0,0.0,0.0,0.0,11103780.0,845220.875,11419558.0,4934496.5,4459509.0,3845565.5,0.0,0.0,4503706.0,12080376.0,0.0,0.0,0
1789703694.1966476,fan,6,4,0.0,0.0,0.0,0.0,0.0,14426958.0,0.0,0.0,0.0,0.0,0.0,1605506.75,999623.25,0.0,1201969.0,0.0,0
1789703694.2665606,fan,338,13,0.0,0.0,0.0,12692562.0,8733193.0,0.0,4631353.0,3967460.0,7414844.0,3785594.0,2081282.375,6581148.0,0.0,1978726.125,0.0,5061215.0,0
1789703694.330324,fan,336,13,0.0,0.0,2853904.5,0.0,0.0,0.0,2120886.0,2853365.5,452629.625,8588992.0,0.0,1091134.25,0.0,8745782.0,0.0,6072676.0,0
1789703694.3943849,fan,336,8,0.0,0.0,0.0,10990306.0,0.0,0.0,1732469.125,20402756.0,0.0,9922224.0,0.0,0.0,512591.1875,0.0,0.0,0.0,0
1789703694.455502,fan,332,14,0.0,879302.0625,0.0,3618775.5,5172664.0,1673033.25,10321030.0,0.0,0.0,2774404.0,0.0,0.0,0.0,4222259.0,566357.625,2834513.0,0
1789703694.5142798,fan,341,11,0.0,0.0,0.0,2875985.5,16454378.0,4680335.5,0.0,0.0,2957142.5,0.0,0.0,0.0,2665784.0,8378884.0,0.0,3236642.0,0
1789703694.5787446,fan,329,8,0.0,0.0,14173778.0,16206487.0,0.0,0.0,2541661.0,0.0,0.0,1398329.25,0.0,0.0,6452801.0,3938857.25,0.0,0.0,0
1789703694.6430342,fan,337,12,1868657.375,0.0,25923842.0,0.0,0.0,0.0,0.0,0.0,6038985.0,0.0,3954728.0,2587147.0,0.0,5011088.5,0.0,5440174.0,0
1789703694.7178383,fan,329,18,4463790.0,4598319.0,7766206.0,12215366.0,0.0,10297176.0,14514657.0,4632604.0,0.0,0.0,0.0,10516554.0,2225622.5,217056.703125,0.0,1239028.0,0
1789703694.7814658,fan,9,5,0.0,46999352.0,39173924.0,54629808.0,0.0,0.0,0.0,0.0,0.0,0.0,0.0,0.0,6200934.0,0.0,4442056.5,0.0,0
1789703694.8898094,fan,321,8,0.0,4017324.75,0.0,0.0,0.0,0.0,6006190.0,2597721.5,0.0,0.0,0.0,5649986.0,5652087.0,4932509.0,4734810.0,0.0,0
1789703694.9526792,fan,350,5,0.0,0.0,0.0,0.0,0.0,0.0,0.0,4631890.0,0.0,4256690.0,2593907.0,1222033.875,0.0,0.0,0.0,0.0,0
1789703695.0266101,fan,337,11,1506109.5,0.0,0.0,5331830.5,0.0,3621389.5,0.0,0.0,4243109.0,2372196.0,0.0,0.0,2399443.0,3237979.5,1103069.125,946561.75,0
1789703695.0870314,fan,347,9,926722.375,0.0,0.0,0.0,0.0,1284290.875,0.0,0.0,1543857.25,5139458.0,3026558.0,0.0,0.0,794140.9375,1730252.0,977835.25,0
1789703695.1624067,fan,336,12,751499.75,0.0,40641132.0,7196268.0,4442925.0,0.0,0.0,1097951.25,2543829.0,399345.875,0.0,0.0,1167419.75,1677555.25,7745299.0,0.0,0
1789703695.2259216,fan,331,8,0.0,0.0,0.0,32944920.0,0.0,0.0,5407036.5,0.0,0.0,2800867.0,1079545.375,3373675.75,2933557.25,5798146.5,0.0,0.0,0
1789703695.2901006,fan,5,8,15998118.0,0.0,48235696.0,0.0,1768197.0,7128579.5,0.0,0.0,0.0,0.0,0.0,1157707.25,0.0,0.0,0.0,0.0,0
1789703695.373813,fan,349,10,544709.0625,0.0,8143252.0,11767218.0,0.0,2417890.75,1555166.75,0.0,7335457.5,710960.625,0.0,0.0,0.0,0.0,0.0,0.0,0
1789703695.4378638,fan,335,11,0.0,0.0,2612570.75,0.0,2841507.25,0.0,4418201.5,6704685.5,4581796.0,0.0,0.0,0.0,0.0,14611920.0,2191950.5,0.0,0
1789703695.5015721,fan,333,13,0.0,0.0,11150850.0,0.0,608942.25,4159975.25,1871379.0,11304053.0,1211099.875,271379.34375,3618613.0,0.0,1080819.5,0.0,489510.84375,792680.375,0
1789703695.5654476,fan,335,9,0.0,0.0,1812153.0,0.0,11939576.0,0.0,0.0,0.0,9179096.0,1069091.625,0.0,1993826.0,2466970.0,0.0,2120866.5,0.0,0
1789703695.62875,fan,349,9,0.0,0.0,9257783.0,12240514.0,0.0,0.0,0.0,0.0,0.0,0.0,2507769.0,5397193.0,765068.1875,1719107.625,0.0,0.0,0
1789703695.7538059,fan,340,11,952440.5,0.0,0.0,0.0,5528245.0,0.0,0.0,3096782.75,10766552.0,1279125.5,2258310.5,8251727.5,0.0,0.0,2576263.25,1536198.875,0
1789703696.420248,fan,355,7,0.0,0.0,7266799.0,12861618.0,0.0,0.0,0.0,0.0,0.0,975967.375,0.0,0.0,0.0,2062553.5,0.0,1659363.75,0
1789703696.4911332,fan,324,7,0.0,9790265.0,7739704.0,0.0,0.0,0.0,0.0,0.0,0.0,0.0,0.0,0.0,0.0,2145033.5,17999804.0,610511.3125,0
1789703696.6723425,fan,333,7,0.0,0.0,0.0,0.0,0.0,0.0,1213702.125,10455672.0,0.0,0.0,0.0,2900120.5,0.0,8392905.0,0.0,1128816.875,0
1789703696.743342,fan,13,7,0.0,0.0,3014720.5,0.0,368793.9375,0.0,0.0,15934897.0,4611986.0,0.0,0.0,0.0,0.0,269135.625,0.0,1200510.25,0
1789703696.8063874,fan,311,8,0.0,27979590.0,15949225.0,0.0,0.0,0.0,4078157.0,0.0,0.0,0.0,0.0,8577523.0,0.0,3802524.5,1754895.625,20831420.0,0
1789703696.855795,fan,312,6,8488260.0,5285454.5,0.0,666768.125,0.0,0.0,0.0,0.0,0.0,0.0,0.0,4662320.0,0.0,0.0,0.0,1222532.5,0
1789703696.9169793,fan,333,9,0.0,5254169.0,0.0,1410710.625,0.0,1764654.25,3419920.75,0.0,0.0,0.0,0.0,0.0,0.0,0.0,3980211.0,0.0,0
1789703696.9799259,fan,332,12,3888538.5,0.0,0.0,0.0,18273040.0,0.0,2110165.0,0.0,4179991.0,2200306.25,0.0,5445911.0,7684973.5,5071125.5,1340177.125,0.0,0
1789703697.0846782,fan,329,10,0.0,0.0,0.0,7950304.5,0.0,21817224.0,7062015.0,3326095.0,0.0,2199435.5,0.0,0.0,1178916.75,624924.75,0.0,3364031.0,0
1789703697.6554766,fan,343,12,0.0,0.0,0.0,3064523.5,0.0,0.0,8304963.5,10521968.0,0.0,1357606.0,0.0,0.0,4960300.0,6970374.5,0.0,1016097.0,0
1789703697.7182438,fan,335,13,0.0,4844571.0,0.0,13119315.0,0.0,6075396.0,6887391.0,1939421.0,0.0,1800316.375,0.0,0.0,1671761.0,3205791.25,2093703.5,0.0,0
1789703697.9073646,fan,336,7,0.0,0.0,14710014.0,589646.625,0.0,0.0,0.0,0.0,0.0,0.0,2031708.25,0.0,7666533.5,0.0,0.0,2139657.5,0
1789703697.9783618,fan,337,9,0.0,5263563.0,0.0,2255808.75,0.0,1448473.875,0.0,0.0,0.0,0.0,1285957.0,2433846.5,3362032.75,2161305.5,635749.4375,0.0,0
1789703698.1623108,fan,341,9,0.0,0.0,0.0,0.0,2958619.0,0.0,2671477.5,1565846.75,0.0,1982637.5,0.0,1724980.25,888275.25,1370181.375,0.0,3980547.75,0
1789703698.2875726,fan,328,7,3485615.0,0.0,2349584.25,0.0,1118141.25,0.0,0.0,0.0,0.0,463501.46875,0.0,0.0,4524923.0,5715405.5,0.0,0.0,0
1789703698.604961,fan,320,10,0.0,1171207.25,0.0,0.0,4037159.5,0.0,2930169.0,6287567.0,0.0,0.0,2786408.25,1629354.75,0.0,0.0,0.0,1277138.25,0
1789703698.663874,fan,347,11,0.0,0.0,0.0,1245502.875,5357042.0,0.0,0.0,9311713.0,926443.5625,988857.1875,0.0,719634.125,0.0,0.0,913557.875,6156967.0,0
1789703698.7277365,fan,5,9,0.0,0.0,5417889.0,0.0,2680932.25,460647.9375,1709926.375,0.0,8873818.0,2557716.0,0.0,0.0,0.0,0.0,0.0,0.0,0
1789703698.7932646,fan,359,8,0.0,0.0,1372234.0,4049947.25,0.0,0.0,4131076.5,1388978.5,0.0,0.0,0.0,0.0,1206160.625,2249952.0,1801990.25,0.0,0
1789703698.889404,fan,311,7,3792364.5,0.0,0.0,14473578.0,9718656.0,0.0,3370290.75,0.0,0.0,1225148.25,0.0,0.0,0.0,4254272.5,0.0,0.0,0
1789703698.9492383,fan,336,11,0.0,0.0,22089834.0,0.0,0.0,0.0,0.0,3463120.75,0.0,754723.6875,0.0,10555510.0,2801894.5,12803012.0,0.0,3253340.75,0
1789703699.0233078,fan,323,6,0.0,0.0,0.0,0.0,1959183.5,0.0,5269867.0,0.0,0.0,957541.1875,0.0,780394.8125,0.0,0.0,0.0,719758.375,0
1789703699.0854137,fan,344,6,0.0,0.0,0.0,0.0,0.0,0.0,7315374.0,1023687.125,4298886.0,0.0,3472850.5,0.0,0.0,0.0,970815.875,0.0,0
1789703699.175449,fan,344,7,0.0,0.0,0.0,1175540.625,714549.5,7382125.0,1039059.25,0.0,0.0,3512701.0,0.0,1145711.25,0.0,0.0,0.0,0.0,0
1789703699.269388,fan,350,10,0.0,2791946.5,0.0,0.0,6968089.0,0.0,948152.5625,2677898.75,0.0,4007137.5,3422168.25,0.0,0.0,0.0,0.0,777578.5,0
1789703699.3298132,fan,342,15,0.0,0.0,4862972.5,5576596.5,9687248.0,0.0,1501716.25,1472358.5,7286546.0,1388488.5,0.0,0.0,6003319.0,3057938.5,757581.1875,0.0,0
1789703699.4053442,fan,335,13,1359371.375,0.0,0.0,0.0,0.0,5833497.0,8611544.0,3968083.0,9869203.0,3885924.0,1659891.625,0.0,1272807.625,2621046.75,0.0,338284.6875,0
1789703699.469006,fan,334,3,0.0,0.0,0.0,0.0,0.0,0.0,0.0,0.0,0.0,24821982.0,16879386.0,0.0,0.0,0.0,0.0,11887699.0,0
1789703699.5322433,fan,333,6,0.0,0.0,0.0,0.0,0.0,0.0,31658806.0,0.0,17958604.0,24016578.0,0.0,0.0,0.0,9064142.0,20781804.0,0.0,0
1789703699.6626072,fan,318,10,0.0,0.0,0.0,0.0,35661384.0,17711992.0,6254278.0,0.0,6196660.0,0.0,0.0,6869669.0,0.0,5796034.0,7346965.5,3097962.75,0
1789703699.7309499,fan,330,10,22356232.0,0.0,12804450.0,0.0,9355401.0,0.0,0.0,5928086.5,0.0,9844659.0,6721826.0,0.0,0.0,0.0,3641573.5,0.0,0
1789703699.7934463,fan,328,8,0.0,0.0,0.0,0.0,0.0,0.0,0.0,0.0,0.0,0.0,15345399.0,16542352.0,9539107.0,39007904.0,18421632.0,4785063.5,0
1789703699.9352202,fan,323,16,4310026.5,682839.25,1820250.25,1069473.25,1429253.625,0.0,0.0,0.0,2727352.5,1722730.0,3192040.75,0.0,3584493.75,6740971.0,1929373.625,506834.625,0
1789703699.9932747,fan,329,5,5538891.5,0.0,0.0,0.0,0.0,0.0,553770.125,0.0,0.0,1460785.875,0.0,1461846.875,0.0,0.0,0.0,616329.75,0
1789703700.061907,fan,327,11,0.0,0.0,0.0,0.0,0.0,4376814.0,1434127.625,0.0,0.0,2535295.75,0.0,1527614.5,4262264.0,1307229.5,4443272.0,2192653.25,0
1789703700.1240852,fan,342,9,0.0,0.0,2505004.0,1818853.0,0.0,0.0,0.0,4057584.0,11096718.0,2145552.75,0.0,0.0,671604.125,0.0,0.0,1171315.75,0
1789703700.1882775,fan,311,5,0.0,0.0,0.0,0.0,624421.0,0.0,328259.59375,0.0,0.0,0.0,0.0,0.0,0.0,4128377.75,0.0,1998503.75,0
1789703700.250657,fan,305,9,2240274.75,0.0,16082190.0,0.0,0.0,0.0,11062769.0,0.0,0.0,2815734.75,1467820.25,1224475.375,0.0,0.0,0.0,0.0,0
1789703700.3479595,fan,330,10,0.0,0.0,7601429.5,0.0,0.0,702312.375,1429919.125,7269983.0,0.0,0.0,0.0,0.0,0.0,13404250.0,1909400.25,1164291.25,0
1789703700.418028,fan,331,13,2747396.5,0.0,6787168.5,0.0,1760530.875,0.0,12360114.0,2799577.5,1150150.875,0.0,996365.8125,0.0,0.0,0.0,0.0,4409218.0,0
1789703700.4819338,fan,326,9,0.0,0.0,19965424.0,0.0,0.0,0.0,1167292.75,0.0,1877281.875,2475898.0,3501752.25,0.0,2128600.0,997972.25,3402490.0,4330234.0,0
1789703700.54333,fan,309,10,0.0,0.0,0.0,15623546.0,3927178.0,0.0,2250128.75,0.0,6503429.0,4288230.0,0.0,0.0,6407527.0,5085062.5,0.0,0.0,0
1789703700.6057844,fan,328,6,0.0,0.0,0.0,0.0,2380933.5,0.0,0.0,17191792.0,1430662.0,0.0,0.0,0.0,0.0,1364254.625,0.0,0.0,0
1789703700.668262,fan,300,9,17655962.0,0.0,10500316.0,12456031.0,0.0,0.0,6859230.0,0.0,0.0,1488008.375,0.0,0.0,1435910.875,0.0,0.0,2128815.25,0
1789703700.7312558,fan,335,9,0.0,0.0,8483788.0,0.0,1955561.5,1641618.125,1117691.375,4809587.5,0.0,0.0,2571083.0,0.0,0.0,1504737.375,10844463.0,0.0,0
1789703700.949461,fan,343,10,0.0,0.0,2535242.0,0.0,1345209.875,0.0,626329.375,6284801.5,0.0,0.0,2550817.5,3117148.5,1306555.125,2196553.0,3443459.0,0.0,0
1789703701.0767145,fan,332,13,0.0,6648559.0,15166049.0,0.0,0.0,0.0,2067894.0,4438917.0,7190312.5,7067091.0,0.0,1679886.25,4989938.0,0.0,662879.375,1362286.25,0
1789703701.2344913,fan,352,12,0.0,0.0,16198838.0,9360918.0,0.0,1202204.375,1542818.0,659604.9375,0.0,3109782.0,2570338.0,5737551.0,0.0,0.0,2680874.0,2320082.5,0
1789703701.3065362,fan,348,10,0.0,0.0,4123592.5,4976667.5,0.0,0.0,0.0,5507700.0,4631644.5,2662584.75,0.0,0.0,3872998.5,2985245.25,0.0,9084905.0,0
1789703701.3706346,fan,311,8,27655202.0,0.0,0.0,0.0,0.0,7105315.0,6913147.0,0.0,0.0,11698277.0,0.0,6184278.5,0.0,6795051.0,0.0,0.0,0
1789703701.4337947,fan,331,5,0.0,0.0,0.0,0.0,0.0,0.0,0.0,0.0,0.0,0.0,4302424.0,0.0,0.0,5743618.0,3928547.25,1486313.875,0
1789703701.4956563,fan,332,5,14307267.0,24871654.0,0.0,0.0,0.0,0.0,0.0,6937035.5,5692501.0,0.0,0.0,13640905.0,0.0,0.0,0.0,0.0,0
1789703702.1527793,fan,325,11,2641194.0,918595.8125,2524898.5,0.0,2795145.75,0.0,0.0,0.0,0.0,845848.125,719251.25,1861356.125,0.0,0.0,2191879.5,1608987.75,0
1789703702.2466404,fan,331,11,0.0,0.0,2169032.5,0.0,0.0,0.0,770890.125,0.0,0.0,3157077.25,2644658.75,0.0,0.0,4036681.0,6292199.0,3147211.5,0
1789703702.3743935,fan,342,12,0.0,1612574.875,6724704.0,4326385.0,5732631.5,0.0,2784188.75,0.0,0.0,1302317.0,0.0,828789.25,0.0,446768.90625,0.0,2651430.5,0
1789703702.6270394,fan,342,9,0.0,0.0,3404941.0,0.0,1567017.0,1648599.25,0.0,0.0,1244722.75,0.0,0.0,0.0,0.0,0.0,1179748.0,1065640.0,0
1789703702.691125,fan,328,11,0.0,25375264.0,2821449.75,0.0,3648990.5,0.0,4539191.0,0.0,3129625.75,0.0,0.0,8048969.0,4557019.0,1915363.125,1614456.0,0.0,0
1789703702.7510958,fan,359,6,0.0,0.0,0.0,0.0,0.0,0.0,12754876.0,2014045.5,0.0,0.0,1881650.625,0.0,0.0,0.0,0.0,1597462.125,0
1789703702.9449046,fan,330,12,1532129.0,0.0,0.0,0.0,2400451.25,0.0,2884968.5,0.0,0.0,2435243.0,1543870.5,6623112.0,1354490.625,3660548.5,5338859.0,0.0,0
1789703703.0035594,fan,316,10,2001615.25,0.0,0.0,0.0,3934411.5,0.0,0.0,4958756.0,0.0,3562669.0,3002946.5,0.0,0.0,1725558.25,2462656.5,855715.25,0
1789703703.0660117,fan,340,8,0.0,11440608.0,0.0,0.0,1529234.75,9247510.0,1324790.0,2832031.5,0.0,0.0,0.0,0.0,0.0,0.0,0.0,0.0,0
1789703703.128316,fan,319,10,0.0,0.0,0.0,0.0,0.0,6839382.0,495915.125,14443702.0,0.0,0.0,1211632.0,2837494.0,0.0,1171635.5,1129243.75,0.0,0
1789703703.203353,fan,342,11,4495154.0,1771129.75,14237317.0,7058792.0,436035.75,0.0,661636.875,0.0,0.0,0.0,1454978.375,0.0,0.0,0.0,7879521.5,0.0,0
1789703703.2665622,fan,322,16,0.0,2168121.0,8660850.0,8252846.0,10645303.0,5232086.0,3242453.0,12299408.0,0.0,3263749.5,0.0,1562630.75,0.0,2148803.5,2870459.0,1057197.5,0
1789703704.086866,fan,309,15,0.0,0.0,8678585.0,3221463.5,5515133.0,8814881.0,13920096.0,4115325.5,2128576.0,0.0,815182.6875,0.0,2464240.5,2163343.25,2252349.0,0.0,0
1789703704.1446853,fan,323,9,0.0,0.0,0.0,0.0,0.0,0.0,2367078.0,12327938.0,0.0,994262.5625,0.0,3096792.0,2052240.75,0.0,0.0,2604634.5,0
1789703704.2070284,fan,336,12,0.0,0.0,10395344.0,4020679.25,0.0,7590466.5,5855625.0,0.0,0.0,6397563.5,0.0,3869464.0,0.0,0.0,8315513.0,0.0,0
1789703704.2809098,fan,333,10,0.0,0.0,0.0,4007362.0,0.0,0.0,4084055.0,6369720.0,3526576.5,0.0,1831898.125,0.0,4208649.5,0.0,7968732.0,0.0,0
1789703704.3449905,fan,29,4,15730518.0,0.0,0.0,6810032.0,0.0,0.0,0.0,0.0,0.0,2605845.25,0.0,5521552.0,0.0,0.0,0.0,0.0,0
1789703704.4091845,fan,332,5,0.0,0.0,0.0,0.0,0.0,0.0,0.0,0.0,0.0,2319364.5,2844783.25,1422340.5,4588641.5,880049.4375,0.0,0.0,0
1789703704.471932,fan,335,7,0.0,0.0,0.0,69954936.0,0.0,18317582.0,0.0,13880627.0,0.0,0.0,5760377.0,0.0,0.0,11546490.0,0.0,0.0,0
1789703704.5355833,fan,335,6,0.0,0.0,28445900.0,0.0,19142264.0,0.0,10238161.0,0.0,0.0,0.0,6729147.0,0.0,0.0,0.0,6586131.0,5177589.0,0
1789703704.5808883,fan,333,11,952336.125,6680129.0,17578200.0,0.0,10431190.0,3485346.5,12357109.0,0.0,0.0,870286.5,0.0,0.0,1697126.0,0.0,0.0,0.0,0
1789703705.037651,fan,324,9,0.0,0.0,3230276.25,2124179.5,0.0,0.0,3753429.5,5675016.5,0.0,0.0,1022487.6875,926212.25,5314997.0,2997100.0,1114489.0,0.0,0
1789703705.0385697,fan,14,6,0.0,0.0,0.0,0.0,1891431.5,3131787.0,0.0,0.0,7148397.5,5446049.0,0.0,0.0,0.0,0.0,0.0,0.0,0
1789703705.0975018,fan,334,15,0.0,0.0,538855.375,0.0,0.0,0.0,12329884.0,20677998.0,0.0,0.0,4334870.5,4009224.5,1797661.75,2675797.0,7084454.5,1358957.25,0
1789703705.1727505,fan,327,10,5551127.5,2785350.75,2663608.25,0.0,1499435.75,1939892.125,4464578.0,0.0,717133.5,0.0,0.0,0.0,0.0,0.0,1409742.0,2358808.5,0
1789703705.299312,fan,8,7,175852160.0,0.0,54326576.0,67372312.0,62821300.0,0.0,0.0,0.0,28468400.0,0.0,0.0,0.0,0.0,12331271.0,0.0,0.0,0
1789703706.3039243,fan,323,11,0.0,0.0,5047872.0,0.0,5077288.5,0.0,3205680.5,0.0,0.0,0.0,0.0,0.0,0.0,13554160.0,2407689.25,1958073.125,0
1789703706.3642693,fan,319,9,0.0,0.0,5992972.0,0.0,6107491.0,4124455.25,0.0,0.0,0.0,664047.8125,0.0,0.0,0.0,2192888.0,0.0,6191513.5,0
1789703706.437374,fan,346,14,2807582.0,0.0,10427844.0,0.0,10324866.0,0.0,0.0,8684655.0,9444415.0,0.0,0.0,920426.0625,1345924.5,0.0,1012882.1875,0.0,0
1789703706.526089,fan,353,6,0.0,0.0,0.0,0.0,0.0,0.0,4335907.0,0.0,7008303.0,0.0,0.0,0.0,0.0,2551932.5,2926260.0,0.0,0
1789703706.620676,fan,326,7,0.0,0.0,0.0,0.0,0.0,0.0,4259171.5,5296011.5,0.0,0.0,0.0,939443.3125,7298192.0,0.0,0.0,0.0,0
1789703707.0961902,fan,333,11,0.0,9939907.0,3530725.0,2173160.5,0.0,0.0,0.0,3969145.25,3182071.0,0.0,0.0,0.0,0.0,2835541.0,3438028.75,2639656.0,0
1789703707.1605926,fan,337,11,1856734.875,0.0,13009108.0,3403316.75,10527850.0,0.0,163712.828125,0.0,0.0,2553630.75,0.0,3575844.5,903516.8125,760461.75,0.0,1640943.375,0
1789703707.2554681,fan,335,15,0.0,2384942.0,5738361.0,0.0,3539604.25,0.0,2467951.75,6139080.0,0.0,19645852.0,0.0,4918722.0,0.0,1953006.375,981889.5,776424.375,0
1789703707.3152957,fan,336,12,4262924.0,0.0,4656343.5,1144764.875,0.0,0.0,977453.125,10719378.0,0.0,0.0,1195717.375,2551201.25,0.0,1627566.875,0.0,8613954.0,0
1789703707.3789208,fan,328,8,0.0,0.0,0.0,0.0,0.0,538668.9375,3428277.0,0.0,122500.5625,0.0,0.0,0.0,0.0,1307874.25,2559677.0,2147856.25,0
1789703707.4412014,fan,329,9,0.0,0.0,3764343.75,0.0,0.0,0.0,0.0,1894393.875,0.0,1681376.125,4442481.5,1348088.875,740420.0625,1756494.5,2097738.5,0.0,0
1789703707.5044873,fan,346,8,0.0,0.0,2705384.5,3939049.5,714107.25,0.0,0.0,1047080.0,0.0,871334.25,0.0,1288681.0,0.0,2627652.75,0.0,0.0,0
1789703707.6032217,fan,324,8,0.0,0.0,0.0,2661375.25,5983138.5,0.0,0.0,1940596.75,0.0,0.0,0.0,3695159.25,1768254.125,4053994.0,801238.5625,0.0,0
1789703707.7285953,fan,334,14,0.0,4489787.0,25269970.0,0.0,0.0,0.0,3203597.5,518023.8125,3175079.5,0.0,0.0,0.0,1040250.875,0.0,2300140.25,2772187.0,0
1789703707.8554883,fan,339,11,0.0,20377740.0,0.0,2420332.25,340470.375,0.0,1009724.0,3280391.25,7378110.5,0.0,0.0,10310956.0,4144816.5,1917683.75,0.0,0.0,0
1789703707.9831324,fan,335,7,13597723.0,17889148.0,0.0,0.0,2808694.0,0.0,0.0,0.0,0.0,0.0,1401792.25,0.0,0.0,0.0,1750378.375,2602430.5,0
1789703708.0469022,fan,342,4,0.0,0.0,0.0,0.0,0.0,0.0,0.0,5187259.0,0.0,2246122.25,0.0,1039864.375,0.0,0.0,0.0,0.0,0
1789703708.1733088,fan,314,7,0.0,19396236.0,0.0,0.0,1296659.0,1112555.25,0.0,0.0,0.0,0.0,0.0,0.0,0.0,0.0,10314577.0,2482131.0,0
1789703708.242388,fan,314,13,3273103.5,0.0,1850997.375,2866219.0,5017889.0,0.0,1957744.25,688441.5625,3393516.0,0.0,0.0,1448482.75,0.0,0.0,0.0,3202565.0,0
1789703708.301067,fan,325,18,0.0,13624359.0,20306892.0,12533032.0,8396643.0,3097278.5,0.0,0.0,0.0,2220155.0,0.0,5869788.0,3511300.75,7033408.0,1518031.375,2202534.75,0
1789703708.3589633,fan,341,5,0.0,0.0,199694464.0,0.0,0.0,0.0,18908522.0,0.0,0.0,0.0,0.0,4706467.0,0.0,1259016.0,0.0,0.0,0
1789703708.4214268,fan,341,4,0.0,0.0,0.0,7805761.0,865852.25,0.0,0.0,0.0,0.0,0.0,0.0,0.0,0.0,1147692.125,0.0,1196427.25,0
1789703708.4907076,fan,341,14,0.0,0.0,5805577.0,5086404.0,5817837.0,5040128.0,1672332.5,2347774.5,0.0,1590247.375,0.0,0.0,2629071.0,4172472.0,2021164.75,2830761.25,0
1789703708.5371554,fan,343,8,0.0,0.0,0.0,0.0,7939885.0,588973.875,0.0,6070531.0,3033928.0,0.0,0.0,0.0,1902061.625,0.0,0.0,4224932.5,0
1789703708.600478,fan,231,4,0.0,75327544.0,0.0,19558084.0,39546640.0,0.0,0.0,0.0,0.0,0.0,0.0,0.0,0.0,0.0,0.0,0.0,0
1789703708.6553595,fan,269,6,40008024.0,23503362.0,35868976.0,13634243.0,0.0,0.0,0.0,8340989.0,0.0,0.0,0.0,5377553.0,0.0,0.0,0.0,0.0,0
1789703708.7189028,fan,343,7,0.0,0.0,0.0,0.0,0.0,0.0,0.0,7711649.0,8879526.0,1052320.0,0.0,3837402.25,1465452.625,2937312.0,0.0,0.0,0
1789703708.7749276,fan,345,12,0.0,8302380.0,0.0,0.0,1235914.5,0.0,4967027.0,9385428.0,2736985.25,0.0,0.0,0.0,1049221.0,1260640.375,0.0,4593114.0,0
1789703708.8363335,fan,343,6,0.0,0.0,0.0,0.0,0.0,0.0,0.0,6627508.0,0.0,2401574.75,0.0,0.0,0.0,3047447.5,0.0,1896750.375,0
1789703708.9350264,fan,350,13,0.0,0.0,12687970.0,17725188.0,1281828.5,0.0,0.0,0.0,3711375.0,0.0,0.0,0.0,3907981.0,4457749.0,3312372.25,0.0,0
1789703709.0055223,fan,324,11,0.0,0.0,25710008.0,18763708.0,7760768.0,2326665.5,1245065.125,3811607.0,0.0,0.0,6072096.5,0.0,0.0,0.0,0.0,0.0,0
1789703709.0699182,fan,357,8,0.0,0.0,7529230.5,2732583.75,547791.3125,0.0,483140.90625,0.0,0.0,2034282.0,0.0,0.0,2575471.75,7158893.0,0.0,0.0,0
1789703709.0706694,fan,320,9,0.0,0.0,0.0,0.0,1498539.0,0.0,2337535.25,0.0,2230079.75,0.0,2592378.0,3709878.0,1223063.375,0.0,1245755.25,0.0,0
1789703709.157001,fan,325,15,4368093.5,0.0,0.0,1905024.5,1212320.625,8703553.0,8800046.0,0.0,0.0,6236048.5,2513964.25,0.0,0.0,5237873.5,979597.8125,935870.8125,0
1789703709.2146518,fan,344,7,0.0,0.0,3259409.5,0.0,21794592.0,0.0,0.0,3173072.25,0.0,0.0,0.0,0.0,0.0,2962645.0,0.0,0.0,0
1789703709.2778418,fan,314,15,0.0,8303060.0,0.0,0.0,1054435.0,12436074.0,6015743.0,0.0,0.0,0.0,2453304.0,0.0,1601687.25,4539364.0,3325759.0,5167555.0,0
1789703709.3412635,fan,341,5,0.0,0.0,0.0,0.0,6225125.0,0.0,0.0,0.0,0.0,3318428.75,0.0,0.0,1655790.0,509654.6875,0.0,0.0,0
1789703709.4040658,fan,338,12,0.0,1910322.625,6333820.0,0.0,5267083.0,2082359.0,4514827.0,15119291.0,11906814.0,0.0,0.0,1894000.0,0.0,0.0,0.0,0.0,0
1789703709.469515,fan,335,9,0.0,5092518.0,0.0,6152286.0,0.0,5379558.0,5405565.0,2476175.0,280273.9375,0.0,0.0,3208065.5,0.0,1334681.25,0.0,5439700.0,0
1789703709.6319304,fan,337,11,0.0,0.0,0.0,0.0,0.0,0.0,3927869.5,0.0,0.0,518652.9375,546150.6875,1744585.5,9187164.0,6056739.0,1646866.125,2062000.5,0
1789703709.7253282,fan,327,6,0.0,0.0,0.0,0.0,0.0,0.0,2632534.25,592523.1875,0.0,0.0,0.0,5364558.5,3235294.0,0.0,0.0,920459.625,0
1789703709.7960675,fan,325,11,0.0,0.0,0.0,672490.8125,7099158.5,0.0,2817370.5,0.0,0.0,2524084.25,864478.0,0.0,4354723.5,5869826.5,0.0,2518235.75,0
1789703709.858619,fan,325,7,0.0,0.0,0.0,0.0,0.0,0.0,0.0,2460150.25,0.0,0.0,12355100.0,0.0,0.0,2922194.0,1893347.5,4470728.0,0
1789703709.905095,fan,339,12,0.0,0.0,0.0,17317396.0,4468512.0,0.0,5413685.0,5648975.5,0.0,3064344.5,4688194.0,0.0,1294913.875,1002111.3125,0.0,0.0,0
1789703710.2972286,fan,326,10,6957204.0,3812822.25,4421360.0,0.0,0.0,0.0,3260479.0,483306.21875,1746136.75,10025080.0,0.0,0.0,836954.1875,0.0,0.0,0.0,0
1789703710.3687813,fan,323,15,0.0,3976803.5,0.0,0.0,0.0,10057315.0,3335566.5,0.0,680553.9375,5627767.0,1082510.875,3015264.5,2201694.5,0.0,2455324.25,1304942.75,0
1789703710.4552298,fan,324,13,2743234.0,0.0,6602518.5,0.0,0.0,0.0,0.0,6532067.0,0.0,1415746.25,2251421.25,12011328.0,0.0,1493367.125,1213781.375,0.0,0
1789703710.5503547,fan,315,11,7280823.0,16249184.0,2611815.0,0.0,0.0,2416802.25,6000857.5,2895431.75,2420201.25,0.0,0.0,3518558.5,0.0,0.0,1192607.75,0.0,0
1789703710.6769722,fan,333,11,0.0,0.0,0.0,484053.4375,6501375.5,0.0,1490552.75,1700576.25,1336092.875,4206127.0,1831302.75,0.0,0.0,4024626.0,2680840.25,928736.0,0
1789703710.7727792,fan,357,10,13192543.0,12470624.0,0.0,0.0,0.0,3418317.0,10937672.0,3651893.75,0.0,0.0,0.0,0.0,579370.3125,0.0,1233582.5,0.0,0
1789703710.9623933,fan,316,12,783664.125,8132524.0,0.0,7601526.0,6613417.0,1656428.375,3845488.0,4820534.5,0.0,0.0,0.0,0.0,1765580.25,1217287.875,2824491.5,0.0,0
1789703712.9281843,fan,320,11,0.0,0.0,0.0,6872521.0,0.0,6005220.0,7548251.5,0.0,0.0,0.0,3995693.5,2675218.5,4557995.5,3581509.5,0.0,970477.5,0
1789703712.928978,fan,10,4,0.0,0.0,3791215.0,1188869.0,0.0,0.0,0.0,0.0,1044544.125,1421963.375,0.0,0.0,0.0,0.0,0.0,0.0,0
1789703713.0519722,fan,309,8,6876686.5,0.0,0.0,0.0,5414475.5,9050442.0,1091140.625,0.0,0.0,2545734.0,0.0,0.0,0.0,6914603.0,4796588.0,0.0,0
1789703713.1475875,fan,341,9,0.0,0.0,33341222.0,5558589.0,0.0,0.0,1540718.5,2860990.75,0.0,0.0,623777.4375,0.0,1039908.8125,1868420.0,4012381.5,0.0,0
1789703713.2753046,fan,312,7,0.0,0.0,1479327.875,0.0,0.0,3000403.0,3203324.75,0.0,0.0,0.0,1442171.0,1925864.75,0.0,854232.25,0.0,2648384.5,0
1789703713.3332973,fan,335,8,0.0,0.0,4121631.75,0.0,2294447.75,0.0,0.0,1255936.875,0.0,2916341.5,1140031.625,0.0,0.0,6943292.5,1335905.875,0.0,0
1789703713.3967547,fan,336,14,0.0,0.0,8856731.0,2751545.0,7263145.0,0.0,0.0,0.0,12076942.0,0.0,0.0,0.0,950977.9375,10978761.0,1572091.5,2578171.0,0
1789703713.4603407,fan,336,7,3585623.5,0.0,0.0,0.0,0.0,0.0,4614701.0,3689686.0,0.0,0.0,0.0,0.0,0.0,3369246.5,0.0,707137.375,0
1789703713.655809,fan,344,10,0.0,0.0,0.0,0.0,0.0,11391330.0,0.0,3287966.75,1964019.0,1624876.25,964544.6875,0.0,3339106.5,2350889.75,1252319.0,0.0,0
1789703713.8778205,fan,313,5,0.0,1386048.75,7832521.0,0.0,0.0,0.0,0.0,0.0,0.0,10640747.0,0.0,0.0,2379921.0,0.0,0.0,0.0,0
1789703713.9358602,fan,312,9,0.0,11654793.0,0.0,0.0,0.0,0.0,13040866.0,0.0,1022749.1875,246649.203125,6190393.0,3866924.5,1495183.625,0.0,0.0,0.0,0
1789703714.0353289,fan,324,15,10883412.0,10671260.0,41650184.0,7642010.5,0.0,0.0,0.0,576767.625,0.0,4048095.5,0.0,0.0,1971250.375,3794509.5,0.0,0.0,0
1789703714.0926154,fan,326,11,0.0,15108219.0,0.0,0.0,7913624.0,2957024.5,0.0,0.0,0.0,1498228.75,0.0,0.0,2635350.25,6320846.0,0.0,0.0,0
1789703714.160797,fan,346,7,0.0,0.0,0.0,2294859.0,3488364.5,0.0,0.0,0.0,2337450.75,0.0,4436530.0,861291.5,0.0,0.0,0.0,0.0,0
1789703714.223575,fan,318,7,0.0,0.0,667007.0625,0.0,1021562.0625,0.0,0.0,0.0,0.0,2784135.5,0.0,1092191.0,0.0,1326743.0,2185944.25,0.0,0
1789703714.2877028,fan,338,12,8917372.0,10262730.0,7325866.0,6914637.5,0.0,19859090.0,14468085.0,6947952.0,0.0,0.0,2568736.75,0.0,0.0,0.0,0.0,0.0,0
1789703714.3627741,fan,331,14,11008364.0,0.0,8647926.0,776368.6875,0.0,0.0,634772.125,10197057.0,0.0,0.0,6196565.5,3118518.5,1594421.875,0.0,926132.6875,1438377.5,0
1789703714.4263701,fan,331,8,0.0,0.0,0.0,0.0,0.0,0.0,91216160.0,24717540.0,11202421.0,7460276.0,0.0,0.0,0.0,6332598.0,0.0,4108643.75,0
1789703714.4716785,fan,331,7,0.0,0.0,0.0,0.0,0.0,0.0,0.0,3721925.0,0.0,7140893.0,4232165.5,0.0,5376339.5,0.0,3609751.25,0.0,0
1789703714.522093,fan,331,4,19973688.0,0.0,3116688.0,0.0,4177582.0,0.0,0.0,0.0,0.0,0.0,0.0,1400537.625,0.0,0.0,0.0,0.0,0
1789703714.5689745,fan,354,11,0.0,0.0,5341941.5,1190810.0,5747055.5,0.0,0.0,0.0,1034515.9375,2837303.5,0.0,0.0,877066.4375,7643483.5,0.0,1485629.75,0
1789703714.6683836,fan,330,10,0.0,15588692.0,0.0,0.0,0.0,1642461.125,0.0,0.0,3456702.0,3690506.0,0.0,0.0,0.0,7254772.5,4682940.5,3297395.25,0
1789703714.7399738,fan,330,12,0.0,0.0,0.0,7562702.0,0.0,0.0,0.0,3183668.5,3503129.25,0.0,0.0,1204552.875,2354339.5,4586367.5,0.0,3400206.0,0
1789703714.7958539,fan,323,14,0.0,0.0,0.0,802202.6875,8681549.0,0.0,4689305.0,14210091.0,0.0,2532474.75,0.0,3206949.0,2729121.25,1969127.875,3734871.25,1855575.0,0
1789703714.953917,fan,337,9,0.0,3377048.0,2355488.75,0.0,2122901.5,0.0,636748.125,0.0,0.0,3519494.5,0.0,0.0,0.0,2726380.25,585808.6875,0.0,0
1789703715.013496,fan,337,9,1422653.625,0.0,0.0,5629978.0,455547.65625,0.0,1682270.0,2345057.25,0.0,4867718.0,0.0,827534.3125,0.0,1197974.375,0.0,1665740.375,0
1789703715.0650356,fan,342,6,189403856.0,162892784.0,0.0,0.0,0.0,42012116.0,0.0,0.0,0.0,47683296.0,0.0,17973424.0,0.0,0.0,0.0,0.0,0
1789703715.0660305,fan,18,10,0.0,0.0,147513632.0,0.0,106677488.0,27819326.0,58232008.0,0.0,37405432.0,0.0,0.0,0.0,0.0,0.0,0.0,11069943.0,0
1789703715.245019,fan,291,5,0.0,0.0,0.0,7843206.0,912454.375,5059009.5,3287066.5,0.0,0.0,1637606.0,0.0,0.0,0.0,0.0,0.0,0.0,0
1789703715.398108,fan,343,10,0.0,0.0,0.0,969794.0625,9142434.0,13127033.0,0.0,0.0,0.0,0.0,1045535.75,6253373.0,0.0,0.0,2585554.75,0.0,0
1789703715.4611244,fan,305,11,16824810.0,8474439.0,2064546.25,0.0,0.0,0.0,0.0,2868593.5,0.0,1798002.5,0.0,2798674.75,2830552.0,540318.1875,0.0,474450.5625,0
1789703715.519491,fan,305,10,8109874.0,15957707.0,956685.125,0.0,0.0,0.0,0.0,0.0,0.0,2456995.75,1006928.75,1796652.625,0.0,1264526.25,0.0,5492276.0,0
1789703715.5699513,fan,353,7,0.0,50703928.0,124522800.0,0.0,41272060.0,75541704.0,0.0,0.0,0.0,0.0,0.0,0.0,0.0,0.0,0.0,0.0,0
1789703715.63344,fan,351,8,0.0,0.0,0.0,0.0,26158980.0,28538434.0,0.0,0.0,0.0,30302700.0,14512017.0,0.0,11739136.0,0.0,0.0,0.0,0
1789703715.6976726,fan,333,8,0.0,0.0,0.0,0.0,26966238.0,0.0,13737803.0,13383343.0,0.0,19821588.0,20441674.0,0.0,0.0,19546730.0,0.0,0.0,0
1789703715.8078668,fan,352,10,556575.125,0.0,11816584.0,1847670.875,0.0,962731.1875,7023848.5,0.0,0.0,0.0,0.0,0.0,0.0,6418735.0,0.0,0.0,0
1789703715.8720648,fan,317,4,0.0,0.0,0.0,0.0,0.0,0.0,0.0,0.0,0.0,0.0,0.0,0.0,6999828.0,4282128.0,0.0,0.0,0
1789703715.93507,fan,319,10,0.0,1036285.375,1740517.5,0.0,2496860.0,0.0,0.0,0.0,0.0,0.0,1065505.875,1240435.375,2308605.75,6088892.5,1715547.5,0.0,0
1789703715.9960496,fan,328,11,0.0,2555888.5,1653960.75,8802603.0,3981156.5,1273985.375,0.0,0.0,0.0,8309414.0,3006369.5,3570629.25,0.0,0.0,0.0,0.0,0
1789703716.057767,fan,319,8,3095105.25,0.0,0.0,573053.875,2390865.5,443700.625,0.0,0.0,0.0,3601077.0,0.0,0.0,2639803.75,0.0,0.0,6829547.5,0
1789703716.119843,fan,330,13,0.0,0.0,0.0,2710486.0,2449739.0,10215533.0,12340806.0,0.0,0.0,0.0,2031446.0,1815427.375,1815744.0,6692330.0,0.0,0.0,0
1789703716.1812673,fan,327,7,0.0,0.0,0.0,0.0,0.0,0.0,0.0,0.0,0.0,727816.0,1470821.625,6194079.0,2019011.75,0.0,0.0,2185438.5,0
1789703716.2555022,fan,310,4,0.0,0.0,0.0,0.0,0.0,2362298.5,860504.3125,0.0,0.0,0.0,0.0,0.0,2112980.75,2649715.0,0.0,0.0,0
1789703716.3139505,fan,345,9,0.0,883031.0,0.0,7951688.0,0.0,10503334.0,0.0,0.0,2340649.25,0.0,0.0,0.0,0.0,1523429.0,5456724.0,0.0,0
1789703716.3767178,fan,322,11,4138622.0,0.0,0.0,0.0,0.0,0.0,1665307.75,3452768.75,832370.75,0.0,0.0,4774222.0,3358733.0,853960.0,3308620.5,0.0,0
1789703716.4404793,fan,344,9,0.0,0.0,4383985.0,0.0,0.0,0.0,11503325.0,3916762.0,0.0,0.0,4338495.0,6234376.0,0.0,839747.25,0.0,0.0,0
1789703716.503325,fan,320,6,0.0,0.0,0.0,0.0,0.0,6564780.0,2044681.125,0.0,0.0,2344767.75,0.0,0.0,0.0,1301828.875,0.0,1980631.75,0
1789703716.57818,fan,341,15,0.0,5589497.5,0.0,1418115.125,4135094.0,6031154.5,1732484.0,8688546.0,0.0,0.0,0.0,3446316.0,2504411.5,923681.0625,6839649.0,0.0,0
1789703716.6406364,fan,318,8,93202944.0,0.0,0.0,0.0,0.0,18747212.0,5388962.5,0.0,0.0,0.0,0.0,8586909.0,0.0,7266649.5,0.0,0.0,0
1789703716.7037768,fan,318,4,0.0,0.0,9021508.0,0.0,11436101.0,0.0,0.0,7281519.0,0.0,0.0,0.0,0.0,0.0,0.0,5880136.5,0.0,0
1789703716.7478743,fan,318,11,0.0,0.0,9799629.0,7512189.0,0.0,0.0,0.0,6054764.0,0.0,5802815.0,5241484.0,2848102.75,1660761.375,0.0,3070905.5,1228111.125,0
1789703716.7990563,fan,351,16,5504647.0,21248346.0,2411801.5,0.0,3053202.0,0.0,2349129.75,0.0,1359455.5,9958338.0,0.0,2776136.0,0.0,1429795.75,2454369.5,2458249.0,0
1789703716.8620243,fan,314,9,3162285.0,0.0,0.0,0.0,2098886.75,0.0,774541.1875,0.0,578499.5,1326897.25,0.0,0.0,1262864.5,0.0,3797894.5,1027290.5,0
1789703716.949602,fan,343,8,0.0,0.0,4096171.75,0.0,0.0,0.0,0.0,2001125.0,2543914.75,0.0,0.0,0.0,1534823.25,0.0,3746535.5,2159381.0,0
1789703717.0075245,fan,334,14,0.0,0.0,0.0,8705796.0,6303138.5,0.0,2426457.5,0.0,0.0,3685999.75,1564658.75,4369126.0,6311547.0,0.0,0.0,3849886.0,0
1789703717.0721602,fan,333,18,0.0,0.0,9536383.0,3975605.5,2692108.5,0.0,0.0,2164627.5,7766684.0,7493579.0,924892.3125,2872711.25,5512353.5,4090679.5,2094268.875,0.0,0
1789703717.1358995,fan,340,6,0.0,0.0,1108078.0,0.0,4432702.0,0.0,0.0,0.0,7746626.0,6019815.0,0.0,0.0,1924325.75,0.0,0.0,0.0,0
1789703717.2111602,fan,340,10,0.0,0.0,0.0,0.0,543069.625,0.0,0.0,2941081.5,4242817.0,4328986.0,1798341.75,0.0,4834797.0,0.0,0.0,10116005.0,0
1789703717.2568588,fan,329,17,0.0,0.0,20783446.0,27198938.0,2163079.75,1390363.0,0.0,2685826.0,5606590.5,0.0,4157436.0,886829.875,0.0,8125765.0,6631939.5,863471.6875,0
1789703717.3325815,fan,329,13,11570055.0,4119636.0,0.0,0.0,3445794.0,0.0,540318.3125,0.0,1698531.625,0.0,1943831.0,2561083.25,1977530.75,1884730.875,0.0,1472391.25,0
1789703717.3937845,fan,340,12,0.0,10739718.0,2965757.0,2289749.0,1105774.375,4541105.0,0.0,1318365.75,2282726.5,0.0,705334.125,0.0,0.0,0.0,4301438.0,1240197.75,0
1789703717.6787903,fan,338,17,0.0,0.0,0.0,4182329.0,3458295.5,0.0,9935840.0,6043515.5,2313116.5,654237.125,0.0,0.0,1794744.75,9043992.0,4422067.0,5348526.0,0
1789703717.7418056,fan,334,4,0.0,0.0,11463776.0,0.0,0.0,0.0,1958094.625,0.0,1380625.375,0.0,0.0,0.0,0.0,0.0,1859780.0,0.0,0
1789703717.8377414,fan,336,12,0.0,0.0,0.0,0.0,3271751.75,1851279.75,18283564.0,2159206.5,1726619.75,1612052.625,0.0,1645841.625,0.0,1871968.75,3554452.75,2008001.25,0
1789703717.9086413,fan,322,10,0.0,0.0,2335118.25,0.0,0.0,0.0,339700.21875,4332479.5,1360516.25,1737158.625,0.0,5667012.0,2791802.5,0.0,1610467.125,0.0,0
1789703717.9724853,fan,314,3,0.0,0.0,58936392.0,0.0,0.0,0.0,15106997.0,0.0,0.0,0.0,0.0,0.0,8863721.0,0.0,0.0,0.0,0
1789703718.0903141,fan,311,7,10009341.0,0.0,0.0,0.0,800503.0625,0.0,3372462.0,3332015.25,2791304.5,0.0,1208985.625,0.0,3426384.75,0.0,0.0,0.0,0
1789703718.1473026,fan,315,13,1576930.75,0.0,0.0,4627103.0,0.0,0.0,0.0,3730910.25,618933.5625,0.0,2410299.25,1489627.25,2575075.5,2767330.75,1641308.625,2245190.5,0
1789703718.2097168,fan,336,8,0.0,0.0,0.0,0.0,8757229.0,0.0,2571629.75,0.0,0.0,7967344.0,2342182.0,0.0,0.0,0.0,0.0,1641419.75,0
1789703718.3119533,fan,320,12,0.0,9792590.0,9083974.0,0.0,12147226.0,969553.8125,0.0,0.0,1959288.0,3446747.5,0.0,0.0,0.0,4197887.5,2171148.75,0.0,0
1789703718.3788922,fan,320,6,0.0,0.0,349359.4375,0.0,0.0,0.0,0.0,1690795.875,2048858.625,0.0,1089103.25,0.0,2326339.5,0.0,0.0,0.0,0
1789703718.4245763,fan,320,13,8053173.0,7121437.0,10877843.0,8493002.0,5649901.5,0.0,4340786.0,5062562.0,0.0,0.0,0.0,1862043.25,0.0,3755700.25,304056.71875,0.0,0
1789703718.4765174,fan,12,10,0.0,18767666.0,23632854.0,10614701.0,0.0,2785247.0,6907308.0,0.0,3801435.0,4392082.5,0.0,2793839.0,0.0,0.0,0.0,2372032.25,0
1789703718.5399113,fan,317,8,0.0,0.0,0.0,0.0,0.0,0.0,3821272.5,0.0,2639923.25,0.0,4445986.0,4871527.5,6219851.0,1660237.625,0.0,0.0,0
1789703718.603457,fan,10,5,0.0,5162052.0,0.0,4358856.5,0.0,0.0,0.0,1306858.375,0.0,0.0,0.0,0.0,3475595.5,0.0,0.0,0.0,0
1789703718.665266,fan,319,7,0.0,0.0,0.0,0.0,5679788.0,5280006.5,0.0,0.0,987748.0,1922067.0,3643601.5,0.0,0.0,3002531.5,0.0,3246766.0,0
1789703718.7867968,fan,318,14,0.0,0.0,5102877.0,1852700.0,2535499.5,6630272.0,4229335.5,0.0,0.0,11280136.0,0.0,0.0,0.0,1111982.125,2770462.5,7357131.0,0
1789703718.8817182,fan,316,5,3927935.5,5094951.0,0.0,0.0,0.0,0.0,6179619.0,0.0,0.0,0.0,1610189.75,0.0,0.0,0.0,0.0,0.0,0
1789703718.976853,fan,328,12,0.0,5284807.5,5243024.0,5985981.0,6155746.0,0.0,0.0,6531167.0,0.0,2362632.0,1812849.125,0.0,0.0,0.0,1371335.125,0.0,0
1789703719.262353,fan,328,13,2448441.0,0.0,5988664.0,5535209.5,4751864.5,0.0,518157.875,4525873.0,0.0,0.0,1521667.5,1663996.25,0.0,1289894.875,0.0,3387365.5,0
1789703719.3072772,fan,328,10,2259022.5,0.0,0.0,0.0,0.0,1947455.625,0.0,0.0,7538665.0,2694415.0,0.0,2407806.75,0.0,3845611.5,3739774.75,3963174.0,0
1789703719.3536174,fan,329,9,0.0,0.0,0.0,0.0,2464702.75,0.0,0.0,0.0,0.0,3023418.0,0.0,0.0,3152446.75,4945648.5,2568807.25,2147258.0,0
1789703719.6745222,fan,287,3,0.0,0.0,12282738.0,0.0,0.0,0.0,0.0,0.0,1665428.5,0.0,0.0,0.0,0.0,0.0,0.0,0.0,0
1789703719.6753132,fan,328,12,624088.875,0.0,1065998.875,4539429.5,0.0,0.0,0.0,2223591.75,0.0,0.0,0.0,10666178.0,0.0,0.0,4898260.0,4210404.0,0
1789703719.7451074,fan,321,11,0.0,6833104.0,18486286.0,0.0,0.0,0.0,3099008.5,0.0,1448534.625,0.0,2632754.0,0.0,2362812.0,3816831.5,3155877.0,0.0,0
1789703719.9909873,fan,291,7,0.0,4244574.0,0.0,0.0,0.0,15681209.0,2246034.5,0.0,0.0,0.0,0.0,1661749.0,0.0,1432373.5,0.0,0.0,0
1789703720.0868425,fan,332,8,0.0,0.0,18038392.0,20836236.0,0.0,0.0,0.0,1978556.75,0.0,0.0,7022537.0,1212767.0,0.0,0.0,2668323.75,0.0,0
1789703720.1805823,fan,322,7,1212613.375,0.0,0.0,0.0,0.0,450638.8125,4282136.0,10331244.0,0.0,2825001.0,0.0,0.0,0.0,6398686.0,0.0,0.0,0
1789703720.249182,fan,323,7,0.0,0.0,0.0,0.0,0.0,0.0,0.0,1047776.0,720354.0,2583878.75,0.0,1938317.5,0.0,3252298.0,0.0,0.0,0
1789703720.750598,fan,325,13,0.0,13606164.0,5664010.0,655991.4375,0.0,5441881.0,0.0,5630641.0,8042019.0,0.0,0.0,12436048.0,4421489.0,12148632.0,1580469.75,0.0,0
1789703720.8771913,fan,324,10,5563185.0,16889604.0,0.0,0.0,9123756.0,0.0,0.0,0.0,366847.1875,1559857.0,0.0,7437351.0,0.0,0.0,0.0,2332020.25,0
1789703720.935613,fan,351,3,0.0,0.0,0.0,0.0,0.0,0.0,0.0,7725462.5,0.0,1343208.25,0.0,0.0,0.0,744881.125,0.0,0.0,0
1789703721.0984707,fan,301,6,0.0,0.0,3884117.0,6475899.5,0.0,0.0,0.0,2881060.5,1852440.0,0.0,0.0,0.0,0.0,2360560.0,0.0,978996.5625,0
1789703721.1940458,fan,334,19,545398.6875,1640665.875,0.0,0.0,15192156.0,0.0,5419408.5,11525854.0,26562772.0,10948244.0,0.0,2883759.5,0.0,8457582.0,4108437.5,1533565.25,0
1789703721.4473512,fan,309,8,0.0,0.0,0.0,4024402.25,0.0,583496.4375,0.0,0.0,0.0,0.0,0.0,1571084.5,4959379.5,3628307.0,2603056.5,0.0,0
1789703721.5182016,fan,338,13,0.0,0.0,2389060.25,0.0,0.0,0.0,2453929.5,10607615.0,0.0,2296048.0,3267081.0,2808895.5,2002502.625,2194619.5,0.0,949597.75,0
1789703721.5807598,fan,319,7,0.0,0.0,0.0,0.0,17333694.0,0.0,0.0,0.0,11618518.0,0.0,4129118.25,17001218.0,0.0,5206599.5,3313089.0,0.0,0
1789703721.6438563,fan,333,8,11842981.0,0.0,26320676.0,0.0,0.0,0.0,2438497.75,0.0,0.0,2398346.0,1721157.375,0.0,0.0,0.0,2115120.25,1437342.875,0
1789703721.891086,fan,334,24,1462409.125,3971285.0,6893274.0,5619750.0,5923466.0,2843489.5,5399651.0,16089324.0,0.0,3080058.0,2416514.5,0.0,2253350.5,5919292.5,0.0,2399574.75,0
1789703721.9500325,fan,346,13,1564411.75,0.0,12077329.0,403040.625,3327323.5,0.0,0.0,8597510.0,6373985.0,2540044.75,0.0,0.0,0.0,3886662.5,0.0,1463925.75,0
1789703722.1767945,fan,336,8,0.0,3214255.5,0.0,3701086.75,3057709.5,1286641.0,0.0,3749263.5,0.0,0.0,0.0,0.0,1564016.5,0.0,0.0,607833.375,0
1789703722.3663998,fan,336,9,4483430.0,0.0,4751203.0,0.0,0.0,0.0,3310057.75,15862392.0,4441264.5,0.0,0.0,0.0,4542496.0,0.0,763700.6875,1124409.0,0
1789703722.4116435,fan,328,12,0.0,0.0,2668641.0,4163688.5,1778946.5,647013.75,0.0,2605431.5,1498348.0,757055.375,0.0,0.0,963032.125,0.0,0.0,2481352.5,0
1789703722.5456328,fan,66,4,25566330.0,0.0,6847871.5,0.0,0.0,0.0,2484316.0,0.0,0.0,0.0,0.0,0.0,0.0,0.0,0.0,996079.5,0
1789703722.6642158,fan,317,11,0.0,0.0,0.0,6602299.0,0.0,0.0,11160198.0,0.0,0.0,12063338.0,0.0,8675432.0,0.0,6029098.0,3320992.0,3886984.25,0
1789703722.872318,fan,326,5,0.0,0.0,0.0,0.0,0.0,0.0,1346745.625,0.0,3018118.25,0.0,0.0,2979504.0,950680.9375,0.0,0.0,845670.8125,0
1789703722.995835,fan,329,15,1493712.75,3330925.25,1405444.75,0.0,2206068.75,0.0,7053090.5,16256704.0,2081042.125,0.0,0.0,0.0,4849636.5,3607082.25,8765786.0,4256337.5,0
1789703723.1262288,fan,329,7,0.0,0.0,0.0,6587745.5,0.0,0.0,1514948.625,0.0,0.0,0.0,6918420.0,2317493.25,3274224.0,0.0,0.0,0.0,0
1789703723.1709502,fan,326,16,0.0,0.0,0.0,4323081.0,6697205.0,713888.875,874480.75,5199009.5,3408353.5,11441248.0,0.0,0.0,3678249.75,4400880.5,0.0,4812636.0,0
1789703723.284554,fan,326,13,0.0,0.0,730811.875,3926649.0,0.0,0.0,1354464.125,1944690.5,0.0,0.0,7984643.0,2877522.25,3137646.75,1620716.125,2495094.5,0.0,0
1789703723.3381453,fan,326,14,0.0,0.0,6344058.0,11698190.0,0.0,0.0,1601121.0,10433043.0,3108356.75,4179410.75,3713017.25,5856820.5,0.0,6464836.0,1592260.625,0.0,0
1789703723.3884907,fan,329,9,1379634.5,0.0,0.0,0.0,0.0,0.0,0.0,0.0,5768097.0,4888286.0,0.0,5612924.0,1787135.625,0.0,2677350.0,1436759.875,0
1789703723.474563,fan,329,7,0.0,0.0,0.0,1739373.5,1206807.625,0.0,0.0,10961803.0,0.0,1964537.125,0.0,0.0,0.0,0.0,0.0,9251430.0,0
1789703723.6018763,fan,325,14,0.0,7185578.0,12881504.0,6838235.0,8174529.0,634533.0,0.0,10293355.0,1178177.0,0.0,0.0,3874249.5,1768586.75,0.0,0.0,0.0,0
1789703723.6713948,fan,327,13,8270199.0,0.0,2774449.75,1284796.875,7580862.5,0.0,0.0,0.0,0.0,1842990.25,2532675.0,4642795.0,1025887.75,11688586.0,1063688.625,0.0,0
1789703723.734432,fan,353,6,0.0,8508829.0,0.0,32224052.0,0.0,0.0,0.0,0.0,17411680.0,0.0,0.0,0.0,0.0,0.0,1376009.25,2742970.0,0
1789703723.79722,fan,311,8,0.0,23967544.0,0.0,39811176.0,4976525.5,8515374.0,0.0,0.0,0.0,2781139.75,0.0,0.0,5066877.5,0.0,8101010.0,0.0,0
1789703723.8603911,fan,323,7,0.0,0.0,0.0,4359474.5,0.0,0.0,0.0,7816389.0,1293384.5,0.0,0.0,8672976.0,0.0,10651271.0,0.0,0.0,0
1789703724.0770123,fan,319,9,0.0,0.0,4304129.0,0.0,1115980.5,2228522.5,0.0,0.0,0.0,0.0,1537443.625,2871732.0,2481942.5,1033590.625,0.0,8318162.0,0
1789703724.1703956,fan,298,8,5036519.0,0.0,4034113.75,10609057.0,0.0,6290289.5,8376241.5,0.0,0.0,2476568.5,0.0,0.0,0.0,0.0,0.0,0.0,0
1789703724.2288897,fan,320,16,3434322.5,4188145.5,40743512.0,731610.25,3486825.5,2032205.75,0.0,36521132.0,6618931.0,0.0,0.0,2524062.0,1477222.5,4977897.0,0.0,0.0,0
1789703724.2914963,fan,331,9,0.0,0.0,0.0,0.0,2582950.0,0.0,0.0,2956147.0,0.0,3949439.75,1802373.375,0.0,0.0,1203686.125,0.0,6009680.0,0
1789703724.3540351,fan,343,10,0.0,0.0,5731279.5,1328874.25,7113606.0,0.0,0.0,1430275.625,8712398.0,0.0,0.0,0.0,0.0,10082773.0,2243196.0,0.0,0
1789703724.4178658,fan,339,9,0.0,0.0,0.0,2106524.0,0.0,0.0,0.0,7225288.5,3636714.0,3799788.25,1109089.0,0.0,946879.75,5731432.5,0.0,2158091.5,0
1789703724.4944503,fan,345,14,4198520.0,12923511.0,0.0,2487396.0,0.0,8657186.0,5079135.0,0.0,0.0,4714494.0,5910197.0,2217179.0,829950.8125,1842906.0,0.0,8476745.0,0
1789703724.5590227,fan,333,8,0.0,0.0,10866126.0,0.0,0.0,0.0,3749841.0,0.0,0.0,2891563.75,1815319.0,0.0,9609587.0,0.0,1092173.25,3269782.0,0
1789703724.6451955,fan,322,15,0.0,1236264.0,4230498.5,2501686.5,7436996.0,4114765.0,7453271.5,18768202.0,0.0,3770635.0,0.0,1153458.25,0.0,2423633.75,0.0,11733680.0,0
1789703724.703723,fan,335,9,0.0,0.0,7840643.0,3457028.75,0.0,1053076.0,0.0,0.0,0.0,0.0,0.0,2056349.625,4635233.0,1524826.0,4944729.0,2768893.75,0
1789703724.7672706,fan,337,10,0.0,0.0,0.0,0.0,14082539.0,3194927.0,7083233.5,0.0,0.0,9749426.0,3285238.5,0.0,0.0,0.0,942478.125,1732609.625,0
1789703724.8306298,fan,352,8,0.0,0.0,0.0,0.0,10808566.0,0.0,0.0,0.0,4599561.5,2274951.0,966773.9375,0.0,0.0,0.0,1561994.25,0.0,0
1789703724.895274,fan,347,12,0.0,0.0,0.0,43347200.0,18385102.0,0.0,0.0,15201409.0,0.0,11444520.0,1381263.0,4244327.5,2320041.25,1211484.875,0.0,0.0,0
1789703724.9590383,fan,347,7,0.0,0.0,0.0,8310899.0,0.0,0.0,0.0,0.0,1192206.0,0.0,0.0,263251.4375,1433975.875,2996509.0,0.0,723355.3125,0
1789703725.0085876,fan,166,6,0.0,128780568.0,0.0,74577208.0,62133736.0,0.0,80110832.0,0.0,0.0,0.0,0.0,18071200.0,0.0,0.0,0.0,0.0,0
1789703725.1586683,fan,305,15,0.0,0.0,0.0,0.0,6099653.0,1396107.875,11664160.0,9575777.0,3869712.5,0.0,5209325.0,0.0,1683868.0,0.0,1113387.25,2318293.0,0
1789703725.4044688,fan,302,11,1692493.875,3267393.0,10963057.0,0.0,0.0,0.0,2885921.75,7868609.0,0.0,0.0,0.0,3304120.75,2899605.5,4611376.5,1776590.5,0.0,0
1789703725.474744,fan,302,8,2226643.0,1888462.0,0.0,0.0,0.0,0.0,428244.75,0.0,0.0,5756076.0,0.0,4448592.5,5559784.0,0.0,0.0,0.0,0
1789703725.520549,fan,309,17,0.0,0.0,25161224.0,6608869.5,2853046.5,930008.75,0.0,4961506.0,0.0,0.0,996313.5,8754395.0,8198418.0,1666592.625,0.0,0.0,0
1789703725.6594043,fan,337,5,0.0,0.0,3361849.0,0.0,0.0,5810645.0,0.0,0.0,0.0,0.0,0.0,0.0,0.0,5268243.0,0.0,1105310.5,0
1789703725.7228944,fan,328,10,7203885.0,0.0,0.0,1180661.25,790538.0625,3385075.5,13903055.0,25500596.0,9509886.0,4506202.0,0.0,0.0,0.0,0.0,0.0,0.0,0
1789703725.785867,fan,305,9,14011292.0,16279898.0,0.0,0.0,0.0,0.0,10456024.0,0.0,2355504.75,0.0,0.0,0.0,0.0,1564693.75,0.0,0.0,0
1789703726.1355872,fan,297,6,3171385.75,0.0,0.0,0.0,5108400.0,2230686.25,0.0,462899.0625,0.0,0.0,0.0,0.0,0.0,964971.125,2026904.0,0.0,0
1789703726.1365676,fan,343,6,3447985.0,3664366.75,0.0,0.0,0.0,208129.109375,0.0,0.0,0.0,2834278.5,0.0,0.0,0.0,1381256.625,0.0,842448.0,0
1789703726.2610552,fan,330,9,0.0,10202335.0,0.0,0.0,3598032.5,0.0,0.0,0.0,0.0,703604.625,0.0,1001960.5,0.0,4899943.0,1568376.5,5350634.5,0
1789703726.9889665,fan,325,8,0.0,0.0,0.0,0.0,504967.5625,0.0,9121854.0,12171768.0,0.0,0.0,0.0,0.0,4841988.0,6655764.0,0.0,2837619.25,0
1789703727.0473976,fan,338,7,0.0,0.0,0.0,3863667.25,0.0,0.0,0.0,0.0,0.0,4286765.5,0.0,6458825.0,2705149.0,0.0,0.0,0.0,0
1789703727.1114233,fan,303,9,27913336.0,2174346.25,0.0,1161265.25,0.0,10280362.0,0.0,0.0,0.0,0.0,0.0,0.0,0.0,0.0,0.0,5685679.0,0
1789703727.273513,fan,332,12,0.0,0.0,9866472.0,2947452.5,2119711.0,4942143.0,5522076.5,2331748.5,0.0,0.0,0.0,9849298.0,3868936.75,2231727.0,0.0,701818.25,0
