timestamp,sound_type,detected_angle,bin_count,band_0,band_1,band_2,band_3,band_4,band_5,band_6,band_7,band_8,band_9,band_10,band_11,band_12,band_13,band_14,band_15,label
1789488510.5477858,fan,274,8,1095590.25,0.0,0.0,4086259.25,0.0,0.0,6073005.0,1866727.625,3911076.0,0.0,0.0,2803190.5,1425220.5,0.0,0.0,0.0,0
1789488510.6721425,fan,316,7,0.0,0.0,0.0,4636986.0,10571288.0,0.0,0.0,0.0,0.0,4295508.5,0.0,0.0,0.0,4233725.5,3902475.75,4983462.0,0
1789488510.7347214,fan,303,8,0.0,0.0,0.0,0.0,0.0,0.0,935367.5625,0.0,0.0,5629981.0,2451175.5,2074008.625,5007153.5,1123596.25,0.0,5043741.5,0
1789488510.7970045,fan,283,8,0.0,0.0,0.0,0.0,0.0,221234.515625,1274774.75,4803487.0,5296912.5,4080719.0,0.0,0.0,1796949.625,1297365.875,0.0,457916.75,0
1789488510.8986917,fan,273,7,0.0,0.0,0.0,0.0,0.0,3940040.0,0.0,0.0,551656.75,3015614.0,6095482.0,0.0,0.0,0.0,2384364.75,0.0,0
1789488510.9629593,fan,315,6,0.0,0.0,0.0,0.0,0.0,0.0,0.0,0.0,0.0,8256099.0,0.0,8193015.0,0.0,0.0,0.0,4580913.0,0
1789488511.088578,fan,290,6,0.0,0.0,0.0,0.0,0.0,0.0,5692869.5,0.0,0.0,0.0,0.0,0.0,12996126.0,3993182.25,0.0,3156883.0,0
1789488511.1482716,fan,290,10,0.0,3703560.0,1930038.75,0.0,0.0,0.0,0.0,0.0,0.0,3538101.0,2573336.25,3738025.5,602924.6875,0.0,3406246.25,2368458.75,0
1789488511.2010627,fan,279,8,0.0,0.0,0.0,0.0,0.0,0.0,0.0,0.0,0.0,0.0,0.0,58037992.0,33693964.0,25537362.0,0.0,6206300.0,0
1789488511.2020018,fan,78,4,0.0,0.0,0.0,0.0,0.0,0.0,0.0,0.0,0.0,23208626.0,21710452.0,0.0,0.0,0.0,21181502.0,0.0,0
1789488511.2735078,fan,284,9,0.0,0.0,0.0,0.0,0.0,3979115.0,4920277.0,0.0,0.0,9763160.0,6695271.5,0.0,0.0,6810805.0,1783739.0,0.0,0
1789488511.338706,fan,279,6,0.0,0.0,286477.84375,0.0,1229209.75,4690774.5,3632404.75,0.0,0.0,0.0,0.0,0.0,0.0,0.0,1533437.75,1817108.5,0
1789488511.4031763,fan,283,7,0.0,1978213.375,0.0,0.0,0.0,700169.125,0.0,1303992.5,0.0,4937831.0,0.0,0.0,432626.75,363551.28125,0.0,3986690.5,0
1789488511.468246,fan,285,7,0.0,6514449.0,5776074.0,0.0,0.0,0.0,1927705.875,0.0,0.0,0.0,0.0,0.0,5924598.5,0.0,0.0,0.0,0
1789488511.5404782,fan,284,4,0.0,2999378.5,0.0,0.0,0.0,3160735.5,0.0,0.0,0.0,0.0,0.0,0.0,0.0,0.0,0.0,7034676.0,0
1789488511.6047242,fan,281,13,0.0,0.0,0.0,0.0,5669997.0,837443.125,0.0,0.0,0.0,11494949.0,9887072.0,2564465.0,1760832.0,0.0,3303927.5,12558112.0,0
1789488511.6705725,fan,321,4,0.0,0.0,0.0,30444000.0,1405780.75,0.0,0.0,0.0,0.0,0.0,0.0,2017777.875,0.0,0.0,0.0,0.0,0
1789488511.671461,fan,281,5,0.0,0.0,0.0,0.0,3712486.5,1659507.0,5238427.0,0.0,0.0,0.0,315047.71875,0.0,0.0,0.0,0.0,0.0,0
1789488511.7172086,fan,321,5,0.0,0.0,23741284.0,0.0,0.0,0.0,2255797.75,6708917.0,1101145.5,0.0,0.0,0.0,0.0,0.0,0.0,0.0,0
1789488511.7817526,fan,326,8,0.0,2581419.75,6020013.0,3053969.75,1549378.0,0.0,1552295.75,0.0,0.0,0.0,0.0,0.0,0.0,1216461.5,0.0,227562.109375,0
1789488511.9596677,fan,274,6,0.0,0.0,0.0,0.0,0.0,0.0,12577243.0,20118360.0,11510146.0,9807732.0,0.0,12988762.0,0.0,0.0,0.0,0.0,0
1789488512.0930195,fan,290,9,0.0,0.0,0.0,0.0,0.0,0.0,0.0,0.0,0.0,3054234.25,19888680.0,4916202.0,0.0,8457571.0,6191260.5,0.0,0
1789488512.2234247,fan,289,13,0.0,0.0,0.0,0.0,0.0,6556809.0,6046847.0,0.0,0.0,14137006.0,0.0,9497042.0,4271375.5,8256806.5,9693861.0,4662536.5,0
1789488512.2884438,fan,300,8,0.0,0.0,0.0,3372188.25,3331134.0,0.0,2633987.0,21521784.0,8175048.0,0.0,3219517.25,0.0,21625060.0,0.0,0.0,0.0,0
1789488512.3575094,fan,288,6,0.0,0.0,0.0,0.0,5717887.0,0.0,0.0,0.0,0.0,0.0,1511204.25,0.0,0.0,5276567.0,2724924.0,0.0,0
1789488512.4216535,fan,308,3,0.0,97435768.0,0.0,0.0,4973856.0,0.0,0.0,0.0,0.0,0.0,0.0,1786186.125,0.0,0.0,0.0,0.0,0
1789488512.4835963,fan,287,4,0.0,0.0,0.0,0.0,1641427.5,0.0,13235728.0,11101052.0,0.0,0.0,0.0,0.0,0.0,0.0,0.0,0.0,0
1789488512.5803282,fan,295,14,2570511.0,1260995.0,0.0,3106362.5,7459299.0,0.0,4517462.5,13015390.0,0.0,17826924.0,542884.0625,6534537.0,0.0,0.0,293151.625,3035014.0,0
1789488512.6403475,fan,298,12,519980.5,3721763.25,3650960.0,8255319.0,2726162.75,0.0,5820275.0,0.0,8252789.0,0.0,5140767.0,3152761.5,1880830.75,0.0,0.0,0.0,0
1789488512.7039452,fan,309,4,0.0,0.0,0.0,7053698.5,13731938.0,0.0,22517030.0,0.0,0.0,0.0,0.0,0.0,0.0,0.0,0.0,0.0,0
1789488512.7677114,fan,308,6,0.0,0.0,0.0,0.0,0.0,0.0,10084576.0,0.0,0.0,4023388.25,0.0,0.0,0.0,1909666.75,5824468.5,2445493.0,0
1789488512.8298993,fan,307,3,0.0,0.0,0.0,0.0,9269892.0,0.0,0.0,0.0,0.0,0.0,0.0,0.0,0.0,681414.1875,0.0,0.0,0
1789488512.8935962,fan,273,5,0.0,0.0,0.0,0.0,383464.5,0.0,4446297.0,0.0,0.0,0.0,1785855.875,0.0,1689947.25,0.0,0.0,8308692.0,0
1789488512.957083,fan,282,6,0.0,3112186.5,0.0,6708935.0,3275868.5,0.0,0.0,3911347.75,0.0,646097.875,0.0,0.0,0.0,0.0,0.0,0.0,0
1789488513.0214348,fan,303,7,0.0,4933296.0,2751844.75,0.0,0.0,0.0,1412493.625,0.0,873969.875,0.0,3624646.5,0.0,0.0,1587268.5,0.0,1035244.75,0
1789488513.0858157,fan,316,7,0.0,0.0,634276.6875,0.0,2074400.5,0.0,0.0,2550914.0,439960.40625,277276.6875,0.0,3418735.0,0.0,0.0,0.0,0.0,0
1789488513.1592994,fan,294,6,0.0,0.0,0.0,0.0,5032790.0,2735899.75,0.0,0.0,0.0,0.0,0.0,0.0,6598864.5,0.0,0.0,2356554.0,0
1789488513.2659998,fan,295,12,2306106.25,1169204.75,0.0,6784035.0,13006902.0,0.0,4189654.0,3140960.5,0.0,0.0,664763.75,5685280.0,2900367.0,0.0,0.0,1514124.0,0
1789488513.3312662,fan,299,8,0.0,0.0,0.0,0.0,20462512.0,0.0,0.0,3311333.0,0.0,2531548.75,5131598.5,0.0,2380844.5,1973047.125,0.0,0.0,0
1789488513.3937826,fan,278,12,0.0,0.0,0.0,2583189.0,6661887.0,2610745.75,0.0,0.0,2300316.5,0.0,6801859.0,0.0,0.0,2540312.5,448309.09375,4355893.0,0
1789488513.469978,fan,305,6,0.0,0.0,11010212.0,0.0,5940594.5,0.0,0.0,0.0,872313.1875,0.0,0.0,6975315.0,0.0,0.0,0.0,0.0,0
1789488513.5297303,fan,305,6,0.0,0.0,0.0,4224594.5,0.0,3006872.5,3258374.5,530875.375,0.0,0.0,0.0,0.0,0.0,4452329.5,0.0,0.0,0
1789488513.5790894,fan,274,5,0.0,0.0,0.0,7465021.0,0.0,0.0,0.0,0.0,1454848.5,0.0,0.0,11025894.0,0.0,0.0,0.0,513426.46875,0
1789488513.6433492,fan,287,6,0.0,0.0,0.0,871135.125,8141285.5,2037510.375,0.0,0.0,0.0,0.0,0.0,0.0,0.0,0.0,402966.53125,1316982.5,0
1789488513.7081454,fan,297,11,0.0,0.0,2622304.25,0.0,407063.375,0.0,3725208.25,4164808.0,1593343.75,0.0,1874023.25,0.0,1863429.375,957923.75,1388764.125,2468186.25,0
1789488513.7731216,fan,301,7,652400.375,14034677.0,0.0,0.0,0.0,0.0,0.0,0.0,0.0,383627.15625,0.0,1338047.0,7498235.0,3778110.25,0.0,0.0,0
1789488513.8360934,fan,287,12,0.0,0.0,0.0,0.0,8528547.0,6852983.5,10922515.0,0.0,0.0,0.0,0.0,7092077.5,4305572.0,0.0,1128030.875,7465860.5,0
1789488513.8997035,fan,308,6,0.0,0.0,39297236.0,0.0,2075990.125,0.0,0.0,0.0,2692509.75,2821971.25,0.0,0.0,0.0,0.0,0.0,586592.625,0
1789488513.963653,fan,309,6,0.0,0.0,27954738.0,0.0,11878202.0,0.0,0.0,0.0,6943451.0,0.0,618118.125,0.0,0.0,5601533.5,0.0,1460444.0,0
1789488514.0253344,fan,290,6,0.0,0.0,64848608.0,0.0,0.0,0.0,0.0,4595150.0,0.0,0.0,0.0,2090842.75,2467124.5,9968420.0,0.0,1193127.0,0
1789488514.088532,fan,290,9,0.0,0.0,0.0,3536521.0,10058684.0,0.0,0.0,1551089.25,2589268.5,2648299.75,0.0,2506613.0,0.0,0.0,1860025.125,0.0,0
1789488514.1392965,fan,290,6,0.0,0.0,0.0,0.0,7990422.0,0.0,6216156.0,0.0,0.0,1921524.5,8531726.0,1116796.125,0.0,0.0,0.0,0.0,0
1789488514.198656,fan,290,6,0.0,0.0,0.0,0.0,0.0,39559712.0,0.0,0.0,0.0,0.0,1254372.25,0.0,0.0,2511377.25,9377956.0,0.0,0
1789488514.2452664,fan,306,7,0.0,0.0,0.0,9183159.0,10049458.0,0.0,9606698.0,0.0,0.0,1254658.0,1721710.5,0.0,3542694.0,0.0,0.0,0.0,0
1789488514.4106534,fan,268,10,0.0,0.0,0.0,0.0,1258395.5,0.0,0.0,3975133.75,204362.765625,0.0,5063832.0,1940902.25,2400031.5,6410785.0,0.0,0.0,0
1789488514.4735022,fan,271,10,1822235.25,0.0,0.0,0.0,1144732.875,0.0,0.0,0.0,0.0,16340059.0,2161657.75,2193513.5,6809650.0,317399.53125,0.0,2578335.25,0
1789488514.5395713,fan,275,5,0.0,0.0,0.0,0.0,8201511.5,6090119.5,0.0,0.0,0.0,0.0,0.0,3989797.5,0.0,0.0,0.0,0.0,0
1789488514.6043186,fan,311,4,0.0,0.0,0.0,0.0,0.0,0.0,0.0,0.0,0.0,15575594.0,13070232.0,0.0,3787821.0,0.0,0.0,0.0,0
1789488514.6731844,fan,312,4,0.0,0.0,0.0,0.0,0.0,0.0,9146165.0,0.0,0.0,0.0,0.0,0.0,0.0,0.0,0.0,5428937.5,0
1789488514.7331483,fan,275,8,0.0,0.0,0.0,0.0,0.0,0.0,9002528.0,0.0,0.0,0.0,0.0,2755183.0,4617741.5,17478022.0,0.0,2887383.75,0
1789488514.8068542,fan,275,7,0.0,0.0,0.0,0.0,5421558.0,0.0,0.0,0.0,0.0,0.0,5317144.0,0.0,1102792.25,2449302.75,2832166.5,2017693.0,0
1789488514.8530736,fan,290,10,2364034.5,0.0,0.0,0.0,6386452.0,0.0,8409729.0,0.0,5713768.0,6554168.0,10357766.0,0.0,0.0,0.0,0.0,0.0,0
1789488514.9175472,fan,307,9,0.0,0.0,21453040.0,0.0,22004772.0,11033178.0,1575366.625,0.0,0.0,0.0,0.0,0.0,0.0,0.0,1396781.5,0.0,0
1789488514.9813888,fan,310,6,0.0,13970587.0,6946859.0,3439010.0,0.0,0.0,0.0,0.0,0.0,0.0,2046334.75,0.0,0.0,0.0,1715554.75,0.0,0
1789488515.099406,fan,287,4,0.0,0.0,0.0,124501416.0,0.0,0.0,0.0,0.0,0.0,0.0,0.0,0.0,7382562.5,3941196.75,3067740.25,0.0,0
1789488515.1829839,fan,301,6,8386513.5,0.0,0.0,2810154.0,0.0,1755012.625,1198815.875,0.0,0.0,0.0,0.0,5529090.0,586269.375,0.0,0.0,0.0,0
1789488515.2549102,fan,290,9,24905508.0,0.0,0.0,0.0,9472534.0,1813446.25,1453796.625,0.0,0.0,0.0,0.0,4878656.0,1752508.875,0.0,0.0,4642569.5,0
1789488515.3186703,fan,282,6,0.0,0.0,0.0,0.0,0.0,0.0,0.0,0.0,0.0,15028430.0,9427537.0,6964434.0,2635520.25,0.0,0.0,0.0,0
1789488515.3913605,fan,273,5,0.0,0.0,0.0,303007552.0,0.0,0.0,164479520.0,0.0,0.0,0.0,121219272.0,86226592.0,0.0,0.0,57344928.0,0.0,0
1789488515.5291724,fan,258,6,0.0,14554840.0,0.0,0.0,0.0,1221161.0,1605343.75,0.0,2895780.25,0.0,0.0,0.0,113550.09375,0.0,0.0,0.0,0
1789488515.5302749,fan,301,6,0.0,0.0,0.0,19881074.0,2393787.0,0.0,0.0,0.0,8079506.5,7214876.5,0.0,0.0,0.0,0.0,0.0,4930401.5,0
1789488515.5943356,fan,266,7,0.0,0.0,0.0,0.0,0.0,0.0,1514928.5,0.0,0.0,0.0,0.0,0.0,2176141.0,4773429.0,2043160.625,4475905.5,0
1789488515.5950518,fan,309,5,0.0,0.0,0.0,0.0,6591089.5,0.0,2285020.25,0.0,0.0,0.0,1486864.75,0.0,0.0,0.0,2051411.5,0.0,0
1789488515.65851,fan,266,5,0.0,0.0,0.0,0.0,0.0,1898872.75,681813.8125,0.0,0.0,0.0,429490.0625,2260536.5,0.0,0.0,0.0,2297884.25,0
1789488515.659404,fan,323,4,0.0,0.0,15396660.0,0.0,0.0,0.0,3588768.25,0.0,0.0,0.0,0.0,1208286.75,0.0,0.0,894189.25,0.0,0
1789488515.722051,fan,76,4,0.0,0.0,0.0,0.0,0.0,0.0,0.0,0.0,0.0,0.0,0.0,7293956.0,0.0,0.0,0.0,195078.140625,0
1789488515.7724838,fan,189,3,0.0,0.0,0.0,0.0,0.0,0.0,566523648.0,0.0,0.0,0.0,0.0,0.0,0.0,0.0,0.0,49170760.0,0
1789488515.7734911,fan,357,3,0.0,0.0,0.0,0.0,0.0,0.0,0.0,0.0,178026528.0,165590576.0,0.0,0.0,0.0,0.0,0.0,60287760.0,0
1789488515.8445394,fan,285,13,0.0,0.0,0.0,0.0,0.0,0.0,4004309.0,6690636.0,1093846.375,1552848.0,0.0,16421668.0,3491799.0,7781971.0,6981810.5,0.0,0
1789488515.943446,fan,298,8,0.0,0.0,0.0,0.0,0.0,793166.125,3876714.5,0.0,0.0,0.0,0.0,841479.125,0.0,6068069.0,0.0,1062082.625,0
1789488516.1352284,fan,250,3,0.0,79453664.0,50481528.0,0.0,0.0,0.0,0.0,0.0,0.0,0.0,0.0,0.0,0.0,0.0,0.0,1599676.75,0
1789488516.1361558,fan,291,7,0.0,0.0,0.0,0.0,0.0,7146842.5,0.0,0.0,0.0,2686746.75,0.0,3035379.0,2149584.0,0.0,3187850.0,685592.4375,0
1789488516.2001364,fan,277,8,0.0,0.0,0.0,0.0,0.0,0.0,0.0,0.0,0.0,6678182.0,6099111.5,13227073.0,0.0,5924040.5,10431619.0,0.0,0
1789488516.2660437,fan,285,4,0.0,0.0,0.0,0.0,0.0,0.0,0.0,0.0,0.0,0.0,4311319.5,0.0,0.0,752093.0625,0.0,10025322.0,0
1789488516.457247,fan,285,4,0.0,0.0,0.0,0.0,0.0,0.0,0.0,0.0,7984656.0,0.0,0.0,5065186.0,0.0,921396.3125,4077413.5,0.0,0
1789488516.5772872,fan,280,4,0.0,0.0,0.0,0.0,0.0,0.0,0.0,0.0,0.0,0.0,6139440.0,5912376.0,0.0,0.0,1263037.625,1624526.375,0
1789488516.5781262,fan,29,3,0.0,0.0,0.0,0.0,48460704.0,0.0,0.0,0.0,0.0,4598895.0,0.0,0.0,0.0,0.0,0.0,0.0,0
1789488516.8404238,fan,42,3,0.0,0.0,0.0,0.0,0.0,0.0,123174392.0,0.0,67846992.0,0.0,0.0,52554072.0,0.0,0.0,0.0,0.0,0
1789488516.9024155,fan,20,5,0.0,0.0,0.0,0.0,0.0,0.0,0.0,0.0,10994580.0,8973814.0,0.0,0.0,0.0,11996074.0,0.0,10619160.0,0
1789488517.1411538,fan,282,8,0.0,0.0,0.0,0.0,0.0,0.0,0.0,0.0,0.0,0.0,5093193.5,7706807.5,0.0,8062102.0,0.0,7560523.5,0
1789488517.2038157,fan,272,4,0.0,0.0,0.0,0.0,0.0,0.0,0.0,0.0,0.0,0.0,0.0,3108267.75,11794625.0,1828820.25,0.0,0.0,0
1789488517.2677526,fan,275,4,0.0,0.0,0.0,0.0,0.0,6237765.0,13229366.0,0.0,0.0,0.0,15077217.0,3189953.5,0.0,0.0,0.0,0.0,0
1789488517.5958107,fan,261,4,0.0,0.0,0.0,0.0,0.0,0.0,0.0,0.0,0.0,0.0,0.0,0.0,0.0,17773356.0,10344691.0,11356081.0,0
1789488517.8421583,fan,274,4,0.0,0.0,0.0,0.0,0.0,0.0,0.0,0.0,0.0,0.0,0.0,0.0,0.0,0.0,6006429.5,5233463.5,0
1789488517.8432376,fan,37,3,0.0,0.0,0.0,0.0,0.0,0.0,0.0,0.0,0.0,537747.875,0.0,0.0,1597418.875,2883955.5,0.0,0.0,0
1789488517.9171305,fan,173,7,0.0,0.0,0.0,0.0,0.0,0.0,0.0,0.0,17104994.0,26571962.0,0.0,8316400.0,8870838.0,7124307.5,14599560.0,0.0,0
1789488518.2207167,fan,239,3,0.0,0.0,0.0,0.0,0.0,0.0,0.0,0.0,26260776.0,25547374.0,0.0,21100914.0,0.0,0.0,0.0,0.0,0
1789488518.2780597,fan,293,9,0.0,0.0,0.0,0.0,0.0,0.0,7614220.0,0.0,1130608.0,0.0,5974234.5,3837312.0,1766236.5,16923028.0,0.0,2144498.5,0
1789488518.2789187,fan,252,3,0.0,0.0,0.0,0.0,0.0,6812884.5,0.0,0.0,0.0,0.0,0.0,2873503.25,0.0,0.0,3018806.25,0.0,0
1789488518.3421733,fan,286,3,0.0,0.0,0.0,0.0,0.0,0.0,0.0,0.0,0.0,0.0,0.0,0.0,20440634.0,0.0,0.0,5075008.5,0
1789488518.4068801,fan,279,7,0.0,0.0,0.0,0.0,0.0,0.0,0.0,0.0,0.0,0.0,0.0,0.0,2770295.5,22934296.0,3805208.5,4349437.5,0
1789488518.4701161,fan,282,9,0.0,0.0,0.0,0.0,9355534.0,0.0,1677847.875,0.0,362000.875,7312342.5,0.0,0.0,1267833.75,0.0,760423.25,2077084.25,0
1789488518.5398295,fan,269,4,0.0,0.0,0.0,0.0,0.0,0.0,0.0,0.0,4684180.0,0.0,3094330.5,2559023.0,5138254.0,0.0,0.0,0.0,0
1789488518.6048026,fan,350,3,0.0,0.0,0.0,120085216.0,0.0,0.0,0.0,0.0,0.0,0.0,9443231.0,0.0,0.0,0.0,0.0,0.0,0
1789488518.7840571,fan,271,8,0.0,0.0,0.0,0.0,0.0,0.0,0.0,0.0,0.0,0.0,3786975.5,0.0,1065925.375,2834408.5,11738718.0,9024115.0,0
1789488519.014996,fan,278,8,0.0,0.0,0.0,0.0,0.0,0.0,0.0,13373989.0,3113353.5,10058500.0,0.0,12228908.0,6395293.0,0.0,0.0,837640.25,0
1789488519.2228673,fan,296,3,0.0,0.0,0.0,0.0,0.0,0.0,0.0,134775312.0,0.0,0.0,0.0,8646258.0,0.0,7586552.5,0.0,0.0,0
1789488519.2892888,fan,293,7,0.0,0.0,0.0,0.0,0.0,0.0,0.0,0.0,0.0,0.0,0.0,7690882.0,13739505.0,3557093.25,2475513.0,5553817.0,0
1789488519.3990889,fan,298,5,0.0,0.0,0.0,0.0,0.0,0.0,0.0,9767701.0,0.0,4959806.0,0.0,0.0,0.0,2682771.0,1769499.625,0.0,0
1789488519.4623415,fan,289,5,0.0,0.0,0.0,0.0,0.0,0.0,0.0,0.0,0.0,0.0,0.0,0.0,19180512.0,0.0,7709704.0,6234345.5,0
1789488519.80216,fan,278,4,0.0,0.0,0.0,0.0,0.0,0.0,0.0,0.0,0.0,0.0,26474242.0,2231389.0,0.0,0.0,0.0,1485200.0,0
1789488519.9847195,fan,287,3,0.0,0.0,0.0,0.0,0.0,0.0,0.0,0.0,0.0,0.0,0.0,0.0,4344821.5,8448534.0,0.0,0.0,0
1789488520.1298018,fan,290,6,0.0,0.0,0.0,0.0,0.0,0.0,0.0,0.0,28136498.0,0.0,0.0,0.0,10980882.0,5936504.5,0.0,6992583.5,0
1789488520.526304,fan,309,5,0.0,0.0,0.0,0.0,0.0,0.0,578133376.0,0.0,303802720.0,296959488.0,0.0,169353024.0,0.0,149541792.0,0.0,0.0,0
1789488520.5959008,fan,329,3,0.0,0.0,0.0,390853088.0,0.0,208556784.0,0.0,0.0,0.0,0.0,0.0,0.0,0.0,0.0,73368112.0,0.0,0
1789488520.8273528,fan,304,3,0.0,0.0,0.0,0.0,0.0,0.0,0.0,0.0,0.0,0.0,0.0,0.0,0.0,25950410.0,0.0,0.0,0
1789488520.890397,fan,292,4,0.0,0.0,0.0,0.0,0.0,0.0,0.0,0.0,0.0,0.0,0.0,18399172.0,0.0,31879486.0,0.0,7832658.0,0
1789488521.016867,fan,292,6,0.0,0.0,0.0,0.0,42737004.0,0.0,0.0,13611844.0,9557022.0,0.0,0.0,3433457.25,8009027.0,0.0,0.0,0.0,0
1789488521.0860617,fan,290,4,0.0,0.0,0.0,0.0,0.0,0.0,0.0,0.0,0.0,0.0,0.0,20265658.0,0.0,0.0,0.0,21859260.0,0
1789488521.2721932,fan,278,5,0.0,0.0,0.0,0.0,0.0,0.0,0.0,0.0,0.0,0.0,1587851.375,0.0,12247166.0,0.0,985351.4375,1430152.5,0
1789488521.3377552,fan,286,5,0.0,0.0,0.0,0.0,0.0,0.0,0.0,0.0,0.0,4673999.5,5622895.5,0.0,0.0,2658527.25,0.0,17264656.0,0
1789488521.4024954,fan,277,5,0.0,0.0,0.0,17037570.0,0.0,0.0,4431955.0,3124792.25,0.0,0.0,1134235.625,0.0,0.0,0.0,5603422.0,0.0,0
1789488521.5320106,fan,307,9,0.0,0.0,0.0,24657054.0,0.0,6737140.0,0.0,0.0,0.0,22415248.0,0.0,2449351.5,6174814.0,2427822.5,10054937.0,4877846.0,0
1789488521.7143183,fan,298,7,0.0,0.0,0.0,8804786.0,0.0,0.0,6921775.0,0.0,0.0,1655600.625,4541804.5,2071097.25,0.0,0.0,2782997.25,0.0,0
1789488521.7795815,fan,349,4,0.0,0.0,0.0,0.0,0.0,537968.875,0.0,0.0,11341454.0,6308921.0,0.0,1150959.0,0.0,0.0,0.0,0.0,0
1789488521.7805312,fan,298,12,3931087.25,0.0,10084629.0,6391629.5,0.0,0.0,1552197.75,5807738.0,0.0,954358.125,6660372.5,0.0,13830540.0,4785041.5,0.0,0.0,0
1789488521.8542953,fan,303,3,0.0,0.0,0.0,0.0,0.0,0.0,0.0,0.0,0.0,0.0,0.0,0.0,0.0,328940.90625,0.0,6274282.0,0
1789488521.9871976,fan,83,3,0.0,0.0,0.0,0.0,0.0,0.0,0.0,0.0,0.0,0.0,0.0,0.0,0.0,0.0,12954341.0,34766376.0,0
1789488521.9881551,fan,274,4,0.0,0.0,0.0,0.0,0.0,0.0,0.0,0.0,0.0,0.0,0.0,107122328.0,29934212.0,0.0,0.0,0.0,0
1789488522.0989342,fan,287,10,18731570.0,0.0,1171472.0,0.0,0.0,3161961.75,1879470.75,0.0,0.0,0.0,0.0,3316410.0,597492.0,0.0,3895988.75,1085320.875,0
1789488522.1692898,fan,301,6,91427280.0,0.0,0.0,0.0,0.0,20785044.0,0.0,1646943.0,0.0,0.0,0.0,6428982.0,0.0,2022903.125,0.0,12934520.0,0
1789488522.321132,fan,303,11,0.0,1744575.25,3793405.0,1961285.5,230290.25,0.0,7082366.0,1068736.625,0.0,197405.328125,7012999.0,0.0,0.0,0.0,0.0,0.0,0
1789488522.416161,fan,303,9,12500492.0,6564488.0,4770647.0,0.0,0.0,0.0,0.0,0.0,0.0,7352404.5,0.0,3711178.0,0.0,0.0,2122154.75,2055006.625,0
1789488522.4619684,fan,305,7,0.0,0.0,0.0,0.0,0.0,0.0,2491870.5,381278.375,741489.8125,0.0,0.0,2150028.0,7189817.5,2205494.5,0.0,0.0,0
1789488522.5250173,fan,302,13,0.0,872845.875,353115.5,0.0,2022649.75,5568939.0,3056232.25,5083577.0,19577040.0,2095891.0,0.0,1425343.875,3052524.25,444756.71875,0.0,2390664.75,0
1789488522.6071904,fan,301,6,0.0,0.0,0.0,0.0,0.0,0.0,0.0,0.0,9874761.0,11980820.0,2966699.75,2935825.5,0.0,0.0,2522450.0,0.0,0
1789488522.666604,fan,288,11,0.0,0.0,0.0,0.0,0.0,10951310.0,0.0,940140.125,0.0,2016985.75,0.0,8942830.0,4965743.0,0.0,0.0,15982055.0,0
1789488522.780317,fan,297,5,0.0,0.0,0.0,0.0,0.0,0.0,0.0,0.0,0.0,0.0,0.0,0.0,2095335.125,5843249.5,607305.6875,1091919.25,0
1789488522.844062,fan,297,12,0.0,0.0,0.0,0.0,2151381.0,0.0,2306012.0,4882721.0,0.0,3148875.0,16034620.0,2423427.75,3904492.0,5797717.5,863101.125,326503.09375,0
1789488522.893454,fan,300,7,0.0,0.0,0.0,0.0,0.0,0.0,2158806.5,795539.6875,3245961.0,0.0,0.0,419953.25,0.0,3405360.5,2027658.0,894354.5,0
1789488522.9570904,fan,299,8,0.0,0.0,0.0,0.0,0.0,0.0,0.0,5817798.5,0.0,4397817.5,1253227.75,3020786.0,0.0,4118967.0,0.0,3308959.25,0
1789488523.0212648,fan,300,11,0.0,0.0,0.0,0.0,8436836.0,2152658.5,0.0,1480562.625,0.0,8776192.0,712051.3125,4159893.0,0.0,3162144.0,0.0,1260575.25,0
1789488523.0843134,fan,303,7,0.0,0.0,0.0,0.0,0.0,0.0,0.0,8484913.0,1085040.5,7111395.0,0.0,0.0,1388095.625,2410493.75,0.0,0.0,0
1789488523.148963,fan,324,13,0.0,0.0,6796627.0,0.0,2440720.5,6358701.0,0.0,7211480.0,4853743.5,10331514.0,0.0,2000085.5,0.0,15731778.0,4704634.5,0.0,0
1789488523.2118242,fan,303,11,0.0,0.0,0.0,965695.375,6322289.0,3547362.5,1152430.0,0.0,0.0,7748101.0,1727658.625,2128955.75,2127031.75,0.0,0.0,0.0,0
1789488523.2757516,fan,319,5,0.0,0.0,0.0,0.0,0.0,0.0,0.0,10911583.0,0.0,5587744.5,0.0,0.0,0.0,0.0,540197.75,5112244.5,0
1789488523.3385997,fan,309,12,0.0,0.0,0.0,0.0,2243248.25,0.0,0.0,14202440.0,11756120.0,2409172.0,1447955.375,6896283.5,5036044.5,7711781.0,3803127.0,0.0,0
1789488523.4008226,fan,305,10,0.0,0.0,0.0,7432091.0,7481530.0,0.0,5206680.5,7800230.5,7245385.0,0.0,844357.1875,0.0,1139186.75,0.0,4697856.5,3508719.0,0
1789488523.4636736,fan,321,8,0.0,0.0,0.0,0.0,0.0,0.0,5651852.5,11700803.0,6028143.0,0.0,3089610.0,0.0,3017833.5,5823918.0,770759.0,0.0,0
1789488523.5238926,fan,58,3,0.0,0.0,0.0,273661696.0,0.0,0.0,703635456.0,0.0,0.0,0.0,0.0,0.0,0.0,0.0,0.0,0.0,0
1789488523.6365333,fan,287,4,0.0,0.0,0.0,0.0,0.0,0.0,37308440.0,0.0,0.0,0.0,18293282.0,49630360.0,0.0,0.0,0.0,0.0,0
1789488523.6990361,fan,277,3,0.0,0.0,0.0,0.0,0.0,0.0,0.0,0.0,0.0,0.0,0.0,0.0,0.0,52744728.0,25756658.0,0.0,0
1789488523.8103173,fan,321,10,0.0,0.0,0.0,0.0,0.0,0.0,0.0,2268315.5,1782788.875,18238668.0,5515382.0,3697729.5,0.0,2861502.5,2184106.5,0.0,0
1789488523.8871253,fan,219,3,358948000.0,0.0,0.0,293806400.0,0.0,0.0,0.0,0.0,0.0,0.0,0.0,0.0,0.0,0.0,0.0,0.0,0
1789488523.938098,fan,295,13,6118348.0,0.0,0.0,0.0,0.0,2341424.25,1007300.25,7173123.0,0.0,0.0,0.0,0.0,8965456.0,8885924.0,5529892.0,6651285.0,0
1789488524.0011845,fan,294,8,0.0,0.0,0.0,0.0,0.0,0.0,1513587.125,0.0,0.0,3218733.5,963486.875,14044330.0,4386566.0,0.0,0.0,947876.3125,0
1789488524.0657048,fan,328,7,0.0,0.0,0.0,0.0,24399960.0,0.0,0.0,0.0,7869442.0,0.0,0.0,0.0,2486215.75,6620387.0,2623853.75,0.0,0
1789488524.1292772,fan,319,12,0.0,0.0,0.0,0.0,9624370.0,7997035.5,15125476.0,0.0,653078.75,2815322.0,0.0,449806.59375,632064.25,2120839.75,9542651.0,0.0,0
1789488524.1979554,fan,319,6,0.0,0.0,0.0,36991196.0,23312244.0,0.0,12357011.0,0.0,9877267.0,0.0,0.0,0.0,0.0,6503514.5,9059833.0,0.0,0
1789488524.2429626,fan,319,8,0.0,0.0,0.0,0.0,0.0,0.0,0.0,0.0,1879911.375,0.0,0.0,6579327.5,3171127.5,13867686.0,2781570.0,3954348.5,0
1789488524.2937665,fan,305,6,0.0,0.0,0.0,0.0,0.0,0.0,0.0,8276894.5,0.0,0.0,0.0,2391047.5,4829592.5,8115962.0,0.0,0.0,0
1789488524.3554084,fan,308,10,0.0,0.0,0.0,0.0,9410664.0,0.0,0.0,0.0,5881612.0,5220793.5,1481592.125,4994842.0,4779979.0,0.0,4233705.5,1944891.25,0
1789488524.418519,fan,335,10,0.0,0.0,0.0,0.0,4352179.0,0.0,0.0,0.0,6186290.0,10416993.0,2721041.25,0.0,1168375.75,5577079.0,0.0,3207634.0,0
1789488524.4819052,fan,318,5,0.0,0.0,0.0,0.0,0.0,0.0,0.0,0.0,0.0,5572122.0,0.0,0.0,0.0,1381594.5,4541233.0,3038767.5,0
1789488524.544934,fan,295,12,0.0,0.0,0.0,1308674.0,4076538.0,0.0,8177171.0,0.0,12644288.0,0.0,0.0,3822814.0,0.0,9443257.0,1865556.0,2726819.75,0
1789488524.6079135,fan,310,14,0.0,0.0,6535490.5,0.0,0.0,2944226.75,6965010.0,19476056.0,0.0,0.0,1974986.875,1244395.125,7219907.0,21578082.0,2792962.25,1739641.75,0
1789488524.6703424,fan,303,14,0.0,0.0,0.0,0.0,4183503.5,10314940.0,3842387.0,0.0,0.0,0.0,0.0,5803482.5,2795322.0,1958957.25,879597.375,7176008.0,0
1789488524.7312453,fan,291,7,0.0,0.0,0.0,0.0,0.0,2572122.5,7285369.0,0.0,0.0,2847456.5,1257075.5,0.0,0.0,0.0,0.0,4583467.0,0
1789488524.791694,fan,305,13,908594.1875,0.0,0.0,0.0,0.0,0.0,6286603.0,0.0,0.0,3972546.0,4890681.0,0.0,4257329.0,7795950.5,2949981.75,2253740.75,0
1789488524.8912644,fan,316,12,2454095.25,0.0,0.0,0.0,3584854.25,0.0,0.0,5686597.0,28746288.0,5818158.0,0.0,0.0,2994615.25,7118336.0,21688864.0,0.0,0
1789488524.9494836,fan,314,4,0.0,0.0,0.0,0.0,0.0,0.0,0.0,0.0,0.0,35538468.0,0.0,0.0,18089040.0,13921402.0,17207256.0,0.0,0
1789488525.0114956,fan,317,10,0.0,0.0,0.0,0.0,12616748.0,4676457.0,0.0,0.0,0.0,1704611.75,10366345.0,0.0,3089465.75,1592381.25,7052291.0,3574938.75,0
1789488525.0736167,fan,320,17,0.0,7605846.0,8769476.0,0.0,8744476.0,0.0,0.0,813984.9375,818795.5,1707108.5,11024381.0,2789023.0,1277489.0,5924889.0,3664826.0,5993619.0,0
1789488525.1363077,fan,320,6,0.0,0.0,0.0,0.0,0.0,0.0,0.0,0.0,6091283.0,0.0,0.0,0.0,0.0,35276712.0,12894527.0,9743954.0,0
1789488525.1876771,fan,313,9,0.0,0.0,0.0,0.0,0.0,0.0,6935866.0,0.0,0.0,0.0,23394532.0,4064763.75,0.0,5645798.5,5713685.5,0.0,0
1789488525.2505014,fan,322,12,0.0,0.0,0.0,0.0,0.0,0.0,10030194.0,0.0,0.0,4205856.0,12043223.0,18585256.0,6563007.0,0.0,14946334.0,881932.5,0
1789488525.3134422,fan,312,10,0.0,0.0,0.0,0.0,0.0,0.0,8628964.0,19644084.0,0.0,9721698.0,3041456.0,0.0,0.0,3041365.0,3039820.0,3871417.0,0
1789488525.5246217,fan,314,9,0.0,0.0,0.0,0.0,0.0,0.0,0.0,0.0,17865440.0,0.0,0.0,13515084.0,4426177.0,6625061.0,12938448.0,3205040.0,0
1789488525.5876749,fan,314,3,0.0,0.0,0.0,0.0,0.0,0.0,0.0,0.0,0.0,28065192.0,68737528.0,0.0,0.0,0.0,0.0,6881889.5,0
1789488525.636485,fan,299,4,0.0,0.0,0.0,0.0,0.0,0.0,0.0,0.0,0.0,22287368.0,0.0,0.0,7262665.5,7670945.0,0.0,0.0,0
1789488525.6994336,fan,340,3,0.0,0.0,0.0,0.0,45944072.0,0.0,0.0,0.0,0.0,0.0,0.0,0.0,0.0,2110221.75,2081007.375,0.0,0
1789488525.769063,fan,316,10,0.0,0.0,0.0,0.0,0.0,0.0,0.0,0.0,35396808.0,0.0,0.0,16770052.0,3528160.5,16865020.0,6620602.5,12236238.0,0
1789488525.831268,fan,299,9,0.0,0.0,0.0,0.0,0.0,0.0,0.0,0.0,0.0,6040900.0,0.0,0.0,3277495.5,8013278.0,18397510.0,11613903.0,0
1789488525.8931768,fan,318,16,0.0,0.0,0.0,0.0,0.0,0.0,3430436.5,22962338.0,23214960.0,13802128.0,0.0,4109760.25,5562201.5,17939218.0,8731069.0,9966115.0,0
1789488525.9553,fan,308,3,0.0,0.0,0.0,0.0,212203424.0,149109424.0,0.0,0.0,0.0,0.0,0.0,31635980.0,0.0,0.0,0.0,0.0,0
1789488526.1482859,fan,306,5,0.0,0.0,0.0,0.0,0.0,0.0,0.0,0.0,0.0,0.0,4662724.0,0.0,10853870.0,1656675.375,0.0,1402671.25,0
1789488526.198094,fan,313,9,0.0,0.0,0.0,0.0,4751219.0,0.0,0.0,0.0,4062853.25,2208550.0,3687238.5,0.0,0.0,2636337.75,15565576.0,7461161.5,0
1789488526.2613246,fan,311,12,0.0,0.0,0.0,0.0,0.0,19220978.0,0.0,0.0,4084477.0,5275938.0,0.0,0.0,5927301.5,3856105.5,5341138.0,12547453.0,0
1789488526.3290334,fan,308,5,0.0,0.0,0.0,0.0,0.0,0.0,0.0,0.0,0.0,0.0,0.0,0.0,13045787.0,18522176.0,13124725.0,0.0,0
1789488526.3982577,fan,308,5,0.0,0.0,0.0,0.0,0.0,0.0,0.0,0.0,0.0,0.0,0.0,0.0,10488655.0,0.0,22114390.0,13342446.0,0
1789488526.4479256,fan,305,7,0.0,0.0,0.0,0.0,38344760.0,13942626.0,0.0,0.0,0.0,0.0,11127804.0,546892.4375,0.0,0.0,0.0,9782680.0,0
1789488526.5727546,fan,280,5,0.0,0.0,0.0,0.0,0.0,0.0,0.0,0.0,0.0,0.0,0.0,99687264.0,0.0,8460648.0,0.0,4572879.0,0
1789488526.7440505,fan,346,4,0.0,0.0,0.0,0.0,0.0,0.0,0.0,0.0,0.0,0.0,65987000.0,68221368.0,0.0,0.0,2174610.5,0.0,0
1789488526.9107153,fan,316,10,0.0,0.0,0.0,50877076.0,0.0,0.0,0.0,0.0,0.0,4577906.5,6877851.0,0.0,7980777.5,18821484.0,9726260.0,2629902.0,0
1789488526.979279,fan,312,4,0.0,0.0,0.0,0.0,0.0,0.0,23035946.0,0.0,13209287.0,0.0,0.0,0.0,0.0,24706348.0,0.0,0.0,0
1789488527.040969,fan,312,11,0.0,0.0,0.0,0.0,0.0,0.0,3979657.0,0.0,1824284.5,10971292.0,4781710.0,44158088.0,0.0,5453256.0,0.0,6955293.0,0
1789488527.0919683,fan,319,9,0.0,0.0,0.0,0.0,0.0,0.0,0.0,0.0,4472923.0,2327701.5,0.0,1821994.625,3061948.5,3044332.25,685931.5,12649279.0,0
1789488527.1533809,fan,306,7,0.0,0.0,0.0,0.0,0.0,0.0,0.0,0.0,12215409.0,0.0,3227769.75,0.0,10359552.0,5712589.0,572777.3125,0.0,0
1789488527.2165048,fan,319,3,0.0,0.0,0.0,0.0,0.0,0.0,0.0,0.0,0.0,0.0,3244082.5,0.0,0.0,7869257.0,0.0,0.0,0
1789488527.2790728,fan,320,6,0.0,0.0,0.0,0.0,20516982.0,0.0,0.0,0.0,0.0,0.0,17939560.0,6864423.5,0.0,0.0,3495660.0,1457683.625,0
1789488527.3407328,fan,320,3,0.0,0.0,0.0,0.0,0.0,0.0,0.0,0.0,0.0,0.0,0.0,0.0,0.0,9414435.0,0.0,1654744.5,0
1789488527.386947,fan,322,12,0.0,0.0,0.0,0.0,0.0,0.0,3894914.5,0.0,4299893.0,10298572.0,0.0,1329661.0,6812115.0,12117744.0,1227446.875,2428233.5,0
1789488527.450707,fan,164,5,0.0,0.0,0.0,0.0,0.0,0.0,0.0,0.0,0.0,0.0,0.0,115523824.0,84508848.0,96711120.0,58938112.0,65758140.0,0
1789488527.5536263,fan,304,9,0.0,0.0,0.0,0.0,0.0,0.0,0.0,0.0,0.0,15329187.0,0.0,4261370.5,1880452.625,0.0,4538086.5,0.0,0
1789488527.682635,fan,285,3,0.0,0.0,0.0,0.0,0.0,0.0,0.0,0.0,0.0,0.0,0.0,0.0,6455796.5,0.0,3889413.75,0.0,0
1789488527.806821,fan,316,8,0.0,0.0,0.0,0.0,0.0,0.0,0.0,0.0,0.0,0.0,566100.75,0.0,3270859.0,8254561.0,3371511.5,0.0,0
1789488527.8706915,fan,320,12,0.0,0.0,0.0,0.0,11189527.0,0.0,7788316.0,0.0,0.0,6116245.5,0.0,0.0,4854168.0,10848970.0,1713503.625,4480084.0,0
1789488527.9329143,fan,319,5,0.0,0.0,0.0,0.0,0.0,0.0,0.0,3571282.0,0.0,0.0,0.0,2624114.25,0.0,3444957.0,2489082.0,0.0,0
1789488527.994715,fan,321,21,0.0,0.0,0.0,6362375.0,0.0,7350533.5,8118997.0,33944940.0,19313384.0,3712275.5,755071.4375,10645748.0,12919218.0,1185005.75,1119294.25,5837531.0,0
1789488528.0629523,fan,321,8,0.0,0.0,0.0,0.0,0.0,0.0,0.0,0.0,0.0,2630903.5,0.0,3851106.0,2476630.5,4921434.5,3988211.75,0.0,0
1789488528.113571,fan,321,16,0.0,0.0,1007312.0,6268088.0,6627474.5,8689457.0,0.0,8124559.0,0.0,2227004.0,4161945.5,3634215.5,0.0,6410542.0,869700.8125,0.0,0
1789488528.1892738,fan,320,18,2497011.0,0.0,295384.875,327882.9375,1117675.875,8374926.5,4928809.5,6669348.0,5226710.5,3167802.25,0.0,1054371.75,0.0,1535433.0,912515.25,3806929.0,0
1789488528.2477899,fan,321,20,6481961.0,0.0,4953817.0,5354954.0,0.0,0.0,5655084.0,1496282.625,777110.5625,0.0,10389642.0,3899877.0,6316841.5,1069181.75,7607112.0,2687926.5,0
1789488528.3097,fan,314,13,0.0,0.0,0.0,0.0,0.0,0.0,3658465.25,5020433.5,0.0,1493124.875,0.0,13266287.0,8899642.0,23572688.0,9265760.0,0.0,0
1789488528.3709924,fan,314,15,0.0,0.0,2439322.75,5588548.5,7173698.0,4889848.5,5725633.0,0.0,0.0,622797.125,2318547.5,2873699.0,4873203.5,12565322.0,3093006.75,0.0,0
1789488528.4209068,fan,279,3,377415456.0,0.0,0.0,0.0,0.0,0.0,0.0,0.0,3928268.5,0.0,0.0,0.0,2522504.0,0.0,0.0,0.0,0
1789488528.4832516,fan,308,13,0.0,0.0,0.0,0.0,0.0,0.0,4323539.0,0.0,0.0,5740251.0,162539.09375,5136577.0,872789.5625,3730978.0,7169691.0,3508017.5,0
1789488528.5472195,fan,331,7,0.0,0.0,0.0,0.0,0.0,0.0,2436536.75,0.0,0.0,2925700.0,0.0,0.0,6430808.0,5103078.0,0.0,4725353.0,0
1789488528.6102257,fan,331,3,0.0,0.0,0.0,0.0,0.0,0.0,0.0,0.0,0.0,3757485.75,0.0,0.0,3288478.5,2816739.0,0.0,0.0,0
1789488528.65693,fan,332,6,0.0,0.0,0.0,0.0,0.0,0.0,0.0,0.0,0.0,0.0,1640000.75,0.0,1436770.25,5847468.0,5321608.0,2201125.0,0
1789488528.7208817,fan,329,8,0.0,0.0,0.0,0.0,0.0,0.0,0.0,9656584.0,0.0,2492733.25,4577126.5,2896595.0,0.0,8298263.5,1303790.75,0.0,0
1789488528.7838905,fan,318,6,0.0,0.0,0.0,0.0,0.0,0.0,0.0,5454534.0,0.0,0.0,0.0,6747282.5,0.0,6432519.5,0.0,4668462.5,0
1789488528.8471081,fan,38,5,0.0,0.0,0.0,0.0,0.0,0.0,0.0,23620102.0,20181374.0,0.0,0.0,0.0,0.0,2337763.75,0.0,0.0,0
1789488528.9016423,fan,337,10,1984998784.0,0.0,0.0,0.0,0.0,433728640.0,185672064.0,0.0,121525368.0,0.0,0.0,75797856.0,174361760.0,72569456.0,0.0,0.0,0
1789488529.0215719,fan,337,11,0.0,0.0,15299591.0,0.0,1091981.75,2976700.75,0.0,10848678.0,0.0,8678347.0,6448343.0,2839518.5,0.0,0.0,0.0,0.0,0
1789488529.1737456,fan,334,11,0.0,13612234.0,25452358.0,7324866.0,1785507.75,0.0,0.0,0.0,0.0,370301.03125,4693192.5,3698802.75,0.0,3294343.75,0.0,0.0,0
1789488529.174887,fan,299,8,0.0,0.0,0.0,0.0,0.0,0.0,12815266.0,9825428.0,2021700.5,653688.0,0.0,3442812.75,5855657.0,0.0,0.0,0.0,0
1789488529.2426047,fan,327,15,0.0,0.0,1263104.75,6838509.0,5719959.5,0.0,860010.9375,5499879.0,4721304.0,10670786.0,6602624.0,0.0,7424715.0,9660218.0,0.0,1964423.5,0
1789488529.307015,fan,327,9,0.0,0.0,0.0,0.0,0.0,0.0,3283573.75,0.0,0.0,5126188.5,20570160.0,0.0,4394249.0,1630498.125,1666528.75,1319422.25,0
1789488529.3535576,fan,327,8,0.0,0.0,0.0,0.0,0.0,0.0,14981351.0,0.0,0.0,17264388.0,0.0,8760034.0,0.0,4741775.5,4244428.0,3165857.0,0
1789488529.4054785,fan,321,3,0.0,0.0,0.0,0.0,0.0,0.0,0.0,0.0,0.0,0.0,0.0,19810672.0,37237208.0,0.0,0.0,0.0,0
1789488529.51961,fan,325,10,0.0,0.0,0.0,3349864.0,0.0,0.0,9984201.0,6790142.0,0.0,3970663.0,0.0,3700531.5,0.0,743889.9375,3493795.5,6866242.0,0
1789488529.5829308,fan,337,13,0.0,10139008.0,20839628.0,0.0,13494054.0,2572986.0,0.0,0.0,5918355.0,3027877.0,274262.5,8039468.0,0.0,0.0,0.0,1694058.25,0
1789488529.646684,fan,323,20,0.0,0.0,19597850.0,11332446.0,3797387.25,0.0,2403385.5,15546197.0,10130560.0,11289734.0,19632834.0,0.0,3859461.0,570346.25,3644467.0,4680271.5,0
1789488529.7094533,fan,321,14,11131858.0,4023076.75,0.0,0.0,3449568.5,694073.5,1445642.875,0.0,1725557.625,3190205.75,0.0,0.0,4300974.0,5096872.5,6039407.5,2446989.5,0
1789488529.7772775,fan,326,3,0.0,0.0,0.0,0.0,0.0,0.0,0.0,0.0,0.0,0.0,0.0,0.0,0.0,1202241.5,1797440.375,1839632.625,0
1789488529.8393917,fan,325,12,0.0,0.0,0.0,0.0,0.0,0.0,7747075.5,9830395.0,13407419.0,10602997.0,1975930.25,0.0,7299607.0,7102298.5,0.0,17440974.0,0
1789488529.9017742,fan,308,13,0.0,0.0,0.0,12431664.0,0.0,0.0,0.0,4984632.5,4090311.75,0.0,3270285.5,13471241.0,12703173.0,2018860.125,0.0,825177.375,0
1789488529.9643128,fan,325,18,0.0,0.0,2812965.0,4443495.0,1884212.125,2540561.0,4453299.0,0.0,0.0,11254224.0,749404.875,6757761.0,0.0,3002822.5,0.0,4624584.0,0
1789488530.027097,fan,320,12,0.0,0.0,0.0,0.0,0.0,12349504.0,0.0,0.0,4924626.0,18083020.0,9819233.0,0.0,411583.84375,6782126.0,0.0,754680.25,0
1789488530.0894442,fan,325,13,0.0,2708948.0,3304842.0,0.0,1522746.75,0.0,0.0,8884818.0,0.0,871194.6875,0.0,669793.75,563208.0,6404414.5,948054.5,10203978.0,0
1789488530.152297,fan,321,24,1006128.625,3195673.75,7094347.0,10609390.0,808345.8125,1645360.0,5826910.5,26232308.0,2756106.25,0.0,9448698.0,7105502.5,0.0,18105364.0,4530265.5,3438906.0,0
1789488530.214579,fan,321,20,0.0,1277436.25,2643526.25,15132894.0,3599844.5,1122784.0,1356636.625,11446513.0,4809893.0,4438569.5,8030262.5,0.0,4713654.5,6047314.0,0.0,0.0,0
1789488530.264214,fan,321,5,0.0,0.0,0.0,0.0,0.0,0.0,0.0,0.0,0.0,0.0,0.0,0.0,17339830.0,2088297.5,0.0,2415040.0,0
1789488530.3458982,fan,317,22,0.0,0.0,19886784.0,3448596.0,10054411.0,0.0,0.0,2264250.5,3032511.0,3134638.0,9322210.0,9837172.0,5672810.0,12333031.0,3438245.0,2663158.5,0
1789488530.4036841,fan,332,11,0.0,0.0,4985008.5,860951.0625,3091843.5,2694483.75,4503130.5,614925.0625,0.0,6922556.0,4118363.0,0.0,0.0,861057.0,0.0,595490.9375,0
1789488530.4670198,fan,332,11,0.0,0.0,19854778.0,5946029.5,0.0,5960334.5,0.0,1139668.375,3295970.5,2262084.25,0.0,0.0,2039660.125,7875643.5,373821.625,3989319.75,0
1789488530.5178156,fan,317,20,887572.25,4373026.5,17117444.0,5685689.0,4185201.75,0.0,2053697.125,7535261.5,1660240.125,0.0,5054662.5,6093632.5,15812536.0,938134.75,192519.953125,4795236.5,0
1789488530.5803742,fan,306,13,0.0,4032694.0,0.0,0.0,12319563.0,3229621.5,7723743.5,0.0,1152281.375,416431.0,0.0,8504294.0,8687952.0,0.0,0.0,0.0,0
1789488530.6430204,fan,322,13,0.0,0.0,0.0,0.0,16719064.0,1599841.375,0.0,0.0,0.0,3014465.0,7444341.0,0.0,0.0,6138722.0,10775113.0,2809688.5,0
1789488530.705886,fan,321,9,0.0,0.0,0.0,0.0,0.0,3254399.5,0.0,0.0,374521.65625,1442176.875,2571136.0,0.0,0.0,4621043.5,5033613.0,11700284.0,0
1789488530.7683342,fan,329,9,0.0,0.0,0.0,0.0,0.0,0.0,0.0,7250423.5,16848640.0,6735776.5,0.0,14861852.0,0.0,1628844.875,0.0,0.0,0
1789488530.8320773,fan,331,14,0.0,24035944.0,1171403.5,6269062.0,141505.5625,0.0,2954992.0,0.0,0.0,2508823.0,0.0,5496320.0,1168822.5,3583485.5,0.0,2642334.0,0
1789488530.8962789,fan,332,12,1661505.75,6521776.5,8789056.0,862556.25,209301.375,1982138.0,0.0,0.0,0.0,0.0,3135629.75,2819193.25,0.0,4805373.0,3063524.0,6534603.5,0
1789488530.9600632,fan,320,8,0.0,0.0,0.0,0.0,24622194.0,0.0,0.0,0.0,0.0,3207271.5,7118685.0,2226457.0,0.0,3978394.0,836115.4375,1668709.875,0
1789488531.022534,fan,324,5,0.0,0.0,0.0,0.0,0.0,0.0,0.0,0.0,0.0,4206945.0,2798355.0,7016871.0,0.0,2971770.0,693855.25,0.0,0
1789488531.0848906,fan,324,7,0.0,0.0,0.0,0.0,0.0,0.0,0.0,0.0,0.0,4807509.5,7036483.0,0.0,0.0,12703388.0,3098103.5,0.0,0
1789488531.1303415,fan,323,15,0.0,0.0,0.0,0.0,9394301.0,4920495.0,2151301.0,0.0,0.0,7672645.0,783208.625,4002643.25,2092158.5,12724139.0,8334243.0,6932814.0,0
1789488531.1925418,fan,311,7,0.0,0.0,0.0,0.0,0.0,0.0,18309822.0,0.0,0.0,35943968.0,0.0,17823408.0,23427296.0,28460264.0,14239359.0,0.0,0
1789488531.25531,fan,324,5,0.0,0.0,0.0,0.0,0.0,0.0,0.0,0.0,0.0,12690214.0,8196479.5,0.0,0.0,10971940.0,14229141.0,0.0,0
1789488531.3699098,fan,179,3,451724704.0,0.0,0.0,0.0,0.0,0.0,0.0,0.0,40871824.0,0.0,0.0,0.0,0.0,20352666.0,0.0,0.0,0
1789488531.3709338,fan,4,4,339630496.0,0.0,0.0,0.0,0.0,98237344.0,0.0,0.0,0.0,47194564.0,0.0,0.0,0.0,0.0,0.0,29911486.0,0
1789488531.4416902,fan,294,3,0.0,0.0,0.0,0.0,0.0,0.0,0.0,0.0,0.0,0.0,0.0,0.0,45144528.0,0.0,12622738.0,0.0,0
1789488531.5457764,fan,311,8,0.0,0.0,0.0,0.0,4615664.0,0.0,0.0,0.0,4673508.0,0.0,0.0,6840963.0,10314639.0,0.0,3609523.0,4909929.0,0
1789488531.6092951,fan,334,13,0.0,12076910.0,0.0,4114898.0,0.0,4118687.5,0.0,0.0,22328204.0,6169226.5,8374168.0,7260195.5,0.0,0.0,0.0,3116975.75,0
1789488531.8145478,fan,172,8,0.0,0.0,0.0,0.0,0.0,0.0,0.0,0.0,0.0,0.0,0.0,42468828.0,16053618.0,12946602.0,25300568.0,25949710.0,0
1789488531.9241242,fan,311,16,0.0,0.0,10221837.0,1670366.0,13298761.0,11655379.0,1081826.25,1176394.0,0.0,2483900.0,3762879.75,0.0,8891467.0,18039974.0,0.0,674488.125,0
1789488531.988833,fan,321,14,0.0,0.0,0.0,0.0,4734803.5,0.0,0.0,0.0,0.0,9838422.0,0.0,5194634.0,5567031.0,15017046.0,20062836.0,4182147.0,0
1789488532.0633957,fan,343,10,537958.6875,7928312.0,7355456.5,0.0,0.0,0.0,1637821.875,0.0,0.0,9770105.0,0.0,3795912.0,529709.0,0.0,0.0,0.0,0
1789488532.1268814,fan,306,3,0.0,0.0,0.0,0.0,0.0,0.0,0.0,0.0,0.0,0.0,0.0,0.0,11103805.0,7670013.0,4308843.0,0.0,0
1789488532.253921,fan,332,18,0.0,0.0,5364008.0,12411165.0,7509842.5,816925.4375,1754819.375,0.0,3144349.5,5322691.0,0.0,5397210.0,1762260.875,23095206.0,15288432.0,7123159.5,0
1789488532.3172333,fan,299,4,0.0,0.0,58729116.0,0.0,0.0,0.0,21508986.0,0.0,0.0,0.0,0.0,0.0,13660842.0,10074122.0,0.0,0.0,0
1789488532.3808167,fan,322,11,0.0,44008120.0,5111883.5,0.0,0.0,0.0,0.0,0.0,0.0,10361448.0,7435409.5,2333326.0,10089702.0,24085896.0,11870776.0,2123780.25,0
1789488532.443517,fan,306,8,31224506.0,33211948.0,0.0,0.0,0.0,0.0,0.0,0.0,6700563.0,0.0,14499765.0,0.0,5118198.0,2891380.0,1080061.25,0.0,0
1789488532.554769,fan,319,18,0.0,0.0,0.0,0.0,2247039.25,5130771.0,0.0,0.0,1059146.375,3314564.5,1686554.25,8936127.0,2595930.5,12499530.0,3179109.5,1528867.25,0
1789488532.5554206,fan,14,3,0.0,0.0,55268856.0,0.0,0.0,1479721.0,1652409.25,0.0,0.0,0.0,0.0,0.0,0.0,0.0,0.0,0.0,0
1789488532.6191578,fan,320,15,0.0,0.0,0.0,0.0,0.0,0.0,0.0,16137134.0,0.0,11144030.0,5626217.0,3357406.75,4342718.0,11857643.0,12437247.0,2199055.25,0
1789488532.6828692,fan,320,9,0.0,0.0,0.0,0.0,2018078.25,0.0,0.0,662956.0,620663.625,4486619.0,0.0,3665917.5,2886593.5,0.0,6048868.5,4963254.0,0
1789488532.7329967,fan,323,15,0.0,0.0,0.0,12134492.0,0.0,5708004.5,7064814.0,0.0,7609426.0,0.0,2366162.0,12599566.0,6418262.0,1222826.25,6274630.5,5129172.5,0
1789488532.795296,fan,322,9,0.0,0.0,0.0,0.0,7318796.0,0.0,0.0,1296254.875,13621246.0,9033073.0,0.0,0.0,5658537.0,4995011.0,0.0,0.0,0
1789488532.8581774,fan,344,14,0.0,8313537.5,3044162.75,0.0,5382602.0,4290595.0,3997004.75,7201655.0,0.0,3591029.75,4365906.0,2563802.75,0.0,0.0,0.0,0.0,0
1789488532.9224877,fan,323,14,0.0,0.0,5986459.0,0.0,3840566.0,0.0,0.0,10387732.0,1066558.5,2572418.75,0.0,930716.0625,6919472.0,664862.9375,8766467.0,11999598.0,0
1789488532.986694,fan,324,9,0.0,0.0,0.0,0.0,0.0,0.0,2898669.0,5987928.5,2256508.5,1820644.375,2673767.0,9031908.0,1010714.9375,1041029.0625,0.0,0.0,0
1789488533.0479355,fan,296,9,0.0,0.0,0.0,3458945.25,0.0,2280698.5,18009792.0,0.0,0.0,0.0,0.0,5981686.0,16702894.0,0.0,0.0,1072897.125,0
1789488533.111472,fan,316,9,0.0,0.0,0.0,0.0,0.0,0.0,0.0,305298.375,8802458.0,0.0,0.0,2142360.25,4875663.0,10091074.0,3931422.5,0.0,0
1789488533.2963402,fan,331,12,0.0,0.0,1070242.75,4284584.5,4545736.0,1485027.25,6923052.0,0.0,0.0,0.0,9154745.0,0.0,1030769.875,1070885.5,2711676.25,3459570.75,0
1789488533.3553252,fan,330,10,0.0,0.0,0.0,0.0,2342483.75,794221.75,0.0,0.0,0.0,3153918.5,1507084.25,0.0,0.0,6655057.5,3743976.0,3507553.75,0
1789488533.4177244,fan,307,7,0.0,0.0,0.0,0.0,0.0,0.0,0.0,0.0,0.0,0.0,9528811.0,17546368.0,3467929.75,0.0,1599648.25,4509585.0,0
1789488533.4804547,fan,321,11,3791966.0,0.0,0.0,0.0,2337542.0,0.0,0.0,2519777.25,0.0,5960424.5,0.0,0.0,0.0,5234543.5,5759941.0,1157590.125,0
1789488533.5444813,fan,341,10,0.0,0.0,36712840.0,0.0,3792234.75,0.0,0.0,5926831.5,0.0,6967514.0,12855066.0,3220822.25,0.0,0.0,0.0,4621060.0,0
1789488533.607597,fan,328,7,0.0,0.0,0.0,0.0,0.0,0.0,0.0,3222519.5,5866793.5,16797584.0,5015610.0,0.0,0.0,3215486.25,0.0,0.0,0
1789488533.6706996,fan,312,9,0.0,0.0,0.0,0.0,0.0,0.0,0.0,3262406.25,0.0,0.0,9143909.0,12558380.0,4336498.0,638854.0625,0.0,0.0,0
1789488533.7328837,fan,326,7,0.0,0.0,0.0,9628657.0,0.0,0.0,11739197.0,0.0,0.0,0.0,4870070.0,2225139.5,0.0,6495926.0,4001893.75,8959322.0,0
1789488533.7942572,fan,316,7,0.0,0.0,0.0,0.0,0.0,0.0,0.0,0.0,9574155.0,0.0,0.0,11058758.0,3223456.25,5915367.5,2130710.0,4392127.5,0
1789488533.9167995,fan,355,7,0.0,0.0,0.0,0.0,88573808.0,0.0,0.0,0.0,0.0,28829166.0,36802036.0,24250914.0,23449514.0,18234970.0,23050424.0,0.0,0
1789488534.0362055,fan,335,7,0.0,0.0,0.0,0.0,0.0,0.0,0.0,0.0,0.0,0.0,27322168.0,0.0,0.0,7048937.0,10494627.0,11689424.0,0
1789488534.1022928,fan,56,3,0.0,0.0,0.0,0.0,0.0,0.0,0.0,0.0,0.0,0.0,0.0,0.0,0.0,5575771.5,11403834.0,0.0,0
1789488534.14806,fan,327,18,0.0,0.0,19265822.0,31973458.0,8204599.5,0.0,2480758.5,19158584.0,2916828.75,0.0,5213959.5,0.0,1186740.75,7248133.0,0.0,4074063.75,0
1789488534.2115128,fan,323,11,0.0,0.0,0.0,0.0,0.0,2185667.25,0.0,38770416.0,9396416.0,8062263.5,0.0,0.0,3838193.75,2786288.25,0.0,4267230.5,0
1789488534.343101,fan,320,17,2178660.0,0.0,0.0,4870998.0,2931681.0,977181.75,3310999.0,6571183.5,0.0,0.0,560196.25,6581921.5,4246171.5,963549.25,7562471.0,1215120.375,0
1789488534.4021466,fan,328,21,0.0,0.0,3029850.75,4456976.5,1705298.75,1673365.125,3957465.25,2972966.5,720224.375,11503392.0,5998361.0,1995913.75,8824402.0,21460334.0,5155516.0,0.0,0
1789488534.4711154,fan,328,7,0.0,0.0,0.0,0.0,0.0,0.0,0.0,0.0,0.0,10794293.0,1359956.75,0.0,0.0,2954943.75,1497633.375,1622042.25,0
1789488534.5205283,fan,307,12,0.0,0.0,0.0,0.0,27870344.0,0.0,7312136.5,3206910.5,0.0,0.0,4860747.5,0.0,12207392.0,5235972.5,6975260.0,1589238.375,0
1789488534.5831258,fan,311,5,0.0,0.0,0.0,0.0,0.0,0.0,59623712.0,0.0,0.0,0.0,0.0,3101326.5,1871944.75,573930.3125,7594635.0,0.0,0
1789488534.6456535,fan,309,16,0.0,0.0,3683002.5,0.0,554580.5,3050850.0,0.0,3136840.0,0.0,1061946.5,3701234.0,3973559.5,4463790.0,5330270.5,414286.15625,1911793.125,0
1789488534.7091274,fan,291,7,0.0,0.0,0.0,0.0,0.0,0.0,0.0,0.0,0.0,3370483.0,0.0,0.0,7127437.0,4294800.5,6634755.5,0.0,0
1789488534.779713,fan,326,16,0.0,0.0,6877016.0,7123464.0,2213004.75,0.0,0.0,0.0,0.0,3193822.0,3305200.5,6596465.5,8787597.0,4005964.5,10308936.0,3842986.5,0
1789488534.8442845,fan,323,16,0.0,0.0,4735267.5,3291995.75,12110965.0,5569441.5,0.0,3982886.25,3639524.0,1200002.75,4885898.0,2192703.5,2880150.0,9476764.0,0.0,3162572.5,0
1789488534.9061048,fan,309,17,238440.546875,301218.125,3198762.75,10731280.0,9172060.0,0.0,0.0,1883324.375,0.0,1908338.125,0.0,12800400.0,0.0,7152870.5,701469.25,662504.0625,0
1789488534.9692514,fan,318,16,14098935.0,0.0,4015954.5,13591466.0,0.0,0.0,0.0,1015181.1875,5347939.5,3327081.75,2454184.5,2289253.25,2323478.75,8191171.5,4511141.0,4061159.0,0
1789488535.0379777,fan,315,15,0.0,4264834.0,10018726.0,946688.625,0.0,0.0,3336273.5,5519079.5,0.0,760354.5,1878399.875,0.0,6455669.5,3300973.0,7126514.0,5386826.0,0
1789488535.1106725,fan,327,19,0.0,4519189.5,13565622.0,2745104.75,3804397.5,0.0,0.0,0.0,2630583.25,8207475.5,2420898.25,0.0,7716231.5,7571341.0,4494613.0,12548969.0,0
1789488535.2193367,fan,311,20,0.0,0.0,0.0,0.0,2116250.25,2452324.75,8530781.0,6530847.5,1137568.875,11315337.0,3777458.0,8432473.0,2650377.75,0.0,5723253.5,0.0,0
1789488535.2824643,fan,312,11,0.0,0.0,7659075.5,4405624.5,0.0,2201245.25,914357.875,0.0,12634730.0,5954266.0,0.0,2438671.5,4967754.0,0.0,2442781.25,339710.9375,0
1789488535.3446338,fan,301,8,0.0,0.0,0.0,0.0,0.0,0.0,4936222.0,0.0,0.0,3922524.0,0.0,0.0,12685351.0,5944437.0,1620853.5,0.0,0
1789488535.4068747,fan,312,14,0.0,0.0,0.0,4761158.0,1354021.5,922564.0,1784187.875,456198.59375,0.0,0.0,0.0,0.0,2506218.25,8211575.0,1820228.125,4031472.0,0
1789488535.4693391,fan,280,4,0.0,0.0,0.0,0.0,0.0,49598924.0,0.0,0.0,0.0,0.0,0.0,5988904.5,4050994.5,0.0,0.0,0.0,0
1789488535.5328157,fan,312,18,0.0,0.0,16017834.0,0.0,0.0,7381322.5,0.0,1258878.5,1115011.375,2064258.375,3033588.5,1439146.125,4117199.5,13260977.0,1427848.75,6946689.0,0
1789488535.5953405,fan,312,13,0.0,0.0,9073292.0,0.0,0.0,0.0,12457547.0,5765635.0,0.0,8689211.0,1950361.25,0.0,4369522.0,26175240.0,316988.6875,0.0,0
1789488535.644993,fan,315,12,0.0,0.0,7371897.0,3199084.25,1183765.625,0.0,0.0,1564831.125,4795397.5,0.0,0.0,1922439.25,505473.875,695105.625,3913644.0,716673.375,0
1789488535.7079084,fan,319,3,0.0,0.0,0.0,0.0,0.0,0.0,0.0,0.0,0.0,30633054.0,0.0,0.0,18142480.0,0.0,6158600.0,0.0,0
1789488535.766178,fan,315,3,0.0,0.0,0.0,0.0,0.0,0.0,0.0,0.0,0.0,0.0,0.0,0.0,0.0,21655098.0,11071168.0,0.0,0
1789488535.8265367,fan,312,11,0.0,0.0,0.0,0.0,2603076.5,0.0,9659360.0,1013666.3125,0.0,1816776.625,0.0,523525.84375,1546125.5,0.0,5757954.0,6975571.0,0
1789488535.8875456,fan,312,3,0.0,0.0,0.0,0.0,0.0,0.0,0.0,0.0,0.0,0.0,9319234.0,0.0,0.0,4591117.5,0.0,4979201.0,0
1789488535.9385428,fan,312,5,0.0,0.0,0.0,0.0,95099424.0,0.0,51616908.0,53304508.0,0.0,0.0,0.0,0.0,0.0,19407358.0,0.0,14893030.0,0
1789488536.0005276,fan,312,10,0.0,0.0,8281235.5,0.0,0.0,0.0,664479.375,0.0,0.0,0.0,0.0,8690886.0,8971353.0,4008580.5,10456706.0,0.0,0
1789488536.0461144,fan,329,11,0.0,0.0,0.0,0.0,0.0,0.0,0.0,0.0,1528712.0,14841514.0,817947.625,0.0,1789021.5,5903427.5,10721878.0,2295195.0,0
1789488536.109291,fan,324,21,0.0,0.0,5168090.5,6897817.5,795174.25,6815364.0,4471664.0,3707759.25,3380076.25,4571484.5,5396687.0,10263846.0,888304.6875,5566750.0,5574030.0,1259623.5,0
1789488536.1734538,fan,322,12,497769.0625,0.0,0.0,0.0,0.0,2028660.25,0.0,0.0,2372158.25,2409340.0,12398180.0,1891968.0,2129335.75,11163281.0,0.0,3763127.0,0
1789488536.242435,fan,330,18,0.0,790727.625,12208356.0,25492132.0,7129818.0,1031766.875,573347.375,0.0,3336172.5,5682658.0,0.0,0.0,2137485.25,2790811.5,4598103.5,0.0,0
1789488536.305906,fan,322,9,0.0,0.0,0.0,0.0,0.0,0.0,0.0,0.0,0.0,11063864.0,19006910.0,0.0,0.0,3769428.5,3307429.0,19538406.0,0
1789488536.3691554,fan,319,16,0.0,0.0,14473967.0,0.0,12869064.0,2339289.75,7564279.0,7705809.5,3399934.5,3776091.0,704440.625,0.0,0.0,1680006.5,10462967.0,2020679.5,0
1789488536.4316177,fan,319,19,0.0,46091164.0,0.0,297170.8125,692373.0,2035675.25,616045.9375,10460866.0,1370058.0,2904702.5,6644075.0,2236023.25,14278828.0,17980716.0,12040426.0,3501991.25,0
1789488536.481382,fan,318,9,0.0,0.0,0.0,0.0,0.0,0.0,0.0,0.0,0.0,10961634.0,5772090.0,8536848.0,523063.5,9349516.0,0.0,0.0,0
1789488536.5431006,fan,319,10,0.0,0.0,0.0,6231751.0,0.0,2334053.75,0.0,2173176.5,0.0,16061869.0,3602893.0,0.0,0.0,2879368.5,2099506.0,4665493.5,0
1789488536.6043198,fan,318,5,0.0,0.0,0.0,0.0,145950352.0,0.0,0.0,0.0,0.0,20772560.0,21382620.0,15325028.0,0.0,0.0,0.0,0.0,0
1789488536.6661386,fan,318,24,9471104.0,0.0,2195702.75,3650411.0,3300670.25,7245873.0,4103052.25,12907922.0,3280616.0,5964273.0,11179366.0,3666999.75,1132647.125,6887152.0,5218325.0,1603634.0,0
1789488536.7238703,fan,318,6,0.0,0.0,0.0,0.0,0.0,0.0,0.0,0.0,2902646.75,2495154.5,0.0,0.0,1525730.125,809184.25,349329.75,1130777.5,0
1789488536.768886,fan,318,4,0.0,0.0,0.0,0.0,0.0,0.0,0.0,0.0,0.0,0.0,0.0,3811929.25,0.0,3489953.0,0.0,6766542.5,0
1789488536.815313,fan,318,7,0.0,0.0,0.0,0.0,43813236.0,9600638.0,0.0,0.0,0.0,18976216.0,0.0,1633591.25,0.0,2475096.0,0.0,1228970.75,0
1789488536.8656616,fan,332,9,0.0,0.0,0.0,0.0,0.0,0.0,0.0,0.0,8535110.0,8080490.5,8858528.0,0.0,0.0,4710746.5,1272435.75,3813463.75,0
1789488536.9290023,fan,333,6,20962474.0,0.0,0.0,0.0,1053853.25,0.0,0.0,0.0,15650798.0,0.0,0.0,0.0,0.0,0.0,0.0,9631290.0,0
1789488536.9302251,fan,296,8,0.0,0.0,0.0,2700039.5,0.0,872005.5,6392830.0,6740955.0,0.0,1038779.8125,2969142.25,0.0,0.0,0.0,0.0,0.0,0
1789488537.0079842,fan,321,21,1860275.75,5452186.0,8369513.0,5014827.0,14170151.0,2550995.0,2568864.25,2503202.0,0.0,1948508.25,1759609.875,0.0,11369430.0,22816488.0,11522495.0,812500.9375,0
1789488537.0669253,fan,319,22,0.0,24339650.0,42471784.0,9824157.0,7362524.0,1968075.75,1695358.875,0.0,3766534.25,0.0,3784732.0,15093593.0,3864119.25,1430462.375,2592849.5,10968138.0,0
1789488537.1294873,fan,314,10,0.0,0.0,0.0,0.0,0.0,0.0,37206884.0,0.0,0.0,0.0,0.0,8218540.5,3443210.5,12062270.0,4417075.0,3665858.5,0
1789488537.1909893,fan,310,10,0.0,0.0,0.0,0.0,0.0,0.0,0.0,2276761.0,0.0,4489701.0,18869212.0,13635298.0,4219595.0,0.0,0.0,0.0,0
1789488537.253162,fan,321,10,0.0,0.0,0.0,30788176.0,0.0,0.0,0.0,6976220.5,12060146.0,20735152.0,0.0,0.0,3713462.5,6769198.5,0.0,2694464.75,0
1789488537.3152332,fan,324,16,0.0,0.0,0.0,13171342.0,0.0,2744838.5,1143095.75,0.0,1002380.25,12185487.0,10214368.0,5782092.5,0.0,6119171.0,4743110.0,700185.1875,0
1789488537.3774867,fan,324,21,0.0,0.0,8201586.0,5690799.5,3916334.0,4654505.5,7000990.0,1243699.875,6086431.5,19989470.0,0.0,5126992.5,1836436.0,0.0,1148898.625,1219560.625,0
1789488537.4286926,fan,327,14,0.0,0.0,2864363.5,0.0,2403962.5,9518845.0,1731123.875,0.0,0.0,9882763.0,12418891.0,0.0,0.0,0.0,14174542.0,4412419.5,0
1789488537.4913037,fan,327,9,0.0,0.0,0.0,0.0,0.0,0.0,0.0,1782790.875,4411881.5,12928714.0,0.0,0.0,0.0,4389512.5,3444919.5,0.0,0
1789488537.5369275,fan,322,6,0.0,0.0,0.0,0.0,0.0,0.0,0.0,0.0,0.0,10925300.0,4971708.0,0.0,1156659.25,23308892.0,0.0,0.0,0
1789488537.9579103,fan,316,16,0.0,0.0,2196001.0,12011918.0,2100633.25,0.0,0.0,23991822.0,0.0,1216421.375,0.0,6038647.0,685819.3125,13550442.0,4569745.0,4455900.0,0
1789488538.016489,fan,316,10,0.0,0.0,0.0,0.0,0.0,0.0,0.0,818509.375,0.0,3172736.75,2321900.25,12478567.0,15847070.0,1503001.875,931490.625,0.0,0
1789488538.0659895,fan,309,17,0.0,0.0,0.0,0.0,0.0,524822.75,5451914.5,6855389.0,0.0,3577474.0,1091994.5,9490497.0,8703582.0,0.0,11301538.0,4071866.25,0
1789488538.1282651,fan,317,19,0.0,0.0,6102728.0,14476937.0,1920622.625,186040.0625,1513662.25,10171400.0,1969842.875,4769170.5,2385547.5,527695.25,4686394.0,15123494.0,6494468.0,0.0,0
1789488538.2757998,fan,316,22,0.0,0.0,4497125.5,9366371.0,12691924.0,0.0,1773130.125,9355457.0,11818559.0,0.0,2522561.5,0.0,5532472.0,13623840.0,4222931.0,11250958.0,0
1789488538.333075,fan,316,9,0.0,0.0,0.0,0.0,0.0,0.0,0.0,829686.375,0.0,10670304.0,14036664.0,0.0,0.0,3977183.5,0.0,7632208.0,0
1789488538.4346268,fan,325,10,0.0,0.0,0.0,0.0,1578792.25,0.0,573962.5625,0.0,2885233.5,0.0,1354058.75,7841902.0,0.0,6265540.5,9982742.0,0.0,0
1789488538.491712,fan,296,14,0.0,0.0,0.0,0.0,6182672.0,0.0,3818221.0,5696941.0,0.0,2987125.5,805910.125,13264611.0,3535927.5,149458.515625,0.0,0.0,0
1789488538.5551152,fan,324,7,0.0,0.0,0.0,0.0,0.0,0.0,0.0,0.0,0.0,3538096.25,0.0,0.0,5153931.5,6158775.0,2266015.25,7689562.0,0
1789488538.6189644,fan,315,10,0.0,0.0,0.0,0.0,1237548.5,0.0,3968477.5,0.0,0.0,11001746.0,0.0,7599589.0,6909648.5,1734114.25,5365074.0,0.0,0
1789488538.6812413,fan,327,7,0.0,0.0,0.0,0.0,0.0,0.0,0.0,3379445.5,0.0,15985344.0,0.0,2861012.0,1901146.25,2095434.375,0.0,480583.625,0
1789488538.8392572,fan,289,10,0.0,0.0,0.0,0.0,0.0,0.0,5268626.5,2911571.25,0.0,2702664.0,0.0,7768251.5,0.0,2231348.0,3785277.25,0.0,0
1789488538.9031322,fan,319,15,12054181.0,0.0,42034304.0,0.0,1736387.125,0.0,2949588.75,0.0,2052335.75,0.0,0.0,8564548.0,13252663.0,30211264.0,8037124.0,2054364.25,0
1789488538.978673,fan,313,18,0.0,0.0,4933017.5,0.0,0.0,0.0,1511604.75,4352474.0,1428948.625,15382308.0,5378319.0,7585155.5,2338203.5,10251930.0,4595641.0,0.0,0
1789488539.0484097,fan,315,14,3131751.5,2798128.0,658406.375,7795472.0,0.0,0.0,0.0,0.0,546679.125,0.0,2839919.0,2956951.5,7789654.0,0.0,7991880.0,0.0,0
1789488539.156706,fan,325,11,0.0,0.0,0.0,0.0,0.0,0.0,2181491.5,6440220.0,0.0,5946889.5,8250673.0,0.0,0.0,14524312.0,4987631.5,2495600.5,0
1789488539.220317,fan,325,21,0.0,7685274.0,1051989.25,0.0,1218858.75,0.0,1825268.5,4705133.0,3028485.0,10029028.0,6507177.5,10036113.0,3185933.5,8947108.0,8234316.0,11532334.0,0
1789488539.2700229,fan,322,4,0.0,0.0,8419244.0,0.0,2338290.0,7808494.0,3152162.0,0.0,0.0,0.0,0.0,0.0,0.0,0.0,0.0,0.0,0
1789488539.332793,fan,318,17,0.0,0.0,20753274.0,14412360.0,7977920.5,6344136.0,2985358.25,4303607.0,0.0,0.0,2518611.5,0.0,1913994.125,11555242.0,5555320.0,0.0,0
1789488539.3947003,fan,318,7,0.0,0.0,0.0,0.0,0.0,0.0,3848039.0,650328.8125,3148148.25,2393047.0,0.0,0.0,0.0,413186.625,1761138.0,1681524.25,0
1789488539.440591,fan,315,16,0.0,0.0,0.0,0.0,10484523.0,0.0,2431100.0,8512560.0,15942787.0,2720818.5,0.0,421858.0625,3284991.0,8405960.0,2312211.75,9633241.0,0
1789488539.5037596,fan,315,3,0.0,0.0,0.0,0.0,0.0,0.0,0.0,0.0,0.0,0.0,10507538.0,0.0,0.0,8874848.0,3607752.75,0.0,0
1789488539.6008384,fan,314,11,0.0,0.0,0.0,0.0,0.0,0.0,902239.125,3248169.25,7676094.0,10028302.0,4496335.0,6568014.5,2339081.5,0.0,2063218.75,4412068.5,0
1789488539.662647,fan,306,10,0.0,0.0,0.0,0.0,10942758.0,0.0,0.0,0.0,0.0,832029.1875,750365.0,0.0,1578516.25,10431752.0,0.0,3280919.0,0
1789488539.725281,fan,324,12,0.0,0.0,0.0,0.0,0.0,0.0,0.0,0.0,8710398.0,8076811.5,3674146.5,0.0,9442304.0,1354352.25,4379501.0,5867391.0,0
1789488539.7878358,fan,324,18,0.0,15893530.0,0.0,20929192.0,10814250.0,4185116.0,2370245.0,0.0,0.0,2490776.5,2405436.5,5491893.0,0.0,3122270.5,15017195.0,7375946.5,0
1789488539.8621786,fan,310,14,0.0,0.0,0.0,4731439.0,0.0,0.0,0.0,0.0,3718145.0,1633371.375,3119492.75,4849730.5,14691759.0,6221380.0,4291847.5,7600021.5,0
1789488539.9212375,fan,323,19,0.0,0.0,0.0,461140.1875,2693782.0,470406.90625,815409.0625,842035.5,2965000.5,3699668.25,1069981.0,0.0,8239303.5,8725774.0,7730786.5,8228949.0,0
1789488539.9945602,fan,313,20,2921874.0,6070893.0,13044292.0,13546210.0,0.0,1035118.8125,1778476.0,7967545.5,1800514.0,0.0,11307828.0,10334035.0,0.0,1441772.125,1198724.75,1443141.25,0
1789488540.0562382,fan,313,11,26510966.0,0.0,0.0,0.0,7278871.0,0.0,25283696.0,0.0,0.0,5742191.0,2220571.25,9288613.0,0.0,0.0,1773241.125,1321272.375,0
1789488540.1153975,fan,320,12,0.0,0.0,10198925.0,0.0,0.0,1992501.5,1240805.25,0.0,0.0,26938460.0,0.0,3569872.75,3771199.25,13663858.0,3873283.0,0.0,0
1789488540.1739748,fan,328,18,0.0,12868808.0,35365188.0,0.0,4753735.0,0.0,0.0,0.0,698576.0,9501776.0,0.0,1817757.5,2265517.25,7650091.0,8658241.0,6197384.0,0
1789488540.2370512,fan,326,21,168870.578125,0.0,13796285.0,0.0,2953320.0,2941645.0,6154959.0,0.0,19016624.0,9111294.0,5928760.5,1333906.375,636284.0625,5684996.5,8865104.0,9357184.0,0
1789488540.3010135,fan,324,8,0.0,0.0,0.0,0.0,0.0,0.0,0.0,8141467.5,0.0,1897716.25,5458952.5,2346450.5,2765884.25,0.0,1894801.375,3842909.25,0
1789488540.3636816,fan,292,6,0.0,0.0,0.0,0.0,0.0,0.0,1699732.75,0.0,0.0,0.0,0.0,17800264.0,18151902.0,893522.75,0.0,0.0,0
1789488540.428122,fan,328,17,0.0,0.0,17225804.0,29080508.0,2269540.75,262976.84375,0.0,3349953.25,0.0,2316411.0,1865353.125,0.0,0.0,31936744.0,1107066.125,13165526.0,0
1789488540.4918766,fan,328,15,0.0,0.0,0.0,0.0,0.0,4516406.5,16134848.0,1974086.375,0.0,12736802.0,2052708.75,6092032.0,9674197.0,3201199.5,0.0,1415138.5,0
1789488540.5413587,fan,313,9,0.0,0.0,0.0,0.0,0.0,0.0,0.0,15610384.0,0.0,2741418.0,321376.9375,3337470.25,1480118.875,3411711.5,0.0,3443383.75,0
1789488540.603196,fan,329,7,0.0,0.0,0.0,0.0,0.0,0.0,0.0,0.0,0.0,18052652.0,2981294.0,0.0,0.0,3116660.0,1439205.75,4670378.0,0
1789488540.6656833,fan,315,11,4381297.5,0.0,2517198.0,2089823.625,0.0,0.0,0.0,2515121.5,0.0,0.0,4607625.0,5745844.0,0.0,12469796.0,0.0,6086843.0,0
1789488540.72784,fan,306,11,0.0,0.0,33520594.0,0.0,0.0,0.0,0.0,4214106.0,0.0,2061606.625,6057626.0,14869062.0,4310096.0,2708663.5,1531134.75,0.0,0
1789488540.812976,fan,309,12,0.0,0.0,9610421.0,853778.0625,0.0,2709275.5,1932575.5,16193656.0,0.0,6014870.0,3395512.75,0.0,0.0,1675116.125,4285198.0,933487.25,0
1789488540.8711774,fan,309,9,0.0,0.0,0.0,0.0,0.0,0.0,0.0,6084742.0,0.0,2634991.5,4856277.0,4168301.0,1653255.25,1609802.5,5580435.5,7000636.0,0
1789488540.9206817,fan,329,19,0.0,0.0,30426800.0,3748043.5,2222472.5,5209915.0,0.0,9346487.0,18731712.0,11766220.0,592100.75,4682160.0,0.0,1887406.75,2704792.5,315832.21875,0
1789488541.0044,fan,333,12,0.0,4584868.0,25713198.0,0.0,3068084.0,0.0,2258602.5,8354447.0,3127458.75,0.0,0.0,3694032.0,0.0,7698706.5,5558366.0,0.0,0
1789488541.0644505,fan,333,19,0.0,29495250.0,35331272.0,5510601.5,4022497.25,3747446.5,8848754.0,5124961.0,6989358.0,0.0,1964395.25,0.0,11570858.0,14026756.0,1240219.875,1897982.75,0
1789488541.1149893,fan,315,18,0.0,23622836.0,35295360.0,9672080.0,0.0,0.0,0.0,0.0,18519304.0,356831.46875,1034688.5,3149267.0,4917857.0,9043096.0,5633343.0,4197990.0,0
1789488541.1770203,fan,315,14,0.0,0.0,0.0,0.0,6989195.5,10147516.0,4681825.5,30190416.0,18531078.0,0.0,2197490.75,0.0,10142845.0,2271222.75,5110506.0,0.0,0
1789488541.2261858,fan,320,15,0.0,0.0,0.0,0.0,0.0,0.0,1881387.875,0.0,13048518.0,18735764.0,0.0,8152636.5,5354835.5,7555828.0,2250830.0,3404665.75,0
1789488541.2838001,fan,320,3,0.0,0.0,0.0,0.0,0.0,0.0,90529080.0,0.0,0.0,0.0,0.0,0.0,0.0,13582144.0,0.0,3797845.75,0
1789488541.3793094,fan,318,11,0.0,0.0,0.0,0.0,0.0,3792116.0,0.0,0.0,0.0,15183042.0,9826694.0,6801426.5,4182003.5,6960175.0,1803937.25,915844.9375,0
1789488541.4413686,fan,331,9,0.0,0.0,0.0,0.0,22991332.0,0.0,0.0,0.0,0.0,4127070.0,0.0,2860336.5,5711826.0,9338304.0,14349226.0,1380541.625,0
1789488541.5029657,fan,305,13,0.0,0.0,0.0,0.0,9914850.0,5705205.0,0.0,0.0,0.0,3939224.5,3749107.25,10290846.0,1944590.25,6165236.0,0.0,0.0,0
1789488541.57854,fan,311,14,0.0,0.0,0.0,2547121.0,8136499.0,2098376.25,0.0,30467404.0,0.0,4280006.0,0.0,7176258.5,4820556.5,8773002.0,0.0,0.0,0
1789488541.6367264,fan,323,21,0.0,11475278.0,0.0,21143356.0,9528391.0,10908335.0,0.0,3829864.5,2753199.5,5014025.5,10693062.0,1334261.5,4071009.25,8962856.0,24525888.0,1954884.625,0
1789488541.7109404,fan,323,13,0.0,0.0,0.0,0.0,700978.5,224736.78125,1889359.625,0.0,0.0,340259.4375,2788868.0,5790051.0,402277.75,18823152.0,1811477.5,1159970.375,0
1789488541.7694833,fan,325,7,0.0,0.0,0.0,0.0,0.0,0.0,0.0,0.0,0.0,0.0,0.0,5228918.0,0.0,9712262.0,11052958.0,0.0,0
1789488541.828011,fan,325,8,0.0,0.0,0.0,0.0,0.0,0.0,0.0,0.0,4737231.0,25226336.0,1225503.125,0.0,0.0,3190479.5,843563.125,0.0,0
1789488541.877788,fan,317,14,0.0,0.0,16237100.0,10763590.0,0.0,2474846.5,1289636.0,3504928.0,3026273.25,5154088.5,3850822.5,2481421.5,6226055.0,3311738.5,3770988.0,1631964.5,0
1789488541.9401677,fan,318,20,0.0,0.0,26485446.0,10773818.0,7356224.5,4541492.0,0.0,14555768.0,4292570.5,2110391.0,8134614.0,223080.3125,5416424.0,9083363.0,4632096.0,0.0,0
1789488542.0030072,fan,320,19,12088182.0,24729252.0,43968408.0,15857924.0,0.0,0.0,6483783.0,2387954.5,2477613.75,4651109.0,2785706.5,5415014.0,0.0,7271911.5,2626469.0,5362268.0,0
1789488542.0653317,fan,324,15,0.0,43038044.0,0.0,0.0,0.0,3497456.5,6467754.5,5827657.5,2097593.0,0.0,5150391.0,0.0,1544811.875,17422982.0,9185066.0,526239.1875,0
1789488542.1274042,fan,322,17,0.0,0.0,6957451.0,3008775.25,3148248.75,3721155.0,0.0,0.0,18714392.0,25031646.0,6835565.0,5933445.0,0.0,3838237.0,0.0,4202398.0,0
1789488542.1896257,fan,321,21,0.0,8106207.0,0.0,2344067.75,0.0,1625451.375,8828660.0,2827481.25,2249488.5,10898630.0,9259964.0,8980879.0,0.0,8933356.0,5470676.0,1668466.375,0
1789488542.251623,fan,314,9,0.0,0.0,0.0,4003892.0,0.0,0.0,0.0,0.0,0.0,9056850.0,3755243.5,11600406.0,3369631.5,10686680.0,0.0,2417685.5,0
1789488542.3368366,fan,315,10,0.0,0.0,0.0,0.0,31314716.0,0.0,14952137.0,0.0,0.0,0.0,4073722.75,9551987.0,1250916.0,7103547.5,0.0,1859412.5,0
1789488542.3947387,fan,316,10,0.0,0.0,0.0,0.0,5188548.0,0.0,3686746.0,501286.625,0.0,3936958.5,0.0,6090206.0,0.0,1173170.5,1027114.125,3091566.0,0
1789488542.4564104,fan,332,11,0.0,0.0,41398848.0,0.0,2520988.5,0.0,2484973.0,0.0,3678087.0,9549851.0,0.0,4116809.0,3828315.5,2674113.25,11333897.0,0.0,0
1789488542.5191302,fan,311,6,0.0,0.0,0.0,0.0,0.0,0.0,6948066.0,0.0,0.0,0.0,0.0,7116052.0,2672778.75,27253840.0,0.0,0.0,0
1789488542.581386,fan,308,11,0.0,0.0,2339610.5,0.0,3051250.5,411772.46875,0.0,0.0,0.0,0.0,0.0,9370577.0,3905758.25,3117866.0,0.0,9077192.0,0
1789488542.655424,fan,312,11,0.0,0.0,0.0,0.0,0.0,0.0,0.0,5497495.0,0.0,5600559.5,6422644.5,3149099.5,1411638.875,4467374.0,3026248.0,2129966.0,0
1789488542.7248805,fan,330,8,0.0,0.0,0.0,0.0,0.0,0.0,0.0,0.0,0.0,1135077.5,9986194.0,3413090.0,5499336.0,3836561.0,0.0,2284039.0,0
1789488542.7875574,fan,314,10,0.0,0.0,0.0,28436340.0,33655740.0,0.0,0.0,9420852.0,0.0,0.0,28324156.0,12836638.0,30812778.0,21828202.0,4026980.0,3394148.0,0
1789488542.8501267,fan,312,6,0.0,0.0,0.0,24746304.0,0.0,0.0,0.0,13408776.0,0.0,0.0,5702685.0,12518507.0,0.0,59994056.0,0.0,0.0,0
1789488542.9120424,fan,305,8,0.0,0.0,0.0,0.0,0.0,0.0,0.0,14138327.0,0.0,10849487.0,0.0,35394000.0,8045335.5,16274142.0,0.0,3430075.5,0
1789488542.9704785,fan,305,8,0.0,0.0,0.0,0.0,0.0,0.0,2587850.5,0.0,1078506.375,0.0,0.0,0.0,3665879.5,13296662.0,505690.75,4075413.5,0
1789488543.0208344,fan,322,14,0.0,0.0,0.0,0.0,1451882.375,0.0,0.0,1609680.75,2917336.5,2541096.0,1512204.75,1780117.5,2251717.25,5362908.0,11172204.0,0.0,0
1789488543.0985138,fan,322,12,0.0,0.0,22963740.0,0.0,0.0,0.0,0.0,0.0,993146.0,0.0,1537355.875,0.0,8518938.0,4842266.5,1497550.75,7133152.0,0
1789488543.1438863,fan,304,13,0.0,0.0,0.0,0.0,6221084.0,2334036.0,2456209.5,0.0,0.0,5433508.0,0.0,13900100.0,3806732.0,0.0,1822657.75,1538533.0,0
1789488543.224341,fan,315,15,0.0,2355783.5,2798824.25,2528445.0,2932906.0,0.0,0.0,0.0,5434283.0,2938083.5,3007430.25,2783429.5,2242109.75,1044631.625,0.0,472222.125,0
1789488543.2825453,fan,324,10,0.0,0.0,4973782.5,0.0,0.0,0.0,3630011.0,2283480.25,2958577.25,4894007.0,0.0,0.0,0.0,0.0,2184361.0,1636398.375,0
1789488543.345217,fan,333,8,0.0,0.0,0.0,0.0,3236387.0,0.0,0.0,0.0,9799748.0,13459166.0,0.0,0.0,0.0,400772.15625,0.0,3770999.0,0
1789488543.4080722,fan,324,9,0.0,0.0,0.0,0.0,27558044.0,0.0,0.0,0.0,2507473.75,13236588.0,4902918.0,0.0,2290377.5,1226910.375,0.0,0.0,0
1789488543.4735286,fan,325,16,6640811.0,0.0,1122777.0,0.0,3100364.75,1032304.875,0.0,0.0,0.0,2191460.5,6456231.0,13634310.0,3222997.25,12003056.0,0.0,3270615.0,0
1789488543.5365493,fan,324,9,0.0,0.0,0.0,0.0,38217540.0,0.0,0.0,0.0,0.0,8449524.0,0.0,0.0,5323484.0,15344883.0,5687342.0,0.0,0
1789488543.599427,fan,323,9,0.0,0.0,0.0,0.0,0.0,0.0,993599.375,0.0,11208163.0,0.0,11933910.0,0.0,0.0,17536680.0,2692770.75,2488134.5,0
1789488543.6615112,fan,311,11,0.0,0.0,0.0,0.0,15281097.0,0.0,0.0,0.0,10554812.0,0.0,3554977.75,0.0,17231252.0,5298934.0,18025352.0,2254080.0,0
1789488543.735115,fan,325,13,0.0,0.0,4710366.0,1415746.0,0.0,4617018.0,3338240.5,0.0,9188571.0,0.0,1060500.5,4897252.0,0.0,0.0,2731393.5,1135274.875,0
1789488543.7926548,fan,305,13,5775387.0,0.0,0.0,2694518.0,3129127.25,1504931.75,0.0,7253615.5,0.0,7873824.0,0.0,4723823.5,2649051.0,8523087.0,4340229.5,2928448.0,0
1789488543.8558304,fan,331,8,0.0,0.0,0.0,0.0,0.0,0.0,0.0,0.0,0.0,5187225.5,0.0,747656.9375,0.0,11084266.0,8490082.0,3808882.25,0
1789488543.920061,fan,322,12,0.0,0.0,0.0,0.0,0.0,0.0,0.0,0.0,1724818.75,2552910.25,0.0,3693474.5,6192091.5,11564316.0,6377909.0,9926400.0,0
1789488543.9829092,fan,320,11,0.0,0.0,0.0,0.0,0.0,0.0,7514552.0,10687012.0,0.0,1396980.875,0.0,3193231.0,2427986.75,1926827.5,2472358.25,901936.1875,0
1789488544.0444665,fan,320,11,0.0,0.0,0.0,0.0,4340244.0,707324.1875,2679488.5,0.0,0.0,1311939.5,0.0,0.0,13981912.0,3975822.5,2086000.75,0.0,0
1789488544.0946038,fan,317,17,0.0,0.0,0.0,0.0,5247493.0,3993343.0,5177940.0,2022662.0,0.0,3186614.75,7548954.0,7210485.0,2885487.25,8221280.0,867550.1875,361406.28125,0
1789488544.1768932,fan,320,18,0.0,0.0,0.0,7983158.5,1761454.75,2303884.25,7986174.5,11244470.0,5257503.0,452079.4375,1097672.875,9930438.0,12734344.0,9046412.0,0.0,3609003.5,0
1789488544.2347689,fan,315,18,0.0,0.0,4395899.5,5846003.0,4234928.5,2076386.375,0.0,1537221.625,0.0,0.0,10076506.0,4012508.0,2598670.0,1684676.75,8900848.0,0.0,0
1789488544.2967687,fan,315,6,0.0,0.0,0.0,0.0,0.0,0.0,0.0,0.0,9022780.0,0.0,0.0,1403809.75,1871309.5,9815784.0,2314027.25,0.0,0
1789488544.3463988,fan,313,11,0.0,0.0,0.0,0.0,0.0,4719672.5,15665696.0,4790452.0,0.0,0.0,0.0,4284003.5,6740142.0,3611880.5,309872.25,0.0,0
1789488544.408804,fan,315,11,0.0,0.0,0.0,0.0,0.0,0.0,16984158.0,0.0,4432975.0,0.0,0.0,6599452.0,799763.125,7044846.0,2066525.75,0.0,0
1789488544.4713793,fan,317,11,0.0,0.0,0.0,210307.25,0.0,3655759.5,1020261.6875,0.0,1383610.875,8033525.5,2521865.5,744510.9375,1953805.0,5677915.5,2550708.75,0.0,0
1789488544.5341334,fan,314,12,0.0,0.0,0.0,0.0,0.0,0.0,5216067.0,2123755.75,2641957.0,1798021.125,1520807.75,0.0,547985.25,12489671.0,10752382.0,985554.0625,0
1789488544.597031,fan,329,8,0.0,0.0,0.0,23788224.0,0.0,2991774.75,3979715.0,0.0,3549994.0,3248982.5,0.0,0.0,985331.625,0.0,1635177.25,1250136.0,0
1789488544.6590655,fan,311,7,0.0,0.0,0.0,0.0,0.0,0.0,1813626.125,0.0,1397461.625,15015514.0,3861559.5,0.0,0.0,0.0,0.0,937442.375,0
1789488544.7220478,fan,312,16,0.0,0.0,0.0,2037891.75,0.0,1654213.375,0.0,14055336.0,19830366.0,5379603.5,9613721.0,2174621.5,3808040.25,5653303.5,974550.625,7394011.5,0
1789488544.7834733,fan,309,9,0.0,0.0,0.0,0.0,4673766.0,0.0,8859251.0,4536476.0,25648754.0,7984933.0,0.0,0.0,0.0,0.0,0.0,1474726.375,0
1789488544.8451467,fan,336,4,0.0,0.0,0.0,0.0,0.0,0.0,0.0,0.0,0.0,2550150.25,0.0,0.0,6267638.0,6886030.0,0.0,825031.0625,0
1789488544.9085238,fan,337,8,0.0,0.0,0.0,0.0,0.0,3048909.5,0.0,0.0,5387049.5,2698399.5,6788499.5,2786503.0,0.0,0.0,0.0,0.0,0
1789488544.9726162,fan,316,8,0.0,0.0,0.0,0.0,987757.4375,0.0,0.0,0.0,0.0,0.0,9958397.0,10162501.0,0.0,0.0,5640892.5,2142618.0,0
1789488545.0356002,fan,315,8,0.0,0.0,0.0,496592.0625,0.0,5219067.0,11162069.0,0.0,0.0,0.0,0.0,0.0,1119117.5,0.0,22872430.0,0.0,0
1789488545.096752,fan,290,11,23961220.0,0.0,5923083.5,18229188.0,0.0,0.0,0.0,0.0,0.0,4257109.0,0.0,0.0,9246902.0,0.0,9560199.0,0.0,0
1789488545.1557465,fan,295,11,2911853.75,0.0,0.0,2062875.75,0.0,0.0,8491444.0,0.0,0.0,29827222.0,5118398.5,2541636.0,0.0,9250124.0,11852408.0,5234208.0,0
1789488545.220161,fan,289,13,18409462.0,0.0,0.0,17265148.0,0.0,0.0,3032323.0,4756278.0,5316842.5,5710855.5,0.0,1110537.5,12272015.0,2944969.0,3203924.0,3743405.5,0
1789488545.2848797,fan,302,11,0.0,0.0,0.0,6037372.5,688911.125,0.0,2610857.0,0.0,0.0,0.0,10841384.0,4997845.0,5382981.5,3542862.0,1584982.0,0.0,0
1789488545.3485806,fan,284,12,1116727.0,0.0,0.0,0.0,1401410.0,1255350.0,2719197.5,9235135.0,2822857.25,0.0,0.0,9163425.0,0.0,0.0,10458011.0,10793152.0,0
1789488545.4117386,fan,289,13,13250284.0,0.0,0.0,0.0,764128.0,2941728.5,0.0,3982503.5,954853.9375,0.0,1565234.125,5454787.5,0.0,0.0,2533014.0,7192705.0,0
1789488545.475865,fan,286,13,6967139.5,0.0,0.0,8715313.0,30041668.0,5364700.0,0.0,0.0,6157344.5,0.0,8915355.0,4561865.5,0.0,0.0,0.0,5572333.5,0
1789488545.540208,fan,292,13,0.0,0.0,17452438.0,0.0,15814104.0,14063302.0,1796716.75,0.0,0.0,24105248.0,19308036.0,4172870.0,1359194.25,4672416.0,413790.15625,6483972.0,0
1789488545.6047301,fan,297,13,0.0,0.0,3669736.0,24437342.0,5787437.0,0.0,0.0,0.0,0.0,4480667.0,2787720.0,9290145.0,12351119.0,6178467.5,4733616.5,11892830.0,0
1789488545.6694112,fan,297,10,0.0,0.0,2303241.75,3975323.75,0.0,5679219.5,4653583.5,0.0,0.0,0.0,14048644.0,9955730.0,3495140.25,3766200.5,2724958.0,0.0,0
1789488545.7143035,fan,275,4,0.0,0.0,0.0,2503598.25,9668707.0,8120899.5,0.0,0.0,0.0,0.0,0.0,0.0,0.0,0.0,0.0,0.0,0
1789488545.7790246,fan,312,9,0.0,0.0,0.0,0.0,0.0,0.0,0.0,18261348.0,43940912.0,0.0,13481266.0,43979300.0,6334592.5,0.0,7205627.0,10924698.0,0
1789488545.8434813,fan,331,13,0.0,0.0,0.0,0.0,49878268.0,63001288.0,102496736.0,53192872.0,17433356.0,72659392.0,16110124.0,0.0,0.0,32657186.0,18954708.0,24455664.0,0
1789488545.9719546,fan,232,6,419479520.0,0.0,165941440.0,138571952.0,59287896.0,162453536.0,0.0,0.0,0.0,0.0,0.0,0.0,0.0,0.0,0.0,0.0,0
1789488546.155043,fan,286,9,0.0,0.0,124493832.0,0.0,85706696.0,144257712.0,46236148.0,0.0,0.0,0.0,0.0,118882272.0,0.0,14408772.0,0.0,0.0,0
1789488546.2188847,fan,274,7,103928784.0,99069928.0,101665312.0,0.0,25632276.0,0.0,0.0,0.0,0.0,22413132.0,25365658.0,10501700.0,0.0,0.0,0.0,0.0,0
1789488546.2836685,fan,254,4,686267328.0,0.0,0.0,0.0,0.0,0.0,0.0,0.0,0.0,0.0,0.0,26235184.0,0.0,0.0,0.0,10165380.0,0
1789488546.419125,fan,290,12,29686742.0,9903129.0,0.0,0.0,0.0,0.0,5381173.0,0.0,29085768.0,20220420.0,7555472.0,5131445.0,7278482.0,0.0,1362255.25,0.0,0
1789488546.48464,fan,279,6,0.0,0.0,0.0,0.0,10453030.0,0.0,19761384.0,0.0,0.0,0.0,2720841.5,0.0,0.0,0.0,6817724.0,0.0,0
1789488546.5491738,fan,279,9,0.0,0.0,58596768.0,0.0,5875622.5,0.0,1659822.625,0.0,0.0,4601409.0,5748717.0,10442981.0,6264259.0,0.0,0.0,3295500.5,0
1789488546.5997372,fan,283,7,0.0,220945760.0,0.0,0.0,0.0,0.0,40975272.0,33794296.0,0.0,0.0,0.0,19130648.0,0.0,0.0,29223848.0,27021376.0,0
1789488546.6646929,fan,271,7,0.0,0.0,0.0,0.0,0.0,0.0,16533859.0,0.0,12922220.0,0.0,0.0,0.0,1502582.75,11490506.0,15963322.0,1503293.375,0
1789488546.729687,fan,271,9,0.0,0.0,0.0,2552987.0,0.0,0.0,6730965.5,5842472.5,0.0,3476396.75,1924057.625,5032620.0,4115625.75,0.0,0.0,5901138.0,0
1789488546.7754653,fan,286,12,6265425.5,0.0,1733565.875,811851.0625,0.0,0.0,0.0,0.0,0.0,3598593.5,2959798.5,3301383.0,7041138.5,2182041.0,0.0,7915987.5,0
1789488546.8408532,fan,284,9,692371.375,924503.5625,0.0,0.0,0.0,0.0,5642947.0,4432801.0,0.0,3255696.75,0.0,0.0,11873207.0,14083300.0,0.0,0.0,0
1789488546.9170482,fan,284,9,520514.15625,0.0,2059641.75,2107330.0,3296045.0,0.0,1449891.25,0.0,0.0,0.0,1372839.625,4626299.5,0.0,0.0,0.0,1513287.0,0
1789488546.9747305,fan,286,10,815685.6875,3517432.5,1888047.875,0.0,0.0,767687.75,0.0,0.0,0.0,2255087.25,3065191.75,0.0,3244279.5,3738114.0,2066649.75,0.0,0
1789488547.0400808,fan,329,8,19606846.0,0.0,7849020.5,0.0,2598757.0,727788.25,1210940.25,0.0,0.0,0.0,0.0,0.0,0.0,0.0,1428195.75,0.0,0
1789488547.2539806,fan,248,5,0.0,0.0,0.0,0.0,0.0,0.0,0.0,467337.375,1320432.25,0.0,299742.15625,0.0,0.0,519476.125,0.0,0.0,0
1789488547.305056,fan,274,7,762201.0,0.0,0.0,0.0,0.0,0.0,0.0,0.0,0.0,0.0,1215924.5,735027.25,624808.625,837749.375,0.0,226520.234375,0
1789488547.3695178,fan,289,3,0.0,0.0,0.0,0.0,0.0,0.0,0.0,0.0,0.0,0.0,1772202.875,2850917.5,0.0,0.0,0.0,0.0,0
1789488547.6348658,fan,272,6,2447611.25,0.0,0.0,0.0,1104002.875,0.0,0.0,0.0,0.0,0.0,2243383.25,2773475.75,0.0,408285.34375,1168176.75,0.0,0
1789488547.7041852,fan,274,10,642467.3125,0.0,0.0,0.0,0.0,0.0,2867926.0,0.0,0.0,2140511.0,0.0,0.0,900955.0625,3059329.5,5143978.0,852112.5,0
1789488547.7694943,fan,291,11,0.0,780140.0,488907.90625,0.0,0.0,2441269.5,0.0,0.0,0.0,432673.5625,0.0,8436360.0,15662798.0,4136192.25,0.0,2417466.75,0
1789488547.8344743,fan,292,4,0.0,0.0,0.0,5969104.0,2064771.625,0.0,0.0,0.0,3327858.0,650404.5625,0.0,0.0,0.0,0.0,0.0,0.0,0
1789488547.8989527,fan,287,5,10422267.0,0.0,0.0,0.0,4208192.5,0.0,2475440.0,0.0,453940.75,0.0,5344372.5,0.0,0.0,0.0,0.0,0.0,0
1789488547.9635208,fan,309,8,0.0,0.0,0.0,0.0,3964486.0,0.0,170615.1875,0.0,0.0,0.0,0.0,1163212.5,13356499.0,0.0,0.0,5345576.0,0
1789488548.0273674,fan,286,8,0.0,0.0,0.0,0.0,2623060.5,1872556.75,0.0,0.0,0.0,0.0,0.0,1337666.375,4072778.5,516566.8125,1231168.5,4912122.0,0
1789488548.0914364,fan,289,5,14720097.0,0.0,0.0,0.0,0.0,2156681.5,646214.625,0.0,0.0,0.0,0.0,0.0,0.0,0.0,0.0,0.0,0
1789488548.1547835,fan,269,5,3826385.75,0.0,0.0,0.0,473414.40625,0.0,0.0,0.0,6173897.5,0.0,0.0,3998275.75,0.0,0.0,0.0,0.0,0
1789488548.217893,fan,293,4,0.0,0.0,0.0,0.0,0.0,0.0,3883336.25,0.0,1416723.125,0.0,0.0,0.0,8601692.0,9961583.0,0.0,0.0,0
1789488548.2825446,fan,285,12,2479908.0,0.0,0.0,0.0,3574733.25,978948.0,641621.3125,0.0,0.0,0.0,9150479.0,5606988.0,1982788.5,2042276.75,811548.125,2781062.0,0
1789488548.3481734,fan,294,4,6316189.5,0.0,0.0,0.0,3972643.0,0.0,0.0,0.0,0.0,3020495.5,0.0,0.0,0.0,0.0,0.0,0.0,0
1789488548.4112716,fan,283,7,12908433.0,0.0,2099766.0,3124317.5,0.0,0.0,0.0,0.0,0.0,0.0,0.0,0.0,5076031.5,0.0,0.0,0.0,0
1789488548.4758005,fan,285,9,3130267.0,0.0,0.0,0.0,0.0,4440066.0,0.0,0.0,0.0,2412307.5,1143133.875,8590991.0,0.0,0.0,0.0,5268431.5,0
1789488548.5402532,fan,286,6,0.0,0.0,0.0,0.0,0.0,0.0,1261254.875,4512643.0,0.0,0.0,0.0,11888312.0,0.0,0.0,272088.875,976291.125,0
1789488548.6041744,fan,286,13,5222133.0,0.0,352239.125,0.0,0.0,391055.375,5044591.5,0.0,0.0,337802.78125,9310393.0,2526238.75,3529734.0,1073650.625,0.0,0.0,0
1789488548.653602,fan,286,5,0.0,0.0,0.0,0.0,0.0,0.0,0.0,15356748.0,1912049.875,5859526.0,3149212.0,3864834.5,0.0,0.0,0.0,0.0,0
1789488548.698823,fan,272,6,0.0,0.0,0.0,0.0,0.0,0.0,0.0,0.0,2034085.875,0.0,0.0,2844204.5,9255194.0,0.0,4672228.0,2117126.5,0
1789488548.763143,fan,342,7,0.0,105604128.0,0.0,0.0,33218400.0,0.0,0.0,0.0,0.0,0.0,8247173.5,0.0,0.0,33575904.0,9261366.0,0.0,0
1789488548.8203845,fan,315,5,0.0,0.0,0.0,0.0,134403040.0,134808688.0,118472832.0,0.0,0.0,57050296.0,65504904.0,0.0,0.0,0.0,0.0,0.0,0
1789488548.891216,fan,92,3,0.0,0.0,0.0,0.0,0.0,0.0,0.0,0.0,0.0,0.0,0.0,20336836.0,0.0,0.0,0.0,25034198.0,0
1789488548.9682014,fan,274,5,0.0,0.0,0.0,0.0,3245535.5,0.0,0.0,0.0,0.0,0.0,0.0,0.0,8363513.0,3408717.0,0.0,0.0,0
1789488549.0302098,fan,274,10,0.0,0.0,0.0,1570437.875,0.0,659294.0625,0.0,1842191.75,4586782.0,0.0,6641190.0,8715416.0,827032.5625,11038588.0,0.0,0.0,0
1789488549.076219,fan,274,9,0.0,0.0,0.0,0.0,0.0,5230845.0,1944561.25,2131289.75,0.0,0.0,1344419.5,5240214.0,0.0,6024558.5,0.0,3324773.0,0
1789488549.133019,fan,288,6,34062532.0,0.0,0.0,0.0,0.0,0.0,7818186.0,0.0,0.0,7555680.5,0.0,7556033.0,9230658.0,0.0,0.0,3546006.5,0
1789488549.267954,fan,267,4,0.0,0.0,0.0,0.0,0.0,0.0,0.0,0.0,0.0,0.0,0.0,0.0,0.0,60325912.0,53643808.0,0.0,0
1789488549.3844259,fan,294,4,46063648.0,0.0,0.0,0.0,13031535.0,0.0,0.0,0.0,0.0,0.0,0.0,0.0,0.0,5447896.5,0.0,0.0,0
1789488549.449779,fan,322,6,23079970.0,0.0,25878956.0,10990528.0,0.0,1646289.125,0.0,0.0,0.0,9997769.0,0.0,0.0,0.0,2480635.5,0.0,0.0,0
1789488549.513394,fan,256,12,57477680.0,0.0,22602534.0,53949264.0,20166426.0,0.0,9402043.0,0.0,8043557.5,0.0,13492421.0,7055063.0,8245896.0,0.0,4519790.0,2933134.5,0
1789488549.5655835,fan,291,7,0.0,0.0,0.0,6277843.0,0.0,0.0,1555973.625,0.0,0.0,2200786.25,2089768.25,0.0,0.0,0.0,19575696.0,3154567.75,0
1789488549.6282825,fan,270,8,8371984.0,0.0,0.0,0.0,5549591.0,1342306.0,0.0,451953.34375,0.0,0.0,6632217.0,0.0,20512760.0,277051.90625,0.0,0.0,0
1789488549.6932864,fan,300,11,5539224.5,0.0,1721955.25,0.0,4374702.0,0.0,0.0,0.0,0.0,12527274.0,14037013.0,2462242.5,0.0,0.0,1858449.625,3562071.5,0
1789488549.756949,fan,294,9,21264280.0,0.0,0.0,0.0,0.0,0.0,8196274.5,2928902.25,0.0,0.0,0.0,5955026.5,19831484.0,6335075.0,0.0,2194039.5,0
1789488549.8203077,fan,291,11,0.0,0.0,0.0,0.0,0.0,1404311.125,3242749.75,12767793.0,0.0,2868154.0,3660279.75,1822362.0,12482029.0,2464463.5,0.0,0.0,0
1789488549.883506,fan,273,6,0.0,0.0,0.0,0.0,0.0,0.0,16644916.0,0.0,0.0,0.0,0.0,21258016.0,1910918.75,2826509.25,0.0,0.0,0
1789488549.9556763,fan,294,5,0.0,0.0,0.0,0.0,0.0,13049404.0,0.0,0.0,0.0,10439727.0,8151580.5,0.0,19910492.0,0.0,6362756.5,0.0,0
1789488550.0249379,fan,297,5,0.0,0.0,0.0,0.0,0.0,0.0,0.0,0.0,0.0,63627732.0,0.0,170429504.0,54807076.0,0.0,0.0,0.0,0
1789488550.0872867,fan,287,3,0.0,0.0,0.0,0.0,0.0,0.0,0.0,0.0,0.0,0.0,0.0,0.0,0.0,30345882.0,9604204.0,0.0,0
1789488550.280593,fan,291,4,0.0,0.0,0.0,0.0,0.0,0.0,0.0,0.0,0.0,0.0,0.0,0.0,0.0,21085776.0,24994582.0,43848380.0,0
1789488550.3455746,fan,321,5,346983232.0,919820352.0,701633920.0,0.0,286750720.0,193192464.0,0.0,0.0,0.0,0.0,0.0,0.0,0.0,0.0,0.0,0.0,0
1789488550.411333,fan,347,3,0.0,338921472.0,156090800.0,0.0,0.0,0.0,33812808.0,0.0,0.0,0.0,0.0,0.0,0.0,0.0,0.0,0.0,0
1789488550.5367544,fan,359,6,0.0,0.0,0.0,0.0,0.0,0.0,0.0,0.0,100045136.0,0.0,0.0,0.0,47966692.0,35945528.0,64065216.0,22872674.0,0
1789488550.6485941,fan,265,11,0.0,14704839.0,0.0,0.0,0.0,0.0,6253514.0,479612.25,0.0,4864919.0,0.0,15917662.0,2434942.5,3170066.25,0.0,1152653.25,0
1789488550.705582,fan,286,14,10855050.0,0.0,0.0,0.0,0.0,0.0,2135853.5,3261820.5,2256859.75,10562942.0,15063595.0,4469314.0,0.0,0.0,0.0,10995840.0,0
1789488550.777583,fan,284,11,6155704.0,0.0,2676116.75,4875789.0,0.0,0.0,2216134.5,0.0,0.0,22239240.0,4600594.5,2495361.75,0.0,2560903.25,0.0,0.0,0
1789488550.853002,fan,286,7,766527.1875,0.0,0.0,7200389.5,3633002.5,2534161.0,0.0,0.0,0.0,0.0,0.0,0.0,2748473.5,0.0,0.0,3920667.0,0
1789488550.9237988,fan,300,6,0.0,0.0,0.0,0.0,0.0,0.0,1102276.25,0.0,1561752.25,0.0,0.0,747844.625,0.0,20538088.0,0.0,0.0,0
1789488550.987189,fan,272,9,0.0,0.0,0.0,5157551.0,0.0,0.0,5276285.0,0.0,0.0,7931086.5,5659922.5,2035041.75,2302302.25,0.0,3076769.5,5936144.0,0
1789488551.052203,fan,270,13,0.0,14018298.0,16951346.0,0.0,2067161.75,0.0,0.0,4813144.5,4292114.5,9196892.0,4980204.0,0.0,3059809.25,1862145.5,1158699.875,3864353.0,0
1789488551.1164448,fan,271,9,0.0,0.0,0.0,0.0,0.0,0.0,6228186.0,0.0,0.0,8922328.0,28882412.0,5050313.0,5092221.0,0.0,0.0,0.0,0
1789488551.1807337,fan,272,4,0.0,0.0,0.0,0.0,0.0,0.0,0.0,0.0,0.0,2833511.0,13864392.0,0.0,6136186.5,0.0,0.0,0.0,0
1789488551.3786457,fan,307,13,7708636.0,15028589.0,21820574.0,3338601.5,300318.9375,0.0,10684286.0,1025250.125,0.0,3168172.5,0.0,0.0,0.0,4618013.0,0.0,0.0,0
1789488551.4412677,fan,266,9,4605636.5,4917932.5,0.0,0.0,0.0,0.0,0.0,0.0,872240.125,801172.125,2028390.125,7796134.0,0.0,0.0,3087767.0,3729348.75,0
1789488551.504607,fan,270,10,3017980.0,0.0,0.0,0.0,1221129.375,0.0,11904262.0,0.0,0.0,0.0,0.0,1605501.25,0.0,4168354.75,3535824.0,0.0,0
1789488551.5690246,fan,271,10,8729518.0,0.0,0.0,0.0,0.0,810399.1875,1940839.125,9916398.0,440567.8125,0.0,0.0,0.0,0.0,1386651.0,8590960.0,0.0,0
1789488551.6342378,fan,270,11,1238349.875,0.0,698136.375,2464376.0,1174472.75,0.0,0.0,0.0,0.0,0.0,0.0,0.0,2667110.5,863398.3125,7940376.5,911769.0625,0
1789488551.6981235,fan,261,6,682419.125,0.0,0.0,0.0,0.0,6547681.5,0.0,0.0,0.0,734680.875,5998018.5,980027.375,0.0,0.0,0.0,0.0,0
1789488552.171982,fan,70,6,0.0,0.0,0.0,0.0,0.0,0.0,318989.96875,0.0,0.0,0.0,1982522.75,1270862.0,0.0,0.0,4783817.5,3176172.0,0
1789488552.3082075,fan,342,6,0.0,0.0,33272830.0,3580753.0,4939124.0,0.0,0.0,0.0,0.0,0.0,0.0,0.0,0.0,681305.9375,0.0,0.0,0
1789488552.8057387,fan,277,4,92686.6875,0.0,0.0,0.0,0.0,0.0,0.0,0.0,0.0,0.0,0.0,672930.25,0.0,6979951.0,0.0,0.0,0
1789488553.1218512,fan,267,4,598124.625,785177.25,0.0,0.0,0.0,0.0,0.0,0.0,0.0,0.0,2758702.5,0.0,0.0,0.0,0.0,3216143.5,0
1789488553.1830502,fan,265,6,553410.375,0.0,0.0,0.0,0.0,0.0,0.0,0.0,0.0,0.0,0.0,0.0,0.0,927708.8125,786927.75,3849166.25,0
1789488553.3120604,fan,265,4,0.0,0.0,0.0,0.0,0.0,0.0,0.0,2079460.75,0.0,0.0,1949938.375,0.0,5245884.0,0.0,0.0,0.0,0
1789488553.3127158,fan,39,3,0.0,0.0,0.0,0.0,0.0,0.0,574353.1875,0.0,0.0,0.0,0.0,0.0,0.0,0.0,1020261.3125,746359.5625,0
1789488554.1057017,fan,262,5,0.0,0.0,0.0,0.0,0.0,0.0,583103.375,0.0,0.0,0.0,0.0,0.0,0.0,11711051.0,7025483.0,0.0,0
1789488554.2968376,fan,282,3,4613620.5,1637340.875,0.0,0.0,0.0,0.0,0.0,0.0,0.0,0.0,0.0,0.0,0.0,0.0,0.0,0.0,0
1789488554.2979758,fan,321,4,333678.46875,0.0,0.0,16175918.0,0.0,0.0,0.0,0.0,0.0,3393384.0,0.0,0.0,0.0,0.0,0.0,0.0,0
1789488554.642691,fan,267,4,5667446.5,1038854.25,0.0,0.0,0.0,0.0,0.0,0.0,0.0,0.0,0.0,0.0,0.0,1706621.0,0.0,0.0,0
1789488554.7664993,fan,228,5,6025660.5,0.0,0.0,0.0,0.0,0.0,0.0,0.0,0.0,0.0,0.0,0.0,0.0,0.0,11115888.0,616922.25,0
1789488554.8962805,fan,244,6,1435557.5,0.0,0.0,0.0,0.0,0.0,726199.4375,5895948.0,2047819.5,0.0,0.0,0.0,0.0,0.0,5536016.0,0.0,0
1789488554.991127,fan,257,3,11601124.0,0.0,0.0,0.0,0.0,0.0,0.0,0.0,0.0,0.0,0.0,0.0,0.0,0.0,1616868.875,0.0,0
1789488555.1826391,fan,269,4,20788098.0,4981966.0,0.0,0.0,0.0,0.0,1889517.0,0.0,0.0,0.0,0.0,0.0,0.0,0.0,0.0,0.0,0
1789488555.1833446,fan,225,5,0.0,0.0,0.0,1333760.875,0.0,0.0,0.0,0.0,0.0,0.0,0.0,0.0,4222036.5,4079302.0,16877568.0,0.0,0
1789488555.2515664,fan,257,5,1208456.25,0.0,0.0,0.0,0.0,0.0,3132496.5,0.0,0.0,95870.6875,0.0,1659581.5,2195900.25,0.0,0.0,0.0,0
1789488555.4348638,fan,226,4,329563.625,0.0,0.0,0.0,0.0,0.0,0.0,637068.0,0.0,0.0,0.0,2372490.0,0.0,0.0,3225993.25,0.0,0
1789488555.4959166,fan,276,4,3966081.5,0.0,0.0,0.0,0.0,0.0,0.0,0.0,0.0,0.0,0.0,0.0,4731087.5,0.0,1556266.75,0.0,0
1789488555.5940168,fan,254,3,1351614.625,0.0,0.0,0.0,0.0,2197435.5,5164819.0,0.0,0.0,0.0,0.0,0.0,0.0,0.0,0.0,0.0,0
1789488555.688632,fan,79,7,0.0,0.0,0.0,0.0,0.0,0.0,2228507.25,0.0,0.0,0.0,0.0,2663302.75,0.0,2213464.0,6582173.5,3050042.75,0
1789488555.7834053,fan,216,5,0.0,0.0,0.0,0.0,1412169.5,1019579.8125,0.0,0.0,0.0,0.0,0.0,0.0,0.0,16603792.0,0.0,0.0,0
1789488555.8431635,fan,220,4,0.0,0.0,0.0,0.0,0.0,0.0,0.0,0.0,0.0,14589269.0,0.0,12791258.0,0.0,0.0,0.0,0.0,0
1789488555.8441596,fan,274,4,0.0,0.0,0.0,0.0,0.0,0.0,6916831.5,0.0,8600600.0,0.0,0.0,0.0,0.0,0.0,0.0,0.0,0
1789488555.907808,fan,220,7,0.0,1633123.5,0.0,0.0,0.0,1371909.25,7036091.0,0.0,0.0,0.0,0.0,573603.5,0.0,2971434.5,4786878.5,0.0,0
1789488555.9831583,fan,220,6,2720170.75,4229299.0,1640714.875,0.0,0.0,0.0,0.0,0.0,0.0,0.0,0.0,14897033.0,0.0,0.0,557556.125,0.0,0
1789488556.0416925,fan,245,8,7315692.0,3953190.25,0.0,0.0,0.0,9357266.0,28367640.0,0.0,0.0,0.0,0.0,8490957.0,7208655.0,0.0,0.0,0.0,0
1789488556.1038935,fan,202,10,0.0,4932424.0,3312389.75,0.0,11912325.0,0.0,0.0,0.0,661359.0,0.0,0.0,8350335.5,0.0,10471980.0,942618.5625,1980922.0,0
1789488556.2269964,fan,197,10,0.0,2186850.5,21481206.0,0.0,0.0,0.0,7903843.0,5440491.0,7450025.5,0.0,2809249.0,9674299.0,10371421.0,0.0,0.0,0.0,0
1789488556.2866433,fan,204,13,6936060.0,440969.40625,0.0,0.0,1309990.875,0.0,14178375.0,19061056.0,3495302.0,0.0,0.0,3458174.5,0.0,5684065.0,0.0,2821718.5,0
1789488556.3510797,fan,204,5,22693616.0,0.0,0.0,0.0,0.0,6767022.0,0.0,0.0,0.0,0.0,0.0,13650920.0,0.0,2232858.25,1677244.875,0.0,0
1789488556.4008596,fan,208,3,4056842.25,0.0,0.0,0.0,0.0,0.0,0.0,0.0,536962.4375,0.0,0.0,8691047.0,0.0,0.0,0.0,0.0,0
1789488556.464593,fan,205,5,0.0,0.0,5818531.0,0.0,0.0,0.0,0.0,0.0,0.0,2239600.5,0.0,0.0,1051993.5,4481217.0,0.0,0.0,0
1789488556.528665,fan,204,7,0.0,1660337.25,5252376.0,0.0,3665296.5,13075576.0,0.0,0.0,0.0,0.0,0.0,16524855.0,0.0,0.0,0.0,0.0,0
1789488556.5918324,fan,200,5,6356500.5,0.0,0.0,1832767.0,0.0,0.0,0.0,0.0,0.0,0.0,0.0,0.0,0.0,10394186.0,0.0,0.0,0
1789488556.6559267,fan,199,7,13685881.0,0.0,0.0,0.0,0.0,0.0,1694912.875,0.0,0.0,0.0,3005754.25,8519108.0,0.0,0.0,4274285.0,2844431.5,0
1789488556.797131,fan,181,5,0.0,0.0,0.0,0.0,0.0,0.0,0.0,0.0,0.0,4150699.25,2926168.25,0.0,0.0,0.0,5777075.0,3252886.5,0
1789488556.8576503,fan,190,6,0.0,0.0,0.0,0.0,0.0,5540432.0,9329856.0,0.0,0.0,0.0,8011089.0,0.0,0.0,3808289.5,6843595.5,1499612.5,0
1789488556.9873495,fan,198,8,0.0,0.0,0.0,1686754.25,0.0,0.0,2176564.5,0.0,3631358.75,2003265.625,0.0,0.0,6469318.0,17405284.0,8412604.0,0.0,0
1789488557.1029966,fan,184,6,0.0,0.0,0.0,0.0,0.0,0.0,5493234.5,18172446.0,8853190.0,0.0,0.0,21726678.0,0.0,0.0,0.0,0.0,0
1789488557.1681452,fan,206,5,0.0,0.0,0.0,10322828.0,0.0,0.0,0.0,0.0,0.0,0.0,0.0,0.0,20536744.0,9619659.0,0.0,0.0,0
1789488557.2342045,fan,120,3,0.0,0.0,0.0,0.0,9693294.0,25128350.0,0.0,0.0,0.0,0.0,0.0,0.0,0.0,0.0,0.0,0.0,0
1789488557.2352526,fan,196,9,85783864.0,0.0,0.0,0.0,3882294.5,0.0,0.0,0.0,0.0,4566531.0,0.0,4741413.0,4884192.0,8601598.0,4153763.75,4602282.0,0
1789488557.367657,fan,189,4,0.0,0.0,0.0,0.0,0.0,0.0,0.0,0.0,0.0,0.0,0.0,0.0,9785864.0,16364072.0,0.0,0.0,0
1789488557.4307761,fan,225,8,0.0,0.0,0.0,0.0,0.0,6310942.0,6769189.0,0.0,8428035.0,0.0,3822181.75,5570165.0,315479.0625,0.0,0.0,0.0,0
1789488557.49454,fan,228,6,0.0,0.0,9008926.0,2817831.75,0.0,0.0,0.0,0.0,0.0,0.0,0.0,1197380.75,2221591.0,2678086.0,0.0,1374442.0,0
1789488557.561826,fan,194,7,0.0,0.0,0.0,0.0,0.0,0.0,24537792.0,19063678.0,8536828.0,15449786.0,9769628.0,4839728.0,0.0,12228971.0,0.0,0.0,0
1789488557.621466,fan,192,4,0.0,0.0,0.0,0.0,0.0,0.0,13128546.0,2180876.0,0.0,4906968.0,0.0,0.0,0.0,0.0,0.0,0.0,0
1789488557.6860166,fan,202,8,0.0,0.0,0.0,0.0,0.0,0.0,0.0,0.0,0.0,0.0,14534274.0,20338864.0,7248577.5,1179090.75,9302562.0,0.0,0
1789488557.7499232,fan,202,5,0.0,0.0,0.0,0.0,0.0,0.0,0.0,8490512.0,0.0,0.0,28947428.0,2533985.25,2209394.5,0.0,0.0,0.0,0
1789488557.7993834,fan,200,5,0.0,0.0,0.0,6442979.0,0.0,0.0,0.0,0.0,6349157.0,0.0,0.0,12020464.0,6929411.0,0.0,0.0,7365519.5,0
1789488557.8630178,fan,199,6,0.0,0.0,0.0,0.0,0.0,0.0,0.0,0.0,0.0,4614316.5,14635419.0,1796971.25,4353409.5,0.0,0.0,4073318.75,0
1789488557.9274862,fan,202,10,0.0,0.0,0.0,0.0,3369428.5,0.0,11639205.0,0.0,2509327.5,3652069.5,20095464.0,17771084.0,0.0,2892508.5,0.0,0.0,0
1789488558.0547786,fan,209,4,0.0,0.0,0.0,0.0,0.0,0.0,0.0,7767129.0,0.0,0.0,0.0,17650908.0,5590934.5,0.0,0.0,0.0,0
1789488558.1187718,fan,121,3,0.0,0.0,0.0,0.0,0.0,0.0,17832176.0,0.0,0.0,0.0,0.0,3529926.0,0.0,0.0,2635046.5,0.0,0
1789488558.1742983,fan,180,6,0.0,0.0,0.0,0.0,0.0,0.0,20800440.0,71965032.0,832699.625,0.0,0.0,0.0,0.0,0.0,9811386.0,0.0,0
1789488558.1754365,fan,221,4,0.0,0.0,0.0,0.0,0.0,0.0,0.0,0.0,0.0,0.0,2490296.0,0.0,10705184.0,11486165.0,0.0,0.0,0
1789488558.236909,fan,191,3,0.0,0.0,0.0,0.0,0.0,0.0,6218125.0,0.0,0.0,4271271.0,0.0,0.0,0.0,900789.1875,0.0,0.0,0
1789488558.299804,fan,197,5,0.0,0.0,0.0,0.0,0.0,0.0,4291806.5,0.0,0.0,6914076.0,3947434.5,0.0,0.0,16129321.0,0.0,0.0,0
1789488558.3654356,fan,209,7,0.0,0.0,0.0,0.0,0.0,0.0,42594472.0,0.0,0.0,0.0,3053266.0,6122059.0,0.0,8878894.0,6021431.5,4529293.5,0
1789488558.4351947,fan,209,5,0.0,0.0,0.0,0.0,0.0,1296893.25,0.0,0.0,0.0,2991253.5,0.0,3444702.0,4429779.5,3248878.75,0.0,0.0,0
1789488558.4855084,fan,180,4,2072486.875,2580493.0,0.0,0.0,6213285.0,0.0,0.0,0.0,0.0,0.0,0.0,0.0,2111903.0,0.0,0.0,0.0,0
1789488558.6152105,fan,215,8,0.0,0.0,0.0,0.0,2047404.625,0.0,0.0,2595490.25,8204999.5,16617621.0,0.0,7756226.0,0.0,3986203.5,0.0,3906808.0,0
1789488558.6606436,fan,196,7,0.0,0.0,0.0,0.0,0.0,0.0,6919667.5,0.0,0.0,1207555.0,728893.5625,39099188.0,1568057.125,3989902.5,0.0,0.0,0
1789488558.8204887,fan,204,6,0.0,0.0,0.0,0.0,8160831.5,8763906.0,0.0,0.0,11694259.0,4989072.5,0.0,0.0,5835518.5,0.0,0.0,0.0,0
1789488558.8948984,fan,185,5,0.0,0.0,0.0,9371272.0,0.0,0.0,0.0,4744236.0,0.0,0.0,0.0,0.0,0.0,5658421.5,18858020.0,0.0,0
1789488558.9590416,fan,128,4,0.0,0.0,0.0,48394520.0,0.0,0.0,25881408.0,0.0,0.0,27254656.0,0.0,0.0,0.0,0.0,0.0,0.0,0
1789488559.0228996,fan,235,6,0.0,0.0,0.0,26516856.0,18332428.0,33474972.0,0.0,20942122.0,0.0,0.0,0.0,10706584.0,0.0,0.0,0.0,6721806.0,0
1789488559.123988,fan,197,9,0.0,0.0,0.0,0.0,5318752.0,0.0,0.0,10029190.0,0.0,0.0,0.0,6843854.0,13117866.0,17733678.0,1473525.25,0.0,0
1789488559.187205,fan,200,7,0.0,0.0,0.0,0.0,0.0,0.0,0.0,0.0,0.0,0.0,0.0,11171066.0,9055653.0,6511330.0,10843160.0,0.0,0
1789488559.2572854,fan,235,5,7325717.0,0.0,0.0,0.0,0.0,6023225.0,0.0,1120252.0,0.0,0.0,0.0,7590646.0,0.0,1940143.125,0.0,0.0,0
1789488559.3215442,fan,195,5,0.0,0.0,0.0,0.0,0.0,0.0,0.0,0.0,14974566.0,0.0,0.0,9402215.0,0.0,0.0,0.0,2857972.75,0
1789488559.384405,fan,195,7,5458937.0,0.0,695769.75,0.0,5873320.0,0.0,5067796.0,0.0,0.0,0.0,0.0,0.0,0.0,6013625.0,0.0,0.0,0
1789488559.4324985,fan,193,5,0.0,0.0,0.0,0.0,0.0,2734981.25,0.0,0.0,0.0,0.0,0.0,9159293.0,2834096.25,7026534.0,0.0,0.0,0
1789488559.5233328,fan,195,3,0.0,0.0,0.0,0.0,0.0,0.0,0.0,0.0,0.0,0.0,0.0,0.0,2441691.75,6241522.0,0.0,3657733.75,0
1789488559.5827415,fan,195,3,0.0,0.0,0.0,0.0,0.0,231930.984375,3594980.0,0.0,0.0,0.0,0.0,3266582.0,0.0,0.0,0.0,0.0,0
1789488559.6325934,fan,214,11,0.0,0.0,609025.125,0.0,0.0,0.0,5009895.5,17334428.0,0.0,14533917.0,0.0,3919287.5,6710640.0,0.0,7724089.0,2692820.5,0
1789488559.6957772,fan,215,7,0.0,0.0,3310416.75,0.0,0.0,0.0,0.0,2737103.5,0.0,0.0,4140914.0,9890050.0,0.0,0.0,1075429.75,3392196.5,0
1789488559.7587063,fan,216,9,0.0,0.0,0.0,0.0,0.0,8984110.0,813499.6875,0.0,0.0,0.0,4890512.0,21156968.0,12990737.0,14402313.0,1793139.5,0.0,0
1789488559.8213236,fan,217,4,9160265.0,0.0,0.0,0.0,0.0,2642298.25,0.0,0.0,0.0,0.0,0.0,1946896.625,0.0,0.0,0.0,3903357.5,0
1789488559.8847992,fan,216,7,0.0,2182973.25,5584989.5,0.0,0.0,5775553.0,0.0,0.0,0.0,0.0,0.0,0.0,11749913.0,0.0,0.0,0.0,0
1789488559.9478993,fan,219,11,0.0,732147.4375,1990551.25,0.0,0.0,0.0,0.0,0.0,0.0,7437084.5,14241090.0,12728207.0,5398327.5,6552605.0,2969873.5,0.0,0
1789488560.0092092,fan,232,5,0.0,2902664.25,0.0,0.0,0.0,0.0,0.0,0.0,1005356.625,0.0,13586751.0,5546051.5,0.0,0.0,0.0,4233632.5,0
1789488560.071667,fan,210,6,0.0,0.0,0.0,0.0,5031497.5,2468391.25,0.0,0.0,0.0,6973704.5,4099714.0,0.0,0.0,3209061.0,0.0,0.0,0
1789488560.158508,fan,198,10,0.0,0.0,0.0,0.0,0.0,1643123.25,6475392.0,8922428.0,2264082.0,0.0,0.0,17149974.0,0.0,0.0,10890258.0,6376782.0,0
1789488560.2864075,fan,216,12,0.0,433147.625,0.0,0.0,3403458.0,1199420.25,2371751.5,0.0,0.0,8313673.0,3782898.25,44211156.0,0.0,0.0,0.0,2294933.75,0
1789488560.34614,fan,221,4,0.0,0.0,0.0,0.0,0.0,1882034.5,0.0,0.0,0.0,0.0,0.0,465526.84375,1485068.375,2151940.75,0.0,0.0,0
1789488560.4094772,fan,217,5,0.0,0.0,0.0,0.0,2303281.25,0.0,0.0,0.0,419311.0625,3381735.5,10559993.0,0.0,0.0,0.0,0.0,3384547.0,0
1789488560.4718225,fan,182,5,0.0,0.0,0.0,0.0,3931592.75,0.0,0.0,0.0,0.0,0.0,4505185.5,11492709.0,1278124.375,0.0,0.0,0.0,0
1789488560.5349429,fan,182,4,0.0,0.0,0.0,589069.3125,4885753.0,0.0,0.0,0.0,0.0,0.0,0.0,2542968.5,1631422.25,0.0,0.0,0.0,0
1789488560.5850043,fan,180,7,0.0,0.0,0.0,0.0,0.0,904388.4375,6624394.5,0.0,0.0,1780584.875,0.0,3059339.5,0.0,8867466.0,0.0,0.0,0
1789488560.650867,fan,189,6,0.0,0.0,0.0,1300444.5,0.0,0.0,3338298.0,0.0,0.0,0.0,0.0,22506132.0,2046456.625,0.0,0.0,0.0,0
1789488560.7145932,fan,218,7,0.0,0.0,0.0,0.0,0.0,0.0,4254982.0,0.0,5268107.0,0.0,0.0,5496596.0,5685332.0,4864228.0,825767.4375,0.0,0
1789488560.79206,fan,172,4,0.0,0.0,0.0,0.0,0.0,4550796.5,10000310.0,3358085.75,0.0,0.0,0.0,0.0,0.0,0.0,0.0,0.0,0
1789488560.8504298,fan,190,8,0.0,0.0,0.0,0.0,0.0,2365063.25,2010210.75,0.0,2455156.5,0.0,17782078.0,0.0,1034354.875,2676346.5,1875077.75,0.0,0
1789488560.9260452,fan,201,4,3379251.5,0.0,0.0,0.0,0.0,0.0,0.0,0.0,995837.125,0.0,0.0,0.0,0.0,0.0,0.0,4116100.25,0
1789488560.9892337,fan,189,5,0.0,0.0,0.0,0.0,0.0,0.0,0.0,0.0,0.0,0.0,18601608.0,12801800.0,0.0,11800880.0,0.0,22633996.0,0
1789488561.120511,fan,320,4,159695392.0,0.0,37368184.0,0.0,0.0,0.0,0.0,9297048.0,0.0,0.0,0.0,0.0,0.0,0.0,0.0,0.0,0
1789488561.121202,fan,154,6,0.0,0.0,30480668.0,0.0,0.0,33276018.0,50717304.0,0.0,0.0,18531508.0,0.0,0.0,0.0,0.0,0.0,0.0,0
1789488561.2363322,fan,212,7,0.0,0.0,0.0,2341022.5,0.0,2236821.75,2586266.25,0.0,0.0,0.0,0.0,0.0,901749.375,29452488.0,0.0,0.0,0
1789488561.2986598,fan,186,5,0.0,0.0,0.0,0.0,0.0,0.0,2132016.25,7906744.5,2742914.5,0.0,0.0,20153434.0,12652501.0,0.0,0.0,0.0,0
1789488561.3613036,fan,186,7,0.0,0.0,0.0,0.0,9287582.0,0.0,6142809.0,7300297.0,0.0,0.0,0.0,10415574.0,0.0,2793286.0,0.0,0.0,0
1789488561.4108968,fan,209,3,0.0,0.0,0.0,0.0,0.0,0.0,0.0,1941529.0,0.0,0.0,0.0,7868232.0,0.0,0.0,3141068.25,0.0,0
1789488561.4797335,fan,209,4,0.0,0.0,0.0,0.0,0.0,0.0,0.0,0.0,6361846.0,0.0,0.0,2189547.75,0.0,4499379.0,0.0,0.0,0
1789488561.5288727,fan,221,3,0.0,0.0,0.0,0.0,0.0,0.0,0.0,0.0,22076046.0,0.0,0.0,0.0,0.0,503459.875,0.0,0.0,0
1789488561.6533558,fan,186,3,0.0,0.0,0.0,3374034.0,5349205.0,0.0,0.0,0.0,0.0,0.0,4022910.5,0.0,0.0,0.0,0.0,0.0,0
1789488561.7437696,fan,188,5,0.0,0.0,0.0,0.0,346330.6875,0.0,0.0,0.0,0.0,6276944.0,0.0,4795635.0,0.0,0.0,0.0,6379226.0,0
1789488561.8176963,fan,204,6,0.0,0.0,4320092.0,0.0,0.0,1170518.0,0.0,0.0,0.0,0.0,0.0,0.0,2111428.0,0.0,4162977.25,0.0,0
1789488561.9334223,fan,182,4,0.0,0.0,6064972.0,0.0,0.0,11194344.0,0.0,0.0,0.0,0.0,0.0,3833357.25,6311384.0,0.0,0.0,0.0,0
1789488561.99732,fan,200,8,0.0,0.0,0.0,3297508.5,0.0,0.0,0.0,0.0,0.0,0.0,7065323.5,29570996.0,0.0,0.0,14731430.0,1994687.75,0
1789488562.1254807,fan,202,8,12686996.0,0.0,0.0,0.0,4504750.0,0.0,0.0,0.0,0.0,0.0,2367002.0,2368307.0,4978339.0,7637129.0,0.0,0.0,0
1789488562.184676,fan,214,8,5943245.0,790016.1875,1664183.375,0.0,0.0,0.0,0.0,0.0,0.0,0.0,7338687.5,0.0,2821618.25,34146512.0,0.0,0.0,0
1789488562.3026652,fan,189,10,0.0,0.0,0.0,0.0,4903300.0,0.0,4205299.5,0.0,28131188.0,17102950.0,7290456.0,10259616.0,0.0,0.0,0.0,0.0,0
1789488562.3659236,fan,189,3,0.0,0.0,580434.125,0.0,0.0,0.0,0.0,0.0,587539.6875,0.0,0.0,1418987.75,0.0,0.0,0.0,0.0,0
1789488562.4157877,fan,190,6,0.0,0.0,900643.75,940015.4375,0.0,0.0,0.0,0.0,3456055.0,0.0,18678756.0,0.0,0.0,0.0,1117575.0,3647607.5,0
1789488562.4805439,fan,192,4,0.0,0.0,1333347.75,0.0,0.0,1007268.625,2041980.125,0.0,0.0,0.0,3578878.5,0.0,0.0,0.0,0.0,0.0,0
1789488562.547311,fan,222,9,2684147.75,416505.59375,790430.4375,0.0,1978778.375,364819.625,0.0,0.0,0.0,0.0,0.0,2255329.5,0.0,6871322.0,4483976.5,0.0,0
1789488562.6102514,fan,194,9,327666.1875,0.0,315454.5,0.0,0.0,0.0,2159007.75,0.0,0.0,0.0,0.0,12728654.0,0.0,0.0,12526263.0,3590957.0,0
1789488562.726181,fan,189,6,0.0,0.0,0.0,0.0,0.0,672948.5625,0.0,0.0,0.0,0.0,0.0,11158994.0,1543718.5,4818354.0,0.0,0.0,0
1789488562.7907517,fan,266,3,69539600.0,0.0,0.0,0.0,0.0,0.0,0.0,0.0,0.0,0.0,0.0,0.0,0.0,0.0,0.0,0.0,0
1789488562.9080389,fan,211,8,0.0,0.0,0.0,0.0,0.0,0.0,0.0,0.0,0.0,0.0,0.0,25538820.0,7851189.5,1888847.75,5168852.0,7051320.0,0
1789488563.012365,fan,203,9,2450974.5,0.0,0.0,0.0,0.0,8174853.0,0.0,0.0,0.0,4617474.0,0.0,11860846.0,0.0,6293638.0,6410423.0,0.0,0
1789488563.083107,fan,203,5,2608944.0,0.0,0.0,0.0,0.0,0.0,0.0,0.0,0.0,0.0,0.0,0.0,1808738.625,23224662.0,0.0,0.0,0
1789488563.1283257,fan,192,8,0.0,0.0,4234979.5,0.0,4231227.5,0.0,0.0,8709454.0,13265690.0,0.0,0.0,0.0,2922702.25,13990527.0,0.0,0.0,0
1789488563.1982958,fan,222,4,0.0,0.0,0.0,0.0,0.0,2542895.5,10511873.0,0.0,1945617.75,4169642.75,0.0,0.0,0.0,0.0,0.0,0.0,0
1789488563.2611034,fan,212,8,0.0,0.0,4058189.0,0.0,0.0,7065006.5,0.0,0.0,2296613.0,1663043.25,0.0,0.0,27357784.0,0.0,0.0,3352951.5,0
1789488563.3237846,fan,212,3,0.0,0.0,0.0,0.0,0.0,0.0,0.0,0.0,0.0,0.0,659949.4375,2498208.75,0.0,3335509.0,0.0,0.0,0
1789488563.3738177,fan,187,8,0.0,0.0,2532226.5,0.0,636920.125,0.0,0.0,6708360.5,0.0,0.0,1439250.625,13437673.0,12745369.0,0.0,0.0,6218480.0,0
1789488563.4555519,fan,189,6,0.0,0.0,0.0,0.0,0.0,1968026.375,514178.5625,0.0,0.0,5854665.5,987710.25,0.0,0.0,2488865.5,0.0,0.0,0
1789488563.5153844,fan,177,7,0.0,0.0,0.0,0.0,4527466.5,0.0,0.0,0.0,0.0,0.0,8105755.0,9714892.0,4619921.5,1064051.0,0.0,0.0,0
1789488563.5911372,fan,180,6,0.0,0.0,2166288.0,0.0,0.0,0.0,0.0,0.0,0.0,0.0,0.0,0.0,0.0,5350155.0,2017732.125,4083460.5,0
1789488563.6553984,fan,274,6,28159000.0,0.0,6893550.0,0.0,0.0,0.0,5543062.0,0.0,0.0,0.0,0.0,2642640.0,0.0,4773160.0,0.0,0.0,0
1789488563.8049924,fan,187,11,0.0,0.0,0.0,2994086.5,0.0,603562.9375,2388086.75,9852718.0,0.0,2216981.0,0.0,16673944.0,0.0,0.0,3441510.25,0.0,0
1789488563.870246,fan,188,10,0.0,0.0,0.0,0.0,0.0,0.0,8343150.0,0.0,296597.65625,8889339.0,0.0,9896235.0,0.0,2824383.0,596539.9375,4205683.5,0
1789488563.9944031,fan,169,6,0.0,0.0,5559083.0,0.0,0.0,2459444.5,0.0,0.0,0.0,8049609.0,0.0,11090872.0,0.0,0.0,0.0,1512516.0,0
1789488564.0647612,fan,191,10,0.0,0.0,1847483.375,0.0,0.0,286200.6875,0.0,15883538.0,0.0,8700419.0,0.0,6678102.5,3775978.5,2658580.0,0.0,0.0,0
1789488564.1289866,fan,192,6,0.0,0.0,0.0,0.0,0.0,8524328.0,6714683.5,0.0,0.0,3883240.0,0.0,0.0,0.0,0.0,7397813.5,13424506.0,0
1789488564.2171795,fan,207,4,0.0,0.0,0.0,0.0,0.0,0.0,7413606.0,0.0,0.0,0.0,0.0,0.0,0.0,0.0,0.0,5075286.5,0
1789488564.4386015,fan,188,10,0.0,0.0,0.0,0.0,6382694.5,2259603.5,5932230.0,0.0,0.0,0.0,0.0,1102494.125,5208182.5,2254258.25,0.0,1434132.0,0
1789488564.5021093,fan,206,3,0.0,0.0,0.0,0.0,0.0,0.0,1742427.75,0.0,0.0,0.0,4758975.0,0.0,0.0,0.0,0.0,2769087.75,0
1789488564.5672112,fan,175,4,0.0,0.0,0.0,1180302.25,0.0,0.0,0.0,0.0,0.0,4536774.5,0.0,8794158.0,0.0,0.0,0.0,0.0,0
1789488564.8200521,fan,174,4,4023957.25,0.0,0.0,0.0,1467858.875,2029564.75,0.0,0.0,1778582.25,0.0,0.0,0.0,0.0,0.0,0.0,0.0,0
1789488564.9150717,fan,126,6,0.0,0.0,0.0,0.0,0.0,2936149.75,5535008.0,0.0,0.0,0.0,0.0,0.0,0.0,7039753.0,0.0,0.0,0
1789488565.04866,fan,140,4,0.0,0.0,0.0,0.0,0.0,0.0,3172515.0,0.0,0.0,0.0,2961890.25,15956793.0,0.0,0.0,0.0,0.0,0
1789488565.1819172,fan,179,7,0.0,0.0,0.0,0.0,5850738.0,19897708.0,13168564.0,0.0,0.0,2052390.5,560766.375,0.0,0.0,0.0,0.0,10217505.0,0
1789488565.244203,fan,14,6,0.0,0.0,0.0,0.0,44843560.0,0.0,0.0,8950462.0,6179150.5,0.0,0.0,0.0,0.0,0.0,0.0,1366393.125,0
1789488565.300434,fan,182,5,0.0,0.0,0.0,0.0,6578055.0,1321085.0,0.0,0.0,0.0,0.0,1526749.0,460354.53125,0.0,0.0,0.0,3461424.0,0
1789488565.4211273,fan,181,7,1185889.5,0.0,0.0,0.0,0.0,916715.25,0.0,0.0,0.0,3059721.0,0.0,36680228.0,0.0,9760274.0,0.0,0.0,0
1789488565.4811957,fan,184,5,0.0,0.0,0.0,0.0,0.0,0.0,0.0,0.0,9045944.0,0.0,0.0,12445020.0,1617723.5,4568648.0,0.0,0.0,0
1789488565.9301846,fan,210,3,0.0,0.0,0.0,0.0,0.0,0.0,8978912.0,0.0,1592442.625,0.0,3506540.0,0.0,0.0,0.0,0.0,0.0,0
1789488566.0248446,fan,179,6,1259777.875,0.0,0.0,0.0,1168015.0,0.0,0.0,0.0,0.0,0.0,0.0,0.0,3831374.75,5867392.0,2792361.0,0.0,0
1789488566.1511693,fan,179,11,0.0,1711237.5,11886976.0,0.0,0.0,0.0,0.0,0.0,0.0,1280798.75,0.0,4416633.0,26387850.0,8870844.0,1973551.25,5963880.0,0
1789488566.1965497,fan,177,8,0.0,0.0,0.0,0.0,0.0,0.0,0.0,0.0,1339881.0,0.0,0.0,8197385.5,1791918.375,4822258.0,19927548.0,3387115.75,0
1789488566.2777677,fan,178,7,0.0,0.0,21758140.0,0.0,0.0,12092968.0,11381658.0,0.0,0.0,0.0,21401108.0,0.0,0.0,2782947.25,0.0,0.0,0
1789488566.3430157,fan,181,9,0.0,0.0,0.0,1144875.375,2506511.0,1103486.5,0.0,0.0,0.0,0.0,0.0,0.0,6366516.0,7203915.0,937794.8125,31157968.0,0
1789488566.6273482,fan,173,14,0.0,1492950.875,0.0,0.0,0.0,2046379.0,2087702.0,0.0,0.0,1658978.5,0.0,4514943.5,5644938.5,4615510.0,3243711.75,12003880.0,0
1789488566.6883516,fan,185,8,0.0,0.0,0.0,0.0,0.0,0.0,0.0,326602.34375,9207008.0,6007047.5,0.0,0.0,18092612.0,9806004.0,2117684.75,0.0,0
1789488566.8183289,fan,172,8,0.0,0.0,0.0,0.0,0.0,0.0,3828956.25,0.0,0.0,0.0,3880899.0,21465280.0,4467910.0,9529637.0,6532626.0,0.0,0
1789488566.8837733,fan,181,4,0.0,0.0,0.0,0.0,0.0,0.0,0.0,0.0,0.0,0.0,0.0,12628710.0,0.0,2763720.0,3649065.0,7479973.5,0
1789488566.9469347,fan,168,4,0.0,0.0,0.0,0.0,0.0,0.0,0.0,0.0,0.0,2734615.0,2856382.0,0.0,24576100.0,0.0,0.0,0.0,0
1789488567.0101225,fan,183,10,0.0,0.0,15517502.0,0.0,1889957.125,0.0,0.0,1461129.0,5543492.0,0.0,0.0,13984531.0,7964532.5,1698139.625,4204613.5,9976591.0,0
1789488567.1672347,fan,165,9,0.0,0.0,0.0,0.0,1114146.75,0.0,0.0,0.0,0.0,13258627.0,3559343.5,22784312.0,1409551.875,0.0,1404899.625,0.0,0
1789488567.2312653,fan,165,6,0.0,0.0,0.0,0.0,0.0,0.0,0.0,0.0,0.0,0.0,7256045.0,5127204.5,0.0,2878810.5,0.0,14718858.0,0
1789488567.2772248,fan,165,7,0.0,0.0,0.0,0.0,0.0,3764052.5,3784788.75,6667048.5,0.0,3496053.75,2281498.5,0.0,0.0,0.0,0.0,4066749.25,0
1789488567.3240454,fan,87,6,29926818.0,0.0,0.0,0.0,0.0,0.0,0.0,0.0,0.0,0.0,0.0,0.0,3163760.25,0.0,7216253.0,6455674.0,0
1789488567.3806682,fan,157,6,0.0,0.0,0.0,0.0,0.0,10150481.0,0.0,0.0,0.0,0.0,5455290.5,5420220.0,0.0,2567068.5,0.0,7375794.0,0
1789488567.445183,fan,175,12,0.0,0.0,0.0,0.0,0.0,0.0,14365943.0,0.0,6298825.0,13315347.0,0.0,0.0,14234433.0,4640964.0,13411081.0,1756447.625,0
1789488567.5743213,fan,169,9,0.0,7206825.0,1389536.75,0.0,531383.75,0.0,1772692.125,0.0,0.0,7481022.5,1311180.625,0.0,5772095.0,0.0,0.0,1149010.375,0
1789488567.6459525,fan,106,6,0.0,0.0,0.0,0.0,14456216.0,0.0,6600508.5,0.0,0.0,8951590.0,0.0,10685122.0,0.0,0.0,0.0,3331091.0,0
1789488567.6975605,fan,138,4,0.0,0.0,0.0,4734404.0,0.0,0.0,0.0,0.0,0.0,0.0,0.0,0.0,0.0,567908.0,3109252.0,3339508.5,0
1789488567.7607977,fan,166,5,0.0,0.0,0.0,11141694.0,0.0,0.0,0.0,0.0,0.0,0.0,0.0,0.0,0.0,7594534.0,14705441.0,0.0,0
1789488567.8238027,fan,166,6,0.0,0.0,0.0,0.0,4448999.0,0.0,0.0,1191422.5,2807809.25,0.0,0.0,0.0,12621745.0,0.0,0.0,5784472.5,0
1789488567.8729587,fan,181,10,0.0,0.0,32936720.0,0.0,12230605.0,3698038.0,967207.125,1986367.625,0.0,0.0,0.0,0.0,6509672.0,3331035.0,0.0,8103082.0,0
1789488567.9448397,fan,181,3,0.0,0.0,0.0,0.0,0.0,0.0,0.0,0.0,0.0,0.0,0.0,0.0,2595684.5,0.0,6384847.0,1131701.5,0
1789488567.9940703,fan,151,6,0.0,0.0,0.0,0.0,0.0,0.0,21746978.0,0.0,0.0,1056362.625,0.0,0.0,0.0,0.0,4732848.5,7265558.0,0
1789488568.0580194,fan,151,7,0.0,0.0,0.0,0.0,0.0,0.0,0.0,0.0,0.0,0.0,5429994.5,6553927.0,8196379.5,2500201.5,17444626.0,12401452.0,0
1789488568.1045527,fan,149,6,0.0,0.0,0.0,0.0,1320844.0,0.0,0.0,0.0,0.0,2822517.75,0.0,0.0,8298115.5,20301792.0,3891678.5,0.0,0
1789488568.167831,fan,143,6,0.0,0.0,0.0,0.0,0.0,0.0,0.0,0.0,0.0,0.0,0.0,22793032.0,7234400.5,63620500.0,19905580.0,0.0,0
1789488568.2317154,fan,3,6,0.0,0.0,0.0,30794956.0,0.0,20852466.0,0.0,13337234.0,6116848.5,0.0,0.0,7484848.5,0.0,0.0,0.0,3242512.5,0
1789488568.2900393,fan,69,3,0.0,0.0,0.0,0.0,0.0,0.0,0.0,0.0,34291296.0,0.0,0.0,22172180.0,27323902.0,0.0,0.0,0.0,0
1789488568.3472059,fan,333,3,0.0,0.0,90861328.0,0.0,61284872.0,0.0,0.0,0.0,0.0,0.0,0.0,0.0,0.0,7128489.0,0.0,0.0,0
1789488568.3479517,fan,20,3,0.0,303717856.0,0.0,0.0,0.0,0.0,0.0,0.0,0.0,7772464.5,0.0,0.0,0.0,0.0,12238649.0,0.0,0
1789488568.4659846,fan,161,10,0.0,0.0,0.0,0.0,13412712.0,1272810.625,12822504.0,6190396.0,811832.3125,5143885.0,0.0,0.0,0.0,1700277.75,2346556.0,0.0,0
1789488568.5218592,fan,152,8,0.0,0.0,0.0,4270041.0,0.0,14062124.0,3428780.75,0.0,0.0,1922415.5,448326.1875,0.0,0.0,4900267.5,0.0,0.0,0
1789488568.6236792,fan,153,10,0.0,0.0,0.0,3641994.25,9985133.0,0.0,9580591.0,0.0,2867808.5,0.0,0.0,0.0,986361.0625,37707552.0,25807072.0,0.0,0
1789488568.782163,fan,150,4,0.0,0.0,0.0,0.0,0.0,0.0,0.0,11487656.0,0.0,0.0,0.0,0.0,1768862.75,0.0,8403093.0,0.0,0
1789488568.852096,fan,148,3,0.0,0.0,0.0,0.0,0.0,0.0,0.0,0.0,0.0,10290917.0,20524468.0,0.0,0.0,0.0,0.0,5030214.0,0
1789488569.0510707,fan,27,4,0.0,0.0,0.0,0.0,135935104.0,0.0,326082976.0,0.0,0.0,0.0,0.0,0.0,0.0,0.0,0.0,0.0,0
1789488569.17434,fan,152,9,0.0,0.0,0.0,0.0,2164250.5,0.0,0.0,1872654.25,0.0,0.0,4487700.0,3919120.0,0.0,2859577.25,2660471.5,1787033.25,0
1789488569.285482,fan,155,7,0.0,0.0,0.0,0.0,0.0,0.0,0.0,0.0,0.0,4407171.0,6596648.0,1642077.25,0.0,1019205.0,0.0,9244238.0,0
1789488569.3615994,fan,160,5,0.0,0.0,0.0,0.0,0.0,26641538.0,4579704.0,0.0,0.0,0.0,0.0,0.0,5430097.0,0.0,3609647.75,0.0,0
1789488569.4782069,fan,120,5,0.0,0.0,0.0,0.0,0.0,0.0,0.0,0.0,0.0,0.0,0.0,0.0,0.0,30716984.0,28166584.0,6457455.0,0
1789488569.6049063,fan,169,7,0.0,0.0,0.0,0.0,0.0,0.0,0.0,0.0,50782320.0,38466668.0,0.0,0.0,0.0,0.0,5054227.5,6635612.0,0
1789488569.669465,fan,96,3,0.0,0.0,0.0,0.0,0.0,199683840.0,0.0,0.0,0.0,0.0,0.0,17322380.0,0.0,3281253.25,0.0,0.0,0
1789488569.7255442,fan,144,9,0.0,0.0,0.0,0.0,0.0,27194260.0,0.0,0.0,650116.75,0.0,10379655.0,5414946.5,8213786.5,0.0,0.0,4095839.0,0
1789488569.7889419,fan,140,4,0.0,0.0,0.0,0.0,0.0,4128326.5,0.0,4257167.0,0.0,0.0,0.0,0.0,16734448.0,7114821.0,0.0,0.0,0
1789488569.8526692,fan,160,4,0.0,0.0,0.0,0.0,0.0,0.0,0.0,0.0,9235517.0,0.0,0.0,0.0,3606872.0,0.0,0.0,19731506.0,0
1789488569.9158964,fan,144,4,0.0,0.0,0.0,0.0,0.0,0.0,0.0,0.0,0.0,0.0,0.0,4650843.5,5372278.5,4950802.0,0.0,0.0,0
1789488569.9863057,fan,141,4,0.0,0.0,0.0,0.0,0.0,0.0,0.0,6054464.5,0.0,6749406.5,0.0,2720992.0,0.0,223960.65625,0.0,0.0,0
1789488570.0479891,fan,145,4,0.0,0.0,0.0,0.0,0.0,0.0,0.0,5272358.0,0.0,0.0,0.0,1426771.75,11522332.0,17070666.0,0.0,0.0,0
1789488570.122464,fan,156,11,0.0,0.0,0.0,0.0,2950693.0,0.0,0.0,0.0,2253614.25,0.0,7964894.0,10733464.0,0.0,33723952.0,10854745.0,5197970.0,0
1789488570.2325475,fan,60,9,0.0,0.0,0.0,0.0,0.0,0.0,0.0,0.0,15748030.0,12907320.0,4323569.0,0.0,0.0,2780125.5,5204941.0,0.0,0
1789488570.2887657,fan,175,10,0.0,0.0,0.0,0.0,8482421.0,0.0,0.0,0.0,0.0,0.0,3137224.0,15140061.0,7565730.0,8311782.5,0.0,2730653.5,0
1789488570.466913,fan,149,4,0.0,0.0,0.0,0.0,0.0,0.0,0.0,0.0,2509276.5,0.0,0.0,0.0,0.0,6120629.0,0.0,28870324.0,0
1789488570.530822,fan,135,3,0.0,0.0,0.0,0.0,0.0,0.0,0.0,0.0,0.0,0.0,3139356.0,0.0,2344127.0,0.0,0.0,7404642.5,0
1789488570.5926564,fan,149,5,0.0,0.0,0.0,0.0,0.0,0.0,0.0,0.0,0.0,0.0,0.0,156601824.0,0.0,0.0,40096040.0,9368107.0,0
1789488570.6559417,fan,176,5,0.0,0.0,0.0,0.0,0.0,0.0,0.0,0.0,0.0,14262398.0,0.0,2832639.0,0.0,0.0,935017.25,18874782.0,0
1789488570.7892847,fan,148,7,0.0,0.0,0.0,0.0,4922020.0,0.0,0.0,0.0,0.0,0.0,17070186.0,0.0,0.0,3942943.25,2978401.0,6140991.0,0
1789488570.8515544,fan,162,10,0.0,0.0,0.0,0.0,0.0,5928713.0,0.0,9656600.0,0.0,13867546.0,9278520.0,3771782.25,0.0,0.0,627436.625,31735508.0,0
1789488570.913946,fan,138,7,0.0,0.0,0.0,0.0,0.0,0.0,0.0,0.0,0.0,1224573.0,0.0,17272128.0,6049246.0,0.0,5547741.0,4891642.0,0
1789488570.9763594,fan,137,4,0.0,0.0,0.0,0.0,0.0,0.0,0.0,0.0,0.0,0.0,0.0,10722780.0,0.0,0.0,0.0,11552272.0,0
1789488571.038546,fan,168,3,0.0,0.0,0.0,0.0,0.0,0.0,0.0,0.0,0.0,0.0,0.0,0.0,0.0,6887419.5,12617843.0,11598741.0,0
1789488571.102222,fan,160,13,0.0,0.0,0.0,0.0,8187952.5,0.0,20849342.0,12359993.0,0.0,15432776.0,18125544.0,4797881.0,0.0,3869875.75,4817831.0,0.0,0
1789488571.1683197,fan,168,9,0.0,0.0,0.0,0.0,0.0,0.0,0.0,0.0,0.0,0.0,0.0,2433057.25,7102539.0,1892181.875,4533738.5,14018779.0,0
1789488571.2810712,fan,156,4,0.0,0.0,0.0,0.0,0.0,0.0,0.0,0.0,0.0,5387269.0,0.0,3389650.5,0.0,1660920.0,0.0,765089.0,0
1789488571.396275,fan,183,3,0.0,0.0,0.0,0.0,0.0,0.0,322558976.0,0.0,0.0,0.0,0.0,0.0,0.0,0.0,44873752.0,53992848.0,0
1789488571.532944,fan,181,8,0.0,0.0,0.0,0.0,21122548.0,20841948.0,0.0,0.0,6924317.0,19309950.0,12129893.0,5764306.0,0.0,3998051.5,0.0,3078823.0,0
1789488571.5847523,fan,56,3,0.0,0.0,0.0,0.0,0.0,0.0,0.0,0.0,0.0,8200269.0,16575758.0,0.0,0.0,0.0,4419044.0,0.0,0
1789488571.6617792,fan,183,3,0.0,0.0,0.0,23461450.0,0.0,0.0,0.0,2016265.25,0.0,2235863.5,0.0,0.0,0.0,0.0,0.0,0.0,0
1789488571.7121186,fan,294,3,0.0,0.0,0.0,0.0,0.0,0.0,0.0,0.0,0.0,0.0,0.0,19655868.0,0.0,11971506.0,10583276.0,0.0,0
1789488571.7835455,fan,194,3,0.0,0.0,0.0,0.0,0.0,0.0,0.0,0.0,0.0,0.0,77158248.0,0.0,49275712.0,64860672.0,0.0,0.0,0
1789488571.8997798,fan,16,4,0.0,0.0,24752440.0,0.0,20028700.0,0.0,0.0,8776277.0,0.0,0.0,0.0,0.0,0.0,0.0,0.0,0.0,0
1789488571.9467707,fan,148,9,0.0,1370101.625,3479460.0,0.0,0.0,0.0,2950100.75,0.0,434088.6875,7016040.0,21136944.0,5821888.0,0.0,0.0,1132726.375,0.0,0
1789488572.0160384,fan,147,3,0.0,0.0,0.0,0.0,0.0,0.0,0.0,0.0,0.0,0.0,8015903.0,0.0,0.0,0.0,5483808.5,0.0,0
1789488572.0847838,fan,137,4,0.0,0.0,0.0,0.0,0.0,0.0,0.0,0.0,0.0,0.0,0.0,6805892.0,7661960.0,4490607.0,0.0,6511223.0,0
1789488572.154003,fan,155,12,0.0,0.0,0.0,0.0,9117356.0,10037949.0,0.0,0.0,8504600.0,0.0,0.0,26224092.0,14416490.0,12862200.0,13252946.0,4592181.0,0
1789488572.239206,fan,158,10,0.0,0.0,0.0,2478969.75,0.0,0.0,0.0,888740.8125,2030432.75,9770718.0,2590789.0,0.0,5266098.0,0.0,2257727.75,2643804.0,0
1789488572.3034108,fan,164,7,0.0,0.0,0.0,0.0,8972792.0,3293453.0,0.0,0.0,5708010.5,3811006.25,0.0,0.0,0.0,0.0,0.0,6219672.0,0
1789488572.3972373,fan,124,5,0.0,0.0,0.0,0.0,0.0,0.0,0.0,0.0,0.0,0.0,3898909.75,12354684.0,0.0,2804915.5,3232534.0,1157787.75,0
1789488572.456078,fan,173,16,8371452.5,14334294.0,13530006.0,1454648.625,141668.65625,0.0,0.0,10292478.0,0.0,4396567.5,0.0,9146099.0,12665808.0,2536841.5,3466537.5,5857070.0,0
1789488572.5321646,fan,180,8,0.0,0.0,6363526.0,0.0,0.0,0.0,0.0,0.0,7683087.0,12680390.0,0.0,8875344.0,0.0,0.0,11012539.0,0.0,0
1789488572.597601,fan,24,7,0.0,0.0,0.0,24110256.0,18845352.0,0.0,5927799.0,24363440.0,9679882.0,0.0,0.0,0.0,0.0,0.0,2653357.0,0.0,0
1789488572.6503558,fan,162,8,0.0,0.0,0.0,0.0,5573112.5,0.0,0.0,7924031.5,11518965.0,0.0,0.0,4333721.5,4603507.5,0.0,1562710.125,1103514.75,0
1789488572.7144878,fan,141,4,186213392.0,0.0,0.0,0.0,0.0,0.0,0.0,0.0,0.0,1344882.25,0.0,0.0,0.0,0.0,7662793.0,9435316.0,0
1789488572.7765772,fan,142,3,0.0,0.0,0.0,0.0,0.0,0.0,0.0,0.0,0.0,0.0,0.0,0.0,0.0,0.0,7886491.0,21810020.0,0
1789488572.8495383,fan,142,4,0.0,0.0,0.0,0.0,0.0,0.0,0.0,0.0,0.0,0.0,1728518.75,9215432.0,0.0,0.0,18380192.0,5310915.5,0
1789488572.9024692,fan,115,3,0.0,0.0,0.0,0.0,0.0,0.0,0.0,0.0,0.0,0.0,0.0,0.0,0.0,2352085.25,14592686.0,0.0,0
1789488572.9661834,fan,157,4,0.0,0.0,0.0,0.0,0.0,0.0,0.0,0.0,0.0,19555740.0,0.0,15146194.0,0.0,1076162.0,4657298.5,0.0,0
1789488573.0297534,fan,158,5,0.0,0.0,0.0,0.0,0.0,0.0,0.0,0.0,0.0,0.0,0.0,0.0,0.0,4794428.0,33923940.0,15777324.0,0
1789488573.0938692,fan,146,5,0.0,0.0,0.0,0.0,0.0,0.0,0.0,0.0,0.0,3057596.0,8787149.0,3726566.75,9225594.0,0.0,0.0,0.0,0
1789488573.2195003,fan,175,5,0.0,0.0,0.0,0.0,14667418.0,0.0,0.0,0.0,0.0,0.0,0.0,5706315.0,0.0,4987803.5,0.0,4742197.0,0
1789488573.3410199,fan,163,5,1257559808.0,0.0,0.0,0.0,0.0,0.0,0.0,20456910.0,0.0,0.0,0.0,2088977.5,12626085.0,20545744.0,0.0,0.0,0
1789488573.4050455,fan,152,7,0.0,0.0,0.0,0.0,0.0,976132.5625,0.0,0.0,3648411.5,9173570.0,0.0,1856903.125,3433355.75,0.0,1331585.625,0.0,0
1789488573.4691668,fan,166,6,0.0,0.0,0.0,0.0,5390664.0,2514472.75,4263868.0,0.0,0.0,0.0,0.0,3109056.5,0.0,0.0,5924500.5,3127071.0,0
1789488573.5336785,fan,183,9,0.0,0.0,0.0,0.0,0.0,0.0,2431401.5,7296419.5,0.0,616587.375,2774712.25,717736.3125,1134358.25,0.0,0.0,8624797.0,0
1789488573.6044662,fan,183,3,0.0,0.0,0.0,0.0,0.0,0.0,0.0,0.0,0.0,0.0,2413597.75,0.0,0.0,0.0,0.0,4237943.0,0
1789488573.6657083,fan,166,9,0.0,0.0,0.0,0.0,4062330.5,0.0,0.0,0.0,2311237.75,0.0,5033478.0,4552358.0,0.0,1600922.875,1936170.75,1980810.625,0
1789488573.7267785,fan,172,5,0.0,0.0,0.0,0.0,4145421.5,0.0,0.0,0.0,19544588.0,6971659.5,0.0,0.0,0.0,0.0,0.0,0.0,0
1789488573.7914212,fan,172,12,0.0,0.0,0.0,0.0,0.0,5193018.0,2393303.5,551906.8125,0.0,0.0,2075675.875,10658376.0,2711777.5,21889904.0,5923763.0,0.0,0
1789488573.841034,fan,148,7,0.0,0.0,0.0,0.0,0.0,0.0,65226292.0,0.0,0.0,0.0,14882208.0,13932096.0,2522179.0,2865648.5,1933022.0,0.0,0
1789488573.967783,fan,175,9,0.0,0.0,0.0,0.0,0.0,1945320.875,565869.0,4808709.5,790748.9375,0.0,0.0,4679455.5,0.0,0.0,0.0,9234204.0,0
1789488574.0305882,fan,161,5,0.0,0.0,0.0,0.0,10917564.0,0.0,0.0,0.0,0.0,15628952.0,0.0,0.0,0.0,4039203.25,5156415.0,1269661.625,0
1789488574.1593757,fan,181,4,0.0,0.0,0.0,0.0,35850252.0,0.0,0.0,10544529.0,0.0,0.0,3685197.0,0.0,0.0,0.0,0.0,1825171.125,0
1789488574.2232938,fan,181,11,0.0,0.0,0.0,0.0,0.0,0.0,1131887.0,21757442.0,0.0,1981327.5,0.0,3771174.0,12880020.0,0.0,22085576.0,9507197.0,0
1789488574.2731507,fan,167,4,0.0,0.0,0.0,0.0,9173009.0,0.0,0.0,0.0,0.0,9767702.0,1965666.0,0.0,0.0,7438038.0,0.0,0.0,0
1789488574.3369572,fan,181,3,0.0,0.0,0.0,0.0,0.0,0.0,0.0,0.0,0.0,0.0,0.0,0.0,0.0,103280864.0,48362232.0,0.0,0
1789488574.5058208,fan,243,3,0.0,0.0,0.0,0.0,0.0,0.0,162197792.0,0.0,0.0,0.0,0.0,0.0,6218639.5,0.0,0.0,0.0,0
1789488574.6207619,fan,44,5,0.0,0.0,0.0,0.0,0.0,0.0,0.0,0.0,0.0,0.0,44705492.0,52619792.0,0.0,0.0,26006100.0,11722715.0,0
1789488574.7540033,fan,308,3,0.0,0.0,0.0,0.0,0.0,0.0,0.0,79171960.0,0.0,0.0,0.0,0.0,63516208.0,0.0,0.0,0.0,0
1789488574.916367,fan,186,11,0.0,0.0,0.0,0.0,0.0,0.0,0.0,0.0,0.0,7111392.0,1358617.25,4900714.0,849690.875,454316.09375,1521543.125,4101588.5,0
1789488574.9795654,fan,197,8,0.0,0.0,0.0,0.0,0.0,0.0,0.0,8388131.5,0.0,800362.25,0.0,12286724.0,0.0,1431086.0,2445794.0,3265044.0,0
1789488575.05109,fan,196,5,0.0,0.0,0.0,0.0,0.0,0.0,0.0,0.0,0.0,7959314.5,0.0,6469841.0,0.0,2806061.0,3453861.5,0.0,0
1789488575.1146224,fan,190,7,0.0,0.0,0.0,0.0,0.0,0.0,0.0,0.0,10903934.0,2998132.5,0.0,7777516.0,13755840.0,0.0,6508697.0,0.0,0
1789488575.183101,fan,191,9,0.0,0.0,0.0,0.0,0.0,0.0,4239860.5,0.0,0.0,0.0,7571610.5,10659874.0,13407236.0,0.0,6196533.0,2600297.5,0
1789488575.2491338,fan,222,7,0.0,0.0,0.0,55472920.0,0.0,0.0,0.0,0.0,0.0,0.0,0.0,2401142.75,7311181.0,14616313.0,0.0,0.0,0
1789488575.3130155,fan,222,3,0.0,0.0,0.0,0.0,0.0,0.0,0.0,0.0,0.0,0.0,0.0,1303097.875,0.0,0.0,0.0,6863812.0,0
1789488575.364287,fan,222,3,0.0,0.0,0.0,0.0,0.0,0.0,521879.75,0.0,0.0,1250527.25,0.0,5439621.0,0.0,0.0,0.0,0.0,0
1789488575.4138076,fan,183,5,0.0,0.0,0.0,0.0,0.0,0.0,0.0,0.0,11258882.0,2884023.75,0.0,0.0,1634501.75,0.0,1581661.5,0.0,0
1789488575.5037673,fan,183,9,0.0,0.0,0.0,6431555.5,0.0,207846.34375,12989912.0,0.0,0.0,3378058.5,5298963.0,0.0,3508440.0,0.0,0.0,0.0,0
1789488575.5623689,fan,188,6,0.0,0.0,0.0,9120358.0,5000445.5,0.0,0.0,0.0,0.0,0.0,0.0,0.0,10764650.0,12198264.0,10581149.0,0.0,0
1789488575.626367,fan,233,3,0.0,0.0,0.0,0.0,0.0,0.0,3553242.5,0.0,0.0,0.0,0.0,0.0,0.0,3361271.5,0.0,5847906.5,0
1789488575.677452,fan,192,6,0.0,0.0,0.0,0.0,1710931.0,0.0,0.0,0.0,1746095.625,3949667.75,0.0,2214788.25,0.0,0.0,3674464.5,0.0,0
1789488575.8201776,fan,206,7,0.0,0.0,0.0,0.0,0.0,0.0,0.0,0.0,7926239.0,4209637.0,0.0,2659577.75,1661852.25,570607.5,4192063.0,0.0,0
1789488575.8808045,fan,215,4,0.0,12511694.0,0.0,0.0,3054456.0,0.0,0.0,0.0,0.0,1365121.25,1597906.125,0.0,0.0,0.0,0.0,0.0,0
1789488575.9433162,fan,203,7,0.0,0.0,0.0,0.0,0.0,0.0,1746603.75,0.0,0.0,0.0,0.0,0.0,2645643.5,872314.4375,7024016.0,1133131.0,0
1789488576.007297,fan,205,7,0.0,0.0,0.0,0.0,0.0,0.0,0.0,959620.0625,0.0,0.0,0.0,789930.8125,1760888.25,3227532.75,969222.0,2440420.0,0
1789488576.0716002,fan,205,4,0.0,0.0,0.0,0.0,0.0,0.0,0.0,0.0,858826.8125,3730478.5,0.0,0.0,10910706.0,0.0,0.0,0.0,0
1789488576.121568,fan,201,6,0.0,0.0,0.0,0.0,0.0,0.0,0.0,1049514.25,0.0,0.0,0.0,3217923.5,0.0,13998292.0,12655342.0,0.0,0
1789488576.1860142,fan,185,3,0.0,0.0,0.0,0.0,0.0,0.0,0.0,0.0,0.0,0.0,0.0,0.0,0.0,0.0,9834461.0,1148255.625,0
1789488576.250575,fan,230,6,0.0,0.0,0.0,0.0,0.0,0.0,338950.46875,0.0,0.0,0.0,0.0,7724106.5,0.0,0.0,1048928.375,3182992.0,0
1789488576.5807137,fan,206,8,0.0,0.0,745346.8125,0.0,0.0,0.0,0.0,590006.3125,0.0,1641523.75,5392810.0,2182508.75,10085264.0,0.0,653509.375,0.0,0
1789488576.6412098,fan,199,8,2596092.75,0.0,0.0,0.0,367949.5,1217518.625,3002839.5,0.0,0.0,0.0,1136516.0,0.0,0.0,3975703.0,3616747.75,0.0,0
1789488576.6420243,fan,238,3,6575428.5,0.0,0.0,0.0,0.0,0.0,0.0,0.0,0.0,2127966.0,0.0,3331690.5,0.0,0.0,0.0,0.0,0
1789488576.7157695,fan,165,3,0.0,0.0,0.0,0.0,0.0,0.0,0.0,1307318.0,4011841.5,0.0,0.0,0.0,0.0,0.0,6619353.0,0.0,0
1789488576.767815,fan,197,8,0.0,0.0,4853946.0,22623964.0,0.0,0.0,0.0,0.0,0.0,0.0,0.0,1210430.0,2565096.25,0.0,470283.1875,5133060.0,0
1789488576.831065,fan,199,8,2592382.0,0.0,0.0,0.0,0.0,1249084.375,0.0,0.0,0.0,0.0,0.0,20734028.0,13612352.0,1922690.5,2373264.75,1870742.0,0
1789488576.8951802,fan,199,5,0.0,0.0,0.0,0.0,0.0,0.0,3514463.0,0.0,0.0,702426.4375,0.0,676392.125,551575.75,0.0,0.0,0.0,0
1789488577.0234857,fan,214,6,674842.625,0.0,0.0,0.0,0.0,0.0,0.0,3347217.5,0.0,0.0,0.0,19609812.0,0.0,0.0,0.0,0.0,0
1789488577.1508853,fan,199,8,0.0,0.0,0.0,0.0,0.0,0.0,0.0,0.0,0.0,0.0,0.0,13420966.0,7295329.0,0.0,13306096.0,4369712.5,0
1789488577.2109833,fan,202,7,0.0,0.0,0.0,0.0,2212761.0,9027131.0,0.0,0.0,0.0,0.0,0.0,1586738.625,2099827.0,2323062.75,6188039.0,0.0,0
1789488577.2870345,fan,202,6,0.0,522216.5625,0.0,0.0,0.0,0.0,1444837.375,0.0,963429.375,0.0,0.0,3184372.0,0.0,4612000.0,0.0,1283962.875,0
1789488577.3325307,fan,213,3,0.0,0.0,0.0,0.0,0.0,0.0,0.0,0.0,0.0,1409537.0,0.0,1597633.0,0.0,3655376.75,0.0,0.0,0
1789488577.395517,fan,193,4,0.0,0.0,0.0,0.0,0.0,0.0,0.0,0.0,0.0,0.0,0.0,2093815.0,0.0,3512638.5,7309284.0,0.0,0
1789488577.4998534,fan,190,4,0.0,0.0,0.0,0.0,0.0,0.0,4604030.0,0.0,0.0,0.0,0.0,12301122.0,5440788.0,0.0,0.0,0.0,0
1789488577.5950139,fan,192,8,0.0,0.0,0.0,0.0,6333520.5,0.0,2174090.0,0.0,2049129.5,1657311.0,0.0,5654056.5,6813315.0,0.0,0.0,6381660.0,0
1789488577.6551127,fan,212,7,0.0,95500.71875,0.0,0.0,0.0,0.0,0.0,0.0,5550422.0,2512933.0,4423403.0,0.0,0.0,0.0,884160.0,8286143.5,0
1789488577.7196915,fan,205,8,0.0,0.0,0.0,0.0,0.0,0.0,3045553.5,0.0,1111169.375,0.0,0.0,13288462.0,0.0,0.0,4045095.0,8027432.0,0
1789488577.781614,fan,187,5,0.0,0.0,0.0,0.0,2888612.0,0.0,0.0,0.0,0.0,0.0,0.0,0.0,0.0,0.0,4904453.0,5521461.5,0
1789488577.8451567,fan,205,8,0.0,0.0,0.0,0.0,0.0,0.0,0.0,3606530.0,3060564.5,5914619.5,0.0,19671468.0,1800350.75,0.0,6461225.5,0.0,0
1789488577.9592807,fan,218,5,0.0,0.0,0.0,0.0,0.0,0.0,0.0,0.0,0.0,10550130.0,20999670.0,0.0,0.0,0.0,4284732.0,2230548.0,0
1789488578.0228465,fan,216,5,0.0,0.0,0.0,0.0,0.0,0.0,2350170.75,0.0,0.0,1096440.0,2512565.0,0.0,556853.375,928106.5,0.0,0.0,0
1789488578.1469405,fan,176,4,0.0,0.0,0.0,0.0,0.0,0.0,44179588.0,0.0,0.0,0.0,0.0,9907778.0,0.0,5297341.0,2968415.0,0.0,0
1789488578.21123,fan,226,7,0.0,0.0,0.0,0.0,0.0,0.0,6121175.0,34013580.0,14891126.0,0.0,0.0,3651616.0,1424894.625,0.0,0.0,3563449.5,0
1789488578.275615,fan,170,4,0.0,0.0,0.0,0.0,0.0,0.0,0.0,0.0,0.0,16212762.0,0.0,0.0,0.0,14392171.0,0.0,0.0,0
1789488578.338005,fan,197,5,0.0,0.0,0.0,0.0,0.0,0.0,0.0,0.0,17869016.0,0.0,0.0,0.0,0.0,11725717.0,10146199.0,3549942.0,0
1789488578.4029572,fan,197,4,0.0,0.0,0.0,0.0,0.0,0.0,0.0,0.0,0.0,0.0,0.0,4344543.5,5234655.0,8292293.5,0.0,1573173.875,0
1789488578.630134,fan,246,6,0.0,0.0,0.0,0.0,0.0,0.0,0.0,0.0,0.0,0.0,46040348.0,36763544.0,40531144.0,62103240.0,34713900.0,0.0,0
1789488578.729016,fan,188,4,0.0,0.0,0.0,0.0,0.0,0.0,0.0,0.0,0.0,0.0,0.0,0.0,0.0,3973011.5,4126518.75,15792241.0,0
1789488578.8576663,fan,216,3,0.0,0.0,0.0,0.0,0.0,0.0,0.0,0.0,0.0,0.0,69723920.0,0.0,0.0,0.0,16160786.0,11028720.0,0
1789488578.9889188,fan,205,3,0.0,0.0,0.0,0.0,0.0,0.0,0.0,0.0,0.0,44181604.0,25690032.0,0.0,0.0,10364866.0,0.0,0.0,0
1789488579.0652428,fan,54,7,0.0,0.0,0.0,0.0,0.0,0.0,2168501504.0,0.0,1396480640.0,229125904.0,866536576.0,0.0,304928480.0,155070544.0,0.0,0.0,0
1789488579.601813,fan,274,3,0.0,0.0,0.0,0.0,0.0,0.0,0.0,0.0,0.0,0.0,0.0,0.0,0.0,66857536.0,0.0,0.0,0
1789488579.8467753,fan,217,3,0.0,0.0,0.0,0.0,0.0,0.0,0.0,0.0,0.0,0.0,0.0,0.0,0.0,63538944.0,0.0,10633031.0,0
1789488580.2033782,fan,238,4,0.0,0.0,232301376.0,0.0,0.0,0.0,0.0,0.0,0.0,30809252.0,0.0,0.0,21752520.0,18873522.0,0.0,0.0,0
1789488580.4275868,fan,160,5,0.0,0.0,0.0,0.0,0.0,0.0,37713064.0,0.0,0.0,104833664.0,0.0,0.0,0.0,37560384.0,22196792.0,0.0,0
1789488580.547807,fan,203,7,0.0,0.0,0.0,0.0,0.0,17434536.0,0.0,0.0,0.0,0.0,0.0,9626634.0,0.0,4411751.5,6624446.5,4080609.5,0
1789488580.6099038,fan,199,4,0.0,0.0,0.0,0.0,0.0,0.0,38338248.0,0.0,0.0,0.0,0.0,9671287.0,0.0,0.0,0.0,7796545.0,0
1789488580.6745348,fan,199,4,0.0,0.0,0.0,0.0,0.0,0.0,0.0,0.0,0.0,0.0,0.0,0.0,2028929.25,4049167.5,2669981.0,0.0,0
1789488580.7857242,fan,198,4,0.0,0.0,0.0,0.0,0.0,0.0,10133119.0,0.0,0.0,0.0,0.0,5608526.5,0.0,0.0,0.0,0.0,0
1789488581.022979,fan,195,3,0.0,0.0,0.0,0.0,0.0,0.0,0.0,0.0,0.0,0.0,0.0,0.0,0.0,26652124.0,5485475.5,0.0,0
1789488581.131104,fan,205,3,0.0,0.0,0.0,0.0,0.0,0.0,0.0,0.0,0.0,0.0,0.0,0.0,13263824.0,2303572.25,1763417.0,0.0,0
1789488581.196854,fan,194,10,0.0,0.0,0.0,0.0,2902328.25,0.0,0.0,676229.875,0.0,9565647.0,4360625.0,2743884.75,1637672.25,0.0,0.0,0.0,0
1789488581.2611225,fan,200,12,0.0,0.0,0.0,0.0,0.0,0.0,4618333.5,0.0,2405688.25,8113324.0,13996148.0,1780140.25,4565595.0,14234438.0,4279011.0,5949198.5,0
1789488581.3244812,fan,179,5,0.0,0.0,0.0,0.0,0.0,0.0,32030524.0,0.0,0.0,2615333.0,0.0,5897646.5,0.0,0.0,2292555.75,0.0,0
1789488581.389025,fan,178,5,0.0,0.0,0.0,0.0,2182725.25,0.0,4697317.0,0.0,0.0,2627229.0,2313368.75,0.0,0.0,0.0,2822358.0,0.0,0
1789488581.4544108,fan,178,7,0.0,0.0,12403234.0,0.0,0.0,0.0,4526887.0,0.0,0.0,6552363.0,0.0,4525269.0,10103720.0,14792255.0,0.0,0.0,0
1789488581.5031872,fan,156,3,0.0,0.0,0.0,0.0,0.0,0.0,0.0,0.0,0.0,0.0,0.0,19499600.0,5742394.0,0.0,4477700.0,0.0,0
1789488581.5685215,fan,101,3,0.0,0.0,0.0,0.0,0.0,0.0,0.0,13435128.0,3280988.0,0.0,0.0,0.0,0.0,2236282.0,0.0,0.0,0
1789488581.6329215,fan,177,5,0.0,0.0,0.0,0.0,1637398.5,0.0,1561639.625,0.0,0.0,0.0,0.0,0.0,0.0,13965570.0,20724700.0,0.0,0
1789488581.687883,fan,177,9,0.0,7438621.0,1025789.25,0.0,7039015.0,8589550.0,13342632.0,0.0,0.0,0.0,0.0,0.0,0.0,3419501.0,0.0,4555717.0,0
1789488581.7456298,fan,177,5,0.0,1269252.75,0.0,0.0,0.0,0.0,1975907.5,0.0,1262481.0,0.0,0.0,2418308.5,0.0,0.0,0.0,0.0,0
1789488581.7903032,fan,165,6,0.0,0.0,0.0,0.0,0.0,2404276.0,0.0,0.0,0.0,0.0,0.0,46858296.0,27798270.0,24500648.0,0.0,0.0,0
1789488581.860134,fan,162,9,0.0,12346915.0,34660300.0,0.0,0.0,14430975.0,0.0,0.0,3323948.5,0.0,0.0,2171938.5,10660352.0,4078237.0,0.0,0.0,0
1789488581.9983118,fan,180,11,0.0,0.0,831439.0625,0.0,0.0,7857677.0,1693810.5,0.0,1631172.75,38246536.0,18359138.0,8309095.5,4782258.0,0.0,0.0,8254313.5,0
1789488582.062944,fan,186,3,0.0,0.0,0.0,0.0,0.0,0.0,14084252.0,0.0,0.0,0.0,0.0,0.0,0.0,5176587.0,0.0,0.0,0
1789488582.1281571,fan,180,7,0.0,0.0,0.0,0.0,0.0,2543568.5,3352968.0,0.0,5117029.0,0.0,0.0,11365081.0,3362177.25,0.0,0.0,0.0,0
1789488582.2204106,fan,179,3,0.0,0.0,0.0,0.0,2146421.5,7885136.5,0.0,0.0,0.0,0.0,0.0,0.0,0.0,0.0,7344250.5,0.0,0
1789488582.293369,fan,187,5,0.0,0.0,0.0,0.0,2230575.0,286340.71875,0.0,0.0,0.0,0.0,0.0,13542538.0,0.0,0.0,0.0,0.0,0
1789488582.3573084,fan,95,8,0.0,0.0,0.0,13929057.0,0.0,0.0,7881343.5,14007812.0,14186692.0,0.0,0.0,0.0,0.0,9075616.0,0.0,5282169.5,0
1789488582.5057254,fan,185,8,974922.625,0.0,0.0,0.0,14877511.0,0.0,12454118.0,0.0,1584939.375,0.0,0.0,0.0,0.0,0.0,6217072.5,0.0,0
1789488582.5703096,fan,185,7,0.0,0.0,0.0,0.0,603945.75,0.0,0.0,0.0,1758556.25,0.0,0.0,0.0,2922408.0,9835554.0,2054434.0,1186330.5,0
1789488582.6959524,fan,167,8,0.0,0.0,774631.125,0.0,0.0,0.0,13131945.0,0.0,0.0,0.0,0.0,0.0,0.0,2792470.0,5569692.5,14823797.0,0
1789488582.7613113,fan,165,8,0.0,0.0,1737835.75,0.0,0.0,0.0,2946833.5,0.0,0.0,2456975.0,0.0,7020335.0,0.0,9477412.0,0.0,12975787.0,0
1789488582.981725,fan,180,10,0.0,0.0,0.0,0.0,1836314.25,0.0,0.0,0.0,1876875.625,19487244.0,617687.5,0.0,5942250.5,769583.625,2105092.5,9016464.0,0
1789488583.0423594,fan,161,5,0.0,0.0,1873165.5,0.0,0.0,0.0,0.0,0.0,0.0,0.0,0.0,6879592.5,0.0,0.0,1644719.5,2522021.5,0
1789488583.107359,fan,160,5,0.0,1409950.75,0.0,0.0,0.0,0.0,9288067.0,10276139.0,0.0,0.0,0.0,0.0,0.0,0.0,0.0,0.0,0
1789488583.108422,fan,106,5,4987240.5,0.0,0.0,0.0,0.0,0.0,0.0,0.0,0.0,516731.0625,0.0,7441206.0,0.0,0.0,0.0,1907508.875,0
1789488583.1826277,fan,164,4,4213511.0,0.0,0.0,0.0,0.0,8325871.5,0.0,0.0,1676847.0,0.0,0.0,0.0,0.0,0.0,0.0,0.0,0
1789488583.3949049,fan,166,12,6216667.0,0.0,0.0,0.0,0.0,0.0,6649184.0,0.0,0.0,0.0,0.0,21785220.0,4889649.5,4406541.0,8720325.0,14892008.0,0
1789488583.4871798,fan,147,10,0.0,0.0,14442891.0,19528042.0,0.0,894726.5,1401759.0,0.0,0.0,1780604.5,2500725.5,0.0,0.0,17858706.0,0.0,0.0,0
1789488583.5588577,fan,145,4,0.0,0.0,0.0,0.0,0.0,0.0,0.0,0.0,0.0,0.0,0.0,3538726.0,3591545.0,8448452.0,1907388.25,0.0,0
1789488583.6214213,fan,219,5,0.0,0.0,0.0,116827408.0,0.0,0.0,0.0,0.0,0.0,23542992.0,0.0,6953998.0,12171095.0,0.0,0.0,9481914.0,0
1789488583.730421,fan,137,4,0.0,0.0,0.0,0.0,0.0,0.0,0.0,0.0,0.0,0.0,0.0,2809076.0,0.0,12823463.0,22501464.0,0.0,0
1789488583.7935104,fan,180,5,0.0,0.0,0.0,0.0,0.0,0.0,6270875.0,0.0,0.0,3176917.75,0.0,8977104.0,0.0,0.0,13878340.0,11264970.0,0
1789488583.7942822,fan,137,3,0.0,0.0,0.0,0.0,0.0,0.0,0.0,0.0,22777478.0,0.0,0.0,0.0,5636618.0,0.0,0.0,0.0,0
1789488583.9076283,fan,178,3,0.0,0.0,0.0,0.0,6579422.0,0.0,0.0,0.0,0.0,0.0,0.0,0.0,0.0,3105345.0,0.0,0.0,0
1789488584.1566207,fan,180,6,0.0,0.0,0.0,0.0,0.0,0.0,0.0,0.0,1244895.25,10116412.0,0.0,10494330.0,4172591.0,0.0,0.0,2294226.5,0
1789488584.2215915,fan,180,5,0.0,0.0,0.0,0.0,3606417.25,3135675.25,0.0,0.0,4117424.75,3413499.5,0.0,0.0,0.0,0.0,0.0,2744425.5,0
1789488584.3118656,fan,157,6,17346550.0,0.0,0.0,0.0,0.0,0.0,0.0,0.0,0.0,0.0,0.0,10425853.0,6025627.0,0.0,9018990.0,5614229.0,0
1789488584.3842883,fan,165,5,0.0,0.0,0.0,0.0,4615649.0,0.0,0.0,0.0,898645.0,0.0,13630466.0,0.0,8124471.0,0.0,3802236.5,0.0,0
1789488584.4698389,fan,141,7,0.0,0.0,0.0,0.0,9481358.0,0.0,0.0,0.0,0.0,14332053.0,7799871.0,0.0,7494501.0,13333836.0,0.0,0.0,0
1789488584.539258,fan,140,6,0.0,0.0,7879049.5,0.0,0.0,0.0,2179594.5,0.0,783382.125,0.0,0.0,1804367.875,0.0,0.0,15234890.0,0.0,0
1789488584.6020567,fan,140,3,0.0,0.0,736436.125,0.0,0.0,0.0,0.0,0.0,0.0,0.0,0.0,2993115.75,0.0,0.0,3751024.75,0.0,0
1789488584.7560103,fan,97,6,0.0,0.0,0.0,0.0,0.0,12765379.0,11579570.0,0.0,0.0,0.0,6582232.5,0.0,2416440.0,3742018.75,8208177.0,0.0,0
1789488584.9203074,fan,139,6,0.0,0.0,0.0,0.0,0.0,0.0,0.0,0.0,52263212.0,10186688.0,12159226.0,0.0,0.0,3195576.75,0.0,0.0,0
1789488585.1158087,fan,36,3,0.0,0.0,0.0,0.0,0.0,0.0,0.0,0.0,0.0,0.0,0.0,761828736.0,0.0,0.0,0.0,0.0,0
1789488585.193294,fan,134,3,0.0,0.0,0.0,0.0,0.0,0.0,0.0,0.0,0.0,0.0,12204484.0,0.0,0.0,0.0,30542076.0,0.0,0
1789488585.258288,fan,35,4,0.0,0.0,0.0,0.0,0.0,0.0,0.0,0.0,0.0,0.0,0.0,0.0,0.0,65872780.0,85318248.0,36478196.0,0
1789488585.333531,fan,69,4,0.0,0.0,0.0,0.0,234874240.0,0.0,0.0,0.0,0.0,33455398.0,26344866.0,24901324.0,0.0,0.0,0.0,0.0,0
1789488585.449843,fan,130,6,0.0,0.0,0.0,0.0,0.0,0.0,0.0,0.0,0.0,44180864.0,21233678.0,0.0,0.0,0.0,9949641.0,3718889.0,0
1789488585.7854578,fan,77,3,0.0,0.0,0.0,0.0,0.0,0.0,0.0,0.0,0.0,0.0,437649920.0,371484224.0,0.0,0.0,0.0,0.0,0
1789488585.9906113,fan,142,6,0.0,0.0,0.0,0.0,0.0,30095008.0,0.0,0.0,0.0,11715848.0,0.0,7402704.0,10191624.0,15316063.0,0.0,0.0,0
1789488586.0601773,fan,141,4,0.0,0.0,0.0,0.0,0.0,0.0,0.0,6029505.0,0.0,0.0,0.0,0.0,0.0,22718188.0,16425872.0,0.0,0
1789488586.1221948,fan,121,4,0.0,0.0,0.0,0.0,0.0,0.0,11398108.0,0.0,0.0,0.0,0.0,0.0,0.0,17552888.0,3534520.0,0.0,0
1789488586.1843984,fan,135,5,0.0,0.0,0.0,0.0,0.0,0.0,75997296.0,0.0,0.0,0.0,0.0,12628358.0,0.0,10877842.0,17610598.0,8235387.0,0
1789488586.4881494,fan,138,3,0.0,0.0,0.0,0.0,0.0,0.0,0.0,0.0,0.0,0.0,9251599.0,5794116.0,0.0,5159587.0,0.0,0.0,0
1789488586.6642346,fan,224,3,0.0,0.0,0.0,0.0,0.0,0.0,0.0,0.0,0.0,0.0,0.0,15615452.0,0.0,0.0,64503328.0,44894504.0,0
1789488586.7271748,fan,92,8,0.0,0.0,0.0,0.0,0.0,0.0,28129714.0,0.0,0.0,0.0,0.0,9400614.0,9223668.0,25805450.0,33883036.0,5779720.0,0
1789488586.8295865,fan,142,5,0.0,0.0,0.0,0.0,0.0,0.0,0.0,0.0,0.0,0.0,27896898.0,19124528.0,0.0,0.0,1393959.25,0.0,0
1789488586.8935468,fan,138,3,0.0,0.0,0.0,0.0,0.0,0.0,0.0,0.0,2969827.5,0.0,0.0,0.0,0.0,1955216.5,0.0,4148547.0,0
1789488586.9603844,fan,140,3,0.0,0.0,0.0,0.0,0.0,0.0,405051904.0,0.0,0.0,0.0,0.0,0.0,17132626.0,0.0,89807608.0,0.0,0
1789488586.9609652,fan,175,5,0.0,0.0,0.0,0.0,0.0,0.0,0.0,0.0,0.0,0.0,0.0,32433670.0,32046304.0,0.0,0.0,114228416.0,0
1789488587.0880005,fan,144,3,0.0,0.0,0.0,0.0,0.0,0.0,0.0,0.0,0.0,15068626.0,0.0,0.0,0.0,0.0,27780484.0,0.0,0
1789488587.1509893,fan,144,5,0.0,0.0,0.0,0.0,0.0,0.0,0.0,0.0,0.0,0.0,0.0,274732832.0,73275184.0,26298684.0,27053242.0,17479662.0,0
1789488587.263211,fan,109,7,0.0,0.0,0.0,0.0,0.0,0.0,0.0,88088256.0,0.0,30958132.0,47997136.0,0.0,31181152.0,0.0,0.0,1436212.75,0
1789488587.327102,fan,66,3,0.0,0.0,0.0,0.0,195751936.0,0.0,0.0,0.0,0.0,0.0,0.0,0.0,0.0,12038174.0,0.0,6129137.5,0
1789488587.3922584,fan,159,5,0.0,0.0,0.0,0.0,0.0,0.0,0.0,0.0,0.0,0.0,27589000.0,0.0,2948915.75,11502682.0,2995946.75,0.0,0
1789488587.826823,fan,160,3,0.0,0.0,0.0,0.0,0.0,0.0,0.0,0.0,0.0,0.0,0.0,57747248.0,0.0,0.0,6840501.5,0.0,0
1789488587.8922226,fan,160,3,0.0,0.0,0.0,0.0,0.0,0.0,0.0,0.0,0.0,0.0,0.0,11390270.0,8312212.5,5130153.5,0.0,0.0,0
1789488587.9419794,fan,268,4,0.0,0.0,0.0,0.0,0.0,0.0,0.0,0.0,0.0,0.0,0.0,0.0,0.0,110449416.0,30560100.0,0.0,0
1789488587.9988415,fan,183,4,0.0,0.0,0.0,0.0,0.0,0.0,0.0,0.0,0.0,0.0,0.0,0.0,0.0,279959040.0,199844128.0,414067968.0,0
1789488588.2493114,fan,170,3,0.0,0.0,0.0,0.0,0.0,0.0,0.0,0.0,520493472.0,0.0,0.0,0.0,0.0,0.0,79631272.0,104201728.0,0
1789488588.3169053,fan,194,4,0.0,0.0,0.0,0.0,0.0,0.0,0.0,0.0,0.0,0.0,221928224.0,0.0,0.0,364853568.0,0.0,0.0,0
1789488588.3950262,fan,194,6,0.0,0.0,0.0,0.0,0.0,0.0,0.0,0.0,0.0,0.0,7534062.0,2823488.25,0.0,6424732.0,11122567.0,4704128.5,0
1789488588.491911,fan,171,3,0.0,0.0,0.0,0.0,0.0,42708000.0,53165464.0,0.0,0.0,18551628.0,0.0,0.0,0.0,0.0,0.0,0.0,0
1789488588.6295154,fan,105,3,0.0,0.0,0.0,0.0,0.0,0.0,0.0,0.0,0.0,0.0,19567138.0,24555024.0,0.0,19876212.0,0.0,0.0,0
1789488588.6300516,fan,249,3,0.0,0.0,0.0,0.0,0.0,0.0,0.0,0.0,0.0,0.0,0.0,0.0,22019520.0,0.0,0.0,18835322.0,0
1789488588.6996667,fan,131,3,0.0,0.0,0.0,0.0,0.0,0.0,0.0,0.0,8324584.0,0.0,0.0,4972024.5,0.0,0.0,0.0,0.0,0
1789488588.7618706,fan,104,8,0.0,0.0,0.0,0.0,418247936.0,207764976.0,269041216.0,114781872.0,0.0,0.0,60228400.0,0.0,0.0,0.0,0.0,38982032.0,0
1789488588.8814616,fan,168,8,0.0,0.0,2697574.5,0.0,0.0,0.0,8572340.0,0.0,0.0,531144.5625,0.0,3107789.0,3562854.75,1641341.25,0.0,0.0,0
1789488588.9468758,fan,139,4,0.0,0.0,0.0,0.0,56473940.0,0.0,0.0,0.0,0.0,20083860.0,0.0,17136168.0,0.0,23284220.0,0.0,0.0,0
1789488589.2868445,fan,188,11,0.0,0.0,0.0,21004426.0,0.0,5806864.0,13744047.0,2173115.0,0.0,0.0,1629460.5,0.0,0.0,9920895.0,0.0,0.0,0
1789488589.3505688,fan,187,5,0.0,0.0,0.0,0.0,0.0,0.0,2841103.5,0.0,718692.75,12378509.0,0.0,1985819.75,0.0,0.0,0.0,0.0,0
1789488589.4156854,fan,203,6,0.0,0.0,0.0,0.0,14532636.0,0.0,1153403.5,15025756.0,0.0,0.0,0.0,0.0,1100942.875,0.0,8016442.0,6544820.0,0
1789488589.6082265,fan,178,9,0.0,0.0,0.0,0.0,10152008.0,0.0,0.0,0.0,0.0,2199468.25,0.0,0.0,4518896.0,23901072.0,4675215.5,5066385.0,0
1789488589.672423,fan,211,6,0.0,0.0,0.0,0.0,30002248.0,0.0,0.0,0.0,2318615.5,2946918.0,0.0,2371197.5,0.0,0.0,0.0,6695383.0,0
1789488589.801613,fan,201,9,0.0,0.0,0.0,0.0,0.0,7836001.0,13098344.0,943968.375,5293174.5,0.0,1915539.0,1762221.125,5703633.5,0.0,1464813.875,0.0,0
1789488589.866006,fan,197,6,0.0,0.0,0.0,0.0,0.0,0.0,0.0,0.0,9560134.0,707610.875,0.0,0.0,2920368.5,0.0,2498559.5,0.0,0
1789488589.9297535,fan,181,9,0.0,0.0,0.0,18718620.0,16390627.0,3945355.5,19014396.0,0.0,1152701.5,0.0,0.0,0.0,11986136.0,0.0,0.0,7368655.0,0
1789488590.0606353,fan,193,8,0.0,0.0,0.0,7992589.5,0.0,0.0,0.0,0.0,0.0,0.0,11811434.0,0.0,23065448.0,16877188.0,1096726.875,0.0,0
1789488590.124937,fan,198,9,0.0,0.0,0.0,0.0,0.0,0.0,0.0,0.0,0.0,2695515.5,0.0,7347407.0,867732.0625,1647720.0,5118733.5,2376137.5,0
1789488590.1896944,fan,198,8,0.0,0.0,0.0,0.0,0.0,0.0,0.0,1926557.5,3112644.0,2673501.5,0.0,0.0,14083913.0,5602477.0,0.0,0.0,0
1789488590.2692854,fan,185,5,0.0,0.0,0.0,11751798.0,0.0,0.0,0.0,0.0,0.0,0.0,12307811.0,0.0,4356185.0,841518.5,1588344.0,0.0,0
1789488590.340921,fan,187,7,0.0,0.0,0.0,0.0,0.0,0.0,4302463.5,0.0,0.0,0.0,0.0,6834120.0,906314.1875,4073262.75,5058095.0,2876917.25,0
1789488590.529685,fan,182,5,0.0,0.0,0.0,0.0,18540028.0,0.0,0.0,0.0,0.0,0.0,7215832.0,0.0,0.0,4568958.0,0.0,7070216.0,0
1789488590.6482306,fan,177,8,0.0,0.0,0.0,0.0,0.0,0.0,0.0,99643648.0,0.0,463880.375,5819462.0,752339.25,0.0,0.0,3273538.0,0.0,0
1789488590.71221,fan,178,3,0.0,0.0,0.0,0.0,0.0,0.0,0.0,0.0,0.0,0.0,0.0,0.0,0.0,6572368.0,0.0,5011988.5,0
1789488590.7857563,fan,340,5,0.0,0.0,0.0,0.0,0.0,0.0,0.0,0.0,0.0,32417000.0,0.0,41572512.0,0.0,11909248.0,0.0,11347810.0,0
1789488590.786682,fan,172,3,0.0,0.0,0.0,0.0,0.0,0.0,0.0,0.0,0.0,0.0,0.0,0.0,24892476.0,0.0,15284686.0,17947844.0,0
1789488590.861624,fan,183,3,337686752.0,0.0,0.0,0.0,0.0,0.0,0.0,173372064.0,0.0,0.0,0.0,68474984.0,0.0,0.0,0.0,0.0,0
1789488590.9268692,fan,183,5,0.0,0.0,0.0,0.0,0.0,0.0,0.0,0.0,9193405.0,0.0,0.0,11558862.0,4572402.0,6045541.0,0.0,0.0,0
1789488591.154499,fan,244,3,0.0,0.0,0.0,0.0,0.0,0.0,0.0,133860872.0,165122528.0,0.0,0.0,0.0,0.0,0.0,0.0,0.0,0
1789488591.2198222,fan,213,3,0.0,0.0,0.0,0.0,0.0,0.0,0.0,0.0,0.0,0.0,0.0,0.0,0.0,3988632.5,0.0,6045854.0,0
1789488591.5743783,fan,225,5,0.0,0.0,0.0,0.0,0.0,0.0,0.0,15133100.0,0.0,0.0,0.0,0.0,0.0,11306553.0,0.0,4917604.0,0
1789488591.6973066,fan,189,3,0.0,0.0,0.0,0.0,0.0,0.0,0.0,0.0,0.0,0.0,0.0,0.0,0.0,14294766.0,7750907.0,9509100.0,0
1789488591.7620099,fan,192,3,0.0,0.0,0.0,0.0,0.0,0.0,0.0,0.0,0.0,0.0,0.0,20089140.0,0.0,0.0,0.0,24936322.0,0
1789488591.8939004,fan,251,5,0.0,0.0,0.0,0.0,0.0,0.0,0.0,0.0,0.0,0.0,62805416.0,22930174.0,6465506.0,0.0,0.0,7634560.0,0
1789488592.0824332,fan,334,3,0.0,0.0,2315794176.0,0.0,0.0,0.0,0.0,145817424.0,52264924.0,0.0,0.0,0.0,0.0,0.0,0.0,0.0,0
1789488592.374044,fan,37,7,0.0,0.0,0.0,0.0,0.0,0.0,0.0,0.0,427095744.0,0.0,0.0,229014368.0,0.0,0.0,74705608.0,106003720.0,0
1789488592.4896715,fan,270,3,0.0,0.0,0.0,0.0,0.0,0.0,0.0,23449278.0,0.0,0.0,0.0,796102.5625,0.0,1523587.0,0.0,0.0,0
1789488592.6624615,fan,206,3,0.0,0.0,0.0,0.0,0.0,0.0,0.0,0.0,142045984.0,775698048.0,0.0,0.0,0.0,0.0,0.0,0.0,0
1789488592.775078,fan,212,7,0.0,0.0,0.0,0.0,0.0,0.0,10301648.0,0.0,12843903.0,0.0,0.0,5068493.0,0.0,21667536.0,1679872.75,0.0,0
1789488592.9082916,fan,202,4,0.0,0.0,0.0,0.0,0.0,0.0,0.0,38440472.0,0.0,0.0,0.0,35558552.0,0.0,6215561.5,0.0,0.0,0
1789488593.058813,fan,227,3,0.0,0.0,0.0,0.0,0.0,0.0,0.0,0.0,0.0,1761698.625,0.0,3497817.75,0.0,0.0,0.0,0.0,0
1789488593.5240278,fan,242,3,0.0,0.0,0.0,0.0,0.0,0.0,0.0,0.0,0.0,0.0,0.0,0.0,18663752.0,0.0,4230920.5,0.0,0
1789488593.627716,fan,207,8,0.0,0.0,0.0,0.0,0.0,0.0,0.0,1485675.125,0.0,0.0,1971612.75,1346771.375,5475823.5,4230942.0,10862395.0,0.0,0
1789488593.6904562,fan,174,7,0.0,0.0,0.0,0.0,0.0,0.0,0.0,0.0,0.0,2199901.5,0.0,0.0,16809016.0,19320036.0,0.0,8905129.0,0
1789488593.754165,fan,194,8,0.0,0.0,0.0,0.0,0.0,0.0,0.0,0.0,0.0,926793.8125,0.0,3943426.25,3572428.5,0.0,6727458.5,7470736.0,0
1789488593.827362,fan,235,4,0.0,0.0,0.0,0.0,0.0,15278205.0,19286492.0,0.0,0.0,0.0,5533157.0,0.0,0.0,0.0,0.0,6885357.5,0
1789488593.828239,fan,81,3,0.0,0.0,0.0,0.0,39389572.0,0.0,0.0,8637823.0,0.0,0.0,0.0,0.0,0.0,7361211.0,0.0,0.0,0
1789488593.906464,fan,81,3,31566210.0,0.0,0.0,0.0,9913422.0,0.0,7698588.0,0.0,0.0,0.0,0.0,0.0,0.0,0.0,0.0,0.0,0
1789488594.067017,fan,183,12,0.0,0.0,1136891.625,0.0,0.0,0.0,2142454.0,0.0,0.0,0.0,0.0,16044752.0,4154598.5,3394334.5,7648333.0,6233029.5,0
1789488594.1303716,fan,186,13,12865845.0,0.0,0.0,1703749.0,0.0,0.0,8369139.5,0.0,1073846.5,0.0,0.0,6884318.0,10696324.0,1661169.25,2469400.5,0.0,0
1789488594.231005,fan,177,9,14553260.0,0.0,0.0,0.0,0.0,0.0,5756392.0,4462766.0,42406.25,0.0,0.0,0.0,0.0,7777919.0,8632848.0,0.0,0
1789488594.2957072,fan,183,6,0.0,0.0,0.0,0.0,0.0,0.0,12212152.0,0.0,0.0,0.0,0.0,14344840.0,4931178.5,0.0,0.0,0.0,0
1789488594.3666058,fan,186,9,0.0,0.0,7674700.0,0.0,4912789.5,0.0,0.0,0.0,0.0,0.0,0.0,5462139.5,0.0,2514864.5,3067075.5,0.0,0
1789488594.4299135,fan,184,13,0.0,0.0,6201717.0,6655501.5,34383344.0,6199467.5,0.0,0.0,0.0,0.0,12519830.0,10438642.0,931897.375,0.0,4806552.0,5165897.0,0
1789488594.494396,fan,186,9,0.0,0.0,0.0,0.0,91098040.0,0.0,0.0,0.0,15045715.0,3485643.0,5957587.5,6295963.0,6834469.0,0.0,4010615.0,0.0,0
1789488594.6424353,fan,177,6,0.0,0.0,0.0,0.0,0.0,0.0,0.0,0.0,0.0,0.0,0.0,8983926.0,1278444.0,0.0,0.0,9698700.0,0
1789488594.7080243,fan,191,4,0.0,0.0,0.0,0.0,0.0,0.0,0.0,38085732.0,8937446.0,0.0,0.0,0.0,0.0,0.0,11651286.0,0.0,0
1789488594.7089574,fan,82,3,0.0,0.0,0.0,56030880.0,0.0,0.0,0.0,0.0,0.0,0.0,0.0,0.0,2647589.75,0.0,0.0,0.0,0
1789488594.7791617,fan,76,5,0.0,0.0,0.0,0.0,0.0,0.0,33785332.0,15333316.0,0.0,0.0,14685747.0,8888565.0,0.0,0.0,0.0,5914938.0,0
1789488595.0858054,fan,171,4,0.0,0.0,0.0,0.0,0.0,0.0,8340831.0,0.0,10321684.0,9864350.0,0.0,3656795.5,0.0,0.0,0.0,0.0,0
1789488595.2490811,fan,171,6,0.0,0.0,0.0,0.0,818372.3125,0.0,4111517.0,0.0,2435371.5,0.0,0.0,0.0,0.0,1572792.625,0.0,6360894.5,0
1789488595.2955487,fan,170,8,0.0,0.0,0.0,0.0,0.0,0.0,6162691.0,4591112.5,0.0,0.0,0.0,9928624.0,0.0,2451699.5,15665910.0,2543269.0,0
1789488595.4689457,fan,133,6,0.0,0.0,1512382.125,0.0,0.0,0.0,2115145.0,0.0,5526584.5,5896262.5,0.0,0.0,5988527.0,0.0,0.0,0.0,0
1789488595.5285132,fan,203,6,0.0,2096407.875,7746331.0,0.0,0.0,0.0,0.0,0.0,11920334.0,0.0,0.0,10393624.0,0.0,0.0,0.0,0.0,0
1789488595.593236,fan,203,3,0.0,0.0,0.0,0.0,0.0,0.0,0.0,5907092.5,4225928.5,0.0,0.0,0.0,0.0,0.0,0.0,2477437.75,0
1789488595.6429374,fan,200,7,0.0,0.0,0.0,1241445.125,4392870.5,3361503.0,0.0,1891957.75,15658824.0,0.0,0.0,0.0,0.0,10731222.0,0.0,0.0,0
1789488595.7086906,fan,129,5,0.0,0.0,0.0,0.0,0.0,0.0,30013330.0,0.0,13734673.0,11118434.0,0.0,0.0,0.0,791977.0625,0.0,0.0,0
1789488595.7701988,fan,186,4,0.0,0.0,0.0,0.0,0.0,0.0,3525173.75,0.0,0.0,5797477.0,0.0,0.0,0.0,4656918.0,4731604.5,0.0,0
1789488595.8353026,fan,195,6,0.0,0.0,0.0,1164102.375,5348097.0,0.0,1486321.75,0.0,0.0,0.0,0.0,0.0,0.0,0.0,3053687.75,2136908.75,0
1789488595.9126093,fan,172,8,0.0,149959.59375,0.0,0.0,0.0,8927686.0,6977273.0,5227997.5,11745023.0,0.0,0.0,0.0,0.0,0.0,3318359.0,5464697.0,0
1789488595.9132617,fan,267,3,21931760.0,0.0,0.0,0.0,0.0,0.0,0.0,0.0,0.0,0.0,0.0,0.0,0.0,0.0,0.0,0.0,0
1789488596.0079105,fan,195,5,0.0,0.0,0.0,1526496.125,0.0,1699722.875,7223075.0,0.0,0.0,0.0,0.0,0.0,4820588.5,0.0,0.0,0.0,0
1789488596.0782669,fan,181,5,0.0,0.0,0.0,0.0,0.0,359367.5625,1253236.875,0.0,6113480.0,0.0,0.0,6170466.0,0.0,0.0,0.0,1169248.375,0
1789488596.1433465,fan,196,6,0.0,0.0,0.0,0.0,3712195.0,38664328.0,10537535.0,0.0,0.0,0.0,0.0,0.0,0.0,936917.5,0.0,1730321.25,0
1789488596.2295876,fan,196,3,0.0,476265.75,1170858.0,0.0,0.0,0.0,0.0,0.0,0.0,0.0,0.0,0.0,3580016.5,0.0,0.0,0.0,0
1789488596.284459,fan,175,4,0.0,0.0,0.0,0.0,0.0,0.0,5506507.0,1719480.625,0.0,0.0,0.0,4052323.0,4831978.0,0.0,0.0,0.0,0
1789488596.3482785,fan,196,7,0.0,0.0,0.0,1173366.75,0.0,0.0,0.0,0.0,9147418.0,10016958.0,0.0,0.0,0.0,1783378.75,17833216.0,0.0,0
1789488596.4508526,fan,201,5,0.0,0.0,1242139.125,0.0,0.0,0.0,2553173.75,7995371.0,0.0,0.0,0.0,0.0,0.0,11054253.0,0.0,0.0,0
1789488596.5690126,fan,201,3,0.0,0.0,0.0,0.0,0.0,0.0,19668756.0,0.0,0.0,0.0,0.0,10600332.0,0.0,0.0,0.0,0.0,0
1789488596.6178992,fan,167,4,0.0,0.0,0.0,0.0,0.0,0.0,0.0,0.0,14509794.0,6470457.0,0.0,0.0,2094954.5,0.0,0.0,0.0,0
1789488596.6831,fan,157,5,0.0,0.0,0.0,0.0,8065020.5,7899925.0,12853568.0,0.0,0.0,0.0,0.0,0.0,0.0,3455600.5,0.0,0.0,0
1789488596.8949018,fan,190,9,0.0,0.0,5266697.0,0.0,2658620.75,5488330.5,10679189.0,0.0,0.0,0.0,0.0,11796420.0,0.0,0.0,0.0,4015279.5,0
1789488597.0525987,fan,174,7,2850533.5,4244073.5,3907910.5,0.0,0.0,0.0,3308013.0,1162846.25,0.0,0.0,0.0,0.0,0.0,0.0,0.0,0.0,0
1789488597.211402,fan,190,5,0.0,0.0,0.0,0.0,1007091.75,0.0,2915916.75,0.0,0.0,0.0,0.0,7886895.0,19081864.0,0.0,0.0,0.0,0
1789488597.3386378,fan,185,7,0.0,0.0,0.0,0.0,0.0,4469953.0,0.0,0.0,0.0,0.0,4156129.0,2059823.375,2166032.25,0.0,11599947.0,5199243.5,0
1789488597.4031293,fan,183,6,0.0,0.0,0.0,0.0,0.0,1587917.625,0.0,11039681.0,0.0,0.0,0.0,2088844.25,5325031.0,1671606.5,0.0,3811966.5,0
1789488597.4689329,fan,177,4,0.0,0.0,0.0,0.0,0.0,0.0,0.0,0.0,0.0,5654444.5,0.0,0.0,12868918.0,3358238.0,0.0,0.0,0
1789488597.5335639,fan,212,4,0.0,0.0,0.0,0.0,0.0,0.0,0.0,10452833.0,721030.25,0.0,0.0,4256904.5,0.0,0.0,0.0,3261008.5,0
1789488597.6620345,fan,217,4,0.0,0.0,0.0,0.0,0.0,0.0,0.0,0.0,0.0,23347804.0,0.0,0.0,5994307.0,0.0,1924152.875,669749.875,0
1789488597.7274654,fan,188,4,0.0,0.0,0.0,0.0,0.0,0.0,0.0,0.0,0.0,0.0,0.0,161571904.0,0.0,0.0,190564592.0,20539384.0,0
1789488597.784225,fan,227,3,0.0,0.0,0.0,0.0,0.0,402424704.0,0.0,0.0,0.0,0.0,0.0,0.0,0.0,52495412.0,30934174.0,0.0,0
1789488597.9702702,fan,141,3,0.0,0.0,0.0,0.0,0.0,0.0,0.0,0.0,0.0,1268067840.0,0.0,0.0,0.0,0.0,0.0,112571408.0,0
1789488598.7820537,fan,169,3,0.0,0.0,0.0,0.0,0.0,0.0,0.0,0.0,0.0,0.0,0.0,0.0,0.0,3030170112.0,2043630592.0,0.0,0
1789488600.1474712,fan,117,3,0.0,0.0,0.0,0.0,3379178752.0,0.0,0.0,0.0,0.0,2830111744.0,0.0,278064448.0,0.0,0.0,0.0,0.0,0
1789488600.2576768,fan,78,3,0.0,0.0,130823000.0,0.0,0.0,0.0,0.0,0.0,6777739.0,0.0,0.0,0.0,0.0,0.0,0.0,0.0,0
1789488600.323002,fan,190,5,0.0,0.0,0.0,0.0,0.0,0.0,0.0,0.0,0.0,0.0,0.0,0.0,5579487.0,4717497.5,4451961.0,15892485.0,0
1789488600.3932676,fan,198,7,0.0,0.0,0.0,0.0,0.0,0.0,1928471.5,8228593.5,0.0,0.0,0.0,1357006.5,0.0,3824033.75,3272949.5,4579256.0,0
