timestamp,sound_type,detected_angle,bin_count,band_0,band_1,band_2,band_3,band_4,band_5,band_6,band_7,band_8,band_9,band_10,band_11,band_12,band_13,band_14,band_15,label
1789612141.4831343,fan,164,6,0.0,0.0,0.0,0.0,0.0,0.0,0.0,0.0,951911.5,2464694.5,2693225.5,427297.5,0.0,0.0,3327661.75,0.0,0
1789612141.5473104,fan,153,4,0.0,0.0,0.0,0.0,9290396.0,0.0,0.0,0.0,0.0,0.0,0.0,0.0,0.0,0.0,684250.75,580883.125,0
1789612141.6116912,fan,154,8,0.0,0.0,0.0,0.0,0.0,0.0,1734781.0,0.0,0.0,3674081.0,778930.375,2359491.5,0.0,3947396.25,3877053.75,0.0,0
1789612141.6755748,fan,154,3,0.0,0.0,0.0,0.0,0.0,0.0,40896168.0,0.0,38190984.0,45824736.0,0.0,0.0,0.0,0.0,0.0,0.0,0
1789612141.730699,fan,132,7,0.0,0.0,0.0,0.0,0.0,0.0,0.0,0.0,0.0,0.0,0.0,3019864.0,0.0,3745125.5,0.0,4736601.5,0
1789612141.732389,fan,171,4,0.0,0.0,0.0,0.0,0.0,0.0,3096655.75,0.0,1311597.375,0.0,532568.8125,0.0,0.0,0.0,0.0,0.0,0
1789612141.794977,fan,174,5,0.0,985052.875,3031660.0,0.0,0.0,0.0,3532669.0,0.0,0.0,2038039.25,0.0,0.0,0.0,0.0,749309.9375,0.0,0
1789612141.8593092,fan,171,5,0.0,0.0,0.0,0.0,0.0,0.0,0.0,2238008.25,0.0,794005.3125,355478.46875,0.0,0.0,1107839.75,0.0,0.0,0
1789612142.0546942,fan,162,9,0.0,1022991.9375,2841260.5,0.0,0.0,0.0,8524200.0,2758616.0,0.0,0.0,0.0,0.0,0.0,698940.625,2442695.25,0.0,0
1789612142.1196527,fan,162,15,0.0,0.0,2361996.25,1806836.375,2698397.0,0.0,0.0,732637.375,0.0,8049202.0,945837.375,6787137.5,0.0,1427071.0,2276160.5,0.0,0
1789612142.372612,fan,159,7,0.0,0.0,0.0,0.0,0.0,0.0,2701434.75,0.0,0.0,363190.90625,0.0,1128048.875,0.0,409859.375,1079825.875,780902.75,0
1789612142.4690325,fan,173,12,0.0,0.0,0.0,0.0,0.0,0.0,1360574.625,0.0,624175.375,1471714.375,2811409.25,110390.5234375,1035060.875,2786246.0,303707.40625,286319.5,0
1789612142.5960996,fan,154,13,0.0,0.0,0.0,0.0,1137818.25,1894086.5,982725.5,0.0,0.0,1891769.0,0.0,1594158.25,3091946.5,2391758.75,815942.0,1316467.75,0
1789612142.656592,fan,161,9,0.0,0.0,0.0,0.0,0.0,695833.625,460002.25,1582174.0,0.0,0.0,1226179.875,0.0,832248.4375,648227.125,1589193.5,1033344.5,0
1789612142.7210326,fan,151,7,0.0,0.0,1229465.75,0.0,0.0,505001.71875,0.0,0.0,0.0,0.0,2005294.875,0.0,0.0,670759.3125,828137.625,8786494.0,0
1789612142.7972672,fan,147,7,0.0,0.0,0.0,0.0,0.0,0.0,14260636.0,0.0,0.0,3599294.5,0.0,0.0,3824241.5,1926870.75,1074966.625,0.0,0
1789612143.039632,fan,142,8,0.0,0.0,0.0,0.0,0.0,2473239.25,10401344.0,0.0,0.0,0.0,1733958.875,2474298.75,0.0,317507.6875,723847.625,1824156.75,0
1789612143.109916,fan,137,5,0.0,0.0,0.0,0.0,0.0,0.0,0.0,0.0,0.0,2881697.0,0.0,0.0,5803830.0,2915847.5,0.0,0.0,0
1789612143.172547,fan,135,8,0.0,0.0,7536567.0,0.0,0.0,3387213.75,0.0,0.0,0.0,1576325.5,0.0,0.0,4458784.0,793869.375,1432309.375,1650853.375,0
1789612143.2336233,fan,132,4,0.0,0.0,0.0,0.0,0.0,0.0,0.0,0.0,0.0,0.0,334894.625,4272391.0,0.0,0.0,0.0,2819486.0,0
1789612143.389797,fan,140,3,0.0,0.0,0.0,0.0,0.0,0.0,10626147.0,0.0,0.0,0.0,0.0,0.0,0.0,2887490.0,1882453.75,0.0,0
1789612143.458681,fan,149,6,0.0,0.0,0.0,0.0,0.0,0.0,0.0,0.0,10727656.0,0.0,0.0,0.0,2499566.75,5542823.0,0.0,8687205.0,0
1789612143.5787957,fan,167,7,0.0,0.0,2259872.5,1078493.375,0.0,0.0,1497745.75,0.0,0.0,0.0,721529.25,0.0,411374.75,460404.9375,0.0,0.0,0
1789612143.6382024,fan,136,5,0.0,0.0,0.0,0.0,0.0,0.0,12339801.0,0.0,0.0,0.0,5003066.5,0.0,0.0,977975.8125,0.0,3807948.25,0
1789612143.701849,fan,167,3,0.0,0.0,0.0,0.0,0.0,0.0,0.0,0.0,0.0,0.0,0.0,5497673.0,7495200.0,0.0,0.0,0.0,0
1789612143.8008947,fan,167,12,0.0,0.0,1839311.25,1252997.625,0.0,0.0,2392600.75,1992912.75,0.0,3313660.0,0.0,0.0,931343.875,0.0,1161545.0,437629.0,0
1789612143.846339,fan,138,9,0.0,0.0,0.0,0.0,0.0,0.0,799069.0625,0.0,0.0,0.0,2067747.0,6761407.5,0.0,833623.375,0.0,5489223.5,0
1789612143.910721,fan,169,3,0.0,0.0,0.0,0.0,0.0,0.0,0.0,0.0,0.0,0.0,7684867.5,0.0,0.0,0.0,2826932.0,3007372.25,0
1789612143.974423,fan,193,7,0.0,0.0,25851150.0,0.0,0.0,4427145.0,3672374.5,0.0,0.0,435669.375,0.0,672967.5,0.0,0.0,0.0,2310673.5,0
1789612144.0386677,fan,169,11,0.0,0.0,0.0,0.0,0.0,0.0,4710654.0,0.0,0.0,7323356.0,5228042.0,555558.5625,7141535.0,832624.25,0.0,0.0,0
1789612144.1037304,fan,148,8,0.0,1362693.0,0.0,722764.9375,1538228.75,0.0,1528544.5,0.0,0.0,0.0,2136375.25,1932691.25,0.0,1582101.875,574331.375,0.0,0
1789612144.1665444,fan,147,6,0.0,0.0,0.0,3361821.0,0.0,0.0,0.0,0.0,0.0,367431.59375,0.0,0.0,0.0,0.0,1318438.125,2542597.5,0
1789612144.2292457,fan,160,14,0.0,0.0,0.0,19426618.0,4621939.5,3300281.0,0.0,0.0,0.0,1255944.25,285012.375,2436918.5,3915964.0,1435554.0,3388080.5,988702.875,0
1789612144.2938125,fan,160,4,0.0,0.0,0.0,0.0,0.0,0.0,0.0,0.0,0.0,0.0,0.0,0.0,2184594.0,0.0,1913443.0,2002840.375,0
1789612144.3441088,fan,149,13,4902034.0,0.0,0.0,0.0,2203718.25,5591729.5,0.0,0.0,1879253.75,6792214.5,4578283.0,5896838.0,0.0,1674067.375,801853.8125,0.0,0
1789612144.4071913,fan,120,4,0.0,0.0,0.0,2154874.75,0.0,0.0,0.0,0.0,0.0,0.0,284232.1875,2639141.5,0.0,0.0,1768461.625,0.0,0
1789612144.4703424,fan,133,7,0.0,0.0,0.0,0.0,0.0,0.0,0.0,0.0,0.0,0.0,0.0,6525415.0,784068.9375,4312293.0,0.0,2067478.0,0
1789612144.5337026,fan,159,9,0.0,0.0,0.0,0.0,0.0,0.0,0.0,0.0,0.0,9320187.0,2525122.0,2501280.75,2327275.5,18732206.0,1877783.5,0.0,0
1789612144.688994,fan,143,10,0.0,0.0,0.0,0.0,0.0,5379292.0,5738010.0,0.0,2224004.75,9432970.0,0.0,8268506.0,0.0,1432348.875,658349.125,1467106.375,0
1789612144.7482793,fan,141,8,0.0,0.0,0.0,0.0,0.0,0.0,0.0,0.0,0.0,0.0,0.0,268365.28125,2616004.25,2047087.25,1446263.25,8742394.0,0
1789612144.82177,fan,165,11,2259008.25,0.0,0.0,0.0,0.0,1457687.25,5759606.0,0.0,0.0,1846031.75,0.0,1840651.75,1070216.375,1841373.5,0.0,1917395.75,0
1789612144.94278,fan,139,7,0.0,0.0,0.0,0.0,985997.5625,0.0,0.0,0.0,0.0,1031834.875,0.0,2984688.75,1616377.0,898832.25,0.0,0.0,0
1789612145.0031798,fan,192,7,0.0,0.0,0.0,0.0,0.0,0.0,1570883.625,0.0,625419.875,6637622.0,0.0,0.0,624801.875,0.0,0.0,0.0,0
1789612145.0663142,fan,169,13,1516854.75,0.0,1692370.0,0.0,0.0,0.0,1914652.75,0.0,1676518.0,2942711.0,0.0,2489570.5,0.0,0.0,0.0,0.0,0
1789612145.1320329,fan,158,10,0.0,0.0,0.0,0.0,0.0,3364592.25,367662.34375,0.0,0.0,876137.125,612343.375,0.0,1859110.25,4440161.5,1385034.5,3489152.5,0
1789612145.2091196,fan,168,6,0.0,0.0,0.0,0.0,0.0,217482304.0,63115848.0,0.0,0.0,10743028.0,0.0,0.0,0.0,1848199.75,3435101.75,2487388.0,0
1789612145.3482232,fan,157,3,0.0,0.0,0.0,0.0,0.0,0.0,0.0,0.0,0.0,3117285.25,0.0,0.0,2258193.0,0.0,0.0,1874621.375,0
1789612145.4115872,fan,145,9,0.0,1236735.25,0.0,0.0,0.0,0.0,957226.1875,0.0,0.0,9781854.0,0.0,4260701.5,3315808.25,1924658.5,3096112.25,0.0,0
1789612145.4756284,fan,159,5,0.0,0.0,0.0,0.0,0.0,0.0,0.0,1658258.125,0.0,0.0,0.0,1932133.5,0.0,14094060.0,0.0,1864536.625,0
1789612145.5388894,fan,160,7,0.0,0.0,0.0,0.0,0.0,0.0,0.0,0.0,5597128.5,1296278.75,1582941.125,0.0,1836313.625,2337165.5,2623187.25,3595620.5,0
1789612145.6090562,fan,140,8,0.0,0.0,0.0,0.0,0.0,737699.5,9140629.0,0.0,0.0,0.0,816533.0,0.0,0.0,1674683.625,3207318.0,326851.0,0
1789612145.671521,fan,148,7,0.0,0.0,0.0,0.0,4224950.0,0.0,0.0,1903319.75,498871.125,0.0,5115970.5,0.0,0.0,3608498.0,0.0,573539.75,0
1789612145.7338128,fan,143,10,0.0,0.0,0.0,0.0,4487424.0,1738430.25,0.0,0.0,2230264.25,3018994.75,3355496.0,1597496.5,846467.0,0.0,0.0,3154178.25,0
1789612145.8331988,fan,163,11,0.0,0.0,117255.15625,5831151.0,552029.3125,326586.75,0.0,0.0,0.0,1416117.5,0.0,955765.375,0.0,4695540.5,0.0,916886.875,0
1789612145.893298,fan,134,15,0.0,0.0,505888.78125,0.0,297302.65625,0.0,0.0,0.0,7345494.0,4417469.0,0.0,13306206.0,1865640.5,3828455.0,2379871.5,0.0,0
1789612146.086237,fan,146,8,0.0,0.0,0.0,0.0,0.0,2090964.25,1402598.875,5012941.0,0.0,0.0,2910626.0,0.0,0.0,0.0,0.0,6331319.0,0
1789612146.1440716,fan,137,12,3720608.0,820355.8125,2997792.5,0.0,5787134.0,2632271.0,0.0,0.0,1447859.25,0.0,0.0,6836765.0,0.0,0.0,0.0,2806977.5,0
1789612146.217671,fan,140,8,0.0,0.0,0.0,1181252.75,2434375.75,0.0,0.0,0.0,0.0,3271174.75,0.0,3185353.0,1199337.75,0.0,1258916.375,0.0,0
1789612146.3091002,fan,158,9,2503734.0,0.0,0.0,0.0,0.0,0.0,1419097.625,0.0,0.0,556295.625,0.0,8952454.0,475718.40625,2856868.25,0.0,0.0,0
1789612146.62744,fan,184,6,0.0,3793875.0,3588517.5,1490607.5,0.0,0.0,0.0,4911941.5,0.0,0.0,317398.125,0.0,0.0,0.0,0.0,0.0,0
1789612146.6282291,fan,148,9,2515339.25,0.0,1936581.0,0.0,3450783.75,713034.75,0.0,0.0,0.0,3224568.0,1766144.375,0.0,0.0,0.0,0.0,0.0,0
1789612146.6908088,fan,150,10,0.0,0.0,470418.75,0.0,0.0,0.0,0.0,0.0,0.0,2920876.5,0.0,3247981.75,0.0,3159990.5,6614886.0,1949957.875,0
1789612146.7537878,fan,150,6,0.0,0.0,0.0,0.0,864670.5625,0.0,887978.5625,0.0,2285678.25,673199.6875,0.0,0.0,0.0,0.0,0.0,1688748.375,0
1789612146.816639,fan,128,7,0.0,0.0,0.0,0.0,0.0,0.0,0.0,0.0,441783.8125,0.0,0.0,9033733.0,1171916.125,2094820.375,0.0,0.0,0
1789612146.912087,fan,144,9,0.0,0.0,0.0,0.0,0.0,326652.1875,0.0,0.0,0.0,2037679.75,0.0,0.0,914326.3125,2527777.5,1150505.625,6017434.0,0
1789612146.9817348,fan,149,8,0.0,0.0,0.0,0.0,0.0,286963.09375,3684717.0,0.0,0.0,3745749.0,0.0,0.0,0.0,2019739.25,0.0,2569266.25,0
1789612147.0441675,fan,85,4,0.0,0.0,0.0,0.0,0.0,0.0,8397961.0,0.0,0.0,0.0,1210983.875,0.0,0.0,2880761.75,1906476.0,0.0,0
1789612147.3252304,fan,162,7,0.0,0.0,0.0,0.0,0.0,454660.75,0.0,1273955.25,0.0,10209789.0,0.0,0.0,0.0,2453161.0,1286523.875,0.0,0
1789612147.5479722,fan,163,12,1228503.0,0.0,2004552.75,0.0,0.0,4967111.5,4334767.0,0.0,0.0,9141286.0,0.0,1429937.125,0.0,5894076.0,819557.1875,1746933.5,0
1789612147.6085103,fan,163,10,6619398.5,0.0,0.0,0.0,0.0,421003.0625,0.0,0.0,0.0,0.0,1294155.75,2974096.0,0.0,1477263.75,1077082.5,6319353.5,0
1789612147.6748362,fan,165,5,0.0,0.0,0.0,0.0,0.0,0.0,3585980.5,0.0,0.0,0.0,0.0,991459.875,4048365.5,3434954.25,0.0,0.0,0
1789612147.7474716,fan,118,5,0.0,0.0,172211888.0,0.0,57801536.0,43081392.0,0.0,0.0,24321122.0,0.0,0.0,0.0,0.0,0.0,0.0,0.0,0
1789612147.7481544,fan,269,5,0.0,0.0,64552260.0,68037744.0,63072992.0,0.0,0.0,0.0,0.0,17064012.0,0.0,0.0,0.0,0.0,0.0,6901595.0,0
1789612147.818622,fan,140,6,0.0,0.0,0.0,0.0,448786368.0,0.0,0.0,33233356.0,119116928.0,48486500.0,0.0,0.0,0.0,0.0,0.0,29804520.0,0
1789612147.934301,fan,143,4,0.0,0.0,0.0,0.0,0.0,0.0,0.0,0.0,0.0,0.0,0.0,2412787.25,0.0,1252119.625,0.0,3391876.5,0
1789612148.0553138,fan,142,5,0.0,0.0,0.0,0.0,0.0,0.0,0.0,0.0,0.0,352839.4375,496173.71875,0.0,0.0,1840145.25,2803130.0,0.0,0
1789612148.122738,fan,353,10,165555520.0,0.0,0.0,0.0,42086340.0,9424394.0,5324880.0,3957538.25,0.0,4946085.0,2073981.125,2369286.0,0.0,0.0,0.0,1642969.0,0
1789612148.2468522,fan,183,8,0.0,0.0,0.0,0.0,29780.232421875,6143089.0,2104459.0,1230413.125,2421620.5,1668275.75,0.0,0.0,0.0,0.0,0.0,0.0,0
1789612148.3048394,fan,180,7,0.0,0.0,0.0,0.0,0.0,4876574.5,575717.625,0.0,0.0,0.0,0.0,0.0,0.0,1292783.0,646024.3125,1084136.625,0
1789612148.3687704,fan,139,4,0.0,0.0,0.0,0.0,0.0,0.0,0.0,0.0,17808856.0,0.0,0.0,11162839.0,16805602.0,4532292.5,0.0,0.0,0
1789612148.499343,fan,153,8,0.0,0.0,0.0,3414158.0,0.0,0.0,6421563.0,0.0,1597834.375,2567338.75,706866.75,4546397.0,0.0,0.0,0.0,0.0,0
1789612148.567593,fan,131,5,11188640.0,0.0,0.0,0.0,0.0,0.0,0.0,0.0,5162293.5,4699315.0,0.0,2706183.75,0.0,885565.9375,0.0,0.0,0
1789612148.6305459,fan,131,8,0.0,0.0,3353581.5,0.0,0.0,3103419.0,0.0,0.0,5259334.0,3572521.0,0.0,0.0,0.0,1165246.375,5895100.5,2930096.0,0
1789612148.6763475,fan,151,8,0.0,0.0,0.0,0.0,0.0,0.0,0.0,0.0,0.0,15652616.0,0.0,0.0,2138197.75,6230911.5,1492266.75,0.0,0
1789612148.7400284,fan,151,9,0.0,0.0,0.0,9662223.0,0.0,0.0,0.0,0.0,0.0,860208.0625,9773573.0,3317218.5,4136630.0,2690982.5,0.0,2240315.75,0
1789612148.8171804,fan,152,13,0.0,0.0,4599092.0,0.0,0.0,2080009.75,6529609.5,3356506.0,0.0,2889541.0,0.0,0.0,0.0,0.0,1017956.25,10164319.0,0
1789612148.8771565,fan,151,12,2465225.5,1858601.125,1771695.625,0.0,0.0,0.0,5119092.5,0.0,0.0,5937297.0,1145146.75,2062130.75,647797.375,0.0,0.0,0.0,0
1789612148.9398737,fan,139,10,6434961.5,1456672.25,1055415.5,0.0,0.0,0.0,2814449.5,0.0,0.0,0.0,0.0,13200816.0,2603601.5,1627732.75,0.0,0.0,0
1789612149.0023105,fan,150,4,0.0,0.0,0.0,0.0,3089701.5,0.0,0.0,0.0,925576.25,1169570.5,0.0,0.0,0.0,0.0,0.0,1708152.0,0
1789612149.0641994,fan,150,6,0.0,0.0,0.0,0.0,2203118.25,0.0,1289865.5,0.0,0.0,0.0,0.0,0.0,0.0,0.0,3592667.0,729241.6875,0
1789612149.1141324,fan,151,8,0.0,0.0,0.0,0.0,0.0,0.0,0.0,0.0,0.0,0.0,4720417.0,1665497.125,1705755.0,7694074.0,5723755.5,1532949.25,0
1789612149.2281246,fan,134,7,0.0,0.0,0.0,0.0,0.0,0.0,0.0,0.0,0.0,0.0,67712640.0,0.0,1395549.875,836648.8125,2277980.5,3470633.25,0
1789612149.2864664,fan,133,7,0.0,0.0,0.0,0.0,0.0,0.0,11737722.0,7713067.0,0.0,0.0,0.0,12688934.0,27416536.0,0.0,9303013.0,4553175.0,0
1789612149.347394,fan,133,8,0.0,0.0,0.0,1384766.25,0.0,0.0,2944038.5,0.0,0.0,0.0,2315235.5,3560368.25,0.0,9031632.0,0.0,0.0,0
1789612149.5166805,fan,179,6,0.0,0.0,0.0,7634879.0,0.0,0.0,0.0,0.0,0.0,11656380.0,0.0,0.0,0.0,453685.59375,146276.171875,0.0,0
1789612149.6516848,fan,176,3,0.0,0.0,0.0,0.0,0.0,0.0,0.0,0.0,0.0,0.0,0.0,3459190.0,0.0,3141829.25,0.0,1835768.375,0
1789612149.6522253,fan,68,3,0.0,0.0,0.0,0.0,0.0,0.0,0.0,0.0,0.0,3074182.5,0.0,0.0,2018119.5,1273896.25,0.0,0.0,0
1789612149.7275982,fan,176,3,0.0,0.0,0.0,0.0,0.0,0.0,0.0,0.0,0.0,0.0,0.0,8886433.0,0.0,3739886.25,0.0,5698514.0,0
1789612149.8636997,fan,142,5,0.0,0.0,0.0,0.0,0.0,0.0,0.0,14814402.0,8177732.5,30986640.0,0.0,8368085.5,0.0,0.0,0.0,0.0,0
1789612149.9226568,fan,144,8,0.0,0.0,0.0,0.0,0.0,0.0,1192964.75,1394014.0,0.0,0.0,0.0,465011.8125,1223334.125,3823202.5,0.0,1766575.75,0
1789612150.0236216,fan,155,5,0.0,0.0,0.0,0.0,0.0,0.0,0.0,0.0,0.0,0.0,5661285.0,0.0,3656646.5,3253697.0,0.0,0.0,0
1789612150.0927982,fan,150,7,0.0,0.0,0.0,0.0,163716096.0,30506698.0,0.0,0.0,0.0,4321462.5,0.0,9231754.0,0.0,0.0,0.0,2054604.375,0
1789612150.1565127,fan,151,5,0.0,0.0,21621796.0,0.0,60893232.0,0.0,0.0,0.0,0.0,16760274.0,0.0,0.0,10548617.0,0.0,0.0,16006890.0,0
1789612150.24518,fan,151,9,0.0,0.0,3426313.75,3667624.0,0.0,0.0,5124624.0,0.0,0.0,1572999.375,0.0,1149441.25,1852976.25,0.0,0.0,0.0,0
1789612150.3077006,fan,142,9,0.0,0.0,0.0,2257080.25,0.0,0.0,0.0,0.0,0.0,10747512.0,0.0,0.0,0.0,5826630.0,1797683.5,4647365.0,0
1789612150.367269,fan,153,11,16309574.0,0.0,1411064.25,0.0,963784.5625,0.0,0.0,0.0,0.0,4473821.0,0.0,0.0,1634270.5,714818.0,2909680.5,724712.625,0
1789612150.4319923,fan,177,5,0.0,0.0,0.0,0.0,0.0,3439714.0,0.0,0.0,0.0,0.0,5220789.0,1666014.75,0.0,1497228.125,1245339.875,0.0,0
1789612150.432982,fan,139,7,0.0,0.0,0.0,0.0,0.0,1567305.5,0.0,0.0,0.0,1831113.25,0.0,3092025.5,1738437.0,1210946.625,0.0,2745048.5,0
1789612150.529101,fan,142,5,0.0,0.0,0.0,0.0,0.0,0.0,3982241.5,0.0,0.0,0.0,3390383.25,0.0,0.0,2051226.375,0.0,0.0,0
1789612150.585805,fan,144,7,0.0,0.0,0.0,0.0,0.0,0.0,0.0,0.0,0.0,0.0,0.0,25559308.0,5355748.0,1859036.75,0.0,0.0,0
1789612150.6894953,fan,136,4,0.0,0.0,0.0,0.0,0.0,0.0,0.0,0.0,0.0,0.0,0.0,0.0,2736923.75,2747488.75,0.0,14875968.0,0
1789612150.747301,fan,155,3,0.0,0.0,0.0,0.0,0.0,0.0,0.0,0.0,0.0,0.0,0.0,0.0,0.0,32417698.0,0.0,26571180.0,0
1789612150.8470447,fan,136,4,0.0,0.0,689384.5625,0.0,0.0,0.0,0.0,0.0,1699115.25,0.0,0.0,1389790.625,0.0,0.0,0.0,0.0,0
1789612150.904956,fan,151,3,0.0,0.0,0.0,0.0,0.0,0.0,0.0,0.0,494898.25,0.0,1908155.5,4246937.0,0.0,0.0,0.0,0.0,0
1789612150.9677517,fan,136,10,0.0,0.0,0.0,0.0,0.0,0.0,8981300.0,4134896.5,0.0,0.0,0.0,5357505.5,2677926.5,0.0,1482774.5,482763.3125,0
1789612151.042388,fan,152,11,0.0,1415479.75,0.0,1680954.625,0.0,0.0,0.0,0.0,710944.875,1228646.5,0.0,4242452.0,2592069.0,0.0,0.0,972828.5625,0
1789612151.1136267,fan,97,6,0.0,0.0,978242.5625,0.0,878415.625,0.0,0.0,0.0,0.0,0.0,0.0,0.0,6789241.0,0.0,0.0,2881409.0,0
1789612151.2407408,fan,30,7,0.0,0.0,0.0,0.0,0.0,0.0,0.0,0.0,0.0,0.0,0.0,0.0,77163160.0,98607072.0,0.0,35923656.0,0
1789612151.342963,fan,181,4,0.0,0.0,0.0,0.0,30803162.0,0.0,0.0,0.0,0.0,48469880.0,0.0,0.0,8798988.0,1647419.125,0.0,0.0,0
1789612151.4077306,fan,146,4,0.0,0.0,0.0,0.0,0.0,3786870.5,0.0,0.0,0.0,0.0,0.0,0.0,4673383.0,1713772.25,0.0,0.0,0
1789612151.4825075,fan,134,8,0.0,0.0,0.0,0.0,3323460.75,0.0,0.0,0.0,0.0,0.0,3268486.25,13511030.0,7844386.5,0.0,0.0,1224928.875,0
1789612151.5775363,fan,149,8,0.0,0.0,1218257.75,805034.5625,0.0,206537.96875,1487400.375,0.0,0.0,1657443.875,0.0,0.0,449766.15625,1807379.25,2430098.75,0.0,0
1789612151.6467965,fan,153,4,0.0,0.0,0.0,0.0,0.0,0.0,289763.3125,0.0,0.0,0.0,0.0,5860830.5,0.0,0.0,2314451.75,0.0,0
1789612151.7362955,fan,165,8,0.0,0.0,0.0,0.0,0.0,0.0,0.0,0.0,2636003.5,2036300.125,3664335.75,2385766.5,0.0,0.0,2449488.25,795591.25,0
1789612151.7966087,fan,159,4,0.0,0.0,0.0,0.0,0.0,0.0,22500580.0,0.0,0.0,0.0,0.0,3417699.75,0.0,2330170.0,0.0,0.0,0
1789612151.8962367,fan,175,8,0.0,2230063.0,0.0,1151917.125,2414665.5,0.0,0.0,0.0,0.0,1586328.0,0.0,1054185.125,0.0,2309834.0,0.0,1795096.25,0
1789612151.9908934,fan,164,12,5909454.0,0.0,638247.625,0.0,507246.5,0.0,0.0,0.0,0.0,2723233.25,836354.8125,0.0,1915164.125,4269174.0,11105028.0,493762.40625,0
1789612152.0510657,fan,164,7,0.0,0.0,924860.75,0.0,3709187.5,3603978.5,0.0,0.0,0.0,0.0,4940041.0,0.0,0.0,0.0,0.0,376051.9375,0
1789612152.165033,fan,154,6,0.0,0.0,0.0,16165143.0,0.0,4672893.0,8500096.0,0.0,0.0,1680841.5,0.0,1936951.125,0.0,0.0,0.0,0.0,0
1789612152.2928407,fan,156,3,0.0,0.0,0.0,0.0,0.0,0.0,0.0,0.0,0.0,0.0,0.0,869286.875,0.0,0.0,0.0,2315907.0,0
1789612152.3573499,fan,167,9,586756.625,0.0,0.0,7895026.0,0.0,956735.3125,0.0,0.0,0.0,0.0,0.0,129489.015625,3350957.5,4181250.75,1351472.0,1082998.875,0
1789612152.6260562,fan,167,16,0.0,1294257.75,2368827.75,0.0,0.0,4017049.25,3515688.0,2373908.5,267580.125,4309757.5,4655025.5,0.0,2258168.5,1795754.5,539595.8125,0.0,0
1789612152.7211788,fan,153,5,0.0,0.0,0.0,0.0,4529716.5,3229707.5,0.0,0.0,6440375.0,0.0,0.0,0.0,0.0,354790.4375,0.0,0.0,0
1789612152.8483741,fan,183,7,0.0,0.0,704530.875,0.0,5506856.0,3164994.0,0.0,0.0,0.0,872944.125,0.0,0.0,0.0,0.0,0.0,1620210.5,0
1789612152.8494022,fan,121,4,0.0,0.0,0.0,0.0,0.0,0.0,0.0,0.0,0.0,0.0,0.0,0.0,0.0,2752765.0,5563632.0,0.0,0
1789612152.9192646,fan,165,9,0.0,0.0,0.0,0.0,210825.640625,2333270.25,4231024.5,0.0,0.0,4526497.5,0.0,365232.5,0.0,0.0,0.0,0.0,0
1789612153.0059493,fan,146,13,0.0,664720.9375,0.0,0.0,646949.75,0.0,5283592.5,302481.0,0.0,0.0,1104854.625,6751525.0,0.0,11496700.0,400033.09375,4459915.5,0
1789612153.0665433,fan,160,8,0.0,0.0,0.0,0.0,0.0,0.0,73254328.0,0.0,0.0,0.0,12884429.0,0.0,0.0,582561.0,2281858.5,3072547.5,0
1789612153.1303215,fan,158,5,0.0,0.0,0.0,0.0,0.0,0.0,0.0,0.0,0.0,0.0,0.0,559066.875,0.0,3317903.5,2209253.5,0.0,0
1789612153.199828,fan,153,5,0.0,0.0,87689208.0,0.0,0.0,13205320.0,0.0,0.0,0.0,1502164.0,550831.0,0.0,0.0,0.0,0.0,0.0,0
1789612153.291983,fan,161,10,19652950.0,0.0,0.0,0.0,570581.5,2778555.5,221355.890625,0.0,0.0,0.0,0.0,640262.3125,0.0,0.0,6166093.0,5368108.0,0
1789612153.3561673,fan,145,5,0.0,0.0,1017467456.0,0.0,0.0,0.0,718532928.0,0.0,0.0,0.0,0.0,0.0,101289120.0,0.0,0.0,1471409.375,0
1789612153.420023,fan,134,5,0.0,0.0,0.0,0.0,0.0,0.0,2322285.5,0.0,3937205.0,0.0,0.0,0.0,0.0,2336518.25,0.0,0.0,0
1789612153.4820616,fan,166,10,0.0,0.0,0.0,248278.875,1370545.0,915133.625,0.0,0.0,0.0,10665950.0,12216719.0,0.0,0.0,2145159.75,0.0,579634.625,0
1789612153.5412345,fan,166,6,0.0,0.0,0.0,0.0,0.0,0.0,548979.625,0.0,0.0,1862514.0,0.0,942525.375,0.0,0.0,532433.0625,776024.375,0
1789612153.636752,fan,161,5,0.0,0.0,0.0,0.0,2027654.0,1539428.75,0.0,0.0,0.0,0.0,0.0,3166841.75,0.0,7960691.0,0.0,0.0,0
1789612153.7023623,fan,186,4,0.0,0.0,0.0,7127242.0,0.0,0.0,0.0,0.0,0.0,0.0,2239035.0,0.0,0.0,0.0,0.0,0.0,0
1789612153.766596,fan,179,13,0.0,0.0,0.0,945299.875,0.0,1440348.0,0.0,2240917.0,201777.03125,3015447.0,2632030.0,613209.625,412809.5625,3790351.0,0.0,2351119.25,0
1789612153.8311505,fan,179,3,0.0,0.0,0.0,0.0,0.0,66637112.0,0.0,0.0,0.0,0.0,0.0,0.0,0.0,834153.0625,785254.375,0.0,0
1789612154.0215063,fan,147,7,0.0,0.0,0.0,0.0,0.0,928753.5,3682999.5,0.0,0.0,0.0,0.0,0.0,1277464.375,1221674.25,751245.8125,0.0,0
1789612154.0812259,fan,150,9,0.0,0.0,0.0,0.0,29127662.0,0.0,0.0,0.0,0.0,2909536.5,0.0,0.0,2581551.5,1461559.5,4591471.0,5370958.0,0
1789612154.1575027,fan,168,5,0.0,0.0,0.0,0.0,0.0,0.0,0.0,0.0,0.0,0.0,0.0,0.0,0.0,6420802.0,957268.625,282847.0625,0
1789612154.2234378,fan,165,4,0.0,0.0,0.0,0.0,0.0,0.0,0.0,0.0,0.0,0.0,10027165.0,0.0,0.0,887928.375,820759.125,0.0,0
1789612154.293693,fan,180,4,0.0,0.0,0.0,0.0,0.0,0.0,0.0,0.0,2842711.0,0.0,0.0,0.0,0.0,5993326.0,2633681.5,0.0,0
1789612154.3722255,fan,165,8,0.0,0.0,0.0,0.0,0.0,0.0,552943.1875,3156314.5,0.0,0.0,0.0,2154122.0,870503.0,4325183.0,0.0,0.0,0
1789612154.4374344,fan,148,6,0.0,0.0,0.0,0.0,0.0,0.0,0.0,0.0,0.0,0.0,3406818.0,1495695.75,0.0,9127470.0,5583071.0,0.0,0
1789612154.5017517,fan,160,5,0.0,0.0,0.0,0.0,0.0,1628499.75,0.0,0.0,0.0,3818075.0,0.0,0.0,0.0,1823878.375,1737920.25,0.0,0
1789612154.5699008,fan,148,8,0.0,0.0,0.0,0.0,884590.5,0.0,2936758.75,0.0,0.0,1281990.375,0.0,0.0,2296923.0,6237288.5,2566501.0,0.0,0
1789612154.6343966,fan,148,8,0.0,0.0,0.0,0.0,0.0,0.0,8412384.0,6739326.0,0.0,0.0,0.0,839144.125,2504837.0,2728159.75,0.0,3285925.0,0
1789612154.679858,fan,140,10,0.0,0.0,0.0,0.0,0.0,0.0,0.0,0.0,4486411.0,5753841.5,0.0,12871966.0,0.0,3364653.75,3779811.5,4618303.0,0
1789612155.0522528,fan,331,5,0.0,0.0,0.0,0.0,0.0,0.0,0.0,34966876.0,0.0,0.0,15949017.0,12022050.0,11832672.0,9255329.0,0.0,0.0,0
1789612155.1343703,fan,138,5,0.0,0.0,0.0,0.0,0.0,0.0,0.0,0.0,11204174.0,6487425.0,0.0,6685850.0,0.0,893504.625,0.0,0.0,0
1789612155.204948,fan,152,7,0.0,0.0,0.0,0.0,7783701.0,0.0,0.0,0.0,0.0,0.0,0.0,838324.375,0.0,7060230.0,6092628.0,0.0,0
1789612155.2671053,fan,106,3,0.0,0.0,1957877.25,0.0,0.0,0.0,0.0,0.0,0.0,1051716.0,0.0,599733.1875,0.0,0.0,0.0,0.0,0
1789612155.3310513,fan,131,3,0.0,0.0,0.0,0.0,0.0,0.0,0.0,0.0,0.0,0.0,0.0,0.0,0.0,9761488.0,2670449.25,0.0,0
1789612155.4839237,fan,153,6,0.0,0.0,0.0,0.0,2130363.75,871182.875,0.0,1016300.25,0.0,0.0,0.0,0.0,0.0,474229.75,1370387.375,1077043.375,0
1789612155.5433416,fan,163,10,0.0,0.0,0.0,0.0,4494599.0,7470866.0,0.0,3635399.5,3327611.5,0.0,0.0,8886284.0,0.0,768520.6875,7827693.5,0.0,0
1789612155.6085877,fan,152,7,0.0,0.0,0.0,0.0,3032823.5,0.0,979405.4375,3332266.0,0.0,1223042.25,0.0,0.0,0.0,0.0,1154443.375,474916.3125,0
1789612155.6724365,fan,162,12,0.0,0.0,0.0,0.0,0.0,0.0,0.0,1353182.0,0.0,5799785.0,0.0,3692059.5,2042092.625,2471022.25,4677497.5,3151361.75,0
1789612155.7369382,fan,151,5,0.0,0.0,0.0,0.0,1996716.75,0.0,0.0,0.0,0.0,1106834.75,0.0,499823.25,0.0,0.0,1165144.25,0.0,0
1789612155.8019063,fan,158,4,0.0,0.0,0.0,0.0,0.0,26995298.0,37377100.0,0.0,0.0,0.0,0.0,0.0,0.0,2260274.25,0.0,1642500.5,0
1789612155.8655453,fan,158,13,0.0,0.0,0.0,0.0,0.0,0.0,1741234.0,0.0,0.0,4493084.5,2314568.75,4462998.5,3492552.0,6389253.5,2642786.75,0.0,0
1789612155.9150379,fan,158,6,0.0,0.0,0.0,0.0,866668.75,3420832.0,0.0,1591770.25,0.0,0.0,0.0,2444342.5,0.0,636466.125,0.0,0.0,0
1789612155.9657905,fan,186,4,0.0,0.0,0.0,0.0,0.0,0.0,0.0,0.0,1395656.25,0.0,0.0,0.0,0.0,0.0,706139.6875,3635221.5,0
1789612156.0864832,fan,161,13,0.0,0.0,155433.125,0.0,0.0,2088042.0,3439725.5,0.0,4141371.25,1819362.25,2069976.5,525007.875,0.0,1129049.25,1282193.625,1546697.0,0
1789612156.1502998,fan,161,8,0.0,0.0,0.0,0.0,0.0,0.0,0.0,5835558.0,3483384.75,2026812.5,3227972.25,0.0,0.0,762060.0625,0.0,801163.125,0
1789612156.450388,fan,131,5,0.0,0.0,0.0,97935344.0,0.0,52081736.0,0.0,0.0,0.0,34331216.0,0.0,0.0,0.0,0.0,45397380.0,0.0,0
1789612156.5051765,fan,180,5,0.0,0.0,0.0,0.0,0.0,0.0,0.0,0.0,0.0,2098328.0,0.0,0.0,2299169.25,839631.75,1530434.625,2347065.75,0
1789612156.6895854,fan,164,12,0.0,0.0,1341636.875,0.0,0.0,1361621.625,707583.125,0.0,0.0,1335257.0,2074581.125,1438776.75,2311163.75,0.0,0.0,11514922.0,0
1789612156.7345543,fan,155,10,0.0,0.0,0.0,1082910.0,0.0,6719490.5,2216037.0,0.0,0.0,8749932.0,4270241.5,0.0,1768461.125,1727036.25,0.0,749346.25,0
1789612156.8476899,fan,132,11,0.0,0.0,0.0,3729323.0,0.0,0.0,4128992.5,2793958.0,0.0,6240151.0,0.0,6635275.5,0.0,2599504.0,1136712.75,0.0,0
1789612157.006375,fan,163,11,0.0,0.0,0.0,0.0,0.0,3831527.0,3961368.5,0.0,1517291.25,6463546.0,2223478.25,582147.75,0.0,0.0,0.0,0.0,0
1789612157.0661688,fan,160,13,0.0,0.0,0.0,0.0,4046830.25,3015575.75,1001499.5,0.0,0.0,8106210.0,0.0,0.0,0.0,0.0,2286495.5,2493753.0,0
1789612157.1657245,fan,146,10,0.0,0.0,0.0,0.0,0.0,1224380.625,960870.3125,0.0,0.0,1789477.25,0.0,2661881.25,2971666.0,0.0,2269259.5,5035709.0,0
1789612157.2282963,fan,133,8,0.0,0.0,0.0,0.0,0.0,403666.1875,0.0,0.0,0.0,2477818.25,416747.375,0.0,0.0,0.0,6232933.5,869375.0,0
1789612157.3242738,fan,175,7,0.0,0.0,0.0,0.0,0.0,1033569.75,0.0,0.0,0.0,2464101.0,0.0,0.0,0.0,5475142.0,0.0,2037042.75,0
1789612157.3831024,fan,164,11,0.0,0.0,1293203.625,0.0,0.0,1664930.5,1475474.0,0.0,0.0,0.0,520373.71875,2453434.25,0.0,4267431.5,0.0,0.0,0
1789612157.4977777,fan,161,9,0.0,0.0,0.0,0.0,0.0,0.0,0.0,1643616.375,0.0,2045627.5,7459309.0,3613407.25,0.0,2481556.75,6870621.0,533649.6875,0
1789612157.5620835,fan,143,8,0.0,0.0,0.0,0.0,0.0,0.0,770867.6875,0.0,0.0,0.0,532122.8125,0.0,2414852.0,460983.8125,3481588.25,2667747.0,0
1789612157.73706,fan,180,6,6606208.0,0.0,634111.375,0.0,0.0,0.0,0.0,0.0,0.0,1344636.375,2994028.0,0.0,0.0,0.0,0.0,0.0,0
1789612157.8645825,fan,166,9,0.0,0.0,0.0,0.0,3632266.25,0.0,0.0,3660681.75,0.0,0.0,0.0,0.0,0.0,2034231.5,1921403.5,9937670.0,0
1789612157.9283469,fan,137,5,247943376.0,0.0,0.0,0.0,0.0,0.0,0.0,0.0,0.0,0.0,0.0,0.0,0.0,1304409.0,2939839.0,1090485.625,0
1789612157.9916332,fan,153,8,0.0,0.0,0.0,0.0,0.0,0.0,0.0,5727017.0,0.0,1815258.375,2581031.75,0.0,0.0,5232435.5,4691674.0,3290337.0,0
1789612158.1821313,fan,166,6,0.0,0.0,0.0,0.0,0.0,948413.4375,0.0,0.0,0.0,3678003.75,1037146.125,0.0,0.0,0.0,4658101.5,5993167.5,0
1789612158.277152,fan,155,6,0.0,0.0,0.0,0.0,0.0,0.0,0.0,0.0,0.0,2980677.75,1870398.375,0.0,1751964.5,0.0,0.0,3535514.25,0
1789612158.3380015,fan,191,7,651818.0625,0.0,0.0,1029337.0,0.0,2472282.25,0.0,0.0,1025494.25,0.0,0.0,0.0,0.0,2325805.5,0.0,290639.15625,0
1789612158.435252,fan,153,10,0.0,0.0,777650.5,0.0,0.0,0.0,12478398.0,0.0,689671.125,2527436.25,2564600.5,546485.125,1081518.25,0.0,0.0,1294400.625,0
1789612158.5308306,fan,138,9,1854955.375,767544.125,0.0,0.0,0.0,0.0,0.0,0.0,0.0,1480611.5,4843424.0,5513457.0,1175828.875,2551266.0,0.0,0.0,0
1789612158.600426,fan,146,12,1254392.0,590500.25,0.0,4319830.0,3333652.0,5484974.0,8792882.0,0.0,0.0,0.0,0.0,5391513.0,0.0,0.0,0.0,843308.5,0
1789612158.7523448,fan,162,5,0.0,0.0,645019136.0,0.0,0.0,0.0,166137728.0,0.0,0.0,6789730.5,2921836.25,0.0,0.0,3202471.0,0.0,0.0,0
1789612158.8158407,fan,166,7,0.0,0.0,0.0,0.0,0.0,0.0,0.0,0.0,0.0,749770.625,0.0,0.0,0.0,1809245.0,1985655.75,641580.125,0
1789612158.8814743,fan,171,8,0.0,0.0,0.0,0.0,0.0,0.0,0.0,0.0,0.0,4894528.0,2087624.125,498927.46875,0.0,8845324.0,625792.3125,0.0,0
1789612159.0057597,fan,164,9,1152071.0,2660061.0,4500518.0,0.0,0.0,982293.875,6671188.5,0.0,0.0,0.0,0.0,0.0,0.0,0.0,2082816.25,0.0,0
1789612159.133115,fan,124,9,0.0,4111520.0,1065726.25,416606.5,0.0,0.0,1889965.625,0.0,0.0,1177435.375,0.0,1129194.25,0.0,0.0,0.0,1992282.125,0
1789612159.2917082,fan,180,6,0.0,0.0,0.0,0.0,0.0,0.0,0.0,0.0,745532.25,0.0,1114840.5,0.0,177322.296875,1270321.875,1338210.625,0.0,0
1789612159.3506057,fan,148,13,159771.890625,810989.5625,0.0,0.0,0.0,3379659.0,665906.125,0.0,2743527.0,2020944.5,3079305.75,0.0,0.0,1337795.125,1579023.25,902726.8125,0
1789612159.5131092,fan,139,11,0.0,1166483.875,1178115.375,688333.0625,837200.0,0.0,3084382.75,0.0,0.0,0.0,0.0,3113266.5,320795.8125,714630.5,0.0,5487463.0,0
1789612159.5705898,fan,154,8,0.0,0.0,0.0,0.0,0.0,2332803.25,3847917.0,0.0,240694.5,0.0,0.0,3185668.5,0.0,0.0,307549.09375,1290619.5,0
1789612159.6332762,fan,166,4,0.0,0.0,0.0,0.0,0.0,0.0,0.0,3011839.0,0.0,9290084.0,0.0,4452282.5,0.0,0.0,0.0,0.0,0
1789612159.7996247,fan,127,8,0.0,2322378.5,0.0,0.0,0.0,0.0,0.0,467444.1875,0.0,0.0,0.0,0.0,498605.3125,2885826.75,520679.21875,3742743.5,0
1789612159.92665,fan,160,14,888862.0,0.0,0.0,0.0,0.0,1308252.75,965534.375,0.0,0.0,6907218.0,2085603.25,2704986.5,0.0,835776.1875,2425880.0,3403014.25,0
1789612160.086636,fan,166,11,0.0,0.0,5112510.5,0.0,0.0,322865.875,0.0,0.0,0.0,0.0,294206.8125,903887.875,969290.8125,488741.1875,2113555.5,698555.0625,0
1789612160.180538,fan,169,6,0.0,0.0,0.0,0.0,0.0,0.0,0.0,0.0,0.0,3178942.0,829161.1875,1824220.5,1535645.375,0.0,0.0,0.0,0
1789612160.2413678,fan,161,10,0.0,2759863.5,0.0,0.0,0.0,0.0,3085526.5,0.0,0.0,3341286.5,2241991.5,1744689.375,0.0,3788734.5,1179892.25,7826931.0,0
1789612160.3170893,fan,169,5,0.0,0.0,0.0,0.0,0.0,457912.84375,6330908.0,0.0,0.0,0.0,0.0,437686.9375,0.0,604034.25,0.0,0.0,0
1789612160.382107,fan,198,4,0.0,0.0,0.0,0.0,0.0,0.0,0.0,0.0,0.0,0.0,0.0,29294926.0,0.0,27833900.0,18298294.0,15614690.0,0
1789612160.4673338,fan,177,6,0.0,0.0,1274094.75,0.0,0.0,0.0,0.0,0.0,1120781.875,1056646.25,1364510.0,1052325.25,0.0,0.0,0.0,182801.21875,0
1789612160.752301,fan,176,13,0.0,0.0,1482515.875,981830.6875,1570740.875,472766.03125,0.0,0.0,0.0,3160781.0,1652692.0,1857162.25,437708.4375,6753884.0,1193129.25,1391807.875,0
1789612160.847178,fan,154,10,0.0,0.0,0.0,0.0,0.0,605970.875,3861390.0,0.0,709220.4375,0.0,2454087.5,5297453.5,0.0,412439.1875,1068514.125,419000.9375,0
1789612160.8477554,fan,119,5,0.0,0.0,1952977.0,0.0,0.0,0.0,0.0,0.0,575066.875,0.0,0.0,0.0,1803342.875,1782420.25,2312800.25,0.0,0
1789612160.9739127,fan,132,5,0.0,0.0,0.0,0.0,0.0,0.0,16225636.0,11813449.0,4705989.5,0.0,0.0,0.0,0.0,1246505.625,0.0,274917.65625,0
1789612161.06899,fan,156,8,0.0,0.0,0.0,3430797.25,0.0,1562436.125,0.0,0.0,0.0,0.0,0.0,0.0,0.0,2433841.0,6207918.0,3951901.75,0
1789612161.1279213,fan,163,13,0.0,196777.6875,1549166.0,0.0,3112433.25,257737.421875,439690.5625,3055512.5,3104342.75,0.0,1924397.75,647282.75,0.0,5181339.5,0.0,0.0,0
1789612161.192214,fan,145,11,8113001.0,0.0,0.0,0.0,0.0,0.0,1329128.375,0.0,0.0,0.0,2050103.875,1038605.75,725718.0,1573514.25,4337965.0,3313719.0,0
1789612161.2551482,fan,143,8,0.0,0.0,0.0,1288314.75,0.0,0.0,154905.375,1073003.125,2201308.25,1335091.75,1467738.625,0.0,0.0,614142.1875,0.0,2192009.75,0
1789612161.318154,fan,152,10,0.0,0.0,0.0,0.0,4539682.5,0.0,9787180.0,0.0,2460532.0,0.0,0.0,1309764.0,2507866.5,0.0,1350227.75,4532816.0,0
1789612161.3928053,fan,153,15,0.0,0.0,405078.46875,728366.0625,0.0,0.0,3079997.75,0.0,1191886.25,5609452.0,2875430.0,4269326.0,359538.375,0.0,0.0,331660.09375,0
1789612161.456138,fan,154,4,0.0,0.0,0.0,0.0,0.0,0.0,5636561.0,0.0,0.0,11021772.0,0.0,0.0,0.0,0.0,22119602.0,0.0,0
1789612161.520164,fan,154,3,0.0,0.0,0.0,0.0,0.0,0.0,0.0,0.0,0.0,0.0,0.0,5646424.0,0.0,11946277.0,8737100.0,0.0,0
1789612161.52106,fan,189,3,0.0,0.0,0.0,0.0,0.0,0.0,9082090.0,13913274.0,10717459.0,0.0,0.0,0.0,0.0,0.0,0.0,0.0,0
1789612161.6932375,fan,155,4,0.0,0.0,0.0,0.0,37648012.0,0.0,29944612.0,0.0,0.0,0.0,0.0,1905926.5,0.0,0.0,1026608.25,0.0,0
1789612161.7681763,fan,129,6,0.0,0.0,131403.6875,0.0,0.0,0.0,0.0,0.0,0.0,0.0,0.0,5429296.0,6414854.0,4013902.0,0.0,0.0,0
1789612161.9563932,fan,133,7,12392654.0,0.0,1217691.25,944894.0,1125933.375,0.0,0.0,0.0,1492981.25,425649.25,0.0,0.0,0.0,0.0,0.0,0.0,0
1789612162.1170518,fan,134,5,0.0,0.0,0.0,0.0,0.0,0.0,0.0,0.0,0.0,0.0,0.0,719264.3125,1728669.5,2720590.0,0.0,711296.875,0
1789612162.1764293,fan,134,3,0.0,0.0,0.0,0.0,0.0,0.0,0.0,26993134.0,0.0,5777399.0,0.0,0.0,0.0,2747495.5,0.0,0.0,0
1789612162.2258182,fan,132,6,0.0,0.0,0.0,0.0,0.0,0.0,0.0,0.0,0.0,0.0,0.0,0.0,0.0,36691744.0,47216480.0,33646872.0,0
1789612162.3070555,fan,147,4,0.0,0.0,0.0,0.0,0.0,0.0,52768296.0,0.0,3283234.0,0.0,0.0,5899100.0,0.0,0.0,0.0,0.0,0
1789612162.3656428,fan,139,9,0.0,0.0,0.0,0.0,0.0,0.0,0.0,2215844.5,0.0,491699.59375,3013122.5,1136033.25,0.0,525077.0625,1391813.875,0.0,0
1789612162.4295583,fan,164,15,2961136.5,0.0,2228265.25,635292.0,0.0,3753713.0,3513882.5,0.0,1186951.0,1787645.75,3924968.5,4837634.0,3078070.5,3842361.5,0.0,1989610.75,0
1789612162.4943347,fan,161,10,0.0,0.0,0.0,412112.03125,0.0,0.0,0.0,0.0,0.0,2174975.5,4960219.5,0.0,7383904.0,1827731.25,0.0,1077587.125,0
1789612162.5928388,fan,144,6,0.0,0.0,0.0,0.0,1861253.125,0.0,0.0,0.0,0.0,0.0,0.0,4194707.0,5947545.0,13486751.0,0.0,0.0,0
1789612162.6530259,fan,163,8,0.0,0.0,0.0,0.0,548984.5625,3440872.5,0.0,2722885.5,0.0,8120734.0,0.0,0.0,0.0,600242.25,0.0,0.0,0
1789612162.7511728,fan,134,10,1063174.375,1910233.0,0.0,0.0,0.0,0.0,6565659.0,0.0,0.0,4172428.25,0.0,0.0,0.0,480871.5,4438650.0,4114600.25,0
1789612162.810652,fan,157,7,0.0,0.0,8650152.0,0.0,0.0,0.0,5670164.0,1997808.0,0.0,2504243.75,1349015.875,1128290.25,0.0,708005.75,0.0,0.0,0
1789612162.8740597,fan,144,15,0.0,0.0,0.0,5571892.5,897770.25,3587519.0,0.0,0.0,0.0,713940.875,4884955.0,8535325.0,1081872.75,3176102.75,2407232.0,7628566.0,0
1789612163.036998,fan,141,5,0.0,0.0,0.0,0.0,0.0,0.0,0.0,0.0,291976.59375,2868319.75,0.0,0.0,0.0,1818754.625,0.0,799686.1875,0
1789612163.0949059,fan,145,12,485091.0625,1032088.75,0.0,0.0,0.0,660806.3125,1224871.5,0.0,570406.375,992638.5,0.0,0.0,4032025.75,2043424.25,1868745.75,7712988.0,0
1789612163.1567762,fan,139,4,0.0,0.0,0.0,215968384.0,0.0,0.0,0.0,0.0,0.0,0.0,26303564.0,0.0,0.0,2602799.75,0.0,0.0,0
1789612163.2182026,fan,139,12,0.0,0.0,0.0,0.0,0.0,2701588.0,1372266.25,0.0,4669116.0,1437035.125,0.0,609336.625,0.0,1878267.625,896957.125,6996139.0,0
1789612163.323126,fan,147,6,0.0,0.0,0.0,0.0,3439829.0,0.0,0.0,6707619.0,0.0,0.0,0.0,754867.125,0.0,0.0,493077.28125,4186453.25,0
1789612163.3918295,fan,134,8,0.0,0.0,0.0,0.0,4593968.5,0.0,0.0,0.0,2721738.0,0.0,0.0,1996434.375,6615080.0,2081461.0,0.0,0.0,0
1789612163.5124352,fan,159,8,0.0,0.0,0.0,0.0,0.0,0.0,0.0,3925976.25,2798858.5,5090662.0,3945277.0,0.0,0.0,7832098.5,1463717.5,1363037.5,0
1789612163.5830002,fan,142,12,0.0,0.0,52855996.0,0.0,0.0,17978190.0,2833784.5,0.0,1854656.625,0.0,2520197.5,1531814.875,660607.75,7200624.0,2249052.0,4034539.5,0
1789612163.6708338,fan,129,7,0.0,0.0,0.0,0.0,1346186.0,0.0,0.0,0.0,3759079.0,0.0,1184467.0,0.0,695595.125,1423960.25,1017150.0,0.0,0
1789612163.729277,fan,161,12,0.0,0.0,0.0,0.0,0.0,26646052.0,0.0,10385848.0,0.0,3511415.75,0.0,0.0,2738092.25,4220222.5,2720671.25,3142416.5,0
1789612163.8033786,fan,163,6,0.0,0.0,0.0,0.0,6834016.5,0.0,5111980.0,0.0,0.0,3842889.0,1455225.375,0.0,0.0,0.0,0.0,2320720.25,0
1789612164.0205288,fan,150,7,0.0,0.0,0.0,14424588.0,10918358.0,0.0,0.0,0.0,0.0,0.0,941275.25,0.0,0.0,1020820.625,1143675.875,4275299.0,0
1789612164.080227,fan,166,3,0.0,0.0,0.0,0.0,0.0,0.0,0.0,0.0,0.0,2072460.75,1195987.875,0.0,0.0,0.0,0.0,1267328.875,0
1789612164.145749,fan,124,7,0.0,0.0,794193.1875,0.0,0.0,0.0,0.0,253929.859375,0.0,0.0,2452747.25,0.0,681446.75,0.0,2188585.5,0.0,0
1789612164.208989,fan,143,9,0.0,0.0,0.0,0.0,6016355.5,0.0,1928458.75,0.0,909349.25,4459129.0,0.0,3926428.75,0.0,0.0,0.0,11849905.0,0
1789612164.338457,fan,129,5,0.0,0.0,184209888.0,0.0,86982688.0,0.0,0.0,3837745.25,0.0,1098920.125,0.0,0.0,2273276.5,0.0,0.0,0.0,0
1789612164.3968349,fan,163,3,0.0,0.0,0.0,0.0,0.0,0.0,0.0,0.0,0.0,0.0,1661496.875,0.0,0.0,3078349.0,0.0,0.0,0
1789612164.4973326,fan,152,10,0.0,0.0,1694334.75,0.0,0.0,0.0,847424.375,0.0,0.0,3043087.0,1961675.0,3172950.5,0.0,336554.78125,1389815.25,3450437.5,0
1789612164.5684566,fan,152,12,0.0,0.0,2267747.25,0.0,0.0,0.0,0.0,1614965.125,0.0,417915.0,1958259.75,2183072.75,8141877.0,3252826.75,804674.25,0.0,0
1789612164.7201576,fan,163,13,0.0,0.0,0.0,452414.28125,2447302.0,1183987.5,0.0,0.0,725638.125,6828865.0,2183057.25,0.0,0.0,7053285.5,3580943.0,592700.6875,0
1789612164.783858,fan,148,7,0.0,0.0,0.0,0.0,0.0,19161464.0,0.0,0.0,0.0,2345332.5,1794317.625,3158166.25,7261241.5,1912709.0,0.0,0.0,0
1789612165.0045834,fan,141,14,0.0,0.0,0.0,0.0,0.0,878731.0,2176492.5,2924410.5,379173.125,536959.0625,0.0,0.0,2908183.5,11848070.0,6069364.0,6052836.5,0
1789612165.0634916,fan,158,3,0.0,0.0,0.0,0.0,0.0,0.0,0.0,0.0,0.0,3376531.0,0.0,0.0,0.0,2208377.0,0.0,0.0,0
1789612165.126267,fan,141,6,0.0,0.0,0.0,0.0,0.0,2907976.0,4014059.75,5334898.5,1253502.375,0.0,0.0,4674021.0,0.0,0.0,0.0,0.0,0
1789612165.2582266,fan,173,12,0.0,0.0,813876.875,1282798.25,0.0,140743.4375,680104.625,0.0,2823414.0,0.0,0.0,1352001.375,8819958.0,6427750.5,1689722.25,0.0,0
1789612165.3179834,fan,173,3,0.0,0.0,0.0,0.0,0.0,0.0,1275253.25,0.0,0.0,0.0,0.0,0.0,0.0,0.0,1227322.125,1752367.375,0
1789612165.4336963,fan,158,6,0.0,0.0,0.0,0.0,0.0,0.0,0.0,0.0,0.0,0.0,0.0,4034957.25,3747557.0,1325403.0,2046526.25,1668850.375,0
1789612165.5125194,fan,153,7,0.0,8483947.0,2762202.5,0.0,0.0,0.0,939319.875,1268310.75,0.0,510225.4375,0.0,0.0,3631938.5,3087008.0,0.0,0.0,0
1789612165.573611,fan,153,10,3566742.75,0.0,0.0,0.0,0.0,1416890.25,0.0,442632.0625,0.0,0.0,0.0,598936.125,0.0,2109021.5,1387757.125,6614609.0,0
1789612165.623029,fan,141,10,0.0,0.0,0.0,0.0,39049864.0,0.0,0.0,0.0,0.0,0.0,0.0,0.0,3976290.0,17747900.0,6873636.0,0.0,0
1789612165.6852138,fan,144,7,0.0,474962.28125,0.0,0.0,0.0,0.0,551589.1875,2508866.0,6813466.0,937101.8125,0.0,0.0,0.0,494869.90625,0.0,778949.375,0
1789612165.7658298,fan,151,12,0.0,0.0,0.0,1378568.5,0.0,0.0,1031478.875,1681352.25,0.0,381869.09375,0.0,1127270.125,1701159.0,8124232.0,0.0,4968433.0,0
1789612165.8243394,fan,142,6,0.0,0.0,0.0,2105715.25,0.0,0.0,864039.3125,0.0,0.0,0.0,2413726.5,1774693.25,0.0,0.0,0.0,2229696.5,0
1789612165.8870895,fan,155,3,0.0,0.0,0.0,0.0,0.0,0.0,6652773.0,0.0,0.0,0.0,0.0,549381.9375,1817926.625,0.0,0.0,0.0,0
1789612165.950272,fan,155,6,0.0,0.0,0.0,0.0,3474533.25,0.0,0.0,0.0,0.0,727394.0,1107977.75,0.0,0.0,2604421.5,0.0,1490416.5,0
1789612166.148358,fan,166,11,0.0,1806104.0,439551.53125,0.0,0.0,0.0,0.0,0.0,0.0,3286078.5,1787740.0,0.0,1666173.0,4095054.5,889090.5625,0.0,0
1789612166.2082963,fan,140,4,0.0,0.0,225337184.0,0.0,0.0,0.0,0.0,0.0,0.0,0.0,0.0,6798959.0,0.0,1215477.125,0.0,0.0,0
1789612166.3069808,fan,162,13,0.0,1052711.625,0.0,0.0,0.0,5520751.5,3187643.5,0.0,0.0,9674728.0,0.0,0.0,6776522.0,3173961.0,0.0,2065647.125,0
1789612166.3699727,fan,168,7,0.0,0.0,0.0,0.0,0.0,338937.5,0.0,0.0,0.0,525865.8125,0.0,777124.3125,1745308.0,0.0,628998.6875,1909040.375,0
1789612166.5929425,fan,172,11,877957.9375,977953.125,0.0,0.0,0.0,522162.78125,3081475.0,0.0,0.0,4400891.5,3761095.0,0.0,0.0,0.0,0.0,0.0,0
1789612166.6540267,fan,150,8,879366.5,0.0,0.0,0.0,183834.125,0.0,0.0,0.0,0.0,0.0,1054743.25,774859.1875,0.0,3637640.5,8326728.0,0.0,0
1789612166.7294,fan,147,7,0.0,0.0,9777582.0,5726226.5,3067894.75,3761458.0,0.0,0.0,0.0,1421296.0,0.0,0.0,2175893.0,1590709.75,0.0,0.0,0
1789612166.7917593,fan,146,4,0.0,0.0,0.0,0.0,0.0,0.0,0.0,0.0,0.0,6202685.0,0.0,4346417.0,0.0,1999621.0,0.0,1635317.0,0
1789612166.855057,fan,90,6,0.0,0.0,24586808.0,0.0,11482406.0,0.0,11504891.0,0.0,5838637.0,0.0,3781792.0,0.0,0.0,0.0,3559748.5,0.0,0
1789612166.9181883,fan,134,10,29963278.0,0.0,22977706.0,0.0,21311200.0,0.0,0.0,4143443.5,2581869.5,0.0,0.0,2426886.0,0.0,7933856.0,4388539.0,0.0,0
1789612166.981296,fan,191,3,0.0,0.0,0.0,0.0,0.0,0.0,0.0,9770658.0,0.0,4184059.75,8381994.0,0.0,0.0,0.0,0.0,0.0,0
1789612167.1007476,fan,146,11,0.0,0.0,0.0,0.0,0.0,1365792.75,1430436.375,0.0,0.0,4471210.5,6728436.0,3645302.0,5787223.5,5641199.5,1121608.625,0.0,0
1789612167.160476,fan,139,9,0.0,0.0,0.0,108518224.0,0.0,0.0,3794102.5,0.0,0.0,2732913.5,4455410.0,4179921.25,1176386.875,2400816.25,0.0,0.0,0
1789612167.2232854,fan,152,8,24639432.0,0.0,0.0,0.0,0.0,0.0,1190678.375,0.0,0.0,1537320.625,1553346.125,1197503.375,706327.4375,0.0,1190546.0,0.0,0
1789612167.2858465,fan,163,9,0.0,8018970.5,0.0,0.0,0.0,0.0,9077458.0,0.0,0.0,4075719.25,3217259.0,0.0,0.0,1966097.5,0.0,725157.25,0
1789612167.3489954,fan,157,6,0.0,0.0,0.0,44567212.0,0.0,0.0,0.0,7637607.0,0.0,0.0,0.0,0.0,0.0,588348.1875,4092632.5,3767322.5,0
1789612167.4806416,fan,132,10,0.0,0.0,0.0,0.0,0.0,208449.765625,351483.75,0.0,0.0,0.0,5503800.5,2661499.25,0.0,2894122.0,0.0,994506.5,0
1789612167.540068,fan,176,4,0.0,0.0,0.0,0.0,0.0,0.0,1691082.0,819850.9375,0.0,3609194.0,0.0,0.0,0.0,0.0,0.0,0.0,0
1789612167.5407014,fan,130,4,0.0,0.0,0.0,0.0,0.0,0.0,0.0,0.0,0.0,0.0,2111275.25,0.0,0.0,0.0,2724204.0,1708976.5,0
1789612167.6028752,fan,168,7,0.0,0.0,571925.875,0.0,0.0,0.0,0.0,1064881.0,0.0,1705550.125,0.0,0.0,2237317.0,1533304.25,2934052.25,0.0,0
1789612167.6672728,fan,173,12,0.0,0.0,0.0,0.0,0.0,3258534.5,211558.546875,0.0,1694552.125,9779692.0,0.0,903549.125,0.0,837411.6875,925583.5625,929144.8125,0
1789612167.7430089,fan,151,10,0.0,0.0,0.0,0.0,23688572.0,8111520.0,26308666.0,0.0,0.0,0.0,6410768.0,2127294.5,0.0,3468389.25,0.0,5772232.0,0
1789612167.8060467,fan,353,12,277398144.0,198655456.0,158424384.0,263250864.0,79066456.0,0.0,0.0,34768396.0,32804688.0,35987952.0,0.0,19528864.0,18726096.0,20650876.0,0.0,0.0,0
1789612167.9153605,fan,146,10,0.0,0.0,0.0,0.0,759187.0,3795669.5,4114727.0,0.0,0.0,1251537.5,0.0,0.0,1371847.5,7658681.0,0.0,0.0,0
1789612167.9784303,fan,162,6,0.0,0.0,0.0,0.0,929973.25,0.0,0.0,986461.75,0.0,4321867.0,0.0,0.0,0.0,0.0,0.0,3861982.5,0
1789612168.0843787,fan,173,6,0.0,0.0,0.0,0.0,0.0,0.0,3474233.75,0.0,0.0,0.0,5226940.5,6396990.5,1089393.25,309453.75,0.0,1412971.875,0
1789612168.1478107,fan,153,5,0.0,0.0,0.0,0.0,0.0,0.0,0.0,0.0,0.0,0.0,0.0,0.0,14461601.0,33301152.0,13622872.0,0.0,0
1789612168.2200441,fan,119,6,0.0,0.0,0.0,0.0,0.0,0.0,0.0,0.0,0.0,2325291.5,0.0,3232843.0,2670155.0,677016.3125,0.0,0.0,0
1789612168.4008927,fan,138,6,0.0,0.0,0.0,0.0,0.0,0.0,845510.0625,0.0,822639.75,0.0,5930608.0,10710064.0,0.0,0.0,0.0,1375878.75,0
1789612168.4600139,fan,161,14,0.0,0.0,661884.0,1983534.5,0.0,4042293.5,1535201.625,0.0,923305.9375,748187.0625,780640.125,776587.0,0.0,6265641.5,0.0,0.0,0
1789612168.5231895,fan,154,4,0.0,0.0,0.0,0.0,0.0,0.0,0.0,0.0,0.0,1774764.5,2730618.25,0.0,1905551.5,751671.625,0.0,0.0,0
1789612168.5875742,fan,174,6,0.0,0.0,0.0,0.0,2338475.0,0.0,0.0,0.0,0.0,0.0,0.0,2930461.5,1508639.125,3087408.5,0.0,0.0,0
1789612168.687167,fan,170,10,0.0,0.0,301202.0,0.0,2099517.0,4381715.0,1488778.375,0.0,0.0,840779.75,0.0,0.0,1810688.875,918840.375,0.0,652521.875,0
1789612168.8133893,fan,138,12,0.0,0.0,10850365.0,0.0,0.0,0.0,1749156.25,0.0,0.0,1192069.0,1924711.75,1143118.125,0.0,3412905.5,2257475.25,9124110.0,0
1789612168.872658,fan,138,3,0.0,0.0,0.0,0.0,0.0,0.0,0.0,0.0,0.0,0.0,0.0,0.0,0.0,3624387.5,2167817.0,2003377.0,0
1789612168.9397626,fan,138,9,0.0,0.0,0.0,0.0,3720780.75,1430697.625,1073601.25,0.0,0.0,0.0,0.0,0.0,696766.875,8733368.0,0.0,0.0,0
1789612168.9859676,fan,167,11,0.0,0.0,0.0,0.0,0.0,0.0,0.0,0.0,0.0,1832125.125,2584257.5,5341699.5,7533988.0,3985842.5,479075.375,1517226.25,0
1789612169.0492225,fan,169,3,0.0,0.0,0.0,0.0,0.0,0.0,0.0,0.0,0.0,0.0,0.0,0.0,3816471.5,9385256.0,0.0,0.0,0
1789612169.1312633,fan,144,8,0.0,0.0,0.0,0.0,3820205.25,0.0,1047085.25,0.0,0.0,0.0,2045538.875,0.0,0.0,1867414.75,3896329.25,0.0,0
1789612169.2035239,fan,156,11,0.0,0.0,0.0,0.0,0.0,298778.5,732413.875,649471.3125,2553941.0,2002634.625,239338.875,1112436.25,2106886.75,2741793.0,0.0,0.0,0
1789612169.3289578,fan,337,10,94886320.0,108362216.0,32568584.0,0.0,68546888.0,17437200.0,0.0,0.0,0.0,11056651.0,0.0,6311247.0,0.0,0.0,0.0,0.0,0
1789612169.394489,fan,149,19,13020661.0,3304791.0,5244064.0,0.0,0.0,628968.5,1289855.0,1813466.5,0.0,4683511.5,0.0,0.0,0.0,5734314.0,3086454.5,2063789.0,0
1789612169.5222065,fan,90,5,0.0,0.0,0.0,0.0,0.0,0.0,219956176.0,0.0,194535472.0,0.0,0.0,111627456.0,0.0,87873792.0,72305880.0,0.0,0
1789612169.5866327,fan,144,5,0.0,0.0,3086100.0,0.0,0.0,0.0,0.0,0.0,226052.453125,5046618.0,0.0,0.0,0.0,1661552.0,0.0,0.0,0
1789612169.6488807,fan,87,4,0.0,0.0,0.0,0.0,0.0,0.0,5950084.5,1748294.25,0.0,0.0,0.0,330334.5,0.0,0.0,0.0,2462632.0,0
1789612169.8939996,fan,123,8,1288269.75,1208056.0,0.0,0.0,0.0,0.0,0.0,0.0,0.0,2899566.5,3913863.75,1848948.375,0.0,6358581.0,810965.75,0.0,0
1789612169.9629953,fan,180,6,0.0,0.0,0.0,0.0,5052564.0,5440598.0,1551402.75,0.0,0.0,2202030.25,0.0,0.0,0.0,0.0,8678522.0,0.0,0
1789612170.026822,fan,134,5,0.0,0.0,0.0,0.0,0.0,0.0,10788398.0,0.0,0.0,0.0,0.0,5456409.5,0.0,3608839.25,18338496.0,0.0,0
1789612170.1792548,fan,147,8,0.0,0.0,141464656.0,0.0,0.0,0.0,0.0,0.0,7343395.5,4403981.5,11335944.0,0.0,979442.5,0.0,544563.0,157211.71875,0
1789612170.2369614,fan,163,6,0.0,0.0,17891880.0,0.0,0.0,0.0,0.0,0.0,0.0,0.0,0.0,728934.8125,1101717.0,2856959.75,455445.25,0.0,0
1789612170.3003097,fan,162,8,0.0,0.0,263487.9375,0.0,0.0,0.0,0.0,0.0,0.0,5012600.5,0.0,0.0,768620.5,660807.25,327996.09375,3269612.0,0
1789612170.3720703,fan,152,4,0.0,0.0,0.0,0.0,0.0,0.0,0.0,0.0,25347286.0,0.0,0.0,20257120.0,0.0,2219379.5,0.0,2231063.0,0
1789612170.4356546,fan,153,8,0.0,0.0,0.0,0.0,0.0,0.0,0.0,0.0,0.0,11488470.0,0.0,2372426.0,2741887.5,7829247.5,2505485.25,1356335.125,0
1789612170.4991527,fan,162,5,0.0,0.0,0.0,0.0,0.0,12908020.0,0.0,0.0,0.0,0.0,0.0,506670.28125,0.0,0.0,182185.609375,1359857.5,0
1789612170.5639887,fan,144,10,3761546.0,2662285.5,2012346.5,0.0,1537176.125,0.0,0.0,0.0,0.0,1363568.0,0.0,0.0,0.0,4221133.0,2346212.5,0.0,0
1789612170.6540267,fan,141,7,0.0,0.0,0.0,0.0,0.0,0.0,0.0,0.0,0.0,0.0,0.0,5746465.0,2434235.0,4652043.0,0.0,1163364.25,0
1789612170.9724865,fan,159,10,0.0,0.0,0.0,0.0,0.0,0.0,31128146.0,1275029.75,0.0,0.0,6718777.0,2390242.25,0.0,424174.65625,1839649.5,841471.6875,0
1789612171.0326753,fan,159,3,0.0,0.0,0.0,0.0,0.0,0.0,0.0,0.0,0.0,0.0,282972.4375,0.0,0.0,577374.9375,157838.390625,0.0,0
1789612171.130704,fan,137,14,2744591.75,0.0,2813304.5,2099784.0,399960.5,0.0,0.0,1140317.625,1107067.75,1188029.875,3723063.0,2200292.25,2591972.75,4895740.5,0.0,0.0,0
1789612171.1899607,fan,167,10,0.0,0.0,4335626.0,0.0,776402.875,2575925.25,1388086.75,0.0,3976877.75,2474063.25,1066164.125,0.0,0.0,0.0,2759318.5,0.0,0
1789612171.2541683,fan,169,5,0.0,0.0,0.0,0.0,0.0,0.0,0.0,0.0,0.0,0.0,0.0,0.0,1075724.875,2292099.25,1128656.5,239026.5625,0
1789612171.3186846,fan,148,12,0.0,1900782.625,0.0,0.0,0.0,0.0,0.0,455730.75,0.0,7610116.0,8888739.0,1357346.25,2592003.25,1360685.125,981389.375,6979812.0,0
1789612171.3828495,fan,144,9,0.0,0.0,0.0,0.0,0.0,0.0,2064994.375,0.0,0.0,0.0,3369523.5,1819907.5,351833.4375,3848614.5,7048331.0,3186505.5,0
1789612171.4460304,fan,154,10,0.0,75463992.0,234356880.0,0.0,9402193.0,18495214.0,1179730.25,0.0,0.0,1646433.5,0.0,975994.5625,2238534.5,709733.0,0.0,0.0,0
1789612171.5434368,fan,163,10,0.0,0.0,0.0,0.0,384918.9375,3586489.75,4578432.0,0.0,0.0,3509896.5,0.0,0.0,0.0,2591069.0,0.0,3243730.25,0
1789612171.6030293,fan,162,9,0.0,0.0,0.0,0.0,1493312.0,0.0,0.0,0.0,0.0,347431.46875,0.0,463114.03125,0.0,2153928.0,1055361.125,1711515.625,0
1789612171.6673055,fan,158,13,0.0,0.0,2314138.25,2005643.0,0.0,1946703.25,1661113.25,0.0,0.0,0.0,832115.125,210237.078125,2469701.75,5664467.5,0.0,1523557.5,0
1789612171.79699,fan,168,6,0.0,0.0,0.0,0.0,0.0,0.0,0.0,0.0,0.0,5463074.0,0.0,0.0,0.0,702931.5625,0.0,1880601.25,0
1789612171.856095,fan,141,6,0.0,0.0,0.0,0.0,0.0,608972.3125,2676438.75,0.0,0.0,0.0,0.0,0.0,0.0,9683016.0,0.0,0.0,0
1789612171.919219,fan,141,7,3319689.0,0.0,0.0,0.0,344968.25,0.0,0.0,0.0,0.0,0.0,0.0,1574051.875,5620914.5,4267949.5,0.0,0.0,0
1789612171.9687128,fan,140,5,0.0,0.0,0.0,0.0,0.0,0.0,0.0,9049732.0,0.0,9818073.0,0.0,0.0,0.0,0.0,0.0,2043235.75,0
1789612172.0300777,fan,143,10,0.0,0.0,0.0,0.0,1582582.125,693755.9375,0.0,927576.0,0.0,3387392.75,0.0,1024205.75,1556641.5,0.0,0.0,3437096.0,0
1789612172.09207,fan,165,11,0.0,0.0,0.0,2316053.0,0.0,1915435.75,535877.875,0.0,0.0,1289798.0,1466684.0,4463097.0,1833198.625,0.0,1716985.625,1614354.875,0
1789612172.2093866,fan,132,8,0.0,0.0,0.0,0.0,18157454.0,0.0,0.0,0.0,2109041.25,3019064.25,0.0,0.0,5396109.0,0.0,1792683.125,0.0,0
1789612172.3359263,fan,167,14,0.0,0.0,1466584.125,0.0,1128483.75,3645078.5,983014.0,4242379.0,0.0,0.0,0.0,477169.03125,0.0,1003793.1875,1502815.25,4131880.75,0
1789612172.3957148,fan,167,4,0.0,0.0,4319785.0,0.0,0.0,0.0,0.0,0.0,0.0,0.0,544554.5,0.0,0.0,488608.1875,0.0,0.0,0
1789612172.4907305,fan,124,8,0.0,0.0,17290514.0,0.0,2562637.75,2962006.5,1845688.0,0.0,983945.25,369983.21875,0.0,0.0,0.0,0.0,0.0,4228144.0,0
1789612172.6189454,fan,149,12,0.0,0.0,15978671.0,3048013.0,0.0,0.0,4068993.5,3689811.5,7022143.0,5374212.0,11009739.0,3027405.0,0.0,927148.6875,0.0,0.0,0
1789612172.6890445,fan,149,4,0.0,0.0,0.0,0.0,0.0,0.0,0.0,0.0,0.0,778487.25,0.0,0.0,0.0,8233456.0,1165326.25,0.0,0
1789612172.7391348,fan,165,7,0.0,0.0,0.0,0.0,0.0,1850648.25,836095.1875,0.0,445663.5,1708333.5,7263407.0,0.0,0.0,647383.6875,0.0,0.0,0
1789612172.8034356,fan,165,7,0.0,0.0,0.0,0.0,0.0,503298.9375,0.0,6629133.0,0.0,3757038.75,0.0,0.0,0.0,2573485.5,0.0,0.0,0
1789612172.8529174,fan,150,7,0.0,0.0,0.0,0.0,0.0,0.0,13520498.0,0.0,2705249.5,4694748.5,0.0,0.0,1227555.5,0.0,747536.0,4762135.5,0
1789612173.0030096,fan,129,4,0.0,0.0,49990828.0,0.0,0.0,0.0,0.0,0.0,0.0,439417.75,0.0,0.0,0.0,1045778.6875,0.0,966461.375,0
1789612173.0719934,fan,146,8,0.0,0.0,0.0,0.0,0.0,0.0,0.0,1868770.25,0.0,0.0,1071712.25,2527869.0,0.0,0.0,2559177.5,0.0,0
1789612173.198385,fan,158,3,0.0,0.0,0.0,0.0,0.0,0.0,0.0,0.0,0.0,0.0,0.0,0.0,1341123.125,0.0,0.0,12866755.0,0
1789612173.328536,fan,10,11,0.0,0.0,32504184.0,25682264.0,0.0,6916085.5,5249701.5,4803527.5,0.0,0.0,2747035.5,4515342.5,0.0,628545.625,0.0,0.0,0
1789612173.4598544,fan,130,3,0.0,0.0,0.0,0.0,0.0,0.0,0.0,0.0,0.0,0.0,0.0,0.0,2400767.25,0.0,3031981.0,2115196.0,0
1789612173.5155275,fan,234,3,0.0,0.0,0.0,0.0,0.0,0.0,0.0,0.0,0.0,0.0,0.0,5668050.0,0.0,5048972.0,0.0,0.0,0
1789612173.6254847,fan,143,7,0.0,0.0,0.0,0.0,3322242.75,0.0,896008.9375,0.0,0.0,0.0,0.0,0.0,0.0,3752581.25,4327907.0,2747321.5,0
1789612173.6933722,fan,142,6,0.0,0.0,0.0,0.0,0.0,0.0,1794600.875,0.0,4113262.5,0.0,0.0,4616381.0,0.0,2280247.25,0.0,1468424.75,0
1789612173.7955487,fan,146,7,0.0,0.0,0.0,2983773.0,2769925.75,3495879.5,0.0,0.0,0.0,0.0,0.0,0.0,1121217.25,5384826.0,0.0,0.0,0
1789612173.862252,fan,144,6,0.0,0.0,0.0,0.0,0.0,8401718.0,0.0,9328344.0,0.0,65319660.0,0.0,0.0,0.0,8295574.5,0.0,14084910.0,0
1789612173.9241066,fan,142,5,0.0,0.0,0.0,0.0,0.0,0.0,0.0,25073392.0,0.0,2424174.5,0.0,2838713.0,0.0,0.0,1626944.875,2407050.5,0
1789612173.9864655,fan,141,10,0.0,0.0,0.0,0.0,0.0,0.0,0.0,0.0,0.0,15174137.0,3812080.5,2497220.0,0.0,4246331.5,11993152.0,5995501.5,0
1789612174.0448732,fan,141,5,0.0,0.0,0.0,0.0,0.0,0.0,424098944.0,0.0,154879312.0,0.0,0.0,0.0,0.0,1580911.125,0.0,2490061.25,0
1789612174.202868,fan,132,10,0.0,0.0,0.0,0.0,1598175.0,0.0,15736965.0,12084430.0,4263041.5,0.0,0.0,709859.0625,6903987.5,2097836.5,1659648.0,0.0,0
1789612174.2655065,fan,133,4,0.0,0.0,3626031.75,0.0,0.0,0.0,2547068.5,0.0,0.0,0.0,0.0,537658.875,0.0,793109.75,0.0,0.0,0
1789612174.3689697,fan,167,7,0.0,0.0,0.0,0.0,1173830.125,6592589.0,3636934.75,1518472.0,0.0,730503.75,0.0,0.0,0.0,0.0,1735320.125,0.0,0
1789612174.3699818,fan,132,7,0.0,0.0,0.0,2848500.0,0.0,0.0,0.0,0.0,0.0,198188.953125,3497977.5,5667657.0,0.0,0.0,0.0,7141908.0,0
1789612174.4260666,fan,167,4,0.0,0.0,0.0,9862007.0,0.0,3662668.5,0.0,0.0,0.0,0.0,0.0,0.0,0.0,0.0,2408866.75,0.0,0
1789612174.489611,fan,152,4,0.0,0.0,0.0,0.0,0.0,3846073.75,0.0,0.0,0.0,0.0,0.0,0.0,0.0,3423017.0,0.0,0.0,0
1789612174.5521524,fan,152,8,0.0,0.0,0.0,0.0,0.0,0.0,3519324.25,523772.4375,0.0,7929587.0,467950.25,0.0,0.0,1286633.125,1267262.875,321459.75,0
1789612174.6012723,fan,132,3,0.0,0.0,0.0,0.0,0.0,0.0,0.0,0.0,0.0,0.0,2521909.75,1967544.0,0.0,1298347.625,0.0,0.0,0
1789612174.6844618,fan,128,11,0.0,0.0,0.0,0.0,0.0,0.0,0.0,0.0,3600429.75,3797755.5,0.0,10825122.0,10302417.0,6464060.0,0.0,2947517.75,0
1789612174.7430224,fan,174,8,0.0,0.0,0.0,0.0,0.0,851390.375,1591723.5,0.0,0.0,2402075.75,0.0,0.0,0.0,947259.75,3554914.25,2090135.75,0
1789612174.939542,fan,169,8,0.0,0.0,0.0,0.0,0.0,0.0,0.0,9912472.0,2997271.25,6001546.5,0.0,0.0,989075.0625,986315.375,0.0,0.0,0
1789612175.005108,fan,159,7,0.0,0.0,0.0,0.0,0.0,0.0,1267639.5,0.0,0.0,0.0,3579737.5,0.0,1646190.25,617967.375,0.0,1575224.375,0
1789612175.2228298,fan,157,12,0.0,0.0,0.0,0.0,492375.03125,2551286.25,0.0,0.0,0.0,1223852.0,3070626.5,3459005.25,0.0,814199.625,3358819.5,4911143.0,0
1789612175.2825165,fan,127,9,0.0,3585140.0,3248889.0,0.0,0.0,0.0,1875009.5,0.0,0.0,1213671.125,0.0,0.0,0.0,0.0,3169097.0,3230200.0,0
1789612175.3451085,fan,151,6,11362776.0,0.0,0.0,0.0,0.0,0.0,0.0,1146846.25,0.0,3643036.5,0.0,0.0,515226.09375,1074449.25,0.0,3009787.25,0
1789612175.4449284,fan,134,6,0.0,0.0,0.0,0.0,16998194.0,0.0,0.0,16903708.0,0.0,0.0,0.0,3769800.5,0.0,0.0,1361907.5,0.0,0
1789612175.5035121,fan,154,8,0.0,0.0,3531718.5,0.0,0.0,0.0,2144245.5,0.0,0.0,1697512.75,0.0,595977.75,0.0,2255383.5,3580647.5,190920.96875,0
1789612175.5788882,fan,172,15,0.0,0.0,0.0,0.0,461512.0,656350.6875,9091305.0,1905269.625,1281190.75,0.0,596028.5625,1021036.25,3971415.5,6990761.0,1542239.75,443952.5625,0
1789612175.6443381,fan,139,5,0.0,0.0,28902266.0,0.0,0.0,0.0,0.0,0.0,0.0,0.0,0.0,10278723.0,0.0,0.0,5128062.5,0.0,0
1789612175.8267834,fan,170,9,0.0,451295.5,0.0,0.0,0.0,0.0,1652200.625,0.0,0.0,5807866.0,0.0,0.0,0.0,5075290.0,0.0,3480486.5,0
1789612175.8906116,fan,171,9,0.0,0.0,0.0,0.0,0.0,0.0,3249124.0,8599750.0,0.0,420013.21875,0.0,1602374.875,0.0,0.0,3641096.0,5927047.0,0
1789612176.080045,fan,157,18,0.0,0.0,4197169.5,796311.3125,2511441.0,3491588.0,1589853.375,0.0,4026829.5,3431194.5,0.0,522718.71875,6131213.0,1994269.0,0.0,0.0,0
1789612176.143641,fan,123,11,0.0,0.0,0.0,5919052.0,0.0,0.0,1106427.0,881074.8125,0.0,0.0,2937194.0,0.0,1837445.25,433844.9375,1819524.125,0.0,0
1789612176.2394636,fan,162,8,0.0,0.0,0.0,0.0,0.0,603333.0625,906144.6875,0.0,1070748.125,0.0,308757.0625,0.0,0.0,8485474.0,1976189.0,0.0,0
1789612176.2991588,fan,159,6,0.0,0.0,0.0,0.0,0.0,0.0,0.0,0.0,0.0,0.0,0.0,12108737.0,0.0,3190530.0,2287323.0,4630923.0,0
1789612176.3748045,fan,160,9,0.0,0.0,0.0,0.0,6666998.0,0.0,6425232.0,0.0,0.0,2823430.75,0.0,0.0,0.0,5893873.5,0.0,1489540.25,0
1789612176.4851944,fan,140,5,0.0,0.0,0.0,0.0,0.0,0.0,20146412.0,0.0,17437950.0,0.0,13416124.0,11347111.0,12073730.0,0.0,0.0,0.0,0
1789612176.5480006,fan,128,8,0.0,0.0,0.0,0.0,0.0,0.0,0.0,1713725.75,0.0,1653734.25,0.0,6254236.5,0.0,0.0,5383448.0,1670944.0,0
1789612176.6101067,fan,131,9,0.0,0.0,0.0,0.0,0.0,0.0,11216870.0,0.0,861821.75,0.0,0.0,4995808.5,0.0,3224437.5,1892321.0,0.0,0
1789612176.7453473,fan,128,5,0.0,0.0,0.0,0.0,0.0,0.0,0.0,1715014.25,0.0,0.0,0.0,0.0,6805108.5,944380.25,0.0,4470738.0,0
1789612176.8042066,fan,165,10,0.0,0.0,0.0,6932375.0,0.0,0.0,4128439.5,0.0,0.0,1075106.5,0.0,4384369.0,841612.0625,2461158.0,1622996.0,0.0,0
1789612176.8670123,fan,144,7,0.0,0.0,0.0,25863170.0,0.0,0.0,0.0,0.0,0.0,0.0,0.0,15061952.0,12278416.0,972433.375,1761882.125,0.0,0
1789612176.9295194,fan,128,10,0.0,0.0,0.0,0.0,0.0,0.0,0.0,0.0,8560594.0,0.0,5799697.0,8164565.5,0.0,5876247.5,5735363.5,0.0,0
1789612176.9920297,fan,126,6,0.0,0.0,0.0,0.0,0.0,0.0,0.0,854227.75,0.0,194096.59375,708163.125,0.0,344392.15625,843847.8125,0.0,1167625.5,0
1789612177.0552132,fan,165,13,1283654.75,0.0,3012289.5,0.0,1233675.875,356123.84375,6579280.0,0.0,0.0,0.0,1249440.75,2773409.5,1715695.625,1306089.25,0.0,468582.46875,0
1789612177.1902,fan,146,4,0.0,0.0,0.0,0.0,0.0,14745746.0,0.0,0.0,0.0,0.0,0.0,0.0,0.0,5588822.5,0.0,2866911.5,0
1789612177.3493109,fan,149,12,0.0,0.0,3991174.0,566814.625,0.0,0.0,1821534.75,0.0,1335874.75,1167258.25,1584928.0,1835384.875,7660960.0,1336015.625,1541550.125,0.0,0
1789612177.4076445,fan,147,6,0.0,0.0,29123038.0,0.0,0.0,0.0,0.0,0.0,5255497.0,4616292.5,0.0,0.0,0.0,7578233.0,0.0,3671530.0,0
1789612177.5084682,fan,158,6,0.0,0.0,0.0,0.0,0.0,0.0,1530692.625,1822147.125,0.0,0.0,0.0,0.0,0.0,915527.25,0.0,3215320.0,0
1789612177.5789971,fan,149,8,0.0,0.0,0.0,0.0,0.0,2993030.5,0.0,3728832.5,1010212.25,0.0,0.0,0.0,7092693.0,9556626.0,0.0,0.0,0
1789612177.642892,fan,108,3,0.0,0.0,0.0,0.0,0.0,35178760.0,0.0,0.0,0.0,0.0,8225825.5,0.0,0.0,0.0,0.0,6312437.0,0
1789612177.7062407,fan,177,8,0.0,0.0,0.0,0.0,0.0,0.0,0.0,7926419.5,3969578.0,5618314.5,2597222.25,1725838.75,0.0,3803483.75,5128942.0,0.0,0
1789612177.7585485,fan,177,5,0.0,0.0,0.0,0.0,0.0,0.0,0.0,0.0,0.0,4018571.5,0.0,633382.5,563788.25,3116158.5,0.0,0.0,0
1789612177.920327,fan,147,5,0.0,0.0,0.0,0.0,0.0,0.0,0.0,10592838.0,0.0,5559970.5,0.0,0.0,0.0,3452767.75,2476287.25,3198467.0,0
1789612177.98424,fan,154,10,0.0,0.0,4858644.5,0.0,1982500.75,1203254.0,614202.75,0.0,0.0,0.0,1936682.625,1409397.0,0.0,4124046.0,1108667.875,0.0,0
1789612178.0547776,fan,153,10,0.0,0.0,0.0,0.0,0.0,1393465.25,4721596.5,0.0,3410533.75,4232473.0,3094083.75,0.0,3622007.5,0.0,589324.9375,2483813.25,0
1789612178.1434615,fan,153,6,0.0,0.0,0.0,0.0,0.0,4021434.25,0.0,0.0,0.0,2120628.5,0.0,0.0,2433678.0,966322.8125,0.0,2328119.5,0
1789612178.1894515,fan,136,4,0.0,0.0,0.0,0.0,0.0,1046709312.0,0.0,0.0,53995116.0,0.0,0.0,0.0,0.0,0.0,2399646.75,0.0,0
1789612178.2526534,fan,156,11,1627173.25,1449160.5,2854180.5,0.0,0.0,0.0,2778738.0,0.0,0.0,1294337.0,10130396.0,0.0,1125388.5,0.0,0.0,2239510.25,0
1789612178.3962634,fan,150,8,0.0,0.0,0.0,0.0,0.0,3192914.25,25097004.0,0.0,0.0,0.0,5193197.0,7917735.5,0.0,0.0,1817700.375,0.0,0
1789612178.5552716,fan,153,15,827381.1875,0.0,4961974.0,1833230.5,2611614.75,0.0,0.0,0.0,5008678.0,1484617.875,2653701.0,0.0,0.0,2024013.75,4518053.5,1525579.0,0
1789612178.625512,fan,153,12,0.0,44456100.0,0.0,0.0,3423254.25,0.0,0.0,0.0,0.0,6131048.5,0.0,7647434.0,4203009.0,12195336.0,0.0,0.0,0
1789612178.6715622,fan,141,5,0.0,0.0,4004633.75,0.0,0.0,0.0,891262.1875,0.0,0.0,0.0,0.0,0.0,0.0,0.0,3232863.75,1726718.25,0
1789612178.7765176,fan,177,6,0.0,0.0,0.0,0.0,11388645.0,0.0,0.0,0.0,0.0,5407523.0,0.0,1632533.25,795684.75,0.0,0.0,0.0,0
1789612178.8359017,fan,177,13,0.0,680236.8125,1606696.125,1138453.125,1687741.0,0.0,0.0,0.0,0.0,749239.125,1212003.125,1440762.625,0.0,3570246.0,2060446.5,1879824.875,0
1789612178.9050298,fan,139,16,2668972.75,590730.0,0.0,0.0,928006.75,0.0,2255097.25,0.0,0.0,858198.0,7019920.0,10132820.0,1636823.125,9810648.0,0.0,955711.625,0
1789612178.905735,fan,178,6,993013.5625,1115884.5,2231025.0,0.0,0.0,0.0,0.0,0.0,0.0,3154941.5,0.0,0.0,1659631.25,0.0,0.0,0.0,0
1789612178.9769511,fan,137,5,0.0,0.0,0.0,0.0,0.0,0.0,0.0,0.0,0.0,6187434.5,1677130.5,0.0,0.0,2684743.5,0.0,0.0,0
1789612179.0395086,fan,133,7,196316800.0,0.0,0.0,0.0,0.0,17805348.0,0.0,0.0,0.0,0.0,13007508.0,6096778.0,6722761.5,10549713.0,0.0,7816438.5,0
1789612179.1013453,fan,140,7,0.0,0.0,104995768.0,0.0,0.0,0.0,0.0,0.0,18571200.0,0.0,0.0,33441654.0,13852372.0,0.0,31158392.0,0.0,0
1789612179.2088602,fan,140,5,0.0,0.0,0.0,0.0,0.0,0.0,0.0,0.0,0.0,0.0,0.0,0.0,0.0,849664.125,4251347.0,2635645.75,0
1789612179.3161652,fan,136,5,0.0,0.0,0.0,4328362.0,0.0,1810958.75,0.0,0.0,0.0,0.0,1635007.125,0.0,1708245.125,2032775.625,0.0,0.0,0
1789612179.539243,fan,140,10,0.0,0.0,0.0,0.0,0.0,0.0,5528314.0,0.0,0.0,4093525.0,5709873.0,4025290.25,2675654.25,0.0,1015568.1875,5189905.0,0
1789612179.5955353,fan,141,6,6166224.0,0.0,0.0,0.0,0.0,0.0,1348302.75,0.0,0.0,0.0,0.0,945665.5,4239108.0,0.0,0.0,2622714.25,0
1789612179.6693769,fan,153,9,0.0,0.0,0.0,2235296.75,3306641.25,1344657.75,0.0,0.0,2198550.5,0.0,0.0,966265.375,0.0,1499186.75,864348.75,2018569.25,0
1789612179.7284985,fan,161,11,0.0,0.0,36011228.0,22793676.0,0.0,0.0,31929688.0,0.0,0.0,1008416.3125,0.0,0.0,2243581.25,819330.125,837668.625,386484.8125,0
1789612179.7919877,fan,150,9,0.0,0.0,0.0,0.0,0.0,5395400.0,0.0,1799077.25,0.0,0.0,1132805.25,1554285.75,1091631.25,2637686.25,0.0,2452057.25,0
1789612179.8548834,fan,151,5,0.0,0.0,0.0,0.0,0.0,0.0,0.0,0.0,0.0,0.0,0.0,4402966.5,0.0,8755016.0,1340397.375,1403531.875,0
1789612179.918817,fan,152,10,12368352.0,0.0,0.0,0.0,0.0,2418625.75,8035718.0,0.0,0.0,0.0,2870425.0,4335666.0,0.0,476341.625,184096.78125,775462.625,0
1789612179.9828649,fan,160,5,0.0,0.0,0.0,0.0,0.0,0.0,14889546.0,0.0,0.0,0.0,0.0,0.0,0.0,0.0,2158858.75,4955625.0,0
1789612180.1092474,fan,148,11,4948878.5,0.0,722782.5625,0.0,0.0,3310509.0,0.0,0.0,0.0,2448899.0,0.0,1430653.625,1188919.625,9232209.0,769944.75,0.0,0
1789612180.3635755,fan,166,8,0.0,1003446.6875,1199764.75,0.0,0.0,2343576.25,1474248.875,0.0,0.0,1376497.375,596971.375,0.0,0.0,0.0,3514352.0,624716.5,0
1789612180.4344358,fan,146,8,0.0,0.0,0.0,0.0,0.0,0.0,5907204.5,0.0,0.0,2197008.5,0.0,149627.765625,0.0,0.0,656486.3125,6975196.5,0
1789612180.4965608,fan,121,4,0.0,0.0,0.0,0.0,0.0,0.0,0.0,0.0,8373408.0,0.0,0.0,0.0,0.0,6102093.0,6812719.0,0.0,0
1789612180.558789,fan,122,6,0.0,0.0,0.0,0.0,0.0,6323029.5,0.0,0.0,6116563.5,1046561.0,0.0,2088889.0,0.0,3339752.0,2824414.25,0.0,0
1789612180.6491241,fan,160,12,0.0,0.0,0.0,0.0,245466.0625,7292312.0,5535437.5,0.0,2711471.5,0.0,0.0,1144581.625,2222585.0,7272176.5,941258.1875,0.0,0
1789612180.7121801,fan,145,4,0.0,0.0,0.0,0.0,11180057.0,0.0,0.0,0.0,0.0,0.0,0.0,0.0,0.0,3760031.5,1202213.375,0.0,0
1789612180.7759616,fan,165,11,0.0,0.0,1683979.5,0.0,0.0,952972.75,0.0,1613357.75,5426295.5,0.0,8906395.0,0.0,5589412.0,4112940.25,0.0,0.0,0
1789612180.8862846,fan,167,8,0.0,0.0,0.0,0.0,498675.84375,1769265.25,3236167.5,0.0,0.0,0.0,3882346.0,2585257.0,0.0,1273926.0,0.0,253044.71875,0
1789612180.9520817,fan,137,7,0.0,0.0,0.0,0.0,0.0,0.0,0.0,0.0,0.0,45045348.0,39235540.0,43405432.0,0.0,78321688.0,0.0,48917764.0,0
1789612181.155933,fan,140,9,0.0,1467459.0,0.0,0.0,0.0,0.0,0.0,0.0,0.0,0.0,0.0,3267290.0,1370701.625,9645200.0,2650479.75,0.0,0
1789612181.2131863,fan,140,6,0.0,0.0,0.0,0.0,154023616.0,689827072.0,188823312.0,0.0,94265888.0,0.0,0.0,0.0,0.0,0.0,4778236.0,0.0,0
1789612181.2628267,fan,153,4,0.0,0.0,0.0,0.0,0.0,0.0,0.0,0.0,94778152.0,0.0,0.0,0.0,126598880.0,0.0,0.0,41559580.0,0
1789612181.378529,fan,147,3,0.0,0.0,0.0,0.0,0.0,0.0,0.0,0.0,11317548.0,6778937.5,0.0,0.0,0.0,2051587.125,0.0,0.0,0
1789612181.4387014,fan,149,13,0.0,0.0,0.0,0.0,0.0,3047532.5,983341.875,0.0,1992589.25,1150939.625,1234954.125,11220788.0,1691753.5,0.0,0.0,1326286.0,0
1789612181.501608,fan,149,7,0.0,0.0,0.0,410343872.0,0.0,0.0,0.0,0.0,0.0,0.0,0.0,10147192.0,1647695.25,0.0,953758.3125,0.0,0
1789612181.5508387,fan,141,12,0.0,1714649.125,2761705.0,3407649.25,0.0,1246556.25,0.0,0.0,0.0,942437.125,1687745.125,0.0,1263609.75,0.0,1296489.25,3726009.0,0
1789612181.6948104,fan,150,11,0.0,0.0,0.0,0.0,3857338.5,2218380.0,10697555.0,0.0,0.0,0.0,0.0,0.0,407076.375,3431115.0,911395.375,351155.09375,0
1789612181.754583,fan,147,6,0.0,0.0,0.0,0.0,0.0,0.0,0.0,0.0,8372577.0,0.0,0.0,14571316.0,0.0,0.0,0.0,9244464.0,0
1789612181.9175978,fan,180,9,0.0,53994952.0,0.0,0.0,0.0,1526209.625,4524240.5,1150524.125,1314142.5,0.0,670398.9375,0.0,0.0,0.0,3495951.75,960848.625,0
1789612182.1078174,fan,157,11,0.0,0.0,0.0,0.0,15664152.0,0.0,12759141.0,0.0,0.0,0.0,7621830.0,3300008.0,4243146.0,5754538.5,1666700.625,1041407.75,0
1789612182.1722763,fan,155,5,0.0,0.0,0.0,0.0,0.0,13253914.0,15507175.0,0.0,2404823.5,0.0,0.0,0.0,0.0,0.0,0.0,0.0,0
1789612182.26797,fan,164,13,0.0,0.0,621004.625,0.0,2148781.25,3971286.0,6195866.5,0.0,0.0,0.0,1747931.75,0.0,3434535.5,0.0,5680157.0,0.0,0
1789612182.328002,fan,160,11,2192676.5,0.0,956479.4375,0.0,0.0,0.0,0.0,0.0,1487250.25,578707.625,3422623.75,0.0,283542.78125,5632320.0,0.0,852036.4375,0
1789612182.4694262,fan,160,8,0.0,0.0,0.0,0.0,4530003.0,0.0,3453990.0,0.0,1678322.875,0.0,884650.125,2144526.25,1877790.25,1851649.5,0.0,0.0,0
1789612182.5320613,fan,209,7,0.0,0.0,0.0,0.0,0.0,0.0,0.0,253588944.0,305594400.0,0.0,0.0,163335632.0,136517744.0,0.0,198534144.0,92030112.0,0
1789612182.5953743,fan,189,5,0.0,0.0,0.0,0.0,0.0,0.0,0.0,0.0,0.0,0.0,0.0,0.0,0.0,79596664.0,162497856.0,144278816.0,0
1789612182.6785839,fan,189,5,0.0,0.0,0.0,0.0,0.0,0.0,0.0,0.0,0.0,3355553.5,0.0,0.0,0.0,2074926.875,971241.6875,3082342.5,0
1789612182.724946,fan,189,4,0.0,0.0,2777743.5,0.0,0.0,0.0,0.0,0.0,0.0,606572.375,0.0,0.0,0.0,497725.6875,0.0,0.0,0
1789612182.7824156,fan,158,5,0.0,0.0,0.0,0.0,0.0,388817.46875,0.0,0.0,0.0,0.0,0.0,396160.90625,0.0,0.0,1921696.25,867658.5,0
1789612182.8932757,fan,165,4,0.0,0.0,0.0,0.0,0.0,0.0,0.0,0.0,0.0,0.0,1768699.75,1617311.25,0.0,0.0,0.0,3031643.0,0
1789612183.0911365,fan,154,9,0.0,0.0,0.0,0.0,0.0,1001151.5625,0.0,0.0,0.0,9899339.0,1205569.5,0.0,1006086.8125,1262710.25,1218763.5,0.0,0
1789612183.1613305,fan,149,7,0.0,0.0,0.0,0.0,48397192.0,0.0,0.0,0.0,0.0,1046842.6875,3414143.75,1555804.75,0.0,5804644.0,0.0,0.0,0
1789612183.22558,fan,94,5,0.0,0.0,0.0,0.0,0.0,0.0,0.0,0.0,0.0,19454106.0,9174008.0,7746815.5,5670573.0,0.0,0.0,0.0,0
1789612183.3129904,fan,157,8,0.0,0.0,0.0,0.0,0.0,0.0,0.0,0.0,0.0,14763528.0,0.0,1614215.5,0.0,2447127.25,6607127.0,0.0,0
1789612183.408667,fan,140,12,0.0,0.0,0.0,0.0,5525638.0,0.0,0.0,5320427.0,752204.375,0.0,1700884.5,2337076.0,0.0,3037734.5,4933134.0,1690852.75,0
1789612183.4679894,fan,143,6,0.0,799582.5,459110.4375,0.0,0.0,0.0,1974819.875,0.0,0.0,930934.875,1663346.75,0.0,959374.9375,0.0,0.0,0.0,0
1789612183.567032,fan,163,10,0.0,0.0,2324860.5,0.0,229339.015625,266357.03125,1268759.25,0.0,0.0,5565935.0,925410.0,785300.4375,7668052.0,2074082.625,0.0,0.0,0
1789612183.6616333,fan,164,3,0.0,0.0,0.0,0.0,0.0,0.0,0.0,0.0,0.0,3084168.5,0.0,1485049.0,0.0,0.0,0.0,645343.375,0
1789612183.7212825,fan,129,7,0.0,0.0,6818836.0,3208974.5,0.0,0.0,0.0,2424570.75,0.0,799200.125,0.0,1667720.0,0.0,0.0,3162749.5,1201770.25,0
1789612183.784079,fan,155,5,0.0,0.0,0.0,0.0,0.0,0.0,0.0,0.0,0.0,0.0,0.0,0.0,0.0,3618057.5,7337163.0,2038708.25,0
1789612183.8462038,fan,155,12,0.0,0.0,1655240.0,0.0,677446.125,2374582.0,5605628.0,0.0,0.0,0.0,5186253.5,7290832.0,1283577.0,1233134.625,1702328.625,2328170.25,0
1789612183.9153554,fan,155,9,2028060.5,621519.9375,0.0,0.0,0.0,0.0,8811177.0,2581196.5,0.0,0.0,0.0,0.0,107632.5703125,0.0,755728.875,5575512.0,0
1789612183.9783545,fan,155,4,0.0,0.0,0.0,0.0,0.0,75377880.0,0.0,0.0,0.0,0.0,0.0,0.0,0.0,10112698.0,4730998.0,0.0,0
1789612184.0411892,fan,141,4,0.0,0.0,0.0,0.0,0.0,50582240.0,135433216.0,0.0,0.0,0.0,0.0,0.0,0.0,6055822.0,0.0,0.0,0
1789612184.1123827,fan,157,14,0.0,0.0,4920837.0,1235185.0,1115628.625,5651930.0,0.0,0.0,0.0,2258302.0,4139027.5,2350300.75,690581.5625,0.0,1706604.375,2204784.75,0
1789612184.296616,fan,152,6,0.0,0.0,0.0,0.0,10795614.0,0.0,3195256.75,0.0,0.0,0.0,4475818.0,0.0,0.0,2307170.25,0.0,0.0,0
1789612184.3569546,fan,176,9,0.0,0.0,0.0,0.0,0.0,3451956.0,0.0,0.0,907782.0,3850671.5,0.0,1859951.25,1698827.0,6243794.0,0.0,0.0,0
1789612184.419266,fan,124,5,0.0,0.0,0.0,0.0,0.0,0.0,0.0,0.0,0.0,0.0,0.0,0.0,0.0,850024.25,2293219.25,853362.6875,0
1789612184.48317,fan,157,9,0.0,0.0,120486192.0,0.0,0.0,0.0,0.0,2425268.0,0.0,0.0,3379220.5,3297365.75,0.0,2375028.0,1696743.125,0.0,0
1789612184.5462067,fan,157,9,0.0,3524421.75,4304598.0,1272575.0,0.0,0.0,0.0,0.0,0.0,2514791.25,7668770.0,5467725.0,0.0,0.0,377977.78125,0.0,0
1789612184.6124496,fan,150,7,0.0,0.0,0.0,0.0,0.0,0.0,0.0,0.0,0.0,0.0,0.0,4084453.5,804876.25,12206236.0,572376.0625,1888666.125,0
1789612184.6719515,fan,150,4,0.0,0.0,0.0,0.0,0.0,0.0,0.0,0.0,0.0,0.0,0.0,0.0,4841688.5,483671.90625,675631.3125,0.0,0
1789612184.7213345,fan,118,7,0.0,0.0,0.0,0.0,0.0,0.0,0.0,9615998.0,0.0,0.0,0.0,2258206.25,0.0,7658595.5,2328559.0,0.0,0
1789612184.804117,fan,136,8,1198755.625,552124.625,0.0,0.0,1828432.125,759210.3125,740271.8125,0.0,0.0,0.0,3065353.0,0.0,0.0,1332276.375,0.0,2193684.5,0
1789612184.8622541,fan,165,17,2023671.875,1472531.75,5067079.0,2251148.0,712676.5625,1090253.625,6346146.0,0.0,4176263.25,2748960.0,4526135.0,1832791.0,0.0,2015929.375,0.0,473737.625,0
1789612184.9369805,fan,161,7,0.0,0.0,0.0,0.0,37377752.0,0.0,6412359.0,0.0,2556477.25,0.0,0.0,0.0,2686408.75,3388938.75,3106522.25,783150.9375,0
1789612185.0258439,fan,161,11,0.0,0.0,0.0,0.0,0.0,0.0,0.0,25820172.0,18669882.0,3102235.5,1649058.0,1179804.5,0.0,1283632.25,0.0,614322.5,0
1789612185.1217105,fan,160,12,1834916.5,0.0,460429.21875,1331005.625,0.0,317414.25,0.0,626541.875,0.0,0.0,764184.1875,0.0,486321.875,3666955.0,2100431.5,2672431.75,0
1789612185.1821704,fan,159,10,0.0,0.0,0.0,0.0,2241963.5,1217089.75,0.0,1735639.25,0.0,13583856.0,0.0,1413234.125,1197312.375,3475524.0,2129214.0,0.0,0
1789612185.2574522,fan,158,5,0.0,268090688.0,0.0,70913040.0,0.0,0.0,0.0,0.0,0.0,0.0,0.0,3604683.5,0.0,0.0,4093153.5,0.0,0
1789612185.4393308,fan,153,8,0.0,0.0,0.0,0.0,1598089.375,0.0,10603118.0,0.0,0.0,0.0,0.0,0.0,0.0,2232725.0,4654579.5,1282395.5,0
1789612185.503671,fan,166,4,0.0,0.0,0.0,8003537.0,0.0,0.0,0.0,0.0,0.0,0.0,0.0,0.0,142242.75,0.0,681171.75,2270043.75,0
1789612185.5662003,fan,124,4,0.0,0.0,0.0,0.0,0.0,0.0,0.0,0.0,1843825.25,0.0,469245.03125,2236390.5,0.0,0.0,0.0,1443465.125,0
1789612185.629249,fan,164,7,0.0,0.0,350604608.0,0.0,121663136.0,0.0,0.0,0.0,0.0,0.0,0.0,751829.25,12895862.0,5537610.0,5552673.0,0.0,0
1789612185.691581,fan,149,4,0.0,0.0,0.0,0.0,0.0,0.0,3666230.25,0.0,0.0,0.0,0.0,1689237.875,0.0,502377.15625,0.0,0.0,0
1789612185.8707106,fan,168,8,0.0,0.0,0.0,15996587.0,0.0,2685712.25,1678975.0,2204053.25,0.0,1266387.0,0.0,0.0,0.0,777016.0,0.0,1723972.875,0
1789612185.9774253,fan,156,14,0.0,973293.75,2805705.75,0.0,0.0,0.0,48751.43359375,0.0,9448015.0,10208032.0,10384172.0,0.0,0.0,1198316.75,6093246.0,3078141.0,0
1789612186.071821,fan,141,6,0.0,0.0,0.0,15860423.0,0.0,0.0,3723987.5,3805591.25,0.0,0.0,2905097.0,1929625.25,0.0,0.0,2069320.0,0.0,0
1789612186.1312401,fan,138,3,0.0,0.0,46671488.0,0.0,0.0,2593631.25,0.0,0.0,0.0,0.0,0.0,0.0,0.0,708257.75,0.0,0.0,0
1789612186.19285,fan,155,9,0.0,0.0,0.0,0.0,2006753.5,498975.625,3117289.0,0.0,0.0,0.0,0.0,204740.203125,0.0,2092039.875,2038746.25,1820572.5,0
1789612186.3248987,fan,157,9,0.0,0.0,0.0,0.0,7199394.0,1761248.0,0.0,0.0,0.0,940032.875,0.0,1290683.625,3533111.0,2488314.25,1690947.25,0.0,0
1789612186.5173538,fan,100,3,0.0,0.0,0.0,0.0,0.0,0.0,0.0,0.0,0.0,0.0,0.0,0.0,1747600.875,0.0,0.0,1952185.0,0
1789612186.5183218,fan,144,6,0.0,0.0,0.0,0.0,10116723.0,0.0,0.0,0.0,0.0,4901047.5,0.0,5826495.0,0.0,814999.1875,0.0,0.0,0
1789612186.5756876,fan,150,9,0.0,0.0,0.0,0.0,0.0,0.0,0.0,0.0,675258.0,5027778.5,3154459.5,3454291.0,0.0,11109655.0,2835561.5,0.0,0
1789612186.6746013,fan,130,4,0.0,0.0,0.0,0.0,0.0,0.0,0.0,0.0,0.0,0.0,0.0,670147.75,4335513.0,0.0,4402131.0,3274812.25,0
1789612186.7446313,fan,165,5,0.0,0.0,0.0,0.0,0.0,0.0,7033086.5,2448139.5,0.0,0.0,0.0,2455990.0,744960.25,0.0,0.0,0.0,0
1789612186.8072703,fan,165,3,0.0,0.0,0.0,0.0,922888.3125,0.0,0.0,0.0,0.0,1255346.75,646199.9375,0.0,0.0,0.0,0.0,0.0,0
1789612186.8527176,fan,147,10,0.0,0.0,1755578.875,0.0,0.0,0.0,2896507.5,0.0,1222394.5,2545687.75,0.0,0.0,2076588.0,2474897.0,0.0,779385.5,0
1789612186.9807522,fan,142,6,0.0,0.0,0.0,0.0,0.0,0.0,42828608.0,36773836.0,0.0,24299696.0,30570822.0,50384352.0,0.0,0.0,0.0,0.0,0
1789612186.981398,fan,6,4,95610440.0,192225280.0,0.0,86920016.0,0.0,0.0,0.0,0.0,0.0,0.0,0.0,0.0,0.0,0.0,0.0,10658945.0,0
1789612187.1184418,fan,145,9,0.0,0.0,65153944.0,0.0,0.0,4648471.5,0.0,939909.8125,0.0,9605883.0,5659477.0,0.0,0.0,3022264.0,5524024.0,0.0,0
1789612187.2450418,fan,130,6,0.0,0.0,0.0,0.0,0.0,0.0,0.0,2550248.25,0.0,1723335.625,0.0,629309.375,3213068.0,3362450.0,0.0,0.0,0
1789612187.3417716,fan,172,6,0.0,0.0,0.0,0.0,0.0,1577837.5,0.0,0.0,0.0,793385.625,0.0,0.0,0.0,0.0,5947587.5,2860300.75,0
1789612187.4108474,fan,317,10,207989328.0,106551216.0,114246008.0,0.0,49040788.0,0.0,0.0,25849460.0,19833532.0,0.0,0.0,0.0,0.0,28717182.0,11419424.0,0.0,0
1789612187.5124114,fan,141,9,0.0,0.0,0.0,0.0,0.0,1445198.125,2763464.5,0.0,0.0,0.0,11633091.0,4375196.0,0.0,711720.5,950215.5625,0.0,0
1789612187.575477,fan,142,5,2308544.25,0.0,0.0,0.0,372255.0,0.0,5573938.0,0.0,718981.1875,0.0,0.0,0.0,0.0,788286.375,0.0,0.0,0
1789612187.6586196,fan,146,8,0.0,470826.8125,6116428.0,0.0,3210746.5,0.0,1138290.25,750242.125,0.0,0.0,0.0,0.0,0.0,9615726.0,0.0,0.0,0
1789612187.7840633,fan,145,5,0.0,2422025.0,1250970.875,0.0,0.0,0.0,0.0,0.0,2777905.0,0.0,0.0,0.0,0.0,0.0,0.0,3057737.0,0
1789612187.91033,fan,143,6,0.0,0.0,0.0,0.0,2179153.0,0.0,0.0,658489.375,0.0,0.0,0.0,1379779.125,0.0,1982747.25,1571755.25,888054.9375,0
1789612188.0072846,fan,143,8,0.0,0.0,0.0,1675437.625,0.0,3105013.5,1935448.0,765120.3125,0.0,596704.125,0.0,0.0,0.0,4412066.0,0.0,975519.3125,0
1789612188.197879,fan,154,12,0.0,0.0,18788284.0,0.0,0.0,1837113.625,10612882.0,9158880.0,0.0,0.0,974128.375,0.0,0.0,4168754.75,3996270.75,3538380.0,0
1789612188.2918591,fan,154,11,0.0,0.0,1477512.0,3068015.25,0.0,519407.1875,4538382.0,3764650.25,0.0,435332.34375,653579.125,1159789.75,0.0,0.0,0.0,1843888.625,0
1789612188.3883457,fan,164,10,0.0,0.0,651254.75,0.0,4102457.75,1449194.75,1280743.125,0.0,0.0,4128671.0,4579048.0,0.0,0.0,0.0,1487058.625,5884671.5,0
1789612188.514762,fan,163,5,0.0,0.0,0.0,4429547520.0,0.0,0.0,0.0,0.0,0.0,0.0,31873330.0,0.0,0.0,0.0,10997838.0,764532.0625,0
1789612188.5785873,fan,143,10,0.0,0.0,0.0,0.0,0.0,0.0,757504.125,8268673.0,0.0,0.0,1161363.625,0.0,0.0,1554489.0,626987.0,13118254.0,0
1789612188.6421125,fan,163,11,0.0,0.0,0.0,0.0,0.0,537576.5625,789881.5,478667.5625,5081184.0,353040.0,1234709.75,3422001.75,0.0,2729721.5,0.0,777132.3125,0
1789612188.7676685,fan,172,6,0.0,0.0,0.0,0.0,0.0,0.0,0.0,1635392.5,3373100.25,4050886.0,0.0,0.0,0.0,986112.5625,0.0,0.0,0
1789612188.8321414,fan,142,7,0.0,0.0,0.0,0.0,0.0,4060961.5,3708218.0,2093585.0,908946.625,0.0,0.0,3567517.25,1876869.0,508514.625,0.0,0.0,0
1789612188.8963697,fan,132,8,0.0,0.0,1128750.5,0.0,0.0,0.0,0.0,0.0,0.0,0.0,0.0,1199114.875,3202412.0,787538.4375,4005722.5,0.0,0
1789612188.9582846,fan,172,11,0.0,0.0,0.0,0.0,0.0,0.0,4598376.0,0.0,720195.625,965143.875,6645949.0,0.0,7205989.0,5450278.5,0.0,5126399.0,0
1789612189.1808772,fan,183,6,20142268.0,0.0,0.0,0.0,0.0,1385711.125,0.0,0.0,0.0,3584929.75,0.0,0.0,0.0,0.0,0.0,2302278.0,0
1789612189.2410698,fan,150,11,0.0,0.0,63059048.0,0.0,0.0,0.0,9870637.0,0.0,0.0,1220050.625,0.0,0.0,11607724.0,5111071.0,0.0,1452587.25,0
1789612189.305491,fan,150,10,0.0,0.0,0.0,0.0,0.0,0.0,9352529.0,14205206.0,13155921.0,0.0,8053066.0,6834872.5,2258012.5,3197485.0,0.0,1172282.75,0
1789612189.355109,fan,130,10,0.0,0.0,1146539.5,0.0,0.0,0.0,0.0,0.0,0.0,0.0,2207535.5,512775.375,3532865.5,8569218.0,2415453.25,1958495.125,0
1789612189.8167784,fan,174,3,0.0,0.0,0.0,0.0,0.0,0.0,0.0,0.0,0.0,7799314.0,1059371.25,0.0,0.0,525236.875,0.0,0.0,0
1789612189.8175788,fan,136,5,0.0,0.0,0.0,0.0,0.0,0.0,902706.875,0.0,0.0,0.0,0.0,0.0,4840896.0,2832285.0,0.0,1380111.125,0
1789612189.874864,fan,113,7,3998518.0,0.0,0.0,0.0,0.0,0.0,0.0,0.0,0.0,1197455.125,0.0,5759880.0,1314645.375,0.0,360384.40625,0.0,0
1789612189.9373734,fan,117,10,0.0,0.0,1026326.75,0.0,0.0,566963.25,998927.9375,0.0,0.0,8078376.0,572847.25,2151193.5,0.0,1608450.125,1490424.0,2083845.125,0
1789612190.0035233,fan,175,9,0.0,0.0,0.0,0.0,0.0,0.0,0.0,1971354.25,1210668.25,2240781.0,4293683.0,0.0,0.0,3695972.0,496532.125,0.0,0
1789612190.0044875,fan,133,14,0.0,702288.5,1575221.75,0.0,0.0,3535568.25,5385071.0,1613420.375,0.0,1992934.125,0.0,1945511.75,2458620.75,5781263.5,1626598.625,3479327.0,0
1789612190.0662332,fan,135,11,0.0,0.0,794575.4375,0.0,2452764.75,785189.6875,2365528.5,0.0,4396175.0,0.0,0.0,834051.3125,3080083.5,2720061.75,0.0,2284051.0,0
1789612190.1273456,fan,154,14,0.0,0.0,1278585.5,0.0,0.0,2993037.0,6574716.0,0.0,0.0,0.0,4578646.0,3691673.5,3917840.5,4022029.0,4527369.0,6544119.0,0
1789612190.2906296,fan,153,9,0.0,0.0,0.0,0.0,5275812.5,15351506.0,0.0,5670428.0,5386119.0,3762714.5,0.0,0.0,0.0,258279.21875,0.0,3781208.75,0
1789612190.3540251,fan,153,7,0.0,0.0,40159092.0,0.0,0.0,9898129.0,9790576.0,0.0,0.0,0.0,0.0,0.0,4047679.5,2683589.5,0.0,3108969.75,0
1789612190.39951,fan,176,4,0.0,0.0,0.0,0.0,0.0,0.0,0.0,0.0,0.0,3982702.0,0.0,0.0,1283260.125,248847.65625,0.0,0.0,0
1789612190.480239,fan,143,6,0.0,0.0,0.0,0.0,5419016.0,0.0,0.0,0.0,0.0,0.0,2026635.875,1921679.5,855961.6875,4042897.0,0.0,0.0,0
1789612190.5400188,fan,149,3,0.0,0.0,0.0,0.0,0.0,0.0,542091.125,2141778.0,0.0,0.0,0.0,0.0,0.0,3482703.75,0.0,0.0,0
1789612190.6033995,fan,170,12,0.0,0.0,0.0,0.0,0.0,0.0,0.0,16871644.0,3208585.25,2835400.25,5811367.5,3868508.0,4221220.0,5591604.0,675738.5,1688433.0,0
1789612190.7046642,fan,118,6,9965651.0,549948.75,0.0,0.0,0.0,0.0,0.0,0.0,0.0,0.0,0.0,0.0,0.0,809573.75,512437.9375,895139.6875,0
1789612190.7055974,fan,182,7,0.0,0.0,0.0,0.0,0.0,0.0,1146766.0,0.0,5590902.5,2846975.5,1585316.125,0.0,1335320.25,0.0,0.0,0.0,0
1789612190.7755063,fan,332,7,0.0,0.0,0.0,18912584.0,0.0,11413872.0,9832979.0,0.0,9907766.0,6972850.0,0.0,0.0,5310764.0,0.0,2739745.75,0.0,0
1789612190.8390503,fan,164,9,0.0,0.0,0.0,0.0,0.0,0.0,3386725.0,0.0,0.0,2856548.25,3268439.25,0.0,0.0,1137468.75,4759276.0,1544339.75,0
1789612190.987516,fan,131,8,0.0,3440002.5,0.0,0.0,0.0,0.0,0.0,0.0,1203777.0,0.0,1919847.375,7167288.0,617860.4375,0.0,0.0,1882916.75,0
1789612191.0462768,fan,160,7,0.0,0.0,0.0,0.0,364454.0625,0.0,5868957.0,0.0,451413.09375,0.0,761334.1875,5959725.0,0.0,0.0,0.0,0.0,0
1789612191.1099482,fan,161,7,0.0,0.0,0.0,0.0,0.0,0.0,0.0,4845295.5,0.0,1388239.375,1034286.375,0.0,0.0,0.0,367382.5,905685.125,0
1789612191.180566,fan,167,8,0.0,0.0,0.0,0.0,0.0,0.0,8110969.0,3545012.5,0.0,0.0,0.0,2982076.0,0.0,0.0,347429.0,788111.5,0
1789612191.24444,fan,129,10,0.0,7168246.5,0.0,0.0,0.0,0.0,0.0,0.0,0.0,11440062.0,2183297.0,9329262.0,0.0,2093112.0,0.0,2779259.0,0
1789612191.3121185,fan,152,9,0.0,0.0,4179379.0,10911826.0,0.0,0.0,2313429.0,0.0,0.0,386484.46875,0.0,1629190.125,0.0,0.0,2671679.25,0.0,0
1789612191.3745573,fan,151,8,0.0,0.0,0.0,0.0,0.0,5074458.0,5636005.0,0.0,1305221.25,0.0,0.0,2077122.0,0.0,0.0,3972406.5,1820453.25,0
1789612191.5404394,fan,151,5,0.0,0.0,0.0,0.0,0.0,27495888.0,0.0,0.0,2842795.0,3372681.75,954815.4375,0.0,0.0,0.0,0.0,187353.484375,0
1789612191.6846194,fan,156,7,0.0,0.0,0.0,0.0,1495700.875,0.0,0.0,2011753.125,0.0,1560314.625,0.0,0.0,0.0,517906.625,3816407.0,2274420.75,0
1789612191.8124394,fan,154,12,0.0,4754544.0,0.0,0.0,1075236.375,1222873.25,5351051.0,0.0,0.0,680970.875,0.0,2584854.25,0.0,4110859.5,0.0,0.0,0
1789612191.8751986,fan,131,4,0.0,0.0,0.0,0.0,139303648.0,0.0,0.0,0.0,0.0,0.0,0.0,22081650.0,45296188.0,0.0,0.0,0.0,0
1789612192.0667489,fan,159,4,0.0,0.0,0.0,0.0,57620880.0,0.0,0.0,0.0,39225024.0,0.0,54293908.0,0.0,0.0,0.0,1146306.375,0.0,0
1789612192.1301525,fan,152,12,0.0,0.0,0.0,0.0,0.0,6723579.0,8112618.0,10148915.0,2119095.5,1443972.5,0.0,1085571.875,1782594.25,1952581.75,3473242.0,2485796.0,0
1789612192.223616,fan,134,6,0.0,0.0,0.0,0.0,0.0,0.0,0.0,0.0,1947456.0,772962.125,0.0,0.0,12025346.0,1705820.0,2419129.5,0.0,0
1789612192.3514786,fan,168,7,0.0,0.0,0.0,0.0,0.0,0.0,16516178.0,5386514.5,0.0,4656266.5,0.0,2064846.0,5417034.0,0.0,0.0,0.0,0
1789612192.4100704,fan,147,7,0.0,4232022.0,0.0,0.0,0.0,0.0,0.0,3364698.0,0.0,0.0,0.0,4331075.0,3879622.25,0.0,777085.25,0.0,0
1789612192.4739435,fan,147,5,0.0,27809336.0,0.0,0.0,0.0,0.0,1639457.75,1388473.25,5681893.0,0.0,2238000.0,0.0,0.0,0.0,0.0,0.0,0
1789612192.523875,fan,148,6,0.0,0.0,0.0,1794072.375,0.0,0.0,0.0,0.0,0.0,5208618.0,0.0,1823419.5,814492.0625,0.0,2321826.25,0.0,0
1789612192.6373026,fan,148,7,0.0,0.0,172977104.0,0.0,0.0,0.0,0.0,0.0,0.0,0.0,7436817.0,3605263.5,0.0,6360458.0,0.0,0.0,0
1789612192.8105378,fan,198,3,0.0,0.0,0.0,0.0,0.0,0.0,0.0,0.0,0.0,0.0,0.0,0.0,0.0,12178786.0,0.0,4154955.75,0
1789612192.93174,fan,151,11,0.0,0.0,1391894.625,0.0,967765.75,2743915.25,0.0,0.0,0.0,1654093.625,1316414.75,5501389.0,0.0,4035193.25,6739169.5,2940242.75,0
1789612193.048416,fan,163,12,0.0,0.0,2986684.5,0.0,0.0,1969071.125,4362915.0,0.0,1563189.875,3136053.5,0.0,5480423.5,1083639.875,1021404.25,929110.6875,398197.34375,0
1789612193.1439693,fan,142,5,0.0,0.0,0.0,0.0,0.0,0.0,0.0,0.0,7020672.0,0.0,0.0,0.0,1569305.0,5963343.0,0.0,0.0,0
1789612193.2042046,fan,155,5,0.0,0.0,0.0,0.0,9510582.0,0.0,0.0,0.0,0.0,0.0,0.0,0.0,0.0,3151056.0,1901739.75,0.0,0
1789612193.2684069,fan,157,3,0.0,0.0,0.0,0.0,1417870.25,0.0,0.0,2802667.0,0.0,0.0,0.0,0.0,0.0,438504.71875,0.0,0.0,0
1789612193.3375146,fan,174,4,0.0,0.0,0.0,0.0,0.0,0.0,7176668.0,0.0,0.0,2012826.625,0.0,0.0,2521255.25,161427.828125,0.0,0.0,0
1789612193.4627724,fan,133,6,0.0,0.0,0.0,6689528.5,0.0,0.0,0.0,0.0,0.0,0.0,0.0,0.0,0.0,3559930.5,5582446.5,0.0,0
1789612193.5257804,fan,167,10,0.0,0.0,0.0,0.0,0.0,0.0,0.0,3056079.5,1766767.0,4244422.5,2995224.75,1474323.0,0.0,762017.125,3914240.5,0.0,0
1789612193.6832066,fan,148,7,0.0,0.0,0.0,0.0,0.0,0.0,0.0,0.0,0.0,0.0,0.0,0.0,0.0,6274706.5,4688289.0,8002966.0,0
1789612193.7423255,fan,148,6,0.0,0.0,0.0,0.0,0.0,0.0,0.0,2786447.25,0.0,0.0,0.0,0.0,0.0,16457524.0,0.0,4506968.0,0
1789612193.7925415,fan,162,6,0.0,0.0,0.0,0.0,0.0,0.0,10409788.0,4933061.0,0.0,1686119.25,1823766.0,0.0,0.0,0.0,0.0,0.0,0
1789612193.856246,fan,165,5,0.0,0.0,0.0,0.0,0.0,2589846.25,1448019.125,0.0,0.0,0.0,1291476.625,0.0,0.0,0.0,1593357.75,1747423.875,0
1789612193.9200885,fan,160,5,0.0,0.0,0.0,0.0,0.0,0.0,6360813.0,4117149.5,0.0,0.0,1689745.375,0.0,0.0,0.0,0.0,0.0,0
1789612193.9855137,fan,165,9,0.0,0.0,8134749.0,0.0,1105143.875,1330109.625,1502754.625,0.0,0.0,2172150.0,0.0,915441.3125,1879409.625,0.0,366647.46875,0.0,0
1789612194.0491972,fan,149,6,0.0,0.0,0.0,0.0,4369849.0,5260159.0,3307235.5,7383376.5,0.0,1592863.25,0.0,0.0,0.0,0.0,550689.25,0.0,0
1789612194.2537022,fan,145,3,0.0,0.0,0.0,0.0,0.0,0.0,0.0,0.0,0.0,0.0,0.0,0.0,0.0,3800229.0,2788570.75,0.0,0
1789612194.324272,fan,191,3,0.0,0.0,0.0,0.0,0.0,0.0,0.0,0.0,0.0,16596377.0,1518265.875,0.0,11669342.0,0.0,0.0,0.0,0
1789612194.4515283,fan,98,4,0.0,0.0,0.0,0.0,0.0,0.0,0.0,0.0,0.0,62484524.0,0.0,0.0,0.0,53883656.0,21367234.0,0.0,0
1789612194.580058,fan,136,5,0.0,0.0,0.0,0.0,0.0,0.0,0.0,0.0,0.0,0.0,2709136.0,12141139.0,0.0,0.0,0.0,12427865.0,0
1789612194.644118,fan,193,5,0.0,0.0,0.0,0.0,0.0,0.0,11997646.0,0.0,0.0,0.0,0.0,4659693.0,0.0,8596534.0,0.0,4073257.25,0
1789612194.7073162,fan,135,7,0.0,0.0,0.0,0.0,0.0,0.0,2801410.75,3287244.5,0.0,0.0,0.0,2729966.5,0.0,0.0,852017.6875,600980.75,0
1789612194.8135006,fan,146,7,0.0,0.0,0.0,0.0,0.0,0.0,775911.5,0.0,0.0,0.0,0.0,1928131.125,2465992.0,2597749.0,0.0,0.0,0
1789612194.8768046,fan,121,7,0.0,0.0,0.0,0.0,0.0,0.0,0.0,4451772.5,0.0,0.0,981435.8125,3864009.0,405730.09375,709342.25,0.0,685767.1875,0
1789612194.9397295,fan,170,8,0.0,0.0,0.0,0.0,177680.265625,0.0,2626832.5,4545603.0,2266349.25,0.0,8184297.0,1249365.375,0.0,0.0,0.0,0.0,0
1789612195.003805,fan,155,7,0.0,133041824.0,0.0,0.0,0.0,0.0,12342703.0,2405430.5,0.0,0.0,0.0,3350173.25,2779592.75,0.0,0.0,4082383.0,0
1789612195.0670018,fan,128,3,0.0,0.0,0.0,0.0,0.0,0.0,0.0,70779528.0,79579232.0,0.0,0.0,0.0,0.0,0.0,0.0,0.0,0
1789612195.129833,fan,128,5,0.0,0.0,0.0,0.0,80080328.0,0.0,0.0,0.0,0.0,12102844.0,0.0,7726356.0,0.0,3635617.0,0.0,0.0,0
1789612195.1802652,fan,128,3,0.0,0.0,0.0,0.0,0.0,0.0,0.0,0.0,0.0,0.0,0.0,2344320.0,6455514.0,0.0,0.0,0.0,0
1789612195.2374322,fan,130,5,0.0,0.0,0.0,95361896.0,0.0,0.0,0.0,0.0,0.0,5241344.0,0.0,0.0,0.0,0.0,8736466.0,0.0,0
1789612195.2955759,fan,159,4,0.0,0.0,0.0,0.0,0.0,0.0,7905947.0,1013216.1875,0.0,0.0,0.0,0.0,0.0,0.0,0.0,562530.875,0
1789612195.359002,fan,118,7,0.0,0.0,0.0,0.0,0.0,0.0,0.0,2299250.0,0.0,0.0,0.0,5745094.0,0.0,5345289.0,693767.75,276533.21875,0
1789612195.4236672,fan,173,12,0.0,0.0,0.0,1250043.5,2017186.25,1582635.375,607926.9375,0.0,0.0,1346850.625,2139747.0,3880314.0,361984.78125,633313.0,0.0,0.0,0
1789612195.5542665,fan,126,6,0.0,0.0,3168536.25,438418.03125,0.0,628750.3125,0.0,447201.71875,0.0,0.0,3471788.75,1617051.625,0.0,0.0,0.0,0.0,0
1789612195.6500282,fan,139,9,0.0,0.0,0.0,3145184.75,2492206.5,0.0,0.0,1997864.25,0.0,710310.3125,903069.75,0.0,0.0,0.0,812193.75,824900.25,0
1789612195.718977,fan,162,11,0.0,0.0,0.0,0.0,1046691.5,0.0,3038358.5,0.0,1675307.25,8811538.0,0.0,827580.125,2424111.0,3541349.25,0.0,0.0,0
1789612195.9087887,fan,144,7,0.0,0.0,0.0,13143775.0,0.0,0.0,0.0,0.0,2632336.0,9546053.0,5486259.0,0.0,0.0,3097163.5,0.0,0.0,0
1789612195.9980865,fan,163,7,0.0,0.0,506058.28125,0.0,305901.25,0.0,5572305.0,0.0,0.0,2178195.0,0.0,0.0,824340.375,1484162.25,0.0,1175262.625,0
1789612196.0922847,fan,146,5,0.0,0.0,76519200.0,0.0,0.0,0.0,0.0,0.0,0.0,0.0,2081424.75,0.0,2411997.5,1828381.625,0.0,861586.375,0
1789612196.1512542,fan,149,6,0.0,0.0,0.0,0.0,0.0,0.0,0.0,0.0,0.0,0.0,0.0,0.0,2452723.5,3624335.75,3184370.25,8057031.0,0
1789612196.2144032,fan,152,11,0.0,0.0,427677.28125,0.0,2134377.0,0.0,0.0,0.0,0.0,722159.5,0.0,0.0,2679992.0,4665344.0,4625439.0,4613719.0,0
1789612196.345911,fan,125,9,0.0,0.0,0.0,0.0,638408.5,1176073.375,0.0,0.0,0.0,0.0,1163995.75,8692121.0,3070722.5,0.0,1849154.5,0.0,0
1789612196.4164927,fan,161,12,16112503.0,327964.8125,4263713.0,0.0,0.0,0.0,0.0,0.0,836571.625,0.0,0.0,1317426.0,0.0,3849308.75,2934882.25,2890984.25,0
1789612196.6653383,fan,167,6,0.0,1183492.5,0.0,0.0,1665486.0,0.0,0.0,0.0,0.0,4416716.0,0.0,0.0,0.0,0.0,3091887.5,0.0,0
1789612196.7259035,fan,163,5,0.0,0.0,0.0,2656294.5,1661144.375,0.0,0.0,0.0,0.0,0.0,0.0,0.0,1034495.0,2378425.25,0.0,1626566.5,0
1789612196.7896352,fan,151,6,0.0,0.0,0.0,0.0,0.0,0.0,6105526.0,6066050.5,0.0,1169645.75,0.0,0.0,0.0,535091.5625,693174.3125,2078449.5,0
1789612196.8524957,fan,151,5,0.0,0.0,0.0,0.0,0.0,1041516.875,0.0,739193.3125,0.0,4639749.5,0.0,0.0,0.0,0.0,451237.5,462777.625,0
1789612196.9177802,fan,186,10,0.0,0.0,2100986.5,574686.375,605922.6875,0.0,595663.375,0.0,0.0,0.0,0.0,0.0,0.0,1094236.375,2378361.0,4227265.0,0
1789612197.1400282,fan,155,7,0.0,1597033.25,2704398.25,0.0,0.0,0.0,3796902.5,6233310.5,0.0,2354344.5,0.0,0.0,0.0,0.0,0.0,2477974.0,0
1789612197.2350528,fan,140,8,0.0,0.0,0.0,0.0,14803079.0,0.0,0.0,0.0,0.0,2201405.25,1330343.25,9291062.0,0.0,4779111.0,1593296.75,0.0,0
1789612197.2932703,fan,140,8,0.0,0.0,0.0,0.0,0.0,0.0,20899044.0,52036544.0,13953423.0,0.0,0.0,2468084.75,3975654.5,884054.9375,0.0,1890507.5,0
1789612197.4559329,fan,144,6,0.0,0.0,2121355.25,0.0,0.0,0.0,0.0,0.0,0.0,0.0,0.0,667095.375,2644039.0,8264331.5,0.0,0.0,0
1789612197.5140975,fan,142,7,21886320.0,0.0,0.0,4207420.5,3511535.25,0.0,0.0,0.0,0.0,0.0,0.0,1089851.375,0.0,3558927.0,0.0,654292.3125,0
1789612197.5763426,fan,166,3,0.0,0.0,0.0,0.0,0.0,0.0,0.0,0.0,0.0,1188052.0,0.0,0.0,1009350.25,882012.25,0.0,0.0,0
1789612197.7112541,fan,116,6,0.0,0.0,0.0,0.0,0.0,1075318.125,0.0,0.0,0.0,193456.75,2471161.5,4146275.0,0.0,1216980.125,0.0,0.0,0
1789612197.7121396,fan,166,12,0.0,1002497.6875,1677262.75,1307871.25,295290.0,603174.8125,3511150.5,0.0,0.0,1161445.25,0.0,1752129.125,1278674.75,0.0,0.0,0.0,0
1789612197.8366396,fan,188,3,0.0,0.0,0.0,0.0,0.0,0.0,0.0,3050336.5,0.0,733627.0,0.0,0.0,0.0,376820.0,0.0,0.0,0
1789612197.9020355,fan,169,12,0.0,1550495.375,4486935.0,918868.375,0.0,0.0,0.0,0.0,1533321.875,0.0,0.0,0.0,1178244.125,4954522.5,2579230.5,4630280.0,0
1789612197.967278,fan,149,10,0.0,0.0,0.0,0.0,0.0,0.0,0.0,0.0,0.0,1586698.625,1011223.8125,3747703.75,0.0,3552189.25,1570338.625,3929200.5,0
1789612198.0307698,fan,155,9,0.0,0.0,0.0,0.0,0.0,1860629.5,4917329.0,0.0,0.0,0.0,0.0,6584322.5,707356.375,928718.125,4472241.0,0.0,0
1789612198.2186403,fan,169,13,0.0,0.0,412253.3125,0.0,919132.125,1864200.375,5662914.0,0.0,2443590.5,5672778.5,0.0,0.0,0.0,706817.5625,0.0,343206.5,0
1789612198.2833378,fan,156,10,0.0,0.0,0.0,2611985.0,0.0,3100211.75,2210040.5,0.0,2037292.375,0.0,283078.28125,0.0,2009343.0,0.0,3018380.0,680786.25,0
1789612198.4712832,fan,156,13,0.0,0.0,2949962.0,0.0,2806248.5,5104870.0,0.0,0.0,0.0,7251042.0,7589730.0,0.0,0.0,889256.125,2829230.0,0.0,0
1789612198.534183,fan,136,8,0.0,0.0,0.0,11784709.0,0.0,0.0,0.0,0.0,0.0,0.0,0.0,8806085.0,12945824.0,1495772.75,710772.75,0.0,0
1789612198.6038423,fan,137,4,12256659.0,0.0,0.0,9322078.0,0.0,0.0,3556750.75,0.0,0.0,0.0,0.0,1064166.875,0.0,0.0,0.0,0.0,0
1789612198.726729,fan,157,12,0.0,0.0,0.0,0.0,0.0,0.0,0.0,0.0,6258277.0,5768959.5,1635668.0,629021.5625,1542999.875,13512304.0,940120.625,0.0,0
1789612198.852727,fan,159,9,0.0,0.0,1658971.0,0.0,0.0,1195988.875,433612.4375,0.0,1238623.875,2083073.875,0.0,0.0,0.0,1971149.75,2262651.5,0.0,0
1789612198.9482837,fan,130,9,0.0,0.0,0.0,0.0,0.0,0.0,0.0,0.0,2701660.0,3319435.0,0.0,1368695.5,814704.625,1313092.75,1488927.25,4606366.0,0
1789612199.0081708,fan,156,8,0.0,0.0,0.0,0.0,0.0,0.0,579604.5,0.0,0.0,0.0,3942580.5,0.0,0.0,1473351.125,1684118.5,3716855.25,0
1789612199.146307,fan,121,10,0.0,0.0,0.0,0.0,0.0,0.0,7809862.0,0.0,0.0,891863.125,1574297.0,1212976.375,2038706.25,4421402.5,0.0,481586.5625,0
1789612199.2968912,fan,112,3,2042755456.0,0.0,0.0,2645616640.0,0.0,0.0,0.0,0.0,0.0,0.0,0.0,69869744.0,0.0,0.0,0.0,0.0,0
1789612199.427396,fan,186,4,0.0,0.0,0.0,0.0,0.0,0.0,0.0,805583.875,700136.5,5604853.0,1371687.25,0.0,0.0,0.0,0.0,0.0,0
1789612199.4285057,fan,146,8,0.0,0.0,0.0,0.0,7586713.5,0.0,0.0,0.0,0.0,0.0,0.0,3051357.0,789147.25,4013795.5,1512940.75,3354091.75,0
1789612199.4985316,fan,162,9,0.0,0.0,0.0,0.0,0.0,0.0,0.0,0.0,0.0,7919039.0,9697602.0,0.0,1120861.875,4893756.0,371397.6875,0.0,0
1789612199.6138477,fan,152,7,0.0,17281856.0,0.0,2615576.25,3460773.5,4349697.0,0.0,0.0,0.0,0.0,0.0,5368508.5,0.0,0.0,0.0,0.0,0
1789612199.7098575,fan,146,9,0.0,0.0,0.0,0.0,0.0,0.0,78023736.0,0.0,105661816.0,0.0,30025442.0,0.0,0.0,41066892.0,8188941.5,7854418.0,0
1789612199.8374128,fan,166,8,0.0,0.0,11257940.0,0.0,0.0,79888.6015625,4944417.0,0.0,0.0,1832204.5,0.0,2088958.25,0.0,0.0,0.0,0.0,0
1789612199.9010003,fan,130,10,0.0,0.0,1821400.875,0.0,1584008.0,1845034.5,1686504.625,700658.8125,0.0,1181765.875,0.0,0.0,0.0,5005185.0,5953185.5,10177572.0,0
1789612200.0135076,fan,163,4,0.0,0.0,0.0,0.0,0.0,0.0,0.0,0.0,0.0,0.0,0.0,0.0,3022264.5,2420960.25,325412.125,1745704.5,0
1789612200.0757504,fan,142,10,0.0,0.0,2889765.75,3281607.0,2472127.5,2276655.0,678302.0625,118144.8046875,0.0,2867172.25,981961.125,0.0,0.0,1672010.25,0.0,0.0,0
1789612200.2491214,fan,166,11,0.0,0.0,406014.1875,0.0,3311039.5,811208.0,3226126.0,7093270.5,0.0,0.0,0.0,1516797.75,753609.25,0.0,510997.0,0.0,0
1789612200.3128986,fan,126,10,0.0,0.0,4317420.0,0.0,0.0,845079.125,0.0,297820.375,0.0,0.0,0.0,812327.9375,812792.625,2890033.0,0.0,6684097.0,0
1789612200.406514,fan,145,14,0.0,0.0,0.0,4886069.0,1491785.875,5318927.5,1101754.875,0.0,0.0,0.0,0.0,4177446.75,679706.0,4683335.5,2054698.5,1223172.125,0
1789612200.4659119,fan,151,9,0.0,0.0,559319.8125,0.0,0.0,1313251.25,0.0,89505.796875,0.0,0.0,0.0,4019975.0,7716305.0,0.0,0.0,4216978.5,0
1789612200.529242,fan,144,8,0.0,0.0,6551516.0,0.0,1010874.0,0.0,0.0,0.0,0.0,0.0,0.0,0.0,0.0,5210391.0,3461537.0,1558881.375,0
1789612200.6658473,fan,164,8,0.0,0.0,152846112.0,0.0,0.0,185183184.0,0.0,0.0,0.0,7765899.0,19199136.0,3700084.75,1542295.75,0.0,0.0,8116484.5,0
1789612200.7577732,fan,161,14,0.0,0.0,0.0,0.0,0.0,1979732.0,3357558.0,2885824.0,0.0,346175.0,1280199.375,2721749.5,0.0,7845153.0,1329330.75,0.0,0
1789612200.8211107,fan,148,15,0.0,1207207.5,1540548.875,1301375.25,0.0,0.0,1986974.5,0.0,0.0,3301213.5,9577161.0,3088179.0,0.0,12962961.0,7703764.0,1988994.125,0
1789612200.884126,fan,148,6,0.0,0.0,0.0,0.0,0.0,0.0,0.0,1547521.5,575258.3125,0.0,0.0,0.0,1167763.5,2372972.5,0.0,1190860.5,0
1789612200.9462569,fan,159,8,0.0,0.0,0.0,11873056.0,9034837.0,0.0,0.0,0.0,2236815.0,5842803.0,0.0,0.0,1237259.5,1891096.5,298115.0625,0.0,0
1789612201.0684257,fan,129,4,0.0,0.0,0.0,0.0,0.0,0.0,0.0,0.0,0.0,0.0,0.0,0.0,0.0,2747667.0,6377933.5,2044203.625,0
1789612201.2322912,fan,151,8,0.0,0.0,0.0,0.0,0.0,0.0,0.0,3270942.0,0.0,8167196.0,3283247.0,4614317.5,0.0,1418631.125,0.0,1677272.25,0
1789612201.302224,fan,150,8,0.0,0.0,17089364.0,0.0,0.0,2968760.5,5679840.0,0.0,0.0,0.0,0.0,0.0,0.0,2864253.0,0.0,0.0,0
1789612201.3666027,fan,150,3,0.0,0.0,0.0,0.0,69882416.0,0.0,0.0,0.0,0.0,0.0,14073564.0,0.0,0.0,0.0,0.0,0.0,0
1789612201.3674943,fan,2,4,0.0,0.0,125318784.0,0.0,0.0,22030184.0,13564734.0,0.0,20237006.0,0.0,0.0,0.0,0.0,0.0,0.0,0.0,0
1789612201.4200113,fan,148,4,0.0,0.0,0.0,0.0,0.0,47298212.0,0.0,0.0,0.0,0.0,0.0,3319242.0,0.0,2572816.0,0.0,0.0,0
1789612201.6458247,fan,171,7,0.0,0.0,722577.1875,1204107.5,8529831.0,5768326.0,2689848.0,0.0,0.0,0.0,0.0,0.0,0.0,0.0,0.0,0.0,0
1789612201.7390099,fan,132,12,0.0,2800683.5,0.0,0.0,0.0,1704535.25,7435185.0,5844339.5,0.0,0.0,0.0,0.0,0.0,1600429.5,4042470.5,1885218.875,0
1789612201.7976217,fan,166,12,0.0,0.0,0.0,0.0,0.0,2349653.5,3868981.0,6223113.0,6475783.0,3737259.5,0.0,1555406.25,1390733.375,372879.84375,0.0,728455.9375,0
1789612201.866473,fan,138,4,0.0,0.0,0.0,0.0,189835712.0,0.0,0.0,16967848.0,0.0,0.0,0.0,0.0,0.0,4845725.0,0.0,3724244.75,0
1789612201.9621983,fan,159,11,5297687.5,0.0,0.0,0.0,0.0,1289749.25,4116680.0,3235907.5,0.0,0.0,2879379.5,0.0,0.0,986812.6875,6791565.0,9577612.0,0
1789612202.0257285,fan,162,13,0.0,127966280.0,0.0,0.0,0.0,0.0,4322495.5,1504870.125,1297360.125,1811078.25,2040223.75,2758113.5,0.0,4622879.0,1460553.75,755993.1875,0
1789612202.091504,fan,159,9,0.0,0.0,0.0,0.0,0.0,1774189.375,435892.875,0.0,0.0,875390.0625,1951938.625,0.0,1758505.25,2410847.5,6905760.0,3809890.25,0
1789612202.1554,fan,142,5,0.0,0.0,0.0,0.0,0.0,0.0,3857871.0,0.0,4418431.0,0.0,0.0,823041.9375,0.0,4383698.5,3283628.75,0.0,0
1789612202.2471514,fan,173,11,0.0,0.0,833144.0,0.0,0.0,0.0,0.0,1996529.25,0.0,2236386.75,1506688.5,0.0,2581021.5,827227.9375,3108015.0,219493.328125,0
1789612202.34246,fan,150,4,0.0,0.0,0.0,0.0,0.0,1056027.625,2844494.5,0.0,1039709.5,0.0,0.0,0.0,0.0,0.0,0.0,0.0,0
1789612202.4686196,fan,126,7,0.0,0.0,0.0,23440140.0,0.0,0.0,22595118.0,0.0,0.0,0.0,0.0,11875010.0,0.0,0.0,518794.4375,1159845.625,0
1789612202.5635893,fan,117,5,0.0,0.0,0.0,3289338.75,0.0,601161.875,0.0,0.0,0.0,0.0,0.0,0.0,0.0,3256120.0,0.0,0.0,0
1789612202.6590624,fan,138,7,4841495.0,0.0,4916918.0,0.0,460866.25,0.0,0.0,3412633.25,0.0,0.0,0.0,0.0,2178796.0,0.0,1139870.0,4526530.5,0
1789612202.7174363,fan,155,14,0.0,0.0,3734033.25,0.0,0.0,1488302.75,3373341.25,457702.5625,0.0,0.0,10421355.0,2173337.5,5608972.5,5087238.5,0.0,2917327.25,0
1789612202.881358,fan,147,10,0.0,0.0,983445.375,1232438.25,0.0,0.0,0.0,0.0,0.0,0.0,2935512.0,582983.5,0.0,2412196.5,345377.59375,593221.9375,0
1789612202.940427,fan,152,7,0.0,0.0,918659200.0,0.0,432075680.0,0.0,0.0,0.0,7932016.5,2509526.5,12252622.0,0.0,0.0,2187689.5,1242735.625,0.0,0
1789612203.0040514,fan,159,10,0.0,2826305.0,0.0,0.0,0.0,0.0,2286842.25,0.0,0.0,8289457.0,0.0,5959235.5,0.0,1391917.5,0.0,672839.25,0
1789612203.067713,fan,159,5,0.0,0.0,0.0,0.0,0.0,0.0,0.0,0.0,405682.5,0.0,4803168.5,0.0,0.0,2551078.5,0.0,2773579.5,0
1789612203.1169834,fan,142,9,0.0,0.0,118173.453125,0.0,1550804.0,0.0,438073.125,0.0,0.0,0.0,0.0,2263906.25,5255350.5,1805796.625,0.0,1487862.0,0
1789612203.179381,fan,140,7,0.0,0.0,0.0,0.0,0.0,0.0,0.0,0.0,0.0,2110865.25,0.0,1636310.0,0.0,1833809.0,1438890.5,763939.125,0
1789612203.2419524,fan,146,9,0.0,0.0,334277.625,0.0,0.0,1975751.75,0.0,0.0,1093886.75,0.0,0.0,0.0,2662814.0,9584120.0,1980224.0,1666268.5,0
1789612203.3039355,fan,157,8,0.0,0.0,0.0,0.0,687086.9375,796445.4375,4771022.0,0.0,0.0,0.0,2821637.5,1185598.75,1674631.25,0.0,0.0,0.0,0
1789612203.367227,fan,135,8,0.0,0.0,784550656.0,0.0,0.0,0.0,5483131.5,0.0,0.0,0.0,0.0,7095108.0,15053222.0,6298827.5,2943798.75,4654369.5,0
1789612203.4293861,fan,135,6,0.0,0.0,0.0,0.0,0.0,0.0,0.0,0.0,1126871.125,605723.875,0.0,2022640.875,1711651.5,566961.4375,0.0,0.0,0
1789612203.5161715,fan,120,9,0.0,0.0,0.0,0.0,0.0,921467.6875,778940.6875,0.0,0.0,0.0,0.0,5174569.5,1269503.25,0.0,1160139.375,685034.5625,0
1789612203.5167756,fan,159,6,0.0,0.0,0.0,0.0,0.0,0.0,2237257.5,0.0,1866875.125,570398.375,2231075.25,0.0,0.0,0.0,0.0,0.0,0
1789612203.5855603,fan,139,5,0.0,0.0,0.0,10340117.0,0.0,1078631.125,0.0,0.0,0.0,0.0,0.0,0.0,885938.5,0.0,0.0,1470758.0,0
1789612203.7619414,fan,154,6,0.0,0.0,0.0,0.0,0.0,0.0,0.0,0.0,0.0,1462137.5,9184604.0,0.0,0.0,1265780.75,1894388.0,0.0,0
1789612203.8257263,fan,154,11,1623810.5,917745.375,978332.375,0.0,0.0,0.0,0.0,0.0,0.0,2966681.0,0.0,4001366.25,0.0,747596.25,2046439.125,701750.875,0
1789612203.8733919,fan,152,4,0.0,0.0,0.0,1510372.375,0.0,1782744.5,0.0,0.0,0.0,0.0,0.0,0.0,2381160.25,0.0,0.0,0.0,0
1789612203.9596345,fan,142,5,0.0,0.0,0.0,0.0,0.0,0.0,0.0,0.0,0.0,0.0,0.0,0.0,24457140.0,0.0,7565383.0,3365850.5,0
1789612204.1508815,fan,151,8,0.0,0.0,2943859.5,0.0,0.0,0.0,4933936.5,0.0,0.0,0.0,455673.15625,3888840.5,0.0,0.0,3201922.5,418716.3125,0
1789612204.2094276,fan,147,5,0.0,0.0,0.0,0.0,0.0,0.0,0.0,0.0,0.0,0.0,27621754.0,49413756.0,0.0,0.0,3597584.25,0.0,0
1789612204.2736404,fan,158,7,0.0,0.0,0.0,0.0,0.0,0.0,0.0,0.0,0.0,0.0,0.0,2640689.0,0.0,6146549.0,2793461.75,2286255.5,0
1789612204.3369253,fan,138,10,1415211.875,0.0,1514688.0,0.0,1484169.0,0.0,3266515.0,0.0,301950.9375,0.0,0.0,1341460.625,1980136.5,0.0,0.0,0.0,0
1789612204.4122355,fan,175,7,0.0,0.0,0.0,0.0,2067007.25,0.0,0.0,0.0,1354166.375,1921572.0,5971453.5,1183163.0,0.0,0.0,0.0,0.0,0
1789612204.5216472,fan,171,5,0.0,0.0,0.0,0.0,0.0,0.0,0.0,0.0,0.0,0.0,0.0,0.0,0.0,7059622.0,0.0,3999857.75,0
1789612204.5221891,fan,130,8,0.0,0.0,0.0,0.0,0.0,6128637.0,4513752.0,2877578.5,0.0,868189.0,0.0,0.0,3579429.0,0.0,660714.625,0.0,0
1789612204.5864632,fan,140,7,0.0,0.0,0.0,43096388.0,37246052.0,0.0,0.0,0.0,0.0,0.0,2113036.5,1110013.5,0.0,2908431.25,0.0,1864651.25,0
1789612204.6595702,fan,157,14,0.0,0.0,0.0,0.0,3260653.0,1428249.375,0.0,2213357.25,505639.25,0.0,1310407.25,5066764.0,1243540.625,0.0,2257142.0,1554449.0,0
1789612204.7289429,fan,144,4,0.0,0.0,0.0,0.0,494484768.0,0.0,83871776.0,0.0,0.0,0.0,0.0,0.0,0.0,8750310.0,0.0,11799877.0,0
1789612204.8805444,fan,160,12,2084604.5,3502157.25,2805974.5,0.0,302196.875,0.0,854848.625,0.0,0.0,927459.3125,0.0,0.0,7603825.5,2772272.0,503087.5625,0.0,0
1789612204.9392824,fan,158,9,0.0,486729.8125,0.0,0.0,0.0,319089.125,0.0,0.0,2986402.75,4906228.0,0.0,0.0,0.0,8230240.5,0.0,135293.328125,0
1789612205.0041811,fan,153,6,0.0,0.0,0.0,0.0,0.0,0.0,0.0,0.0,0.0,0.0,0.0,0.0,7561117.0,0.0,1558317.5,4128502.0,0
1789612205.1024003,fan,146,11,0.0,0.0,0.0,5121928.5,7010863.0,0.0,0.0,666069.625,917769.625,498693.34375,2714727.75,0.0,2894740.25,4891057.0,0.0,0.0,0
1789612205.161115,fan,151,4,0.0,0.0,0.0,0.0,0.0,0.0,0.0,0.0,757671.75,0.0,0.0,0.0,0.0,0.0,1861243.125,511300.1875,0
1789612205.2234,fan,148,11,0.0,0.0,0.0,0.0,0.0,0.0,0.0,0.0,1571262.25,7233367.5,2759922.0,874389.625,1028689.0,2017680.25,279812.875,1111426.75,0
1789612205.2985976,fan,157,10,0.0,0.0,0.0,0.0,0.0,923773.5625,7403460.0,0.0,0.0,237732.078125,0.0,1806921.625,1227431.5,930454.625,0.0,0.0,0
1789612205.3619263,fan,158,3,0.0,0.0,0.0,0.0,0.0,0.0,0.0,0.0,0.0,4101076.5,0.0,0.0,1240321.375,0.0,3423068.0,0.0,0
1789612205.5146902,fan,146,9,0.0,0.0,0.0,0.0,0.0,1446784.25,13941764.0,0.0,0.0,0.0,0.0,877343.25,0.0,2255967.0,2904145.75,2077181.75,0
1789612205.57833,fan,134,7,0.0,0.0,0.0,0.0,0.0,0.0,2311634.75,2243166.5,0.0,0.0,1675543.25,2231259.25,823017.25,0.0,1805463.875,0.0,0
1789612205.6476696,fan,136,8,0.0,0.0,0.0,0.0,0.0,0.0,2445717.25,0.0,0.0,652716.4375,3306446.25,2235951.5,0.0,7737461.0,0.0,0.0,0
1789612205.7089024,fan,137,11,43096088.0,0.0,0.0,8772406.0,483127.625,0.0,963716.75,2574830.75,0.0,0.0,0.0,513696.4375,1746313.875,4913717.0,1626707.25,0.0,0
1789612205.770559,fan,152,7,0.0,0.0,0.0,0.0,0.0,28565134.0,37176404.0,0.0,0.0,12890607.0,3161986.75,0.0,1779224.125,0.0,0.0,0.0,0
1789612205.8318355,fan,142,9,0.0,0.0,0.0,0.0,0.0,0.0,0.0,8581717.0,0.0,3586242.25,0.0,7698060.0,3411530.5,6204005.0,5280861.0,0.0,0
1789612205.9540548,fan,132,3,0.0,0.0,0.0,0.0,0.0,0.0,0.0,0.0,0.0,0.0,0.0,0.0,1102509.25,4106992.5,0.0,0.0,0
1789612206.017114,fan,162,3,0.0,0.0,0.0,0.0,0.0,0.0,0.0,0.0,0.0,0.0,158280336.0,0.0,0.0,45551540.0,19081814.0,0.0,0
1789612206.081317,fan,138,7,0.0,0.0,0.0,0.0,0.0,0.0,18765292.0,0.0,0.0,0.0,4095964.25,9154823.0,0.0,0.0,1223225.875,2950330.25,0
1789612206.0819044,fan,185,3,0.0,0.0,0.0,0.0,0.0,0.0,0.0,0.0,0.0,49447084.0,0.0,0.0,0.0,0.0,0.0,0.0,0
1789612206.1822345,fan,138,6,0.0,1364827.5,908994.1875,0.0,0.0,0.0,0.0,0.0,436039.0,0.0,0.0,916090.9375,0.0,0.0,1959993.625,779377.0,0
1789612206.183183,fan,173,7,1572584.5,0.0,0.0,252012.28125,0.0,0.0,1923972.125,0.0,666821.5,0.0,0.0,0.0,1174283.0,628605.0,0.0,0.0,0
1789612206.2430725,fan,144,7,0.0,0.0,0.0,0.0,0.0,0.0,1809153.0,0.0,1833574.25,3682075.0,0.0,3183544.5,5744985.5,0.0,981942.9375,0.0,0
1789612206.3065398,fan,144,9,0.0,0.0,0.0,0.0,2623072.0,2216055.25,0.0,0.0,0.0,0.0,4192204.0,4956795.0,0.0,2305761.25,3184512.5,7839264.0,0
1789612206.3563864,fan,147,10,0.0,0.0,0.0,0.0,0.0,0.0,0.0,0.0,828021.5,6080122.5,0.0,0.0,0.0,3610100.5,4529685.0,4060838.5,0
1789612206.4196723,fan,146,12,0.0,0.0,0.0,0.0,17902686.0,0.0,1094701.875,584125.3125,6822608.5,3833837.0,4392672.5,1168532.375,0.0,1376341.25,3313795.5,660866.0,0
1789612206.483646,fan,153,6,0.0,0.0,0.0,0.0,0.0,20070888.0,0.0,0.0,3996703.75,0.0,0.0,0.0,0.0,1466273.25,5166842.5,0.0,0
1789612206.5467806,fan,141,5,0.0,0.0,0.0,0.0,0.0,0.0,0.0,0.0,0.0,0.0,0.0,0.0,4429536.5,4096158.75,16331596.0,1962552.125,0
1789612206.6245158,fan,146,7,0.0,0.0,0.0,0.0,0.0,72773952.0,23011140.0,0.0,0.0,0.0,0.0,9697655.0,0.0,3015901.0,1677076.75,0.0,0
1789612206.6815455,fan,131,4,0.0,0.0,0.0,0.0,0.0,0.0,5414770.5,1293478.25,0.0,0.0,0.0,4425751.0,0.0,2377193.5,0.0,0.0,0
1789612206.7439115,fan,145,3,0.0,0.0,0.0,0.0,0.0,0.0,0.0,0.0,0.0,18050256.0,0.0,2169434.75,0.0,0.0,2242820.0,0.0,0
1789612206.8055263,fan,143,4,0.0,0.0,0.0,0.0,0.0,0.0,0.0,17277814.0,0.0,1017989.25,1058780.875,0.0,0.0,0.0,0.0,5396674.0,0
1789612206.868504,fan,149,10,0.0,0.0,0.0,0.0,0.0,0.0,0.0,0.0,3610495.25,1364149.0,413280.0,2553645.25,1801218.625,4858174.0,1873172.75,7009530.0,0
1789612206.932037,fan,166,7,0.0,0.0,0.0,0.0,0.0,0.0,4484919.0,0.0,0.0,0.0,0.0,1767088.75,6329068.0,1055714.125,740434.75,2225602.0,0
1789612206.9949825,fan,151,6,0.0,0.0,0.0,0.0,0.0,0.0,0.0,0.0,0.0,12530352.0,2268597.0,3182911.25,0.0,1698037.75,0.0,0.0,0
1789612207.0694742,fan,127,5,0.0,0.0,4205884.5,0.0,2902199.5,1488512.0,1544565.625,0.0,0.0,2343818.25,0.0,0.0,0.0,0.0,0.0,0.0,0
1789612207.1639771,fan,157,12,3109363.0,0.0,0.0,0.0,2362112.5,0.0,0.0,0.0,0.0,1389238.25,0.0,6215421.5,7138562.0,5970396.0,0.0,529088.0625,0
1789612207.224063,fan,155,11,2799127.5,1414744.5,2190972.5,0.0,0.0,0.0,0.0,0.0,0.0,0.0,3096763.0,0.0,0.0,3815503.0,0.0,981527.875,0
1789612207.3508263,fan,148,6,0.0,0.0,0.0,0.0,60497920.0,0.0,0.0,0.0,0.0,0.0,7361821.0,9998273.0,6217097.5,1029750.625,0.0,0.0,0
1789612207.4141963,fan,135,4,0.0,0.0,0.0,0.0,104262760.0,0.0,0.0,0.0,46948020.0,0.0,0.0,0.0,9003522.0,0.0,0.0,3005096.5,0
1789612207.5765138,fan,158,9,0.0,2866849.0,4082316.75,0.0,0.0,0.0,0.0,6439628.0,0.0,3370552.0,0.0,0.0,0.0,4463915.0,398848.59375,0.0,0
1789612207.703001,fan,157,15,0.0,0.0,0.0,0.0,1540734.375,323797.65625,7083532.5,5555214.0,2884629.75,4643063.0,0.0,0.0,0.0,1466329.5,1015276.75,3175669.5,0
1789612207.821045,fan,155,4,0.0,0.0,0.0,0.0,0.0,0.0,0.0,0.0,0.0,0.0,0.0,0.0,17060072.0,9886926.0,2527086.0,0.0,0
1789612207.8852854,fan,157,3,0.0,0.0,0.0,0.0,0.0,0.0,76943376.0,0.0,0.0,0.0,0.0,0.0,0.0,0.0,1043504.4375,0.0,0
1789612207.9499848,fan,152,3,0.0,0.0,0.0,0.0,0.0,0.0,0.0,0.0,0.0,0.0,0.0,0.0,7784527.5,1945551.25,0.0,1088712.25,0
1789612208.026186,fan,170,7,0.0,53569672.0,102884688.0,0.0,0.0,0.0,0.0,0.0,0.0,2707298.0,0.0,2489258.0,0.0,0.0,4812678.0,850651.0625,0
1789612208.0888467,fan,132,7,127698576.0,0.0,0.0,0.0,0.0,0.0,0.0,0.0,0.0,4719344.0,1287933.5,6434085.5,0.0,18652508.0,2029047.125,0.0,0
1789612208.1528397,fan,166,3,0.0,0.0,0.0,0.0,18114156.0,0.0,0.0,0.0,0.0,3674168.0,4719641.0,0.0,0.0,0.0,0.0,0.0,0
1789612208.216835,fan,182,3,0.0,0.0,0.0,0.0,0.0,0.0,0.0,0.0,0.0,0.0,0.0,5461102.0,0.0,1494449.25,0.0,2105590.25,0
1789612208.284723,fan,125,3,0.0,203746592.0,0.0,0.0,0.0,0.0,0.0,0.0,0.0,0.0,33545830.0,0.0,0.0,37712112.0,0.0,0.0,0
1789612208.285576,fan,317,3,0.0,0.0,0.0,184948912.0,0.0,74872264.0,0.0,0.0,0.0,0.0,0.0,27854936.0,0.0,0.0,0.0,0.0,0
1789612208.3532927,fan,345,17,0.0,0.0,0.0,312638368.0,0.0,363997632.0,459699776.0,0.0,256428576.0,180824592.0,155605472.0,0.0,0.0,43321804.0,73895888.0,82265088.0,0
1789612208.8137248,fan,159,10,0.0,0.0,7558386.0,0.0,0.0,0.0,5319906.0,0.0,0.0,0.0,2000172.625,0.0,0.0,576452.375,1344240.0,2823976.0,0
1789612208.8764462,fan,159,7,13666800.0,0.0,0.0,0.0,3024402.5,1462167.25,0.0,4806194.0,0.0,351244.28125,0.0,0.0,0.0,1121878.375,0.0,1271828.625,0
1789612208.971303,fan,128,11,0.0,2998341.75,2142099.25,4358056.5,1996253.5,0.0,3715863.0,0.0,0.0,5229202.5,0.0,2108923.5,0.0,1544372.625,0.0,0.0,0
1789612209.0431285,fan,111,4,0.0,0.0,0.0,0.0,0.0,0.0,24811452.0,0.0,0.0,0.0,3674735.25,6568981.0,0.0,0.0,0.0,0.0,0
1789612209.2599614,fan,159,4,0.0,0.0,0.0,0.0,0.0,0.0,4673710.0,0.0,0.0,0.0,0.0,0.0,1398735.875,239849.109375,2269066.5,0.0,0
1789612209.2607224,fan,114,6,0.0,0.0,0.0,0.0,0.0,0.0,0.0,0.0,0.0,0.0,0.0,2842635.5,2534427.5,2598935.5,1176372.875,1301125.125,0
1789612209.3537974,fan,159,4,0.0,0.0,0.0,0.0,0.0,0.0,0.0,738011.8125,1665154.25,3047653.25,0.0,3968922.5,0.0,0.0,0.0,0.0,0
1789612209.4138143,fan,158,7,0.0,0.0,78991136.0,0.0,0.0,0.0,0.0,0.0,0.0,8758317.0,0.0,0.0,0.0,4356654.0,11419338.0,1951254.25,0
1789612209.4788156,fan,161,10,0.0,0.0,0.0,0.0,0.0,0.0,12811840.0,0.0,0.0,8379477.5,996352.125,0.0,3461115.0,0.0,5339056.0,5649343.0,0
1789612209.5553381,fan,162,6,0.0,0.0,0.0,0.0,0.0,0.0,1487599.625,0.0,0.0,2421614.0,4253635.5,1418285.875,0.0,644515.8125,1885179.75,0.0,0
1789612209.619118,fan,14,8,147163680.0,0.0,0.0,41963864.0,0.0,0.0,0.0,0.0,25462452.0,0.0,0.0,9963062.0,10651338.0,0.0,0.0,9255906.0,0
1789612209.7329423,fan,136,14,3768936.0,3403016.5,2359158.25,0.0,0.0,0.0,2338844.5,0.0,0.0,2850517.5,1749066.0,1444152.25,3928469.75,1612181.375,0.0,3357923.0,0
1789612209.7923815,fan,130,10,0.0,0.0,116856632.0,0.0,0.0,100644128.0,34261612.0,3524759.5,0.0,16412548.0,0.0,0.0,0.0,0.0,955776.0,1198204.0,0
1789612209.9817636,fan,161,9,0.0,0.0,0.0,0.0,0.0,0.0,0.0,0.0,0.0,11848080.0,1231000.75,0.0,0.0,4307558.0,293583.375,4480213.5,0
1789612210.1769905,fan,155,5,0.0,0.0,0.0,0.0,0.0,0.0,0.0,0.0,0.0,40266136.0,0.0,0.0,45409916.0,73355256.0,0.0,0.0,0
1789612210.2367132,fan,150,7,0.0,0.0,0.0,0.0,0.0,0.0,0.0,0.0,0.0,0.0,0.0,3827161.0,2932764.75,5068105.0,1023907.375,1206638.5,0
1789612210.3002555,fan,154,6,0.0,0.0,0.0,0.0,0.0,0.0,8289342.5,0.0,0.0,0.0,1247207.25,0.0,0.0,3926302.25,0.0,2331247.5,0
1789612210.3635657,fan,118,7,0.0,0.0,0.0,0.0,0.0,0.0,0.0,0.0,0.0,0.0,0.0,2239525.25,9306359.0,6389964.0,0.0,2875993.0,0
1789612210.527104,fan,139,8,0.0,5256138.5,7083525.5,0.0,771079.0,621758.25,0.0,0.0,0.0,0.0,1446566.5,0.0,5461413.5,8465272.0,0.0,0.0,0
1789612210.5842226,fan,139,6,0.0,0.0,0.0,0.0,0.0,2854474.0,0.0,0.0,0.0,0.0,836884.6875,2904298.5,0.0,0.0,0.0,0.0,0
1789612210.6339,fan,138,3,0.0,0.0,0.0,0.0,0.0,0.0,0.0,0.0,0.0,43923440.0,0.0,0.0,0.0,0.0,0.0,35767696.0,0
1789612210.9084604,fan,148,6,0.0,0.0,0.0,0.0,0.0,0.0,11296058.0,2642159.5,3274117.0,0.0,0.0,0.0,0.0,3261586.75,567752.3125,0.0,0
1789612210.9670758,fan,94,4,0.0,0.0,0.0,0.0,9264202.0,0.0,0.0,0.0,0.0,799965.375,0.0,0.0,0.0,1157496.125,0.0,0.0,0
1789612211.0323062,fan,167,6,0.0,0.0,0.0,0.0,0.0,2668457.5,0.0,1223064.625,0.0,0.0,0.0,0.0,0.0,4210259.0,2005418.875,0.0,0
1789612211.0329943,fan,132,7,0.0,0.0,0.0,0.0,0.0,0.0,0.0,0.0,0.0,2198057.75,2641831.5,909182.4375,898356.4375,0.0,0.0,1195366.875,0
1789612211.1304007,fan,159,6,0.0,0.0,0.0,0.0,0.0,0.0,0.0,12807509.0,0.0,0.0,2546258.75,4336471.5,1102179.375,0.0,0.0,0.0,0
1789612211.2259402,fan,164,7,0.0,0.0,80308160.0,0.0,0.0,0.0,12398987.0,0.0,22776908.0,0.0,1451555.625,2619392.0,0.0,0.0,1261611.0,0.0,0
1789612211.2271326,fan,125,4,0.0,0.0,0.0,0.0,0.0,0.0,6823846.0,0.0,0.0,0.0,0.0,3110520.5,0.0,1197646.125,0.0,0.0,0
1789612211.3023412,fan,152,7,0.0,0.0,0.0,0.0,0.0,1237390.625,2548445.25,0.0,0.0,0.0,0.0,4721910.5,3328820.0,1841670.75,0.0,0.0,0
1789612211.3658547,fan,127,6,0.0,0.0,0.0,0.0,0.0,0.0,2550376.25,0.0,0.0,0.0,6600623.5,4537807.0,2339970.25,2882305.5,0.0,0.0,0
1789612211.4285069,fan,148,9,0.0,0.0,0.0,0.0,0.0,0.0,0.0,0.0,0.0,10565581.0,28473984.0,6967790.5,0.0,5095856.5,14480424.0,691606.4375,0
1789612211.4915273,fan,149,3,0.0,0.0,0.0,0.0,0.0,0.0,0.0,0.0,0.0,0.0,0.0,0.0,2154004.0,0.0,0.0,2169573.25,0
1789612211.555237,fan,165,7,0.0,0.0,2161222.25,0.0,0.0,504380.53125,0.0,0.0,0.0,1419675.125,3392140.0,725141.25,0.0,2348498.0,1549449.75,0.0,0
1789612211.6375818,fan,164,12,0.0,0.0,0.0,0.0,3508040.0,0.0,3796296.0,6551484.0,1410686.5,6739150.0,7433735.0,2284794.5,0.0,0.0,0.0,0.0,0
1789612211.753962,fan,165,5,0.0,0.0,0.0,0.0,3425187.75,0.0,0.0,0.0,0.0,0.0,0.0,0.0,2849733.0,0.0,1285911.875,1351300.0,0
1789612211.8197641,fan,167,4,0.0,0.0,0.0,0.0,0.0,3813431.75,0.0,0.0,0.0,1130920.0,961909.0,0.0,0.0,0.0,624568.8125,0.0,0
1789612211.8843753,fan,147,10,0.0,0.0,0.0,0.0,2053854.375,0.0,2300683.25,0.0,0.0,0.0,0.0,1891352.625,2111075.75,2413536.5,403836.25,3149027.5,0
1789612211.9579258,fan,113,10,5756789.0,1239710.5,0.0,0.0,0.0,0.0,2695466.0,0.0,0.0,0.0,0.0,1183004.875,8430646.0,679307.6875,0.0,0.0,0
1789612212.018635,fan,170,10,0.0,0.0,1419084.75,0.0,0.0,0.0,1801706.125,0.0,0.0,9948469.0,276542.375,0.0,951808.375,0.0,7797217.5,3964814.5,0
1789612212.1131432,fan,172,13,0.0,0.0,0.0,0.0,0.0,0.0,0.0,770996.75,1334560.375,6897171.0,725799.0,2423855.0,1759916.125,1450568.75,763540.125,813534.625,0
1789612212.209163,fan,170,10,1580420.125,0.0,0.0,325287.15625,0.0,0.0,2948164.75,0.0,0.0,696107.3125,0.0,7763026.0,2116212.0,1529581.5,0.0,4439538.5,0
1789612212.2710226,fan,170,3,0.0,0.0,1856158.125,0.0,0.0,0.0,0.0,0.0,0.0,0.0,0.0,0.0,2053170.0,0.0,0.0,0.0,0
1789612212.3358366,fan,146,12,0.0,0.0,0.0,0.0,0.0,0.0,0.0,8933188.0,0.0,10196700.0,8157875.5,9383736.0,4214499.0,0.0,0.0,714696.75,0
1789612212.5565243,fan,147,7,0.0,526150.8125,0.0,0.0,2417028.5,0.0,0.0,0.0,0.0,0.0,0.0,0.0,4950027.5,2740761.5,5346750.0,563125.4375,0
1789612212.6531913,fan,161,6,0.0,0.0,0.0,0.0,0.0,0.0,0.0,0.0,0.0,9975909.0,1299342.5,0.0,0.0,845275.875,2248494.25,0.0,0
1789612212.713369,fan,162,7,0.0,0.0,0.0,0.0,0.0,0.0,4746907.5,116209528.0,0.0,0.0,0.0,0.0,4161639.0,13835874.0,8788312.0,1883772.625,0
1789612212.7768142,fan,120,7,0.0,0.0,0.0,0.0,0.0,0.0,550467.1875,0.0,0.0,0.0,0.0,313979.09375,0.0,2605032.5,1274580.875,5988061.0,0
1789612212.8529,fan,142,6,0.0,0.0,2020435.875,2427974.5,0.0,755622.0,4200145.0,0.0,0.0,0.0,0.0,0.0,0.0,1000171.0,0.0,0.0,0
1789612212.9391747,fan,142,11,0.0,2976689.75,1061708.375,0.0,0.0,0.0,431965.1875,476349.5,0.0,0.0,0.0,574316.6875,2173855.0,1351981.125,1953189.125,3750725.25,0
1789612212.9849756,fan,147,13,0.0,619158.375,1148298.0,0.0,1199025.0,1784236.0,0.0,3154178.0,0.0,0.0,0.0,8601679.0,1521726.0,0.0,0.0,6164691.0,0
1789612213.0462487,fan,194,5,0.0,0.0,0.0,0.0,0.0,0.0,0.0,0.0,0.0,0.0,0.0,50755540.0,0.0,0.0,72120728.0,69942192.0,0
1789612213.1101775,fan,194,3,0.0,0.0,0.0,0.0,0.0,0.0,0.0,0.0,0.0,0.0,0.0,0.0,0.0,48113508.0,0.0,87724792.0,0
1789612213.1930683,fan,128,10,0.0,3750704.0,5850710.0,3895179.5,0.0,0.0,0.0,0.0,0.0,0.0,279962.8125,0.0,353920.375,0.0,3355126.25,242539.625,0
1789612213.2567098,fan,129,12,0.0,0.0,0.0,764736.875,2162244.0,0.0,0.0,0.0,0.0,0.0,1013492.5625,7860737.0,906454.0,2159277.75,1212542.25,4616065.0,0
1789612213.2576468,fan,165,8,0.0,969266.25,0.0,0.0,1781267.0,4021615.0,2954976.5,0.0,0.0,0.0,1000732.875,0.0,410989.6875,2334767.0,0.0,0.0,0
1789612213.3819063,fan,164,9,0.0,0.0,0.0,0.0,0.0,8542944.0,0.0,1859631.875,746334.75,3936562.0,0.0,2508376.75,0.0,0.0,0.0,717445.0,0
1789612213.4469554,fan,164,6,0.0,115118.375,1150721.0,0.0,459624.6875,0.0,2115412.75,0.0,0.0,0.0,0.0,0.0,0.0,770799.4375,0.0,0.0,0
1789612213.6371498,fan,137,9,16972462.0,0.0,0.0,0.0,702921.4375,4398270.5,1601187.625,2129613.0,0.0,2051819.75,0.0,0.0,2134243.5,257716.15625,0.0,0.0,0
1789612213.637693,fan,180,11,0.0,0.0,4445191.5,0.0,0.0,0.0,0.0,0.0,0.0,3514399.5,6531870.0,3382073.75,1077486.0,0.0,304753.59375,1128149.25,0
1789612213.7631948,fan,126,8,38330196.0,0.0,0.0,1965888.125,0.0,0.0,2729501.0,0.0,0.0,0.0,867781.8125,1831814.25,0.0,861992.75,0.0,0.0,0
1789612213.889834,fan,139,12,0.0,0.0,0.0,0.0,0.0,0.0,4433452.5,0.0,6939162.0,10759414.0,0.0,0.0,0.0,4201637.0,3601427.25,3312559.25,0
1789612213.9969614,fan,352,6,0.0,0.0,0.0,0.0,0.0,0.0,0.0,0.0,0.0,0.0,163831712.0,74844976.0,0.0,59712328.0,51720360.0,42875872.0,0
1789612214.062371,fan,121,3,0.0,0.0,0.0,0.0,0.0,0.0,0.0,0.0,0.0,0.0,0.0,0.0,0.0,18402922.0,22327324.0,0.0,0
1789612214.1229067,fan,316,3,0.0,0.0,0.0,0.0,0.0,189622720.0,0.0,0.0,0.0,0.0,0.0,0.0,0.0,91700720.0,0.0,0.0,0
1789612214.1868677,fan,326,12,0.0,0.0,661843456.0,852841344.0,0.0,304761344.0,249553040.0,246055808.0,196395248.0,385847008.0,0.0,0.0,119713432.0,102549264.0,99582232.0,0.0,0
1789612214.461872,fan,132,5,0.0,0.0,0.0,0.0,0.0,818505.1875,3219146.25,2593899.5,0.0,0.0,2835130.0,416299.4375,0.0,0.0,0.0,0.0,0
1789612214.5121093,fan,158,14,0.0,3296406.0,515177.78125,0.0,0.0,493462.15625,10136872.0,2442975.0,4732328.0,0.0,0.0,0.0,2625980.25,1559557.875,1456292.625,0.0,0
1789612214.6437933,fan,144,3,0.0,0.0,0.0,0.0,0.0,0.0,0.0,0.0,2838193.25,1620636.75,0.0,0.0,2681133.5,0.0,0.0,0.0,0
1789612214.8103023,fan,145,10,0.0,0.0,0.0,0.0,387950.1875,0.0,0.0,0.0,0.0,780067.25,5395216.0,1828011.75,0.0,2870595.0,2300753.75,1677645.0,0
1789612214.879942,fan,147,14,0.0,0.0,0.0,1657207.5,388966.25,0.0,984048.25,4116341.75,0.0,443787.40625,427789.1875,823958.75,2722236.5,1669170.5,4260879.5,3259856.0,0
1789612214.9906583,fan,162,5,1691409.375,0.0,0.0,0.0,0.0,985167.125,0.0,0.0,0.0,0.0,0.0,0.0,2103265.0,0.0,915608.5625,1518715.5,0
1789612215.0546792,fan,124,7,0.0,0.0,0.0,2742337.25,1612004.375,0.0,0.0,0.0,0.0,0.0,847648.875,1032679.25,8006095.5,405458.125,0.0,0.0,0
1789612215.128769,fan,158,8,0.0,1402550.375,0.0,0.0,0.0,1706244.5,0.0,0.0,2755659.0,4832967.5,0.0,0.0,2756672.75,0.0,0.0,0.0,0
1789612215.1988459,fan,158,6,0.0,0.0,0.0,0.0,0.0,0.0,9245234.0,0.0,0.0,1448483.625,7200245.0,1791198.0,0.0,0.0,0.0,0.0,0
1789612215.2863164,fan,158,7,0.0,0.0,0.0,0.0,0.0,1078200.625,0.0,3513425.5,0.0,6469111.5,4116332.5,0.0,0.0,0.0,0.0,3325940.25,0
1789612215.3320491,fan,140,6,0.0,0.0,0.0,0.0,0.0,0.0,19214176.0,0.0,0.0,0.0,14201419.0,6025501.0,0.0,0.0,726180.3125,0.0,0
1789612215.3964884,fan,330,6,0.0,0.0,236390016.0,0.0,0.0,0.0,0.0,0.0,52542952.0,53101936.0,0.0,0.0,48689232.0,25028424.0,0.0,0.0,0
1789612215.6038268,fan,157,12,0.0,0.0,0.0,0.0,498454.59375,0.0,4251496.5,810028.5625,307034.5,7201091.0,2140750.25,0.0,955203.5,1656192.5,0.0,525263.5625,0
1789612215.7330074,fan,160,5,0.0,0.0,0.0,0.0,0.0,0.0,2444329.75,0.0,1406859.5,6367770.5,0.0,0.0,0.0,0.0,0.0,917347.75,0
1789612215.7975402,fan,153,11,0.0,1582824.0,2346456.0,0.0,0.0,469599.78125,5069232.5,1558546.625,0.0,1697840.5,1658612.0,366828.25,601248.1875,0.0,0.0,0.0,0
1789612215.9751127,fan,157,5,0.0,0.0,0.0,0.0,0.0,0.0,0.0,0.0,6594858.5,7313389.5,0.0,2857521.25,0.0,3081383.25,0.0,2459355.5,0
1789612216.0396981,fan,195,4,0.0,0.0,0.0,0.0,0.0,0.0,0.0,3000879.5,0.0,0.0,3618543.0,0.0,0.0,0.0,1898965.75,985617.75,0
1789612216.3345027,fan,172,11,0.0,541985.625,0.0,0.0,0.0,5062101.5,3813002.5,5246278.5,0.0,0.0,0.0,9369753.0,481794.75,0.0,0.0,0.0,0
1789612216.460415,fan,146,15,373652640.0,0.0,0.0,65455432.0,11867360.0,7168293.5,0.0,4136218.0,0.0,0.0,5587702.0,4510611.0,3539356.5,4521485.0,2267984.0,2465598.75,0
1789612216.5214934,fan,154,10,0.0,299243744.0,0.0,0.0,0.0,0.0,0.0,8706607.0,6784115.0,39002024.0,0.0,2352071.25,13732944.0,2987053.0,2455361.75,0.0,0
1789612216.5848203,fan,145,3,0.0,0.0,0.0,0.0,0.0,0.0,0.0,0.0,0.0,0.0,0.0,0.0,1431265.375,0.0,0.0,4409285.0,0
1789612216.660676,fan,131,10,0.0,0.0,0.0,0.0,0.0,0.0,0.0,0.0,0.0,1967892.0,2854817.5,9313831.0,0.0,686665.0625,536210.125,6924860.0,0
1789612216.6616576,fan,173,4,0.0,0.0,0.0,0.0,4183036.0,0.0,0.0,0.0,0.0,0.0,0.0,0.0,5973750.0,491692.4375,0.0,0.0,0
1789612216.7475603,fan,174,12,0.0,0.0,0.0,0.0,1242109.5,1504182.0,259351.71875,10273366.0,2401083.0,3322891.5,1774166.25,701080.375,0.0,4018376.25,0.0,0.0,0
1789612216.936287,fan,103,6,0.0,0.0,480263.8125,0.0,0.0,0.0,871279.375,791382.0,0.0,0.0,0.0,0.0,0.0,0.0,148055.078125,3425374.5,0
1789612217.062811,fan,174,6,0.0,0.0,0.0,0.0,0.0,0.0,0.0,725855.0625,0.0,0.0,0.0,1718889.0,1788022.375,2263212.0,966808.0625,1894878.25,0
1789612217.1266973,fan,163,12,0.0,0.0,1140028.375,5816479.0,0.0,0.0,0.0,1977594.125,2343889.25,0.0,2235897.0,998956.1875,0.0,1661500.5,893351.25,1767887.375,0
1789612217.191072,fan,144,8,0.0,0.0,0.0,3395858.0,0.0,0.0,0.0,2827880.75,0.0,0.0,2467698.5,0.0,0.0,1261380.75,4018961.75,1283712.625,0
1789612217.255082,fan,157,10,0.0,0.0,0.0,0.0,2527641.0,0.0,3162952.0,0.0,0.0,10832566.0,2568846.5,283881.78125,0.0,2646272.75,7264628.5,4721070.0,0
1789612217.3241603,fan,144,8,0.0,0.0,0.0,0.0,0.0,0.0,0.0,0.0,0.0,3236613.25,2393571.0,0.0,0.0,3668995.0,0.0,1017501.5,0
1789612217.3870456,fan,154,5,0.0,0.0,0.0,0.0,0.0,0.0,0.0,0.0,0.0,0.0,0.0,15504985.0,3650260.25,0.0,0.0,5427393.5,0
1789612217.449091,fan,153,8,0.0,0.0,0.0,0.0,0.0,2223674.75,0.0,0.0,2077909.5,858439.75,2794103.0,0.0,3929024.75,419576.5625,0.0,1136968.0,0
1789612217.5134747,fan,154,8,0.0,0.0,0.0,0.0,0.0,0.0,0.0,1920056.25,0.0,0.0,2868464.75,1961551.25,1541515.375,2949481.5,0.0,2865330.0,0
1789612217.5142133,fan,113,7,0.0,0.0,8820787.0,0.0,0.0,4101707.5,0.0,0.0,0.0,1802733.125,0.0,3393375.0,2516011.0,0.0,0.0,0.0,0
1789612217.578186,fan,156,11,0.0,0.0,0.0,0.0,0.0,3746252.0,2834173.0,0.0,0.0,4230394.0,0.0,1613723.875,752788.75,0.0,1480462.75,1357133.25,0
1789612217.761672,fan,147,8,0.0,1185297.75,0.0,443079.3125,0.0,5342558.5,0.0,0.0,0.0,0.0,0.0,0.0,1623894.125,13649038.0,0.0,2675943.0,0
1789612217.887648,fan,145,10,0.0,0.0,0.0,0.0,3202754.5,1083938.5,0.0,0.0,0.0,0.0,3757435.0,2665191.0,0.0,520586.03125,3828723.5,3868605.25,0
1789612217.9452708,fan,145,10,0.0,0.0,0.0,0.0,1354601.25,7123737.0,2121509.25,2047131.5,0.0,0.0,0.0,1543708.75,424765.53125,294569.625,744437.75,0.0,0
1789612217.9962614,fan,65,3,0.0,0.0,0.0,37686432.0,55927980.0,0.0,0.0,0.0,0.0,0.0,0.0,0.0,0.0,0.0,0.0,0.0,0
1789612218.0790465,fan,161,6,0.0,0.0,0.0,0.0,0.0,756535.4375,8857874.0,0.0,0.0,0.0,597405.0,0.0,0.0,0.0,0.0,1038783.625,0
1789612218.1421587,fan,156,10,0.0,2335992.0,0.0,1075305.0,0.0,0.0,0.0,0.0,5123567.0,6937471.0,2563119.0,1607988.875,0.0,0.0,0.0,0.0,0
1789612218.206205,fan,166,5,0.0,0.0,0.0,482517.625,0.0,0.0,493007.34375,0.0,0.0,4262048.5,0.0,2787387.75,0.0,0.0,638436.3125,0.0,0
1789612218.300523,fan,140,10,0.0,0.0,23121934.0,0.0,0.0,0.0,8135917.5,3759997.5,3793017.25,2310254.0,0.0,1434025.25,0.0,832450.3125,1587393.5,0.0,0
1789612218.460709,fan,166,11,0.0,0.0,0.0,3775734.5,0.0,684705.125,1350890.625,0.0,0.0,2461070.5,0.0,1996412.75,0.0,1605176.125,844040.375,981554.0,0
1789612218.5235014,fan,192,7,0.0,0.0,0.0,11917959.0,0.0,9914466.0,0.0,0.0,0.0,2988233.5,1034390.875,0.0,0.0,1007849.3125,2127560.0,513740.15625,0
1789612218.680916,fan,144,10,0.0,0.0,153980016.0,0.0,0.0,0.0,0.0,0.0,0.0,6491387.0,8215818.0,1863227.0,0.0,1638775.125,13747310.0,0.0,0
1789612218.7408721,fan,144,5,0.0,0.0,0.0,0.0,110872560.0,0.0,34023488.0,0.0,5736299.0,0.0,0.0,0.0,0.0,6405305.5,0.0,0.0,0
1789612218.7909636,fan,155,9,0.0,0.0,0.0,0.0,0.0,0.0,1171981.25,649291.9375,0.0,1553161.375,2920547.0,4538252.0,0.0,0.0,0.0,3115172.0,0
1789612218.8545372,fan,155,8,0.0,0.0,0.0,0.0,0.0,58321496.0,31287044.0,0.0,0.0,0.0,6936653.0,3843784.0,0.0,10219716.0,0.0,0.0,0
1789612218.9045641,fan,154,11,0.0,0.0,0.0,0.0,0.0,2436954.0,1274786.0,0.0,3657374.5,4277947.0,0.0,1017349.375,2750995.25,1575533.25,1772431.75,0.0,0
1789612219.0314353,fan,172,12,0.0,0.0,1148661.5,4358746.5,0.0,240687.640625,707989.25,14074632.0,0.0,2796691.0,2643221.5,0.0,0.0,1012922.25,0.0,0.0,0
1789612219.0958607,fan,154,17,0.0,0.0,2646208.25,0.0,0.0,1430550.875,5820338.0,6860788.0,0.0,5727230.0,2312649.75,5007447.0,4748573.5,0.0,2688550.5,3582852.5,0
1789612219.1609738,fan,154,7,0.0,0.0,0.0,0.0,0.0,0.0,2094529.25,0.0,0.0,6470332.0,0.0,0.0,1138810.5,1304614.125,1664072.125,1152531.75,0
1789612219.206457,fan,173,6,0.0,0.0,0.0,0.0,0.0,0.0,0.0,0.0,0.0,7143961.0,0.0,430884.53125,2030747.625,0.0,175070.1875,0.0,0
1789612219.322813,fan,171,3,0.0,0.0,0.0,0.0,0.0,0.0,6498474.0,0.0,0.0,0.0,0.0,3678058.0,0.0,1706306.75,0.0,0.0,0
1789612219.323619,fan,30,5,0.0,0.0,6486290.5,0.0,0.0,0.0,1549536.0,0.0,308972.5625,0.0,1429287.875,0.0,1979668.0,0.0,0.0,0.0,0
1789612219.4135213,fan,169,5,0.0,0.0,0.0,0.0,2433933.25,0.0,0.0,0.0,0.0,1002309.9375,1350966.375,0.0,0.0,2334590.0,0.0,0.0,0
1789612219.5419009,fan,163,13,0.0,0.0,739052.5,0.0,0.0,2488106.0,8618845.0,1578959.75,586894.125,2492594.0,4365308.0,0.0,0.0,0.0,2250049.25,1103997.375,0
1789612219.6979318,fan,160,7,205959472.0,0.0,37637444.0,0.0,0.0,0.0,0.0,1415088.0,0.0,0.0,0.0,1577597.625,2527070.75,2192928.25,0.0,1009127.5,0
1789612219.7685838,fan,349,6,0.0,0.0,38825020.0,0.0,329561536.0,99506504.0,0.0,0.0,21723274.0,0.0,15390126.0,0.0,0.0,0.0,0.0,0.0,0
1789612219.822487,fan,128,6,0.0,0.0,0.0,0.0,0.0,0.0,675906.0,0.0,0.0,0.0,0.0,531247.4375,3273620.5,0.0,6185125.5,0.0,0
1789612219.8990488,fan,175,7,0.0,0.0,0.0,0.0,0.0,0.0,0.0,0.0,704620.5625,0.0,0.0,2473217.5,3551007.0,0.0,403844.125,603696.0625,0
1789612220.0288684,fan,207,3,0.0,0.0,0.0,0.0,0.0,0.0,0.0,0.0,0.0,24624616.0,55893368.0,0.0,0.0,0.0,0.0,0.0,0
1789612220.1055512,fan,150,10,0.0,1927129.5,148198.90625,0.0,0.0,0.0,605494.8125,0.0,0.0,1881542.75,1460071.25,2227051.5,0.0,1131896.375,0.0,0.0,0
1789612220.1691291,fan,151,10,0.0,1189683.875,4722339.0,1641998.25,0.0,0.0,5636675.0,0.0,0.0,0.0,0.0,0.0,0.0,1631310.25,519013.5,1146081.5,0
1789612220.2344024,fan,163,5,0.0,0.0,0.0,0.0,0.0,0.0,0.0,15874517.0,15382816.0,0.0,4902562.0,11050834.0,0.0,0.0,0.0,0.0,0
1789612220.310077,fan,161,12,0.0,0.0,5931009.5,0.0,0.0,0.0,1118674.0,1580270.125,1078400.625,1214405.25,4975873.0,0.0,0.0,3131242.25,0.0,2716692.0,0
1789612220.3731062,fan,137,8,0.0,0.0,67956336.0,135506000.0,0.0,743903.9375,0.0,0.0,15205762.0,4236719.0,8404119.0,0.0,0.0,0.0,2555353.5,2624247.25,0
1789612220.436228,fan,164,6,0.0,876745.125,1708366.125,939570.3125,0.0,0.0,0.0,2800865.25,644266.6875,0.0,0.0,0.0,1308101.875,0.0,0.0,0.0,0
1789612220.498687,fan,157,18,0.0,0.0,0.0,0.0,2788516.75,0.0,1955803.0,2016589.125,2128379.0,0.0,2655047.5,5805080.0,5355861.0,8088876.5,1281648.125,0.0,0
1789612220.6493793,fan,141,5,0.0,0.0,0.0,0.0,0.0,0.0,0.0,0.0,0.0,1504588.625,0.0,0.0,1570916.5,13168836.0,2178884.5,0.0,0
1789612220.7085142,fan,139,5,0.0,0.0,0.0,0.0,0.0,2475385.75,0.0,0.0,0.0,4052732.25,0.0,4019047.0,3092711.0,0.0,0.0,0.0,0
1789612220.7823684,fan,160,5,0.0,0.0,0.0,0.0,1298574.0,5474055.0,3075584.5,0.0,0.0,0.0,0.0,0.0,0.0,0.0,0.0,2737915.75,0
1789612220.8453488,fan,182,11,0.0,0.0,0.0,4147396.5,2334916.75,4267742.0,1487617.25,2227107.75,0.0,2212375.75,3208165.0,0.0,0.0,662223.9375,2324948.75,0.0,0
1789612220.9562597,fan,152,5,0.0,0.0,0.0,0.0,0.0,6738812.0,0.0,0.0,0.0,906370.1875,0.0,3296054.75,0.0,0.0,1298341.125,0.0,0
1789612221.019989,fan,147,5,0.0,0.0,0.0,0.0,0.0,0.0,0.0,0.0,0.0,947736.125,0.0,2088394.375,10922162.0,4843277.0,0.0,2201724.0,0
1789612221.0825498,fan,145,10,0.0,0.0,41641672.0,0.0,0.0,7426701.5,0.0,0.0,0.0,0.0,2389805.5,13726959.0,1100621.0,5687779.0,1748532.5,0.0,0
1789612221.2515695,fan,137,7,0.0,0.0,4303221.5,0.0,0.0,0.0,2112930.75,0.0,0.0,0.0,0.0,0.0,0.0,584260.5,0.0,2547623.25,0
1789612221.3090413,fan,134,7,0.0,47674392.0,0.0,0.0,0.0,0.0,0.0,0.0,0.0,4807735.5,0.0,0.0,1340512.5,10090124.0,0.0,0.0,0
1789612221.3703604,fan,148,5,0.0,0.0,73738016.0,26898348.0,0.0,0.0,3791001.5,2623825.75,0.0,2626166.0,0.0,0.0,0.0,0.0,0.0,0.0,0
1789612221.4335544,fan,191,6,0.0,0.0,0.0,0.0,0.0,5013547.0,6930884.0,0.0,0.0,4589409.5,7926898.0,1025800.875,0.0,1531679.375,0.0,0.0,0
1789612221.5985336,fan,156,15,2155953.5,739498.25,2000082.375,0.0,5605769.0,3207920.5,0.0,0.0,0.0,0.0,2847201.75,4260420.5,0.0,1575048.25,6615393.5,1578167.75,0
1789612221.6634061,fan,153,13,0.0,0.0,0.0,0.0,0.0,4168483.5,242052.5,0.0,468542.40625,447297.0625,2921407.0,3289718.75,5274229.0,952793.875,3439798.5,2974120.25,0
1789612221.7372575,fan,133,7,0.0,0.0,0.0,0.0,28320698.0,5802697.0,7738066.0,0.0,0.0,0.0,0.0,0.0,0.0,2940091.0,2183360.0,0.0,0
1789612221.8672607,fan,202,3,0.0,0.0,0.0,0.0,77428680.0,0.0,0.0,0.0,0.0,0.0,0.0,11804266.0,0.0,0.0,0.0,0.0,0
1789612222.1101654,fan,165,9,0.0,290786.5,147687.65625,335041.625,910554.5625,485120.84375,0.0,0.0,0.0,992237.0,0.0,0.0,5591157.5,866735.375,0.0,0.0,0
1789612222.1695673,fan,164,6,0.0,0.0,0.0,0.0,0.0,0.0,5643339.0,0.0,0.0,1084984.0,2809183.25,4623418.0,0.0,0.0,0.0,0.0,0
1789612222.26879,fan,160,5,0.0,0.0,0.0,0.0,0.0,0.0,0.0,0.0,0.0,0.0,0.0,0.0,7316814.5,0.0,3250601.5,6961191.0,0
1789612222.3384216,fan,132,3,0.0,0.0,0.0,0.0,0.0,259456864.0,0.0,0.0,0.0,0.0,0.0,0.0,0.0,0.0,5960612.5,0.0,0
1789612222.4063222,fan,112,6,0.0,0.0,0.0,0.0,0.0,0.0,1637026.25,1588389.375,573942.4375,0.0,267028.875,415883.875,0.0,1655107.875,0.0,0.0,0
1789612222.4893003,fan,121,9,0.0,2209009.75,2694337.0,0.0,5579991.5,0.0,0.0,0.0,507851.0,0.0,0.0,3010716.25,2108767.0,0.0,1487270.5,0.0,0
1789612222.5493534,fan,122,11,0.0,14957555.0,0.0,0.0,0.0,0.0,0.0,0.0,0.0,12513632.0,0.0,2214338.5,2396919.0,13476660.0,3321561.75,0.0,0
1789612222.649759,fan,148,9,0.0,0.0,17839358.0,0.0,0.0,0.0,2813699.75,0.0,0.0,0.0,0.0,1443869.0,880149.0625,4329651.0,1333503.875,1337085.5,0
1789612222.7080154,fan,149,16,3070579.0,6118805.0,8928120.0,0.0,0.0,0.0,5854945.0,0.0,0.0,0.0,0.0,5072739.5,0.0,3745666.0,1421491.375,0.0,0
1789612222.771958,fan,155,11,10244254.0,0.0,852202.9375,0.0,2177336.75,1824672.5,1913448.125,0.0,0.0,3197038.25,0.0,0.0,0.0,0.0,0.0,907031.375,0
1789612222.8719435,fan,155,9,0.0,0.0,0.0,0.0,0.0,787009.25,0.0,3823308.0,0.0,0.0,4494402.5,2973713.25,243401.65625,775584.5,0.0,2560414.5,0
1789612222.917679,fan,152,11,0.0,0.0,0.0,0.0,1977166.75,90033.140625,0.0,0.0,0.0,2788430.25,0.0,18316836.0,0.0,5360174.0,2572094.5,0.0,0
1789612223.061149,fan,150,11,0.0,0.0,0.0,0.0,0.0,5375009.0,0.0,2763700.5,0.0,0.0,6703977.5,0.0,1233838.0,5762668.5,318433.4375,2045514.125,0
1789612223.121708,fan,155,11,0.0,0.0,0.0,0.0,0.0,3123098.5,6067089.0,0.0,0.0,0.0,2219816.0,4361343.0,1830569.75,1324339.875,558571.0,789549.5,0
1789612223.1850276,fan,155,12,0.0,0.0,0.0,0.0,0.0,4894970.0,0.0,0.0,0.0,1355788.375,1752019.0,8636962.0,4051441.75,2630820.25,1789136.0,619504.125,0
1789612223.2532282,fan,158,16,0.0,0.0,0.0,7659612.0,0.0,0.0,5502259.5,2439245.0,0.0,4983901.0,0.0,1028378.125,2981287.25,6946510.5,7128242.0,0.0,0
1789612223.3137715,fan,158,12,5481882.0,0.0,692951.6875,0.0,293522.75,908978.25,398829.75,0.0,0.0,4228900.0,1816404.375,0.0,0.0,0.0,538146.1875,963718.1875,0
1789612223.3639424,fan,149,7,0.0,0.0,0.0,86929344.0,0.0,0.0,0.0,40281220.0,20610144.0,0.0,0.0,0.0,6121225.5,2333955.75,0.0,0.0,0
1789612223.4920037,fan,165,6,0.0,0.0,0.0,0.0,0.0,0.0,0.0,0.0,0.0,0.0,0.0,3365062.5,0.0,2574673.0,1624131.5,6899064.0,0
1789612223.555089,fan,145,6,0.0,0.0,0.0,0.0,14416264.0,0.0,0.0,868341.75,0.0,0.0,0.0,11208830.0,0.0,5118474.0,0.0,0.0,0
1789612223.6194084,fan,168,9,0.0,0.0,2938067.5,0.0,0.0,0.0,8868420.0,5465072.5,0.0,2258222.5,0.0,0.0,0.0,0.0,440967.59375,1221818.625,0
1789612223.695542,fan,141,8,0.0,2064962.125,2384490.25,0.0,0.0,0.0,0.0,0.0,0.0,1722698.5,1843724.875,2294467.0,0.0,350444.625,0.0,0.0,0
1789612223.7558725,fan,160,6,3774528.5,0.0,0.0,0.0,798987.9375,6511618.0,0.0,1153880.125,0.0,0.0,0.0,0.0,1087031.25,2255705.0,0.0,0.0,0
1789612223.820233,fan,158,4,0.0,0.0,0.0,0.0,0.0,0.0,0.0,18934246.0,0.0,107430528.0,0.0,0.0,0.0,24513078.0,0.0,0.0,0
1789612223.9183035,fan,122,7,1623444.375,0.0,0.0,0.0,1108753.25,0.0,855484.625,0.0,0.0,0.0,0.0,5850301.0,0.0,1647101.125,0.0,0.0,0
1789612223.9820228,fan,146,9,0.0,0.0,15625060.0,0.0,0.0,0.0,0.0,24552494.0,15863500.0,13347063.0,0.0,8268514.0,8947866.0,2336578.25,1395871.0,1487593.125,0
1789612224.0414546,fan,146,4,0.0,0.0,0.0,0.0,0.0,0.0,0.0,0.0,0.0,3903948.5,0.0,7455705.0,0.0,6044636.0,0.0,0.0,0
1789612224.0916708,fan,101,6,0.0,0.0,0.0,0.0,0.0,0.0,0.0,0.0,0.0,0.0,0.0,0.0,0.0,4677428.0,10723610.0,7889691.0,0
1789612224.1559703,fan,194,6,0.0,0.0,0.0,0.0,0.0,0.0,0.0,17104414.0,0.0,0.0,25167252.0,17726434.0,11567216.0,0.0,0.0,4729745.0,0
1789612224.2128315,fan,127,4,0.0,0.0,0.0,0.0,66286364.0,0.0,0.0,0.0,0.0,0.0,0.0,8170186.5,16965466.0,0.0,0.0,0.0,0
1789612224.320632,fan,118,8,1161298.75,0.0,0.0,2092306.0,0.0,0.0,1290233.375,0.0,0.0,1208302.75,0.0,5513423.5,0.0,1809962.75,0.0,0.0,0
1789612224.3820493,fan,142,7,0.0,0.0,0.0,0.0,935511.1875,0.0,2377638.5,0.0,0.0,3459708.0,0.0,1690236.5,0.0,0.0,602954.3125,0.0,0
1789612224.520429,fan,121,4,0.0,0.0,0.0,0.0,37817344.0,0.0,0.0,0.0,0.0,0.0,0.0,0.0,12704240.0,8456367.0,0.0,0.0,0
1789612224.57973,fan,169,11,0.0,0.0,0.0,5797591.0,0.0,12678158.0,2046088.75,0.0,1580853.375,692162.875,5646124.5,893539.625,0.0,3414353.75,1641684.375,0.0,0
1789612224.6803231,fan,142,8,0.0,0.0,0.0,0.0,0.0,5216274.0,0.0,0.0,4441633.5,5852342.0,1780956.375,2083678.375,0.0,0.0,0.0,7411745.5,0
1789612224.7436283,fan,142,5,0.0,0.0,0.0,0.0,0.0,0.0,11716086.0,0.0,0.0,0.0,5990982.0,0.0,0.0,5277497.0,2425244.25,0.0,0
1789612224.8390713,fan,146,16,0.0,0.0,624865.375,2000176.75,2388422.25,7344055.5,7419527.5,0.0,0.0,1781090.25,0.0,6502370.5,1332345.5,1314515.375,2415500.5,0.0,0
1789612224.897942,fan,148,4,0.0,0.0,0.0,0.0,0.0,0.0,0.0,0.0,0.0,0.0,0.0,0.0,0.0,2094888.375,7372172.5,2579978.75,0
1789612225.0295923,fan,167,7,0.0,0.0,0.0,0.0,0.0,0.0,0.0,5915743.0,851760.625,0.0,0.0,0.0,0.0,1164279.5,1538909.875,2005325.5,0
1789612225.1005638,fan,147,11,1663375.0,0.0,7330808.5,3108057.0,0.0,2046511.75,0.0,1375690.375,0.0,0.0,740804.75,1047222.625,897790.25,917485.625,603841.5625,0.0,0
1789612225.2195485,fan,148,3,0.0,3696925.5,0.0,0.0,0.0,0.0,0.0,0.0,0.0,0.0,2831267.0,0.0,0.0,0.0,227817.171875,0.0,0
1789612225.3468096,fan,153,11,0.0,1016497.25,1440820.75,3321855.5,0.0,253530.96875,1826162.25,0.0,0.0,0.0,1716298.25,0.0,0.0,2385836.5,5556364.0,614654.75,0
1789612225.6946158,fan,162,11,2362244.25,0.0,563239.5,0.0,586405.8125,0.0,0.0,1462738.875,0.0,9382033.0,0.0,336379.65625,595431.0,5352186.5,0.0,0.0,0
1789612225.8851092,fan,148,11,3961529.5,0.0,1413577.75,1273630.625,0.0,0.0,0.0,1723800.75,0.0,633672.5,1066193.5,9659928.0,0.0,2680920.0,0.0,370581.75,0
1789612225.9809449,fan,164,12,0.0,0.0,0.0,0.0,0.0,0.0,2087831.5,1305789.5,0.0,3134477.25,1215794.625,568540.25,2004440.25,2816854.75,581738.1875,0.0,0
1789612226.0412412,fan,182,9,0.0,0.0,0.0,627010.5,0.0,1474731.75,0.0,0.0,0.0,3944651.75,9794815.0,3005093.5,1916895.0,3037278.25,0.0,0.0,0
1789612226.116859,fan,166,9,0.0,0.0,0.0,0.0,0.0,0.0,3326952.25,3552804.25,0.0,14009325.0,1614495.25,0.0,235435.53125,0.0,1276372.25,927303.875,0
1789612226.1834025,fan,9,8,0.0,0.0,0.0,0.0,0.0,0.0,0.0,84605224.0,0.0,121889216.0,0.0,97710984.0,39453324.0,72151904.0,0.0,0.0,0
1789612226.2472394,fan,146,12,119180328.0,0.0,0.0,0.0,30446086.0,0.0,0.0,35749096.0,33083224.0,39203632.0,0.0,0.0,0.0,20066104.0,14080460.0,0.0,0
1789612226.3634415,fan,146,4,0.0,0.0,0.0,0.0,0.0,0.0,7175824.0,0.0,0.0,0.0,1263880.875,950949.75,0.0,1180214.75,0.0,0.0,0
1789612226.4067023,fan,146,10,0.0,0.0,0.0,0.0,0.0,0.0,0.0,0.0,1408750.25,0.0,10530986.0,2430527.0,0.0,1552211.5,2066308.0,2652673.0,0
1789612226.4714727,fan,156,12,0.0,0.0,0.0,0.0,6869209.5,520980.5625,1391336.0,0.0,0.0,7370387.5,3451020.75,0.0,0.0,2014679.875,1494773.375,1909566.75,0
1789612226.5826328,fan,147,9,0.0,0.0,0.0,0.0,2569423.5,0.0,3607915.0,0.0,568447.0625,0.0,1555016.875,2192051.5,948312.5,0.0,1909038.25,0.0,0
1789612226.6423676,fan,147,7,0.0,0.0,0.0,0.0,6485570.0,679054.0,801320.0625,0.0,0.0,0.0,1497325.875,4924812.0,0.0,1214875.125,0.0,0.0,0
1789612226.7367084,fan,96,3,0.0,0.0,0.0,0.0,0.0,0.0,0.0,0.0,1544071.0,0.0,0.0,0.0,375634.25,0.0,0.0,260720.296875,0
1789612226.837654,fan,169,7,0.0,0.0,0.0,0.0,0.0,0.0,16559808.0,2348636.25,0.0,0.0,1833099.625,0.0,0.0,5299950.5,2364512.25,0.0,0
1789612226.8898013,fan,169,3,0.0,0.0,0.0,0.0,0.0,0.0,0.0,0.0,3993086.5,0.0,0.0,0.0,0.0,2646433.0,0.0,1568369.5,0
1789612226.8907142,fan,120,3,0.0,0.0,0.0,0.0,0.0,30850320.0,0.0,0.0,0.0,0.0,0.0,0.0,0.0,3222670.5,0.0,0.0,0
1789612227.1332188,fan,173,4,0.0,0.0,0.0,0.0,0.0,0.0,0.0,0.0,34994012.0,0.0,23274274.0,22862528.0,0.0,13120053.0,0.0,0.0,0
1789612227.311557,fan,176,3,0.0,0.0,0.0,0.0,0.0,0.0,0.0,0.0,0.0,3372762.0,2022711.125,0.0,0.0,0.0,1053590.25,0.0,0
1789612227.3754292,fan,151,11,0.0,0.0,0.0,0.0,0.0,0.0,0.0,0.0,889636.75,5266270.0,13747996.0,6362012.0,0.0,1537821.0,1573067.25,1038108.5625,0
1789612227.4399073,fan,155,6,0.0,0.0,0.0,0.0,0.0,0.0,0.0,0.0,0.0,3154674.0,2944348.75,2132265.0,1347353.375,593532.375,0.0,0.0,0
1789612227.5042348,fan,164,10,0.0,2707084.5,2553335.5,0.0,0.0,0.0,960960.3125,3244819.75,1980813.5,0.0,1095116.0,0.0,0.0,1547597.875,0.0,0.0,0
1789612227.5728686,fan,147,7,0.0,0.0,0.0,0.0,17946044.0,0.0,0.0,0.0,12326751.0,0.0,0.0,13745785.0,11048736.0,9397904.0,5937325.0,0.0,0
1789612227.637711,fan,164,4,0.0,0.0,0.0,0.0,0.0,6613620.0,0.0,0.0,0.0,3612298.5,0.0,0.0,0.0,10155885.0,0.0,0.0,0
1789612227.7020671,fan,165,5,0.0,0.0,0.0,0.0,0.0,0.0,0.0,4065161.0,0.0,0.0,0.0,1200540.75,1060345.0,3209934.0,0.0,0.0,0
1789612227.831164,fan,137,7,0.0,0.0,0.0,0.0,0.0,6331028.0,0.0,5173106.0,0.0,2670665.0,0.0,2869041.75,0.0,0.0,1445574.375,1884680.625,0
1789612227.8967671,fan,83,5,0.0,0.0,0.0,0.0,0.0,0.0,0.0,0.0,0.0,0.0,4268860.0,0.0,3082865.75,3500746.5,4714795.5,0.0,0
1789612227.9724789,fan,189,5,0.0,0.0,0.0,12572105.0,0.0,3625451.5,6953309.0,10947762.0,0.0,0.0,0.0,0.0,0.0,0.0,2897599.25,0.0,0
1789612228.0361967,fan,147,4,0.0,0.0,0.0,0.0,0.0,0.0,444926.75,0.0,3285517.25,0.0,0.0,0.0,2527743.0,0.0,0.0,0.0,0
1789612228.0998714,fan,136,10,3873179.0,0.0,1326042.0,0.0,409511.25,0.0,0.0,0.0,0.0,2192058.75,0.0,7085911.0,1902831.75,0.0,1883200.625,2212259.5,0
1789612228.1622605,fan,165,10,0.0,0.0,0.0,0.0,42349200.0,9742257.0,8713295.0,1965923.625,0.0,0.0,0.0,710115.5,4937256.0,4717235.5,323900.25,1742486.25,0
1789612228.3269584,fan,136,4,0.0,0.0,0.0,0.0,0.0,0.0,0.0,0.0,232446000.0,0.0,0.0,0.0,0.0,0.0,27832220.0,2312601.5,0
1789612228.3860083,fan,165,4,0.0,0.0,0.0,0.0,0.0,0.0,0.0,0.0,0.0,1175773.625,1203829.75,0.0,0.0,0.0,0.0,4330493.5,0
1789612228.4488366,fan,129,3,0.0,0.0,0.0,0.0,0.0,0.0,0.0,0.0,0.0,0.0,0.0,0.0,4822633.5,0.0,956320.0,768921.625,0
1789612228.5123408,fan,152,15,0.0,0.0,0.0,0.0,0.0,6284075.0,4820107.5,3472544.0,840767.3125,0.0,1767180.0,451254.5625,3426359.5,7083864.0,6932728.5,0.0,0
1789612228.5751941,fan,153,3,0.0,0.0,0.0,0.0,0.0,0.0,0.0,0.0,0.0,0.0,0.0,3697471.0,6958555.0,0.0,0.0,0.0,0
1789612228.6385915,fan,140,7,0.0,0.0,0.0,0.0,0.0,5632880.0,9049629.0,0.0,1751437.75,0.0,0.0,0.0,2002981.75,0.0,2685744.5,0.0,0
1789612228.7009807,fan,166,15,0.0,0.0,0.0,0.0,1210832.25,7930332.5,1129028.875,2533524.5,347924.71875,0.0,0.0,4729522.0,9297772.0,4054987.5,1676051.375,1429837.5,0
1789612228.7658656,fan,166,6,0.0,0.0,0.0,0.0,0.0,0.0,1021992.4375,0.0,0.0,0.0,0.0,0.0,2955909.0,409236.46875,3129858.0,2200921.5,0
1789612228.8156981,fan,166,3,0.0,0.0,0.0,0.0,0.0,0.0,12229892.0,0.0,0.0,0.0,0.0,0.0,0.0,974399.875,0.0,2542728.25,0
1789612229.047515,fan,118,3,0.0,0.0,0.0,0.0,0.0,0.0,0.0,0.0,0.0,0.0,17454064.0,4173366.5,0.0,3869256.5,0.0,0.0,0
1789612229.0982316,fan,175,4,0.0,0.0,0.0,0.0,0.0,0.0,0.0,0.0,0.0,0.0,0.0,0.0,0.0,6017991.0,3722994.0,6176750.0,0
1789612229.2496564,fan,264,3,0.0,0.0,0.0,0.0,0.0,0.0,0.0,0.0,0.0,0.0,0.0,312248.125,1011588.75,0.0,0.0,0.0,0
1789612229.3137364,fan,154,6,0.0,0.0,0.0,0.0,0.0,0.0,0.0,0.0,0.0,0.0,624854.0,0.0,7089592.0,1897683.5,3661773.5,0.0,0
1789612229.3780687,fan,153,6,0.0,0.0,0.0,0.0,0.0,0.0,0.0,0.0,745670976.0,0.0,126780136.0,108287968.0,0.0,30748530.0,25272266.0,0.0,0
1789612229.4407287,fan,158,8,0.0,0.0,0.0,0.0,0.0,2381072.5,0.0,0.0,0.0,2700827.0,0.0,846161.0625,0.0,3098710.75,6005113.0,1251380.375,0
1789612229.5661836,fan,162,13,9379663.0,510307.96875,0.0,0.0,0.0,0.0,4643487.5,0.0,2750019.0,7285155.5,3573626.25,219747.625,2580294.75,1670076.25,0.0,0.0,0
1789612229.6373992,fan,158,4,0.0,0.0,0.0,0.0,0.0,0.0,0.0,5295845.5,5190966.0,2135530.5,0.0,0.0,0.0,0.0,0.0,0.0,0
1789612229.850454,fan,158,10,0.0,0.0,0.0,0.0,0.0,0.0,0.0,0.0,0.0,0.0,10055232.0,9142474.0,4195147.0,16985360.0,2028891.5,0.0,0
1789612229.8953943,fan,164,4,0.0,0.0,0.0,0.0,0.0,0.0,5104716.0,0.0,0.0,4302860.5,0.0,2198080.0,0.0,0.0,2722857.25,0.0,0
1789612229.9608345,fan,156,5,0.0,0.0,0.0,0.0,0.0,6405290.5,0.0,4935490.5,1366292.75,0.0,0.0,0.0,1895706.25,583392.0,0.0,0.0,0
1789612230.0248172,fan,143,5,0.0,0.0,0.0,0.0,0.0,0.0,12180301.0,21819464.0,7664723.5,0.0,0.0,5606559.5,18528704.0,0.0,0.0,0.0,0
1789612230.1053412,fan,139,9,0.0,0.0,0.0,0.0,0.0,0.0,0.0,0.0,672532.625,0.0,0.0,4904287.0,2243564.75,9001977.0,5008333.0,0.0,0
1789612230.1639767,fan,112,9,0.0,0.0,0.0,9155560.0,0.0,0.0,3920555.0,0.0,0.0,2924860.0,0.0,6753491.0,2083856.5,0.0,1058279.125,4664964.0,0
1789612230.1647642,fan,153,3,0.0,0.0,0.0,0.0,0.0,0.0,0.0,0.0,1642485.625,0.0,5565389.0,5845791.0,0.0,0.0,0.0,0.0,0
1789612230.2395394,fan,158,14,0.0,0.0,0.0,1390144.0,4483044.0,1885976.25,5257224.5,3271167.75,0.0,0.0,3220783.5,2436466.75,3774590.5,1094048.5,480249.5625,0.0,0
1789612230.4235394,fan,158,6,250668992.0,0.0,0.0,0.0,0.0,0.0,0.0,0.0,0.0,0.0,2465534.75,661253.625,0.0,0.0,1686915.25,1424936.625,0
1789612230.4687226,fan,148,5,0.0,0.0,0.0,0.0,0.0,0.0,0.0,0.0,2735253.5,0.0,0.0,2867806.5,0.0,0.0,3387178.0,0.0,0
1789612230.5491738,fan,149,15,8506190.0,3992721.5,0.0,466497.25,357751.0,0.0,4324753.0,0.0,0.0,806843.75,4892746.0,2499863.5,0.0,3118301.5,0.0,1106881.75,0
1789612230.6089685,fan,149,8,0.0,0.0,1380674.25,0.0,707975.125,2085759.75,0.0,0.0,0.0,888695.25,0.0,1947574.25,0.0,0.0,0.0,2688201.0,0
1789612230.6585464,fan,149,6,0.0,0.0,0.0,0.0,0.0,0.0,1948830.875,0.0,0.0,0.0,1082595.25,0.0,1723594.0,6387040.0,0.0,0.0,0
1789612230.8016226,fan,177,7,0.0,50122876.0,0.0,0.0,0.0,0.0,6066002.0,4000020.0,4093186.5,0.0,0.0,522181.5625,0.0,0.0,0.0,0.0,0
1789612230.8655355,fan,143,8,0.0,0.0,0.0,0.0,264673456.0,114317424.0,29940766.0,0.0,0.0,0.0,0.0,4089796.5,539875.4375,4772749.0,2557967.25,0.0,0
1789612230.9294243,fan,144,5,0.0,0.0,0.0,0.0,0.0,0.0,0.0,0.0,2776168.75,2979759.5,4498492.0,3378442.5,0.0,0.0,0.0,4941613.5,0
1789612230.9929862,fan,164,4,0.0,0.0,0.0,0.0,0.0,0.0,3651827.0,0.0,0.0,0.0,0.0,4648773.0,0.0,0.0,0.0,9616436.0,0
1789612230.9940987,fan,112,9,0.0,0.0,0.0,0.0,5053752.0,0.0,0.0,0.0,0.0,2468138.5,3432129.0,3258639.0,1026092.9375,1654627.75,801366.375,0.0,0
1789612231.056716,fan,164,3,0.0,0.0,45089952.0,0.0,0.0,0.0,0.0,0.0,0.0,0.0,0.0,6752535.0,0.0,0.0,0.0,0.0,0
1789612231.1835544,fan,116,6,0.0,0.0,0.0,0.0,0.0,0.0,3477753.0,0.0,0.0,1262000.625,0.0,4214090.0,0.0,2672717.75,2747673.0,0.0,0
1789612231.2583227,fan,156,7,0.0,0.0,0.0,0.0,0.0,0.0,0.0,10929078.0,0.0,0.0,0.0,0.0,12483329.0,0.0,1076520.125,2660808.75,0
1789612231.370758,fan,167,7,0.0,0.0,0.0,0.0,5048668.5,0.0,0.0,0.0,523566.125,1870343.25,2971655.5,0.0,0.0,1834771.0,0.0,516996.8125,0
1789612231.4345968,fan,145,5,0.0,0.0,0.0,0.0,0.0,0.0,0.0,0.0,0.0,0.0,0.0,0.0,137355488.0,56465728.0,42271948.0,38647668.0,0
1789612231.5326428,fan,152,6,0.0,0.0,0.0,0.0,21134322.0,0.0,0.0,0.0,0.0,1362417.5,1686508.625,1131610.5,989878.125,0.0,0.0,0.0,0
1789612231.5960908,fan,152,8,0.0,0.0,0.0,0.0,0.0,7110508.5,0.0,0.0,0.0,1263059.0,1012327.25,0.0,476695.0625,0.0,3745601.0,1166989.0,0
1789612231.6424823,fan,143,13,0.0,0.0,0.0,0.0,0.0,0.0,0.0,3822620.0,0.0,0.0,4365155.0,4376204.5,4461876.0,5114558.5,2071555.875,0.0,0
1789612231.8097577,fan,131,5,0.0,0.0,0.0,0.0,0.0,0.0,0.0,0.0,0.0,759961.9375,0.0,4383992.0,0.0,5763958.0,0.0,0.0,0
1789612231.8714776,fan,144,12,0.0,0.0,8010176.0,0.0,0.0,0.0,8350737.0,1063133.125,0.0,2929714.5,0.0,973700.75,1500412.0,3701370.0,6617025.0,0.0,0
1789612232.0086613,fan,174,6,0.0,0.0,0.0,0.0,2265442.5,0.0,0.0,6802292.5,0.0,0.0,0.0,7165846.0,0.0,927992.0625,0.0,1621809.625,0
1789612232.0095859,fan,139,12,444422.53125,0.0,1309463.875,826135.625,3198744.0,912091.5,215279.03125,0.0,0.0,7631601.5,2581056.5,0.0,5307650.0,0.0,0.0,0.0,0
1789612232.1026547,fan,141,9,0.0,0.0,3814117.75,0.0,0.0,0.0,4459581.0,0.0,0.0,1225210.25,1253042.25,0.0,2259894.75,789596.9375,0.0,0.0,0
1789612232.170129,fan,168,4,0.0,0.0,0.0,0.0,0.0,6769099.0,0.0,0.0,0.0,0.0,0.0,0.0,0.0,0.0,3901035.25,0.0,0
1789612232.2332327,fan,154,5,0.0,0.0,0.0,0.0,0.0,17546248.0,0.0,0.0,0.0,0.0,8691797.0,0.0,962256.25,0.0,0.0,968956.375,0
1789612232.296765,fan,134,5,0.0,0.0,0.0,0.0,0.0,1183387.75,0.0,0.0,0.0,0.0,0.0,1023841.0625,3537172.75,7115701.5,3785370.0,0.0,0
1789612232.3586798,fan,140,7,0.0,0.0,0.0,0.0,0.0,21247592.0,0.0,0.0,0.0,19475810.0,0.0,0.0,3691685.0,33926896.0,12299574.0,0.0,0
1789612232.4508455,fan,120,11,21565910.0,0.0,23068112.0,0.0,0.0,2122539.75,0.0,0.0,0.0,397217.125,525033.75,0.0,6262953.0,5443179.5,1446123.5,1217097.25,0
1789612232.5089576,fan,148,6,0.0,0.0,0.0,0.0,0.0,0.0,0.0,0.0,0.0,1888334.0,4434859.5,0.0,0.0,2117079.5,0.0,0.0,0
1789612232.572448,fan,109,7,0.0,0.0,48753632.0,0.0,0.0,0.0,5289053.0,0.0,6711093.0,0.0,0.0,0.0,1934452.125,730193.6875,923104.1875,0.0,0
1789612232.6352003,fan,109,5,0.0,0.0,66098760.0,46016428.0,0.0,0.0,0.0,0.0,0.0,0.0,0.0,0.0,0.0,2326141.25,0.0,1250288.375,0
1789612232.7377393,fan,151,10,0.0,0.0,0.0,0.0,0.0,4433206.0,444795.78125,0.0,381434.65625,1044223.125,0.0,1826533.25,4771028.0,5774839.0,0.0,1491952.625,0
1789612232.8013957,fan,140,6,392485344.0,0.0,0.0,0.0,6552142.0,16105014.0,15101342.0,0.0,0.0,1096640.625,0.0,0.0,3799309.25,0.0,0.0,0.0,0
1789612233.087135,fan,156,5,0.0,0.0,0.0,0.0,0.0,0.0,0.0,0.0,739626.5625,0.0,0.0,6525502.0,2748869.0,0.0,1868330.875,1784487.125,0
1789612233.1460156,fan,149,7,0.0,0.0,0.0,0.0,0.0,0.0,11681270.0,4085235.0,0.0,0.0,0.0,2340539.5,3642390.5,771949.25,3185285.5,0.0,0
1789612233.2206879,fan,149,14,34412664.0,0.0,3539873.5,0.0,1647088.5,8532409.0,0.0,3962595.5,0.0,0.0,497696.15625,0.0,1123997.0,1856205.375,2756669.0,0.0,0
1789612233.2775257,fan,150,12,0.0,0.0,0.0,0.0,0.0,577172.3125,1858430.625,0.0,0.0,10074644.0,12049924.0,5485331.0,1877237.75,2489102.5,0.0,0.0,0
1789612233.3361084,fan,150,6,0.0,0.0,0.0,0.0,0.0,0.0,0.0,0.0,0.0,5784773.0,0.0,0.0,511080.625,5346821.5,0.0,241804.890625,0
1789612233.3858957,fan,137,8,0.0,6779231.0,9658780.0,0.0,0.0,0.0,0.0,0.0,0.0,1744037.875,0.0,2110365.0,2240415.5,7256189.0,0.0,0.0,0
1789612233.4472313,fan,138,6,0.0,0.0,3284707.0,0.0,0.0,0.0,0.0,0.0,2126342.75,0.0,0.0,1184036.75,0.0,0.0,0.0,614752.375,0
1789612233.5095344,fan,137,9,0.0,0.0,0.0,0.0,0.0,0.0,13834620.0,0.0,0.0,567758.75,0.0,7338761.5,5242945.0,1208330.375,3033379.0,0.0,0
1789612233.5701118,fan,137,4,0.0,0.0,0.0,0.0,0.0,0.0,0.0,0.0,0.0,2525789.75,5143629.0,0.0,1458721.5,0.0,2490160.0,0.0,0
1789612233.6667106,fan,183,4,0.0,0.0,0.0,0.0,0.0,0.0,0.0,0.0,0.0,0.0,0.0,0.0,0.0,44746592.0,16022405.0,13326688.0,0
1789612233.788011,fan,5,3,0.0,231196624.0,0.0,0.0,0.0,0.0,0.0,0.0,6369750.5,0.0,0.0,0.0,0.0,1853257.875,0.0,0.0,0
1789612233.9177659,fan,162,4,11630108.0,0.0,0.0,0.0,0.0,0.0,0.0,0.0,0.0,1484824.125,0.0,2280732.0,0.0,2780156.0,0.0,0.0,0
1789612234.1636882,fan,132,8,0.0,0.0,0.0,0.0,2628570.5,4087325.5,0.0,0.0,0.0,0.0,2400255.0,2546173.25,12888470.0,2319693.0,0.0,0.0,0
1789612234.222684,fan,143,5,0.0,0.0,0.0,0.0,0.0,0.0,0.0,0.0,0.0,0.0,722908.875,0.0,7496441.0,5419131.0,0.0,328923.5,0
1789612234.2844234,fan,157,10,0.0,0.0,0.0,0.0,478559.625,0.0,385667.8125,0.0,0.0,0.0,1984902.75,4345625.5,0.0,2025561.375,2844069.25,2705137.5,0
1789612234.38734,fan,157,11,1766356.0,0.0,0.0,0.0,0.0,0.0,0.0,0.0,0.0,7395873.0,0.0,2864801.25,5050137.0,735931.1875,8702928.0,1268391.75,0
1789612234.4332101,fan,172,12,0.0,0.0,0.0,0.0,461847.09375,1603522.75,4161493.5,0.0,539354.0,0.0,1640605.5,1241758.125,0.0,3714202.0,4997025.0,0.0,0
1789612234.5771751,fan,151,7,0.0,0.0,0.0,0.0,0.0,1681082.875,0.0,3119498.5,0.0,436311.9375,2086409.25,3471686.25,0.0,0.0,0.0,2915304.25,0
1789612234.6407437,fan,146,14,0.0,0.0,0.0,0.0,1001130.625,1608201.375,1492311.5,2720278.5,0.0,12584797.0,2815411.0,2323598.5,3897395.5,2718972.25,4859581.0,0.0,0
1789612234.7034998,fan,146,4,45773992.0,0.0,0.0,0.0,0.0,2918496.5,0.0,2274678.5,5594902.5,0.0,0.0,0.0,0.0,0.0,0.0,0.0,0
1789612234.8312147,fan,150,8,0.0,0.0,0.0,0.0,0.0,0.0,1108044.125,0.0,4128156.75,0.0,2996183.75,0.0,0.0,3731647.75,0.0,1450637.5,0
1789612234.9007108,fan,12,4,0.0,0.0,0.0,0.0,0.0,0.0,0.0,0.0,2349337.0,1647398.0,0.0,0.0,0.0,0.0,0.0,0.0,0
1789612234.95249,fan,140,8,0.0,0.0,0.0,256568.265625,0.0,0.0,3181262.25,3030021.75,0.0,0.0,0.0,375242.1875,0.0,7669503.0,2200398.0,0.0,0
1789612235.0852582,fan,138,4,0.0,0.0,0.0,0.0,0.0,0.0,2702573.25,3721015.25,0.0,0.0,1490838.375,0.0,0.0,0.0,0.0,2553240.75,0
1789612235.1532004,fan,133,9,0.0,0.0,0.0,0.0,555283.6875,0.0,414875.09375,0.0,0.0,8482186.0,0.0,2756526.25,0.0,0.0,1705187.75,430000.1875,0
1789612235.306763,fan,169,8,4189131.25,0.0,1986139.625,0.0,0.0,2600162.0,1443889.25,0.0,0.0,1141941.5,731763.25,0.0,1225168.5,0.0,0.0,0.0,0
1789612235.3768523,fan,171,8,0.0,0.0,0.0,2886680.0,0.0,742572.5,1809638.125,1606642.25,0.0,1019553.0,772859.75,0.0,2748921.0,0.0,0.0,0.0,0
1789612235.4644797,fan,166,6,0.0,0.0,0.0,1597412.125,0.0,0.0,867227.875,0.0,0.0,0.0,1333017.75,0.0,739776.5,0.0,0.0,0.0,0
1789612235.529664,fan,117,4,0.0,0.0,0.0,0.0,121599752.0,0.0,0.0,0.0,0.0,8978504.0,3763438.0,0.0,0.0,4300855.5,0.0,0.0,0
1789612235.5307422,fan,166,4,0.0,0.0,0.0,0.0,0.0,0.0,0.0,37461360.0,0.0,0.0,0.0,0.0,0.0,0.0,10672045.0,894252.75,0
1789612235.575516,fan,166,5,0.0,0.0,0.0,0.0,0.0,3918366.5,0.0,0.0,0.0,727818.5,1708670.5,1310316.75,0.0,0.0,1331573.5,0.0,0
1789612235.6210804,fan,165,4,0.0,0.0,0.0,0.0,0.0,1354809.25,0.0,0.0,0.0,0.0,1315973.375,1798340.0,2902472.0,0.0,0.0,0.0,0
1789612235.6971087,fan,181,3,0.0,0.0,0.0,0.0,0.0,4701875.0,824597.8125,0.0,0.0,0.0,0.0,0.0,0.0,0.0,0.0,724545.75,0
1789612235.8472672,fan,173,12,0.0,0.0,453698.65625,0.0,0.0,1605314.25,2724419.25,1331866.75,974652.25,2724532.75,0.0,0.0,1082444.25,5120878.5,0.0,3387787.5,0
1789612236.067966,fan,153,10,0.0,0.0,1551545.0,0.0,1408773.5,0.0,4273788.0,0.0,0.0,0.0,2493383.5,860876.25,0.0,3911539.5,361560.28125,0.0,0
1789612236.163453,fan,163,11,0.0,1528546.0,1962596.5,0.0,0.0,299912.6875,0.0,0.0,0.0,0.0,6577250.0,1096277.625,2567125.75,7583524.5,3268156.0,0.0,0
1789612236.226813,fan,146,10,0.0,0.0,0.0,0.0,0.0,0.0,955834.625,5360294.0,996794.875,0.0,0.0,965389.125,0.0,2918541.0,4205026.0,1067597.375,0
1789612236.2896335,fan,142,6,0.0,0.0,0.0,0.0,4388666.0,0.0,2762970.75,7235510.0,0.0,3093654.75,0.0,0.0,0.0,1855666.625,836910.625,0.0,0
1789612236.347718,fan,141,5,0.0,0.0,0.0,0.0,68741824.0,32695730.0,0.0,0.0,7331938.0,0.0,0.0,0.0,0.0,5910110.0,0.0,0.0,0
1789612236.5053926,fan,155,5,0.0,0.0,0.0,0.0,0.0,0.0,0.0,0.0,0.0,0.0,0.0,1452784.875,4191569.75,1339442.75,928642.0,0.0,0
1789612236.639051,fan,132,9,0.0,0.0,0.0,0.0,0.0,0.0,0.0,2626115.25,2326722.25,858700.75,0.0,4530939.0,0.0,8500111.0,3505106.5,2294682.75,0
1789612236.6977162,fan,172,5,0.0,0.0,0.0,0.0,0.0,0.0,2687713.75,1091736.375,0.0,0.0,0.0,0.0,0.0,0.0,1384323.75,2276452.75,0
1789612236.761167,fan,130,7,0.0,0.0,0.0,0.0,0.0,0.0,853034.6875,3531563.0,0.0,0.0,3013401.25,0.0,5974178.0,2557728.5,0.0,0.0,0
1789612237.2092757,fan,159,7,0.0,0.0,0.0,0.0,0.0,1992220.625,3607424.25,0.0,311002.125,1987092.75,0.0,0.0,0.0,811033.875,0.0,12939600.0,0
1789612237.267524,fan,134,9,0.0,0.0,0.0,0.0,0.0,0.0,0.0,0.0,5585740.0,8767707.0,2980272.25,4055633.25,10651876.0,1316695.875,0.0,1153817.375,0
1789612237.3677135,fan,146,5,0.0,0.0,0.0,0.0,0.0,0.0,0.0,0.0,2734886.75,1340277.25,0.0,0.0,0.0,2534320.0,0.0,1172634.0,0
1789612237.4261043,fan,134,5,0.0,0.0,0.0,0.0,1209161.375,0.0,0.0,0.0,0.0,0.0,3923990.75,0.0,0.0,1412282.25,0.0,923558.75,0
1789612237.5370505,fan,91,7,0.0,0.0,0.0,0.0,0.0,0.0,0.0,0.0,0.0,0.0,0.0,0.0,15119402.0,4043744.75,8281007.0,10560658.0,0
1789612237.6012125,fan,228,3,0.0,590238848.0,182586160.0,0.0,0.0,0.0,0.0,0.0,0.0,0.0,0.0,0.0,0.0,0.0,0.0,0.0,0
1789612237.6641939,fan,158,4,0.0,0.0,0.0,0.0,0.0,0.0,0.0,0.0,0.0,0.0,0.0,3227865.5,0.0,0.0,5991957.0,2748693.0,0
1789612237.721781,fan,142,8,0.0,0.0,0.0,0.0,11404255.0,0.0,0.0,0.0,803435.9375,2649860.0,7531241.0,0.0,0.0,6436750.5,0.0,7907621.0,0
1789612238.0654852,fan,138,14,5258003.0,929281.75,329080.90625,0.0,0.0,242778.1875,4442184.0,1518424.5,3860665.0,2447337.0,0.0,1463490.625,0.0,3787867.5,2923923.5,0.0,0
1789612238.1329403,fan,127,8,36368284.0,0.0,0.0,4816945.5,0.0,0.0,0.0,953684.4375,0.0,764512.125,3290900.75,0.0,0.0,0.0,0.0,764716.25,0
1789612238.2241514,fan,126,7,27355998.0,0.0,858614.9375,0.0,398835.40625,0.0,1930179.75,0.0,0.0,0.0,0.0,0.0,0.0,0.0,0.0,0.0,0
1789612238.3194597,fan,143,9,0.0,0.0,0.0,0.0,0.0,4682602.0,0.0,0.0,0.0,0.0,1727258.375,0.0,1565868.75,23400934.0,2315828.25,1161174.375,0
1789612238.3776367,fan,145,6,0.0,0.0,614329.5625,0.0,0.0,4644851.5,0.0,0.0,0.0,3271652.5,0.0,142553.953125,0.0,2082187.5,0.0,0.0,0
1789612238.4409745,fan,158,13,0.0,0.0,768895.3125,0.0,2373083.5,0.0,0.0,3282533.5,3147133.5,7701561.0,667730.25,3618856.75,0.0,2056359.125,4496275.0,0.0,0
1789612238.5037863,fan,160,5,0.0,0.0,32811522.0,0.0,0.0,0.0,0.0,8099054.0,0.0,0.0,0.0,0.0,0.0,8984736.0,0.0,0.0,0
1789612238.5687034,fan,155,8,0.0,0.0,0.0,0.0,0.0,0.0,0.0,0.0,0.0,3933258.0,420146.0625,7821242.0,0.0,5062939.0,821187.625,1883617.5,0
1789612238.6678495,fan,155,5,0.0,0.0,0.0,0.0,0.0,589123.6875,3142675.75,0.0,0.0,359031.65625,0.0,0.0,0.0,0.0,0.0,1619386.25,0
1789612238.7142582,fan,155,9,0.0,0.0,0.0,0.0,1001308.375,2701106.5,4477121.0,0.0,0.0,3502023.0,0.0,1027065.75,0.0,0.0,0.0,0.0,0
1789612238.7640193,fan,139,9,162950544.0,581773184.0,0.0,0.0,0.0,0.0,29817094.0,0.0,0.0,0.0,2136171.5,1192820.625,822109.8125,4161243.0,2444768.75,0.0,0
1789612238.8269536,fan,166,6,0.0,0.0,0.0,0.0,0.0,0.0,10377340.0,9167356.0,0.0,2095659.0,2064143.5,0.0,0.0,3262156.75,0.0,1049556.5,0
1789612238.8860698,fan,167,5,0.0,0.0,0.0,0.0,0.0,0.0,0.0,0.0,0.0,11438134.0,2900267.75,1702990.0,1604600.875,0.0,0.0,1923540.375,0
1789612238.9854329,fan,131,3,0.0,0.0,0.0,0.0,0.0,0.0,0.0,0.0,0.0,0.0,0.0,0.0,5842419.0,6944324.0,0.0,0.0,0
1789612239.0563629,fan,157,11,0.0,0.0,0.0,3588877.75,2001587.25,2230817.0,1205696.75,2658681.5,0.0,544890.3125,0.0,8261058.0,0.0,3057005.75,0.0,0.0,0
1789612239.1785228,fan,150,6,0.0,78894176.0,0.0,0.0,0.0,0.0,0.0,0.0,4904383.5,2785805.75,3522433.5,3437914.5,0.0,1151888.75,0.0,0.0,0
