timestamp,sound_type,detected_angle,bin_count,band_0,band_1,band_2,band_3,band_4,band_5,band_6,band_7,band_8,band_9,band_10,band_11,band_12,band_13,band_14,band_15,label
1789702903.6232665,fan,10,7,4316979.5,2320183.5,0.0,0.0,11903319.0,0.0,0.0,0.0,0.0,1336285.75,0.0,318758.34375,0.0,0.0,0.0,0.0,0
1789702903.6696672,fan,10,8,9642061.0,5593525.0,0.0,0.0,0.0,0.0,0.0,1978835.625,1741426.0,0.0,0.0,0.0,0.0,1868125.25,1758178.625,960433.5625,0
1789702903.7524877,fan,13,17,16597249.0,23133728.0,7017022.0,11828537.0,0.0,0.0,1957205.0,0.0,4431841.0,6363022.5,2331416.5,0.0,0.0,0.0,0.0,1999681.0,0
1789702903.8118882,fan,356,10,0.0,0.0,0.0,0.0,0.0,0.0,0.0,965916.125,3486142.0,8393233.0,0.0,783311.5,0.0,4371167.5,0.0,5166344.0,0
1789702903.8891535,fan,356,6,0.0,0.0,0.0,0.0,0.0,0.0,3089954.5,3366695.5,0.0,0.0,0.0,1998217.0,3060278.5,7730758.0,0.0,0.0,0
1789702903.9348288,fan,344,9,2162956.75,5671322.0,0.0,259600.21875,1675053.375,0.0,0.0,1396223.75,741441.125,4496736.0,0.0,0.0,0.0,0.0,1185398.25,0.0,0
1789702904.0009775,fan,5,14,0.0,762006.625,7361212.5,20730380.0,11880303.0,0.0,0.0,467785.1875,6782867.5,2298196.25,0.0,2999655.25,0.0,0.0,9120106.0,4073743.0,0
1789702904.3536232,fan,6,7,0.0,19403652.0,20597380.0,0.0,0.0,0.0,1071622.25,3541630.0,3420475.5,4060531.75,0.0,0.0,0.0,0.0,1169798.25,0.0,0
1789702904.4489574,fan,335,4,9776521.0,0.0,5171204.5,0.0,0.0,1237891.375,0.0,0.0,0.0,0.0,0.0,1177056.5,0.0,0.0,0.0,0.0,0
1789702904.5094795,fan,52,5,8088271.0,0.0,0.0,1109356.625,0.0,624055.75,1302491.75,0.0,620177.75,0.0,0.0,0.0,0.0,0.0,0.0,0.0,0
1789702904.563679,fan,3,5,0.0,0.0,0.0,0.0,0.0,0.0,2535478.5,5720745.0,0.0,0.0,0.0,0.0,1377532.125,1652374.25,0.0,0.0,0
1789702904.6279979,fan,7,10,10968717.0,11018399.0,1195894.5,0.0,0.0,0.0,0.0,982862.125,11280254.0,11529415.0,0.0,0.0,0.0,0.0,0.0,0.0,0
1789702904.692546,fan,26,5,2017295.0,0.0,25159552.0,11373109.0,0.0,0.0,1780678.25,0.0,0.0,0.0,0.0,0.0,0.0,0.0,0.0,0.0,0
1789702904.7572384,fan,29,3,3401086.5,0.0,0.0,0.0,0.0,0.0,0.0,0.0,0.0,3685193.5,0.0,0.0,0.0,0.0,0.0,0.0,0
1789702904.826522,fan,8,12,0.0,0.0,0.0,13364774.0,3732692.5,0.0,3305815.75,4665667.5,1376096.5,1464243.5,0.0,0.0,0.0,0.0,467291.375,0.0,0
1789702904.9245877,fan,323,8,0.0,0.0,0.0,0.0,1799716.0,1463874.25,0.0,0.0,0.0,1304587.625,0.0,3823455.5,632685.4375,1668314.25,0.0,0.0,0
1789702905.337502,fan,345,10,0.0,0.0,0.0,2268038.25,0.0,0.0,0.0,3127467.5,4140290.5,391027.9375,0.0,0.0,2009726.125,1727369.0,4008326.75,0.0,0
1789702905.4091077,fan,347,13,0.0,0.0,7049710.0,0.0,0.0,4696541.0,4207301.0,7411845.5,8716738.0,5785746.0,0.0,2412649.5,0.0,5799667.0,0.0,0.0,0
1789702905.473825,fan,347,3,0.0,0.0,0.0,0.0,0.0,0.0,0.0,0.0,4556010.0,0.0,0.0,0.0,0.0,0.0,1482265.5,1004692.75,0
1789702905.5197194,fan,2,4,0.0,0.0,0.0,0.0,1532634.5,0.0,0.0,9584957.0,2373510.75,0.0,0.0,1919063.875,0.0,0.0,0.0,0.0,0
1789702905.6237814,fan,1,12,389525.125,0.0,3373867.0,4689248.5,0.0,0.0,0.0,5453899.5,7039077.0,2255170.0,0.0,0.0,0.0,4681802.0,1706165.5,1427151.5,0
1789702905.7498827,fan,356,10,0.0,0.0,0.0,2191335.25,2114329.5,2275578.0,0.0,7829865.0,6331369.0,1654537.75,0.0,0.0,0.0,1404917.375,0.0,946674.25,0
1789702905.8140557,fan,354,18,1360165.5,0.0,7504046.0,7042398.5,776756.0625,0.0,2018720.5,3756848.75,9601054.0,2174615.75,0.0,4924022.0,2668168.0,4331386.0,0.0,0.0,0
1789702905.9403808,fan,358,8,0.0,0.0,1201499.5,4348583.0,0.0,0.0,1121573.25,0.0,1320258.5,0.0,1548909.375,0.0,355310.5,0.0,0.0,1305619.875,0
1789702906.0043244,fan,341,14,16805454.0,11839893.0,1199258.0,2493136.0,2045811.5,1921995.375,2412798.75,1401718.0,0.0,4364742.0,0.0,0.0,0.0,1497965.75,889321.8125,0.0,0
1789702906.097386,fan,343,13,0.0,0.0,15613465.0,7581189.5,0.0,2616849.75,5564426.0,0.0,0.0,0.0,2179342.0,2571743.5,2808855.0,2243866.25,0.0,0.0,0
1789702906.1577654,fan,350,9,1443518.5,6243413.5,12570130.0,0.0,522418.1875,0.0,0.0,0.0,0.0,0.0,2600200.5,0.0,2987960.25,0.0,0.0,2162061.25,0
1789702906.2340143,fan,1,13,0.0,3203916.0,0.0,1743416.5,13589736.0,0.0,674843.0625,4677194.0,13262930.0,0.0,0.0,1604152.25,3539006.5,6635302.5,1378455.75,0.0,0
1789702906.2987945,fan,340,6,0.0,6820565.0,0.0,0.0,3466148.5,6719436.5,0.0,0.0,0.0,0.0,0.0,2838156.5,0.0,1091227.875,0.0,3517419.25,0
1789702906.3632073,fan,54,5,244699152.0,80328464.0,0.0,0.0,22954434.0,0.0,0.0,0.0,0.0,0.0,0.0,0.0,0.0,0.0,0.0,0.0,0
1789702906.4150367,fan,54,4,10511375.0,0.0,0.0,259447.578125,0.0,0.0,0.0,0.0,0.0,315785.84375,0.0,0.0,0.0,0.0,0.0,0.0,0
1789702906.465138,fan,53,4,0.0,6168215.0,2166550.0,4625785.5,0.0,0.0,0.0,0.0,0.0,0.0,0.0,0.0,0.0,0.0,0.0,0.0,0
1789702906.5425174,fan,21,6,0.0,2354878.25,2291220.5,0.0,0.0,0.0,0.0,0.0,1087982.625,1299850.125,0.0,350453.625,722436.625,0.0,0.0,0.0,0
1789702906.668568,fan,352,17,0.0,0.0,4252362.5,3241052.0,0.0,757747.625,1200059.25,4219911.5,2858476.0,2125801.0,2420389.75,1619261.875,0.0,674743.8125,4232913.0,5487612.0,0
1789702906.7282677,fan,358,9,0.0,0.0,1129723.5,0.0,1066987.0,739331.25,0.0,0.0,0.0,2417084.75,0.0,0.0,836014.875,0.0,2618639.0,3800643.25,0
1789702906.9547188,fan,354,10,0.0,4771235.5,0.0,0.0,924225.4375,0.0,0.0,11754830.0,1582597.125,0.0,0.0,2424155.75,0.0,4024123.0,0.0,0.0,0
1789702907.049553,fan,328,9,0.0,0.0,0.0,0.0,0.0,0.0,3919611.0,3690112.5,1091282.75,0.0,0.0,3004035.25,0.0,11232534.0,456846.09375,0.0,0
1789702907.109965,fan,337,9,641313.5,0.0,0.0,4988719.0,9800524.0,2207735.75,0.0,0.0,4254471.0,0.0,0.0,0.0,0.0,834385.5625,1604000.5,0.0,0
1789702907.5895872,fan,339,7,7835689.0,0.0,477681.9375,4359948.0,0.0,0.0,0.0,2027921.25,0.0,0.0,0.0,0.0,2182880.5,4838062.5,0.0,0.0,0
1789702907.7478645,fan,8,13,3852773.0,0.0,0.0,1704047.0,0.0,0.0,1656864.875,1110765.25,3521324.0,5944028.0,249876.21875,0.0,200051.8125,2534307.75,1601735.75,1408766.625,0
1789702907.8199642,fan,359,9,0.0,0.0,0.0,708627.8125,0.0,0.0,0.0,2955050.0,2515452.0,0.0,1684721.0,438305.8125,711299.125,3737222.0,937040.9375,0.0,0
1789702907.8839839,fan,17,6,0.0,48469380.0,137771456.0,0.0,0.0,21975574.0,0.0,12474872.0,16361016.0,0.0,0.0,0.0,0.0,0.0,0.0,0.0,0
1789702907.9944181,fan,352,9,5391583.0,0.0,2289310.0,0.0,0.0,0.0,0.0,2496776.25,3723027.5,2091597.5,631147.8125,0.0,0.0,0.0,3019458.0,0.0,0
1789702908.069626,fan,328,12,703491.75,0.0,0.0,3616480.5,57110232.0,245067920.0,185520528.0,0.0,0.0,145913920.0,84329960.0,0.0,0.0,0.0,0.0,0.0,0
1789702908.1337035,fan,358,10,10435695.0,0.0,0.0,0.0,5468139.0,0.0,111149840.0,0.0,0.0,76921744.0,0.0,125056000.0,0.0,63587356.0,0.0,0.0,0
1789702908.1986294,fan,358,3,12885907.0,0.0,0.0,0.0,0.0,0.0,0.0,17645592.0,0.0,0.0,0.0,0.0,0.0,0.0,18505952.0,0.0,0
1789702908.3180964,fan,6,11,0.0,0.0,4450897.0,0.0,6807026.0,0.0,5709652.5,7352427.0,0.0,0.0,0.0,0.0,11505132.0,8907846.0,1686939.0,0.0,0
1789702908.3797288,fan,16,4,0.0,0.0,0.0,3416583.0,0.0,0.0,7036072.0,0.0,0.0,0.0,0.0,0.0,0.0,0.0,1393197.0,0.0,0
1789702908.4550405,fan,358,9,0.0,0.0,3765293.5,0.0,0.0,0.0,0.0,0.0,747080.0,1620829.375,0.0,1298437.125,4172986.0,1636765.125,0.0,2675875.5,0
1789702908.5183432,fan,357,3,0.0,0.0,0.0,0.0,0.0,0.0,0.0,0.0,0.0,4478192.5,0.0,0.0,0.0,0.0,0.0,1981642.75,0
1789702908.5841177,fan,359,11,0.0,53313592.0,0.0,46599528.0,21542394.0,0.0,17894412.0,6482920.0,16808460.0,2417497.25,0.0,0.0,0.0,0.0,2915077.25,2915817.5,0
1789702908.713094,fan,348,9,0.0,16725235.0,0.0,0.0,0.0,0.0,0.0,0.0,0.0,0.0,4943426.0,12020744.0,0.0,9413860.0,5148410.0,0.0,0
1789702908.777837,fan,23,3,0.0,0.0,0.0,0.0,0.0,0.0,16507712.0,0.0,1089998.875,0.0,0.0,0.0,0.0,0.0,0.0,0.0,0
1789702908.8415444,fan,324,7,12354844.0,26794148.0,0.0,0.0,0.0,0.0,2856223.5,0.0,0.0,10896290.0,0.0,0.0,0.0,10877016.0,0.0,0.0,0
1789702908.9054477,fan,22,7,470926912.0,197671312.0,126163016.0,0.0,50189804.0,0.0,53460624.0,0.0,0.0,0.0,23003646.0,0.0,0.0,0.0,0.0,0.0,0
1789702908.9687831,fan,327,6,0.0,0.0,0.0,0.0,415413632.0,344715392.0,131079984.0,0.0,0.0,0.0,0.0,0.0,0.0,0.0,39430068.0,0.0,0
1789702909.0332153,fan,327,10,32874196.0,0.0,0.0,0.0,0.0,13398090.0,14977867.0,0.0,0.0,0.0,3059198.0,1327189.5,0.0,0.0,3597509.25,1426321.125,0
1789702909.0789924,fan,327,4,0.0,0.0,1477576.125,0.0,0.0,0.0,0.0,683621.125,0.0,0.0,0.0,0.0,0.0,0.0,0.0,1544127.125,0
1789702909.2698562,fan,1,9,0.0,11800902.0,9740321.0,4584139.5,0.0,8695017.0,0.0,0.0,3038354.0,6424981.5,555076.0,0.0,0.0,0.0,0.0,0.0,0
1789702909.3296177,fan,1,12,4936832.0,5612028.5,15216609.0,2767358.0,3857315.5,312831.375,0.0,4423878.5,0.0,0.0,0.0,0.0,0.0,0.0,0.0,1297466.0,0
1789702909.379385,fan,344,10,0.0,6797654.5,8579096.0,0.0,0.0,717400.75,0.0,0.0,0.0,3473444.5,0.0,3439850.5,0.0,0.0,763804.625,0.0,0
1789702909.4440324,fan,352,16,492973.28125,5968005.0,0.0,0.0,2694964.0,1833210.75,5238838.0,3001724.25,0.0,1495346.0,211986.734375,0.0,3579241.0,2851379.0,6240034.0,0.0,0
1789702909.5546842,fan,318,9,0.0,7462709.0,7393239.5,0.0,2716170.0,0.0,0.0,0.0,0.0,0.0,1672994.75,1590365.25,7439213.0,1249606.25,1576512.125,0.0,0
1789702909.8421729,fan,14,11,0.0,0.0,14340474.0,1246683.375,0.0,0.0,466852.0,0.0,0.0,8281408.5,115671.921875,0.0,0.0,0.0,617734.8125,0.0,0
1789702909.842968,fan,339,7,266454.3125,0.0,0.0,0.0,0.0,0.0,0.0,4056954.0,0.0,0.0,0.0,2459809.0,922094.6875,2438159.0,2571937.5,0.0,0
1789702910.8251967,fan,27,5,0.0,0.0,0.0,1649427.75,0.0,0.0,0.0,0.0,3426233.25,0.0,0.0,0.0,0.0,0.0,0.0,2055469.5,0
1789702910.8259695,fan,345,10,0.0,0.0,0.0,0.0,8202903.0,0.0,0.0,0.0,0.0,0.0,0.0,3999674.0,2367967.75,0.0,1506739.5,1877248.0,0
1789702911.0451403,fan,70,4,8448917.0,4905498.0,0.0,0.0,892773.5625,0.0,1203454.75,0.0,0.0,0.0,0.0,0.0,0.0,0.0,0.0,0.0,0
1789702911.8387349,fan,308,6,0.0,0.0,0.0,2488791.5,868418.25,0.0,3298361.0,0.0,0.0,0.0,0.0,0.0,2882004.75,0.0,0.0,0.0,0
1789702911.839795,fan,356,9,0.0,2159836.5,0.0,0.0,1553301.25,0.0,0.0,0.0,0.0,2111693.0,675027.9375,1861320.0,0.0,2580008.5,832811.5,0.0,0
1789702912.124174,fan,8,13,1649587.5,0.0,1430580.0,0.0,0.0,370171.4375,695009.375,0.0,4713510.5,5391664.5,2797682.0,735263.875,0.0,2078498.75,0.0,352975.125,0
1789702912.34533,fan,341,13,0.0,0.0,2226794.5,0.0,0.0,2485481.0,0.0,4053479.75,3813874.0,0.0,946822.875,0.0,5177523.0,1859993.0,0.0,181908.203125,0
1789702912.4398165,fan,8,4,0.0,0.0,1944565.75,12450472.0,0.0,0.0,0.0,409593.75,0.0,0.0,0.0,0.0,0.0,0.0,0.0,0.0,0
1789702912.5559547,fan,345,9,0.0,0.0,0.0,0.0,272619.0625,0.0,0.0,0.0,2992401.0,2905927.0,1687355.75,0.0,1074680.25,3740915.0,0.0,1574995.5,0
1789702912.620517,fan,13,12,0.0,11523521.0,1627849.25,2810493.25,0.0,0.0,0.0,0.0,3774262.0,1368423.75,275809.1875,0.0,0.0,638665.0,0.0,2552111.5,0
1789702912.6849804,fan,24,8,5193099.5,3761326.0,3156905.5,0.0,0.0,0.0,1116048.625,15640880.0,0.0,3196119.5,0.0,0.0,0.0,0.0,0.0,0.0,0
1789702912.7497656,fan,2,14,4014316.25,0.0,3440010.5,0.0,0.0,1691843.125,4243092.0,5237700.5,2187241.25,1208511.5,2359493.75,4350712.0,0.0,0.0,941460.375,0.0,0
1789702912.8140147,fan,32,5,0.0,0.0,0.0,0.0,0.0,3654435.5,10545908.0,0.0,0.0,0.0,0.0,0.0,0.0,0.0,422981.15625,0.0,0
1789702912.8883815,fan,5,7,0.0,0.0,0.0,4239022.0,0.0,0.0,0.0,0.0,1918039.0,0.0,0.0,1042563.9375,0.0,3129013.75,0.0,0.0,0
1789702912.9523313,fan,2,4,0.0,0.0,0.0,0.0,0.0,0.0,0.0,0.0,8958428.0,0.0,3658978.5,0.0,0.0,5883869.0,0.0,3000471.25,0
1789702913.017354,fan,345,7,28541580.0,0.0,9865471.0,0.0,10784667.0,0.0,3878470.75,3732238.25,8474319.0,0.0,0.0,0.0,0.0,0.0,0.0,4183486.0,0
1789702913.1060553,fan,2,6,0.0,1621076.375,0.0,0.0,4812787.0,0.0,1891933.125,0.0,0.0,4869238.0,0.0,0.0,0.0,0.0,0.0,0.0,0
1789702913.2002876,fan,345,10,0.0,2103763.75,6260642.5,0.0,3381128.25,0.0,0.0,753407.25,1773017.0,0.0,0.0,0.0,0.0,0.0,0.0,3981556.25,0
1789702913.272455,fan,6,13,3873515.0,3565260.0,1692666.75,0.0,0.0,2922119.5,402277.125,4088686.5,889432.0625,2545028.5,2349588.5,0.0,1134033.5,0.0,0.0,0.0,0
1789702913.3375354,fan,68,4,39170980.0,0.0,0.0,0.0,0.0,0.0,0.0,0.0,0.0,2376481.5,0.0,0.0,0.0,0.0,1871320.0,0.0,0
1789702913.400501,fan,322,7,0.0,0.0,2890240.0,0.0,0.0,559642.375,0.0,0.0,0.0,0.0,0.0,0.0,3443407.75,2813168.75,0.0,0.0,0
1789702913.5259514,fan,340,7,0.0,0.0,197229184.0,0.0,455672576.0,0.0,0.0,0.0,71991888.0,0.0,0.0,60924864.0,0.0,40241512.0,0.0,37901740.0,0
1789702913.5898893,fan,340,9,0.0,0.0,0.0,0.0,0.0,0.0,178995296.0,162863104.0,0.0,358960576.0,0.0,188657216.0,80653528.0,0.0,61024952.0,0.0,0
1789702913.6438446,fan,338,7,0.0,0.0,0.0,0.0,4677558.0,0.0,2756888.5,660019.5,0.0,0.0,1572761.0,450339.8125,0.0,0.0,0.0,714420.0,0
1789702913.707391,fan,338,4,0.0,0.0,0.0,0.0,0.0,0.0,1302790.125,0.0,0.0,0.0,0.0,0.0,0.0,1403394.75,0.0,1961879.0,0
1789702913.7562554,fan,326,9,0.0,0.0,0.0,0.0,0.0,1835080.125,0.0,0.0,469076.75,805597.9375,1427726.5,1244931.25,3785768.5,0.0,0.0,456886.75,0
1789702913.819432,fan,349,11,0.0,5262443.5,0.0,4650149.5,3872865.5,976201.125,0.0,714311.625,1039888.0,0.0,1471677.25,817869.3125,0.0,0.0,0.0,2006845.0,0
1789702913.8830073,fan,349,14,0.0,1086695.0,0.0,5113478.0,4183374.5,0.0,0.0,2197245.5,0.0,640698.125,0.0,883345.375,1030159.625,4222839.0,0.0,685598.375,0
1789702913.9337335,fan,350,10,1843822.75,7970785.5,10337803.0,0.0,0.0,0.0,0.0,808670.9375,0.0,2532787.25,973434.25,1955713.0,2251509.5,0.0,1561828.125,0.0,0
1789702913.9985662,fan,354,8,0.0,0.0,0.0,0.0,0.0,0.0,0.0,4437379.5,0.0,0.0,0.0,2215919.0,0.0,0.0,2162992.5,4725365.5,0
1789702914.063385,fan,348,10,1404383.125,3999057.0,0.0,0.0,0.0,1598293.75,0.0,0.0,1152084.25,0.0,0.0,0.0,2899776.0,1862786.5,2999910.5,963556.0,0
1789702914.1508946,fan,340,9,0.0,7377416.0,5984211.0,0.0,0.0,6898928.0,0.0,0.0,0.0,1334716.0,0.0,1197959.125,0.0,0.0,459153.3125,1319808.5,0
1789702914.210828,fan,3,11,0.0,2819639.0,0.0,1554806.375,1575166.0,2241598.0,0.0,516083.1875,0.0,8275517.0,0.0,0.0,0.0,0.0,759919.5625,1710756.5,0
1789702914.2754745,fan,3,11,0.0,0.0,6489873.0,7021965.0,0.0,0.0,0.0,5309974.0,2599353.5,0.0,0.0,0.0,0.0,2861603.0,2097997.75,903954.9375,0
1789702914.343408,fan,353,13,1725390.0,0.0,3664192.0,0.0,1703870.75,2438817.0,216294.71875,1471303.25,0.0,0.0,0.0,1398255.75,0.0,7522101.5,2765822.0,1647485.125,0
1789702914.4033554,fan,327,10,0.0,13645824.0,0.0,0.0,0.0,0.0,0.0,1780998.25,0.0,1164231.5,417012.40625,1022009.0625,921638.125,2155555.25,1286529.0,3665874.0,0
1789702914.467282,fan,317,13,0.0,1318978.125,0.0,0.0,2238514.5,0.0,0.0,3521042.25,233353.1875,0.0,683531.0625,6074727.0,4020604.25,1384883.125,2121859.0,0.0,0
1789702914.529359,fan,333,10,0.0,0.0,0.0,0.0,6749032.5,587671.75,0.0,663097.5,0.0,901336.1875,0.0,0.0,0.0,4414745.0,2699532.0,1681041.5,0
1789702914.6598022,fan,10,9,0.0,9388034.0,14247364.0,4276182.5,1424490.625,0.0,0.0,0.0,735906.5625,2471434.5,0.0,0.0,0.0,1809504.0,0.0,2166678.5,0
1789702914.7197516,fan,333,12,673433.3125,0.0,0.0,0.0,1321462.875,0.0,2347379.25,3085571.5,0.0,0.0,0.0,6043473.0,5096516.0,5376549.0,2143000.75,0.0,0
1789702914.7841954,fan,347,18,4243712.5,5294856.5,11851141.0,0.0,0.0,0.0,0.0,6193117.5,0.0,6945462.0,2451397.0,695172.375,658419.0625,2229738.0,3898327.5,0.0,0
1789702914.8601074,fan,1,10,1474432.125,0.0,0.0,0.0,1453437.25,0.0,0.0,1968008.625,0.0,0.0,0.0,2584790.25,0.0,3252776.5,215540.375,326489.0625,0
1789702914.9234793,fan,345,6,0.0,0.0,86092032.0,0.0,0.0,45778784.0,0.0,0.0,0.0,12567006.0,0.0,15264323.0,0.0,0.0,20869684.0,0.0,0
1789702914.9894674,fan,354,3,0.0,0.0,0.0,0.0,0.0,0.0,0.0,0.0,0.0,0.0,0.0,0.0,0.0,0.0,35906432.0,18746574.0,0
1789702915.0535076,fan,297,4,1649763456.0,0.0,0.0,0.0,0.0,0.0,198049040.0,0.0,0.0,0.0,0.0,0.0,97566224.0,77166280.0,0.0,0.0,0
1789702915.212658,fan,297,3,0.0,0.0,0.0,0.0,648287.9375,0.0,771496.0625,418868.53125,0.0,0.0,0.0,0.0,0.0,0.0,0.0,0.0,0
1789702915.261906,fan,349,11,0.0,0.0,15575567.0,2219567.0,0.0,7906373.0,2295089.75,0.0,2742849.0,1095073.25,1639637.5,771470.4375,0.0,0.0,1047186.8125,1243601.5,0
1789702915.326828,fan,349,8,0.0,0.0,0.0,3066261.75,939622.1875,0.0,0.0,954154.25,0.0,2040923.75,0.0,0.0,0.0,0.0,0.0,2670053.25,0
1789702915.3717148,fan,335,10,0.0,8359176.0,9009991.0,0.0,0.0,0.0,2469987.5,965419.6875,0.0,0.0,1575071.375,3421456.5,0.0,1816943.75,4120696.5,3381051.0,0
1789702915.4908917,fan,56,3,0.0,0.0,16020607.0,0.0,0.0,0.0,0.0,0.0,0.0,0.0,6354703.0,0.0,0.0,0.0,0.0,1860444.5,0
1789702915.5363207,fan,56,5,0.0,0.0,2954163.75,0.0,0.0,0.0,1313802.5,2567315.25,0.0,0.0,0.0,0.0,1755114.25,0.0,526984.1875,0.0,0
1789702915.5852363,fan,354,11,0.0,0.0,2350983.25,789332.625,1252861.25,899204.5,0.0,6124652.5,0.0,5139876.0,2121308.0,0.0,467033.46875,0.0,0.0,1135382.5,0
1789702915.6502638,fan,15,5,0.0,0.0,7014854.5,1932213.375,0.0,0.0,0.0,0.0,0.0,3090796.5,0.0,0.0,0.0,0.0,0.0,0.0,0
1789702915.7363102,fan,0,8,674443.9375,3768595.75,11324668.0,1510645.75,0.0,0.0,0.0,0.0,0.0,0.0,0.0,0.0,0.0,5246615.0,0.0,0.0,0
1789702915.8642786,fan,357,8,0.0,0.0,0.0,3028000.25,1590751.375,0.0,0.0,7638099.5,7801545.0,1046714.625,0.0,0.0,0.0,0.0,0.0,3313936.5,0
1789702915.9976666,fan,339,6,0.0,0.0,256292992.0,0.0,189623968.0,0.0,0.0,0.0,41573004.0,22173532.0,0.0,0.0,0.0,0.0,17304552.0,0.0,0
1789702916.414358,fan,349,17,0.0,8152834.0,6195915.0,607838.5,0.0,0.0,0.0,1343034.25,7934679.0,2765855.5,3018818.5,247624.515625,418642.875,7267957.5,4234841.5,1307992.25,0
1789702916.4707108,fan,359,13,0.0,0.0,6494602.0,14706734.0,9530215.0,0.0,9353288.0,0.0,0.0,967323.75,3160824.5,0.0,0.0,0.0,0.0,2321796.5,0
1789702916.5364447,fan,357,4,0.0,0.0,0.0,0.0,0.0,0.0,0.0,0.0,0.0,874480.375,0.0,0.0,0.0,608594.8125,0.0,3622846.5,0
1789702916.6014147,fan,351,9,0.0,0.0,0.0,0.0,3481153.5,0.0,3472818.25,3885642.75,0.0,0.0,9474658.0,1607607.0,0.0,0.0,0.0,0.0,0
1789702916.6724846,fan,352,6,3568726.0,0.0,0.0,0.0,0.0,0.0,0.0,0.0,4277872.0,2899426.0,0.0,740853.875,0.0,1548141.25,0.0,0.0,0
1789702916.736332,fan,350,9,0.0,0.0,428258.0,0.0,0.0,0.0,467634.125,0.0,0.0,0.0,0.0,924469.3125,3632805.0,0.0,3608017.0,5361372.5,0
1789702916.8020086,fan,4,9,1660026.75,0.0,5303849.5,0.0,0.0,1624854.375,342892.28125,5615326.0,1216798.5,1778261.375,0.0,0.0,0.0,0.0,3224334.5,0.0,0
1789702916.8663785,fan,8,10,0.0,0.0,0.0,528156.5,0.0,0.0,0.0,5680611.0,2592161.5,3749935.75,0.0,0.0,946755.6875,0.0,0.0,3004293.0,0
1789702916.9313967,fan,4,11,0.0,0.0,8543878.0,10009560.0,1250983.75,1906643.5,1607809.875,0.0,550570.8125,0.0,0.0,1793296.0,0.0,0.0,514767.9375,2608274.25,0
1789702916.9967813,fan,1,9,0.0,0.0,308022.46875,4355936.0,489659.0625,0.0,0.0,0.0,994405.3125,0.0,0.0,0.0,0.0,9935992.0,2014562.75,0.0,0
1789702917.0609438,fan,357,7,0.0,0.0,1428052.0,9991924.0,0.0,1084785.125,0.0,0.0,0.0,0.0,0.0,499881.75,0.0,1240243.0,504444.875,0.0,0
1789702917.126367,fan,346,13,0.0,0.0,0.0,4447926.5,0.0,1968110.875,1893106.375,2771589.5,1562936.5,6758945.0,1210684.125,4194531.0,0.0,0.0,1006806.875,869557.4375,0
1789702917.1909409,fan,2,10,2427617.75,2088210.25,2085937.25,0.0,0.0,0.0,0.0,0.0,0.0,2676474.5,0.0,0.0,946182.125,2464652.5,1515108.625,1554976.625,0
1789702917.2672174,fan,351,10,0.0,7898427.0,7607148.0,0.0,0.0,0.0,0.0,1249541.875,0.0,0.0,0.0,9924174.0,0.0,11246028.0,3034450.25,0.0,0
1789702917.8301349,fan,346,9,0.0,0.0,5628560.0,0.0,0.0,0.0,0.0,0.0,3429602.5,0.0,0.0,2376983.25,3278557.75,2326992.5,957454.125,0.0,0
1789702917.8906724,fan,10,11,0.0,5057214.0,8956888.0,18672582.0,0.0,0.0,88068.234375,3012460.0,1642796.5,1992710.0,723410.375,0.0,0.0,0.0,0.0,2106249.75,0
1789702917.9559112,fan,0,15,0.0,5591504.5,6692082.5,3520998.0,0.0,4833101.5,8484617.0,1427575.125,3538772.5,4542530.5,1285690.0,0.0,0.0,0.0,2243157.5,0.0,0
1789702918.020424,fan,349,13,0.0,0.0,0.0,17074300.0,2444602.5,2522304.5,0.0,0.0,7652576.0,895724.625,1369308.25,0.0,0.0,1914732.125,2931239.5,2101575.25,0
1789702918.0853481,fan,349,13,0.0,1461382.5,7367808.5,7107901.0,1330039.5,0.0,0.0,1478852.875,0.0,0.0,508244.25,2655632.75,156773.609375,1099000.25,0.0,1168862.25,0
1789702918.1346219,fan,339,6,0.0,0.0,8022373.0,0.0,0.0,0.0,0.0,976315.0,0.0,5561042.5,0.0,0.0,0.0,1836185.75,571973.0,0.0,0
1789702918.210582,fan,352,11,4217229.0,3960807.25,0.0,0.0,7497730.0,498629.1875,2629856.25,1486012.25,0.0,0.0,0.0,0.0,0.0,0.0,1914628.0,0.0,0
1789702918.3063211,fan,10,9,0.0,0.0,20924114.0,30422264.0,0.0,0.0,7070123.5,0.0,0.0,0.0,0.0,0.0,0.0,733402.1875,802839.0625,0.0,0
1789702918.4002736,fan,351,8,0.0,0.0,0.0,0.0,1013085.4375,0.0,0.0,480559.6875,362823.4375,2905331.5,2233266.0,0.0,2020960.25,1566785.5,1465569.25,0.0,0
1789702918.4613712,fan,0,9,0.0,7895138.0,9947255.0,0.0,8802387.0,0.0,553286.0,3901244.5,358984.28125,0.0,0.0,0.0,111491.203125,0.0,0.0,1801764.25,0
1789702918.526425,fan,0,9,709796.5625,0.0,432217.125,0.0,1856725.375,0.0,7368851.0,4851645.5,0.0,1042971.625,0.0,1298193.25,0.0,1517546.625,0.0,0.0,0
1789702918.5765357,fan,347,12,0.0,0.0,829062.5,0.0,8753672.0,2124758.5,0.0,4367938.0,1260544.25,0.0,1474310.125,7104319.0,3361803.0,1392805.75,0.0,0.0,0
1789702918.7816842,fan,5,10,2100378.5,10914279.0,0.0,8248044.5,1660614.375,0.0,0.0,0.0,4535515.0,0.0,2511920.5,0.0,0.0,296230.875,912529.25,0.0,0
1789702918.8435142,fan,17,7,0.0,0.0,0.0,7524608.0,1948675.25,0.0,932930.0,0.0,0.0,6813123.0,618737.5,0.0,0.0,0.0,657429.6875,0.0,0
1789702918.908618,fan,37,4,52457148.0,0.0,0.0,0.0,0.0,0.0,0.0,0.0,6067324.5,0.0,2272343.75,0.0,0.0,0.0,0.0,0.0,0
1789702918.9723964,fan,350,10,0.0,0.0,0.0,0.0,0.0,0.0,0.0,5769449.5,0.0,1631753.5,0.0,2690587.75,0.0,2144350.5,4341359.0,3476576.0,0
1789702919.0359714,fan,1,9,0.0,0.0,0.0,0.0,820759.0,0.0,1483707.125,1263519.875,2468946.75,0.0,0.0,451635.90625,2345286.5,1758537.75,0.0,0.0,0
1789702919.0997772,fan,351,6,0.0,0.0,13822823.0,0.0,0.0,0.0,0.0,1877528.25,2210683.75,11612844.0,0.0,0.0,0.0,0.0,0.0,0.0,0
1789702919.1659899,fan,12,15,7152129.5,6548898.0,0.0,5690024.0,1438140.625,5195270.0,0.0,1617012.5,1919569.0,8989892.0,2288404.5,1431062.25,0.0,0.0,2212822.5,3071583.0,0
1789702919.2329082,fan,20,5,0.0,0.0,51859264.0,0.0,0.0,0.0,2537290.75,0.0,7011360.0,0.0,0.0,0.0,0.0,1268393.0,0.0,0.0,0
1789702919.3483012,fan,351,4,0.0,1889708.25,5055051.0,0.0,0.0,0.0,0.0,0.0,0.0,6886553.0,0.0,0.0,0.0,0.0,0.0,0.0,0
1789702919.5738854,fan,3,5,0.0,0.0,2510836.5,0.0,1951392.375,0.0,0.0,1811251.625,2580374.25,5642534.0,0.0,0.0,0.0,0.0,0.0,0.0,0
1789702919.6386302,fan,357,9,2925446.0,1675435.5,0.0,3976239.0,6876640.5,0.0,572571.1875,5179339.5,0.0,0.0,0.0,0.0,0.0,0.0,0.0,2444510.5,0
1789702919.7034729,fan,358,15,1720810.75,8202349.5,4176388.5,0.0,9020164.0,1480726.5,0.0,0.0,5930319.5,0.0,2409049.0,1068736.25,529200.125,5343801.5,0.0,4040458.0,0
1789702919.7959611,fan,358,8,0.0,5311325.0,1524113.25,0.0,0.0,0.0,0.0,2121482.5,0.0,0.0,0.0,0.0,0.0,2658059.0,3208654.25,692826.0,0
1789702920.0499146,fan,17,10,0.0,0.0,0.0,5833203.0,0.0,432114.0,2506093.25,11060884.0,0.0,0.0,0.0,0.0,2574059.5,671601.25,489808.34375,0.0,0
1789702920.1451826,fan,19,7,0.0,0.0,0.0,11490163.0,0.0,1763566.875,594208.125,0.0,0.0,0.0,0.0,415562.5,1061155.25,0.0,275321.0625,0.0,0
1789702920.209116,fan,357,13,0.0,0.0,0.0,0.0,21094092.0,0.0,6874870.5,0.0,811872.0625,6766682.0,0.0,1785052.125,1640480.75,3405264.0,0.0,1687355.875,0
1789702920.5253646,fan,354,12,0.0,0.0,1176646.625,6270668.0,1180518.25,0.0,0.0,0.0,3837209.0,0.0,1085622.875,1092669.375,0.0,925665.0,1836387.25,0.0,0
1789702920.6511292,fan,350,9,0.0,0.0,0.0,1502309.875,0.0,0.0,0.0,6517504.5,0.0,0.0,0.0,5362444.0,2133218.5,283241.3125,5466503.0,0.0,0
1789702920.747789,fan,6,3,0.0,0.0,4001525.0,0.0,0.0,0.0,1823838.25,3771917.5,0.0,0.0,0.0,0.0,0.0,0.0,0.0,0.0,0
1789702920.8411071,fan,330,11,0.0,0.0,1113950.75,0.0,10272124.0,0.0,0.0,1094157.125,0.0,0.0,0.0,3855320.25,2272143.0,3169792.5,1481086.25,3932115.25,0
1789702920.9012992,fan,353,13,0.0,0.0,0.0,4224523.0,1181310.0,0.0,7088660.5,4596416.0,13210201.0,0.0,0.0,5730165.0,1585241.5,0.0,0.0,0.0,0
1789702920.966256,fan,354,11,0.0,0.0,0.0,2556669.0,0.0,1779182.0,0.0,6238553.0,0.0,0.0,0.0,2618554.25,1081356.75,4073112.75,5253059.0,0.0,0
1789702921.0317748,fan,340,7,0.0,0.0,0.0,4811077.0,430336.65625,0.0,0.0,0.0,0.0,0.0,0.0,0.0,2287370.0,3757464.5,0.0,583961.25,0
1789702921.0959258,fan,341,11,0.0,0.0,8439648.0,0.0,0.0,0.0,5344122.0,0.0,0.0,1981129.0,3849615.25,9773226.0,0.0,515290.875,3181537.75,0.0,0
1789702921.1600316,fan,340,8,0.0,0.0,0.0,0.0,2409748.75,19606762.0,0.0,1027165.5625,0.0,632727.3125,0.0,0.0,0.0,2892451.0,1167837.25,0.0,0
1789702921.223697,fan,3,7,0.0,0.0,0.0,3781688.0,1641562.0,6648986.5,7081473.0,0.0,0.0,2167333.25,0.0,0.0,0.0,0.0,0.0,0.0,0
1789702921.2891908,fan,359,19,0.0,0.0,249805.328125,2345824.0,1347949.125,3046043.75,7307006.5,4045637.0,5311051.0,0.0,1309897.5,3380593.75,1061992.5,2324246.5,536956.625,1714140.75,0
1789702921.414235,fan,357,11,0.0,7096803.0,8948827.0,0.0,2919422.25,0.0,2410180.75,4830167.0,0.0,845607.625,1732043.75,0.0,0.0,0.0,2769836.75,3207451.0,0
1789702921.4793248,fan,15,5,0.0,0.0,21300386.0,0.0,0.0,0.0,1485829.875,888192.8125,0.0,862112.875,0.0,0.0,0.0,0.0,0.0,0.0,0
1789702921.5438778,fan,357,15,0.0,14567993.0,17963784.0,940282.5,4214990.5,0.0,6365725.5,11145751.0,3588131.5,7769801.0,0.0,3023740.25,0.0,672574.875,1089531.0,2809150.25,0
1789702921.7928693,fan,335,14,0.0,0.0,0.0,7288178.0,1912067.75,0.0,641232.625,8955611.0,0.0,0.0,1497547.0,1285418.0,0.0,6921756.0,5915957.5,1089858.625,0
1789702921.8558612,fan,336,7,1036313.0,0.0,0.0,0.0,0.0,0.0,1462677.75,0.0,0.0,2784523.0,716656.375,1239289.625,0.0,0.0,1699776.375,0.0,0
1789702921.952031,fan,357,14,0.0,0.0,7371713.0,2567732.75,0.0,0.0,13345347.0,2444274.25,0.0,417692.0,0.0,0.0,3392358.75,3038670.0,4418441.0,6237652.0,0
1789702922.0125284,fan,349,10,0.0,10640715.0,6483243.0,2435404.0,13959212.0,0.0,0.0,0.0,339189.1875,0.0,0.0,263535.1875,0.0,1567834.5,0.0,827716.9375,0
1789702922.077532,fan,348,4,0.0,0.0,0.0,0.0,0.0,0.0,0.0,0.0,0.0,1017828.25,0.0,0.0,0.0,437791.5625,0.0,7219767.5,0
1789702922.142229,fan,331,7,0.0,91692304.0,0.0,0.0,0.0,0.0,0.0,1005179.125,0.0,6924329.5,859315.875,0.0,0.0,0.0,0.0,2388762.5,0
1789702922.205439,fan,331,8,0.0,0.0,0.0,204094.96875,0.0,0.0,0.0,4727472.0,0.0,1926645.25,2964121.25,0.0,0.0,0.0,0.0,1304165.625,0
1789702922.2549133,fan,346,14,0.0,4179877.25,0.0,4821664.5,770265.5,0.0,3681037.0,3214553.75,501498.15625,1767809.125,0.0,0.0,1592295.5,2962726.75,0.0,0.0,0
1789702922.3173642,fan,331,8,0.0,0.0,0.0,0.0,0.0,2795898.5,2269719.0,534896.875,0.0,482348.9375,0.0,1630000.0,847607.125,2071804.5,0.0,0.0,0
1789702922.3949077,fan,331,9,1287141.25,0.0,0.0,0.0,1016786.75,0.0,9339416.0,2483002.5,0.0,1939682.625,0.0,1184161.0,0.0,0.0,0.0,0.0,0
1789702922.4405599,fan,348,11,803697.125,0.0,3048417.75,1268411.75,0.0,3590851.0,2840586.5,0.0,1497232.75,1835734.125,0.0,0.0,0.0,894827.5625,1500673.0,7479900.0,0
1789702922.504584,fan,346,14,0.0,0.0,0.0,8144424.0,0.0,0.0,12436008.0,1651363.0,0.0,0.0,0.0,0.0,4648805.5,2042422.5,2779494.0,953942.9375,0
1789702922.585552,fan,1,6,0.0,16726994.0,0.0,0.0,0.0,0.0,746312.3125,0.0,0.0,0.0,0.0,1269259.125,0.0,963691.125,1655704.0,0.0,0
1789702922.64634,fan,340,9,0.0,0.0,0.0,0.0,0.0,2006528.75,1068309.625,0.0,4151276.5,0.0,0.0,426439.6875,2717736.75,0.0,1497971.125,0.0,0
1789702922.7224329,fan,357,10,0.0,0.0,0.0,0.0,0.0,0.0,2700854.25,621484.375,0.0,5285825.5,7698402.0,8755120.0,0.0,0.0,0.0,0.0,0
1789702922.786379,fan,276,7,0.0,0.0,0.0,18686916.0,12070694.0,6532516.0,0.0,0.0,0.0,0.0,0.0,0.0,5578945.0,5074201.0,0.0,0.0,0
1789702923.0922165,fan,357,8,1585188.75,0.0,1826063.125,0.0,0.0,3428509.5,0.0,1327899.75,0.0,0.0,3398782.5,0.0,0.0,9781294.0,0.0,0.0,0
1789702923.1376555,fan,7,8,0.0,0.0,0.0,0.0,5523721.0,0.0,9852858.0,5412647.5,0.0,9921742.0,1123975.75,0.0,0.0,0.0,0.0,0.0,0
1789702923.21856,fan,356,11,0.0,1925218.375,1216773.0,8507256.0,8404118.0,0.0,2118650.25,0.0,0.0,0.0,0.0,5904104.0,1237656.25,0.0,0.0,1830336.875,0
1789702923.2787702,fan,352,13,0.0,8624093.0,2271146.75,0.0,3470895.75,0.0,1337822.0,17699580.0,2401669.5,0.0,0.0,1078222.625,1058270.25,0.0,2467773.25,0.0,0
1789702923.3501682,fan,352,9,2037648.875,0.0,0.0,828583.125,4071731.75,886187.875,1978270.0,0.0,0.0,0.0,443889.71875,0.0,1681669.0,1408603.875,0.0,4189106.0,0
1789702923.4734912,fan,357,10,591488.25,0.0,0.0,1967858.125,6833174.0,0.0,0.0,787268.0,0.0,0.0,0.0,2321644.5,0.0,0.0,2602503.25,5859823.0,0
1789702923.544764,fan,355,13,2763543.0,0.0,2784517.0,0.0,1318596.5,0.0,0.0,0.0,8351937.0,3329127.75,0.0,0.0,0.0,928616.375,1179651.75,515937.625,0
1789702923.6633313,fan,319,7,5656547.0,0.0,2194970.0,0.0,0.0,0.0,1620821.25,3139164.5,0.0,0.0,0.0,4207372.0,0.0,0.0,0.0,0.0,0
1789702923.8541927,fan,330,9,0.0,0.0,1688595.125,0.0,318768.1875,0.0,10087720.0,0.0,2575404.25,0.0,0.0,1199002.75,0.0,2978253.5,0.0,0.0,0
1789702923.9123704,fan,347,12,4796688.0,3597374.75,0.0,0.0,0.0,2651392.5,8861908.0,3847047.75,2152347.25,0.0,4274877.0,0.0,456625.03125,709464.0,0.0,0.0,0
1789702923.9763024,fan,332,3,3807202.0,0.0,0.0,0.0,0.0,0.0,3745833.25,0.0,0.0,0.0,0.0,0.0,0.0,0.0,0.0,0.0,0
1789702924.2662802,fan,359,14,0.0,3194376.5,5861400.0,0.0,0.0,2086164.75,0.0,1022820.25,3560558.25,1805250.125,0.0,4776391.0,455367.65625,7373747.0,2555817.75,2200191.25,0
1789702924.3617005,fan,1,12,0.0,0.0,1482037.0,0.0,0.0,1484362.875,0.0,11756409.0,3651910.5,2578108.0,1493069.5,0.0,0.0,441575.125,738457.0,669105.875,0
1789702924.422831,fan,6,11,1548073.625,0.0,0.0,30446212.0,0.0,1978913.5,880771.625,5681973.0,2931822.5,0.0,0.0,1766398.25,0.0,1625926.25,0.0,0.0,0
1789702924.4882877,fan,358,9,0.0,0.0,6896918.0,0.0,9932090.0,1026265.75,517548.0,0.0,0.0,0.0,0.0,0.0,0.0,1493821.0,2625211.25,1270824.125,0
1789702924.678217,fan,2,6,0.0,0.0,0.0,2599159.0,0.0,0.0,0.0,0.0,4150610.0,2092371.0,0.0,1004823.25,0.0,0.0,0.0,0.0,0
1789702924.7396638,fan,352,13,6911242.0,0.0,0.0,4597848.0,0.0,0.0,3556101.25,0.0,286939.03125,0.0,2641914.25,1823759.125,2426724.25,0.0,1544542.625,2774291.25,0
1789702924.8039026,fan,343,15,0.0,0.0,2286423.25,0.0,4737895.0,10651955.0,4873179.0,4558559.0,7451106.5,1501549.875,0.0,0.0,2979391.5,981401.625,694596.125,2339484.5,0
1789702924.8701582,fan,359,17,1053803.875,15869766.0,872438.375,2337373.5,0.0,2762184.0,1657532.75,7066066.0,0.0,2875949.5,0.0,1449399.75,3457712.5,3324476.0,0.0,4398827.0,0
1789702924.9351223,fan,356,8,0.0,17482994.0,0.0,0.0,0.0,0.0,0.0,0.0,1730894.625,0.0,0.0,0.0,0.0,3337410.0,2319804.5,955314.75,0
1789702925.0011892,fan,346,7,18245362.0,0.0,0.0,0.0,0.0,0.0,0.0,0.0,0.0,4335924.0,0.0,0.0,720049.5,0.0,3401984.0,3973404.75,0
1789702925.066134,fan,343,6,0.0,0.0,0.0,10612388.0,0.0,0.0,9891204.0,0.0,0.0,0.0,967896.625,2497271.75,0.0,1052697.25,2392541.5,0.0,0
1789702925.1310353,fan,26,6,59488872.0,0.0,0.0,0.0,0.0,0.0,2657098.0,0.0,4696964.0,0.0,0.0,0.0,5674199.5,0.0,0.0,1172315.75,0
1789702925.597247,fan,15,13,0.0,0.0,1499559.875,0.0,2408182.25,923031.0,16766650.0,7587367.5,1360442.25,774666.5625,0.0,0.0,2050402.625,0.0,2036903.75,0.0,0
1789702925.8186119,fan,8,7,0.0,16870088.0,20259668.0,930291.75,0.0,0.0,0.0,563112.0625,3916713.0,0.0,1233459.875,0.0,0.0,0.0,0.0,0.0,0
1789702926.0097036,fan,16,9,0.0,26314076.0,9866117.0,0.0,0.0,0.0,3785182.0,2126447.5,0.0,0.0,0.0,525830.25,0.0,0.0,710826.5,0.0,0
1789702926.6125271,fan,39,7,6194205.5,11255926.0,4151263.0,0.0,1597642.75,701664.5,0.0,0.0,0.0,0.0,0.0,0.0,0.0,0.0,693842.875,632793.25,0
1789702926.898229,fan,355,13,0.0,0.0,4996791.5,13036460.0,0.0,2937900.5,615419.6875,0.0,0.0,966973.0,0.0,0.0,3887293.0,5558784.5,1173763.75,2334499.5,0
1789702926.9572027,fan,352,14,0.0,0.0,6255059.5,17134174.0,0.0,6871205.0,6929842.0,7068554.0,0.0,2228051.25,3467454.5,0.0,0.0,988236.1875,2751289.0,561457.25,0
1789702927.023052,fan,21,6,4428706.0,0.0,6980052.5,25071680.0,1090912.75,0.0,0.0,0.0,0.0,0.0,0.0,1219007.75,0.0,0.0,0.0,0.0,0
1789702927.0988042,fan,22,10,7389123.5,3371058.0,0.0,13006690.0,281438.25,0.0,757901.5625,0.0,861703.5,0.0,0.0,1384791.0,887708.1875,1274850.125,0.0,0.0,0
1789702927.404494,fan,359,8,5358292.5,0.0,1620995.375,0.0,0.0,2887251.75,0.0,6271334.0,1565577.25,0.0,0.0,1525947.5,0.0,0.0,0.0,0.0,0
1789702927.4753907,fan,347,13,0.0,4287784.0,0.0,0.0,6130920.0,0.0,918960.0,1790170.75,716298.625,0.0,0.0,0.0,1714529.875,4397313.0,7258454.0,2007698.25,0
1789702927.6581755,fan,341,13,2065203.5,0.0,6123985.0,6275204.0,0.0,0.0,1761430.5,840445.25,0.0,0.0,0.0,7323532.0,2315842.5,0.0,673370.5,528094.375,0
1789702927.7528315,fan,342,10,0.0,0.0,0.0,8963026.0,4474417.5,10353196.0,14966254.0,0.0,4114259.25,2415580.5,1902066.75,0.0,0.0,0.0,0.0,0.0,0
1789702927.847937,fan,17,8,0.0,0.0,4261296.0,0.0,987517.1875,0.0,0.0,6180329.0,10296347.0,1986813.25,0.0,0.0,0.0,0.0,0.0,644243.5,0
1789702927.921087,fan,11,8,0.0,0.0,0.0,1424458.5,0.0,0.0,0.0,234875.0,3748823.5,0.0,0.0,0.0,4557084.0,1991453.75,0.0,0.0,0
1789702928.1651363,fan,350,7,0.0,0.0,3289408.25,461803.28125,0.0,6484141.0,1740970.375,5319198.5,0.0,0.0,0.0,0.0,0.0,0.0,1260606.625,0.0,0
1789702928.5145855,fan,324,7,0.0,0.0,0.0,1688961.875,0.0,0.0,0.0,0.0,0.0,1141986.0,406208.0625,7750955.5,0.0,452835.875,0.0,0.0,0
1789702928.736993,fan,351,12,803976.125,0.0,4303471.0,3886024.0,6045794.0,0.0,0.0,0.0,1009226.0625,1279692.875,645677.5,0.0,0.0,0.0,1431013.0,1078691.125,0
1789702928.9268148,fan,353,7,0.0,0.0,0.0,0.0,0.0,0.0,1042394.6875,0.0,0.0,1878461.25,2214212.5,3432541.25,3235866.0,489175.125,0.0,1083029.375,0
1789702929.022279,fan,30,4,0.0,0.0,0.0,9269328.0,0.0,2855533.0,1130430.25,4000245.75,0.0,0.0,0.0,0.0,0.0,0.0,0.0,0.0,0
1789702929.0232534,fan,354,7,0.0,0.0,1428315.5,0.0,0.0,0.0,2154384.75,4657793.0,0.0,496262.28125,815129.9375,3537675.0,0.0,0.0,0.0,0.0,0
1789702929.2125814,fan,359,9,0.0,0.0,2913126.0,0.0,0.0,2944088.0,1577248.875,4560793.0,4309890.5,584944.125,0.0,0.0,0.0,0.0,0.0,1175240.375,0
1789702929.3705335,fan,354,9,375884.125,0.0,1306299.625,4937378.0,0.0,6001539.5,3507038.5,1916940.125,0.0,1405696.5,0.0,0.0,0.0,2261475.5,0.0,0.0,0
1789702930.1627252,fan,0,11,0.0,4794538.5,6797286.5,4401451.0,0.0,0.0,0.0,2397328.25,4832077.0,0.0,2460087.25,0.0,0.0,610304.8125,1807798.5,0.0,0
1789702930.2280543,fan,3,14,3164621.25,5473773.0,0.0,956330.625,9066609.0,7618247.5,9415750.0,0.0,0.0,3371519.0,6402455.0,775299.0,0.0,0.0,713266.875,0.0,0
1789702931.3047707,fan,348,9,0.0,0.0,0.0,0.0,0.0,996179.25,1963892.0,8855428.0,0.0,10606367.0,0.0,5570541.5,1218607.375,0.0,0.0,0.0,0
1789702931.717257,fan,33,5,0.0,0.0,619382.5,0.0,3592839.0,0.0,1825034.5,1572874.25,0.0,0.0,0.0,0.0,0.0,0.0,220812.59375,0.0,0
1789702932.1601806,fan,348,16,0.0,1992780.0,3658698.5,6355177.5,1189273.0,3801085.5,0.0,0.0,432774.78125,0.0,0.0,0.0,541807.5,5424497.0,561172.8125,558744.0,0
1789702932.2207599,fan,356,11,1708767.0,0.0,0.0,0.0,0.0,0.0,0.0,3631199.75,0.0,1193519.25,625067.1875,1064845.5,0.0,12478957.0,7623698.5,0.0,0
1789702932.4128678,fan,353,20,0.0,0.0,4896661.0,2611849.0,8639925.0,2774461.75,0.0,5924220.5,6270309.0,1605667.125,549022.5,8398659.0,0.0,1170615.5,2346815.25,1128938.25,0
1789702932.4855976,fan,17,7,0.0,0.0,3127735.0,10135872.0,0.0,0.0,618261.875,0.0,0.0,681584.5625,0.0,0.0,825746.5,0.0,1941195.25,848827.125,0
1789702932.5494525,fan,335,7,56555252.0,0.0,0.0,0.0,0.0,6991265.5,6907307.5,0.0,0.0,0.0,2476395.5,1787921.5,0.0,0.0,0.0,2869288.0,0
1789702932.698955,fan,343,16,0.0,0.0,2904653.0,1554816.75,0.0,5714519.0,2389430.75,6530328.5,559964.75,1042857.375,0.0,0.0,0.0,1722968.25,433985.21875,2877487.25,0
1789702932.7631202,fan,350,6,0.0,0.0,8526519.0,0.0,2003223.5,0.0,0.0,0.0,2032047.5,0.0,0.0,0.0,0.0,147074.3125,984646.1875,0.0,0
1789702932.856776,fan,354,8,0.0,0.0,0.0,0.0,1401309.0,531928.375,1466520.75,5395748.0,4955100.0,2934896.25,0.0,0.0,3122847.5,0.0,0.0,1576960.625,0
1789702932.9284103,fan,355,9,823624.875,979399.75,952800.25,0.0,4369792.0,0.0,0.0,0.0,0.0,3453425.75,0.0,0.0,3187274.5,2802638.0,0.0,0.0,0
1789702933.0147567,fan,331,9,1461127.5,0.0,0.0,0.0,0.0,0.0,5727036.0,5287429.0,0.0,2037737.625,0.0,1006599.375,0.0,1092921.125,0.0,1568329.875,0
1789702933.0796926,fan,25,13,0.0,20931138.0,7683319.0,2268789.0,5825211.0,0.0,0.0,0.0,0.0,1605314.125,617257.875,148526.6875,1277332.5,0.0,0.0,0.0,0
1789702933.1435933,fan,20,8,1144979.0,0.0,9149290.0,1062963.125,0.0,0.0,944034.6875,0.0,0.0,1207182.75,0.0,0.0,0.0,0.0,0.0,0.0,0
1789702933.237047,fan,14,3,0.0,0.0,18822454.0,0.0,0.0,0.0,0.0,0.0,0.0,0.0,0.0,878815.75,0.0,0.0,0.0,0.0,0
1789702933.363534,fan,351,12,1026793.4375,0.0,0.0,0.0,0.0,0.0,5331200.0,12413871.0,5254062.0,0.0,4358429.5,0.0,2769774.5,1786096.0,0.0,575970.625,0
1789702933.4240706,fan,4,14,0.0,3140043.75,0.0,873315.375,2524545.5,0.0,0.0,0.0,5849109.0,6152721.5,527963.9375,0.0,3438326.25,749092.25,562686.75,3104167.75,0
1789702933.4894428,fan,35,6,0.0,0.0,3300115.75,4691649.0,0.0,4198546.5,0.0,0.0,1249037.75,401766.09375,0.0,0.0,0.0,0.0,0.0,0.0,0
1789702933.5537724,fan,340,11,525665.875,0.0,1889570.5,0.0,0.0,2836531.5,0.0,0.0,2746658.5,0.0,1550838.25,6099011.0,0.0,1265773.125,0.0,778270.1875,0
1789702933.6178,fan,10,5,0.0,0.0,0.0,786606.4375,3821208.0,0.0,0.0,0.0,5045372.0,3279690.0,0.0,1274932.25,0.0,0.0,0.0,0.0,0
1789702933.68217,fan,351,13,0.0,0.0,1611667.625,0.0,377562.5,3449895.25,2223435.5,696515.3125,0.0,317635.0,570203.5,0.0,1076215.875,0.0,0.0,2758419.25,0
1789702933.74729,fan,338,6,0.0,0.0,0.0,2061983.5,0.0,2085377.625,2463933.75,0.0,0.0,1185959.75,2125411.5,0.0,0.0,0.0,0.0,1880027.75,0
1789702933.8117886,fan,3,14,0.0,0.0,0.0,2882297.5,2380427.5,5890256.5,0.0,2573767.25,0.0,10498196.0,4053600.0,911519.4375,0.0,0.0,1911801.125,1557187.75,0
1789702933.8768158,fan,3,5,0.0,0.0,0.0,0.0,0.0,0.0,0.0,0.0,0.0,2090007.75,0.0,0.0,0.0,3572093.75,1646817.375,680790.6875,0
1789702934.0613587,fan,312,6,1859523.0,3753234.25,0.0,0.0,0.0,0.0,0.0,0.0,0.0,0.0,1617477.25,761892.375,1969149.0,0.0,0.0,0.0,0
1789702934.2191324,fan,342,11,0.0,0.0,0.0,0.0,0.0,261395.6875,3662083.5,1611577.5,3082836.0,395192.5,0.0,0.0,0.0,6286955.5,466980.78125,0.0,0
1789702934.287935,fan,328,11,0.0,0.0,0.0,6264217.5,0.0,411575.8125,1363104.0,1187189.5,0.0,1919664.5,0.0,3751505.0,3297684.25,0.0,0.0,0.0,0
1789702934.3528485,fan,9,11,3220388.25,0.0,0.0,13104264.0,576320.375,3097790.75,0.0,5857282.0,8895448.0,3136507.75,0.0,0.0,0.0,188598.84375,0.0,516618.65625,0
1789702934.5367305,fan,9,6,0.0,0.0,3865072.5,0.0,5453207.0,0.0,0.0,0.0,9409935.0,1904005.625,0.0,0.0,0.0,0.0,0.0,0.0,0
1789702934.5824738,fan,7,14,0.0,1827252.75,1095440.75,0.0,260375.59375,0.0,2235548.0,11027556.0,3286327.5,2920437.75,11585418.0,2477774.0,0.0,2253662.25,0.0,0.0,0
1789702934.6472576,fan,5,12,0.0,11432357.0,8659779.0,3894778.0,0.0,7385848.0,6874870.5,2958785.75,1980309.5,1589582.625,0.0,3651467.75,0.0,1340047.375,2193875.5,0.0,0
1789702934.712926,fan,9,13,29094366.0,0.0,16913962.0,17208752.0,24821560.0,6933147.0,25896820.0,14109147.0,0.0,0.0,0.0,2729403.0,0.0,0.0,5853562.0,0.0,0
1789702934.7913315,fan,9,10,0.0,4823491.0,0.0,6794377.0,3550153.75,0.0,0.0,5863346.5,20353532.0,1060782.0,0.0,0.0,1603974.625,0.0,0.0,0.0,0
1789702934.9795496,fan,352,13,1685151.875,8248588.0,1373142.625,0.0,0.0,3882910.5,1019299.875,2332568.25,10539771.0,0.0,0.0,0.0,0.0,2796591.0,1177385.5,0.0,0
1789702935.043821,fan,357,10,4505013.0,6331997.0,10300790.0,0.0,3330474.5,3108594.5,0.0,0.0,0.0,3806229.0,0.0,0.0,1169547.5,7339446.0,0.0,1495981.375,0
1789702935.2981179,fan,30,12,0.0,0.0,12595521.0,18063876.0,289545.40625,1267838.375,5817169.5,2996318.5,556401.625,0.0,0.0,2271928.25,0.0,974680.875,0.0,707199.0,0
1789702935.5523422,fan,6,9,5602037.5,0.0,1054777.5,3359419.5,0.0,2187129.25,3903333.0,7318668.0,0.0,1290818.375,1975289.25,0.0,0.0,0.0,0.0,1279125.0,0
1789702935.5535834,fan,331,10,1750551.5,8798016.0,5020465.5,0.0,0.0,0.0,0.0,0.0,0.0,0.0,0.0,0.0,1523882.875,4734500.5,1211685.25,635299.0,0
1789702935.615933,fan,4,10,0.0,5337098.5,3216181.75,0.0,13756106.0,0.0,0.0,0.0,0.0,4028093.5,1019044.625,0.0,2665244.5,3367353.75,5107160.0,0.0,0
1789702935.7087677,fan,340,10,0.0,3015342.25,3613846.75,0.0,7228719.0,16472637.0,0.0,0.0,0.0,1023977.625,0.0,3305624.5,0.0,569907.375,0.0,0.0,0
1789702935.770159,fan,348,7,0.0,0.0,0.0,0.0,0.0,0.0,1204283.375,2105992.25,0.0,1075433.25,1532770.375,0.0,2275296.75,6227473.5,0.0,0.0,0
1789702936.0247805,fan,333,11,0.0,0.0,0.0,6859476.0,1606873.25,1613637.5,344375.8125,0.0,0.0,4259373.0,0.0,0.0,2951074.0,2404838.75,2265838.5,100489.515625,0
1789702936.0848486,fan,359,9,8181305.0,5140634.0,392638.375,0.0,11356791.0,1716748.875,0.0,0.0,0.0,0.0,0.0,0.0,0.0,1635245.5,0.0,1939458.125,0
1789702936.6602447,fan,352,14,11037154.0,0.0,0.0,0.0,3845663.0,9499594.0,2121775.0,0.0,1704462.875,0.0,0.0,645998.125,724163.4375,3099801.25,1391538.625,4447877.0,0
1789702937.3271508,fan,333,6,0.0,5244855.5,1610566.5,0.0,0.0,0.0,793237.375,0.0,0.0,0.0,0.0,1913222.5,0.0,0.0,1097099.375,0.0,0
1789702937.3923492,fan,15,3,7258986.0,0.0,0.0,0.0,0.0,1908288.5,354709.75,0.0,0.0,0.0,0.0,0.0,0.0,0.0,0.0,0.0,0
1789702937.3929112,fan,337,5,0.0,0.0,0.0,0.0,0.0,0.0,0.0,0.0,0.0,1276580.5,0.0,2836239.0,0.0,2449978.25,0.0,0.0,0
1789702938.2136216,fan,333,11,0.0,5296826.5,7299175.5,0.0,0.0,0.0,2732179.75,6911095.0,0.0,0.0,1299099.625,3298439.75,1959866.5,1788298.125,0.0,0.0,0
1789702938.21456,fan,13,7,0.0,0.0,0.0,0.0,0.0,2572523.0,0.0,0.0,4366745.0,7820509.5,0.0,0.0,0.0,0.0,0.0,991619.625,0
1789702938.307917,fan,351,17,0.0,753554.0625,0.0,3971296.0,1625356.0,843780.5,6911662.5,0.0,2612477.0,1170814.75,0.0,1420143.75,1830163.75,11433575.0,454928.46875,0.0,0
1789702938.4035704,fan,351,7,0.0,0.0,0.0,1293834.875,0.0,0.0,195906.828125,0.0,0.0,1066219.5,1948395.0,2036942.75,0.0,0.0,0.0,0.0,0
1789702938.4497638,fan,352,14,0.0,0.0,0.0,0.0,0.0,989074.375,7091938.0,0.0,12357856.0,3891941.75,5521966.0,0.0,0.0,0.0,3376801.5,4687362.0,0
1789702938.514628,fan,350,5,0.0,22039360.0,0.0,0.0,0.0,1774151.75,4806079.0,2624174.75,0.0,0.0,0.0,0.0,0.0,0.0,0.0,0.0,0
1789702938.5800347,fan,353,7,0.0,0.0,0.0,0.0,0.0,0.0,0.0,0.0,0.0,3206226.5,4311157.5,0.0,0.0,1135393.125,996844.5625,4968943.0,0
1789702938.645873,fan,119,3,53381852.0,61614680.0,26600528.0,0.0,0.0,0.0,0.0,0.0,0.0,0.0,0.0,0.0,0.0,0.0,0.0,0.0,0
1789702938.7012827,fan,119,5,0.0,0.0,0.0,0.0,50585344.0,0.0,0.0,0.0,0.0,0.0,22711868.0,0.0,7138712.0,7479840.5,0.0,0.0,0
1789702938.7476125,fan,356,12,2330905.0,0.0,0.0,0.0,250102.8125,3714125.75,1840729.25,0.0,3379573.0,0.0,0.0,0.0,0.0,1444710.5,3920986.25,1419644.75,0
1789702938.811847,fan,23,9,0.0,0.0,9134396.0,0.0,0.0,4462663.0,0.0,0.0,2265248.75,0.0,0.0,0.0,0.0,2455531.75,0.0,0.0,0
1789702938.9739196,fan,357,11,0.0,0.0,3820074.5,1595570.0,6816377.0,1554444.75,0.0,1013956.5,0.0,2634796.0,3273790.0,0.0,0.0,1503222.125,1758926.875,1035008.0,0
1789702939.03753,fan,346,18,0.0,997880.75,3457574.0,0.0,716680.6875,1133301.125,782663.25,2097151.125,591543.0,6920472.5,1429529.5,0.0,0.0,3506329.5,2506066.75,3864054.5,0
1789702939.196413,fan,352,14,0.0,0.0,7230125.0,0.0,0.0,1266308.125,0.0,2479382.0,2489819.0,5876801.5,0.0,2013647.875,0.0,3634743.5,720176.5,1355111.25,0
1789702939.2577019,fan,9,10,0.0,0.0,15293178.0,1805626.375,2828276.75,8827386.0,0.0,0.0,905961.25,1741426.125,1210001.75,0.0,0.0,1428284.875,3726549.5,0.0,0
1789702940.0824482,fan,9,6,0.0,0.0,14869054.0,174056.609375,0.0,2485722.75,0.0,0.0,0.0,0.0,0.0,797099.25,0.0,1372728.5,0.0,0.0,0
1789702940.1464407,fan,14,8,452041.0625,0.0,0.0,2135400.25,0.0,0.0,0.0,0.0,5071495.5,1873776.75,0.0,0.0,0.0,2547843.25,0.0,0.0,0
1789702940.2061727,fan,351,5,0.0,0.0,0.0,0.0,0.0,0.0,2415683.75,5660103.0,0.0,2626873.0,0.0,0.0,0.0,467724.65625,0.0,0.0,0
1789702940.3692546,fan,350,10,0.0,0.0,2500165.0,7240686.0,2063225.875,2498751.25,0.0,5346301.0,3193810.0,0.0,0.0,0.0,0.0,2204924.75,1288421.0,2225451.5,0
1789702940.971484,fan,13,9,561701.0625,0.0,0.0,0.0,0.0,1662698.5,0.0,7665355.0,15443434.0,0.0,4582921.0,1860959.25,0.0,240714.390625,0.0,0.0,0
1789702941.6684556,fan,342,7,0.0,0.0,769241.4375,0.0,0.0,12659639.0,12721337.0,7533988.5,8594958.0,0.0,0.0,0.0,0.0,1487783.625,0.0,0.0,0
1789702941.7291124,fan,11,12,0.0,0.0,0.0,0.0,8790586.0,0.0,3864183.5,1306240.25,10460834.0,4190068.75,0.0,0.0,2048611.25,1304641.75,0.0,2836256.0,0
1789702941.7935483,fan,355,8,0.0,8109482.0,0.0,1314534.375,0.0,0.0,0.0,0.0,2004948.75,2352148.75,0.0,0.0,0.0,0.0,4384201.5,1801347.5,0
1789702941.8577342,fan,321,8,0.0,3302786.5,0.0,0.0,2831833.0,0.0,869203.5,126059.8828125,3032454.5,0.0,0.0,0.0,0.0,3961467.25,0.0,0.0,0
1789702941.922279,fan,22,7,15586886.0,18744570.0,0.0,0.0,1531364.0,0.0,1780223.0,0.0,633541.25,1227351.375,1203990.5,0.0,0.0,0.0,0.0,0.0,0
1789702941.9772828,fan,357,12,0.0,0.0,2999982.0,5905844.5,0.0,0.0,5065639.0,6107848.0,7425424.0,2341100.5,0.0,0.0,0.0,0.0,4336744.0,5462287.5,0
1789702942.1454554,fan,23,8,0.0,0.0,2623976.0,0.0,0.0,0.0,2872882.0,2321753.25,0.0,1236945.5,3856547.0,0.0,0.0,865480.875,1351167.0,0.0,0
1789702942.2093794,fan,0,18,0.0,5372418.0,3029225.5,2140462.75,2318921.5,4160981.0,3048107.5,1212721.75,105573.78125,4295203.5,0.0,0.0,0.0,2499406.25,974114.125,4499192.5,0
1789702942.2776415,fan,344,7,1766596.875,0.0,7056561.5,0.0,0.0,0.0,0.0,699875.0625,0.0,1215478.25,0.0,0.0,0.0,1116444.5,2968029.0,1296386.0,0
1789702942.3659532,fan,1,12,21958960.0,0.0,8746903.0,6677195.0,0.0,1099940.75,583322.8125,6192694.5,3364096.5,4401075.0,0.0,0.0,0.0,1912114.625,0.0,0.0,0
1789702942.4276865,fan,1,10,0.0,0.0,0.0,584412.375,1188782.0,3965397.5,0.0,0.0,5256888.5,4718368.0,993752.875,1291656.0,0.0,0.0,425733.8125,4348994.0,0
1789702942.4766457,fan,352,9,0.0,16619195.0,0.0,5948538.0,0.0,0.0,0.0,0.0,2864659.5,4435902.0,5565364.0,0.0,0.0,0.0,0.0,0.0,0
1789702942.541143,fan,345,7,5263582.5,0.0,3067597.25,0.0,0.0,3398163.0,3007794.5,0.0,0.0,0.0,0.0,0.0,0.0,906371.0,2631918.0,0.0,0
1789702942.6056252,fan,349,9,3794483.0,0.0,0.0,0.0,0.0,0.0,0.0,8862757.0,3465206.75,0.0,0.0,0.0,0.0,6087724.0,3916230.25,0.0,0
1789702942.6829512,fan,349,7,0.0,3810010.75,6721652.0,6051747.0,5916032.0,0.0,1015820.25,0.0,0.0,0.0,763323.875,0.0,0.0,0.0,0.0,1783460.125,0
1789702942.9056275,fan,345,14,0.0,7882136.0,1629638.0,0.0,0.0,0.0,921467.625,2484090.75,0.0,2321453.75,0.0,0.0,7104248.0,6450236.0,2224900.5,1971669.75,0
1789702944.3945122,fan,348,9,5264818.5,0.0,8553460.0,0.0,2083099.0,707638.9375,1058243.5,2053226.75,0.0,2766290.5,2351724.0,0.0,697802.125,0.0,0.0,0.0,0
1789702944.4662747,fan,342,17,0.0,0.0,0.0,0.0,0.0,7022859.5,7941974.0,5346733.5,3371320.0,5815865.0,0.0,4127212.5,3467958.0,6459617.0,4285511.0,1670583.75,0
1789702944.5314047,fan,319,8,0.0,0.0,0.0,0.0,25087768.0,8108261.5,0.0,18733972.0,0.0,14256464.0,3493931.25,4345230.0,4383860.0,0.0,0.0,0.0,0
1789702944.640615,fan,342,12,9622364.0,21658960.0,24717386.0,0.0,0.0,5790394.0,1287865.5,0.0,0.0,0.0,1960884.25,3899149.0,960442.3125,2797486.75,0.0,1054231.0,0
1789702944.7161236,fan,0,12,0.0,0.0,0.0,4066425.75,0.0,2532907.5,3820842.5,0.0,1568505.125,0.0,783147.375,2928041.5,0.0,1382561.875,1392808.75,2742437.5,0
1789702944.9966834,fan,9,7,1601006.125,0.0,5844791.0,8179124.0,0.0,0.0,0.0,0.0,2602226.5,0.0,0.0,824402.1875,0.0,0.0,0.0,0.0,0
1789702945.0620527,fan,347,12,2078663.0,0.0,8166631.0,0.0,0.0,654278.3125,0.0,1178368.625,0.0,1881584.75,0.0,421753.53125,1529533.625,3344694.5,0.0,2073929.875,0
1789702945.2498918,fan,9,8,0.0,0.0,0.0,11835143.0,0.0,0.0,1707169.75,10450319.0,12363687.0,0.0,0.0,0.0,0.0,0.0,569558.5,0.0,0
1789702945.3142319,fan,8,10,3112918.25,0.0,6319805.5,0.0,0.0,0.0,0.0,0.0,738244.6875,1798059.5,637535.4375,0.0,0.0,2608838.5,9251431.0,0.0,0
1789702945.3798342,fan,358,11,0.0,18738408.0,9906103.0,8882221.0,8035643.5,2084405.0,2595115.25,390573.5625,121852.9140625,2081208.75,0.0,0.0,0.0,0.0,0.0,0.0,0
1789702945.4449227,fan,358,11,0.0,0.0,0.0,0.0,2322886.25,0.0,4201207.0,531635.9375,0.0,5817172.5,0.0,0.0,0.0,887671.125,2918347.75,2456299.25,0
1789702945.4915671,fan,15,8,0.0,0.0,4108570.5,0.0,464906.3125,0.0,0.0,0.0,3121488.25,3276461.25,0.0,0.0,0.0,517930.5625,0.0,0.0,0
1789702945.6709838,fan,34,5,0.0,0.0,0.0,18314418.0,0.0,0.0,0.0,0.0,0.0,2562577.0,0.0,3141931.75,0.0,0.0,1696714.25,2865250.0,0
1789702945.7359815,fan,207,3,0.0,0.0,0.0,0.0,0.0,0.0,0.0,0.0,0.0,0.0,6611731.0,0.0,0.0,2695811.25,0.0,2149200.25,0
1789702945.788244,fan,348,10,0.0,0.0,4392906.5,1743327.625,0.0,0.0,0.0,0.0,0.0,0.0,0.0,1715427.375,2028887.5,7370350.0,3095285.75,909051.75,0
1789702946.042997,fan,326,11,0.0,0.0,0.0,0.0,0.0,15383369.0,4200447.0,0.0,0.0,1870497.875,0.0,2697202.25,0.0,2888070.75,262171.5625,0.0,0
1789702946.1039724,fan,3,9,0.0,0.0,0.0,16403110.0,0.0,8031763.5,3511724.0,0.0,1489852.25,4675138.0,0.0,626070.5,0.0,0.0,0.0,896724.125,0
1789702946.104771,fan,326,9,0.0,2626214.75,0.0,0.0,0.0,0.0,0.0,3151003.25,0.0,0.0,1951835.25,422228.875,0.0,409685.84375,511333.28125,677634.125,0
1789702946.1545954,fan,326,6,8027333.0,0.0,0.0,0.0,465859.625,0.0,0.0,619755.75,0.0,0.0,0.0,3708138.75,1556498.125,0.0,0.0,0.0,0
1789702946.3607068,fan,18,14,5920599.0,0.0,13801242.0,0.0,3436553.25,0.0,7442548.0,3278792.25,2048053.125,8997501.0,289445.21875,0.0,0.0,0.0,0.0,761584.6875,0
1789702946.4553769,fan,353,14,1714400.375,0.0,0.0,8691148.0,0.0,0.0,0.0,8596126.0,10633380.0,7057213.5,2002226.0,0.0,0.0,3461329.5,3785027.75,1665796.5,0
1789702949.6569848,fan,33,9,5283253.0,0.0,3518524.0,3844669.0,1352683.0,0.0,2178643.0,0.0,2496975.5,0.0,0.0,2014855.5,0.0,0.0,0.0,0.0,0
1789702949.7168238,fan,358,11,0.0,0.0,0.0,10786252.0,9100570.0,0.0,0.0,0.0,0.0,642096.5625,0.0,0.0,3173856.5,1571993.875,412407.46875,1214469.625,0
1789702949.790944,fan,352,7,0.0,0.0,0.0,0.0,0.0,0.0,1744115.75,3360332.75,1195094.375,0.0,0.0,0.0,0.0,4191945.0,3769323.25,0.0,0
1789702949.855829,fan,322,6,98250216.0,33018140.0,64620832.0,0.0,0.0,0.0,0.0,0.0,0.0,0.0,0.0,6209313.0,0.0,4589710.0,0.0,0.0,0
1789702949.9185617,fan,322,4,0.0,0.0,0.0,0.0,0.0,0.0,0.0,0.0,0.0,0.0,14270659.0,0.0,12612563.0,23830520.0,0.0,0.0,0
1789702949.963534,fan,321,6,0.0,0.0,0.0,0.0,0.0,0.0,3339054.5,3545200.0,0.0,0.0,0.0,0.0,1101830.25,1188191.375,0.0,386393.0,0
1789702950.0676646,fan,320,6,0.0,1466165.5,5848550.0,0.0,0.0,0.0,0.0,892531.75,0.0,0.0,0.0,4466564.0,2521740.0,1017799.0,0.0,0.0,0
1789702950.1365452,fan,330,12,0.0,11013107.0,4253295.0,0.0,245802.53125,0.0,207998.328125,2513080.75,0.0,0.0,3305584.0,3023372.5,2079899.5,967768.375,1000057.0625,0.0,0
1789702950.198831,fan,356,11,1135361.25,5515264.0,1168952.0,8175726.0,0.0,0.0,860072.3125,0.0,0.0,0.0,2473448.5,2164530.0,0.0,1120444.0,1928782.5,1275470.0,0
1789702950.2615023,fan,352,4,0.0,0.0,0.0,0.0,713349.875,0.0,0.0,0.0,304674.5,3200084.5,0.0,1320206.75,0.0,0.0,0.0,0.0,0
1789702950.3264897,fan,2,14,0.0,0.0,5053076.5,1579248.75,0.0,1122904.5,8565208.0,521884.1875,0.0,3870133.0,1842119.0,1476413.5,0.0,1861493.0,2459021.75,0.0,0
1789702950.4488597,fan,11,17,2664504.0,0.0,3274431.0,1684615.125,807331.25,0.0,6098646.0,0.0,0.0,12886155.0,809912.125,2486857.25,5349028.0,1940373.5,0.0,3035565.75,0
1789702950.5129778,fan,359,6,0.0,0.0,2758688.5,0.0,0.0,0.0,730642.75,256530.953125,0.0,2244527.0,0.0,0.0,0.0,0.0,0.0,0.0,0
1789702950.6065943,fan,10,9,549966.125,0.0,691681.1875,811409.0625,0.0,0.0,0.0,7566103.5,3651001.75,0.0,0.0,0.0,784382.5,0.0,953716.3125,0.0,0
1789702950.666971,fan,9,12,928805.25,0.0,0.0,2567362.0,0.0,3506257.5,1801989.75,1456035.375,0.0,9753930.0,0.0,898310.0,0.0,0.0,1117756.75,189111.34375,0
1789702950.7321155,fan,9,12,0.0,0.0,0.0,2809726.75,3487752.25,637246.25,0.0,3578297.5,0.0,5308773.0,1652849.625,1117222.25,430201.5625,0.0,0.0,0.0,0
1789702950.7820055,fan,341,15,7105164.0,3440534.5,5344113.5,1453746.25,0.0,3743479.5,6582366.5,4148896.5,4613791.0,6690356.0,1790108.375,0.0,0.0,0.0,1309367.625,0.0,0
1789702950.8468719,fan,348,13,0.0,0.0,0.0,1382895.5,3580058.0,0.0,0.0,1850971.875,5604927.0,1354548.25,0.0,4850421.0,4292222.0,0.0,1410794.375,1179555.875,0
1789702951.019029,fan,10,9,0.0,0.0,4250343.0,0.0,0.0,3040386.5,0.0,0.0,0.0,4122305.0,15618554.0,0.0,0.0,0.0,820783.6875,0.0,0
1789702951.0843265,fan,6,17,0.0,21058736.0,21483792.0,8355889.5,1263985.25,878809.25,2572558.75,8192938.0,714980.8125,1592833.0,962900.5,0.0,0.0,2237276.25,1921510.75,4703700.0,0
1789702951.1491563,fan,8,5,0.0,0.0,0.0,8432378.0,414279.9375,0.0,0.0,0.0,0.0,1732939.75,0.0,0.0,0.0,1977066.75,0.0,0.0,0
1789702951.2412138,fan,12,7,6385076.0,0.0,0.0,0.0,0.0,0.0,695671.5,692081.5,621490.125,4649323.0,0.0,0.0,0.0,0.0,0.0,2506322.0,0
1789702951.810928,fan,351,15,4265137.0,6554485.0,1975389.0,3759440.25,1506958.5,0.0,866863.375,2304640.5,1901473.625,1478009.0,1287917.875,0.0,0.0,5670982.0,5708014.0,0.0,0
1789702951.8717854,fan,351,9,0.0,0.0,0.0,3867097.25,0.0,0.0,2557891.75,2162048.25,0.0,733969.4375,1636934.625,2212704.75,0.0,0.0,1483200.0,1220391.625,0
1789702951.9373784,fan,348,7,0.0,0.0,0.0,0.0,1471089.5,0.0,0.0,2343464.75,2757868.75,0.0,0.0,2864088.0,624622.6875,0.0,0.0,8521096.0,0
1789702951.998079,fan,342,5,0.0,0.0,0.0,0.0,0.0,2199271.5,3193766.5,0.0,0.0,0.0,1414870.0,0.0,0.0,0.0,1765691.0,0.0,0
1789702952.0625393,fan,356,9,0.0,0.0,0.0,0.0,0.0,0.0,5346925.0,0.0,0.0,4930226.0,4485886.5,3197265.5,0.0,0.0,1020505.5625,1035157.9375,0
1789702952.1258903,fan,342,11,0.0,0.0,0.0,1808797.875,2681050.0,2965737.75,1249110.875,0.0,0.0,0.0,682225.5625,3192420.75,5960138.5,0.0,0.0,1796571.375,0
1789702952.1918783,fan,357,13,0.0,0.0,15288516.0,0.0,5131462.5,1882191.625,0.0,0.0,7941468.0,1758360.25,0.0,0.0,1919746.625,3111832.0,0.0,0.0,0
1789702952.2554722,fan,349,10,0.0,0.0,6205812.0,8957675.0,404409.875,0.0,4439381.0,0.0,0.0,954478.1875,0.0,0.0,0.0,1884615.125,1077023.25,1658534.25,0
1789702952.320166,fan,329,8,0.0,0.0,0.0,0.0,2055549.375,716613.9375,0.0,5583016.0,0.0,0.0,0.0,1678656.375,0.0,2103988.0,1131361.5,2892425.75,0
1789702952.9522774,fan,12,7,0.0,0.0,7683049.0,0.0,0.0,4232474.5,0.0,4343814.5,0.0,0.0,0.0,4621335.0,0.0,0.0,0.0,1530432.375,0
1789702953.0119116,fan,27,8,0.0,0.0,1874458.75,2787961.0,0.0,0.0,0.0,0.0,3892710.0,499608.125,395202.21875,329454.28125,0.0,0.0,0.0,0.0,0
1789702953.1264737,fan,3,13,0.0,21681062.0,14623071.0,0.0,0.0,0.0,1374726.125,0.0,4482679.0,1868460.625,0.0,0.0,1698446.0,2994272.0,998993.25,625504.3125,0
1789702953.2058423,fan,358,12,0.0,6313150.0,19905508.0,4868660.0,0.0,0.0,0.0,1423663.125,1794951.375,5999812.0,1078945.125,4505260.0,0.0,0.0,0.0,0.0,0
1789702953.522113,fan,353,11,0.0,11257864.0,0.0,16190332.0,0.0,0.0,3374361.25,0.0,0.0,1279621.75,0.0,1117431.25,4261230.0,4868106.5,0.0,4296629.0,0
1789702953.582625,fan,352,12,0.0,7268094.0,19783664.0,0.0,0.0,2221752.25,5155581.0,0.0,0.0,0.0,740746.125,0.0,5832657.0,6090559.5,1739800.75,0.0,0
1789702953.648139,fan,3,9,7741435.5,12861209.0,0.0,8971348.0,0.0,0.0,677674.5,0.0,0.0,0.0,0.0,1731685.875,0.0,0.0,0.0,4597191.0,0
1789702953.808409,fan,17,6,0.0,0.0,0.0,9896987.0,363841.9375,0.0,0.0,0.0,0.0,0.0,0.0,0.0,0.0,452110.5,1902615.375,3542429.0,0
1789702953.965555,fan,354,10,0.0,0.0,857817.5,0.0,0.0,1183216.125,0.0,0.0,9747586.0,5956364.0,1340123.5,647457.5625,481185.21875,0.0,1096129.75,0.0,0
1789702954.3154368,fan,359,10,0.0,981573.25,1515957.75,2326557.25,3620767.5,8234233.0,0.0,0.0,0.0,3943054.0,0.0,767146.5,0.0,0.0,2581138.75,0.0,0
1789702954.3812382,fan,23,9,0.0,0.0,15065495.0,3313358.0,0.0,0.0,0.0,0.0,1314009.75,2743934.25,0.0,0.0,0.0,433184.6875,2481147.75,0.0,0
1789702954.4448497,fan,336,8,2345594.0,0.0,3924127.5,4298348.5,0.0,0.0,0.0,0.0,0.0,1865601.75,0.0,0.0,2265579.0,483072.875,252200.09375,0.0,0
1789702954.5088935,fan,355,13,0.0,0.0,8164832.0,0.0,2231332.5,5121928.0,7377592.0,0.0,0.0,4010033.0,3074987.0,1028976.375,0.0,4309540.0,0.0,1978167.25,0
1789702954.5741851,fan,354,12,2238782.75,4771323.0,0.0,1717735.75,0.0,845737.75,3781980.25,1291400.25,1855263.875,0.0,0.0,0.0,2100279.5,531695.75,0.0,0.0,0
1789702954.6630197,fan,4,7,0.0,0.0,9297552.0,0.0,0.0,0.0,595272.5,0.0,0.0,0.0,0.0,1382972.0,1803053.375,4115867.0,0.0,932666.6875,0
1789702954.722517,fan,333,8,120058.3671875,0.0,0.0,0.0,0.0,0.0,0.0,0.0,0.0,2202536.75,0.0,2046573.25,1452660.0,5677271.0,1187588.5,0.0,0
1789702954.7854638,fan,335,3,0.0,5157508.0,0.0,0.0,0.0,0.0,642901.875,0.0,0.0,0.0,2302180.0,0.0,0.0,0.0,0.0,0.0,0
1789702954.8501763,fan,358,8,0.0,0.0,4718852.5,0.0,0.0,11292750.0,0.0,1603684.0,0.0,1805553.0,1673110.625,0.0,0.0,1640216.125,0.0,0.0,0
1789702954.925138,fan,345,11,0.0,0.0,8777913.0,6376883.0,0.0,865584.625,613613.25,1820907.5,0.0,0.0,0.0,1576618.625,1225133.5,1232705.75,1201743.125,0.0,0
1789702954.9894836,fan,340,6,0.0,0.0,0.0,66623164.0,0.0,0.0,34353716.0,0.0,59664272.0,18149192.0,0.0,14555128.0,0.0,0.0,0.0,0.0,0
1789702955.0556645,fan,344,6,247806176.0,0.0,0.0,91884976.0,66465332.0,0.0,0.0,0.0,0.0,21264538.0,0.0,0.0,15998382.0,0.0,0.0,14251613.0,0
1789702955.1208713,fan,19,4,34352548.0,0.0,0.0,28630160.0,7094130.0,0.0,0.0,0.0,0.0,0.0,0.0,0.0,0.0,0.0,0.0,0.0,0
1789702955.1774263,fan,19,6,0.0,0.0,12156285.0,0.0,1301127.75,0.0,0.0,0.0,2198737.75,0.0,0.0,0.0,0.0,0.0,915265.6875,0.0,0
1789702955.2638788,fan,353,10,0.0,0.0,0.0,1930429.0,0.0,0.0,2620176.75,10061544.0,1861840.875,1107588.5,0.0,0.0,0.0,2534237.5,2552359.0,0.0,0
1789702955.391865,fan,350,10,3212236.0,2359624.0,1755594.75,0.0,0.0,0.0,0.0,1125973.375,0.0,2096770.125,1440460.25,906347.375,0.0,631028.5,630851.375,1105820.25,0
1789702955.4560802,fan,341,16,0.0,0.0,0.0,410773.75,620541.0625,4265640.5,0.0,950634.625,1845045.25,756679.0,3260394.0,4075536.0,0.0,247304.0,4627787.5,877374.9375,0
1789702955.8032339,fan,352,15,1417189.25,0.0,2602054.75,1044544.0,0.0,0.0,0.0,1844552.125,2427626.5,0.0,1907831.0,2046840.5,1588915.0,1026522.1875,3384235.0,609493.75,0
1789702955.8631325,fan,12,11,0.0,0.0,0.0,3112643.5,2055030.0,6928213.5,0.0,477148.625,1127960.0,3903880.0,2720544.75,2420931.75,216333.28125,0.0,548240.9375,0.0,0
1789702956.0891547,fan,6,12,0.0,0.0,0.0,26206492.0,10350938.0,1891260.375,2548766.5,1613689.625,0.0,2610978.5,0.0,3137796.75,0.0,819482.9375,0.0,0.0,0
1789702956.341091,fan,352,13,6783845.0,13513010.0,0.0,0.0,1510853.75,3196718.25,7952442.5,1468651.75,0.0,0.0,1322686.75,0.0,0.0,5563375.0,789598.4375,1556657.0,0
1789702956.4368799,fan,23,7,0.0,5268846.0,18152348.0,0.0,0.0,0.0,2974332.75,1454568.0,1632979.0,0.0,0.0,933443.5,0.0,0.0,0.0,0.0,0
1789702956.4970574,fan,8,11,0.0,0.0,13663710.0,5183914.0,1387421.75,0.0,0.0,5146892.0,12906556.0,1009001.875,1644004.875,595063.4375,0.0,0.0,0.0,0.0,0
1789702956.5607119,fan,343,12,0.0,3388004.75,0.0,403913.5625,0.0,0.0,3842227.5,8298712.0,5104224.0,4680484.5,0.0,0.0,0.0,0.0,0.0,3385435.5,0
1789702956.6255748,fan,24,9,0.0,2932877.5,4536525.5,7548436.0,1186103.125,0.0,0.0,0.0,312894.78125,0.0,2340086.5,0.0,0.0,0.0,799735.375,0.0,0
1789702956.7227626,fan,5,9,0.0,4203962.0,0.0,0.0,1728205.0,9469079.0,3547408.5,8704705.0,0.0,0.0,0.0,0.0,2550098.5,1459031.5,0.0,0.0,0
1789702956.7868154,fan,343,7,1301694.375,0.0,6379785.0,0.0,0.0,2519321.0,0.0,0.0,0.0,0.0,0.0,1277344.0,924113.0625,827009.9375,495490.0,0.0,0
1789702956.851185,fan,347,10,0.0,0.0,0.0,0.0,1177551.0,0.0,3181179.0,1047136.3125,0.0,3848463.5,0.0,0.0,0.0,2182280.0,13856998.0,1246269.5,0
1789702957.0072718,fan,330,7,0.0,0.0,0.0,0.0,0.0,7468105.0,1803433.5,0.0,0.0,438025.6875,0.0,0.0,2601389.75,2605516.0,884092.6875,0.0,0
1789702957.1345382,fan,5,9,6234091.5,4090704.0,1619794.0,0.0,0.0,0.0,0.0,0.0,0.0,0.0,0.0,2160961.0,0.0,1067558.75,0.0,640510.125,0
1789702957.1955945,fan,5,14,0.0,0.0,8359880.0,6802768.0,2473857.5,0.0,1331963.25,716800.5,1477292.375,0.0,1203035.5,384746.5,0.0,3620441.0,942783.5,0.0,0
1789702957.26087,fan,339,15,0.0,2550197.5,12563606.0,0.0,3036477.0,0.0,5590036.0,1117267.75,0.0,8085214.0,4249365.5,523175.09375,3033329.75,0.0,1638064.75,0.0,0
1789702957.3216758,fan,2,10,0.0,0.0,1975057.0,2248131.25,430938.0625,0.0,0.0,3825250.25,11475007.0,2736856.5,0.0,0.0,1332359.5,0.0,0.0,0.0,0
1789702957.3861992,fan,16,13,3820153.0,0.0,4018593.0,5830462.0,568953.3125,0.0,0.0,1371789.25,0.0,6398095.5,1210083.0,645421.5,0.0,0.0,0.0,3830760.5,0
1789702957.7348301,fan,0,8,1545372.25,0.0,2910172.25,0.0,0.0,5221788.5,0.0,0.0,0.0,0.0,0.0,1051040.25,1796502.5,1407864.0,0.0,4251526.5,0
1789702957.7989626,fan,353,13,0.0,0.0,4180329.0,0.0,1433295.25,0.0,1168215.0,5554726.5,2213490.75,1938324.75,0.0,0.0,0.0,6823022.5,1372029.5,0.0,0
1789702957.8636312,fan,354,11,0.0,0.0,5136699.5,7607559.0,4307402.0,0.0,0.0,2241042.5,2916274.75,0.0,0.0,0.0,1010092.25,1705227.75,0.0,2581786.5,0
1789702957.9576573,fan,357,7,1186437.25,0.0,0.0,0.0,0.0,0.0,4145094.5,0.0,1325969.875,0.0,0.0,2695992.0,0.0,1497013.25,719174.1875,0.0,0
1789702958.0292282,fan,349,8,1208302.75,4202134.5,2156964.5,0.0,0.0,0.0,11101158.0,0.0,0.0,0.0,2642890.0,0.0,262594.34375,0.0,0.0,0.0,0
1789702958.1480272,fan,338,9,0.0,2007449.75,2443096.0,0.0,0.0,0.0,0.0,0.0,2694939.25,0.0,5888552.0,2213013.75,0.0,0.0,666405.125,2186864.25,0
1789702958.2189584,fan,349,8,0.0,0.0,0.0,0.0,2200551.75,6624824.0,0.0,12558663.0,5331023.0,0.0,1556892.25,3973524.5,0.0,2787479.5,0.0,0.0,0
1789702958.2828474,fan,32,7,57925040.0,0.0,0.0,5818674.5,7186470.5,0.0,9852256.0,0.0,6715479.0,0.0,0.0,0.0,0.0,0.0,0.0,2486380.25,0
1789702958.3465118,fan,322,8,0.0,0.0,0.0,0.0,12638671.0,0.0,5751290.0,8448972.0,0.0,3445765.5,3485199.5,10044604.0,0.0,0.0,0.0,1812584.25,0
1789702958.395761,fan,322,5,0.0,0.0,0.0,0.0,0.0,0.0,0.0,1441025.375,0.0,0.0,0.0,327128.21875,1871359.0,4366782.5,0.0,0.0,0
1789702958.4640582,fan,353,10,0.0,0.0,0.0,6339198.0,3940996.0,2708661.0,1842138.0,0.0,0.0,3859945.0,1055707.25,0.0,863062.0,0.0,0.0,691354.75,0
1789702958.560271,fan,356,12,0.0,8552442.0,8933908.0,1566335.0,0.0,0.0,0.0,0.0,1342237.75,11143142.0,3755884.75,1284723.75,0.0,1253184.0,0.0,811736.875,0
1789702958.6310036,fan,357,12,6127338.0,7611154.0,0.0,0.0,7461992.5,1379791.375,0.0,3232409.0,2074704.0,0.0,0.0,3039732.75,0.0,0.0,0.0,939911.75,0
1789702958.7185283,fan,339,9,0.0,0.0,0.0,0.0,0.0,6797221.0,3144959.75,0.0,0.0,0.0,549650.8125,903877.625,0.0,1511119.5,384758.5,1272176.75,0
1789702958.7789211,fan,339,12,0.0,0.0,0.0,0.0,0.0,2622942.0,0.0,0.0,7410212.0,2634099.5,2697226.0,4645179.0,1626923.25,0.0,7602380.5,1421668.375,0
1789702958.8283272,fan,354,18,0.0,3271393.5,18592052.0,18254786.0,4853753.0,5692099.5,131073.453125,0.0,0.0,2284321.5,1368738.375,0.0,443814.125,3059024.75,2569884.5,1662340.875,0
1789702959.0035489,fan,347,12,0.0,0.0,0.0,909709.0625,0.0,8198588.0,6425672.0,0.0,5145924.5,0.0,2908711.5,2838666.5,0.0,2396512.5,1560948.375,1719635.125,0
1789702959.1291625,fan,354,7,0.0,0.0,0.0,0.0,0.0,0.0,0.0,4028161.0,4711853.0,0.0,0.0,0.0,0.0,2443868.5,359665.0,0.0,0
1789702959.225467,fan,8,11,0.0,13159332.0,7640989.5,0.0,577723.625,0.0,0.0,1479684.625,3070654.75,486976.4375,0.0,0.0,545057.75,0.0,1490971.625,1503207.5,0
1789702959.2857103,fan,336,15,0.0,2814515.0,7185589.0,0.0,2137939.5,0.0,2241557.0,0.0,0.0,1672772.75,2810993.0,496255.875,0.0,5394448.5,1197804.25,908168.75,0
1789702959.3503542,fan,8,14,7170371.0,16909078.0,6425652.0,0.0,0.0,2976600.5,2827073.5,9403328.0,0.0,0.0,0.0,836455.875,1185164.5,1632826.625,472288.5,0.0,0
1789702959.414827,fan,358,13,0.0,1363479.0,0.0,7337613.0,602178.0,0.0,10463513.0,0.0,0.0,1973389.375,0.0,1183259.125,1493632.5,1159767.0,5078182.5,995188.0,0
1789702959.6054013,fan,348,9,4614394.5,11217370.0,0.0,0.0,0.0,2205802.0,1112515.25,0.0,0.0,1798789.25,0.0,0.0,0.0,2265138.25,0.0,714388.4375,0
1789702959.6770473,fan,343,11,775832.3125,0.0,6067636.0,0.0,0.0,2374320.25,1211870.125,1574247.5,0.0,3159559.25,0.0,1861267.5,0.0,2996376.5,2052781.75,2306711.0,0
1789702959.6778371,fan,19,9,0.0,0.0,5033893.5,7493901.0,0.0,2184951.0,0.0,1230420.0,0.0,522118.40625,383962.75,0.0,0.0,0.0,0.0,1565965.875,0
1789702959.985695,fan,331,9,564427.3125,0.0,0.0,2873987.5,3525084.75,0.0,200972.609375,0.0,0.0,395458.9375,227933.40625,0.0,677944.3125,261906.4375,0.0,561031.125,0
1789702960.0565448,fan,13,10,0.0,0.0,0.0,3842855.5,5685808.0,0.0,372052.28125,2964685.5,2999946.5,1364615.0,0.0,0.0,0.0,0.0,0.0,2411542.0,0
1789702960.8733017,fan,3,12,3488925.0,0.0,0.0,4718004.5,0.0,0.0,0.0,3840732.0,5122477.5,3149911.5,0.0,0.0,2217712.0,724825.0,1184885.25,0.0,0
1789702960.9337823,fan,1,7,3118034.0,0.0,830636.5,0.0,0.0,0.0,1864529.5,0.0,0.0,762837.0,0.0,0.0,0.0,616769.5625,2825132.75,0.0,0
1789702960.999546,fan,359,6,0.0,0.0,3560933.75,0.0,0.0,0.0,0.0,1266923.75,0.0,3815466.0,0.0,0.0,0.0,725212.0,0.0,1520074.75,0
1789702961.2846034,fan,340,7,6617419.0,0.0,0.0,7093643.0,1745401.125,5589456.0,0.0,0.0,0.0,0.0,0.0,0.0,0.0,0.0,0.0,1127423.0,0
1789702961.3496332,fan,13,14,0.0,0.0,7864588.0,17508752.0,1224559.625,0.0,0.0,3052872.0,0.0,3711051.5,2784882.5,2064188.0,0.0,4772470.0,0.0,0.0,0
1789702961.444699,fan,13,6,0.0,0.0,259639.484375,0.0,0.0,0.0,0.0,0.0,1796901.0,462254.375,0.0,0.0,0.0,1424979.25,0.0,2857266.25,0
1789702961.49156,fan,13,8,0.0,0.0,0.0,7498978.5,8312878.0,0.0,2780656.25,4176706.0,0.0,1688763.75,0.0,0.0,0.0,652675.0625,0.0,0.0,0
1789702961.634543,fan,2,11,2935385.0,0.0,3607985.0,1477230.75,0.0,1596259.25,0.0,5890114.0,5325181.0,0.0,0.0,0.0,0.0,0.0,0.0,8171329.5,0
1789702961.70543,fan,4,12,0.0,0.0,2391519.5,0.0,0.0,0.0,1726146.0,969012.5,4447468.0,0.0,2270105.5,5706611.0,0.0,879088.75,0.0,1402901.75,0
1789702961.7704566,fan,85,4,0.0,0.0,15720435.0,0.0,0.0,6299374.0,0.0,0.0,0.0,0.0,0.0,1651500.875,0.0,0.0,0.0,829028.3125,0
1789702961.8222163,fan,345,14,4280775.0,12287097.0,0.0,6380940.0,0.0,11228017.0,4890413.0,10576698.0,3210238.75,4217488.0,0.0,0.0,0.0,5674459.0,0.0,0.0,0
1789702961.886814,fan,345,14,0.0,0.0,4877823.5,0.0,684270.1875,2159155.5,0.0,902987.625,494945.3125,9780188.0,1301908.0,0.0,2183093.25,952336.875,0.0,489649.4375,0
1789702962.1093357,fan,350,13,0.0,0.0,6840269.0,2601700.5,1346203.5,2647634.75,0.0,0.0,5558982.5,3916890.25,581412.4375,0.0,0.0,832757.625,560591.25,1887071.5,0
1789702962.1731372,fan,349,11,0.0,9057445.0,5490721.5,0.0,0.0,0.0,0.0,18048424.0,5888957.5,3128834.75,0.0,1228741.25,0.0,0.0,7995137.0,2106303.5,0
1789702962.2440782,fan,359,6,0.0,0.0,1725256.375,0.0,1410016.5,1507238.25,0.0,0.0,0.0,1670618.0,0.0,0.0,1340277.0,0.0,0.0,0.0,0
1789702962.3086233,fan,1,15,4107418.75,3758704.25,2472226.25,23286880.0,3016856.25,0.0,0.0,0.0,1543410.25,6085797.0,0.0,3213496.0,0.0,1439406.75,1650997.25,3754440.75,0
1789702962.3742034,fan,359,18,441382.9375,0.0,1978442.25,7688004.0,7993381.5,1249721.625,1455911.375,5435146.0,4780774.0,4534395.5,0.0,0.0,0.0,1174652.25,0.0,5961233.0,0
1789702962.4389303,fan,1,4,712733.75,0.0,0.0,0.0,0.0,0.0,0.0,0.0,0.0,0.0,0.0,1227645.625,1031333.25,1672495.25,0.0,0.0,0
1789702962.80714,fan,349,10,0.0,0.0,7722591.5,0.0,167502.59375,542122.375,0.0,1842463.25,699298.4375,2202501.5,0.0,0.0,0.0,1338060.75,0.0,721035.625,0
1789702962.8709517,fan,348,6,3667002.25,3787346.5,0.0,3449865.75,0.0,573709.0,0.0,0.0,0.0,0.0,0.0,0.0,0.0,0.0,0.0,2104475.75,0
1789702962.9351254,fan,6,10,0.0,0.0,2914352.0,1773550.25,0.0,0.0,3519489.75,0.0,1393272.125,725661.75,0.0,1599146.75,2007226.0,415426.75,472140.8125,0.0,0
1789702963.0275419,fan,5,17,0.0,0.0,19300918.0,0.0,598107.25,0.0,834118.375,6262840.0,983032.6875,0.0,0.0,5354904.0,4325243.0,1591633.25,4464490.0,5899257.5,0
1789702963.0886278,fan,1,13,0.0,0.0,0.0,0.0,669150.375,0.0,4687575.0,7945709.0,0.0,0.0,0.0,2690672.25,3862022.0,1398544.25,2596592.5,5215113.5,0
1789702963.1541388,fan,357,13,0.0,0.0,4429682.0,0.0,0.0,6977122.0,3990439.25,1763349.125,0.0,1857099.0,1449438.25,0.0,0.0,1254129.0,1278263.625,699451.375,0
1789702963.313597,fan,346,11,7385088.0,0.0,569699.0,6124298.0,0.0,0.0,0.0,0.0,5043316.5,2049222.5,0.0,0.0,0.0,5763742.0,1151684.25,0.0,0
1789702963.3785536,fan,347,12,0.0,0.0,1553116.875,9127620.0,12011196.0,0.0,5290851.5,3043721.5,1109214.25,0.0,0.0,0.0,1444341.25,0.0,0.0,0.0,0
1789702963.4439092,fan,1,13,0.0,0.0,9338304.0,12047749.0,0.0,0.0,0.0,4630355.0,2121796.25,8424850.0,5418386.0,0.0,0.0,0.0,4004980.75,0.0,0
1789702963.5081763,fan,345,6,0.0,0.0,3241360.0,0.0,0.0,0.0,0.0,0.0,0.0,0.0,0.0,0.0,0.0,4395553.5,893517.625,1945318.125,0
1789702963.5976353,fan,359,16,1205991.75,574539.5625,3583314.0,382341.59375,348433.5,6559216.0,3978902.5,4188533.5,10679192.0,0.0,0.0,0.0,0.0,6651583.0,7184336.5,7884198.5,0
1789702963.6926715,fan,348,9,0.0,0.0,659700.125,2833950.0,3032197.5,1218497.0,5870537.0,0.0,0.0,0.0,0.0,5869898.0,1016208.5,0.0,0.0,0.0,0
1789702963.7882438,fan,348,18,0.0,527890.625,4494130.0,12723790.0,4027051.0,0.0,2554041.0,7421410.5,930594.375,3181849.75,0.0,0.0,0.0,357394.625,4319659.0,2648580.5,0
1789702963.8354535,fan,348,15,0.0,0.0,17124248.0,13989900.0,9395362.0,859474.9375,0.0,1777664.625,593688.5625,0.0,708556.625,0.0,1500426.25,0.0,1309973.25,2318021.0,0
1789702963.8852956,fan,0,11,2107575.5,0.0,7435690.0,0.0,2549197.5,0.0,0.0,1177221.5,735237.75,0.0,0.0,2253048.25,0.0,3753277.0,0.0,0.0,0
1789702963.9787476,fan,5,9,0.0,0.0,6782819.0,14471284.0,0.0,0.0,0.0,0.0,0.0,0.0,0.0,0.0,2043704.0,2489984.75,1482521.0,0.0,0
1789702964.039041,fan,336,10,0.0,2481918.5,3373918.0,0.0,0.0,0.0,2236327.25,4831953.5,1561383.25,3784934.5,0.0,0.0,0.0,0.0,0.0,6339739.0,0
1789702964.1039948,fan,358,6,1816737.5,0.0,0.0,8963138.0,0.0,0.0,0.0,1595407.375,789028.8125,6155971.0,0.0,0.0,0.0,0.0,0.0,0.0,0
1789702964.1789596,fan,338,13,1754128.0,0.0,1114814.875,0.0,0.0,0.0,7685502.0,11721796.0,0.0,0.0,1502561.25,736129.0,3362726.75,1263898.25,783405.875,0.0,0
1789702964.2631905,fan,338,6,0.0,524124.25,0.0,3508988.0,0.0,2298408.25,0.0,0.0,0.0,0.0,0.0,0.0,0.0,0.0,1040184.1875,1697233.5,0
1789702964.308189,fan,338,10,0.0,0.0,0.0,0.0,0.0,0.0,0.0,3869964.5,0.0,5072726.0,5306435.0,1646678.125,1698702.75,1064176.625,0.0,0.0,0
1789702964.6762955,fan,18,12,0.0,1000312.3125,0.0,18701676.0,7056023.0,0.0,0.0,0.0,725365.125,1445981.375,1110729.25,1792442.875,1276279.625,0.0,2469856.25,0.0,0
1789702964.7370315,fan,354,8,0.0,0.0,2598892.5,3445033.0,0.0,0.0,0.0,17136394.0,1542603.75,0.0,0.0,1410020.25,0.0,0.0,0.0,460818.4375,0
1789702964.801089,fan,350,12,0.0,6129214.5,3234201.5,0.0,1164194.25,8500748.0,8848130.0,1586513.75,2242285.75,0.0,1103819.625,0.0,3713342.5,0.0,0.0,0.0,0
1789702964.8654907,fan,357,11,558504.25,3895312.75,0.0,0.0,8385691.0,0.0,0.0,18098388.0,6953752.0,261451.5,0.0,2670956.75,0.0,0.0,0.0,2440414.5,0
1789702964.9308088,fan,2,19,6646183.0,8482128.0,4947901.0,11327293.0,4394995.0,0.0,1087732.5,0.0,1281985.25,7109585.0,4060064.5,4069310.75,1775202.625,0.0,0.0,1190462.625,0
1789702964.9952416,fan,2,9,0.0,0.0,0.0,6464057.0,3459436.0,0.0,0.0,1583715.5,0.0,2717973.5,0.0,1903967.0,0.0,1958417.125,0.0,1265124.5,0
1789702965.044967,fan,5,12,0.0,5942848.0,10773755.0,8605656.0,5467244.5,0.0,0.0,1712871.0,0.0,0.0,0.0,1577723.0,0.0,5712184.5,5855079.5,0.0,0
1789702965.109813,fan,347,15,0.0,3676534.5,7381023.0,0.0,4614537.0,1237700.375,0.0,6342723.0,1407492.75,1390356.25,883063.5,705182.5,853808.9375,601226.5,3514989.5,1459801.5,0
1789702965.4036908,fan,347,5,0.0,1572036.625,0.0,0.0,1630238.25,0.0,0.0,7578912.0,0.0,7126992.0,0.0,0.0,0.0,0.0,0.0,0.0,0
1789702965.4661534,fan,350,14,0.0,0.0,4433700.5,0.0,0.0,1275941.5,1482990.25,0.0,4792433.5,0.0,744989.3125,687077.375,787506.125,3106980.5,3540514.25,3511439.5,0
1789702965.5311797,fan,350,8,0.0,11006437.0,0.0,0.0,9163033.0,3727153.75,0.0,0.0,1254868.5,1790051.625,0.0,2510786.0,0.0,0.0,0.0,3169164.25,0
1789702965.6246092,fan,341,6,0.0,0.0,0.0,0.0,0.0,729579.75,0.0,836254.75,1133561.625,1133571.0,0.0,2901224.0,0.0,0.0,589579.4375,0.0,0
1789702965.8156297,fan,22,8,0.0,0.0,3560501.75,24821468.0,0.0,0.0,0.0,2496482.25,1490554.625,1611623.875,0.0,0.0,0.0,0.0,153350.546875,0.0,0
1789702965.88635,fan,356,15,424455.4375,0.0,0.0,700557.625,1563246.0,4242181.0,2615776.5,3890178.0,1008123.0,11233712.0,0.0,0.0,1863443.75,206145.546875,0.0,0.0,0
1789702966.8608534,fan,349,8,0.0,0.0,0.0,6114747.0,2381967.5,0.0,0.0,0.0,0.0,6532514.5,2333408.0,0.0,0.0,4661039.0,0.0,377044.0,0
1789702966.9255407,fan,3,9,814143.4375,0.0,380860.5,0.0,1550753.125,3897551.5,0.0,6967020.5,0.0,0.0,0.0,0.0,0.0,5713949.0,3458541.0,0.0,0
1789702966.9906986,fan,359,9,0.0,0.0,1723287.5,8350639.0,2767324.0,4431254.5,731197.125,0.0,622598.125,0.0,0.0,0.0,0.0,0.0,819076.375,0.0,0
1789702967.056173,fan,1,12,0.0,0.0,0.0,1467378.75,0.0,0.0,1456138.0,16083826.0,7555902.5,4277304.0,2601459.5,0.0,0.0,3661142.0,0.0,0.0,0
1789702967.1278443,fan,0,8,0.0,0.0,0.0,0.0,0.0,0.0,0.0,1512324.25,4884460.0,771021.25,0.0,2027268.75,0.0,5783425.5,0.0,3324952.5,0
1789702967.1928902,fan,0,10,0.0,0.0,0.0,0.0,0.0,1680253.625,5153693.5,0.0,3813677.0,294551.375,832077.125,0.0,0.0,0.0,1575709.25,4402670.0,0
1789702967.2428427,fan,352,10,0.0,0.0,4874341.0,7861566.0,0.0,14626306.0,1470385.75,8387065.5,16251263.0,776162.5,0.0,0.0,0.0,762945.25,0.0,0.0,0
1789702967.3077736,fan,350,10,0.0,0.0,3732516.0,2474613.75,6414378.0,9433772.0,0.0,6119522.0,1583849.5,1003596.0,0.0,0.0,0.0,0.0,0.0,0.0,0
1789702967.3723927,fan,340,13,0.0,0.0,0.0,8539623.0,4101403.5,6289301.0,1502162.625,2250352.5,2146023.5,2134289.5,0.0,0.0,0.0,3495963.0,262872.4375,1203909.875,0
1789702967.4376564,fan,359,13,0.0,0.0,5714848.0,0.0,1030492.875,0.0,6857006.0,7758147.0,0.0,4214686.0,3671460.0,1399510.5,1840176.5,1818725.0,0.0,0.0,0
1789702967.558379,fan,355,10,0.0,0.0,12296352.0,2011896.625,2270978.0,0.0,1955149.125,5974391.5,1496175.875,0.0,0.0,1294711.75,0.0,1671202.0,0.0,0.0,0
1789702967.6851733,fan,358,18,7453218.0,12153624.0,4470301.0,967193.6875,2934853.0,0.0,3506935.0,9835624.0,7991201.5,1478640.875,0.0,0.0,2441933.0,400631.15625,1227781.0,0.0,0
1789702967.7506328,fan,10,11,0.0,5699880.0,23128102.0,17801594.0,3055856.25,0.0,1168515.25,3785350.0,0.0,0.0,912168.125,0.0,0.0,0.0,1463617.25,0.0,0
1789702968.1928875,fan,6,12,16054470.0,3968253.25,0.0,0.0,4803077.5,0.0,2810062.5,0.0,2676012.75,0.0,0.0,6848684.0,0.0,746954.9375,2575378.0,0.0,0
1789702968.2865143,fan,352,10,0.0,0.0,0.0,0.0,2059074.75,0.0,364800.28125,7815558.5,2342595.0,3240363.5,0.0,0.0,2628136.5,1057664.125,935519.0625,0.0,0
1789702968.3477046,fan,338,11,2196507.75,0.0,0.0,0.0,0.0,3959775.0,5365035.0,0.0,945033.25,1496942.25,0.0,319446.125,777356.1875,811973.5,0.0,1786467.875,0
1789702968.983889,fan,351,20,1627457.875,8203040.0,17822844.0,0.0,544378.25,5982609.5,3037105.25,882489.8125,0.0,0.0,2330429.25,4346603.0,2458530.75,14914404.0,476278.8125,2961646.5,0
1789702969.0785468,fan,6,14,0.0,0.0,0.0,6746875.0,4520108.0,0.0,0.0,2531085.0,6025674.0,656647.5,4061900.0,7344382.0,0.0,6772153.5,0.0,1192063.25,0
1789702969.1427,fan,7,8,0.0,0.0,10294838.0,9747958.0,1929031.25,0.0,0.0,0.0,0.0,0.0,1838289.375,1103539.25,1063681.875,0.0,0.0,0.0,0
1789702969.2080538,fan,10,19,1317939.5,11350306.0,15918829.0,8837698.0,1800368.5,0.0,340415.8125,0.0,736413.8125,3503861.0,0.0,1009310.6875,0.0,588500.75,3844126.75,4370535.5,0
1789702969.2737257,fan,352,16,0.0,7334708.0,6824923.0,6175058.5,0.0,1614520.875,3077799.0,2265027.75,0.0,0.0,0.0,1655687.5,0.0,5439479.0,1732654.875,2733565.75,0
1789702969.3387136,fan,354,16,0.0,0.0,7125271.0,8286387.0,0.0,0.0,0.0,1548128.5,3253816.0,5896118.5,5739897.0,2906069.5,0.0,8521892.0,2245473.0,1909604.75,0
1789702969.4036493,fan,338,6,0.0,6469519.0,8005496.5,0.0,1218075.0,367850.25,0.0,0.0,0.0,1824108.375,0.0,0.0,0.0,2144728.75,0.0,0.0,0
1789702969.467822,fan,0,6,0.0,0.0,0.0,0.0,14635964.0,1495134.25,316190.375,0.0,0.0,682687.4375,0.0,0.0,0.0,0.0,793577.125,0.0,0
1789702969.533042,fan,353,14,0.0,2517400.5,3806362.75,1032652.5,0.0,0.0,0.0,5521409.5,2822081.5,1459438.5,2864299.0,2179562.5,0.0,0.0,2375596.5,1354902.5,0
1789702969.7134364,fan,341,12,0.0,0.0,0.0,0.0,0.0,948005.25,1280964.5,9441292.0,0.0,0.0,0.0,1270534.875,7357571.0,4644829.0,0.0,1802357.0,0
1789702969.7773767,fan,340,8,0.0,0.0,0.0,2255778.25,0.0,0.0,4956664.0,0.0,0.0,0.0,0.0,3100927.5,0.0,1659963.25,534436.625,2129803.0,0
1789702969.9980643,fan,354,10,0.0,0.0,6453382.0,1810025.75,1248015.5,0.0,0.0,1449873.0,0.0,1316618.25,0.0,0.0,0.0,2157828.5,0.0,7506709.5,0
1789702970.070251,fan,30,6,0.0,0.0,0.0,6420539.0,3906740.75,1727213.5,0.0,1680757.0,1084403.0,1154178.125,0.0,0.0,0.0,0.0,0.0,0.0,0
1789702970.1353576,fan,323,4,0.0,0.0,19969732.0,0.0,0.0,10115574.0,0.0,0.0,0.0,0.0,0.0,0.0,0.0,0.0,9960228.0,0.0,0
1789702970.136986,fan,4,3,0.0,0.0,0.0,33925460.0,0.0,0.0,0.0,0.0,0.0,0.0,0.0,0.0,1752311.75,4407270.5,0.0,0.0,0
1789702970.2040656,fan,33,4,0.0,0.0,42986316.0,59055768.0,0.0,0.0,0.0,0.0,0.0,0.0,0.0,0.0,0.0,5991332.5,0.0,0.0,0
1789702970.2681372,fan,1,6,0.0,0.0,0.0,0.0,0.0,9623288.0,0.0,2573704.0,0.0,0.0,5191543.5,0.0,0.0,7052425.0,0.0,0.0,0
1789702970.3314176,fan,31,4,0.0,0.0,16844776.0,0.0,0.0,0.0,0.0,0.0,4726231.5,0.0,0.0,0.0,0.0,0.0,0.0,0.0,0
1789702970.4077857,fan,343,13,1911464.0,0.0,10035014.0,0.0,2713795.5,1434605.25,6515189.0,11088196.0,0.0,0.0,0.0,1430245.875,0.0,0.0,0.0,4568587.0,0
1789702970.5353587,fan,343,10,0.0,5313741.5,0.0,0.0,126661.828125,1389924.5,0.0,0.0,0.0,2204021.5,1013005.3125,0.0,1068396.375,5688160.0,2459262.5,0.0,0
1789702970.6300855,fan,358,11,0.0,0.0,0.0,0.0,2495100.0,12557140.0,3752386.5,0.0,10471547.0,0.0,0.0,0.0,0.0,6877993.0,5020959.0,0.0,0
1789702970.6908925,fan,359,8,0.0,0.0,1220839.75,0.0,1071487.625,0.0,755895.1875,0.0,0.0,1475953.25,1142370.75,0.0,1592745.375,2764364.0,0.0,0.0,0
1789702970.7550762,fan,343,6,0.0,2272941.5,5449946.0,0.0,0.0,1334573.875,1374155.375,0.0,0.0,0.0,0.0,0.0,0.0,3840335.5,0.0,1734826.5,0
1789702970.8311021,fan,340,9,0.0,0.0,2317889.5,2914634.75,0.0,351776.8125,0.0,0.0,3961375.75,0.0,0.0,0.0,0.0,7988672.5,352932.75,0.0,0
1789702970.9594128,fan,195,6,75356960.0,0.0,0.0,40041936.0,0.0,0.0,0.0,9060333.0,0.0,6492335.5,0.0,0.0,0.0,0.0,4476303.5,0.0,0
1789702971.1063824,fan,351,12,0.0,0.0,852610.625,0.0,0.0,0.0,3847446.5,3837673.75,909144.625,590557.375,0.0,5009587.0,973000.625,814670.625,880936.3125,0.0,0
1789702971.2640991,fan,344,7,0.0,6162540.0,10655152.0,0.0,2233774.75,3003216.5,0.0,0.0,0.0,0.0,0.0,0.0,615005.0,2456857.25,0.0,0.0,0
1789702971.3250413,fan,17,6,0.0,0.0,0.0,4698189.0,0.0,0.0,1829046.125,0.0,0.0,3073190.5,0.0,0.0,1979924.625,0.0,1772571.0,0.0,0
1789702971.3894284,fan,29,9,0.0,0.0,0.0,0.0,386065.59375,0.0,1102533.5,0.0,2907524.5,2556027.75,0.0,1365040.375,705704.0,0.0,5266034.5,592983.875,0
1789702971.4589462,fan,347,6,0.0,0.0,0.0,0.0,0.0,0.0,8856098.0,0.0,5236238.5,0.0,0.0,0.0,5018847.0,2946955.5,0.0,0.0,0
1789702971.5226002,fan,18,9,0.0,0.0,10372042.0,0.0,5393057.5,0.0,2491277.75,0.0,0.0,12529422.0,0.0,0.0,0.0,0.0,1058932.875,0.0,0
1789702971.5876894,fan,18,9,18747120.0,0.0,14049831.0,4795222.0,0.0,8259883.5,0.0,0.0,3748750.75,5488701.0,0.0,0.0,0.0,3793612.0,0.0,0.0,0
1789702971.6778166,fan,1,13,0.0,0.0,5084821.5,0.0,0.0,0.0,0.0,5577812.0,0.0,3860697.0,563607.5625,0.0,2914751.75,1828616.75,1011540.1875,1846571.125,0
1789702971.7409937,fan,330,12,5107751.5,4102143.0,0.0,0.0,0.0,3441003.0,1628680.625,825785.9375,179877.984375,1941037.5,0.0,4769306.0,5018157.5,0.0,0.0,1424384.875,0
1789702971.8049223,fan,345,15,16723100.0,14953998.0,2516902.75,691471.875,676713.4375,0.0,0.0,5847866.5,0.0,0.0,2079485.875,1310177.25,3721056.25,6864009.5,1166410.5,0.0,0
1789702971.9303448,fan,8,11,672189.625,2729398.5,0.0,1954399.25,0.0,0.0,0.0,6512613.0,3477846.0,11724403.0,0.0,2395425.0,0.0,0.0,0.0,2312488.5,0
1789702972.057572,fan,12,12,0.0,0.0,5111022.5,21364042.0,2234263.5,0.0,1573038.625,7328220.0,4714200.0,0.0,247898.71875,681745.25,0.0,349369.875,2088076.25,0.0,0
1789702972.1518612,fan,54,6,1142774.5,26810640.0,3865728.5,0.0,0.0,0.0,447218.0625,0.0,0.0,0.0,0.0,0.0,0.0,0.0,0.0,0.0,0
1789702972.2103047,fan,358,11,8075531.0,9937340.0,2250146.75,2512883.75,0.0,0.0,411191.59375,0.0,0.0,2230465.25,0.0,1473255.125,7620885.5,581431.5625,0.0,444692.75,0
1789702972.284703,fan,356,9,0.0,0.0,1807524.75,0.0,0.0,0.0,0.0,885966.4375,1033798.3125,3226540.0,0.0,4349051.0,0.0,4480180.5,0.0,0.0,0
1789702972.3486307,fan,335,13,74214560.0,0.0,0.0,0.0,0.0,0.0,1549465.5,3055358.25,18850632.0,0.0,0.0,7480995.5,0.0,8254749.5,4665761.5,7213640.5,0
1789702972.4137318,fan,352,9,41130960.0,94471040.0,0.0,0.0,32459980.0,0.0,0.0,8839827.0,0.0,0.0,0.0,0.0,4279476.0,5458442.0,3798143.25,3558829.25,0
1789702972.478307,fan,14,10,261547504.0,91509408.0,92325680.0,0.0,42157376.0,0.0,22513240.0,0.0,0.0,18152114.0,0.0,6365432.0,8444093.0,5007052.5,0.0,0.0,0
1789702972.542862,fan,2,13,679736448.0,482873792.0,441679008.0,127098088.0,89107176.0,118900288.0,0.0,0.0,81000408.0,0.0,0.0,66310504.0,0.0,0.0,0.0,0.0,0
1789702972.7226796,fan,2,15,0.0,0.0,8327687.0,0.0,952311.0,0.0,0.0,4154767.5,3715140.25,4324153.5,0.0,489262.0,1528984.5,2608069.25,2978442.0,7397385.0,0
1789702972.768178,fan,2,9,0.0,0.0,2993570.25,0.0,1912992.375,2205705.75,1165735.0,0.0,1389220.25,504173.25,1072036.75,5817184.5,0.0,0.0,0.0,0.0,0
1789702972.8181171,fan,4,8,0.0,0.0,6626129.0,0.0,5760560.0,0.0,0.0,1140650.75,0.0,4750068.5,4916701.0,0.0,0.0,734614.125,0.0,0.0,0
1789702972.8830166,fan,26,4,0.0,0.0,0.0,10926436.0,0.0,0.0,0.0,0.0,2651372.0,2112525.5,0.0,0.0,0.0,0.0,327657.75,0.0,0
1789702972.946541,fan,332,9,0.0,0.0,0.0,0.0,0.0,1362118.625,1535429.75,0.0,3102511.75,3580333.25,0.0,649000.0625,1140890.25,1129897.25,0.0,0.0,0
1789702973.0098975,fan,338,6,0.0,0.0,0.0,2745416.5,0.0,0.0,1331212.5,2382379.0,1193235.0,489482.34375,1623923.875,0.0,0.0,0.0,0.0,0.0,0
1789702973.1029603,fan,354,13,0.0,0.0,0.0,0.0,1528147.25,0.0,4194137.0,1686198.5,10628253.0,3268128.5,2388465.75,2396882.5,0.0,0.0,4860330.0,6100552.0,0
1789702973.1637146,fan,358,7,0.0,0.0,0.0,2221450.75,2962009.0,795640.3125,0.0,1580002.75,0.0,0.0,0.0,0.0,0.0,602042.125,0.0,2563554.75,0
1789702973.2289076,fan,357,12,0.0,0.0,0.0,0.0,2494742.5,1088450.375,0.0,0.0,738492.5,1409700.75,642202.875,0.0,2335670.5,1983826.75,7786790.5,2501422.75,0
1789702973.2938995,fan,349,15,6382211.0,0.0,9140659.0,7001764.0,0.0,0.0,2790835.5,6849068.0,5074338.0,2081319.75,920707.9375,729644.75,2345992.5,2972699.5,0.0,0.0,0
1789702973.359349,fan,21,9,0.0,0.0,5913328.5,0.0,2366431.5,0.0,0.0,0.0,0.0,5289258.0,0.0,0.0,1075230.875,515309.75,4964166.0,1300734.75,0
1789702973.4245565,fan,71,3,20376308.0,27924448.0,0.0,16450041.0,0.0,0.0,0.0,0.0,0.0,0.0,0.0,0.0,0.0,0.0,0.0,0.0,0
1789702973.5457757,fan,4,7,0.0,0.0,4404676.0,5291676.5,0.0,0.0,2114311.75,0.0,1494521.25,790034.5625,3782138.5,0.0,0.0,0.0,0.0,0.0,0
1789702973.5972738,fan,345,10,0.0,0.0,2737035.75,565196.6875,0.0,3020802.5,0.0,0.0,2606275.25,6668301.0,0.0,1433649.75,1338279.5,665846.875,0.0,0.0,0
1789702973.6618547,fan,331,7,0.0,0.0,0.0,0.0,0.0,5369109.5,0.0,7292546.5,0.0,0.0,0.0,2039414.75,4122414.5,1717255.25,0.0,0.0,0
1789702973.738298,fan,337,5,0.0,0.0,10584221.0,1525261.75,0.0,0.0,0.0,0.0,0.0,0.0,0.0,2072635.25,0.0,0.0,1616504.0,0.0,0
1789702973.8710935,fan,7,7,0.0,1158121.75,12227722.0,0.0,2428888.25,986389.25,0.0,0.0,0.0,7382145.0,0.0,0.0,0.0,0.0,0.0,0.0,0
1789702973.9370258,fan,68,3,0.0,0.0,0.0,0.0,0.0,9927518.0,0.0,0.0,0.0,5906169.0,0.0,0.0,0.0,0.0,0.0,0.0,0
1789702973.987516,fan,343,15,0.0,0.0,1237127.125,7519357.5,0.0,0.0,1647172.625,15633320.0,0.0,5513760.0,2669219.0,4150018.75,5601741.0,1720118.75,4119639.25,0.0,0
1789702974.0520105,fan,332,10,0.0,5091115.0,3007871.25,0.0,0.0,0.0,0.0,176887.890625,0.0,0.0,0.0,565387.875,2338259.5,20034870.0,6139179.0,0.0,0
1789702974.121813,fan,349,6,0.0,0.0,0.0,5671362.5,3060752.5,0.0,7309929.0,0.0,0.0,0.0,0.0,0.0,3449676.0,0.0,2564371.0,2106390.75,0
1789702974.185867,fan,11,5,0.0,0.0,0.0,26096100.0,0.0,0.0,0.0,0.0,0.0,0.0,0.0,5244716.5,0.0,4057093.25,4300586.0,10181502.0,0
1789702974.2571676,fan,12,7,0.0,0.0,0.0,0.0,0.0,0.0,0.0,687725.875,1907059.0,1531958.0,0.0,0.0,0.0,4234320.0,2297638.75,0.0,0
1789702974.3667822,fan,355,13,2022197.25,0.0,2489918.0,7279285.5,1815588.375,0.0,1846725.625,3629141.5,7059020.0,847893.5,0.0,0.0,0.0,5263571.5,187148.625,1873863.5,0
1789702974.4432743,fan,348,11,0.0,1610086.0,1519494.25,16775929.0,5248662.5,0.0,0.0,0.0,2578625.0,0.0,3772121.5,0.0,0.0,1497617.125,6830441.0,0.0,0
1789702974.5726664,fan,274,5,40795224.0,29041822.0,32722640.0,0.0,0.0,0.0,6916396.5,0.0,0.0,0.0,0.0,0.0,0.0,0.0,0.0,2901460.5,0
1789702974.6374962,fan,15,9,0.0,0.0,0.0,0.0,31817300.0,0.0,0.0,7340140.5,0.0,0.0,3272846.5,8144225.0,4736213.5,0.0,0.0,9456843.0,0
1789702974.6930947,fan,19,4,95248016.0,0.0,0.0,0.0,0.0,0.0,0.0,0.0,0.0,3460552.75,0.0,0.0,0.0,4051850.0,0.0,0.0,0
1789702974.8019006,fan,354,15,0.0,6546735.5,0.0,4811698.0,1454663.0,0.0,0.0,3530172.0,0.0,7453672.0,3650353.0,2089879.875,1157872.625,1782146.0,0.0,2374183.0,0
1789702974.8731306,fan,2,11,1337555.5,2172459.25,3244703.75,0.0,954566.4375,0.0,0.0,0.0,4827139.5,2069215.25,2137160.0,0.0,0.0,3510861.5,2099893.5,0.0,0
1789702975.0658827,fan,340,6,0.0,0.0,6130264.0,0.0,0.0,0.0,0.0,0.0,0.0,0.0,0.0,6633361.0,0.0,697418.375,616041.5,0.0,0
1789702975.1365469,fan,355,6,956297.625,0.0,0.0,837369.6875,0.0,0.0,0.0,0.0,6040339.5,5125252.0,2681484.5,0.0,0.0,0.0,0.0,0.0,0
1789702975.2458644,fan,352,11,551683.3125,0.0,2934857.5,0.0,0.0,0.0,0.0,2449036.5,7293212.0,0.0,0.0,965868.375,0.0,8598231.0,4470564.0,0.0,0
1789702975.4149294,fan,336,9,0.0,4618138.0,4744700.0,0.0,0.0,0.0,0.0,0.0,1205189.625,0.0,1309903.625,0.0,4338371.0,678774.0,0.0,775020.1875,0
1789702975.478651,fan,3,11,0.0,0.0,274618.28125,3411972.75,0.0,0.0,0.0,0.0,916312.25,1628507.25,0.0,4044262.5,1118539.0,0.0,2124703.0,4738938.0,0
1789702975.542962,fan,3,10,422140.6875,0.0,0.0,0.0,1633417.0,1221367.75,0.0,6242930.0,0.0,3948540.0,3815593.5,1962711.0,1831882.5,2006835.375,0.0,0.0,0
1789702975.589041,fan,2,9,0.0,0.0,18290792.0,4499893.0,0.0,0.0,6090263.0,478528.59375,0.0,0.0,0.0,0.0,0.0,717335.125,2442052.75,0.0,0
1789702975.6546683,fan,14,4,0.0,0.0,0.0,0.0,0.0,0.0,0.0,0.0,0.0,0.0,0.0,17951314.0,0.0,0.0,3895904.5,0.0,0
1789702975.7197232,fan,338,3,0.0,0.0,0.0,0.0,0.0,0.0,0.0,0.0,0.0,0.0,0.0,0.0,0.0,13648508.0,7023466.0,0.0,0
1789702975.795287,fan,1,13,0.0,0.0,0.0,24883716.0,954441.3125,0.0,1482369.75,6704261.0,1329852.125,1635567.0,1948480.625,2078275.125,0.0,0.0,1898723.25,3866309.5,0
1789702975.9543653,fan,67,7,0.0,6637007.5,16425131.0,10306738.0,99662.2109375,0.0,1164934.5,0.0,0.0,0.0,0.0,0.0,0.0,0.0,0.0,1461156.875,0
1789702976.5573318,fan,345,12,0.0,0.0,2780940.5,0.0,1502411.125,0.0,0.0,0.0,0.0,0.0,1508973.375,7742658.0,2641294.0,1229875.0,6742810.0,2445757.5,0
1789702976.6831014,fan,356,13,0.0,6041501.0,4350821.0,0.0,0.0,925008.375,0.0,1620649.875,0.0,1819121.25,954054.375,0.0,2188838.5,2067738.5,0.0,2477108.75,0
1789702976.9053533,fan,351,10,0.0,0.0,1860051.25,1709006.625,0.0,0.0,11606220.0,5868515.0,0.0,1388195.5,0.0,0.0,1085518.5,0.0,0.0,0.0,0
1789702976.966208,fan,2,5,0.0,0.0,0.0,0.0,0.0,0.0,0.0,1111444.125,0.0,0.0,0.0,0.0,0.0,3269925.25,2366611.0,0.0,0
1789702977.037237,fan,353,9,0.0,0.0,6341980.0,0.0,4532567.0,0.0,2724099.5,0.0,0.0,3579726.0,1217500.5,3337628.25,0.0,1118609.0,1918422.625,3058741.5,0
1789702977.1014218,fan,16,4,35783376.0,0.0,0.0,0.0,0.0,6252544.0,0.0,0.0,0.0,3330420.5,0.0,3416338.5,0.0,0.0,0.0,0.0,0
1789702977.1661954,fan,196,6,0.0,0.0,46784356.0,7763050.5,0.0,0.0,0.0,0.0,0.0,0.0,0.0,0.0,0.0,1642392.625,0.0,3056520.5,0
1789702977.2190337,fan,355,12,1526314.125,0.0,662557.0,0.0,1756490.5,0.0,2547797.0,3779770.25,715768.3125,0.0,1185028.25,0.0,0.0,931370.0625,0.0,1567968.25,0
1789702977.2820804,fan,328,7,0.0,0.0,0.0,0.0,0.0,0.0,2946704.75,1731244.625,1131182.25,0.0,2066476.25,2069534.25,0.0,0.0,0.0,0.0,0
1789702977.3450139,fan,329,7,798900.375,0.0,0.0,0.0,0.0,1419340.125,0.0,0.0,0.0,0.0,0.0,543777.625,1003624.625,4946949.0,0.0,0.0,0
1789702977.4070826,fan,6,8,0.0,0.0,1301358.375,1644139.25,4486009.0,0.0,0.0,0.0,0.0,5312760.0,0.0,602756.8125,0.0,1866595.5,0.0,0.0,0
1789702977.4765294,fan,349,9,0.0,0.0,5490861.0,0.0,5747587.5,0.0,0.0,3949553.25,1321284.5,1610511.0,1389118.25,2961666.5,889227.5,0.0,0.0,0.0,0
1789702977.727971,fan,2,9,0.0,1267362.875,0.0,0.0,0.0,0.0,0.0,7625856.5,3033118.0,1088889.375,0.0,2023151.0,0.0,2664200.0,401545.0625,0.0,0
1789702977.7997518,fan,333,8,0.0,0.0,0.0,0.0,0.0,1592960.25,0.0,0.0,0.0,0.0,739698.4375,1052313.125,3150952.0,1375634.125,3336375.25,430727.5,0
1789702977.918033,fan,357,11,0.0,664330.0,844791.625,0.0,0.0,0.0,0.0,1910861.875,8428972.0,2183389.0,0.0,3045369.25,2083047.5,2021023.375,0.0,2835701.25,0
1789702978.0140188,fan,0,15,10070326.0,0.0,1190003.0,0.0,3781573.5,0.0,0.0,14535708.0,3037805.75,4822786.5,0.0,1420169.375,1797335.25,0.0,454195.53125,1760930.875,0
1789702978.0864875,fan,0,9,0.0,0.0,0.0,0.0,0.0,0.0,3139890.0,5269645.5,0.0,1646821.5,0.0,0.0,1602221.25,1910823.0,0.0,0.0,0
1789702978.1317644,fan,2,4,0.0,0.0,0.0,0.0,0.0,0.0,0.0,0.0,1928951.125,2715582.5,1895870.0,0.0,0.0,0.0,0.0,0.0,0
1789702978.2664986,fan,347,11,4773861.5,6289465.0,797909.5,0.0,15988735.0,0.0,0.0,3115703.5,0.0,5387955.0,0.0,0.0,0.0,1327314.125,3222636.5,2021593.25,0
1789702978.456249,fan,359,7,0.0,9632478.0,1389868.5,8460691.0,0.0,1523076.0,437195.21875,0.0,2691901.5,0.0,0.0,0.0,0.0,753427.0,0.0,0.0,0
1789702978.5203977,fan,333,9,0.0,0.0,0.0,0.0,963935.75,3108393.75,0.0,0.0,0.0,1367529.0,0.0,2901462.0,0.0,5465797.0,0.0,1170948.375,0
1789702978.5849073,fan,355,10,0.0,13657348.0,15838334.0,0.0,0.0,1002246.25,0.0,0.0,0.0,10641930.0,0.0,2285118.75,773858.6875,667876.25,0.0,0.0,0
1789702978.6789398,fan,341,11,0.0,1657891.25,0.0,0.0,1302996.125,1543760.375,2676994.0,6339480.0,0.0,4588729.5,1302956.25,0.0,0.0,362268.25,1088296.625,1654202.625,0
1789702978.7391663,fan,18,9,0.0,6020475.0,1457437.5,10478305.0,3151901.0,0.0,0.0,0.0,1531567.25,0.0,0.0,0.0,0.0,0.0,0.0,1059907.25,0
1789702978.8036904,fan,340,12,0.0,0.0,0.0,2374508.25,2738160.0,1497452.0,1502093.25,4529403.5,1335197.75,6040042.5,0.0,0.0,1127469.125,0.0,0.0,251690.3125,0
1789702978.8667498,fan,341,12,4720822.0,0.0,7295794.0,0.0,2749743.25,423714.5625,0.0,0.0,0.0,8712102.0,0.0,2746074.0,0.0,2401459.75,1543707.25,0.0,0
1789702978.930337,fan,339,17,0.0,0.0,1652497.875,0.0,10778506.0,12066654.0,5547198.5,0.0,269031.875,6298286.0,0.0,2911351.5,2269116.0,0.0,0.0,789179.375,0
1789702979.1237662,fan,10,6,0.0,2801059.5,12601623.0,0.0,0.0,0.0,0.0,6420322.0,0.0,0.0,0.0,0.0,0.0,0.0,0.0,0.0,0
1789702979.183688,fan,342,14,1960227.875,3729354.0,469230.25,0.0,1353449.75,0.0,0.0,7979809.5,0.0,9362848.0,7846251.0,1542489.75,880191.3125,0.0,0.0,1943367.25,0
1789702979.246871,fan,342,5,0.0,0.0,0.0,0.0,13203916.0,0.0,0.0,6595179.0,0.0,0.0,0.0,1000885.0,2452332.25,0.0,0.0,0.0,0
1789702979.2954223,fan,1,9,0.0,0.0,0.0,16156644.0,0.0,6994685.5,0.0,0.0,2980598.75,3918307.75,0.0,0.0,0.0,0.0,0.0,341785.46875,0
1789702979.407697,fan,0,11,4695738.0,0.0,0.0,0.0,1194743.5,2757282.75,0.0,0.0,4087152.0,1331225.375,920011.125,2210445.0,0.0,2792388.5,0.0,0.0,0
1789702979.4730783,fan,359,13,0.0,0.0,23988036.0,4942825.0,0.0,0.0,3584564.5,8490844.0,0.0,0.0,1637205.375,2200695.5,0.0,3560004.75,1661236.75,3780263.75,0
1789702979.5665936,fan,10,8,1450031.25,10253545.0,0.0,0.0,6907953.0,0.0,4196476.5,4449765.5,0.0,0.0,0.0,0.0,0.0,0.0,0.0,4030510.5,0
1789702979.6924279,fan,330,8,0.0,0.0,0.0,0.0,0.0,0.0,781914.375,1922506.5,0.0,0.0,4089909.5,1070309.5,592238.4375,2582942.5,0.0,0.0,0
1789702979.7638762,fan,9,5,1949436.25,0.0,3932893.5,0.0,0.0,0.0,0.0,0.0,2190053.0,0.0,0.0,0.0,0.0,386684.125,4172802.0,0.0,0
1789702979.8824325,fan,339,8,0.0,0.0,0.0,0.0,5261365.0,3203960.5,0.0,0.0,0.0,0.0,2174939.5,0.0,0.0,0.0,1890662.0,2644129.5,0
1789702979.9423854,fan,339,8,1316412.0,0.0,0.0,0.0,0.0,0.0,1067925.375,4758557.0,1745237.25,980955.375,0.0,0.0,0.0,1568204.0,447362.4375,0.0,0
1789702979.994092,fan,18,14,5928688.0,0.0,9135791.0,5308254.0,11362040.0,3246880.0,3166905.25,0.0,838163.3125,1771093.25,0.0,568500.3125,0.0,2363913.75,0.0,0.0,0
1789702980.134953,fan,3,11,0.0,18678192.0,14359381.0,0.0,11267911.0,837881.375,0.0,0.0,1636711.75,773085.875,0.0,0.0,0.0,0.0,3897300.0,0.0,0
1789702980.262735,fan,3,11,0.0,0.0,0.0,707893.0,0.0,0.0,2837222.75,3099274.5,1337147.125,1860366.125,0.0,0.0,1325522.0,677430.9375,0.0,3813958.5,0
1789702980.309565,fan,4,4,0.0,0.0,0.0,0.0,0.0,2749147.25,0.0,0.0,0.0,0.0,0.0,0.0,0.0,5301998.0,2283797.5,3044839.0,0
1789702980.3748212,fan,353,11,2820530.5,0.0,1431129.5,0.0,0.0,1020181.6875,1350909.25,0.0,0.0,3361989.75,0.0,541007.25,0.0,4372241.0,0.0,989475.375,0
1789702980.6113174,fan,336,13,0.0,0.0,7704752.0,0.0,0.0,4567488.5,0.0,2108572.0,5604704.5,12142572.0,1420937.625,593819.5625,2684927.0,0.0,1434342.125,3058243.5,0
1789702980.6752722,fan,358,14,0.0,9136986.0,7551245.0,4798235.5,9982029.0,0.0,0.0,7076574.5,0.0,1559989.0,2713616.5,0.0,1960819.375,5519523.5,0.0,436389.40625,0
1789702980.7393851,fan,359,12,0.0,0.0,8910114.0,0.0,0.0,0.0,0.0,4494786.0,0.0,3675167.25,2565718.75,2657755.25,0.0,2033127.375,0.0,3008560.0,0
1789702981.751251,fan,357,7,0.0,0.0,6590517.0,1730740.625,0.0,0.0,0.0,0.0,0.0,778910.5,4689883.0,0.0,0.0,3290880.5,0.0,1050169.75,0
1789702981.8473065,fan,355,13,6917366.0,14911011.0,0.0,11016391.0,886578.375,6006940.5,0.0,0.0,0.0,2931536.0,1141266.0,3273833.0,2134184.75,3255215.75,693438.625,0.0,0
1789702981.9737797,fan,353,14,0.0,4899321.0,4986392.5,36312640.0,0.0,0.0,2940653.5,7558061.0,1117451.125,1752441.625,0.0,542967.1875,596392.375,1921779.375,2492750.0,0.0,0
1789702982.0678144,fan,351,11,9880948.0,16123959.0,23061392.0,0.0,0.0,0.0,1449335.625,0.0,0.0,2319152.75,0.0,0.0,0.0,0.0,1431320.75,675193.0,0
1789702982.1322865,fan,338,11,0.0,0.0,0.0,0.0,0.0,7352684.0,0.0,1165428.0,0.0,1105328.125,414401.96875,0.0,0.0,2583990.25,2758800.0,829842.4375,0
1789702982.1971102,fan,6,14,0.0,0.0,0.0,0.0,1741766.75,0.0,7000381.0,1118795.25,8120458.5,2368850.5,2688100.0,0.0,0.0,622659.625,2242061.0,2046774.5,0
1789702982.2916825,fan,5,10,551225.375,0.0,3007487.0,0.0,1133811.75,4572467.0,0.0,10086838.0,11425032.0,0.0,0.0,2040058.0,0.0,1588752.0,403313.96875,0.0,0
1789702982.798074,fan,8,17,7752405.5,10800414.0,5140343.0,0.0,2947725.0,0.0,0.0,3246753.0,2160420.25,2580444.0,1811909.5,3045117.5,0.0,825715.0,0.0,3423991.75,0
1789702982.9564848,fan,328,7,0.0,3463499.25,0.0,0.0,0.0,1173908.0,513979.375,0.0,0.0,0.0,0.0,1426428.125,0.0,3845867.5,0.0,3547379.25,0
1789702983.0213597,fan,16,8,0.0,2046971.375,505407.3125,11810455.0,1027213.5,0.0,0.0,0.0,1458952.875,0.0,0.0,870551.0,470666.75,0.0,0.0,0.0,0
1789702983.0223742,fan,330,11,0.0,0.0,261115.78125,0.0,0.0,0.0,1647975.75,1617950.875,0.0,1314101.25,3334034.0,0.0,939203.5625,1823684.625,0.0,1753732.0,0
1789702983.083804,fan,342,6,0.0,0.0,0.0,0.0,0.0,0.0,0.0,3763420.0,0.0,0.0,1464122.375,0.0,0.0,0.0,5159093.0,1911516.875,0
1789702983.148361,fan,355,11,2105340.25,3431290.75,1001707.625,9482817.0,476729.3125,0.0,0.0,1737751.0,0.0,501780.1875,1013953.875,0.0,0.0,3814192.0,3464958.75,0.0,0
1789702983.213599,fan,358,10,8491643.0,0.0,741518.75,3237908.5,3328118.0,0.0,0.0,0.0,0.0,8156824.0,0.0,1478518.5,0.0,699268.5,1612421.875,0.0,0
1789702983.4306748,fan,334,10,0.0,2421064.25,2479841.25,0.0,0.0,0.0,0.0,0.0,2897991.25,0.0,1591287.625,0.0,2701034.5,0.0,0.0,1169069.625,0
1789702983.4907634,fan,355,11,1723225.25,0.0,3442345.0,0.0,0.0,0.0,3551360.5,3862928.0,7161711.0,0.0,1673529.125,0.0,0.0,925687.0,1944682.5,0.0,0
1789702983.683592,fan,348,8,1223289.125,0.0,817505.8125,1317063.5,0.0,0.0,0.0,4452864.0,0.0,1745219.125,605484.8125,0.0,0.0,0.0,0.0,0.0,0
1789702983.7448177,fan,333,9,1044850.75,0.0,3575790.25,0.0,0.0,0.0,0.0,483314.0625,0.0,2525247.0,0.0,4650364.0,553114.25,0.0,3165532.0,0.0,0
1789702983.80906,fan,345,13,2301755.5,0.0,0.0,1692546.0,0.0,0.0,0.0,0.0,824125.25,1884298.5,9773664.0,0.0,0.0,1855225.75,2327110.25,1308542.75,0
1789702984.2230017,fan,339,11,0.0,0.0,1422247.75,0.0,2624841.0,0.0,0.0,1069514.875,234765.0625,8239085.0,0.0,0.0,1981966.5,2844189.5,0.0,0.0,0
1789702984.288109,fan,21,9,0.0,0.0,6110114.0,2441043.5,3966160.0,0.0,0.0,0.0,0.0,0.0,0.0,0.0,0.0,3450918.5,0.0,953732.625,0
1789702984.476679,fan,348,9,0.0,0.0,3436423.0,0.0,0.0,0.0,903403.25,1767571.25,0.0,575348.5625,5434397.0,0.0,592935.375,625565.625,0.0,0.0,0
1789702984.6363132,fan,9,8,3610052.0,0.0,4615737.5,2880906.5,0.0,823586.1875,0.0,0.0,0.0,4976134.0,0.0,0.0,309283.375,0.0,0.0,0.0,0
1789702984.6965902,fan,19,4,0.0,0.0,0.0,2705071.25,0.0,0.0,0.0,0.0,1156373.25,0.0,670068.5625,0.0,0.0,1225237.375,0.0,0.0,0
1789702984.7623506,fan,348,13,0.0,7455669.0,10852539.0,0.0,0.0,0.0,1824416.0,464196.09375,0.0,718288.625,1211753.75,0.0,0.0,4729334.5,1179539.0,3410231.25,0
1789702984.8384135,fan,355,8,0.0,0.0,0.0,0.0,5972406.0,0.0,2709529.5,9438552.0,0.0,0.0,844509.5625,0.0,0.0,4080443.5,3130494.75,0.0,0
1789702984.919779,fan,356,14,0.0,0.0,3267560.0,1883464.0,2213956.0,661575.8125,903007.0,1589595.125,856949.625,1316161.125,1126009.625,0.0,2226425.5,1925768.0,375846.1875,0.0,0
1789702984.9839807,fan,354,14,0.0,0.0,3006138.75,0.0,1091544.75,4327810.5,1791602.5,1645356.625,6401929.0,1986366.25,0.0,1187670.25,0.0,0.0,831145.6875,2526963.5,0
1789702985.1732142,fan,334,13,0.0,0.0,2851629.75,0.0,3219541.5,0.0,0.0,0.0,4449857.5,4091751.5,628700.6875,0.0,3320520.5,4200753.0,3013513.0,0.0,0
1789702985.2365189,fan,352,10,0.0,0.0,2015852.5,0.0,0.0,1393799.0,415866.6875,0.0,0.0,9860270.0,0.0,0.0,1959902.25,1279087.75,1645930.0,0.0,0
1789702985.5870783,fan,346,9,0.0,1793641.625,1449541.25,0.0,0.0,0.0,0.0,0.0,8527334.0,0.0,0.0,1594065.75,0.0,6814254.0,1961206.0,0.0,0
1789702985.6481864,fan,352,14,0.0,1305437.75,6273751.5,0.0,5797896.5,0.0,1453653.25,3508685.0,710918.5625,0.0,0.0,2502380.5,0.0,1655466.625,1635740.75,0.0,0
1789702985.7762828,fan,76,4,9044459.0,11794695.0,0.0,0.0,1261306.5,0.0,0.0,0.0,0.0,0.0,0.0,0.0,0.0,0.0,0.0,0.0,0
1789702985.9025426,fan,340,9,314254.875,1251441.25,1736506.625,0.0,0.0,1136643.625,953978.3125,0.0,0.0,0.0,0.0,2301521.0,0.0,0.0,2358172.5,0.0,0
1789702986.2206407,fan,28,3,0.0,3671361.75,1210125.75,1607797.25,0.0,0.0,0.0,0.0,0.0,0.0,0.0,0.0,0.0,0.0,0.0,0.0,0
1789702986.5056627,fan,26,8,0.0,0.0,1441575.5,25241520.0,9375473.0,0.0,4481635.0,0.0,4024436.5,0.0,0.0,1771659.0,0.0,0.0,0.0,0.0,0
1789702986.6010826,fan,9,13,1613215.0,0.0,0.0,32096248.0,4335458.0,0.0,149469.234375,0.0,0.0,1333371.0,1014620.625,0.0,804278.4375,0.0,4980245.0,3909312.75,0
1789702986.6940439,fan,341,11,0.0,1996456.0,0.0,4022247.75,1657091.25,6227986.5,3366837.5,0.0,0.0,0.0,0.0,0.0,0.0,1394459.25,0.0,518956.1875,0
1789702987.3935943,fan,354,13,0.0,6446196.0,0.0,1532930.625,0.0,6981027.0,4177659.0,3467573.5,929469.25,0.0,1607388.25,1454631.0,1270449.75,0.0,201875.40625,3329499.0,0
1789702987.4576676,fan,352,9,2309789.5,8343185.0,1007873.875,0.0,0.0,0.0,1116983.25,2814208.25,0.0,1406719.75,5431323.5,0.0,0.0,1379841.375,0.0,0.0,0
1789702987.5835178,fan,352,13,0.0,0.0,0.0,0.0,3518562.25,923297.25,4029653.0,4967855.0,0.0,2465305.75,606475.75,3907969.5,0.0,0.0,1672315.625,0.0,0
1789702988.1217973,fan,357,12,2690180.5,0.0,2742480.5,9273258.0,3580607.0,0.0,0.0,0.0,2117365.75,0.0,1754230.125,0.0,0.0,379984.0,0.0,2412860.5,0
1789702988.1827602,fan,349,13,1545976.375,0.0,4045089.5,1198498.375,1737551.125,0.0,1004984.9375,883297.375,0.0,0.0,0.0,2041870.25,2875661.75,10292221.0,2511962.25,0.0,0
1789702988.24816,fan,356,11,0.0,0.0,557362.0,0.0,7371451.0,9981679.0,6407720.0,0.0,0.0,3810013.5,0.0,0.0,0.0,1530634.0,0.0,1726801.5,0
1789702988.324529,fan,357,12,786249.0625,0.0,12302348.0,0.0,3768086.25,0.0,0.0,5827346.0,3526914.5,0.0,6421310.0,1061483.25,0.0,7244009.5,0.0,0.0,0
1789702988.5269914,fan,305,3,1587056.25,0.0,0.0,0.0,0.0,1548957.75,0.0,0.0,0.0,0.0,0.0,1150656.25,0.0,0.0,0.0,0.0,0
1789702988.576389,fan,5,11,86098832.0,0.0,0.0,26098292.0,19519806.0,7803179.0,5577421.5,0.0,0.0,0.0,0.0,0.0,0.0,0.0,1185872.625,4056054.5,0
1789702988.6328402,fan,29,5,0.0,0.0,25484576.0,7152687.0,1518137.5,0.0,1370813.5,0.0,0.0,0.0,0.0,0.0,0.0,0.0,0.0,0.0,0
1789702988.695983,fan,10,8,0.0,15877106.0,1566087.125,0.0,8562544.0,0.0,2107234.25,0.0,0.0,7934032.0,5343698.0,0.0,0.0,0.0,0.0,0.0,0
1789702988.7672343,fan,358,9,29767390.0,0.0,0.0,11673285.0,7800939.0,20475712.0,0.0,0.0,0.0,10528431.0,16369533.0,0.0,0.0,0.0,4094318.75,4157139.25,0
1789702988.8823373,fan,354,17,0.0,0.0,3258146.75,6759986.5,303641.28125,7092416.5,0.0,0.0,2193004.5,0.0,2206653.5,1152802.875,209050.796875,8154274.0,6385226.0,7685064.0,0
1789702988.9772923,fan,348,13,0.0,0.0,0.0,0.0,0.0,7668166.5,5356246.0,2466595.25,0.0,0.0,1612422.125,3235380.5,424491.75,1943640.5,0.0,889018.0,0
1789702989.072581,fan,341,9,2657766.0,0.0,0.0,0.0,0.0,2969097.25,0.0,837317.75,0.0,0.0,0.0,0.0,0.0,6944402.0,1665119.75,3246068.75,0
1789702989.1335833,fan,349,14,0.0,0.0,0.0,3334310.0,4854057.0,2411169.0,1259889.125,1564026.0,0.0,0.0,696164.3125,0.0,0.0,712304.25,918985.875,3324420.0,0
1789702989.198037,fan,353,12,0.0,0.0,6773631.0,0.0,5108589.0,0.0,936535.125,0.0,0.0,3319622.75,3159214.75,0.0,0.0,2330678.5,0.0,2141075.0,0
1789702989.2635548,fan,5,20,0.0,5320474.0,26797940.0,8299743.5,1663221.5,0.0,0.0,5837947.0,6351064.5,10382878.0,3582815.5,0.0,934968.5,0.0,918912.4375,1635499.25,0
1789702989.4219396,fan,1,8,0.0,0.0,0.0,0.0,2912283.25,0.0,0.0,11360822.0,5035873.0,0.0,0.0,0.0,934129.9375,3070304.0,0.0,5924389.0,0
1789702989.517316,fan,3,13,468969.6875,12178880.0,0.0,6892135.0,0.0,25208672.0,0.0,5244265.0,1699825.875,6923422.5,0.0,1446462.75,1699404.0,0.0,0.0,3793134.75,0
1789702989.577831,fan,352,8,793483.875,5807702.0,10635699.0,0.0,6122966.0,0.0,0.0,0.0,0.0,2888494.5,1859275.5,0.0,0.0,0.0,1393617.75,0.0,0
1789702989.833075,fan,358,11,0.0,4586808.0,0.0,0.0,0.0,3410348.25,2240672.5,9579437.0,1114213.0,0.0,0.0,2017109.25,1053696.25,0.0,4656889.5,0.0,0
1789702989.905605,fan,352,8,1735158.625,0.0,0.0,0.0,876790.375,0.0,0.0,0.0,0.0,0.0,2274302.0,716619.625,3451707.0,13165102.0,0.0,2223578.5,0
1789702989.9702222,fan,19,15,143737632.0,0.0,35811088.0,36706844.0,15770469.0,0.0,10458049.0,4692892.5,21799492.0,0.0,0.0,0.0,5870367.0,14388079.0,0.0,8835652.0,0
1789702990.1192822,fan,19,8,0.0,0.0,6589570.5,0.0,0.0,0.0,3442215.75,791209.5,9501783.0,0.0,0.0,0.0,0.0,0.0,0.0,0.0,0
1789702990.1656384,fan,21,10,0.0,0.0,1240526.5,1287102.125,0.0,460800.15625,0.0,1826813.0,507166.4375,0.0,936022.75,722403.5,2145450.25,1391931.75,852765.1875,0.0,0
1789702990.3304443,fan,352,10,0.0,0.0,0.0,7285842.5,0.0,0.0,1393063.875,0.0,719471.25,0.0,1730131.625,0.0,479041.75,0.0,9657078.0,4987899.5,0
1789702990.4072053,fan,28,5,0.0,0.0,6955493.0,5058525.5,0.0,0.0,0.0,7960958.0,0.0,0.0,0.0,0.0,0.0,0.0,0.0,0.0,0
1789702990.4719179,fan,311,5,0.0,0.0,0.0,0.0,18770336.0,0.0,3731281.5,2291741.5,0.0,0.0,0.0,4753385.0,0.0,0.0,0.0,0.0,0
1789702990.5302958,fan,18,9,820352.75,0.0,4197407.0,8958620.0,0.0,7817243.0,0.0,5381532.0,0.0,0.0,0.0,0.0,0.0,0.0,2938282.5,0.0,0
1789702990.5936906,fan,18,7,0.0,0.0,4864027.5,11234105.0,768351.375,1776001.125,0.0,3430457.25,0.0,0.0,0.0,0.0,0.0,0.0,0.0,0.0,0
1789702990.6582239,fan,11,8,0.0,1855411.125,6350312.0,0.0,1283794.375,0.0,0.0,0.0,0.0,0.0,4670993.5,0.0,0.0,6718170.0,0.0,538653.875,0
1789702990.7187166,fan,349,9,0.0,0.0,0.0,3146249.5,5209327.0,0.0,0.0,560737.25,1036496.75,2762635.25,1520578.0,1583386.125,0.0,0.0,0.0,1192422.125,0
1789702990.7882168,fan,8,8,0.0,0.0,0.0,2547765.25,0.0,0.0,0.0,4564527.5,3673713.75,2490132.25,0.0,0.0,0.0,1530082.25,0.0,2421537.0,0
1789702990.853459,fan,324,6,21007468.0,0.0,0.0,0.0,0.0,0.0,0.0,0.0,0.0,4019691.0,1980707.625,0.0,0.0,3586647.0,0.0,4240094.0,0
1789702990.9164672,fan,347,7,0.0,10062401.0,0.0,4544757.0,0.0,0.0,2692264.0,0.0,0.0,0.0,1131141.75,3781531.5,9389963.0,0.0,0.0,0.0,0
1789702991.1647258,fan,349,16,667228.0,0.0,0.0,0.0,1820301.375,0.0,4884487.0,0.0,0.0,4356396.0,488388.875,1659850.75,1755579.0,2871461.75,0.0,2890540.75,0
1789702991.2363963,fan,349,15,6388507.0,1806655.875,5393572.0,23240534.0,6162852.0,3622409.5,0.0,0.0,2718245.0,8017346.5,0.0,0.0,0.0,740449.0,3500818.5,6731801.0,0
1789702991.3865893,fan,349,15,89369.3984375,3944043.0,0.0,5593621.5,0.0,3475251.25,0.0,1608485.375,2765342.75,3828070.5,4137347.0,0.0,0.0,1924195.5,2611878.75,0.0,0
1789702991.4493785,fan,349,8,0.0,0.0,4380165.5,6524278.5,0.0,0.0,0.0,0.0,2358371.75,0.0,0.0,0.0,0.0,3599750.25,5292706.0,3063631.75,0
1789702991.8937304,fan,357,12,2202335.75,11733996.0,4888622.5,3567943.75,0.0,0.0,0.0,4839077.5,0.0,0.0,0.0,1836890.75,269881.0,1191304.125,0.0,1288595.0,0
1789702991.988692,fan,346,12,0.0,0.0,4012774.75,0.0,1605710.75,0.0,0.0,0.0,1185312.0,1709390.0,0.0,1027381.1875,999117.125,3085466.0,3944280.25,5522421.0,0
1789702992.0609322,fan,346,12,0.0,4048473.75,6151880.5,0.0,0.0,1516751.5,8749904.0,0.0,0.0,1639789.5,0.0,0.0,0.0,10684436.0,2433256.5,1144901.875,0
1789702992.147114,fan,347,14,0.0,0.0,4917603.5,0.0,829414.4375,0.0,0.0,0.0,1867064.125,5179849.5,663432.4375,1591974.125,3793597.5,5550943.0,456117.4375,0.0,0
1789702992.3693178,fan,35,15,1880603.0,0.0,0.0,4101429.5,3827310.5,2095326.75,2626580.25,0.0,0.0,3816992.75,0.0,3607043.75,650373.125,0.0,657792.375,1463241.0,0
1789702992.495668,fan,338,8,0.0,0.0,0.0,0.0,4365532.5,3249451.25,0.0,0.0,2319504.0,0.0,1139523.75,2943357.25,0.0,1981628.5,0.0,0.0,0
1789702992.5538578,fan,334,10,0.0,0.0,0.0,0.0,2066113.5,0.0,3416802.75,3995832.5,0.0,0.0,0.0,1822080.5,1197786.5,1577083.375,1509469.25,833669.0,0
1789702992.6177294,fan,356,13,0.0,0.0,0.0,4551952.5,0.0,0.0,0.0,1472734.25,4233268.0,2263729.0,1618723.375,1306904.875,0.0,4809313.5,1734934.875,4054343.75,0
1789702992.9405124,fan,338,11,0.0,0.0,0.0,0.0,10565594.0,0.0,0.0,13575876.0,0.0,0.0,1558620.25,3203878.75,0.0,572871.625,727333.25,3455331.5,0
1789702992.9999447,fan,318,7,0.0,0.0,2752920.0,0.0,6720739.0,0.0,0.0,0.0,0.0,972407.0,0.0,0.0,4368432.5,2645162.75,0.0,0.0,0
1789702993.0631785,fan,7,9,0.0,0.0,322318.8125,4931391.0,1853467.0,0.0,0.0,2061726.375,0.0,0.0,0.0,0.0,0.0,5554213.0,1755924.375,1751733.0,0
1789702993.1617413,fan,352,10,0.0,0.0,0.0,4611967.0,2502945.0,1938201.5,5517239.0,0.0,2370389.75,651276.25,1382575.125,0.0,0.0,0.0,993615.375,1994868.5,0
1789702993.227523,fan,359,10,0.0,0.0,5693074.0,0.0,2211841.0,14226504.0,2413408.5,0.0,2416852.5,0.0,0.0,1399490.75,0.0,0.0,1151437.75,7611857.0,0
1789702993.4153786,fan,343,10,0.0,0.0,3002607.75,0.0,0.0,3435187.0,2653403.75,1651011.625,0.0,0.0,1911336.875,0.0,0.0,930874.875,988666.75,1635279.0,0
1789702993.6059153,fan,341,14,0.0,4363609.5,5271423.0,466421.09375,0.0,3123421.0,5421410.0,1665120.5,0.0,2423366.5,5445276.0,5052790.0,763604.75,0.0,0.0,1190935.0,0
1789702993.7006133,fan,4,6,0.0,0.0,8316064.0,0.0,0.0,0.0,435536.5,0.0,1778505.75,3112655.5,0.0,0.0,0.0,1485712.75,0.0,0.0,0
1789702993.7592485,fan,5,5,0.0,0.0,2077852.75,0.0,0.0,2127985.0,0.0,0.0,4115156.0,0.0,2176429.5,0.0,0.0,0.0,0.0,319898.4375,0
1789702993.8256793,fan,16,10,2250426.5,4440694.5,10688800.0,798018.75,267710.3125,0.0,897418.125,1773643.875,484490.625,0.0,0.0,0.0,0.0,0.0,0.0,0.0,0
1789702994.1123846,fan,350,16,0.0,357982.875,2159964.75,1506164.875,5391790.0,0.0,0.0,0.0,3288765.5,4440132.0,0.0,0.0,1288087.0,1209609.875,5206680.0,4940264.0,0
1789702994.2086868,fan,0,18,2072374.5,1173159.625,2081743.5,0.0,6166399.0,3548984.5,4951215.0,0.0,0.0,4669144.5,2024964.75,0.0,1581738.625,0.0,0.0,3573973.5,0
1789702994.2703528,fan,358,11,1131420.875,0.0,4099619.0,11949636.0,0.0,0.0,0.0,5030226.5,0.0,6607313.0,0.0,0.0,0.0,694680.375,993547.1875,0.0,0
1789702994.3353217,fan,7,10,0.0,7306975.0,4808920.0,0.0,1635942.0,0.0,3378283.75,396394.0,4648446.0,579155.6875,0.0,0.0,0.0,0.0,0.0,0.0,0
1789702994.4000523,fan,332,12,1336833.625,0.0,0.0,1336346.875,4369786.0,2239074.5,0.0,2629264.0,0.0,0.0,3933235.25,2414685.75,547554.125,2568900.0,0.0,1652226.5,0
1789702994.4638374,fan,333,6,0.0,0.0,0.0,0.0,4941169.5,0.0,4656658.0,0.0,0.0,0.0,0.0,1989096.0,0.0,2378927.0,0.0,755581.875,0
1789702994.5281641,fan,22,8,43056484.0,0.0,14709265.0,0.0,0.0,0.0,9876890.0,12023833.0,0.0,0.0,0.0,0.0,2353875.25,2256091.5,0.0,0.0,0
1789702994.5926065,fan,338,7,0.0,0.0,0.0,0.0,0.0,19009648.0,0.0,14966917.0,7120726.0,0.0,10387316.0,0.0,0.0,5508322.0,0.0,3423145.0,0
1789702994.6558375,fan,10,6,0.0,5293544.5,0.0,0.0,0.0,0.0,2551959.25,0.0,0.0,3647731.0,0.0,1063168.875,1044529.25,0.0,0.0,1303335.75,0
1789702994.7192862,fan,338,6,0.0,0.0,0.0,0.0,0.0,0.0,0.0,6704414.5,0.0,0.0,0.0,0.0,2405914.5,3669757.5,3552273.0,6998685.0,0
1789702994.9048104,fan,353,15,1480616.75,2134658.5,4418466.0,3846466.5,2164554.5,5362091.0,0.0,0.0,0.0,3471323.0,0.0,757535.8125,7006169.0,7074722.0,523813.75,0.0,0
1789702994.9762628,fan,354,12,7205918.0,4451867.0,0.0,2243264.0,1829529.625,6176985.5,3069665.0,0.0,0.0,1598833.0,0.0,0.0,1063392.625,2515554.0,0.0,0.0,0
1789702995.2219124,fan,8,11,4314229.0,2100956.75,4658817.0,2453886.0,0.0,1677125.5,0.0,5270736.0,3514834.5,0.0,0.0,0.0,2249125.5,0.0,1401640.5,0.0,0
1789702995.2829776,fan,344,14,0.0,0.0,0.0,0.0,0.0,5842576.5,2624997.5,6743167.5,3136102.25,11197716.0,0.0,1091085.375,0.0,2585804.25,2642454.0,3341231.5,0
1789702995.346979,fan,329,8,0.0,0.0,0.0,0.0,0.0,0.0,3836246.0,941111.1875,3126462.75,2640017.0,0.0,791982.1875,0.0,1115341.625,0.0,1863947.25,0
1789702995.5700727,fan,1,13,629791.6875,3841063.25,3912563.25,6919876.5,799186.625,0.0,0.0,3519159.5,3257783.75,0.0,0.0,0.0,0.0,0.0,3932686.5,0.0,0
1789702995.8867962,fan,319,10,4542257.5,0.0,0.0,0.0,5345006.0,3385854.0,0.0,0.0,1657032.0,920830.0625,0.0,4817270.5,0.0,684045.25,0.0,135283.015625,0
1789702996.1091044,fan,358,11,0.0,7277644.5,5808797.0,1216107.5,0.0,3454225.5,0.0,0.0,0.0,4188886.5,0.0,749408.75,0.0,12715470.0,0.0,3161723.0,0
1789702996.742982,fan,29,9,17590208.0,26150606.0,522430.4375,3705492.5,0.0,0.0,0.0,9583551.0,2009430.125,0.0,2485226.25,0.0,0.0,0.0,0.0,1544684.25,0
1789702996.8688731,fan,334,10,0.0,0.0,0.0,0.0,0.0,6526306.0,4837267.0,948944.0,2161117.0,0.0,879379.375,0.0,2376876.25,0.0,888438.25,2421918.5,0
1789702996.9647987,fan,8,10,0.0,0.0,9501232.0,0.0,755468.0,0.0,0.0,0.0,0.0,0.0,1172688.5,8229396.0,2573135.0,0.0,1157566.875,0.0,0
1789702997.0598357,fan,16,8,0.0,0.0,0.0,15232098.0,0.0,7547309.0,1789260.25,0.0,0.0,6031404.0,0.0,1799199.25,0.0,0.0,0.0,0.0,0
1789702997.2490554,fan,339,8,0.0,0.0,14010062.0,0.0,0.0,0.0,476683.0,0.0,0.0,0.0,0.0,1149518.875,0.0,5707842.5,0.0,4318311.5,0
1789702997.3094165,fan,3,10,0.0,0.0,0.0,3423008.75,8482061.0,0.0,0.0,1128269.75,0.0,16186175.0,4203600.0,0.0,0.0,3312448.0,2663620.0,1153238.75,0
1789702997.3733842,fan,333,5,0.0,0.0,0.0,0.0,0.0,0.0,0.0,0.0,0.0,0.0,0.0,0.0,805615.0,2884212.5,0.0,2103789.5,0
1789702997.4384842,fan,3,10,0.0,0.0,0.0,3776055.0,0.0,0.0,0.0,0.0,0.0,11152167.0,0.0,0.0,1765255.0,1163773.5,0.0,2609540.0,0
1789702997.5040748,fan,11,12,1651728.75,0.0,4414083.5,19522422.0,0.0,0.0,3297758.0,3754059.75,2138900.25,0.0,0.0,0.0,0.0,403570.75,1425361.125,1470286.5,0
1789702997.7883165,fan,17,8,0.0,3441684.0,3767553.5,9761572.0,0.0,0.0,1575748.75,362082.0,0.0,742922.75,0.0,0.0,0.0,0.0,1303562.625,0.0,0
1789702997.8519058,fan,11,13,5508405.5,21606184.0,8911467.0,11101637.0,1505773.125,0.0,0.0,1315070.5,1750735.0,3303409.75,0.0,0.0,0.0,765762.25,0.0,0.0,0
1789702998.1049721,fan,339,10,0.0,0.0,0.0,0.0,0.0,673026.0625,0.0,7136270.5,0.0,1175952.25,465244.9375,889521.0,930084.8125,7299491.0,0.0,947475.6875,0
1789702998.1689434,fan,352,7,0.0,0.0,0.0,0.0,5871070.0,0.0,691638.0625,3309353.0,2542278.75,0.0,0.0,2984150.5,0.0,980504.5625,0.0,0.0,0
1789702998.233862,fan,12,9,0.0,0.0,8697569.0,2603448.75,700002.25,0.0,0.0,5751864.5,3609565.0,0.0,0.0,0.0,0.0,0.0,0.0,0.0,0
1789702998.299549,fan,23,6,0.0,0.0,0.0,959432.5,1314144.5,0.0,0.0,5421164.0,0.0,2355211.0,0.0,0.0,1898509.625,0.0,0.0,0.0,0
1789702998.3631487,fan,335,16,1259642.5,0.0,0.0,0.0,2159578.5,486883.65625,914180.25,4427256.0,2372423.25,3958807.0,0.0,5352002.5,3880449.75,6389745.0,2721860.0,0.0,0
1789702998.5180166,fan,21,7,4342541.0,0.0,6837887.0,0.0,0.0,0.0,0.0,1368834.25,0.0,3150237.0,2347252.5,0.0,0.0,0.0,2881070.5,0.0,0
1789702998.588245,fan,344,11,0.0,0.0,1226770.625,0.0,0.0,0.0,829361.25,328279.96875,0.0,13686453.0,0.0,1223599.0,4193957.0,0.0,0.0,641310.0,0
1789702998.787239,fan,34,3,0.0,0.0,195796832.0,0.0,0.0,0.0,0.0,0.0,0.0,0.0,0.0,0.0,0.0,18074194.0,0.0,0.0,0
1789702998.7879643,fan,313,6,0.0,0.0,94086608.0,108953080.0,0.0,0.0,54116628.0,0.0,0.0,22278302.0,0.0,0.0,0.0,0.0,8920406.0,0.0,0
1789702998.8544745,fan,79,4,26416344.0,0.0,0.0,0.0,0.0,13626196.0,0.0,0.0,0.0,2294164.5,0.0,0.0,0.0,0.0,0.0,0.0,0
1789702998.9177458,fan,314,4,0.0,0.0,0.0,0.0,4797596.0,0.0,5598481.0,0.0,0.0,0.0,0.0,2646101.0,0.0,5165880.0,0.0,0.0,0
1789702998.983899,fan,0,9,0.0,0.0,2244371.0,0.0,0.0,0.0,0.0,3110517.0,2055057.0,2130378.0,0.0,2425667.0,1969163.625,1576726.0,2864995.25,6309643.0,0
1789702999.0461097,fan,350,14,3634271.0,0.0,0.0,12196552.0,0.0,2180115.25,1614846.875,0.0,0.0,953883.4375,1743221.0,0.0,6208161.0,1201369.875,2087767.5,1297152.875,0
1789702999.183554,fan,357,15,3756344.25,0.0,0.0,0.0,0.0,466027.3125,0.0,4003532.0,4110004.5,4335248.5,0.0,1255305.375,459922.6875,3037892.0,1843243.125,3105125.75,0
1789702999.2554724,fan,1,14,0.0,0.0,2194573.75,6271778.0,6373287.5,0.0,0.0,12485869.0,2962156.25,1516735.375,1723630.375,0.0,0.0,1240754.625,0.0,1387223.75,0
1789702999.320481,fan,341,14,7342862.5,15498286.0,1003085.9375,0.0,6629222.0,0.0,0.0,0.0,4822660.5,1810207.0,0.0,0.0,1203266.25,673310.75,0.0,1030247.3125,0
1789702999.3857036,fan,343,11,0.0,9225060.0,0.0,3556564.0,0.0,0.0,0.0,687689.625,1097682.5,6835054.5,0.0,1788325.875,3230197.0,3470375.0,0.0,370082.46875,0
1789702999.5639517,fan,36,10,2459219.0,0.0,2319629.5,2491270.0,3010810.5,2183424.75,0.0,0.0,0.0,0.0,0.0,0.0,0.0,0.0,1695133.5,1685762.75,0
1789702999.6270866,fan,355,11,0.0,1194176.375,0.0,2071389.875,0.0,0.0,0.0,1687338.5,3561170.0,1670293.0,467412.875,0.0,414755.5,2958445.25,449394.84375,867459.0,0
1789703000.3545458,fan,338,17,0.0,8795779.0,10596552.0,1412806.875,10199316.0,0.0,0.0,1216739.875,5137602.5,0.0,1055905.75,3972317.5,619180.6875,1761038.5,3763925.0,0.0,0
1789703000.4259415,fan,7,9,0.0,0.0,0.0,2644887.5,0.0,6689964.0,0.0,0.0,5403791.0,1850550.0,721585.8125,0.0,0.0,0.0,0.0,880126.0,0
1789703000.4912803,fan,8,9,0.0,0.0,0.0,0.0,0.0,0.0,0.0,0.0,0.0,5082359.0,1747575.0,0.0,2184554.5,2252270.25,2935303.25,874446.125,0
1789703000.623519,fan,8,5,0.0,0.0,0.0,33411144.0,36074824.0,0.0,0.0,0.0,0.0,0.0,0.0,0.0,0.0,0.0,0.0,0.0,0
1789703000.7688951,fan,8,3,0.0,0.0,0.0,0.0,0.0,0.0,0.0,0.0,0.0,4076804.0,3062108.0,0.0,0.0,636021.875,0.0,0.0,0
1789703000.8306234,fan,349,10,704148.6875,0.0,1490335.5,4303075.0,0.0,0.0,0.0,0.0,0.0,5821032.5,14611046.0,9286805.0,0.0,0.0,0.0,1211886.25,0
1789703001.3699446,fan,356,11,0.0,2828243.75,5460353.0,0.0,0.0,0.0,1142459.625,963041.375,1939857.5,0.0,0.0,2034466.25,2116900.0,1624048.75,8802895.0,0.0,0
1789703001.442895,fan,355,11,1230068.25,0.0,772450.0,0.0,4739798.0,0.0,0.0,1429156.625,4199116.0,0.0,0.0,1844558.875,3148720.5,752540.0,0.0,0.0,0
1789703001.5121531,fan,339,25,163093600.0,136129072.0,63907248.0,0.0,0.0,35072244.0,18683988.0,10480423.0,7327020.0,4597767.5,5279153.0,19949970.0,3870965.25,36299764.0,1958238.875,4481561.0,0
1789703001.5757148,fan,339,3,0.0,0.0,0.0,0.0,0.0,0.0,0.0,0.0,5994912.0,0.0,0.0,0.0,0.0,6389971.5,0.0,0.0,0
1789703001.6330292,fan,339,11,0.0,0.0,0.0,0.0,654350.625,0.0,875005.0,1885792.875,0.0,1020976.25,3226788.75,3940401.5,0.0,401392.1875,0.0,0.0,0
1789703001.679258,fan,352,7,0.0,0.0,0.0,0.0,0.0,0.0,0.0,0.0,0.0,6773277.5,984642.1875,4121220.5,1839001.25,651209.9375,1147983.75,0.0,0
1789703001.7561262,fan,350,7,0.0,0.0,0.0,1630185.5,0.0,1084867.25,5911519.0,539276.625,0.0,0.0,0.0,1903744.75,0.0,0.0,0.0,2733724.75,0
1789703001.8459406,fan,350,14,0.0,0.0,2277878.0,3712637.75,1002701.0625,1436031.0,0.0,3592871.0,0.0,0.0,3075786.5,0.0,2374739.5,5619062.5,994363.4375,2879272.5,0
1789703001.941152,fan,346,8,0.0,2454128.0,449617.65625,0.0,0.0,0.0,9871884.0,3374527.0,0.0,0.0,0.0,0.0,0.0,11929985.0,0.0,715666.875,0
1789703002.0009017,fan,351,6,0.0,0.0,0.0,0.0,0.0,0.0,4051110.75,3354359.75,5462288.5,2770052.0,0.0,0.0,0.0,0.0,0.0,1098493.5,0
1789703002.0670192,fan,347,12,2336998.25,0.0,0.0,0.0,1535504.75,1291076.375,669171.875,2136249.25,0.0,1286842.25,3002065.0,0.0,0.0,1820590.875,1625440.125,1033845.875,0
1789703002.1321108,fan,349,14,0.0,0.0,0.0,0.0,0.0,4501993.0,16663314.0,6212812.0,0.0,3567097.0,5297484.5,818977.875,1644273.125,1309734.625,0.0,2513066.5,0
1789703002.1967795,fan,348,6,0.0,5272819.5,0.0,5737814.0,0.0,0.0,0.0,1364841.875,0.0,0.0,873584.875,0.0,0.0,5699390.0,0.0,0.0,0
1789703002.2615554,fan,9,4,0.0,0.0,0.0,21297206.0,0.0,3290439.5,2261020.5,0.0,420263.21875,0.0,0.0,0.0,0.0,0.0,0.0,0.0,0
1789703002.3246028,fan,343,11,14420453.0,0.0,4057172.25,0.0,0.0,2825739.5,5791618.0,0.0,1381183.0,0.0,5680242.0,1699501.5,0.0,2173017.0,3361270.75,0.0,0
1789703002.389892,fan,7,11,0.0,4973780.5,7446704.0,0.0,0.0,1841954.875,0.0,0.0,4040252.0,4669283.0,0.0,1413230.25,0.0,1676216.375,1895728.0,383802.40625,0
1789703002.574845,fan,9,8,0.0,0.0,0.0,10996970.0,0.0,0.0,4171819.0,5105151.0,0.0,7543550.0,2829891.5,0.0,0.0,866321.75,0.0,0.0,0
1789703002.635499,fan,9,7,0.0,0.0,1764833.625,22519348.0,0.0,0.0,0.0,0.0,0.0,0.0,0.0,4750433.5,0.0,1395267.5,0.0,361989.65625,0
1789703002.9242632,fan,352,11,2281201.75,0.0,4243670.0,0.0,0.0,1948914.75,2556338.5,13820012.0,0.0,0.0,4221533.0,1257952.25,0.0,0.0,449514.4375,2113053.5,0
1789703003.2412746,fan,13,12,0.0,0.0,12308212.0,4865535.0,705949.4375,0.0,0.0,2440045.5,4379077.0,0.0,0.0,0.0,0.0,0.0,1657613.75,1778734.875,0
1789703003.2421997,fan,332,8,0.0,0.0,0.0,0.0,0.0,1356795.5,0.0,0.0,5345726.0,0.0,0.0,1093012.875,4193570.5,2540217.25,0.0,1251155.25,0
1789703003.30518,fan,357,9,0.0,0.0,0.0,0.0,0.0,978308.0625,13881129.0,3168925.0,0.0,1776732.5,0.0,987357.0,0.0,1146770.75,0.0,0.0,0
1789703003.3690374,fan,356,11,0.0,0.0,91651880.0,34061968.0,0.0,0.0,5613320.5,5931207.0,7880037.0,923653.0,554881.875,0.0,0.0,2985310.25,0.0,0.0,0
1789703003.4332852,fan,356,6,0.0,0.0,911336.0,0.0,0.0,0.0,1246995.0,0.0,521287.3125,0.0,1607866.125,0.0,0.0,0.0,0.0,1238913.5,0
1789703003.4795656,fan,356,9,0.0,0.0,0.0,0.0,6556045.5,0.0,0.0,0.0,2099268.25,0.0,0.0,0.0,3538733.0,0.0,2239945.0,914619.4375,0
1789703003.5312188,fan,356,10,0.0,0.0,0.0,4275522.0,0.0,0.0,0.0,1892221.125,0.0,941147.125,0.0,0.0,1110894.75,2493144.75,1561427.5,3999535.0,0
1789703003.5771046,fan,354,16,3763966.0,5853060.5,2805539.5,6000808.0,3247202.25,0.0,1425183.625,8526862.0,0.0,0.0,0.0,1327408.875,683183.625,3477367.5,3668141.0,0.0,0
1789703003.6420083,fan,355,13,0.0,0.0,0.0,0.0,1231407.125,807474.1875,4495729.5,0.0,2589966.5,15170964.0,1978997.125,0.0,628059.5,3703833.75,0.0,1270790.375,0
1789703003.8426476,fan,355,19,1003387.9375,1634444.875,3483602.0,1963008.25,2604646.75,123866.765625,444313.96875,4412329.0,785225.875,4625719.0,0.0,382607.5,0.0,1163951.75,4799649.0,1736280.5,0
1789703003.9696589,fan,0,15,0.0,0.0,0.0,3142738.0,8577722.0,2471781.25,858938.875,0.0,0.0,16938514.0,3124245.5,0.0,0.0,1082213.375,5636717.0,4349228.0,0
1789703004.031278,fan,0,11,0.0,0.0,7565899.0,20773816.0,0.0,0.0,0.0,6475096.5,1924135.5,0.0,0.0,0.0,4240879.0,5107698.0,1209542.375,0.0,0
1789703004.0813148,fan,345,12,0.0,0.0,0.0,8422240.0,0.0,0.0,3027427.0,4431605.0,0.0,0.0,0.0,0.0,4088768.5,4412528.5,4612148.0,2422476.0,0
1789703004.1464138,fan,343,11,0.0,0.0,0.0,0.0,0.0,1118284.75,1733166.25,0.0,6140926.0,1469177.125,3735128.5,5396662.5,0.0,0.0,0.0,3134778.0,0
1789703004.2235148,fan,13,15,2137752.25,0.0,7618931.0,0.0,12058798.0,12735455.0,0.0,0.0,1936650.75,2522040.75,6009636.5,0.0,0.0,3735396.5,2853975.5,1077053.75,0
1789703004.2855964,fan,11,7,0.0,0.0,0.0,0.0,5960198.0,0.0,0.0,0.0,0.0,8009729.0,0.0,0.0,0.0,694011.1875,0.0,2439088.5,0
1789703004.4132836,fan,353,13,646190.875,0.0,10772625.0,0.0,0.0,0.0,0.0,967707.3125,4934639.0,931308.6875,0.0,3460980.0,1398647.875,1504776.375,0.0,1745129.625,0
1789703004.4733982,fan,352,10,2392622.0,4757638.5,0.0,0.0,0.0,0.0,0.0,7563434.0,2647744.25,0.0,396047.0625,0.0,4068849.5,0.0,961588.5,934326.0,0
1789703004.5385494,fan,356,11,3769331.5,2232951.5,0.0,916814.75,0.0,0.0,0.0,2002241.25,0.0,0.0,428632.3125,0.0,1655500.375,2644893.75,4800404.5,5574085.0,0
1789703004.614763,fan,359,11,0.0,0.0,0.0,0.0,3052842.5,0.0,0.0,2650049.0,0.0,3118934.5,985802.0,2202668.25,941885.0,0.0,2757845.0,0.0,0
1789703004.6788478,fan,318,15,0.0,0.0,31284656.0,14918671.0,22940020.0,18083012.0,3390112.75,11853286.0,14336432.0,2570343.0,0.0,5320154.5,0.0,0.0,1294587.0,0.0,0
1789703005.712678,fan,3,5,392535.375,0.0,0.0,2295229.75,0.0,0.0,0.0,0.0,0.0,0.0,0.0,0.0,0.0,2600826.5,0.0,8165504.0,0
1789703006.1879718,fan,358,14,0.0,2303477.0,5536448.0,9751567.0,8083516.0,732988.75,0.0,1742264.875,3776830.75,0.0,0.0,5619140.0,0.0,0.0,1458505.75,783308.625,0
1789703006.2492435,fan,358,13,347035.15625,0.0,1839550.0,0.0,0.0,0.0,11539859.0,7642416.5,14287234.0,0.0,0.0,0.0,0.0,4817424.0,0.0,2302555.0,0
1789703006.300157,fan,3,10,0.0,0.0,6515255.0,12334145.0,0.0,0.0,0.0,0.0,3542210.5,571416.875,2544130.0,2210688.0,0.0,0.0,1249567.125,1983016.75,0
1789703006.378756,fan,8,11,2789290.25,5606666.5,4102212.75,415767.6875,524636.5625,7158898.0,2188533.0,3886444.5,676714.0,0.0,0.0,459854.25,0.0,0.0,0.0,1020535.3125,0
1789703006.4511204,fan,8,14,0.0,0.0,7045100.5,0.0,0.0,843558.5625,0.0,3805782.5,3777789.5,1611198.75,4066595.25,5637210.5,0.0,1470865.375,658530.4375,796520.0,0
1789703006.4968293,fan,359,11,0.0,980444.8125,0.0,820056.0,6508897.5,977859.3125,888559.125,1556064.25,0.0,7388912.0,0.0,0.0,0.0,0.0,1218883.25,0.0,0
1789703006.6313386,fan,21,8,0.0,7603352.5,1898208.125,3002434.25,0.0,0.0,0.0,0.0,0.0,2994688.75,1037259.125,0.0,0.0,0.0,523725.0625,1646321.375,0
1789703006.6917677,fan,349,13,0.0,0.0,5102837.5,8781008.0,0.0,3194092.5,947935.75,9182094.0,4285271.5,2471360.0,0.0,0.0,0.0,2746555.25,2654961.75,224655.515625,0
1789703006.7568035,fan,349,15,0.0,9656453.0,1933742.75,1772562.625,1409240.5,0.0,0.0,1553316.5,1468377.125,2292748.75,1687158.0,3262683.5,11526978.0,2677563.5,0.0,0.0,0
1789703006.8530142,fan,349,10,0.0,0.0,0.0,0.0,757855.375,2435341.75,0.0,0.0,0.0,9004852.0,1152743.375,4829011.0,0.0,5069461.5,2998964.25,1340208.5,0
1789703006.898078,fan,349,15,0.0,0.0,0.0,0.0,2242639.75,1690108.75,0.0,2301347.75,0.0,0.0,11098155.0,4359475.0,1433605.5,2984104.0,725266.5625,1119018.25,0
1789703006.9440165,fan,350,11,0.0,0.0,0.0,0.0,0.0,0.0,777207.5,5682072.0,0.0,2037020.25,420533.90625,711870.5625,0.0,4279867.0,1513723.75,912556.4375,0
1789703007.2967498,fan,356,12,0.0,0.0,1236308.5,5418853.5,0.0,4455378.5,1352256.5,0.0,0.0,5020482.5,0.0,888489.625,1090030.0,0.0,6366517.0,0.0,0
1789703007.362257,fan,347,3,0.0,0.0,0.0,0.0,3768477.0,0.0,2029709.5,0.0,0.0,0.0,0.0,484911.4375,0.0,0.0,0.0,0.0,0
1789703007.4264724,fan,281,4,0.0,0.0,0.0,13509270.0,0.0,2655632.25,0.0,0.0,0.0,0.0,0.0,559583.25,0.0,0.0,0.0,0.0,0
1789703007.478554,fan,358,11,0.0,0.0,0.0,0.0,3508440.0,1805598.0,3949348.0,0.0,3151960.75,3584550.5,985837.125,0.0,0.0,0.0,2203962.5,872385.625,0
1789703007.6458344,fan,352,13,0.0,1189825.125,1409618.125,0.0,8078120.0,4199268.0,671126.25,0.0,1026309.0,1240732.625,784771.4375,3044856.0,0.0,2708903.25,0.0,491214.90625,0
1789703007.961626,fan,343,16,1848144.75,0.0,0.0,156095.328125,0.0,0.0,0.0,1289774.375,1573885.25,385711.90625,1663263.75,6556198.0,540732.5,4457566.0,0.0,3477996.5,0
1789703008.2151437,fan,356,10,0.0,0.0,0.0,0.0,0.0,1662019.0,0.0,0.0,5667261.0,1741662.75,0.0,3004394.5,657961.0,2384619.5,584396.1875,565003.1875,0
1789703008.2877748,fan,344,9,0.0,0.0,18022298.0,0.0,2703891.5,0.0,0.0,0.0,0.0,7019116.0,0.0,2541310.0,0.0,0.0,3995740.0,1986771.25,0
1789703008.7226794,fan,339,9,0.0,0.0,0.0,0.0,0.0,0.0,0.0,2320949.5,781801.3125,0.0,0.0,1921968.75,0.0,5004911.0,1737776.25,1188022.875,0
1789703008.817216,fan,341,4,0.0,0.0,0.0,0.0,3547000.0,0.0,933604.8125,0.0,6188488.5,2426898.5,0.0,0.0,0.0,0.0,0.0,0.0,0
1789703008.8822048,fan,5,9,0.0,0.0,0.0,0.0,0.0,0.0,1451892.0,2453223.75,3601118.0,3509757.25,0.0,0.0,0.0,2004252.25,648316.1875,0.0,0
1789703008.9466689,fan,2,14,0.0,0.0,0.0,2320029.0,8566818.0,0.0,0.0,377454.4375,3633655.0,6750184.5,3628203.5,0.0,1541138.5,2541229.75,0.0,0.0,0
1789703009.0116434,fan,340,14,0.0,2998626.5,1946063.75,0.0,0.0,836469.5625,0.0,0.0,1092244.5,2502219.25,3320994.25,0.0,2937386.75,5310940.0,1470468.5,992018.75,0
1789703009.0761676,fan,358,12,0.0,0.0,4164553.5,0.0,4076531.25,0.0,1580081.375,0.0,0.0,5859588.5,0.0,831484.75,0.0,0.0,2940544.25,3458421.5,0
1789703009.1393867,fan,344,10,0.0,0.0,746752.9375,0.0,0.0,0.0,2700092.0,0.0,0.0,5583370.0,0.0,1944539.125,5819859.5,4694940.0,2318907.0,0.0,0
1789703009.227679,fan,344,7,0.0,0.0,0.0,580607.25,0.0,0.0,0.0,0.0,0.0,0.0,2479454.0,807751.8125,2617297.0,10749887.0,0.0,0.0,0
1789703009.3558278,fan,0,8,0.0,0.0,0.0,0.0,0.0,1502396.875,1093037.5,900622.625,807732.375,993098.625,0.0,2138800.5,4377838.5,0.0,0.0,0.0,0
1789703009.545497,fan,7,13,10115916.0,12043931.0,3494144.0,6532285.5,2833054.25,0.0,0.0,0.0,0.0,0.0,0.0,608451.1875,0.0,0.0,1986901.0,3750508.0,0
1789703009.6069858,fan,13,10,0.0,1137674.875,8182045.5,6263779.0,0.0,4093997.5,0.0,0.0,0.0,4610951.0,0.0,0.0,1932714.0,0.0,0.0,1347238.5,0
1789703009.6699255,fan,358,10,0.0,0.0,539292.0,2401589.0,0.0,5182625.5,0.0,0.0,1293344.375,4892115.0,2471309.5,0.0,0.0,1214312.875,322407.75,2777552.5,0
1789703010.210219,fan,356,11,0.0,0.0,1170318.5,0.0,0.0,1632004.75,0.0,540421.125,2129856.0,0.0,1295311.25,0.0,975524.125,15619223.0,3349482.75,0.0,0
1789703010.3055575,fan,354,16,1040089.75,13382498.0,9539745.0,0.0,10931752.0,1205759.125,1276048.625,1037299.25,1123032.75,3557104.0,0.0,0.0,1357334.5,0.0,0.0,0.0,0
1789703010.3664777,fan,357,9,0.0,0.0,0.0,0.0,686149.5625,0.0,3791429.5,0.0,4819185.0,0.0,7455286.0,2273510.0,0.0,741874.125,0.0,1005379.0625,0
1789703010.4309573,fan,348,11,0.0,0.0,3640991.0,1824750.75,1412194.5,0.0,0.0,5515480.5,953342.25,0.0,0.0,0.0,533688.5,1555412.625,1890304.5,519249.4375,0
1789703010.5276842,fan,346,9,584377.3125,0.0,0.0,0.0,1684915.125,552997.5625,1238405.125,2959144.5,708041.25,0.0,0.0,1269750.5,0.0,3423230.0,0.0,0.0,0
1789703010.591522,fan,358,14,3483569.0,0.0,8094764.0,852480.75,4428219.5,0.0,0.0,5752612.5,2986233.5,0.0,0.0,0.0,0.0,2168906.0,846430.625,1658466.375,0
1789703010.7508795,fan,357,11,0.0,5590067.0,0.0,0.0,4439274.0,1573733.875,1101541.875,0.0,0.0,561347.375,1320868.0,1100583.875,0.0,9518588.0,0.0,386336.5,0
1789703010.9720218,fan,43,7,0.0,10101690.0,0.0,0.0,0.0,450744.6875,1486700.875,0.0,1032845.3125,0.0,606550.5,0.0,0.0,0.0,0.0,0.0,0
1789703011.035868,fan,3,7,5608192.5,1616744.5,0.0,1194016.75,0.0,0.0,0.0,0.0,0.0,15046346.0,2804148.0,0.0,0.0,0.0,0.0,0.0,0
1789703011.0365996,fan,328,11,0.0,0.0,0.0,2622103.75,1499435.25,3212791.75,1182863.75,0.0,0.0,0.0,779198.5,2797741.5,3553584.75,820652.5625,0.0,3774380.5,0
1789703011.0932333,fan,340,4,2771401.75,0.0,0.0,0.0,0.0,4323886.0,0.0,0.0,689315.625,0.0,0.0,0.0,0.0,0.0,0.0,0.0,0
1789703011.2561984,fan,342,9,927616.6875,746201.5625,0.0,0.0,0.0,0.0,0.0,7923119.0,2128879.5,0.0,446167.75,0.0,0.0,0.0,594648.6875,0.0,0
1789703011.3516288,fan,345,6,0.0,0.0,8563896.0,0.0,0.0,0.0,0.0,0.0,450866.125,0.0,0.0,0.0,722404.1875,1164104.375,0.0,969668.625,0
1789703011.4150047,fan,344,13,0.0,3236604.0,0.0,5249682.0,730931.875,4333630.0,8023766.5,0.0,0.0,1069178.375,867103.125,0.0,2473981.5,0.0,844533.75,0.0,0
1789703011.4811487,fan,352,5,0.0,0.0,448196.125,0.0,0.0,0.0,0.0,4472763.0,1067767.0,0.0,0.0,0.0,0.0,2944389.75,0.0,0.0,0
1789703011.6382928,fan,352,11,0.0,0.0,0.0,1596746.5,0.0,1981699.375,413210.71875,0.0,1050742.375,778013.5625,0.0,961634.625,1646158.5,1299611.75,683822.3125,0.0,0
1789703011.699673,fan,344,11,0.0,1173671.375,8266023.0,6685736.5,0.0,1455687.125,0.0,652269.375,1947429.125,0.0,0.0,1487610.25,0.0,0.0,1101317.625,1513778.0,0
1789703011.7595646,fan,343,14,1741745.5,0.0,2330953.0,0.0,0.0,2224940.25,4832294.5,3641370.75,1559272.5,7361113.0,0.0,0.0,0.0,5508365.5,0.0,1116858.375,0
1789703011.83659,fan,344,4,0.0,0.0,0.0,0.0,0.0,0.0,0.0,0.0,0.0,0.0,0.0,1675867.875,1770114.5,2248533.25,0.0,0.0,0
1789703012.016918,fan,343,16,2250391.0,3427104.5,0.0,0.0,167934.3125,6533364.0,5860954.5,905298.6875,0.0,0.0,2171401.0,0.0,3093962.0,13751721.0,5186479.0,1032618.5,0
1789703012.088005,fan,2,14,2194044.5,3134003.25,1014634.8125,0.0,692704.5,2532672.25,2325432.5,2566800.5,5181822.0,4949661.5,3073439.0,0.0,0.0,0.0,0.0,5471023.0,0
1789703012.1528363,fan,338,4,56483776.0,0.0,0.0,0.0,0.0,0.0,11349199.0,0.0,10780410.0,0.0,0.0,0.0,0.0,3575629.25,0.0,0.0,0
1789703012.2182944,fan,18,6,0.0,0.0,0.0,38476768.0,0.0,0.0,0.0,0.0,31600726.0,11075673.0,10079129.0,0.0,0.0,0.0,0.0,7954370.5,0
1789703012.2825565,fan,16,6,0.0,0.0,17129492.0,0.0,0.0,2574433.0,5097839.0,0.0,0.0,3415725.75,0.0,3075115.25,0.0,4499638.5,0.0,0.0,0
1789703012.3665102,fan,342,8,0.0,0.0,0.0,0.0,6478232.5,0.0,1829841.25,0.0,841897.4375,1716838.0,7260281.5,0.0,0.0,1315750.375,0.0,0.0,0
1789703012.4309354,fan,2,7,0.0,0.0,0.0,0.0,0.0,0.0,379927.625,0.0,0.0,0.0,4691987.0,0.0,0.0,1936050.0,2260590.0,1766233.875,0
1789703012.4964764,fan,18,4,0.0,0.0,4216860.0,15542115.0,0.0,0.0,0.0,0.0,0.0,0.0,0.0,0.0,0.0,0.0,1011610.125,0.0,0
1789703012.5614324,fan,7,13,0.0,0.0,14672223.0,12343853.0,4113834.0,0.0,0.0,828654.25,0.0,4531805.5,2771978.25,0.0,0.0,0.0,1325672.875,3102386.5,0
1789703012.6847804,fan,344,14,0.0,0.0,0.0,2132540.0,0.0,1672778.5,6738540.5,0.0,2952809.5,10991162.0,0.0,1709749.125,1838177.25,0.0,1124778.75,2926359.5,0
1789703012.750231,fan,344,9,0.0,0.0,0.0,0.0,6524422.0,2500424.25,0.0,0.0,0.0,3342942.0,0.0,2714274.75,3735905.25,703616.25,0.0,0.0,0
1789703012.7966332,fan,353,10,0.0,0.0,3256087.0,7644898.0,0.0,0.0,5754578.0,2130370.5,0.0,1668514.75,0.0,0.0,0.0,0.0,831533.8125,520636.3125,0
1789703012.8617768,fan,326,4,21176734.0,16897468.0,0.0,0.0,0.0,0.0,0.0,0.0,0.0,0.0,0.0,0.0,0.0,0.0,2824058.5,0.0,0
1789703012.9255826,fan,33,5,1106146048.0,244736832.0,0.0,0.0,0.0,0.0,0.0,0.0,0.0,0.0,0.0,26625992.0,0.0,22890564.0,0.0,0.0,0
1789703012.989449,fan,293,6,933287296.0,524273792.0,0.0,0.0,103983984.0,0.0,0.0,0.0,0.0,0.0,34999856.0,0.0,0.0,0.0,0.0,0.0,0
1789703013.0534267,fan,293,3,0.0,0.0,0.0,0.0,0.0,0.0,1502579.0,0.0,0.0,0.0,0.0,0.0,2608522.5,1554348.75,0.0,0.0,0
1789703013.1034603,fan,359,12,0.0,0.0,0.0,30357336.0,0.0,12049144.0,0.0,19797692.0,0.0,4254909.0,5066014.5,19901148.0,0.0,7332530.5,16293965.0,0.0,0
1789703013.1665428,fan,342,10,49986000.0,0.0,0.0,0.0,0.0,0.0,23699020.0,7763897.5,0.0,30547874.0,4142409.5,0.0,0.0,0.0,1875299.75,3561699.5,0
1789703013.2308366,fan,332,9,14293648.0,0.0,0.0,0.0,12223527.0,4705250.0,0.0,5057499.0,0.0,0.0,7910043.5,0.0,1970174.0,1926587.0,0.0,1743691.0,0
1789703013.3532026,fan,29,5,0.0,0.0,0.0,19977010.0,0.0,5120219.5,0.0,0.0,0.0,7345884.0,0.0,0.0,0.0,0.0,0.0,3701249.0,0
1789703013.416605,fan,343,9,0.0,0.0,0.0,0.0,0.0,8464182.0,12915033.0,2151722.75,0.0,5929030.5,1310959.125,0.0,0.0,0.0,0.0,1218920.0,0
1789703013.4803922,fan,11,4,0.0,0.0,0.0,4723042.5,0.0,0.0,0.0,6421209.0,0.0,0.0,0.0,0.0,0.0,0.0,1098378.375,1858965.0,0
1789703013.5444658,fan,5,8,23220344.0,0.0,0.0,8474018.0,0.0,5779443.5,0.0,1934215.625,0.0,0.0,0.0,3013711.0,3858011.5,0.0,0.0,922437.125,0
1789703013.6094322,fan,3,10,0.0,0.0,0.0,0.0,0.0,0.0,0.0,13590456.0,10057362.0,16892710.0,0.0,1235812.25,2280166.25,0.0,0.0,1566496.875,0
1789703013.728586,fan,15,10,0.0,0.0,2816584.5,0.0,0.0,0.0,4256678.5,4549166.0,1888016.25,2692154.25,0.0,1496837.75,0.0,0.0,3248467.0,1964700.625,0
1789703013.7990055,fan,339,7,0.0,0.0,0.0,1635769.875,1161675.625,0.0,3013847.75,0.0,0.0,0.0,0.0,0.0,1213977.25,0.0,0.0,3731039.5,0
1789703013.864568,fan,54,7,0.0,0.0,14451160.0,0.0,0.0,7354059.5,0.0,3026130.75,8020001.0,0.0,0.0,0.0,0.0,882229.0,0.0,429230.8125,0
1789703013.8654203,fan,352,6,0.0,0.0,0.0,0.0,0.0,9444656.0,4590944.0,0.0,0.0,0.0,0.0,2157359.25,2469918.25,0.0,2266680.75,2081097.125,0
1789703013.9342551,fan,352,9,0.0,0.0,0.0,0.0,2138458.5,5007253.0,4342287.0,2495300.75,0.0,1468056.625,0.0,0.0,1759975.875,3529823.5,0.0,886732.125,0
1789703013.9801662,fan,351,14,0.0,6125345.0,0.0,0.0,1180184.25,5188149.5,8475833.0,0.0,0.0,3114293.5,2472680.5,0.0,616451.875,9631094.0,0.0,2110581.25,0
1789703014.0764875,fan,353,12,0.0,0.0,1107446.25,0.0,2436287.5,7945014.0,1084297.5,5020610.5,0.0,3849383.0,0.0,0.0,0.0,805670.125,629389.875,0.0,0
1789703014.6779053,fan,331,11,0.0,0.0,8215684.5,3843259.0,1270397.0,6522803.5,0.0,0.0,0.0,9238017.0,1460979.375,509452.375,0.0,0.0,0.0,2261307.25,0
1789703014.7475922,fan,329,3,0.0,0.0,0.0,0.0,0.0,0.0,0.0,0.0,0.0,0.0,0.0,0.0,0.0,3207168.0,2869347.5,1658531.0,0
1789703015.565615,fan,357,9,2214469.75,1909799.75,0.0,0.0,0.0,0.0,2826032.5,0.0,1974360.75,600990.25,0.0,4358714.0,0.0,1630260.25,0.0,0.0,0
1789703015.692208,fan,342,12,2794986.0,4148137.0,0.0,1303231.25,976528.0,7656207.5,0.0,6631385.0,4230930.0,0.0,747674.125,487992.46875,1449576.0,0.0,507192.75,0.0,0
1789703016.5785863,fan,3,9,0.0,1624824.75,0.0,0.0,0.0,786841.0,249914.015625,4028410.5,0.0,3558094.25,1234794.75,0.0,0.0,0.0,2860509.0,0.0,0
1789703016.9910262,fan,351,13,0.0,0.0,0.0,0.0,8346382.0,1859575.75,0.0,0.0,5246307.0,11868794.0,0.0,4548389.5,4801617.5,3522248.0,1342047.375,789223.875,0
1789703017.0863981,fan,359,10,0.0,927259.25,1500780.25,915671.875,0.0,0.0,1923941.75,0.0,14839616.0,0.0,2299757.0,0.0,0.0,1393178.5,1068052.75,0.0,0
1789703017.1478846,fan,0,13,0.0,0.0,3513223.5,3214126.5,0.0,0.0,345214.4375,7905931.5,1482807.5,826337.875,0.0,0.0,0.0,2177406.75,987327.1875,1990075.0,0
1789703017.212749,fan,0,13,0.0,0.0,314681.8125,2190932.75,939460.75,2214537.5,0.0,0.0,817588.375,2624260.0,976999.375,0.0,1224365.375,727374.625,615469.5625,741309.625,0
1789703017.263506,fan,341,10,0.0,1960193.25,658216.3125,0.0,6551899.5,0.0,0.0,0.0,0.0,3094693.0,0.0,0.0,0.0,3974882.75,1892880.25,572921.0625,0
1789703017.435123,fan,341,10,0.0,2053699.625,1539427.625,0.0,0.0,0.0,0.0,4604585.0,0.0,6879106.5,265403.71875,0.0,0.0,6352452.0,1274038.0,0.0,0
1789703017.656114,fan,1,7,0.0,0.0,0.0,0.0,0.0,0.0,0.0,785299.875,432419.6875,1914520.5,0.0,0.0,800933.0625,2677433.75,1963654.375,0.0,0
1789703017.7160456,fan,1,9,3731517.5,3222276.0,0.0,0.0,2033344.75,0.0,0.0,0.0,0.0,0.0,0.0,608839.25,0.0,2657973.0,1527034.875,597021.25,0
1789703017.765919,fan,347,12,0.0,0.0,0.0,0.0,7665142.5,0.0,1875990.75,2593985.25,0.0,2783056.5,0.0,800041.875,3568067.0,2339706.0,2487513.25,1007934.0,0
1789703017.8305387,fan,347,15,0.0,0.0,4993919.0,4066438.0,2280183.5,1528933.875,0.0,0.0,0.0,0.0,0.0,0.0,3760916.75,6569408.0,3645535.25,1911411.5,0
1789703017.8797612,fan,343,12,665194.875,0.0,586392.375,0.0,873844.6875,4281611.0,2628909.25,0.0,0.0,7122391.0,0.0,1799623.0,463522.0,3331004.75,0.0,0.0,0
1789703018.5129752,fan,37,6,0.0,1433218.875,12889108.0,6348166.5,0.0,0.0,0.0,689265.0625,0.0,0.0,1517312.0,0.0,0.0,0.0,0.0,0.0,0
1789703018.607605,fan,57,4,12643660.0,0.0,0.0,0.0,0.0,4278019.5,0.0,0.0,0.0,0.0,0.0,590854.8125,0.0,0.0,0.0,0.0,0
1789703018.6661222,fan,4,15,0.0,1251901.75,0.0,0.0,1012947.5,0.0,2607873.5,0.0,5681309.5,7366208.0,0.0,2396915.25,0.0,754109.125,2145531.0,0.0,0
1789703019.1770618,fan,1,11,4748799.0,8142387.0,560383.0625,0.0,860600.3125,0.0,752344.5,0.0,3928493.0,6890999.5,0.0,581733.8125,0.0,0.0,777766.0625,0.0,0
1789703019.4626184,fan,330,12,0.0,1544956.0,0.0,0.0,2004536.25,740464.125,5697285.0,1721805.375,0.0,0.0,0.0,4569612.0,4559761.0,791284.25,0.0,642312.0625,0
1789703019.6526608,fan,352,9,335718.5625,0.0,0.0,11080239.0,0.0,0.0,0.0,998863.0,0.0,2364292.0,0.0,625851.75,1342080.25,2262339.0,0.0,0.0,0
1789703019.7167568,fan,3,13,11769756.0,0.0,0.0,1334312.125,6237264.0,28105114.0,3258970.0,6126640.0,6303027.5,5408792.0,1849245.25,0.0,0.0,0.0,490373.9375,0.0,0
1789703019.970891,fan,347,8,0.0,1678760.375,2142876.75,0.0,0.0,0.0,0.0,873957.9375,0.0,1668131.125,0.0,0.0,0.0,3931588.0,0.0,2289370.5,0
1789703020.035535,fan,347,6,0.0,0.0,0.0,0.0,0.0,1104601.0,1054811.25,5423691.5,0.0,0.0,0.0,0.0,0.0,1979523.75,0.0,707391.1875,0
1789703020.1285107,fan,4,11,0.0,5766665.0,0.0,0.0,5584518.0,0.0,3141348.5,1039320.875,1617414.5,0.0,0.0,0.0,2731418.75,4950915.0,0.0,0.0,0
1789703020.255192,fan,347,15,0.0,1071184.125,0.0,0.0,1713678.25,0.0,2656847.5,2165111.25,0.0,2820176.0,3041717.0,3375359.75,0.0,7220135.0,3459676.25,2861520.25,0
1789703020.3162186,fan,345,7,0.0,749041.4375,0.0,0.0,2023551.5,0.0,880638.1875,0.0,0.0,0.0,0.0,0.0,0.0,3012678.0,679108.75,3416634.5,0
1789703020.6663814,fan,349,15,0.0,0.0,0.0,688281.0,10075380.0,5969904.0,0.0,2691697.0,0.0,5138533.5,0.0,0.0,1261169.625,6019087.5,0.0,1090802.625,0
1789703020.7306542,fan,4,15,0.0,0.0,5897951.0,2911939.5,0.0,0.0,6204829.5,1936708.375,0.0,1117084.75,4543720.5,1325132.875,481402.90625,1839410.25,1788834.75,0.0,0
1789703020.8259141,fan,353,13,439521.28125,0.0,0.0,595537.5625,0.0,2588993.5,1349506.25,1710200.0,3276638.0,0.0,895210.625,4764451.0,0.0,874631.125,237216.375,774563.75,0
1789703020.8971076,fan,353,11,196731.65625,8259818.0,6421380.0,0.0,0.0,4184394.75,0.0,0.0,0.0,1427458.0,0.0,2367469.5,0.0,445281.53125,398801.9375,0.0,0
1789703021.1104848,fan,354,15,0.0,2971018.75,0.0,11301597.0,2480348.5,0.0,1145378.25,3910671.5,0.0,0.0,0.0,2331862.25,5163166.5,8953686.0,0.0,905189.3125,0
1789703021.2056012,fan,351,10,0.0,0.0,0.0,939713.5625,361101.5625,1893636.5,3505168.5,3170368.25,0.0,0.0,0.0,0.0,0.0,4378981.0,1961634.625,0.0,0
1789703021.267064,fan,354,12,0.0,0.0,0.0,6393382.0,0.0,0.0,1994936.75,2370523.25,5565791.0,501519.34375,795857.375,0.0,301470.90625,0.0,1708256.5,3916350.5,0
1789703021.3326187,fan,6,9,0.0,5049670.5,3565529.75,4829738.0,0.0,0.0,0.0,0.0,3282432.25,5467139.0,0.0,0.0,0.0,1226344.25,0.0,1901825.25,0
1789703021.5863395,fan,350,12,0.0,0.0,0.0,3513059.0,10130798.0,823630.0,838882.3125,0.0,0.0,5394421.0,11334572.0,0.0,0.0,661386.5625,0.0,1958341.875,0
1789703021.936639,fan,346,10,0.0,0.0,0.0,0.0,0.0,4517195.5,2520869.25,2290737.75,4398078.0,2714081.0,1487228.0,2118687.0,0.0,0.0,0.0,0.0,0
1789703022.0931644,fan,346,10,0.0,0.0,2186162.75,0.0,0.0,6666259.0,2662721.25,8011953.0,0.0,2251238.25,0.0,1301792.125,0.0,2698055.0,3204384.0,2551166.75,0
1789703022.1387043,fan,345,21,18602828.0,18831530.0,2623082.25,0.0,6261379.0,4742363.5,2753269.5,944536.6875,3371724.0,2901841.25,259552.46875,448149.84375,0.0,0.0,4734020.5,7765154.0,0
1789703022.251921,fan,347,12,0.0,0.0,13013085.0,8459487.0,0.0,0.0,0.0,2624762.0,0.0,787997.75,365044.90625,1755747.75,1123002.75,1373238.25,0.0,0.0,0
1789703022.3171463,fan,20,9,0.0,10265437.0,0.0,1731050.5,1812644.25,0.0,1308330.875,0.0,0.0,2165730.25,2046117.75,0.0,0.0,1175555.0,0.0,810663.5,0
1789703022.410599,fan,17,8,3728158.0,1010776.6875,0.0,15139550.0,0.0,0.0,6617508.0,1470537.5,6127057.0,0.0,0.0,0.0,950894.125,0.0,0.0,0.0,0
1789703022.5377476,fan,350,10,0.0,0.0,0.0,648163.25,0.0,0.0,688225.0,5255029.5,1989296.875,711265.0,359403.9375,0.0,0.0,6530902.0,977531.375,0.0,0
1789703022.6091392,fan,350,12,0.0,0.0,0.0,0.0,0.0,1749568.5,0.0,5097879.5,205274.40625,5392601.0,3659776.0,982887.375,0.0,4263397.0,0.0,1358427.5,0
1789703022.655381,fan,2,12,2070166.75,0.0,0.0,0.0,0.0,0.0,0.0,0.0,4257598.0,7679976.5,2179373.5,1645680.375,0.0,5897751.5,0.0,0.0,0
1789703022.7205348,fan,357,15,0.0,0.0,1702339.125,2856903.75,1997215.5,8206205.0,829100.875,0.0,0.0,10758454.0,0.0,0.0,1817197.25,0.0,2949238.5,6002446.0,0
1789703022.7866237,fan,5,7,0.0,0.0,0.0,8593600.0,2286262.5,0.0,1274104.5,673651.1875,346791.5625,0.0,0.0,0.0,533653.5,0.0,0.0,0.0,0
1789703022.9165924,fan,336,3,0.0,0.0,0.0,0.0,0.0,0.0,1402099.25,0.0,0.0,0.0,0.0,0.0,0.0,5367834.0,0.0,0.0,0
1789703022.9774418,fan,337,14,697730.875,0.0,0.0,0.0,842589.625,2513609.0,0.0,3509241.5,2135120.0,0.0,3487167.75,0.0,928312.125,4409844.5,1027291.125,659305.4375,0
1789703023.0418622,fan,317,7,0.0,1288834.0,0.0,0.0,0.0,0.0,0.0,0.0,0.0,228949.34375,0.0,9997944.0,5069345.0,0.0,0.0,0.0,0
1789703023.116463,fan,46,4,0.0,0.0,0.0,1210796.875,0.0,0.0,0.0,0.0,0.0,2569932.5,0.0,0.0,0.0,1478034.5,0.0,0.0,0
1789703023.166841,fan,342,7,0.0,0.0,2662737.5,0.0,5330392.0,0.0,1417726.125,0.0,3441926.0,0.0,0.0,0.0,0.0,2141514.25,0.0,0.0,0
1789703023.2668953,fan,14,14,0.0,0.0,2154377.75,10164904.0,4801373.0,0.0,4950168.5,2874291.5,0.0,2466961.5,1499868.25,7274928.0,0.0,0.0,666773.875,0.0,0
1789703023.3316987,fan,0,7,9635415.0,3253090.0,0.0,3339358.25,1281859.5,0.0,1999963.5,0.0,0.0,0.0,0.0,0.0,0.0,8034493.0,0.0,0.0,0
1789703023.396648,fan,21,10,0.0,0.0,0.0,13959076.0,3988520.0,0.0,2424980.5,7435232.0,4607635.0,1252034.875,0.0,650124.4375,0.0,0.0,0.0,1024055.5625,0
1789703023.4664717,fan,341,8,0.0,0.0,0.0,0.0,0.0,5787926.5,0.0,2484511.5,0.0,1540456.25,4154819.0,0.0,0.0,9475340.0,0.0,592657.0625,0
1789703023.5302312,fan,355,10,0.0,0.0,0.0,2638199.0,1147266.5,0.0,4776501.0,5311606.5,633777.5625,4396909.5,6470628.0,0.0,0.0,0.0,0.0,0.0,0
1789703023.5948794,fan,2,9,0.0,0.0,0.0,649276.75,0.0,0.0,0.0,0.0,7420451.0,0.0,6543155.0,465660.375,0.0,0.0,775166.75,2867649.5,0
1789703023.659577,fan,353,14,0.0,8901008.0,0.0,8749149.0,0.0,17851180.0,3960535.5,16662588.0,3706948.25,0.0,0.0,0.0,861999.5,3572926.25,3697324.5,0.0,0
1789703023.7242591,fan,353,5,0.0,0.0,2716482.75,0.0,554667.5,0.0,0.0,0.0,0.0,0.0,1115929.25,890994.25,0.0,0.0,0.0,0.0,0
1789703023.7749052,fan,9,9,0.0,0.0,19873172.0,0.0,0.0,14809663.0,0.0,0.0,0.0,1119125.0,0.0,10523474.0,0.0,3528525.75,2969056.5,0.0,0
1789703023.8393774,fan,352,12,0.0,0.0,0.0,0.0,7223729.5,3048892.5,916574.125,0.0,0.0,1261975.25,2624181.0,0.0,0.0,1441139.5,3233884.0,4139985.25,0
1789703023.9037888,fan,352,10,5426005.5,0.0,5751538.5,3346359.75,3991274.5,0.0,0.0,0.0,0.0,3225395.0,0.0,0.0,1234396.875,0.0,768428.3125,0.0,0
1789703023.9499083,fan,352,14,7693012.0,0.0,0.0,0.0,655406.625,3656219.5,3725984.5,0.0,2871163.0,1212996.75,1081197.875,2192386.0,0.0,679582.75,2187578.0,2657432.25,0
1789703023.999391,fan,353,5,0.0,0.0,0.0,4617904.0,2440226.25,0.0,3927053.75,0.0,0.0,0.0,0.0,0.0,705761.4375,0.0,0.0,2212374.75,0
1789703024.0641193,fan,337,9,9482912.0,0.0,0.0,0.0,5972270.5,4448794.0,4338708.5,0.0,0.0,7833574.0,0.0,0.0,0.0,0.0,2189008.25,0.0,0
1789703024.128358,fan,254,4,18396092.0,14069779.0,0.0,12627748.0,7176975.0,0.0,0.0,0.0,0.0,0.0,0.0,0.0,0.0,0.0,0.0,0.0,0
1789703025.104815,fan,341,10,0.0,10500420.0,8705080.0,0.0,210374.453125,0.0,3580073.0,0.0,0.0,0.0,0.0,0.0,307668.125,573788.0,3338277.25,3060072.5,0
1789703025.4524782,fan,4,10,7993270.0,4807214.5,3486477.25,5973705.0,3332350.5,0.0,0.0,0.0,0.0,2791308.5,0.0,0.0,0.0,0.0,391395.5,0.0,0
1789703025.8007064,fan,18,7,0.0,0.0,0.0,1284380.875,0.0,0.0,0.0,2932226.25,1446134.25,325331.8125,0.0,1158418.25,0.0,0.0,3333360.75,0.0,0
1789703025.895546,fan,357,10,0.0,3670733.5,1900618.5,0.0,0.0,1664113.125,415771.34375,0.0,4330019.5,5747581.0,0.0,0.0,0.0,716939.875,0.0,2394128.75,0
1789703025.990439,fan,351,10,0.0,0.0,5181308.0,0.0,0.0,0.0,0.0,1364881.5,1135752.875,0.0,0.0,0.0,2798655.5,2705942.0,602455.0625,1167258.0,0
1789703026.054791,fan,24,9,1355861.0,1937355.875,1708344.875,13038854.0,0.0,0.0,0.0,621590.0,4909406.0,0.0,1325948.5,1824032.125,0.0,0.0,0.0,0.0,0
1789703026.1189778,fan,343,11,3122506.25,2290228.75,207971.21875,0.0,1152785.25,0.0,0.0,0.0,0.0,540046.0625,939029.5625,0.0,0.0,1248884.75,5421430.0,3836630.0,0
1789703026.2123208,fan,23,6,0.0,0.0,3050656.25,4214188.0,3885792.0,0.0,0.0,9811188.0,0.0,2008049.0,0.0,0.0,0.0,0.0,0.0,0.0,0
1789703026.3393228,fan,24,7,0.0,0.0,2505137.0,833888.625,0.0,2570073.0,1512983.5,0.0,0.0,0.0,1160709.75,0.0,0.0,0.0,0.0,0.0,0
1789703026.398057,fan,358,7,0.0,1535672.375,0.0,0.0,467410.25,0.0,0.0,9830228.0,2184549.25,1504315.0,0.0,0.0,838709.875,0.0,0.0,0.0,0
1789703026.4736226,fan,346,14,0.0,0.0,0.0,9518612.0,3670309.75,1577423.5,4480339.0,0.0,315168.84375,2985068.25,0.0,0.0,314122.03125,0.0,4642465.5,1699239.0,0
1789703026.6567998,fan,1,9,0.0,0.0,6450555.0,0.0,1097425.375,0.0,0.0,1300218.875,7713357.5,0.0,0.0,1254810.875,399946.96875,0.0,1527856.625,0.0,0
1789703026.8792522,fan,357,11,0.0,0.0,4412749.5,4547542.5,2074907.875,0.0,0.0,0.0,1011503.8125,2994991.5,0.0,1769574.375,0.0,2111968.0,505200.25,1655932.5,0
1789703026.9720423,fan,357,7,0.0,0.0,0.0,5229408.5,0.0,1102615.5,356312.84375,0.0,6135832.0,0.0,0.0,0.0,0.0,0.0,5027506.0,1243948.5,0
1789703027.017144,fan,354,8,0.0,0.0,0.0,0.0,0.0,2145361.0,0.0,836812.125,3478244.75,1587601.5,0.0,0.0,0.0,1338810.875,3463873.0,0.0,0
1789703027.0988667,fan,358,8,1331345.0,0.0,0.0,4047819.0,412319.0625,5809129.5,0.0,0.0,0.0,0.0,0.0,0.0,0.0,632574.3125,0.0,1745088.875,0
1789703027.171804,fan,358,6,0.0,0.0,2686656.0,0.0,5240565.0,0.0,0.0,0.0,0.0,4947441.0,0.0,0.0,0.0,0.0,0.0,0.0,0
1789703027.228371,fan,12,9,2207961.0,0.0,5841858.5,0.0,0.0,0.0,3720571.5,1966784.5,3674822.25,0.0,0.0,980171.375,0.0,0.0,0.0,0.0,0
1789703027.320284,fan,353,10,0.0,20522092.0,3417192.5,5696165.0,0.0,0.0,0.0,0.0,0.0,0.0,431759.0625,0.0,2504510.0,0.0,3415675.75,3959127.5,0
1789703027.3854272,fan,10,8,0.0,11077898.0,13438036.0,0.0,0.0,0.0,0.0,2296734.25,0.0,0.0,2670309.5,0.0,0.0,0.0,0.0,123321.640625,0
1789703027.479908,fan,350,16,0.0,6061323.0,0.0,0.0,0.0,556208.125,796755.6875,0.0,0.0,1509566.75,379101.6875,2000332.75,3834099.5,6014813.5,3269249.5,4290278.0,0
1789703027.7970426,fan,2,9,3588471.5,0.0,0.0,6964019.0,353064.65625,0.0,0.0,0.0,4029602.5,2304889.0,2128412.75,2264922.0,0.0,0.0,0.0,0.0,0
1789703027.8585541,fan,7,12,1253186.0,0.0,1710658.75,3345521.0,0.0,0.0,1936364.125,1371364.5,1848036.5,1102843.625,1246464.625,522148.5625,0.0,0.0,1058566.5,3280253.0,0
1789703027.9234889,fan,352,11,0.0,0.0,2091482.5,3492017.5,0.0,0.0,0.0,797788.25,3492220.5,3559925.75,2482302.0,1323130.0,0.0,436325.125,0.0,0.0,0
1789703027.9876006,fan,348,8,2722783.25,0.0,0.0,671551.625,486888.65625,0.0,0.0,0.0,0.0,2472428.0,0.0,1689921.0,0.0,2146368.75,873368.375,0.0,0
1789703028.052273,fan,6,14,0.0,0.0,4095292.5,2004397.0,3591647.75,0.0,732383.0,0.0,2728297.0,7628725.0,0.0,1842653.0,0.0,1700583.25,0.0,630000.4375,0
1789703028.1165013,fan,347,8,0.0,0.0,0.0,0.0,0.0,1005600.0625,0.0,5777757.0,1222735.125,0.0,0.0,545377.625,3723682.0,517030.1875,1087202.875,1691279.0,0
1789703028.1811254,fan,358,6,0.0,0.0,0.0,8972686.0,0.0,6585402.5,0.0,3893055.25,0.0,0.0,0.0,1070310.125,0.0,0.0,0.0,3948692.25,0
1789703028.246869,fan,319,10,32379166.0,0.0,0.0,0.0,8937013.0,3029216.0,0.0,0.0,2061503.75,0.0,3883135.5,3191222.0,5252292.0,2666575.25,2099995.25,0.0,0
1789703028.3111434,fan,319,5,0.0,0.0,0.0,0.0,4281471.5,0.0,1502100.25,0.0,0.0,0.0,1727693.75,0.0,0.0,3569030.0,1023592.8125,0.0,0
1789703028.3687305,fan,2,11,1800133.875,0.0,0.0,0.0,0.0,1350482.625,1754589.75,3020027.25,6856147.0,12697624.0,2221691.0,0.0,0.0,0.0,0.0,1192670.0,0
1789703028.4400969,fan,3,5,829720.6875,0.0,0.0,0.0,0.0,0.0,856675.5,3370897.0,0.0,0.0,0.0,0.0,0.0,4914536.0,0.0,0.0,0
1789703028.5044665,fan,320,3,0.0,0.0,0.0,0.0,0.0,0.0,0.0,0.0,10679931.0,0.0,4051043.0,0.0,0.0,4866790.5,0.0,0.0,0
1789703028.5681126,fan,3,18,427900160.0,148059840.0,59704292.0,63666928.0,0.0,0.0,12777215.0,62988556.0,0.0,23159508.0,18826702.0,71929000.0,11385055.0,18189836.0,0.0,0.0,0
1789703028.632032,fan,3,3,0.0,0.0,0.0,0.0,0.0,0.0,0.0,0.0,3420567.0,2594523.75,0.0,0.0,0.0,0.0,0.0,1815888.25,0
1789703028.7806592,fan,0,8,1672762.125,0.0,334585.4375,0.0,0.0,0.0,1123262.0,0.0,600260.5625,2966187.0,0.0,0.0,2123331.25,0.0,0.0,697222.25,0
1789703028.8458939,fan,358,12,0.0,0.0,1738794.25,0.0,0.0,0.0,0.0,5958524.5,7973973.0,10913402.0,0.0,4191853.0,0.0,0.0,1690266.875,4482378.0,0
1789703028.938014,fan,1,10,0.0,0.0,805004.8125,0.0,2295880.75,3096490.0,3470145.0,5457994.5,0.0,0.0,0.0,0.0,4898883.0,1237070.0,0.0,453162.625,0
1789703029.5399241,fan,339,5,0.0,6078754.0,0.0,0.0,0.0,0.0,0.0,0.0,0.0,0.0,0.0,11220821.0,1691750.5,0.0,0.0,0.0,0
1789703029.6346023,fan,3,12,0.0,0.0,4898506.0,5973578.0,0.0,0.0,0.0,0.0,1320396.25,0.0,0.0,0.0,6834349.0,3126317.5,464764.1875,3176706.75,0
1789703029.6937058,fan,336,10,3030255.0,0.0,0.0,0.0,6248256.0,3279829.0,0.0,3086964.25,0.0,1302069.5,0.0,0.0,0.0,3694046.0,1952920.0,0.0,0
1789703029.7688868,fan,334,12,0.0,5576191.0,0.0,0.0,3669160.25,13552047.0,2949005.5,1310959.125,0.0,0.0,0.0,4438274.0,0.0,4233305.0,0.0,1209130.0,0
1789703029.8317282,fan,330,5,0.0,0.0,0.0,0.0,0.0,1132981.125,0.0,0.0,0.0,2262756.5,0.0,3482515.0,0.0,1250271.125,0.0,0.0,0
1789703030.2998757,fan,355,12,0.0,0.0,0.0,0.0,482164.25,0.0,233045.78125,0.0,3116026.5,4599200.0,0.0,0.0,2202072.75,879780.5625,1700474.875,1587363.25,0
1789703030.4267032,fan,333,11,2671349.75,0.0,4143825.5,960755.9375,709787.25,4180828.75,0.0,0.0,0.0,0.0,1158591.5,311075.625,0.0,0.0,3092759.5,1424951.625,0
1789703030.7447174,fan,359,13,0.0,4561700.5,0.0,3199398.0,0.0,0.0,2873516.5,0.0,432692.59375,6368104.0,1735295.5,941846.375,422109.25,1272560.0,0.0,315866.28125,0
1789703031.1558347,fan,3,12,4555726.0,9329894.0,0.0,3753011.5,14572752.0,0.0,5087736.5,0.0,2048645.0,6918402.5,0.0,934850.125,0.0,0.0,0.0,489844.1875,0
1789703031.2280087,fan,358,6,0.0,0.0,0.0,1143795.375,0.0,0.0,0.0,666715.375,0.0,0.0,0.0,2666621.5,2048034.25,1675307.875,0.0,401470.46875,0
1789703031.292789,fan,334,8,0.0,0.0,0.0,0.0,0.0,6998519.5,0.0,2115347.25,0.0,3646104.0,0.0,0.0,0.0,1613650.0,2130993.5,7951685.0,0
1789703031.5040133,fan,353,15,0.0,0.0,4437800.0,0.0,4087444.75,5069713.0,6495080.0,2032798.125,975745.9375,1794811.5,1605966.0,0.0,0.0,5685208.0,1079385.375,1187936.625,0
1789703031.5676785,fan,353,8,0.0,0.0,3765799.0,0.0,608889.4375,0.0,696322.0,0.0,1076402.375,0.0,1012735.75,2277292.0,2769443.0,0.0,0.0,0.0,0
1789703031.6125312,fan,334,9,759101.8125,0.0,0.0,667762.0625,0.0,985135.625,0.0,0.0,0.0,1125857.875,1260416.0,3429322.0,3051366.25,3597523.25,0.0,0.0,0
1789703031.9797213,fan,356,8,0.0,0.0,1110810.875,5245889.5,0.0,0.0,885133.25,0.0,0.0,784471.5625,3312514.0,0.0,0.0,0.0,0.0,781575.25,0
1789703032.0742557,fan,341,8,0.0,0.0,0.0,0.0,436247.65625,0.0,457544.03125,7022462.0,852152.4375,1832161.75,0.0,0.0,0.0,960250.875,0.0,0.0,0
1789703032.1386783,fan,341,11,0.0,0.0,931190.5625,0.0,0.0,0.0,335674.59375,0.0,0.0,4935835.0,2220176.25,2001319.375,0.0,543956.6875,2232524.0,0.0,0
1789703032.1843007,fan,348,9,1997867.375,0.0,1899252.125,5748574.5,0.0,0.0,0.0,1233556.0,0.0,3182982.75,1091258.75,0.0,485053.53125,0.0,0.0,0.0,0
1789703032.2504685,fan,344,4,0.0,0.0,0.0,0.0,0.0,0.0,0.0,0.0,0.0,5434107.0,0.0,2463262.0,2126566.5,0.0,0.0,0.0,0
1789703032.314197,fan,332,3,0.0,0.0,0.0,0.0,0.0,0.0,0.0,3371495.75,0.0,0.0,0.0,0.0,0.0,2302264.75,2099473.75,0.0,0
1789703032.3775425,fan,332,5,0.0,0.0,0.0,0.0,0.0,0.0,0.0,0.0,2152982.75,3170087.0,0.0,0.0,1886208.625,0.0,0.0,5738551.0,0
1789703032.427058,fan,341,6,0.0,0.0,0.0,0.0,0.0,0.0,0.0,0.0,0.0,2313481.0,0.0,0.0,0.0,181070.671875,4882469.0,1852942.0,0
1789703032.4904628,fan,347,9,0.0,0.0,0.0,0.0,0.0,0.0,0.0,0.0,1319948.625,597764.5,0.0,5752000.0,0.0,5881546.5,3877298.5,1907498.5,0
1789703032.6820147,fan,351,13,0.0,5589210.5,18681524.0,0.0,0.0,0.0,0.0,0.0,2569478.25,1962625.75,0.0,5639215.0,1435461.25,3165630.0,2104440.75,3165634.5,0
1789703032.7459688,fan,351,11,0.0,0.0,10513701.0,0.0,0.0,0.0,2011753.375,0.0,0.0,8234025.0,5265745.0,5034904.0,0.0,4932722.0,0.0,0.0,0
1789703032.7921655,fan,346,10,2328255.25,0.0,0.0,0.0,1342711.5,0.0,2100062.75,1006384.4375,1382581.75,0.0,0.0,0.0,0.0,3190464.5,2643922.0,978588.375,0
1789703033.0562868,fan,350,14,1054236.75,0.0,7066002.0,2867893.75,7180340.0,2496411.5,0.0,0.0,0.0,1408194.625,1341949.375,0.0,0.0,8053228.5,6246817.0,3891107.0,0
1789703033.115891,fan,346,12,0.0,0.0,3824708.25,7581016.5,1644011.25,3259668.75,0.0,0.0,0.0,45710.828125,1311776.125,1006173.75,1602235.625,594228.25,1152256.125,0.0,0
1789703033.181568,fan,348,9,988211.0,7982265.0,4713030.5,1844604.625,0.0,0.0,527814.6875,0.0,0.0,0.0,233242.859375,0.0,0.0,1803156.875,0.0,3042740.5,0
1789703033.2471764,fan,14,6,0.0,0.0,8730528.0,1838328.5,0.0,0.0,0.0,0.0,0.0,5041660.0,1455184.5,0.0,0.0,1671154.75,0.0,0.0,0
1789703033.5453036,fan,347,16,4755725.5,0.0,4993048.5,1747795.375,0.0,0.0,6800121.0,2649895.25,1407885.375,5826245.0,0.0,1343281.25,0.0,998041.375,5356718.0,2393027.0,0
1789703033.6088448,fan,350,13,0.0,14605782.0,7338182.0,6098542.0,4377471.0,0.0,390604.625,2987942.5,0.0,0.0,410979.59375,4513787.0,0.0,641513.5,377992.0625,0.0,0
1789703033.6904864,fan,15,8,0.0,0.0,3164518.0,2511793.0,0.0,6842711.0,491019.5625,0.0,758680.8125,0.0,0.0,0.0,0.0,0.0,0.0,2024309.625,0
1789703034.546234,fan,6,8,0.0,0.0,4766826.0,11081970.0,0.0,0.0,0.0,2951974.75,983658.875,0.0,0.0,0.0,1236014.375,0.0,0.0,0.0,0
1789703034.704635,fan,4,9,0.0,0.0,0.0,6039580.5,1861608.375,0.0,957210.5625,950489.75,6400824.0,0.0,0.0,0.0,0.0,0.0,0.0,4043120.5,0
1789703034.766381,fan,1,12,3419243.0,8633398.0,1367260.625,0.0,547706.75,0.0,0.0,0.0,1190959.0,2004955.125,0.0,0.0,0.0,734437.0,3574040.25,1809360.75,0
1789703034.8317869,fan,351,13,0.0,2987538.5,3470519.75,5563396.0,8097693.0,905598.625,0.0,0.0,0.0,0.0,1328486.0,0.0,447313.0,248063.03125,651437.75,3141267.75,0
1789703034.8967762,fan,351,9,0.0,0.0,2409232.5,1166139.0,0.0,0.0,476712.21875,0.0,3421126.5,0.0,1195152.125,2366723.75,0.0,3358989.0,0.0,0.0,0
1789703034.9891388,fan,5,8,0.0,0.0,0.0,0.0,5407862.0,0.0,2406623.5,1659519.0,6015259.0,2500617.0,0.0,0.0,0.0,0.0,0.0,1713733.75,0
1789703035.0540383,fan,5,10,10483431.0,0.0,1027084.5,0.0,8138679.0,0.0,0.0,999982.625,3034947.75,0.0,0.0,0.0,0.0,323785.875,3070230.0,1114810.375,0
1789703035.099442,fan,337,11,0.0,0.0,0.0,0.0,617906.3125,10061471.0,700233.5,2027116.0,0.0,2621456.5,1017965.5625,0.0,0.0,0.0,1030775.5,0.0,0
1789703035.16336,fan,317,5,0.0,0.0,0.0,0.0,0.0,0.0,0.0,0.0,0.0,2607192.75,4272632.5,0.0,9746786.0,3000967.0,0.0,0.0,0
1789703035.2811208,fan,343,8,0.0,0.0,0.0,0.0,0.0,0.0,0.0,5548131.0,6289947.5,0.0,2334997.0,3416330.5,0.0,8849151.0,2125608.25,0.0,0
1789703035.3450167,fan,20,8,22677776.0,0.0,9473619.0,8185473.5,3893102.75,0.0,0.0,0.0,3494946.75,5057991.5,0.0,0.0,3773078.25,0.0,0.0,0.0,0
1789703035.4102836,fan,27,8,0.0,0.0,43485720.0,59141464.0,0.0,0.0,10636950.0,0.0,10421243.0,0.0,8544912.0,11455630.0,0.0,7908076.0,0.0,0.0,0
1789703035.411026,fan,266,5,0.0,41492752.0,45054400.0,0.0,17115280.0,0.0,0.0,0.0,0.0,0.0,0.0,0.0,0.0,0.0,0.0,3721105.0,0
1789703035.498298,fan,27,6,0.0,0.0,1014755.5,6272251.5,3176185.5,0.0,0.0,0.0,0.0,0.0,0.0,2589041.5,0.0,0.0,0.0,0.0,0
1789703035.623448,fan,26,3,0.0,1637426.25,3488969.5,0.0,0.0,0.0,0.0,0.0,0.0,0.0,1127336.875,0.0,0.0,0.0,0.0,0.0,0
1789703035.9408205,fan,357,12,0.0,0.0,2841567.75,0.0,0.0,1518229.5,803957.375,5090902.5,0.0,0.0,5031707.0,2781649.5,0.0,2276949.5,2811487.75,843438.8125,0
1789703036.005571,fan,346,12,8459674.0,14353874.0,0.0,1965472.75,0.0,0.0,0.0,0.0,6161818.0,2992652.0,0.0,1725099.125,1278359.375,4706202.0,584783.0625,0.0,0
1789703036.0699942,fan,8,9,0.0,0.0,0.0,792561.75,422816.4375,0.0,6095799.0,5145477.0,7265253.0,5809170.0,0.0,0.0,0.0,0.0,0.0,0.0,0
1789703036.2254481,fan,0,9,0.0,0.0,0.0,4352242.5,0.0,467544.25,5455460.5,0.0,0.0,845208.625,0.0,0.0,0.0,1812649.5,0.0,1030518.625,0
1789703036.29727,fan,5,6,0.0,0.0,1403104.625,0.0,0.0,528452.125,883421.375,0.0,1360552.0,0.0,0.0,0.0,0.0,841235.3125,664538.75,0.0,0
1789703037.0813055,fan,2,13,1092578.25,0.0,5582247.5,0.0,0.0,0.0,0.0,9944959.0,7432818.0,7118189.5,0.0,1875987.5,4810485.0,8094648.0,0.0,0.0,0
1789703037.3346379,fan,327,7,847184.5,0.0,0.0,0.0,0.0,4128194.0,0.0,1769745.5,0.0,0.0,0.0,0.0,1955016.75,3652186.75,1093441.375,1717958.5,0
1789703037.335512,fan,22,6,0.0,10485120.0,0.0,0.0,0.0,0.0,0.0,0.0,5199274.0,3672755.0,0.0,285251.65625,0.0,0.0,0.0,309201.46875,0
1789703037.619619,fan,2,9,0.0,0.0,1302304.625,3467811.5,0.0,0.0,1242306.75,11212850.0,4002360.25,3646062.0,1304608.875,4946187.0,0.0,0.0,0.0,0.0,0
1789703037.6807632,fan,358,7,0.0,2605147.25,0.0,4887126.0,1699993.875,0.0,0.0,0.0,0.0,923858.0,0.0,0.0,0.0,0.0,6577037.5,0.0,0
1789703037.7454038,fan,334,11,1595810.125,6767908.5,0.0,0.0,0.0,1692190.25,1455913.25,0.0,4554954.0,3714093.0,0.0,5284707.0,0.0,0.0,0.0,0.0,0
1789703038.0498636,fan,329,8,0.0,6472768.0,1923126.25,0.0,506877.84375,12706648.0,0.0,0.0,0.0,0.0,0.0,0.0,0.0,0.0,0.0,4077844.0,0
1789703038.1136773,fan,342,13,0.0,11799465.0,4832744.5,0.0,2132646.75,0.0,846409.4375,1834821.25,0.0,0.0,651938.4375,1651716.5,2061655.625,8147760.0,0.0,0.0,0
1789703038.1896532,fan,0,10,0.0,2297017.5,1018529.0,0.0,5000384.0,0.0,0.0,0.0,0.0,993922.875,0.0,848524.8125,0.0,2021076.75,1160741.0,5385931.5,0
1789703038.2501092,fan,347,12,11424186.0,8011212.0,12113537.0,0.0,0.0,1535818.625,0.0,2119981.25,775720.375,3162432.0,0.0,0.0,0.0,2874939.0,649464.5625,726152.3125,0
1789703038.3223963,fan,36,4,58860980.0,0.0,24903772.0,20588214.0,0.0,0.0,0.0,0.0,0.0,0.0,0.0,0.0,2739434.0,0.0,0.0,0.0,0
1789703039.1720984,fan,334,12,0.0,1455648.25,1634290.75,427951.96875,0.0,3143843.5,3028360.25,287578.90625,683897.0,0.0,420549.0,0.0,0.0,2507863.75,802430.5,0.0,0
1789703039.2349215,fan,341,11,438212.875,2197667.0,3843469.25,0.0,1188927.5,625177.0625,0.0,0.0,0.0,0.0,4981287.0,1580293.25,0.0,269042.53125,1025130.5,1136874.875,0
1789703039.2984781,fan,337,10,0.0,0.0,280358.09375,0.0,0.0,1093315.5,2692173.0,0.0,0.0,0.0,4664971.0,3622004.75,3935290.75,1893907.125,0.0,1883833.75,0
1789703039.4887266,fan,14,7,2280654.0,0.0,0.0,1858243.125,0.0,2231805.5,1558829.5,3089528.5,925373.9375,0.0,0.0,1904824.25,0.0,0.0,0.0,0.0,0
1789703039.5829532,fan,6,7,0.0,0.0,0.0,19831948.0,0.0,2750931.25,2889669.0,0.0,0.0,5416835.5,0.0,0.0,0.0,0.0,0.0,0.0,0
1789703039.6556256,fan,342,15,0.0,0.0,0.0,0.0,0.0,3800328.0,1846166.5,0.0,4748589.0,1308190.5,0.0,3790699.75,513405.3125,1815059.125,1548541.25,479188.9375,0
1789703039.96363,fan,348,13,1373459.25,0.0,3478029.25,3047196.75,1100821.625,0.0,1241832.5,1485376.0,0.0,3242036.5,1980858.75,0.0,0.0,0.0,0.0,3935154.75,0
1789703040.035876,fan,349,8,0.0,0.0,806927.0,0.0,0.0,0.0,0.0,0.0,4084297.75,6338816.0,0.0,0.0,0.0,2566975.75,2927945.5,0.0,0
1789703040.0999815,fan,332,7,130653104.0,0.0,66664000.0,0.0,0.0,16219078.0,14988532.0,0.0,0.0,8982245.0,0.0,0.0,0.0,16322958.0,0.0,0.0,0
1789703040.1650584,fan,332,4,0.0,0.0,27905224.0,0.0,0.0,0.0,7585911.0,0.0,0.0,0.0,0.0,4909190.5,6223367.0,0.0,0.0,0.0,0
1789703040.2598872,fan,352,11,0.0,0.0,2058707.0,0.0,4217664.0,1721272.125,6668400.0,0.0,2042752.75,1435299.0,0.0,559526.0,0.0,2359799.0,2708951.25,0.0,0
1789703040.5975854,fan,12,9,0.0,0.0,0.0,0.0,690999.375,722403.125,0.0,1014034.5,1744121.0,638614.75,0.0,2602830.25,2164926.5,0.0,1060266.375,0.0,0
1789703040.6910799,fan,348,7,0.0,0.0,0.0,742848.5625,0.0,0.0,0.0,0.0,0.0,0.0,2939447.5,3828642.75,0.0,0.0,1022545.625,1086070.875,0
1789703040.7868123,fan,8,8,0.0,0.0,362723.78125,2583838.75,4572080.0,0.0,0.0,868718.25,0.0,0.0,0.0,0.0,2666828.0,2059651.75,0.0,690880.75,0
1789703040.847184,fan,349,11,0.0,0.0,1767635.75,0.0,6382117.5,0.0,0.0,0.0,1515630.75,1908184.0,1361244.125,0.0,0.0,442370.0,2386422.0,4442245.0,0
1789703040.9126859,fan,347,10,0.0,0.0,0.0,0.0,736516.25,0.0,4111037.5,0.0,0.0,0.0,285344.46875,634361.5625,546824.5,1559348.625,0.0,1333068.5,0
1789703040.9777737,fan,347,7,0.0,0.0,1999595.5,1984874.75,0.0,293895.15625,0.0,0.0,261844.5625,1874898.25,0.0,0.0,744163.375,0.0,0.0,0.0,0
1789703041.0276678,fan,347,10,0.0,0.0,0.0,0.0,11088993.0,0.0,0.0,540489.0,506396.46875,330180.625,348903.75,281805.625,0.0,2116316.5,1164643.25,0.0,0
1789703041.1069207,fan,356,14,0.0,0.0,31293860.0,7871081.5,0.0,0.0,864226.3125,0.0,0.0,3712937.0,5164759.0,0.0,1546718.0,2815594.5,891007.5,834241.875,0
1789703041.3258271,fan,3,6,0.0,584257.5,0.0,357675.8125,5028600.0,0.0,0.0,0.0,0.0,0.0,0.0,0.0,0.0,0.0,1360440.875,4205481.0,0
1789703041.4207988,fan,343,13,2682387.5,10314138.0,7283050.0,7956915.0,3957611.75,0.0,0.0,0.0,0.0,6185370.0,0.0,0.0,0.0,0.0,1051954.375,752003.25,0
1789703042.213242,fan,0,11,0.0,1366133.125,0.0,0.0,0.0,0.0,0.0,8131553.0,0.0,1896440.875,1254728.875,2152170.0,0.0,2775745.0,1315314.75,0.0,0
1789703043.1649122,fan,0,13,0.0,1617181.25,2024460.25,0.0,5734072.0,0.0,0.0,15375476.0,13342877.0,0.0,0.0,0.0,0.0,7800938.0,5515604.0,0.0,0
1789703043.2113335,fan,355,8,0.0,0.0,0.0,12551740.0,2946634.25,4447624.0,0.0,8257712.0,0.0,0.0,0.0,0.0,0.0,0.0,0.0,2504875.0,0
1789703043.290176,fan,353,14,1829828.375,0.0,5021757.0,15619298.0,3117419.0,0.0,0.0,4358059.0,0.0,2949976.25,0.0,0.0,1744475.25,6106254.5,0.0,0.0,0
1789703043.9890704,fan,330,8,0.0,0.0,0.0,3462032.0,0.0,0.0,0.0,0.0,0.0,1298896.25,1715282.75,1792033.625,0.0,855613.5,0.0,0.0,0
1789703046.3333373,fan,357,8,0.0,0.0,0.0,0.0,2762087.5,1513965.375,3558016.0,0.0,0.0,0.0,0.0,2300035.5,2028251.75,5598391.5,0.0,2436941.0,0
1789703046.4270248,fan,359,11,3838642.75,7428613.0,5076675.0,0.0,0.0,4327163.0,3542360.0,0.0,1687646.25,0.0,0.0,563177.125,0.0,4283366.5,0.0,0.0,0
1789703046.4873655,fan,342,12,0.0,1409772.875,0.0,0.0,1514480.375,772471.6875,1210780.625,0.0,0.0,742432.8125,1978289.875,0.0,1927451.0,5016327.5,4551479.5,3126078.5,0
1789703046.5522645,fan,344,13,4328618.0,0.0,0.0,0.0,7784402.0,0.0,2225170.25,1378274.75,0.0,0.0,0.0,3103478.5,2328073.75,5984601.0,1107261.25,0.0,0
1789703046.8693485,fan,20,6,1556527.0,0.0,0.0,0.0,3983637.25,0.0,0.0,1290509.25,0.0,2269132.0,0.0,0.0,1185346.0,1352867.25,0.0,0.0,0
1789703046.9411707,fan,1,14,0.0,7250629.0,3318395.0,5200464.0,0.0,5930063.0,0.0,0.0,0.0,2100533.0,0.0,361314.875,1223242.5,1685943.75,3503047.25,3792257.5,0
1789703047.0068362,fan,345,4,0.0,0.0,0.0,0.0,0.0,3880745.5,0.0,0.0,6444542.0,4165690.75,0.0,0.0,0.0,0.0,0.0,0.0,0
1789703047.071653,fan,336,4,0.0,0.0,0.0,0.0,0.0,0.0,0.0,0.0,0.0,3055849.75,0.0,0.0,1346718.5,5186144.0,0.0,0.0,0
1789703047.1371124,fan,158,3,0.0,0.0,0.0,0.0,0.0,0.0,0.0,0.0,0.0,0.0,0.0,0.0,7763971.5,2611860.25,4765719.0,0.0,0
1789703047.2579043,fan,250,4,68166016.0,0.0,0.0,0.0,27713722.0,16605953.0,0.0,0.0,0.0,0.0,7095249.5,0.0,0.0,0.0,0.0,0.0,0
1789703047.375997,fan,62,6,4665419.5,13715612.0,1440476.25,0.0,0.0,0.0,0.0,1141216.875,0.0,0.0,0.0,744354.0625,0.0,0.0,0.0,0.0,0
1789703047.4449074,fan,331,9,0.0,12027366.0,3917486.0,1499800.875,2293646.0,0.0,0.0,0.0,0.0,0.0,5307854.0,5595215.0,618422.9375,0.0,0.0,0.0,0
1789703047.5669155,fan,0,11,0.0,3909659.0,0.0,0.0,1724348.125,0.0,2789800.5,2626453.25,1990293.25,0.0,0.0,0.0,1425300.75,5759762.5,3587178.0,0.0,0
1789703047.6269937,fan,16,7,663802.625,1902382.75,5717700.0,8196504.0,0.0,0.0,535590.875,0.0,0.0,0.0,0.0,0.0,0.0,0.0,0.0,0.0,0
1789703047.8199291,fan,12,10,0.0,0.0,0.0,4648514.0,0.0,13488006.0,0.0,0.0,964573.0625,6039335.0,0.0,0.0,0.0,0.0,1081261.0,943697.875,0
1789703047.9785414,fan,351,18,5392304.5,0.0,1840579.125,8372781.5,2954731.5,538912.0,3488534.75,1733371.125,966061.375,8820138.0,394280.1875,696964.125,0.0,1479385.625,0.0,3442685.5,0
1789703048.0429645,fan,357,14,3658803.25,8916230.0,19537034.0,0.0,0.0,0.0,334042.59375,1380274.875,1495166.875,2622695.25,0.0,903862.6875,0.0,10177340.0,0.0,787256.8125,0
1789703048.1086383,fan,1,8,1436927.75,0.0,0.0,0.0,0.0,0.0,0.0,0.0,767461.25,934915.0,2277954.75,851289.75,0.0,0.0,1286642.25,5069981.5,0
1789703048.2015212,fan,4,10,0.0,0.0,0.0,0.0,712215.25,0.0,0.0,3858064.0,0.0,0.0,4160771.5,0.0,605551.875,1275120.5,1434629.75,4697575.5,0
1789703048.2613156,fan,344,7,178990.609375,3194820.75,8660485.0,0.0,0.0,0.0,1414615.125,0.0,883955.5,0.0,0.0,0.0,0.0,0.0,0.0,4068038.25,0
1789703048.3254561,fan,9,10,0.0,0.0,2032437.625,6668948.0,0.0,0.0,0.0,246485.15625,8995681.0,0.0,0.0,0.0,0.0,866949.9375,0.0,398961.3125,0
1789703049.2139318,fan,353,8,0.0,1010662.75,0.0,0.0,2026771.5,1475479.375,0.0,0.0,0.0,9230638.0,0.0,0.0,0.0,2306788.5,1045885.875,1296758.75,0
1789703049.2854986,fan,3,5,1081046.0,0.0,0.0,0.0,0.0,0.0,2365335.5,0.0,0.0,0.0,0.0,0.0,0.0,0.0,0.0,2622276.0,0
1789703049.3507776,fan,300,9,7493109.5,0.0,0.0,0.0,11609346.0,16291034.0,6551086.0,0.0,0.0,7883399.0,0.0,0.0,0.0,0.0,1023540.0625,0.0,0
1789703049.413078,fan,353,14,0.0,0.0,2618301.5,0.0,2934936.5,5921010.0,3501729.75,5858220.5,5196082.0,0.0,0.0,864866.5,1527250.375,2560373.75,0.0,961186.75,0
1789703049.5394363,fan,324,8,40467668.0,0.0,47902884.0,0.0,32965612.0,11194404.0,9463769.0,0.0,0.0,0.0,3333747.75,0.0,0.0,0.0,0.0,0.0,0
1789703049.6022143,fan,12,5,0.0,0.0,0.0,10406557.0,0.0,0.0,0.0,0.0,0.0,3652819.75,3907187.25,986998.0,0.0,0.0,0.0,0.0,0
1789703049.6670842,fan,324,5,0.0,0.0,0.0,0.0,1784969.5,0.0,0.0,0.0,0.0,0.0,0.0,3211727.0,0.0,6894707.5,0.0,0.0,0
1789703049.7238922,fan,346,7,0.0,0.0,0.0,0.0,0.0,0.0,0.0,0.0,0.0,4290418.0,1003373.375,0.0,1178148.0,2350149.5,0.0,1336005.75,0
1789703049.7833316,fan,347,10,1010614.6875,0.0,0.0,1501127.0,0.0,0.0,0.0,0.0,0.0,1641582.25,0.0,3247476.25,2861717.75,3350255.5,1095170.625,2263071.75,0
1789703050.0383863,fan,4,7,0.0,0.0,0.0,721096.625,3650205.0,0.0,1124350.75,176401.203125,0.0,0.0,0.0,0.0,348225.53125,4318612.5,0.0,0.0,0
1789703050.1095986,fan,54,5,0.0,0.0,17999390.0,14365603.0,20330782.0,0.0,5515951.5,0.0,0.0,0.0,0.0,0.0,0.0,4499561.5,0.0,0.0,0
1789703050.242754,fan,7,7,0.0,0.0,0.0,0.0,0.0,0.0,2040619.5,8501248.0,1658394.625,385616.25,0.0,0.0,0.0,0.0,500860.5625,0.0,0
1789703050.305823,fan,343,3,0.0,0.0,0.0,0.0,0.0,0.0,0.0,0.0,0.0,0.0,0.0,0.0,0.0,12958830.0,8102774.5,0.0,0
1789703050.4259121,fan,341,10,4319929.5,5786796.0,3750880.75,0.0,0.0,10928588.0,3152388.0,0.0,5637977.5,3931100.75,0.0,0.0,0.0,773558.9375,0.0,0.0,0
1789703050.48994,fan,342,7,0.0,0.0,0.0,0.0,0.0,0.0,0.0,2855951.5,4305115.0,0.0,0.0,0.0,7757812.0,3072844.5,0.0,5128869.0,0
1789703050.5762975,fan,342,9,0.0,0.0,0.0,0.0,0.0,0.0,7034742.0,1931286.0,0.0,0.0,0.0,621143.8125,0.0,4029311.5,2772098.0,0.0,0
1789703050.6392293,fan,356,7,0.0,324310.0,0.0,674841.1875,0.0,0.0,0.0,0.0,0.0,8568949.0,1293124.0,0.0,2621069.5,0.0,0.0,0.0,0
1789703050.73467,fan,354,11,2506356.25,0.0,1392050.0,2164069.75,0.0,0.0,0.0,595669.625,2565419.0,1515258.625,0.0,4185572.0,0.0,0.0,1874163.25,858343.375,0
1789703050.80703,fan,358,10,0.0,0.0,0.0,4359898.5,1412168.125,4343001.0,5332151.0,5394735.0,0.0,863441.3125,0.0,0.0,0.0,662142.375,0.0,3785156.5,0
1789703050.8723235,fan,353,7,0.0,0.0,0.0,0.0,0.0,0.0,0.0,0.0,0.0,18923836.0,14826088.0,5161470.0,0.0,2439778.25,0.0,2087365.25,0
1789703050.9383109,fan,356,4,0.0,0.0,0.0,0.0,0.0,0.0,0.0,0.0,0.0,0.0,0.0,3570410.25,2297018.75,0.0,0.0,3010150.5,0
1789703051.0688136,fan,343,7,0.0,0.0,0.0,0.0,0.0,0.0,0.0,8998727.0,0.0,6613174.0,0.0,0.0,3285461.5,0.0,3076210.5,3147562.75,0
1789703051.1329257,fan,302,5,30177042.0,0.0,11233118.0,0.0,0.0,0.0,0.0,0.0,0.0,3926321.75,3185634.25,0.0,0.0,0.0,566939.3125,0.0,0
1789703051.1974459,fan,8,12,45989204.0,0.0,55765600.0,27068782.0,16311006.0,0.0,4598462.0,13826087.0,0.0,0.0,0.0,4142818.0,3136248.5,0.0,0.0,0.0,0
1789703051.2727396,fan,359,13,0.0,2281120.0,11631720.0,1306805.75,4752214.0,0.0,0.0,2966224.5,0.0,2921229.5,3386565.5,0.0,1682995.25,0.0,1574509.0,1500854.5,0
1789703051.4632754,fan,348,14,5618364.5,0.0,2602593.0,0.0,0.0,0.0,11254974.0,7867293.0,0.0,4575246.5,0.0,1159697.25,3904997.0,6039184.5,0.0,0.0,0
1789703051.5279553,fan,347,13,0.0,0.0,0.0,1792446.25,0.0,5396124.0,0.0,1689940.0,2405070.0,0.0,0.0,805382.1875,3539433.5,3132005.0,3541925.25,4647892.0,0
1789703051.6216137,fan,355,15,0.0,0.0,5126573.0,30534996.0,7469959.0,9190406.0,5581239.0,22682452.0,5008014.5,0.0,0.0,1764173.625,0.0,0.0,720208.9375,0.0,0
1789703051.693669,fan,354,10,0.0,0.0,5394847.0,2204099.0,10002792.0,0.0,856191.0,0.0,1596083.75,0.0,0.0,483534.90625,0.0,1411104.25,0.0,0.0,0
1789703051.8234007,fan,350,9,0.0,0.0,0.0,0.0,23358232.0,0.0,47039232.0,0.0,0.0,0.0,0.0,25437724.0,0.0,0.0,17103210.0,5343208.0,0
1789703051.888638,fan,38,4,0.0,0.0,0.0,0.0,0.0,0.0,0.0,5011179.0,3520138.25,0.0,0.0,0.0,1090637.25,0.0,0.0,0.0,0
1789703052.128036,fan,348,13,0.0,1634865.5,0.0,4159315.5,8030807.5,12024483.0,0.0,10200752.0,0.0,2358333.0,0.0,1699631.0,0.0,4401651.0,0.0,0.0,0
1789703052.187058,fan,348,9,0.0,0.0,0.0,0.0,781981.5625,0.0,1053889.625,0.0,0.0,2098463.25,0.0,0.0,0.0,1413931.75,3062151.25,2941241.5,0
1789703052.2378554,fan,3,15,0.0,1052498.0,5379594.0,10416629.0,0.0,0.0,6611935.5,9709528.0,0.0,1443046.25,0.0,0.0,0.0,5919707.0,2989445.0,2093758.0,0
1789703052.302687,fan,0,5,0.0,0.0,0.0,0.0,1292552.25,621477.0,0.0,3659424.75,0.0,0.0,0.0,0.0,0.0,0.0,218043.5625,0.0,0
1789703052.3681574,fan,357,12,0.0,0.0,0.0,1022599.75,7529223.0,1241072.0,3239691.0,1401999.25,0.0,0.0,0.0,2825472.0,0.0,4221480.0,0.0,5168081.0,0
1789703052.4335794,fan,356,11,3771648.0,5874204.5,10784790.0,0.0,1209523.75,0.0,0.0,5815600.0,1578573.75,0.0,0.0,703377.625,0.0,862796.75,647782.875,0.0,0
1789703052.571578,fan,343,10,0.0,0.0,0.0,0.0,4186509.25,0.0,2088461.25,2564364.0,1249102.25,2602998.25,2537023.5,0.0,0.0,0.0,0.0,893628.1875,0
1789703052.6328855,fan,346,13,0.0,0.0,3770820.25,0.0,7923568.0,0.0,1520726.0,3401418.0,1746107.75,9109651.0,989396.8125,2246344.0,0.0,2016320.0,0.0,0.0,0
1789703052.708238,fan,356,11,0.0,14588991.0,4448769.0,5828978.0,0.0,0.0,0.0,0.0,3151352.25,0.0,2548902.5,3278036.0,3279798.0,4843909.0,3065230.5,0.0,0
1789703053.078048,fan,340,15,1201970.375,0.0,5034223.0,0.0,6122324.0,11486718.0,2577979.0,0.0,0.0,4317261.0,4111178.5,1639199.5,0.0,0.0,3087526.0,1244093.625,0
1789703053.138241,fan,355,7,0.0,1434157.625,7471591.0,11397263.0,0.0,0.0,0.0,0.0,2815154.5,0.0,0.0,0.0,2112571.75,6397395.0,0.0,0.0,0
1789703053.2035658,fan,344,10,0.0,1846182.375,0.0,0.0,0.0,0.0,0.0,0.0,2486880.75,4553590.5,0.0,2478265.25,1046192.875,2959815.0,4076011.0,0.0,0
1789703053.2679594,fan,17,9,718448.1875,0.0,5501345.0,0.0,0.0,0.0,1276075.875,3122247.5,6028963.5,4028549.5,0.0,0.0,0.0,0.0,0.0,0.0,0
1789703053.4262605,fan,347,12,0.0,0.0,1096380.875,4724727.5,1667012.5,0.0,333324.3125,1629927.25,0.0,0.0,0.0,0.0,6244655.0,8723532.0,0.0,0.0,0
1789703053.5842369,fan,348,11,0.0,0.0,0.0,0.0,1175406.5,3479321.25,1791848.375,4243850.0,0.0,2760430.0,1109899.875,0.0,4526022.0,0.0,1242675.5,376487.46875,0
1789703053.6439803,fan,346,12,0.0,5652113.5,4088500.0,0.0,511335.75,0.0,2104020.75,1349115.125,731820.1875,1369927.875,3595240.0,1340641.375,0.0,0.0,0.0,951048.9375,0
1789703053.7092066,fan,359,10,0.0,0.0,716313.8125,0.0,925865.25,0.0,0.0,0.0,0.0,1889798.25,0.0,377594.6875,0.0,1558200.75,6842117.5,3139034.0,0
1789703054.0922308,fan,346,13,727661.625,0.0,0.0,424404.0625,1763177.5,1258139.0,1736931.25,260037.59375,0.0,2632534.25,2662041.75,1436612.25,0.0,0.0,0.0,0.0,0
1789703054.1635165,fan,343,11,0.0,0.0,3054196.0,2558602.0,0.0,0.0,1871154.25,0.0,3401962.0,9830398.0,0.0,0.0,2068380.5,3736425.5,637586.4375,0.0,0
1789703054.2281199,fan,350,9,0.0,0.0,0.0,0.0,0.0,8028805.5,18935888.0,0.0,0.0,14931186.0,6884294.0,3709942.25,0.0,4625336.0,0.0,6096029.5,0
1789703054.2926638,fan,327,10,252308208.0,0.0,0.0,0.0,46989416.0,0.0,59725324.0,0.0,0.0,27341748.0,17801572.0,0.0,34762528.0,14052186.0,0.0,20518780.0,0
1789703054.503802,fan,327,10,2992831.25,3847687.75,0.0,897790.9375,14511282.0,0.0,2285628.5,0.0,0.0,0.0,0.0,2303518.25,1244396.375,2443774.25,0.0,1682230.375,0
1789703054.5668898,fan,359,12,0.0,0.0,4990800.0,16081118.0,0.0,0.0,0.0,0.0,5687038.0,3882244.0,0.0,0.0,0.0,3391093.0,3353259.0,2439231.25,0
1789703054.9162798,fan,354,15,0.0,0.0,2914561.75,0.0,2311526.5,0.0,0.0,5940180.0,1089893.5,2323075.0,0.0,3572868.0,2531370.0,1833491.5,886322.5,0.0,0
1789703054.977417,fan,353,10,4728667.0,0.0,0.0,0.0,0.0,0.0,3032263.75,599228.875,0.0,0.0,2645852.5,0.0,0.0,5068530.0,999597.625,1103111.25,0
1789703055.041245,fan,337,6,0.0,0.0,836003.1875,0.0,0.0,2412131.5,2982678.75,0.0,0.0,0.0,0.0,3295586.0,0.0,0.0,1309698.25,0.0,0
1789703055.16923,fan,337,13,0.0,2268529.5,3521656.0,0.0,0.0,4430064.5,5631005.0,0.0,0.0,0.0,3521066.75,2276335.5,8472787.0,0.0,3455902.0,1649094.0,0
1789703055.3282673,fan,1,11,0.0,2274022.75,2715252.0,1318350.0,0.0,0.0,0.0,0.0,7171146.0,14736016.0,1517711.25,0.0,4322724.5,0.0,2621694.25,0.0,0
1789703055.4240763,fan,357,11,866336.9375,705185.25,321924.90625,1126357.0,0.0,2427765.5,573087.125,2985359.0,0.0,0.0,0.0,0.0,0.0,3923334.25,0.0,387843.3125,0
1789703055.9926167,fan,6,11,0.0,0.0,0.0,0.0,1835573.75,1953742.125,562196.75,956597.625,2778013.75,21656392.0,1319859.125,0.0,0.0,2575838.5,0.0,0.0,0
1789703056.785487,fan,350,10,169284.203125,0.0,1626819.875,0.0,0.0,0.0,0.0,2180444.0,1029414.75,0.0,1147895.25,2256020.5,0.0,3326694.0,0.0,693060.6875,0
1789703057.3886724,fan,342,9,0.0,0.0,0.0,0.0,2771037.5,4190254.0,0.0,4808638.0,783947.0,697081.75,0.0,0.0,0.0,1043022.0625,0.0,952051.875,0
1789703057.704171,fan,351,9,0.0,0.0,0.0,0.0,0.0,0.0,2589102.5,0.0,0.0,2105725.25,1994419.25,145233.0,0.0,4892756.0,2660134.5,0.0,0
1789703057.704843,fan,29,5,0.0,0.0,616935.25,0.0,0.0,0.0,929557.3125,2311786.0,0.0,0.0,0.0,0.0,1731630.375,0.0,0.0,0.0,0
1789703057.7643569,fan,354,6,0.0,0.0,0.0,0.0,0.0,0.0,4524706.0,0.0,0.0,0.0,296231.4375,2336558.5,1020992.625,0.0,423252.625,0.0,0
1789703057.8273556,fan,353,11,0.0,3490107.25,1485760.75,0.0,1401407.75,0.0,0.0,0.0,3663273.0,338045.78125,0.0,0.0,1289000.5,1046889.625,2680501.0,0.0,0
1789703057.8928506,fan,6,6,0.0,0.0,3298811.5,3476292.0,261770.125,0.0,0.0,0.0,332963.65625,0.0,0.0,0.0,0.0,0.0,0.0,1324643.875,0
1789703057.9565952,fan,354,8,0.0,0.0,0.0,0.0,1001119.8125,8604507.0,0.0,8771429.0,0.0,0.0,0.0,0.0,1790486.75,386988.5,0.0,153973.234375,0
1789703058.0221152,fan,5,14,5287052.0,0.0,2864493.75,0.0,762845.25,1228686.0,3034873.75,6848510.0,0.0,1931003.625,0.0,0.0,0.0,0.0,2019431.5,500862.59375,0
1789703058.0975306,fan,343,9,1951103.625,1554201.5,0.0,659010.1875,0.0,0.0,0.0,0.0,0.0,1144858.875,1968728.625,2343515.75,1659201.125,966656.375,0.0,2533691.5,0
1789703058.1613884,fan,342,9,0.0,0.0,0.0,0.0,0.0,0.0,0.0,20975160.0,0.0,0.0,2433926.5,8862840.0,0.0,0.0,4103530.0,9613226.0,0
1789703058.2916176,fan,351,13,154331696.0,0.0,275403648.0,68763000.0,46575736.0,0.0,0.0,57346704.0,0.0,0.0,0.0,39824672.0,0.0,49598696.0,0.0,0.0,0
1789703058.406781,fan,349,9,427788608.0,379829856.0,306883776.0,0.0,0.0,0.0,0.0,0.0,39497776.0,19773948.0,0.0,33681452.0,21582208.0,0.0,12605126.0,11723264.0,0
1789703058.518166,fan,349,7,0.0,0.0,3835192.75,1107254.125,0.0,8551511.0,0.0,3173219.0,4806994.0,0.0,2135739.5,0.0,1367209.5,0.0,0.0,0.0,0
1789703058.5685349,fan,349,5,0.0,0.0,2034306.75,0.0,0.0,0.0,0.0,5597718.5,637067.875,0.0,3234476.5,0.0,0.0,0.0,0.0,0.0,0
1789703058.6255324,fan,349,7,0.0,0.0,0.0,0.0,0.0,1438286.0,0.0,0.0,0.0,3015418.0,0.0,1518281.0,1187149.625,0.0,0.0,1720844.25,0
1789703058.6721408,fan,349,10,765049.25,0.0,2159361.0,2534941.0,0.0,0.0,210336.28125,6756163.0,11325036.0,0.0,0.0,0.0,0.0,2360021.0,1385731.875,0.0,0
1789703058.7219634,fan,339,4,0.0,46318684.0,0.0,0.0,0.0,7634049.0,0.0,0.0,0.0,5328589.0,0.0,0.0,0.0,0.0,5292581.0,0.0,0
1789703058.7868073,fan,338,5,0.0,0.0,0.0,0.0,0.0,0.0,0.0,0.0,0.0,0.0,26333422.0,0.0,24004108.0,11979117.0,11653238.0,0.0,0
1789703058.850933,fan,20,7,0.0,504786944.0,368376832.0,260762944.0,0.0,0.0,268511808.0,116717952.0,0.0,0.0,0.0,0.0,0.0,24399810.0,0.0,0.0,0
1789703058.9221892,fan,20,6,51531808.0,0.0,43720824.0,0.0,0.0,33796748.0,0.0,0.0,15817432.0,0.0,0.0,0.0,0.0,0.0,0.0,0.0,0
1789703058.970644,fan,20,11,1959085.75,0.0,0.0,3847478.5,2890088.25,0.0,6711344.5,0.0,1747096.5,0.0,0.0,601994.0625,315169.3125,1476275.375,0.0,0.0,0
1789703059.0207622,fan,30,4,0.0,0.0,0.0,0.0,7743458.5,0.0,0.0,0.0,0.0,0.0,0.0,657743.5,201159.921875,0.0,0.0,0.0,0
1789703059.0842085,fan,338,9,2293000.75,1065112.75,2120600.75,0.0,1670633.25,0.0,1277215.0,3662173.0,5096671.0,0.0,0.0,0.0,0.0,981342.0625,0.0,0.0,0
1789703059.1920638,fan,0,10,0.0,0.0,1547765.25,0.0,2126470.25,0.0,1208152.5,6991864.0,2793370.5,0.0,648048.75,458882.5,1244870.5,1234917.25,0.0,863225.125,0
1789703059.2871692,fan,355,11,0.0,1844753.25,2705221.5,2337959.0,4698843.0,1933249.25,0.0,0.0,0.0,0.0,1496332.5,3173382.5,0.0,3990435.0,0.0,0.0,0
1789703059.3476644,fan,348,12,0.0,0.0,0.0,9647715.0,439457.75,0.0,3785420.5,0.0,2826937.0,3352162.0,358752.8125,0.0,1129277.625,2787444.0,779942.6875,457647.0,0
1789703059.4172573,fan,0,5,0.0,0.0,0.0,0.0,0.0,0.0,0.0,0.0,3585098.25,3500981.25,0.0,0.0,0.0,960813.875,2479484.25,0.0,0
1789703059.6499455,fan,1,6,0.0,0.0,0.0,0.0,0.0,3350565.0,3197490.25,772163.6875,0.0,0.0,0.0,417558.25,0.0,1063982.125,0.0,785600.875,0
