timestamp,sound_type,detected_angle,bin_count,band_0,band_1,band_2,band_3,band_4,band_5,band_6,band_7,band_8,band_9,band_10,band_11,band_12,band_13,band_14,band_15,label
1789486607.344241,music,358,25,65783184.0,227441856.0,2385862.5,40182336.0,9022597.0,332596.09375,0.0,381871.5,3539218.0,6736982.0,1079251.75,1323357.0,280741.25,969439.75,1368214.375,258962.46875,1
1789486607.4053073,music,358,27,38919792.0,126967288.0,2803589.5,47520152.0,27143396.0,0.0,0.0,0.0,6596592.5,10748395.0,935009.625,21790100.0,1085777.25,5174438.0,362957.1875,97070.6484375,1
1789486607.4543903,music,356,27,26201024.0,29954378.0,1357590.75,128961672.0,188462592.0,275880.25,0.0,191772.734375,2943523.0,3044495.75,0.0,6892838.0,0.0,7610956.0,6091649.0,165484.59375,1
1789486607.820189,music,355,30,85914672.0,42817320.0,9233174.0,6175973.5,3990622.75,3624037.25,619755.3125,263926.625,455854.3125,2389660.5,0.0,2520176.0,364733.375,416498.875,3144027.25,1307495.5,1
1789486607.8845282,music,354,23,52417252.0,18614082.0,0.0,0.0,9566638.0,0.0,0.0,86569.890625,0.0,538871.8125,1319255.125,1039642.875,954094.125,750094.1875,577724.0625,2134666.25,1
1789486608.3913672,music,346,28,471779328.0,95216464.0,78513456.0,71462600.0,14098004.0,135497248.0,622777.375,2646838.25,0.0,22550612.0,18737676.0,700258.0625,8287367.5,427288.09375,79052392.0,5237011.0,1
1789486608.455277,music,343,29,817068736.0,197357296.0,137732128.0,114298928.0,25140576.0,93211136.0,5023480.0,35552016.0,782804.4375,15981254.0,1288309.0,15240498.0,0.0,318945504.0,434171840.0,1124000.125,1
1789486608.5192106,music,346,30,1196089088.0,279309088.0,54483420.0,20560024.0,107596976.0,0.0,0.0,13027032.0,24740648.0,33208580.0,7186315.0,5597964.0,17146884.0,12273584.0,5778983.0,2237921.5,1
1789486609.0573282,music,351,34,331695520.0,57430844.0,139925536.0,64580016.0,123980112.0,9885039.0,3277142.5,25077020.0,20325152.0,179884016.0,32881638.0,14590505.0,24651274.0,58248856.0,397413920.0,364947392.0,1
1789486609.1175168,music,352,27,206679072.0,61170392.0,0.0,430110976.0,373560096.0,69818080.0,0.0,5538844.0,1875754.375,29057104.0,9090485.0,37642196.0,5635175.0,14216546.0,150058576.0,164365520.0,1
1789486609.1827471,music,352,31,102579088.0,29879450.0,22289378.0,286837056.0,555463232.0,81986720.0,78222728.0,45905400.0,9563945.0,58901856.0,13236698.0,16097496.0,4775955.0,44488376.0,11844806.0,224167200.0,1
1789486609.343404,music,349,28,65422840.0,0.0,18795542.0,26761408.0,41077848.0,115915808.0,17846658.0,20525740.0,67297320.0,47839720.0,72793520.0,33204958.0,6514832.5,114106848.0,41370836.0,39619824.0,1
1789486609.7870953,music,347,32,161169824.0,18482016.0,42562304.0,181958624.0,527070144.0,124869288.0,4428283.5,0.0,1828233.5,16718577.0,7955044.0,12445501.0,4381827.0,54239148.0,300610720.0,78640864.0,1
1789486610.1355977,music,336,23,38426780.0,7821559.5,0.0,0.0,1264478208.0,241874192.0,1611519.5,0.0,1505784.75,7580728.5,19033260.0,17234948.0,789094.25,27152708.0,0.0,6320222.5,1
1789486611.3429742,music,359,27,0.0,13702082.0,40728640.0,43700288.0,25689734.0,21752196.0,1830482.25,0.0,31929976.0,89515888.0,130852064.0,9356151.0,30471356.0,191681184.0,62762076.0,43261740.0,1
1789486612.1028407,music,352,29,155342864.0,103025216.0,35946364.0,78349160.0,13257546.0,5772293.0,0.0,0.0,1459025.5,4881172.0,9770128.0,3556703.5,0.0,111135712.0,4023738.5,488464544.0,1
1789486612.1627963,music,352,31,146062192.0,93059872.0,31392966.0,15907758.0,13795296.0,4345573.5,0.0,5503104.0,0.0,2179398.5,20233480.0,9521394.0,7144500.5,99273088.0,11968600.0,497893792.0,1
1789486612.2931595,music,352,39,73349760.0,7235678.0,20753004.0,12120312.0,10380796.0,1553544.25,11793680.0,3533390.5,2104437.0,10060363.0,4918498.0,12936559.0,18957916.0,64216148.0,5360593.0,77895696.0,1
1789486612.4202838,music,354,32,200299152.0,0.0,106556976.0,285108320.0,404645824.0,1013608.5,0.0,3657935.25,1291738.25,19798082.0,20665438.0,57269016.0,1767786.75,40347772.0,1592969.375,34358636.0,1
1789486612.481503,music,353,32,181642992.0,13778242.0,58866132.0,163828272.0,237641472.0,936302.875,0.0,4571939.0,642875.9375,21372578.0,20751184.0,8415513.0,3145581.5,134968208.0,4802931.0,13498155.0,1
1789486612.8011806,music,351,30,234080144.0,9879471.0,583761984.0,455120704.0,115289992.0,4851904.0,22962244.0,2624786.5,1069890.0,1581636.0,254882.828125,0.0,1627324.0,41036476.0,3766982.75,3939299.5,1
1789486612.8615265,music,352,24,184931968.0,0.0,317640128.0,308290912.0,1099823.5,0.0,0.0,1742489.75,1492896.125,0.0,1380824.0,9097697.0,1664015.25,31813438.0,727979.25,2781137.75,1
1789486613.3091197,music,353,28,124534832.0,5011924.0,421932992.0,210051328.0,46436348.0,12548292.0,42480936.0,11756908.0,225161.296875,4949863.5,1517921.125,1257350.25,190404.453125,20105896.0,24216926.0,8251364.5,1
1789486613.3701868,music,354,28,63036272.0,2177549.5,376071488.0,484164416.0,19255208.0,18901976.0,22753168.0,8867451.0,40699608.0,13862919.0,13703860.0,1163257.25,0.0,152631984.0,49366848.0,53062520.0,1
1789486614.0066433,music,354,28,56453356.0,27469332.0,184396032.0,59860888.0,3430425.0,263251.4375,6861042.0,0.0,120601.7109375,9744407.0,2579495.0,10021612.0,235378.6875,0.0,988389.3125,8828041.0,1
1789486614.051779,music,350,30,88393528.0,14970073.0,133441168.0,77198984.0,26829692.0,6417386.0,0.0,3219713.0,346350.75,16606546.0,6402850.5,13613071.0,0.0,3807176.25,331510.21875,2643658.0,1
1789486615.3379817,music,351,32,50938720.0,105334272.0,36381384.0,56311984.0,14977185.0,43455588.0,13980488.0,14440743.0,58431488.0,189763760.0,61490112.0,21335904.0,51984600.0,129932064.0,22080208.0,42762796.0,1
1789486615.3975058,music,349,30,57857240.0,94179888.0,7608666.5,210287280.0,271120832.0,33666848.0,8200810.0,0.0,97433680.0,158485280.0,18746012.0,22397912.0,58270976.0,69224448.0,7889685.0,26337962.0,1
1789486615.4618196,music,351,25,0.0,124369752.0,13574768.0,319881248.0,809897728.0,0.0,0.0,1537653.625,3847907.75,31714278.0,1185167.75,1254053.875,0.0,3036258.0,14475951.0,1166327.125,1
1789486615.5258625,music,354,31,57412776.0,69726640.0,20590308.0,294283232.0,340373536.0,978848.75,17427332.0,3083370.5,4272565.0,18527026.0,1478654.25,10259087.0,58807.7265625,4577106.0,5958384.5,277789.15625,1
1789486616.3198762,music,353,31,497432320.0,120308064.0,411135232.0,221540528.0,11701208.0,16406366.0,0.0,9418114.0,11493356.0,55555856.0,19388546.0,4109274.0,1831783.5,1399123.0,1251708.375,11381899.0,1
1789486616.4158292,music,354,26,458148416.0,104543280.0,195154560.0,40504088.0,0.0,19452928.0,0.0,0.0,337743.6875,2130919.0,11903234.0,45873928.0,12796057.0,130673.9921875,20983884.0,10819960.0,1
1789486616.4766932,music,356,32,385737088.0,211210912.0,41085944.0,67595232.0,3701067.0,171685216.0,4508696.0,14182494.0,714248.8125,37151300.0,26876192.0,5790232.0,7951148.0,53086096.0,156778096.0,89643.2734375,1
1789486616.541594,music,355,33,659185728.0,145501344.0,304859840.0,88104456.0,5736281.5,184560016.0,1922630.25,12979881.0,1060417.75,24456924.0,16216228.0,54414544.0,4690667.0,27695584.0,0.0,11438838.0,1
1789486616.7959893,music,349,36,232732688.0,123644288.0,232541760.0,422600640.0,411702688.0,22344722.0,17516504.0,5974202.0,1467137.375,19320672.0,7449678.5,9583000.0,1630621.125,9888806.0,11529543.0,93572592.0,1
1789486616.856403,music,354,25,114654248.0,30632944.0,6401018.0,619368064.0,760820416.0,0.0,2353058.0,7785931.0,1540506.75,11803436.0,4042299.75,11206314.0,1084365.625,678849.8125,0.0,0.0,1
1789486616.9213781,music,352,29,99290296.0,51994812.0,15645092.0,276961216.0,336880512.0,54270920.0,16929716.0,3121726.0,644560.875,2016150.875,2591035.0,3330878.5,833569.5625,3957803.5,2112113.75,14197499.0,1
1789486616.9861448,music,351,28,51234040.0,55912760.0,26345026.0,59250920.0,62823284.0,19838364.0,8186701.0,7894052.0,516535.21875,9696556.0,2308871.5,7842658.0,992239.125,1173019.0,1649394.875,1066128.125,1
1789486617.0507364,music,348,30,70416760.0,24634540.0,18307736.0,99393488.0,192063728.0,7862811.0,3029216.25,20713138.0,5715862.0,9915006.0,2179659.0,995140.4375,397648.375,461264.1875,412458.40625,422648.125,1
1789486617.1154459,music,346,32,80678240.0,19022396.0,48107188.0,166640800.0,567233856.0,49721084.0,23099400.0,0.0,605975.0,13360976.0,1355470.0,1688299.0,737600.0625,13567242.0,3668012.5,12606798.0,1
1789486617.1799743,music,342,26,82995648.0,15776982.0,0.0,786116160.0,954424512.0,23550448.0,7096862.0,50258504.0,13163232.0,8608247.0,573643.0625,5140324.0,0.0,2415493.0,0.0,12511016.0,1
1789486617.3363433,music,330,26,45491288.0,0.0,9533776.0,11440214.0,18285628.0,15063580.0,1059517.375,3705622.0,2267546.5,53270696.0,60566416.0,29045726.0,93580616.0,261299040.0,107442576.0,23243962.0,1
1789486618.06588,music,320,25,39709336.0,24696472.0,86566712.0,4578123.5,0.0,2342335.5,7266890.5,5359678.0,2776087.25,223680.84375,0.0,0.0,168525.21875,6223238.0,2263104.5,4413950.5,1
1789486618.1245124,music,308,25,11777968.0,13137174.0,60582496.0,4556904.0,0.0,574981.8125,17207924.0,0.0,0.0,16744560.0,36356156.0,7693050.0,176217.6875,32924468.0,0.0,3337068.75,1
1789486618.2228763,music,309,29,49730804.0,16362242.0,0.0,1794405.625,14368062.0,5003308.0,167316.984375,3922676.0,967858.8125,5661361.5,1300569.25,6301650.0,232980.140625,13077455.0,1425698.0,401492.78125,1
1789486618.2817435,music,312,22,60608672.0,11840250.0,2354119.75,16490715.0,5906388.5,1248758.0,0.0,13056957.0,3025496.75,1216290.25,0.0,8266498.5,0.0,23406616.0,2722867.75,2049125.75,1
1789486618.3436806,music,314,21,53510272.0,8316735.5,129475064.0,127892720.0,0.0,438025.21875,1204639.875,0.0,1359013.5,18294270.0,9810352.0,79683.6796875,0.0,234407.46875,350693.0,241258.71875,1
1789486618.405392,music,321,20,31483882.0,7294973.0,119841264.0,150517744.0,0.0,0.0,0.0,348805.59375,480209.0625,27871436.0,13696068.0,0.0,133980.0625,1753636.25,0.0,112581.0390625,1
1789486618.4787302,music,315,26,22158120.0,3762958.25,81815160.0,120484744.0,0.0,0.0,9198919.0,3542248.5,1371176.0,31830146.0,9878025.0,345305.375,416352.875,9171182.0,0.0,0.0,1
1789486618.5401826,music,301,31,34447028.0,7274321.0,67166256.0,76378648.0,1775536.0,1385869.25,2175402.75,13427253.0,5495067.5,10097819.0,3166440.75,2875680.5,240917.96875,1464660.125,890952.625,1249051.75,1
1789486618.5980463,music,305,20,26549256.0,4497156.5,108854640.0,152602624.0,0.0,303437.6875,0.0,7397043.0,501244.1875,9970356.0,3305381.0,30102.9765625,133719.390625,1646922.875,0.0,51076.0,1
1789486620.0609698,music,281,12,0.0,0.0,184972128.0,448759392.0,0.0,0.0,0.0,1495140.875,797308.3125,7421905.0,0.0,0.0,0.0,16468731.0,859474.75,1260931.875,1
1789486620.1204295,music,281,7,0.0,5742424.0,66393776.0,33391150.0,1477486.375,0.0,0.0,0.0,0.0,0.0,0.0,720166.4375,0.0,0.0,157015.734375,0.0,1
1789486620.1711757,music,279,10,0.0,0.0,770050368.0,462797952.0,7658499.0,2096409.875,0.0,0.0,0.0,19720366.0,0.0,0.0,7312781.0,8731349.0,0.0,0.0,1
1789486620.504509,music,254,28,179598176.0,0.0,15686575.0,18645016.0,8649007.0,2523475.5,174466880.0,5106086.0,1219727.5,2954711.25,7064909.0,14340982.0,5124210.5,33222280.0,355396544.0,18662356.0,1
1789486621.108549,music,272,17,0.0,1037724.375,23862668.0,64286864.0,1446972.625,428525.875,0.0,0.0,426147.5625,6455661.5,2967202.5,0.0,861472.75,0.0,6668700.0,16031878.0,1
1789486621.1688957,music,244,18,32838624.0,2595102.5,10683979.0,0.0,352709.09375,2791597.5,0.0,0.0,2620615.25,118391.6953125,213997.359375,1658465.375,94388.5078125,5674785.0,6520765.0,18001670.0,1
1789486621.2329466,music,248,23,52220052.0,1417476.375,0.0,55706828.0,68590008.0,1293641.0,0.0,0.0,0.0,4783893.0,1058508.375,29340300.0,1527347.0,759202.125,7574530.0,8917785.0,1
1789486621.3080587,music,252,18,0.0,3528524.5,12801676.0,122029400.0,56786540.0,3588216.5,0.0,3815763.5,0.0,0.0,2140406.0,18946708.0,0.0,816316.3125,24538010.0,4812869.5,1
1789486621.3726978,music,250,15,4212045.0,5257005.0,342918400.0,216032640.0,0.0,0.0,0.0,1713024.5,0.0,6494481.0,14817732.0,9825408.0,31220410.0,12423178.0,14533236.0,31407944.0,1
1789486621.436871,music,255,17,45516232.0,49068040.0,363147968.0,269572832.0,262627456.0,31561112.0,0.0,4906210.5,0.0,0.0,0.0,9563637.0,0.0,9704731.0,2731770.0,0.0,1
1789486621.5013907,music,255,14,0.0,0.0,0.0,123744400.0,312552384.0,0.0,0.0,0.0,0.0,15012986.0,13139732.0,33164676.0,0.0,2055108.75,1221369.125,22291608.0,1
1789486621.547577,music,253,21,48744704.0,1694614.625,1042261.0,768963456.0,449008960.0,0.0,14094227.0,0.0,0.0,10562126.0,3278887.75,18431954.0,360879.03125,1252632.25,0.0,8980606.0,1
1789486621.741499,music,253,13,0.0,0.0,0.0,60137128.0,68519112.0,0.0,1210721.375,0.0,971969.5625,1315494.125,1255304.5,35869040.0,92836.5,0.0,1528053.375,15858951.0,1
1789486621.7879648,music,253,15,21209688.0,743053.6875,65393328.0,91666144.0,0.0,1259175.375,10941637.0,0.0,0.0,1423411.0,0.0,0.0,0.0,261623.59375,636711.125,621694.0,1
1789486622.0895884,music,232,19,41049328.0,1496372.125,2413247.5,409592000.0,159624288.0,2522634.0,36727436.0,7689544.0,583224.9375,0.0,0.0,0.0,525335.375,56120496.0,12586628.0,4571391.0,1
1789486622.1496828,music,250,16,0.0,0.0,169002896.0,740172736.0,63218444.0,0.0,0.0,613759.3125,2380456.5,2137406.5,9846263.0,4066954.5,570025.875,19530820.0,1384823.125,0.0,1
1789486622.2135913,music,252,19,0.0,0.0,76710304.0,123878224.0,0.0,3527929.0,119133936.0,1662407.0,1768254.0,32043534.0,6900244.0,10812774.0,2678649.5,0.0,1064370.0,10440698.0,1
1789486622.344638,music,263,12,0.0,0.0,301602144.0,214689584.0,0.0,0.0,33372132.0,862276.375,0.0,24826668.0,9485368.0,0.0,474656.96875,0.0,0.0,1032659.25,1
1789486622.9134045,music,251,12,0.0,0.0,0.0,0.0,1231271.0,0.0,0.0,0.0,508489.09375,4999671.0,4490697.5,672414.0,473151.1875,1161647.625,1017735.3125,33757648.0,1
1789486623.009345,music,249,14,0.0,628634.125,45490056.0,30487416.0,1382632.25,0.0,1805785.0,0.0,0.0,4520337.0,2587801.5,0.0,315614.4375,10436880.0,521600.625,0.0,1
1789486623.069251,music,246,11,0.0,233287.1875,0.0,0.0,2538760.0,223658.203125,0.0,0.0,0.0,1755545.5,0.0,2181967.0,634138.1875,1140737.375,0.0,1664185.125,1
1789486623.1669002,music,242,21,0.0,0.0,53641020.0,0.0,438418720.0,156439824.0,31094662.0,209682.484375,3044106.5,9859125.0,0.0,6280504.5,0.0,27217530.0,110578160.0,28868518.0,1
1789486623.2259412,music,245,24,176600.578125,2548807.0,0.0,79610248.0,1027026624.0,702727616.0,3390128.5,1372342.5,0.0,2660623.5,10583318.0,7431959.0,80334736.0,51104268.0,342142528.0,296892896.0,1
1789486623.288582,music,246,18,0.0,0.0,0.0,98934784.0,87583224.0,0.0,39371008.0,0.0,5319545.0,22803748.0,28240368.0,107823536.0,0.0,372907744.0,339316064.0,683647104.0,1
1789486623.352429,music,247,13,0.0,0.0,524669.1875,526228992.0,88164032.0,0.0,0.0,0.0,5851318.5,9893834.0,0.0,11844555.0,0.0,149543072.0,0.0,66128528.0,1
1789486623.4177623,music,265,21,0.0,0.0,0.0,20426824.0,64106232.0,51032088.0,94814656.0,0.0,7925273.0,36154808.0,2543641.25,5326267.5,2647568.5,106793936.0,74659888.0,31551478.0,1
1789486623.4823387,music,273,30,2475052.5,125753216.0,8006657.5,0.0,130540720.0,34867920.0,0.0,7963169.5,7120326.0,34649628.0,21506544.0,59453888.0,21816674.0,9070604.0,4411863.0,40053024.0,1
1789486623.5465772,music,273,19,0.0,139594080.0,0.0,0.0,0.0,0.0,33570824.0,0.0,11937298.0,47680760.0,1413773.375,69157848.0,3047391.75,17461028.0,41460360.0,18384288.0,1
1789486623.596049,music,273,20,0.0,122270384.0,10793458.0,0.0,38172064.0,18695134.0,0.0,3599661.5,0.0,7290705.0,0.0,68713120.0,7063297.5,3998526.25,7285935.0,72068704.0,1
1789486623.640966,music,277,24,0.0,133793128.0,23602230.0,6198531.0,44773184.0,20871102.0,0.0,0.0,7830693.0,10141256.0,7145563.5,64229652.0,4360312.0,8070600.0,32032824.0,51608384.0,1
1789486623.7172875,music,279,21,0.0,5468660.0,2278924.5,0.0,137418928.0,258841232.0,17294540.0,0.0,28239316.0,10987840.0,0.0,6237808.5,2892221.75,0.0,4025157.75,10525704.0,1
1789486623.7816243,music,279,19,1644556.75,1886805.0,0.0,9476646.0,0.0,0.0,0.0,0.0,639434.625,16859100.0,2791942.0,5594998.0,4191990.25,19075896.0,10098906.0,16310302.0,1
1789486623.8269956,music,273,24,0.0,5424119.0,14414546.0,0.0,5916549.0,8562123.0,0.0,0.0,4398833.0,12888095.0,14993964.0,7643535.0,1452455.375,7971086.0,3104008.5,6997225.0,1
1789486623.891399,music,282,25,852337.4375,201353824.0,213262976.0,1733261.75,38342808.0,4725063.5,2361930.0,6711502.0,1672563.5,7056546.0,0.0,2437948.0,0.0,4264684.0,3127581.0,3111610.5,1
1789486623.9555266,music,280,19,0.0,146204320.0,0.0,0.0,18171800.0,6091023.0,0.0,1159393.0,0.0,820635.4375,800630.1875,4374734.5,728697.5,1560102.25,544473.3125,1558848.5,1
1789486624.019771,music,276,20,215815.34375,0.0,12530242.0,14944744.0,25395684.0,532289.0625,0.0,0.0,3234812.75,3213790.5,84909.125,4758342.0,0.0,315764.5,483312.1875,179514.6875,1
1789486624.0856314,music,286,26,1894310.0,184811904.0,5320054.0,6504631.0,18634964.0,1775442.625,802310.875,639434.75,547486.875,1360430.0,394094.5625,1312966.625,219058.875,1086325.0,1614402.5,1086488.25,1
1789486624.1499877,music,286,29,7686767.5,143262960.0,0.0,26646616.0,13614613.0,1249342.5,11103023.0,140949.09375,3998663.25,8600884.0,268551.6875,6813157.0,201097.1875,23518004.0,27178346.0,2060691.875,1
1789486624.1997263,music,283,29,8764370.0,390199232.0,11789975.0,2688414.5,5512363.5,1298590.0,0.0,479786.625,1406192.25,7489882.0,107941.6953125,17431060.0,514008.0625,150729824.0,171745776.0,343269.0,1
1789486624.26432,music,290,24,11470216.0,287957760.0,3082478.25,18565106.0,11044540.0,0.0,4903704.5,0.0,3027299.5,12637488.0,34279.40625,1231599.5,44461.2421875,470545408.0,177944608.0,3077749.25,1
1789486624.3290813,music,292,32,284949280.0,61771272.0,134471328.0,30735442.0,27867368.0,0.0,108348296.0,45620856.0,42143264.0,98539920.0,9375548.0,35426488.0,51005904.0,366265632.0,122582936.0,9506036.0,1
1789486624.3929873,music,280,27,276769440.0,129172992.0,8412924.0,43284160.0,104458888.0,2451682.25,5634354.5,0.0,3404774.25,20166688.0,3678674.25,20200328.0,627990.1875,209503712.0,309295776.0,1781320.25,1
1789486624.4579065,music,295,22,3264217.5,0.0,18133384.0,47516064.0,149541184.0,989579.1875,1555930.25,0.0,6036970.0,57639104.0,0.0,437127008.0,9364706.0,2132382.0,121661280.0,140715.484375,1
1789486624.5230002,music,277,32,48568744.0,58312172.0,0.0,270814208.0,235519792.0,587250.625,35514448.0,93786760.0,27367288.0,43265796.0,1768282.75,512194432.0,95453.3984375,25753476.0,6967299.0,678468.375,1
1789486624.8155222,music,280,28,11054478.0,42237568.0,31205862.0,12342256.0,27730072.0,110379936.0,19161154.0,86267872.0,40715908.0,29688092.0,8251490.5,9438902.0,5646007.0,41883040.0,117148152.0,101097152.0,1
1789486625.070197,music,270,26,40478224.0,49452468.0,102047968.0,2832452.0,230254496.0,22365168.0,0.0,30373400.0,6630997.5,3535100.0,35232528.0,148265.15625,0.0,742166.5,1930642.25,6685597.0,1
1789486625.1335754,music,266,15,52546456.0,10828426.0,0.0,0.0,35757684.0,25419424.0,0.0,0.0,2848891.0,5802031.0,743848448.0,99280128.0,0.0,0.0,986776.0625,0.0,1
1789486625.2908502,music,268,25,32654562.0,13745418.0,643787.75,1218977.25,79384016.0,8093547.0,6418223.5,88500752.0,5107930.5,28124616.0,165281520.0,12241235.0,17002312.0,62442496.0,1903899.75,7765853.5,1
1789486625.3528404,music,281,29,7558428.0,29753922.0,17589148.0,23702944.0,179157344.0,0.0,62745720.0,0.0,5081383.0,16645190.0,152119072.0,256511632.0,176488640.0,997452672.0,167325904.0,205220608.0,1
1789486625.418942,music,282,12,33235234.0,25200916.0,42890308.0,0.0,0.0,0.0,818379.0625,18915808.0,7121718.5,3365379.75,164360224.0,15649926.0,0.0,0.0,0.0,0.0,1
1789486625.4837623,music,276,21,7180939.0,1402011.75,1575802.5,3278936.5,341808256.0,31725356.0,0.0,13397678.0,2694621.75,5323570.0,216269584.0,13102731.0,0.0,33716480.0,0.0,2554850.5,1
1789486625.7043405,music,286,22,0.0,3203031.25,3849733.0,8488071.0,552869.5625,27531512.0,36377508.0,25129794.0,8209881.0,1331702.125,8347772.0,4131177.5,598955.75,10044721.0,0.0,4023000.0,1
1789486625.7689347,music,272,20,8648585.0,15463037.0,24441274.0,2092424.25,37786876.0,849584.5,0.0,0.0,1890537.25,4904029.0,8266918.5,218049.46875,0.0,1792366.125,0.0,631608.1875,1
1789486625.8332615,music,277,21,13961429.0,69150856.0,0.0,90366648.0,218544992.0,0.0,519542560.0,0.0,0.0,0.0,0.0,25329018.0,1388767.0,64087420.0,86324448.0,838186.625,1
1789486626.0839434,music,277,25,0.0,14546005.0,81371816.0,32842528.0,29454588.0,0.0,308741024.0,26823596.0,20293992.0,159308240.0,102708592.0,24057428.0,0.0,13131253.0,882212.4375,7037770.5,1
1789486626.128932,music,279,21,3806785.5,0.0,130074064.0,209996048.0,20136864.0,3197454.5,58821272.0,0.0,23916860.0,191756144.0,47635212.0,2429992.5,0.0,302942.21875,1372812.375,0.0,1
1789486626.1937783,music,277,21,0.0,19842988.0,374512992.0,195743520.0,0.0,39604696.0,72253824.0,73315616.0,0.0,167317376.0,32171960.0,2772368.5,4403384.5,18037860.0,692109.375,1556880.0,1
1789486626.305576,music,274,32,1728396.625,17848808.0,354935232.0,418246848.0,3842686.75,19028200.0,60497232.0,160949728.0,21653244.0,552321728.0,227836688.0,119254872.0,27425204.0,10193007.0,11630520.0,3771619.5,1
1789486626.365516,music,273,18,1186892.0,0.0,2257278.5,0.0,4272438.5,0.0,0.0,0.0,1298221.125,456236320.0,161538704.0,1761670.75,786661.9375,25810080.0,3451028.0,1539004.125,1
1789486626.4299724,music,273,18,33182668.0,27439780.0,46285412.0,0.0,6634783.0,0.0,0.0,0.0,681344.1875,462775904.0,175300848.0,0.0,5031587.0,50517724.0,546973.1875,1503384.25,1
1789486626.4800658,music,273,25,13688372.0,9373541.0,27198932.0,25538202.0,1180980.875,4312592.0,706826944.0,0.0,1756045.5,457502272.0,0.0,517643.125,5237759.0,393311584.0,1048027.5,371497.375,1
1789486626.5295155,music,273,18,19591864.0,4066668.75,142460816.0,129662576.0,6342449.5,14634589.0,0.0,77687064.0,4350123.0,10345680.0,0.0,1275222.5,0.0,0.0,461728.0,257798.53125,1
1789486626.5751338,music,281,26,33810820.0,493417.0625,116539704.0,92692584.0,2132744.5,9253228.0,214514976.0,73829984.0,3922983.75,240876992.0,82405456.0,0.0,0.0,0.0,4939498.0,1127527.625,1
1789486626.6396973,music,281,21,90360544.0,6165962.5,61015508.0,29724876.0,22752740.0,0.0,338037568.0,188152352.0,8781178.0,380378368.0,0.0,0.0,0.0,50642736.0,14266838.0,0.0,1
1789486626.6855137,music,278,23,28951084.0,0.0,31659178.0,59333104.0,4547093.5,9814200.0,80685104.0,134009336.0,15851545.0,396892960.0,1501269.0,466574.71875,0.0,0.0,1029637.375,2178135.0,1
1789486626.749667,music,276,28,10783661.0,7459500.0,250148064.0,213413568.0,3807007.75,2733151.5,0.0,117566384.0,4527176.0,2101052.5,957134.3125,993550.25,17693512.0,168703456.0,2011832.5,1590475.0,1
1789486626.8159397,music,276,23,24431290.0,9547696.0,167708928.0,0.0,1659081.875,0.0,0.0,125506768.0,26259536.0,345406912.0,0.0,3504505.75,25345798.0,138390976.0,972462.25,2510291.0,1
1789486626.9716554,music,281,17,15701393.0,0.0,14059898.0,44929144.0,1378780.125,1683152.125,14181846.0,9857032.0,2780473.75,10494697.0,482009.5,529195.75,0.0,0.0,2256825.0,2623924.0,1
1789486627.0381691,music,257,16,4299806.0,8807148.0,27432308.0,65997948.0,0.0,0.0,0.0,0.0,0.0,0.0,20308830.0,1709985.0,702003.0,2558652.75,144448.421875,258312.03125,1
1789486627.039233,music,319,6,0.0,0.0,0.0,0.0,0.0,1579578.125,506483168.0,1310846.125,0.0,0.0,0.0,0.0,0.0,0.0,0.0,734430.9375,1
1789486627.3205898,music,257,28,12918294.0,4813795.0,6544127.5,11126519.0,35814352.0,49111232.0,50213928.0,41222880.0,0.0,133163208.0,31278318.0,335812224.0,186558624.0,654119424.0,97869848.0,99333648.0,1
1789486627.8899207,music,255,14,5849004.0,0.0,0.0,90407056.0,82906064.0,475837.5625,0.0,0.0,0.0,49203640.0,14335665.0,0.0,43649.0703125,3736902.0,0.0,569696.625,1
1789486627.9495907,music,255,17,11272266.0,0.0,5477321.0,46872704.0,70868944.0,0.0,0.0,0.0,400060.21875,211841.6875,0.0,384721.75,0.0,1420418.0,139163.5,290925.9375,1
1789486627.9982607,music,256,11,0.0,0.0,0.0,87575328.0,133366488.0,1179390.5,4724115.0,0.0,91201.71875,0.0,884661.0625,0.0,0.0,1296244.625,30197.921875,0.0,1
1789486628.0679185,music,256,23,41338408.0,1357422.875,984076.5,42663640.0,80391472.0,10923.54296875,4658021.0,0.0,1153285.0,11259373.0,6314989.5,296022.0625,47173.3515625,918215.6875,409264.9375,1238875.25,1
1789486628.1175299,music,257,22,32619960.0,2243923.5,119665808.0,844304384.0,3822609.5,0.0,8797274.0,439268.1875,0.0,4998512.0,821947.75,3825110.5,14278134.0,20209308.0,7246729.0,11724855.0,1
1789486628.3028646,music,256,29,11930662.0,46820716.0,122478224.0,72798784.0,20580196.0,51582172.0,18653464.0,11755040.0,0.0,28000832.0,78619808.0,672088384.0,168545248.0,45770688.0,6375862.0,3552036.5,1
1789486628.367388,music,256,14,77593464.0,0.0,79095992.0,51330512.0,12141495.0,0.0,0.0,0.0,0.0,0.0,2234885.75,995365760.0,0.0,0.0,1490073.25,1956998.0,1
1789486628.4145846,music,269,16,0.0,0.0,138759152.0,130455808.0,46104156.0,40461360.0,0.0,1928671.25,742392.5,7368696.5,1038330.375,1233160192.0,0.0,606988.8125,0.0,865034.25,1
1789486628.4809592,music,258,30,104417976.0,6477299.0,108570088.0,133171520.0,205768384.0,8865628.0,0.0,20791616.0,4631924.5,84752248.0,35715080.0,564994304.0,168587856.0,40741352.0,11558768.0,6541787.0,1
1789486628.5463498,music,260,22,109619520.0,10240074.0,47367996.0,0.0,98416608.0,7098640.0,45972560.0,0.0,2630909.75,0.0,23565236.0,849909120.0,68335232.0,0.0,13396156.0,13867624.0,1
1789486628.611196,music,260,18,424211520.0,0.0,0.0,0.0,14397640.0,12848348.0,0.0,0.0,0.0,6660282.5,16649008.0,306146112.0,16095872.0,395053.40625,1690592.25,4708110.5,1
1789486628.6603374,music,248,17,111086568.0,0.0,1686807.125,0.0,21211400.0,0.0,0.0,2461612.25,0.0,2246549.5,28534264.0,298794624.0,18809328.0,6050624.0,2498377.5,11309114.0,1
1789486628.7246702,music,253,25,53491760.0,0.0,0.0,36844556.0,0.0,10075033.0,121038432.0,25254234.0,6627186.0,14067387.0,26003586.0,41423496.0,160130096.0,155179136.0,125763632.0,508005696.0,1
1789486628.7890792,music,251,26,100804064.0,0.0,16017666.0,30431094.0,114832016.0,46083552.0,170430944.0,22643984.0,4224026.5,17587472.0,32961330.0,374939584.0,40479648.0,3760773.25,483613344.0,477063296.0,1
1789486628.8527036,music,251,25,64891496.0,0.0,156148000.0,237124368.0,53791512.0,6215938.0,19623886.0,9835059.0,13829186.0,59661512.0,176671296.0,253791584.0,0.0,498988576.0,128779448.0,0.0,1
1789486628.8986459,music,244,16,542758912.0,0.0,55080356.0,108715744.0,0.0,3129572.75,0.0,4036399.75,0.0,5899360.5,0.0,0.0,14535464.0,135379712.0,0.0,14236427.0,1
1789486628.9619336,music,249,15,339972256.0,1382983.0,0.0,0.0,0.0,793809.875,46350320.0,0.0,373451.46875,18468880.0,6420757.0,0.0,0.0,0.0,12818450.0,42938160.0,1
1789486629.0258663,music,254,20,171669856.0,0.0,9827293.0,10313909.0,16716387.0,0.0,104808096.0,5184773.5,1564524.875,1982004.375,3169830.25,396943168.0,0.0,0.0,6799666.0,8545128.0,1
1789486629.0896056,music,244,29,252444848.0,515869.1875,7369399.0,0.0,50019816.0,2840227.0,19880308.0,103445.7734375,1216424.75,6814883.0,11021391.0,499823104.0,8793207.0,34968824.0,17179058.0,18781456.0,1
1789486629.1532686,music,251,19,149296768.0,0.0,20654928.0,263918176.0,287874528.0,14339475.0,0.0,0.0,0.0,286620.6875,728010.625,93312320.0,0.0,5068204.5,948433.0,10965024.0,1
1789486629.2173262,music,251,32,104670656.0,0.0,475134976.0,733014912.0,175604880.0,6812760.5,341164800.0,1302630.625,1051156.0,21948370.0,19840848.0,159974912.0,8499502.0,75955088.0,18584150.0,11134893.0,1
1789486629.26686,music,250,19,44583388.0,0.0,262774544.0,0.0,1689098.0,6258210.0,53494128.0,0.0,1464550.125,10455153.0,2129490.75,73577776.0,8327009.5,33216130.0,36003000.0,37753800.0,1
1789486629.3308475,music,248,30,49066396.0,0.0,230293136.0,277392672.0,64385836.0,107002696.0,509241152.0,99963552.0,28860608.0,1952170112.0,1008744064.0,529261472.0,109955208.0,1323566464.0,398293952.0,90379856.0,1
1789486629.39495,music,243,22,824992384.0,125375536.0,187798304.0,234021968.0,17627884.0,0.0,209102560.0,0.0,1686558.25,698386816.0,309295360.0,11592470.0,0.0,0.0,0.0,7164569.0,1
1789486629.4587038,music,246,18,0.0,0.0,0.0,96152304.0,17148394.0,5000102.5,0.0,0.0,667154.875,1674304384.0,655408704.0,126111584.0,0.0,115272528.0,30101584.0,459215.46875,1
1789486629.5222547,music,248,23,438814368.0,72328736.0,0.0,292849824.0,41323580.0,8213633.0,0.0,533321.4375,437159.40625,124001544.0,3156060.0,115152440.0,3314474.75,24985668.0,8441807.0,1520564.375,1
1789486629.5858939,music,245,22,714732096.0,189442656.0,20339548.0,0.0,2325565.75,2190438.0,0.0,3857546.5,599269.8125,351035.03125,1065026.625,2944797.5,1279619.5,9046447.0,6256704.0,3305981.25,1
1789486629.6494386,music,243,21,527738560.0,47898748.0,0.0,8631786.0,6932788.0,0.0,13345956.0,0.0,518339.40625,374352928.0,187349632.0,1718907.125,0.0,883581.1875,2671802.25,2340260.75,1
1789486629.7298431,music,242,19,270461248.0,73902448.0,3312433.25,16897972.0,5602807.5,7796587.5,0.0,0.0,3562920.25,0.0,0.0,26279282.0,2576036.5,3428867.5,1619341.125,1390505.375,1
1789486629.7886367,music,243,18,579128960.0,184323856.0,0.0,0.0,0.0,0.0,0.0,3467054.5,4957108.0,19888464.0,0.0,3090048.75,379462.5,0.0,6270793.0,4163872.0,1
1789486629.852261,music,254,22,75722808.0,898755968.0,374729248.0,15237312.0,3713330.5,0.0,739488128.0,0.0,2155640.5,1216608.75,53974588.0,10184469.0,1556076.625,286739.25,11004041.0,21204488.0,1
1789486629.9165926,music,253,24,37920752.0,0.0,19633740.0,13408697.0,6006288.0,1834048.25,441683040.0,0.0,368604.125,59298328.0,22351360.0,63752512.0,0.0,9191203.0,11679020.0,8002496.0,1
1789486629.981542,music,260,30,88018856.0,0.0,88333368.0,101593600.0,4075921.5,9692243.0,1154024960.0,5213880.0,3634154.0,506185376.0,161793072.0,47297252.0,3597532.0,3351879.75,9983569.0,2358850.75,1
1789486630.0457125,music,258,23,42558472.0,0.0,0.0,28534734.0,72401144.0,14831172.0,914599040.0,167331.640625,2896091.75,1857901.25,1124655.375,0.0,503994.75,1006860.9375,2482578.75,9802026.0,1
1789486630.1108334,music,260,26,76533232.0,0.0,26337224.0,211326320.0,30224512.0,33712328.0,286736704.0,0.0,11578269.0,285359712.0,123865736.0,151440624.0,11351856.0,388617568.0,0.0,61933256.0,1
1789486630.1759446,music,258,22,76086264.0,0.0,0.0,388380992.0,344002944.0,51234148.0,197617392.0,840161.25,12374837.0,20437200.0,26676234.0,281369952.0,0.0,0.0,3508141.75,8378648.5,1
1789486630.2413225,music,259,24,48715208.0,0.0,50743844.0,535999552.0,393900352.0,7328250.0,124835280.0,8672354.0,2066716.0,149173232.0,0.0,125199448.0,6092975.0,0.0,28309364.0,8677214.0,1
1789486630.3064988,music,259,22,82692664.0,0.0,7492656.0,0.0,17828278.0,1902720.875,194875104.0,5536238.0,19495276.0,102187008.0,14267247.0,6694141.5,3581635.0,7970485.0,0.0,2102857.5,1
1789486630.3528032,music,261,19,24042784.0,0.0,63819584.0,0.0,65699840.0,15155871.0,673082688.0,50205412.0,0.0,30179040.0,3867573.5,64072312.0,0.0,0.0,0.0,8924894.0,1
1789486630.4175818,music,261,28,205733888.0,0.0,12086422.0,7888930.0,51487128.0,4889457.5,176270896.0,237795104.0,30394964.0,187751360.0,68116560.0,24976840.0,0.0,23720450.0,4275230.0,2536550.25,1
1789486630.468416,music,249,21,0.0,0.0,22933846.0,7410659.0,25239756.0,0.0,36879200.0,295355456.0,57501376.0,288994.15625,500724.625,22841392.0,0.0,12623472.0,561246.0,3470357.5,1
1789486630.5323179,music,246,27,3457659.5,21999188.0,40679172.0,0.0,3622934.5,9765561.0,26904192.0,884500416.0,163689696.0,43028888.0,20932444.0,50314556.0,86027.2890625,17278348.0,991620.0,508767.90625,1
1789486630.5973601,music,246,22,429839232.0,0.0,0.0,34864508.0,1089143.5,5067466.0,26416976.0,39195552.0,0.0,73213392.0,29848944.0,3146820.0,0.0,5029084.5,1027156.8125,825001.0,1
1789486630.6426113,music,240,26,29911266.0,9703988.0,21357522.0,8293505.0,17479690.0,734782.75,23973224.0,252551392.0,41260200.0,99476928.0,25807938.0,4988025.5,931973.375,4373129.0,0.0,2032167.625,1
1789486630.8090763,music,236,28,35742804.0,178409424.0,237318336.0,38003668.0,72786208.0,58531220.0,111232144.0,54325980.0,0.0,14808507.0,16629162.0,40887752.0,14420563.0,16446624.0,11848874.0,1014006.0,1
1789486630.879681,music,236,9,0.0,0.0,0.0,0.0,0.0,0.0,44351192.0,40655888.0,0.0,2596617.5,657433.125,2021901.625,0.0,34011916.0,0.0,0.0,1
1789486630.9267845,music,224,14,0.0,0.0,0.0,90935.9453125,0.0,646519.0625,20307108.0,0.0,931073.6875,16775482.0,10680200.0,2776036.0,0.0,2407119.25,1228643.125,1109213.5,1
1789486630.9902449,music,236,8,333599.875,1827222.875,0.0,0.0,0.0,228588.890625,85714008.0,0.0,0.0,0.0,1936103.0,8877194.0,0.0,0.0,0.0,0.0,1
1789486631.0646796,music,236,9,0.0,0.0,0.0,0.0,4670547.0,2317817.0,43459212.0,0.0,0.0,0.0,578954.4375,3506745.75,0.0,0.0,0.0,0.0,1
1789486631.0658042,music,193,8,62404684.0,6619211.5,5423937.0,0.0,0.0,0.0,0.0,0.0,0.0,0.0,0.0,0.0,295455.625,498144.6875,0.0,0.0,1
1789486631.187616,music,196,19,0.0,0.0,51601132.0,10309756.0,120096512.0,126218120.0,136756832.0,21182794.0,0.0,0.0,8406915.0,6502352.0,8015856.0,29591830.0,123248696.0,0.0,1
1789486631.2480686,music,207,15,0.0,0.0,8949160.0,0.0,60464816.0,312384576.0,193555936.0,0.0,0.0,0.0,5835994.0,22738660.0,14699078.0,86552048.0,23681012.0,0.0,1
1789486631.3123734,music,223,7,0.0,0.0,0.0,0.0,257270496.0,163120016.0,165406464.0,0.0,0.0,0.0,0.0,21789600.0,0.0,0.0,0.0,0.0,1
1789486631.3741755,music,186,13,52275900.0,16964754.0,29678834.0,254814656.0,315479264.0,0.0,0.0,0.0,0.0,12716165.0,0.0,83408544.0,13228074.0,0.0,0.0,0.0,1
1789486631.4365551,music,189,6,0.0,0.0,0.0,0.0,2957438.5,0.0,6437632.5,0.0,0.0,0.0,0.0,0.0,1171508.0,28734780.0,0.0,0.0,1
1789486631.5012836,music,193,20,5837309.0,0.0,7935126.0,0.0,65056216.0,5935647.0,1679578.25,0.0,5511588.5,22972772.0,6827374.5,24268816.0,1907594.5,37489840.0,34860144.0,0.0,1
1789486631.5667412,music,198,14,29697644.0,0.0,0.0,0.0,1240065.125,377974.53125,54912720.0,0.0,0.0,0.0,0.0,96387984.0,6077437.5,7370044.5,41130624.0,0.0,1
1789486631.6321838,music,196,11,14510042.0,18200810.0,0.0,0.0,0.0,0.0,0.0,0.0,0.0,2384182.0,0.0,40263924.0,765165.1875,43193992.0,0.0,0.0,1
1789486631.7087007,music,198,12,0.0,455038.0,0.0,0.0,0.0,18716142.0,0.0,0.0,0.0,0.0,84366.890625,30684488.0,478169.3125,33431336.0,7243485.0,0.0,1
1789486631.7732487,music,191,6,0.0,0.0,0.0,0.0,0.0,0.0,7187005.0,0.0,0.0,1511590.75,0.0,10582624.0,0.0,17986484.0,0.0,0.0,1
1789486631.8375547,music,198,15,0.0,0.0,7352489.0,0.0,26931128.0,2412217.0,69206320.0,0.0,3584112.0,0.0,0.0,4804392.5,2249073.75,9410266.0,0.0,0.0,1
1789486631.9029841,music,191,11,0.0,0.0,11378206.0,0.0,0.0,18121916.0,59497476.0,0.0,17854656.0,0.0,1386864.875,11759767.0,1783556.375,1337839.5,0.0,0.0,1
1789486631.9663877,music,196,14,28634354.0,0.0,2514113.75,4961740.5,3243532.25,22279628.0,211167744.0,0.0,5218472.0,0.0,0.0,26954608.0,0.0,0.0,2398276.5,0.0,1
1789486632.032189,music,193,14,141164832.0,40722972.0,7221057.0,13908318.0,0.0,0.0,27459386.0,22649184.0,0.0,836375.625,0.0,15435744.0,934167.375,1483865.5,0.0,0.0,1
1789486632.0965185,music,195,13,124258728.0,0.0,0.0,0.0,0.0,1879181.0,40495552.0,0.0,0.0,7217665.0,0.0,1515712.875,571758.5,20050196.0,2374143.75,0.0,1
1789486632.1605878,music,173,17,58721432.0,0.0,106626.96875,14538510.0,16885246.0,0.0,0.0,32880440.0,1547154.25,604836.4375,1005717.125,10011424.0,2607205.0,191254624.0,55102120.0,400173.5625,1
1789486632.22596,music,187,14,104043232.0,0.0,5603926.0,120752.65625,169495.46875,246496.171875,42163008.0,0.0,0.0,0.0,0.0,163185952.0,9513970.0,0.0,0.0,6059417.0,1
1789486632.28963,music,173,22,113750224.0,0.0,0.0,0.0,1621807.5,3151366.5,76618120.0,31474992.0,8170583.0,13026378.0,8759232.0,59239952.0,13554802.0,771034240.0,336238688.0,0.0,1
1789486632.3544338,music,175,14,19454092.0,0.0,0.0,83393368.0,171347344.0,0.0,49884204.0,0.0,0.0,2295451.25,1547948.25,95769408.0,1933129.625,48423680.0,0.0,0.0,1
1789486632.4185696,music,182,21,170652224.0,38789388.0,2018898.75,0.0,956496.0,919801.5,75850120.0,0.0,0.0,36744352.0,597409.5625,779710016.0,0.0,63129220.0,22590374.0,2180313.25,1
1789486632.483148,music,179,14,13238931.0,25407500.0,698625.1875,0.0,0.0,0.0,0.0,0.0,0.0,0.0,2590810.0,904697024.0,3818426.0,50742528.0,11493588.0,0.0,1
1789486632.5483203,music,183,20,133199584.0,58776392.0,0.0,0.0,20150774.0,7426407.5,210993712.0,0.0,7769724.0,51903216.0,0.0,115565912.0,3558719.5,9571877.0,9749327.0,0.0,1
1789486632.7730412,music,185,17,108751776.0,0.0,1427613.75,0.0,63650348.0,836651.125,68046816.0,0.0,0.0,0.0,0.0,57276120.0,13301848.0,44075436.0,22754478.0,0.0,1
1789486632.8334622,music,186,19,150564464.0,53053420.0,0.0,63315192.0,71771008.0,28986200.0,0.0,39991956.0,0.0,4560956.0,422435.0,11925235.0,9898125.0,30997132.0,24733562.0,0.0,1
1789486632.8979678,music,186,20,167630704.0,24476548.0,47592248.0,0.0,4478215.5,2980279.5,35153372.0,0.0,0.0,415342.28125,3247021.5,15030233.0,11769902.0,95676064.0,23325488.0,0.0,1
1789486632.947456,music,186,10,68827584.0,16844108.0,0.0,0.0,4357946.5,0.0,71711600.0,0.0,0.0,0.0,0.0,3162401.25,0.0,4676879.5,2218501.25,0.0,1
1789486632.9965975,music,171,13,0.0,40121476.0,140180992.0,949426.625,0.0,10250170.0,0.0,0.0,0.0,864298.375,0.0,8675236.0,0.0,19405812.0,1436754.375,0.0,1
1789486633.0602193,music,171,16,80497440.0,138296768.0,323147744.0,8817085.0,36057320.0,2086406.5,0.0,0.0,0.0,0.0,0.0,8630702.0,6234992.5,2040656.5,2371925.75,0.0,1
1789486633.106066,music,182,18,89194208.0,38438200.0,64031020.0,2106004.5,286803328.0,38077056.0,0.0,50282640.0,17286740.0,0.0,0.0,8701333.0,1342343.5,5394260.5,1150468.875,0.0,1
1789486633.1707137,music,182,20,62382668.0,58885812.0,111486376.0,5296148.5,8995068.0,28213956.0,13794058.0,7862239.0,0.0,0.0,16696348.0,101993128.0,0.0,35908512.0,0.0,6136345.0,1
1789486633.220307,music,182,16,21661856.0,65457568.0,0.0,0.0,0.0,43127160.0,10944150.0,0.0,0.0,0.0,0.0,80595008.0,37830436.0,23601324.0,6177007.5,0.0,1
1789486633.266286,music,182,14,1701966.25,0.0,37071204.0,0.0,15306780.0,15486503.0,0.0,38565176.0,3174040.75,0.0,0.0,0.0,0.0,34475524.0,2564156.25,0.0,1
1789486633.3156013,music,179,21,10438329.0,0.0,46613660.0,20983820.0,8283119.0,120429736.0,85520128.0,100034624.0,0.0,0.0,193469520.0,192534112.0,7901686.5,1182065536.0,366246720.0,24048652.0,1
1789486633.3795323,music,179,9,4033633.5,38977192.0,56214556.0,0.0,89691208.0,7774585.0,0.0,0.0,0.0,1712300.375,0.0,0.0,0.0,5123834.5,0.0,0.0,1
1789486633.424896,music,180,17,43226128.0,5198972.0,0.0,0.0,194680672.0,37972092.0,1139457.5,118630784.0,12079882.0,0.0,78077184.0,0.0,0.0,57657872.0,0.0,0.0,1
1789486633.4892058,music,180,10,14184726.0,0.0,0.0,0.0,0.0,3505658.0,0.0,0.0,0.0,2010190.75,0.0,6863547.0,2360399.25,1021344.4375,1525181.0,0.0,1
1789486633.538705,music,180,10,5748176.0,0.0,0.0,0.0,19001344.0,0.0,7679591.5,2987767.25,0.0,3948742.5,0.0,0.0,0.0,0.0,1036514.9375,3946220.0,1
1789486633.5839245,music,172,16,32384628.0,28078912.0,21553438.0,0.0,66801564.0,5923782.0,0.0,0.0,2769147.0,0.0,0.0,527563.25,2328827.75,10743336.0,0.0,0.0,1
1789486633.6479096,music,177,17,43648192.0,0.0,0.0,0.0,26028552.0,13763798.0,0.0,51070500.0,8737250.0,0.0,0.0,17598910.0,0.0,17473912.0,723797.875,0.0,1
1789486633.8185256,music,189,12,19878770.0,15822587.0,0.0,0.0,4586463.5,4548325.0,322430176.0,0.0,0.0,0.0,0.0,20588608.0,1798829.0,0.0,0.0,0.0,1
1789486633.8834145,music,187,10,20147928.0,0.0,0.0,0.0,2227565.25,203775.328125,191883328.0,0.0,0.0,0.0,0.0,973454.625,178115.703125,0.0,0.0,0.0,1
1789486634.0084631,music,174,14,6161976.0,2025959.0,7640536.0,0.0,41222524.0,0.0,0.0,0.0,0.0,0.0,504826.15625,2393240.75,0.0,1822628.75,8491631.0,9391976.0,1
1789486634.0738332,music,185,11,16429117.0,0.0,0.0,0.0,3880534.75,265276.65625,28313972.0,0.0,545675.8125,0.0,0.0,0.0,4627056.0,784779.1875,2685858.0,0.0,1
1789486634.1372256,music,157,14,0.0,0.0,286227680.0,402410688.0,18036964.0,8307048.0,38505608.0,0.0,0.0,0.0,0.0,4762005.5,176743.546875,0.0,0.0,0.0,1
1789486634.2010286,music,182,19,9617734.0,4546376.0,0.0,0.0,0.0,2737233.5,236804512.0,324485472.0,594909.875,448373.15625,162149.390625,1061168.375,5105325.5,32998136.0,0.0,0.0,1
1789486634.2663388,music,182,17,9467174.0,6279874.5,9953509.0,0.0,870529.1875,0.0,189380720.0,29086350.0,4222647.0,0.0,188163.8125,2716870.5,2375965.25,53675724.0,0.0,0.0,1
1789486634.3124719,music,177,16,18657660.0,5777699.0,17269236.0,0.0,0.0,19031160.0,0.0,168829632.0,0.0,0.0,0.0,5530446.0,5158817.0,21235926.0,1423647.875,0.0,1
1789486634.3768585,music,186,6,0.0,0.0,0.0,0.0,0.0,4215707.0,395056704.0,0.0,0.0,0.0,0.0,0.0,0.0,0.0,6100318.5,3796096.25,1
1789486634.4413753,music,178,8,0.0,0.0,3894798.0,0.0,0.0,9260955.0,199866480.0,0.0,0.0,0.0,0.0,0.0,0.0,34294016.0,7834123.0,0.0,1
1789486634.5059924,music,186,9,7359499.0,0.0,0.0,0.0,1341936.875,12291721.0,0.0,23890204.0,0.0,0.0,0.0,0.0,3136492.5,29653122.0,786856.8125,0.0,1
1789486634.5713406,music,184,9,0.0,3389399.75,0.0,0.0,1256129.625,0.0,0.0,200030432.0,0.0,0.0,0.0,0.0,3266915.25,15758552.0,1111424.375,0.0,1
1789486634.6355653,music,182,17,20349236.0,6869015.5,16281890.0,0.0,0.0,186675.203125,2203631.0,305195712.0,11990977.0,0.0,0.0,4516792.0,2611869.5,57019664.0,397330.0625,0.0,1
1789486634.6996598,music,179,13,0.0,6052044.0,10906470.0,0.0,93555.3359375,0.0,309369408.0,143122656.0,7318017.0,351547.0625,0.0,1220837.25,0.0,0.0,0.0,0.0,1
1789486634.7636724,music,179,13,3272694.75,968073.875,858131.125,0.0,0.0,1832128.375,0.0,93379456.0,8425767.0,0.0,0.0,4364555.0,437334.65625,474278.3125,1045911.5625,0.0,1
1789486634.8139403,music,181,7,0.0,0.0,0.0,0.0,0.0,0.0,8600719.0,35458992.0,3685182.75,0.0,4533488.0,0.0,0.0,3188905.25,1022180.875,0.0,1
1789486634.8781137,music,181,3,0.0,0.0,0.0,0.0,0.0,0.0,13204764.0,0.0,0.0,0.0,0.0,0.0,814853.9375,11795536.0,0.0,0.0,1
1789486634.9238884,music,191,7,14472041.0,0.0,0.0,0.0,516761.3125,0.0,11164573.0,151967776.0,0.0,675979.9375,0.0,0.0,0.0,0.0,334083.8125,0.0,1
1789486634.9986298,music,157,11,850512.375,0.0,0.0,0.0,467676.5625,42457732.0,0.0,0.0,0.0,1712195.0,0.0,0.0,847264.875,7851820.0,1231494.75,3698854.5,1
1789486635.3072245,music,98,16,0.0,0.0,0.0,19876888.0,12289872.0,81306480.0,0.0,0.0,0.0,0.0,116752984.0,85975024.0,33997048.0,320164288.0,65602812.0,1735558.0,1
1789486636.005209,music,67,31,95024496.0,18192262.0,42281400.0,14805618.0,7037324.0,2829319.5,11008743.0,2678355.25,116432.1796875,14761068.0,17356094.0,1448387.125,2664814.25,143784560.0,169949824.0,30971948.0,1
1789486636.0656989,music,68,20,62709392.0,0.0,0.0,0.0,359356704.0,8941335.0,111179248.0,669969.875,226666.9375,3350178.5,0.0,703070.4375,15857385.0,36950760.0,0.0,8048017.0,1
1789486636.2281833,music,73,21,7457080.0,0.0,3064053.25,0.0,5944629.0,2204139.5,35347092.0,0.0,724423.25,61501104.0,17142994.0,1396224.0,1273200.25,0.0,1020931.9375,0.0,1
1789486636.2929554,music,69,27,49538684.0,0.0,0.0,7801954.0,22829192.0,3589857.0,30796304.0,763475.0625,562906.0,13394086.0,531915.75,9722486.0,535853.5,38384408.0,716021.25,844752.125,1
1789486636.3556921,music,57,19,0.0,4972748.0,0.0,142913408.0,112104880.0,425210.125,22134048.0,294592.15625,0.0,3520447.5,3198703.25,922670784.0,7625534.5,1663354.0,125029.7265625,0.0,1
1789486636.4187799,music,58,26,158769200.0,2516669.0,85811040.0,137643040.0,69734224.0,5122121.5,40448920.0,441232.15625,0.0,12630634.0,7035461.5,1760937856.0,18567572.0,27502402.0,243426.40625,1261465.0,1
1789486636.4820237,music,58,25,0.0,1587727.25,65961484.0,94930256.0,31834432.0,481824.25,17175380.0,309899.15625,218420.53125,0.0,1974782.75,931053376.0,8343707.0,14758964.0,87597.796875,754025.1875,1
1789486636.5441015,music,58,25,17931394.0,8184230.5,0.0,22591540.0,16976978.0,6660636.0,103336232.0,4915390.0,846359.375,638880.125,1073779.25,266374400.0,1496093.25,9176664.0,638569.6875,8180562.0,1
1789486636.5893292,music,55,25,7126268.0,5603859.0,203276.546875,45874020.0,156382032.0,2435122.25,65906056.0,4123820.0,0.0,263670.75,0.0,933205568.0,1924831.25,12650021.0,702208.5,2520221.0,1
1789486636.6519568,music,55,14,0.0,62562632.0,69503104.0,32523712.0,41594376.0,0.0,10938308.0,0.0,0.0,0.0,0.0,0.0,0.0,7235501.5,2648353.5,20079760.0,1
1789486636.697801,music,87,11,405724288.0,628799.875,1234013.125,0.0,0.0,1248940.0,0.0,0.0,48570.39453125,0.0,0.0,0.0,2811063.5,5109502.5,1947217.75,0.0,1
1789486636.7659788,music,63,29,20919576.0,6964617.0,707957.5625,23334380.0,80417232.0,0.0,1551449.625,3132270.0,411881.375,1598563.5,1231178.25,152378112.0,6147959.0,19819358.0,366489728.0,272035648.0,1
1789486636.8273993,music,87,15,355322944.0,0.0,6852915.0,40673496.0,122999984.0,21196360.0,0.0,4647313.5,4492332.0,247924.109375,0.0,0.0,0.0,954512.0,0.0,0.0,1
1789486636.8905115,music,60,30,404180352.0,106313.625,28977356.0,542340928.0,697561664.0,4641046.0,441973.3125,965400.75,511848.125,2023051.0,3141542.25,1189255936.0,5255897.5,1702211.75,41087984.0,385999520.0,1
1789486637.0191724,music,51,31,430840448.0,684886.125,38381848.0,239314336.0,346661408.0,4804723.0,335320.625,7389206.5,667530.6875,315207.78125,4541397.0,611322624.0,4420093.5,345338.9375,5785679.0,104599488.0,1
1789486637.0777123,music,53,27,4671574.5,253206.484375,27297242.0,54120128.0,17892190.0,916216.0,228753.21875,5562651.0,3464088.75,0.0,2377611.5,205475232.0,244421.78125,1801599.625,3651489.0,19487072.0,1
1789486637.140096,music,57,28,202087728.0,0.0,1634481.375,149195152.0,264292320.0,1001378.125,0.0,616347.8125,1399048.5,3751976.5,22415264.0,282832576.0,950708.625,667711.75,20758210.0,43016840.0,1
1789486637.2030463,music,60,27,103692392.0,0.0,0.0,202035104.0,394295200.0,3215003.0,48837728.0,2592478.5,7821459.5,6795095.5,2506817.5,183960432.0,375551.5625,606426.8125,2581546.5,23841820.0,1
1789486637.2662416,music,53,24,0.0,0.0,0.0,125985480.0,154252768.0,716663.5,18122294.0,2539427.75,534691.875,2574675.0,4810326.0,367190368.0,842974.5,1695822.5,3165246.5,2244514.0,1
1789486637.3287365,music,53,29,6315609.0,1526749.75,3997802.5,165752096.0,264861712.0,69369528.0,89454224.0,7521117.0,0.0,8032395.0,120260616.0,2651766784.0,614401856.0,348864224.0,163425568.0,64842680.0,1
1789486637.3766165,music,51,17,853708160.0,160016048.0,6052539.0,30976940.0,57139924.0,0.0,0.0,0.0,648516.3125,0.0,0.0,1566503936.0,0.0,0.0,0.0,6981464.0,1
1789486637.438478,music,46,25,94945376.0,0.0,1388800.25,133885712.0,196419424.0,1262481.75,3851777.5,795709.5,804134.125,3815366.75,3235269.5,2688962048.0,2969956.0,2424565.5,4082703.0,8159851.0,1
1789486637.4994543,music,44,26,451584576.0,110330312.0,13353848.0,178696192.0,248196784.0,7525196.0,0.0,390441.71875,3840300.5,1263347.375,301750.25,2284311296.0,3550160.5,145560.0,465088.6875,0.0,1
1789486637.5609272,music,42,32,1231100416.0,194583552.0,201744512.0,22712546.0,117235096.0,0.0,14966474.0,944242.5625,832023.1875,13856910.0,3823686.0,996206336.0,40325180.0,13106593.0,23280632.0,227555.84375,1
1789486637.6220403,music,61,19,650939328.0,90379360.0,1323092.625,0.0,398475488.0,2092290816.0,0.0,0.0,1754836.0,9921902.0,2135715.25,0.0,2817054.0,0.0,0.0,576099.625,1
1789486637.6814778,music,66,12,323040960.0,0.0,0.0,0.0,343141536.0,2131076480.0,0.0,0.0,0.0,6890243.0,4397805.5,6775310.0,394460.4375,183939.71875,0.0,0.0,1
1789486637.7451043,music,57,23,439969472.0,119775760.0,0.0,72774648.0,165512064.0,1509284608.0,1224618.0,130455.34375,230238.796875,25759528.0,1652776.125,121958240.0,1707192.125,345024.25,0.0,2181186.0,1
1789486637.8075242,music,40,35,773635584.0,623652288.0,198714352.0,53299180.0,222473616.0,162321584.0,4207741.5,661651.375,2470206.75,36308916.0,23734176.0,558291904.0,81631872.0,716804672.0,3952579072.0,117175264.0,1
1789486637.8691835,music,39,25,53851024.0,495783424.0,13006959.0,15797199.0,14210760.0,128799488.0,2056163.375,78294.546875,622893.5625,4221357.0,1017745.75,79188504.0,0.0,146596128.0,2601355520.0,20331848.0,1
1789486637.9302428,music,37,27,0.0,66552872.0,5672056.0,62585132.0,143260800.0,1495656960.0,8844809.0,1892879.75,6372613.5,7849442.0,0.0,250786208.0,5223701.0,487562624.0,5002980352.0,25416608.0,1
1789486637.9923263,music,39,25,26588230.0,602277632.0,0.0,124590160.0,296826432.0,601140160.0,18933036.0,958178.6875,1136684.5,5588906.0,0.0,37909996.0,7001487.0,80446000.0,621361792.0,29703768.0,1
1789486638.0543835,music,39,29,113895456.0,519700608.0,207684080.0,248314528.0,103035536.0,46938008.0,932503936.0,0.0,18169484.0,4627151.5,53702272.0,61692364.0,8093311.5,100603680.0,325043328.0,72420288.0,1
1789486638.104865,music,40,26,29248396.0,481101696.0,316277408.0,205090592.0,40318916.0,58382132.0,925702912.0,0.0,3716367.75,8003945.0,27219200.0,44985264.0,6980963.0,114558368.0,391341504.0,25023496.0,1
1789486638.1679761,music,52,27,213954592.0,0.0,4846347.5,0.0,42607640.0,173448320.0,428905184.0,10012786.0,24067484.0,0.0,26153188.0,82936936.0,21949516.0,233385328.0,487426912.0,19333900.0,1
1789486638.2306397,music,43,31,81459904.0,122088352.0,37585144.0,9869292.0,41201372.0,50044400.0,69109856.0,2298861.5,10276184.0,89031384.0,127181376.0,17496096.0,9005512.0,568557696.0,137179040.0,10106522.0,1
1789486638.2917094,music,36,25,93815184.0,321839936.0,61129520.0,2283499520.0,1162204544.0,60220000.0,0.0,186257536.0,4755588.5,39043592.0,6399969.5,0.0,0.0,2888119.0,822638336.0,1141395072.0,1
1789486638.350331,music,42,24,30865266.0,676083072.0,374830080.0,825890688.0,3755568.75,10029937.0,89857856.0,60916372.0,2582645.25,931417472.0,287573056.0,153227136.0,0.0,17184610.0,12792092.0,0.0,1
1789486638.413135,music,46,32,1213299456.0,0.0,458063136.0,416810720.0,3537988.0,9798067.0,47602832.0,75833920.0,3728360.0,442496896.0,266412336.0,122797888.0,13267364.0,58187164.0,209457792.0,0.0,1
1789486638.4745452,music,44,30,336613600.0,15953356.0,323152608.0,716544768.0,141149264.0,6175509.0,0.0,23377200.0,7426881.5,998237888.0,298849696.0,4992190.0,5285541.5,28595200.0,152617248.0,2157299.5,1
1789486638.5356019,music,37,32,55654800.0,9020996.0,103292616.0,540611136.0,35847912.0,4667783.0,37210104.0,52175552.0,3889645.0,963494784.0,510262048.0,3145288.5,972299.75,13394639.0,103759632.0,9980110.0,1
1789486638.5986402,music,42,31,325952768.0,20031012.0,73148560.0,67984152.0,153952016.0,175168912.0,99861152.0,22789688.0,26206346.0,6459340.0,84805216.0,762036096.0,269835040.0,999612864.0,88671984.0,160543136.0,1
1789486639.301449,music,28,37,59322960.0,4558414.0,25795860.0,19770064.0,32376572.0,18170692.0,135688368.0,127775072.0,19439780.0,107926672.0,108993680.0,28601260.0,7629073.0,57730768.0,30362642.0,1186337.5,1
1789486639.3597932,music,27,29,139322960.0,170404816.0,27882304.0,18765368.0,78105080.0,17677428.0,27738080.0,89009504.0,8810768.0,28325500.0,17731566.0,1238261504.0,65174808.0,235045472.0,24630988.0,12453714.0,1
1789486639.4233263,music,22,32,81343368.0,21196968.0,42842784.0,190817584.0,443100864.0,7563737.5,381713888.0,0.0,50010312.0,657753088.0,64006352.0,243331680.0,20536562.0,0.0,39019592.0,2121914.0,1
1789486639.5230715,music,22,25,128914576.0,48479368.0,5202511.0,755919232.0,827765760.0,6106770.5,0.0,0.0,0.0,748381632.0,3703556.25,307734432.0,643550.125,5738615.5,4761217.5,0.0,1
1789486639.5680494,music,13,34,126212560.0,118833104.0,272981184.0,336535040.0,80597912.0,19592410.0,59180528.0,0.0,307986080.0,523850528.0,29494782.0,143148736.0,40233904.0,6684583.0,5935152.0,10340436.0,1
1789486639.744907,music,8,32,20414082.0,15843232.0,29185356.0,76369800.0,74353056.0,1997861.625,43256252.0,25371394.0,452663904.0,1280918784.0,42771848.0,183831120.0,2181120.5,14586790.0,794118.9375,1837058.75,1
1789486639.8163364,music,9,35,68518672.0,77419408.0,513614400.0,0.0,24472854.0,28019732.0,447637536.0,519815104.0,87659920.0,91774112.0,120733360.0,21698520.0,1733996.0,72092424.0,15539139.0,5630539.5,1
1789486639.8807995,music,12,29,57151824.0,21380288.0,55119128.0,23643190.0,331064128.0,46247672.0,391444704.0,190702496.0,24492276.0,43939840.0,74136296.0,4889951.5,8076407.0,24433138.0,36896164.0,160915488.0,1
1789486639.9452057,music,9,28,0.0,0.0,38419016.0,638667904.0,608400064.0,75938720.0,111934456.0,64057112.0,124712352.0,385259168.0,11512574.0,119129240.0,9814128.0,112007968.0,43144212.0,0.0,1
1789486640.0091414,music,9,25,175030240.0,8770278.0,30245950.0,953134208.0,652460928.0,17803264.0,403309440.0,0.0,0.0,76332144.0,24440998.0,8268492.0,15417306.0,5497249.0,28890010.0,47583220.0,1
1789486640.0547695,music,8,32,379273984.0,52901120.0,2161807.5,616986880.0,631199488.0,1773264.625,248709552.0,0.0,31027572.0,143510864.0,12160386.0,14924378.0,8803435.0,69966320.0,53075312.0,123300288.0,1
1789486640.131088,music,2,34,236527776.0,248722112.0,16506483.0,22495996.0,36723536.0,312839.5,261814176.0,40411540.0,29954716.0,42017520.0,2170710.0,137592640.0,5594509.5,0.0,332065.375,2524416.0,1
1789486640.2834418,music,4,37,442167104.0,176589424.0,100403216.0,26890202.0,89419456.0,1164795.5,36290128.0,21915882.0,24285026.0,44320892.0,2037555.0,74707616.0,2828594.5,162384640.0,14823752.0,38773600.0,1
1789486640.473069,music,3,31,132279696.0,84821536.0,5317687.5,105337192.0,165044112.0,2890770.75,88030312.0,0.0,23887976.0,268380896.0,7913668.5,333968448.0,3411536.75,133222432.0,691301632.0,72422568.0,1
1789486640.7263503,music,3,28,135838272.0,80331768.0,7440483.0,0.0,11301284.0,6760376.0,0.0,56606904.0,26823736.0,7690039.0,1329818.5,31365366.0,1594987.5,21698024.0,10397644.0,396340.625,1
1789486640.770711,music,1,33,226382560.0,60172344.0,47271804.0,7988861.5,88229024.0,3739623.0,55754144.0,0.0,8962563.0,11817954.0,4514452.0,17520656.0,840706.5,22158310.0,1559769.875,2903838.25,1
1789486640.8344102,music,2,29,276788160.0,37975112.0,520109472.0,39132000.0,13833049.0,39941956.0,28129178.0,36587576.0,0.0,6908082.5,0.0,24207680.0,7016710.0,16328272.0,6657776.0,1092250.0,1
1789486641.3286383,music,3,27,49173632.0,41800352.0,18638966.0,1235522.375,20311490.0,13289430.0,211796912.0,0.0,0.0,4470085.0,19186950.0,182249664.0,33340284.0,40825540.0,111025528.0,49007572.0,1
1789486641.5815928,music,2,34,53748236.0,5001261.5,39907504.0,210781056.0,949790592.0,8847370.0,8910977.0,105736952.0,26343420.0,26480680.0,991092.1875,11299983.0,1134722.75,6667152.5,22709340.0,5914273.0,1
1789486641.6422172,music,2,28,52875536.0,22599074.0,8712163.0,350969568.0,4971488.5,0.0,39398900.0,77483592.0,37443992.0,2436500.5,149115.84375,205526.875,338825.25,3707735.0,5778464.0,3312395.25,1
1789486641.690794,music,3,26,40229088.0,17207298.0,26845128.0,212080320.0,733251840.0,1048678.25,4917430.5,3799228.75,0.0,5641833.0,52155.0859375,8392690.0,255079.984375,2962387.75,9162700.0,3066024.0,1
1789486641.754752,music,2,30,25823620.0,21203160.0,592096.875,50819316.0,242656640.0,2075066.0,0.0,0.0,14346884.0,26392292.0,388652.4375,2152232.0,496567.0,12914272.0,13123520.0,2347898.0,1
1789486642.1203678,music,4,35,33047108.0,16295459.0,48264972.0,86086944.0,25588530.0,2365838.75,0.0,4851152.0,3088066.75,17368618.0,4861675.0,11483988.0,692858.5625,4017237.0,2400230.25,908448.375,1
1789486642.1841846,music,4,35,36432076.0,5463715.0,47107272.0,53261056.0,61676472.0,616310.5,3467635.0,26782998.0,3442377.5,44271360.0,9682094.0,1726174.125,451318.9375,6933656.0,1904044.5,4422189.0,1
1789486642.3098009,music,357,34,41873796.0,7979318.0,114950072.0,106580232.0,20949498.0,7393441.0,0.0,3796258.0,38739780.0,900747520.0,423151520.0,47486432.0,5759559.0,15899598.0,5822473.0,1567062.625,1
1789486642.4686997,music,359,28,24849720.0,0.0,22257386.0,40503840.0,750199.875,579013.5625,0.0,0.0,2002097.25,434344384.0,184696944.0,1006390.375,353027.78125,1555248.25,1056683.625,1107489.0,1
1789486642.5279837,music,3,31,16691294.0,900427.0625,50823232.0,85123824.0,1462216.875,0.0,0.0,519754.21875,484058.09375,590919680.0,212630800.0,2886366.25,499493.75,4910171.5,1568656.75,279949.4375,1
1789486642.6037016,music,4,29,59898616.0,243974.71875,131522112.0,231954416.0,3135941.5,0.0,4842539.5,8410474.0,2556665.5,0.0,577679.3125,1819604.0,442315.0625,2977297.75,258219.265625,410702.1875,1
1789486642.668077,music,3,25,42455736.0,0.0,128310432.0,169187264.0,291980.21875,635717.6875,0.0,7354848.5,2942052.5,51190352.0,99205688.0,17039924.0,4027388.25,2312521.0,597113.125,3291523.5,1
1789486642.7859762,music,1,31,20258344.0,0.0,91299552.0,227579904.0,0.0,195495.109375,2413045.0,343674.0,1157561.375,194583632.0,57977372.0,987722.375,1006215.375,505756.75,124248.953125,415040.3125,1
1789486642.8470063,music,2,32,634844352.0,107241248.0,377239776.0,137845776.0,26966436.0,6387759.0,9627335.0,3746517.75,3980240.0,24225018.0,9982101.0,2201616.25,556462.6875,956383.75,1312629.125,537177.375,1
1789486642.911353,music,3,19,9096712.0,2515031.25,135493248.0,137690608.0,789432.125,0.0,0.0,2789342.0,902541.25,68636904.0,43896176.0,468417.8125,0.0,0.0,111822.8515625,280832.96875,1
1789486642.9749868,music,3,22,4127166.75,303839.8125,42320232.0,14436468.0,2275786.75,0.0,0.0,3321475.25,2259857.75,137637424.0,77807256.0,271799.6875,541261.0,259433.578125,0.0,0.0,1
1789486643.325378,music,6,33,75575992.0,8197493.5,8750713.0,11261906.0,61203288.0,93598368.0,219269440.0,0.0,16495927.0,19397176.0,46584808.0,166776848.0,60491876.0,252258608.0,78484640.0,118397384.0,1
1789486643.7674496,music,353,33,55999876.0,0.0,9197296.0,7011142.0,3861662.0,519273.6875,380082.8125,1361155.0,871344.4375,52285696.0,21763322.0,659545.4375,80415.03125,2525756.0,1758203.75,722945.0625,1
1789486643.8318336,music,2,32,87624968.0,26634448.0,190973152.0,715795840.0,641808384.0,5796351.5,612167.0,1735003.875,2376379.5,16365950.0,3703598.5,1110974.875,2404612.25,4137520.75,8287456.0,6301858.0,1
1789486644.0843666,music,2,26,34593320.0,78712080.0,477057984.0,395675584.0,67467376.0,611862912.0,8112120.0,10057856.0,111948760.0,828236.3125,0.0,8046773.0,9613144.0,8910615.0,604771.0,204879.125,1
1789486644.1284933,music,2,33,35373532.0,62966724.0,73670504.0,333528704.0,274763296.0,673033600.0,2891890.0,5108981.0,53416968.0,60452592.0,54325040.0,12012482.0,1955999.5,3099813.25,1231885.125,1783367.0,1
1789486644.211492,music,0,33,75731648.0,9089868.0,15017700.0,124659800.0,206853088.0,1188524032.0,4810915.5,11068873.0,15432055.0,29416644.0,68006368.0,12399231.0,0.0,1539529.75,307292.5,221329.03125,1
1789486644.2757053,music,0,34,46734016.0,8428237.0,84424160.0,66908992.0,68466896.0,765468800.0,0.0,5357510.0,51085100.0,14378847.0,37084572.0,44821472.0,34924928.0,8492906.0,2203964.0,916390.0,1
1789486644.4973412,music,1,34,165944192.0,412742.4375,292050272.0,333325088.0,41460800.0,11472848.0,0.0,475931.625,9871694.0,38456480.0,15918610.0,925543296.0,12351781.0,21323446.0,727481.875,6958009.0,1
1789486644.558845,music,7,31,190695776.0,1056375.5,242782320.0,325589088.0,21955912.0,91272144.0,0.0,0.0,5819379.0,3165546.5,18139964.0,1049348992.0,3232924.25,33942376.0,3333420.0,250186.015625,1
1789486644.7205725,music,5,31,0.0,818342.1875,76211056.0,54824524.0,55207200.0,43502920.0,4834459.5,4191392.0,844990.875,16055096.0,11514960.0,225959648.0,4111430.75,9830308.0,14225008.0,16718456.0,1
1789486644.78508,music,6,26,3745176.5,297259.6875,50769916.0,7884940.0,24737408.0,15389193.0,1610933.0,0.0,2159033.5,21353420.0,5660489.5,180892192.0,46867636.0,5529510.0,9681825.0,89809360.0,1
1789486644.8504865,music,4,29,250330528.0,1365968.0,211279168.0,263086160.0,68035512.0,29574276.0,0.0,651219.75,1270296.625,21300076.0,8186713.5,634617280.0,11537092.0,25922350.0,568592.25,0.0,1
1789486644.9729335,music,1,24,214863744.0,222363.90625,567522.5,50625864.0,108573096.0,3984224.75,17123768.0,2339002.0,1015983.4375,0.0,3672763.0,2659040.0,4852007.0,9886749.0,787920.3125,851156.3125,1
1789486645.0376546,music,1,32,146353440.0,181146.328125,770689280.0,1494718080.0,0.0,11201762.0,98973728.0,0.0,782330.0625,4844768.0,2750218.0,99749008.0,4460342.5,6886670.5,213137.09375,674030.75,1
1789486645.0832448,music,2,25,56257096.0,0.0,430445472.0,858870080.0,40340260.0,34684216.0,0.0,363514.625,820236.9375,55834728.0,649536.5625,551168256.0,5816499.5,2951252.0,8155262.0,2282235.5,1
1789486645.1476288,music,1,21,51980464.0,5327106.5,138378864.0,1313352704.0,46681256.0,0.0,41514300.0,0.0,2712762.75,10080940.0,0.0,35242488.0,26925802.0,0.0,2891476.0,7958625.0,1
1789486645.2897847,music,0,34,158847408.0,225793.34375,341523680.0,615663936.0,54388632.0,37674836.0,48915248.0,2376070.75,699402.9375,3762652.75,5881236.0,189234832.0,1815087.0,7625364.0,454016.25,1487157.0,1
1789486645.5425403,music,1,34,553492992.0,72823992.0,50035984.0,33411444.0,14127513.0,4181076.0,1598276.0,912980.6875,555010.1875,326496768.0,121955440.0,107893424.0,1721336.625,1269085.75,3613662.5,1851168.0,1
1789486645.7326686,music,3,28,180507072.0,46641052.0,58741068.0,30055908.0,3297819.5,0.0,3561019.5,100431.8671875,98275.6328125,1875593.0,7644236.0,13679199.0,12422772.0,316958.3125,985783.5,1920434.25,1
1789486645.7958944,music,1,31,262085504.0,35885976.0,916359680.0,471842656.0,132736824.0,52118576.0,8935630.0,0.0,10856971.0,2511091.25,3359011.5,18331416.0,3449347.5,1142045.75,45716536.0,60614832.0,1
1789486645.9230287,music,0,22,32263524.0,0.0,66195988.0,627111936.0,59725760.0,87315232.0,0.0,0.0,5773452.0,106286312.0,82187584.0,25219916.0,0.0,827364.9375,5566544.0,13646282.0,1
1789486645.9881043,music,1,34,44538136.0,250687680.0,10283541.0,0.0,54694252.0,41591464.0,135688560.0,6730513.0,17087094.0,36645768.0,17824522.0,21792522.0,5357282.0,1187167.25,2799671.0,1251314.25,1
1789486646.0823953,music,3,33,117411888.0,632380416.0,22091140.0,149658400.0,27452290.0,10195434.0,197404496.0,1819311.25,0.0,129638184.0,73637208.0,46952872.0,1177535.0,4270015.5,8914718.0,8346305.0,1
1789486646.1427968,music,2,30,66700664.0,0.0,50383352.0,178683488.0,162134208.0,2634707.5,60438964.0,430755.4375,3440658.75,48192792.0,20521846.0,7484129.5,191582.375,6769845.5,6462610.0,721362.125,1
1789486646.2078595,music,6,30,6913712.5,0.0,9085532.0,454322464.0,887301952.0,4603915.0,93204056.0,5725403.0,4612208.5,50350172.0,8541709.0,6404911.0,305509.75,12404184.0,18992000.0,1847894.125,1
1789486646.2711709,music,2,30,26611982.0,316652448.0,42231836.0,161209440.0,226008560.0,21821612.0,0.0,3000697.0,1969754.625,40889824.0,13956228.0,4338931.0,340599.59375,4194740.0,5133161.5,490595.15625,1
1789486646.335571,music,355,32,101879496.0,917188928.0,14572101.0,19306338.0,14046914.0,18956142.0,17854058.0,0.0,43042508.0,62006960.0,60101368.0,13467872.0,2855644.25,2766648.75,3749924.25,1334632.625,1
1789486647.317196,music,358,33,29847052.0,54201896.0,92460256.0,151580576.0,91642872.0,154576224.0,283214464.0,0.0,13917578.0,16894126.0,38790104.0,91343136.0,25835592.0,293380608.0,102831152.0,61700072.0,1
1789486647.3808084,music,359,25,53457048.0,117198080.0,106208816.0,126201552.0,148152368.0,0.0,16678892.0,0.0,40411256.0,19324264.0,2253651.0,9133460.0,0.0,35735900.0,9285735.0,4218111.5,1
1789486647.4451933,music,358,28,47665140.0,50643228.0,87967032.0,50450692.0,166819232.0,3228569.75,14379788.0,0.0,2208954.0,28840924.0,2303450.5,69138384.0,981335.875,5088061.0,8744189.0,560142.625,1
1789486648.2701724,music,7,30,218023264.0,143776640.0,0.0,16456306.0,24525154.0,2367105.0,23433860.0,18447400.0,5374867.0,19500812.0,718055.1875,138673136.0,1029469.1875,2603979.25,3415484.75,0.0,1
1789486648.7750494,music,358,33,223016880.0,94538128.0,247354816.0,77803800.0,117745808.0,81343936.0,204673184.0,38617668.0,4952019.0,15732395.0,2279336.5,412875.0,7431689.0,11694648.0,0.0,5852138.0,1
1789486649.3135412,music,0,31,34247768.0,76656736.0,50115872.0,71219072.0,72209744.0,137002064.0,23930982.0,0.0,0.0,48500416.0,44305920.0,112678168.0,43406636.0,396974720.0,155016944.0,36213008.0,1
1789486649.5033467,music,358,34,35882564.0,125152504.0,13347768.0,206119280.0,263508416.0,29612466.0,35805340.0,31708858.0,6445492.0,2829965.75,0.0,10418049.0,2170175.75,15558492.0,5204899.0,23066394.0,1
1789486649.5641165,music,358,35,31135796.0,15147926.0,19829766.0,583518720.0,1532364032.0,625262.875,25936556.0,4774862.0,5061262.0,44684520.0,524260.34375,23128100.0,253266.84375,27834286.0,38790504.0,2811847.5,1
1789486649.6951158,music,358,29,33290988.0,0.0,35308968.0,84610896.0,82807112.0,11888818.0,14353420.0,0.0,0.0,468055.3125,1424628.625,1478467.375,1109762.5,10222808.0,10282270.0,1577735.625,1
1789486649.7402108,music,358,36,33585416.0,28282826.0,12275108.0,90142280.0,38751432.0,4487171.0,17305194.0,26748490.0,5006908.0,6584940.0,695660.375,2956776.5,154960.40625,5024926.0,4567475.0,1113561.75,1
1789486649.8209913,music,357,29,34591908.0,33322458.0,7050299.0,609851072.0,1172477824.0,0.0,31419020.0,26585798.0,9267423.0,41563052.0,317161.21875,11412682.0,2047847.0,41073952.0,11016801.0,4069304.5,1
1789486649.8809485,music,359,29,27242676.0,11167335.0,10391608.0,1038477824.0,1021692288.0,742559.75,33306066.0,0.0,6713194.5,22207936.0,890071.9375,57977448.0,931939.375,218566128.0,105391136.0,1498272.5,1
1789486650.2966964,music,357,33,51362320.0,11040667.0,451311648.0,878759936.0,27390264.0,3103494.5,12228649.0,30028740.0,20019148.0,50193368.0,19467798.0,77081200.0,7779322.0,9281133.0,11442550.0,7334534.0,1
1789486650.3611674,music,0,31,24074784.0,14653654.0,490181664.0,794594688.0,42862624.0,11657914.0,72098208.0,0.0,17423248.0,547542016.0,180125216.0,42041216.0,914968.4375,5983409.5,7831140.0,3922392.75,1
1789486650.4255788,music,359,29,20662880.0,4372366.5,696916544.0,1556250624.0,47438280.0,1545746.5,19264754.0,0.0,17544038.0,134150000.0,51934268.0,13770840.0,903221.375,10153586.0,682920.6875,5110315.0,1
1789486650.489886,music,359,29,3952736.5,1158666.75,592096128.0,861900416.0,19999760.0,1598143.75,32557348.0,24547278.0,13052095.0,178393056.0,53800128.0,2924076.25,481721.125,9254664.0,3123353.5,1786542.75,1
1789486650.536019,music,359,31,37836500.0,1121472.375,594369600.0,690559552.0,287909.5,0.0,278825440.0,26359164.0,2321580.25,18662708.0,6654745.5,5864343.0,37181.91796875,6444311.0,2183400.75,1398789.25,1
1789486650.5816479,music,358,27,69580480.0,2301796.0,436359040.0,470999424.0,16510434.0,3284006.5,32075772.0,0.0,0.0,14901497.0,6681752.0,17150632.0,306607.90625,1674798.75,309610.1875,376013.875,1
1789486650.6461346,music,356,33,85852752.0,1888170.125,667395328.0,847879808.0,4688600.0,961092.25,145986784.0,94351344.0,16485144.0,79471984.0,42817536.0,8070161.0,1096162.5,30250638.0,636636.0,2536617.5,1
1789486650.710925,music,355,30,50634560.0,2198398.25,178428592.0,369732160.0,3522012.75,0.0,0.0,26196828.0,4419652.0,958681.8125,41779104.0,2047353.0,235391.453125,104860960.0,588589.75,3001741.0,1
1789486650.7762423,music,352,26,3704304.0,2126577.5,517369024.0,608548928.0,892485.125,0.0,0.0,7337955.0,5296250.0,152008448.0,50025504.0,401318.625,2445565.0,60991976.0,822981.625,733706.375,1
1789486650.8408735,music,348,35,107248624.0,70874320.0,202611968.0,208553504.0,26352724.0,51238112.0,430805792.0,42341140.0,8969862.0,63110132.0,70457040.0,2580208.5,21881776.0,50853356.0,8501096.0,7221439.0,1
1789486650.9051762,music,348,25,51697388.0,5666380.0,302917376.0,361401280.0,1259767.5,3954978.5,101223504.0,4491206.0,5280663.0,37648496.0,47828016.0,3603052.25,2141738.75,0.0,0.0,131265.5,1
1789486650.9510078,music,345,29,23774644.0,0.0,632031424.0,952622976.0,2891464.0,728927.9375,259957264.0,0.0,1950688.25,98868848.0,32751226.0,2200147.25,413759.75,16549265.0,1825942.25,763131.4375,1
1789486651.0148811,music,341,32,4426580.0,671237.125,878181312.0,1336488704.0,310545.3125,2020963.25,428021088.0,14419094.0,808118.4375,2468399.75,34537336.0,1704434.5,1143413.0,46395096.0,1012703.1875,212818.3125,1
1789486651.07907,music,341,25,26853144.0,783692.5,197891232.0,130233328.0,1531340.375,858653.625,120896936.0,18080178.0,3287315.0,29428710.0,1098322.0,1081228.625,7026994.5,835468.625,332943.9375,390471.0,1
1789486651.1282709,music,341,21,22651412.0,0.0,11820873.0,580429440.0,2099933.75,0.0,219377264.0,3279049.25,0.0,20128888.0,2426830.0,0.0,363571.9375,56626700.0,7101425.5,0.0,1
1789486651.1739407,music,339,23,0.0,0.0,123307824.0,172714960.0,1556334.5,844649.875,0.0,12861322.0,1238555.875,111646336.0,28910630.0,0.0,1762077.125,27389476.0,1206273.75,141072.875,1
1789486651.237638,music,331,19,0.0,0.0,402932640.0,953097600.0,0.0,3130363.25,211327104.0,6228693.5,481368.5,0.0,1821261.625,1848803.75,804492.0,7832655.5,1257014.25,2336389.25,1
1789486651.3019893,music,331,26,11807586.0,5503081.0,0.0,48059628.0,17888244.0,29787024.0,142846448.0,51038408.0,14716606.0,50178968.0,43363024.0,4373837.0,29396452.0,791351104.0,310955360.0,25680036.0,1
1789486651.3525958,music,332,23,13127381.0,0.0,5099537.0,26034132.0,32001654.0,62622820.0,84842896.0,63211804.0,0.0,38302352.0,34883296.0,39726568.0,34851504.0,822905472.0,269444192.0,19119332.0,1
1789486651.7546837,music,319,21,55170380.0,203821.46875,617380.625,0.0,581146.1875,439694.84375,13429174.0,0.0,2651204.75,139801424.0,62961960.0,232524.90625,210159.984375,806313.375,0.0,1180319.25,1
1789486651.8236942,music,336,12,641312.4375,708000.1875,940237.875,73122304.0,0.0,0.0,0.0,4743128.0,0.0,937531008.0,322698112.0,0.0,896266.125,497690.6875,0.0,0.0,1
1789486651.8879654,music,328,22,0.0,2868992.75,19738954.0,26433852.0,0.0,756429.3125,0.0,10108412.0,4792543.5,1259461888.0,538527360.0,1052427.625,0.0,19352794.0,3432444.25,0.0,1
1789486651.977916,music,338,14,2048892.0,485382.0625,0.0,10958370.0,1610401.5,0.0,3151750.0,12160590.0,5910527.0,1150518144.0,366154304.0,0.0,0.0,0.0,0.0,0.0,1
1789486652.0373812,music,319,36,20605560.0,1455971.75,10726778.0,104941488.0,532730048.0,207987392.0,8999866.0,3097601.5,3035629.0,733130560.0,7752632.0,35667580.0,22625160.0,331367360.0,157026624.0,36883780.0,1
1789486652.100526,music,319,20,40289616.0,691530.4375,3445547.0,3171188.75,614341184.0,11927953.0,17965208.0,0.0,3246286.0,1124323.25,18208766.0,0.0,10668111.0,125750768.0,20779256.0,59651820.0,1
1789486652.1506243,music,320,25,18871924.0,447262.625,262606432.0,202773264.0,11175254.0,25331732.0,20792930.0,24017352.0,8933230.0,2986059.0,7182295.5,2215394.5,5189604.5,21285040.0,35529692.0,19832780.0,1
1789486652.2130787,music,319,29,34403468.0,980005.375,138120832.0,117583032.0,102131968.0,139111536.0,5774958.0,16612524.0,36344576.0,81290728.0,0.0,6452746.0,15138150.0,33526428.0,37044124.0,48954744.0,1
1789486652.3258114,music,320,21,83081720.0,0.0,55743232.0,28597724.0,12998386.0,4003674.75,0.0,0.0,3235134.0,11080461.0,0.0,188171184.0,104194320.0,127111336.0,11192280.0,4428705.5,1
1789486652.3836195,music,320,22,11062330.0,3637452.5,288388800.0,527573568.0,16144456.0,0.0,3354208.0,0.0,816159.9375,208316256.0,90811464.0,40196368.0,19270212.0,104880160.0,9769458.0,5522394.5,1
1789486652.4341724,music,320,19,41444476.0,0.0,171423568.0,43414948.0,42319212.0,10955134.0,0.0,7055969.5,14413036.0,0.0,0.0,0.0,0.0,67429064.0,73424576.0,35612820.0,1
1789486652.4804835,music,317,30,184472224.0,2273090.75,188847808.0,449593760.0,28396018.0,2861916.0,14160602.0,9814922.0,6757910.0,2798779.25,2205299.25,0.0,3597411.5,161352448.0,1370949.5,9757492.0,1
1789486652.5424466,music,317,28,172897216.0,1152930.125,3455952.5,40119392.0,32025206.0,3724058.0,54849240.0,0.0,1484430.125,118064256.0,41037764.0,0.0,2882125.5,161243968.0,6259166.5,1531202.5,1
1789486652.5932567,music,308,28,241376736.0,1401655.0,5477338.5,75283808.0,48291888.0,342899.59375,21568552.0,865479.0625,360553.875,116461664.0,52049960.0,0.0,4553144.0,20538694.0,4054672.5,27755344.0,1
1789486652.656048,music,316,29,310485600.0,518591.1875,0.0,44527328.0,47112052.0,17648708.0,47089820.0,20086680.0,5474477.0,178614608.0,63425460.0,45286472.0,8589551.0,12448563.0,3356270.75,42230320.0,1
1789486652.7179868,music,308,22,157608704.0,0.0,12991024.0,83265184.0,79698600.0,0.0,75988032.0,66172684.0,13390841.0,9190748.0,6265135.0,0.0,3179690.5,10703856.0,485281.25,25899292.0,1
1789486652.7800617,music,296,17,193632224.0,0.0,512021.875,43480672.0,3957461.75,0.0,0.0,0.0,474024.78125,0.0,444614.875,441191680.0,0.0,42346848.0,49717976.0,162319680.0,1
1789486652.8418627,music,290,15,268727104.0,0.0,561120.0,169062112.0,177322288.0,0.0,0.0,0.0,0.0,0.0,1637949.75,1246759424.0,0.0,0.0,23642892.0,49190924.0,1
1789486652.9060526,music,297,17,242251600.0,0.0,0.0,429767168.0,330076256.0,2002242.125,13802359.0,0.0,0.0,591678.6875,0.0,138878880.0,0.0,0.0,7812282.5,118463792.0,1
1789486652.969965,music,295,22,146088208.0,496039.15625,0.0,86644208.0,85193832.0,2305154.0,0.0,61543188.0,16274444.0,84463424.0,0.0,2562390.0,1338794.375,7128555.0,24999984.0,82541688.0,1
1789486653.0539927,music,297,23,143003232.0,86366.984375,31595148.0,74485736.0,60935488.0,0.0,0.0,0.0,10977859.0,45564304.0,815807.4375,53920116.0,1755022.0,3009817.0,0.0,94630424.0,1
1789486653.1129959,music,290,26,127129600.0,2381093.25,14906874.0,260682400.0,196326176.0,0.0,5522238.5,2970308.5,0.0,2458843.25,762834.0625,97402016.0,5178113.0,589042.125,7340702.0,28290012.0,1
1789486653.1763043,music,301,28,74191768.0,0.0,1220796.0,500217184.0,323020992.0,2365616.25,2927914.75,0.0,1498770.625,4505170.0,3005957.0,90909872.0,2946654.0,6295883.0,13736407.0,19931048.0,1
1789486653.2397156,music,289,21,35117680.0,0.0,4359099.0,119236560.0,222862400.0,2751922.0,0.0,0.0,0.0,5566193.0,706899.125,61715272.0,13437881.0,431461.125,3322096.25,37787008.0,1
1789486653.3034544,music,296,23,101574352.0,0.0,4083207.75,526869216.0,197954880.0,0.0,682187.8125,14005752.0,7661040.0,2639876.25,5436328.0,203408960.0,3118047.0,1675226.25,24770676.0,67980976.0,1
1789486653.367852,music,295,22,232650208.0,43527456.0,6171593.0,19797590.0,40732064.0,0.0,0.0,0.0,0.0,16965648.0,33070814.0,641372160.0,17264050.0,956560.5625,134774976.0,50832040.0,1
1789486653.442829,music,295,20,44846840.0,0.0,0.0,51653292.0,68460704.0,0.0,560381.5625,10413202.0,10810794.0,19752012.0,6399509.0,633571584.0,14180026.0,0.0,27673370.0,9985566.0,1
1789486653.5615013,music,285,28,283715904.0,25340378.0,1951760.375,17194266.0,28792136.0,10280158.0,0.0,6586823.0,0.0,41951872.0,13934076.0,205925168.0,0.0,59927248.0,20982528.0,3515194.0,1
1789486653.6207793,music,284,18,38712100.0,0.0,345787.09375,0.0,10493681.0,24464448.0,2353370.5,6454721.0,0.0,570071.3125,0.0,298648832.0,6002810.0,7125225.5,91482584.0,3662453.5,1
1789486653.6849005,music,288,11,231269232.0,19220968.0,0.0,18552020.0,14470391.0,0.0,0.0,0.0,381492.4375,4045315.0,178918.734375,3616801.5,0.0,0.0,0.0,1084264.75,1
1789486653.7486672,music,285,23,91885736.0,31629630.0,448932.65625,1535742.0,1845097.875,0.0,1323463.75,1141420.25,0.0,0.0,0.0,177105136.0,2964339.0,8072470.5,134045280.0,13230496.0,1
1789486653.813074,music,283,18,179211120.0,27433058.0,0.0,601055.8125,526434.3125,0.0,1359512.375,0.0,0.0,33293220.0,28498166.0,7378048.5,0.0,192944.0625,118261528.0,5235607.5,1
1789486653.8783734,music,284,14,16253948.0,312848512.0,0.0,6160050.0,8542513.0,0.0,0.0,0.0,413148.34375,14544606.0,5757690.0,0.0,0.0,55291824.0,608506112.0,19584756.0,1
1789486653.9421177,music,281,17,38430572.0,0.0,0.0,2566421.25,35024056.0,169741088.0,186302.71875,0.0,0.0,0.0,0.0,173256128.0,2965197.25,121468032.0,1194559232.0,3659296.75,1
1789486654.0059288,music,277,22,49239304.0,0.0,0.0,0.0,6473360.5,34807236.0,245666.90625,0.0,157926.4375,4776837.0,5369385.0,46626576.0,931369.3125,102425544.0,1296826240.0,8576362.0,1
1789486654.0703099,music,281,26,46606356.0,119060224.0,0.0,3993840.25,11121088.0,42609324.0,643537.8125,842022.0625,816678.25,242403.515625,0.0,2455228.0,1620782.625,73865032.0,911235840.0,8847714.0,1
1789486654.1346111,music,280,15,37856544.0,0.0,28311808.0,342574208.0,5292133.0,22311368.0,268906.53125,0.0,224153.0625,0.0,0.0,15648728.0,1492306.75,15576628.0,0.0,5922375.0,1
1789486654.2263696,music,291,23,13417120.0,0.0,20303322.0,319165632.0,3296800.0,0.0,16476631.0,13428236.0,279112.625,819019.625,6130700.0,13884282.0,0.0,82821392.0,636112000.0,26256336.0,1
1789486654.2912197,music,284,22,15498512.0,126662136.0,0.0,222446224.0,284980800.0,0.0,37964072.0,0.0,657275.0,4092215.25,5501379.5,53899944.0,4618358.0,30698732.0,0.0,69885280.0,1
1789486654.4792714,music,285,23,7150323.5,11578154.0,0.0,0.0,37688996.0,19038774.0,0.0,16514664.0,645154.0,392297088.0,135135264.0,15825058.0,2304024.25,27754384.0,167385344.0,3296549.75,1
1789486654.5429888,music,277,21,6635087.5,0.0,58583004.0,213625856.0,6387468.0,4801815.5,79800560.0,36927800.0,0.0,377755136.0,163010144.0,0.0,1607103.125,66673552.0,163598272.0,1610124.75,1
1789486655.1785443,music,249,12,0.0,0.0,0.0,0.0,1630109.5,0.0,0.0,1207387.5,514456.21875,150090320.0,73617096.0,0.0,435420.1875,595904.875,0.0,790141.375,1
1789486655.243325,music,249,4,0.0,0.0,0.0,0.0,0.0,0.0,0.0,0.0,73533.9609375,215993.59375,0.0,0.0,0.0,484288.6875,0.0,248198.765625,1
1789486655.2910464,music,273,14,2852400.0,1265226.0,5312885.0,1977884.375,0.0,0.0,0.0,64882.03515625,134888.78125,36616984.0,9994569.0,0.0,0.0,144206.828125,2189704.0,0.0,1
1789486655.2922258,music,211,4,23451458.0,0.0,0.0,0.0,0.0,0.0,0.0,0.0,0.0,0.0,0.0,0.0,0.0,761398.375,0.0,0.0,1
1789486655.360647,music,245,13,25705184.0,0.0,0.0,0.0,410359552.0,24685888.0,54008576.0,0.0,0.0,2316125.5,0.0,0.0,0.0,3640029.25,20246798.0,5473694.5,1
1789486655.4246411,music,243,15,0.0,260282.875,0.0,35793984.0,204820464.0,24453808.0,1956548.625,138039904.0,0.0,0.0,0.0,1157526528.0,9583341.0,4657282.0,6491116.5,3125029.0,1
1789486655.488827,music,246,16,24083600.0,0.0,8916548.0,344275168.0,325951328.0,26189374.0,784625.75,0.0,0.0,7155960.0,0.0,0.0,5603345.0,2502909.75,83491656.0,333868416.0,1
1789486655.5531204,music,246,11,28026282.0,53810744.0,44562504.0,0.0,2357069.75,0.0,6390207.5,165397792.0,0.0,1486046.5,4371044.0,0.0,1230655.875,0.0,0.0,0.0,1
1789486655.6105697,music,248,19,9575218.0,0.0,18168988.0,36937296.0,131555552.0,3408968.0,0.0,0.0,3614246.5,166777968.0,61642512.0,69515760.0,0.0,9816967.0,0.0,7869904.0,1
1789486655.6744878,music,246,9,0.0,0.0,0.0,3516319.75,0.0,0.0,7206120.0,0.0,0.0,3011787.25,2922642.5,61303180.0,0.0,0.0,14318022.0,75926624.0,1
1789486655.7392778,music,258,15,0.0,0.0,0.0,15406610.0,39651284.0,6908359.0,0.0,111581312.0,6606312.0,65829720.0,3153031.5,19325986.0,4186168.0,0.0,0.0,137828128.0,1
1789486655.802401,music,231,18,0.0,0.0,0.0,10609974.0,41123776.0,0.0,9495754.0,0.0,0.0,411323072.0,446146976.0,57568056.0,4457985.0,29476904.0,114322952.0,182554496.0,1
1789486655.865569,music,231,10,0.0,0.0,0.0,0.0,0.0,0.0,0.0,7156375.5,1000292.125,70641368.0,0.0,0.0,4637257.5,223615216.0,6295352.5,0.0,1
1789486655.9152298,music,231,9,30166172.0,22008176.0,0.0,202887824.0,0.0,0.0,0.0,0.0,0.0,91964592.0,0.0,44203832.0,3508681.75,44835040.0,0.0,0.0,1
1789486655.962478,music,246,14,24972828.0,0.0,0.0,0.0,96984640.0,14921751.0,0.0,0.0,18655832.0,0.0,0.0,198747616.0,31674178.0,5516355.0,7538280.0,4411803.5,1
1789486655.9635103,music,202,4,0.0,0.0,0.0,0.0,0.0,0.0,0.0,0.0,0.0,171702112.0,58008672.0,0.0,0.0,0.0,0.0,0.0,1
1789486656.026835,music,246,12,61788248.0,0.0,0.0,0.0,0.0,2779732.75,0.0,0.0,6078500.0,12776480.0,131228112.0,0.0,0.0,0.0,5811231.0,3684039.75,1
1789486656.090202,music,222,11,0.0,0.0,23055630.0,21494360.0,0.0,0.0,0.0,0.0,0.0,113904016.0,25462058.0,103227840.0,11694832.0,1936870.5,1363134.375,17468488.0,1
1789486656.151872,music,222,7,3231288.0,0.0,0.0,9023065.0,0.0,0.0,0.0,0.0,5255588.0,0.0,0.0,0.0,0.0,1131811.0,4796092.0,0.0,1
1789486656.255295,music,239,15,2038417.5,0.0,991169.25,0.0,0.0,0.0,0.0,1164536.5,0.0,583669888.0,168436352.0,20743508.0,0.0,29498888.0,1697703.25,0.0,1
1789486656.324988,music,249,17,40967912.0,0.0,21554314.0,24369952.0,4659023.5,17179504.0,16673754.0,0.0,0.0,2243446.5,10523716.0,597795968.0,12138488.0,10386004.0,0.0,0.0,1
1789486656.3896282,music,249,12,0.0,0.0,8831137.0,77516080.0,0.0,0.0,97216256.0,5250748.5,302027.5625,0.0,1450681.0,67086560.0,0.0,3143275.75,1737473.75,0.0,1
1789486656.434933,music,226,12,83622864.0,12909510.0,0.0,24659188.0,0.0,1486096.25,0.0,0.0,0.0,0.0,0.0,53241980.0,8385365.0,86147840.0,4471408.0,0.0,1
1789486656.4981081,music,227,14,12526517.0,8002251.0,3241210.5,0.0,0.0,11527849.0,17828968.0,0.0,816078.25,24731008.0,0.0,0.0,0.0,95120424.0,1527640.875,0.0,1
1789486656.558525,music,222,8,104454512.0,35804704.0,2280372.0,0.0,0.0,0.0,0.0,0.0,0.0,0.0,0.0,0.0,0.0,15320931.0,0.0,0.0,1
1789486656.6197138,music,221,16,83894464.0,0.0,5179831.0,0.0,49007732.0,0.0,0.0,0.0,1898531.75,52850088.0,35853116.0,3565889.0,0.0,6314228.5,9464992.0,7134743.0,1
1789486656.6807122,music,223,9,64363196.0,8718713.0,0.0,19821324.0,0.0,0.0,0.0,0.0,0.0,37839912.0,20947204.0,0.0,0.0,0.0,0.0,0.0,1
1789486656.741665,music,229,15,41129628.0,12401959.0,0.0,0.0,3942989.5,0.0,0.0,4058231.25,2615123.0,73798664.0,7207632.0,28901336.0,17214864.0,6543942.5,0.0,0.0,1
1789486656.8039699,music,235,17,23877948.0,0.0,0.0,30755920.0,29572008.0,9709580.0,95023536.0,0.0,0.0,0.0,43159172.0,102573104.0,18039940.0,1966492.5,3779183.0,0.0,1
1789486656.8658571,music,227,12,142967648.0,25064350.0,15768444.0,0.0,68244680.0,0.0,0.0,5265886.0,5695682.0,0.0,16943204.0,11225917.0,0.0,0.0,0.0,0.0,1
1789486656.9287064,music,242,22,10834269.0,31325268.0,20141672.0,399281792.0,216923408.0,2748307.0,13628355.0,0.0,0.0,0.0,3182850.25,35813408.0,1364173.0,2099176.25,0.0,0.0,1
1789486656.9906027,music,241,16,76306320.0,0.0,0.0,62623636.0,118128000.0,2198751.5,18302736.0,0.0,0.0,29132090.0,0.0,56532792.0,1794615.5,3733390.5,0.0,3992190.0,1
1789486657.0544558,music,240,15,35651624.0,0.0,0.0,0.0,0.0,4661350.0,7386471.5,17824962.0,20757528.0,58374180.0,6645873.0,22759832.0,2574521.5,11423024.0,2476037.75,0.0,1
1789486657.1183693,music,239,17,45035508.0,0.0,96309000.0,124505920.0,103837992.0,4003877.0,5924097.5,0.0,15696848.0,28600398.0,71018720.0,55363392.0,8607426.0,1105947.125,0.0,0.0,1
1789486657.1822968,music,240,7,0.0,5015364.0,0.0,0.0,30872390.0,5322393.5,9638329.0,0.0,0.0,0.0,0.0,97392544.0,0.0,0.0,0.0,0.0,1
1789486657.2454686,music,236,7,4826020.0,0.0,0.0,0.0,12154108.0,0.0,0.0,0.0,0.0,0.0,0.0,116599480.0,18861690.0,10919362.0,0.0,0.0,1
1789486657.308962,music,221,9,11270497.0,0.0,0.0,72488952.0,0.0,18697824.0,8638284.0,0.0,0.0,0.0,0.0,0.0,0.0,43390848.0,0.0,3916002.0,1
1789486657.3714604,music,220,11,0.0,0.0,42237048.0,0.0,4138539.0,0.0,10003742.0,0.0,7524931.5,0.0,0.0,75350128.0,7104454.0,76033264.0,27410736.0,14474852.0,1
1789486657.433357,music,217,7,31727578.0,0.0,52191112.0,0.0,0.0,1776774.625,740040.8125,0.0,0.0,0.0,0.0,14197867.0,5611694.0,0.0,0.0,0.0,1
1789486657.4965978,music,231,10,5620978.0,35547416.0,111651136.0,0.0,0.0,642754.5,941290.0625,0.0,0.0,0.0,0.0,6041726.0,0.0,1100406.125,312180.96875,0.0,1
1789486657.5580158,music,219,11,25915104.0,0.0,0.0,0.0,0.0,0.0,0.0,0.0,0.0,0.0,199997.765625,47262992.0,669099.9375,5373177.0,258395.421875,6908042.0,1
1789486657.615695,music,220,14,81556720.0,40944376.0,57480724.0,41354208.0,5906640.0,0.0,0.0,0.0,0.0,0.0,0.0,53042640.0,1872636.25,0.0,2483050.75,0.0,1
1789486657.677359,music,226,17,17051914.0,25235526.0,226520960.0,0.0,0.0,0.0,34059220.0,0.0,0.0,54562376.0,30440056.0,67438616.0,330653.0625,1927685.25,0.0,0.0,1
1789486657.7383692,music,225,15,6170134.0,0.0,0.0,0.0,21481232.0,1591651.375,23678438.0,5326393.0,0.0,0.0,0.0,11233532.0,270980.65625,0.0,2175627.5,0.0,1
1789486657.7992191,music,218,13,30736496.0,0.0,144835936.0,0.0,0.0,0.0,0.0,16205574.0,0.0,9879258.0,7866828.5,0.0,0.0,571813.0625,0.0,0.0,1
1789486657.860562,music,215,9,33867488.0,0.0,22087360.0,0.0,0.0,0.0,0.0,0.0,0.0,15798986.0,6611837.0,0.0,0.0,160969.59375,0.0,0.0,1
1789486657.9231615,music,228,14,13220802.0,130918464.0,281724512.0,19220298.0,0.0,0.0,0.0,88437904.0,643213.1875,0.0,7450352.0,4964996.0,329100.34375,232342.84375,0.0,0.0,1
1789486657.9844937,music,228,14,14882884.0,54890640.0,22591550.0,11002380.0,661954.25,1171752.0,370958.8125,0.0,0.0,0.0,0.0,1449445.125,0.0,2963923.5,0.0,0.0,1
1789486658.03441,music,233,21,12810550.0,0.0,219729184.0,27948240.0,29911588.0,109517.2734375,554017.375,0.0,0.0,946609.875,351912.53125,45088276.0,275733.21875,418222.25,2403529.5,0.0,1
1789486658.0976954,music,232,17,20330128.0,0.0,139650464.0,0.0,0.0,67636.640625,2093098.25,22490888.0,3569677.5,1402440.875,620605.6875,2019187.75,718762.625,438208.53125,664963.0,0.0,1
1789486658.1604602,music,230,15,17805488.0,103646848.0,518257856.0,3197598.0,4361053.0,668442.3125,0.0,5145285.0,0.0,247828.40625,669068.0625,917948.25,536937.4375,0.0,277327.5625,0.0,1
1789486658.2222695,music,231,14,135778.71875,3195990.0,0.0,0.0,186950.96875,1144876.125,2880961.75,0.0,0.0,0.0,844286.125,20978142.0,0.0,675218.25,0.0,0.0,1
1789486658.3133852,music,215,16,4346808.5,0.0,161058016.0,0.0,113139616.0,7940041.0,0.0,0.0,0.0,190319.0,2561450.0,1298659.125,0.0,1747210752.0,12602694.0,0.0,1
1789486658.370955,music,218,16,4483642.5,1239421.875,1868931.375,0.0,68700368.0,492114.4375,0.0,0.0,39041.625,0.0,605496.625,13129117.0,3394990.5,1377728512.0,0.0,0.0,1
1789486658.4335215,music,225,16,27720674.0,8065087.0,26239748.0,1454187.875,0.0,0.0,1850149.375,0.0,0.0,1210640.125,464495.5625,807038.75,1435250.75,621947328.0,0.0,0.0,1
1789486658.5354495,music,207,12,5617269.0,0.0,0.0,0.0,328792704.0,475507.375,104891.171875,0.0,0.0,238767.171875,0.0,0.0,752449.4375,67283744.0,959427.4375,0.0,1
1789486659.073628,music,235,14,9906911.0,0.0,0.0,0.0,0.0,0.0,0.0,0.0,299746.875,5845848.0,0.0,1228121984.0,2469894.75,36204408.0,144971.140625,64845.3203125,1
1789486659.1330333,music,235,11,0.0,1195358.0,26298366.0,8352155.0,0.0,0.0,121094.578125,0.0,0.0,0.0,2574063.75,1080107776.0,1029128.375,0.0,0.0,0.0,1
1789486659.2961667,music,235,11,0.0,0.0,21828062.0,0.0,7971208.5,1172917.75,1347631.375,0.0,224622.125,0.0,1509693.0,65299260.0,0.0,25716462.0,0.0,0.0,1
1789486659.3410852,music,209,14,36201356.0,0.0,22436484.0,0.0,16029638.0,0.0,130258704.0,0.0,0.0,0.0,0.0,7330726.0,31879320.0,225732688.0,19483502.0,0.0,1
1789486659.4030604,music,208,6,0.0,1081104.5,16425954.0,93994712.0,71727048.0,0.0,2253928.0,0.0,0.0,0.0,0.0,0.0,12702218.0,0.0,0.0,0.0,1
1789486659.8347983,music,207,14,17331220.0,0.0,27787092.0,16899458.0,36432364.0,8190158.0,0.0,0.0,226598.53125,3507780.0,90983.9609375,968134.4375,0.0,4405652.5,581349.25,0.0,1
1789486659.8937204,music,211,13,0.0,0.0,0.0,0.0,40479592.0,5772645.0,0.0,0.0,0.0,5608881.5,600238.3125,8085884.0,0.0,16724902.0,609523.1875,146086.1875,1
1789486660.057867,music,226,18,11432410.0,56992972.0,308213696.0,23139872.0,10067340.0,3577186.0,0.0,29253696.0,0.0,80775528.0,110604896.0,31066002.0,610873.375,18962744.0,0.0,0.0,1
1789486660.1156971,music,226,8,0.0,0.0,0.0,0.0,0.0,0.0,204962.6875,0.0,0.0,1156545.5,8108926.0,1192490.125,0.0,20639952.0,775923.3125,0.0,1
1789486660.1665378,music,226,10,0.0,11408558.0,440704704.0,7941169.0,0.0,4063993.0,6816424.0,0.0,0.0,0.0,0.0,0.0,0.0,0.0,0.0,0.0,1
1789486660.2118921,music,204,14,0.0,87811784.0,321076160.0,174734080.0,7567505.0,1081990.625,0.0,0.0,0.0,0.0,0.0,498846.625,0.0,10523310.0,1155988.625,0.0,1
1789486660.2740386,music,203,8,1829680.5,0.0,9441537.0,0.0,0.0,0.0,0.0,0.0,0.0,0.0,0.0,1306339.25,243887.484375,447350.5,956980.625,0.0,1
1789486660.3380504,music,231,12,64832612.0,0.0,0.0,0.0,8092315.5,16666942.0,35600676.0,0.0,0.0,0.0,32903076.0,382940384.0,33735692.0,0.0,0.0,0.0,1
1789486660.401626,music,228,13,73452144.0,0.0,0.0,44368960.0,33123062.0,124495.3828125,0.0,1179851.125,0.0,119812.3125,1058073.375,701123200.0,0.0,820699.6875,0.0,0.0,1
1789486660.8183334,music,180,4,0.0,0.0,0.0,0.0,172044832.0,0.0,0.0,0.0,0.0,0.0,0.0,0.0,0.0,143393.59375,633115.6875,0.0,1
1789486660.878312,music,229,5,71223816.0,0.0,0.0,0.0,0.0,149455.15625,0.0,0.0,0.0,0.0,0.0,2018858.0,0.0,87587.203125,141019.71875,0.0,1
1789486660.9282424,music,229,7,42249008.0,12748724.0,0.0,73769192.0,26057192.0,0.0,0.0,0.0,0.0,0.0,0.0,0.0,24609064.0,0.0,0.0,0.0,1
1789486660.9914348,music,206,15,25449072.0,5286975.0,176884240.0,169805504.0,38748316.0,15793742.0,8577754.0,0.0,0.0,0.0,0.0,94794480.0,0.0,0.0,0.0,0.0,1
1789486661.0542336,music,239,17,30352592.0,3521710.25,0.0,0.0,19269326.0,34230596.0,45403952.0,0.0,0.0,0.0,0.0,716527232.0,93738528.0,13941542.0,0.0,887740.6875,1
1789486661.117721,music,240,20,55833780.0,0.0,0.0,0.0,0.0,7394351.5,23869740.0,8997469.0,26526228.0,30648236.0,0.0,444172864.0,161565120.0,25440458.0,5098982.0,0.0,1
1789486661.2928915,music,209,12,0.0,6515270.5,14562137.0,147352416.0,270544640.0,709607.125,0.0,0.0,0.0,0.0,1271832.5,0.0,653728.5625,833606.5625,0.0,0.0,1
1789486661.3511517,music,209,13,0.0,0.0,0.0,0.0,2651981.25,10716870.0,115463776.0,0.0,2008939.625,0.0,0.0,87775696.0,92352736.0,353813376.0,29689748.0,0.0,1
1789486661.3999977,music,210,9,194149568.0,50235216.0,71302.1953125,288582272.0,168909232.0,0.0,0.0,0.0,0.0,0.0,0.0,8533248.0,0.0,0.0,1664749.75,0.0,1
1789486661.4833367,music,210,6,25577076.0,0.0,0.0,0.0,5805693.0,3568147.5,0.0,0.0,0.0,0.0,0.0,4423425.5,0.0,0.0,0.0,0.0,1
1789486663.3197346,music,204,20,26426930.0,0.0,11214741.0,0.0,22315480.0,71691672.0,103931344.0,8512080.0,5597690.5,0.0,65440840.0,0.0,139234288.0,521169216.0,0.0,0.0,1
1789486663.574536,music,233,13,28609904.0,50036524.0,156180480.0,0.0,115436.640625,0.0,1796991.25,0.0,0.0,0.0,0.0,4958731.5,0.0,1261781.25,302141.4375,0.0,1
1789486663.6344674,music,233,15,0.0,0.0,0.0,8279976.5,0.0,1119012.5,2598528.75,0.0,0.0,377164.3125,285234.875,8252822.0,151188.421875,19792392.0,0.0,218955.890625,1
1789486664.3032439,music,267,30,73659496.0,23647526.0,87466304.0,23328258.0,16501426.0,69668664.0,28036104.0,6611266.0,2091352.5,2374493.0,12687228.0,36038680.0,6741710.0,9978609.0,4375881.5,4512654.5,1
1789486664.3669083,music,259,16,73571984.0,196331456.0,0.0,72493840.0,72786440.0,0.0,0.0,0.0,0.0,900959.9375,0.0,464802848.0,1747147.25,983115.0,96462.59375,12755.0263671875,1
1789486665.094638,music,309,24,73294288.0,15813584.0,96040688.0,116619016.0,82529232.0,1217658.875,3981332.75,139060.4375,0.0,817465856.0,261850128.0,22704232.0,0.0,454764.90625,2763017.0,3204762.5,1
1789486665.1545901,music,318,24,73468176.0,0.0,154910080.0,226478320.0,121910848.0,81031.1171875,2597812.0,3095973.5,348602.03125,774933312.0,298280160.0,2023729.875,695181.8125,759830.0,557930.25,0.0,1
1789486665.2285948,music,324,33,40503600.0,15528212.0,222438784.0,280449152.0,981113.875,1877252.625,2868435.5,2208235.0,1100848.125,872127552.0,338968800.0,26879020.0,299061.5,2863542.75,3850953.0,1400894.0,1
1789486665.2912536,music,324,29,24863740.0,9614516.0,262408784.0,569142976.0,15756235.0,2208234.0,3811253.25,0.0,5694646.5,640684544.0,290345248.0,74448688.0,2638172.75,5468401.5,5099391.5,1972959.75,1
1789486665.336816,music,319,32,61638136.0,28094088.0,263628096.0,604979328.0,76111704.0,19805518.0,466453888.0,66446928.0,90875248.0,21164886.0,188298656.0,225114256.0,100885872.0,826238080.0,206878496.0,95175328.0,1
1789486665.3999553,music,329,23,105526224.0,105032360.0,662541184.0,181429472.0,38688940.0,0.0,6741065.0,352365568.0,41251768.0,93087328.0,22532560.0,0.0,0.0,9169269.0,0.0,0.0,1
1789486665.8230224,music,346,30,55865432.0,22849654.0,509680096.0,176335104.0,7453264.0,873201.4375,0.0,26467022.0,5178352.0,1735433216.0,596352192.0,23605412.0,1749843.625,0.0,4149697.0,805378.0,1
1789486665.8815465,music,347,34,100576160.0,36524040.0,529139776.0,364998880.0,10504228.0,2288803.5,575132.3125,15130264.0,3727905.25,1587811200.0,557328640.0,50119128.0,210624.703125,1027135.625,301748.15625,119722.046875,1
1789486666.0756826,music,350,36,26310500.0,9608379.0,177039392.0,599291584.0,137981024.0,329607.59375,800847.625,3961231.5,3815010.5,85966008.0,36986468.0,1589049856.0,714697.0625,1680966.25,2397812.25,4893597.0,1
1789486666.1393042,music,352,38,28905536.0,8644142.0,183159184.0,574650624.0,501705408.0,980753.75,448452.125,14023102.0,1899381.75,128840360.0,29419604.0,1701954944.0,6487058.0,3560991.25,969868.875,1640640.0,1
1789486666.2978024,music,354,34,37494752.0,17451084.0,121437440.0,525962624.0,875367232.0,911475.375,0.0,3477871.25,743120.1875,3150588.25,5890923.5,71182176.0,8678334.0,16613104.0,6307523.0,2311341.5,1
1789486666.3584447,music,356,36,11990730.0,8462162.0,202186320.0,1177253504.0,1531705472.0,9372180.0,485338.125,1004054.1875,1531275.875,13631998.0,2317341.0,42712272.0,13954361.0,1905322240.0,4737036.5,836141.1875,1
1789486666.4221497,music,341,28,54122200.0,1197692.625,8223457.5,21769256.0,241017760.0,25462382.0,2072962.75,3010109.5,312013.9375,109114.2421875,70499.171875,139145856.0,4577372.0,764201088.0,3142679.5,346655.65625,1
1789486666.9935348,music,355,28,10429426.0,1238332.625,46564000.0,119477472.0,1309814528.0,343916352.0,0.0,0.0,79904.3671875,14415054.0,5822655.0,3139677.0,180236.703125,31213632.0,220387.671875,643652.5,1
1789486667.0529485,music,358,35,23850324.0,1345775.875,59151448.0,114372160.0,2660730880.0,355370624.0,409454.375,167625.296875,132750.25,5074171.0,2684474.5,9531609.0,961698.125,95345088.0,531102.4375,1006103.0625,1
1789486667.1170409,music,5,29,29163636.0,1234087.25,28535504.0,258671392.0,219083904.0,0.0,832859.0,2565512.5,1704972.375,2405682.0,7670775.5,6810366976.0,20206416.0,15643377.0,688353.5625,689154.4375,1
1789486667.1808703,music,8,31,24129278.0,1692041.5,5954131.0,550235200.0,783963328.0,0.0,142254.03125,424170.0,1289742.25,7856609.0,4435916.0,2768270848.0,16970960.0,9663682.0,112144.7734375,26436.92578125,1
1789486667.2456598,music,5,30,1507495.5,0.0,4864666.5,1154546304.0,1746857856.0,23827642.0,514433.0,823889.625,172342.765625,4267326.0,0.0,537296000.0,892459.25,86258680.0,133038.703125,167036.1875,1
1789486667.3098452,music,4,32,1465944.0,2608767.25,22519028.0,138415376.0,717391168.0,1433012.25,414342.6875,1738999.75,557791.8125,3194049.75,2867799.75,447203488.0,5690001.0,58290856.0,112943.65625,53019.36328125,1
1789486667.373744,music,0,24,51643192.0,348495.5,142935680.0,445369568.0,426741984.0,95667640.0,59313188.0,0.0,3898493.25,1438315648.0,468487104.0,24512060.0,9095296.0,38848416.0,0.0,37365564.0,1
1789486667.438336,music,0,24,27599388.0,0.0,383949824.0,1016765696.0,339787456.0,8741523.0,0.0,520517.6875,2756644.25,704131392.0,258870912.0,42103224.0,2178516.5,6862439.0,0.0,439890.5,1
1789486667.8168907,music,359,32,60771036.0,46784216.0,52545680.0,157929568.0,157328464.0,0.0,43861068.0,1356610304.0,360247584.0,45848132.0,19254474.0,14828764.0,4025946.0,3553486.5,621327.25,3683705.5,1
1789486668.0696526,music,359,28,51945792.0,51356432.0,798620992.0,120539600.0,49209368.0,0.0,308613.25,0.0,0.0,1730993408.0,599157632.0,11519675.0,4238527.0,90129.1484375,0.0,835541.5625,1
1789486668.1143212,music,359,24,30677876.0,3628426.25,227544880.0,70628448.0,8936436.0,0.0,0.0,0.0,0.0,1804809216.0,767563968.0,15529655.0,258984.578125,2745143.0,260427.015625,156839.90625,1
1789486668.2288043,music,0,33,17294024.0,41720596.0,824609024.0,830288576.0,47533656.0,2968454.75,391714.4375,14492120.0,1937451.25,805291712.0,301323456.0,7062264.5,324924.6875,7730309.5,92692.2421875,226554.703125,1
1789486668.3238626,music,1,29,117293288.0,0.0,28530548.0,113795744.0,19164398.0,7352063.5,2815627.0,559159.6875,492448.6875,22097852.0,20794508.0,1049704704.0,3046991.25,3270467.75,1072047.375,1639363.375,1
1789486668.38389,music,4,29,49225936.0,9884846.0,170910672.0,285796160.0,96754400.0,1702529.0,1335765.0,2610567.5,1206829.25,30402118.0,23987388.0,1409609088.0,5119043.0,72703.8203125,202470.109375,415365.875,1
1789486668.4477098,music,5,33,185090448.0,7435650.0,108082536.0,237017184.0,124101968.0,920858.6875,529843.875,4137696.0,1769750.875,23133904.0,6135045.0,1093366528.0,3384672.0,143699.140625,947920.6875,229295.28125,1
1789486669.085134,music,5,28,214268352.0,7179670.5,29537148.0,257549568.0,333448960.0,336725.5,31914.08203125,402208.75,827525.8125,1595232.5,7750006.0,4334611456.0,11160402.0,1121242.375,10785041.0,1278479.375,1
1789486669.1295097,music,6,30,233533648.0,6514953.5,61538312.0,823474432.0,1168398464.0,2480374.75,318262.9375,916143.875,670656.4375,14270563.0,6340634.0,3789780224.0,7429587.0,0.0,4848706.0,443093.71875,1
1789486669.1941836,music,5,33,170609680.0,1328281.75,42437672.0,588135872.0,674786944.0,1223561.0,906626.0625,0.0,2105175.0,1270928.75,1244837.875,946072704.0,2977034.25,1413245.875,4907198.5,289962.96875,1
1789486669.2585492,music,5,24,0.0,7156720.5,45300956.0,643973248.0,1094252288.0,0.0,272326.75,401143.0625,798196.625,0.0,770788.6875,468029952.0,183057.515625,324728.71875,8314619.0,636412.1875,1
1789486669.3085346,music,5,37,148573376.0,6994876.0,35444184.0,481906112.0,824952448.0,79581000.0,215622720.0,11300044.0,10847268.0,28575348.0,34010152.0,344695936.0,44573444.0,375116064.0,148306976.0,18910788.0,1
1789486669.3540206,music,5,23,494118400.0,98983136.0,5471115.0,217436496.0,176147408.0,50520156.0,40074776.0,12127330.0,747838.5625,5933918.0,966021.9375,0.0,0.0,104467368.0,6019547.0,23895468.0,1
1789486669.812253,music,358,34,330392000.0,460806272.0,222972208.0,6291748.0,315807456.0,159278800.0,16598812.0,7803613.0,923595.125,2894195.25,1509570.25,10016443.0,16851268.0,748468608.0,3564054016.0,154690624.0,1
1789486669.8755205,music,358,34,79780656.0,173636480.0,9610018.0,43150960.0,117188504.0,715880768.0,1507566.5,1482550.75,1957722.375,12240280.0,4696677.0,33602576.0,704118.3125,151814624.0,2472066048.0,16727552.0,1
1789486669.9388492,music,0,32,55372528.0,0.0,19958376.0,85585408.0,187206624.0,1257864832.0,6697048.0,530853.5,715751.5,4425429.0,1266576.75,34443224.0,336345.75,937682.4375,353773216.0,4025233.75,1
1789486670.3201675,music,353,34,71239528.0,356391808.0,252991424.0,124096928.0,64979016.0,170166160.0,2198385.0,6236557.0,10374605.0,2521948928.0,985106048.0,12836101.0,1709200.75,17875824.0,80617936.0,2964205.0,1
1789486670.3838043,music,350,28,299008704.0,0.0,173716896.0,285384704.0,3028437.5,78667264.0,2203123.5,0.0,2412032.25,1237382912.0,468473920.0,3368088.5,1465444.75,4090136.0,9767872.0,727188.0,1
1789486670.7641044,music,5,38,56479784.0,6893543.0,736236096.0,791178112.0,51681600.0,267622528.0,5375870.0,715296.875,475864.6875,342726656.0,137926880.0,3943417.0,743490.25,4462743.0,4124963.5,36608.40625,1
1789486670.8908179,music,6,30,386876352.0,29812536.0,755426560.0,942960256.0,9056006.0,194106400.0,4293236.0,170634.671875,179571.328125,72206992.0,76725696.0,156200.625,471037.28125,3240364.5,24979496.0,2386071.0,1
1789486671.0814312,music,13,36,153250976.0,303248576.0,733568704.0,210017584.0,11683440.0,20509748.0,8321736.5,961661440.0,177984736.0,123304752.0,48534084.0,2689241.75,1488456.75,2428274.5,3004729.0,759404.3125,1
1789486671.3023436,music,28,36,69211120.0,257554944.0,796797376.0,101319896.0,48942028.0,22980726.0,60841404.0,127992168.0,24417482.0,90149656.0,139667136.0,119879168.0,129212384.0,301420352.0,95558904.0,28959596.0,1
1789486671.3630297,music,29,30,272819104.0,24785720.0,220365376.0,122436976.0,77580576.0,117488320.0,163597360.0,16932400.0,12795265.0,24027498.0,0.0,508381504.0,134137808.0,357901824.0,38799828.0,33232080.0,1
1789486671.4260454,music,29,23,143412928.0,150068736.0,1089279616.0,103030136.0,0.0,12300939.0,5753788.0,33128080.0,8420369.0,150579888.0,38244932.0,7974529.5,0.0,16207664.0,0.0,4729518.5,1
1789486671.4752886,music,30,30,222264992.0,1020092032.0,286331328.0,144730976.0,204857520.0,15783032.0,4546390.5,43942108.0,19118204.0,51859000.0,0.0,105057536.0,3747307.25,12085108.0,36800552.0,401951.25,1
1789486671.537978,music,31,32,164169952.0,278304672.0,555427648.0,173070688.0,253159920.0,1651393.875,38517108.0,22780988.0,0.0,156712592.0,53978664.0,0.0,2219755.5,6547048.0,28055590.0,1911006.0,1
1789486671.6010528,music,50,28,69047576.0,28669052.0,213236464.0,165556352.0,30118474.0,1100675.125,5381027.0,0.0,1543883.5,1799001088.0,717683008.0,10181674.0,1112326.75,3451490.75,1579891.125,595271.5,1
1789486671.663866,music,52,26,187237568.0,54535092.0,0.0,0.0,4530685.5,6189523.0,2234253.0,8912596.0,4790959.0,1941069056.0,705257792.0,18014424.0,3849639.5,13526132.0,15900374.0,656808.125,1
1789486671.7262783,music,57,28,72385648.0,527537696.0,441633792.0,9135992.0,37635196.0,6207149.0,2731870.75,11752310.0,4321674.0,2430019072.0,844597120.0,251001.90625,930812.625,2637285.5,1413691.875,299221.4375,1
1789486671.788804,music,57,28,119747088.0,110802592.0,59107764.0,1001018368.0,112284288.0,937772.625,0.0,12240936.0,1560571.25,1274938880.0,477305824.0,35864920.0,668993.125,26693268.0,45236720.0,7994002.0,1
1789486671.8354566,music,57,30,81988496.0,137722720.0,755198592.0,608633024.0,84560736.0,27536272.0,0.0,8249515.0,6997302.0,1052770944.0,343640448.0,5845983.0,2010119.125,84568704.0,28099834.0,12420041.0,1
1789486671.8857741,music,57,24,96582584.0,41495572.0,44762472.0,2412747264.0,45761124.0,0.0,20018312.0,28088524.0,12000738.0,296085344.0,66364220.0,44620384.0,9433403.0,2174090.0,0.0,24929494.0,1
1789486671.9322863,music,57,24,300647392.0,11047078.0,1778079104.0,0.0,24658642.0,2044999.375,0.0,1578687.75,4211686.5,185140960.0,79736272.0,57172488.0,1980838.0,1931098.75,6643033.5,3653110.5,1
1789486671.9817853,music,57,27,217170128.0,512878208.0,71813280.0,20047978.0,49598752.0,78766.828125,0.0,6453361.0,5117709.0,114568408.0,56861288.0,28010202.0,880112.0625,12296330.0,0.0,666090.25,1
1789486672.031556,music,57,26,1359986560.0,0.0,552117504.0,559803264.0,24460104.0,5965837.5,6623672.0,3600979.5,2730481.0,14565056.0,16429993.0,2440042.75,1167882.75,143724.171875,898098.5,1137790.125,1
1789486672.0777307,music,53,29,1223225984.0,53026748.0,540416000.0,443385632.0,3383628.5,2535508.75,510331.75,7409701.0,2972375.0,64376848.0,15548981.0,1063516.5,0.0,3261270.5,3215457.5,2666362.5,1
1789486672.1408796,music,52,28,135754688.0,47539760.0,0.0,131143008.0,58432184.0,4969605.0,3024766.75,6263735.0,13688172.0,95041688.0,80407760.0,2279632.25,832363.375,19504156.0,11708620.0,7466757.5,1
1789486672.2521198,music,43,30,762372928.0,7042460.0,475398848.0,364473376.0,4859420.5,10716059.0,0.0,1007166.375,5161588.0,9809486.0,680471.0,34189328.0,3158171.0,15721401.0,1671309.0,0.0,1
1789486672.3098216,music,57,30,1049034752.0,35328504.0,395631392.0,253837456.0,21695948.0,12047147.0,54092324.0,218856.078125,1728762.0,21644548.0,237192.984375,27103720.0,1949714.25,4320161.5,2628444.0,2618942.75,1
1789486672.3717737,music,50,28,1542129664.0,15229734.0,0.0,331063360.0,319879552.0,55390592.0,917854.9375,1269770.25,2936945.5,100014368.0,38276404.0,2456606208.0,19794078.0,36468768.0,107318576.0,20539538.0,1
1789486672.4341424,music,50,36,624294784.0,120180176.0,636498496.0,899481856.0,1134685568.0,401671840.0,9991738.0,12539262.0,2268360.25,111240528.0,11682578.0,1083966848.0,7780666.5,166610976.0,161421952.0,4497728.0,1
1789486672.483398,music,51,35,542269632.0,84790888.0,30403144.0,1941482240.0,2076081920.0,1869019776.0,9611146.0,5635967.0,5817444.0,159320912.0,64170980.0,291441856.0,43169036.0,144394192.0,1921671552.0,11221843.0,1
1789486672.5449932,music,49,35,1699739648.0,420465152.0,123496608.0,663487744.0,340804736.0,152973632.0,6435519.5,18695032.0,3668479.5,51413616.0,3863872.0,776504064.0,24961616.0,102715072.0,231542192.0,26092664.0,1
1789486672.607072,music,52,30,1006585920.0,202600736.0,254929664.0,1963886336.0,1100203648.0,17936032.0,26047462.0,0.0,1258855.0,58346664.0,32068072.0,159442144.0,0.0,29551876.0,20756804.0,3176017.0,1
1789486672.6692004,music,52,34,445834272.0,62893368.0,184963776.0,1272609152.0,1616263552.0,212386592.0,36698284.0,21075054.0,15910304.0,115430904.0,15454203.0,127671088.0,8073992.0,26882978.0,155748624.0,3483735.5,1
1789486672.7146912,music,53,29,473020736.0,0.0,13099651.0,931293056.0,843116928.0,151945664.0,70556512.0,69271976.0,10154898.0,7355587.0,4788703.5,232648272.0,12397994.0,1272854.5,1732860.875,2089644.0,1
1789486672.7764552,music,53,28,1490352128.0,0.0,121682192.0,588749888.0,512596192.0,315631936.0,81943608.0,7774871.0,1470183.875,2116145.0,5400701.0,20705716.0,7383576.0,22719990.0,30376960.0,4157710.75,1
1789486672.8212163,music,53,33,1324932480.0,282024288.0,254442784.0,377520000.0,688293248.0,330215872.0,27340336.0,15702794.0,5145406.0,5787512.0,6315200.0,24505030.0,945744.5,2100353.0,43277344.0,767083.8125,1
1789486672.8704405,music,53,31,319315904.0,83264656.0,33628708.0,426001984.0,824808704.0,180952064.0,59577788.0,15141898.0,3454075.5,120939824.0,1439722.75,197015360.0,5413602.0,1916698624.0,417571840.0,927464960.0,1
1789486672.9196854,music,53,28,141239424.0,0.0,0.0,377329088.0,944560000.0,142479984.0,9444250.0,29967954.0,14104119.0,13730732.0,7065126.0,32647500.0,5759616.0,31368088.0,49567748.0,104664712.0,1
1789486673.012706,music,53,34,491401600.0,120212824.0,25981512.0,22200712.0,123243408.0,100188728.0,33676676.0,20626822.0,5919903.0,77505488.0,17589072.0,21961724.0,11530021.0,123197304.0,18312648.0,108078208.0,1
1789486673.0581446,music,57,34,530930560.0,83662672.0,13096690.0,111772760.0,222376064.0,7778112.0,3285029.5,13871848.0,1803996.75,6280458.0,2205936.75,39288768.0,2122539.5,26603486.0,3456340.25,128331968.0,1
1789486673.1198149,music,57,31,9609679.0,137016416.0,353699520.0,844887872.0,980289216.0,17278718.0,18071464.0,3049510.0,182249.578125,66120112.0,9311285.0,29173944.0,918684.0,12279208.0,12347677.0,71338224.0,1
1789486673.1654198,music,59,36,338507456.0,427114336.0,1618329088.0,447120864.0,563962624.0,3292113.5,17616956.0,18343508.0,6861502.5,14495539.0,4381820.0,33399468.0,1428606.25,29060712.0,9649467.0,227602656.0,1
1789486673.228315,music,60,26,120416976.0,65824196.0,0.0,509573280.0,324459232.0,85472576.0,5597348.0,34686012.0,3248298.5,16678324.0,1715419.0,35963160.0,11832460.0,46528952.0,48457328.0,51482172.0,1
1789486673.2910016,music,65,26,443120576.0,24748780.0,78673552.0,214606080.0,299829024.0,8888640.0,8632178.0,12171066.0,2878711.0,5349910.5,1679262.875,1642518.25,537795.875,10999283.0,0.0,37204180.0,1
1789486673.8681767,music,147,11,88284192.0,0.0,0.0,8619321.0,11235000.0,0.0,1389259.375,1875319.25,0.0,0.0,1489355.5,3080291.5,0.0,0.0,0.0,683917.0,1
1789486673.9181728,music,139,9,0.0,101867296.0,196803376.0,3429975.0,0.0,0.0,0.0,0.0,1009855.6875,0.0,10547390.0,4184973.25,0.0,418964.25,580539.9375,534005.9375,1
1789486674.0588427,music,188,4,17023760.0,0.0,0.0,0.0,0.0,0.0,0.0,0.0,290953.9375,0.0,0.0,0.0,14211.4609375,83988.375,0.0,0.0,1
1789486674.122793,music,188,4,51998632.0,0.0,0.0,0.0,0.0,0.0,0.0,0.0,0.0,0.0,0.0,112137.4375,20674.5390625,0.0,0.0,0.0,1
1789486674.2153058,music,189,13,12423141.0,0.0,0.0,0.0,3890838.5,942782.4375,11097295.0,0.0,0.0,221296.125,0.0,722277.625,0.0,0.0,1631022.5,0.0,1
1789486674.2741046,music,188,10,19605402.0,2965744.5,0.0,0.0,615581.25,0.0,1054081.375,0.0,0.0,0.0,0.0,541420.125,26604.28515625,938626.625,0.0,0.0,1
1789486674.338168,music,189,14,151273616.0,2610723.25,0.0,0.0,3708761.0,0.0,2514029.25,201604.34375,0.0,0.0,0.0,1003160.375,400193.65625,2261682.0,388460.65625,0.0,1
1789486674.402193,music,183,6,82342880.0,0.0,0.0,0.0,763797.875,2608099.5,0.0,1175768.625,0.0,213870.140625,0.0,0.0,0.0,4214608.0,0.0,0.0,1
1789486674.4672709,music,207,7,0.0,0.0,0.0,0.0,0.0,538279.5,198623776.0,0.0,0.0,112037.1171875,0.0,74362.1953125,0.0,4299151.5,0.0,0.0,1
1789486674.530842,music,202,14,24155396.0,0.0,0.0,0.0,125280.140625,0.0,106686560.0,0.0,55577.96875,288073.1875,0.0,0.0,812482.375,7502927.5,385902.75,1266742.75,1
1789486674.595432,music,210,10,79028032.0,0.0,0.0,0.0,69107.2109375,0.0,11751337.0,0.0,0.0,0.0,0.0,1322035.25,12818380.0,202548368.0,0.0,0.0,1
1789486676.0512064,music,166,11,0.0,0.0,1343681152.0,472466240.0,138238512.0,0.0,0.0,6000907.0,2909688.5,2529710.75,0.0,0.0,0.0,0.0,0.0,6431854.5,1
1789486676.109721,music,198,7,9835385.0,0.0,0.0,0.0,0.0,5808052.0,65006128.0,0.0,0.0,0.0,0.0,21372788.0,151178224.0,0.0,0.0,0.0,1
1789486676.174783,music,198,7,3492249.25,0.0,0.0,0.0,0.0,0.0,0.0,0.0,0.0,4384833.0,0.0,429614944.0,0.0,0.0,45077784.0,0.0,1
1789486676.2425168,music,198,15,0.0,0.0,0.0,0.0,1337291.875,0.0,68711680.0,743126.8125,0.0,2679012.5,1886379.25,32647136.0,167335552.0,20118372.0,0.0,68056952.0,1
1789486676.2884881,music,194,12,8372755.0,0.0,0.0,4337583.0,169139712.0,0.0,0.0,0.0,0.0,0.0,0.0,180407072.0,0.0,59637888.0,142991264.0,0.0,1
1789486676.3540688,music,194,13,217656336.0,0.0,0.0,0.0,142668352.0,180231872.0,0.0,0.0,0.0,741419.25,0.0,7073713.5,77781920.0,103727792.0,7690083.5,0.0,1
1789486676.4028008,music,170,9,0.0,0.0,123378720.0,484230016.0,10406685.0,0.0,0.0,0.0,0.0,0.0,0.0,0.0,0.0,479258720.0,0.0,10893222.0,1
1789486676.4670203,music,192,9,149526976.0,0.0,0.0,0.0,0.0,2642294.5,0.0,5583013.0,0.0,0.0,0.0,23158332.0,2177687.25,0.0,41444856.0,0.0,1
1789486676.5322077,music,193,17,534128032.0,0.0,0.0,13785419.0,0.0,0.0,748489920.0,13981887.0,3034423.25,6466691.0,0.0,34278960.0,25080796.0,41287152.0,10645563.0,10074309.0,1
1789486676.597636,music,193,17,377095744.0,0.0,0.0,0.0,49414084.0,0.0,574001024.0,0.0,32529732.0,0.0,4244821.0,165025824.0,27052788.0,47267216.0,11946299.0,7331817.0,1
1789486676.642352,music,193,11,336737344.0,2074338.375,2242728.75,0.0,3765443.0,0.0,6289182.5,0.0,1457497.75,0.0,14131626.0,46271900.0,0.0,0.0,0.0,0.0,1
1789486676.779018,music,204,7,389066624.0,0.0,0.0,0.0,0.0,8460156.0,0.0,0.0,2997102.25,0.0,9112159.0,0.0,10104410.0,1202005.625,0.0,0.0,1
1789486676.8429627,music,204,18,253265584.0,2387325.5,0.0,0.0,6364732.0,3233343.5,221765952.0,0.0,0.0,0.0,4058456.5,9471617.0,7162721.0,71982376.0,0.0,0.0,1
1789486676.8884888,music,211,13,133897032.0,185358.828125,209484480.0,612347264.0,0.0,911925.5625,285444480.0,0.0,0.0,5600685.0,0.0,4998066.0,0.0,0.0,0.0,0.0,1
1789486676.9526207,music,212,5,0.0,0.0,0.0,0.0,0.0,0.0,0.0,0.0,0.0,1625931.25,0.0,1827908.25,10942724.0,15040675.0,0.0,4051867.0,1
1789486677.0141535,music,212,4,0.0,0.0,0.0,0.0,0.0,1093514.125,10730048.0,0.0,0.0,0.0,0.0,0.0,4628182.5,0.0,0.0,0.0,1
1789486677.0607114,music,214,7,187886048.0,0.0,0.0,0.0,1347904.125,640691.125,0.0,0.0,0.0,0.0,0.0,822305.375,0.0,3656465.25,0.0,877451.4375,1
1789486677.124602,music,216,12,198927392.0,696006.4375,0.0,0.0,0.0,9305244.0,0.0,2088341.5,0.0,853846.5,0.0,1506141.0,0.0,83610056.0,6887750.0,0.0,1
1789486677.1866102,music,216,9,87223552.0,0.0,0.0,3873161.0,0.0,0.0,0.0,0.0,0.0,0.0,0.0,6544087.0,0.0,11387566.0,0.0,566416.0,1
1789486677.2538166,music,211,14,88143264.0,0.0,0.0,0.0,4577033.0,4551085.5,353802720.0,0.0,206890.90625,0.0,0.0,0.0,0.0,45845260.0,2470352.75,0.0,1
1789486677.3117788,music,211,11,120727488.0,0.0,0.0,0.0,0.0,0.0,31174848.0,0.0,425972.96875,780094.6875,0.0,1224427.875,894173.0,45390588.0,0.0,0.0,1
1789486677.3614533,music,212,5,35036076.0,203094.125,0.0,0.0,0.0,0.0,29106486.0,0.0,0.0,0.0,0.0,0.0,0.0,0.0,0.0,0.0,1
1789486677.6346562,music,219,12,13671949.0,0.0,0.0,0.0,111459808.0,7797201.5,0.0,0.0,0.0,0.0,171207552.0,6304581.0,0.0,26564604.0,192069.640625,0.0,1
1789486677.692185,music,210,15,11805400.0,0.0,0.0,0.0,243628080.0,326710.90625,8278240.0,69198432.0,766039.6875,142327296.0,0.0,9676030.0,843215.125,0.0,628756.4375,0.0,1
1789486677.7542822,music,207,14,0.0,6446439.0,0.0,18436.990234375,0.0,0.0,0.0,26748248.0,2529582.5,2442896.75,785498944.0,101081248.0,0.0,50609212.0,0.0,0.0,1
1789486677.9518936,music,224,19,8915437.0,0.0,0.0,0.0,125522488.0,4451447.0,4985964.5,4375179.0,0.0,34499840.0,1567789056.0,1308113.0,178476.765625,0.0,897752.9375,0.0,1
1789486679.2191415,music,236,9,0.0,16223770.0,0.0,0.0,0.0,1485913.0,898685.5,0.0,0.0,0.0,3781210.5,1351945.5,0.0,278321.5625,0.0,0.0,1
1789486679.3446183,music,250,5,0.0,86981304.0,604226.875,0.0,0.0,0.0,0.0,0.0,0.0,133433.53125,0.0,0.0,0.0,119209.6484375,0.0,0.0,1
1789486679.4048436,music,216,15,0.0,0.0,270659.59375,28600100.0,21229484.0,600574.4375,2655247.5,0.0,0.0,297594.625,454867.15625,4315518.5,0.0,2777653.25,0.0,0.0,1
1789486679.4797175,music,224,21,0.0,30163220.0,901727.3125,40981912.0,82912520.0,2163740.0,2954008.0,3039491.0,542596.1875,734901.875,425815.75,1133350.0,1378278.5,748404.4375,1126753.125,0.0,1
1789486679.7882924,music,189,5,15400312.0,0.0,0.0,0.0,0.0,0.0,0.0,0.0,0.0,0.0,688105.125,0.0,0.0,0.0,0.0,1256685.125,1
1789486679.789263,music,236,9,0.0,0.0,0.0,2174468.5,1092676.125,0.0,1393043.875,0.0,0.0,140556.078125,125170.875,2126901.75,0.0,1910366.375,0.0,0.0,1
1789486679.8457959,music,206,4,12811368.0,1915914.125,0.0,1148041.25,0.0,0.0,0.0,0.0,0.0,0.0,0.0,0.0,0.0,0.0,0.0,0.0,1
1789486679.9084628,music,207,12,2871751.0,0.0,0.0,0.0,7928167.0,0.0,423802.3125,62240.21484375,516044.5625,0.0,0.0,1409653.25,0.0,964302.0,2347217.0,0.0,1
1789486679.9771295,music,207,5,3390999.75,0.0,0.0,0.0,1323454.625,0.0,0.0,0.0,0.0,0.0,0.0,0.0,0.0,1408246.375,0.0,0.0,1
1789486680.2941554,music,221,19,0.0,0.0,5396174.0,59424784.0,11744938.0,5527708.0,683176.125,178529.5,0.0,0.0,2934018.5,1169980.0,584766.8125,2172014.25,17343288.0,0.0,1
1789486680.3521764,music,223,11,767712.5625,0.0,500929.9375,35307316.0,5908678.0,7508108.0,78796.9765625,7545312.0,0.0,0.0,0.0,323887.65625,0.0,0.0,0.0,0.0,1
1789486680.8000345,music,222,11,82160048.0,18419432.0,0.0,0.0,5688889.0,33629868.0,6427617.0,3505518.75,0.0,0.0,0.0,0.0,0.0,18206522.0,95558328.0,0.0,1
1789486680.8569822,music,216,9,15253740.0,0.0,0.0,0.0,0.0,0.0,0.0,2084224.375,240349.375,1209333.625,0.0,4276741.0,0.0,180892624.0,244505600.0,0.0,1
1789486681.844588,music,228,15,19722920.0,0.0,0.0,51342148.0,19670712.0,3819364.5,3003665.5,0.0,4423651.5,0.0,4864613.5,13963898.0,0.0,0.0,6437466.0,0.0,1
1789486681.9026835,music,215,11,4057357.5,0.0,0.0,60017920.0,103390688.0,0.0,0.0,0.0,0.0,0.0,2101012.0,0.0,6593651.0,0.0,15610790.0,1793926.5,1
1789486681.9034164,music,261,9,0.0,60396928.0,5352431.5,0.0,0.0,1711210.0,0.0,0.0,0.0,4291519.0,0.0,10541542.0,0.0,0.0,0.0,0.0,1
1789486681.965501,music,248,11,0.0,0.0,0.0,0.0,14970956.0,0.0,0.0,1322270.625,324814.625,3843418.0,624379.375,25071344.0,11935400.0,0.0,0.0,2178846.0,1
1789486682.350168,music,229,15,39326384.0,0.0,60105852.0,237197232.0,413233.75,0.0,1656196.5,200335.71875,0.0,1233466.125,3144849.25,820573.5,290078.53125,10740493.0,954616.25,0.0,1
1789486682.4085839,music,227,18,12143449.0,0.0,137205776.0,349568416.0,279525.59375,331279.25,0.0,595306.8125,572113.0625,22986256.0,0.0,2324579.5,0.0,8751672.0,8038039.0,0.0,1
1789486682.469354,music,253,10,0.0,0.0,0.0,0.0,0.0,660104.0625,339982336.0,221545.546875,0.0,81417200.0,19674208.0,1211710.625,0.0,0.0,0.0,1037264.625,1
1789486682.5325682,music,236,17,38439472.0,663435.375,0.0,0.0,455244.46875,1015438.875,22560688.0,0.0,0.0,0.0,18658404.0,2184065.5,68444152.0,696588352.0,2427448.0,0.0,1
1789486682.5960035,music,241,11,0.0,592328.4375,1086910.25,0.0,531343.0625,0.0,0.0,0.0,241802.40625,0.0,1400164.125,4424969.0,143319312.0,553641664.0,0.0,0.0,1
1789486682.659741,music,256,12,0.0,36857.578125,0.0,0.0,0.0,0.0,43661688.0,104243.7578125,0.0,162603168.0,32578994.0,0.0,0.0,0.0,1197259.375,254389.4375,1
1789486682.6607797,music,221,7,0.0,0.0,191899904.0,169224816.0,1437693.375,238223.375,0.0,0.0,0.0,0.0,0.0,883269.5,0.0,0.0,0.0,0.0,1
1789486682.721524,music,223,12,0.0,2628336.0,218735584.0,394362592.0,333459.125,0.0,0.0,821324.8125,226494.0625,0.0,105438272.0,0.0,0.0,6409403.0,584066.4375,0.0,1
1789486682.783782,music,247,16,60577264.0,0.0,0.0,0.0,0.0,6743440.0,93310376.0,0.0,0.0,75194504.0,17796970.0,11139470.0,9132142.0,0.0,0.0,2544775.0,1
1789486682.847416,music,256,6,10430778.0,0.0,0.0,0.0,0.0,0.0,28733394.0,0.0,0.0,23676002.0,18619876.0,0.0,0.0,0.0,0.0,0.0,1
1789486684.0599966,music,253,10,4449968.5,2333746.75,175667856.0,0.0,244912.5625,1525648.5,3151931.25,81534.203125,0.0,850423.0625,0.0,0.0,117122.8046875,0.0,0.0,0.0,1
1789486684.1249912,music,253,8,2703687.0,0.0,0.0,0.0,0.0,0.0,3821959.75,0.0,0.0,0.0,0.0,0.0,428829.09375,987735.0625,0.0,0.0,1
1789486684.1703885,music,253,13,997491.75,0.0,0.0,2035148.75,152461.25,113860.8984375,4838796.0,91843.8515625,0.0,48056.8984375,0.0,233859.75,0.0,0.0,59056.0703125,303259.15625,1
1789486684.216047,music,263,12,0.0,492894.4375,783910.0,0.0,65106.453125,0.0,11030683.0,0.0,0.0,9587492.0,0.0,76024.09375,488662.6875,814213.5625,0.0,0.0,1
1789486684.2813942,music,263,14,8472596.0,546581.625,2512079.0,0.0,81497.8046875,185820.90625,18967274.0,0.0,0.0,12319956.0,2000543.25,0.0,682372.875,5438130.0,11212.548828125,0.0,1
1789486684.3296287,music,243,23,0.0,0.0,390556288.0,541857728.0,11382378.0,123253.7109375,0.0,6158536.0,118641.5625,1609979.625,688659.25,1200565.75,941555.125,12353087.0,797587.6875,983657.375,1
1789486684.3933773,music,243,20,147327872.0,1582508.75,1311281.5,0.0,3064429.25,149407.1875,0.0,0.0,825386.5,35760368.0,14277953.0,4028008.25,1078980.5,29657810.0,0.0,0.0,1
1789486684.445128,music,233,8,129877888.0,0.0,0.0,0.0,0.0,0.0,0.0,0.0,0.0,20863848.0,0.0,0.0,2942560.5,45094304.0,0.0,542008.25,1
1789486684.4460816,music,277,6,0.0,0.0,0.0,0.0,0.0,1003559.625,191755616.0,0.0,0.0,7524534.0,0.0,0.0,0.0,0.0,0.0,0.0,1
1789486684.5109365,music,275,8,0.0,0.0,10685147.0,0.0,0.0,222924.0625,59480848.0,0.0,278534.78125,0.0,0.0,0.0,0.0,0.0,0.0,752072.875,1
1789486684.5115168,music,234,4,2767608.5,0.0,0.0,0.0,846060.1875,0.0,0.0,0.0,0.0,8765142.0,7043042.0,0.0,0.0,0.0,0.0,0.0,1
1789486684.5982103,music,234,11,396898368.0,0.0,0.0,2049412.25,6155073.0,122861.171875,0.0,0.0,0.0,0.0,0.0,18645392.0,4716582.0,0.0,0.0,921714.375,1
1789486684.599152,music,277,9,0.0,0.0,0.0,0.0,0.0,0.0,32046154.0,0.0,5153059.5,9172818.0,113100.3828125,762117.5625,0.0,1148442.625,34959.609375,0.0,1
1789486685.3554752,music,264,16,0.0,0.0,208568112.0,413712640.0,682460.375,0.0,134919136.0,1385631.125,0.0,8323034.5,1085902.0,0.0,0.0,381741120.0,12876844.0,2718402.5,1
1789486685.4159214,music,270,17,0.0,0.0,215944784.0,485176192.0,2017272.875,0.0,7054446.0,1403897.75,591572.5625,0.0,0.0,1108429.875,0.0,339415360.0,3955260.75,448520.6875,1
1789486685.5144298,music,271,23,33033654.0,938033.5625,0.0,0.0,1142135.5,0.0,59823408.0,715198.0,86662.6171875,1810554.875,12240830.0,1231893.25,644870.0,82936784.0,356901.71875,468323.8125,1
1789486685.5791755,music,271,14,9445285.0,0.0,3139249.0,28341470.0,11515055.0,0.0,115021584.0,1184789.375,0.0,87833.796875,0.0,760397.625,0.0,502266880.0,0.0,454442.78125,1
1789486685.862464,music,289,14,0.0,3087451.0,434458592.0,413895040.0,1938475.0,0.0,71755360.0,596583.75,0.0,1673334.875,0.0,0.0,4702557.0,10457692.0,0.0,65569.2578125,1
1789486685.989026,music,300,15,0.0,0.0,682284224.0,898449600.0,0.0,0.0,11309853.0,1843974.75,579651.0,0.0,0.0,0.0,2953389.0,3765208.75,61666.65625,1094609.5,1
1789486686.049092,music,300,13,0.0,272431.34375,55056848.0,24887916.0,819425.75,174895.1875,0.0,1137131.125,208130.625,2155916.75,1203178.875,165132.0625,0.0,0.0,0.0,0.0,1
1789486686.209987,music,296,28,0.0,0.0,229975296.0,268786944.0,4179358.75,10556081.0,155797552.0,1816026.5,495417.84375,103729.7578125,512775.625,1378188.625,3289308.5,11291462.0,245625.25,56008.3359375,1
1789486686.2691822,music,317,22,0.0,678555.3125,341371424.0,385623840.0,2320793.0,994263.0625,86255648.0,64915.44140625,291207.0625,896009.5625,0.0,641120.75,437164.96875,33946184.0,0.0,0.0,1
1789486687.1924925,music,315,20,3612891.0,120256848.0,2455411.5,3143163.25,6364383.0,221212.953125,1965128.375,55696.53515625,1924140.875,8591470.0,0.0,0.0,70004.171875,819015.375,784202.625,0.0,1
1789486687.2498844,music,326,17,54230588.0,103493936.0,395847.53125,0.0,0.0,0.0,2770246.5,0.0,0.0,11596614.0,0.0,213473.34375,347100.40625,1601298.0,242201.578125,0.0,1
1789486687.3231587,music,297,29,215177840.0,96990208.0,338502.0625,6099976.5,6703626.0,1962491.625,2404442.0,945872.25,360577.71875,0.0,1086685.125,2585285.5,2126844.75,1203933.0,3949037.5,2080161.25,1
1789486687.3848014,music,305,23,3270017.75,31654776.0,9200310.0,86152248.0,55784484.0,0.0,1385169.75,0.0,3769076.25,4280892.0,1467534.0,3652072.5,730225.4375,8389519.0,2743422.5,4036228.5,1
1789486687.447045,music,299,21,21611126.0,109611856.0,0.0,177223360.0,147931792.0,0.0,17853456.0,253283.3125,0.0,0.0,0.0,17899474.0,248932.5625,5698720.5,2125726.0,0.0,1
1789486687.5062366,music,308,17,29905176.0,209415520.0,290935.1875,50860068.0,94045792.0,595726.125,0.0,248819.484375,0.0,0.0,304887.96875,0.0,87161.6953125,474144.3125,324730.4375,272389.0625,1
1789486687.5687113,music,308,22,25681662.0,65160112.0,1923588.125,0.0,129329.5,2084876.25,19046178.0,0.0,0.0,1803830.5,182880.125,0.0,601246.625,2067028.25,760836.1875,109801.578125,1
1789486687.619538,music,327,20,33810232.0,101355744.0,1346362.0,0.0,278283.59375,252382.25,4745313.5,1026636.5625,1443090.5,144343.828125,0.0,178508.3125,0.0,1146451.0,1205567.875,25621.2421875,1
1789486687.7290127,music,307,23,0.0,0.0,0.0,60952928.0,45764980.0,0.0,531890.875,2191910.5,3465775.5,6542579.5,131603.5,22510856.0,12832807.0,10680325.0,3935434.5,3354991.5,1
1789486687.787151,music,319,17,27618836.0,0.0,1534095.75,11806087.0,6190966.0,0.0,3517497.25,289805.0,3136773.25,26220322.0,741512.875,0.0,476368.4375,1826421.0,0.0,0.0,1
1789486687.850132,music,333,22,37028956.0,20732256.0,0.0,683634.5625,9357190.0,1021254.5,2174429.0,10556180.0,0.0,948544.875,1084097.75,579752.375,1721685.375,1502428.75,182089.21875,99541.515625,1
1789486687.9125943,music,314,26,3225717.5,214847840.0,27985464.0,2942013.75,1451191.875,0.0,2981326.75,0.0,0.0,3064832.5,1026323.25,5458114.0,746960.625,4434589.0,683447.375,315693.65625,1
1789486687.9750152,music,331,27,15774993.0,282430464.0,7132689.0,4202049.5,9955943.0,606208.0625,3984876.25,1136365.0,6116244.5,5346710.0,1895207.5,0.0,308816.15625,418432.9375,322291.84375,0.0,1
1789486688.0391762,music,346,13,21963666.0,263487776.0,0.0,8301452.0,9251954.0,820601.1875,3855656.25,0.0,0.0,3193206.5,0.0,0.0,0.0,32811.1484375,108104.5625,0.0,1
1789486688.1033256,music,319,27,37028840.0,31216558.0,10336167.0,50050372.0,5255100.0,3515409.5,6086875.0,1421145.125,2001656.875,1661234.75,3757347.0,284169.71875,3819506.5,1214154.625,694900.0,843174.75,1
1789486688.1672695,music,328,32,10885766.0,39685884.0,58468740.0,45326904.0,2755015.25,7264228.0,2647926.75,12681785.0,5924102.5,11811308.0,2278943.5,14017055.0,20036902.0,1197807.25,2178590.0,932976.8125,1
1789486688.22986,music,328,34,4389133.0,7480188.0,19995790.0,20068874.0,2774972.75,6811214.0,4443312.0,18313434.0,3033203.25,8932424.0,3210600.5,7302325.5,15407006.0,1032824.25,2298361.5,1513240.25,1
1789486688.2793362,music,328,29,13111460.0,0.0,16597688.0,0.0,3136156.5,2647002.0,20409986.0,15676771.0,9400664.0,16541121.0,696506.75,18123772.0,10696444.0,10075446.0,29228856.0,19353764.0,1
1789486688.3251922,music,331,32,102405792.0,23908108.0,7774881.0,6700224.0,18840318.0,17110036.0,2781084.75,40454704.0,7423453.0,16387572.0,1607506.25,3581598.5,13328645.0,19003180.0,199447968.0,67211328.0,1
1789486688.3890014,music,333,28,132155720.0,40373380.0,73252368.0,43016968.0,213995.75,31999964.0,1229590.0,25189116.0,0.0,10189484.0,1500086.25,802129.8125,0.0,15163095.0,18450676.0,3816749.0,1
1789486688.4520314,music,326,31,723761792.0,0.0,46770752.0,56358768.0,128627360.0,432035776.0,861515.8125,0.0,1399394.375,24509900.0,3083766.0,21305958.0,21486590.0,189559504.0,741639552.0,6375050.0,1
1789486688.5150871,music,332,34,556697408.0,149937168.0,212419072.0,85402336.0,126754192.0,260636176.0,15432264.0,151661792.0,1020178.3125,52075632.0,5206564.5,303158336.0,37181168.0,12765588.0,0.0,24897964.0,1
1789486688.5789275,music,335,37,722835840.0,148652896.0,176710784.0,46237408.0,79716904.0,21914504.0,33795568.0,79446688.0,17758552.0,26276454.0,7582447.5,87187920.0,33035736.0,25842894.0,24857612.0,4154994.0,1
1789486688.6540847,music,338,33,338421440.0,70816752.0,170205344.0,16847624.0,64707856.0,0.0,7106017.0,11755527.0,20332980.0,91560712.0,14602930.0,60283536.0,19489100.0,40613932.0,48646980.0,3816381.0,1
1789486688.7176316,music,331,30,345230656.0,34191184.0,96309688.0,39883024.0,39102904.0,53206160.0,787937.625,12468944.0,38418560.0,30194834.0,18962236.0,24845084.0,16375534.0,17917432.0,29963834.0,4207724.5,1
1789486688.8679948,music,338,29,95577720.0,56249072.0,146997536.0,185418592.0,179323792.0,9928947.0,6600885.0,13613267.0,3635915.5,0.0,0.0,131030800.0,12166978.0,56647184.0,30904236.0,2650876.0,1
1789486688.9321558,music,340,29,92361808.0,35746504.0,239133872.0,5553385.5,14697813.0,25450694.0,20452276.0,8906454.0,13357526.0,115280344.0,930987.375,10225550.0,0.0,23261608.0,0.0,8142325.0,1
1789486689.089004,music,332,34,191631872.0,44116600.0,172389456.0,186005904.0,1441010176.0,40670716.0,10364848.0,12282082.0,609896.875,141051184.0,35378932.0,40563596.0,20802656.0,75265552.0,41743496.0,586754816.0,1
1789486689.1490307,music,340,30,262566288.0,90161088.0,15315141.0,196764992.0,407681152.0,5342666.0,31438768.0,64582612.0,17693090.0,64074640.0,18400864.0,0.0,3467736.0,39780256.0,11986763.0,1173489792.0,1
1789486689.2126954,music,340,28,74733616.0,12775234.0,10635894.0,1327831424.0,1828380672.0,0.0,14144453.0,5947146.0,919973.875,32496422.0,20761282.0,2605618.25,1886273.125,5761690.0,15375408.0,320868416.0,1
1789486689.2620654,music,340,35,80405504.0,53850248.0,92385400.0,356277312.0,252628832.0,5431756.0,2129975.5,2609105.0,3924084.0,33888132.0,5594508.0,11701159.0,1111995.0,112907216.0,11209776.0,85218688.0,1
1789486689.3115501,music,340,37,105734120.0,77703136.0,438060640.0,38303464.0,22974756.0,7765294.0,17757544.0,29006132.0,1927002.375,26478452.0,10260575.0,26055332.0,131405.875,32658480.0,18233448.0,114412568.0,1
1789486689.357889,music,343,29,81129920.0,8956497.0,139813920.0,21178956.0,85603328.0,74364680.0,322354.4375,17699538.0,46799272.0,74936552.0,187754560.0,60721576.0,29965300.0,251537568.0,71571160.0,130583264.0,1
1789486689.5955005,music,342,30,174652800.0,36451516.0,119767976.0,990636096.0,956118720.0,68396360.0,2886681.5,0.0,3452883.0,26922864.0,12437014.0,15492754.0,30594092.0,23745796.0,236634400.0,815333952.0,1
1789486689.6551032,music,342,27,106280928.0,23626606.0,29560152.0,0.0,1124270336.0,0.0,14147226.0,45066868.0,4698063.0,236444.328125,3314016.0,3209733.5,15419013.0,82605608.0,30862990.0,1113840512.0,1
1789486689.7046523,music,343,37,60461816.0,31686982.0,50301064.0,35492220.0,1785783808.0,124274680.0,17213308.0,31636556.0,403858.09375,7023025.5,15089839.0,16992366.0,7808930.0,289720352.0,7146030.0,38907072.0,1
1789486689.8170147,music,342,30,268437152.0,87889736.0,220824304.0,23299318.0,530733056.0,41338272.0,2926085.75,6426652.0,0.0,183508.25,80633152.0,5523149.0,0.0,160940000.0,14751040.0,18277860.0,1
1789486689.911686,music,343,24,52237424.0,4913167.0,14628536.0,4878984.0,0.0,0.0,7062764.5,0.0,0.0,39321488.0,211108480.0,38037760.0,5886316.0,78331584.0,10541238.0,1772648.5,1
1789486690.1025496,music,341,27,68326992.0,3320532.25,392877824.0,102191768.0,402958080.0,25378808.0,920808.5625,0.0,2473519.5,153876704.0,230117472.0,0.0,68821848.0,465405600.0,16853454.0,22360582.0,1
1789486690.161642,music,333,28,71636608.0,61304060.0,176119776.0,8304288.0,2376391680.0,146918032.0,0.0,0.0,316392.25,26898232.0,120511640.0,8122890.5,28352790.0,334944352.0,2560111.75,21258816.0,1
1789486690.2246244,music,335,30,51114624.0,62571488.0,175419168.0,3583614.5,3368466688.0,429550368.0,2604478.0,0.0,474785.625,1572914.25,110916344.0,19143570.0,6637885.5,38271044.0,1651334.75,5114418.5,1
1789486690.2877216,music,335,25,77226480.0,7962055.0,1755900.0,873756.25,2910533888.0,230678528.0,609140.0,10605098.0,2754004.5,3299858.0,25570714.0,21922616.0,17005168.0,377871584.0,0.0,229565.609375,1
1789486690.3541658,music,335,25,6247133.5,12320528.0,406761696.0,352910080.0,547129088.0,19205496.0,518563.96875,0.0,0.0,20911988.0,6191137.0,1361590.0,6548963.5,165748992.0,25978684.0,48695224.0,1
1789486690.3998613,music,352,27,8169724.0,22831196.0,408882080.0,481887936.0,744866176.0,0.0,10378009.0,26293328.0,1924801.125,64892736.0,23764254.0,12475986.0,4699842.0,0.0,6224124.0,18506630.0,1
1789486690.4640098,music,350,32,37014056.0,2291404.5,704635392.0,658660096.0,299063872.0,85751896.0,110709536.0,11447433.0,4040086.25,38701040.0,78902576.0,3625043.5,5257531.0,168553600.0,0.0,26808968.0,1
1789486690.6089087,music,350,34,142502544.0,4071388.75,465031552.0,510455008.0,81511704.0,12565219.0,108173320.0,6540108.0,1321740.5,11806878.0,25147844.0,2359914.0,8524810.0,61769352.0,1565552.125,13746371.0,1
1789486690.7033372,music,352,33,94975272.0,20858684.0,629058944.0,434526336.0,17850640.0,1252131.75,157047248.0,14814793.0,7845315.5,30527212.0,26899508.0,2409683.0,1026831.75,24217956.0,3389598.0,12204895.0,1
1789486690.7672944,music,350,37,137522160.0,22392864.0,485440704.0,855790016.0,49792548.0,1547783.125,117758320.0,6470241.0,1881011.875,39537732.0,184711936.0,7341657.5,3794414.0,66156168.0,2629613.25,6240813.5,1
1789486691.3359852,music,354,36,40789728.0,64550920.0,99362176.0,142464256.0,41557908.0,33174176.0,879096.4375,45413852.0,20832190.0,88373376.0,87660216.0,36626876.0,59824632.0,374713024.0,169689024.0,172770336.0,1
1789486692.0631707,music,356,28,94508016.0,259742752.0,249412480.0,259674544.0,52080712.0,0.0,0.0,30965870.0,16779144.0,12121218.0,51591468.0,23570626.0,11994192.0,3346271.75,35090568.0,231798048.0,1
1789486692.123109,music,354,36,101374136.0,233863648.0,228253456.0,242214096.0,187854544.0,33501854.0,27243108.0,8862723.0,19051014.0,214119392.0,15321922.0,25967228.0,60065780.0,2817009.0,13153301.0,345618688.0,1
1789486692.1878517,music,352,38,168330800.0,372300608.0,45863736.0,66742064.0,111319432.0,6860012.5,23264130.0,23783512.0,34661920.0,122212240.0,25673496.0,3114517.75,11370146.0,160918928.0,59762596.0,747167936.0,1
1789486692.2521355,music,352,32,219439088.0,49334312.0,33037106.0,10227934.0,155480704.0,16135502.0,143536192.0,9265326.0,9408603.0,18033636.0,18962748.0,11562290.0,31333274.0,221881264.0,10655857.0,37622612.0,1
1789486692.3006516,music,352,29,107419496.0,10746115.0,19534908.0,58114640.0,342683040.0,127205720.0,233894656.0,182089776.0,0.0,65683992.0,3382324.5,14896273.0,29754252.0,12520885.0,46170432.0,9947742.0,1
1789486692.3501382,music,354,27,222424720.0,0.0,495821376.0,1045535040.0,281793536.0,0.0,24050034.0,5764192.0,4901235.5,36718952.0,0.0,6484721.0,2455528.5,22851252.0,3130508.0,6708398.0,1
1789486692.413912,music,356,34,391997824.0,2246010.75,410403424.0,549430464.0,482477504.0,9737586.0,453620800.0,9918645.0,6672639.5,71954688.0,12379462.0,53042240.0,6820262.5,6439522.5,5551823.0,86652992.0,1
1789486692.4782991,music,359,33,550272640.0,2541068.0,117694664.0,541196672.0,506412800.0,1317954.75,0.0,16324774.0,3328677.0,11121194.0,20272340.0,9158264.0,7229611.0,89991368.0,6940559.0,100737560.0,1
1789486692.5422556,music,359,30,958834560.0,15524716.0,173113632.0,258912352.0,243924688.0,19456272.0,22258800.0,2196327.25,1794307.5,33545396.0,5591170.0,2708229.5,12273568.0,69241032.0,1269620.625,5759114.0,1
1789486692.5873551,music,359,33,984244416.0,7543385.0,310827008.0,547729984.0,430225376.0,26684662.0,90941520.0,52585400.0,5840042.5,146984416.0,20001036.0,892120.0625,1455817.25,7642821.0,2056573.375,14483899.0,1
1789486692.6325314,music,359,36,721527872.0,860023.5,63470216.0,447421824.0,489673536.0,31251050.0,128507192.0,94610032.0,18327744.0,279769088.0,32141012.0,138252416.0,7502146.5,33271544.0,931341.5,13609526.0,1
1789486692.6821067,music,354,35,286426976.0,4144429.5,52045508.0,93054856.0,64741376.0,85574752.0,0.0,108322048.0,5123295.0,490852352.0,27012738.0,46825880.0,9498432.0,16514219.0,15441955.0,49451032.0,1
1789486692.746508,music,351,32,651578368.0,3102873.0,38536076.0,258606912.0,309524224.0,51527688.0,178513376.0,0.0,3795596.75,7589107.5,35552652.0,91304224.0,2554192.75,30861978.0,20031048.0,97536144.0,1
1789486692.810649,music,0,36,794987008.0,12371384.0,147225696.0,596249216.0,560012160.0,60855108.0,9719083.0,24092662.0,22472242.0,57908364.0,19560324.0,31551796.0,3266852.25,74352192.0,78147856.0,57820360.0,1
1789486692.8747115,music,351,27,768442880.0,3537283.5,292053280.0,184708432.0,43255376.0,0.0,696107520.0,25597704.0,1186474.5,0.0,3158088.0,8572360.0,709131.75,19846240.0,3989649.0,0.0,1
1789486692.9392672,music,351,33,626280192.0,0.0,84158432.0,252744160.0,212142672.0,43731524.0,429747008.0,4055915.5,2074822.625,141723568.0,99724496.0,24417168.0,16947120.0,206393424.0,6410470.5,14870986.0,1
1789486692.9881225,music,355,35,410770752.0,2479235.75,157049440.0,93370888.0,182116576.0,44505320.0,116763136.0,20958244.0,2842154.5,688633344.0,123530352.0,14252954.0,6425521.5,14784482.0,3448428.5,12617242.0,1
1789486693.0519278,music,357,33,445223744.0,473495.5,958790784.0,1968904832.0,129403840.0,0.0,539101056.0,3428638.0,1093565.125,1775248768.0,335089536.0,37518136.0,9041128.0,218577936.0,6543279.5,8094712.5,1
1789486693.115917,music,0,29,299239936.0,710662.625,269846656.0,820100800.0,61163328.0,80093056.0,0.0,47808680.0,9826947.0,917264768.0,285429888.0,54664592.0,1296312.375,0.0,9377494.0,11904466.0,1
1789486693.180124,music,359,35,116033232.0,289101.3125,550769472.0,632350528.0,69092592.0,254413568.0,65233712.0,88155416.0,10792786.0,1577590528.0,680179840.0,36348408.0,4546208.0,50560328.0,2635274.5,5262275.5,1
1789486693.244676,music,359,31,85123008.0,461080.0,210522576.0,332376224.0,167945488.0,331557920.0,20131896.0,18748884.0,4005149.0,1067856768.0,218740768.0,1422215.375,44704512.0,138149728.0,876893.625,9181871.0,1
1789486693.290105,music,359,35,134527568.0,1690173.25,64387528.0,400807744.0,150493216.0,99694528.0,632019840.0,75510232.0,2980788.5,133543944.0,174383408.0,3717514.75,1443962.75,79761936.0,12533050.0,15372978.0,1
1789486693.3393724,music,358,31,45640352.0,19325278.0,744545024.0,885399104.0,318521856.0,46550208.0,494540064.0,317725184.0,125605440.0,399513024.0,325985568.0,51413012.0,14664498.0,204794016.0,12547800.0,26815890.0,1
1789486693.403687,music,358,22,0.0,7005983.5,311792192.0,206647872.0,0.0,78782776.0,98863408.0,12832231.0,14782596.0,610959232.0,46219680.0,48308848.0,115199016.0,272150848.0,0.0,0.0,1
1789486693.448405,music,357,32,72803464.0,1253391.0,644564096.0,477708704.0,15191721.0,5400398.5,0.0,15502938.0,3795790.0,166222848.0,64094516.0,39164188.0,6462413.5,44757824.0,7033178.0,15243262.0,1
1789486693.5134912,music,358,33,148983664.0,4777310.0,368261408.0,758571456.0,25552880.0,0.0,227140000.0,9166422.0,16371554.0,193060032.0,34314812.0,5382985.0,4067170.0,3202998.0,8025984.0,23329878.0,1
1789486693.5771794,music,358,37,229632576.0,4358233.0,363240096.0,696304640.0,113300400.0,25606624.0,753844480.0,9703421.0,5265160.5,375027360.0,244678592.0,10514538.0,322702.25,33915304.0,7586937.0,18440362.0,1
1789486693.626719,music,357,30,208727824.0,80687888.0,641292672.0,649807488.0,153000800.0,85142472.0,0.0,41257896.0,22776446.0,266980960.0,198435328.0,47493736.0,3254844.0,9344775.0,3645636.25,184756032.0,1
1789486693.690497,music,356,36,114738840.0,23081708.0,92831288.0,32961826.0,2222074624.0,453716320.0,270020992.0,30096290.0,12382043.0,86997600.0,72567936.0,23349056.0,3575778.75,4047783.75,3341308.5,53166624.0,1
1789486693.7544,music,356,32,126546368.0,1783229.0,99065424.0,147652304.0,149787920.0,0.0,150561376.0,107742248.0,59188248.0,382691680.0,60013192.0,12469748.0,2799049.5,29885392.0,634165.5625,2093736.0,1
1789486693.80318,music,359,30,140968096.0,6137121.0,659856128.0,614716736.0,183977632.0,144966544.0,36598752.0,92466944.0,6570617.0,3986672.25,26655626.0,2235588.5,3056905.0,24516460.0,0.0,2618339.0,1
1789486693.96106,music,357,31,26690856.0,238859504.0,1385341056.0,380368992.0,1989174.5,0.0,9966483.0,130684568.0,25330566.0,1634161.375,15775194.0,21603160.0,1643181.25,20161242.0,8319353.0,13570923.0,1
1789486694.021502,music,357,31,54394460.0,102491720.0,701188480.0,162118304.0,134323728.0,44801496.0,10342406.0,4072914.25,7869113.0,474909.75,2513301.0,22133408.0,1071274.0,3616070.5,2704495.0,30597920.0,1
1789486694.0713208,music,356,31,110925592.0,24592912.0,213334960.0,206803968.0,118115776.0,8696785.0,9499384.0,63305040.0,7390569.5,21450012.0,11077179.0,20814012.0,1194542.0,0.0,3653777.0,14768119.0,1
1789486694.1346812,music,355,34,65021604.0,125843040.0,210578448.0,494154624.0,1690702976.0,31241646.0,52677016.0,10004726.0,2949852.0,23400300.0,60466.40625,32651136.0,741510.25,36780136.0,25877056.0,2963118.5,1
1789486694.1993084,music,357,33,54124144.0,91459064.0,230335040.0,442428928.0,203877632.0,44664520.0,26698322.0,5293649.0,5551324.5,9484833.0,8720736.0,12331680.0,900863.8125,25206238.0,23389456.0,108029360.0,1
1789486694.2786903,music,356,32,91073600.0,9251920.0,21192522.0,9258520.0,579496384.0,0.0,21966418.0,15970056.0,7437065.0,20446924.0,3680451.0,8833424.0,2704314.5,24798852.0,122608024.0,28698244.0,1
1789486694.3387623,music,356,28,188620912.0,126815704.0,84370320.0,495167744.0,436266240.0,7503276.0,0.0,2020592.0,2754645.75,36594488.0,8443078.0,0.0,310904.9375,16809084.0,0.0,120079728.0,1
1789486695.1331205,music,354,29,7484367.5,10865682.0,43835816.0,12867936.0,41741044.0,18838132.0,302512256.0,18624050.0,40364664.0,133160992.0,4742188.0,11063780.0,529110.125,2683881.0,15064523.0,4449736.0,1
1789486695.1967192,music,354,35,0.0,111886576.0,63208536.0,42905224.0,112385392.0,384468640.0,61750964.0,17735986.0,79186648.0,51170748.0,12541333.0,33598200.0,720002.25,14318988.0,4202504.5,1336037.0,1
1789486695.241889,music,358,28,41167528.0,55960324.0,39578704.0,111684320.0,179544384.0,470878208.0,24413160.0,136865552.0,82801256.0,10420168.0,5915050.0,34091168.0,2295119.0,4627596.0,1384057.125,2512379.25,1
1789486695.306277,music,358,31,239487504.0,85399608.0,97001952.0,117731568.0,130676272.0,86563336.0,72483336.0,126309936.0,42823844.0,37219676.0,0.0,15693024.0,8401170.0,3836091.0,10098072.0,1954807.75,1
1789486695.3517454,music,358,33,293744832.0,19329592.0,43514460.0,31772324.0,82607888.0,162077648.0,13455242.0,3695392.25,4799234.5,28141492.0,18570872.0,9631115.0,16151602.0,16794752.0,13482790.0,8221938.5,1
1789486695.401299,music,0,27,59833344.0,142338688.0,11226336.0,566489728.0,701942080.0,276177088.0,12288858.0,3865325.0,6608532.5,20163052.0,0.0,15761472.0,5863913.0,2554307.0,0.0,0.0,1
1789486695.4659498,music,1,25,0.0,0.0,12291956.0,976978240.0,1042063104.0,30188646.0,68536120.0,2741552.75,8378509.5,35731832.0,6931777.0,31571728.0,0.0,9268836.0,0.0,0.0,1
1789486695.530479,music,0,36,94272616.0,134763856.0,38480072.0,178801328.0,222433392.0,30537240.0,88001176.0,2260214.5,24739088.0,25543540.0,3722371.5,12008460.0,0.0,8664310.0,5823987.0,2492674.75,1
1789486695.5949757,music,359,37,115049296.0,204308256.0,49479308.0,43189272.0,81394384.0,121173488.0,47263228.0,3504854.75,10592867.0,42694240.0,3181703.5,10462311.0,443518.625,8820714.0,3086218.25,243677.3125,1
1789486695.6590605,music,351,25,0.0,31875320.0,158607232.0,86751768.0,224489728.0,542495488.0,5266048.0,7732599.5,6806091.0,42833840.0,2927383.0,1384696.875,1337635.125,17244950.0,535707.75,3750608.25,1
1789486695.7237146,music,0,31,0.0,17240304.0,82494936.0,263219760.0,129075896.0,105730288.0,163067984.0,217576896.0,28817732.0,34843128.0,15595267.0,11248439.0,1193159.125,3207645.0,7801675.0,4415107.0,1
1789486695.788219,music,358,29,0.0,62753520.0,76131592.0,87827696.0,332337536.0,1096186496.0,12132680.0,235246912.0,38422328.0,113329728.0,11465420.0,12012402.0,1482915.5,9452828.0,5322361.0,6192202.0,1
1789486695.8522973,music,357,27,42100868.0,125085656.0,609282816.0,13109392.0,190712928.0,269828032.0,0.0,0.0,9711995.0,5105523.5,0.0,34149124.0,1429761.625,2273716.5,63191672.0,300513.875,1
1789486695.9283445,music,355,29,0.0,839868480.0,93270656.0,16212272.0,86494160.0,30006636.0,4769511.0,1454966.125,9027974.0,69546680.0,4774589.5,31959682.0,1114726.75,11756386.0,8271281.5,4121025.25,1
1789486696.0828726,music,353,26,0.0,411656064.0,24301884.0,49608052.0,239193024.0,114900368.0,73312688.0,26899172.0,0.0,31443492.0,2714571.0,913680.0,5986631.0,17619178.0,11729872.0,1999519.625,1
1789486696.1466916,music,353,28,14984247.0,253123520.0,149804144.0,15858764.0,45714228.0,227626912.0,2341944.75,0.0,16366701.0,44769372.0,18699758.0,13935626.0,2207329.5,9420306.0,2621038.25,562431.125,1
1789486696.1915443,music,355,35,166870144.0,578000448.0,101937784.0,52602264.0,14386664.0,47109592.0,3289335.25,97260240.0,19610304.0,109282536.0,10907013.0,8663926.0,18056582.0,17354092.0,21841728.0,907270.75,1
1789486696.2557535,music,356,31,66764208.0,100211632.0,74467408.0,12789760.0,113865168.0,301545536.0,11476492.0,56631980.0,26839396.0,6840892.0,12076131.0,68557448.0,19949986.0,36151488.0,76299296.0,13290216.0,1
1789486696.3200326,music,358,32,115905872.0,0.0,100441168.0,38621464.0,36912736.0,355940864.0,31350424.0,30626608.0,12422150.0,20009972.0,17482932.0,7560840.0,10489508.0,25460478.0,5897196.0,6717897.0,1
1789486696.3847904,music,359,26,205914512.0,159684048.0,0.0,208709680.0,88199152.0,88698232.0,17040664.0,23058354.0,3204068.5,49242644.0,7543942.0,0.0,0.0,32459368.0,81937488.0,28780612.0,1
1789486696.4490235,music,2,23,452283264.0,69597376.0,0.0,82961928.0,172036928.0,685649920.0,12715170.0,21875484.0,15578188.0,62237100.0,9734835.0,28264396.0,10841294.0,66762396.0,98609832.0,43210116.0,1
1789486696.5130575,music,359,30,1019322624.0,157575904.0,148966128.0,139542624.0,76367408.0,254281024.0,10484544.0,19722686.0,4590830.0,50876896.0,5845552.0,7134128.5,5886915.0,11242164.0,155405168.0,17860472.0,1
1789486696.5772011,music,359,29,717129152.0,101935888.0,214218944.0,32907286.0,21311746.0,0.0,5852337.5,4688723.5,3281542.75,18752986.0,4530509.0,20100440.0,8920980.0,33574272.0,84844168.0,64627724.0,1
1789486696.6518831,music,358,32,506199744.0,87610864.0,121110056.0,37170364.0,267469216.0,790749632.0,9923548.0,18549534.0,5388010.0,35516568.0,9097648.0,34712432.0,0.0,7198216.0,40063288.0,4698744.5,1
1789486696.7786746,music,358,36,520863552.0,267012832.0,408912640.0,142208560.0,120336688.0,89794560.0,5067934.5,107931312.0,20979738.0,20523800.0,22008058.0,11801024.0,2127217.5,24470436.0,134151184.0,34848604.0,1
1789486696.8229034,music,356,31,239895184.0,19496488.0,50976576.0,1066810112.0,654474816.0,10649639.0,4739957.5,12555128.0,124727.828125,45857964.0,2371703.0,3118126.75,2234355.5,21530276.0,23608096.0,53236832.0,1
1789486696.886539,music,358,31,81814112.0,42362520.0,245445824.0,1057665536.0,913527872.0,26613480.0,52838808.0,0.0,2884699.0,69943216.0,8840472.0,18332988.0,0.0,33872280.0,17212778.0,32040184.0,1
1789486696.9510732,music,358,32,219122800.0,71517904.0,164386592.0,107604104.0,338138624.0,34187856.0,11487567.0,0.0,9108163.0,52781592.0,6774875.0,22124852.0,30815848.0,10969134.0,6256142.0,3737627.75,1
1789486696.9963868,music,358,30,87523608.0,130710136.0,295020768.0,141473712.0,88841544.0,40356504.0,21629960.0,0.0,322340.625,59448020.0,2173812.25,61280496.0,497070.5625,15569044.0,15324499.0,12530685.0,1
1789486697.045377,music,2,32,134110928.0,111626136.0,182647632.0,96437080.0,180506784.0,17669238.0,17616592.0,0.0,4097569.0,22943494.0,7589274.5,31956814.0,685011.875,841033.9375,4427167.5,49882276.0,1
1789486697.1098115,music,359,34,248856256.0,81680496.0,56543820.0,292039840.0,937934912.0,71282944.0,37209016.0,18013598.0,0.0,156231712.0,25119586.0,9614005.0,722951.75,27530548.0,1595505.5,38248276.0,1
1789486697.1736834,music,2,35,103699792.0,43437180.0,43726116.0,1271291264.0,1379492352.0,10720581.0,3589396.5,103425456.0,21797716.0,56960996.0,6333466.5,19845482.0,433574.65625,22556332.0,18281132.0,12092542.0,1
1789486697.2374067,music,359,29,99400048.0,84068896.0,55889036.0,91810064.0,26162096.0,29354372.0,0.0,326384736.0,73398800.0,187585.03125,3788249.0,9729034.0,3365602.0,6873461.5,3789651.0,16289996.0,1
1789486697.3020968,music,0,33,137036080.0,81548464.0,13810722.0,68447816.0,148736448.0,209756848.0,23298640.0,0.0,143163.890625,16181879.0,5807216.0,10102268.0,2219086.0,19710710.0,1253566.5,4477848.0,1
1789486697.366282,music,0,28,107726696.0,11980976.0,0.0,6519560.5,38965112.0,78822688.0,17757432.0,0.0,15234504.0,4050122.75,63427472.0,22231196.0,2371890.0,41881776.0,21478104.0,36159620.0,1
1789486697.506764,music,357,33,254443472.0,21877920.0,164318288.0,186603776.0,77071248.0,38207260.0,11882564.0,12183670.0,3536194.0,2052883.0,755444.75,11062300.0,0.0,999982.5,2280580.0,11515729.0,1
1789486697.5671086,music,358,30,267445120.0,46403896.0,85886520.0,80596408.0,135697968.0,8201628.0,10884444.0,0.0,339124.25,22336000.0,10319596.0,8191919.0,0.0,960673.9375,4722289.0,748418.9375,1
1789486697.6308684,music,356,34,248674368.0,72392304.0,38549112.0,4435938.0,44545548.0,16648740.0,6067109.0,30393856.0,12467184.0,30543258.0,9339520.0,123081.6015625,1300626.0,2735628.5,24764440.0,43472180.0,1
1789486697.6947303,music,355,30,113821152.0,29704984.0,0.0,50562424.0,4659684864.0,600945344.0,7043246.5,0.0,386860.71875,975673.875,32769244.0,10173262.0,1102041.0,9112806.0,1831037.25,99826464.0,1
1789486697.757879,music,355,31,163651040.0,38059080.0,83629376.0,37522960.0,2868960256.0,209806832.0,3541673.5,69761952.0,4355847.0,147907.53125,0.0,9488486.0,937078.8125,26817584.0,0.0,25464128.0,1
1789486697.8065205,music,355,34,236931392.0,35081840.0,99320312.0,24500240.0,1925584128.0,242388976.0,2350389.25,0.0,727504.375,10215317.0,79960576.0,23198834.0,506557.5,35880632.0,6085270.0,12171230.0,1
1789486697.8551075,music,354,35,197127424.0,72013728.0,71722944.0,21746124.0,3562151680.0,904177472.0,27039194.0,45195096.0,7867805.5,8623336.0,0.0,8525745.0,715457.375,14592680.0,5803185.0,9650713.0,1
1789486697.9193187,music,355,32,51824176.0,88943512.0,203635424.0,8159324.0,1218510080.0,8799287.0,8668865.0,71122392.0,0.0,42908260.0,134670480.0,9309250.0,2856530.0,97069760.0,4585300.0,19182676.0,1
1789486697.9831853,music,356,33,72274936.0,215599856.0,664734912.0,37354072.0,789285248.0,143558656.0,17924420.0,28169840.0,11551186.0,6607930.0,67357384.0,19192720.0,2184167.25,45158384.0,776466.3125,5368734.5,1
1789486698.107583,music,357,33,133908664.0,20723648.0,316055744.0,31717344.0,517007168.0,57823604.0,10120033.0,17213342.0,7594282.0,62251716.0,90336032.0,36353624.0,5263261.0,13841936.0,3102221.5,6697605.0,1
1789486698.171958,music,356,28,88657672.0,39859264.0,344251456.0,186671008.0,8041142.0,0.0,25771812.0,12834510.0,1618138.5,1839806.875,17099010.0,4402764.0,0.0,29987874.0,2615509.5,0.0,1
1789486698.2359812,music,357,34,128644296.0,34114568.0,258689312.0,216731840.0,111693680.0,11191285.0,931709.75,59865720.0,8224825.0,1163588.625,3579588.5,50098524.0,996730.875,30787188.0,3262215.25,2275804.25,1
1789486698.3004372,music,357,33,156205264.0,36729288.0,106709032.0,79340744.0,24808816.0,11149996.0,0.0,24010744.0,10180524.0,5980821.0,3826494.5,10899276.0,168346.046875,14784928.0,8402834.0,659123.125,1
1789486698.3456347,music,357,33,183295296.0,16828950.0,391295712.0,305969024.0,34923656.0,5496695.5,0.0,18127904.0,4151839.5,6641941.0,5750359.0,7916040.0,228972.765625,5731990.5,3279928.5,1154592.5,1
1789486698.3904068,music,357,26,0.0,80632544.0,512133856.0,499043392.0,51253548.0,13797070.0,16658026.0,0.0,1956381.75,41915580.0,17158908.0,3401293.0,520342.4375,0.0,489230.5,3528298.5,1
1789486698.439066,music,356,30,27844350.0,14618847.0,583434432.0,577788672.0,57309016.0,14109996.0,0.0,1835499.0,722520.1875,70225048.0,7475155.0,2184247.25,605335.4375,2013135.0,1256387.5,2230567.0,1
1789486698.5024712,music,357,30,101566216.0,2076855.5,117262040.0,186108640.0,67022744.0,11794850.0,46967508.0,0.0,480457.40625,2606319.5,312967.625,2256153.25,472075.25,10212722.0,94479.59375,206571.78125,1
1789486698.5664365,music,358,33,119250800.0,28049652.0,898436352.0,1001858560.0,12752451.0,263049.0,0.0,5674406.5,1671813.375,16823866.0,14417562.0,623794.375,128163.84375,6099243.5,411938.59375,369813.8125,1
1789486698.6298516,music,358,31,71565752.0,8396164.0,1007560320.0,1059042112.0,4170287.25,2715486.75,2569340.25,3761383.0,940636.75,628884.375,1248135.75,2507068.5,648202.875,7611029.0,437029.0625,1297082.25,1
1789486698.772551,music,358,28,56902256.0,40243252.0,415993024.0,361954528.0,1322182.625,1246167.25,47870968.0,0.0,0.0,35216144.0,3438746.0,945638.5625,151281.28125,11397814.0,262115.8125,269185.125,1
1789486698.9310567,music,358,31,704631.375,4368362.0,464378688.0,506477824.0,24698182.0,6402035.0,48719896.0,0.0,440399.71875,10966960.0,16248474.0,627193.4375,106508.0078125,5072627.0,809764.5,852192.6875,1
1789486699.342424,music,4,31,23958132.0,23107866.0,61552028.0,87775168.0,56458100.0,66458440.0,0.0,14933013.0,94486416.0,150540064.0,132146176.0,59079272.0,0.0,313100352.0,74263808.0,77084032.0,1
1789486699.4029298,music,357,29,5441055.0,12149071.0,186616832.0,254014096.0,53811268.0,13306828.0,37723532.0,4600475.0,125572768.0,247105680.0,4291972.5,10467719.0,5769915.0,24185006.0,0.0,48608696.0,1
1789486700.070762,music,357,30,25479238.0,1172340.25,1404206976.0,3221866752.0,50442708.0,52460060.0,359951776.0,18499862.0,0.0,158285552.0,11568094.0,69658232.0,16509110.0,753342528.0,6805713.5,9407686.0,1
1789486700.1153474,music,359,34,18965894.0,21775244.0,965704320.0,1077688192.0,241995248.0,57164384.0,467236896.0,2513637.0,1922772.25,324269888.0,94095728.0,71396560.0,10848466.0,236779568.0,6957310.5,1763908.125,1
1789486700.1795413,music,357,28,3903888.5,46310156.0,956982080.0,272251264.0,67159432.0,16547340.0,0.0,1918862.25,18112460.0,40422860.0,92834280.0,17577480.0,38895816.0,45812140.0,3249783.75,9699897.0,1
1789486700.3238604,music,359,30,644204864.0,5759353.0,86956168.0,462830688.0,313204800.0,10952562.0,0.0,5416150.0,6044561.5,138922752.0,61089508.0,10674595.0,0.0,153828736.0,9895543.0,5544970.0,1
1789486700.3873265,music,0,32,199357920.0,15253187.0,101453952.0,224322512.0,257256960.0,20000184.0,1445394304.0,3404339.5,2110806.0,90956264.0,6925564.5,14760970.0,2154094.5,200626704.0,3729479.0,1387105.0,1
1789486700.451397,music,359,35,266716384.0,5104681.0,383048448.0,559076352.0,537391872.0,14172854.0,706864768.0,5631622.0,3722101.0,341505792.0,39706180.0,77246032.0,12930574.0,0.0,3292400.5,14305360.0,1
1789486700.5161655,music,355,33,457466240.0,701383.875,135265040.0,614335552.0,117436888.0,0.0,1292875392.0,255412576.0,14911418.0,167100544.0,78982880.0,40889788.0,28484768.0,39806584.0,201251936.0,574709248.0,1
1789486700.5805266,music,354,33,637600576.0,13022736.0,94176912.0,303134976.0,851966848.0,89131712.0,15754468.0,570676352.0,64841680.0,125703920.0,64500672.0,50149056.0,57178064.0,306452416.0,1794003.0,649048128.0,1
1789486700.644995,music,4,33,309334144.0,7023381.0,44255560.0,903467072.0,1280053632.0,105382752.0,90435072.0,620869888.0,38609468.0,113829336.0,31935990.0,17123448.0,15199794.0,56464816.0,181536240.0,3697516544.0,1
1789486700.709496,music,0,37,233986384.0,5966055.0,128884688.0,819367168.0,946258752.0,41093624.0,170125424.0,1021227008.0,297356256.0,36092708.0,34152672.0,368451328.0,12338176.0,185895776.0,24875790.0,2597921536.0,1
1789486700.7745602,music,1,35,295820192.0,6589376.5,213042016.0,1911128448.0,2157119232.0,23297288.0,113581592.0,1467738496.0,341994336.0,54107668.0,36145284.0,148981344.0,4715626.0,46247932.0,55230368.0,1306015616.0,1
1789486700.8386574,music,0,38,406149856.0,8688376.0,82354808.0,290260544.0,154984416.0,14086175.0,378773024.0,1610931072.0,232375488.0,37391316.0,54847424.0,91262944.0,14778042.0,44016232.0,12740365.0,258181040.0,1
1789486700.9034765,music,0,33,373542304.0,8302203.5,54971232.0,843612096.0,718363648.0,23873670.0,105468416.0,186282688.0,12809103.0,23574256.0,9084428.0,70973432.0,28601244.0,37882144.0,9457754.0,282600288.0,1
1789486700.9489727,music,0,33,277215648.0,10845157.0,47012692.0,859115520.0,1180202496.0,10243150.0,29857114.0,65676924.0,3951010.0,33420848.0,4624182.5,84356064.0,1999885.25,70992192.0,13438192.0,418218880.0,1
1789486700.9984877,music,1,35,182326528.0,9559612.0,37865308.0,1736927488.0,1585759616.0,28926248.0,131495328.0,25845514.0,33041112.0,33626812.0,0.0,15523853.0,20054736.0,58598760.0,61106128.0,809077312.0,1
1789486701.0634527,music,2,36,210332992.0,5999336.5,111686672.0,540868160.0,891275840.0,15390836.0,34958928.0,48454736.0,48385464.0,43746496.0,9573274.0,212111168.0,20672384.0,94108272.0,183062304.0,1206657280.0,1
1789486701.128053,music,2,32,146481776.0,24729412.0,116594480.0,2046066944.0,309572096.0,79066144.0,739394048.0,165011168.0,89137200.0,28262420.0,22689510.0,97650296.0,19261180.0,36644792.0,447740544.0,422216864.0,1
1789486701.1737707,music,0,33,261546640.0,4077548.5,359551104.0,542565120.0,490034560.0,120032928.0,3046405120.0,21994048.0,245919.53125,87743488.0,12650495.0,29249020.0,0.0,13343516.0,37239356.0,253390016.0,1
1789486701.2377305,music,357,32,191987696.0,9999250.0,25122396.0,700738560.0,2313471744.0,0.0,391042656.0,0.0,44491488.0,30970736.0,105148256.0,44977928.0,10690549.0,28702616.0,15023368.0,28083804.0,1
1789486701.3020942,music,357,33,302491520.0,2740946.75,40952552.0,839513344.0,1760175616.0,178533936.0,0.0,478299264.0,217369152.0,33100264.0,27130614.0,30123070.0,3285261.0,16594143.0,10603541.0,221795648.0,1
1789486701.3516028,music,359,30,197838192.0,6572552.0,411743808.0,1066920896.0,969321728.0,6074105.5,4088023.5,426818752.0,79224216.0,123402160.0,185416416.0,7389479.5,29182888.0,310990816.0,87337776.0,28805172.0,1
1789486701.416375,music,0,34,125695896.0,5272354.0,293600640.0,1116912256.0,1340962176.0,141854928.0,38213404.0,102176664.0,37570784.0,73216984.0,10976120.0,304528480.0,4045628.0,6336920.0,19286004.0,20553698.0,1
1789486701.4809217,music,357,34,113410072.0,24610412.0,308298880.0,703587456.0,33956336.0,0.0,174774000.0,1118507008.0,133505560.0,278576896.0,17238528.0,57745676.0,11723054.0,21744216.0,8620235.0,17408914.0,1
1789486701.5455527,music,357,30,99811248.0,12492720.0,645039424.0,875962880.0,375570816.0,7583052.0,0.0,31998994.0,3601782.0,13860023.0,4036007.25,59089080.0,8912357.0,11826513.0,9829156.0,126909448.0,1
1789486701.5938187,music,357,33,109304128.0,9428383.0,308059072.0,658364096.0,290960832.0,73991672.0,19352386.0,34084832.0,19955138.0,62119760.0,11341955.0,13889128.0,2401815.5,9954886.0,5595873.0,69794272.0,1
1789486701.6391253,music,357,35,86212336.0,16409866.0,609121856.0,1160820736.0,537517824.0,78034520.0,31293548.0,22882270.0,29164744.0,149358240.0,49387144.0,49741368.0,2415276.5,17136886.0,2071960.5,137255408.0,1
1789486701.6839764,music,359,28,50634324.0,10476165.0,758416704.0,1408057600.0,684368000.0,15167140.0,193538128.0,3404345.5,6084169.0,29306536.0,10995375.0,132877896.0,4709834.5,2354499.5,0.0,25776472.0,1
1789486701.7488897,music,0,32,67832240.0,2631792.75,189624608.0,1153024256.0,944010496.0,596326.75,354027072.0,53128416.0,32112140.0,7638113.5,11693712.0,41028600.0,1857884.625,777056.375,1573291.75,210967680.0,1
1789486701.8131962,music,0,37,94632920.0,2796329.0,174727968.0,667039360.0,484733696.0,6694571.0,76590248.0,41741344.0,6363886.5,15638802.0,11706008.0,48638072.0,929958.5,2424904.5,2842976.5,58008352.0,1
1789486701.86246,music,0,32,112974744.0,8440918.0,85968800.0,225840736.0,93863784.0,9507156.0,86128144.0,47992500.0,11878568.0,0.0,15449960.0,8125622.5,0.0,2168423.25,5761256.5,22698380.0,1
1789486701.9123566,music,357,31,90738040.0,24328808.0,93999832.0,407949632.0,155710976.0,35337848.0,602325440.0,0.0,3220982.5,18578176.0,0.0,13986842.0,540203.3125,0.0,7450979.0,18958040.0,1
1789486701.9756253,music,357,32,65932036.0,27933340.0,181282272.0,218067776.0,137457920.0,99157728.0,2208126720.0,0.0,0.0,28826136.0,14606415.0,25262910.0,2439066.25,2215669.25,4613609.0,4110333.5,1
1789486702.0210252,music,359,37,77215720.0,45561528.0,644208960.0,852590144.0,140042368.0,77052176.0,2373747456.0,23508128.0,2771691.25,110735632.0,26626678.0,48417916.0,1283792.125,4180720.25,3674219.5,17429984.0,1
1789486702.0847085,music,352,36,98566208.0,21306468.0,229176912.0,147183936.0,47145960.0,84087504.0,1219489536.0,22574700.0,22365030.0,33305398.0,8322999.5,16089482.0,2301782.5,36224172.0,2917859.75,4129714.0,1
1789486702.1489327,music,352,30,79596344.0,33564920.0,151476240.0,86446112.0,131809472.0,30764986.0,101934128.0,5797718.0,14331930.0,17452348.0,1516211.125,2351562.0,3334441.0,12075360.0,6549622.5,2926690.0,1
1789486702.3180377,music,354,34,49743952.0,16853984.0,93342000.0,1182828416.0,1126256512.0,40343176.0,57939032.0,33433456.0,44621440.0,33969640.0,80617736.0,12317746.0,2324507.5,167415904.0,181679232.0,112612992.0,1
1789486702.378884,music,354,30,47481692.0,3344251.0,380752800.0,521994368.0,110603624.0,171412064.0,797817856.0,0.0,1942375.25,19913556.0,23287416.0,35335028.0,757478.25,63461768.0,6740072.5,1337462.5,1
1789486702.428342,music,355,28,4681864.5,7582598.0,605431232.0,796427072.0,70446536.0,82131456.0,0.0,5343626.0,1491887.0,66405064.0,21272630.0,1222142.25,10100713.0,33960788.0,2276305.75,2787587.5,1
1789486702.4925892,music,356,33,1876169.5,2996216.0,144678848.0,478247936.0,195826384.0,43097272.0,135753952.0,12361935.0,891962.0625,50393824.0,22164054.0,118085176.0,3308605.5,133027512.0,13730596.0,4922517.0,1
1789486702.5567663,music,356,29,3060839.25,1175098.5,519733280.0,70072456.0,60894688.0,0.0,3917380352.0,25665084.0,4001719.0,17379634.0,0.0,99028072.0,26025502.0,41981652.0,2806670.0,8288923.5,1
1789486702.6070662,music,354,30,9636809.0,6003051.0,419950816.0,487570176.0,26429126.0,101427760.0,797178368.0,11081728.0,384151.625,7256918.5,0.0,76739464.0,2673078.5,14648990.0,2160666.5,3563443.25,1
1789486702.6716027,music,356,31,0.0,790893.875,397409856.0,267925872.0,100277224.0,68996992.0,3954528256.0,1271934.5,480741.9375,73983160.0,48464736.0,61058020.0,1115063.5,10890303.0,1455970.25,4516079.0,1
1789486703.2671988,music,354,29,175029.328125,312683.5625,81675952.0,31399624.0,1856815744.0,1820899968.0,29244182.0,0.0,5480394.5,16567442.0,13090200.0,24040864.0,19577696.0,99412616.0,263797536.0,183007520.0,1
1789486703.3269255,music,356,26,36371.3359375,4186623.0,13270924.0,67878496.0,1513931648.0,3699372544.0,6895812.0,0.0,0.0,10144940.0,5369158.5,16806664.0,15890370.0,173257808.0,219199168.0,225316064.0,1
1789486703.3909178,music,356,25,7477287.0,16863690.0,3041314.5,1323863680.0,1513105792.0,73697784.0,8603040.0,1690138.75,1906802.75,29235686.0,4017797.5,0.0,2214011.25,61965784.0,81643240.0,7309468.0,1
1789486703.4403188,music,0,30,6190065.0,158067680.0,3098984.0,205674944.0,329806208.0,63658920.0,16209440.0,2391412.5,5396505.5,12799087.0,7531749.0,17941124.0,576469.25,47900976.0,23148276.0,7177705.5,1
1789486703.7105026,music,359,26,877201.125,5505579.0,24487272.0,118294432.0,167078576.0,0.0,11837730.0,688243.0,6029579.0,6629466.0,706173.125,37672676.0,265638.78125,9855016.0,5396548.0,1810688.25,1
1789486703.7698214,music,359,27,384117.375,0.0,13856438.0,25133786.0,19794396.0,24508072.0,18901252.0,632976.6875,7995717.5,5875351.0,4640005.0,76339464.0,1068270.0,19493296.0,5087999.0,7562646.0,1
1789486703.819543,music,359,28,0.0,4100819.5,12123294.0,17313180.0,38487056.0,23057060.0,28484256.0,663933.9375,905969.5,2050665.5,350627.90625,8029819.0,1060889.0,2452266.5,2984190.5,958539.6875,1
1789486703.8680253,music,355,35,972251.3125,103865136.0,161681360.0,10527407.0,59461908.0,9597944.0,4502379.0,3533960.0,1164708.375,2656381.5,2415013.5,2237326.0,1119185.375,3129501.5,4399222.5,2723382.0,1
1789486703.932089,music,358,32,13629763.0,279482304.0,36068880.0,34834624.0,48742192.0,4837630.0,8958850.0,274446.9375,2112856.25,2377261.5,745472.875,6231603.0,247990.59375,2784687.25,4633509.5,679949.375,1
1789486703.9958572,music,351,29,11489129.0,119262656.0,6338408.5,26913720.0,32947102.0,1861514.5,15998515.0,902629.375,3414407.75,5228766.0,74554.8203125,7184443.0,381037.5625,3809736.5,720031.8125,262677.25,1
1789486704.0600421,music,358,32,22257546.0,341494784.0,11138261.0,47047376.0,48349900.0,1925864.875,29598956.0,598369.1875,0.0,103836.8359375,120718.8125,15774450.0,400798.75,5927190.0,3654048.75,778330.75,1
1789486704.123773,music,354,28,6424377.0,417973952.0,13271338.0,55742288.0,85945560.0,1048793.5,18436008.0,0.0,0.0,3963119.75,500472.71875,12603939.0,154192.765625,6316011.0,10176491.0,564798.75,1
1789486704.188412,music,12,34,565308.75,528187168.0,9308813.0,77145536.0,78234624.0,4445352.5,36173176.0,551648.8125,82349.515625,4743881.5,431787.25,34236960.0,292614.6875,125446608.0,36961004.0,1988423.0,1
1789486704.252479,music,17,27,0.0,392361088.0,3036819.75,102285496.0,134880032.0,984860.875,13789406.0,328453.09375,827225.0,3530905.0,0.0,38263344.0,690084.5,358146432.0,244353296.0,6314843.0,1
1789486704.3164413,music,6,34,737141120.0,1375641344.0,756962304.0,77738416.0,95758032.0,130860064.0,137042272.0,0.0,50214992.0,288559744.0,40678824.0,95958880.0,10547432.0,801535744.0,193539600.0,18351908.0,1
1789486704.3804536,music,10,31,760514688.0,146803920.0,106197696.0,130177928.0,380019360.0,22659716.0,12913756.0,26060268.0,8798051.0,38276256.0,0.0,215496736.0,31284208.0,73862880.0,18396150.0,3188638.0,1
1789486704.469741,music,18,32,534760064.0,232685568.0,55832736.0,491761824.0,664330880.0,5193728.0,0.0,0.0,36334440.0,203790000.0,1716240.0,371027904.0,4512994.0,82486624.0,45944552.0,2810560.25,1
1789486704.5300834,music,21,32,310065504.0,43424260.0,52558072.0,643840704.0,807641920.0,4022423.5,33427606.0,0.0,15401128.0,15312932.0,3184893.0,369387584.0,7892363.0,11710466.0,18773338.0,1748315.375,1
1789486704.5943809,music,19,33,740923648.0,300771360.0,96279504.0,27369488.0,153908016.0,5424123.0,180149504.0,0.0,10998183.0,52412432.0,45255836.0,718769024.0,6968777.0,28927276.0,2068415.875,1710714.125,1
1789486704.7864702,music,29,33,638989376.0,224954528.0,60337164.0,22260876.0,229669792.0,97049488.0,34650244.0,0.0,1064245.875,18836628.0,57115044.0,71527216.0,33453112.0,60497620.0,213435552.0,146561600.0,1
1789486704.8464625,music,30,30,389327648.0,93990088.0,8387993.5,126436160.0,299809472.0,193995808.0,77794816.0,214778784.0,37939680.0,29940536.0,27140530.0,43282384.0,13029362.0,32403832.0,5564183.5,32121178.0,1
1789486705.0708206,music,45,26,203343904.0,95972000.0,347607296.0,13360492.0,22486060.0,0.0,10396410.0,78793640.0,16404098.0,7424905.0,634379648.0,90237264.0,10457196.0,87699376.0,11286402.0,0.0,1
1789486705.1283226,music,28,24,297161664.0,117378920.0,337054880.0,2211758.75,211278400.0,1952786.25,0.0,131550000.0,18821894.0,5917246.0,0.0,8126832.0,0.0,19953608.0,5532963.0,1854037.75,1
1789486705.191496,music,51,35,84587968.0,25195404.0,1442375.25,10510568.0,680845312.0,100982544.0,2581197.0,169926512.0,53612416.0,12564911.0,1682869248.0,335230336.0,8695992.0,109681904.0,16426448.0,9931600.0,1
1789486705.2929518,music,50,30,9568729.0,10209291.0,34125128.0,63851732.0,191102272.0,36001536.0,4548729.0,484888544.0,65775640.0,16988976.0,591602496.0,76455184.0,27381292.0,31015434.0,5588140.5,31098784.0,1
1789486705.3507571,music,47,34,92988624.0,57826064.0,0.0,27793680.0,360917344.0,705287744.0,554328704.0,289574080.0,52784772.0,48630460.0,377579520.0,1402340864.0,504008896.0,967347840.0,387296384.0,219347872.0,1
1789486705.4126775,music,46,26,117689704.0,107902360.0,383224352.0,1018308.875,1734246144.0,241078448.0,3638445.0,115513160.0,0.0,8469332.0,1515664896.0,240854480.0,9844609.0,105457024.0,0.0,7682850.0,1
1789486705.4746346,music,46,31,53108204.0,10060304.0,147987968.0,6009536.0,258357088.0,56965124.0,964991.3125,37749616.0,8998436.0,7042301.0,558698752.0,49294664.0,7451366.5,193622240.0,7929444.5,4880908.0,1
1789486705.545874,music,47,27,83442192.0,51888968.0,108800144.0,35673912.0,556747.125,1565492.25,28023356.0,16836438.0,12952158.0,49061056.0,435403072.0,45488940.0,0.0,160364576.0,13204381.0,0.0,1
1789486705.603638,music,47,29,171638464.0,173216352.0,9303183.0,18501970.0,429176384.0,59254736.0,4924086.0,141446240.0,20693552.0,56328412.0,1213007104.0,17305348.0,17728882.0,29040520.0,3367927.5,0.0,1
1789486705.6535525,music,41,33,141563808.0,95449120.0,17877812.0,33615624.0,562039040.0,94314688.0,4662871.5,129160864.0,4130810.5,86451888.0,336174400.0,108680992.0,5248219.5,65859140.0,1041190.875,12521968.0,1
1789486705.7157655,music,41,34,62312672.0,44051732.0,152385440.0,24265924.0,796661632.0,79265000.0,24397116.0,30944128.0,4063995.75,82585728.0,423780160.0,7213626.0,16148708.0,91491120.0,9221982.0,9978028.0,1
1789486705.7612708,music,41,31,69685296.0,4185135.25,38195632.0,22100552.0,119323752.0,34939156.0,9855354.0,20811088.0,5418512.0,39973728.0,68543584.0,127908552.0,0.0,8177718.0,4774721.0,12690269.0,1
1789486705.8115878,music,52,25,87100120.0,121515064.0,41169672.0,0.0,155664672.0,63418784.0,499169184.0,76120352.0,0.0,19510930.0,0.0,71473744.0,14198198.0,14281703.0,0.0,18514086.0,1
1789486705.8746703,music,53,27,71889840.0,412540160.0,70256592.0,112890104.0,177329552.0,291012992.0,1443656832.0,0.0,44182860.0,116979648.0,0.0,34116028.0,43802960.0,80125704.0,5839695.0,14197633.0,1
1789486705.9371653,music,60,22,207999408.0,0.0,0.0,24814448.0,203554880.0,342871104.0,1540932992.0,138226528.0,0.0,51622712.0,70040280.0,120186080.0,0.0,34870640.0,0.0,0.0,1
1789486705.9993231,music,53,23,32373120.0,64359560.0,156963936.0,61104096.0,95159408.0,179174272.0,1926126336.0,257516960.0,0.0,26778516.0,58613876.0,0.0,16049320.0,37131744.0,0.0,3525636.5,1
1789486706.061645,music,57,31,101777120.0,0.0,9617374.0,112792840.0,167163104.0,426076800.0,1957161984.0,297969504.0,29297200.0,175305584.0,182197600.0,213621664.0,210618016.0,40696384.0,2235807.0,5104552.0,1
1789486706.1239579,music,57,31,78872768.0,45684192.0,157326016.0,135161232.0,221545536.0,513528064.0,1368406528.0,220505920.0,0.0,34263368.0,90882848.0,170738528.0,207323520.0,139641136.0,32498796.0,19995858.0,1
1789486706.1690066,music,54,34,95409376.0,38117052.0,644042048.0,848339648.0,69355576.0,50170332.0,2244007680.0,77261192.0,1242276.5,163560032.0,204603200.0,43212072.0,0.0,60368360.0,848547.0,2146271.25,1
1789486706.231426,music,55,32,30950456.0,12711408.0,1016153792.0,837930688.0,75112776.0,22732968.0,1792450816.0,30106770.0,8903173.0,37565104.0,0.0,12192866.0,27069640.0,130828600.0,581176.25,1636451.625,1
1789486706.2942388,music,60,28,36155468.0,52521436.0,94873008.0,646486400.0,5626016.0,6068909.0,1042060416.0,44774352.0,0.0,12626455.0,0.0,7039107.0,15333563.0,14137860.0,2958676.5,5694435.5,1
1789486706.3570237,music,66,25,27611408.0,17449662.0,76323984.0,100323696.0,7679817.0,2227121.5,2401824768.0,53195936.0,0.0,537069440.0,190461120.0,21606528.0,24516024.0,19613368.0,0.0,0.0,1
1789486706.4207432,music,66,26,98074336.0,0.0,16259509.0,0.0,9191776.0,10261490.0,1441786112.0,44799568.0,11595334.0,0.0,14041320.0,37231216.0,32207348.0,431105760.0,2074031.25,1633708.625,1
1789486706.471397,music,69,22,50222520.0,14009602.0,9256982.0,0.0,1175166.0,10634439.0,2157463296.0,29339118.0,1905023.5,0.0,1225068.5,2602427.0,38747716.0,313983744.0,4048817.0,1566038.25,1
1789486706.535744,music,68,37,87215784.0,16783208.0,871442368.0,1031110400.0,14212348.0,28357596.0,851542912.0,23258086.0,4203880.0,836168832.0,295170144.0,5114717.0,75832912.0,1088964352.0,7944838.5,1131519.5,1
1789486706.5994062,music,64,30,85885552.0,0.0,512752192.0,685194944.0,7002471.5,6493704.0,2032217216.0,28277590.0,649754.8125,1342169.25,3833713.75,9100537.0,19920296.0,716728192.0,7172764.5,825370.5625,1
1789486706.6626034,music,64,24,73481456.0,1828956.75,1896561.25,0.0,9270760.0,36181668.0,683207424.0,22539132.0,880223.0,135672080.0,99440808.0,9710587.0,5613514.0,4545919.0,4827240.0,991008.6875,1
1789486706.7084713,music,62,28,44408008.0,0.0,384141120.0,0.0,5226631.0,32909910.0,803815040.0,109455920.0,2476776.75,524595744.0,93044016.0,25511300.0,70072848.0,529427840.0,591593.25,450532.9375,1
1789486706.7719564,music,60,27,18529120.0,2959356.25,590248960.0,563957376.0,3633427.5,0.0,3685031680.0,59820472.0,3806235.25,59135404.0,45931416.0,3432392.5,91627552.0,643192384.0,523699.375,3281584.5,1
1789486706.8343437,music,59,21,13214396.0,0.0,142352784.0,208134720.0,4687152.5,0.0,68152848.0,0.0,2429480.25,63216800.0,24476880.0,4580069.0,29571192.0,302905024.0,2443781.5,1986702.875,1
1789486706.8970053,music,59,21,21233816.0,0.0,459217632.0,496144800.0,6254172.5,0.0,0.0,16062022.0,18091262.0,95579240.0,15037443.0,1274225.25,7473176.0,410857152.0,3709044.5,11439196.0,1
1789486706.9465098,music,78,22,4186421.0,0.0,15079298.0,47003328.0,10577642.0,0.0,600067648.0,48995552.0,0.0,0.0,20033702.0,22238956.0,80383888.0,386554176.0,22621774.0,18290342.0,1
1789486707.010274,music,75,18,71966320.0,3870435.75,0.0,8077865.5,0.0,0.0,2891045888.0,0.0,0.0,0.0,191546208.0,15723390.0,217574800.0,587131904.0,23148944.0,2472131.0,1
1789486707.074827,music,75,28,34978568.0,13901294.0,254344864.0,563304320.0,16108633.0,6379272.5,49601984.0,23972832.0,11472929.0,208335120.0,0.0,38454120.0,48709876.0,53651296.0,28659144.0,138036736.0,1
1789486707.1210237,music,73,24,62109344.0,1954742.5,20170678.0,0.0,0.0,64995892.0,0.0,3200042.5,3610500.0,533917632.0,169549936.0,2749805.75,24181628.0,60812632.0,632323.75,2376458.0,1
1789486707.1849627,music,69,32,60142368.0,0.0,1100842240.0,2357816576.0,5657966.0,7312694.0,94177376.0,2180519.75,5269229.0,204976720.0,299203712.0,2047097.25,13156156.0,64269896.0,4059850.5,0.0,1
1789486707.248783,music,70,26,0.0,623158.8125,51807808.0,0.0,13485304.0,36813748.0,1317280896.0,3226846.5,1625893.125,235729536.0,96283504.0,6261712.5,0.0,101133344.0,1319777.0,2091679.5,1
1789486707.312903,music,70,26,0.0,0.0,402639712.0,1164138368.0,3847860.25,0.0,132259168.0,13648806.0,1028643.8125,77523744.0,78424800.0,321192.65625,5833938.5,366995872.0,44595924.0,5571480.0,1
1789486707.363067,music,70,19,123243720.0,0.0,0.0,0.0,5694136.0,98728720.0,177715936.0,11952162.0,4839046.5,160545216.0,86196544.0,170485600.0,68030304.0,87665232.0,0.0,0.0,1
1789486707.443414,music,72,18,65398400.0,3624882.5,134437360.0,250894400.0,0.0,0.0,0.0,7512342.0,557203.5625,256087872.0,161391312.0,6389283.5,4063414.0,33013044.0,0.0,665997.3125,1
1789486707.538508,music,73,23,137817776.0,0.0,0.0,0.0,3121280.0,1350403.625,0.0,1341808.375,4963565.0,6521825.0,111694808.0,4327096.5,2297916.5,3413048.5,3431622.25,3493196.5,1
1789486707.7279308,music,72,22,89795384.0,0.0,48774720.0,0.0,0.0,2358186.25,0.0,0.0,2022357.75,662671616.0,159146544.0,5280609.0,3964343.5,21967132.0,6788091.5,6492480.5,1
1789486707.823658,music,99,20,47477312.0,0.0,3206568.5,936531648.0,1120027008.0,3172940.75,5824295.0,0.0,3454488.25,100143368.0,76857832.0,1009985.8125,1185433.0,760420.0625,0.0,2792830.25,1
1789486707.8841684,music,87,22,29149120.0,0.0,10611814.0,1096473728.0,1569449856.0,462646.15625,0.0,0.0,2539482.25,86299304.0,17914346.0,1600043.0,899496.75,5713616.0,0.0,2500648.5,1
1789486707.949516,music,93,22,18772924.0,0.0,0.0,1484884992.0,1841351808.0,7368483.0,38920624.0,0.0,0.0,41790024.0,9010843.0,1031414.75,169426.40625,4895134.0,384802.0,1210063.25,1
1789486708.013059,music,93,17,0.0,310637.78125,0.0,1012631552.0,1207051520.0,0.0,0.0,0.0,0.0,12353284.0,802570.875,1946326.25,88523.9921875,8513932.0,0.0,836234.3125,1
1789486708.0614882,music,95,18,0.0,0.0,0.0,596265472.0,752295424.0,0.0,0.0,0.0,0.0,79679688.0,16609327.0,1572586.25,255544.671875,17597132.0,1945891.25,5535658.0,1
1789486708.1260564,music,101,21,28997212.0,0.0,0.0,595615872.0,2747618816.0,277595552.0,22287944.0,0.0,0.0,10511252.0,19525474.0,29327064.0,981203.0,17834344.0,0.0,1508895488.0,1
1789486708.189993,music,102,19,42047304.0,0.0,0.0,88392184.0,263786384.0,17973296.0,0.0,1685757.375,233250.09375,175592128.0,95180776.0,32984922.0,8063275.0,0.0,0.0,24957556.0,1
1789486708.2543457,music,123,14,53145412.0,0.0,52543424.0,275825408.0,743779904.0,0.0,11918784.0,0.0,0.0,0.0,9131792.0,3014545.5,11838094.0,27709648.0,11497503.0,0.0,1
1789486708.3190277,music,123,22,59601908.0,2400213.5,24227962.0,199875968.0,949475456.0,18772718.0,0.0,3438416.0,0.0,133666392.0,67376360.0,441473408.0,76257216.0,158392016.0,22214170.0,47122592.0,1
1789486708.3706064,music,164,8,0.0,0.0,0.0,0.0,0.0,26722100.0,186170496.0,1180752.25,0.0,0.0,0.0,1389103488.0,0.0,0.0,0.0,0.0,1
1789486708.371361,music,123,8,32697900.0,0.0,11936193.0,0.0,0.0,0.0,0.0,0.0,1803428.5,285133696.0,0.0,0.0,0.0,0.0,2213339.25,6266896.0,1
1789486708.4167283,music,163,11,43181292.0,0.0,0.0,0.0,0.0,0.0,309591616.0,0.0,0.0,802811.75,2759181.75,1334337024.0,0.0,44770080.0,0.0,0.0,1
1789486708.479285,music,158,10,138214448.0,7650688.0,4535761.5,0.0,48279052.0,0.0,0.0,0.0,0.0,0.0,10127220.0,3577640448.0,27357296.0,0.0,0.0,0.0,1
1789486708.5422752,music,156,14,530238976.0,0.0,0.0,0.0,22569400.0,0.0,0.0,0.0,813855.375,13291980.0,55243376.0,1790378624.0,29849966.0,5009473.0,0.0,0.0,1
1789486708.6053584,music,169,7,254029840.0,15229996.0,0.0,0.0,13077016.0,0.0,0.0,0.0,0.0,0.0,15644260.0,0.0,2740154.0,0.0,0.0,0.0,1
1789486708.6697543,music,173,12,387118688.0,336318.8125,0.0,61424960.0,0.0,0.0,114976368.0,0.0,0.0,0.0,21728566.0,386666656.0,19605516.0,0.0,0.0,0.0,1
1789486708.734692,music,184,12,148521952.0,0.0,0.0,0.0,24967762.0,0.0,253128736.0,0.0,2132590.75,2631185.0,5953976.0,0.0,22618670.0,53198160.0,0.0,0.0,1
1789486708.7995172,music,177,11,460392640.0,0.0,0.0,0.0,36317508.0,20893056.0,0.0,0.0,0.0,0.0,133760144.0,300839968.0,0.0,0.0,0.0,0.0,1
1789486708.864182,music,183,15,656695872.0,0.0,0.0,0.0,1213077.75,24524200.0,39528152.0,2391414.0,0.0,2797714.75,0.0,398180416.0,0.0,31843042.0,31868996.0,47293448.0,1
1789486708.9280457,music,183,10,327981600.0,0.0,7402987.0,0.0,12626158.0,4931404.0,0.0,0.0,0.0,0.0,6275627.0,607469184.0,0.0,0.0,0.0,0.0,1
1789486708.9771612,music,187,12,94629248.0,34565548.0,8220116.5,131969568.0,0.0,0.0,33965308.0,0.0,0.0,0.0,0.0,0.0,22507348.0,0.0,0.0,6798813.0,1
1789486709.0441296,music,203,7,115432560.0,14553944.0,0.0,0.0,20219944.0,0.0,0.0,0.0,0.0,0.0,0.0,0.0,0.0,0.0,9179393.0,32272828.0,1
1789486709.10904,music,218,22,170858816.0,0.0,152249072.0,1884519424.0,605218560.0,14395960.0,7601864.0,15005266.0,5586250.5,16904474.0,9175048.0,183475856.0,0.0,16272853.0,0.0,0.0,1
1789486709.1715498,music,225,21,129006640.0,15021748.0,0.0,124907128.0,170348624.0,0.0,614313408.0,25767464.0,15286352.0,44583796.0,0.0,554097920.0,18127782.0,32151562.0,17693180.0,42512664.0,1
1789486709.2331693,music,229,15,34499692.0,0.0,0.0,1274619136.0,171311376.0,38265092.0,196831760.0,0.0,0.0,48753672.0,148302112.0,219085408.0,35375132.0,72837464.0,31613610.0,0.0,1
1789486709.2949731,music,234,27,0.0,0.0,175505312.0,339065664.0,256996256.0,190846960.0,1059288704.0,358873280.0,568727616.0,1749272448.0,1274172160.0,588505088.0,581309952.0,1041961856.0,0.0,0.0,1
1789486709.3572526,music,234,16,0.0,0.0,0.0,0.0,199924288.0,115710232.0,478287776.0,0.0,0.0,1695472128.0,287573856.0,0.0,286521504.0,265312224.0,0.0,109329520.0,1
1789486709.402503,music,234,10,96861160.0,166714640.0,0.0,0.0,1446431.0,2458566.0,295599040.0,0.0,0.0,1050217472.0,293430720.0,0.0,0.0,0.0,3021848.5,0.0,1
1789486709.453553,music,245,21,0.0,975398.5,248972336.0,48063316.0,2324304.5,21511340.0,158008112.0,0.0,0.0,1638884864.0,642519360.0,207278480.0,22749072.0,49560716.0,0.0,24888132.0,1
1789486709.5169942,music,254,21,24748498.0,0.0,216958512.0,292958208.0,40907160.0,10183449.0,107407648.0,0.0,2704470.0,1419831040.0,363505088.0,177856704.0,479104.625,9281005.0,0.0,2116220.0,1
1789486709.580464,music,229,11,565017472.0,63618848.0,0.0,0.0,3018518.5,24940264.0,0.0,0.0,0.0,0.0,16301603.0,39319792.0,0.0,0.0,0.0,0.0,1
1789486709.6435983,music,237,5,231205120.0,43685472.0,0.0,0.0,0.0,0.0,0.0,0.0,0.0,0.0,647526.0,0.0,0.0,377753.5,0.0,0.0,1
1789486709.818374,music,268,14,0.0,89983664.0,39773736.0,21527108.0,21010996.0,0.0,0.0,0.0,9401544.0,0.0,97991736.0,0.0,6780531.0,0.0,4539638.5,17059320.0,1
1789486709.881913,music,266,12,0.0,186953648.0,0.0,0.0,2801032.5,0.0,271224448.0,0.0,0.0,105720784.0,0.0,9446397.0,0.0,6837294.0,5522009.0,837904.25,1
1789486710.0387056,music,281,26,11750360.0,0.0,0.0,60329288.0,453106176.0,123909184.0,220014640.0,6339025.0,1425355.5,0.0,44185840.0,7580857.5,4728004.5,16730330.0,71399464.0,122236256.0,1
1789486710.099414,music,283,27,32294892.0,0.0,0.0,64927680.0,98379544.0,5922055.5,279426304.0,2145958.25,7057488.5,1929761.25,19742364.0,28918252.0,0.0,83612120.0,75214168.0,428067840.0,1
1789486710.1635919,music,283,20,25024764.0,0.0,0.0,457783072.0,384821952.0,0.0,82609856.0,0.0,18381092.0,39625540.0,4163720.5,76293040.0,0.0,631415296.0,185522736.0,0.0,1
1789486710.2136738,music,287,21,637481.0625,0.0,0.0,649130752.0,344714272.0,3357855.75,43186504.0,0.0,32175720.0,74682120.0,3986332.25,49351040.0,688141.625,208114208.0,21056200.0,2255709.5,1
1789486710.2782583,music,279,15,10228164.0,46518016.0,0.0,93211024.0,80442624.0,2054516.875,97958232.0,576790.5,10146102.0,24331818.0,808692.0,2760191.5,0.0,0.0,0.0,0.0,1
1789486711.2410398,music,256,19,0.0,0.0,874154.5,0.0,95202720.0,482086080.0,127066216.0,2498772.25,1571950.25,0.0,0.0,9379565.0,15416404.0,28533764.0,84248544.0,48381192.0,1
1789486711.3004963,music,256,12,0.0,773365.375,1402674.5,21956546.0,93093216.0,0.0,0.0,0.0,0.0,0.0,5946953.0,7508346.0,14536729.0,8410892.0,0.0,193275232.0,1
1789486711.351186,music,273,10,30021762.0,15428606.0,72977544.0,91393032.0,0.0,0.0,0.0,0.0,0.0,6304970.0,0.0,0.0,5648030.0,0.0,0.0,0.0,1
1789486711.4162078,music,270,18,19690482.0,21888556.0,98360560.0,148230896.0,74645336.0,62022304.0,7759176.5,0.0,2831682.0,0.0,5294734.0,6270969.5,9979584.0,0.0,0.0,108045824.0,1
1789486711.4811249,music,268,18,0.0,24835194.0,30672496.0,0.0,957205.75,12390367.0,26680510.0,0.0,1173379.75,13501530.0,20387076.0,4217494.0,5366515.0,8194418.5,49973000.0,12895105.0,1
1789486711.5450673,music,245,12,0.0,22104792.0,644665.5,4630411.0,1465711.25,0.0,12252260.0,464147296.0,32033712.0,0.0,0.0,0.0,0.0,0.0,24940428.0,13429255.0,1
1789486711.6102006,music,275,22,18788048.0,17677830.0,24206082.0,0.0,0.0,0.0,1988947.0,0.0,1676353.75,7222366.0,20155856.0,32243674.0,12712716.0,19890356.0,23830788.0,12619112.0,1
1789486711.7182481,music,278,19,9066401.0,1569794.125,9287950.0,5164426.5,939613.6875,0.0,1907400.0,123685760.0,5493985.5,3907481.0,0.0,3537653.0,0.0,1118987.375,6492715.0,23192694.0,1
1789486711.7827284,music,278,27,16160452.0,0.0,4840879.0,14637594.0,4595998.5,4216355.5,0.0,86469072.0,14726195.0,1634885.875,794562.25,406007.28125,2617914.25,16406207.0,4573765.5,13547179.0,1
1789486711.827781,music,280,21,128304912.0,234142288.0,386537120.0,88102296.0,9035104.0,64269008.0,538549760.0,0.0,0.0,3638322.25,0.0,0.0,0.0,8735912.0,295790.6875,4437948.0,1
1789486711.893199,music,280,15,19052518.0,0.0,3203374.0,0.0,0.0,0.0,198319392.0,19756372.0,6123795.0,2752139.0,0.0,18172608.0,0.0,1446236.5,0.0,1027676.1875,1
1789486711.9425495,music,264,20,25752874.0,8468392.0,3051243.75,0.0,1079821.125,3722393.75,322819232.0,8964330.0,3608110.75,2120527.5,425212.375,16463499.0,0.0,0.0,0.0,408622.5,1
1789486712.0077631,music,292,18,35780136.0,89829872.0,8151627.0,11304817.0,9684676.0,0.0,0.0,0.0,10235358.0,1638832.625,0.0,13570276.0,0.0,4437318.5,1613819.25,653931.25,1
1789486712.07182,music,267,12,151161552.0,0.0,0.0,0.0,0.0,8314915.0,108659968.0,0.0,0.0,0.0,0.0,5338737.0,0.0,279059.34375,0.0,454448.875,1
1789486712.136815,music,292,21,50947744.0,117453504.0,8409866.0,47149416.0,28462058.0,19559906.0,191839776.0,0.0,0.0,3697324.25,3809866.5,0.0,0.0,5473075.0,1313771.25,703610.125,1
1789486712.2016666,music,295,26,63985452.0,56686952.0,11468224.0,33746820.0,15393227.0,4509833.0,158652848.0,13326392.0,0.0,581196.8125,1076894.25,30010588.0,2294429.5,5604228.0,0.0,0.0,1
1789486712.265224,music,295,16,33623784.0,0.0,3390657.75,33728188.0,59984296.0,0.0,12890484.0,0.0,6957528.0,0.0,0.0,96605792.0,13935381.0,149764928.0,64966528.0,0.0,1
1789486712.3114095,music,300,23,277493280.0,0.0,0.0,88836184.0,76783744.0,272722.9375,44732360.0,0.0,22025020.0,8886927.0,718634.125,16784332.0,0.0,1163725056.0,203952800.0,561357.75,1
1789486712.3754067,music,304,16,0.0,3658380.25,2346701.5,262734496.0,338127168.0,0.0,0.0,417287168.0,55943756.0,10568092.0,1676689.875,0.0,0.0,1335241.625,2912848.5,2603282.5,1
1789486712.4386375,music,304,28,204492400.0,0.0,5537334.5,41942748.0,176029344.0,1940177.25,23950028.0,0.0,27748200.0,34630028.0,647276.9375,347324032.0,10169619.0,22577312.0,28755538.0,2474057.75,1
1789486712.488388,music,306,32,17228990.0,23223502.0,19211798.0,214047680.0,269087584.0,597489.9375,210176432.0,344161280.0,40938096.0,22214958.0,2537225.0,683300928.0,2048403.375,4722877.0,16022605.0,1867750.625,1
1789486712.551566,music,306,34,142462144.0,95319176.0,73801624.0,23912236.0,63983076.0,958469.625,73564368.0,191059216.0,35124960.0,45495808.0,11262833.0,336637504.0,294303.125,11796696.0,0.0,342594.59375,1
1789486712.7927544,music,320,27,161647072.0,39671324.0,34805400.0,3744879.0,8704427.0,0.0,0.0,71835856.0,4852640.0,1407575.875,8537615.0,63191728.0,1759015.25,27319212.0,481267.5625,7647861.0,1
1789486712.8513823,music,317,23,129182720.0,32244428.0,63446412.0,7149437.0,4134229.5,548168.5625,0.0,57605992.0,0.0,0.0,5805767.0,0.0,224809.65625,3741418.5,2737167.5,1221855.25,1
1789486712.9131021,music,316,22,71709376.0,21424692.0,61939688.0,3737103.5,4696353.5,3619203.25,0.0,0.0,0.0,6517602.5,1015301.25,6198852.0,1682002.875,4130723.25,1553649.875,3289828.0,1
1789486712.974678,music,315,30,58472000.0,37927304.0,99746320.0,11432922.0,25327504.0,3283213.75,0.0,14569847.0,0.0,6469518.5,1092134.5,13641850.0,2267884.5,13674617.0,97071.9375,4154662.0,1
1789486713.0360413,music,327,29,62864548.0,31223124.0,291221376.0,17556476.0,37259360.0,10909825.0,0.0,173904064.0,14171422.0,4384683.5,986984.625,14840148.0,1744218.875,9107720.0,242982.21875,1498149.75,1
1789486713.0984724,music,329,31,52172156.0,46099492.0,36302056.0,7721505.0,542901504.0,91604312.0,33847300.0,63132676.0,24196294.0,437442.6875,8281807.5,3098474.5,5474831.0,10919530.0,5802546.0,3026785.75,1
1789486713.1608129,music,316,26,73618784.0,6461542.0,0.0,0.0,350539552.0,56926516.0,23779738.0,53856588.0,21486118.0,1504561.75,9561234.0,5187535.0,0.0,60683840.0,5439079.5,18886182.0,1
1789486713.2221355,music,327,30,61667728.0,56923972.0,104435528.0,1927852.25,23400116.0,12577933.0,36953636.0,69640232.0,65541016.0,10640666.0,13988264.0,31416476.0,7536630.0,56445404.0,21432086.0,37952760.0,1
1789486713.298754,music,329,34,75950264.0,27150176.0,93799824.0,2342666.75,61125620.0,28944232.0,0.0,98958896.0,8955143.0,12202858.0,116887576.0,35726068.0,13011978.0,20506080.0,8685566.0,31068884.0,1
1789486713.3573995,music,330,27,17735068.0,56320036.0,158095600.0,24914132.0,24344036.0,0.0,231728160.0,99070496.0,17933118.0,0.0,41447316.0,0.0,35288684.0,447653760.0,160828000.0,76993920.0,1
1789486713.4209833,music,331,24,34137744.0,4602711.5,7068642.0,0.0,169246592.0,8300737.0,0.0,167630592.0,34016728.0,13658188.0,70615784.0,6099321.0,0.0,21686372.0,0.0,0.0,1
1789486713.484093,music,330,29,24999290.0,75049344.0,218871536.0,4792919.0,59825024.0,2921456.0,0.0,0.0,53095.125,2609888.75,21881372.0,6300768.0,24302066.0,11033678.0,5788109.0,7502397.5,1
1789486713.5483367,music,332,35,52617040.0,47179432.0,64390120.0,665143.375,37581552.0,5109296.0,20975320.0,50316740.0,10255210.0,8343380.5,40742804.0,12328700.0,6871626.5,48452788.0,1117721.125,10879427.0,1
1789486713.6116204,music,335,33,67211872.0,28150984.0,10460857.0,1832735.25,12481110.0,5854709.0,10527438.0,160814816.0,17091346.0,1150541.625,28592110.0,6293866.5,2298205.5,29221398.0,2990368.75,5886734.0,1
1789486713.6751256,music,335,29,32976504.0,38164488.0,85524496.0,4258752.5,39990776.0,2312229.5,0.0,108525808.0,6163807.5,3240723.75,8505392.0,5051718.0,832108.0625,32650474.0,4161356.25,13688980.0,1
1789486713.7253315,music,334,25,70845104.0,59552556.0,22508582.0,612929.9375,10447510.0,0.0,0.0,30330904.0,4727275.5,11671153.0,867078.0625,0.0,1874968.375,10211579.0,21016696.0,8764157.0,1
1789486713.788842,music,334,21,71284528.0,143405472.0,0.0,29442720.0,12969704.0,11937022.0,13514100.0,0.0,0.0,25967384.0,0.0,21693064.0,32995160.0,27181640.0,24591138.0,10715162.0,1
1789486713.8350346,music,331,37,70645816.0,230630112.0,28470248.0,25500638.0,69861992.0,114709296.0,351143616.0,55131184.0,6768351.0,50679352.0,9655571.0,47925956.0,5880141.5,65376220.0,56519216.0,2845978.25,1
1789486713.8983839,music,335,31,35937712.0,43592096.0,5860489.5,144082800.0,261382208.0,583713.5,0.0,6881752.0,5760877.0,22255970.0,2837867.25,13393992.0,1868534.625,16647939.0,13175612.0,7277112.0,1
1789486713.961789,music,338,26,32320142.0,118140672.0,28038532.0,58037804.0,34559196.0,0.0,0.0,23911730.0,9383524.0,3982121.5,1633161.25,0.0,0.0,30599948.0,2224298.25,9251557.0,1
1789486714.121109,music,333,29,27755532.0,8065989.0,48782996.0,143363840.0,3821043.25,0.0,16351188.0,28481124.0,2315502.0,8412326.0,9554655.0,15643744.0,443862.25,6738233.0,6348559.0,1899449.25,1
1789486714.1844635,music,336,25,14640730.0,0.0,109323336.0,0.0,2781499.5,765278.5,0.0,78010720.0,3120898.5,25591352.0,5298813.5,1246973.625,8716112.0,90485736.0,3790055.5,1530459.5,1
1789486714.279037,music,334,26,29302464.0,6905292.0,12543790.0,9367640.0,6653536.0,988095.125,0.0,68640160.0,0.0,56803120.0,18643798.0,1401333.0,10830241.0,167493696.0,3866765.0,8873810.0,1
1789486714.3383708,music,334,34,19071468.0,28536336.0,58552328.0,119359360.0,39659628.0,0.0,399119296.0,74229280.0,15744358.0,1106515456.0,568754432.0,40692856.0,25314306.0,95524920.0,4531063.0,3519032.5,1
1789486714.387979,music,334,21,4723706.0,7305040.0,184270848.0,321425824.0,763120.375,987082.5625,0.0,81991976.0,6913501.0,1293795.5,1577276.5,462978.5,1086361.0,27058148.0,1144755.75,555916.875,1
1789486714.437703,music,338,22,31906736.0,0.0,144847616.0,206542336.0,0.0,0.0,0.0,29192940.0,2849845.0,1041251584.0,336247648.0,0.0,11898248.0,149315472.0,5963006.0,956360.25,1
1789486714.500971,music,335,21,30384164.0,0.0,220497232.0,282648960.0,1471623.375,2757242.25,0.0,48706124.0,3191147.25,0.0,285876.09375,0.0,13529222.0,304938112.0,1952036.25,1307214.875,1
1789486714.564029,music,336,26,45605536.0,0.0,118405520.0,119706400.0,2008552.75,342268.71875,0.0,26179494.0,6084016.0,109975032.0,22879120.0,349858.34375,10696518.0,130251816.0,684455.625,130016.328125,1
1789486714.6278722,music,338,26,67336496.0,0.0,19481212.0,16657438.0,3507751.25,940918.75,0.0,19087516.0,1305435.25,175797440.0,43700996.0,1024564.125,26198460.0,425303104.0,1888503.5,8379553.0,1
1789486714.6917963,music,348,30,3471100.0,1573663.75,48184148.0,44784740.0,562378.625,1157165.875,0.0,9269504.0,3127925.25,103857424.0,29372544.0,781377.625,23588610.0,229853936.0,1205066.5,1641351.75,1
1789486714.756984,music,348,24,8780576.0,2393287.5,79686648.0,81693240.0,554103.25,319441.375,0.0,13534976.0,1422421.75,460851.96875,0.0,2278633.5,26171990.0,461486336.0,4970219.0,0.0,1
1789486714.8166885,music,339,30,631060608.0,139202848.0,181556608.0,131655568.0,39104256.0,14210964.0,39536560.0,13389694.0,4439312.0,1334599.625,1523926.625,2227944.75,0.0,49001440.0,4122568.5,3363798.75,1
1789486714.91209,music,341,26,0.0,0.0,285734208.0,265251808.0,1736533.625,754607.875,206474176.0,43767276.0,15036512.0,88387824.0,1091127.5,2909598.0,72287912.0,160350160.0,4933067.0,24389116.0,1
1789486714.9724789,music,333,28,12075613.0,2187176.25,39725192.0,0.0,1705178.125,140910464.0,179988384.0,19809360.0,72344256.0,79547320.0,93321040.0,4366370.5,22625404.0,80024304.0,33863868.0,887629504.0,1
1789486715.035807,music,338,30,12262768.0,464858.1875,415048224.0,296462240.0,2850558.5,9768967.0,33025060.0,19531154.0,5131160.0,126677128.0,19404596.0,2648010.5,15890525.0,253051776.0,11543526.0,0.0,1
1789486715.2911003,music,343,32,27176318.0,986471.375,1002979072.0,642669120.0,1535185.875,7515828.5,213471936.0,2944713.5,2443632.5,360062528.0,147216256.0,1215894.625,6316901.0,18552504.0,1783482.0,0.0,1
1789486715.3516479,music,337,32,71126832.0,10244571.0,15796536.0,83574368.0,86029120.0,33732248.0,0.0,67101256.0,0.0,339838880.0,122004136.0,312939072.0,218004000.0,1130091648.0,198225088.0,200117664.0,1
1789486715.829118,music,357,29,236169744.0,971251.0625,44695360.0,910944192.0,1099342976.0,366810.5625,8826336.0,866282.6875,1460592.25,19609868.0,2979705.0,3422694.0,209526.015625,306645.15625,402503.5625,2159562.5,1
1789486716.0184686,music,357,35,54546988.0,32858084.0,1606968576.0,858995072.0,221687808.0,5429662.5,3218399.25,418908.0625,0.0,26915980.0,6199392.0,2724565.0,13769136.0,2989553.0,44474896.0,1403529344.0,1
1789486716.0643966,music,359,24,39325572.0,0.0,662329216.0,182027296.0,113852448.0,25890296.0,83647696.0,0.0,567099.625,48308320.0,1048186.25,0.0,42057940.0,5800346.5,9666157.0,205065776.0,1
1789486716.1762586,music,1,29,28899344.0,6404559.0,1195268352.0,445820640.0,59521480.0,9997228.0,4449603.0,1317320.375,1903416.875,101929792.0,9545560.0,533491.5,9199131.0,6250241.0,3816494.75,124545568.0,1
1789486716.2480972,music,2,32,25608962.0,752872.125,264953728.0,85790192.0,33905724.0,11126633.0,14183675.0,0.0,1642257.125,74534416.0,22033132.0,9306420.0,26489064.0,6553379.5,1943237.0,29721580.0,1
1789486716.312531,music,2,28,42310164.0,5114385.0,388274848.0,586005120.0,32893740.0,16156018.0,44937536.0,1835132.5,5529271.0,39350140.0,8144045.0,5970052.0,22001868.0,0.0,6082812.0,123649472.0,1
1789486716.357774,music,359,18,0.0,0.0,7341737.0,29036312.0,21101968.0,0.0,5172468.0,1736272.5,0.0,20164832.0,5649671.0,370694528.0,0.0,642978.5625,275769.46875,0.0,1
1789486716.4212503,music,359,29,50894120.0,7704103.5,169428736.0,90025040.0,26830974.0,1407189.5,3076389.25,0.0,0.0,41633064.0,4621955.0,662326912.0,9355151.0,897473.125,745600.375,13034082.0,1
1789486716.4701355,music,0,32,430230048.0,140256.859375,12257877.0,35071996.0,6319481.0,0.0,3949733.25,3192704.5,1179466.625,4939714.0,10801294.0,1489494144.0,8630530.0,3065680.5,1969101.5,7639294.5,1
1789486716.5349374,music,0,36,235721536.0,1822978.25,9267837.0,74020480.0,33604312.0,2547616.0,75344856.0,1498016.75,2402543.0,3375000.25,5914958.5,2021846272.0,8010489.0,2289508.5,619176.3125,7162715.0,1
1789486716.5804057,music,0,38,464779200.0,10648511.0,37707336.0,36990184.0,37797840.0,1822634.75,36338908.0,2579922.0,2564938.25,10038599.0,7422600.0,521075712.0,15243538.0,3751876.25,5251594.0,35654192.0,1
1789486716.629546,music,359,35,369625184.0,41443632.0,266777696.0,114225200.0,25911984.0,14912155.0,10048268.0,14094649.0,6381301.5,19878306.0,35589288.0,580065792.0,36395736.0,7161444.5,1279455.75,9872345.0,1
1789486716.693797,music,0,26,166183056.0,0.0,84561256.0,509988000.0,238626096.0,29899304.0,38917304.0,8698159.0,5720821.5,0.0,52469304.0,64706992.0,12868361.0,826004.5,1371102.125,26416860.0,1
1789486716.7585394,music,2,32,117953992.0,7506861.0,57288784.0,419317088.0,770346048.0,10082493.0,757347.0625,2481945.0,6491584.0,3351928.75,25918438.0,445000064.0,23769778.0,34250336.0,70869032.0,77541560.0,1
1789486716.8227909,music,2,32,106700160.0,0.0,44371808.0,751604480.0,256172224.0,48142028.0,21414934.0,0.0,13307406.0,25702316.0,43630304.0,349931392.0,41772800.0,5081972.5,219234880.0,297456896.0,1
1789486716.8678746,music,2,26,347658432.0,131464.484375,7702778.0,646669376.0,873282752.0,2636290.0,2263146.5,3360947.5,0.0,4010683.0,9245187.0,72809696.0,4439177.0,0.0,58082568.0,160971392.0,1
1789486716.9174378,music,3,29,88538256.0,0.0,19528460.0,980432832.0,1163355648.0,3705108.5,0.0,0.0,2157209.0,16563875.0,5476233.0,171399008.0,6426048.0,1607611.125,28686604.0,592280192.0,1
1789486717.0309162,music,3,28,1235907.375,0.0,7643952.5,505362496.0,349038816.0,8498987.0,177770.109375,0.0,640554.4375,11993765.0,3646821.5,435208960.0,439290.125,353421.75,10479766.0,74923928.0,1
1789486717.0771642,music,3,29,238192192.0,2033865.75,8950132.0,59515928.0,173215520.0,1197964.0,1957006.75,38905040.0,0.0,2182097.75,3708760.5,661288576.0,11733512.0,420979.46875,1781990.0,74848928.0,1
1789486717.1229975,music,3,26,166267296.0,0.0,2738671.5,960335168.0,1449819392.0,0.0,775538.375,13458563.0,874980.1875,6728532.5,4244747.0,322018240.0,4487047.0,358428.0625,1997937.5,6484554.0,1
1789486717.1730042,music,3,32,225737568.0,303629.25,14436779.0,142714288.0,0.0,4019943.5,849169.1875,31174022.0,11121787.0,776726.375,0.0,97178032.0,4284759.5,1068878.625,12985317.0,7595840.0,1
1789486717.2226863,music,4,27,0.0,284026.5625,14451727.0,1001192192.0,884471232.0,2803461.5,816464.1875,23973640.0,193668.265625,2385127.5,793383.5,17847460.0,904351.8125,1563293.0,4422515.5,62208464.0,1
1789486717.2860029,music,3,28,846848.9375,0.0,6249330.5,495223296.0,466223296.0,8114566.5,698561.5,672855.75,0.0,10012527.0,3933879.0,221448128.0,3173381.25,208934.5625,0.0,6270393.5,1
1789486717.3509998,music,3,21,636389824.0,69884024.0,1245707.5,34877272.0,55498552.0,24887014.0,27887946.0,3718293.25,0.0,0.0,33875496.0,447372192.0,22192184.0,13289819.0,0.0,6415020.5,1
1789486717.397084,music,4,23,739145472.0,111222296.0,15272207.0,0.0,33690260.0,0.0,2209616.75,0.0,944004.6875,7452989.0,5991549.0,927995904.0,2317742.5,0.0,0.0,6001947.0,1
1789486717.460741,music,356,30,375318176.0,44646312.0,2352950.25,96775032.0,77631664.0,12799490.0,1694954.375,2158712.5,3485083.5,14756000.0,46572356.0,1118798080.0,82039176.0,19599020.0,12265694.0,12211989.0,1
1789486717.5249846,music,352,30,279226240.0,115928808.0,20301528.0,182853216.0,81097456.0,19072796.0,1951940.125,0.0,15310849.0,24021312.0,60657276.0,1534852096.0,96512304.0,24946192.0,7954511.5,10527910.0,1
1789486717.5888407,music,351,33,448631936.0,23958498.0,58443928.0,16419233.0,98937264.0,186874688.0,6326785.0,890988.5,4056263.75,9503628.0,29992524.0,440320288.0,44265584.0,6413490.0,17332044.0,6937669.0,1
1789486717.6530135,music,349,25,73124592.0,22006748.0,0.0,16694288.0,259914992.0,1811473024.0,18718020.0,2082113.125,0.0,45890184.0,17534296.0,102623424.0,17950070.0,3564040.0,0.0,478691.0625,1
1789486717.71679,music,346,28,207718160.0,39916080.0,2657334.5,47441540.0,378666624.0,1184928640.0,1264684.25,472419.0625,1140748.25,37566056.0,14111673.0,275668224.0,437953.8125,1248231.75,0.0,1111974.375,1
1789486717.7808754,music,345,30,252940608.0,59577080.0,1218822.625,9594834.0,227785488.0,1219853312.0,2675094.0,896070.875,3479649.5,34707164.0,7469231.0,165355104.0,914739.6875,6086015.5,28921058.0,248816.8125,1
1789486717.845266,music,345,34,116873128.0,346792160.0,16192620.0,3289151.75,4328263.0,0.0,12725352.0,2074755.625,1967872.625,15563678.0,4161051.5,100862032.0,7388424.0,247621376.0,1749612288.0,12587415.0,1
1789486717.8938494,music,345,27,120423280.0,320145984.0,13187534.0,0.0,6393000.0,0.0,9563694.0,0.0,1919281.0,1662484.75,17747530.0,92502048.0,59459724.0,810555904.0,1128481536.0,188438304.0,1
1789486717.9397268,music,346,28,34532328.0,0.0,0.0,15461620.0,51456488.0,212728912.0,27471116.0,1027120.1875,0.0,37975880.0,17422188.0,24849632.0,2193495.0,292070656.0,3090931712.0,2783913.75,1
1789486718.004235,music,345,28,23578656.0,91946392.0,5154787.0,11944080.0,94351792.0,458847488.0,603709.9375,1877247.625,382829.09375,3569410.0,674019.375,83388552.0,1168645.75,480149792.0,4240018688.0,17427160.0,1
1789486718.0685503,music,345,23,0.0,241053792.0,0.0,14192368.0,143450176.0,0.0,0.0,13750730.0,9386376.0,7624931.0,5554921.0,0.0,45801648.0,143197600.0,1566659840.0,40837112.0,1
1789486718.1191177,music,340,24,0.0,0.0,61054880.0,124789760.0,33077500.0,110942672.0,113676024.0,9999109.0,0.0,82811136.0,81439312.0,17297922.0,17445694.0,583849344.0,954497664.0,22866828.0,1
1789486718.1845508,music,337,24,0.0,0.0,153668048.0,256266816.0,19129624.0,94575880.0,0.0,10525320.0,1806079.75,34699712.0,0.0,0.0,29532398.0,1413584128.0,515936640.0,11961904.0,1
1789486718.2491674,music,337,24,0.0,74832560.0,13171728.0,453085248.0,109718184.0,6782925.0,0.0,32525908.0,6384436.5,50995384.0,16648074.0,13619776.0,1145661.375,38112624.0,266825344.0,957842432.0,1
1789486718.2988498,music,315,32,70718976.0,345339968.0,10410041.0,67812776.0,145560064.0,13728992.0,51233600.0,33663068.0,4273310.0,16170671.0,27493952.0,322902720.0,30790292.0,174295760.0,44309848.0,990730752.0,1
1789486718.3609684,music,315,25,25986284.0,0.0,21602060.0,262613728.0,109400424.0,2135874.75,6600056.5,89509952.0,7715050.0,3993737.75,5267578.0,102417776.0,2090624.625,70304968.0,220464400.0,801640192.0,1
1789486718.406223,music,330,26,166124864.0,5166657.5,6567184.5,185644672.0,99875576.0,0.0,32182988.0,11664299.0,10583396.0,76179696.0,0.0,0.0,5130526.0,190621792.0,223130272.0,10561656.0,1
1789486718.4687488,music,326,23,0.0,0.0,119538472.0,143283872.0,67111592.0,38037696.0,121762352.0,12450864.0,6881313.0,262254560.0,32857216.0,115033504.0,71121664.0,278304256.0,396040576.0,67081512.0,1
1789486718.5318198,music,321,28,0.0,16315107.0,75217120.0,300586752.0,241605424.0,0.0,234089584.0,99681168.0,40687848.0,702862848.0,20582374.0,75199416.0,0.0,120940120.0,274334464.0,82132872.0,1
1789486718.5934992,music,321,33,153157632.0,61083320.0,173594688.0,76668960.0,63903424.0,7404582.0,293707520.0,6617222.5,39917672.0,215474976.0,194433792.0,187132128.0,43920420.0,624840512.0,149029024.0,305404320.0,1
1789486718.6408334,music,321,32,241966880.0,10821756.0,251782112.0,350496768.0,12708888.0,4516326.5,62309880.0,12805236.0,0.0,186756192.0,68424960.0,0.0,2158820.0,105324840.0,45135564.0,42784692.0,1
1789486718.6904056,music,323,25,148192048.0,2534931.25,155278032.0,143202272.0,1616719.625,6355057.0,10611777.0,1894630.5,781845.625,1847407.875,0.0,67983080.0,23252670.0,0.0,10330342.0,32028780.0,1
1789486718.7539222,music,322,26,21412276.0,0.0,373194976.0,295022112.0,1789446.625,6685633.5,142255824.0,13952647.0,1303261.75,0.0,20167146.0,37527060.0,29630954.0,56523036.0,105864056.0,17894948.0,1
1789486718.81635,music,318,27,104597560.0,8017045.0,160437056.0,333737920.0,5414527.5,12351909.0,56779716.0,13393860.0,0.0,74603464.0,83417224.0,91416584.0,38544540.0,10996346.0,44788096.0,0.0,1
1789486718.878885,music,310,25,28712924.0,2281191.5,0.0,11499683.0,3197043.0,4470126.0,98919072.0,4556833.0,1605781.5,125965872.0,55233940.0,9656670.0,0.0,4632176.0,62583528.0,11760920.0,1
1789486718.9407356,music,311,24,105900768.0,0.0,180025472.0,177886096.0,4417740.0,0.0,0.0,3679555.25,1385926.75,244274592.0,88701952.0,4191297.0,9755936.0,89702848.0,0.0,11887589.0,1
1789486719.3095553,music,281,33,31312568.0,57045776.0,29265286.0,21678592.0,32456682.0,26626624.0,782917888.0,1209373312.0,409949248.0,117334984.0,195485120.0,118454016.0,19104344.0,522398336.0,148932624.0,25095124.0,1
1789486719.367602,music,295,23,77366752.0,126102680.0,229481232.0,18686748.0,25007284.0,12958589.0,0.0,305498720.0,3470990.75,7875043.0,23853406.0,29841658.0,35550192.0,24226256.0,32865956.0,10382954.0,1
1789486719.431114,music,280,28,29089072.0,9909088.0,50758824.0,62204152.0,184287152.0,900710.625,72436296.0,297932032.0,68224704.0,245593808.0,1653011.0,0.0,41108056.0,11827666.0,74109616.0,1172687.5,1
1789486719.496133,music,281,27,22799456.0,23614214.0,19036940.0,88153392.0,215312624.0,0.0,48974184.0,416693056.0,1878824.75,179244768.0,10070668.0,2337292.25,21953304.0,8371741.0,12241752.0,4568505.0,1
1789486719.560469,music,280,21,284271168.0,268171584.0,227612960.0,128036536.0,30392804.0,7430068.0,0.0,0.0,52578456.0,101522424.0,10155418.0,0.0,30094564.0,0.0,0.0,1612210.5,1
1789486719.6242754,music,280,17,8118176.0,21077774.0,0.0,2107599.75,0.0,0.0,98863592.0,0.0,34898264.0,448584256.0,7064053.5,71309096.0,0.0,0.0,1820102.625,1496514.75,1
1789486719.673629,music,280,23,16181768.0,14500423.0,26935192.0,16601574.0,0.0,7904456.0,27664414.0,25907580.0,131902112.0,125006664.0,45571544.0,28698476.0,22941696.0,5568848.5,7402754.0,1342742.5,1
1789486719.720138,music,280,21,12102605.0,13052413.0,71331456.0,0.0,80417968.0,7013372.5,9181330.0,0.0,14786317.0,0.0,81169296.0,93906552.0,0.0,0.0,8835761.0,177676.765625,1
1789486719.7710946,music,287,13,31550876.0,0.0,45952700.0,0.0,0.0,0.0,37016912.0,2366917.25,57036600.0,28216016.0,0.0,25666102.0,0.0,0.0,2612365.0,0.0,1
1789486719.837319,music,282,17,103431160.0,87662560.0,68099976.0,0.0,27185538.0,0.0,780881984.0,31295526.0,2865260.75,0.0,99951728.0,23006776.0,2162468.0,0.0,0.0,1412311.75,1
1789486719.9013076,music,262,18,0.0,28240360.0,24847218.0,6045726.0,19735924.0,0.0,322594816.0,0.0,0.0,19862062.0,38394912.0,22403030.0,71063016.0,69693984.0,13432086.0,90525848.0,1
1789486719.9672549,music,280,16,183694832.0,0.0,0.0,351427776.0,238610384.0,35606916.0,546881216.0,0.0,30659784.0,41454088.0,59217968.0,6666453.0,0.0,0.0,55381688.0,0.0,1
1789486720.0319924,music,273,27,351412096.0,53157368.0,13125864.0,572493632.0,565960064.0,18173332.0,81460696.0,0.0,19205314.0,42108476.0,13042628.0,8548941.0,2745134.5,166682672.0,20254228.0,35179576.0,1
1789486720.0976064,music,272,23,0.0,1170651.375,8697258.0,2279881.0,0.0,7756026.0,233952864.0,18252090.0,11430550.0,18535624.0,9286788.0,245963952.0,16327582.0,0.0,13051709.0,2390340.0,1
1789486720.1628835,music,272,23,213596496.0,0.0,0.0,95919096.0,170306416.0,4221873.0,0.0,39770200.0,7072458.0,81667216.0,3605284.0,88908320.0,18995230.0,4044007.0,206881216.0,8616221.0,1
1789486720.2118,music,270,20,263090528.0,0.0,5496966.5,14078746.0,0.0,0.0,0.0,20631008.0,31615280.0,101204864.0,2648120.5,87678064.0,25804628.0,72849040.0,6034338.5,19156694.0,1
1789486720.2769153,music,271,17,461321504.0,34081636.0,0.0,5725328.0,33257260.0,1274283.25,0.0,0.0,18971818.0,20843318.0,0.0,0.0,0.0,11132301.0,25426688.0,12079766.0,1
1789486720.341822,music,271,22,30271156.0,0.0,16925904.0,39271968.0,40047136.0,0.0,79574712.0,108520424.0,6103687.0,33449706.0,7493426.0,60592072.0,1847428.5,5682893.0,0.0,0.0,1
1789486720.391886,music,271,12,56036776.0,7948386.0,4680750.0,22250592.0,45486212.0,0.0,1924357.25,0.0,0.0,2567859.0,0.0,0.0,1303078.75,13593583.0,6593387.0,0.0,1
1789486720.4386594,music,270,20,0.0,135410736.0,33458844.0,44779404.0,54127964.0,566147.3125,344973984.0,274376704.0,48707932.0,7092286.5,1393123.625,0.0,0.0,0.0,3258048.75,1555269.375,1
1789486720.5034401,music,259,17,51822264.0,0.0,1550872.25,61473928.0,59270212.0,1241311.75,53285832.0,461305312.0,60478400.0,15089288.0,0.0,0.0,0.0,1911354.75,12919798.0,2482793.5,1
1789486720.5680392,music,235,14,221801344.0,59009456.0,1390780.625,0.0,2476751.0,0.0,0.0,195193216.0,45688576.0,4529882.0,0.0,1569223.5,0.0,4623036.0,0.0,0.0,1
1789486720.702373,music,249,16,44969680.0,10087715.0,3104762.5,0.0,6104140.0,0.0,0.0,0.0,4357577.0,15592561.0,0.0,64155912.0,0.0,22824572.0,11552092.0,1031404.25,1
1789486720.7626936,music,254,15,13309081.0,25463648.0,36424120.0,0.0,0.0,847233.875,0.0,165834208.0,30852496.0,28097068.0,435178.46875,0.0,5166619.0,6185571.5,935150.6875,0.0,1
1789486720.827399,music,265,15,17378512.0,14803491.0,604716544.0,66466424.0,709873.5,0.0,0.0,0.0,1843721.375,1226321.875,0.0,0.0,0.0,0.0,6355232.5,1525765.0,1
1789486720.8282664,music,229,5,133322376.0,31112266.0,0.0,0.0,0.0,1757730.375,0.0,0.0,0.0,0.0,0.0,0.0,0.0,2644241.5,0.0,0.0,1
1789486720.8900127,music,265,10,10506550.0,32290466.0,124683424.0,3029524.25,0.0,0.0,0.0,0.0,0.0,520088.0625,0.0,0.0,1487218.5,0.0,304438.34375,581390.9375,1
1789486721.0527933,music,263,18,0.0,0.0,15888302.0,6379338.5,36653608.0,1869959.5,0.0,38913488.0,16993320.0,1409318.75,0.0,8246332.0,214468.578125,788415.3125,1502006.875,1596270.5,1
1789486721.124773,music,239,13,205583248.0,115536656.0,0.0,0.0,0.0,0.0,0.0,0.0,1422764.5,0.0,2902706.5,1029037.625,746348.875,5375592.5,4814266.0,0.0,1
1789486721.189066,music,255,20,91605728.0,106887136.0,28154578.0,24080054.0,14305681.0,0.0,0.0,14834386.0,13015256.0,8332152.5,3641231.5,6245898.0,0.0,1680715.5,0.0,0.0,1
1789486721.2537742,music,249,19,46846552.0,0.0,15818691.0,91319880.0,41839328.0,11578532.0,12268287.0,13496339.0,2923427.5,0.0,0.0,0.0,4683732.5,26393892.0,0.0,0.0,1
1789486721.3182456,music,215,16,27035912.0,24058616.0,13976423.0,8627223.0,12164006.0,0.0,0.0,12795868.0,2100904.0,0.0,4336290.0,6645074.5,12272410.0,114353936.0,0.0,0.0,1
1789486721.3812733,music,223,15,31751148.0,9131184.0,0.0,0.0,0.0,5741138.5,13036687.0,8814228.0,0.0,0.0,11941321.0,110652304.0,17299292.0,0.0,47933596.0,21549808.0,1
1789486721.5889404,music,230,17,49300828.0,13366875.0,428301.03125,237116832.0,110664400.0,1101378.875,85185408.0,0.0,0.0,0.0,160853.328125,0.0,0.0,4718485.5,1933668.875,1119626.75,1
1789486721.6461923,music,231,11,32663288.0,0.0,0.0,621536768.0,367466112.0,1256263.0,0.0,0.0,0.0,0.0,0.0,0.0,0.0,6472511.0,22384184.0,0.0,1
1789486721.708943,music,232,17,16407679.0,0.0,0.0,68151936.0,96500256.0,2740105.5,97898416.0,5411077.5,931028.875,1150614.125,210619.90625,8293292.0,72679.2890625,15807468.0,0.0,0.0,1
1789486721.7719555,music,230,15,0.0,0.0,0.0,71965416.0,27276418.0,619296.9375,9674441.0,0.0,0.0,399827.09375,3316898.75,84912488.0,6437929.0,0.0,2328182.0,0.0,1
1789486721.8340611,music,230,13,10841025.0,9405247.0,7597425.0,0.0,1524335.25,0.0,99278160.0,4862459.5,0.0,0.0,43602740.0,4786663.0,0.0,0.0,1180220.125,0.0,1
1789486721.884319,music,226,10,9010942.0,0.0,37448784.0,0.0,0.0,4453223.0,41007092.0,0.0,0.0,0.0,55671440.0,4817354.5,0.0,38048016.0,0.0,0.0,1
1789486721.946008,music,216,14,9488222.0,15747469.0,9229254.0,0.0,1620787.5,1921354.0,3375427.0,0.0,0.0,4095521.75,20134422.0,8194744.0,1346363.5,15960614.0,3005101.5,0.0,1
1789486722.008503,music,220,14,18954042.0,0.0,0.0,0.0,0.0,0.0,9860869.0,0.0,3710614.5,22848540.0,0.0,52920268.0,0.0,49966920.0,2069571.125,0.0,1
1789486722.0706198,music,220,15,17634168.0,7491515.5,0.0,0.0,14036978.0,6395734.0,29686702.0,0.0,36251368.0,4868016.5,19546584.0,16210764.0,0.0,667833.0,0.0,4332856.0,1
1789486722.1163151,music,217,14,108774816.0,21893664.0,12908054.0,15897400.0,1922741.25,4680869.0,0.0,13461211.0,5313108.5,11731806.0,0.0,4770515.5,0.0,0.0,1648009.75,0.0,1
1789486722.1783261,music,217,21,34644544.0,3329360.25,2889047.25,0.0,2817364.75,1692666.75,61154704.0,43924048.0,0.0,3958314.75,26804428.0,0.0,0.0,19695784.0,4167930.25,763694.375,1
1789486722.227604,music,204,11,5514842.5,1906724.0,0.0,0.0,1415501.875,0.0,0.0,0.0,0.0,5080085.0,14512631.0,5764403.0,978363.375,32170632.0,0.0,0.0,1
1789486722.28987,music,202,14,16232304.0,13481728.0,61142728.0,0.0,45920448.0,131985.171875,2431377.5,0.0,0.0,1823021.375,0.0,4723910.0,0.0,10057876.0,0.0,0.0,1
1789486722.3529265,music,203,3,7036279.0,1270305.5,0.0,0.0,0.0,0.0,0.0,0.0,0.0,0.0,0.0,0.0,716595.875,0.0,0.0,0.0,1
1789486722.4164388,music,207,8,53571296.0,0.0,12465643.0,0.0,0.0,0.0,0.0,3598937.5,0.0,0.0,0.0,0.0,3892958.25,25847194.0,0.0,0.0,1
1789486722.479002,music,196,12,5415495.0,0.0,126916808.0,151402992.0,1563249.5,1139606.625,0.0,0.0,0.0,0.0,0.0,0.0,728796.625,3091595.25,7066059.0,0.0,1
1789486722.5420732,music,196,8,19086182.0,102904.9453125,0.0,0.0,0.0,0.0,0.0,0.0,0.0,0.0,0.0,175860.90625,437363.28125,1216063.125,95799.2578125,0.0,1
1789486722.587566,music,203,8,31306872.0,0.0,10795925.0,0.0,0.0,130787.90625,7944971.0,0.0,0.0,0.0,0.0,0.0,3718820.25,14230500.0,0.0,0.0,1
1789486722.6512606,music,205,27,57601068.0,21461346.0,0.0,0.0,0.0,0.0,4599554.0,12332429.0,7602882.5,164550768.0,36794848.0,16379915.0,18245768.0,11050172.0,3464063.75,5067820.0,1
1789486722.716477,music,203,10,0.0,4828167.0,21306340.0,0.0,3036820.0,0.0,8484350.0,0.0,0.0,0.0,4197632.5,0.0,1252693.375,10280970.0,0.0,0.0,1
1789486722.780759,music,197,14,7395812.0,1519299.5,56854844.0,54589152.0,6382652.5,11069390.0,4449828.5,0.0,0.0,11981978.0,7810737.0,777620.5,0.0,5718380.0,2142917.75,0.0,1
1789486722.8447917,music,197,3,0.0,0.0,8667158.0,0.0,0.0,0.0,827277.8125,0.0,0.0,0.0,0.0,0.0,0.0,510457.21875,0.0,0.0,1
1789486722.8935156,music,189,13,5381229.0,0.0,0.0,0.0,2963177.5,0.0,1911223.5,0.0,3594771.5,2624740.5,7802420.5,5315773.0,331571.96875,1405062.0,0.0,0.0,1
1789486722.9574342,music,181,6,3751789.5,0.0,0.0,0.0,428556.59375,0.0,1003208.125,0.0,4423685.0,26923556.0,0.0,0.0,0.0,1644537.25,0.0,0.0,1
1789486723.021432,music,173,8,0.0,1681375.625,0.0,0.0,4275799.0,16892468.0,952026.3125,504885.75,0.0,0.0,0.0,0.0,0.0,0.0,765034.0625,0.0,1
1789486723.0847988,music,172,6,8459197.0,8988210.0,0.0,0.0,0.0,0.0,1408358.125,0.0,0.0,0.0,0.0,0.0,0.0,3594413.25,0.0,0.0,1
1789486723.1497169,music,194,15,35569044.0,0.0,0.0,0.0,2644658.75,4605121.5,5006372.5,0.0,0.0,5022706.5,43444412.0,3539626.0,5552780.0,15296405.0,1605239.75,1065025.375,1
1789486723.214079,music,194,10,11777827.0,0.0,0.0,0.0,5200388.5,7612852.0,17731214.0,0.0,0.0,0.0,0.0,0.0,0.0,0.0,1193577.25,3835588.5,1
1789486723.2601147,music,194,8,4520333.0,0.0,0.0,0.0,1037385.5,812220.9375,4959658.5,0.0,0.0,0.0,517985.09375,372159.8125,0.0,0.0,0.0,0.0,1
1789486723.3097026,music,190,11,4349495.5,0.0,0.0,0.0,1409036.0,0.0,0.0,2661839.5,0.0,0.0,0.0,16661552.0,17634480.0,16765885.0,3008769.75,0.0,1
1789486723.3931818,music,179,5,59014800.0,0.0,0.0,0.0,3607635.0,0.0,2977531.25,0.0,0.0,0.0,5471852.0,0.0,0.0,0.0,0.0,0.0,1
1789486723.4534092,music,192,3,37299416.0,0.0,0.0,0.0,0.0,0.0,0.0,0.0,750901.375,0.0,0.0,0.0,0.0,1501307.125,0.0,0.0,1
1789486723.7114072,music,201,6,9888407.0,0.0,0.0,0.0,841882.375,0.0,100619.90625,0.0,0.0,0.0,0.0,0.0,0.0,2180331.75,0.0,0.0,1
1789486723.7712367,music,174,19,31162596.0,708053.125,0.0,0.0,6083759.0,261004.46875,582721.5,0.0,0.0,0.0,2748666.5,584163.1875,302254.375,1230324.875,773847.5,0.0,1
1789486723.835144,music,181,22,42050216.0,0.0,30811164.0,140651344.0,748889600.0,78797120.0,42292868.0,0.0,0.0,0.0,32413906.0,7274083.0,2116032.25,2276855.0,6103972.5,0.0,1
1789486723.898867,music,181,12,58868560.0,0.0,0.0,0.0,11301115.0,3098474.75,0.0,628269.25,0.0,0.0,3289317.5,68052480.0,89953552.0,7237756.0,4615475.5,0.0,1
1789486723.9481297,music,182,11,33111556.0,0.0,0.0,0.0,0.0,4261801.5,2299171.75,0.0,0.0,0.0,37810844.0,110663520.0,0.0,4950626.0,12706336.0,8813423.0,1
1789486724.012556,music,182,13,27610948.0,0.0,0.0,0.0,1731020.0,1908724.5,3470339.75,979859.0,0.0,0.0,0.0,9917964.0,0.0,19160170.0,0.0,506693.0,1
1789486724.0613632,music,177,15,59998184.0,0.0,0.0,0.0,117304064.0,899699200.0,221432160.0,22949242.0,0.0,0.0,0.0,7716298.5,0.0,13075675.0,1307510.5,0.0,1
1789486724.1262798,music,178,18,42394652.0,0.0,13701942.0,102474208.0,52769828.0,374558048.0,2611748.0,0.0,0.0,0.0,176239344.0,11436921.0,6400610.5,42663032.0,8416822.0,0.0,1
1789486724.248953,music,183,15,16156559.0,9097553.0,0.0,0.0,153477680.0,708338304.0,7477162.0,0.0,0.0,3626263.5,75924400.0,0.0,6219644.0,153436.40625,2496369.25,0.0,1
1789486724.312031,music,182,17,133874400.0,0.0,0.0,0.0,26719252.0,147394928.0,30993532.0,0.0,17952352.0,21918070.0,40188268.0,1141174528.0,0.0,29573368.0,22649230.0,0.0,1
1789486724.3771224,music,185,15,80618488.0,0.0,0.0,0.0,7373556.0,50608756.0,0.0,1192909.375,0.0,0.0,0.0,951676224.0,0.0,94521328.0,18550428.0,7375081.5,1
1789486724.442029,music,188,13,21428656.0,0.0,0.0,0.0,14745367.0,47054360.0,67791008.0,281931.5625,894370.125,0.0,0.0,1661073920.0,0.0,0.0,0.0,746821.3125,1
1789486724.5059462,music,190,12,0.0,0.0,2361196.5,0.0,0.0,12279730.0,115771880.0,0.0,0.0,0.0,0.0,1552361216.0,0.0,127522176.0,1915629.625,0.0,1
1789486724.5707042,music,189,16,9014078.0,2791208.5,0.0,0.0,16379265.0,35755912.0,0.0,2462091.75,317256.6875,15401010.0,12069728.0,761577920.0,0.0,279564544.0,44943188.0,0.0,1
1789486724.6344705,music,190,15,100287976.0,1453119.75,841679.9375,0.0,13053769.0,0.0,0.0,456748.125,64138.49609375,0.0,0.0,556629120.0,2185994.75,8450288.0,196268.1875,0.0,1
1789486724.6989377,music,190,6,3129651.5,0.0,0.0,0.0,0.0,0.0,1307892.625,0.0,755675.875,0.0,0.0,0.0,5144008.5,0.0,0.0,669712.5,1
1789486724.7449024,music,193,7,0.0,722163.25,0.0,0.0,10820687.0,15664176.0,1486727.75,1136414.25,0.0,0.0,0.0,0.0,0.0,0.0,11261617.0,0.0,1
1789486724.8098977,music,220,15,97754112.0,0.0,0.0,196928672.0,34878360.0,0.0,6017762.5,585453.5625,111831.75,6816621.0,0.0,352660288.0,4109211.25,22573030.0,0.0,0.0,1
1789486724.8719246,music,220,11,82741248.0,0.0,0.0,0.0,11024659.0,0.0,0.0,423906.625,0.0,1004251.25,0.0,267562592.0,0.0,42791184.0,0.0,0.0,1
1789486724.9218245,music,234,13,0.0,1441970.0,5023188.0,10502172.0,0.0,0.0,0.0,8792765.0,0.0,0.0,0.0,247691936.0,21109188.0,26053740.0,8326426.5,0.0,1
1789486724.9852135,music,234,6,15953951.0,0.0,0.0,0.0,3136249.5,3017038.0,0.0,0.0,697299.125,6220102.0,0.0,0.0,0.0,0.0,0.0,3971729.5,1
1789486725.0313592,music,227,11,31954334.0,0.0,0.0,0.0,5580895.0,1611579.125,70990720.0,190861.59375,0.0,1453409.75,4896375.0,0.0,0.0,2993827.0,0.0,0.0,1
1789486725.09304,music,227,21,92609184.0,406074.6875,2743326.75,0.0,16049472.0,0.0,18160002.0,0.0,0.0,22835164.0,9797927.0,93592472.0,0.0,10311233.0,18141360.0,416244.625,1
1789486725.1428647,music,236,15,39563444.0,0.0,0.0,77030192.0,68647736.0,2805302.0,0.0,293710.46875,2491218.0,42366624.0,4500720.0,28211726.0,0.0,9140798.0,0.0,0.0,1
1789486725.2050526,music,241,14,0.0,0.0,28932592.0,147982288.0,22869772.0,0.0,27525222.0,0.0,750513.875,40290640.0,74022552.0,108851224.0,0.0,0.0,0.0,0.0,1
1789486725.2680457,music,241,12,0.0,21063.2421875,0.0,0.0,1346512.25,24697158.0,0.0,0.0,0.0,0.0,4801976.0,22381650.0,1679215.5,8294190.5,0.0,379060.0,1
1789486725.314176,music,251,18,28377662.0,0.0,0.0,58559944.0,1508919.5,3101649.0,0.0,0.0,0.0,21817728.0,5215457.0,57432408.0,3034153.5,7951958.0,334754.0625,752065.3125,1
1789486725.5799494,music,285,15,0.0,4330256.0,29201186.0,0.0,2045280.875,3875020.5,3367349.25,157461.25,745570.875,101663296.0,22438466.0,0.0,0.0,0.0,2169510.0,440969.4375,1
1789486725.769636,music,278,15,0.0,0.0,89382768.0,52387052.0,1033187.6875,372491.71875,0.0,0.0,339523.46875,283123392.0,98650656.0,0.0,547833.0625,472187.25,0.0,0.0,1
1789486725.8334813,music,262,10,7111754.5,70221848.0,0.0,0.0,12117216.0,42975784.0,0.0,0.0,0.0,0.0,1330857.75,25245176.0,739152.0,0.0,0.0,0.0,1
1789486725.959334,music,279,18,11166742.0,0.0,0.0,165398144.0,60480064.0,0.0,0.0,0.0,5019240.5,158576752.0,54276208.0,22892130.0,0.0,2863574.5,1938375.25,689998.25,1
1789486726.0238378,music,279,18,29110676.0,164586208.0,4284694.0,2307456.0,9357486.0,5171163.0,0.0,0.0,3109897.0,42220768.0,846111.375,1575975.125,699232.375,651698.1875,0.0,0.0,1
1789486726.0852976,music,287,16,12571240.0,0.0,24130850.0,18750164.0,2329967.5,0.0,253354320.0,0.0,0.0,112547040.0,42532848.0,555299.875,0.0,1648491.5,0.0,1520696.75,1
1789486726.1502786,music,289,20,0.0,15116934.0,5392602.5,52195376.0,83977240.0,10722821.0,0.0,0.0,259669.875,137821440.0,62440964.0,7986760.0,456520.3125,298129.71875,0.0,1219770.25,1
1789486726.215727,music,287,16,15835051.0,16015520.0,0.0,136708848.0,131452152.0,0.0,0.0,0.0,8649337.0,37671116.0,8111634.0,1718718.875,0.0,0.0,374483.84375,580180.375,1
1789486726.279101,music,285,21,26298492.0,108508736.0,11162517.0,96270248.0,129100760.0,2021692.375,0.0,258848.84375,10791960.0,33012382.0,0.0,1249475.25,210839.84375,227601.15625,493849.0,395477.28125,1
1789486727.2248726,music,294,25,7889056.0,37355264.0,9086372.0,0.0,4431556.5,720568.875,0.0,180800528.0,39748292.0,3116522.5,770169.375,11870562.0,534666.5,1386479.75,113613.421875,252455.453125,1
1789486727.288474,music,294,28,31272064.0,2278421.75,7894719.0,31502808.0,11227314.0,989265.375,13127013.0,0.0,18136048.0,29136572.0,4239544.0,971069.25,0.0,7738827.0,2118719.25,799556.875,1
1789486727.3349924,music,294,30,33825672.0,62520448.0,26927652.0,26036874.0,28942774.0,37951136.0,39597676.0,112275664.0,6238963.0,22054056.0,38122240.0,221803840.0,73174368.0,260787584.0,28948108.0,50438148.0,1
1789486727.3808758,music,295,10,48552804.0,69836504.0,29172782.0,7068862.5,8579670.0,0.0,0.0,0.0,0.0,3134149.5,1604574.375,1176623.25,0.0,0.0,0.0,0.0,1
1789486727.4445062,music,298,13,43180504.0,79654384.0,72174664.0,16715068.0,31088428.0,0.0,8819706.0,0.0,0.0,1206267.0,0.0,0.0,0.0,0.0,1014466.625,0.0,1
1789486727.5086846,music,306,35,39250244.0,52373176.0,24204550.0,68849064.0,79103352.0,0.0,16096163.0,224875744.0,48635764.0,19960910.0,786912.5,13823458.0,3254337.5,87605080.0,12220304.0,5841406.0,1
1789486727.7950854,music,301,29,53491260.0,60213240.0,89099128.0,2567960.0,6886905.0,3531992.5,0.0,303416704.0,61491508.0,8226191.0,56478008.0,162830192.0,0.0,8810963.0,2016353.25,657291.8125,1
1789486728.109727,music,296,23,453616192.0,65125984.0,5329128.0,1730515.625,3580720.0,1490287.0,36058304.0,0.0,1709129.0,4767271.0,4987091.5,124427008.0,2338261.75,4946357.0,923287.5,651818.9375,1
1789486728.1697602,music,296,24,354802816.0,41041348.0,6576910.5,5229192.0,7643455.0,235272.234375,0.0,0.0,417461.125,5486054.0,2070698.25,35504864.0,309922.0,0.0,945405.375,951526.3125,1
1789486728.2182884,music,296,27,110550320.0,0.0,30659068.0,12663578.0,6048599.0,1925789.875,49528232.0,0.0,21916320.0,6426026.5,34028192.0,106338304.0,53272908.0,14363730.0,4761954.0,4034507.5,1
1789486728.264287,music,296,33,218348544.0,39227820.0,0.0,6921355.0,8731718.0,898869.625,79095840.0,86697584.0,15940693.0,5386838.5,6544369.0,382305408.0,1211535.25,1020870.0,359459.09375,468311.5625,1
1789486728.3139849,music,295,34,260864944.0,52417976.0,8812494.0,126060640.0,209665872.0,4607943.0,98797256.0,18086964.0,50261260.0,63400760.0,10650392.0,68064304.0,17961164.0,30407978.0,13114006.0,2587029.25,1
1789486728.3784635,music,301,31,38366856.0,103603208.0,24004916.0,102388064.0,135244848.0,2329282.0,18360206.0,50884736.0,23487016.0,56807184.0,0.0,37408860.0,1136318.0,22673064.0,25882256.0,1296439.625,1
1789486728.4915228,music,309,27,58301040.0,12243116.0,0.0,83695104.0,235491488.0,0.0,0.0,21494486.0,15579148.0,40744020.0,2550749.5,101531168.0,42817992.0,13917178.0,17062566.0,13709414.0,1
1789486728.648812,music,308,26,57875020.0,9887178.0,654851.25,3960575.5,458569792.0,79736968.0,0.0,285412320.0,1207261.25,10363463.0,7575937.0,3687657.0,1983413.5,19007580.0,2247681.75,0.0,1
1789486728.7453558,music,323,31,103363856.0,28597804.0,35628960.0,7883465.0,321514240.0,15989728.0,0.0,28064830.0,8939878.0,14017932.0,0.0,11106830.0,6474799.0,22680218.0,3400610.5,5263731.0,1
1789486728.8032384,music,321,33,155441328.0,45397512.0,249433216.0,5467608.0,340287328.0,288591296.0,33521504.0,142881168.0,15143338.0,16426389.0,8107597.0,14305990.0,835913.1875,1963007.5,9957973.0,7604017.0,1
1789486728.8658068,music,330,31,69757072.0,18937606.0,31330868.0,4014842.0,146678768.0,0.0,14486528.0,376831680.0,21490202.0,16613577.0,21946520.0,6796856.5,8714399.0,51269928.0,2012288.875,10380572.0,1
1789486729.0611196,music,341,28,187480064.0,260260064.0,50569236.0,326772.25,198616448.0,27874736.0,17402544.0,66988092.0,0.0,28020312.0,0.0,2200148.0,0.0,2030368.125,4819148.0,4884437.0,1
1789486729.1241379,music,340,31,152339184.0,287539648.0,109052464.0,4436538.0,68782256.0,7057578.0,0.0,35932784.0,6160090.5,0.0,20087446.0,2991694.0,671516.0625,11595261.0,1428887.375,3624359.5,1
1789486729.1874037,music,340,31,176979808.0,621523136.0,83860088.0,6317041.0,29291654.0,4407738.0,537217.375,73505136.0,14665756.0,3383686.5,4165068.75,15299872.0,578557.375,5778815.0,1626346.75,1503770.0,1
1789486729.2324429,music,340,35,55604976.0,404141376.0,26049112.0,38012556.0,61838840.0,13052761.0,0.0,131966944.0,24244334.0,15653848.0,15201844.0,11242087.0,374064.90625,16085093.0,3812192.5,1785439.25,1
1789486729.3135986,music,348,30,88583184.0,2540976.0,10151043.0,105152656.0,70311056.0,44226880.0,158855696.0,73709696.0,0.0,35836144.0,198932064.0,185048208.0,68439520.0,1423653632.0,456636032.0,66382480.0,1
1789486729.5036707,music,349,31,41965992.0,269278880.0,359108480.0,220698656.0,122201656.0,18014188.0,0.0,5140555.0,4137075.5,6536602.0,10102187.0,6583249.0,4876557.0,5276173.5,1056581.625,14042498.0,1
1789486729.5679035,music,357,30,34728280.0,32476288.0,26104040.0,807262400.0,393988704.0,2586069.5,0.0,31164578.0,46063892.0,49830564.0,4933945.0,7813961.5,1496017.25,34991268.0,21141882.0,5358873.0,1
1789486729.820408,music,356,22,52339960.0,70456560.0,198109776.0,82317752.0,185193152.0,1554027.5,0.0,0.0,0.0,2625202.0,216727.890625,20237924.0,4111262.0,24517140.0,113117632.0,42407912.0,1
1789486729.8842762,music,0,32,42773056.0,42600632.0,34280384.0,1046037632.0,1052161280.0,3032364.25,50511880.0,0.0,15913697.0,50583636.0,2425136.75,70708800.0,1569328.0,295789056.0,28891898.0,11149696.0,1
1789486730.326593,music,359,27,14346123.0,8766632.0,241387280.0,836204160.0,47135668.0,7560897.0,23591980.0,0.0,0.0,362753856.0,186055760.0,70090320.0,1095955.875,7350735.0,6220046.0,2501312.0,1
1789486730.4208145,music,357,16,26570512.0,1358329.5,252684768.0,334696640.0,15862051.0,0.0,0.0,0.0,0.0,7385267.0,45112296.0,2098469.5,0.0,223738.0625,409622.3125,832058.5,1
1789486730.4802146,music,358,26,8820964.0,4832937.0,455902016.0,732009088.0,10149964.0,2968168.75,0.0,0.0,5295691.0,142534544.0,70336568.0,2104354.25,0.0,13671184.0,1692778.875,254742.1875,1
1789486730.54439,music,359,28,25103882.0,3012005.0,328212608.0,446282976.0,11400582.0,5024233.0,0.0,0.0,2685853.0,382170880.0,80487456.0,2082518.75,0.0,5894420.5,3987898.25,2004280.25,1
1789486730.6079164,music,359,30,43808892.0,653969.0,540600640.0,506229632.0,4319141.0,2013533.75,3953988.0,29672070.0,18924614.0,523228128.0,146105328.0,636697.6875,312220.34375,16975460.0,6523457.5,892903.8125,1
1789486730.656662,music,358,34,50459400.0,506086.6875,627598912.0,613441920.0,10756051.0,4080739.0,0.0,56926896.0,9873692.0,109697280.0,25233916.0,5285065.0,5730217.5,30538660.0,470410.8125,1015916.0625,1
1789486730.7208767,music,358,24,23754630.0,0.0,451893088.0,641160384.0,8948679.0,0.0,0.0,38507400.0,6366227.5,230354224.0,138460976.0,1119740.5,221425.9375,1395907.625,282492.84375,496103.15625,1
1789486730.76955,music,358,31,18456404.0,1256805.5,590801920.0,222601824.0,6875695.0,0.0,1138328.5,13371880.0,6997474.0,383721280.0,75073368.0,1298329.75,6990607.0,49231084.0,344746.09375,1381608.875,1
1789486730.815001,music,0,37,38697984.0,5326884.0,517590656.0,521187616.0,10792210.0,10553063.0,100390896.0,42448272.0,11799296.0,486852608.0,187764752.0,6057961.0,6415901.5,15659480.0,4623266.0,4176466.0,1
1789486730.8789837,music,0,31,33951472.0,10968057.0,568558464.0,681372544.0,32588794.0,8683783.0,0.0,5674043.0,7030572.5,45257520.0,16403081.0,1292718.75,18339418.0,26150810.0,3838385.5,11861106.0,1
1789486730.9238653,music,0,27,41563160.0,0.0,1146750464.0,490052832.0,1465585.25,0.0,0.0,14225535.0,4578603.0,10635866.0,19807510.0,280527.03125,22858564.0,35576460.0,391029.65625,4784738.0,1
1789486730.973162,music,1,32,2921649.0,1804301.875,683273664.0,861809472.0,6311730.0,1877005.875,503490272.0,43501240.0,7810171.5,480449056.0,107229952.0,2111589.0,1283551.0,18603246.0,279458.15625,100319.90625,1
1789486731.0376852,music,9,29,21643738.0,1353464.0,986486272.0,782604864.0,5266268.5,8188205.5,101605480.0,0.0,0.0,24959888.0,22827382.0,2154651.5,2541047.5,3554601.25,448820.8125,509480.6875,1
1789486731.1021397,music,4,34,29565740.0,159621.703125,683819264.0,336106368.0,19996876.0,1950933.5,285308128.0,36580296.0,4556920.0,156922576.0,53325628.0,2123770.0,20962562.0,8673161.0,339024.09375,1740985.125,1
1789486731.1665583,music,5,32,10739798.0,158695.8125,465956288.0,2022650624.0,3074367.5,0.0,105097600.0,26741092.0,3230120.75,260001008.0,117519808.0,2564870.75,8071292.0,80672960.0,75299.484375,1216754.75,1
1789486731.2304318,music,5,28,0.0,837742.3125,929681664.0,736477312.0,819466.75,76845416.0,303754560.0,3826442.5,1575718.0,321060832.0,112237248.0,6035900.5,12023585.0,0.0,1658918.875,6860755.0,1
1789486731.2792115,music,9,34,18730618.0,360750.9375,1057188736.0,852818048.0,2630853.5,13669088.0,137109184.0,1604234.375,1126318.0,887484480.0,259263472.0,3942626.0,5021264.0,27978482.0,48419.328125,215591.6875,1
1789486731.343626,music,10,35,65448112.0,1478302.0,270148800.0,106664688.0,33805772.0,94240592.0,81383896.0,15478358.0,7589649.0,26449988.0,15254340.0,271510720.0,49638280.0,62433448.0,33345142.0,25331936.0,1
1789486731.4074788,music,10,16,21858612.0,0.0,288975360.0,316028512.0,490366.21875,0.0,123848624.0,7586358.0,2716123.5,151041600.0,61839772.0,0.0,0.0,15927103.0,2797468.5,0.0,1
1789486731.4534605,music,12,18,35282964.0,1364328.5,1469132800.0,2152136448.0,1165966.25,0.0,0.0,0.0,3078750.5,38756536.0,0.0,987769.25,1290633.75,7410831.0,376158.125,0.0,1
1789486731.9711244,music,47,26,43901248.0,535319.5625,3748070.75,0.0,95979456.0,395756192.0,123004160.0,3500999.5,0.0,0.0,0.0,18654094.0,17895256.0,8839441.0,78191520.0,109122880.0,1
1789486732.0295146,music,44,29,43118756.0,0.0,8672289.0,29684944.0,179408848.0,659832320.0,322909248.0,18937694.0,4830704.0,3693354.5,407829.375,43842880.0,32362884.0,160022752.0,234981280.0,844488704.0,1
1789486732.0905392,music,33,24,65277556.0,0.0,1311974144.0,552923776.0,173237472.0,242338880.0,15079746.0,0.0,9574800.0,2630285.75,0.0,14071496.0,5900726.0,0.0,2669929.75,31465406.0,1
1789486732.3191113,music,40,23,575829632.0,157320640.0,80483712.0,175443616.0,3314570.75,0.0,76068312.0,2245646.75,0.0,0.0,0.0,1242213248.0,34354792.0,308582112.0,0.0,2063043.375,1
1789486732.3782132,music,40,20,0.0,0.0,81869696.0,162782592.0,12536893.0,0.0,23507890.0,266655.8125,2792949.0,4741121.5,1410503.0,949813376.0,8346454.0,0.0,2876514.0,3056392.75,1
1789486732.427399,music,41,27,106707592.0,940237.8125,350952.75,24892368.0,15807718.0,33846288.0,275323456.0,1758539.25,4961224.0,278360736.0,57639776.0,0.0,68382032.0,76261824.0,4867818.0,40477620.0,1
1789486732.5086288,music,47,28,157638976.0,1685402.0,13414467.0,91649808.0,96024256.0,24309212.0,4048617.25,741874.875,399178.0625,956377.8125,4434235.5,1003143936.0,3011098.5,30469458.0,13310718.0,59233112.0,1
1789486732.5773828,music,36,26,373719552.0,2053308.125,1722359.375,196894064.0,331613536.0,0.0,38602296.0,1162326.0,2385715.0,38636464.0,0.0,675321728.0,90350928.0,90432504.0,8468764.0,78204144.0,1
1789486732.698648,music,47,28,343768032.0,0.0,892816.6875,0.0,122914336.0,27093608.0,137883200.0,24941860.0,12497331.0,0.0,4013082.75,441717376.0,50522600.0,111023320.0,2467984.5,151807376.0,1
1789486732.7937138,music,46,32,236898880.0,574379.0625,21787026.0,226885104.0,432769984.0,5385396.0,54945272.0,9574738.0,3318558.5,46227084.0,4755979.0,133806000.0,17534174.0,20642878.0,0.0,251819040.0,1
1789486732.8516393,music,56,23,260766352.0,808997.5625,2819347.5,483945088.0,0.0,1639933.5,67516016.0,28534160.0,928932.875,32823050.0,16059339.0,0.0,12050368.0,1280536.5,5356383.0,175033344.0,1
1789486732.9139645,music,51,34,225869264.0,0.0,12175080.0,1123915520.0,1021488448.0,8782083.0,2196865.75,106533712.0,20339654.0,70437000.0,21740526.0,119131048.0,4347982.5,11944814.0,20383736.0,620957440.0,1
1789486733.0462756,music,45,29,200369520.0,53048032.0,61879268.0,562005760.0,328681568.0,2912148.25,19967832.0,30635776.0,8348930.5,567920.0,6362561.0,163298240.0,13252124.0,2550545.5,0.0,0.0,1
1789486733.103216,music,51,27,210968272.0,0.0,0.0,246256704.0,0.0,3532031.75,2139968.5,32220042.0,1850720.75,4790210.5,2466390.25,598872192.0,21870148.0,5013820.0,28689840.0,263524128.0,1
1789486733.1658106,music,60,25,244821872.0,2164878.5,0.0,663807168.0,1094644480.0,9318775.0,240441.3125,0.0,0.0,12766520.0,0.0,162630992.0,6127524.0,2023780.375,17615422.0,29524902.0,1
1789486733.2276266,music,60,27,68060544.0,1119234.75,2339856.0,155868896.0,1022946.375,4493124.0,2956863.75,0.0,1963354.25,30554780.0,1227103.75,163237296.0,10745408.0,3206230.0,12456960.0,203951456.0,1
1789486733.300273,music,60,21,221760400.0,0.0,378413.5625,268346592.0,301818656.0,5364812.5,7554452.0,0.0,350810.9375,0.0,12630122.0,175767392.0,42903616.0,87443792.0,2857507.75,13980372.0,1
1789486733.3456728,music,57,24,993159616.0,180284464.0,12713754.0,55372220.0,127815776.0,23046516.0,350604576.0,0.0,2401148.5,0.0,11384980.0,387609600.0,26918386.0,561568256.0,31711184.0,0.0,1
1789486733.6796148,music,48,14,48481752.0,10230300.0,0.0,0.0,21261456.0,185592000.0,463510.34375,1444405.0,638741.875,302671.5,0.0,0.0,827941.25,3541405.0,65501348.0,2897192.0,1
1789486733.739093,music,65,11,20354242.0,0.0,516827.625,0.0,101190160.0,825954560.0,72649.0,0.0,0.0,65599512.0,26867332.0,0.0,0.0,0.0,30297432.0,0.0,1
1789486733.800779,music,54,28,123092736.0,0.0,6692138.5,48984112.0,153173840.0,1975584896.0,35484800.0,6257577.0,3941252.75,1749678.0,0.0,258255072.0,15314852.0,469896096.0,2007358720.0,352760064.0,1
1789486733.864039,music,58,20,57804376.0,424250016.0,6603799.5,17258908.0,25375664.0,236747440.0,0.0,3797088.75,1856443.625,355510.125,1131442.375,16956446.0,2828348.0,84704184.0,1064824896.0,14921719.0,1
1789486733.9270644,music,58,13,33276310.0,0.0,8278728.0,0.0,2482935.25,88650480.0,4167624.75,0.0,0.0,0.0,1312407.75,176277984.0,766245.6875,0.0,170450672.0,0.0,1
1789486733.9767022,music,56,23,0.0,311217216.0,34291016.0,28551128.0,78562528.0,63687800.0,21038796.0,11530866.0,11795484.0,9356197.0,23286554.0,77397840.0,0.0,0.0,100127072.0,84966592.0,1
1789486734.0873983,music,143,3,16586196.0,0.0,0.0,0.0,0.0,0.0,0.0,0.0,0.0,0.0,0.0,0.0,0.0,39266016.0,299579808.0,0.0,1
1789486734.1422532,music,176,6,23033842.0,0.0,0.0,0.0,0.0,0.0,0.0,0.0,0.0,0.0,0.0,0.0,2021819.875,17740350.0,249711904.0,4976071.5,1
1789486734.2047076,music,176,3,55515480.0,0.0,0.0,0.0,0.0,0.0,0.0,0.0,0.0,1866128.5,0.0,0.0,0.0,0.0,0.0,0.0,1
1789486734.255275,music,217,4,76604920.0,0.0,0.0,0.0,0.0,0.0,0.0,36189852.0,65518992.0,0.0,0.0,0.0,0.0,0.0,0.0,0.0,1
1789486734.3235877,music,206,8,67552256.0,0.0,0.0,0.0,9572926.0,80792976.0,0.0,0.0,0.0,0.0,0.0,0.0,0.0,10612370.0,85910752.0,0.0,1
1789486734.3856058,music,204,5,0.0,8533248.0,0.0,0.0,824739.625,0.0,0.0,0.0,0.0,0.0,29553920.0,98746472.0,0.0,0.0,19346754.0,0.0,1
1789486734.4486532,music,203,9,0.0,0.0,0.0,0.0,5484905.5,15296391.0,0.0,0.0,0.0,0.0,0.0,122135232.0,0.0,10761958.0,231853200.0,13663670.0,1
1789486734.5767379,music,217,14,11506065.0,0.0,0.0,5189569.0,35938088.0,87091000.0,594673280.0,0.0,0.0,0.0,0.0,0.0,88894248.0,1852747008.0,2123416064.0,177219504.0,1
1789486734.6386206,music,217,4,0.0,0.0,0.0,0.0,0.0,29209180.0,30885948.0,7299272.5,0.0,0.0,0.0,0.0,0.0,0.0,0.0,0.0,1
1789486734.684867,music,217,12,0.0,0.0,0.0,0.0,1736493.0,2556291.5,20989104.0,0.0,2426289.5,0.0,148373184.0,20153464.0,4487308.5,6613938.5,0.0,4534237.5,1
1789486734.7356834,music,260,5,0.0,0.0,0.0,0.0,0.0,7379955.5,17310896.0,0.0,0.0,74085840.0,579976576.0,0.0,0.0,0.0,8503751.0,0.0,1
1789486734.800202,music,203,11,71993296.0,30265964.0,0.0,0.0,9320101.0,38509160.0,0.0,14452257.0,0.0,0.0,0.0,0.0,0.0,21358680.0,128280960.0,6019234.0,1
1789486734.9451227,music,213,10,3108917.25,0.0,0.0,0.0,439155.9375,0.0,0.0,1789134.625,1023920.5,467592992.0,532124032.0,107744088.0,0.0,0.0,0.0,0.0,1
1789486735.1345274,music,259,9,0.0,0.0,0.0,0.0,0.0,0.0,2450271.25,1285965.25,227825.09375,47584316.0,74743376.0,0.0,733667.1875,0.0,8495163.0,0.0,1
1789486735.1989763,music,260,22,0.0,0.0,100070384.0,237218656.0,8582217.0,2977134.5,6925979.0,349942.25,1788403.75,101469536.0,20976080.0,19865454.0,915006.5625,4975949.0,0.0,0.0,1
1789486735.2633917,music,261,17,0.0,1792977.5,0.0,0.0,0.0,0.0,2926515.25,0.0,0.0,72170480.0,5345860.0,75831080.0,581091.75,20235388.0,5961324.0,6102930.0,1
1789486735.3275719,music,261,31,164377184.0,23242252.0,9796758.0,35791864.0,193315488.0,95596048.0,79186128.0,43024848.0,3349528.0,17295908.0,50345760.0,643383808.0,157861008.0,1008730176.0,49506192.0,128064224.0,1
1789486735.3729877,music,263,17,116001888.0,0.0,3265823.5,7485663.0,811881792.0,11854728.0,0.0,2286816.75,0.0,13180339.0,4075996.5,1378400768.0,9006523.0,0.0,25449362.0,10558936.0,1
1789486735.4385107,music,271,26,31979812.0,0.0,7224380.0,431540832.0,662645952.0,76186352.0,31099700.0,324866080.0,80673128.0,83805568.0,51157120.0,1841264256.0,30214432.0,217397776.0,290518592.0,1070214464.0,1
1789486735.5033412,music,275,31,78854240.0,54821696.0,55832604.0,737507712.0,377486240.0,9117358.0,136673760.0,104517720.0,26272778.0,0.0,56127436.0,936767552.0,94781960.0,38104260.0,351210592.0,214448096.0,1
1789486735.5681987,music,270,24,159236432.0,7432441.0,10510826.0,32033420.0,39238144.0,12885918.0,0.0,0.0,5784673.0,21348952.0,8155925.5,438489728.0,5384983.0,32830284.0,32230274.0,22758188.0,1
1789486735.6342838,music,282,29,66257528.0,0.0,438134592.0,433934048.0,48882208.0,5242296.0,7317902.0,49411240.0,10688059.0,214394304.0,26934080.0,624772480.0,17695132.0,28243036.0,50044888.0,98217840.0,1
1789486735.6989655,music,287,33,42893800.0,0.0,144938448.0,301398464.0,280886144.0,14465523.0,30610492.0,304227712.0,39127532.0,317961184.0,128978320.0,149923792.0,23570454.0,69109296.0,50224116.0,68336432.0,1
1789486735.7629051,music,285,26,50204896.0,11409987.0,0.0,80988248.0,44176032.0,0.0,14145350.0,63966280.0,19151390.0,0.0,39593308.0,8249762.0,3453884.75,5540518.0,20982458.0,57921316.0,1
1789486735.8276777,music,292,25,484070368.0,3922236.25,244546752.0,1100510208.0,9794509.0,464617.09375,8259364.0,0.0,4299178.0,737252736.0,225349008.0,20986760.0,0.0,28607592.0,43057704.0,0.0,1
1789486735.8921676,music,290,23,705697024.0,4734020.0,415485760.0,0.0,49850064.0,10388011.0,0.0,0.0,9400962.0,681674240.0,239619728.0,0.0,92338192.0,72049176.0,30276676.0,18998954.0,1
1789486735.9553769,music,290,28,325846144.0,4775222.5,204725088.0,917892352.0,3644685.25,1191651.375,78805856.0,36297684.0,1225335.875,412296160.0,244012768.0,264978112.0,69138744.0,244773120.0,69284384.0,0.0,1
1789486736.0039144,music,290,32,337973952.0,54399564.0,759360640.0,796026496.0,10676332.0,3302840.0,84620176.0,10321716.0,7933525.0,540633216.0,111609360.0,323030656.0,23522304.0,45319920.0,58397732.0,8976518.0,1
1789486736.050819,music,307,28,1270926.75,6578771.0,731581568.0,746225792.0,2397719.75,1088237.75,70296752.0,13294016.0,2027152.25,479607872.0,146999232.0,42756536.0,1505556.0,68154320.0,19091172.0,7259196.0,1
1789486736.1142664,music,303,30,651081344.0,4745932.0,155227744.0,272744896.0,12681040.0,1768498.375,9167466.0,4242068.0,197750.53125,1200608000.0,340699616.0,28088212.0,33038934.0,0.0,4659662.5,9560048.0,1
1789486736.1769476,music,302,27,425470880.0,4922009.0,18952330.0,0.0,20393144.0,787171.875,0.0,10474695.0,473211.5,3511352.0,62210464.0,501953344.0,15849991.0,10762312.0,1364282.375,2100436.5,1
1789486736.3060703,music,307,30,368939776.0,0.0,4576463.0,4846179.0,22793628.0,66545616.0,176359408.0,6838258.0,6118440.5,340264608.0,65081512.0,1000538880.0,276511552.0,148007632.0,0.0,29131084.0,1
1789486736.3653407,music,314,28,285704416.0,2753477.75,69737856.0,783310016.0,33460332.0,6318764.0,25764262.0,324524.15625,2097837.75,330049088.0,101334816.0,46431744.0,0.0,140531408.0,35532592.0,4780997.5,1
1789486736.4278424,music,316,27,197922848.0,32593624.0,51593928.0,631711488.0,41100148.0,414314.6875,6843368.5,0.0,1395574.375,57694376.0,61385128.0,344411552.0,3758414.0,287972864.0,26893282.0,1978358.625,1
1789486736.5025861,music,330,19,136707760.0,49155980.0,23682836.0,44323912.0,0.0,1029859.5,50777292.0,83682080.0,1004843.0,0.0,12548630.0,0.0,22815506.0,877630016.0,20368390.0,0.0,1
1789486736.7476544,music,321,26,93670448.0,23455476.0,648434.625,0.0,140715392.0,34615096.0,670698.25,0.0,7110604.0,5463321.0,3096130.5,164402080.0,4679950.0,24865050.0,0.0,258326368.0,1
1789486736.8061788,music,327,20,80335968.0,18109278.0,5949453.0,350058240.0,362534656.0,12259212.0,864015.0,58563688.0,8218980.0,6530293.0,3172922.75,0.0,2415733.5,0.0,0.0,0.0,1
1789486736.879979,music,320,20,23602154.0,4786440.5,1850454.5,215670224.0,183894128.0,13325836.0,0.0,0.0,0.0,7200000.0,0.0,44954780.0,315344.78125,7570769.5,7943387.0,0.0,1
1789486736.9420242,music,325,23,24776946.0,7129986.5,7215132.0,205690656.0,294361216.0,17400564.0,0.0,1051052.875,163149.671875,134403.0,0.0,14911900.0,974397.875,195572.59375,4461820.5,258698016.0,1
1789486737.0000796,music,323,26,111127312.0,30921852.0,1437970.0,157857280.0,247584768.0,37136292.0,219267.9375,46545944.0,11385740.0,395458.28125,0.0,0.0,571636.5,10317984.0,44346904.0,765477120.0,1
1789486737.0625882,music,320,29,83727272.0,11768124.0,5498055.5,181551664.0,277365792.0,0.0,212159.71875,82516824.0,17557382.0,13127125.0,2556534.25,47613924.0,443456.40625,2703791.5,27270668.0,803364480.0,1
1789486737.1239479,music,312,17,24081158.0,7223085.0,451643.65625,0.0,27113512.0,0.0,0.0,0.0,130779.625,2671370.75,1533982.375,0.0,151202.796875,1814978.125,25301716.0,667781312.0,1
1789486737.1851642,music,316,28,42789928.0,8431180.0,2368956.5,191884416.0,231495600.0,20625864.0,0.0,0.0,59959.65625,7430928.5,2576819.25,60723496.0,365210.40625,5698935.0,9957985.0,327164416.0,1
1789486737.2470381,music,325,27,46869356.0,8976782.0,2907430.5,282235776.0,358931936.0,10754324.0,274512.09375,0.0,0.0,14735960.0,2422369.5,89550784.0,265991.0625,441956.8125,4136062.5,131314744.0,1
1789486739.2787998,music,208,22,2939328.0,0.0,0.0,195863280.0,374344608.0,27358624.0,166691360.0,0.0,4778121.5,2677750.0,7400666.5,36531472.0,20219478.0,46413032.0,115166136.0,0.0,1
1789486739.3294508,music,207,16,3218693.25,0.0,248576.25,42445616.0,0.0,5034540.0,48957768.0,0.0,30210928.0,9638296.0,5804649.5,68030808.0,3324140.0,43247148.0,0.0,0.0,1
1789486739.6902456,music,203,17,7798200.0,1215030.0,1330901.25,0.0,2292951.0,0.0,0.0,471606.0,0.0,2870441.25,0.0,382531.0,316642.46875,6908494.5,13676803.0,1998240.25,1
1789486739.7536762,music,203,11,5456668.0,0.0,0.0,0.0,4538846.5,1031481.5625,1561113.25,0.0,0.0,2542591.75,3793289.75,1786170.25,0.0,299355.5625,0.0,0.0,1
1789486739.8067534,music,199,12,10551536.0,0.0,0.0,0.0,0.0,0.0,3061990.5,0.0,2999481.5,986264.0,0.0,156588.4375,283289.90625,2915293.0,0.0,0.0,1
1789486740.2271383,music,160,10,0.0,0.0,0.0,0.0,0.0,0.0,0.0,0.0,0.0,0.0,55923.0078125,2383418.0,32731.64453125,4392811.0,10499443.0,1194698.5,1
1789486740.2864604,music,159,19,0.0,0.0,0.0,140597008.0,208432960.0,0.0,0.0,0.0,2574466.25,6239318.5,0.0,54365232.0,942298.4375,185946080.0,19524898.0,26910138.0,1
1789486740.349226,music,159,9,0.0,0.0,2185430.5,0.0,7836130.0,2551988.0,0.0,0.0,0.0,0.0,0.0,983418048.0,2704844.75,0.0,40727732.0,0.0,1
1789486740.3978462,music,159,13,0.0,0.0,1432303.75,0.0,1816657.0,4997043.0,0.0,0.0,21399476.0,12007668.0,664976.6875,1454230528.0,220479.765625,1329331.625,0.0,0.0,1
1789486740.4428377,music,159,10,0.0,0.0,3409979.0,0.0,18665670.0,0.0,0.0,0.0,4297860.5,23628686.0,0.0,70305664.0,127904.15625,0.0,0.0,0.0,1
1789486740.766565,music,178,6,503564512.0,98599984.0,8225516.0,0.0,0.0,66657252.0,0.0,21685256.0,0.0,0.0,0.0,0.0,0.0,0.0,0.0,0.0,1
1789486740.7671156,music,137,20,0.0,0.0,3036333.25,72036256.0,412605952.0,0.0,0.0,0.0,0.0,44352020.0,167140080.0,36959760.0,26986514.0,74587072.0,153504384.0,255236656.0,1
1789486741.083288,music,152,10,111387712.0,17227726.0,162838000.0,0.0,0.0,0.0,5976887.5,0.0,0.0,0.0,0.0,3566808.0,939175.625,0.0,0.0,0.0,1
1789486741.084143,music,104,3,0.0,0.0,0.0,356751.9375,0.0,0.0,0.0,0.0,0.0,0.0,326902592.0,49799636.0,0.0,0.0,0.0,0.0,1
1789486741.303044,music,134,14,8476013.0,32520988.0,0.0,6565930.0,392595072.0,163238208.0,0.0,0.0,1180298.25,0.0,82474944.0,6509134.0,427296.4375,0.0,0.0,168725.109375,1
1789486741.3615925,music,120,8,63474624.0,3425696.0,0.0,0.0,536405280.0,0.0,0.0,0.0,0.0,0.0,0.0,3641517.5,2311870.0,0.0,286003.1875,0.0,1
1789486741.423171,music,117,15,22560424.0,0.0,0.0,0.0,1138995968.0,272017984.0,0.0,0.0,241992.5625,87589.75,16584012.0,1560946.125,690267.1875,18365830.0,0.0,2041714.0,1
1789486741.7141016,music,116,8,0.0,0.0,0.0,0.0,143577440.0,4963470.0,0.0,0.0,641919.4375,771749.75,0.0,0.0,0.0,4224625.0,0.0,0.0,1
1789486742.1252818,music,60,24,63668232.0,6431585.0,72951440.0,178902480.0,0.0,983443.3125,1343855360.0,2978513.75,3827137.5,4480215.5,0.0,2559575.25,0.0,7175318.0,1141655.5,860755.625,1
1789486742.1952488,music,60,23,0.0,0.0,0.0,0.0,17054156.0,7498269.0,1423863424.0,1295295.25,3111818.5,20491352.0,2138882.75,15134722.0,1067571.5,9605710.0,1648257.875,1351839.25,1
1789486742.2403173,music,55,19,9841890.0,850464.375,0.0,32416096.0,0.0,1978609.375,1404888064.0,0.0,537973.8125,2473496.25,0.0,10736582.0,0.0,27364660.0,889625.5,357781.875,1
1789486742.3033226,music,57,32,64948848.0,13168410.0,0.0,0.0,28982608.0,5999319.0,1256594944.0,1901566.875,1475439.0,192915456.0,39287384.0,30901002.0,14286786.0,141674480.0,1900272.75,389601.1875,1
1789486742.365132,music,54,25,141296592.0,1636707.125,0.0,0.0,461155.875,2966585.5,1375367936.0,2876681.0,2463915.0,3500885.25,0.0,5285797.0,5007899.0,580174208.0,2734340.5,1832743.5,1
1789486742.4268699,music,55,29,14893738.0,2329041.5,4271275.5,0.0,2210049.75,3394466.25,841180288.0,1284401.25,336011.25,24326.54296875,1418433.125,3385953.0,100479936.0,1071332736.0,32007148.0,6132201.0,1
1789486742.48822,music,55,26,136912656.0,0.0,106386056.0,79916848.0,166652.078125,9529358.0,984096768.0,1507895.875,1873886.0,0.0,193926.0625,1767223.625,89627488.0,855315776.0,6482257.5,4813693.0,1
1789486742.538126,music,54,30,183089872.0,1038807.75,169073664.0,108546784.0,1413299.5,5381867.0,263921648.0,745274.0625,199948.875,0.0,0.0,5149778.0,31840974.0,310640096.0,12527526.0,19058740.0,1
1789486742.6315157,music,55,27,2801797.5,423113.34375,1271972.125,0.0,1388293.125,2977013.5,946095424.0,0.0,164378.21875,2147537.0,0.0,2817157.5,9295803.0,331533952.0,8757612.0,51299980.0,1
1789486742.689615,music,56,23,0.0,0.0,26026352.0,0.0,0.0,10688387.0,1220796288.0,2365565.0,0.0,111897088.0,0.0,2595629.5,47603988.0,453483424.0,1699198.75,8849997.0,1
1789486743.896824,music,12,22,0.0,0.0,4159369.0,0.0,7636112.0,0.0,7698248.5,276612.1875,446894.625,2618253.0,1346474.75,1842950.25,646619.4375,696110.6875,203410.875,0.0,1
1789486743.9561462,music,356,16,5741604.0,0.0,1312228.125,1850837.75,1253093.375,327996.9375,0.0,46560.2421875,101777.921875,128838.8203125,0.0,131564.8125,96421.140625,1235800.5,332330.71875,238833.265625,1
1789486744.0204072,music,356,16,3748956.0,0.0,979335.375,1791624.5,749709.0,0.0,187703.859375,151348.375,105609.7734375,394304.4375,0.0,0.0,0.0,65841.359375,1076350.875,587879.9375,1
1789486744.0695412,music,354,14,7431359.5,1827009.25,0.0,0.0,257909.65625,0.0,0.0,0.0,0.0,109056.46875,0.0,88861.71875,68447.5,72195.5546875,104877.421875,102810.53125,1
1789486744.3392272,music,352,15,99464496.0,0.0,39790072.0,0.0,0.0,160258992.0,60575612.0,0.0,803277.125,1065049.375,0.0,0.0,0.0,1196083.75,8611847.0,4668194.0,1
