timestamp,sound_type,detected_angle,bin_count,band_0,band_1,band_2,band_3,band_4,band_5,band_6,band_7,band_8,band_9,band_10,band_11,band_12,band_13,band_14,band_15,label
1789485948.7388191,music,358,28,4262781.5,0.0,4713119.0,4740741.5,7201354.0,4201427.0,35341788.0,99542288.0,60687680.0,113530488.0,11846566.0,151445120.0,59692376.0,161952416.0,0.0,434318816.0,1
1789485948.8983238,music,2,20,18976556.0,0.0,0.0,14550691.0,99209832.0,4270787.0,12411971.0,3389972.5,0.0,9980987.0,3888001.25,1864727.25,2150628.25,23562632.0,901445.875,0.0,1
1789485949.564033,music,5,30,47441696.0,52083236.0,124570864.0,74952792.0,99917904.0,41682676.0,4855925.5,44914920.0,11938038.0,492944416.0,150112576.0,390274848.0,0.0,35772600.0,43800844.0,9153885.0,1
1789485949.7857332,music,356,28,58645040.0,10367818.0,22977320.0,28049212.0,14058426.0,14842622.0,56199752.0,40458944.0,0.0,16967704.0,64615728.0,56443384.0,0.0,0.0,26972930.0,32860184.0,1
1789485949.9764347,music,12,13,0.0,0.0,0.0,75004720.0,205288640.0,614235.5,1907676.25,0.0,0.0,370002.8125,329021.625,3852676.0,628661.75,694245.125,219920.5,0.0,1
1789485950.0391338,music,12,20,0.0,33116152.0,5580000.0,5676430.5,0.0,2551213.5,9001616.0,8447869.0,7458558.0,9330841.0,9553652.0,20243468.0,0.0,0.0,0.0,30508990.0,1
1789485950.0896986,music,354,20,63163736.0,0.0,0.0,0.0,8516385.0,12667370.0,21462968.0,123345664.0,13007045.0,7800104.5,1859560.375,21581994.0,0.0,375835.5,0.0,10798516.0,1
1789485950.1656675,music,335,15,271538464.0,0.0,0.0,0.0,0.0,5581540.0,8045494.0,0.0,0.0,9619945.0,0.0,17546728.0,2048764.5,46487.33984375,1637330.375,0.0,1
1789485950.2615523,music,10,19,561906.5,3139250.5,689086.5,302273152.0,419274688.0,0.0,0.0,48111112.0,30186944.0,3349881.0,9374829.0,7964409.0,0.0,0.0,1561778.875,3176850.25,1
1789485950.3574436,music,10,18,524897.375,0.0,13288808.0,196553808.0,147257728.0,0.0,0.0,0.0,3977993.25,0.0,5150195.5,0.0,0.0,2480530.0,2314410.25,2035634.75,1
1789485950.3581016,music,334,12,175612608.0,0.0,0.0,0.0,0.0,2800840.5,2264485.25,15960595.0,0.0,0.0,0.0,12924589.0,4091736.0,0.0,0.0,4458327.0,1
1789485950.4300418,music,357,29,2427103.0,421635.9375,1270079.0,67184672.0,126401568.0,21119876.0,39153976.0,60265512.0,23623560.0,199949888.0,43244744.0,818856768.0,64610304.0,43765928.0,112618712.0,729933568.0,1
1789485950.4945471,music,358,20,17591022.0,0.0,0.0,17197510.0,20879028.0,13649772.0,11848893.0,0.0,21231406.0,30539554.0,67268888.0,150724528.0,0.0,6473752.0,11775297.0,56008164.0,1
1789485950.864001,music,359,30,11960855.0,29358244.0,63570952.0,240191152.0,271270976.0,89203392.0,21318104.0,64165280.0,0.0,100920688.0,15088355.0,41288672.0,2885984.75,10835968.0,45069252.0,212908016.0,1
1789485951.3077312,music,358,27,187940544.0,29507232.0,44552016.0,56958016.0,11022163.0,13105736.0,42380016.0,96074656.0,7632264.0,117739896.0,26379950.0,204670064.0,112743952.0,17712106.0,0.0,11097294.0,1
1789485951.529377,music,359,34,65407100.0,91871848.0,47556612.0,66029696.0,45685584.0,65951224.0,7338787.0,6844534.0,22789126.0,95810808.0,4141625.5,42698664.0,20452252.0,183993408.0,55509268.0,47752204.0,1
1789485951.7197719,music,1,30,7151701.0,0.0,10437764.0,191552032.0,267311568.0,17009180.0,11793077.0,0.0,1110154.5,3002170.25,2661258.5,2098811.0,4356721.0,44555876.0,5878731.0,13462648.0,1
1789485952.1628363,music,4,26,0.0,10531968.0,31320772.0,15148224.0,70156160.0,13618874.0,43498580.0,1931165.625,0.0,627840000.0,158499968.0,841298176.0,0.0,285464256.0,158178592.0,740574848.0,1
1789485952.227215,music,3,26,11673952.0,0.0,43997276.0,0.0,0.0,0.0,9824919.0,77110288.0,50348044.0,99755872.0,83665928.0,231718880.0,146487168.0,20055084.0,4428810.5,33603024.0,1
1789485952.6715055,music,359,25,20395924.0,7357895.0,21565026.0,1443463.625,166110672.0,12393200.0,20090798.0,0.0,0.0,2323036.75,45858008.0,55422596.0,3609798.75,35853160.0,2268581.25,4548475.5,1
1789485953.0200717,music,1,31,0.0,0.0,2230593.5,9772068.0,6312697.0,26735108.0,19933578.0,9215139.0,8984394.0,20925928.0,35904840.0,89368656.0,9175256.0,48484648.0,40046160.0,92183264.0,1
1789485953.080621,music,358,28,153146848.0,13473923.0,125833856.0,53517252.0,0.0,0.0,13364622.0,29723420.0,10773404.0,50741448.0,2208670.25,238960208.0,139876112.0,95993632.0,40883384.0,23601900.0,1
1789485953.9084692,music,3,32,16597348.0,0.0,38429960.0,47095336.0,122032920.0,125415304.0,66107488.0,27939616.0,22243548.0,469251584.0,115933648.0,519580160.0,39788024.0,110994912.0,90635744.0,44051608.0,1
1789485953.9686837,music,5,16,0.0,0.0,4657220.0,2770638.0,5589309.0,42543392.0,23940146.0,19759078.0,21281032.0,13082166.0,37037560.0,174198480.0,23996690.0,26467552.0,13616194.0,0.0,1
1789485954.3527024,music,359,25,147203520.0,0.0,181629824.0,59906348.0,48059332.0,20912390.0,0.0,1629362.0,12970425.0,31025260.0,16121186.0,37192328.0,0.0,27106994.0,25271912.0,3395616.75,1
1789485954.7647586,music,333,30,2715393.0,956604.25,5272274.0,2385560.0,9081945.0,6491980.5,11901805.0,8289035.5,2900168.5,110073944.0,52377036.0,372983872.0,54111400.0,154129936.0,131806664.0,111033744.0,1
1789485954.8296711,music,333,26,67958064.0,7172171.0,10148188.0,0.0,0.0,0.0,26341144.0,43620912.0,90370592.0,73861416.0,17218576.0,92916640.0,82423232.0,53116880.0,30951484.0,17643838.0,1
1789485954.987935,music,333,23,2560251.0,0.0,8798303.0,0.0,10773798.0,2036772.5,1510489.625,1848985.75,458797.96875,789894.25,1038587.125,36900932.0,16306831.0,15614414.0,23683750.0,0.0,1
1789485955.0334277,music,323,26,14532029.0,0.0,8865497.0,0.0,0.0,24416392.0,10186462.0,16024311.0,0.0,40050940.0,40256992.0,69776816.0,290145408.0,256264224.0,15468435.0,15096420.0,1
1789485955.6210423,music,335,25,0.0,1399613.375,4941060.5,0.0,9540300.0,1466317.875,529092.75,3246404.5,0.0,8153573.0,4032569.25,1647445.25,4429924.0,62448928.0,4422685.5,0.0,1
1789485955.6797194,music,328,29,43937120.0,34421640.0,17612356.0,33664816.0,30671192.0,5242561.0,16070967.0,12777022.0,8260830.5,73164512.0,11366096.0,10758014.0,20305730.0,38341472.0,67312832.0,6472555.0,1
1789485955.7433023,music,328,24,1092523.25,5324005.5,22167000.0,0.0,63263920.0,9492426.0,1052986.25,2565646.0,5871752.0,58426456.0,15317764.0,120786816.0,1060421.0,46523280.0,60340956.0,28321840.0,1
1789485956.4462256,music,334,24,0.0,0.0,48080408.0,5825822.0,2822143.75,9595516.0,13586804.0,5123554.0,371728.1875,1667664.25,16065707.0,2959204.0,230299.71875,34171056.0,1057538.375,13287823.0,1
1789485956.5063818,music,347,25,166491.15625,21009128.0,562692608.0,29081912.0,24780664.0,10606696.0,86321.15625,3823538.5,8381031.5,10328951.0,13625512.0,0.0,2271963.5,15499638.0,900249.5,0.0,1
1789485956.5705462,music,328,28,29701498.0,19285528.0,9984580.0,5688512.5,106383280.0,32197368.0,8985651.0,8720804.0,2167187.75,27022192.0,24749346.0,232526640.0,106909936.0,38384260.0,53557800.0,103684016.0,1
1789485956.7310262,music,338,33,3646810.75,1548733.0,15413197.0,19877144.0,39061784.0,23060336.0,22897280.0,53487256.0,9169038.0,11841804.0,52013408.0,327691264.0,509577472.0,1403250688.0,344237760.0,337500096.0,1
1789485957.3660533,music,331,27,1750894.625,0.0,10848142.0,9793447.0,105056512.0,35276016.0,2429094.0,432730.5,764977.625,16653790.0,216781632.0,184494800.0,36887812.0,8543387.0,20861312.0,17294266.0,1
1789485957.4294617,music,336,33,13925708.0,2722728.25,19979878.0,14484474.0,32914744.0,7558901.5,20534088.0,60182584.0,14265412.0,94558128.0,57971232.0,273471104.0,124783944.0,216517104.0,157509376.0,68975680.0,1
1789485957.5878696,music,335,32,7351370.0,1705434.5,0.0,1859675.25,34158976.0,17263674.0,34581840.0,353265536.0,47545896.0,13346236.0,105616312.0,116354400.0,77934616.0,81459120.0,72933792.0,148914944.0,1
1789485957.6479833,music,329,31,38538168.0,0.0,13833123.0,37324932.0,13564517.0,247666784.0,114481776.0,80085472.0,76627424.0,342737504.0,53460324.0,301342848.0,237547184.0,19728876.0,4099700.25,135079456.0,1
1789485957.7109315,music,334,26,6020865.0,3821163.5,22824858.0,0.0,54780216.0,0.0,14631604.0,164654176.0,59853440.0,17345704.0,114714176.0,60322712.0,0.0,308152928.0,0.0,30339782.0,1
1789485957.774396,music,326,24,674574.1875,0.0,0.0,43738956.0,171937392.0,38109664.0,21743702.0,74825592.0,3215854.0,31838916.0,125150384.0,15716840.0,0.0,0.0,5116549.0,32574216.0,1
1789485957.8368354,music,328,30,333584.0625,1596607.5,31461472.0,4746698.0,231191808.0,97238568.0,2658193.0,0.0,6437075.5,35207388.0,100995680.0,28419944.0,15787732.0,62231780.0,23095344.0,116709840.0,1
1789485958.2545073,music,331,34,7306448.0,23905812.0,124355264.0,33232280.0,65824492.0,0.0,107254832.0,44986948.0,27028800.0,956270208.0,194411232.0,202941728.0,43037560.0,247988416.0,172776912.0,509480064.0,1
1789485958.312979,music,331,19,6711274.5,0.0,0.0,0.0,23420894.0,30359180.0,40712004.0,25704972.0,0.0,0.0,12088211.0,78891696.0,32993430.0,162957776.0,121636888.0,82006352.0,1
1789485958.3627405,music,331,17,0.0,0.0,0.0,0.0,3161085.5,22118044.0,15194438.0,1586763.75,0.0,136641616.0,27668368.0,229421824.0,20286196.0,22989632.0,30650544.0,47664868.0,1
1789485958.477274,music,331,30,25889432.0,86876720.0,66452448.0,10198823.0,6557976.0,6580597.5,18379542.0,7298959.0,0.0,161195344.0,101955344.0,26272004.0,13157164.0,262713712.0,380736064.0,67872512.0,1
1789485958.6984787,music,332,29,164854352.0,89273984.0,33047454.0,176238304.0,14199358.0,73488120.0,32365776.0,0.0,12650897.0,45837292.0,9989819.0,15353660.0,73634424.0,341730688.0,18934796.0,128212480.0,1
1789485958.7629902,music,342,23,1530240.5,34994768.0,5133995.0,67449944.0,3276060.5,16107118.0,8052425.5,0.0,5638929.5,836092.3125,0.0,11442144.0,51387536.0,78363512.0,3237949.5,3998278.75,1
1789485959.1109955,music,324,30,3951302.5,0.0,20602388.0,15779123.0,12507314.0,5806327.5,15180404.0,1518436.125,1593835.0,32903160.0,13973238.0,98439024.0,10127815.0,41533888.0,75410528.0,70726760.0,1
1789485959.1698427,music,333,25,69010256.0,0.0,6012897.0,0.0,0.0,10312414.0,35855008.0,22816900.0,7390536.5,6711830.0,6534121.5,54388432.0,49340460.0,40717032.0,33388424.0,17517614.0,1
1789485959.2443993,music,334,31,14579498.0,8718092.0,1646595.0,49774552.0,6046298.0,1598995.25,31189692.0,6737222.5,17690076.0,16224081.0,4223931.5,22221004.0,34919128.0,150336256.0,3611211.0,43944240.0,1
1789485959.3077643,music,335,27,11338508.0,22812048.0,21421332.0,39669064.0,4785589.0,35371848.0,186268176.0,891478.5625,1314624.25,7406860.0,21051078.0,24381730.0,2004217.25,18979976.0,31654076.0,4329322.5,1
1789485960.2212362,music,327,28,7296183.5,83699088.0,0.0,72605872.0,53506360.0,53021508.0,4940797.0,3022796.0,44533108.0,34901220.0,36163324.0,99285296.0,392421760.0,89163328.0,5143173.0,7222067.0,1
1789485960.4115953,music,338,31,44573464.0,76210592.0,283475712.0,45555408.0,131698240.0,40308204.0,27562586.0,1408264.75,13651981.0,35709080.0,5100536.0,1401079.375,5115631.0,2184005.0,1596786.875,5001751.5,1
1789485960.4709804,music,328,28,6886601.0,0.0,41196232.0,24636844.0,110308320.0,15824170.0,0.0,38175216.0,27353040.0,108459456.0,30444906.0,41851360.0,25314868.0,13587318.0,25781372.0,25780300.0,1
1789485960.665175,music,340,32,139699392.0,20372718.0,212415312.0,25446324.0,16139235.0,26686510.0,15896144.0,15716745.0,34519524.0,564745280.0,8696428.0,0.0,42531532.0,53388232.0,1684278.125,10532846.0,1
1789485960.7291234,music,342,26,255338944.0,0.0,171505776.0,12065689.0,1030340.5,9849242.0,58801604.0,0.0,79104752.0,199351744.0,4362530.5,78408536.0,3959594.25,31649364.0,1039389.75,14620706.0,1
1789485960.8243086,music,341,27,4119660.0,142682928.0,199902592.0,34969080.0,57814932.0,12879553.0,28758294.0,2425785.0,24579864.0,230158944.0,1726953.125,0.0,12215248.0,61265820.0,1148271.0,2584533.25,1
1789485960.8857548,music,338,29,15085694.0,45356216.0,423998624.0,14967584.0,37757708.0,14321769.0,28812430.0,9163793.0,4317594.5,0.0,4076109.0,41257764.0,10756632.0,29674850.0,7847209.5,92181288.0,1
1789485960.9501972,music,329,24,91319888.0,0.0,0.0,0.0,20078970.0,12240491.0,11596640.0,322332.28125,26149168.0,66486296.0,120034880.0,100827048.0,4884193.0,15286562.0,1357739.75,12411212.0,1
1789485961.0141175,music,329,26,8858398.0,15135568.0,57085772.0,22757122.0,3763561.0,9812263.0,112383568.0,3586888.75,4507762.5,10561857.0,236123056.0,46877744.0,3582742.5,24495658.0,1274158.75,172534400.0,1
1789485961.0774689,music,327,29,0.0,39329396.0,263551600.0,258355904.0,20112428.0,704340.875,73911360.0,900558.875,979501.375,28615468.0,51169608.0,38833888.0,13877110.0,10513181.0,159634272.0,92743088.0,1
1789485961.1361966,music,339,24,1377926400.0,0.0,44212568.0,98911336.0,154590800.0,6357775.0,672493.375,7955165.5,22884006.0,4708600.0,93718432.0,60204784.0,0.0,1219022.25,42280892.0,156304592.0,1
1789485961.199829,music,340,20,301889312.0,167318272.0,81964368.0,0.0,0.0,0.0,50126196.0,3392212.5,0.0,28079736.0,0.0,311929920.0,15238775.0,283247552.0,1034420.125,77643824.0,1
1789485961.2646685,music,339,24,0.0,55664320.0,26294506.0,17216684.0,35666904.0,8848230.0,12387366.0,920286.5,0.0,266688432.0,19927156.0,22690310.0,20594304.0,127090816.0,6926723.5,0.0,1
1789485961.3293684,music,336,25,28402428.0,32897652.0,0.0,126106912.0,30825948.0,23930954.0,65336816.0,81855880.0,29794804.0,6293486.5,6820498.0,0.0,24633832.0,21914356.0,18546336.0,76315192.0,1
1789485961.3938124,music,335,24,0.0,82738912.0,247487968.0,33332936.0,0.0,0.0,11388227.0,72821968.0,16248994.0,18964834.0,2226693.5,102078528.0,19813968.0,24900472.0,10175759.0,46248096.0,1
1789485961.4588008,music,334,26,504704320.0,21403636.0,0.0,7178473.0,234584288.0,47256060.0,9723874.0,0.0,21898302.0,121020120.0,11320004.0,4698770.5,3860434.5,71274608.0,17293030.0,31547460.0,1
1789485961.5238047,music,332,23,0.0,0.0,38870992.0,0.0,220927744.0,3564366.25,35778392.0,163826320.0,3283749.25,2942527.5,0.0,4411755.0,11155936.0,218564272.0,3075379.25,5587997.0,1
1789485961.5870352,music,331,24,0.0,0.0,252781536.0,38356188.0,19799208.0,2553388.25,119909984.0,66880484.0,13348699.0,4426952.0,3925592.5,26918664.0,7816183.0,54314152.0,1735309.25,31025754.0,1
1789485962.663567,music,327,15,23908666.0,0.0,145809024.0,17039164.0,954728.1875,8005978.0,5041922.5,595442.5625,0.0,14898298.0,579207.4375,3550413.75,5431334.0,0.0,0.0,0.0,1
1789485962.7224517,music,329,22,9328367.0,0.0,560149248.0,33636820.0,0.0,0.0,14528078.0,294676.59375,4116892.0,36196704.0,1811721.75,0.0,5129559.0,983577.625,2129410.0,0.0,1
1789485962.8215442,music,329,27,42146224.0,9383113.0,394641664.0,454885184.0,87933096.0,0.0,30889120.0,0.0,4623636.0,40849464.0,12220660.0,13363452.0,26595874.0,8217050.5,160447376.0,85622096.0,1
1789485962.8677173,music,327,24,395595520.0,707332.0,290510592.0,274164896.0,358600704.0,663768.75,59941544.0,2721040.25,8103348.0,0.0,5348510.0,139505824.0,1680862.625,0.0,20073912.0,112476544.0,1
1789485962.9307032,music,327,26,412613024.0,5182306.5,22822936.0,74361400.0,52056488.0,9044724.0,84293752.0,0.0,19625110.0,180859232.0,35549952.0,286218048.0,0.0,327294816.0,15097751.0,17967768.0,1
1789485962.9779003,music,346,18,788541568.0,9206827.0,1836878.625,28665580.0,10682056.0,0.0,54143800.0,632485.1875,0.0,0.0,1825179.5,0.0,66505936.0,240379952.0,3700163.25,4042805.5,1
1789485962.9788027,music,311,16,0.0,0.0,21776070.0,0.0,24918676.0,2494611.5,0.0,0.0,12879569.0,192216688.0,1042118.875,234484192.0,41225876.0,0.0,10023614.0,12426485.0,1
1789485963.0540502,music,335,29,211094976.0,428659296.0,346054816.0,239618352.0,72773384.0,49402208.0,0.0,4174858.75,6133092.5,2191144.75,25843020.0,0.0,30479482.0,26615056.0,8639464.0,35724368.0,1
1789485963.1183975,music,335,20,154718800.0,116367864.0,5594489.0,4299520.5,9558180.0,0.0,26821800.0,3262553.25,1535929.5,1847212.625,0.0,9743330.0,0.0,18871418.0,3161267.25,0.0,1
1789485963.1655586,music,335,23,611750400.0,0.0,1888721.5,5389478.0,154333168.0,18926118.0,5946908.0,1721291.75,11010692.0,2175479.0,1080608.0,2578472.25,18264640.0,7625987.0,0.0,4899795.5,1
1789485963.2155986,music,326,28,0.0,0.0,22881460.0,3930263.0,701304128.0,79648384.0,4881199.5,353593.53125,36396360.0,126249392.0,1959935.0,28544480.0,22246658.0,51433480.0,30167682.0,11972366.0,1
1789485963.2789977,music,342,27,268891648.0,22623748.0,571546944.0,44702464.0,249967952.0,55503868.0,136950832.0,10125096.0,23161208.0,0.0,12905705.0,8085333.5,32158520.0,164513856.0,0.0,39707356.0,1
1789485963.3421884,music,325,21,0.0,30275830.0,49016648.0,6526196.0,6204670.0,5472104.5,37247116.0,0.0,0.0,52605452.0,7777869.0,7347296.5,8095719.5,4755725.0,5872285.0,1671849.875,1
1789485963.405835,music,327,25,0.0,0.0,41363504.0,6844512.0,224231824.0,41301760.0,111558464.0,0.0,4431350.0,123461640.0,1207851.25,22980184.0,0.0,42252704.0,1343683.75,19281816.0,1
1789485963.4875782,music,328,34,0.0,8668926.0,202116864.0,42774376.0,62386712.0,35005720.0,26520820.0,32341552.0,12417953.0,119852328.0,124197416.0,120967120.0,387675904.0,63403392.0,111567136.0,80052064.0,1
1789485963.8361862,music,343,28,94563392.0,8348816.5,0.0,7562618.0,65055308.0,9876578.0,292148288.0,3177966.0,1035653.5,95798768.0,10211781.0,12061407.0,12735756.0,201212352.0,5694918.0,29174672.0,1
1789485963.9003608,music,342,28,20258096.0,12973142.0,0.0,10804732.0,125530336.0,0.0,15330500.0,16314471.0,4198422.5,4195353.5,9927152.0,7926276.0,13226954.0,10253134.0,5079605.5,45697576.0,1
1789485963.965055,music,343,18,48695544.0,68390240.0,7729673.5,142351728.0,128404704.0,0.0,32204128.0,0.0,0.0,2479919.5,9729830.0,0.0,5331998.0,32028326.0,5519591.5,11455298.0,1
1789485964.058044,music,343,19,60044176.0,0.0,3830526.25,0.0,27369956.0,0.0,0.0,31204978.0,9342462.0,3932943.25,10581674.0,9845654.0,32250116.0,3155210.0,0.0,3989646.0,1
1789485964.1044886,music,349,17,35497512.0,9364076.0,31262252.0,2121757.5,9038773.0,0.0,0.0,3888780.0,1063053.375,4121878.0,385910.03125,0.0,1553473.75,0.0,0.0,1262366.125,1
1789485964.1693394,music,331,30,4968783.0,21023616.0,970964992.0,161073568.0,12223032.0,0.0,97679824.0,11703713.0,7927965.0,9765720.0,7200853.0,19808472.0,26610056.0,36446020.0,8253229.5,119555768.0,1
1789485964.2332242,music,335,27,56042256.0,27516194.0,92122592.0,19905416.0,4714381.0,0.0,217868928.0,1874853.75,24159150.0,481601120.0,22289468.0,4899859.0,20737268.0,59852580.0,3507758.0,0.0,1
1789485964.2975266,music,339,32,7380323.0,11670852.0,62466272.0,3495225.0,77840416.0,37196864.0,311451264.0,3782795.75,17285822.0,37521384.0,6940707.5,8589640.0,10860233.0,33022018.0,7995581.0,1767962.75,1
1789485964.3620718,music,339,29,1468062.5,22005564.0,255719872.0,5440607.5,52390656.0,8775174.0,35033332.0,25543988.0,4756136.5,128525048.0,45160836.0,25018628.0,8598385.0,71244592.0,21925916.0,27945124.0,1
1789485964.4119334,music,332,24,49747256.0,2529110.25,103569712.0,5689781.0,2647055.5,0.0,1642441.0,4247347.0,3165800.0,2847177.0,3928641.5,7228300.0,0.0,13543181.0,28752260.0,104252624.0,1
1789485964.4763615,music,331,24,14755242.0,0.0,388414016.0,37853912.0,6608776.0,518738.8125,0.0,4087285.5,6675642.0,4009031.5,4782875.5,3507504.0,0.0,43471040.0,16149529.0,256996448.0,1
1789485964.5644104,music,331,34,77334880.0,0.0,823828096.0,471042048.0,115476408.0,94545184.0,157885952.0,38964320.0,68615984.0,166355216.0,31087690.0,14172834.0,4262476.0,13056588.0,47767876.0,154720960.0,1
1789485964.6104226,music,337,22,459903296.0,13011348.0,367445920.0,429070976.0,313438336.0,0.0,238405664.0,0.0,9201952.0,1479826.25,312579.375,0.0,7747162.0,145478048.0,25963084.0,0.0,1
1789485964.675548,music,341,21,583040064.0,32763648.0,2142399.5,0.0,28263182.0,10518100.0,58321960.0,16224981.0,0.0,0.0,0.0,84988384.0,0.0,285370016.0,15174430.0,9757028.0,1
1789485964.7869074,music,337,31,247836544.0,591566400.0,350943392.0,6763740.0,81215120.0,17322826.0,53945592.0,49458736.0,0.0,179152192.0,97686592.0,0.0,102809408.0,23846072.0,5522291.5,31212956.0,1
1789485964.8510048,music,341,24,438967840.0,67000748.0,20989688.0,14666985.0,95926080.0,0.0,6110390.5,352499.9375,0.0,0.0,1563154.25,16504086.0,6741925.5,39439916.0,5040017.0,0.0,1
1789485964.9145024,music,329,31,538418176.0,42605704.0,58639136.0,37533928.0,227868064.0,28088068.0,11186963.0,2128545.5,1185085.0,70440432.0,2200485.75,20274612.0,18468776.0,107305632.0,2011485.375,8461815.0,1
1789485964.979189,music,344,21,15380219.0,0.0,232688336.0,10760944.0,0.0,41441792.0,10416421.0,226123.03125,308525.71875,1576719.0,1673190.625,0.0,7173776.5,89172056.0,1060310.0,14692665.0,1
1789485965.0733354,music,344,27,96799392.0,61375584.0,71139768.0,22002656.0,71723760.0,0.0,3046320.75,3767107.0,5504257.0,32207566.0,1468063.75,6393495.0,5889209.5,34144424.0,1242061.5,0.0,1
1789485965.1682,music,348,26,1114447616.0,0.0,28247976.0,15678626.0,145201408.0,0.0,38670592.0,4895825.5,4223694.5,0.0,727978.75,0.0,2251987.5,165937808.0,0.0,1348848.75,1
1789485965.2329326,music,329,28,154107520.0,0.0,0.0,23983070.0,253762720.0,43980264.0,93301464.0,65920496.0,79295216.0,495602368.0,115973568.0,292848896.0,131109808.0,611797760.0,308470656.0,206421552.0,1
1789485965.2972636,music,337,31,264863136.0,0.0,9019394.0,114821088.0,476529856.0,5460207.0,27274852.0,41237868.0,107791016.0,237747952.0,84960016.0,56839472.0,25458298.0,803106880.0,176872640.0,186780992.0,1
1789485965.3605955,music,322,34,273820096.0,13637259.0,27261720.0,183602624.0,534749408.0,72275504.0,34166448.0,191757376.0,79776976.0,39567280.0,36799632.0,257998400.0,20370528.0,967250240.0,174966000.0,63629676.0,1
1789485965.4240873,music,322,30,63681672.0,13626481.0,60729512.0,304275904.0,0.0,84902104.0,68351696.0,10038275.0,8332917.0,169592288.0,36498600.0,121375944.0,50728056.0,318372192.0,35158568.0,0.0,1
1789485965.469295,music,322,30,185829808.0,104038968.0,27543848.0,141089792.0,324270208.0,108206400.0,84263280.0,241733056.0,38757208.0,69522832.0,243129888.0,983126272.0,933882176.0,101830024.0,15773515.0,39180884.0,1
1789485965.5151112,music,318,29,32614070.0,19281190.0,0.0,7499570.0,412105984.0,154072304.0,127932896.0,198093872.0,81069664.0,225457760.0,407161248.0,188770912.0,599140096.0,96640424.0,36808328.0,52924624.0,1
1789485965.5780609,music,323,24,202515072.0,10299898.0,0.0,83343088.0,320845952.0,52051648.0,77761504.0,83334240.0,21874800.0,34258160.0,64206824.0,14205202.0,908796.125,206648816.0,6196536.5,0.0,1
1789485965.6407816,music,320,25,750616832.0,18048358.0,7943980.0,49470640.0,40756628.0,0.0,10574679.0,0.0,0.0,119888344.0,7324744.5,16051189.0,18146630.0,123154040.0,37281692.0,2024554.375,1
1789485965.7030127,music,304,24,0.0,0.0,14059758.0,25819552.0,525905600.0,60726608.0,0.0,32406300.0,192074096.0,1581965696.0,0.0,45482232.0,42081608.0,773184768.0,22990796.0,6057674.0,1
1789485965.7649202,music,300,26,14563964.0,1695206.25,5993475.5,3568107.0,530931840.0,113814592.0,3526913.0,0.0,355800352.0,3355345664.0,30621060.0,40233432.0,35621096.0,1647385088.0,27937100.0,15433406.0,1
1789485965.828182,music,300,25,78026192.0,0.0,2898782.25,2056265.875,1090936192.0,190383520.0,1949472.5,158209664.0,84109304.0,242657152.0,5883874.5,12507475.0,30254808.0,842554560.0,12285212.0,25836452.0,1
1789485965.8772364,music,287,33,154600640.0,113486496.0,54373864.0,81331464.0,499221632.0,168052784.0,57395368.0,28280454.0,48961360.0,535783392.0,40847288.0,93673272.0,283933568.0,65827648.0,252475664.0,1118134400.0,1
1789485965.9413874,music,290,22,0.0,0.0,0.0,61533288.0,0.0,0.0,2876724.0,26223516.0,134044992.0,1556503296.0,20336836.0,356630464.0,569846976.0,543307328.0,0.0,80221208.0,1
1789485966.0056942,music,280,17,0.0,198371.859375,659355.125,9321009.0,308798528.0,388345.5,165655.390625,0.0,139240528.0,628574912.0,3174376.5,0.0,0.0,9058940.0,16823862.0,307943392.0,1
1789485966.0699673,music,278,22,0.0,0.0,0.0,33052188.0,294786400.0,47734184.0,0.0,0.0,19664240.0,32991100.0,10055781.0,372656256.0,42073892.0,116469552.0,12906356.0,65716048.0,1
1789485966.1342862,music,275,20,50274032.0,0.0,34929312.0,37475088.0,117475536.0,38224336.0,0.0,0.0,0.0,2127429.0,6684177.0,196038640.0,0.0,288114144.0,108437192.0,40854104.0,1
1789485966.198801,music,273,21,30362512.0,0.0,28700492.0,33761048.0,18066714.0,28741572.0,22016838.0,0.0,59908372.0,254357296.0,31123288.0,21857154.0,5699445.5,21899186.0,0.0,71805224.0,1
1789485966.2646036,music,263,17,26113318.0,0.0,0.0,5409382.0,116361216.0,42488048.0,3921505.75,1258714.375,33793728.0,0.0,0.0,9015386.0,0.0,401609472.0,0.0,3811081.5,1
1789485966.3299756,music,264,27,76927312.0,42591936.0,99830136.0,30483774.0,344275264.0,32874464.0,12982256.0,11346266.0,0.0,394536192.0,8168277.5,165538720.0,0.0,88914784.0,27172244.0,24103496.0,1
1789485966.395552,music,275,11,0.0,0.0,30245760.0,6884363.5,73423624.0,20193572.0,0.0,0.0,33256900.0,18617240.0,5785032.0,6814603.0,0.0,0.0,0.0,0.0,1
1789485966.4611275,music,275,10,0.0,0.0,0.0,0.0,0.0,0.0,0.0,2232037.0,0.0,70788968.0,5792064.0,929666.125,0.0,2966503.5,12156856.0,0.0,1
1789485966.5129652,music,279,12,0.0,0.0,6583971.0,0.0,2497589.5,575077.3125,0.0,0.0,0.0,24664208.0,6317824.0,1455038.75,0.0,0.0,0.0,3266743.75,1
1789485966.5784266,music,263,20,63724344.0,7724175.5,0.0,0.0,0.0,35030840.0,31347830.0,0.0,3603498.5,41087212.0,0.0,10459776.0,39387636.0,9891844.0,5409518.5,24200504.0,1
1789485966.642195,music,264,13,37406224.0,0.0,0.0,1022846.125,1710903.5,0.0,1916497.125,0.0,0.0,28010696.0,1552099.0,3546129.0,0.0,0.0,4871764.0,6248758.0,1
1789485966.7076535,music,275,12,0.0,0.0,71382856.0,8466237.0,13249135.0,4847230.0,0.0,0.0,0.0,162128000.0,0.0,1347524.75,0.0,0.0,350810.125,0.0,1
1789485966.7834299,music,248,16,487610624.0,0.0,0.0,13478626.0,23636228.0,3291275.5,413739.6875,0.0,4344892.0,0.0,0.0,4620410.0,0.0,1461626.75,375059.6875,60906264.0,1
1789485966.843453,music,248,16,101735680.0,481981.28125,2741169.0,8349905.0,29112510.0,3028359.25,98074.1484375,0.0,5776506.0,0.0,312658.5625,0.0,4449087.5,0.0,4172035.5,18878912.0,1
1789485966.8936775,music,243,25,307878368.0,239946.296875,677510.75,15509887.0,42830824.0,3838804.5,2366531.5,0.0,4083583.25,56481468.0,577350.9375,2195150.5,1111163.5,883421.125,263446.3125,3101371.0,1
1789485966.9579794,music,253,19,2101120.25,193484.765625,0.0,26289346.0,42346536.0,0.0,2046399.875,0.0,4439981.0,350455104.0,54248028.0,18652622.0,11129929.0,26506040.0,37607008.0,62386304.0,1
1789485967.0230954,music,241,13,0.0,3919958.0,3189164.5,0.0,0.0,501230.4375,0.0,0.0,92577688.0,0.0,63113864.0,93813360.0,26502144.0,42548124.0,38124216.0,62013200.0,1
1789485967.0870311,music,234,10,292257728.0,0.0,0.0,1852086.375,4572705.0,0.0,0.0,0.0,13007106.0,0.0,4775750.0,16328163.0,0.0,0.0,0.0,168775616.0,1
1789485967.1630075,music,229,10,0.0,1143919.625,0.0,0.0,0.0,0.0,1151246.875,6928151.5,1030483.75,0.0,0.0,246203632.0,131794312.0,94028624.0,0.0,0.0,1
1789485967.3858025,music,226,23,289433568.0,0.0,0.0,10912312.0,15765727.0,13791502.0,14245650.0,0.0,0.0,0.0,20821314.0,51173204.0,7611265.0,9821531.0,26820758.0,72699792.0,1
1789485967.443086,music,243,11,118289104.0,0.0,7495521.5,10592920.0,11948531.0,6652213.0,11210434.0,699352.5625,0.0,0.0,2794305.5,0.0,0.0,0.0,3199812.5,0.0,1
1789485967.5460405,music,250,11,0.0,0.0,0.0,0.0,1550215.5,361995.5625,0.0,2506700.0,21416872.0,472414080.0,883290.9375,0.0,4432346.0,0.0,0.0,0.0,1
1789485967.6073654,music,191,3,262779264.0,0.0,0.0,0.0,0.0,0.0,0.0,0.0,0.0,0.0,0.0,0.0,0.0,1348102.25,0.0,0.0,1
1789485967.6080453,music,250,11,0.0,923104.5625,0.0,0.0,1304075.25,0.0,1428096.0,0.0,1175458.375,43634168.0,1497005.5,7287221.0,2982874.5,0.0,0.0,0.0,1
1789485967.6582541,music,236,16,19308262.0,5088880.0,0.0,0.0,40928588.0,0.0,0.0,12331091.0,0.0,196968816.0,14740788.0,20490284.0,15933955.0,0.0,0.0,75499096.0,1
1789485967.7981281,music,232,18,0.0,0.0,9793110.0,5546258.5,13102916.0,8855291.0,0.0,6947279.0,0.0,1339818.5,8452957.0,60200136.0,16084114.0,48682820.0,18851696.0,31876122.0,1
1789485967.857056,music,232,13,18352558.0,0.0,0.0,30491710.0,75365168.0,7501306.0,0.0,0.0,0.0,56824104.0,33591192.0,32762344.0,0.0,24311052.0,46108256.0,0.0,1
1789485967.9063995,music,224,20,0.0,0.0,587053.25,33300660.0,85193296.0,28865252.0,5895176.0,69929008.0,19085028.0,0.0,17026370.0,61069692.0,0.0,1333128576.0,63303744.0,31315712.0,1
1789485967.9670904,music,219,9,0.0,0.0,0.0,0.0,68334816.0,0.0,0.0,0.0,0.0,0.0,3438907.5,41831936.0,30262906.0,1889396224.0,0.0,19360232.0,1
1789485968.0277574,music,219,7,59356440.0,0.0,0.0,1147810.75,0.0,0.0,0.0,0.0,0.0,11131078.0,0.0,0.0,0.0,66478288.0,19695646.0,35361240.0,1
1789485968.0737586,music,226,16,53717200.0,0.0,0.0,0.0,27041760.0,42424452.0,18936124.0,7348725.0,17848116.0,0.0,18075094.0,0.0,53452240.0,26674792.0,26067076.0,0.0,1
1789485968.2420166,music,223,15,45600044.0,0.0,0.0,11939672.0,10989934.0,0.0,0.0,0.0,0.0,5727165.5,942412.6875,10752015.0,2182867.0,189407744.0,2138341.0,0.0,1
1789485968.2990296,music,215,13,91063800.0,0.0,0.0,0.0,4461487.0,144570272.0,71395416.0,0.0,0.0,0.0,28994752.0,74967312.0,4674153.0,23012992.0,0.0,87252880.0,1
1789485968.3603976,music,215,6,0.0,8078452.5,0.0,0.0,104205288.0,0.0,13656023.0,0.0,0.0,0.0,0.0,0.0,0.0,0.0,6391315.0,32674830.0,1
1789485968.409584,music,214,12,5809793.5,1876097.25,0.0,0.0,40200648.0,0.0,0.0,845135.0625,0.0,0.0,0.0,12167163.0,3451394.25,307487328.0,8675455.0,0.0,1
1789485968.474023,music,238,15,0.0,0.0,0.0,8049550.0,79023160.0,6815650.5,0.0,731281.6875,24854484.0,611273088.0,19375990.0,0.0,426939.8125,3033372.5,13904398.0,49277448.0,1
1789485968.536957,music,223,11,303264896.0,0.0,2747503.0,56748232.0,89132712.0,0.0,1233076.125,0.0,0.0,0.0,2243121.25,34806080.0,5321247.0,0.0,3580034.25,0.0,1
1789485968.6865659,music,226,24,27500716.0,11967388.0,1217320.625,25002650.0,59492128.0,15035639.0,29727212.0,6327296.0,34269968.0,166724864.0,137549040.0,764312832.0,288096608.0,325757504.0,15832608.0,0.0,1
1789485968.744597,music,226,13,43117944.0,0.0,0.0,7804534.5,11442739.0,23620608.0,19973472.0,0.0,0.0,0.0,5844235.5,31509988.0,46722384.0,21424684.0,90922368.0,102123328.0,1
1789485968.7947676,music,225,16,118510216.0,2300628.0,10951445.0,0.0,3730086.5,17930882.0,24343478.0,0.0,0.0,0.0,11618920.0,16071425.0,0.0,133384896.0,72668256.0,109460208.0,1
1789485968.856681,music,224,12,0.0,0.0,0.0,8104992.5,64929708.0,11467470.0,1177257.0,0.0,16155309.0,374864800.0,0.0,0.0,0.0,96243712.0,0.0,15438190.0,1
1789485968.9190683,music,214,18,10946034.0,797535.0,0.0,3487183.5,150929840.0,59642352.0,13694870.0,42944504.0,12326510.0,59343932.0,0.0,1565597.625,0.0,195348688.0,171648720.0,45039928.0,1
1789485968.982212,music,217,18,14172050.0,2781986.75,0.0,6873463.0,97820000.0,22359580.0,14605217.0,0.0,0.0,344259488.0,10772898.0,7530080.5,18093182.0,216473056.0,0.0,0.0,1
1789485969.0453236,music,229,13,0.0,0.0,0.0,0.0,43596908.0,27826164.0,18061050.0,653559.875,2421426.0,561862464.0,12593804.0,2172383.5,0.0,0.0,0.0,6456533.0,1
1789485969.1083574,music,227,16,0.0,0.0,0.0,0.0,0.0,1868786.0,0.0,963948.5,13680489.0,515658432.0,8831321.0,2194150.0,0.0,51048076.0,344289.5,3850967.0,1
1789485969.1699398,music,223,13,9318282.0,0.0,0.0,1154514.25,138406752.0,27019666.0,0.0,30974700.0,3343083.5,42018812.0,0.0,0.0,1060567.25,0.0,14283084.0,53164600.0,1
1789485969.2319067,music,229,19,0.0,0.0,0.0,5056304.5,21717584.0,775061.375,0.0,0.0,0.0,80195560.0,13034979.0,50570344.0,5317748.0,14905236.0,4765183.0,34227328.0,1
1789485969.2929602,music,190,4,535472544.0,0.0,0.0,9188296.0,0.0,0.0,0.0,0.0,0.0,0.0,0.0,0.0,0.0,0.0,0.0,0.0,1
1789485969.357141,music,224,23,141810384.0,9219155.0,0.0,18325500.0,149234960.0,20172114.0,39773172.0,20540044.0,10392104.0,15339688.0,26637228.0,70363248.0,28357096.0,42532408.0,246343120.0,326270720.0,1
1789485969.419339,music,212,10,485782080.0,0.0,0.0,15294253.0,11088217.0,0.0,0.0,0.0,0.0,9213002.0,7223516.0,0.0,0.0,54982064.0,0.0,131443488.0,1
1789485969.4816866,music,223,15,540906752.0,409204.3125,0.0,21838294.0,21018656.0,0.0,983400.375,0.0,0.0,25337264.0,8659689.0,110866064.0,0.0,31460558.0,11093536.0,38448312.0,1
1789485969.5445917,music,223,21,0.0,0.0,0.0,318236256.0,220056608.0,12879814.0,22731032.0,12245528.0,10966274.0,42269876.0,13577034.0,23401344.0,0.0,26083794.0,115311376.0,151938304.0,1
1789485969.5895963,music,220,12,47288752.0,0.0,0.0,58835104.0,47271028.0,0.0,0.0,0.0,0.0,0.0,0.0,270241504.0,114480824.0,113313040.0,0.0,0.0,1
1789485969.6520054,music,233,20,0.0,0.0,41646308.0,0.0,11775790.0,16110374.0,60411104.0,31616108.0,2878022.5,37519388.0,51717800.0,235802848.0,94573808.0,31750844.0,66823644.0,99169984.0,1
1789485969.7147946,music,237,12,9581224.0,0.0,0.0,5839437.5,0.0,54349360.0,0.0,0.0,0.0,4755531.5,13057217.0,75054376.0,0.0,0.0,30616776.0,27616050.0,1
1789485969.7783487,music,226,15,0.0,0.0,62139648.0,48354544.0,96313848.0,0.0,16287276.0,103894096.0,10015372.0,0.0,0.0,55429764.0,0.0,0.0,53675000.0,145262336.0,1
1789485969.8417203,music,226,11,19234454.0,0.0,8209289.0,0.0,24397892.0,84675912.0,224491104.0,18826206.0,0.0,0.0,0.0,5367396.5,238126048.0,0.0,0.0,0.0,1
1789485969.8876562,music,228,21,78775712.0,8486877.0,49770280.0,17962156.0,21561462.0,221581344.0,173175184.0,36940936.0,0.0,0.0,29357052.0,0.0,72320720.0,1470763.125,0.0,134859808.0,1
1789485969.9496174,music,227,19,38876372.0,5492928.5,4682770.5,35900852.0,66435516.0,208470320.0,152616448.0,0.0,2847744.25,0.0,5255223.0,22164660.0,0.0,0.0,5014208.0,89617360.0,1
1789485970.0123043,music,227,14,0.0,936055.4375,0.0,0.0,6912920.0,40789236.0,79286624.0,1502341.0,0.0,0.0,10264403.0,14109747.0,0.0,0.0,12820586.0,32803434.0,1
1789485970.0622413,music,227,16,0.0,0.0,1083569.75,0.0,17556048.0,42037196.0,59206956.0,23037452.0,0.0,0.0,16961180.0,85429928.0,0.0,5375219.5,0.0,19292732.0,1
1789485970.1119165,music,230,15,27314256.0,0.0,3228572.25,0.0,5030939.5,8151117.5,17634090.0,0.0,0.0,23371132.0,6010875.5,53424060.0,103067776.0,0.0,3658044.0,18959716.0,1
1789485970.169707,music,219,12,62222020.0,0.0,0.0,1722952.75,2497762.25,0.0,0.0,1501642.25,0.0,0.0,2524382.0,1381393.0,0.0,8488517.0,0.0,5648528.5,1
1789485970.23147,music,219,14,30431922.0,0.0,0.0,4965807.5,0.0,7032822.5,0.0,3514985.5,3846086.75,0.0,1006896.75,105371008.0,0.0,2041860.5,1179976.625,23476628.0,1
1789485970.2811549,music,220,15,21802972.0,0.0,7648442.0,0.0,0.0,0.0,0.0,5856583.0,0.0,14628168.0,0.0,117237152.0,78293560.0,20136400.0,9025424.0,2554558.0,1
1789485970.343732,music,233,16,5329655.0,11652640.0,157524352.0,0.0,0.0,13379770.0,13874405.0,0.0,4027922.5,15715812.0,3439422.0,40787072.0,22764844.0,3865742.0,0.0,6535074.0,1
1789485970.4056966,music,235,19,0.0,76322840.0,0.0,0.0,13371758.0,57376964.0,22439772.0,0.0,5779849.0,2340560.75,14624090.0,34059124.0,21455726.0,9922269.0,0.0,21329280.0,1
1789485970.4695477,music,236,18,46690796.0,15639916.0,0.0,0.0,13985675.0,0.0,19604068.0,0.0,0.0,883661952.0,213313296.0,65031328.0,0.0,331541728.0,0.0,46393860.0,1
1789485970.53154,music,237,13,13914650.0,11550338.0,0.0,0.0,0.0,0.0,0.0,0.0,0.0,313901824.0,99668688.0,317988352.0,0.0,69212432.0,42907984.0,16213096.0,1
1789485970.5949824,music,237,10,84543608.0,0.0,0.0,0.0,5989413.0,6368600.0,14541819.0,0.0,0.0,43512664.0,6984628.0,22942976.0,0.0,0.0,0.0,0.0,1
1789485970.6416302,music,236,6,0.0,970386.375,5968441.0,0.0,0.0,14426150.0,0.0,0.0,0.0,4353882.5,902848.75,5326619.5,0.0,0.0,0.0,0.0,1
1789485970.7037516,music,218,15,9355015.0,0.0,0.0,8770323.0,65994240.0,63682276.0,62380520.0,9442427.0,0.0,0.0,0.0,3264987.5,36092908.0,0.0,25143252.0,448777664.0,1
1789485970.765387,music,215,14,67592640.0,0.0,54971048.0,13640349.0,74838712.0,45575076.0,0.0,0.0,0.0,0.0,0.0,47708368.0,93965856.0,0.0,0.0,0.0,1
1789485970.8409178,music,225,10,0.0,0.0,113551936.0,2519103.0,1285232.25,3629164.0,25075922.0,0.0,0.0,15684204.0,0.0,1939347.0,376493.34375,0.0,0.0,0.0,1
1789485970.899318,music,242,15,10788649.0,0.0,39014692.0,30786136.0,9055609.0,5768067.0,0.0,0.0,0.0,9199852.0,19367284.0,37175328.0,0.0,0.0,12736606.0,0.0,1
1789485970.9619071,music,222,7,0.0,0.0,0.0,1912141.25,3212667.5,0.0,15125138.0,0.0,0.0,0.0,0.0,0.0,31659844.0,9655744.0,0.0,0.0,1
1789485971.024096,music,197,6,0.0,0.0,0.0,0.0,0.0,0.0,0.0,0.0,301371.46875,0.0,0.0,47552312.0,115665560.0,493791.5,550431.8125,0.0,1
1789485971.0867474,music,221,4,4354529.5,0.0,0.0,0.0,0.0,8339587.5,0.0,0.0,0.0,0.0,0.0,0.0,0.0,0.0,0.0,34250256.0,1
1789485971.1502006,music,250,12,40573864.0,286775712.0,0.0,0.0,7506205.5,3197162.0,0.0,0.0,0.0,66949436.0,8202383.0,0.0,11907233.0,0.0,0.0,0.0,1
1789485971.2130315,music,229,13,0.0,0.0,138920000.0,2252059.5,0.0,5843825.0,0.0,0.0,0.0,16813140.0,0.0,27850752.0,0.0,816476.0,1107500.125,19704156.0,1
1789485971.275965,music,226,8,0.0,0.0,0.0,0.0,575860.5,0.0,300707424.0,0.0,0.0,0.0,0.0,48158764.0,0.0,221449.765625,0.0,0.0,1
1789485971.3378599,music,234,18,16719422.0,0.0,40228608.0,0.0,34310792.0,16443599.0,8767371.0,12622018.0,5037104.0,72679488.0,9012530.0,115436576.0,80970816.0,77857632.0,15194608.0,5262599.0,1
1789485971.400121,music,226,12,20835480.0,36379160.0,0.0,0.0,0.0,5406218.5,0.0,0.0,0.0,23165420.0,51354640.0,0.0,30767230.0,12661363.0,0.0,29942280.0,1
1789485971.4629831,music,236,13,0.0,0.0,8433463.0,0.0,9899529.0,10151489.0,59240736.0,0.0,3287643.5,6417114.0,91280872.0,89054832.0,0.0,0.0,0.0,0.0,1
1789485971.5253398,music,221,16,423051.5,0.0,179596112.0,65117896.0,24666568.0,24797974.0,0.0,0.0,6901001.5,861275.625,2949982.0,11386374.0,0.0,1628284.25,0.0,30782568.0,1
1789485971.5876548,music,216,16,0.0,0.0,0.0,18720880.0,13360674.0,0.0,132107920.0,0.0,1577969.25,22160608.0,3126086.75,12442406.0,0.0,26215982.0,0.0,7313726.5,1
1789485971.6492865,music,216,9,2640025.25,0.0,0.0,0.0,0.0,1342412.25,0.0,0.0,0.0,1917646.5,15243338.0,0.0,4707790.5,39499352.0,949818.0625,0.0,1
1789485971.6992567,music,243,11,0.0,0.0,0.0,0.0,6930906.0,11224906.0,197292864.0,0.0,0.0,0.0,21793788.0,71060168.0,2671943.0,1828034.5,361143.78125,0.0,1
1789485971.887346,music,243,7,0.0,0.0,0.0,0.0,0.0,1428352.875,15421024.0,0.0,0.0,0.0,1729520.5,276035.5625,4813572.5,0.0,0.0,0.0,1
1789485971.982417,music,217,8,0.0,0.0,0.0,3844099.75,2762929.5,0.0,0.0,3024335.0,6687646.5,1788048.75,1001897.0625,1723719.75,0.0,0.0,0.0,0.0,1
1789485972.1718922,music,222,9,0.0,0.0,0.0,37944576.0,23905782.0,4665740.5,6845281.0,0.0,0.0,0.0,0.0,72040064.0,0.0,50529192.0,0.0,0.0,1
1789485972.2305481,music,231,13,0.0,0.0,0.0,5150453.5,12580368.0,6129681.0,4215572.5,8945261.0,715132.625,96653432.0,4037396.5,138416736.0,0.0,125738664.0,0.0,0.0,1
1789485972.292067,music,221,7,0.0,0.0,0.0,0.0,21268616.0,7306080.0,1028418.9375,0.0,0.0,0.0,0.0,0.0,25940088.0,153327744.0,0.0,0.0,1
1789485972.353038,music,197,7,0.0,0.0,0.0,0.0,75070904.0,21500608.0,0.0,0.0,0.0,0.0,0.0,0.0,0.0,67310216.0,4687957.0,21100064.0,1
1789485972.417249,music,221,16,68333456.0,0.0,0.0,101796656.0,19418208.0,57423296.0,43208392.0,5789223.0,0.0,22446396.0,54111776.0,401932352.0,348966016.0,0.0,0.0,0.0,1
1789485972.5831747,music,197,12,14795556.0,0.0,0.0,0.0,17181064.0,8510689.0,0.0,1430026.125,0.0,1639602.125,0.0,870846.75,0.0,49725956.0,0.0,0.0,1
1789485972.6421523,music,215,13,28710314.0,0.0,59879704.0,33531208.0,0.0,0.0,1714755.75,0.0,3524605.75,24357728.0,7507448.0,15147861.0,6020595.5,3777422.5,4830579.0,0.0,1
1789485972.7053237,music,218,14,0.0,0.0,0.0,350650.21875,21628378.0,226792496.0,198341776.0,0.0,5445654.0,137326928.0,167691984.0,74896456.0,0.0,0.0,0.0,0.0,1
1789485972.7676723,music,227,9,0.0,232349632.0,0.0,0.0,0.0,326537600.0,219717072.0,0.0,0.0,0.0,494259392.0,252319632.0,1317584.375,0.0,0.0,0.0,1
1789485972.8298895,music,217,12,152085456.0,0.0,0.0,0.0,180147248.0,0.0,0.0,0.0,0.0,27010116.0,252109216.0,28545416.0,57013820.0,65468148.0,0.0,0.0,1
1789485972.8917432,music,218,10,43631716.0,0.0,0.0,0.0,68657472.0,88881936.0,6798334.0,1866385.625,0.0,0.0,62274856.0,41206228.0,0.0,0.0,0.0,9653522.0,1
1789485972.9539483,music,209,15,27590104.0,14803296.0,818328.625,0.0,72546016.0,107227696.0,16566606.0,0.0,0.0,0.0,0.0,7561380.0,7709890.0,3079442.0,0.0,0.0,1
1789485973.0167737,music,209,23,0.0,5242037.0,5651950.0,1931275.625,117016456.0,213256992.0,218209488.0,0.0,41381176.0,452406080.0,289437024.0,685013184.0,64643584.0,150672208.0,0.0,0.0,1
1789485973.0660462,music,208,21,0.0,10165179.0,1795247.375,0.0,94461776.0,256693808.0,150734848.0,0.0,8232794.5,573154048.0,44672160.0,626694656.0,129780728.0,300917088.0,0.0,114598128.0,1
1789485973.1292326,music,213,16,6555871.0,12354143.0,0.0,0.0,6566508.5,72575968.0,148363184.0,0.0,0.0,12373124.0,240880480.0,128947680.0,56403028.0,75611536.0,105138128.0,0.0,1
1789485973.191696,music,214,9,0.0,0.0,1242258.25,1672001.0,41966024.0,210906128.0,153617248.0,0.0,0.0,0.0,0.0,0.0,45504856.0,44600160.0,31950844.0,0.0,1
1789485973.2537775,music,202,11,0.0,0.0,0.0,0.0,240405024.0,102181920.0,94585272.0,0.0,2607851.5,12873633.0,0.0,0.0,12452501.0,0.0,0.0,0.0,1
1789485973.3173907,music,215,12,54414264.0,0.0,0.0,0.0,162264272.0,85770512.0,111305488.0,2901004.75,14574792.0,30296776.0,0.0,0.0,0.0,14962417.0,8515797.0,0.0,1
1789485973.3766205,music,203,11,65595392.0,0.0,0.0,43576064.0,0.0,0.0,0.0,17637962.0,0.0,0.0,7787941.0,351308672.0,16649890.0,36276248.0,3303084.0,0.0,1
1789485973.4408202,music,221,13,42042080.0,0.0,0.0,0.0,0.0,18086350.0,0.0,53861592.0,0.0,29916320.0,34406360.0,278509696.0,10328884.0,0.0,0.0,0.0,1
1789485973.5040371,music,210,23,35273096.0,15087224.0,36759376.0,37738948.0,81304544.0,128282800.0,143585584.0,0.0,23781492.0,33456944.0,172528320.0,191568320.0,39306080.0,387358432.0,28848434.0,0.0,1
1789485973.5667977,music,210,18,16431364.0,17300268.0,3726496.5,1935071.0,23425550.0,322061184.0,192883280.0,0.0,0.0,0.0,0.0,79493968.0,167170768.0,0.0,20039372.0,0.0,1
1789485973.6160257,music,211,10,0.0,0.0,0.0,0.0,24034476.0,129062712.0,126263608.0,0.0,28720924.0,0.0,486276.96875,74137040.0,116358472.0,9109734.0,0.0,0.0,1
1789485973.679147,music,210,10,0.0,0.0,0.0,0.0,7154289.0,64596608.0,54751496.0,57651620.0,57780088.0,55110476.0,0.0,0.0,0.0,0.0,0.0,0.0,1
1789485973.7417173,music,200,16,48715472.0,0.0,27712220.0,24429800.0,2000039.0,67925240.0,56015488.0,0.0,0.0,459715520.0,0.0,23066476.0,5116782.0,134110400.0,0.0,0.0,1
1789485973.8202288,music,209,15,175827984.0,0.0,12730637.0,0.0,0.0,12992846.0,18691016.0,19934824.0,4460715.0,0.0,30249728.0,22780678.0,0.0,73724272.0,72774.9296875,0.0,1
1789485973.8802001,music,209,9,0.0,1615839.375,0.0,0.0,10757209.0,5006099.0,9668855.0,19540964.0,0.0,0.0,0.0,0.0,0.0,0.0,1683618.5,0.0,1
1789485973.9295776,music,206,15,0.0,0.0,10803592.0,29079656.0,46911032.0,6172873.5,0.0,61702288.0,16775001.0,0.0,92618848.0,0.0,0.0,322973376.0,0.0,0.0,1
1789485973.9921083,music,206,12,29921366.0,0.0,0.0,0.0,7709376.5,0.0,0.0,0.0,30215594.0,0.0,63965324.0,193161344.0,56062516.0,61334272.0,12557552.0,0.0,1
1789485974.0379655,music,202,16,0.0,0.0,15342452.0,0.0,4726736.5,0.0,5659168.5,14670470.0,0.0,46589432.0,25655728.0,17473360.0,121624384.0,230338208.0,0.0,0.0,1
1789485974.1375546,music,207,16,0.0,0.0,0.0,0.0,12970074.0,25657168.0,31257808.0,0.0,0.0,113401440.0,99855752.0,46913096.0,71881832.0,16277653.0,0.0,0.0,1
1789485974.19675,music,200,14,4410160.5,13157124.0,6299967.0,0.0,0.0,19863056.0,0.0,53373692.0,71141816.0,251394544.0,24098190.0,0.0,0.0,4812434.5,0.0,0.0,1
1789485974.272345,music,200,13,0.0,0.0,1537659.25,721590.75,0.0,0.0,4932250.0,15621827.0,10813580.0,0.0,2166464.75,23800816.0,0.0,3342127.5,5552744.0,0.0,1
1789485974.3184502,music,201,17,4042270.75,224887.453125,5167757.0,6966483.0,2835736.25,3537209.5,4206768.0,4105455.0,4575032.0,4679823.0,4328865.0,24062382.0,0.0,2844389.5,0.0,0.0,1
1789485974.3835082,music,198,17,25451126.0,0.0,5208218.0,0.0,9390868.0,21719376.0,9760177.0,0.0,0.0,17475780.0,23524400.0,133159832.0,59566620.0,5709827.0,2660286.25,0.0,1
1789485974.44715,music,212,14,0.0,0.0,17605008.0,1382307.0,0.0,44513356.0,712969344.0,0.0,0.0,5487465.5,22970436.0,393483904.0,2327732.75,0.0,0.0,0.0,1
1789485974.5109007,music,207,15,4982173.5,27487286.0,0.0,0.0,4452644.0,3063437.75,132742480.0,0.0,0.0,0.0,13462304.0,344217536.0,29066708.0,32691538.0,0.0,0.0,1
1789485974.5745037,music,205,13,0.0,0.0,0.0,0.0,0.0,6638880.5,1929874816.0,0.0,0.0,130697624.0,2587225.75,935279616.0,9378103.0,654003.25,1123268.0,0.0,1
1789485974.6384125,music,200,16,4625883.0,0.0,0.0,0.0,26827228.0,335768032.0,623604864.0,7513330.0,1770563.125,0.0,22077696.0,6026848.0,19115522.0,46115912.0,0.0,0.0,1
1789485974.702516,music,200,7,0.0,54481596.0,0.0,0.0,2621727.25,0.0,0.0,0.0,0.0,0.0,62806180.0,652491776.0,0.0,1641779.875,0.0,0.0,1
1789485974.7525644,music,200,17,32295474.0,0.0,0.0,1582907.625,2485758.5,7700340.5,13132105.0,2122681.0,0.0,6825534.0,56039644.0,130386720.0,0.0,18849164.0,0.0,55454784.0,1
1789485974.798378,music,186,18,0.0,127184448.0,0.0,104176224.0,88877824.0,14831398.0,0.0,70345720.0,5877084.0,533005024.0,132196888.0,0.0,253016400.0,197968640.0,50845544.0,0.0,1
1789485974.8632658,music,182,11,7444451.0,0.0,0.0,3268802.0,6359884.0,0.0,833591872.0,23389332.0,3073912.5,10018398.0,0.0,0.0,0.0,26787466.0,14614911.0,0.0,1
1789485974.9270523,music,191,17,0.0,18395186.0,0.0,0.0,4387156.5,36375236.0,1152414848.0,2580015.0,0.0,0.0,116280992.0,1114984704.0,14197494.0,3359935.5,8580015.0,0.0,1
1789485974.989382,music,185,23,17887736.0,0.0,0.0,0.0,12793604.0,63013724.0,2598471424.0,43905072.0,5421750.0,0.0,72910048.0,813545600.0,2353144832.0,330511392.0,3184536.0,0.0,1
1789485975.053066,music,184,13,37934544.0,0.0,0.0,0.0,3756712.25,414386080.0,520881472.0,20638914.0,0.0,0.0,116083280.0,99755952.0,0.0,6004066.0,4875441.5,0.0,1
1789485975.1172178,music,184,11,0.0,0.0,0.0,0.0,9704144.0,57152428.0,0.0,0.0,0.0,0.0,75142016.0,198058416.0,58495316.0,2635927.75,3439182.25,0.0,1
1789485975.1659727,music,185,10,0.0,80780832.0,0.0,0.0,0.0,240932784.0,115451664.0,0.0,0.0,0.0,0.0,365495328.0,0.0,24751130.0,0.0,32584298.0,1
1789485975.230554,music,185,18,168503696.0,0.0,12574436.0,38648188.0,14308722.0,13858766.0,10840115.0,17770444.0,6005534.0,15827171.0,57054304.0,0.0,14111114.0,50903864.0,7029629.5,35364344.0,1
1789485975.2756712,music,176,19,284156640.0,0.0,9940352.0,31643516.0,63072888.0,11698003.0,0.0,0.0,0.0,7183952.5,18856956.0,0.0,0.0,49744856.0,11559906.0,56089652.0,1
1789485975.3415325,music,185,14,23072980.0,0.0,11955925.0,0.0,0.0,0.0,51789444.0,41080492.0,0.0,0.0,50799588.0,42819796.0,0.0,107519720.0,3241578.5,0.0,1
1789485975.405788,music,172,16,900961856.0,82907296.0,13424306.0,0.0,0.0,14382658.0,0.0,0.0,0.0,16087379.0,9011068.0,10595906.0,51651976.0,208614560.0,1408867.25,0.0,1
1789485975.4697354,music,174,12,13032610.0,0.0,0.0,35318256.0,264636320.0,0.0,0.0,0.0,0.0,0.0,93367808.0,354347808.0,546104384.0,0.0,5539735.5,0.0,1
1789485975.5347652,music,187,21,388729824.0,0.0,2246557.5,0.0,0.0,121081808.0,51227388.0,0.0,12340875.0,133810656.0,29452516.0,160643904.0,22106922.0,208129920.0,7167561.0,0.0,1
1789485975.599751,music,187,13,0.0,0.0,0.0,0.0,1365951.25,0.0,48463396.0,11449652.0,16872468.0,0.0,19278364.0,56884276.0,0.0,117262368.0,3785372.5,0.0,1
1789485975.6498377,music,183,19,121022480.0,0.0,0.0,9770125.0,7146081.0,20739476.0,76844408.0,1886309.875,0.0,0.0,214905184.0,488558240.0,0.0,209402944.0,54901948.0,0.0,1
1789485975.7145555,music,181,18,145284800.0,0.0,0.0,131416848.0,588069632.0,0.0,0.0,0.0,197416448.0,330951616.0,223938528.0,831108032.0,0.0,338256064.0,208433872.0,0.0,1
1789485975.7789853,music,172,15,0.0,5113493.5,20702898.0,0.0,899116416.0,52724980.0,7191203.0,16190531.0,0.0,137364256.0,192631104.0,69852560.0,35915344.0,1471142912.0,0.0,0.0,1
1789485975.8441968,music,170,15,23042156.0,0.0,0.0,0.0,70933256.0,0.0,24776386.0,122819736.0,0.0,21256848.0,11624135.0,0.0,25517220.0,259146624.0,26435018.0,66598272.0,1
1789485975.9095209,music,181,10,0.0,0.0,2661948.5,139441520.0,0.0,73622064.0,0.0,0.0,58801128.0,146959776.0,25570194.0,0.0,42365980.0,1050350336.0,0.0,0.0,1
1789485975.974598,music,180,15,172603376.0,0.0,26887200.0,0.0,154450448.0,7525353.0,25112440.0,14870502.0,0.0,0.0,28594430.0,28112868.0,20022000.0,943413504.0,0.0,0.0,1
1789485976.040222,music,183,14,421695296.0,0.0,0.0,43344892.0,392547520.0,489746496.0,0.0,0.0,0.0,0.0,23314708.0,77005568.0,0.0,977271232.0,177226848.0,0.0,1
1789485976.1055307,music,160,16,11562491.0,0.0,1393686784.0,551667136.0,161391056.0,0.0,13308816.0,16456445.0,4026000.0,11292559.0,19171564.0,0.0,0.0,60703688.0,33840424.0,1429764608.0,1
1789485976.1692915,music,162,14,6549079.0,0.0,750416768.0,55284316.0,19710350.0,0.0,0.0,0.0,5077602.0,3497355.5,24346910.0,12329930.0,0.0,15484680.0,80213880.0,2418303.25,1
1789485976.233049,music,187,16,0.0,2619371.5,0.0,0.0,8986564.0,179725600.0,296870176.0,0.0,0.0,0.0,12733529.0,178588016.0,0.0,38350652.0,13037734.0,9862784.0,1
1789485976.2987533,music,184,18,0.0,0.0,3661574.5,0.0,33001336.0,123359496.0,94390856.0,13710278.0,12931314.0,0.0,24542040.0,258996864.0,15843796.0,134081880.0,0.0,0.0,1
1789485976.364268,music,179,12,0.0,0.0,0.0,10176578.0,28201304.0,5512446.0,0.0,34489484.0,25821688.0,0.0,55715056.0,34316216.0,0.0,0.0,0.0,142788400.0,1
1789485976.4289532,music,180,15,0.0,32698886.0,0.0,43575816.0,56014880.0,3297597.0,90980128.0,36072496.0,0.0,0.0,19055576.0,95519576.0,0.0,40210464.0,39586844.0,0.0,1
1789485976.4937658,music,168,21,97342424.0,30864248.0,33725328.0,0.0,27579544.0,80125040.0,155815376.0,92634272.0,135561680.0,94594472.0,51767364.0,267344640.0,0.0,0.0,0.0,0.0,1
1789485976.5575144,music,172,19,26600544.0,99840608.0,325989952.0,62739376.0,184080384.0,178799168.0,194336880.0,0.0,435442112.0,2611722240.0,0.0,0.0,22404568.0,309971328.0,106589944.0,0.0,1
1789485976.6215878,music,170,12,0.0,42461260.0,327791712.0,0.0,0.0,0.0,13464808.0,48186764.0,0.0,0.0,344706784.0,537047296.0,0.0,87271112.0,208621392.0,0.0,1
1789485976.6859968,music,169,16,0.0,14298873.0,400045984.0,0.0,0.0,23209604.0,166906880.0,4063595.0,143662784.0,23141900.0,93624760.0,0.0,12858747.0,34872540.0,0.0,30581694.0,1
1789485976.7503707,music,166,8,0.0,24474042.0,30341344.0,0.0,0.0,35042512.0,77443464.0,0.0,0.0,0.0,0.0,0.0,56416792.0,16777248.0,0.0,0.0,1
1789485976.814027,music,165,14,387587072.0,51937848.0,65698712.0,129522968.0,17920872.0,0.0,0.0,15445300.0,0.0,0.0,55390836.0,0.0,0.0,0.0,0.0,33251676.0,1
1789485976.8781958,music,166,12,192972816.0,0.0,5648736.0,52163784.0,9626503.0,0.0,0.0,0.0,0.0,0.0,0.0,211392560.0,31904082.0,37385256.0,0.0,0.0,1
1789485976.9425797,music,188,5,0.0,0.0,0.0,0.0,33748476.0,81665424.0,0.0,0.0,0.0,0.0,0.0,66257020.0,0.0,67566832.0,0.0,0.0,1
1789485977.0075076,music,178,10,50235728.0,0.0,31478080.0,0.0,41029908.0,0.0,0.0,0.0,0.0,0.0,1915101.75,26853088.0,0.0,465538976.0,0.0,19163276.0,1
1789485977.0719974,music,176,21,0.0,27286046.0,0.0,7653996.5,222090592.0,51620028.0,51238620.0,0.0,0.0,99229344.0,20931594.0,104339128.0,96189192.0,509847232.0,0.0,13229936.0,1
1789485977.1368492,music,176,15,0.0,29918912.0,15833942.0,0.0,216778640.0,77260144.0,40733016.0,8461951.0,2318279.5,29411012.0,0.0,4598129.0,35285680.0,350729920.0,10906128.0,0.0,1
1789485977.1859365,music,187,16,21043450.0,39695376.0,0.0,0.0,164860944.0,26560814.0,0.0,0.0,35645544.0,83298224.0,4984345.5,38990400.0,12839697.0,407847744.0,5817052.5,0.0,1
1789485977.250749,music,171,11,0.0,917460.375,0.0,6265000.5,98766464.0,7200544.5,15160988.0,0.0,0.0,0.0,2883532.5,0.0,0.0,17713214.0,6729149.0,0.0,1
1789485977.3152275,music,173,12,119123072.0,3544394.25,0.0,0.0,134384496.0,61632864.0,12795484.0,0.0,0.0,0.0,2905849.0,0.0,5190970.0,267671168.0,3303656.0,0.0,1
1789485977.3793824,music,178,22,227240896.0,0.0,0.0,26598122.0,452209792.0,138841696.0,10517262.0,14901816.0,50159984.0,20016658.0,0.0,4619014.0,0.0,430452064.0,5983307.5,23627344.0,1
1789485977.4444647,music,191,17,0.0,0.0,0.0,23823438.0,383991168.0,0.0,0.0,108742976.0,121696568.0,3539236.5,47537940.0,74588888.0,74716224.0,340671552.0,86416664.0,0.0,1
1789485977.5090914,music,182,9,244302112.0,13563831.0,0.0,0.0,10489774.0,0.0,0.0,30548186.0,0.0,0.0,18839706.0,12833635.0,0.0,0.0,0.0,18314182.0,1
1789485977.573583,music,182,10,145975744.0,0.0,0.0,25638892.0,69263616.0,7203136.0,0.0,21316218.0,0.0,0.0,0.0,0.0,0.0,288833984.0,0.0,0.0,1
1789485977.6190896,music,192,9,0.0,0.0,0.0,0.0,4477287.5,0.0,839603.875,1579372.5,0.0,0.0,595210.8125,1633787.0,0.0,212419808.0,23118142.0,0.0,1
1789485977.6842387,music,192,11,0.0,17077988.0,3403723.0,30046778.0,27894042.0,0.0,30829020.0,61412688.0,0.0,59991632.0,49858604.0,0.0,0.0,0.0,28073428.0,0.0,1
1789485977.7349803,music,192,13,0.0,21100162.0,2712613.5,3867408.0,0.0,0.0,13559260.0,0.0,27655632.0,1546368.125,12154292.0,1642209.25,27215972.0,1305180.5,4583039.5,0.0,1
1789485977.7359545,music,237,4,0.0,0.0,0.0,0.0,142516320.0,20996002.0,0.0,0.0,0.0,0.0,0.0,0.0,0.0,0.0,823720.875,0.0,1
1789485977.7996,music,212,10,0.0,0.0,0.0,14319829.0,16377672.0,0.0,0.0,0.0,0.0,18182364.0,2742221.25,37252380.0,29901712.0,79612448.0,1206443.375,0.0,1
1789485977.8632033,music,222,13,0.0,0.0,0.0,0.0,32126452.0,22727858.0,39216744.0,0.0,13388876.0,0.0,21314814.0,733849.0,14332586.0,110955416.0,0.0,0.0,1
1789485977.9262855,music,212,12,0.0,0.0,24126924.0,0.0,10451754.0,11501650.0,0.0,28353068.0,0.0,0.0,7918292.5,8649747.0,4980844.5,0.0,18801188.0,5008152.0,1
1789485977.9889426,music,231,11,0.0,6986981.0,0.0,0.0,0.0,0.0,4537710.5,0.0,0.0,4535871.0,6916957.0,113413600.0,889055.875,0.0,3323239.5,0.0,1
1789485978.0513172,music,215,20,39282596.0,0.0,0.0,15697137.0,17582620.0,12673806.0,0.0,12679937.0,13670338.0,60388736.0,42291420.0,37667756.0,51535716.0,359403328.0,10735528.0,0.0,1
1789485978.1134322,music,215,8,55603360.0,0.0,11836277.0,0.0,0.0,1251548.75,0.0,5392967.5,0.0,0.0,0.0,0.0,3537460.75,0.0,0.0,41486264.0,1
1789485978.1594794,music,215,11,0.0,4125519.5,0.0,0.0,12392156.0,16085602.0,28045300.0,0.0,0.0,0.0,0.0,0.0,0.0,89083840.0,0.0,8701088.0,1
1789485978.2102711,music,220,15,6562761.0,29830680.0,32122560.0,0.0,8144961.5,4638058.0,0.0,8591834.0,58525084.0,174081072.0,0.0,6545600.0,8110674.0,194787216.0,0.0,16215361.0,1
1789485978.274689,music,248,16,0.0,0.0,51534764.0,108212576.0,14225040.0,37167164.0,0.0,15250982.0,73938400.0,0.0,16059312.0,47888328.0,0.0,0.0,43038016.0,25008958.0,1
1789485978.337631,music,230,14,0.0,17286356.0,0.0,0.0,25793300.0,10289067.0,88452024.0,0.0,16625498.0,41530336.0,0.0,54642296.0,0.0,0.0,0.0,84705968.0,1
1789485978.401479,music,244,14,0.0,0.0,28194798.0,18758300.0,0.0,0.0,187526832.0,0.0,17401750.0,21901064.0,32968546.0,47776668.0,0.0,0.0,25414070.0,39199704.0,1
1789485978.4631805,music,225,17,0.0,0.0,0.0,42400384.0,56441596.0,51109460.0,56467404.0,0.0,2687501.25,29171636.0,0.0,0.0,136749536.0,303247168.0,96235664.0,35538392.0,1
1789485978.524797,music,234,6,0.0,0.0,0.0,0.0,130454584.0,76243624.0,7993674.0,0.0,24830204.0,0.0,0.0,0.0,19156816.0,0.0,0.0,0.0,1
1789485978.5877974,music,227,17,0.0,54460020.0,0.0,24226578.0,27247838.0,25069722.0,18967108.0,0.0,21402816.0,7804925.0,0.0,0.0,0.0,59028336.0,9094164.0,70527152.0,1
1789485978.6504037,music,237,21,19374060.0,0.0,0.0,7985087.0,38971824.0,30862750.0,51501704.0,0.0,0.0,92328984.0,41246428.0,64681056.0,10511384.0,153682512.0,15707390.0,24957768.0,1
1789485978.7137148,music,242,16,0.0,0.0,22846720.0,0.0,0.0,13853598.0,9776118.0,0.0,985011.0,19337484.0,80637800.0,147749936.0,0.0,32806710.0,12849410.0,71979584.0,1
1789485978.7773364,music,234,12,0.0,0.0,4111694.0,35847332.0,56859728.0,27798780.0,33786552.0,0.0,5967590.5,0.0,14603601.0,4478658.5,0.0,0.0,1802989.125,22295852.0,1
1789485978.8405235,music,234,17,0.0,0.0,0.0,1049705.375,161278096.0,68437344.0,14474318.0,15815984.0,11591905.0,128945944.0,7281468.5,18018644.0,0.0,0.0,35812492.0,15432940.0,1
1789485978.886394,music,236,18,7053163.0,0.0,0.0,0.0,92894872.0,15993062.0,0.0,2772720.0,10898382.0,185324528.0,4138313.25,28335740.0,0.0,264961280.0,0.0,3211844.0,1
1789485978.9502594,music,240,14,0.0,0.0,12885623.0,0.0,0.0,0.0,0.0,0.0,12617990.0,189487664.0,615145.3125,59480124.0,3572296.5,0.0,0.0,19188378.0,1
1789485979.024477,music,243,15,2596754.0,0.0,29620388.0,0.0,208766304.0,0.0,0.0,0.0,456931.125,13933682.0,10081102.0,32693806.0,635117.5625,0.0,540214.375,0.0,1
1789485979.087821,music,236,11,0.0,0.0,12576456.0,2425866.0,329078720.0,0.0,0.0,0.0,0.0,5398526.0,0.0,19725298.0,1630161.75,94881192.0,0.0,9835790.0,1
1789485979.1485834,music,230,23,649504.875,3796063.75,0.0,24439616.0,45174384.0,8456445.0,59047632.0,128310112.0,39768768.0,66154608.0,97510040.0,234678224.0,0.0,61688396.0,605219200.0,444607424.0,1
1789485979.2118218,music,230,11,0.0,281782.1875,1042627.4375,3208645.25,49954348.0,0.0,0.0,0.0,103087744.0,0.0,31589048.0,103745456.0,0.0,79755728.0,35573872.0,0.0,1
1789485979.2615201,music,229,12,0.0,0.0,911750.75,0.0,75123320.0,3580691.5,0.0,0.0,54465956.0,20440848.0,78376800.0,55387392.0,0.0,0.0,0.0,1105580.25,1
1789485979.3239996,music,229,16,0.0,4076240.75,12579792.0,2426429.5,83105056.0,7571797.5,2156271.75,0.0,0.0,107041432.0,0.0,7594174.0,3069183.0,27931866.0,0.0,0.0,1
1789485979.375198,music,244,9,0.0,0.0,0.0,22030366.0,14889287.0,0.0,0.0,0.0,0.0,14664843.0,33754588.0,37562580.0,0.0,0.0,11873882.0,1511880.25,1
1789485979.3761036,music,193,7,166911216.0,0.0,0.0,0.0,0.0,0.0,9913149.0,0.0,0.0,0.0,0.0,0.0,0.0,29195452.0,10272286.0,0.0,1
1789485979.4387624,music,221,14,15123184.0,6463238.5,0.0,0.0,82317600.0,14725404.0,12340291.0,0.0,0.0,25781870.0,26054942.0,0.0,0.0,477567456.0,2409944.0,6318310.0,1
1789485979.5616422,music,237,15,0.0,0.0,0.0,50419768.0,17071834.0,0.0,6469678.0,1084463.75,0.0,12892857.0,15976136.0,7704025.0,133589440.0,0.0,59415964.0,155437712.0,1
1789485979.62427,music,247,11,0.0,2432522.5,0.0,0.0,83688904.0,6813231.5,0.0,0.0,12978998.0,156582496.0,868563.3125,0.0,0.0,0.0,2426281.5,9098158.0,1
1789485979.6884153,music,237,17,0.0,0.0,6240261.5,0.0,120863936.0,900979.4375,0.0,4331738.0,14515624.0,187154304.0,51771.734375,809071.875,5253458.0,208551840.0,2868858.5,0.0,1
1789485979.7531376,music,243,14,31380340.0,0.0,0.0,68157048.0,134942432.0,4017205.5,1286297.5,23328668.0,3528440.25,0.0,1457402.25,17030920.0,0.0,0.0,1937760.25,2139966.25,1
1789485979.8175101,music,196,5,572446848.0,0.0,0.0,0.0,0.0,0.0,0.0,0.0,0.0,0.0,764517.4375,0.0,508569.5,0.0,0.0,0.0,1
1789485979.8183267,music,251,10,0.0,6548266.5,0.0,0.0,52564376.0,10769624.0,0.0,0.0,66893760.0,0.0,0.0,0.0,0.0,21515506.0,5778723.5,12278367.0,1
1789485979.9730957,music,242,12,0.0,11195843.0,0.0,11886777.0,0.0,0.0,0.0,1781444.125,13294773.0,3617352.75,14001594.0,18712384.0,5244400.0,0.0,14643620.0,0.0,1
1789485980.0321786,music,229,12,0.0,0.0,6155994.5,5217360.5,1487908.625,0.0,0.0,0.0,0.0,0.0,3681190.75,11863452.0,10327466.0,92418624.0,42894064.0,19750046.0,1
1789485980.0945807,music,236,7,0.0,0.0,0.0,2734964.0,0.0,0.0,12281112.0,0.0,12874414.0,53400744.0,5786649.5,0.0,0.0,0.0,0.0,31322156.0,1
1789485980.1689742,music,252,14,83380080.0,0.0,31602194.0,8086777.0,1277422.75,16144036.0,0.0,0.0,0.0,22978486.0,16912340.0,20339192.0,8237046.5,0.0,0.0,5922151.0,1
1789485980.2328322,music,238,13,6038509.5,2908909.0,0.0,0.0,56000532.0,14999524.0,33724692.0,744395.8125,0.0,0.0,7011029.5,2110240.0,0.0,26549908.0,0.0,0.0,1
1789485980.2966487,music,247,10,0.0,1729299.0,3600245.0,4650614.0,0.0,0.0,0.0,0.0,0.0,30432040.0,14259278.0,0.0,0.0,234344816.0,157341088.0,119886488.0,1
1789485980.3606482,music,248,11,0.0,0.0,0.0,0.0,106254208.0,15598489.0,8059391.5,0.0,0.0,23552220.0,0.0,0.0,0.0,22976004.0,12604424.0,14879620.0,1
1789485980.425091,music,249,16,0.0,2671350.0,11579549.0,7992220.5,89275392.0,35338608.0,0.0,0.0,0.0,126977544.0,0.0,0.0,0.0,143923776.0,5093214.0,15203780.0,1
1789485980.8295913,music,256,14,76408600.0,0.0,0.0,79418592.0,112957288.0,5832236.0,5071939.0,0.0,0.0,0.0,2937678.25,0.0,533929.875,0.0,0.0,207145184.0,1
1789485980.8941944,music,255,12,89894472.0,0.0,2880707.75,47648092.0,23287786.0,4056926.0,10910310.0,0.0,0.0,15744441.0,16349474.0,84952192.0,0.0,0.0,74733728.0,69079632.0,1
1789485980.9594252,music,255,9,60858128.0,0.0,0.0,0.0,1310928.75,0.0,0.0,0.0,0.0,9905475.0,0.0,0.0,5459245.5,71638360.0,31188606.0,218388928.0,1
1789485981.0054662,music,255,15,0.0,0.0,11736796.0,0.0,3374127.0,2132621.0,0.0,0.0,0.0,50569932.0,12948656.0,43377288.0,0.0,5477108.0,12921583.0,92049352.0,1
1789485981.0831394,music,257,22,0.0,4972225.0,0.0,29050604.0,10212986.0,13672612.0,36965336.0,11179815.0,37885856.0,398225440.0,51409560.0,89797360.0,160172272.0,0.0,0.0,55232840.0,1
1789485981.27292,music,254,15,6134041.5,0.0,0.0,0.0,0.0,1671961.75,591283.5,0.0,22538960.0,3070242.25,69121312.0,30038670.0,0.0,17757016.0,245861728.0,824268288.0,1
1789485981.3367567,music,254,15,0.0,0.0,38780288.0,55388088.0,24611382.0,23868372.0,30360988.0,0.0,6018264.5,2295417.75,14678650.0,0.0,0.0,2568079.75,3340847.25,0.0,1
1789485981.3824575,music,255,20,16972354.0,2932367.0,4088777.0,53943648.0,55141616.0,37788808.0,15011402.0,0.0,28546488.0,54284812.0,4637713.0,22070544.0,0.0,0.0,0.0,15210162.0,1
1789485981.4474852,music,254,17,0.0,0.0,0.0,39715160.0,0.0,6418275.0,0.0,0.0,42544304.0,48717684.0,36839520.0,9307820.0,30716748.0,3370744.0,13013056.0,33717796.0,1
1789485981.5125415,music,251,11,0.0,0.0,0.0,34327208.0,7166154.5,19700944.0,0.0,44129484.0,33382480.0,0.0,0.0,0.0,0.0,0.0,13667692.0,88403232.0,1
1789485981.5773811,music,262,14,0.0,0.0,0.0,35194964.0,16122489.0,0.0,0.0,0.0,39753612.0,220043536.0,4917725.5,0.0,0.0,6910025.5,25769648.0,170043088.0,1
1789485981.6423109,music,262,17,0.0,2558104.25,5285502.0,11126412.0,6902869.5,13846362.0,0.0,6280219.0,6186787.0,41255016.0,5409444.0,28245172.0,13686564.0,0.0,5935917.0,0.0,1
1789485981.691804,music,261,16,0.0,0.0,14331547.0,3339001.75,9260667.0,2108752.5,0.0,0.0,15043168.0,42976464.0,1267966.625,35704116.0,12153395.0,0.0,634386.1875,3969241.0,1
1789485981.7580113,music,262,16,3813736.75,0.0,3650291.25,6996398.0,12652872.0,3448240.5,0.0,0.0,10250621.0,23876664.0,17486484.0,80690320.0,0.0,12417740.0,42117700.0,202183168.0,1
1789485981.8232174,music,251,16,39719400.0,0.0,8912073.0,146189360.0,104627208.0,0.0,8147168.5,29060196.0,120506384.0,0.0,0.0,297503136.0,0.0,52731344.0,0.0,35001444.0,1
1789485981.886966,music,253,13,1745311.625,0.0,0.0,41292396.0,115634208.0,5914813.5,0.0,0.0,45300388.0,0.0,21211966.0,0.0,44894660.0,0.0,17417940.0,57217304.0,1
1789485981.9513066,music,254,21,23159440.0,0.0,28302466.0,42095524.0,38940784.0,0.0,14719899.0,13929051.0,57310184.0,273808960.0,98090896.0,250208128.0,177434016.0,17176540.0,0.0,77177744.0,1
1789485982.0159771,music,253,10,68376920.0,0.0,0.0,0.0,188081168.0,18221900.0,9234354.0,22757698.0,0.0,37987928.0,0.0,0.0,0.0,0.0,3880919.0,15559144.0,1
1789485982.0808601,music,248,12,0.0,0.0,11035092.0,28719322.0,74975048.0,8137651.0,0.0,0.0,26066896.0,126108672.0,80510968.0,140166688.0,4750537.0,0.0,0.0,0.0,1
1789485982.1439908,music,248,14,48335724.0,0.0,6916622.0,7957926.0,41559032.0,28945352.0,21420524.0,9218390.0,0.0,0.0,0.0,7116858.0,79711512.0,152073776.0,0.0,0.0,1
1789485982.1901817,music,261,16,0.0,5744929.5,11460124.0,11397301.0,34793200.0,0.0,3555394.75,0.0,0.0,0.0,21806356.0,831146.6875,5393322.0,415799104.0,81483520.0,76829056.0,1
1789485982.2548764,music,262,17,0.0,0.0,0.0,13000078.0,163205104.0,0.0,0.0,14401212.0,64902480.0,250348624.0,15111596.0,4219302.0,0.0,363737792.0,18551484.0,9677358.0,1
1789485982.319874,music,256,27,0.0,5075875.0,41370964.0,9632778.0,399896320.0,20992702.0,4319074.5,34039496.0,29255546.0,44829236.0,27569360.0,12809725.0,3007957.5,777699008.0,9982021.0,14975961.0,1
1789485982.384702,music,276,26,0.0,1472859.0,105644032.0,71066240.0,146848512.0,3327446.75,0.0,11173722.0,79690816.0,772919552.0,101627432.0,11477462.0,5373147.0,305878720.0,431834.5625,10763601.0,1
1789485982.450173,music,278,23,0.0,0.0,20023838.0,11429123.0,60618584.0,22742106.0,1696835.25,1923617.75,21821780.0,156680672.0,39367312.0,3962057.0,3472824.5,132033808.0,9838707.0,5174406.0,1
1789485982.5151167,music,278,25,22192420.0,225330560.0,102155808.0,10143387.0,180892320.0,9825514.0,4308918.0,0.0,45615712.0,243486224.0,13370732.0,50078624.0,477546.3125,16517288.0,6390770.5,4172142.25,1
1789485982.5616362,music,286,14,0.0,13230424.0,0.0,0.0,0.0,6545334.0,3679428.25,0.0,11910037.0,129687544.0,15051581.0,16855724.0,0.0,0.0,3330971.5,4258522.0,1
1789485982.626527,music,296,33,1025055360.0,24878888.0,213914544.0,42281324.0,45594236.0,18321816.0,19511246.0,0.0,32064292.0,1101543552.0,286604448.0,281280800.0,117429608.0,274550496.0,117704720.0,147792608.0,1
1789485982.6916003,music,296,23,38591812.0,0.0,3175902.25,251148800.0,337204672.0,3240610.25,17978616.0,0.0,0.0,209382464.0,197982928.0,236698592.0,43908476.0,12136067.0,69453576.0,109075552.0,1
1789485982.740694,music,296,19,506377344.0,32234756.0,0.0,52530776.0,35443392.0,0.0,1325195.75,0.0,44377168.0,430317792.0,48324164.0,293406080.0,39737560.0,141544352.0,0.0,50329388.0,1
1789485982.786663,music,296,19,720070656.0,44110564.0,0.0,11304864.0,68775776.0,0.0,1615962.625,0.0,36586848.0,181004192.0,3853378.5,49374544.0,8971404.0,8079364.0,12814418.0,50390656.0,1
1789485982.8368106,music,298,22,0.0,0.0,45207788.0,5453641.5,68718224.0,34036844.0,23069780.0,0.0,4075431.75,87362800.0,35464272.0,26038650.0,0.0,9339058.0,8906360.0,102781936.0,1
1789485982.9004283,music,322,21,0.0,30053092.0,0.0,92038496.0,222478336.0,0.0,8238735.0,149663616.0,88004208.0,355513568.0,152139392.0,110538624.0,0.0,47119776.0,17464026.0,10565646.0,1
1789485982.9634657,music,320,21,30936400.0,0.0,0.0,90935024.0,370751488.0,34388220.0,20148236.0,144500384.0,33699296.0,132276168.0,38759856.0,262507840.0,174540592.0,0.0,36831112.0,56465368.0,1
1789485983.027634,music,332,27,270005312.0,0.0,33744760.0,315577536.0,409967168.0,45555016.0,18464472.0,50040720.0,148556864.0,107034592.0,42965736.0,81036264.0,15587982.0,27791376.0,10418817.0,0.0,1
1789485983.0911336,music,322,29,128036016.0,13784300.0,22530584.0,9063784.0,96335408.0,16695912.0,24664978.0,36786928.0,16749635.0,79746344.0,36683944.0,129590872.0,0.0,16136401.0,16342924.0,15021801.0,1
1789485983.1548517,music,322,24,429298272.0,16711552.0,0.0,19242494.0,63488316.0,61518816.0,4667956.5,72732744.0,87786888.0,167215648.0,7817486.0,85471712.0,44047068.0,116288704.0,0.0,45838496.0,1
1789485983.2017941,music,340,26,801750144.0,12678139.0,3931252.5,58495140.0,46056068.0,387932.625,5003130.0,122714240.0,141501968.0,17992346.0,56796928.0,36282336.0,5069135.5,1808682624.0,36887412.0,32484358.0,1
1789485983.2664623,music,337,27,79189248.0,2242119.25,55303740.0,85647064.0,0.0,7235488.0,6161617.5,155990944.0,92812144.0,38476520.0,7669656.0,164438560.0,8160689.5,10514697.0,6692400.0,26113566.0,1
1789485983.3296406,music,335,28,381271488.0,4362346.5,1925961.875,52783792.0,364430688.0,12392583.0,7797246.0,5308237.5,22891960.0,20844524.0,55758492.0,165580576.0,19318580.0,8037677.0,22057992.0,147278992.0,1
1789485983.4602437,music,331,28,91389568.0,2950550.5,9178878.0,25665826.0,12081557.0,61852644.0,68184848.0,76021432.0,42749088.0,262963216.0,86364128.0,1068487872.0,17220936.0,24653928.0,177776928.0,461246208.0,1
1789485983.51992,music,331,22,125311976.0,0.0,83827416.0,11871464.0,27475554.0,5532009.5,9851633.0,0.0,0.0,0.0,3790576.25,27089370.0,134726816.0,73506616.0,183596912.0,72498560.0,1
1789485983.5695543,music,330,19,0.0,0.0,0.0,23250624.0,48642812.0,1355273.625,4300407.0,30831712.0,135272960.0,271794560.0,31720888.0,139809664.0,0.0,0.0,173882336.0,52741276.0,1
1789485983.6327367,music,331,30,105648768.0,0.0,151332736.0,22416768.0,46258280.0,11006756.0,10756078.0,190275040.0,234517280.0,110220728.0,0.0,523359296.0,42593688.0,89965656.0,190087328.0,261949104.0,1
1789485983.696133,music,329,30,63354348.0,7133321.5,56076448.0,3560014.5,2485990.0,5127135.5,12669656.0,9807122.0,22886602.0,18562052.0,19995668.0,282222784.0,58106348.0,9483596.0,67505480.0,115145280.0,1
1789485983.7586787,music,335,28,44703424.0,0.0,41733720.0,35792432.0,57566764.0,8756396.0,17187548.0,11723670.0,24557030.0,27777188.0,31138588.0,190778912.0,35731536.0,8319490.0,75533008.0,131903360.0,1
1789485983.8223548,music,343,32,68292056.0,14218494.0,552894976.0,18606692.0,35022816.0,29270884.0,32235154.0,184033424.0,41775224.0,15583232.0,27938820.0,34931460.0,22851240.0,8474873.0,28045834.0,128229760.0,1
1789485983.8869503,music,343,30,133502432.0,12376080.0,54481764.0,1223563.25,7789403.5,526371.5,1050677.375,32573194.0,13213842.0,6676230.0,49077736.0,26351252.0,14259316.0,15100509.0,39516320.0,94867800.0,1
1789485984.0314896,music,343,26,82125104.0,23819854.0,23650956.0,0.0,10695174.0,3763382.5,44192600.0,0.0,0.0,3259623.0,9444453.0,74626120.0,8130354.0,13535452.0,463888.125,18794732.0,1
1789485984.0770311,music,326,25,57082864.0,0.0,2296548.5,12219006.0,5222363.5,0.0,91313192.0,2520694.0,4064206.0,5736930.0,3414928.5,249246336.0,13374021.0,0.0,8755265.0,0.0,1
1789485984.1404526,music,346,27,1695021.125,35237344.0,55922744.0,24310492.0,5452722.0,1114527.25,24715214.0,18198188.0,4606679.0,4090391.5,4567776.5,5350224.5,2887678.0,7079925.5,5553889.5,20345572.0,1
1789485984.2050927,music,350,28,4849803.5,0.0,163108976.0,5126447.0,48146920.0,5229911.0,148525936.0,103000352.0,27688050.0,5270793.5,158804576.0,32997670.0,1256738.875,360311104.0,6879330.5,16487030.0,1
1789485984.270525,music,349,31,8271299.5,38697988.0,88101392.0,16782230.0,91772696.0,8684542.0,0.0,7378140.0,2845739.5,30300194.0,236513824.0,41042224.0,3483717.75,557579456.0,1031940.5,51189896.0,1
1789485984.3353784,music,348,35,24562268.0,29740804.0,192553408.0,4816654.0,19385384.0,10108405.0,286798016.0,2103043.25,4210668.0,11202254.0,167895232.0,95365992.0,28166034.0,291303520.0,8985947.0,22547060.0,1
1789485984.40006,music,345,29,18690072.0,0.0,16860982.0,27188284.0,18351620.0,22367528.0,55693056.0,28926398.0,34914532.0,100901600.0,112795208.0,410553632.0,192200192.0,384204096.0,156707296.0,39896824.0,1
1789485984.4645586,music,343,33,4734182.0,28364726.0,73952208.0,2339848.75,16692427.0,10734130.0,26092688.0,6564919.5,31645532.0,284956384.0,201350144.0,96984896.0,66194536.0,299378656.0,38619536.0,37186232.0,1
1789485984.5288303,music,341,32,88654968.0,3070778.75,27655024.0,5852818.0,9135732.0,2124228.0,146939744.0,17455096.0,24686842.0,7297327.0,6453713.0,12795807.0,8631002.0,55871320.0,9499579.0,28636944.0,1
1789485984.593075,music,344,30,71213584.0,14966014.0,202466352.0,20142954.0,146246448.0,122826480.0,0.0,254484096.0,0.0,47186720.0,19868772.0,29370512.0,106171400.0,189013520.0,10226736.0,101328320.0,1
1789485984.6569898,music,343,22,148243200.0,5440915.0,109647424.0,105390384.0,104130480.0,0.0,0.0,28110270.0,0.0,21317644.0,16462797.0,36192896.0,7045339.0,33602728.0,4973272.0,0.0,1
1789485984.759464,music,339,23,0.0,49489816.0,35738668.0,363066720.0,544650944.0,0.0,569586944.0,5012681.0,1872222.5,2835278.75,24879300.0,17215678.0,2674811.5,8139692.0,0.0,0.0,1
1789485984.8236256,music,341,31,42469696.0,66615672.0,19326576.0,86653000.0,137271520.0,13662940.0,27765596.0,4012626.5,7510391.5,9463653.0,30234042.0,37564188.0,1630087.875,11755592.0,6178671.0,9579988.0,1
1789485984.8887534,music,338,30,1392899.25,0.0,30139364.0,28853812.0,39036084.0,18409498.0,38979856.0,3700731.25,0.0,11436659.0,14887978.0,168689200.0,12548718.0,7318283.0,0.0,5746102.0,1
1789485984.9521408,music,341,33,1626706.25,73713968.0,18803714.0,33426992.0,22329450.0,4990023.0,565910400.0,3453802.25,2446811.0,4454169.0,30825200.0,58876864.0,21503600.0,5951286.0,914064.5,2543916.75,1
1789485985.017121,music,349,21,14704191.0,447192864.0,0.0,7055693.0,83435632.0,9444228.0,17632898.0,78099600.0,32475170.0,0.0,0.0,53576444.0,28396726.0,308874048.0,3890544.5,4213421.5,1
1789485985.082493,music,341,26,9825021.0,0.0,33920544.0,2126514.75,2504172.0,0.0,101938264.0,28849444.0,20196144.0,27685982.0,17320190.0,109859792.0,132126256.0,26317416.0,10501772.0,49977764.0,1
1789485985.204309,music,336,32,8741534.0,0.0,43703188.0,16286686.0,71462320.0,51881064.0,245441024.0,9200102.0,23597304.0,475881984.0,832260416.0,2160841472.0,483009024.0,220420480.0,156297408.0,215905184.0,1
1789485985.2674947,music,336,31,0.0,37993584.0,191770608.0,20838350.0,33059108.0,91245232.0,122374632.0,62878304.0,160144784.0,400915456.0,297457472.0,427245888.0,91437424.0,403751232.0,18301522.0,56054664.0,1
1789485985.31371,music,338,29,0.0,101344288.0,406909440.0,86062224.0,24401196.0,0.0,152326176.0,39581112.0,71894384.0,494326720.0,61919084.0,48353448.0,0.0,190063792.0,42352756.0,62875128.0,1
1789485985.3786073,music,337,23,66752248.0,0.0,267229328.0,59456640.0,33690352.0,0.0,96068816.0,10267952.0,41588412.0,243416768.0,0.0,136874656.0,0.0,137445568.0,12386638.0,51822420.0,1
1789485985.442974,music,348,25,914321152.0,1247512576.0,24222002.0,12274825.0,45191280.0,85758432.0,14337901.0,81556368.0,24500768.0,0.0,46229944.0,81757056.0,83581424.0,20343362.0,59894220.0,87354688.0,1
1789485985.5071812,music,346,25,0.0,0.0,83351504.0,130186800.0,32250534.0,34862368.0,108818544.0,0.0,47212728.0,182575136.0,24424156.0,0.0,28311322.0,49885620.0,59082380.0,61654516.0,1
1789485985.5730174,music,345,27,24473278.0,0.0,8971967.0,7947517.5,12218510.0,14873588.0,86245000.0,21366168.0,25086408.0,19907756.0,6307675.0,157049776.0,32207950.0,6769310.5,5763796.5,8553689.0,1
1789485985.6368213,music,346,34,14363844.0,95868856.0,80925824.0,139281184.0,233463520.0,15582389.0,56606408.0,38142488.0,21249680.0,26919360.0,236142336.0,151401024.0,57381264.0,89241848.0,175476608.0,157092992.0,1
1789485985.806415,music,348,32,18860180.0,25069600.0,96278424.0,20321588.0,191720176.0,25276876.0,53872080.0,10706832.0,9285128.0,131553664.0,22301766.0,18519754.0,8478040.0,757013824.0,17362124.0,3237115.0,1
1789485986.0602913,music,351,32,16647273.0,12945560.0,181321840.0,3599881.75,114119872.0,17138914.0,97524856.0,3859620.0,0.0,9561790.0,23341680.0,57255928.0,11838888.0,77645272.0,57434596.0,43898944.0,1
1789485986.121619,music,3,27,158316096.0,87838176.0,61731568.0,70167208.0,27829846.0,27142592.0,26475124.0,47980016.0,17259576.0,127810400.0,89130384.0,117238136.0,0.0,0.0,34632116.0,35684472.0,1
1789485986.1867492,music,358,27,3124810.25,9040310.0,84961128.0,1330395.75,24159254.0,26399828.0,121515224.0,50519200.0,19741564.0,125862704.0,48419800.0,403936256.0,0.0,127231832.0,29685404.0,39979204.0,1
1789485986.2512782,music,358,26,0.0,0.0,57496152.0,1841469.875,136758848.0,7722648.0,37859716.0,5850186.0,21633218.0,15171284.0,53410064.0,104151568.0,4318401.0,435636864.0,27587888.0,10449319.0,1
1789485986.3005302,music,359,25,19127644.0,0.0,912076.375,1026771.875,124736712.0,25699616.0,50401640.0,0.0,6849962.5,39674532.0,17310994.0,21563190.0,5129134.0,395009536.0,6285868.0,4831284.0,1
1789485986.3642306,music,353,27,0.0,85905424.0,89467648.0,61343032.0,224295200.0,110543840.0,155058688.0,3911561.0,9542629.0,100975008.0,173215552.0,175963248.0,0.0,730992896.0,9241533.0,5838745.5,1
1789485986.5035052,music,359,27,28342152.0,126106536.0,1017040704.0,18866704.0,15810114.0,93190280.0,8338814.0,0.0,67609912.0,153410720.0,231842336.0,29770660.0,18016416.0,25423650.0,17021344.0,29221974.0,1
1789485986.5644875,music,359,23,59197540.0,15357402.0,69734760.0,12254435.0,80039888.0,27933820.0,3721927.5,0.0,0.0,121665008.0,13620732.0,0.0,0.0,36814680.0,13608327.0,6593472.5,1
1789485986.614292,music,0,25,1131415552.0,41073996.0,60656196.0,12073448.0,87034520.0,13385611.0,0.0,40896492.0,19278138.0,21685008.0,36044600.0,0.0,0.0,189838816.0,9472576.0,10290087.0,1
1789485986.6784046,music,0,31,119471984.0,0.0,14858333.0,31466200.0,262542608.0,39003168.0,1999894.75,4747919.0,26853012.0,67458576.0,18294772.0,1353773.5,12741269.0,690291584.0,20860808.0,14985271.0,1
1789485986.7274888,music,0,33,141450912.0,39145148.0,25276618.0,189267680.0,471197568.0,234573376.0,21472416.0,8758436.0,324369888.0,968754176.0,22314308.0,59156044.0,1593008512.0,10939938816.0,711794688.0,17741374.0,1
1789485986.7733052,music,0,30,550506048.0,28905040.0,45810032.0,35680944.0,334380832.0,193932464.0,1993547.25,8156608.0,118345680.0,391183424.0,6691891.0,12187028.0,64393216.0,1339790336.0,3301488.75,10729452.0,1
1789485986.8188398,music,0,30,675043328.0,29086956.0,19304430.0,7207917.5,45535472.0,257038816.0,0.0,11061112.0,12199615.0,3160529.0,28423010.0,311353504.0,84295712.0,1431910016.0,72301328.0,44673036.0,1
1789485986.868903,music,359,27,0.0,215664736.0,84928088.0,7577123.0,185951568.0,18684152.0,270500672.0,0.0,69563344.0,435326176.0,22865168.0,7638524.0,51768936.0,31473836.0,1494412.875,3901189.75,1
1789485986.9341617,music,359,30,0.0,0.0,56866524.0,4308627.0,133515032.0,134645744.0,25980666.0,2905142.5,14529044.0,32853446.0,30680786.0,7424547.0,16707950.0,202605872.0,34423304.0,4933690.0,1
1789485986.9836473,music,357,27,6483502.0,109439664.0,9412414.0,0.0,0.0,103045872.0,75282928.0,27213290.0,34230728.0,50988016.0,33301368.0,263153328.0,61653312.0,47632016.0,92349416.0,111744856.0,1
1789485987.048491,music,354,28,0.0,240571920.0,5558584.5,10033354.0,22403664.0,433642304.0,642598528.0,24943794.0,21953946.0,139602608.0,74150064.0,64380232.0,60014424.0,499867424.0,4377875.0,236978400.0,1
1789485987.1124835,music,354,24,103622296.0,0.0,13035847.0,2726265.75,517044544.0,286416928.0,160924208.0,0.0,0.0,65711440.0,29451552.0,14464441.0,68488112.0,307018208.0,76619352.0,76395392.0,1
1789485987.1580586,music,354,31,370632224.0,0.0,10291908.0,0.0,208440832.0,382095264.0,232899440.0,5583434.0,5632389.0,61127956.0,44719700.0,92516592.0,38283948.0,200374752.0,63898032.0,68469520.0,1
1789485987.2082818,music,1,30,44182752.0,87831408.0,401733376.0,44961136.0,53656156.0,123008416.0,247831984.0,0.0,277264128.0,437414912.0,168471840.0,123209784.0,25298142.0,301167520.0,40237536.0,8999745.0,1
1789485987.2731915,music,3,30,129777264.0,84457432.0,94905584.0,298075168.0,66356176.0,233241296.0,215246400.0,18833448.0,34023784.0,295487936.0,79949704.0,36725016.0,17440112.0,42221840.0,18731060.0,139650272.0,1
1789485987.3374956,music,2,29,1059517568.0,0.0,200114112.0,213857984.0,268715968.0,76853272.0,131673104.0,0.0,24749976.0,89491440.0,31855670.0,0.0,14066426.0,90161944.0,63448732.0,11406363.0,1
1789485987.4022903,music,1,27,141630112.0,25647932.0,45485688.0,21107992.0,0.0,183054992.0,137985920.0,43289732.0,36683784.0,123760744.0,17262620.0,34347024.0,17146112.0,331935552.0,12111064.0,57825876.0,1
1789485987.4666667,music,1,26,37969628.0,0.0,209303008.0,30939198.0,82676696.0,12619830.0,132849168.0,108383824.0,61831052.0,59272224.0,45252412.0,0.0,20236424.0,47470488.0,6758863.0,48660616.0,1
1789485987.523606,music,358,32,48761460.0,5626818.5,59295880.0,12284773.0,18005916.0,104888376.0,111983984.0,288746464.0,38869672.0,62900680.0,1824527.5,690795.0625,12400022.0,8281159.0,5089505.5,26090376.0,1
1789485987.5879924,music,358,35,67593880.0,19621200.0,181575344.0,28570192.0,73837264.0,60345780.0,107922024.0,217979088.0,1859065.875,272268992.0,10359512.0,1424268.25,24618166.0,86629520.0,1753563.0,165655360.0,1
1789485987.6333349,music,358,33,109767840.0,63635024.0,64088476.0,64999164.0,30717638.0,3510750.0,27973938.0,21968286.0,11988906.0,48449944.0,17001892.0,19153386.0,21349826.0,144816976.0,5685107.5,105015952.0,1
1789485987.6828277,music,357,30,15426551.0,28912642.0,219165856.0,5245612.0,17313090.0,145475152.0,122268280.0,44678984.0,31543560.0,322393312.0,9214494.0,3613784.0,17494622.0,3388119.5,2644825.5,131352640.0,1
1789485987.7472217,music,359,29,101047560.0,5124700.0,851837376.0,391023232.0,19228594.0,3464805.75,76206152.0,25932500.0,19246048.0,190114912.0,18850390.0,1919215.75,22431118.0,44136724.0,7520515.0,85641808.0,1
1789485987.8111095,music,357,29,70791904.0,360374.8125,73019160.0,34548136.0,6243063.0,219793504.0,135784320.0,27092144.0,1996265.25,58895464.0,39623660.0,71611984.0,0.0,41223996.0,56527228.0,966676544.0,1
1789485987.8754582,music,358,34,5312582.0,16661454.0,515285632.0,39397160.0,60246224.0,129004512.0,271915136.0,266789728.0,279142944.0,108172256.0,78333824.0,368770240.0,100417440.0,336939456.0,102409456.0,61010568.0,1
1789485987.9394836,music,357,32,26655434.0,5571298.0,560738176.0,5172784.5,6411925.0,49984376.0,103414160.0,88399216.0,54975392.0,77116440.0,70075456.0,76112896.0,18864564.0,323905888.0,15828725.0,389876288.0,1
1789485988.0032172,music,356,26,17044426.0,6627434.0,134133544.0,67855320.0,3960320.75,24788364.0,95497144.0,5492528.0,17229228.0,70094384.0,1573394.5,0.0,12574918.0,65500472.0,34536768.0,1123395968.0,1
1789485988.0678425,music,356,33,77847544.0,19216440.0,49642512.0,27996676.0,119116848.0,71868688.0,27119342.0,8587662.0,117050592.0,170187152.0,59073356.0,14306598.0,81291616.0,189546656.0,38424240.0,338811808.0,1
1789485988.1130185,music,4,27,88268456.0,4470577.0,296686016.0,205584704.0,74817344.0,140789072.0,162920864.0,6864139.0,94880616.0,380590784.0,10682853.0,0.0,28042302.0,23919236.0,0.0,507003552.0,1
1789485988.2476335,music,0,34,16877668.0,405369344.0,2654928896.0,54938340.0,28845392.0,28270520.0,18837374.0,20693808.0,6765282.5,64153716.0,0.0,46446752.0,45025844.0,116833008.0,19008750.0,57596688.0,1
1789485988.3114443,music,359,29,4500111.0,97395440.0,1738296320.0,51272448.0,15697570.0,21492796.0,24605720.0,5038752.0,6624241.5,62089176.0,3781033.25,9104724.0,33187282.0,2108702.25,9885989.0,155999536.0,1
1789485988.376104,music,0,30,2525381.5,11265811.0,132734792.0,27444236.0,6057633.0,49455976.0,92049272.0,6319071.0,13207018.0,86806240.0,4459072.0,12910916.0,33233528.0,7877598.0,9862115.0,101599728.0,1
1789485988.4410434,music,2,30,2028531.25,28686226.0,97420768.0,10106653.0,136583.90625,19472672.0,15270728.0,7167054.5,18710804.0,140580112.0,1803683.5,54542892.0,10137159.0,13208810.0,69449216.0,549132544.0,1
1789485988.5049512,music,2,25,0.0,14295495.0,9108356.0,67230240.0,62785148.0,170022784.0,50684272.0,29523396.0,29460702.0,74863288.0,3117211.25,52843668.0,0.0,6973285.0,122266768.0,130264920.0,1
1789485988.5509646,music,3,31,548686336.0,5319354.0,536237888.0,86777672.0,38725584.0,15637007.0,47766408.0,33793368.0,8230586.0,424330560.0,25570312.0,30092370.0,8461010.0,13593052.0,38833920.0,437828416.0,1
1789485988.6154394,music,2,24,123642096.0,0.0,70937416.0,10083963.0,0.0,15140092.0,27306196.0,8620912.0,99268656.0,255297920.0,21825664.0,58266200.0,21891742.0,37485976.0,28083280.0,120959216.0,1
1789485988.680473,music,357,32,1285085568.0,54073916.0,367887488.0,97874800.0,131319304.0,31742270.0,114918248.0,26458952.0,0.0,724965568.0,139262128.0,26080904.0,0.0,160186208.0,38397004.0,236752416.0,1
1789485988.7446384,music,359,29,102703056.0,397064480.0,58532312.0,30046580.0,0.0,33285602.0,32658330.0,6835472.0,28809910.0,167563472.0,81437216.0,279105216.0,21809228.0,78656544.0,163552288.0,100319896.0,1
1789485988.8093345,music,359,30,0.0,289683616.0,128319672.0,157202208.0,16433847.0,7985190.0,74276480.0,12926131.0,23233404.0,62027768.0,196512224.0,139834064.0,30416448.0,49520672.0,6949931.0,86590120.0,1
1789485988.859202,music,1,25,42964144.0,0.0,98628096.0,251023552.0,33010068.0,25402744.0,38617488.0,5858673.5,30691146.0,72962512.0,190595232.0,134143864.0,34825512.0,61511064.0,9135917.0,101175536.0,1
1789485988.9237013,music,349,29,81952248.0,196027808.0,63478352.0,43646144.0,190742224.0,247238368.0,208839968.0,24015020.0,9720696.0,223126688.0,15382954.0,29868974.0,0.0,10264548.0,6764179.0,305634112.0,1
1789485988.988146,music,347,28,0.0,0.0,0.0,56119176.0,54285368.0,652629312.0,1500489216.0,99450752.0,66962128.0,80724768.0,25327442.0,21240036.0,38653620.0,49003856.0,187576384.0,1325297792.0,1
1789485989.0520816,music,347,23,63054260.0,49961136.0,168775568.0,122900944.0,83640048.0,347384832.0,872680960.0,41865792.0,232159920.0,9606971.0,222189904.0,0.0,35159148.0,0.0,10371169.0,386150912.0,1
1789485989.0976787,music,0,30,14161723.0,42553664.0,82860336.0,68386336.0,37284904.0,695667456.0,11165496.0,26096328.0,20685792.0,86217168.0,138943312.0,192223536.0,22631246.0,38282212.0,85615392.0,477291168.0,1
1789485989.1627889,music,0,32,98353048.0,483137024.0,177534928.0,117289752.0,122828720.0,462134432.0,642236160.0,34439728.0,39547568.0,22654076.0,143867904.0,135379264.0,45114416.0,50525480.0,86332136.0,0.0,1
1789485989.212304,music,358,32,913759488.0,169077872.0,70092968.0,32230406.0,163566992.0,288323136.0,7100046.0,0.0,0.0,22415364.0,142322016.0,80302592.0,8185597.0,79884680.0,39244880.0,223168224.0,1
1789485989.277338,music,359,32,685301632.0,0.0,23378974.0,56076804.0,149288144.0,44755680.0,33204372.0,42423248.0,3295727.0,74164120.0,21899030.0,62080616.0,14585142.0,63637736.0,30865048.0,43168568.0,1
1789485989.342318,music,3,31,1144089472.0,10110249.0,22708420.0,0.0,12503336.0,406961632.0,180149936.0,19227758.0,2267692.75,20754294.0,156183584.0,10223249.0,15003616.0,40011624.0,23227256.0,95734656.0,1
1789485989.4074268,music,356,27,242757952.0,20190572.0,60727848.0,123350176.0,452523456.0,274272640.0,277431520.0,62204136.0,17352168.0,130201448.0,15923778.0,0.0,12046966.0,85525320.0,4100413.25,118044408.0,1
1789485989.472154,music,357,28,1166401024.0,10541424.0,13225990.0,53602076.0,256136416.0,82295904.0,113607224.0,1900438.5,4119870.0,68791488.0,2237184.5,7410207.0,0.0,113158816.0,13782569.0,377530656.0,1
1789485989.5370083,music,357,33,1412321152.0,19466012.0,24621828.0,71153280.0,29164976.0,46326564.0,31299254.0,48245172.0,21024384.0,104013760.0,32982212.0,20532116.0,0.0,53566124.0,15483656.0,74269904.0,1
1789485989.5871396,music,3,28,17050884.0,8833118.0,37790808.0,477460320.0,317849056.0,0.0,122230008.0,180362016.0,12645533.0,109498912.0,29106388.0,672790464.0,72507752.0,422095776.0,171219840.0,100523936.0,1
1789485989.6523113,music,2,34,130928432.0,0.0,17733646.0,102248408.0,148783952.0,81568088.0,69419960.0,249464112.0,103379696.0,105534888.0,74685112.0,522155328.0,36111956.0,300367552.0,142916240.0,274473056.0,1
1789485989.7164052,music,0,33,1203979520.0,50343168.0,32100072.0,252611056.0,123780848.0,0.0,13193073.0,18126620.0,7906330.0,22242884.0,600566.125,465836320.0,25244550.0,122060256.0,250401296.0,151624192.0,1
1789485989.7821805,music,355,31,1141147008.0,20762210.0,22604606.0,269977984.0,147240672.0,0.0,47196056.0,251043952.0,131270728.0,28200776.0,22203002.0,82677088.0,28778096.0,18313152.0,177295296.0,57513304.0,1
1789485989.8468757,music,357,32,203073056.0,29361248.0,73123552.0,0.0,476052448.0,172177216.0,97782520.0,0.0,11525193.0,263464192.0,221465376.0,251916480.0,24420198.0,593547840.0,80368136.0,12808608.0,1
1789485989.9116895,music,357,32,537966784.0,8339489.5,48588776.0,29635616.0,435820992.0,387815648.0,73194304.0,281042080.0,84106768.0,25115412.0,13341216.0,103731904.0,0.0,239852288.0,19168874.0,34123224.0,1
1789485989.961896,music,358,27,0.0,8702008.0,56565832.0,61008008.0,54883792.0,21316074.0,11721086.0,49033892.0,9525247.0,21155346.0,1516009.25,336701376.0,1977505.75,23787802.0,0.0,0.0,1
1789485990.0269449,music,357,29,423658464.0,84095704.0,181846240.0,10721116.0,5205507.0,33298354.0,25035764.0,40240024.0,1612885.875,42550980.0,6663570.0,18123558.0,12727370.0,77705968.0,50897744.0,31144514.0,1
1789485990.0922782,music,358,28,154905408.0,2833018.25,238584768.0,64940436.0,37231856.0,26463862.0,52897160.0,17370768.0,18007768.0,52551720.0,6652359.0,32198150.0,1350073.5,1499815.0,94521200.0,23637688.0,1
1789485990.1570067,music,358,32,57769924.0,6798608.5,73684544.0,28109964.0,49397776.0,44689600.0,31644820.0,54345736.0,23605872.0,311503264.0,12780690.0,62171368.0,26407992.0,5632575.0,100826512.0,72896032.0,1
1789485990.2021997,music,358,25,28947782.0,16909606.0,134290464.0,52517472.0,0.0,42855168.0,49732336.0,8528026.0,37983784.0,798362368.0,13443297.0,100760824.0,0.0,8133087.5,0.0,0.0,1
1789485990.252235,music,359,29,69076608.0,14646446.0,12538808.0,15664332.0,39413592.0,0.0,137997968.0,66065480.0,80221664.0,194318560.0,53697380.0,51711528.0,343012992.0,220310720.0,40717060.0,209273664.0,1
1789485990.3170505,music,358,27,36560232.0,0.0,18828244.0,14523650.0,69697360.0,64797584.0,75926872.0,12580778.0,89111808.0,117991984.0,18165044.0,43196376.0,0.0,29713244.0,52659596.0,50038608.0,1
1789485990.381715,music,358,34,35190236.0,6557119.0,75248608.0,47591440.0,127735920.0,181497600.0,173800848.0,67314792.0,122769944.0,178465072.0,32586062.0,158716512.0,50047944.0,13217804.0,204640848.0,74025368.0,1
1789485990.4272628,music,2,27,19490258.0,0.0,0.0,49043608.0,35404016.0,10644606.0,50576500.0,16803728.0,18083496.0,36799776.0,14182360.0,45815704.0,7060261.0,24808004.0,38533644.0,23490148.0,1
1789485990.4914606,music,359,28,0.0,0.0,85776936.0,27232172.0,46673032.0,40527400.0,51791544.0,30404364.0,88437632.0,186350832.0,67985224.0,615918528.0,245088864.0,201957120.0,236262768.0,0.0,1
1789485990.5566638,music,0,27,10198857.0,0.0,5014051.0,43192240.0,91269432.0,63315072.0,61832884.0,46685532.0,6185071.5,583212672.0,34655444.0,81977232.0,78051888.0,258567232.0,0.0,141449952.0,1
1789485990.6210997,music,358,27,1342875.5,38444264.0,266316800.0,5536023.0,128881408.0,17156800.0,270167744.0,0.0,0.0,21246840.0,10379612.0,9945864.0,11634190.0,46617160.0,35353648.0,494306496.0,1
1789485990.6859887,music,358,31,44498304.0,1075181.75,3939999.5,62279636.0,160339520.0,284702176.0,118738936.0,60147696.0,152392320.0,181216656.0,0.0,677206144.0,0.0,284532352.0,2536881.0,89786952.0,1
1789485990.735959,music,0,33,841629.5625,29357868.0,384553056.0,45737908.0,1172082688.0,322902144.0,95134480.0,180479616.0,67306400.0,353682432.0,148600032.0,220304032.0,0.0,228747328.0,8533404.0,119272872.0,1
1789485990.8005693,music,3,33,22648846.0,46127904.0,140305200.0,22239968.0,527581248.0,109639648.0,174043808.0,0.0,111844920.0,106378432.0,47511328.0,42580644.0,27054060.0,735566912.0,16576998.0,16075547.0,1
1789485990.8648703,music,349,25,13296020.0,12775464.0,72165568.0,13446946.0,1844192512.0,774777792.0,0.0,0.0,0.0,31519836.0,165783392.0,70920624.0,0.0,20309154.0,19849172.0,79956088.0,1
1789485990.928796,music,359,31,9867978.0,32687596.0,140213920.0,1939220.0,506429760.0,64700376.0,122598224.0,200811584.0,14071959.0,29417234.0,0.0,7484436.0,17955696.0,284524736.0,5681320.0,9270091.0,1
1789485990.9943376,music,0,33,46941088.0,54209656.0,5964148.0,12621405.0,51915848.0,46931392.0,57684512.0,339880512.0,13084531.0,77711088.0,58969128.0,23877038.0,14435316.0,89169416.0,15067966.0,5292103.5,1
1789485991.0583146,music,2,33,27019528.0,47009356.0,58750912.0,3026590.0,1094811008.0,148799776.0,38692432.0,281633600.0,24167188.0,226700912.0,25557286.0,84994568.0,20542056.0,372315104.0,9151696.0,18388764.0,1
1789485991.1226115,music,1,26,26929004.0,1144742.125,25684764.0,0.0,796269504.0,114318776.0,16236922.0,231510784.0,93580720.0,49447600.0,0.0,251840.390625,14698580.0,624850368.0,4928247.5,38341108.0,1
1789485991.187342,music,358,36,16507122.0,9926317.0,83512704.0,4284851.0,859866112.0,123113176.0,41608832.0,73049200.0,24028754.0,130063608.0,20654662.0,66049024.0,1265562.5,341518304.0,15997166.0,44613252.0,1
1789485991.2516654,music,358,30,1140921856.0,8808436.0,26148328.0,17076628.0,85736776.0,0.0,60407568.0,218684608.0,82786880.0,131778384.0,7152712.0,55026488.0,1699718.625,13761818.0,4326689.0,27980556.0,1
1789485991.3020105,music,357,33,587553344.0,6181256.0,74228528.0,29550012.0,38457192.0,2473075.75,7301310.5,133064720.0,39198096.0,73524176.0,57437284.0,10580959.0,7250862.0,427432320.0,4017407.5,9010151.0,1
1789485991.3668058,music,356,29,364899168.0,13497788.0,19119752.0,8550509.0,103881184.0,25345712.0,2094150.25,207792528.0,79502104.0,43808120.0,27379764.0,8563172.0,0.0,4056526.5,10506004.0,17201396.0,1
1789485991.4316924,music,8,28,2088517120.0,4683533.5,102046456.0,15380875.0,596278528.0,69200320.0,40039068.0,0.0,8596711.0,95903288.0,47313404.0,14649176.0,0.0,225766304.0,2557663.0,7783875.0,1
1789485991.495358,music,350,30,0.0,311875136.0,39842392.0,4057827.5,1038775936.0,152753200.0,9051271.0,67211736.0,39249632.0,23557844.0,5324945.0,9660932.0,3987238.5,492157760.0,3049004.5,3093925.0,1
1789485991.5602422,music,351,28,14947464.0,29885980.0,0.0,56102144.0,1055801856.0,271301760.0,222726800.0,41338712.0,117139872.0,35772064.0,44655512.0,103447416.0,141140544.0,754099136.0,80469808.0,95416736.0,1
1789485991.624094,music,350,28,12046962.0,0.0,162032848.0,83934144.0,1599875200.0,121978000.0,241676144.0,39179588.0,8511252.0,112139128.0,33930696.0,0.0,36634640.0,61038312.0,35564872.0,36053300.0,1
1789485991.6880717,music,351,35,158848080.0,150376704.0,475599264.0,68964392.0,963019712.0,214085744.0,131068160.0,18418856.0,20539748.0,115924928.0,11082068.0,149693760.0,7894679.0,509364160.0,7867220.0,49501904.0,1
1789485991.751853,music,351,27,78378624.0,220633264.0,96291528.0,28742104.0,2041787392.0,252043072.0,7063668.0,0.0,38154824.0,809131392.0,43847840.0,7793712.5,3025838.0,215637904.0,131301944.0,84894152.0,1
1789485991.8007524,music,352,32,43356020.0,0.0,276516672.0,12708279.0,2170153728.0,261790912.0,68686288.0,5529902.0,68788448.0,703528128.0,17576938.0,14025052.0,1454175.75,34652092.0,10746752.0,229619440.0,1
1789485991.8650393,music,353,31,27045730.0,130448816.0,278764640.0,22659582.0,1962581504.0,137742016.0,14937508.0,1323005.5,22614618.0,1156651520.0,6186880.0,15563667.0,6449137.0,89509024.0,16597556.0,1134119936.0,1
1789485991.9288251,music,352,29,0.0,35401820.0,7937392.0,4871153.5,2388572416.0,560322112.0,25775142.0,6068284.0,30694064.0,4415340.0,11120847.0,104892368.0,7548632.0,84051096.0,118357064.0,2601116160.0,1
1789485991.9934285,music,2,33,1657004672.0,63781648.0,47306992.0,2841512.0,772004224.0,107598048.0,38653848.0,84830560.0,138111520.0,331450080.0,11229364.0,81734824.0,26890604.0,1509497088.0,17948718.0,1414690816.0,1
1789485992.0581794,music,355,30,1641455360.0,22147480.0,92442848.0,7824729.0,20086038.0,1782309.25,67051312.0,0.0,97275616.0,1123318912.0,1032508.0,85325336.0,27433756.0,711433344.0,46718488.0,445957920.0,1
1789485992.1221988,music,0,27,0.0,471830144.0,422300672.0,14183058.0,545314944.0,0.0,54011208.0,0.0,4935192.5,204647520.0,121760232.0,63054332.0,50014112.0,1567808896.0,14378720.0,167659296.0,1
1789485992.1861868,music,351,30,12619652.0,189211152.0,324347040.0,429833.34375,4674631680.0,1055982720.0,143643776.0,0.0,0.0,299970688.0,158697936.0,44476544.0,1285650.625,158968176.0,10585987.0,261941792.0,1
1789485992.2507553,music,351,30,4083561.0,60456016.0,447375488.0,14043374.0,1156160512.0,73813472.0,103446288.0,0.0,9332278.0,505982848.0,0.0,195797296.0,21215028.0,63674784.0,11845756.0,160138496.0,1
1789485992.2952805,music,351,29,16732611.0,67087336.0,236376368.0,6427036.5,1003878912.0,187442704.0,402874720.0,3013851.25,113860624.0,1044718592.0,50799648.0,61055336.0,4652169.0,107825728.0,17572472.0,464972864.0,1
1789485992.3445349,music,351,30,47002352.0,7245222.5,216124624.0,8139008.0,955847936.0,984421888.0,22370894.0,30809476.0,90705280.0,628283968.0,221887712.0,101410008.0,106545888.0,421751168.0,229290784.0,997939200.0,1
1789485992.390244,music,1,27,0.0,0.0,166146112.0,13929702.0,2264081408.0,581398720.0,86569992.0,0.0,51758440.0,0.0,51370912.0,10939577.0,23747240.0,292996384.0,93324592.0,2033212160.0,1
1789485992.4548666,music,353,34,1139598848.0,98890224.0,117405720.0,139280448.0,1135965952.0,276189344.0,75708784.0,44228760.0,46363560.0,226085568.0,110852784.0,548465792.0,24499436.0,423812160.0,3136653.75,0.0,1
1789485992.519431,music,358,26,48041272.0,330271552.0,2173865.25,190519152.0,108915216.0,4127928.5,7276715.0,67610736.0,53234944.0,341208800.0,0.0,424011840.0,5832840.0,578454016.0,22466616.0,165499232.0,1
1789485992.5843177,music,354,32,286668096.0,126776152.0,5927188.5,215333776.0,684462336.0,83689080.0,37118084.0,139266544.0,67443128.0,102301736.0,8025890.0,817742528.0,58340428.0,163553824.0,8566421.0,19897380.0,1
1789485992.6486773,music,348,23,114233552.0,7893895.5,22740212.0,25294976.0,524184256.0,199262032.0,3524023.5,43124096.0,22765892.0,23708352.0,3244682.5,80273640.0,38300036.0,92661872.0,17103428.0,108987112.0,1
1789485992.7135744,music,356,30,237116752.0,40555976.0,148935504.0,23358360.0,657858560.0,20896232.0,58124472.0,7941814.0,42452384.0,471707392.0,22650974.0,161193664.0,36831548.0,584146624.0,2300235.0,290368192.0,1
1789485992.777959,music,0,37,508349184.0,73888936.0,40792420.0,36289184.0,503121024.0,139374784.0,29103992.0,23267500.0,20181952.0,120646768.0,14093832.0,202925504.0,9149163.0,1779394432.0,28465658.0,30017840.0,1
1789485992.842261,music,3,32,47416432.0,22459852.0,1410253.5,10492046.0,1590883072.0,173792128.0,18360396.0,9174527.0,76366296.0,337151552.0,8459372.0,71226120.0,20994212.0,3686729728.0,23239000.0,89092064.0,1
1789485992.9067569,music,1,26,24441792.0,0.0,183192560.0,21846398.0,815907456.0,26534396.0,104605360.0,28435828.0,9779220.0,15767973.0,1024037.125,0.0,127583536.0,4270795008.0,7439292.0,16333178.0,1
1789485992.9718847,music,1,33,18475356.0,9783153.0,29036460.0,35095304.0,1566561280.0,159401776.0,12199490.0,84487408.0,30121600.0,530311072.0,4029466.25,81385288.0,61134580.0,6517056512.0,8178813.5,10524045.0,1
1789485993.0214615,music,2,34,89188976.0,1285592.875,17395292.0,21029128.0,1010719552.0,270245984.0,36311968.0,105109864.0,50002240.0,26098302.0,5385579.5,495698688.0,2211788.75,3107808768.0,10245957.0,11590566.0,1
1789485993.086158,music,1,27,9995218.0,0.0,25648028.0,23124216.0,13322712.0,35616664.0,64638104.0,161678208.0,44143236.0,40079200.0,62331024.0,202300960.0,44609600.0,0.0,215453760.0,267150336.0,1
1789485993.1505334,music,1,29,5429980.0,27768196.0,24931174.0,89796072.0,361476928.0,15230638.0,52713280.0,16243277.0,45309428.0,14035103.0,0.0,222015472.0,19883796.0,340473024.0,231261200.0,218740144.0,1
1789485993.199948,music,357,28,0.0,0.0,78437736.0,275236736.0,375575072.0,11420404.0,5073831.0,30040734.0,1516217.0,9609666.0,170994240.0,1829871872.0,78323312.0,1089209216.0,36795640.0,119839576.0,1
1789485993.2649133,music,357,36,35815616.0,7859103.5,48716312.0,126280416.0,520835584.0,462195936.0,261083840.0,31979968.0,58616144.0,121934712.0,76141920.0,640213440.0,736545024.0,458284992.0,596145152.0,137123472.0,1
1789485993.310569,music,357,35,143870688.0,50989636.0,70766560.0,36477636.0,443187616.0,73489616.0,251619968.0,117196464.0,41299784.0,132142696.0,180005712.0,808452928.0,328321376.0,9310497792.0,63270940.0,28043440.0,1
1789485993.3599563,music,357,30,200813920.0,33530968.0,5116444.0,19950258.0,1257097728.0,149418432.0,224476800.0,0.0,18710244.0,49941248.0,58080512.0,735119296.0,236183104.0,3754197504.0,479972000.0,27247248.0,1
1789485993.405855,music,358,26,5926627.5,4037340.25,1360631.625,3722169.0,1045757632.0,70772376.0,22136930.0,15571947.0,0.0,2442657.0,24869722.0,1232221824.0,94221104.0,10036584448.0,42410368.0,5028111.5,1
1789485993.4703908,music,358,29,34210648.0,13184108.0,19264288.0,1631589.875,578970304.0,167853344.0,0.0,17649748.0,24545508.0,99204712.0,1625962.75,354194720.0,23377324.0,2680711680.0,10210763.0,4237018.5,1
1789485993.5205867,music,359,21,43139248.0,3373418.0,18780278.0,11328426.0,79814608.0,9114018.0,2392460.0,916835.25,5591765.5,9343514.0,0.0,0.0,9135084.0,48601760.0,2138274.5,5435512.0,1
1789485993.584773,music,2,31,166947776.0,8318641.0,29878752.0,21615608.0,37452824.0,1151768.25,583257.5625,0.0,47033304.0,153884160.0,930226.375,24035372.0,33337838.0,1475181824.0,8308474.5,53527680.0,1
1789485993.6495483,music,359,29,165470720.0,0.0,7330460.5,45637856.0,38156592.0,1479456.0,1497988.25,1698123.75,19148502.0,385959424.0,0.0,87542816.0,12502026.0,4119046144.0,20808962.0,28976620.0,1
1789485993.7140255,music,359,33,324907520.0,338484352.0,362132352.0,192712912.0,412810144.0,94260240.0,447994880.0,0.0,0.0,27689764.0,61673528.0,756295872.0,145368880.0,2346937344.0,103988592.0,144995728.0,1
1789485993.7629585,music,2,28,661136960.0,0.0,15431067.0,331984672.0,512454016.0,3431217.0,2102047.0,1179620.625,34336132.0,182106880.0,18806682.0,2043291520.0,195001328.0,1125000448.0,6637928.0,2753784.25,1
1789485993.8283072,music,1,31,380260992.0,907070.4375,17695202.0,496916864.0,446725696.0,11891000.0,7406598.0,9614110.0,10869065.0,28580412.0,14112522.0,1511942400.0,0.0,45987920.0,13819294.0,13729475.0,1
1789485993.8930266,music,1,32,59324648.0,3822461.5,5003592.5,159270096.0,356783296.0,6330454.0,12330520.0,8487076.0,973150.0,18454170.0,11340725.0,1297294080.0,97805584.0,1404648064.0,158809216.0,148772608.0,1
1789485993.9387298,music,0,32,395682752.0,101497136.0,162073312.0,119975184.0,89858800.0,4626896.0,147999840.0,226560304.0,10023254.0,290367680.0,45939740.0,170873472.0,130601792.0,239116288.0,94718480.0,78721624.0,1
1789485994.0029125,music,359,33,205578048.0,0.0,36556992.0,51457648.0,27917954.0,5223340.0,144054240.0,170191936.0,60388104.0,467714432.0,72991728.0,56589764.0,132389592.0,222913232.0,44737888.0,121240432.0,1
1789485994.0679991,music,358,24,0.0,0.0,343340096.0,58208040.0,101015664.0,6177761.0,4308860.5,0.0,59985908.0,15165307.0,17360064.0,329673152.0,75760040.0,164428640.0,123052416.0,1106222848.0,1
1789485994.1330562,music,354,27,1379970560.0,159173856.0,273913856.0,6926148.0,82336912.0,26747764.0,275949536.0,141129200.0,45885968.0,171435664.0,0.0,0.0,7406464.0,200942624.0,0.0,0.0,1
1789485994.19717,music,2,27,429118784.0,8138420.0,182328400.0,49989600.0,44260464.0,1264197.0,6483040.0,0.0,6691604.5,305003328.0,12556095.0,166033376.0,1308119.5,1345548928.0,4085334.0,216186224.0,1
1789485994.2616663,music,0,25,167936464.0,65796992.0,136063920.0,31386444.0,119449720.0,17669128.0,5418548.0,0.0,1986736.375,0.0,7100633.0,83454424.0,69988944.0,1623949952.0,22743480.0,211252800.0,1
1789485994.3260837,music,1,35,63155832.0,45159648.0,297513632.0,37629664.0,53500024.0,51988456.0,54666392.0,0.0,39259496.0,18651672.0,2964306.75,315027328.0,46806768.0,1542401536.0,14454558.0,96648680.0,1
1789485994.390898,music,1,25,7538311.0,1001972.75,45917512.0,15670911.0,6428063.0,153516352.0,114397736.0,0.0,10743070.0,76876632.0,3459497.5,49359912.0,74667816.0,0.0,5046589.0,15944264.0,1
1789485994.4919589,music,1,29,3318400.0,46914896.0,162745248.0,8733604.0,46354880.0,7521168.0,28242368.0,0.0,47652488.0,357179680.0,5123958.5,27298010.0,17034088.0,1002477312.0,20246046.0,37166404.0,1
1789485994.537218,music,358,30,38341300.0,19158728.0,284238592.0,7886022.0,4633510.5,10866750.0,8195500.5,0.0,16023073.0,191564928.0,2931823.0,86762624.0,5669279.0,890670976.0,11252343.0,11909034.0,1
1789485994.6020925,music,0,33,67149024.0,71972304.0,105448336.0,628266944.0,669350016.0,17625140.0,18046968.0,265322112.0,66370344.0,50447028.0,56343752.0,890098688.0,25581328.0,0.0,2750413.0,42203140.0,1
1789485994.666687,music,358,29,17617174.0,33885928.0,45424796.0,344531904.0,377347008.0,9235998.0,9708386.0,280899488.0,63680604.0,119719352.0,1331327.125,820003520.0,4818270.0,53354564.0,146995.296875,0.0,1
1789485994.7311573,music,357,27,1525346.0,312748.625,13726376.0,489394048.0,539545024.0,393141.3125,3502452.0,75740160.0,4447723.0,18593052.0,7649300.0,634368448.0,8331459.0,59661144.0,430382.40625,6443491.5,1
1789485994.7962732,music,358,30,50079496.0,115060808.0,559275648.0,247088928.0,6328002.0,98117744.0,39924436.0,62702836.0,17462150.0,1068746240.0,287447744.0,867220032.0,182657008.0,506449088.0,496701696.0,311599584.0,1
1789485994.8607478,music,358,27,0.0,0.0,8110178.0,58750264.0,64615896.0,3894996.25,119617072.0,153033280.0,149875744.0,379787456.0,252095296.0,803255040.0,0.0,450201024.0,213738976.0,111334832.0,1
1789485994.910764,music,357,25,661621.25,1667306.875,0.0,49854284.0,46978196.0,17133104.0,35449688.0,45015892.0,0.0,216413728.0,110387872.0,301935968.0,26044404.0,92928152.0,74794760.0,62855844.0,1
1789485994.9757106,music,354,25,0.0,3699911.5,11624422.0,168152256.0,281812800.0,12837282.0,8295617.5,83137496.0,26349940.0,0.0,0.0,925593856.0,2254632.75,48205312.0,32413680.0,165650112.0,1
1789485995.0402699,music,359,26,41125440.0,2833589.5,106844456.0,757212928.0,970812288.0,27623568.0,3328478.0,0.0,21673658.0,31692112.0,12112276.0,0.0,2974192.5,17669988.0,95858960.0,38155044.0,1
1789485995.1049652,music,0,29,26055866.0,6052049.0,3829489.0,159890272.0,231275264.0,6431967.0,32076784.0,88667888.0,14770122.0,137983424.0,903969.375,0.0,5969055.5,43493024.0,15517492.0,11680942.0,1
1789485995.1700468,music,358,30,7520010.0,1778603.375,15386237.0,344806624.0,312266656.0,1674260.875,4723248.5,51352380.0,11524532.0,8121894.0,0.0,760925184.0,8008437.0,184533952.0,0.0,27968728.0,1
1789485995.2340233,music,358,36,597036672.0,241550320.0,587102464.0,335348544.0,151826608.0,109517168.0,33232692.0,72190224.0,57512424.0,69313472.0,18168760.0,78515360.0,56129808.0,108401576.0,20170528.0,33968092.0,1
1789485995.279565,music,359,21,7760892.0,0.0,71718912.0,0.0,108046368.0,47049264.0,50347000.0,8083083.0,16799538.0,77190176.0,17170272.0,0.0,56775176.0,204743920.0,1342825.5,0.0,1
1789485995.3448594,music,2,27,0.0,0.0,7281341.0,0.0,840658048.0,88237520.0,15458198.0,20063674.0,15132657.0,295605888.0,6001476.0,123295496.0,57016460.0,2183937536.0,8383061.0,7904287.5,1
1789485995.4095967,music,2,25,0.0,458257.5625,0.0,0.0,541610880.0,171377376.0,30995952.0,97882552.0,29933292.0,561721.375,4144826.5,131788128.0,4641900.0,4555510784.0,6732806.0,21050020.0,1
1789485995.4597619,music,3,25,157659568.0,63843224.0,40631608.0,220172576.0,418215968.0,87138512.0,0.0,0.0,0.0,21368664.0,83692416.0,87724912.0,107584792.0,1212365440.0,398043552.0,73472488.0,1
1789485995.5248494,music,359,34,225916448.0,25439296.0,17313122.0,438129888.0,229916736.0,4946174.0,17011950.0,27449356.0,29994356.0,28262298.0,125976288.0,1343672960.0,64242996.0,550610688.0,33677168.0,54366312.0,1
1789485995.5890827,music,358,21,20985384.0,0.0,0.0,302767104.0,473131616.0,0.0,1964587.0,14527892.0,0.0,24574588.0,40650048.0,2516733952.0,187215840.0,241093296.0,18992598.0,5050456.0,1
1789485995.6536942,music,358,25,39822696.0,11399931.0,20134500.0,24832316.0,37198628.0,26407280.0,177882016.0,49190352.0,30541624.0,321985664.0,0.0,457930240.0,160407264.0,251253440.0,125434816.0,60823980.0,1
1789485995.7036576,music,358,29,47052648.0,0.0,23575448.0,24211360.0,12206905.0,49073028.0,158143712.0,62084876.0,52235360.0,153798864.0,52495240.0,410672064.0,135851776.0,245562272.0,175039152.0,26106152.0,1
1789485995.7493148,music,357,23,5078349.5,0.0,0.0,5393825.0,102005248.0,19286668.0,64971352.0,12559650.0,0.0,55135008.0,180603200.0,271867136.0,36038380.0,849907200.0,105121176.0,58860948.0,1
1789485995.814239,music,3,27,7067116.0,1518305.625,1971459.75,11211043.0,596117568.0,75835496.0,19898426.0,3025412.25,0.0,7495358.5,33915256.0,84131856.0,10919867.0,3643257600.0,110794232.0,55432712.0,1
1789485995.8792555,music,12,24,0.0,2836386.5,7252283.0,63376712.0,62238392.0,27982900.0,27931274.0,7545301.0,8784072.0,2518491.25,15354442.0,317424704.0,49534904.0,3393328128.0,1585337.875,26107224.0,1
1789485995.9439013,music,1,25,16655535.0,4619672.0,12084048.0,8428524.0,10547700.0,36226948.0,0.0,0.0,0.0,130591896.0,14483740.0,150037504.0,32022896.0,1065424512.0,35214496.0,52812408.0,1
1789485996.0084612,music,359,34,13315466.0,10439108.0,52428240.0,51655428.0,101076832.0,13081775.0,0.0,16146847.0,15458910.0,65669404.0,70435112.0,967064192.0,75386016.0,446254016.0,46140036.0,23276260.0,1
1789485996.0733612,music,357,23,8000940.5,3782498.75,7517007.0,265910.625,0.0,0.0,0.0,2846519.75,1251887.5,4859936.5,14339643.0,66972220.0,4905442.5,149521120.0,22182540.0,1649638.25,1
1789485996.1376073,music,357,25,32820322.0,2528079.5,13477236.0,16297280.0,0.0,8698188.0,116879040.0,87365696.0,34809240.0,47208128.0,11008630.0,48532780.0,9835020.0,27215142.0,22791216.0,799028.0625,1
1789485996.187231,music,3,29,13110973.0,6445456.5,0.0,3649108.5,262856720.0,0.0,55181588.0,128436000.0,8930844.0,63654424.0,41378044.0,31824332.0,50054532.0,574773120.0,3893052.5,13653205.0,1
1789485996.2515662,music,3,28,38077400.0,433804.0625,2299446.0,4126180.25,439979840.0,45455672.0,0.0,10380810.0,3378402.0,39693464.0,23913252.0,111607864.0,29196454.0,2199647744.0,0.0,3376647.75,1
1789485996.300641,music,4,32,11716373.0,4327305.0,28575922.0,39621800.0,827721344.0,300434432.0,349578592.0,0.0,0.0,37075344.0,17184084.0,20656692.0,25551012.0,2804938752.0,11817629.0,3037824.5,1
1789485996.365506,music,5,29,11482752.0,42380512.0,8986222.0,13051538.0,907707520.0,70862144.0,192480416.0,3424204.25,2122657.5,1924880.125,9472685.0,83454184.0,189558624.0,2203542528.0,7454057.0,2610878.25,1
1789485996.430863,music,5,21,11689451.0,0.0,2228147.5,35308432.0,14778666.0,2489122.25,173877184.0,7715110.0,5038772.0,40149548.0,10050438.0,286801728.0,24932460.0,3850179584.0,0.0,0.0,1
1789485996.4776406,music,5,25,9071544.0,0.0,0.0,29357984.0,5736142.5,36294192.0,0.0,20657252.0,4449379.5,4455649.5,7526499.0,248090640.0,7662037.0,1584723840.0,8981366.0,7370313.5,1
1789485996.5287406,music,6,20,0.0,0.0,0.0,9878858.0,170181616.0,0.0,0.0,3005291.5,0.0,16461320.0,2433516.0,355460224.0,18886884.0,2083919744.0,50891604.0,49863056.0,1
1789485996.59307,music,357,29,33857996.0,0.0,2851201.5,0.0,6000776.5,189799376.0,145917120.0,31429810.0,165885040.0,186320880.0,56230244.0,809958528.0,397557920.0,347482816.0,367386048.0,14968410.0,1
1789485996.6577895,music,359,23,0.0,0.0,11152516.0,11506584.0,156791008.0,44340556.0,11921284.0,9754995.0,0.0,91594944.0,56396108.0,94888336.0,387284640.0,1864369920.0,27884820.0,229035120.0,1
1789485996.7216902,music,358,20,0.0,0.0,0.0,8133169.0,333726656.0,69524968.0,8615553.0,0.0,7907843.0,89007784.0,51454232.0,64948512.0,136197136.0,3003937536.0,49781068.0,101868952.0,1
1789485996.78639,music,358,31,44318292.0,110538816.0,274266944.0,34323696.0,735607104.0,541768256.0,155452672.0,27803958.0,8708658.0,22243772.0,4386137.5,105440120.0,532761024.0,3465326592.0,351244224.0,199099744.0,1
1789485996.831605,music,0,31,44866932.0,47721680.0,948216.625,24567884.0,1897151360.0,199264496.0,183463520.0,16072012.0,2909792.5,4332511.5,3222582.5,106743144.0,139108000.0,6337508864.0,1370429.125,34294192.0,1
1789485996.8958197,music,1,34,27129268.0,66615636.0,9286989.0,6080304.5,1371483776.0,109046896.0,110508640.0,8028792.5,1385549.125,5306653.0,1601277.625,30282084.0,33754236.0,4658109440.0,7814868.5,5182745.0,1
1789485996.9605625,music,2,23,10149870.0,0.0,0.0,0.0,576460032.0,161344672.0,110205456.0,0.0,222124.1875,3131936.5,1295602.75,13512444.0,6001494.5,3503184384.0,4733629.0,10738971.0,1
1789485997.0251586,music,2,18,41827088.0,451940.125,0.0,29124096.0,31498234.0,0.0,9908697.0,28864292.0,0.0,0.0,0.0,55609328.0,8203357.5,283131200.0,9881002.0,29283814.0,1
1789485997.0749705,music,2,28,2548012.75,0.0,2067592.25,10675164.0,304181376.0,18895144.0,1589469.5,242355664.0,59669328.0,2890084.5,4156919.5,42590144.0,50757144.0,1152004096.0,10263298.0,69650816.0,1
1789485997.1246467,music,2,30,0.0,0.0,0.0,14919522.0,667731584.0,148682656.0,11645521.0,112259544.0,15487730.0,4899353.5,3036487.0,50432108.0,24194994.0,4500156928.0,21810724.0,55118880.0,1
1789485997.170831,music,7,29,1716156.0,0.0,158493.453125,1907395.25,568294144.0,0.0,13111078.0,54956644.0,12909058.0,1575047.125,943603.5,16609814.0,6787419.0,5405657088.0,10321494.0,12639340.0,1
1789485997.2352853,music,3,27,0.0,0.0,16669875.0,123018512.0,408557056.0,301666656.0,422644704.0,64576176.0,19534122.0,39775496.0,33373280.0,1340403712.0,34256192.0,454056512.0,9681741.0,919284352.0,1
1789485997.301974,music,1,20,0.0,37787608.0,27526352.0,199217024.0,699509824.0,0.0,0.0,5385775.0,0.0,0.0,45946140.0,1533564800.0,38897040.0,1069533440.0,362273600.0,256916288.0,1
1789485997.3648424,music,352,29,0.0,3905148.0,49340704.0,88836368.0,474655232.0,117969904.0,164656640.0,10317618.0,33236532.0,445875584.0,396228096.0,286772544.0,24619174.0,148155168.0,412053248.0,1033277504.0,1
1789485997.4290032,music,356,31,0.0,6764493.0,72105576.0,66623592.0,98997360.0,20875170.0,60853112.0,160311184.0,469960832.0,680171136.0,167942576.0,763321792.0,512213248.0,78941504.0,85388056.0,693024704.0,1
1789485997.4938648,music,359,31,106229176.0,0.0,120420072.0,2802037.0,112731904.0,30744954.0,52289924.0,22085748.0,53156568.0,44277924.0,112399280.0,169920352.0,77625568.0,286981760.0,44528060.0,634068736.0,1
1789485997.558195,music,358,26,0.0,0.0,567358208.0,25095058.0,232124896.0,59604876.0,507616.3125,4777026.5,180946544.0,510739552.0,16913612.0,123315960.0,60922264.0,1450754944.0,129023544.0,3103603200.0,1
1789485997.6226478,music,349,28,450443840.0,41347476.0,230892480.0,77216880.0,153028512.0,131555632.0,181902928.0,55565612.0,60689408.0,530125088.0,25300992.0,4990424.0,6006169.0,0.0,98919080.0,267772160.0,1
1789485997.6872926,music,354,32,498032320.0,42358872.0,344145856.0,17213384.0,68724240.0,175820176.0,258078000.0,0.0,4586450.5,188385216.0,13750562.0,4909925.5,20913056.0,691394560.0,12163088.0,84944832.0,1
1789485997.7525535,music,3,28,1506722.5,55049124.0,177055280.0,3590575.25,56822120.0,37184256.0,77365040.0,0.0,44292416.0,11753580.0,2123583.25,98879936.0,90239320.0,1262812160.0,33275260.0,131426808.0,1
1789485997.8172994,music,354,29,126814232.0,224053792.0,376191904.0,88777888.0,220724864.0,18374646.0,197271232.0,0.0,0.0,206416896.0,68751040.0,259218048.0,95342920.0,57421592.0,336672576.0,162221296.0,1
1789485997.948263,music,1,27,168198368.0,99834176.0,133277488.0,24204176.0,22209480.0,0.0,0.0,0.0,5618286.0,58056636.0,19520984.0,88533800.0,54731476.0,885217472.0,4687646.5,44615040.0,1
1789485998.0134027,music,356,28,141980992.0,61882664.0,150840160.0,0.0,55061888.0,10317997.0,25457376.0,0.0,78552408.0,206265328.0,1746385.25,57103608.0,12935464.0,421595552.0,8464844.0,63362524.0,1
1789485998.0776043,music,1,34,0.0,8324097.0,1880300544.0,54829108.0,24064104.0,4278036.0,34702796.0,252930688.0,212688576.0,2035719680.0,18102346.0,119434472.0,7941568.0,258248864.0,3835198.0,1740028416.0,1
1789485998.1422296,music,0,28,0.0,9963701.0,424075168.0,102974936.0,181328208.0,4666220.5,32921000.0,255872512.0,51862828.0,603075072.0,1475132.25,107988072.0,0.0,7281526.5,3962478.0,2249495040.0,1
1789485998.2069175,music,0,30,0.0,1846342.5,584013568.0,104697680.0,140546704.0,4280117.0,44971056.0,124199344.0,75377072.0,0.0,3508158.5,395178656.0,7095455.0,75539312.0,39737276.0,4751378432.0,1
1789485998.2523022,music,358,28,0.0,0.0,767262080.0,30768320.0,19390730.0,4663889.0,15333833.0,234260528.0,119774064.0,4143994.0,7832410.0,76244040.0,26308130.0,581181056.0,191134624.0,2558048256.0,1
1789485998.3166294,music,357,25,0.0,0.0,35841948.0,24519820.0,0.0,44566236.0,73119880.0,115228672.0,24251824.0,194107536.0,52543148.0,1073477248.0,20321206.0,204849952.0,243193616.0,101969360.0,1
1789485998.3812697,music,357,34,1753827.25,6523183.0,276925152.0,18938690.0,12337516.0,9111647.0,35415088.0,73460056.0,41101128.0,440051456.0,49111672.0,502611968.0,69186080.0,235880896.0,143506064.0,1412739200.0,1
1789485998.4309385,music,1,21,0.0,0.0,296937120.0,12187486.0,19938130.0,10596053.0,19061332.0,88097464.0,18422590.0,343866048.0,22186848.0,540280448.0,0.0,228998976.0,56971752.0,1896423424.0,1
1789485998.495858,music,4,27,0.0,10057415.0,579581824.0,33762116.0,35400248.0,26300072.0,11395348.0,0.0,363219136.0,156705872.0,22924376.0,83722304.0,0.0,73816856.0,404569792.0,2369043968.0,1
1789485998.5612812,music,357,28,30806046.0,20888432.0,476917824.0,360350784.0,142080640.0,0.0,68474080.0,91783280.0,75899744.0,662696704.0,81435688.0,35982452.0,15291012.0,281278144.0,180053344.0,119815984.0,1
1789485998.6252155,music,351,29,36005832.0,120583680.0,871837760.0,31995456.0,25476278.0,7801636.0,200840448.0,245267840.0,760264768.0,503056800.0,119627776.0,152710560.0,97698480.0,83809312.0,15677360.0,0.0,1
1789485998.6893857,music,349,29,17445776.0,69173400.0,132449104.0,52496992.0,74254544.0,4474235.0,37103100.0,67201760.0,221779424.0,1432912768.0,32361528.0,143876256.0,22435320.0,45109340.0,201858016.0,64714856.0,1
1789485998.7538373,music,354,25,52628328.0,90841056.0,0.0,13881007.0,4011905.0,8963062.0,35519756.0,30262694.0,69147232.0,122979656.0,55275668.0,63183844.0,27860882.0,12495779.0,0.0,65185112.0,1
1789485998.8190594,music,4,25,0.0,0.0,37554580.0,55102392.0,12011250.0,7068777.5,11819936.0,5510104.0,29882760.0,243742688.0,0.0,224634176.0,18909598.0,190337248.0,152507520.0,644740224.0,1
1789485998.8836422,music,2,30,0.0,199669088.0,446682816.0,10114430.0,19808264.0,17986200.0,36409704.0,0.0,153162768.0,422241728.0,77516472.0,212054448.0,10773512.0,193753104.0,264696064.0,3523764736.0,1
1789485998.9480937,music,2,31,86585680.0,1289460736.0,531381376.0,79724232.0,17561386.0,55641464.0,64659904.0,0.0,88179104.0,565867200.0,83586376.0,393221696.0,74929560.0,505222784.0,136692752.0,737267328.0,1
1789485998.9977844,music,2,32,65342908.0,1792648192.0,191176352.0,39920440.0,36449284.0,5318596.0,62570424.0,0.0,10975129.0,828776448.0,30983986.0,87999200.0,16415421.0,771706560.0,27404294.0,96711232.0,1
1789485999.043324,music,2,23,51258160.0,1322698880.0,197797008.0,24142060.0,25033198.0,0.0,15599042.0,0.0,46115224.0,130968776.0,22437460.0,206201520.0,15701462.0,780731776.0,6513996.0,428844032.0,1
1789485999.0928497,music,1,27,0.0,350649440.0,202632528.0,4390414.5,15294282.0,11242426.0,39143420.0,0.0,55074728.0,167383280.0,15958293.0,50012264.0,31335628.0,1333508224.0,12580268.0,473195776.0,1
1789485999.1588228,music,1,31,32996820.0,106470304.0,30140130.0,10712931.0,0.0,83496640.0,118066128.0,43941256.0,8515386.0,178256320.0,27095506.0,192811424.0,58722432.0,181961040.0,49235976.0,158191200.0,1
1789485999.2041802,music,358,33,8183951.5,153662896.0,53517852.0,14698928.0,7491029.0,0.0,89516856.0,110616344.0,161666272.0,664387904.0,260235616.0,781144320.0,439859680.0,459888352.0,150956160.0,287216864.0,1
1789485999.2693028,music,0,26,0.0,460647104.0,260318208.0,20767346.0,17836268.0,0.0,10054987.0,0.0,63467328.0,140400512.0,36912028.0,33019818.0,16811746.0,95432880.0,79134040.0,2975446016.0,1
1789485999.3335164,music,0,33,0.0,62514784.0,646598080.0,53082400.0,37998372.0,30640062.0,146151456.0,45676136.0,429759616.0,595187712.0,221101472.0,358430880.0,39177952.0,600806016.0,135262704.0,2071497344.0,1
1789485999.3834414,music,357,30,4862391.0,142917696.0,689675776.0,80858832.0,29359668.0,48776136.0,103939400.0,63188112.0,374213408.0,612970816.0,199003968.0,392926112.0,19268856.0,493470944.0,396493792.0,1631468800.0,1
1789485999.4478672,music,357,32,21884214.0,381148800.0,103623208.0,94789936.0,105444832.0,19160964.0,41854668.0,198332928.0,144318336.0,953445056.0,15265078.0,284988352.0,76442608.0,990650752.0,96875160.0,66538824.0,1
1789485999.493363,music,357,25,33401028.0,423409472.0,138086608.0,9691276.0,9943117.0,3468222.5,53308696.0,0.0,6772529.0,395696640.0,24542272.0,66033696.0,25974060.0,879649408.0,2522905.0,55531536.0,1
1789485999.5430453,music,358,31,0.0,0.0,175458048.0,5561291.0,6494235.0,1752354.875,62223888.0,0.0,100592144.0,428251904.0,11450502.0,42419388.0,20149672.0,1591105024.0,24310412.0,148625696.0,1
1789485999.606739,music,359,26,34236448.0,0.0,3138988.75,6492083.5,33263856.0,4173138.5,2648883.5,67029148.0,19329440.0,94896208.0,55065932.0,54606232.0,31041074.0,391471456.0,46448316.0,0.0,1
1789485999.6717165,music,355,28,12516352.0,36419984.0,45917196.0,16446612.0,69892816.0,16295203.0,43524112.0,10073698.0,5533661.5,154225600.0,61387952.0,2538446.5,0.0,0.0,14559090.0,60597984.0,1
1789485999.7359967,music,0,30,21822868.0,9439485.0,137204720.0,7059971.0,2697979.5,3772128.0,17485600.0,0.0,0.0,131340216.0,38467892.0,36350344.0,14895978.0,685885568.0,3015749.5,724227584.0,1
1789485999.799883,music,356,26,24133932.0,35940352.0,0.0,0.0,18743784.0,2862513.75,57713420.0,79668048.0,182739456.0,578840128.0,17807640.0,11865335.0,4980567.0,35124632.0,2989497.25,420500896.0,1
1789485999.8653784,music,359,30,89420032.0,0.0,0.0,12144688.0,232318400.0,7286522.5,15381318.0,86518896.0,147827056.0,752300288.0,4914695.0,6392738.5,5674373.0,1262125824.0,6794888.0,213835616.0,1
1789485999.9301643,music,359,31,43240840.0,0.0,43905052.0,0.0,276856576.0,39207656.0,11324251.0,142893920.0,6728112.5,328137760.0,0.0,10041975.0,3451385.75,176889024.0,4486920.5,146592112.0,1
1789485999.9792955,music,359,30,29048392.0,15270320.0,68449216.0,0.0,810352320.0,102604768.0,8206744.0,134364192.0,67663136.0,15777585.0,16661954.0,78979080.0,56492784.0,1079445760.0,109110816.0,113738232.0,1
1789486000.0249062,music,357,36,542637248.0,64277020.0,85633536.0,57114532.0,39175472.0,27677652.0,134394592.0,186548944.0,50811656.0,679439488.0,70025888.0,386688608.0,178538336.0,317260896.0,170848864.0,63416768.0,1
1789486000.0893579,music,0,31,0.0,9748335.0,9919297.0,19799270.0,155630800.0,32100268.0,53584480.0,190784624.0,160542336.0,254930080.0,82330440.0,150509536.0,90417920.0,429941696.0,78244112.0,328445632.0,1
1789486000.154231,music,1,30,55799400.0,3119455.75,18265114.0,0.0,289657024.0,114441232.0,17776968.0,42720756.0,182380128.0,287240832.0,49046288.0,38338336.0,20007536.0,1047389312.0,56565936.0,63280528.0,1
1789486000.2187378,music,2,30,160258464.0,60698416.0,312693568.0,41884268.0,68933600.0,51926460.0,28547368.0,145199568.0,81433968.0,69616752.0,4290036.5,121454952.0,58964016.0,720414912.0,26626580.0,186298112.0,1
1789486000.283477,music,348,27,27824058.0,63271272.0,20662268.0,26951200.0,815058560.0,192008864.0,70387232.0,159315216.0,29010054.0,404235264.0,132777680.0,0.0,176452416.0,0.0,15040290.0,65655808.0,1
1789486000.3481677,music,4,31,180857072.0,39416688.0,20954608.0,3422431.5,187425008.0,0.0,49246760.0,87696992.0,12952167.0,478953888.0,14198920.0,15042006.0,18466162.0,962255616.0,18702372.0,45316264.0,1
1789486000.413277,music,2,35,174675008.0,67166192.0,23493756.0,3389494.5,260206592.0,90393024.0,11984282.0,22902880.0,55963520.0,228832000.0,18206476.0,47331084.0,39362896.0,67681328.0,80594576.0,351905728.0,1
1789486000.4776564,music,4,26,32753812.0,0.0,635608.625,211064.6875,266007136.0,21963718.0,38731148.0,16100790.0,23469828.0,73210472.0,12374255.0,3006152.5,4767383.0,34411896.0,5463656.0,868032896.0,1
1789486000.5422838,music,1,31,241208160.0,10900304.0,3343704.0,677375.5,132890624.0,38847264.0,3870441.0,32749372.0,87116872.0,287722496.0,4377995.5,4767983.0,2672194.5,90964096.0,3974952.25,1324562304.0,1
1789486000.6072266,music,6,22,149315360.0,0.0,7733786.0,0.0,74864392.0,18806296.0,1718209.375,20443798.0,8374813.0,20136854.0,0.0,0.0,10101322.0,263933952.0,61198096.0,7965480960.0,1
1789486000.6716752,music,5,28,550351424.0,7049078.0,104161040.0,8756755.0,301135296.0,47146164.0,0.0,39861568.0,82132696.0,211571840.0,3873969.5,2308885.0,121240216.0,3097637888.0,43303328.0,2228979968.0,1
1789486000.7364867,music,6,29,146090496.0,579445.9375,4462723.0,3997965.5,637377280.0,0.0,206758800.0,0.0,13421367.0,63920768.0,2447534.0,9358593.0,261187872.0,4021978624.0,84827600.0,1015344704.0,1
1789486000.8017282,music,4,27,6322441.0,0.0,1841661.0,0.0,1459098368.0,316848896.0,58640064.0,15705775.0,10322902.0,246989008.0,5868941.0,1349977.875,1404039.125,1363390080.0,40864340.0,1016212032.0,1
1789486000.8662477,music,356,34,32115964.0,166496576.0,472424224.0,88681280.0,635240640.0,114016096.0,40688936.0,191639088.0,243240032.0,2233442048.0,589022528.0,221919968.0,117850312.0,536624704.0,242192160.0,1001918976.0,1
1789486000.9313676,music,358,28,53682844.0,0.0,0.0,6895586.0,36414360.0,72137680.0,56951908.0,63408000.0,132297640.0,427849376.0,580380672.0,780410112.0,345845984.0,905284224.0,152707648.0,626683136.0,1
1789486000.9958613,music,358,32,207205632.0,3357800.5,2662563.5,1384112.125,67380680.0,19960100.0,88205480.0,14110684.0,13720490.0,400387136.0,199189136.0,382172640.0,41431816.0,110553608.0,91128224.0,1048970496.0,1
1789486001.0414183,music,4,27,148523248.0,2304516.25,1422457.5,0.0,5269052.0,119029840.0,124642096.0,30437026.0,0.0,103512312.0,33565592.0,65390416.0,87519120.0,59378816.0,38338700.0,6730824704.0,1
1789486001.1060364,music,4,26,685954752.0,10645316.0,15878123.0,116982248.0,238169632.0,0.0,120911472.0,19123294.0,0.0,107036528.0,62767072.0,1201685376.0,23314764.0,346968352.0,12829382.0,3086097408.0,1
1789486001.1546814,music,6,26,780895104.0,14394627.0,0.0,121934144.0,265456096.0,0.0,85497376.0,6239564.5,29128270.0,101504568.0,48510712.0,1297609984.0,22135330.0,277192032.0,33793712.0,2220041984.0,1
1789486001.2188966,music,355,29,210719152.0,9031974.0,0.0,221842464.0,549182720.0,87180448.0,59204808.0,0.0,17500014.0,51727200.0,49978404.0,1926637568.0,96066432.0,129803112.0,129817264.0,916724608.0,1
1789486001.282765,music,357,32,0.0,0.0,18151980.0,293311968.0,390450048.0,104909552.0,40152480.0,9769592.0,12854022.0,209977408.0,53218680.0,1756186368.0,44759480.0,82326624.0,59311408.0,1067451584.0,1
1789486001.3476343,music,357,24,311295680.0,308902080.0,167046064.0,0.0,53637520.0,81323184.0,0.0,21479784.0,56215852.0,56477460.0,11669100.0,0.0,8998524.0,9395878.0,31546608.0,135837392.0,1
1789486001.3919835,music,355,28,0.0,0.0,78575800.0,28618832.0,6246921.0,15065911.0,44033736.0,9403646.0,5036469.5,46357304.0,4307744.0,383696256.0,53860164.0,17858906.0,13707892.0,65309792.0,1
1789486001.4562535,music,353,26,0.0,0.0,3158586.25,51300392.0,21641282.0,71741440.0,79223912.0,15709506.0,10890868.0,41642120.0,5287705.0,1032663360.0,26788664.0,110313776.0,612604.875,59090320.0,1
1789486001.5198295,music,355,32,13209786.0,0.0,21049812.0,71828736.0,105546400.0,242868320.0,89203752.0,8337427.0,10665912.0,7517670.0,256489.609375,998394496.0,11467250.0,32925068.0,20465572.0,735809664.0,1
1789486001.5845501,music,357,28,12552243.0,29258106.0,889834112.0,67825984.0,52167548.0,0.0,2918289.5,3711731.75,0.0,261540144.0,35878364.0,239233568.0,21034946.0,204306448.0,889041.1875,1587525120.0,1
1789486001.6489441,music,1,31,16737664.0,16692644.0,442033728.0,27031540.0,5767131.0,0.0,64150636.0,1242935.5,1293161.875,735155776.0,30920640.0,68050080.0,11742373.0,326078976.0,7872210.5,1325779968.0,1
1789486001.71261,music,354,32,0.0,0.0,603509120.0,42620880.0,75984608.0,54195160.0,38161808.0,1831219.875,177087456.0,1114462976.0,4783985.0,555565120.0,4745347.5,164227760.0,51339684.0,3829771264.0,1
1789486001.7772753,music,356,27,232381552.0,2604578.0,71894784.0,0.0,42253628.0,20013686.0,187402240.0,116932312.0,0.0,0.0,59042408.0,184191120.0,169303376.0,47044904.0,195974560.0,139229968.0,1
1789486001.841353,music,356,24,2879927.5,0.0,128796456.0,28583970.0,10876824.0,10602119.0,0.0,16415324.0,58150768.0,168666976.0,314700320.0,123010160.0,0.0,133068216.0,160159808.0,544919552.0,1
1789486001.891458,music,3,30,767714.75,232741.671875,388081344.0,7100220.0,8540126.0,19904346.0,32900688.0,21695184.0,128976640.0,237690208.0,21294616.0,538943872.0,0.0,82699168.0,255032384.0,2321731584.0,1
1789486001.95663,music,6,26,1653797.875,0.0,860245632.0,30802880.0,16152724.0,107172120.0,51835864.0,4355734.5,0.0,96603536.0,1562759.875,46846320.0,0.0,128463456.0,85948808.0,3595545600.0,1
1789486002.0220153,music,1,32,30776092.0,48629964.0,354369088.0,46697404.0,37064396.0,59501076.0,74254936.0,35949536.0,29154408.0,233868784.0,21437652.0,448104192.0,29212778.0,0.0,47091928.0,1454892160.0,1
1789486002.0862901,music,0,30,14769863.0,18268802.0,361537472.0,44850768.0,26878520.0,14676501.0,54492824.0,0.0,121020080.0,2088046080.0,2030797.375,271685856.0,2371099.0,12815986.0,3286707.0,1998238208.0,1
1789486002.1506479,music,357,26,10652538.0,655905.75,653462656.0,18769422.0,16325210.0,0.0,864664.125,0.0,218053088.0,1302074112.0,2170009.0,695577920.0,7871664.5,12743080.0,107273008.0,1659592064.0,1
1789486002.2152925,music,357,17,18050606.0,1714808.25,0.0,10118260.0,3073157.5,37646280.0,0.0,6537593.0,0.0,9592951.0,21398226.0,0.0,16817340.0,16384738.0,5602160.0,0.0,1
1789486002.2645142,music,357,22,0.0,0.0,79685352.0,5934977.0,1340365.5,19934040.0,0.0,5372222.0,24827888.0,379903808.0,15471375.0,15099667.0,18227932.0,1764930.875,11236406.0,80238688.0,1
1789486002.3100085,music,356,28,7729755.5,0.0,121096664.0,11828248.0,5514887.0,39922292.0,0.0,8395013.0,10142292.0,168220896.0,14216184.0,401569472.0,73269920.0,19635736.0,9834106.0,17240200.0,1
1789486002.3740058,music,353,24,0.0,4767912.0,105232640.0,15081508.0,52996648.0,195716448.0,221124096.0,0.0,136737184.0,894930944.0,20596338.0,275213888.0,0.0,292230400.0,17529340.0,66571744.0,1
1789486002.4384627,music,2,25,39224868.0,18939408.0,11226156.0,46219336.0,43597524.0,0.0,0.0,0.0,22030532.0,80799792.0,10850321.0,223443088.0,63864356.0,48441744.0,67588752.0,5482139136.0,1
1789486002.5033338,music,1,25,20580110.0,18484758.0,11130077.0,12953844.0,17038004.0,0.0,0.0,3327446.0,1349536.0,143777472.0,7794133.0,11154291.0,14344352.0,64349992.0,76373200.0,5344807424.0,1
1789486002.5685961,music,8,26,1781728.5,1629837.5,0.0,2973533.25,9791620.0,58893056.0,0.0,2308499.75,40392100.0,79680128.0,14182312.0,135379936.0,8895490.0,9469165.0,218806656.0,7581723648.0,1
1789486002.633622,music,0,29,28031032.0,0.0,2524777.75,0.0,4710404.0,0.0,211758704.0,46386728.0,68181672.0,120166664.0,27910150.0,448290016.0,63481024.0,129640224.0,217027856.0,273618016.0,1
1789486002.6987598,music,1,25,0.0,262650.09375,11868306.0,0.0,7960833.0,7595203.0,79629848.0,0.0,2946219.5,176974240.0,64199264.0,246538272.0,171233280.0,121384848.0,14091252.0,720384512.0,1
1789486002.7626002,music,351,26,69183.875,0.0,651368.5,11046852.0,3290463.5,249238592.0,0.0,7509265.0,0.0,39057784.0,29489608.0,218609920.0,69560424.0,36039208.0,20542136.0,519506048.0,1
1789486002.8272612,music,352,29,44293704.0,5905155.0,0.0,29874002.0,147299072.0,24287798.0,104564912.0,52792728.0,41019144.0,111240352.0,105916672.0,1608760576.0,633918400.0,0.0,87743872.0,440241728.0,1
1789486002.8916106,music,1,31,22899040.0,15662933.0,23396224.0,75498312.0,83699504.0,39871576.0,0.0,1987382.375,3088218.25,149118368.0,64291992.0,158856016.0,179784832.0,13628529.0,46288276.0,2623225088.0,1
1789486002.956646,music,1,25,7151815.0,0.0,0.0,20753802.0,19528154.0,0.0,111751640.0,7833987.0,21616096.0,354009728.0,22173424.0,181333664.0,12770569.0,9157882.0,42993124.0,759517440.0,1
1789486003.0019217,music,1,20,4286613.0,0.0,0.0,2977719.5,419322.84375,0.0,0.0,0.0,32401720.0,259033056.0,504065.1875,218872336.0,31896464.0,2971426.25,19856288.0,4641051648.0,1
1789486003.0473754,music,1,20,2237984.0,0.0,1552813.0,0.0,5716957.0,0.0,0.0,1081321.75,20891226.0,106804944.0,993390.0625,86349880.0,954816.0625,963125.375,98586728.0,3565998080.0,1
1789486003.0964015,music,2,27,0.0,18628316.0,19801972.0,11494955.0,12266126.0,0.0,190981408.0,13230515.0,13106590.0,73081208.0,153755296.0,24907346.0,12303886.0,198722832.0,7752529.0,139512704.0,1
1789486003.1607401,music,353,28,4309850.0,0.0,20151904.0,0.0,373289440.0,175205856.0,325939200.0,23509342.0,7936516.5,19174754.0,0.0,6221703.0,21749360.0,518494368.0,26204616.0,127244928.0,1
1789486003.2253742,music,3,30,254669.90625,8881176.0,44533856.0,5557710.0,404889408.0,86288576.0,551272064.0,0.0,5747317.5,42694940.0,1839842.25,38617724.0,2528332.25,1737689856.0,21824392.0,123680976.0,1
1789486003.2897673,music,2,34,0.0,4017459.5,61206708.0,70883336.0,694463104.0,172361120.0,246351936.0,11676986.0,16074556.0,276902208.0,70272848.0,18331112.0,12334212.0,3347226112.0,10477482.0,624772224.0,1
1789486003.354947,music,4,33,10924242.0,0.0,97434632.0,114874104.0,630222080.0,156679872.0,729556160.0,15079894.0,6316315.0,15695066.0,8936560.0,2083847.25,228089488.0,1565938432.0,14289840.0,420490112.0,1
1789486003.4199002,music,5,32,23163934.0,1962625.25,25251792.0,25493768.0,12264274.0,175452272.0,546472960.0,3863266.5,1439598.625,12046473.0,7413332.0,7618596.0,3697950.0,1311302016.0,6805185.0,105509232.0,1
1789486003.484071,music,354,25,0.0,0.0,0.0,0.0,685954240.0,243330288.0,26930112.0,34081004.0,7132637.0,699688832.0,274936416.0,1100349952.0,124099840.0,942438528.0,135412720.0,343183808.0,1
1789486003.5484765,music,356,26,17690110.0,0.0,0.0,12796736.0,190443520.0,0.0,104607656.0,458072608.0,717267520.0,625680768.0,159890448.0,717784832.0,313908480.0,602931648.0,152854896.0,31148272.0,1
1789486003.6129708,music,357,24,0.0,698513.75,1792359.0,0.0,311529568.0,61619648.0,80403888.0,12157836.0,61265216.0,104663312.0,47802744.0,104491280.0,0.0,2416742912.0,13252989.0,109884480.0,1
1789486003.6773174,music,2,31,3159543.5,278954.0625,3732330.75,982727.125,159414192.0,78849232.0,243147376.0,8369714.5,12232026.0,96663152.0,11325593.0,17933558.0,6684861.0,1239842816.0,12814155.0,75473584.0,1
1789486003.741529,music,354,27,37133192.0,95694192.0,20150578.0,0.0,201621792.0,26545286.0,25311816.0,16708912.0,24126756.0,79697560.0,203856400.0,1133895680.0,0.0,197297312.0,198718288.0,569998144.0,1
1789486003.805353,music,354,30,0.0,9523854.0,19112088.0,256498112.0,425450048.0,90124368.0,263360720.0,3276991.5,6470518.0,183054880.0,115628736.0,2345349632.0,45603008.0,288253920.0,9753954.0,485297472.0,1
1789486003.8545232,music,354,31,25524116.0,0.0,37278332.0,177122528.0,346625504.0,84420000.0,262943984.0,4175499.5,5167676.0,33464032.0,0.0,2347809792.0,14582751.0,137276224.0,1618307.25,150805344.0,1
1789486003.8995478,music,354,27,23757054.0,0.0,26073076.0,148696352.0,335821184.0,29829884.0,19258832.0,0.0,3124273.25,5985983.0,0.0,1570938624.0,28140030.0,213249824.0,4895838.5,383819584.0,1
1789486003.9489133,music,355,19,0.0,0.0,261864224.0,158040448.0,118138368.0,16587216.0,0.0,0.0,74309520.0,192537984.0,221910784.0,71533480.0,39895644.0,0.0,0.0,458004480.0,1
1789486004.0127723,music,355,25,10891490.0,0.0,90024960.0,56452308.0,4372128.5,0.0,43253048.0,0.0,34235484.0,212656880.0,19927614.0,42058504.0,69642568.0,19916170.0,26834848.0,40452260.0,1
1789486004.0576246,music,355,24,411520.6875,0.0,107928272.0,22730288.0,80191224.0,35752136.0,18192864.0,4073906.25,6888219.0,218988288.0,8865501.0,47466212.0,15833787.0,0.0,0.0,398326720.0,1
1789486004.1067264,music,353,30,5253213.0,342347.59375,650548480.0,25369458.0,66381560.0,8898586.0,66438092.0,155859.734375,190034896.0,875778688.0,26536260.0,435120064.0,27425934.0,314171712.0,84376064.0,2105695232.0,1
1789486004.1711261,music,0,28,22648854.0,43614872.0,236299776.0,126754544.0,155126912.0,30526350.0,63250304.0,0.0,68748016.0,667684416.0,59421648.0,344905920.0,0.0,885048192.0,8354138.0,0.0,1
1789486004.2358959,music,0,29,7462272.0,13949353.0,384461696.0,34415452.0,38256448.0,14686287.0,50788312.0,0.0,0.0,386776448.0,75966456.0,174603776.0,87314592.0,1152851072.0,46797400.0,587819648.0,1
1789486004.2854125,music,2,27,2358217.25,60909472.0,137731328.0,47338216.0,55136336.0,47465560.0,3587983.75,0.0,9365805.0,109535136.0,14182804.0,189238688.0,202483440.0,3125159168.0,116133344.0,969397760.0,1
1789486004.3507788,music,0,34,204692832.0,109857936.0,307469248.0,133960480.0,142821216.0,58845456.0,164453040.0,178755296.0,4113564.75,347091200.0,36807196.0,98942384.0,219251648.0,107427872.0,163435248.0,152879296.0,1
1789486004.414473,music,357,21,0.0,0.0,30342432.0,5110323.5,16044712.0,0.0,18418156.0,65635624.0,40452352.0,471757120.0,64497452.0,118324800.0,26493278.0,93628720.0,179795776.0,385643328.0,1
1789486004.4793122,music,357,31,7681635.0,5337998.0,224443776.0,6859745.5,25892762.0,31143084.0,9693637.0,0.0,2988151.25,233158176.0,107682440.0,381156704.0,99155832.0,318882912.0,23934364.0,2151407360.0,1
1789486004.5233963,music,0,26,294726.96875,1668392.875,547083200.0,28965078.0,15588775.0,49156924.0,45267560.0,2947620.25,38618552.0,294644352.0,9946731.0,93124560.0,11500992.0,52241804.0,196809472.0,4933605376.0,1
1789486004.5883558,music,0,25,46145488.0,38811792.0,207445600.0,158889408.0,158033888.0,0.0,0.0,4722531.5,215206432.0,299263456.0,24080520.0,470012800.0,37996776.0,111775952.0,110418760.0,472431040.0,1
1789486004.6379645,music,359,26,48267528.0,19643952.0,131084320.0,189208032.0,154912464.0,0.0,62784280.0,46549988.0,47332416.0,418434336.0,18261566.0,607452224.0,0.0,0.0,56189968.0,384237952.0,1
1789486004.7021854,music,354,26,16621498.0,15264519.0,147150864.0,298555072.0,285027872.0,38305552.0,38674600.0,104724416.0,0.0,94675592.0,9429145.0,994059520.0,0.0,7553243.0,8781868.0,0.0,1
1789486004.7667277,music,358,28,0.0,32372642.0,127186640.0,295302400.0,251600816.0,18436468.0,14387361.0,23641332.0,65895264.0,126714960.0,19922778.0,1619861248.0,0.0,6258248.0,29307044.0,147952352.0,1
1789486004.8309226,music,358,27,10489919.0,9465704.0,44231288.0,40202820.0,128110640.0,4341869.0,64779280.0,72547112.0,35217592.0,291625600.0,6015832.0,0.0,16141335.0,36394128.0,0.0,12814316.0,1
1789486004.8770657,music,357,28,48644160.0,15167309.0,15184008.0,30208730.0,84571856.0,12952046.0,39461184.0,0.0,34525484.0,231191200.0,18221130.0,352492448.0,0.0,3937435.5,2923426.5,45149284.0,1
1789486004.9418788,music,354,31,91763352.0,10010417.0,17978898.0,27205908.0,169309024.0,11343018.0,31903032.0,22095448.0,14815866.0,199392960.0,6372660.5,656492480.0,5352569.5,8035669.0,3088927.0,388000704.0,1
1789486005.0063071,music,356,33,6707520.0,25933776.0,48079440.0,79835240.0,182937728.0,13742468.0,49205428.0,10905197.0,31802376.0,135443328.0,2754763.5,692128000.0,17584682.0,9378936.0,11477838.0,300866304.0,1
1789486005.0705116,music,355,28,2666246.75,15532895.0,54415040.0,3881853.5,1313829120.0,0.0,867842048.0,10216578.0,0.0,128460360.0,2295604.0,685840384.0,6786462.0,1419117568.0,7934640.5,58043656.0,1
1789486005.1349914,music,344,19,0.0,7107003.0,4356542.5,0.0,1675456256.0,102885456.0,640393216.0,0.0,0.0,14887294.0,953450.125,0.0,5415835.0,1026274304.0,3435292.0,11834774.0,1
1789486005.1986017,music,345,27,43798760.0,9168346.0,75905088.0,2032763.5,520078848.0,139324416.0,113284464.0,6806842.0,3283007.75,11245494.0,2672249.5,650028672.0,5476120.5,632560256.0,0.0,19475060.0,1
1789486005.2988718,music,359,26,21047656.0,0.0,190762096.0,14018749.0,34392736.0,433043.03125,10742880.0,2905930.75,2588429.0,30770104.0,724525.0,85544304.0,17055412.0,0.0,625987.125,1320254.125,1
1789486005.3631845,music,358,34,664934.0,144687344.0,29799618.0,12965528.0,229655296.0,18750020.0,22526142.0,13352416.0,7005124.0,119952432.0,2815824.5,110240128.0,225028.65625,441325472.0,1386934.875,16710490.0,1
1789486005.4280324,music,357,28,6876133.5,456817312.0,31930176.0,44331936.0,557111552.0,194413728.0,92093384.0,43887532.0,23934604.0,2590904.75,36789348.0,60140116.0,65943992.0,0.0,88937472.0,228382752.0,1
1789486005.492214,music,359,22,44391280.0,19061688.0,0.0,49495000.0,1166529536.0,76905552.0,802770176.0,9777352.0,1937557.125,83864464.0,73599744.0,0.0,82918688.0,196958784.0,0.0,0.0,1
1789486005.5559628,music,359,31,77793520.0,54226148.0,1265159808.0,57997424.0,1018907136.0,84121440.0,53643164.0,12145942.0,5630239.0,237090144.0,3072589.5,172898224.0,18085798.0,137473552.0,1920412.625,0.0,1
1789486005.601248,music,2,31,2407070.0,0.0,550196288.0,71235528.0,960305024.0,271738144.0,33267794.0,3742753.0,9815527.0,28515502.0,2460113.75,141002720.0,0.0,375574912.0,6083909.5,9302102.0,1
1789486005.665731,music,4,17,37257832.0,196413888.0,29554334.0,17181848.0,234168576.0,32179992.0,34398076.0,3472460.75,0.0,0.0,0.0,35417864.0,42278564.0,103795680.0,2484002.5,0.0,1
1789486005.7298086,music,6,23,129856976.0,136050976.0,264971328.0,53669676.0,46395096.0,71618032.0,562706560.0,19962102.0,0.0,0.0,0.0,23460956.0,8389115.0,28575728.0,6132084.5,13223100.0,1
1789486005.7959235,music,33,27,169483904.0,0.0,154294576.0,7382349.5,100568352.0,27097032.0,2367976.25,18378824.0,682019968.0,4731207680.0,22920144.0,61319528.0,11100645.0,11023600.0,29075276.0,14616991.0,1
1789486005.8599741,music,18,34,191528224.0,164071872.0,208428656.0,131552752.0,280305152.0,60220300.0,535959712.0,0.0,326756032.0,2476330240.0,17573388.0,153171968.0,62316600.0,188357728.0,41642472.0,200373232.0,1
1789486005.9233408,music,31,33,905951872.0,25264816.0,95275024.0,22436424.0,301963040.0,39250060.0,393462464.0,0.0,152231584.0,599122688.0,9661856.0,335808576.0,35290392.0,62907956.0,29543484.0,162864048.0,1
1789486005.9870932,music,32,26,0.0,0.0,200762592.0,21189788.0,369609728.0,37850348.0,0.0,0.0,81033896.0,211627824.0,4651052.5,44195024.0,13885840.0,108207016.0,3151486.25,96135552.0,1
1789486006.0499003,music,30,30,36085092.0,205843328.0,433473088.0,37560688.0,65055464.0,22638600.0,129696256.0,0.0,144615760.0,303667840.0,11340577.0,212227008.0,14280067.0,76989520.0,17056852.0,62418992.0,1
1789486006.1131306,music,30,33,204650096.0,36490312.0,409009888.0,12886615.0,45351432.0,18224496.0,50988696.0,10437825.0,105164720.0,936784064.0,8758272.0,43729964.0,12574641.0,8789261.0,1702374.75,27961692.0,1
1789486006.1639218,music,44,24,0.0,0.0,414797632.0,0.0,77284328.0,22816320.0,35872280.0,81800512.0,305889344.0,566103040.0,21703512.0,66416088.0,10204134.0,12548884.0,1167306.0,28442076.0,1
1789486006.2257087,music,28,23,216960880.0,185445184.0,34300220.0,0.0,183930016.0,55766140.0,421939424.0,0.0,60650240.0,102112944.0,70617448.0,45609960.0,10785381.0,0.0,0.0,54568380.0,1
1789486006.2886949,music,42,25,0.0,7562373.0,30824562.0,0.0,72698320.0,27948988.0,47268704.0,0.0,363710112.0,2536381952.0,82174896.0,440545344.0,107107544.0,80325008.0,13604774.0,92745856.0,1
1789486006.3508015,music,42,31,265937648.0,6969080.0,145157344.0,51032500.0,0.0,3039885.0,93350656.0,65294836.0,56902100.0,555216448.0,14169070.0,2521134592.0,293753056.0,145151840.0,11074020.0,27070404.0,1
1789486006.3957477,music,37,30,233407744.0,114384960.0,36467072.0,4632330.0,52023112.0,2245809.5,31296334.0,26918032.0,3835043.0,4649051.0,0.0,6050229248.0,53572340.0,12446630.0,11157456.0,89610128.0,1
1789486006.4571183,music,36,33,52785528.0,186024048.0,101640032.0,12702930.0,56959276.0,1172285.25,47930748.0,43071264.0,110299072.0,530182208.0,9343382.0,2716707840.0,2881661.5,161176336.0,7386831.0,14189625.0,1
1789486006.5189412,music,47,32,1447137.5,8914877.0,27470106.0,5221446.5,19179388.0,11145924.0,21205932.0,38819584.0,100879344.0,277007296.0,17696394.0,2961830144.0,19487444.0,54113848.0,1153794.75,10260942.0,1
1789486006.5809846,music,48,27,19566650.0,0.0,189649856.0,2569633.0,91529312.0,17780268.0,64765388.0,0.0,25782968.0,0.0,19081212.0,577626496.0,88272824.0,476603264.0,12245976.0,90886568.0,1
1789486006.643214,music,48,32,69642520.0,17545278.0,110862640.0,10501527.0,15116093.0,517857.625,61447008.0,2733477.5,6248449.5,18625362.0,275323.0625,168341056.0,13161464.0,2153906432.0,2111553.25,58605448.0,1
1789486006.6928291,music,55,30,9859983.0,10829704.0,12661010.0,167522.1875,3158188.75,2932213.0,26444504.0,8884978.0,23098000.0,227409872.0,3613438.5,348401664.0,331775936.0,4510670848.0,1313094.75,8984602.0,1
1789486006.7517028,music,59,29,0.0,21291990.0,5524885.0,0.0,26446100.0,8483890.0,6554914.5,17300466.0,8123448.0,130342752.0,1737255.625,286648160.0,222993952.0,4431600128.0,10681866.0,4888433.5,1
1789486006.814176,music,62,26,0.0,0.0,19501328.0,2693134.5,17435122.0,3112991.0,82755184.0,0.0,8874302.0,1518991.25,1107097.75,142230096.0,10661120.0,15116961792.0,17512896.0,2606665.0,1
1789486006.8771973,music,63,27,1519832.0,10105946.0,24000662.0,2386066.75,9252594.0,4420205.5,36281736.0,7364008.0,0.0,4712231.0,583508.875,395264992.0,372364448.0,4739770368.0,2986160.0,5883766.0,1
1789486006.9409277,music,63,36,785088.1875,1508379.0,19505616.0,27999578.0,117307840.0,21436764.0,239632128.0,137807712.0,29918972.0,182491872.0,78995488.0,705607808.0,25884308.0,3290464768.0,25352948.0,121295616.0,1
1789486006.989227,music,62,20,0.0,0.0,21056556.0,0.0,129847160.0,49670184.0,170534464.0,164724416.0,25162524.0,268565600.0,261358688.0,136029376.0,0.0,1048923904.0,241864096.0,0.0,1
1789486007.052615,music,62,26,0.0,0.0,4967436.0,6117298.5,7682425.5,3778660.5,0.0,1615024.875,44295752.0,74789888.0,97883824.0,204285504.0,163243552.0,4468912640.0,70207184.0,34172412.0,1
1789486007.0976634,music,61,26,1241722.5,3166834.0,17521944.0,795665.25,4660040.0,2917701.0,29999962.0,19345702.0,53807244.0,60173040.0,6994435.5,18111520.0,22656164.0,2893598720.0,0.0,221114016.0,1
1789486007.1607938,music,63,25,0.0,0.0,24384148.0,4455130.5,3277360.25,3364055.5,2699916.0,0.0,6102221.5,73167904.0,4043732.5,235925280.0,512093888.0,8748603392.0,36094192.0,46275728.0,1
1789486007.2246108,music,62,27,14493327.0,0.0,25844664.0,24233810.0,34329960.0,42213312.0,72445728.0,46642752.0,29558200.0,172721360.0,27906056.0,501052864.0,230573584.0,133938976.0,23474916.0,0.0,1
1789486007.28783,music,65,15,0.0,2876195.75,4453488.0,0.0,1230910.25,0.0,0.0,0.0,0.0,12281608.0,2408366.0,284386112.0,87975592.0,14305839104.0,9575944.0,11542646.0,1
1789486007.350885,music,64,24,19204764.0,1399683.0,0.0,0.0,9769518.0,3798652.0,4641302.5,31181928.0,17213610.0,75033080.0,0.0,411226400.0,47840212.0,1346507008.0,1775166.0,9678500.0,1
1789486007.4149334,music,65,35,206412512.0,166931392.0,222924240.0,57314376.0,50595028.0,98060208.0,86840792.0,12775738.0,8821197.0,12349706.0,34625360.0,97641984.0,31935564.0,658594432.0,45480400.0,111080408.0,1
1789486007.4790905,music,66,20,48815024.0,0.0,27174448.0,1813944.25,50364704.0,1370502.0,0.0,0.0,5151827.5,14017653.0,0.0,17182904.0,2652572.75,1330731136.0,1903997.5,6709542.5,1
1789486007.5414429,music,66,25,139967312.0,2295943.75,6677758.0,414404.96875,14895149.0,0.0,2521329.5,616322.5,3973978.5,0.0,109130.0625,36556640.0,93424320.0,1400112896.0,26420226.0,2274775.0,1
1789486007.5903785,music,66,20,0.0,1766504.25,0.0,0.0,712174.125,453595.1875,531989.125,0.0,5375761.0,103403888.0,662068.0625,114382176.0,235306624.0,6347469824.0,1376374.75,1248052.75,1
1789486007.6362903,music,68,36,88702992.0,57517792.0,37623752.0,51369096.0,62778184.0,18811260.0,32350198.0,1170555.5,20904794.0,338264960.0,0.0,3543592704.0,341350016.0,2963647232.0,23521182.0,19377036.0,1
1789486007.699652,music,66,20,0.0,0.0,63672.61328125,0.0,19275156.0,6483964.0,0.0,7542049.0,2308511.0,0.0,6266875.5,5916363776.0,200621072.0,2158605312.0,3564106.0,57335960.0,1
1789486007.7618933,music,56,19,0.0,0.0,0.0,0.0,1057280.5,622645.8125,0.0,6192567.0,2045734.375,13539746.0,828855.4375,3346364160.0,72458200.0,704942080.0,1655395.25,4293813.5,1
1789486007.8246748,music,58,26,403485056.0,282929088.0,152396304.0,29156502.0,9100152.0,0.0,63737132.0,57528488.0,1708818.0,38350936.0,0.0,323116672.0,346600768.0,118101976.0,82406128.0,25882692.0,1
1789486007.8866172,music,70,24,0.0,0.0,0.0,4340399.0,13340414.0,6845420.5,26767808.0,0.0,16693604.0,102867040.0,51442680.0,443330016.0,47428500.0,591357568.0,41310312.0,94195432.0,1
1789486007.9501154,music,65,26,83272384.0,5539167.5,0.0,1877756.0,1899695.75,1419578.0,2443754.5,0.0,53043116.0,339939232.0,7259730.0,947769024.0,109973256.0,1284664448.0,31544562.0,50672672.0,1
1789486008.0132134,music,67,24,687893.125,1802517.125,0.0,0.0,8272392.5,5720469.5,2051798.0,0.0,35286660.0,1044629888.0,2774313.0,953851392.0,129571352.0,1560604928.0,10884032.0,9010402.0,1
1789486008.0766537,music,67,23,200420480.0,0.0,146313920.0,3054536.0,14014262.0,0.0,15384230.0,133710824.0,0.0,0.0,7317284.5,300153696.0,53667200.0,151518336.0,18201804.0,51000348.0,1
1789486008.1259034,music,58,18,128767512.0,0.0,138126032.0,12304408.0,9938678.0,122626.9765625,17450310.0,0.0,0.0,0.0,14420704.0,387690336.0,127819792.0,96924112.0,33612740.0,0.0,1
1789486008.188592,music,63,26,39043628.0,1948222.5,0.0,5389556.0,10899304.0,0.0,22530698.0,0.0,15534343.0,98556680.0,44465184.0,584642752.0,99256288.0,772654208.0,42170392.0,31586104.0,1
1789486008.2517657,music,58,24,0.0,40279996.0,15347900.0,0.0,0.0,2831520.25,6236033.0,39151540.0,21030624.0,0.0,13275261.0,645843584.0,98024968.0,695619904.0,13766285.0,56361044.0,1
1789486008.314478,music,74,23,88195896.0,15462121.0,0.0,7819734.5,9385666.0,11497830.0,30700852.0,0.0,27392738.0,94240664.0,2176605.5,64303728.0,31031336.0,128444192.0,0.0,60095280.0,1
1789486008.3780096,music,66,21,0.0,0.0,11734768.0,5171659.0,5376918.0,41485516.0,18879562.0,0.0,11013270.0,340267520.0,20524002.0,75458912.0,10872175.0,554664704.0,0.0,11794624.0,1
1789486008.4418328,music,70,22,0.0,0.0,0.0,3550527.0,8229467.0,0.0,5969590.0,0.0,69091704.0,727109248.0,29016112.0,482210496.0,134837504.0,5211938816.0,31820670.0,46400264.0,1
1789486008.5050435,music,69,24,0.0,0.0,0.0,16638597.0,8823258.0,69694192.0,19374012.0,18932320.0,32467484.0,685965248.0,307843296.0,384653248.0,33397768.0,3054073856.0,68942112.0,18821218.0,1
1789486008.5685074,music,67,29,1824593.375,1485599.625,24599464.0,47082884.0,60539008.0,28835006.0,0.0,17768094.0,24875176.0,515844992.0,160503712.0,12449888256.0,436900832.0,149442128.0,66353376.0,152056816.0,1
1789486008.631775,music,73,28,16094564.0,5041144.5,0.0,7367673.0,0.0,6001934.0,16057514.0,167278656.0,137779632.0,288125120.0,391397440.0,14401033216.0,1795787648.0,375292992.0,55772396.0,22915432.0,1
1789486008.6945791,music,69,32,6835484.5,0.0,13224734.0,3332768.0,9663106.0,4447513.0,17348860.0,95939208.0,52616992.0,128972768.0,329315264.0,7454034944.0,445733536.0,433853952.0,60554984.0,11898106.0,1
1789486008.7587473,music,69,24,13251857.0,5000988.0,0.0,24656496.0,41430268.0,81822640.0,57773836.0,9649463.0,20801120.0,45556848.0,154518128.0,673684864.0,0.0,357327392.0,27524424.0,63826468.0,1
1789486008.8037198,music,67,22,4611025.5,0.0,4481230.0,1503001.375,12858352.0,6044613.0,0.0,58674896.0,60719916.0,23194428.0,66465112.0,4839996416.0,191035488.0,479560256.0,0.0,121827592.0,1
1789486008.8676016,music,70,23,832319.375,0.0,3413653.5,163157.609375,549903.625,13986686.0,15274594.0,189041184.0,0.0,0.0,21185204.0,17993984000.0,37165784.0,772120320.0,20134406.0,21902780.0,1
1789486008.9304252,music,70,33,18162776.0,39276672.0,50038728.0,39521748.0,15508028.0,0.0,21753352.0,174455632.0,31362226.0,120690192.0,164217488.0,14476979200.0,512388544.0,256027552.0,33996440.0,27095720.0,1
1789486008.978991,music,71,19,0.0,0.0,40097560.0,0.0,25825992.0,41017584.0,11559322.0,0.0,13444998.0,61488296.0,53499776.0,6491870208.0,94807984.0,339386688.0,38751008.0,7557966.0,1
1789486009.0425978,music,71,21,15297526.0,885788.625,0.0,0.0,4681803.5,526773.0,5800929.5,11936894.0,0.0,1496347.375,6757893.0,21261264896.0,528527552.0,138761600.0,4143003.5,0.0,1
1789486009.0869894,music,73,11,1969955.5,0.0,0.0,0.0,0.0,0.0,0.0,0.0,0.0,5667992.0,13300614.0,28544020480.0,0.0,88383232.0,0.0,880793.5,1
1789486009.1505153,music,74,22,0.0,0.0,0.0,0.0,0.0,0.0,14496785.0,13201994.0,17804896.0,291162720.0,161056608.0,1927037184.0,483787968.0,1106927616.0,102600744.0,28796318.0,1
1789486009.2142837,music,82,12,3203768.0,0.0,0.0,0.0,0.0,0.0,0.0,13019623.0,39074312.0,0.0,49835468.0,413946592.0,147531520.0,6091373568.0,15694102.0,11581432.0,1
1789486009.278582,music,98,9,0.0,0.0,11306070.0,0.0,0.0,0.0,0.0,0.0,0.0,78470256.0,0.0,6498621952.0,868409152.0,5663613440.0,0.0,0.0,1
1789486009.3443189,music,119,19,35974052.0,5788140.5,0.0,94668840.0,209155984.0,123067104.0,159096192.0,0.0,25569374.0,57800476.0,0.0,9384416256.0,1711330816.0,3136752128.0,94627848.0,0.0,1
1789486009.4086661,music,119,8,0.0,598684.125,0.0,13237560.0,0.0,14243360.0,0.0,19129368.0,0.0,27028856.0,21397324.0,5701810176.0,0.0,0.0,0.0,20066182.0,1
1789486009.459596,music,145,14,0.0,0.0,0.0,0.0,0.0,18769000.0,0.0,85606464.0,27483364.0,21312928.0,24573262.0,4727422976.0,212173376.0,737035456.0,65148436.0,35356396.0,1
1789486009.5227764,music,149,8,4153631.0,2917034.5,0.0,0.0,0.0,0.0,0.0,0.0,40954844.0,0.0,0.0,6572852224.0,428372320.0,242424496.0,0.0,0.0,1
1789486009.5855854,music,149,5,27782644.0,0.0,0.0,0.0,0.0,0.0,0.0,0.0,20604220.0,0.0,0.0,3366159872.0,0.0,0.0,0.0,76297368.0,1
1789486009.632438,music,206,7,4660081.5,870213.875,0.0,0.0,0.0,0.0,0.0,0.0,0.0,0.0,0.0,3075948544.0,138457232.0,137568096.0,0.0,0.0,1
1789486009.6964805,music,197,10,2891255.0,0.0,3028289.5,0.0,0.0,1324045.875,0.0,8375220.0,0.0,0.0,0.0,1718141824.0,152683792.0,65720392.0,0.0,0.0,1
1789486009.7588766,music,198,11,0.0,0.0,0.0,0.0,0.0,0.0,71804.2109375,22701544.0,5253311.0,0.0,0.0,6061903872.0,85973576.0,1082921856.0,6107137.5,0.0,1
1789486009.8221931,music,198,10,10341780.0,0.0,3734093.75,0.0,0.0,764733.6875,23944104.0,0.0,0.0,2632855.5,0.0,1820579328.0,0.0,0.0,0.0,15250164.0,1
1789486009.872633,music,203,14,0.0,2356070.5,0.0,0.0,0.0,15426988.0,19452108.0,2635706.5,0.0,0.0,9928921.0,3479088640.0,83683328.0,0.0,25134970.0,0.0,1
1789486009.9352045,music,209,11,0.0,1099864.0,0.0,0.0,465339.1875,0.0,824529.75,0.0,0.0,0.0,0.0,3074505216.0,296794176.0,8764609536.0,0.0,0.0,1
1789486009.9988806,music,201,16,0.0,0.0,92751.6171875,1596337.0,962706.0,6503877.5,1498333.0,2997107.5,1343549.75,5392873.0,37664624.0,194829536.0,93375536.0,1724667392.0,0.0,40020724.0,1
1789486010.0626678,music,197,11,990906.75,0.0,0.0,0.0,0.0,3920537.25,44245780.0,8156099.0,0.0,0.0,0.0,299197248.0,0.0,168731744.0,0.0,9099034.0,1
1789486010.1273437,music,201,14,0.0,165843.3125,961357.625,0.0,535043.0,2184565.25,19744420.0,7651507.5,0.0,53279324.0,0.0,372284480.0,49382944.0,0.0,0.0,0.0,1
1789486010.1912673,music,195,9,4394827.0,0.0,0.0,0.0,0.0,0.0,0.0,0.0,0.0,0.0,28649676.0,1193677440.0,20358412.0,1687062528.0,23725840.0,0.0,1
1789486010.2547917,music,196,13,452296.71875,0.0,0.0,0.0,21943232.0,1555222.5,4725952.0,2057615.25,0.0,0.0,2081794.625,2397779968.0,11700179.0,6597273088.0,18654970.0,0.0,1
1789486010.3181736,music,196,16,362082.75,0.0,0.0,0.0,80778304.0,9052873.0,1134376.75,14534947.0,5422738.5,0.0,3321922.0,2208142080.0,13107578.0,0.0,19673684.0,3434204.0,1
1789486010.3672378,music,196,17,0.0,0.0,1250044.5,354876.25,11561557.0,0.0,0.0,4473936.5,843635.3125,2759997.5,1239861.25,1914538880.0,520493632.0,7167667712.0,2222290.5,1458765.25,1
1789486010.4124937,music,196,10,0.0,0.0,0.0,0.0,2007326.625,498229.625,0.0,2309568.75,0.0,78121.015625,0.0,685892992.0,4262443.0,25098120.0,0.0,0.0,1
1789486010.4595144,music,198,15,430005.1875,0.0,0.0,0.0,17647354.0,931629.9375,67119856.0,44785040.0,11899968.0,0.0,100844608.0,893547136.0,109073624.0,919446656.0,134987808.0,0.0,1
1789486010.5251865,music,196,12,182660.21875,0.0,486947.5625,0.0,0.0,0.0,28818820.0,15219161.0,0.0,11069896.0,155819904.0,501837952.0,106799696.0,48931936.0,0.0,0.0,1
1789486010.590978,music,198,6,0.0,0.0,0.0,0.0,0.0,0.0,0.0,1316659.875,0.0,78114016.0,27049156.0,251448880.0,0.0,0.0,0.0,0.0,1
1789486010.6550267,music,189,10,130757.1484375,0.0,0.0,0.0,0.0,0.0,1186115.0,0.0,0.0,4001126.25,0.0,998743104.0,0.0,634028032.0,35815976.0,5774748.0,1
1789486010.7204735,music,197,9,0.0,3203523.5,0.0,0.0,0.0,0.0,17006740.0,6720801.0,0.0,0.0,4249427.0,845219008.0,0.0,373408288.0,0.0,21085426.0,1
1789486010.7843676,music,199,6,0.0,0.0,0.0,0.0,0.0,0.0,7100749.5,8937002.0,2031847.25,0.0,14481635.0,2031271936.0,294447648.0,0.0,0.0,0.0,1
1789486010.848334,music,184,13,0.0,0.0,0.0,0.0,42019500.0,0.0,9641002.0,12197880.0,36985040.0,13142383.0,113572064.0,3315577088.0,0.0,0.0,0.0,0.0,1
1789486010.9125364,music,184,9,87543464.0,0.0,0.0,0.0,10878040.0,8572189.0,19692228.0,21592324.0,34104872.0,16371517.0,0.0,0.0,0.0,89908224.0,0.0,0.0,1
1789486010.9571419,music,184,9,0.0,412787.8125,0.0,26984550.0,0.0,2262652.5,0.0,39396968.0,10018617.0,7220725.0,0.0,75392592.0,11543852.0,0.0,0.0,0.0,1
1789486011.0076065,music,184,5,610290.375,0.0,0.0,0.0,0.0,0.0,0.0,14796653.0,0.0,0.0,0.0,267021920.0,5962841.0,0.0,0.0,0.0,1
1789486011.052398,music,190,10,0.0,0.0,0.0,183631.71875,0.0,0.0,1304022.5,25364228.0,7335591.0,0.0,0.0,632316480.0,51875448.0,0.0,0.0,0.0,1
1789486011.118945,music,189,17,117358496.0,1376203.5,7081224.5,3918842.0,0.0,17454344.0,14484900.0,20886536.0,12106380.0,15721280.0,0.0,3745324032.0,0.0,0.0,12612767.0,137932432.0,1
1789486011.1845267,music,189,12,83923520.0,0.0,7904678.5,0.0,2178314.75,76035808.0,81767928.0,2001819.875,0.0,0.0,12356135.0,0.0,95670784.0,0.0,0.0,0.0,1
1789486011.234012,music,188,14,0.0,0.0,0.0,37130264.0,14548544.0,10937591.0,10101872.0,62277312.0,14212556.0,92059904.0,498426048.0,649659968.0,0.0,0.0,0.0,0.0,1
1789486011.2988095,music,183,19,302779328.0,43421704.0,0.0,0.0,30023202.0,67029928.0,149016608.0,64552640.0,23227036.0,62721672.0,0.0,2578813440.0,339228128.0,137965520.0,0.0,0.0,1
1789486011.3635836,music,183,15,0.0,0.0,4702835.0,0.0,18071994.0,1457473.125,102313056.0,72584608.0,184019536.0,93828608.0,23663898.0,0.0,0.0,237436800.0,0.0,0.0,1
1789486011.4095755,music,184,15,19627896.0,0.0,0.0,0.0,2585335.0,212619.359375,64399984.0,15053350.0,0.0,122284064.0,0.0,0.0,34218196.0,231711376.0,75198896.0,0.0,1
1789486011.475632,music,202,10,45876968.0,0.0,0.0,0.0,0.0,0.0,6135515.0,0.0,0.0,0.0,39657816.0,690816384.0,45253448.0,1084689792.0,0.0,4545695.0,1
1789486011.4765656,music,148,7,0.0,449135.0,0.0,0.0,2374588.0,0.0,1486031.75,0.0,188051456.0,1331901568.0,0.0,0.0,0.0,0.0,0.0,0.0,1
1789486011.5391903,music,181,14,18850176.0,0.0,0.0,0.0,1644875.375,11666325.0,0.0,0.0,0.0,0.0,0.0,1321192576.0,95720792.0,2039983744.0,0.0,0.0,1
1789486011.601978,music,189,13,128422304.0,0.0,3102928.75,0.0,0.0,22885428.0,16463792.0,0.0,0.0,0.0,0.0,1280675328.0,7939646.5,1243939072.0,0.0,0.0,1
1789486011.6678426,music,190,11,122523752.0,0.0,0.0,0.0,1000017.125,10516298.0,2732598.75,158681360.0,0.0,0.0,0.0,665609472.0,37164888.0,0.0,2987929.0,0.0,1
1789486011.7327187,music,189,13,11370659.0,0.0,4672577.0,569900.5,0.0,33814384.0,28035628.0,0.0,14925630.0,35002232.0,0.0,2024222976.0,0.0,30354974.0,11828754.0,0.0,1
1789486011.7972722,music,189,8,48796864.0,0.0,0.0,0.0,0.0,0.0,4139998.25,0.0,0.0,20036198.0,3722698.75,19349768.0,0.0,8740443.0,0.0,0.0,1
1789486011.842432,music,189,9,35015128.0,0.0,0.0,0.0,0.0,2939821.25,22182940.0,0.0,0.0,1588900.25,0.0,42387840.0,0.0,64439976.0,0.0,0.0,1
1789486011.8929284,music,186,10,27401838.0,0.0,0.0,0.0,0.0,0.0,39988616.0,0.0,21444370.0,0.0,0.0,598366336.0,11426185.0,123766056.0,0.0,0.0,1
1789486011.9567556,music,192,13,8258633.5,0.0,0.0,0.0,0.0,2676569.75,36344024.0,0.0,0.0,0.0,0.0,158872656.0,39260316.0,712330368.0,0.0,0.0,1
1789486012.0211751,music,186,14,0.0,0.0,0.0,0.0,543732.625,2508301.5,24497412.0,0.0,0.0,0.0,0.0,1454177536.0,11648404.0,628327424.0,11576644.0,0.0,1
1789486012.086332,music,182,19,700729.75,0.0,0.0,0.0,5590051.5,0.0,12023058.0,276544640.0,39067148.0,2570333.5,0.0,6897040.5,20453672.0,198375584.0,0.0,2535159.25,1
1789486012.1502507,music,186,16,0.0,0.0,0.0,0.0,0.0,2915096.75,7230781.0,0.0,0.0,1239430784.0,0.0,1691534592.0,20109852.0,194262624.0,116000.421875,265403.625,1
1789486012.2142644,music,185,16,2656259.5,0.0,0.0,0.0,2049010.5,7103698.0,7858612.5,65560488.0,45786660.0,0.0,0.0,74386632.0,31702088.0,227853056.0,123374400.0,45691152.0,1
1789486012.279302,music,185,16,0.0,0.0,517075.65625,3637841.0,6043785.5,8277932.0,0.0,0.0,18968798.0,0.0,32545174.0,531860192.0,65374528.0,456285888.0,0.0,78584776.0,1
1789486012.3286927,music,185,9,0.0,334259.78125,377360.75,0.0,0.0,0.0,0.0,0.0,0.0,0.0,0.0,39240064.0,20877334.0,94144600.0,2431717.0,0.0,1
1789486012.374108,music,185,14,301996.8125,0.0,114101.140625,0.0,0.0,4402492.5,0.0,91961856.0,0.0,560409856.0,0.0,375053632.0,5493755.0,0.0,12603110.0,0.0,1
1789486012.4204106,music,187,24,3231370.25,3201554.5,0.0,8444909.0,81141864.0,90592912.0,45263640.0,0.0,0.0,589076352.0,40415152.0,192933936.0,111571304.0,474795264.0,64346280.0,0.0,1
1789486012.4859824,music,187,7,0.0,0.0,0.0,0.0,0.0,0.0,1480858.875,10465744.0,0.0,0.0,0.0,106329824.0,22074878.0,0.0,14679942.0,0.0,1
1789486012.4868762,music,149,3,0.0,0.0,0.0,0.0,0.0,0.0,0.0,0.0,200437664.0,1322771712.0,0.0,0.0,0.0,0.0,0.0,0.0,1
1789486012.5499222,music,184,8,5523501.5,0.0,0.0,0.0,0.0,0.0,2249493.5,0.0,0.0,0.0,5779816.5,157917664.0,5508191.5,0.0,746993.1875,0.0,1
1789486012.6136796,music,185,14,3768056.25,0.0,0.0,601981.9375,0.0,0.0,659283.25,81381584.0,13621475.0,531792672.0,5308475.0,44076480.0,1598678.125,78922232.0,0.0,0.0,1
1789486012.676895,music,185,7,6198513.5,0.0,0.0,0.0,0.0,4371457.5,39100976.0,0.0,3975832.75,0.0,0.0,0.0,0.0,0.0,3239981.75,0.0,1
1789486012.7266872,music,189,14,0.0,0.0,2130846.25,0.0,130019.265625,0.0,5452913.0,0.0,0.0,5756138.0,0.0,364997632.0,14601426.0,64896784.0,1356666.625,1571179.75,1
1789486012.7909822,music,189,6,0.0,0.0,0.0,0.0,0.0,1161685.125,11819657.0,0.0,0.0,0.0,1593190.25,29494136.0,0.0,35571568.0,0.0,0.0,1
1789486012.8415117,music,200,12,31224466.0,0.0,0.0,10030204.0,0.0,0.0,12729935.0,0.0,0.0,0.0,6896734.5,80639328.0,1353353.25,21648164.0,0.0,0.0,1
1789486012.9062445,music,199,11,0.0,0.0,0.0,0.0,0.0,0.0,6333563.0,70822136.0,0.0,0.0,11923354.0,94604624.0,0.0,29252690.0,2996454.5,11255582.0,1
1789486012.9693549,music,187,9,0.0,0.0,0.0,0.0,1931196.75,0.0,0.0,0.0,0.0,305844736.0,1683446.875,67352192.0,5540036.0,3715329.75,1784918.0,0.0,1
1789486013.0335183,music,197,11,0.0,0.0,0.0,0.0,0.0,3923957.0,3737532.75,7888197.0,0.0,119765184.0,84395400.0,13128396.0,19287092.0,12826625.0,0.0,0.0,1
1789486013.0981057,music,213,15,0.0,13410041.0,0.0,0.0,0.0,1785189.25,22418036.0,72367456.0,0.0,0.0,80647664.0,282766400.0,98753032.0,59056376.0,0.0,0.0,1
1789486013.1604424,music,197,13,0.0,0.0,0.0,2171174.0,676983.0,2634326.5,4397281.0,83299176.0,41022156.0,0.0,18465022.0,11728100.0,0.0,0.0,0.0,115476936.0,1
1789486013.224266,music,198,6,0.0,0.0,0.0,0.0,0.0,0.0,5145411.0,27974276.0,0.0,0.0,0.0,4937379.5,24719232.0,31298288.0,0.0,0.0,1
1789486013.2904978,music,236,8,646575.8125,0.0,0.0,0.0,17312612.0,0.0,0.0,0.0,41355768.0,0.0,3411925.75,284522976.0,0.0,0.0,0.0,0.0,1
1789486013.3546736,music,201,3,0.0,0.0,0.0,0.0,19054188.0,0.0,0.0,0.0,153013152.0,0.0,0.0,0.0,0.0,0.0,0.0,0.0,1
1789486013.3556457,music,236,4,0.0,0.0,0.0,0.0,688781.6875,1054224.25,0.0,0.0,0.0,0.0,4569296.5,0.0,0.0,0.0,0.0,0.0,1
1789486013.400192,music,228,8,626157.0,0.0,0.0,0.0,0.0,688175.625,0.0,0.0,0.0,0.0,22280506.0,14940358.0,0.0,57879176.0,0.0,1449781.875,1
1789486013.4621005,music,224,14,0.0,0.0,1833777.375,1948911.5,26580198.0,31821292.0,0.0,0.0,0.0,81397648.0,31433712.0,3585409.0,0.0,7059403.0,0.0,141272528.0,1
1789486013.523456,music,228,10,9073381.0,2025330.75,0.0,0.0,40074172.0,23100868.0,0.0,0.0,14943860.0,66972344.0,4850251.5,0.0,0.0,0.0,9461839.0,0.0,1
1789486013.5851495,music,231,13,0.0,0.0,1542205.375,7734117.5,4884862.0,0.0,0.0,1008164.5,54216760.0,325403360.0,0.0,0.0,0.0,13845282.0,8580271.0,5101279.5,1
1789486013.6463425,music,230,13,18568482.0,0.0,8530040.0,2948768.25,0.0,4566014.0,0.0,0.0,97049824.0,25623940.0,2965308.5,0.0,11308000.0,10836056.0,0.0,0.0,1
1789486013.7091403,music,252,20,9087166.0,4783286.5,11908064.0,0.0,11276876.0,0.0,49657540.0,14279023.0,51755784.0,0.0,7660643.0,63473120.0,0.0,157308768.0,119616920.0,180069968.0,1
1789486013.7723691,music,254,13,0.0,0.0,0.0,9471704.0,0.0,8765702.0,0.0,42082632.0,66255864.0,59240400.0,8542405.0,65302016.0,0.0,0.0,6579794.0,0.0,1
1789486013.8358598,music,220,4,1472055.5,0.0,0.0,0.0,0.0,0.0,0.0,0.0,0.0,0.0,0.0,0.0,0.0,879167040.0,0.0,0.0,1
1789486013.898787,music,250,16,19938600.0,38884696.0,0.0,0.0,34603024.0,0.0,0.0,8812222.0,0.0,55377784.0,20096812.0,0.0,84576344.0,224406048.0,13650562.0,47598312.0,1
1789486013.9624197,music,262,10,0.0,0.0,0.0,0.0,0.0,3191196.5,4995019.5,0.0,0.0,206064304.0,0.0,276215296.0,0.0,331682304.0,15617439.0,0.0,1
1789486014.0264814,music,262,13,0.0,0.0,0.0,0.0,0.0,5037835.5,52943720.0,0.0,27878572.0,200703440.0,46277884.0,55997328.0,31124284.0,0.0,0.0,84885232.0,1
1789486014.0770142,music,264,15,0.0,0.0,304305.875,0.0,0.0,5648306.0,40505096.0,0.0,50175420.0,140904752.0,80454576.0,34957084.0,0.0,255404128.0,18451542.0,46836508.0,1
1789486014.1414387,music,261,9,0.0,0.0,0.0,0.0,0.0,0.0,51385672.0,11521704.0,85341856.0,146700688.0,2552223.0,36445092.0,0.0,424009024.0,0.0,0.0,1
1789486014.2054038,music,258,14,12817291.0,0.0,0.0,14159599.0,69063600.0,13771848.0,93663960.0,44809436.0,0.0,27161600.0,20741314.0,115947976.0,0.0,233017024.0,0.0,7110109.5,1
1789486014.2694852,music,274,19,16679488.0,18376962.0,17569704.0,9910306.0,187418192.0,0.0,12293403.0,0.0,15280558.0,45268896.0,0.0,3036651.25,0.0,0.0,18149948.0,6813042.5,1
1789486014.3331501,music,255,12,0.0,0.0,0.0,0.0,0.0,31541648.0,0.0,1250121.5,15127531.0,3231787.5,17308700.0,7719292.0,9893474.0,165643664.0,0.0,0.0,1
1789486014.3975472,music,266,13,0.0,0.0,6017985.0,0.0,0.0,0.0,0.0,4731949.0,6418891.0,7829194.0,2970789.0,0.0,11435928.0,205751456.0,34487312.0,17772120.0,1
1789486014.4615142,music,259,13,21651616.0,2511120.5,0.0,0.0,0.0,14130857.0,0.0,0.0,14806949.0,44763880.0,5056913.5,4072997.0,3845223.75,673120512.0,0.0,0.0,1
1789486014.5259259,music,274,10,0.0,1928502.25,0.0,0.0,1168151.875,3834251.25,0.0,0.0,27579052.0,33461228.0,0.0,0.0,0.0,0.0,100225304.0,58468480.0,1
1789486014.5888872,music,271,13,19920314.0,0.0,0.0,20047806.0,30695374.0,0.0,0.0,0.0,25442028.0,97445376.0,0.0,0.0,0.0,615419008.0,525590880.0,555991616.0,1
1789486014.653043,music,271,20,0.0,0.0,32080742.0,10137864.0,74006232.0,0.0,0.0,14635778.0,32967084.0,0.0,8861257.0,0.0,0.0,647662400.0,287597248.0,441496224.0,1
1789486014.6983843,music,271,9,0.0,0.0,0.0,0.0,60138968.0,12193131.0,0.0,2076704.25,0.0,0.0,0.0,0.0,0.0,106938024.0,10222425.0,1596286.75,1
1789486014.7484803,music,272,12,0.0,0.0,0.0,0.0,5962344.0,4851087.0,0.0,0.0,19023240.0,58317600.0,1072081.25,3059600.75,0.0,0.0,1256416.5,7439597.0,1
1789486014.8134773,music,286,15,0.0,0.0,0.0,0.0,0.0,0.0,8304144.0,9991524.0,9423695.0,36481776.0,0.0,72235200.0,2589953.5,0.0,12763346.0,42789480.0,1
1789486014.878004,music,271,13,18367018.0,4333121.0,0.0,2029033.875,0.0,0.0,0.0,14396680.0,64453012.0,0.0,0.0,55268532.0,0.0,112995168.0,19229546.0,33636468.0,1
1789486014.9422648,music,284,13,0.0,2104734.0,0.0,195373.859375,9943133.0,1009171.4375,3371849.0,0.0,0.0,0.0,3617989.0,0.0,0.0,0.0,29373048.0,24350744.0,1
1789486015.0081987,music,278,27,847913.6875,0.0,1607372.75,2535612.0,2004604.0,4758383.0,14304576.0,4283731.0,11527664.0,30276888.0,2018802.25,36633976.0,39796972.0,217829344.0,17637824.0,54460676.0,1
1789486015.073605,music,279,11,7829394.5,0.0,0.0,1886716.0,5177962.5,0.0,5001578.0,572639.5625,0.0,18155292.0,0.0,0.0,0.0,0.0,4351057.0,18632692.0,1
1789486015.1372728,music,254,10,0.0,1430934.125,228044.6875,0.0,0.0,1419819.5,0.0,0.0,7883214.0,23226724.0,0.0,424634912.0,15223959.0,0.0,5890573.5,0.0,1
1789486015.2016912,music,276,14,0.0,0.0,0.0,0.0,10232833.0,308656.6875,0.0,0.0,12176843.0,29771496.0,3538216.25,0.0,750231.0625,0.0,1950991.125,3741836.75,1
1789486015.2670271,music,278,10,3441403.5,7610709.0,0.0,370158.375,0.0,15751824.0,10297909.0,0.0,6566615.5,1096634.75,0.0,46816180.0,0.0,0.0,0.0,3741674.5,1
1789486015.3331516,music,278,14,939232.4375,0.0,0.0,615591.5,579650.9375,6259073.0,10084237.0,0.0,2251697.5,13728228.0,0.0,0.0,814602.0,26596648.0,2271228.0,1197068.5,1
1789486015.3906772,music,276,11,0.0,0.0,226222.828125,0.0,4774018.5,4458092.5,3452237.75,2779661.0,0.0,0.0,0.0,0.0,23309456.0,0.0,2895478.5,22419112.0,1
1789486015.467492,music,257,12,686927.9375,0.0,0.0,6161913.5,0.0,7945868.0,21375426.0,0.0,13322931.0,111345200.0,63194992.0,213201472.0,0.0,78763760.0,0.0,3610599.75,1
1789486015.531328,music,261,10,0.0,0.0,0.0,0.0,5347079.0,0.0,0.0,0.0,0.0,0.0,0.0,384151040.0,14181286.0,81419320.0,0.0,20420730.0,1
1789486015.5958452,music,261,8,0.0,0.0,0.0,0.0,8968542.0,0.0,1245501.875,3906009.0,0.0,0.0,0.0,596704320.0,9247717.0,9522537.0,0.0,0.0,1
1789486015.6414537,music,264,16,0.0,0.0,0.0,302184.78125,472057.75,353746.25,178872.90625,601001.5625,0.0,0.0,1412047.375,234006688.0,4967196.0,4037091.0,2809960.75,2356263.0,1
1789486015.7114303,music,279,12,0.0,0.0,1378379.75,0.0,1629886.875,2755908.0,2457007.5,0.0,0.0,0.0,4435370.0,143055072.0,35751664.0,15391970.0,142332352.0,33736972.0,1
1789486015.775854,music,277,9,0.0,0.0,0.0,0.0,1511112.5,2945852.25,0.0,0.0,0.0,9662526.0,0.0,99697352.0,4998346.0,20426772.0,7656106.0,88171200.0,1
1789486015.8391259,music,260,5,0.0,0.0,0.0,0.0,0.0,0.0,0.0,0.0,0.0,0.0,3127875.25,68127320.0,0.0,45621744.0,0.0,0.0,1
1789486015.9039145,music,265,21,7715327.0,0.0,5550081.5,47731488.0,23272208.0,22554900.0,12269061.0,1594071.5,0.0,26770160.0,36146456.0,476460768.0,2216552.0,4526666.5,0.0,12293870.0,1
1789486015.9673636,music,265,9,0.0,0.0,552861.5,35231692.0,24594056.0,2884100.25,0.0,0.0,0.0,94830672.0,0.0,137823728.0,0.0,3920392.0,0.0,0.0,1
1789486016.0176435,music,265,3,0.0,0.0,0.0,365973.375,0.0,0.0,0.0,0.0,0.0,0.0,0.0,5771609.0,0.0,907976.0,0.0,0.0,1
1789486016.0673873,music,293,6,0.0,0.0,0.0,673539.875,948496.375,0.0,0.0,0.0,0.0,0.0,5007972.5,90017272.0,0.0,0.0,1702339.75,0.0,1
1789486016.1322222,music,266,15,0.0,0.0,0.0,0.0,5103751.0,35943072.0,25017232.0,369357.25,0.0,0.0,6473334.0,4337147.0,15761005.0,14230617.0,5590972.5,14439036.0,1
1789486016.1964235,music,270,22,2060413.75,0.0,39224120.0,1951588.625,1888536.75,43945644.0,30634674.0,0.0,27229752.0,0.0,6566079.5,101058680.0,19459048.0,1501698.375,3338932.5,19597906.0,1
1789486016.2604067,music,257,19,2682394.25,0.0,0.0,0.0,0.0,0.0,2276392.25,0.0,44917396.0,674035648.0,1992291.75,153319216.0,0.0,7786286.0,1525148.375,9302834.0,1
1789486016.3247285,music,257,10,5328675.0,9321746.0,9515228.0,7788049.0,205010.609375,14833166.0,11186193.0,0.0,0.0,0.0,0.0,80172560.0,0.0,0.0,7166986.0,5706419.0,1
1789486016.373424,music,280,10,8408814.0,0.0,22730324.0,55578640.0,51040932.0,2064216.0,0.0,0.0,0.0,0.0,0.0,0.0,3577762.75,0.0,7775014.0,4074157.0,1
1789486016.444589,music,354,5,0.0,0.0,0.0,0.0,0.0,0.0,0.0,0.0,0.0,5971791.5,0.0,737214208.0,10348164.0,0.0,0.0,0.0,1
1789486016.5099466,music,282,16,968622.375,255945.015625,5586571.5,427175.375,4479491.0,7622116.5,0.0,2862903.5,0.0,146180976.0,0.0,0.0,8885378.0,0.0,26732044.0,93991632.0,1
1789486016.575824,music,278,12,0.0,0.0,0.0,51934056.0,0.0,0.0,552308.125,24082792.0,51994784.0,146086784.0,73999304.0,71827728.0,0.0,0.0,0.0,21509092.0,1
1789486016.6413174,music,280,12,2202700.25,0.0,0.0,24142448.0,0.0,3702399.5,2065842.25,868461.125,35364280.0,0.0,35558976.0,93260984.0,0.0,0.0,4404339.5,0.0,1
1789486016.7067525,music,275,12,0.0,0.0,0.0,0.0,0.0,91790.140625,318747.625,0.0,7968608.5,89278384.0,58181808.0,82804640.0,2165382.5,0.0,0.0,27245198.0,1
1789486016.7708738,music,280,15,17815316.0,0.0,835158.0,59049548.0,28902898.0,6345976.0,1646739.75,0.0,3719972.75,0.0,0.0,127460680.0,0.0,2059326.75,3443784.0,6212136.0,1
1789486016.8412914,music,280,14,0.0,0.0,1656009.5,0.0,169403.140625,0.0,376863.5,0.0,826314.75,39185584.0,2097740.75,348111520.0,0.0,532127.375,7527736.0,30265550.0,1
1789486016.8924506,music,280,12,0.0,463142.21875,4441563.0,41071552.0,20664998.0,0.0,0.0,0.0,0.0,151718960.0,0.0,0.0,0.0,0.0,5045710.5,0.0,1
1789486016.8935645,music,57,7,0.0,0.0,0.0,0.0,0.0,0.0,0.0,155040.828125,0.0,0.0,346941.71875,166489472.0,3839138.0,0.0,0.0,715275.0625,1
1789486016.9444346,music,280,15,3092632.5,0.0,0.0,0.0,98066.671875,3119264.0,562973.0625,2090485.125,0.0,1149170.375,1954154.25,27050144.0,8333506.5,9078901.0,6961320.5,4023011.25,1
1789486016.9936411,music,279,28,5617675.0,27642610.0,78466640.0,47215540.0,96288192.0,45947088.0,34170816.0,0.0,21625818.0,18068622.0,27764090.0,123705136.0,0.0,84104024.0,91032888.0,49737444.0,1
1789486017.0586858,music,295,15,0.0,0.0,5335931.0,0.0,11191981.0,0.0,0.0,0.0,0.0,31468730.0,16231930.0,205893568.0,46183620.0,575415872.0,0.0,51784224.0,1
1789486017.1221323,music,289,9,0.0,0.0,0.0,0.0,9497348.0,3276339.75,0.0,0.0,0.0,30229472.0,0.0,0.0,0.0,735253504.0,21919782.0,37200748.0,1
1789486017.1923783,music,284,15,0.0,0.0,0.0,20052658.0,3430882.0,0.0,0.0,0.0,25533308.0,141797872.0,20221164.0,906776448.0,104609776.0,0.0,57961292.0,83680888.0,1
1789486017.2584512,music,12,3,0.0,0.0,0.0,0.0,0.0,0.0,0.0,0.0,0.0,0.0,0.0,0.0,0.0,2148102912.0,0.0,0.0,1
1789486017.315562,music,12,8,4710722.0,0.0,0.0,0.0,0.0,0.0,0.0,522857.59375,706742.9375,0.0,0.0,0.0,0.0,1912933120.0,21717878.0,0.0,1
1789486017.3634017,music,275,18,0.0,0.0,6170584.5,0.0,700232.3125,659899.75,82694.0625,0.0,2230847.5,54336464.0,11411792.0,205418448.0,19632780.0,0.0,3369904.0,18561064.0,1
1789486017.427802,music,287,22,60214776.0,40480972.0,76183856.0,30636456.0,22097390.0,6255268.0,0.0,55112704.0,0.0,170929536.0,63768340.0,261729968.0,0.0,38691480.0,0.0,2352786.0,1
1789486017.4925056,music,278,14,3137912.75,0.0,0.0,2722867.75,0.0,0.0,0.0,0.0,14708186.0,43104952.0,60392976.0,58829760.0,26997364.0,97823648.0,7656856.5,209417648.0,1
1789486017.5570667,music,277,14,0.0,0.0,6210879.5,0.0,0.0,768781.125,630174.375,0.0,18264546.0,58365904.0,0.0,1003316736.0,16798528.0,97666240.0,41235484.0,37008712.0,1
1789486017.6291542,music,297,15,8583791.0,0.0,16283547.0,17699644.0,13601802.0,0.0,0.0,9797062.0,25024312.0,0.0,19137272.0,546125184.0,0.0,0.0,0.0,0.0,1
1789486017.6935706,music,300,8,0.0,0.0,5087483.0,5650240.5,0.0,0.0,0.0,0.0,0.0,106298176.0,24929166.0,0.0,65218732.0,371143616.0,0.0,12473531.0,1
1789486017.7561624,music,300,15,0.0,0.0,0.0,2879520.5,2632905.0,0.0,5275892.0,7826382.5,12785078.0,44466512.0,0.0,403801504.0,458799360.0,0.0,153483648.0,16848476.0,1
1789486017.8026662,music,325,15,0.0,631666.25,0.0,0.0,0.0,0.0,0.0,2454422.0,20254646.0,19622048.0,1126169.375,35843184.0,138458384.0,4858325504.0,2577200.0,0.0,1
1789486017.866258,music,325,12,73464520.0,0.0,0.0,16759150.0,4272021.5,0.0,0.0,0.0,0.0,15593518.0,370188.34375,132635176.0,22900266.0,180193744.0,11313770.0,0.0,1
1789486017.9176185,music,323,18,0.0,0.0,9702781.0,0.0,531505.5,12972944.0,2111610.25,9480350.0,7820619.5,0.0,3193315.25,84262024.0,0.0,357763904.0,51143856.0,15705632.0,1
1789486017.9795196,music,309,21,6334123.0,0.0,103293.203125,0.0,0.0,8574823.0,3281693.75,3587468.0,136472768.0,1014332544.0,21385200.0,210692512.0,8768857.0,0.0,38555376.0,35160564.0,1
1789486018.0425942,music,344,13,4700076.0,0.0,0.0,905331.125,0.0,0.0,1217112.5,1307201.75,0.0,68650840.0,0.0,0.0,29900408.0,1754152960.0,8096016.5,28850032.0,1
1789486018.1061544,music,357,20,28767844.0,0.0,15545596.0,23126466.0,38739360.0,11238306.0,0.0,706027136.0,140206752.0,22640554.0,46910176.0,0.0,110667376.0,417350880.0,27213288.0,0.0,1
1789486018.171366,music,343,29,19379418.0,15064440.0,8766012.0,67133440.0,46864752.0,3070491.0,0.0,88964168.0,45369232.0,139148784.0,58231252.0,492104736.0,44100836.0,730599424.0,9219512.0,8972828.0,1
1789486018.2356894,music,355,30,6763246.0,6217965.0,7108787.5,33750592.0,50013488.0,26020340.0,13144616.0,622687296.0,78362896.0,396226848.0,22223066.0,146822960.0,0.0,429449664.0,6120487.0,44986608.0,1
1789486018.3006556,music,349,29,45738552.0,7911267.0,25000064.0,40923496.0,10272542.0,3720054.5,37467856.0,0.0,150582256.0,740895424.0,56452252.0,140991392.0,41657208.0,167044336.0,112306488.0,55659312.0,1
1789486018.365708,music,354,23,0.0,0.0,9188984.0,0.0,2571594.5,17134176.0,54188612.0,0.0,49961456.0,0.0,81499800.0,574172416.0,37173120.0,70497080.0,77382576.0,160890080.0,1
1789486018.430388,music,349,23,0.0,0.0,0.0,6842535.0,15482248.0,1241923.75,71919400.0,0.0,261988976.0,1373539712.0,8693437.0,204823392.0,145911584.0,141440800.0,70162976.0,37781512.0,1
1789486018.4943597,music,349,28,11019544.0,2229265.0,0.0,0.0,17307098.0,18602776.0,15071950.0,28646644.0,5333648.0,727616384.0,4313358.0,756280640.0,286547904.0,240818752.0,14358025.0,100019064.0,1
1789486018.5437646,music,357,27,10359293.0,0.0,9066812.0,24057740.0,34778756.0,16120682.0,11447614.0,76102720.0,101342304.0,686019712.0,18285844.0,85564672.0,166050320.0,649526272.0,4643994.0,4011705.75,1
1789486018.6091592,music,0,29,3890113.0,0.0,0.0,44932004.0,63337360.0,16090884.0,24251712.0,86776920.0,594554368.0,2143726848.0,90293696.0,121357560.0,60053816.0,650975488.0,90108072.0,15733216.0,1
1789486018.6745803,music,4,27,1341998.75,0.0,8451554.0,11655919.0,26489984.0,25257016.0,18608316.0,161162272.0,68950824.0,2180632832.0,1694099.25,186675872.0,63800680.0,468221856.0,0.0,0.0,1
1789486018.7396932,music,4,25,8672378.0,361029.84375,4943133.0,2984108.0,5600610.5,10375842.0,91944904.0,21165640.0,14858212.0,39847648.0,39941236.0,849558528.0,104772376.0,21818650.0,27989636.0,36131688.0,1
1789486018.7890246,music,358,26,1083958.75,2972122.75,2913875.25,335609.375,25145746.0,11595620.0,12117228.0,20258376.0,4554369.0,5315815.5,3360666.0,1498284032.0,54668312.0,18021210.0,10982188.0,36925328.0,1
1789486018.8531218,music,357,25,0.0,0.0,0.0,203228.40625,28843184.0,11393879.0,6195577.0,12137388.0,105295312.0,270038464.0,3657195.5,7157763584.0,27705902.0,143114688.0,2766436.0,5056322.5,1
1789486018.917337,music,357,30,6530110.0,0.0,37786984.0,0.0,5596100.5,19015014.0,44298104.0,43800456.0,21760396.0,228766112.0,9457632.0,3566929152.0,50402900.0,321614368.0,39077004.0,22141836.0,1
1789486018.9627376,music,349,26,0.0,5288806.0,31064668.0,2742400.25,11918066.0,7648071.0,5240354.0,104951376.0,59021792.0,772193600.0,37023972.0,5801197056.0,0.0,78104456.0,702985.0,16723937.0,1
1789486019.0268342,music,354,26,4155587.0,18862584.0,56842416.0,3880499.5,6998422.5,18043334.0,21880248.0,351757344.0,39329224.0,541805760.0,0.0,5528134144.0,56986000.0,0.0,23767464.0,31335912.0,1
1789486019.0916376,music,353,24,31842852.0,0.0,4128260.0,0.0,1649028.75,2931364.75,2429526.5,0.0,162866416.0,488645632.0,333307552.0,8105797632.0,401704768.0,291774336.0,23229190.0,19433228.0,1
1789486019.1558669,music,355,20,23494192.0,0.0,29630586.0,0.0,14754004.0,5675231.0,16056579.0,111614776.0,207491264.0,106856976.0,108570776.0,176491168.0,62058728.0,1297931520.0,0.0,0.0,1
1789486019.2196362,music,351,27,6388225.0,0.0,121366112.0,9610058.0,4212776.0,8711686.0,10406584.0,0.0,88272208.0,69382000.0,0.0,643636608.0,84865320.0,2787812096.0,14093443.0,0.0,1
1789486019.2841969,music,349,22,2153307.75,70649488.0,31490130.0,0.0,0.0,1617952.25,0.0,13212838.0,34259760.0,26608390.0,0.0,1031244672.0,835374144.0,11618441216.0,24850530.0,9207332.0,1
1789486019.3472915,music,348,21,22648940.0,81186104.0,0.0,28362966.0,0.0,84838504.0,89717600.0,12436418.0,113219640.0,0.0,0.0,231530000.0,0.0,6923214848.0,29868098.0,0.0,1
1789486019.4108362,music,355,11,0.0,0.0,0.0,0.0,0.0,0.0,0.0,0.0,0.0,59809448.0,57002144.0,841134592.0,159436112.0,12118597632.0,76472480.0,0.0,1
1789486019.4748588,music,349,29,10842296.0,0.0,496530112.0,7291615.5,10262246.0,8250431.0,29081684.0,3263732.0,32994388.0,163646880.0,40063232.0,39423628.0,491361792.0,5441301504.0,88521112.0,40332068.0,1
1789486019.539705,music,348,21,0.0,45986340.0,123065016.0,4799627.0,59640384.0,12172612.0,14963624.0,38110528.0,0.0,2000579.125,8574356.0,592139328.0,0.0,4538680832.0,14310742.0,15877643.0,1
1789486019.6050775,music,9,29,15979170.0,83714624.0,238916080.0,15254188.0,233405216.0,30479284.0,45318596.0,6990797.0,22699224.0,183775008.0,0.0,264299136.0,2223541.0,0.0,0.0,16616793.0,1
1789486019.669513,music,5,32,31163626.0,83809464.0,66173840.0,39662628.0,279142464.0,46694516.0,73157136.0,5920111.5,54501572.0,105107072.0,12274678.0,501676832.0,48408720.0,242746256.0,9665634.0,2801754.5,1
1789486019.7349718,music,10,24,0.0,13692003.0,231560288.0,11804098.0,82750952.0,6432729.0,0.0,6866571.0,111234672.0,1098321152.0,8954568.0,2476053760.0,5707913.5,6613757.5,9298506.0,16662032.0,1
1789486019.7990181,music,8,27,769500032.0,20201240.0,140349344.0,9899270.0,13796115.0,6113921.5,0.0,19743038.0,60919880.0,406652800.0,0.0,685804736.0,0.0,573941440.0,7691564.0,142616880.0,1
1789486019.8639557,music,359,27,0.0,1152167.25,75955184.0,10856680.0,122441136.0,57028092.0,0.0,15946961.0,0.0,77359288.0,5380772.0,480392000.0,21796156.0,636696576.0,35074528.0,160412800.0,1
1789486019.9293604,music,3,24,0.0,149563152.0,39026216.0,1072911.375,103848592.0,17769504.0,0.0,0.0,8623476.0,414130144.0,296923296.0,1580348800.0,25748432.0,188863488.0,19440240.0,369142336.0,1
1789486019.993591,music,3,25,28139392.0,106626176.0,388412032.0,18618244.0,14160184.0,2704211.0,32896560.0,30223864.0,7380368.0,42040996.0,91641000.0,386942624.0,26408092.0,0.0,19866836.0,86544768.0,1
1789486020.0387216,music,8,26,23089924.0,0.0,391518720.0,6369269.0,62602064.0,16904328.0,42854968.0,0.0,11745928.0,174455040.0,225749376.0,0.0,20251468.0,0.0,12310894.0,144700080.0,1
1789486020.104075,music,6,26,291491264.0,40218436.0,18697200.0,0.0,75509472.0,24746230.0,14217218.0,0.0,0.0,166174736.0,354393984.0,522454272.0,19435384.0,312894560.0,36173784.0,73646272.0,1
1789486020.169409,music,1,28,0.0,0.0,82324096.0,8493032.0,122605232.0,0.0,61581256.0,9264567.0,53406768.0,329160960.0,37773840.0,789630592.0,213299968.0,1190961920.0,110418376.0,329052192.0,1
1789486020.233186,music,1,31,597537856.0,0.0,16964168.0,10702082.0,116196624.0,45897640.0,148915488.0,17119984.0,211457824.0,0.0,170483456.0,291898048.0,55181288.0,895011200.0,88450928.0,56498628.0,1
1789486020.281932,music,358,28,613961088.0,10134076.0,22406576.0,3740023.25,127219632.0,34219696.0,155261952.0,16464738.0,207664688.0,0.0,102381424.0,334442688.0,75249064.0,924874176.0,65944224.0,41384952.0,1
1789486020.3459249,music,0,26,0.0,171979808.0,28733302.0,15521762.0,1514146.625,15287364.0,4901292.5,14709652.0,157027040.0,305391712.0,0.0,751800960.0,18701454.0,1027131072.0,69089224.0,378016128.0,1
1789486020.4108913,music,1,29,0.0,24905530.0,91912032.0,62867904.0,140774016.0,24795048.0,0.0,21218144.0,37711800.0,173305072.0,27457452.0,135888720.0,66590360.0,1876383488.0,114585088.0,167082720.0,1
1789486020.4747846,music,3,24,119456760.0,39515544.0,0.0,23097076.0,39359308.0,5559517.0,43368012.0,6952359.0,28803810.0,143366528.0,53208528.0,76709376.0,44930044.0,118217576.0,0.0,127165152.0,1
1789486020.5396864,music,7,23,88029760.0,0.0,121257792.0,48562468.0,0.0,0.0,46126520.0,2487832.5,29353928.0,156448448.0,29709176.0,217556032.0,64191472.0,40814584.0,45791740.0,222394592.0,1
1789486020.6555603,music,7,24,7324054.0,0.0,8325044.5,713261.75,24007496.0,18401326.0,27676200.0,3890975.0,3727416.0,180493920.0,12409913.0,207758256.0,6783324.5,225150992.0,1545558.75,0.0,1
1789486020.7013094,music,4,32,32489508.0,36849184.0,67537488.0,1607052.375,132153216.0,24847240.0,14794173.0,3104257.0,65078336.0,325544640.0,2493282.0,433761472.0,1874930.5,173921152.0,7982693.5,32134374.0,1
1789486020.766003,music,5,22,0.0,0.0,75472400.0,2970177.5,41766052.0,1290797.0,9617272.0,9374135.0,66594124.0,783675904.0,6902096.0,328451712.0,21906014.0,31924432.0,0.0,54288400.0,1
1789486020.830772,music,5,29,55000956.0,245780816.0,23204498.0,1904277.75,17173096.0,11406058.0,14712499.0,28540068.0,35662024.0,25730724.0,53062936.0,203607728.0,145315968.0,6026274.0,5591919.0,41489040.0,1
1789486020.8801286,music,5,23,300275456.0,71439296.0,112791360.0,66502760.0,0.0,0.0,96149752.0,124396208.0,8310564.0,21042784.0,11465928.0,350278144.0,122283344.0,22254296.0,88185168.0,26659358.0,1
1789486020.9257133,music,1,29,14564510.0,4384548.0,1105943.625,5017611.0,18146528.0,37685488.0,201264192.0,126447376.0,49101312.0,348944192.0,200292464.0,1534963200.0,365014912.0,41356772.0,241488416.0,97918784.0,1
1789486020.989945,music,1,24,0.0,0.0,55297128.0,6073230.0,1415433.5,10875378.0,21257328.0,28977912.0,64001872.0,109213984.0,208051024.0,99657088.0,54772516.0,118483704.0,90344816.0,33546580.0,1
1789486021.0360532,music,1,24,0.0,0.0,67099832.0,2230032.5,7213556.0,0.0,13074638.0,45168008.0,44986112.0,43082104.0,40685152.0,352410400.0,41278344.0,85547056.0,87805696.0,54739304.0,1
1789486021.0853248,music,2,22,22319392.0,29159294.0,100848240.0,10154100.0,0.0,5990059.0,24105988.0,0.0,9235338.0,30820522.0,52845368.0,44818064.0,16062764.0,313047904.0,15576597.0,2846569.5,1
1789486021.149984,music,0,30,133084184.0,29185004.0,352549184.0,379520160.0,47371272.0,18664864.0,58683920.0,0.0,8820079.0,132299696.0,155220656.0,143096912.0,91137344.0,60522608.0,11582140.0,93847792.0,1
1789486021.214769,music,3,29,0.0,17768566.0,696360512.0,893611392.0,9402608.0,12239917.0,19293314.0,11314644.0,8942484.0,50661756.0,8627315.0,6557961.5,4989559.0,17627020.0,5522467.0,2810647.5,1
1789486021.279563,music,3,26,1333501.0,18457060.0,223893280.0,248320704.0,1752708.5,0.0,4757294.5,878972.0,7665913.0,58969408.0,9287587.0,38613520.0,26982148.0,224194240.0,1058352.625,8835858.0,1
1789486021.5102558,music,3,35,1442520.625,7053348.0,11788307.0,51473064.0,61342024.0,43438360.0,9392273.0,3632499.5,6407884.0,113404280.0,7090518.0,89649784.0,47448400.0,187885696.0,165851456.0,171585152.0,1
1789486021.5553648,music,3,17,0.0,0.0,612148672.0,336766912.0,3319323.0,0.0,0.0,632935.375,8242289.0,77004496.0,1371565.5,26870800.0,0.0,0.0,4624182.0,35982940.0,1
1789486021.600384,music,3,21,4844665.0,1031028.625,1000461632.0,759919424.0,3443121.5,0.0,877393.0625,3247445.25,2932794.75,31074116.0,3016528.5,66929160.0,7821364.5,0.0,0.0,17771636.0,1
1789486021.648897,music,1,20,0.0,0.0,1081565824.0,924136512.0,6452912.5,0.0,343192.625,7674232.0,9788284.0,39885220.0,1238689.25,2783065.0,0.0,0.0,5790821.0,3431793.5,1
1789486021.7124732,music,4,25,2108273.0,1071854.375,157805152.0,322104480.0,213276.90625,66046.1953125,103641.875,2583218.75,1892298.0,32586040.0,3715553.0,49179424.0,2070187.75,4265105.0,425559.75,0.0,1
1789486021.7770326,music,8,23,0.0,20148720.0,168885920.0,56644640.0,6059077.0,36059676.0,84344888.0,19979308.0,16639752.0,31879628.0,20189070.0,154444448.0,93711408.0,168996720.0,268087488.0,49589672.0,1
1789486021.8414667,music,3,24,0.0,0.0,477021056.0,281776448.0,5680359.0,2105231.0,14696307.0,19256316.0,74598112.0,289422880.0,13969968.0,46787380.0,67919624.0,217523232.0,82613888.0,116927144.0,1
1789486021.9057674,music,4,19,597851.5,0.0,943098752.0,189397168.0,0.0,569855.1875,555199.5,13131100.0,0.0,7107252.5,8694090.0,81571136.0,8870332.0,28487866.0,0.0,1052905472.0,1
1789486021.9694366,music,3,27,69919.0078125,1481090.875,1125316096.0,37018884.0,431477.3125,1151705.125,288157.375,337519.8125,0.0,10118389.0,50294624.0,36677792.0,8656088.0,79214064.0,198623456.0,665678144.0,1
1789486022.0331652,music,3,19,12971382.0,326817344.0,133788088.0,61883908.0,1328620.75,0.0,168379.625,2279306.25,1529919.75,0.0,104036136.0,219149632.0,0.0,0.0,19903950.0,66230352.0,1
1789486022.0834057,music,3,29,231453152.0,0.0,275118464.0,22404200.0,1170453.25,1204051.5,340829.40625,1876667.25,22279138.0,367844032.0,9503201.0,8386098.5,45945376.0,0.0,36352876.0,57637548.0,1
1789486022.129341,music,13,27,212265408.0,13738209.0,47699116.0,5819577.0,914924.6875,152127.09375,179371.203125,509969.65625,36647476.0,730342528.0,18352568.0,222051264.0,66550480.0,11588420.0,19644460.0,0.0,1
1789486022.193586,music,12,18,2989385.5,6520390.5,83730368.0,0.0,4999645.0,9925978.0,28126730.0,7988210.5,0.0,56810968.0,97196240.0,31218424.0,50200912.0,0.0,17331896.0,0.0,1
1789486022.3967335,music,6,23,21202624.0,25689360.0,12673262.0,37876964.0,1215131.75,1865324.375,9042642.0,1671043.5,0.0,5276313.0,23753116.0,24831478.0,2184490.5,8432974.0,5553725.0,178606208.0,1
1789486022.4621975,music,13,18,7202221.5,0.0,16769104.0,26312882.0,5805820.0,0.0,0.0,1087170.875,36493484.0,611658304.0,12006252.0,0.0,2481724.5,0.0,12098560.0,40995160.0,1
1789486022.5270228,music,2,23,99917496.0,38203944.0,46280896.0,0.0,1560906.125,6836223.5,1704375.0,0.0,13580550.0,136517216.0,89222792.0,217871584.0,5496497.0,0.0,19268922.0,11841934.0,1
1789486022.5907273,music,5,30,4742542.0,0.0,0.0,3330889.25,11771394.0,32280480.0,37777784.0,11147202.0,16466712.0,310236960.0,177067584.0,515252544.0,77004144.0,21503534.0,9648020.0,76962800.0,1
1789486022.6547978,music,7,27,0.0,0.0,13943674.0,17361704.0,9139765.0,14786508.0,80750848.0,50458432.0,110334816.0,187692304.0,76802048.0,1777907072.0,531891200.0,172005632.0,292128832.0,56163680.0,1
1789486022.7195864,music,359,32,1507367.0,1656151.625,33913764.0,0.0,10320335.0,5422948.0,32529448.0,68313776.0,264940160.0,220256928.0,76845056.0,178700832.0,143390192.0,512281472.0,11568559.0,523420480.0,1
1789486022.8079834,music,2,25,9030333.0,0.0,28518178.0,782713.375,3952024.5,3195503.5,13161380.0,0.0,10895986.0,61371844.0,28666010.0,0.0,92535392.0,52475612.0,61021360.0,263902512.0,1
1789486022.8684392,music,4,28,506737408.0,15477892.0,476296032.0,411390272.0,63607952.0,34244736.0,9734576.0,6713488.0,12374848.0,204484016.0,76549088.0,121751568.0,184785376.0,0.0,12317576.0,41563000.0,1
1789486022.9322371,music,4,18,0.0,9177830.0,844412224.0,990847872.0,8920217.0,7631978.0,34328756.0,7823446.5,0.0,77567664.0,73155040.0,0.0,0.0,0.0,1334654.0,0.0,1
1789486022.9814806,music,5,20,8907026.0,1272182.5,865318656.0,1095051392.0,3584652.75,0.0,7056243.0,598942.0625,2431246.0,44956728.0,0.0,0.0,0.0,14274674.0,3557274.5,7691318.0,1
1789486023.0457442,music,5,33,0.0,6942975.0,88755440.0,69531256.0,30182380.0,20728124.0,39157024.0,3324834.25,1897881.375,13398823.0,22152100.0,22823052.0,63526272.0,98025632.0,89930160.0,217033008.0,1
1789486023.251768,music,5,31,0.0,2117449.5,7034679.0,70908080.0,12361636.0,2319874.0,1179260.125,466826.375,20261918.0,150452432.0,22506648.0,20120154.0,10178948.0,60349096.0,54815312.0,157623088.0,1
1789486023.2960722,music,6,16,527747360.0,838259.1875,366224416.0,342270976.0,4391208.0,1614081.75,0.0,0.0,2534849.0,0.0,2209438.5,0.0,5727248.0,533323.875,0.0,1757655.75,1
1789486023.3607554,music,3,21,0.0,0.0,1202368384.0,1442310656.0,718207.8125,351940.78125,151102.25,238313.390625,0.0,2314534.5,9918917.0,5936555.0,5125562.0,3872082.25,694874.375,2297054.5,1
1789486023.425412,music,6,23,0.0,0.0,1031206720.0,1248423936.0,2771543.5,807976.1875,166575.21875,238914.71875,1658545.125,16934868.0,4424084.0,0.0,319928.84375,278492.28125,0.0,21625020.0,1
1789486023.4897637,music,6,33,0.0,82974496.0,199188080.0,29740672.0,84136248.0,107405600.0,140220384.0,25173200.0,59261532.0,1286268928.0,229447104.0,428439872.0,0.0,448383072.0,277622848.0,82875016.0,1
1789486023.5390325,music,5,32,15794366.0,0.0,11021160.0,22320868.0,10399044.0,20947844.0,67299584.0,82900048.0,157859296.0,618222912.0,367760832.0,568913792.0,355905088.0,392586272.0,131559728.0,157413984.0,1
1789486023.6036172,music,5,25,0.0,0.0,347996160.0,278143456.0,3467133.75,7078060.0,10350948.0,9596910.0,28538044.0,79316376.0,116191784.0,456890464.0,123162272.0,74233448.0,26116984.0,96225632.0,1
1789486023.6496437,music,5,23,0.0,1107059.625,228608672.0,263125920.0,1578684.5,0.0,3748965.0,0.0,10338847.0,27563152.0,0.0,146050368.0,60995476.0,133768528.0,37052996.0,0.0,1
1789486023.7058413,music,4,26,59225864.0,40112380.0,224230048.0,534206368.0,53152056.0,34699712.0,5802237.0,9321681.0,0.0,75076592.0,0.0,21863552.0,6943060.0,5224977.5,90101736.0,1968343808.0,1
1789486023.7696579,music,4,26,303932352.0,57127960.0,659557504.0,171436240.0,5317430.0,0.0,2129398.5,0.0,0.0,8876982.0,12555868.0,6909782.0,4251720.5,41370932.0,130198160.0,732771456.0,1
1789486023.8148434,music,5,23,20018544.0,0.0,136842784.0,0.0,2587530.75,1368011.625,290373.0625,322020.9375,2718227.25,28930438.0,0.0,5168649.0,0.0,371443.09375,2921481.5,153239648.0,1
1789486023.8786378,music,7,20,0.0,896100.25,99569840.0,33133240.0,955676.8125,514713.96875,140308.015625,54931.83984375,329110.1875,7937063.0,0.0,506331.9375,0.0,0.0,4397402.5,890980096.0,1
1789486023.9437025,music,5,32,382218560.0,151016272.0,251081632.0,98848256.0,43766264.0,9645580.0,145740304.0,19896132.0,6778417.0,6957732.5,131885352.0,64347472.0,15624986.0,64224512.0,17724046.0,152733184.0,1
1789486024.138451,music,11,31,44366960.0,9224522.0,66945560.0,40443072.0,5401881.0,0.0,27069060.0,11738588.0,18338598.0,88905712.0,12754583.0,3931430.25,0.0,3071792.0,10416534.0,98840872.0,1
1789486024.1985645,music,8,20,3672820.5,27062328.0,0.0,9183224.0,6112379.5,0.0,0.0,2166419.0,3755091.5,0.0,0.0,287911168.0,42006928.0,1940143.25,5900070.5,189489888.0,1
1789486024.263437,music,6,19,16067536.0,0.0,16076487.0,33727692.0,3144161.75,0.0,3843401.5,1936265.625,2231313.25,10111717.0,98774272.0,0.0,895492.5625,216046.515625,13372909.0,153336512.0,1
1789486024.3280973,music,13,25,28478588.0,7273789.5,18941928.0,743283.125,792184.75,549549.625,1736915.875,0.0,21376784.0,324904128.0,71496112.0,141272976.0,2963228.25,6467926.0,3992204.0,45054080.0,1
1789486024.3926752,music,358,20,214963552.0,0.0,6151279.0,31402456.0,0.0,0.0,145031392.0,76897768.0,25088400.0,28876614.0,0.0,264727904.0,126999520.0,78031888.0,135520672.0,44336416.0,1
1789486024.4571295,music,14,25,2320622.5,0.0,8003161.0,25334900.0,10468087.0,14807200.0,21331780.0,32284644.0,0.0,114051072.0,317625312.0,292277024.0,26542428.0,105722680.0,294211424.0,191517056.0,1
1789486024.5498571,music,6,22,4608565.0,945222.8125,1409348.0,873355.125,5317404.0,1187242.25,5991318.5,1744657.75,15252034.0,85930048.0,42782128.0,42753808.0,61292400.0,7631349.0,7926829.5,11201102.0,1
1789486024.614412,music,3,31,0.0,43092608.0,466278944.0,444528096.0,25000984.0,55839352.0,31057512.0,21707872.0,27521700.0,227042016.0,55060548.0,274125216.0,208073680.0,40860064.0,35107368.0,30120920.0,1
1789486024.6784341,music,3,25,51952296.0,13314454.0,857720384.0,1112142848.0,7385993.5,0.0,9229112.0,2127300.5,10909052.0,25927652.0,73232704.0,0.0,0.0,12378275.0,6304572.5,16369679.0,1
1789486024.723541,music,4,21,3759899.5,8832765.0,687661248.0,1022070784.0,6783842.0,0.0,6387698.0,1321246.75,1941507.375,25173776.0,2229747.5,4922910.0,3510666.0,1919942.75,7884158.0,0.0,1
1789486024.7872005,music,5,13,0.0,33153650.0,154377040.0,8370930.0,5218593.5,0.0,0.0,0.0,0.0,0.0,0.0,2914178.25,0.0,17987602.0,5352462.0,87264128.0,1
1789486024.9919386,music,3,32,0.0,14475405.0,242513328.0,305197472.0,227581904.0,98591680.0,46401272.0,0.0,1994958.0,12643160.0,9452620.0,29088770.0,24627576.0,232479808.0,372443712.0,832207872.0,1
1789486025.0563674,music,3,18,0.0,1116851.625,1388751232.0,1642081536.0,0.0,0.0,0.0,0.0,291337.84375,7885435.0,5604778.0,2493973.5,3002278.0,0.0,7914872.0,69267136.0,1
1789486025.1008923,music,5,18,0.0,0.0,1813143424.0,2041873792.0,2647273.75,0.0,407836.0,0.0,4063610.0,5071641.0,9660603.0,25012792.0,1878779.25,0.0,0.0,45663072.0,1
1789486025.1657915,music,5,17,7572335.0,29074364.0,923260672.0,433231808.0,63239024.0,0.0,0.0,0.0,11015222.0,6372869.0,4011267.5,0.0,0.0,0.0,28051804.0,18372756.0,1
1789486025.2110822,music,5,23,0.0,1232042.75,145751824.0,141181296.0,3552235.5,1820200.625,305566.28125,0.0,1723932.5,7142120.0,1875762.0,4796559.5,241737.03125,955985.625,964829.0625,0.0,1
1789486025.261195,music,7,22,0.0,0.0,7547477.5,0.0,0.0,64632084.0,150998080.0,31824564.0,51629944.0,0.0,77389568.0,423181024.0,287143840.0,160398608.0,145955824.0,44980068.0,1
1789486025.3257308,music,2,23,0.0,0.0,135956576.0,290509504.0,14180470.0,5960864.0,5722728.5,22037248.0,182652336.0,361298976.0,79857872.0,69766512.0,24895384.0,420449376.0,59936800.0,62136184.0,1
1789486025.3896194,music,2,26,0.0,796473.8125,537915264.0,99096640.0,2058436.0,892086.125,1737887.875,1679596.125,32828374.0,37504496.0,13097954.0,46735904.0,30497196.0,35908304.0,5062164.5,393573120.0,1
1789486025.4396133,music,3,28,63703.29296875,1591501.0,1116666624.0,196656992.0,843575.625,618475.25,0.0,2237839.25,12438332.0,18391310.0,31750008.0,25961426.0,11316170.0,42035640.0,860687616.0,841876224.0,1
1789486025.5030296,music,4,27,19310036.0,353979648.0,51628648.0,0.0,1582099.875,92431.6640625,1169019.375,692021.125,959734.6875,3702827.25,117015736.0,248089152.0,0.0,35028216.0,50087776.0,219911504.0,1
1789486025.5668178,music,1,24,184886608.0,0.0,358483872.0,22667804.0,707101.75,226431.515625,1532359.875,4039698.25,677295.1875,0.0,0.0,21534532.0,3491820.0,10612691.0,33311300.0,167300544.0,1
1789486025.6318238,music,0,22,0.0,12728690.0,27581304.0,23649014.0,0.0,190087.875,549387.125,0.0,42931192.0,205296432.0,23925044.0,56316696.0,30727042.0,20357052.0,0.0,19254848.0,1
1789486025.6954896,music,2,18,0.0,6599294.0,43752256.0,25262576.0,11975840.0,9348101.0,0.0,0.0,24995092.0,250496208.0,62337092.0,20364538.0,29984452.0,29172720.0,0.0,50316568.0,1
1789486025.879002,music,359,22,0.0,22510162.0,44669320.0,19056218.0,2439744.75,0.0,4362249.0,246238.1875,0.0,181188928.0,3509122.5,5876036.0,17021820.0,34193328.0,5366934.5,164868528.0,1
1789486026.0691175,music,5,38,6619347.0,7547745.5,51893288.0,32937028.0,37792256.0,92770296.0,105070896.0,35596584.0,24875758.0,341798848.0,91184704.0,549274688.0,49874016.0,163784160.0,217224336.0,519796448.0,1
1789486026.133363,music,4,29,21085264.0,3607625.0,29968984.0,7564479.5,8483343.0,12186042.0,102300704.0,344985632.0,342784480.0,370449856.0,146209152.0,1311584512.0,249546032.0,94611832.0,26751320.0,28233120.0,1
1789486026.1983864,music,8,31,11223454.0,3261557.75,22696512.0,0.0,11171668.0,10105753.0,15361906.0,9325551.0,214347216.0,115302464.0,308900032.0,522803392.0,38421420.0,529057472.0,10185005.0,250783392.0,1
1789486026.2621248,music,0,28,74198968.0,2001594.875,18702734.0,799118.5625,593144.0,0.0,20897112.0,12071354.0,50389508.0,34965968.0,80532352.0,26627288.0,42766952.0,87310432.0,22414634.0,97356720.0,1
1789486026.3264534,music,359,24,188024080.0,0.0,0.0,41404704.0,4994619.0,36023172.0,34240996.0,13977740.0,42905264.0,70617512.0,129481744.0,358574016.0,279636448.0,38946200.0,13315098.0,62332096.0,1
1789486026.3908179,music,1,28,0.0,176189472.0,32889358.0,0.0,11361834.0,15176652.0,49651080.0,36112668.0,39893552.0,98414672.0,162829952.0,169112640.0,57595412.0,20414806.0,13140280.0,13129539.0,1
1789486026.4548762,music,2,21,185752096.0,0.0,22681204.0,14133908.0,22259718.0,0.0,30269800.0,3613524.5,6359709.5,460922656.0,0.0,61778448.0,0.0,8039601.5,0.0,10243572.0,1
1789486026.5194046,music,3,33,10537886.0,26310280.0,73107152.0,68896544.0,105534432.0,76977256.0,57174572.0,19224808.0,767785.4375,79498344.0,0.0,140581920.0,109242408.0,126647704.0,130851864.0,416474176.0,1
1789486026.6393282,music,3,28,2886878.0,3772891.0,20534648.0,0.0,5081544.0,4231197.5,157124.21875,705073.875,4559422.0,34012080.0,182926832.0,131895904.0,1769945.125,4048092.0,5225203.5,25554088.0,1
1789486026.6844132,music,3,27,132267536.0,12700098.0,0.0,252768.75,70620.890625,0.0,467498.8125,326680.53125,17824328.0,505717664.0,128129968.0,36956260.0,3467190.25,21171328.0,3077743.5,16885148.0,1
1789486026.7410944,music,4,37,64700860.0,29657124.0,31479760.0,21150260.0,51940520.0,20777464.0,26571852.0,1071030.75,93710016.0,759473664.0,455902720.0,194183248.0,70758184.0,87695416.0,48839268.0,103460576.0,1
1789486026.805541,music,4,27,557915648.0,56198464.0,23460180.0,427308.3125,0.0,3463046.25,456148.53125,0.0,7023812.5,279281376.0,95276416.0,28756536.0,2186755.75,16662063.0,7262545.5,6478494.0,1
1789486026.9239924,music,4,23,0.0,3701399.75,3188214.0,308886.5625,34281.4140625,0.0,256207.359375,193647.25,2045197.25,13291834.0,31008448.0,13780651.0,486687.875,4652636.5,1834484.25,4957568.5,1
1789486026.9690855,music,5,36,113712288.0,145347904.0,405130432.0,105196152.0,119590056.0,52024736.0,38423872.0,117686784.0,103247072.0,999732032.0,208895360.0,804766336.0,254327664.0,294182112.0,365400672.0,91915856.0,1
1789486027.0332036,music,4,30,0.0,4343864.0,7952091.0,2952716.75,10005673.0,56623884.0,57662196.0,150645664.0,83906928.0,1004406208.0,87757976.0,275125696.0,265211312.0,616098240.0,112065920.0,204823376.0,1
1789486027.0977423,music,4,22,18197308.0,0.0,8487758.0,1275147.0,1603357.5,1272257.375,14257968.0,4819846.0,25006968.0,164433792.0,95065696.0,493448768.0,136317168.0,97455088.0,40770484.0,84456040.0,1
1789486027.1473398,music,4,19,118311664.0,2162229.5,1966744.0,635267.875,0.0,5181010.0,19218760.0,0.0,12790332.0,440910240.0,21114822.0,55341628.0,0.0,0.0,7642890.5,7254025.0,1
1789486027.1923785,music,3,30,425040128.0,114278600.0,213064832.0,111046456.0,40096352.0,12528467.0,5765936.5,0.0,44290864.0,471474048.0,25174164.0,55117376.0,15680338.0,24507382.0,8304103.0,6862029.0,1
1789486027.2575488,music,4,30,487135200.0,124506096.0,575083008.0,19042276.0,10164468.0,0.0,8271512.0,4160215.75,14855830.0,78205600.0,58855008.0,143072128.0,24515106.0,86562896.0,140461600.0,202298528.0,1
1789486027.3216481,music,3,28,139767104.0,172566048.0,1260845056.0,67452480.0,3773970.0,1603731.125,3347755.25,6199325.0,25851592.0,157104480.0,62525388.0,47628552.0,16054228.0,0.0,22681904.0,439683008.0,1
1789486027.3860831,music,2,28,360069504.0,136042112.0,337863744.0,32664604.0,34909988.0,16319646.0,45431900.0,22663384.0,0.0,68711744.0,84817080.0,190590320.0,106687520.0,106550912.0,0.0,177524608.0,1
1789486027.4513936,music,3,25,101754936.0,0.0,0.0,33783912.0,57660516.0,29364172.0,4419596.0,36091064.0,39975652.0,21463998.0,50513864.0,197144416.0,52422788.0,6960580.0,7060539.5,302836032.0,1
1789486027.516004,music,3,29,113549024.0,61277552.0,269384864.0,17631554.0,41788476.0,22379934.0,51178552.0,2309795.75,44124608.0,165451568.0,24975448.0,56375120.0,0.0,5548567.0,0.0,33897208.0,1
1789486027.5879235,music,0,24,0.0,50577608.0,40739180.0,0.0,2683165.0,8709576.0,8308978.0,0.0,4178978.0,90621840.0,22031520.0,3549425.5,32735890.0,34997704.0,23894804.0,86519136.0,1
1789486027.651908,music,349,26,1453491.0,22059404.0,24361972.0,12513710.0,3181636608.0,129145960.0,1291766.25,2882823.5,0.0,0.0,11678098.0,86732592.0,18132532.0,48853988.0,5003795.0,16786178.0,1
1789486027.7162209,music,349,32,19377504.0,16067580.0,39913156.0,8051232.5,2265229568.0,720788672.0,10136424.0,4334854.5,3074955.5,12651734.0,3879619.0,18360322.0,35134272.0,26840920.0,3612139.5,9539653.0,1
1789486027.7611573,music,356,24,0.0,0.0,20487488.0,454494.1875,216513920.0,1326362368.0,1243339776.0,0.0,0.0,9655686.0,540918.875,22732840.0,11273897.0,26546792.0,12573420.0,59040808.0,1
1789486027.8251712,music,359,22,29112580.0,0.0,0.0,4892479.5,195303344.0,94834344.0,274366208.0,204194784.0,30679338.0,179486352.0,174080576.0,206531296.0,44093920.0,57995136.0,0.0,9001900.0,1
1789486027.8898134,music,1,30,0.0,6727126.0,89020544.0,38973024.0,197121504.0,126928568.0,120034016.0,98114760.0,29614834.0,81011896.0,312489600.0,179274464.0,87087656.0,38250964.0,36737688.0,516492224.0,1
1789486027.9543512,music,3,26,0.0,3765846.0,20094612.0,0.0,70997240.0,59313712.0,119901920.0,53630412.0,0.0,66148472.0,21042016.0,193879136.0,17224328.0,66571076.0,311791520.0,105491712.0,1
1789486028.0189517,music,0,26,0.0,10754502.0,5640345.5,4856921.5,925483200.0,669985664.0,55031080.0,36199412.0,10345185.0,58959424.0,5522318.0,26419932.0,17355844.0,22017396.0,49683568.0,106554536.0,1
1789486028.0829678,music,359,29,80795736.0,9979190.0,18875680.0,92656288.0,114516792.0,57357208.0,31975632.0,28964006.0,92404768.0,1286683392.0,260590816.0,137928704.0,257121360.0,16889958.0,16293106.0,12344811.0,1
1789486028.1470492,music,352,19,11928939.0,17304628.0,15952094.0,0.0,98867472.0,0.0,43804804.0,12701852.0,7558062.5,1721596032.0,593710080.0,0.0,0.0,0.0,1964800.625,2100915.75,1
1789486028.2108786,music,351,20,0.0,31341580.0,11244612.0,5228733.0,22447044.0,11581142.0,36775184.0,3256863.5,2262549.5,2391361024.0,358296000.0,0.0,2357438.5,4705101.0,0.0,0.0,1
1789486028.274524,music,351,19,16452145.0,0.0,29801382.0,0.0,0.0,6607735.0,57450724.0,8487798.0,25036106.0,0.0,213623824.0,23961922.0,0.0,1602237.0,5815389.0,5401484.0,1
1789486028.3236601,music,351,20,19581580.0,0.0,33173194.0,0.0,0.0,0.0,45248276.0,21691164.0,2958226.5,0.0,254951408.0,6354767.0,4621601.0,2829974.75,6041406.0,8729354.0,1
1789486028.3683455,music,356,23,0.0,0.0,11474800.0,1594625.375,126025568.0,27423240.0,19379416.0,5741335.0,5549306.5,1886905600.0,425530592.0,7439163.0,2755397.5,1327467.5,0.0,3224732.0,1
1789486028.4324288,music,356,17,0.0,0.0,0.0,1072739.0,195348224.0,5403556.5,0.0,5181624.5,17062420.0,154249952.0,41122632.0,1726186.75,2910546.5,148208.875,0.0,2357423.75,1
1789486028.4815016,music,356,33,2671172.0,5206566.0,80220080.0,78539376.0,244717088.0,109416784.0,6831897.5,3054922.0,34547704.0,3620762112.0,2408534272.0,90806880.0,13803350.0,4882810.0,2458046.0,2190838.5,1
1789486028.5260184,music,0,16,0.0,0.0,5075895.5,0.0,0.0,7373863.0,6192277.0,4018603.0,0.0,4941709312.0,2392974080.0,0.0,0.0,1673235.125,737198.75,2796879.0,1
1789486028.5897856,music,353,16,0.0,0.0,0.0,0.0,79986008.0,21881818.0,3494730.0,0.0,14172117.0,2385374720.0,765871872.0,10442172.0,0.0,0.0,1198521.25,1425764.25,1
1789486028.6531656,music,353,17,0.0,0.0,192524.21875,0.0,109867312.0,42445468.0,0.0,0.0,0.0,3345744384.0,971945472.0,13001849.0,1288534.0,1399502.75,1039600.4375,835436.6875,1
1789486028.7016194,music,354,23,0.0,0.0,1980454.0,2685943.5,107477792.0,31368434.0,5983695.5,0.0,0.0,3427102976.0,886553664.0,18797812.0,7251328.0,8942900.0,4667994.0,5646257.0,1
1789486028.7659423,music,358,31,20288108.0,0.0,9463459.0,0.0,43697952.0,39960252.0,79911376.0,52763308.0,95585568.0,554341760.0,166660608.0,260683248.0,467747360.0,192344576.0,250123216.0,152636784.0,1
1789486028.830671,music,357,23,0.0,0.0,920681.6875,0.0,15289145.0,46251388.0,12410926.0,53531924.0,116397408.0,6696285184.0,957987712.0,139803840.0,154821952.0,399548288.0,72633984.0,233610672.0,1
1789486028.894061,music,358,24,0.0,0.0,13230744.0,0.0,26069002.0,22579816.0,23925696.0,126450808.0,608304896.0,1063446976.0,288955584.0,200682816.0,70789464.0,104852256.0,0.0,38233040.0,1
1789486028.9578621,music,356,16,0.0,0.0,0.0,0.0,0.0,0.0,0.0,141767344.0,533105088.0,5678070784.0,941521088.0,118453408.0,8402462.0,5042463.5,7841384.0,4502917.5,1
1789486029.0217168,music,356,35,14152966.0,13451523.0,56028704.0,101436272.0,503193344.0,530915872.0,786559360.0,65036344.0,415429312.0,3115355136.0,156191184.0,53102064.0,38583036.0,40370688.0,20603946.0,24592264.0,1
1789486029.0671911,music,353,25,0.0,0.0,2363251.5,1860890.75,2981001216.0,563066304.0,87797328.0,131746480.0,238356000.0,1681701504.0,129046920.0,1611889.75,0.0,9334272.0,6466431.5,3327385.0,1
1789486029.1314816,music,3,25,0.0,0.0,2063500.75,0.0,0.0,160151456.0,148792624.0,202111360.0,326475552.0,2706829824.0,87506856.0,541932.8125,870306.375,3827500.5,495777.8125,2808853.25,1
1789486029.196385,music,3,25,29236128.0,0.0,0.0,4824736.0,108228304.0,165000816.0,51929928.0,133601512.0,450284160.0,260801296.0,29645972.0,46645816.0,43821940.0,3709750.5,2951924.5,8239393.0,1
1789486029.2447748,music,352,19,3197435.25,7507213.0,3397722.75,4154430.5,3915837.0,0.0,29086052.0,62213096.0,114112280.0,1374023040.0,487484608.0,0.0,14867423.0,16058072.0,0.0,0.0,1
1789486029.3089008,music,356,23,1579492.0,12294700.0,7375903.0,2493560.0,54226856.0,0.0,228370688.0,456858304.0,294285504.0,197096720.0,1685794.625,4908395.0,3039331.75,0.0,229952.234375,802631.5,1
1789486029.3729966,music,352,27,0.0,4779149.5,6377658.0,0.0,3256265728.0,322115840.0,109990376.0,46721476.0,97141640.0,332819520.0,136730960.0,2448353.0,5278548.0,1779648.75,855768.3125,6206450.0,1
1789486029.437109,music,344,18,0.0,206551.0625,481552.25,1175312.0,1524862080.0,232018768.0,14906075.0,0.0,31208568.0,119222952.0,31048072.0,562245.125,0.0,1895598.875,2092827.5,3151180.5,1
1789486029.5014312,music,357,26,0.0,2394501.25,0.0,0.0,380666624.0,852953664.0,1136352640.0,31602558.0,35887432.0,538163200.0,44639496.0,4639632.5,281986.03125,859848.25,1310785.75,2331679.0,1
1789486029.5656428,music,3,26,0.0,1377685.625,11028758.0,0.0,166279728.0,50805888.0,0.0,45839760.0,164541600.0,2332283904.0,142098496.0,1151074560.0,78499560.0,106196192.0,91496184.0,745597632.0,1
1789486029.6296122,music,359,29,0.0,685952.875,0.0,15722132.0,220288544.0,100250704.0,113204280.0,272120544.0,423954048.0,1736503680.0,246883968.0,678385280.0,539389952.0,339009696.0,77942544.0,30390156.0,1
1789486029.6935997,music,4,25,418057.78125,0.0,3457321.0,4154588.0,544201.25,60553092.0,38200376.0,67121472.0,445663584.0,1102598272.0,156437312.0,207707408.0,53345072.0,245288288.0,0.0,222087808.0,1
1789486029.758198,music,359,21,75877.3515625,0.0,232242.671875,2571105.25,436791616.0,147010880.0,276515584.0,83579872.0,60243416.0,10291720.0,43573408.0,132866144.0,0.0,21971664.0,13442670.0,134492160.0,1
1789486029.8219316,music,358,30,246663264.0,18639142.0,15036364.0,12699792.0,217298816.0,77378800.0,8577449.0,63935712.0,0.0,857304576.0,327063712.0,628987264.0,284040640.0,118044112.0,6213834.0,38597288.0,1
1789486029.8860373,music,357,27,0.0,38050288.0,10138688.0,5833508.5,116772376.0,32602780.0,82240016.0,33271228.0,16785220.0,579037056.0,81124800.0,47806624.0,66831940.0,0.0,2444356.5,1520979.75,1
1789486029.9494445,music,352,17,0.0,0.0,2591364.25,8415778.0,15169878.0,22838148.0,8685594.0,2903121.0,10980657.0,1759644544.0,452000448.0,15661756.0,0.0,0.0,1245768.0,4466591.5,1
1789486030.0141747,music,352,34,0.0,40834120.0,377488256.0,243921024.0,182896464.0,215346944.0,209926032.0,34808816.0,8527325.0,768346496.0,121601368.0,23097662.0,27946486.0,76452456.0,62008152.0,57780304.0,1
1789486030.063195,music,2,17,0.0,0.0,0.0,0.0,26347564.0,88118304.0,40960864.0,32725690.0,10341149.0,279942464.0,101432440.0,3786552.0,5226044.5,0.0,1056667.5,545882.4375,1
1789486030.127331,music,355,19,0.0,0.0,0.0,0.0,46986912.0,0.0,45755568.0,23381538.0,51071632.0,1827708416.0,324469760.0,1945042.5,1163635.5,225679.78125,830522.9375,0.0,1
1789486030.191905,music,353,22,350552.25,0.0,1796521.375,0.0,8919086.0,0.0,13532145.0,12763704.0,21443268.0,3342574592.0,1209025024.0,1846318.25,856121.0625,2582805.5,282163.90625,0.0,1
1789486030.2552135,music,353,19,313997696.0,0.0,608695.1875,318248.84375,614429.0,0.0,953628.75,1855976.0,34262372.0,3925666560.0,925619392.0,0.0,479573.125,762082.0625,738792.625,809222.375,1
1789486030.2994428,music,352,13,0.0,7937147.5,0.0,0.0,0.0,0.0,0.0,0.0,2817694.0,1834820864.0,473434432.0,4676643.5,2816979.75,3539195.5,361898.21875,1324981.25,1
1789486030.3635104,music,353,24,0.0,3208260.0,542344.125,1801350.875,48749540.0,5838875.0,9202489.0,6979873.0,16296268.0,2856347648.0,750111808.0,1945700.125,3906673.75,0.0,0.0,0.0,1
1789486030.4276998,music,4,34,189914592.0,162267360.0,439259584.0,192108320.0,93763584.0,57450048.0,74999168.0,107088528.0,192546384.0,1224573184.0,370070912.0,282227936.0,130543248.0,69257920.0,83169936.0,16066796.0,1
1789486030.4912324,music,357,24,0.0,0.0,0.0,0.0,10019269.0,91002032.0,64233832.0,47782728.0,107393072.0,3266125824.0,722899072.0,26297064.0,64115800.0,125158176.0,90272672.0,187496528.0,1
1789486030.5559852,music,358,24,0.0,461774.4375,826821.5,0.0,20633696.0,3068850.5,29567436.0,34645340.0,114607256.0,1251241600.0,15573311.0,255639168.0,38124456.0,101752368.0,49373372.0,17337792.0,1
1789486030.6199663,music,353,17,0.0,0.0,1032326.625,727664.9375,5654495.5,0.0,1926996.625,0.0,28128760.0,2728297728.0,767679616.0,26662476.0,7443218.0,0.0,29100208.0,0.0,1
1789486030.6850173,music,6,12,336084672.0,0.0,0.0,0.0,3684923.5,3149897.5,0.0,812365.8125,452488704.0,4957187072.0,185652144.0,0.0,0.0,0.0,0.0,0.0,1
1789486030.74896,music,7,19,12773594.0,227271.375,139540.96875,0.0,8460381.0,4442567.0,8570982.0,2575638.75,132441920.0,1744208768.0,101486048.0,3878165.25,0.0,0.0,0.0,0.0,1
1789486030.8137817,music,8,18,0.0,391642.21875,1641139.5,283610.78125,11231564.0,2670430.5,0.0,312988.625,159332688.0,1444556032.0,0.0,0.0,1890044.75,353779.59375,0.0,456321.4375,1
1789486030.8790321,music,8,21,166929472.0,36096308.0,71465712.0,60536580.0,0.0,11619284.0,15807488.0,9257351.0,19127164.0,0.0,7366332.0,102763264.0,87152960.0,5400254.5,13029858.0,0.0,1
1789486030.9285579,music,357,21,0.0,0.0,28489112.0,23028556.0,5213462.0,0.0,36093128.0,0.0,136450112.0,1554373376.0,306987616.0,126602608.0,48616268.0,7383271.0,16201100.0,0.0,1
1789486030.9931195,music,357,21,102338096.0,38839312.0,0.0,0.0,64787188.0,0.0,25105620.0,17984670.0,0.0,133742544.0,15738490.0,61491616.0,12147210.0,14312926.0,7537028.5,0.0,1
1789486031.069525,music,359,27,0.0,32191314.0,39371148.0,0.0,19207664.0,0.0,31568890.0,9707903.0,15017476.0,444873760.0,65634988.0,31499076.0,568415.0,18118730.0,0.0,673159.875,1
1789486031.1343966,music,357,20,1769560.75,0.0,5161354.5,0.0,0.0,1681213.125,488873664.0,759842816.0,233866256.0,238498112.0,38898020.0,18675602.0,1324747.25,725410.5625,0.0,4506546.0,1
1789486031.199776,music,359,26,0.0,0.0,6945083.0,2639485.5,23568158.0,1588577536.0,603844032.0,0.0,0.0,501535456.0,58783612.0,9691580.0,9156896.0,16254744.0,7705435.5,4747169.0,1
1789486031.2643607,music,357,21,0.0,5012497.5,4427361.5,0.0,0.0,973518976.0,10468756.0,69431960.0,144234832.0,120268760.0,27886346.0,8453589.0,0.0,363541.78125,2318455.75,0.0,1
1789486031.3293777,music,359,24,39717140.0,16291886.0,13085222.0,8148740.0,0.0,198259088.0,178818400.0,68788040.0,81561632.0,137421600.0,34150216.0,238801248.0,189346800.0,65321456.0,86921208.0,50139372.0,1
1789486031.3930502,music,359,22,0.0,0.0,0.0,5371834.0,6250263.0,115680736.0,410490368.0,213476736.0,128930304.0,72607448.0,62034056.0,96434696.0,65785572.0,181455760.0,251834016.0,196495088.0,1
1789486031.4383671,music,1,21,0.0,0.0,0.0,4555867.5,234347344.0,321760512.0,81947416.0,41675444.0,49734332.0,0.0,146231232.0,306253344.0,41179340.0,185362976.0,0.0,347047968.0,1
1789486031.5033991,music,1,28,0.0,0.0,6962608.5,0.0,119580384.0,163326592.0,76182128.0,164184128.0,29238398.0,1472253184.0,146944592.0,303782016.0,46665512.0,107077000.0,189360160.0,261079664.0,1
1789486031.5525217,music,1,31,0.0,5563811.5,11935810.0,14600696.0,118888976.0,168678384.0,146878864.0,85608224.0,81371224.0,1553345024.0,245121472.0,201122752.0,38886684.0,135958784.0,202734896.0,207005616.0,1
1789486031.598197,music,1,30,110928288.0,16745015.0,17078540.0,27336514.0,13103396.0,99458592.0,198862176.0,11743176.0,18920388.0,2006532096.0,242476432.0,120464592.0,158831328.0,33287744.0,1287056.875,0.0,1
1789486031.646779,music,350,20,6450120.0,15776682.0,0.0,0.0,55352656.0,39741440.0,68231384.0,71076648.0,26770284.0,2527635200.0,939761152.0,0.0,0.0,6872417.5,0.0,3678010.25,1
1789486031.7114387,music,349,26,0.0,15335413.0,5612824.0,6780210.5,5063745.5,9801161.0,8023514.5,64156460.0,0.0,2360971776.0,381244416.0,11131497.0,1544750.75,7298800.0,1100934.0,1099441.0,1
1789486031.7752335,music,347,18,29792760.0,0.0,11845086.0,924170.625,14278926.0,24359080.0,8268137.0,17056718.0,64462840.0,328165920.0,223779104.0,9181684.0,1671211.75,0.0,0.0,0.0,1
1789486031.8392594,music,358,19,2499286.75,880798.75,0.0,0.0,37170800.0,33273596.0,22048448.0,24799582.0,38128332.0,974047936.0,470360160.0,1225739.75,1641674.75,2395786.5,0.0,0.0,1
1789486031.903541,music,358,22,0.0,0.0,0.0,0.0,89785232.0,51778056.0,2845022.0,13655875.0,42770428.0,364203456.0,68266760.0,1159354.75,813582.9375,3023016.5,0.0,588884.0625,1
1789486031.9487693,music,352,20,0.0,120052.53125,0.0,0.0,28944996.0,4348075.0,0.0,13633901.0,1882226.0,2840685824.0,1056601600.0,5753865.5,276626.125,1596973.0,978067.375,270555.5625,1
1789486032.0126433,music,352,20,0.0,0.0,266066.03125,0.0,3455742.75,3167366.75,11884252.0,5703631.0,14232469.0,1358388480.0,413560448.0,2062473.5,433832.59375,2206120.5,560063.6875,1104899.875,1
1789486032.0610588,music,351,10,0.0,0.0,0.0,0.0,6639485.5,12806186.0,8756712.0,0.0,0.0,1917126272.0,287015360.0,18680952.0,0.0,5079421.5,0.0,0.0,1
1789486032.1247911,music,351,6,0.0,0.0,0.0,0.0,16394547.0,13773355.0,0.0,4644494.5,0.0,1785589504.0,549327616.0,0.0,0.0,0.0,0.0,0.0,1
1789486032.1693792,music,351,28,272268.9375,0.0,0.0,0.0,18294122.0,49919576.0,40967440.0,4510939.0,33106576.0,2285377024.0,383130176.0,65330984.0,45968040.0,23062328.0,55492400.0,61615540.0,1
1789486032.2191098,music,2,24,21600418.0,0.0,0.0,6251690.0,41096648.0,50218764.0,110272392.0,0.0,47671256.0,0.0,383182720.0,635841152.0,234020176.0,104031880.0,75659328.0,40974464.0,1
1789486032.282955,music,0,27,1101795.0,0.0,209305.546875,3601136.5,5711083.0,10065850.0,18147536.0,53614768.0,231217456.0,4223265792.0,1228642176.0,193574208.0,80081224.0,404356224.0,31557248.0,209478096.0,1
1789486032.3476167,music,6,25,0.0,0.0,0.0,0.0,12091061.0,1855015.5,5381509.5,4498323.0,430980032.0,4752463872.0,242579680.0,33896520.0,43196744.0,92974832.0,8039078.0,70189896.0,1
1789486032.4119964,music,6,22,0.0,0.0,2471188.0,0.0,7587783.5,7794611.0,11429545.0,174481376.0,404583872.0,3873647104.0,454416192.0,16562461.0,0.0,16634230.0,0.0,0.0,1
1789486032.4573133,music,356,19,0.0,0.0,1404901.5,899785.0,2877739.5,3231693.25,424281056.0,47405944.0,268598592.0,3853209600.0,289810976.0,0.0,0.0,741364.25,1070229.5,1664868.125,1
1789486032.5222201,music,352,22,0.0,0.0,554706.75,277912.3125,3847956480.0,0.0,60301568.0,291471744.0,247179520.0,201447776.0,162382240.0,0.0,0.0,3732667.5,2350792.5,259761.4375,1
1789486032.585926,music,354,19,0.0,0.0,3526624.5,0.0,0.0,314859296.0,119452808.0,147319856.0,151112144.0,359338528.0,246385152.0,615289.375,0.0,728213.125,1527446.25,147702.5625,1
1789486032.6502044,music,354,21,0.0,0.0,0.0,0.0,181710352.0,112214216.0,93777336.0,386925472.0,1114833920.0,178159456.0,97495560.0,1686184.0,894202.5,1453383.25,549237.5625,0.0,1
1789486032.6987932,music,354,27,0.0,0.0,0.0,11927278.0,152184848.0,257431120.0,170539296.0,105690696.0,127415288.0,1205748608.0,302255968.0,27132438.0,9467181.0,14175373.0,4811652.0,8591662.0,1
1789486032.7437918,music,354,26,0.0,279297.46875,0.0,245151.265625,646695616.0,124724008.0,42901592.0,52422028.0,163492800.0,1089327360.0,373852800.0,146319.953125,492311.375,5107727.0,934054.75,1155380.875,1
1789486032.7928562,music,356,27,0.0,734806.5,15707701.0,0.0,188926464.0,36918916.0,184837632.0,316696064.0,205335632.0,399217472.0,3585014.0,12230218.0,383666.125,2341379.0,375200.875,650439.375,1
1789486032.8564975,music,349,23,0.0,0.0,4891935.0,3272129.5,4748662784.0,827617408.0,138792496.0,51621024.0,61730080.0,433618784.0,173970272.0,5779699.0,0.0,0.0,1472571.5,2360210.5,1
1789486032.920566,music,1,30,12234233.0,14881328.0,6913537.5,275851.8125,1335442176.0,148146544.0,59175752.0,0.0,82731576.0,296800832.0,34987376.0,1292009.25,842251.75,2010663.875,940012.0,337230.0,1
1789486032.9847498,music,1,33,49097636.0,16529688.0,5277412.5,309258.9375,216042464.0,58544604.0,99491632.0,18150294.0,71786928.0,1014361600.0,70430296.0,3602005.0,147161.484375,164593.96875,675023.875,523404.5625,1
1789486033.0645463,music,1,33,51924520.0,50970848.0,266743088.0,3876506.5,332624320.0,86226920.0,26353254.0,68590024.0,186340624.0,436415232.0,110658368.0,5133050.0,1790686.625,15292948.0,11413430.0,83601696.0,1
1789486033.1092513,music,0,26,0.0,79936208.0,74785368.0,7506894.0,205994240.0,32716890.0,72156656.0,19680624.0,0.0,297857216.0,3054531.75,3882807.25,27669470.0,25312064.0,3770004.25,89686064.0,1
1789486033.1738806,music,0,31,14623870.0,0.0,30160380.0,1320664.75,329565920.0,552231360.0,35184924.0,41581336.0,102595600.0,357772512.0,14715942.0,3344999.0,8690534.0,5279872.0,2036210.5,4263788.0,1
1789486033.2238476,music,357,27,17387382.0,273018272.0,300555840.0,8056208.0,311777344.0,543411712.0,85074600.0,11241648.0,0.0,16902040.0,29132492.0,3576792.5,1612219.75,1873448.75,0.0,40613988.0,1
1789486033.288773,music,357,28,5164231.0,161844528.0,598889472.0,120991.6015625,45038704.0,122839856.0,82726768.0,408703360.0,0.0,21818622.0,35609812.0,8947526.0,0.0,23810658.0,2520000.5,5402010.0,1
1789486033.3344097,music,345,18,4879410.0,0.0,0.0,620469.125,9721029.0,56400384.0,1299036544.0,0.0,100086704.0,9796381.0,0.0,5148763.5,232090.453125,5729018.5,3099905.25,0.0,1
1789486033.3980637,music,345,14,0.0,86641488.0,0.0,39459896.0,740757376.0,403426176.0,237097376.0,92528752.0,0.0,0.0,17082796.0,0.0,0.0,0.0,0.0,0.0,1
1789486033.4428759,music,344,17,46151672.0,83274328.0,0.0,1841393.75,939822784.0,354410496.0,93848736.0,42305816.0,7347087.0,24409568.0,12748414.0,0.0,843376.625,0.0,0.0,0.0,1
1789486033.508016,music,7,32,5833640.0,90321752.0,179089248.0,0.0,1182948608.0,354250496.0,94158816.0,8469186.0,154649968.0,95742312.0,10982448.0,9838927.0,1356739.375,13771991.0,2262388.25,23378664.0,1
1789486033.5739853,music,7,31,102262488.0,0.0,1479352576.0,182256224.0,170711776.0,53688088.0,824362240.0,58722928.0,0.0,276117184.0,9895790.0,83616048.0,3992462.0,8609140.0,0.0,14385813.0,1
1789486033.622588,music,1,29,9744985.0,66188464.0,322072576.0,1849671.0,615405952.0,1031114368.0,41820964.0,22625586.0,81456168.0,222213632.0,7564789.5,29627078.0,3088494.5,10866458.0,5695919.5,4491082.0,1
1789486033.6882515,music,1,30,15823805.0,29815668.0,125877008.0,4744795.0,241337760.0,203818144.0,43779992.0,42089144.0,0.0,525295648.0,6951147.5,294385632.0,3554936.75,25218760.0,5674519.0,13871744.0,1
1789486033.7380812,music,3,33,88466752.0,114148576.0,104340792.0,23423886.0,1711756672.0,619772352.0,79820312.0,50105308.0,62141888.0,594382528.0,18845520.0,9356967.0,8825282.0,95441600.0,12570369.0,52376872.0,1
1789486033.8025842,music,3,26,65111288.0,159461696.0,120987488.0,4768666.5,0.0,16516250.0,63502160.0,160734720.0,49091064.0,346378048.0,1342210.875,16465691.0,6483271.0,51050944.0,9530726.0,0.0,1
1789486033.8485143,music,7,34,86575696.0,270424256.0,23759060.0,19950664.0,1024482240.0,297188032.0,37803256.0,77578120.0,61355732.0,407023264.0,577455.0,135586400.0,524677.75,108888064.0,10322180.0,217379712.0,1
1789486033.912713,music,2,30,1521669.5,51592220.0,250439584.0,591643008.0,500644416.0,51562272.0,148072384.0,25602856.0,9923942.0,21270404.0,1227658.0,61288584.0,19186344.0,60473188.0,42181568.0,156690720.0,1
1789486033.9773343,music,0,21,129281024.0,67114928.0,73553008.0,0.0,195201568.0,34398960.0,228668000.0,7905374.0,72163416.0,250984384.0,4131516.25,24741370.0,0.0,0.0,0.0,120352992.0,1
1789486034.0421355,music,0,24,3774790.0,0.0,289276768.0,32600956.0,919162816.0,580992128.0,136747088.0,9644856.0,14809352.0,51132664.0,2303952.5,13568574.0,3973335.0,5376173.5,34536540.0,203580528.0,1
1789486034.09073,music,353,14,0.0,0.0,305902496.0,0.0,1394487808.0,165522016.0,51020136.0,0.0,10545050.0,75987360.0,0.0,0.0,0.0,39132768.0,93613800.0,164312240.0,1
1789486034.15518,music,352,27,32627396.0,65929040.0,47229616.0,116709384.0,347631424.0,69275008.0,201736224.0,9216969.0,8334202.0,13411420.0,35023192.0,54649400.0,0.0,48797160.0,85972992.0,190938992.0,1
1789486034.2192822,music,6,20,0.0,102243824.0,47570696.0,0.0,41607768.0,259100368.0,262162816.0,16063926.0,84950320.0,0.0,19160204.0,66712380.0,6248898.0,8243281.5,76615920.0,273489792.0,1
1789486034.2846446,music,15,26,0.0,0.0,11530884.0,18570920.0,11559609.0,115735104.0,137349616.0,121662856.0,585219328.0,1498430208.0,160951040.0,90995656.0,90266696.0,50767156.0,118485536.0,210765216.0,1
1789486034.3491602,music,3,21,9591125.0,20673498.0,8692446.0,37182428.0,55422376.0,111905424.0,82648848.0,0.0,78062952.0,0.0,89513056.0,135753792.0,0.0,172737888.0,29280616.0,41303208.0,1
1789486034.4140358,music,5,28,63167560.0,18298062.0,104496656.0,43844588.0,48412200.0,46442128.0,133469624.0,22995696.0,326796928.0,102547472.0,28112970.0,434033664.0,28662448.0,33439184.0,8236336.0,156151168.0,1
1789486034.4785693,music,2,24,0.0,19921726.0,63462608.0,38060116.0,452408448.0,95344376.0,165521952.0,35357880.0,44733304.0,10924950.0,1635775.125,22405664.0,4070714.75,80526512.0,32282886.0,28910552.0,1
1789486034.5432703,music,359,27,6289050.0,33739956.0,0.0,27529920.0,220194848.0,87038448.0,17522520.0,84214696.0,138428320.0,159527184.0,25118788.0,121549664.0,13518575.0,30505670.0,35737800.0,92559664.0,1
1789486034.6074097,music,359,20,0.0,0.0,102207104.0,0.0,232767616.0,49115568.0,58687144.0,3697041.5,0.0,42584488.0,0.0,22549328.0,4941261.0,9518324.0,1850336.125,27657396.0,1
1789486034.6572516,music,359,25,11588169.0,0.0,80563440.0,0.0,182241568.0,95730680.0,57512952.0,33313148.0,42204784.0,57384280.0,0.0,1561894.25,8941173.0,23827666.0,9514217.0,59284816.0,1
1789486034.7026362,music,9,33,117371224.0,37326032.0,91763936.0,5942136.5,14186248.0,33278782.0,77799520.0,42485212.0,107307928.0,1667739648.0,60532112.0,26264492.0,1316510.625,51313248.0,4462692.5,17180170.0,1
1789486034.767123,music,6,25,15031174.0,0.0,3814624.0,16003970.0,119997536.0,82890416.0,15471515.0,31421960.0,4005830.25,0.0,20728318.0,194966752.0,66745032.0,73929920.0,5824741.5,15991566.0,1
1789486034.8324275,music,4,27,77085456.0,27075722.0,57101020.0,16595807.0,58785704.0,22535460.0,42102436.0,46612096.0,57191920.0,7076386.0,84025712.0,378220736.0,0.0,224841488.0,304165120.0,158103712.0,1
1789486034.8965566,music,5,28,3281460.0,7882169.0,38453148.0,0.0,98393296.0,40384592.0,80679040.0,49762432.0,164240544.0,596729152.0,83558464.0,0.0,14751950.0,434206720.0,103608512.0,226597856.0,1
1789486034.9611979,music,4,26,20883946.0,0.0,94273968.0,5746893.0,125422464.0,60385700.0,20366772.0,79178688.0,97931032.0,166318048.0,70484432.0,145876320.0,19092396.0,29941094.0,103014312.0,155552832.0,1
1789486035.0246196,music,1,28,9436302.0,34669936.0,235312944.0,256780896.0,56826568.0,24818186.0,25495848.0,0.0,0.0,403541248.0,51064248.0,89890152.0,378142944.0,819366400.0,486399008.0,591272960.0,1
1789486035.0887187,music,3,28,0.0,36767468.0,684154240.0,1061914048.0,37149740.0,28338964.0,41012532.0,18176034.0,64760604.0,96218528.0,205487552.0,140893024.0,238226160.0,0.0,54825896.0,31398196.0,1
1789486035.152824,music,3,24,203521168.0,14195604.0,876500288.0,1211278464.0,2958857.0,0.0,25505790.0,8481870.0,38506688.0,89796944.0,7843855.0,0.0,0.0,3320189.5,13188544.0,8521539.0,1
1789486035.217672,music,3,35,103828784.0,83897936.0,493301696.0,214557280.0,221824128.0,121590416.0,99562096.0,4835456.0,29469612.0,264654240.0,71984592.0,77624968.0,58892252.0,92889624.0,72330760.0,247971184.0,1
1789486035.4388752,music,4,30,52391120.0,53489756.0,1612342528.0,1203713792.0,101031088.0,66610176.0,24350688.0,0.0,0.0,12844762.0,13671023.0,15487767.0,4705374.5,74296544.0,35444160.0,58974984.0,1
1789486035.502556,music,4,16,0.0,0.0,1361060352.0,1850167168.0,0.0,0.0,4337826.0,4432715.0,12406702.0,41006084.0,1270808.25,1818939.875,0.0,0.0,1867686.25,31836920.0,1
1789486035.5470872,music,4,21,540937.0625,1836224.875,1769235968.0,1889297792.0,0.0,2829414.25,2549361.0,2848503.0,1981670.0,14526784.0,3514614.75,8916342.0,945463.0625,2654948.25,6685678.0,19951020.0,1
1789486035.591723,music,5,23,4834158.0,0.0,1670422528.0,1696466816.0,12550600.0,1491411.5,0.0,1525150.875,4493888.5,58242992.0,17784876.0,9709886.0,0.0,2388277.5,2113385.0,0.0,1
1789486035.656134,music,5,26,2537569.5,5333831.0,5915497.0,0.0,7712446.0,0.0,14939062.0,3826057.5,1914459.5,49205492.0,32072062.0,162265360.0,27311918.0,153327728.0,380121760.0,64752988.0,1
1789486035.7057943,music,7,29,8580689.0,0.0,57306248.0,9136668.0,5888595.5,17847214.0,67527256.0,100970392.0,0.0,227142592.0,169313888.0,1634091520.0,451363712.0,246516928.0,337501760.0,458326752.0,1
1789486035.769934,music,4,24,0.0,0.0,401286368.0,307759360.0,39350520.0,11214318.0,12007833.0,56388752.0,137712992.0,0.0,0.0,277047680.0,145540896.0,422291552.0,43579296.0,1297294336.0,1
1789486035.8344376,music,4,19,414661.34375,0.0,1170611840.0,198392160.0,3381097.75,1167550.0,0.0,1158533.375,4605696.0,0.0,0.0,45489736.0,17613716.0,59004308.0,29287602.0,843432192.0,1
1789486035.883391,music,5,25,2687073.75,6966790.0,1309285888.0,0.0,106761.859375,2526932.0,4850343.5,2953081.0,0.0,0.0,6864323.0,16997832.0,1861984.375,610240128.0,1276165120.0,493951200.0,1
1789486035.9483259,music,10,21,53159004.0,252285280.0,25828620.0,15688286.0,257523.515625,0.0,2722136.5,4191353.5,1027268.625,40315972.0,276350720.0,108953144.0,15780274.0,0.0,0.0,380887168.0,1
1789486036.0132854,music,11,22,77801016.0,0.0,0.0,3142661.5,3955525.25,3417730.5,0.0,1444909.375,63922080.0,563231360.0,28763120.0,8739653.0,29382648.0,25714292.0,62378024.0,31628984.0,1
1789486036.0782146,music,359,25,0.0,0.0,112924576.0,39022488.0,6988060.0,5861087.5,7162950.5,2337251.75,53453572.0,20037168.0,36983800.0,51010284.0,31600728.0,55315504.0,39913268.0,62113888.0,1
1789486036.1433403,music,3,29,11020432.0,49735284.0,237091728.0,64187160.0,23363324.0,7874649.0,11329667.0,0.0,32684152.0,62193944.0,41518864.0,63108888.0,79398264.0,99948496.0,40441104.0,144088432.0,1
1789486036.2934747,music,5,26,29137656.0,8306797.0,13002319.0,2004518.0,1480977.125,1410149.0,8854580.0,6181347.0,2634455.0,94231424.0,9644251.0,5459988.0,0.0,8519684.0,15314653.0,172970448.0,1
1789486036.3536565,music,3,24,15290972.0,49088164.0,59459256.0,9401675.0,589373.0,0.0,5615632.5,6401025.0,92929664.0,369545728.0,0.0,0.0,16924792.0,23311248.0,10230363.0,45570356.0,1
1789486036.418566,music,14,18,0.0,0.0,23487142.0,20913908.0,775607.5,761600.0,0.0,1040146.0625,29616542.0,473091008.0,4129926.25,14702448.0,0.0,0.0,6353820.0,100089744.0,1
1789486036.4837608,music,2,19,0.0,36454896.0,36021892.0,16614992.0,1717222.75,0.0,1535966.25,1782119.0,3019381.75,0.0,24886258.0,0.0,41615724.0,11901647.0,4124363.0,6980752.5,1
1789486036.548041,music,359,29,36930156.0,22520996.0,24236952.0,114072952.0,212130384.0,53665696.0,73792368.0,0.0,0.0,1125424256.0,36129224.0,822022464.0,95936088.0,195150928.0,384768928.0,289423136.0,1
1789486036.612528,music,359,22,0.0,0.0,0.0,8372670.0,1263921.75,8420251.0,7614170.0,93616944.0,62078004.0,326799232.0,212280192.0,587543296.0,0.0,132558384.0,155746816.0,183655008.0,1
1789486036.6619692,music,0,23,6347960.0,2413720.75,32050856.0,2242110.0,2095448.0,2568000.5,459788.21875,0.0,21359682.0,45582584.0,32283102.0,195555920.0,18372782.0,145243488.0,16289599.0,69288032.0,1
1789486036.7380238,music,342,26,32832960.0,23016066.0,12929274.0,97036072.0,111108344.0,57810440.0,29007360.0,44861648.0,31361022.0,0.0,0.0,0.0,17784568.0,57077532.0,1951602.625,30155302.0,1
1789486036.7984812,music,341,19,171091440.0,0.0,69004192.0,88998192.0,0.0,0.0,13109740.0,0.0,14254478.0,0.0,11474586.0,75778384.0,51140624.0,93343312.0,6903229.0,2267552.25,1
1789486036.862491,music,342,17,93096152.0,0.0,100189088.0,75965792.0,7316660.5,4365903.0,1617158.5,0.0,0.0,7882470.0,35794784.0,0.0,0.0,0.0,0.0,41291968.0,1
1789486036.9262807,music,346,12,0.0,0.0,75613008.0,131179216.0,2013641.0,0.0,655566.5,0.0,0.0,0.0,2512433.25,0.0,3704754.25,2136939.5,0.0,2615629.5,1
1789486036.9921415,music,346,15,59792712.0,69869928.0,60636892.0,0.0,31885068.0,22328596.0,0.0,9603231.0,0.0,0.0,0.0,4845453.5,13376400.0,18953828.0,2332576.0,0.0,1
1789486037.1800086,music,329,12,234170400.0,32743214.0,33873140.0,49468536.0,1755135.125,210096.28125,1007964.3125,0.0,0.0,0.0,0.0,0.0,0.0,0.0,3272821.25,0.0,1
1789486037.2405329,music,350,11,553230144.0,4127301.75,0.0,0.0,0.0,986886.375,1007598.75,534148.5,1452968.875,0.0,0.0,367331.84375,0.0,0.0,0.0,0.0,1
1789486037.3040612,music,331,16,14073993.0,0.0,81251888.0,120620448.0,160614.515625,1377894.0,0.0,0.0,0.0,1906129.75,1340608.75,897294.625,2284051.5,4103419.0,0.0,2557908.0,1
1789486037.3691788,music,14,6,164302160.0,661024.1875,0.0,0.0,0.0,0.0,0.0,115449.6015625,0.0,0.0,0.0,0.0,0.0,0.0,185224.65625,0.0,1
1789486037.4338315,music,310,19,211734800.0,0.0,13272884.0,0.0,0.0,0.0,7755506.0,21915976.0,4491691.0,32317194.0,13662427.0,8997414.0,9324597.0,92947296.0,0.0,7956202.0,1
1789486037.487996,music,299,11,0.0,0.0,1271180.5,0.0,0.0,0.0,3722661.75,0.0,14131152.0,30861910.0,12577175.0,92014080.0,0.0,29609782.0,4823559.5,0.0,1
1789486037.6217997,music,284,12,0.0,0.0,98736232.0,3166770.5,2804876.5,2020836.5,371841.3125,0.0,0.0,605596.3125,0.0,0.0,2299362.0,0.0,21634384.0,199132544.0,1
1789486037.6804879,music,285,9,0.0,0.0,162343424.0,0.0,1114814.75,0.0,0.0,0.0,0.0,0.0,1580116.0,0.0,0.0,0.0,0.0,234551456.0,1
1789486037.8118901,music,276,28,0.0,0.0,43030084.0,0.0,2627725.25,3990873.5,5327118.0,5803316.5,1578826.0,5124303.0,8844382.0,30039644.0,31854944.0,26923068.0,13846464.0,46919960.0,1
1789486037.8721347,music,291,7,18095190.0,2872972.5,0.0,0.0,0.0,0.0,0.0,0.0,13367785.0,23370494.0,0.0,81772624.0,0.0,0.0,0.0,0.0,1
1789486037.9357877,music,284,22,0.0,2393334.0,107759616.0,34628860.0,16951408.0,16518647.0,41413736.0,24145152.0,0.0,11262648.0,47872664.0,1246270.25,0.0,0.0,0.0,36156832.0,1
1789486038.0336225,music,284,19,0.0,22917492.0,29782166.0,0.0,9027264.0,5571915.5,1757231.125,0.0,0.0,16788706.0,2807699.0,8215704.5,0.0,0.0,3471614.5,20473704.0,1
1789486038.0788958,music,268,17,0.0,44043464.0,17009146.0,0.0,1226107.25,622259.0625,0.0,0.0,0.0,46179980.0,156670928.0,51939128.0,1773960.375,0.0,1889673.875,45400404.0,1
1789486038.1437523,music,271,25,96627584.0,71426568.0,44933360.0,0.0,1512029.375,2203120.5,1914988.25,11738125.0,16123254.0,55187912.0,140601152.0,8357953.5,4977791.5,14833762.0,11692894.0,22637000.0,1
1789486038.209592,music,270,20,22901852.0,0.0,3087585.25,9338735.0,8532697.0,0.0,3586923.75,1944282.0,13473648.0,111317320.0,25782082.0,52972344.0,0.0,18726696.0,0.0,13071066.0,1
1789486038.274052,music,271,13,3710461.25,5273989.0,8348541.0,0.0,0.0,0.0,22944444.0,16005992.0,0.0,19364050.0,10945072.0,19629248.0,0.0,0.0,64959376.0,84439248.0,1
1789486038.3387303,music,274,12,0.0,914541.6875,0.0,490833.96875,0.0,1983344.125,0.0,0.0,78019568.0,268262928.0,77686672.0,0.0,0.0,0.0,91257128.0,107482352.0,1
1789486038.4043102,music,273,13,0.0,0.0,1183482.5,0.0,0.0,0.0,0.0,0.0,6328147.0,10841557.0,41701328.0,43550140.0,23501260.0,12339430.0,13334092.0,14296572.0,1
1789486038.4697142,music,276,12,0.0,6861607.0,124274944.0,64554760.0,13284468.0,0.0,0.0,0.0,0.0,13675078.0,74053072.0,67770688.0,0.0,0.0,0.0,0.0,1
1789486038.5349371,music,261,8,0.0,0.0,0.0,20140552.0,3142117.75,6295288.5,0.0,0.0,0.0,16776817.0,43450472.0,64560192.0,0.0,0.0,0.0,0.0,1
1789486038.60112,music,263,17,0.0,7698963.0,22012984.0,0.0,1886188.25,449132.4375,0.0,0.0,4297487.0,48680784.0,11894187.0,4124885.5,0.0,0.0,676203.75,0.0,1
1789486038.6978374,music,258,8,60991736.0,0.0,0.0,4341551.5,28924930.0,9647052.0,0.0,0.0,0.0,4128680.0,0.0,0.0,0.0,0.0,0.0,10510468.0,1
1789486038.9196596,music,271,15,14349681.0,21895044.0,377126336.0,191863648.0,6830625.5,10375026.0,1849668.25,0.0,0.0,3811009.5,807592.6875,0.0,0.0,0.0,3373361.25,10194274.0,1
1789486038.983885,music,271,7,75900.3828125,0.0,0.0,0.0,0.0,0.0,0.0,0.0,0.0,5776066.0,5777541.5,0.0,0.0,0.0,0.0,5723267.0,1
1789486039.0298574,music,271,9,0.0,0.0,1007361.9375,0.0,579019.125,0.0,0.0,0.0,1577774.125,8690856.0,3873820.5,0.0,1081856.75,0.0,254756.71875,0.0,1
1789486039.0751636,music,271,15,800502.125,513925.8125,0.0,0.0,0.0,0.0,147524.734375,0.0,693860.25,10209062.0,3815892.25,776597.25,0.0,251602.40625,225808.6875,1007995.125,1
1789486039.1250255,music,252,20,0.0,0.0,2277363.25,0.0,2635790.0,9117109.0,12628106.0,0.0,0.0,30536232.0,24295804.0,148306640.0,17605432.0,95538704.0,0.0,43210348.0,1
1789486039.1896865,music,246,12,0.0,0.0,0.0,0.0,2645451.0,0.0,0.0,1496624.875,85669056.0,0.0,23592968.0,248205392.0,25077112.0,22337710.0,23729706.0,0.0,1
1789486039.2541907,music,245,13,594112.25,0.0,7411377.5,0.0,590844.5625,0.0,0.0,0.0,0.0,40734184.0,54716172.0,45704404.0,0.0,78609384.0,4860468.5,236376816.0,1
1789486039.317258,music,260,12,0.0,1425390.75,265865184.0,12945610.0,715170.25,0.0,510003.6875,1283019.5,0.0,0.0,0.0,0.0,0.0,0.0,0.0,674241024.0,1
1789486039.3827386,music,261,7,0.0,17058634.0,192972768.0,0.0,1769241.25,0.0,0.0,0.0,0.0,4116673.5,1186930.75,0.0,0.0,0.0,0.0,0.0,1
1789486039.3837192,music,225,6,0.0,0.0,0.0,13166633.0,0.0,0.0,0.0,0.0,0.0,0.0,0.0,0.0,0.0,198569152.0,59479604.0,0.0,1
1789486039.4462156,music,259,15,45599544.0,108309240.0,0.0,475412.9375,56886.8125,0.0,0.0,0.0,0.0,22051966.0,61943416.0,25629604.0,0.0,0.0,7955670.0,78105416.0,1
1789486039.5083833,music,255,8,0.0,4841354.0,13849707.0,0.0,0.0,0.0,0.0,0.0,1848394.75,0.0,0.0,0.0,0.0,2005214.75,14086225.0,80974008.0,1
1789486039.573664,music,268,18,7715022.0,0.0,39526664.0,27838172.0,7602692.0,6893738.0,7305887.0,0.0,1790382.375,81205928.0,13089292.0,6808823.0,6527233.0,0.0,0.0,110343488.0,1
1789486039.7743456,music,257,15,0.0,11543825.0,23192156.0,0.0,2758386.5,0.0,0.0,0.0,0.0,36099952.0,0.0,431507.3125,1197498.625,13379930.0,1062500.25,31130392.0,1
1789486039.8363225,music,274,11,0.0,0.0,16754280.0,0.0,3462664.0,0.0,240245.90625,0.0,1078119.125,3866728.75,0.0,8346907.0,0.0,0.0,0.0,63709708.0,1
1789486039.9963868,music,256,19,0.0,26001080.0,108769712.0,60236648.0,100923056.0,51985304.0,45381324.0,0.0,24645336.0,413680960.0,51337104.0,323199424.0,0.0,0.0,0.0,0.0,1
1789486040.060222,music,250,8,0.0,0.0,2483119.25,0.0,0.0,2836398.0,0.0,0.0,0.0,133148552.0,69350568.0,151937216.0,0.0,0.0,0.0,58267340.0,1
1789486040.1254754,music,265,13,0.0,0.0,0.0,0.0,4357567.0,27839642.0,4305686.0,1934082.0,0.0,116519240.0,6716914.0,0.0,0.0,15489255.0,19522144.0,189290048.0,1
1789486040.2165143,music,236,14,13215239.0,48183768.0,34638248.0,0.0,0.0,15983904.0,25478944.0,0.0,0.0,74365680.0,75772592.0,8219232.5,0.0,41529624.0,0.0,0.0,1
1789486040.2761211,music,254,11,0.0,0.0,0.0,23313516.0,17601502.0,0.0,7753060.0,8374681.0,3461581.0,0.0,29424510.0,54621592.0,0.0,0.0,0.0,54387648.0,1
1789486040.3405719,music,246,5,0.0,0.0,0.0,496428.3125,2303351.75,1031753.125,0.0,0.0,0.0,0.0,66624028.0,0.0,0.0,0.0,10944992.0,0.0,1
1789486040.4036105,music,246,4,0.0,14055878.0,0.0,0.0,0.0,0.0,0.0,0.0,0.0,0.0,0.0,0.0,0.0,0.0,576559.3125,5761583.0,1
1789486040.4529567,music,246,13,71473824.0,0.0,107829792.0,0.0,15088980.0,19616438.0,0.0,0.0,0.0,30110476.0,27915260.0,24811492.0,0.0,0.0,0.0,7880668.0,1
1789486040.5658798,music,246,16,898318.375,1144018.5,0.0,0.0,2183318.75,1033429.875,1287649.875,0.0,1400546.0,58501272.0,123213440.0,24830838.0,3384030.0,2060914.0,0.0,2679353.75,1
1789486040.6121721,music,254,5,0.0,0.0,0.0,0.0,1605544.625,0.0,0.0,0.0,0.0,0.0,3389580.75,0.0,0.0,0.0,0.0,5704653.5,1
1789486040.678008,music,183,3,286440256.0,0.0,0.0,0.0,0.0,0.0,0.0,0.0,0.0,0.0,0.0,0.0,0.0,0.0,0.0,0.0,1
1789486040.7331347,music,166,3,223885120.0,0.0,0.0,0.0,0.0,0.0,0.0,0.0,0.0,4149859.5,0.0,0.0,0.0,0.0,0.0,0.0,1
1789486040.8500721,music,211,14,31966074.0,0.0,0.0,0.0,0.0,0.0,36238704.0,0.0,0.0,37481696.0,0.0,154457984.0,81322016.0,263133360.0,226436448.0,105489248.0,1
1789486040.910389,music,242,12,37872440.0,0.0,9971136.0,0.0,0.0,0.0,0.0,0.0,13565786.0,77183200.0,82202768.0,108367856.0,0.0,0.0,64824136.0,19551046.0,1
1789486040.9743686,music,229,7,0.0,4407581.5,0.0,0.0,1483740.375,8833025.0,5280609.0,0.0,0.0,87891896.0,87844464.0,0.0,0.0,21824040.0,0.0,0.0,1
1789486041.0381346,music,230,9,0.0,0.0,0.0,0.0,0.0,0.0,0.0,0.0,0.0,0.0,86822544.0,134962816.0,0.0,32933980.0,43595444.0,11143851.0,1
1789486041.1057608,music,189,4,128012256.0,8560494.0,0.0,0.0,0.0,0.0,0.0,0.0,0.0,0.0,0.0,0.0,0.0,0.0,2015846.25,0.0,1
1789486041.1687126,music,214,7,15881570.0,99543640.0,0.0,0.0,0.0,0.0,0.0,170907.71875,0.0,0.0,7690896.0,167025616.0,188852896.0,0.0,0.0,0.0,1
1789486041.2315664,music,196,9,64590888.0,0.0,0.0,2631859.5,304266.65625,0.0,0.0,0.0,0.0,0.0,0.0,0.0,7945483.0,27962250.0,0.0,1185151744.0,1
1789486041.2950497,music,196,8,39444756.0,2506369.75,0.0,0.0,0.0,937318.0625,0.0,0.0,0.0,0.0,0.0,0.0,0.0,83205176.0,0.0,0.0,1
1789486041.344856,music,214,11,9272452.0,0.0,2130909.5,0.0,25704996.0,0.0,0.0,0.0,0.0,0.0,7360744.0,70767840.0,7446063.5,21789420.0,0.0,87774944.0,1
1789486041.408864,music,235,18,0.0,0.0,68815240.0,2941384.5,4213127.0,2158283.5,0.0,0.0,15233862.0,154392608.0,56363940.0,62354520.0,13653462.0,29751236.0,6179637.0,0.0,1
1789486041.4710968,music,214,6,0.0,0.0,0.0,0.0,2509117.0,0.0,0.0,0.0,0.0,0.0,0.0,12616486.0,23561994.0,46045992.0,30693680.0,0.0,1
1789486041.5351923,music,235,17,0.0,2406024.75,0.0,15873703.0,275589984.0,131822120.0,5177021.5,0.0,14448684.0,5357738.5,25197380.0,40793668.0,0.0,0.0,0.0,120145680.0,1
