timestamp,sound_type,detected_angle,bin_count,band_0,band_1,band_2,band_3,band_4,band_5,band_6,band_7,band_8,band_9,band_10,band_11,band_12,band_13,band_14,band_15,label
1789486864.536384,music,352,36,69188704.0,11096878.0,27742490.0,41944860.0,117769592.0,120828272.0,517005056.0,182193120.0,137121552.0,315753248.0,455200576.0,414776448.0,168755936.0,2928974336.0,996921472.0,111492528.0,1
1789486864.884878,music,353,34,62537696.0,2529441.0,63699688.0,87744536.0,5895544.0,232314.84375,32226768.0,22032306.0,6615111.5,215001728.0,20253816.0,5027971.5,245490304.0,53637956.0,25617534.0,61740632.0,1
1789486864.9452157,music,353,29,129230528.0,5897726.5,27328878.0,28754242.0,1248910.125,1417341.0,94839672.0,525694.8125,1007431.9375,160157680.0,9095273.0,8607240.0,125937888.0,7311084.5,20308644.0,56269160.0,1
1789486864.9943993,music,352,33,119046216.0,1409628.0,12661226.0,15066504.0,20552990.0,886552.625,39048452.0,550588.125,6273580.5,362102016.0,63012992.0,21436738.0,236830912.0,13918537.0,19357376.0,21716140.0,1
1789486865.0748398,music,345,32,0.0,0.0,11393479.0,11428774.0,4081170.0,2958882.5,26874492.0,3543522.0,4079409.5,29139706.0,19438408.0,15589723.0,337680512.0,13853012.0,12332042.0,9535667.0,1
1789486865.1341624,music,346,31,5263709.5,0.0,1131567.25,260881.890625,15429442.0,992250.0,15961844.0,2579458.5,5423178.0,63735976.0,18733912.0,6131100.0,245185696.0,12038967.0,7476856.0,17440276.0,1
1789486865.209807,music,348,32,89298272.0,12911088.0,12263244.0,7499833.5,0.0,0.0,16394627.0,643888.125,6484355.5,78457224.0,18603154.0,1100545.875,138897632.0,16210228.0,3358800.0,24814202.0,1
1789486865.5190248,music,354,33,116969152.0,4018488.5,2098937.0,183187968.0,7913907.5,408705.625,14000759.0,17622722.0,373013.25,38622056.0,70035408.0,47967708.0,5122685.0,30376096.0,31294124.0,3835331.0,1
1789486865.7412198,music,355,36,13737853.0,30660388.0,34236072.0,49129108.0,18629076.0,1604593.125,15647669.0,4791728.0,242855.09375,43182912.0,15162908.0,27638072.0,171595488.0,18724840.0,14377091.0,7950775.0,1
1789486865.8056502,music,356,33,2768761.0,53772588.0,28467566.0,38372176.0,33146122.0,132898.1875,10345467.0,1755136.0,0.0,36082220.0,25119088.0,13163655.0,190116384.0,18578544.0,6338788.0,2898716.25,1
1789486865.870152,music,354,36,3348767.0,11020588.0,17922544.0,110443376.0,77974328.0,163293632.0,218720160.0,100276080.0,85722648.0,209736736.0,231867344.0,327118464.0,343334752.0,2718183424.0,680968704.0,38641192.0,1
1789486865.9345505,music,354,22,40401552.0,0.0,153245056.0,148901648.0,0.0,0.0,0.0,14295562.0,3760435.0,115535648.0,27341260.0,53617076.0,33419568.0,40162392.0,5794335.0,4875365.5,1
1789486866.3122573,music,353,34,164101920.0,0.0,23678008.0,45256552.0,33991636.0,77245456.0,139132896.0,6548012.5,1743057.25,35992040.0,1062438400.0,337720512.0,39359620.0,2570668.25,1163698.0,8680135.0,1
1789486866.8518765,music,355,33,59591828.0,108241744.0,87760768.0,52737652.0,22513994.0,2682123.25,4632570.5,1789312.75,27556946.0,219536672.0,93234144.0,36578672.0,122271728.0,13422968.0,31878130.0,38769148.0,1
1789486866.9228237,music,355,31,57125276.0,129920384.0,55540892.0,3993218.0,2448235.75,7681316.0,4670137.0,0.0,1323931.625,98476368.0,96895728.0,43652500.0,371225760.0,25214830.0,38995264.0,5574759.0,1
1789486867.199793,music,354,35,18722266.0,93603288.0,86186184.0,18651680.0,38306056.0,31365898.0,0.0,10287230.0,79461152.0,159794272.0,42683456.0,77098496.0,127531952.0,1099414784.0,336570336.0,41937632.0,1
1789486867.453372,music,356,30,7967171.5,197315264.0,68406624.0,5353575.5,20126644.0,0.0,0.0,21173908.0,9430691.0,44217984.0,21531470.0,32512978.0,126528784.0,94209488.0,464858144.0,269660128.0,1
1789486867.86558,music,354,36,36701488.0,16010590.0,31735900.0,5476706.0,5829826.0,6890067.5,66683500.0,41217424.0,8386221.5,24560310.0,26963704.0,53600304.0,153897248.0,52528808.0,89573312.0,142680672.0,1
1789486867.926202,music,354,31,31424154.0,92589368.0,84046272.0,96928864.0,3755594.5,0.0,324210496.0,64546736.0,4949358.0,742749184.0,475596960.0,33712636.0,78309984.0,9427996.0,8510424.0,8600827.0,1
1789486867.9750729,music,356,29,26259828.0,45633580.0,53680152.0,83299816.0,2202461.0,3346437.25,34955944.0,30264008.0,638713.125,1019451136.0,382588192.0,9888534.0,3142950.75,10201457.0,10106574.0,10039848.0,1
1789486868.0397155,music,356,30,0.0,79259312.0,32829980.0,47428220.0,4450054.0,34126512.0,85935248.0,19711220.0,2496077.25,755154624.0,304684640.0,20786114.0,20562704.0,17222498.0,13272988.0,2919775.75,1
1789486868.089157,music,358,26,0.0,20705422.0,45552868.0,59261104.0,4100457.0,41232400.0,134329712.0,0.0,0.0,530468832.0,206244144.0,0.0,38405368.0,11451860.0,15472200.0,13429299.0,1
1789486868.531767,music,356,34,363367040.0,108654904.0,26648148.0,16902380.0,39973088.0,96598184.0,186414752.0,9317084.0,66136056.0,121188256.0,27966668.0,160902320.0,107882576.0,307423936.0,106051424.0,25522576.0,1
1789486869.2929406,music,323,35,196506544.0,56400540.0,15076534.0,46594320.0,109325640.0,10759045.0,15952787.0,7117123.0,20256688.0,98080936.0,44079912.0,8474117.0,16789070.0,4200537.5,20969996.0,0.0,1
1789486869.356533,music,328,27,384872032.0,14037160.0,7381598.0,0.0,53708568.0,3595127.5,23492116.0,0.0,12993244.0,60925652.0,21128756.0,6562985.0,0.0,1165359.125,701037.5,2936788.5,1
1789486869.4192438,music,329,28,327704608.0,48698932.0,75591680.0,13755268.0,105705240.0,4427583.5,2059324.625,462801.8125,50471528.0,12415298.0,6195407.0,0.0,30027488.0,3705730.5,3980107.0,0.0,1
1789486869.4780054,music,314,31,48791556.0,3367913.5,125252736.0,19494370.0,102448560.0,864547.875,11729558.0,4084833.0,177758688.0,28356048.0,12322944.0,24573604.0,39060680.0,1752544.25,13399820.0,3421651.25,1
1789486869.5524309,music,328,23,396875904.0,46013640.0,98546016.0,17568144.0,0.0,16694471.0,17301438.0,776060.9375,49103748.0,14652172.0,0.0,11751921.0,26488654.0,1008568.5,0.0,1225122.0,1
1789486869.614807,music,306,26,42831444.0,15369958.0,13353271.0,0.0,9479868.0,101260904.0,7243386.0,3503520.0,83441032.0,41875100.0,29920534.0,28360768.0,10200521.0,160464.28125,24627806.0,18045156.0,1
1789486869.8632684,music,289,28,0.0,0.0,0.0,11883358.0,31445936.0,6013166.0,103686272.0,16882850.0,34779080.0,15249013.0,14640024.0,23679200.0,46222620.0,120736408.0,118363000.0,11830854.0,1
1789486869.9228158,music,284,26,51620024.0,1368656.375,0.0,15175469.0,27828596.0,58424992.0,59646384.0,4041754.5,4109228.5,19523952.0,52556588.0,183345008.0,17367272.0,107374656.0,27286576.0,8090775.5,1
1789486870.1800973,music,281,27,2655048.0,47218612.0,9714566.0,8893944.0,7545752.5,52249576.0,4122399.75,2695076.75,655702.625,11521854.0,9381082.0,9711674.0,0.0,5878432.5,42683440.0,748199.0,1
1789486870.7830656,music,265,16,0.0,0.0,1004087.625,802711.1875,1587220.125,11293820.0,1917718.375,0.0,7611398.0,19639268.0,11522102.0,94783.234375,0.0,351075.75,1118693.75,428841.03125,1
1789486871.196007,music,246,21,18329220.0,7890502.0,5379032.0,1056568.75,2536010.25,0.0,13203592.0,9301262.0,1758504.125,33534380.0,38705144.0,0.0,0.0,69217024.0,82627008.0,5412525.0,1
1789486872.5275252,music,227,23,112567664.0,57587728.0,0.0,597673.5,0.0,54428300.0,9773587.0,6382277.0,2209058.0,4471996.5,35415728.0,6764708.0,0.0,49098836.0,6813997.0,0.0,1
1789486872.5868373,music,227,12,27142760.0,21002740.0,0.0,0.0,3195145.5,0.0,20903024.0,11009994.0,0.0,13606279.0,0.0,9871253.0,12132452.0,33313516.0,0.0,0.0,1
1789486872.6372097,music,231,14,14860292.0,5007722.5,2967403.5,0.0,0.0,0.0,1007542.5625,5171728.5,16369966.0,59812304.0,5263017.5,0.0,0.0,6536430.0,2352307.0,0.0,1
1789486872.6995933,music,236,17,0.0,8309936.0,0.0,0.0,55279612.0,25524854.0,16978762.0,6723039.0,0.0,36837000.0,15667116.0,15557630.0,0.0,0.0,7359184.0,0.0,1
1789486873.859463,music,206,19,0.0,5554621.0,0.0,0.0,14833496.0,121506736.0,19288230.0,3678396.0,0.0,1937614.625,5847909.0,40107700.0,4829779.0,54073480.0,5379627.0,0.0,1
1789486875.191328,music,174,21,0.0,0.0,0.0,107576.0703125,3590651.0,1636857.375,13570660.0,332712.21875,6669440.0,25092382.0,10397085.0,7733594.0,41762180.0,26952134.0,1007440.0625,0.0,1
1789486876.5242317,music,190,18,20614602.0,1450904.125,0.0,0.0,85725264.0,1985882.75,864697.1875,1101112.375,0.0,6211184.0,0.0,4523475.5,31875224.0,16010605.0,0.0,6004446.0,1
1789486876.5896943,music,201,10,0.0,0.0,0.0,0.0,142056912.0,781394.5,0.0,0.0,2362402.0,5908298.0,0.0,0.0,21930460.0,14716687.0,1649057.375,0.0,1
1789486876.872671,music,215,14,0.0,0.0,0.0,0.0,294466880.0,1859998.75,0.0,1720046.625,0.0,0.0,276267.0625,22554384.0,22080510.0,6279279.0,0.0,1659182.0,1
1789486876.933508,music,213,8,0.0,0.0,0.0,0.0,0.0,513342.90625,0.0,0.0,0.0,22613078.0,236522.375,2764294.0,0.0,1279512.25,0.0,0.0,1
1789486876.934743,music,173,3,113509144.0,3991672.75,459664.3125,0.0,0.0,0.0,0.0,0.0,0.0,0.0,0.0,0.0,0.0,0.0,0.0,0.0,1
1789486877.0623732,music,220,16,0.0,1727608.125,0.0,680627.0625,75396000.0,0.0,0.0,0.0,0.0,19856850.0,3517312.25,1171749.25,43980624.0,10567512.0,0.0,9507429.0,1
1789486877.1209886,music,221,15,0.0,0.0,603871.6875,1583344.75,67143376.0,0.0,0.0,0.0,0.0,26640192.0,2959652.0,6392331.5,84125376.0,2767186.0,0.0,1366225.625,1
1789486877.3796499,music,236,19,200215104.0,0.0,0.0,390329.1875,16982904.0,4380183.5,322819.5625,0.0,32280496.0,994761.8125,0.0,14341491.0,83537288.0,5102469.0,143844.546875,0.0,1
1789486877.4753647,music,250,23,0.0,0.0,50404692.0,44353696.0,52132612.0,393123.6875,312452.25,2395996.0,30041204.0,5736109.0,651051.5,1670787.5,0.0,67295048.0,82803360.0,22171122.0,1
1789486877.8553324,music,252,15,65188296.0,0.0,0.0,0.0,32493030.0,0.0,0.0,0.0,3661826.0,9827248.0,5737572.0,242246.578125,12555685.0,1780327.125,2232212.25,0.0,1
1789486878.1715477,music,287,19,11998528.0,10549426.0,0.0,0.0,35072140.0,942172.5,969195.75,6210251.0,2531289.75,16198837.0,6916404.5,0.0,1637973.0,9375189.0,10314982.0,6247603.5,1
1789486878.2362,music,285,21,0.0,0.0,11662459.0,149684976.0,41448344.0,4748585.5,6030957.5,0.0,3788994.0,832066.0,10216462.0,4872949.0,12027391.0,6834158.0,27362210.0,8041992.0,1
1789486878.3944492,music,287,25,164911808.0,7882786.0,3174845.25,6832681.0,8206729.5,520826.96875,298347.6875,0.0,0.0,6485911.0,7252146.0,11417295.0,18283800.0,2929052.5,3942613.0,31738932.0,1
1789486878.5524604,music,294,28,14142587.0,0.0,6206794.5,14808121.0,51099880.0,0.0,184539808.0,13359543.0,8361775.0,341647360.0,196822672.0,1517187.0,13845427.0,572903.375,2841249.0,4136108.75,1
1789486878.8699048,music,307,38,117763704.0,40771612.0,153774656.0,205285792.0,62826772.0,95443656.0,162592688.0,12185640.0,13959747.0,125169512.0,83720368.0,51970156.0,24012308.0,29546434.0,2745477.5,10060426.0,1
1789486878.9402132,music,309,28,37421736.0,0.0,25005862.0,47719892.0,10523820.0,4123898.5,3831995.0,4107150.25,357581.625,30414604.0,52322252.0,33853416.0,13455758.0,4403033.0,9699654.0,1386226.75,1
1789486879.2184458,music,305,30,40399408.0,16730985.0,53851848.0,42195536.0,39653996.0,39608148.0,340460800.0,22002802.0,0.0,847669.125,83442208.0,122666128.0,236024048.0,258102336.0,46091008.0,107508400.0,1
1789486879.2772474,music,316,16,0.0,5517204.0,105693680.0,23909732.0,0.0,0.0,2883352.75,3246156.25,0.0,2383272.5,6225663.5,9533753.0,4764152.0,28858924.0,31995044.0,13764459.0,1
1789486880.5494108,music,308,28,25294028.0,6141326.0,88137608.0,38508420.0,95950904.0,75631752.0,287147424.0,40554432.0,0.0,0.0,95561056.0,51959584.0,95869072.0,452320448.0,68990416.0,133362680.0,1
1789486881.8816414,music,315,28,54040048.0,1700818.75,48899720.0,137248928.0,62303424.0,9683781.0,328860928.0,25590496.0,0.0,0.0,96947824.0,167461824.0,122979392.0,558141248.0,0.0,82177936.0,1
1789486883.3706875,music,330,19,0.0,0.0,450398.0625,0.0,0.0,361119.5,581251.625,535253.1875,2446480.5,62737.9140625,0.0,264742.46875,11387006.0,5621329.0,3331779.5,597591.9375,1
1789486883.4288886,music,331,14,0.0,0.0,0.0,491656.71875,328351.375,0.0,32301.041015625,0.0,13232959.0,4415372.0,98321.2109375,0.0,536401.3125,299996.5,336740.21875,0.0,1
1789486883.845913,music,313,27,430897280.0,1811129.5,5117113.0,521120736.0,478725856.0,2199735.75,0.0,22852012.0,0.0,124973.6875,19743310.0,22527852.0,1795135.875,164635.109375,10945164.0,3364848.5,1
1789486883.9037867,music,313,8,0.0,0.0,0.0,0.0,0.0,0.0,0.0,0.0,0.0,0.0,18126206.0,23710164.0,0.0,676585.25,17461518.0,0.0,1
1789486883.9530387,music,312,24,309085664.0,0.0,2345608.0,240270400.0,12017108.0,0.0,4932924.5,301498.75,0.0,170806.46875,49344704.0,916605.25,182352.71875,5248015.5,5464248.0,63357.58203125,1
1789486884.0350358,music,310,25,304388128.0,0.0,574871.9375,409692608.0,55359020.0,0.0,0.0,0.0,1064633.375,540335.4375,7919792.5,13841039.0,1362378.625,1632364.0,1359260.75,1617669.625,1
1789486884.0920742,music,310,18,237886816.0,0.0,3754259.25,434456576.0,20389316.0,0.0,0.0,0.0,0.0,0.0,16435878.0,19638668.0,168678.46875,581374.4375,3560427.25,1965521.0,1
1789486884.1939185,music,311,17,0.0,0.0,0.0,148009120.0,29908150.0,59941.98828125,0.0,0.0,843160.75,323146.9375,35872940.0,10346523.0,18435.595703125,2057132.75,21530432.0,512022.6875,1
1789486884.2509952,music,312,26,241752384.0,0.0,3664940.0,370519360.0,25688922.0,0.0,636250.75,0.0,553014.3125,1204079.25,102965200.0,52137944.0,158662.640625,10307433.0,57227996.0,483383.0625,1
1789486884.351877,music,310,22,234475392.0,163725.78125,0.0,160603680.0,12571043.0,0.0,11723595.0,0.0,327926.875,0.0,130788768.0,32904186.0,660103.6875,480809280.0,764523392.0,1035576.0625,1
1789486884.5426018,music,311,25,245319.0,0.0,2454574.0,51286024.0,5419964.5,0.0,37459404.0,0.0,0.0,4969471.0,154488944.0,19362402.0,848364.375,154744224.0,518557472.0,9608150.0,1
1789486884.600229,music,314,23,184223696.0,0.0,2374851.0,153745696.0,6118746.5,0.0,37353496.0,12736994.0,163610.59375,0.0,200834768.0,29037092.0,0.0,84967352.0,86436048.0,3643065.25,1
1789486884.662327,music,314,19,217878880.0,0.0,1716109.25,161460720.0,9826606.0,0.0,30326190.0,14932872.0,0.0,936689.8125,316492800.0,112212224.0,0.0,2719360.75,14690912.0,696700.5625,1
1789486884.7323802,music,314,28,328378.21875,0.0,2585447.5,74750944.0,742476.25,280861.34375,10575201.0,6893196.5,134534.578125,4977301.5,98117312.0,11002302.0,1829925.75,59328300.0,220664800.0,11367800.0,1
1789486884.7778852,music,314,22,0.0,93680.546875,2663888.0,73607992.0,6490908.5,0.0,1512920.125,3106991.25,0.0,969569.375,178181856.0,45697060.0,1112276.25,2909171.5,0.0,1373444.75,1
1789486884.827765,music,315,25,12376624.0,102763.609375,14658098.0,133103152.0,299791.78125,0.0,20516376.0,11020890.0,517473.96875,819507.1875,0.0,1753874.375,354741.71875,103374808.0,189711200.0,5046281.5,1
1789486884.8847103,music,315,29,212937200.0,5844340.5,18647452.0,42475600.0,115200728.0,680752.125,32348.947265625,10090632.0,925579.875,7347701.0,21341816.0,16796524.0,434939.15625,0.0,65447632.0,13896787.0,1
1789486884.9337199,music,315,16,70159560.0,0.0,9682421.0,194621552.0,53982372.0,3516321.0,19045108.0,0.0,0.0,0.0,0.0,0.0,1219432.125,18247438.0,46065952.0,46977696.0,1
1789486884.9803154,music,317,25,270566176.0,0.0,20527136.0,332474976.0,4302225.0,32417.76953125,5452514.5,0.0,0.0,4047550.0,58052448.0,13061300.0,780414.4375,74836064.0,53773432.0,4187646.5,1
1789486885.0417252,music,313,27,588177408.0,216502.203125,2061981.25,110850864.0,9440377.0,0.0,2956412.0,0.0,2400825.75,889320.8125,27279606.0,19299362.0,271849.4375,15486329.0,157367472.0,3994208.0,1
1789486885.1029608,music,313,24,39279088.0,0.0,1669390.5,21142640.0,2315352.5,45629.8515625,5675989.5,856735.625,22107.9921875,0.0,51607700.0,34014900.0,1560153.375,15561506.0,37515336.0,37533764.0,1
1789486885.1525521,music,324,22,6737448.5,0.0,4040451.5,40886896.0,0.0,0.0,0.0,11732649.0,395747.0625,54654528.0,338188416.0,13608412.0,296141248.0,1507770368.0,436122112.0,29442986.0,1
1789486885.214562,music,317,27,394986080.0,18421332.0,106823472.0,159009248.0,92742512.0,278331584.0,318209024.0,0.0,0.0,12687388.0,141934256.0,70717376.0,33019830.0,12659799.0,22221132.0,71670928.0,1
1789486885.2771096,music,317,23,0.0,15480462.0,0.0,80569568.0,5397285.0,0.0,149468144.0,100680944.0,9172073.0,1866829.625,315750656.0,134468384.0,14099762.0,66567156.0,144355424.0,78281224.0,1
1789486885.3232787,music,316,23,168768624.0,6677015.0,62219088.0,74346880.0,26880176.0,7717039.0,142068768.0,30871710.0,6599263.5,4265412.0,68217888.0,620995200.0,63403192.0,11790644.0,15227707.0,0.0,1
1789486885.3852155,music,323,24,0.0,21504044.0,11397252.0,0.0,18812612.0,54053256.0,308256576.0,166195072.0,8012004.0,28210930.0,26372402.0,242968496.0,4527419392.0,313004416.0,0.0,190939920.0,1
1789486885.4475088,music,319,25,0.0,0.0,104021352.0,5316294.0,0.0,27333944.0,168046720.0,417775136.0,89509992.0,79447672.0,38435108.0,131062392.0,2148709376.0,91448144.0,13026594.0,16385764.0,1
1789486885.5096195,music,318,32,98077680.0,143496720.0,197496960.0,135911424.0,51767088.0,53688720.0,106907288.0,235515328.0,38102096.0,53432892.0,128340064.0,228398464.0,0.0,0.0,40756808.0,222720400.0,1
1789486885.5709333,music,311,26,96763544.0,0.0,0.0,0.0,0.0,2827444.75,61256480.0,141660192.0,38809972.0,63174376.0,28012412.0,404398784.0,500295360.0,253051616.0,97848800.0,127373392.0,1
1789486885.6324925,music,313,20,23145040.0,0.0,68634432.0,26195150.0,0.0,0.0,0.0,31561946.0,14004691.0,56808504.0,80310680.0,380716256.0,363299200.0,246732912.0,0.0,128096672.0,1
1789486885.6942284,music,318,24,121179480.0,0.0,20769692.0,15428228.0,18299064.0,8097037.5,61502760.0,117061696.0,0.0,31781628.0,106944024.0,19123994.0,418456832.0,358907232.0,23745384.0,141963200.0,1
1789486885.7562227,music,317,31,10767280.0,17837284.0,135299872.0,33698624.0,12495604.0,34648044.0,124553208.0,196957632.0,69932176.0,26364956.0,239586016.0,16971132.0,0.0,77430384.0,17009732.0,38543184.0,1
1789486885.8176532,music,320,28,35424064.0,216682560.0,47747028.0,28030232.0,1612329.0,2371519.75,103511568.0,98842536.0,16630887.0,7974781.5,30472380.0,72661080.0,1151063424.0,163944832.0,53675608.0,142436880.0,1
1789486885.8796105,music,321,26,24262812.0,190302496.0,113204200.0,13553838.0,18355266.0,7963892.0,0.0,170210688.0,43098028.0,8482246.0,44615088.0,114308080.0,1511937152.0,905709568.0,0.0,7955133.5,1
1789486885.9414032,music,321,16,0.0,33311076.0,65246424.0,0.0,0.0,0.0,426953408.0,0.0,6613829.0,6444246.0,41705000.0,77117648.0,906345728.0,98491504.0,17086132.0,169170672.0,1
1789486885.9878259,music,321,26,22673668.0,43356436.0,147778272.0,23600308.0,826253.625,15911849.0,0.0,0.0,23059428.0,1468038.375,25684360.0,82309656.0,2623090176.0,111786424.0,10510798.0,25277720.0,1
1789486886.0380013,music,326,26,40064216.0,52826976.0,67230392.0,0.0,142927.546875,0.0,192339888.0,5210110.5,8463237.0,3675668.0,7683423.0,56300092.0,1122005760.0,50271632.0,3601405.75,15151644.0,1
1789486886.1005838,music,325,30,5216945.5,47399512.0,106227800.0,7179681.5,0.0,6111617.0,4434059.0,18292036.0,21786864.0,4209571.0,5789920.5,58591976.0,1214293504.0,98891296.0,6122647.0,4973409.5,1
1789486886.1640155,music,326,25,11013209.0,14604771.0,87162312.0,5506292.0,621272.375,0.0,12059379.0,3066278.0,6007362.5,1726686.125,73213352.0,19228166.0,50476640.0,56096004.0,3780863.5,2607931.25,1
1789486886.2265937,music,329,33,43357076.0,395079552.0,198447328.0,23446564.0,336415.1875,3211027.75,201132000.0,182305968.0,12688552.0,1470465.25,33827496.0,24870212.0,253198304.0,35175868.0,1720092.875,25933648.0,1
1789486886.2891352,music,322,31,21835560.0,653623040.0,275724288.0,12778896.0,921323.8125,0.0,152457104.0,66336988.0,899184.125,5525234.0,39042288.0,38069736.0,896023424.0,204330368.0,10872057.0,35180972.0,1
1789486886.351873,music,323,27,0.0,288484160.0,60633004.0,0.0,360044.0,0.0,112055160.0,25531068.0,2417033.5,398875.375,23207904.0,54842388.0,1987719040.0,213847264.0,7131387.0,20621818.0,1
1789486886.414821,music,321,30,17920132.0,29788424.0,27188632.0,5088822.0,1879737.75,4601638.0,293954784.0,122223176.0,1430066.75,1031047.75,24790576.0,18991466.0,1434619520.0,19765450.0,2850320.5,4269168.5,1
1789486886.4769583,music,331,35,9862298.0,122142496.0,27165210.0,11100426.0,1165978.5,1523780.875,466662656.0,271443232.0,3582931.5,1669959.25,55792332.0,23289664.0,606497856.0,69393752.0,13109090.0,24395670.0,1
1789486886.540025,music,329,22,24198832.0,167199488.0,52717664.0,2820279.25,85002.984375,995035.6875,0.0,7605868.0,424771.75,928333.875,10741218.0,18893326.0,559361152.0,61926136.0,0.0,31375264.0,1
1789486886.6035116,music,312,29,1634315.75,35803512.0,6666846.0,2731198.0,0.0,993210.875,766124672.0,367021600.0,4890440.0,1838588.625,38803352.0,28079234.0,228119616.0,611483.625,1174983.75,27965580.0,1
1789486886.6656332,music,316,28,9965922.0,3284663.0,36538744.0,11048286.0,0.0,564770.75,455383712.0,253358400.0,2555201.0,1602330.25,60890160.0,16405469.0,406977792.0,90514096.0,1354390.625,2304095.5,1
1789486886.7227902,music,316,24,12375108.0,20940284.0,2024389.75,1945333.0,773712.4375,325183.25,0.0,0.0,647033.25,2113690.75,25207732.0,10743016.0,152015552.0,1321528.0,5102838.0,12581802.0,1
1789486886.773643,music,326,12,9545299.0,0.0,0.0,0.0,0.0,0.0,0.0,0.0,0.0,0.0,4740039.0,27655738.0,154179936.0,73303568.0,3181877.0,53711480.0,1
1789486886.8366458,music,328,27,70229664.0,134249280.0,36847088.0,19432212.0,14094962.0,0.0,0.0,7863147.5,0.0,14613409.0,37661848.0,22516664.0,196399248.0,110207584.0,8273617.0,36252876.0,1
1789486886.9001727,music,310,32,57920216.0,42725640.0,59505384.0,28011524.0,225582400.0,301645440.0,82526824.0,92796368.0,14096267.0,29851686.0,19534984.0,121375568.0,90440544.0,179381248.0,62968720.0,55755912.0,1
1789486886.9622097,music,316,19,0.0,0.0,0.0,7912510.0,368233216.0,119323184.0,22473332.0,169907872.0,0.0,24415162.0,105357904.0,81880832.0,465236992.0,293418688.0,0.0,21496510.0,1
1789486887.0236835,music,316,27,199480688.0,0.0,0.0,33338860.0,440872544.0,66327076.0,142333952.0,219635488.0,12091863.0,8333702.5,77276264.0,74761296.0,0.0,174156896.0,27125612.0,112368296.0,1
1789486887.0687509,music,317,27,232073040.0,7695142.5,197976.515625,8048875.5,199023568.0,45353756.0,267023648.0,98361512.0,25270268.0,3782679.25,89453376.0,24926222.0,260378112.0,56371832.0,176314096.0,16716165.0,1
1789486887.1304276,music,316,24,237724336.0,13297727.0,0.0,16254213.0,174490432.0,5439211.0,123737152.0,108049432.0,1179841.875,5390478.5,52603096.0,15803374.0,0.0,0.0,38542180.0,0.0,1
1789486887.2042625,music,315,30,2868182.0,4836245.0,23723090.0,309289600.0,133522600.0,73009448.0,328378112.0,90541104.0,0.0,26863140.0,245143664.0,134980640.0,76652808.0,745304960.0,349973312.0,26365232.0,1
1789486887.261442,music,315,22,112966864.0,0.0,67292672.0,108004272.0,45296860.0,0.0,19350656.0,0.0,22282500.0,9489065.0,61052384.0,61551960.0,0.0,166287264.0,12707178.0,60671056.0,1
1789486887.3109336,music,315,25,175496096.0,7263879.0,146936064.0,236495152.0,22582388.0,0.0,3211728.5,4561032.0,0.0,8702844.0,46569580.0,24111552.0,258849056.0,16459642.0,0.0,8687226.0,1
1789486887.3569977,music,326,28,94110136.0,0.0,173420272.0,262680368.0,41514560.0,0.0,28154716.0,28982530.0,0.0,0.0,7773945.0,41584416.0,308337920.0,76774512.0,51957168.0,4975621.0,1
1789486887.4197397,music,325,27,312898176.0,0.0,134509776.0,0.0,9419128.0,541973.8125,85378792.0,40241460.0,7624662.0,5727241.0,8641428.0,7504085.5,381716096.0,64659620.0,19787410.0,6571908.5,1
1789486887.4835763,music,328,29,139600752.0,546237.0,116263368.0,204362672.0,6294944.0,1255914.75,3942313.0,1577907.875,29165292.0,3462296.0,18676256.0,15431948.0,62031620.0,9267870.0,1703643.875,15107420.0,1
1789486887.546732,music,323,29,4016658.75,8560105.0,70798112.0,99336008.0,8141209.0,2930041.0,1536285.625,1820653.375,1057222.25,4884659.5,449130144.0,172841952.0,622217728.0,88808592.0,26081334.0,17691458.0,1
1789486887.6087086,music,313,31,24629114.0,28754532.0,0.0,119191072.0,27153612.0,6533101.0,11285025.0,9801669.0,10018280.0,1561409.0,715281152.0,191860960.0,314314368.0,16763124.0,14316821.0,1012204.9375,1
1789486887.6699288,music,313,27,69505240.0,11207312.0,25603288.0,75631008.0,16238866.0,1460550.75,17574092.0,21150072.0,0.0,4332204.0,927658368.0,216511696.0,165867536.0,44498128.0,20116976.0,7228061.5,1
1789486887.7193923,music,313,30,62296804.0,13251754.0,15579996.0,75028416.0,20772450.0,1068600.375,9667804.0,22133360.0,6571356.0,10414554.0,861117632.0,204792128.0,136925616.0,78032704.0,32996108.0,16164324.0,1
1789486887.7756753,music,314,32,92690400.0,13130599.0,22615336.0,26508096.0,25863644.0,0.0,11392870.0,7548256.0,7068560.5,7798330.5,656987648.0,269041664.0,259500352.0,1690595.625,2604956.75,6684133.0,1
1789486887.8334,music,314,25,0.0,0.0,39561292.0,19395566.0,67239552.0,1801087.75,8882248.0,6819268.5,1623015.0,1941207.75,557713152.0,146652816.0,82345360.0,1304114.625,1901440.625,3378020.5,1
1789486887.8835032,music,323,28,79399344.0,43658408.0,89207184.0,66134856.0,24332108.0,44292808.0,19132504.0,15757530.0,0.0,8222436.0,347354976.0,273916736.0,2158061824.0,335078560.0,20864750.0,6751308.5,1
1789486888.1873436,music,321,33,414942176.0,1815950.5,21568410.0,11374457.0,29787582.0,2735689.25,12972904.0,13820376.0,17061822.0,4465063.5,0.0,20417410.0,563559744.0,208266816.0,37565668.0,7041925.0,1
1789486888.2560444,music,323,25,60304640.0,0.0,4873264.5,13328182.0,84647336.0,0.0,3145949.5,2076158.25,0.0,47563192.0,92213136.0,46447256.0,844988800.0,48058344.0,13514932.0,42005472.0,1
1789486888.5361948,music,327,23,0.0,2530251.75,17999714.0,35056256.0,61799288.0,0.0,337452096.0,73013384.0,0.0,35343604.0,193630080.0,109719400.0,629259520.0,1312054528.0,269000992.0,21882362.0,1
1789486888.596292,music,327,18,0.0,5292889.5,4511036.5,8881375.0,32095628.0,0.0,0.0,0.0,0.0,11652614.0,25999992.0,64554556.0,818350336.0,219504768.0,10816526.0,30914946.0,1
1789486888.6459267,music,325,29,0.0,3561561.25,739532.625,872512.9375,29547316.0,2670328.5,20251496.0,5578327.0,29367624.0,21405462.0,88416744.0,47517096.0,1267750400.0,65221916.0,4272319.0,1152214.375,1
1789486888.7094731,music,326,28,125967136.0,647308.8125,510546.90625,2874257.5,41642672.0,291897.125,229873.671875,2493822.0,18545718.0,22360310.0,21428870.0,0.0,649352000.0,87315664.0,2385712.5,5683189.0,1
1789486888.7890544,music,315,28,0.0,0.0,6121787.5,5363514.0,423914.28125,249442.65625,22145632.0,3140751.75,2027667.625,29643330.0,82827520.0,91946016.0,939276480.0,42070304.0,2245928.75,9375526.0,1
1789486888.8572881,music,320,31,10307859.0,5973711.0,2452846.5,0.0,19113770.0,1574623.25,7089117.5,384533.65625,774699.125,2170752.0,32194016.0,19819204.0,1026756608.0,73083360.0,1165833.0,434659.09375,1
1789486888.9784768,music,323,31,123183848.0,12483974.0,3233366.5,8603851.0,60576376.0,0.0,13717868.0,3505405.5,12293128.0,11167248.0,6440186.0,17154772.0,1090219392.0,47456928.0,170098.46875,2517070.0,1
1789486889.2009528,music,315,34,148419920.0,7320583.5,24856634.0,180546080.0,18076630.0,1236199.125,2679650.75,6531188.0,10487758.0,80451312.0,577010304.0,326463424.0,150216544.0,47950216.0,6336073.0,1382586.375,1
1789486889.2583828,music,315,31,401648768.0,0.0,1303237.0,15625605.0,33748392.0,100595.5390625,3559414.0,8981813.0,272590656.0,11293986.0,742246848.0,382453536.0,88472552.0,8890290.0,6849630.5,3999280.25,1
1789486889.3082123,music,316,31,236125680.0,23237836.0,60926060.0,66899968.0,45781444.0,4201718.5,3094376.5,43750124.0,126310800.0,64137412.0,703665920.0,76587600.0,23960814.0,27664604.0,17642680.0,5220986.5,1
1789486889.3687215,music,315,25,188499552.0,0.0,51542792.0,188750752.0,21375902.0,0.0,0.0,50855300.0,205088272.0,28602666.0,1005183616.0,100268896.0,7492200.0,30934724.0,115226128.0,14916501.0,1
1789486889.5166795,music,316,31,164613648.0,0.0,83833544.0,373567232.0,52114848.0,335113.3125,10931597.0,455352.0625,75759104.0,26100196.0,966644672.0,329767360.0,90488088.0,16446154.0,13125203.0,2133262.0,1
1789486889.8662121,music,323,31,94766208.0,0.0,31731406.0,56139844.0,23772396.0,21794216.0,130350160.0,58802272.0,13285964.0,85371568.0,52317176.0,86753736.0,320127328.0,684200960.0,95492432.0,12533451.0,1
1789486889.9239876,music,323,28,68490848.0,8331366.0,128381712.0,276394528.0,49809248.0,53675500.0,128091280.0,0.0,6702440.5,42207368.0,37385584.0,88909584.0,126809408.0,224559200.0,0.0,5658245.0,1
1789486889.9740946,music,323,23,46395164.0,0.0,364093600.0,492409120.0,20021622.0,1191414.875,9511743.0,11266722.0,538582.5625,47951096.0,109189392.0,47365460.0,0.0,0.0,6383992.0,2677705.0,1
1789486890.0204363,music,324,24,49715224.0,5296553.0,366180448.0,318592224.0,11487916.0,0.0,0.0,0.0,2069732.625,37621712.0,134139272.0,33441830.0,0.0,32398848.0,5403804.0,4302995.0,1
1789486890.1831448,music,317,27,46181860.0,0.0,1667091.625,65516588.0,8537020.0,745524.75,8256542.0,4501218.0,2216584.5,7470770.0,276595296.0,140005904.0,22171424.0,0.0,13581260.0,5780142.0,1
1789486890.2404313,music,320,34,587404288.0,21359268.0,10041383.0,109139616.0,19559056.0,2470352.25,6579144.0,0.0,9147863.0,16209784.0,9031388.0,15760919.0,103925800.0,10469227.0,5769204.0,2942416.5,1
1789486890.3135533,music,319,23,114029720.0,0.0,18200290.0,35259740.0,9609800.0,0.0,6433924.0,8988232.0,2837179.75,10966935.0,0.0,0.0,83964736.0,1496538.125,17784528.0,10115460.0,1
1789486890.4040618,music,319,29,262552960.0,725544.75,6948369.5,0.0,4132095.5,0.0,13874289.0,1747131.125,1223246.75,53711388.0,72760480.0,8545132.0,245903760.0,27504550.0,191336768.0,19237276.0,1
1789486890.4496913,music,318,34,280176096.0,4965087.5,1977733.0,83527928.0,26232288.0,0.0,5940761.0,9434646.0,17385580.0,14253938.0,221133504.0,102913464.0,137690000.0,237054304.0,1097460608.0,358434624.0,1
1789486890.5305774,music,320,30,36504668.0,82294904.0,32953032.0,64333956.0,32762628.0,37172960.0,48450216.0,4453669.5,0.0,2298010.75,672563328.0,243150624.0,74294152.0,173153216.0,2039049984.0,250907552.0,1
1789486890.5886538,music,320,23,0.0,3077849.5,5935284.5,0.0,2169588.5,76098616.0,91880624.0,4968856.5,4250386.0,8854495.0,0.0,22559366.0,33546122.0,7541757.0,224374880.0,135362960.0,1
1789486890.6391866,music,319,25,15199938.0,23124878.0,13113980.0,29226668.0,0.0,0.0,47465696.0,22338744.0,29845132.0,15173760.0,0.0,24869268.0,24638496.0,70342000.0,0.0,117907280.0,1
1789486890.7004573,music,299,18,0.0,0.0,16281010.0,5874336.0,0.0,68920392.0,155559152.0,0.0,0.0,6271079.5,351912736.0,46660644.0,12074334.0,82989944.0,0.0,133452344.0,1
1789486890.7631876,music,308,22,0.0,0.0,8834416.0,23925356.0,15700235.0,89921776.0,81906816.0,6754514.0,2552359.0,20591744.0,0.0,115782928.0,7503528.5,126238040.0,54718456.0,492027744.0,1
1789486890.8271468,music,323,27,27931704.0,23686194.0,9724635.0,4151469.0,0.0,113080656.0,160990688.0,45337448.0,38683176.0,12352964.0,78947424.0,237316304.0,33907908.0,10576028.0,85571400.0,0.0,1
1789486890.890157,music,323,26,101828224.0,12111726.0,32944834.0,61034568.0,18754452.0,0.0,182646048.0,173931744.0,14066886.0,44203716.0,55788680.0,0.0,108532024.0,123748304.0,449572064.0,286971264.0,1
1789486890.9363303,music,330,34,75573936.0,29551044.0,19896980.0,13509048.0,355708.125,76246464.0,302688448.0,361161120.0,4123544.0,46893864.0,42576220.0,49627660.0,944502272.0,407046720.0,56874868.0,8988278.0,1
1789486890.9994426,music,334,23,19053736.0,7230506.0,14547754.0,12348268.0,0.0,63813380.0,43749176.0,0.0,849419.125,14391629.0,139164192.0,320488384.0,1035231296.0,48239252.0,193882432.0,16668017.0,1
1789486891.06304,music,321,36,33795840.0,71582816.0,45125016.0,0.0,2879194.5,45139520.0,320225728.0,360287200.0,9150689.0,28813858.0,193896720.0,122849856.0,1042542464.0,97537088.0,81104872.0,184118752.0,1
1789486891.1254745,music,320,24,26161618.0,0.0,2339496.0,764877.5625,3802300.25,30307448.0,57808840.0,35552020.0,0.0,0.0,66489408.0,133000184.0,765736320.0,54348280.0,138196304.0,50195536.0,1
1789486891.1871676,music,322,26,38744680.0,48189804.0,22714890.0,2808569.0,1276833.125,31533676.0,118358176.0,20458906.0,1811251.0,470519.25,48022744.0,105930336.0,0.0,8759289.0,89035840.0,40340992.0,1
1789486891.250114,music,322,33,0.0,14190561.0,27009638.0,5386574.0,25211244.0,68830160.0,346580224.0,135589824.0,9452878.0,15667350.0,114051456.0,318662784.0,281867584.0,340407680.0,62296264.0,46392984.0,1
1789486891.3000007,music,322,26,2609804.5,2885665.75,6899144.0,7904933.0,63404256.0,22966150.0,70272672.0,11790876.0,8364632.5,13883880.0,121261576.0,73680192.0,149150496.0,26023726.0,0.0,40935456.0,1
1789486891.34589,music,320,29,5282396.0,4192041.25,18058446.0,9838038.0,27261882.0,36071360.0,33799180.0,21961712.0,0.0,16278016.0,112470688.0,71362928.0,214553120.0,33352644.0,36377760.0,24439728.0,1
1789486891.4075754,music,316,25,19010078.0,0.0,2543806.0,3522771.5,18602886.0,91188720.0,68616120.0,2494197.25,6905397.0,59468952.0,79803728.0,17142060.0,180643296.0,11518341.0,21079564.0,19499342.0,1
1789486891.468784,music,320,30,23625094.0,0.0,4213791.0,8864191.0,23072386.0,22400756.0,146870768.0,54228160.0,4238536.5,3125558.5,66133616.0,68601472.0,193326464.0,32433348.0,66505536.0,49625208.0,1
1789486891.5306618,music,319,31,39198320.0,74151744.0,12170696.0,7377521.5,8308098.5,136885024.0,213338752.0,22972776.0,31792276.0,35353912.0,297413568.0,66888784.0,46933376.0,21281508.0,29140008.0,275747776.0,1
1789486891.5920177,music,318,27,79894640.0,0.0,0.0,0.0,10289289.0,198302144.0,414643712.0,78345408.0,0.0,28954372.0,252617712.0,56324140.0,130210208.0,110221824.0,213993856.0,164446768.0,1
1789486891.654038,music,318,22,0.0,0.0,23587804.0,19951876.0,9077214.0,94770096.0,103559984.0,35322988.0,28293812.0,81388472.0,25733888.0,188895968.0,0.0,0.0,70962072.0,137812944.0,1
1789486891.7001653,music,318,31,6923628.5,55432268.0,8023403.5,1879986.125,6131057.5,88426016.0,210822144.0,9280532.0,1061175.75,25385172.0,116653752.0,126953152.0,8956054.0,8582367.0,3764739.5,0.0,1
1789486891.7508078,music,328,23,0.0,110474912.0,37568764.0,1264883.875,552379.0,0.0,163221664.0,221193184.0,840824.375,11948518.0,0.0,4989008.0,373334528.0,89550600.0,21179936.0,34857368.0,1
1789486891.8143482,music,328,31,5485908.0,109217472.0,34526784.0,1829056.0,5791201.0,29760126.0,380716640.0,0.0,1044486.5625,35327168.0,43796656.0,139444640.0,1638140672.0,28015054.0,19826252.0,152673472.0,1
1789486891.8631442,music,315,26,4812022.0,105631216.0,26708376.0,490430.28125,146438.421875,5778527.0,527575840.0,318779200.0,459103.4375,24230282.0,11273420.0,22761864.0,637365888.0,1899746.875,8088883.5,0.0,1
1789486891.9219518,music,329,33,8758310.0,58067840.0,22934606.0,710029.5,981910.25,12385270.0,567160704.0,321012736.0,2612078.25,18526898.0,32094892.0,154096848.0,1960897024.0,32107070.0,3816547.0,0.0,1
1789486891.9849882,music,333,24,4529362.0,55727268.0,13566316.0,0.0,3333209.5,0.0,25112192.0,0.0,1727857.25,78834640.0,29606726.0,128058160.0,2148992000.0,21943124.0,7364629.5,53426384.0,1
1789486892.0484142,music,332,31,5009471.5,50579020.0,15274408.0,872006.8125,0.0,0.0,609548160.0,334603968.0,2786230.0,43816072.0,22391232.0,109686200.0,3720554496.0,52678656.0,8930507.0,64104492.0,1
1789486892.1119096,music,330,33,41342324.0,33823508.0,3158807.0,3858717.25,3584788.5,8194029.5,936723328.0,318243360.0,1128567.375,95539952.0,51626048.0,86761848.0,1528711296.0,38288432.0,8786002.0,47610192.0,1
1789486892.1752515,music,327,33,41171508.0,15177185.0,6861351.0,21960164.0,11593105.0,83175672.0,179420816.0,117855384.0,501746.125,341142592.0,344337984.0,104001056.0,1576294656.0,49126736.0,45199272.0,37356284.0,1
1789486892.2381063,music,328,22,17453860.0,0.0,10960254.0,24563788.0,1027850.6875,0.0,85970672.0,52588520.0,3520019.75,68734416.0,26174348.0,9330817.0,144882848.0,21165914.0,0.0,8719293.0,1
1789486892.3005817,music,325,32,3310138.0,1842980.0,4063298.5,2038733.0,7057282.0,20708962.0,494651904.0,287157216.0,2359248.0,124790352.0,132987920.0,44336952.0,406384384.0,7144445.0,7860330.0,14881498.0,1
1789486892.3631203,music,328,28,227419968.0,10473674.0,0.0,564135.9375,14556690.0,5191941.5,180940272.0,101623864.0,3672805.0,9442644.0,8435546.0,2204324.5,175966912.0,5465228.5,19596202.0,10209730.0,1
1789486892.4264162,music,330,29,91147496.0,11734926.0,761350.9375,854584.125,7263280.0,5058504.0,63616620.0,31168948.0,5379889.0,67511936.0,19414496.0,2141147.5,151874400.0,14202475.0,22583196.0,9563909.0,1
1789486892.5281038,music,333,35,115822256.0,5608762.5,2392906.5,1538163.5,77948752.0,12209416.0,48713824.0,1359293.5,21769632.0,50127748.0,118579720.0,165518400.0,363097696.0,627074432.0,72998792.0,24203364.0,1
1789486892.5872138,music,330,25,0.0,5406585.0,16066380.0,21645350.0,142337280.0,20638668.0,210951648.0,100612176.0,4644479.0,3128004.75,0.0,102842288.0,428056960.0,389165536.0,6831891.5,8835757.0,1
1789486892.6505275,music,338,24,47426384.0,0.0,3856509.0,6348050.0,488810560.0,2745487.75,22944420.0,21956868.0,2777590.0,61190508.0,53174012.0,11911434.0,298928672.0,3610412.75,1697893.25,6347164.5,1
1789486892.8761873,music,325,30,43232928.0,4113030.0,7736296.0,17254872.0,21752980.0,800161.625,4730435.0,9358190.0,46957980.0,27251752.0,4040772.0,2677598.0,257303936.0,47853884.0,0.0,1944415.5,1
1789486892.9347825,music,328,29,144346400.0,8100469.5,6372419.5,22912438.0,292250272.0,6002308.0,1306050.75,21417404.0,7462936.0,52464564.0,32414842.0,5470110.0,267657600.0,30602346.0,14606666.0,5821578.0,1
1789486892.9968474,music,326,19,45177140.0,6709176.5,3466481.75,19686216.0,465068608.0,1056585.0,11061679.0,18282782.0,0.0,0.0,0.0,2022799.75,0.0,3811640.75,0.0,0.0,1
1789486893.2585833,music,348,23,76065360.0,9362056.0,167504560.0,0.0,3738632.25,40003976.0,0.0,8207037.0,0.0,9670344.0,4757612.0,5116184.5,102764944.0,101597376.0,944923648.0,2861851.5,1
1789486893.3217928,music,351,31,143618112.0,48258128.0,37494012.0,2564162.0,46567968.0,16868992.0,408197.0,5850624.0,6435454.0,15001593.0,10647883.0,314970.5625,0.0,81897912.0,882630848.0,6587901.0,1
1789486893.5109942,music,348,33,43520560.0,36010420.0,262386256.0,77460928.0,74002872.0,22429444.0,3427759.0,6239386.0,14108060.0,19042144.0,2115460.75,216691.46875,0.0,100477200.0,128309792.0,8760794.0,1
1789486893.5745926,music,340,26,44731360.0,9885473.0,29119602.0,3443506.25,10347478.0,0.0,3734092.25,4194870.0,0.0,495325440.0,326844896.0,92570.15625,82242104.0,22585984.0,87714896.0,18156812.0,1
1789486893.8602679,music,347,33,60983616.0,6906622.5,38759336.0,6423059.5,19922724.0,154192032.0,19696100.0,4292666.0,5896070.5,204930928.0,80002088.0,6283100.0,0.0,56589508.0,186365520.0,52917784.0,1
1789486893.9199767,music,342,25,60308136.0,5667903.0,55147524.0,10331980.0,28652768.0,34263120.0,0.0,0.0,0.0,99661424.0,159935952.0,69542240.0,28707550.0,354703712.0,76349024.0,3309969.25,1
1789486893.9846637,music,345,23,69833528.0,0.0,58205460.0,7668062.0,8658016.0,35034020.0,0.0,969620.875,4445582.0,110855376.0,0.0,0.0,57853500.0,10865907.0,239389792.0,13811542.0,1
1789486894.5241446,music,348,30,20277602.0,0.0,29096006.0,0.0,53871624.0,672882240.0,3572245.25,861217.0625,1393362.75,103499608.0,131406032.0,2247197.5,17021378.0,104387056.0,42106064.0,179660640.0,1
1789486894.5878487,music,346,31,23856016.0,0.0,84568712.0,7610663.0,60101460.0,573428096.0,23821514.0,11535670.0,31203198.0,287668768.0,0.0,39374588.0,5991552.0,29364582.0,513159488.0,4653551.0,1
1789486894.6517396,music,354,32,24916252.0,10493706.0,113018688.0,2379227.75,156349872.0,907916544.0,12580954.0,5931329.5,26155864.0,13365880.0,56402380.0,44446352.0,21109410.0,201069104.0,1766246528.0,26289254.0,1
1789486894.715085,music,354,31,84827808.0,16975488.0,67805080.0,1878088.0,47892520.0,345565184.0,12484110.0,340420.4375,19531104.0,53254772.0,13321479.0,13032187.0,0.0,178420144.0,2438341632.0,16626045.0,1
1789486894.7602456,music,351,31,101126256.0,21348820.0,19580154.0,11066929.0,82351888.0,749418176.0,3449055.5,2136719.25,31733440.0,176140176.0,80038032.0,14900025.0,2506754.75,54984932.0,256869168.0,2155143.5,1
1789486894.8240693,music,351,27,64476268.0,11037719.0,11912018.0,0.0,163535216.0,323763872.0,97224232.0,5971438.5,21836004.0,35047036.0,6165547.0,15206292.0,0.0,160766256.0,123648120.0,89445536.0,1
1789486894.869163,music,351,26,137036592.0,26645962.0,0.0,772453.375,0.0,0.0,10917486.0,1254741.625,52175304.0,1816719.5,42550656.0,7055425.0,1042623.125,73303320.0,319016512.0,5257796.0,1
1789486894.9360313,music,351,26,78291696.0,10538456.0,0.0,12995346.0,56701840.0,273455936.0,681252.375,0.0,29611212.0,4378133.5,12501430.0,1247743.625,9562476.0,38603680.0,77835112.0,13122456.0,1
1789486894.9807525,music,353,35,99840896.0,13070897.0,24294766.0,7556843.0,138015104.0,726843136.0,2110516.0,856007.4375,32558022.0,17765792.0,31605760.0,18215892.0,8465286.0,24705146.0,317017312.0,11446554.0,1
1789486895.1899858,music,6,32,2614230.0,23349080.0,152318384.0,8348204.0,30113944.0,1709046144.0,110395080.0,3115548.0,33860416.0,42662972.0,18053488.0,13197102.0,6699199.0,67616536.0,85831856.0,30960936.0,1
1789486895.2506535,music,5,33,185636080.0,10825048.0,188011232.0,83684976.0,24301146.0,141046528.0,197864288.0,0.0,18619410.0,53544012.0,289157568.0,83796688.0,7274185.0,395709120.0,938466176.0,24676892.0,1
1789486895.3149354,music,6,31,36666832.0,3597176.5,154552848.0,10511723.0,158577008.0,746311168.0,21073104.0,13853394.0,28936118.0,131514080.0,81359832.0,16502370.0,0.0,76194544.0,501903360.0,11387072.0,1
1789486895.379315,music,7,30,42954344.0,13684602.0,58652916.0,9019470.0,82029248.0,563830272.0,4985112.0,8196410.0,16124451.0,364583.875,169832384.0,29369926.0,3412721.0,19954142.0,426496832.0,11248790.0,1
1789486895.4428463,music,7,28,27972096.0,9231846.0,3089070.0,4137570.25,38003412.0,351501472.0,3920866.75,2338458.0,14500706.0,18682884.0,60896784.0,10721368.0,7122137.0,30683488.0,191831536.0,3330688.75,1
1789486895.5057383,music,2,28,16356975.0,10369557.0,4020845.75,41566512.0,65031024.0,279650688.0,16620170.0,165553.0,3366323.75,1177417.875,9075798.0,16912550.0,924956.8125,27056488.0,166562080.0,510465.84375,1
1789486895.5664656,music,3,32,87990312.0,4242466.0,15596755.0,4124339.25,32858830.0,125975216.0,11060458.0,2228128.75,857510.625,28582860.0,20937518.0,148458048.0,711988224.0,21298360.0,47173976.0,7290682.5,1
1789486895.855798,music,22,33,17590824.0,0.0,15654166.0,2122823.25,99122528.0,627780096.0,6055339.0,4518064.0,1737139.75,25956964.0,18744326.0,22710066.0,1429641984.0,127612608.0,117068880.0,77754248.0,1
1789486895.9189503,music,20,31,12948634.0,17785410.0,14925925.0,71805536.0,50119332.0,276924640.0,8279701.0,2060143.0,7143086.0,130596024.0,80597904.0,31515564.0,228109824.0,93430784.0,1311832576.0,8050587.0,1
1789486895.9826903,music,22,37,163884464.0,4772137.0,45471644.0,18971502.0,45066584.0,242939168.0,13931350.0,7226356.0,5029287.5,131815192.0,116147648.0,32547510.0,587870464.0,153431088.0,2222473216.0,30047536.0,1
1789486896.046212,music,22,33,52197168.0,9163287.0,85105728.0,0.0,28665188.0,92514560.0,8377937.0,6994840.0,4072958.0,438814624.0,476311680.0,80542016.0,276655168.0,197304576.0,1525783552.0,48353136.0,1
1789486896.0915108,music,14,29,95646816.0,20283564.0,100369584.0,3154927.25,12597923.0,79920704.0,2560944.25,4045327.5,8692014.0,1623338.5,101692200.0,43794620.0,363185088.0,100308048.0,1839072768.0,36513808.0,1
1789486896.2030463,music,25,32,112102928.0,44358376.0,141340496.0,108816720.0,26722298.0,190769424.0,1086738.875,1462763.5,12057614.0,116452880.0,115362312.0,88023928.0,641668480.0,51875016.0,0.0,20036898.0,1
1789486896.3942192,music,38,34,87056640.0,51004064.0,67907224.0,63645344.0,103331712.0,547519936.0,2211691.25,474768.625,7112091.5,111347184.0,188228560.0,80544048.0,240282016.0,39161116.0,148980016.0,7263739.0,1
1789486896.453721,music,39,31,84971184.0,0.0,38075764.0,41162640.0,29143724.0,260442176.0,583234.1875,0.0,4158285.5,10388799.0,87482736.0,70623024.0,437358464.0,50060968.0,90368208.0,12132134.0,1
1789486896.5269454,music,39,31,194849376.0,77420208.0,64159332.0,5564285.5,97262904.0,917643648.0,10250214.0,0.0,1023677.0,174445296.0,105503840.0,43815616.0,105202352.0,55315320.0,215289152.0,68520600.0,1
1789486896.5724435,music,39,35,0.0,9453122.0,190978352.0,10755177.0,123784240.0,1303660032.0,643929472.0,41863668.0,2977877.75,37646352.0,92442384.0,370328672.0,501492128.0,847713664.0,1737729152.0,222184752.0,1
1789486896.621303,music,41,25,35242516.0,17153940.0,285939232.0,19457916.0,188573632.0,967987456.0,0.0,0.0,8896937.0,5290242.5,92929600.0,31758998.0,652861888.0,127808736.0,621783296.0,39414232.0,1
1789486896.6827786,music,42,33,98563312.0,0.0,52424584.0,15799904.0,237230752.0,1783325440.0,12232172.0,0.0,8750446.0,290165152.0,270140672.0,53036712.0,108424424.0,165982704.0,1173513472.0,31120636.0,1
1789486896.7444317,music,40,34,18620622.0,0.0,54774372.0,2007317.375,249991872.0,1650191872.0,23410684.0,658380.0625,2824210.0,424295584.0,321372864.0,51644888.0,94507120.0,85418192.0,664350848.0,14670022.0,1
1789486896.8057508,music,37,31,356904128.0,0.0,103744352.0,24332032.0,185503120.0,605116096.0,0.0,3421098.75,28091768.0,124360336.0,206834624.0,29435364.0,39774460.0,107063488.0,978979200.0,9029475.0,1
1789486896.8634305,music,37,31,0.0,4888305.0,65091004.0,13902984.0,10602049.0,185082800.0,18673330.0,5080562.5,13789014.0,103088008.0,21732498.0,10428604.0,14624855.0,245590656.0,1513935744.0,2797254.25,1
1789486896.912692,music,39,34,0.0,118217896.0,140180112.0,106502688.0,123784336.0,115652440.0,91034448.0,77933376.0,14667216.0,74633552.0,213026304.0,36121136.0,74481080.0,353042816.0,175885888.0,203603072.0,1
1789486896.9750152,music,39,30,85400352.0,0.0,25230320.0,31578884.0,22107950.0,0.0,19514912.0,9456934.0,9318732.0,184916064.0,178805008.0,125943552.0,272087840.0,649820928.0,496408384.0,236187728.0,1
1789486897.4386916,music,43,36,17150656.0,7102079.0,400420864.0,2980501.75,3309826.0,25666512.0,3312002.5,19660918.0,987137152.0,75375704.0,115316336.0,144676528.0,31222192.0,41005772.0,493475776.0,12808570.0,1
1789486897.4967725,music,43,34,63000988.0,42779576.0,2774286.5,14401293.0,9034500.0,18367064.0,5705173.0,31717048.0,2007025408.0,97277184.0,50177916.0,20369348.0,8991989.0,6601638.0,28702072.0,15837409.0,1
1789486897.6281543,music,52,30,17062826.0,0.0,440140480.0,3442723.5,9789826.0,9521611.0,6644458.0,17744502.0,857555200.0,41682848.0,123281496.0,53803084.0,16207256.0,16071152.0,20745080.0,13676787.0,1
1789486897.755776,music,52,30,62732960.0,0.0,33694660.0,57563088.0,2341119.25,0.0,459017.5625,5535568.5,352988736.0,24473492.0,193585520.0,89518024.0,38350196.0,49474620.0,48505828.0,20038228.0,1
1789486897.8000262,music,52,29,301532608.0,0.0,46327704.0,144358368.0,19420838.0,4127881.75,138494.984375,28244054.0,429867328.0,9925170.0,162249504.0,64454184.0,0.0,37126176.0,100021496.0,16863036.0,1
1789486897.8572876,music,55,29,149502544.0,0.0,0.0,37313472.0,179231.6875,1309451.5,4811547.0,10964869.0,382091296.0,32617552.0,338204352.0,95529512.0,19286552.0,92912000.0,222924544.0,9068947.0,1
1789486897.9192255,music,57,34,331482816.0,5693719.0,71989488.0,124867400.0,79241136.0,196998096.0,201750560.0,16114682.0,125774496.0,49589704.0,1132153216.0,1357686528.0,489072544.0,1169747584.0,579065728.0,502668672.0,1
1789486897.9814472,music,63,27,223096032.0,3687417.5,20296846.0,205364544.0,30108226.0,27685268.0,0.0,2366313.5,110472192.0,5007905.0,991259648.0,233096368.0,53606712.0,50093040.0,110614264.0,9135842.0,1
1789486898.0443983,music,62,28,0.0,0.0,83881296.0,51300892.0,14386988.0,0.0,6093232.5,18216466.0,138889152.0,35624948.0,3433654272.0,1285875072.0,54997560.0,44881520.0,98021408.0,3824861.0,1
1789486898.1072092,music,63,26,16241819.0,0.0,175828656.0,190810256.0,1693667.5,12398215.0,12169731.0,0.0,4526333.0,23938708.0,2999556096.0,917052736.0,0.0,18951534.0,47899240.0,3255708.25,1
1789486898.1659486,music,63,26,178358704.0,0.0,133551304.0,224734128.0,5835753.5,0.0,17586818.0,7959729.0,62997284.0,59595672.0,2360809728.0,776094592.0,12418582.0,24432976.0,75524392.0,2139307.25,1
1789486898.214663,music,64,25,0.0,0.0,168596016.0,0.0,818936.75,0.0,2990781.0,14616354.0,332393408.0,17776540.0,4075585536.0,1491831296.0,16182506.0,50329696.0,14850642.0,4699304.5,1
1789486898.277729,music,68,33,217871232.0,26911440.0,125230112.0,728029056.0,5774490.5,15526742.0,729267.5,13580403.0,290230912.0,13529072.0,2504028160.0,932281600.0,16185750.0,20998140.0,34863344.0,2242272.25,1
1789486898.3403585,music,68,24,243131312.0,0.0,68628992.0,0.0,2044006.25,7802070.0,0.0,0.0,205897824.0,9132862.0,2242010368.0,935068096.0,25819556.0,47733536.0,58308816.0,7895929.0,1
1789486898.4199886,music,68,31,45784152.0,22745748.0,142446272.0,104627464.0,65258352.0,1192898.75,957613.125,5219054.5,71525792.0,5286933.5,555441792.0,354766144.0,7007397.5,60329912.0,82203888.0,10865336.0,1
1789486898.4832926,music,67,33,291616000.0,3656958.0,90719032.0,679933120.0,111981088.0,2399484.5,2185318.5,11283508.0,173598784.0,7784175.0,915842048.0,292945728.0,96222272.0,33653908.0,58667340.0,2734903.0,1
1789486898.542801,music,66,30,159366192.0,0.0,6407170.0,426195392.0,124414240.0,1113351.625,2667679.0,6415265.0,137138800.0,3088694.75,440120832.0,385022944.0,66719948.0,11146468.0,5019047.0,6026428.5,1
1789486898.6427891,music,68,26,676534656.0,6634812.5,67294000.0,219558240.0,334385280.0,24611938.0,1819858.25,3190923.25,24909882.0,1134214.75,276900064.0,41458404.0,224693152.0,62970312.0,4377013.0,7941011.5,1
1789486898.706033,music,66,33,509639712.0,0.0,22138074.0,226282848.0,507846592.0,1374133.375,4041105.75,1534600.625,8012895.0,15230701.0,289429408.0,105248872.0,641135424.0,43724048.0,2988826.5,2224566.0,1
1789486898.7697856,music,65,35,125745656.0,0.0,65832100.0,243015984.0,1053346688.0,10187217.0,6049661.0,3926909.75,23179132.0,13439230.0,166159712.0,91876816.0,389611712.0,21088094.0,17577138.0,2336504.25,1
1789486898.8335464,music,76,28,1529689088.0,0.0,1682258.5,5986746.5,80189424.0,1941904.625,15745474.0,7321151.5,30138224.0,14934996.0,173451520.0,136930384.0,493169472.0,17227596.0,11377766.0,1091159.75,1
1789486898.897681,music,68,24,1113949696.0,0.0,0.0,0.0,293956064.0,1707905.25,15559336.0,17047684.0,154974752.0,37705040.0,195549360.0,48272872.0,0.0,15633086.0,91668.140625,878125.5,1
1789486898.9610674,music,59,24,0.0,19148262.0,28285258.0,8437122.0,9780432.0,2367379.75,0.0,6645156.0,279908416.0,58528752.0,356571904.0,211393696.0,624295936.0,6030419.5,6467457.0,6593829.0,1
1789486899.024841,music,77,26,0.0,0.0,3449823.0,0.0,420304320.0,6968310.0,9795736.0,4222628.0,16399407.0,1121824.625,41528784.0,106649264.0,687558144.0,25011536.0,2555578.0,12327582.0,1
1789486899.0891438,music,68,29,93390952.0,15178071.0,7590374.5,24114400.0,66263652.0,3627905.5,16820626.0,11026406.0,0.0,156546192.0,23454194.0,39270260.0,269301632.0,11090829.0,4052517.5,6414121.5,1
1789486899.1550744,music,82,23,0.0,0.0,3257613.75,0.0,31245608.0,4152131.0,10015976.0,1644834.0,18500816.0,0.0,38922148.0,103911824.0,378345408.0,3650973.25,2818090.75,1962915.75,1
1789486899.2182186,music,82,29,21695640.0,10706366.0,11310697.0,0.0,267643232.0,440534560.0,350813920.0,103685688.0,152996928.0,0.0,536796416.0,1621666048.0,2255895552.0,1606375424.0,337767296.0,333679552.0,1
1789486899.2648816,music,83,15,0.0,12955334.0,1513179.125,0.0,55022800.0,60688256.0,0.0,0.0,19974090.0,0.0,0.0,162658592.0,2263614464.0,130073200.0,0.0,2801474.5,1
1789486899.3308241,music,85,26,106576464.0,0.0,0.0,0.0,16118045.0,14346307.0,18266152.0,14651516.0,162995136.0,27904748.0,131096616.0,91660184.0,363913952.0,56937180.0,6184738.0,1080486.375,1
1789486899.3958147,music,74,25,244620064.0,249466.453125,1749758.625,8420390.0,407095.40625,7830991.5,0.0,4240985.0,11128306.0,8141383.0,106008448.0,98758256.0,2131902464.0,169726336.0,43346784.0,44290736.0,1
1789486899.460566,music,75,22,3566581.75,0.0,290486.5,0.0,19318188.0,1801192.5,0.0,3558518.0,11365582.0,71905216.0,310236576.0,176524272.0,1132779008.0,254278160.0,41572396.0,36322536.0,1
1789486899.523752,music,74,22,249192160.0,0.0,20818964.0,212865744.0,7958238.5,2457025.0,0.0,903323.0,22039860.0,15212085.0,1050546496.0,249251280.0,1558448128.0,85189104.0,25892150.0,4243954.5,1
1789486899.5875888,music,74,29,91400336.0,28499190.0,22146784.0,0.0,0.0,6706019.0,19095206.0,11076318.0,80040360.0,68811536.0,1302413696.0,398652000.0,1099398144.0,85197152.0,18166996.0,9532270.0,1
1789486899.6377757,music,83,20,288334080.0,0.0,0.0,87937744.0,183747936.0,21119448.0,11570207.0,0.0,21466638.0,9143133.0,356587744.0,405670688.0,435916256.0,368594496.0,13474122.0,14354695.0,1
1789486899.702128,music,82,16,76652832.0,0.0,4102856.0,0.0,0.0,0.0,0.0,0.0,169448912.0,63635624.0,13591588.0,521897152.0,460492896.0,342253504.0,30884778.0,10217189.0,1
1789486899.7674594,music,79,23,17372718.0,0.0,25328676.0,9946555.0,15425711.0,0.0,7308921.0,10784818.0,37676248.0,33689348.0,86379680.0,102930368.0,2446876928.0,115336256.0,6700451.5,7334020.0,1
1789486899.8315346,music,79,20,0.0,0.0,0.0,4607387.0,87916760.0,0.0,8529072.0,0.0,40000596.0,21536490.0,158807872.0,491851776.0,1063863040.0,459819392.0,52509056.0,33323182.0,1
1789486899.880432,music,79,20,0.0,5098786.0,1804599.0,6426586.5,0.0,1100038.25,1278414.875,5817180.0,38188408.0,1382713.5,0.0,193065248.0,2058988032.0,66129216.0,1162502.0,2784500.5,1
1789486899.9264472,music,86,17,0.0,6119686.5,1189779.125,0.0,0.0,1001490.625,1163915.75,7001369.0,382898176.0,31008204.0,0.0,0.0,2783805440.0,126538184.0,0.0,3756680.5,1
1789486899.9908397,music,86,13,111978016.0,0.0,0.0,31377988.0,0.0,844295.4375,0.0,0.0,159613856.0,8217908.5,71683888.0,0.0,0.0,17201156.0,746915.125,1015480.75,1
1789486900.0400105,music,82,14,29127226.0,0.0,0.0,0.0,0.0,140359.078125,1143739.0,2192416.75,0.0,26191400.0,0.0,5508329.0,0.0,23764718.0,6976470.0,3961908.0,1
1789486900.1050725,music,107,10,0.0,83432.7734375,0.0,0.0,0.0,1122168.0,2461798.0,4313615.0,133504640.0,2848411.5,0.0,0.0,0.0,5969805.0,0.0,0.0,1
1789486900.170217,music,100,16,40128232.0,0.0,0.0,0.0,11133994.0,0.0,392532.46875,3086796.25,102312648.0,6205354.0,1683306.25,9210716.0,0.0,680608.375,2563468.25,1771058.5,1
1789486900.2350206,music,92,17,14687130.0,5477264.5,12744422.0,0.0,0.0,11792567.0,5219309.5,0.0,0.0,1397407.0,756457.75,51641408.0,0.0,26362244.0,3712102.25,11941268.0,1
1789486900.300315,music,90,17,0.0,6359301.0,2589306.5,8604468.0,0.0,0.0,673545.8125,431734.15625,0.0,23675150.0,3126792.25,922094.6875,0.0,16696598.0,1094129.5,3797308.5,1
1789486900.3638866,music,82,17,4097149.25,3210604.5,2178457.5,4783705.0,0.0,0.0,0.0,0.0,0.0,58913048.0,0.0,161651616.0,2058876928.0,24152546.0,3962227.0,5888146.0,1
1789486900.4280078,music,77,18,2900944.0,0.0,1054872.5,6178630.0,0.0,532888.75,0.0,792568.3125,10518444.0,30124368.0,0.0,129699616.0,3050588928.0,42625872.0,3401349.5,5384903.0,1
1789486900.4915767,music,77,21,0.0,5150999.5,186675.28125,5909812.5,0.0,7141072.5,2132890.75,1063523.75,0.0,679929.0,0.0,66143140.0,665254528.0,71085416.0,33130260.0,104545696.0,1
1789486900.537549,music,80,26,133010328.0,0.0,148710.875,560529.375,744279680.0,1649979.0,3230217.75,10356840.0,376831680.0,36935560.0,0.0,6826521.5,215585504.0,27291858.0,2840755.0,4687685.5,1
1789486900.6017132,music,81,13,0.0,0.0,38105520.0,55515220.0,301039456.0,0.0,0.0,0.0,0.0,0.0,0.0,0.0,113004744.0,310135360.0,2991321856.0,68206992.0,1
1789486900.665691,music,81,12,0.0,0.0,66365720.0,0.0,0.0,0.0,20162230.0,0.0,0.0,0.0,0.0,0.0,61573040.0,170988288.0,621398912.0,42044472.0,1
1789486900.7146518,music,80,11,0.0,0.0,0.0,0.0,20127236.0,0.0,0.0,1134335.75,0.0,0.0,0.0,0.0,33748768.0,297872736.0,632119040.0,172122432.0,1
1789486900.779283,music,83,30,0.0,19709284.0,64434804.0,28379868.0,5904702.5,100317968.0,49723708.0,10663089.0,53785728.0,16612577.0,1983933.625,60005488.0,180032128.0,692258560.0,914907328.0,241207648.0,1
1789486900.8429565,music,84,20,42032020.0,14693724.0,55475516.0,87136976.0,0.0,0.0,10590404.0,3772731.25,0.0,14696910.0,0.0,33647796.0,26072496.0,56706448.0,318178368.0,48926056.0,1
1789486900.9081795,music,90,16,137641440.0,0.0,0.0,0.0,0.0,7945554.5,78942192.0,0.0,13116940.0,0.0,0.0,89736072.0,465776896.0,247126224.0,219901088.0,30220978.0,1
1789486900.9723234,music,88,22,44373180.0,0.0,0.0,11276093.0,45848012.0,33117442.0,9274793.0,10722600.0,0.0,13461804.0,9378488.0,46299540.0,124728792.0,39034328.0,212683552.0,73785504.0,1
1789486901.0375147,music,93,17,226758240.0,1891817.625,4523500.5,18798982.0,0.0,0.0,0.0,0.0,0.0,14265403.0,0.0,25863652.0,118168464.0,15544756.0,792637952.0,30529260.0,1
1789486901.1026702,music,96,14,265581648.0,0.0,2681688.5,0.0,0.0,16261944.0,0.0,0.0,0.0,3076652.25,0.0,25917874.0,393093984.0,16310272.0,0.0,47285560.0,1
1789486901.2061899,music,82,17,0.0,19687914.0,0.0,0.0,44951568.0,0.0,8160611.0,0.0,226698208.0,24960394.0,0.0,19298796.0,732719680.0,115265056.0,1121132928.0,32219948.0,1
1789486901.2659273,music,89,13,0.0,0.0,1428946.375,0.0,0.0,0.0,691634.5,491156.75,8936017.0,2550184.5,0.0,42858512.0,694657600.0,75101072.0,285310336.0,0.0,1
1789486901.330365,music,76,15,62512344.0,0.0,0.0,0.0,3759317.75,16393047.0,27471586.0,542016.6875,4624589.5,0.0,0.0,4434463.0,0.0,102357008.0,1170895232.0,30312840.0,1
1789486901.3947399,music,90,21,78984296.0,3346544.25,2142795.25,0.0,57090676.0,44999956.0,33577080.0,1077093.75,0.0,462540.59375,0.0,167229088.0,0.0,57620936.0,0.0,14872325.0,1
1789486901.4590921,music,72,9,0.0,0.0,0.0,462223.25,0.0,0.0,0.0,0.0,0.0,0.0,0.0,5959480.5,1000264768.0,41669880.0,904420160.0,0.0,1
1789486901.5223372,music,75,10,0.0,0.0,0.0,0.0,0.0,0.0,26282086.0,0.0,0.0,0.0,0.0,981022.3125,1125420160.0,81906432.0,654486784.0,4452351.0,1
1789486901.586185,music,84,20,18832388.0,0.0,0.0,0.0,111373016.0,27148220.0,8501567.0,1462401.5,0.0,2689488.0,0.0,33283438.0,2194439168.0,155536384.0,146654592.0,1724420.5,1
1789486901.6507936,music,85,20,48427696.0,1203252.375,2136815.5,0.0,22300140.0,0.0,0.0,4375486.0,0.0,0.0,0.0,28018620.0,608056960.0,91055888.0,194890880.0,28939858.0,1
1789486901.7158113,music,87,20,0.0,0.0,0.0,0.0,10314756.0,15811209.0,3637696.5,0.0,4090582.5,832049.5,0.0,16373927.0,1205927936.0,30955354.0,65982048.0,2687076.5,1
1789486901.780434,music,88,16,1552698.125,0.0,0.0,0.0,77498064.0,37156756.0,0.0,7077398.5,0.0,622797.3125,0.0,132967664.0,627310336.0,3419353.0,65875744.0,1317708.25,1
1789486901.844982,music,90,21,43744464.0,2091931.5,0.0,8340463.5,21156890.0,24134028.0,57905000.0,1732562.25,0.0,0.0,416061.96875,12983864.0,719346560.0,38497544.0,21370306.0,95989408.0,1
1789486901.9092026,music,80,13,0.0,0.0,21914228.0,0.0,0.0,0.0,0.0,0.0,77786912.0,0.0,0.0,313801024.0,922554048.0,742647872.0,447695232.0,39486372.0,1
1789486901.975008,music,104,20,40106488.0,20665258.0,17293152.0,0.0,110654688.0,0.0,263224896.0,235673568.0,0.0,0.0,13974129.0,70755296.0,441186816.0,209338848.0,34740988.0,68258504.0,1
1789486902.0397198,music,89,11,0.0,0.0,0.0,0.0,45482648.0,0.0,0.0,0.0,0.0,5119112.5,0.0,56396632.0,795924608.0,299603680.0,107754616.0,59073328.0,1
1789486902.1047528,music,101,16,20838728.0,0.0,0.0,0.0,0.0,0.0,52547592.0,0.0,0.0,11560570.0,37941796.0,332945056.0,1912702336.0,351326752.0,22389932.0,25727722.0,1
1789486902.1700659,music,100,18,0.0,14858728.0,0.0,11311590.0,0.0,0.0,0.0,49249268.0,34410632.0,88642320.0,51274180.0,589925760.0,297168992.0,244826464.0,33389958.0,14309881.0,1
1789486902.2347307,music,97,17,20886628.0,0.0,5135473.0,0.0,5122936.5,7623168.5,20452388.0,35911872.0,8593488.0,0.0,0.0,0.0,686756736.0,137029200.0,10543514.0,9162435.0,1
1789486902.2989454,music,92,18,46302672.0,0.0,23405232.0,5017443.5,0.0,0.0,29144576.0,0.0,0.0,0.0,0.0,259310208.0,845453312.0,356455104.0,38816264.0,44470092.0,1
1789486902.3634105,music,105,11,0.0,10683936.0,0.0,9578392.0,0.0,0.0,1244661.5,0.0,0.0,7401665.0,0.0,0.0,292918400.0,8434576.0,84211168.0,34221328.0,1
1789486902.428209,music,103,15,8961030.0,0.0,0.0,4097295.0,35060160.0,13286198.0,1386456.75,5385010.0,0.0,0.0,0.0,77891136.0,0.0,78516000.0,15389482.0,6546906.5,1
1789486902.4916542,music,98,17,8065577.0,0.0,0.0,0.0,0.0,36014360.0,5864516.5,0.0,32428272.0,4312096.5,0.0,100517872.0,272287616.0,214813200.0,11307362.0,36264200.0,1
1789486902.5561929,music,108,21,37080456.0,17059138.0,0.0,0.0,0.0,0.0,741034048.0,502613408.0,41358504.0,94900016.0,33801728.0,9995648.0,95569128.0,25274288.0,63363488.0,63584404.0,1
1789486902.6210372,music,95,11,0.0,0.0,0.0,22618808.0,43188424.0,36149336.0,70266368.0,0.0,19574290.0,0.0,0.0,0.0,15475841.0,0.0,17536556.0,32423376.0,1
1789486902.6850128,music,105,26,9899580.0,0.0,4260924.5,4637203.0,21015900.0,10071300.0,302229504.0,397552576.0,26026114.0,2797782.0,0.0,188424016.0,1757423872.0,97411328.0,34285568.0,356830208.0,1
1789486902.7490926,music,104,18,18742744.0,0.0,0.0,0.0,7327786.5,5258309.5,455491968.0,246379328.0,5175029.0,0.0,0.0,38888032.0,1092984320.0,79930968.0,0.0,15333090.0,1
1789486902.8130753,music,106,23,11601875.0,0.0,763163.9375,1693165.25,3797449.0,4522645.5,821126336.0,149575104.0,6583439.0,3648927.75,2522102.0,92588208.0,0.0,5475977.5,22642748.0,13463891.0,1
1789486902.8772542,music,106,11,65052936.0,0.0,0.0,0.0,0.0,82775296.0,26506064.0,0.0,0.0,13868941.0,10917460.0,0.0,0.0,4086262.0,20130702.0,1073323.125,1
1789486902.9273794,music,107,16,0.0,0.0,11315272.0,12641514.0,47452096.0,142500912.0,74954920.0,0.0,0.0,18331644.0,0.0,58851804.0,0.0,69261632.0,35227104.0,14796399.0,1
1789486902.9926445,music,106,21,171575776.0,0.0,2220291.75,0.0,6623869.5,51837572.0,75467936.0,168470224.0,37144200.0,53179304.0,18074144.0,147918080.0,622389184.0,0.0,39106032.0,5318205.5,1
1789486903.0567296,music,97,17,16697872.0,0.0,4760632.0,16709661.0,246650768.0,215012848.0,0.0,0.0,10575625.0,12502934.0,0.0,63201860.0,0.0,121633456.0,39827648.0,0.0,1
1789486903.120685,music,95,12,0.0,0.0,0.0,2678132.75,90769168.0,131020368.0,207880528.0,0.0,0.0,0.0,0.0,12751349.0,0.0,156322928.0,33131344.0,0.0,1
1789486903.184182,music,94,24,0.0,32683118.0,3436202.5,23500132.0,280493440.0,471015200.0,104020848.0,89706520.0,0.0,0.0,23580562.0,98677736.0,213009056.0,429318336.0,152113728.0,94962432.0,1
1789486903.2490883,music,95,27,75883536.0,5952343.0,10909128.0,98142792.0,348611872.0,514504320.0,268920576.0,53196824.0,27640338.0,0.0,14058570.0,42014716.0,31042628.0,203589936.0,95342856.0,45704084.0,1
1789486903.313905,music,96,15,42292624.0,22844618.0,0.0,0.0,261295200.0,0.0,22043238.0,34101092.0,0.0,0.0,0.0,0.0,68537584.0,192444400.0,32307384.0,37229140.0,1
1789486903.3788445,music,96,20,36806200.0,0.0,2150115.5,0.0,151270656.0,338619840.0,23296610.0,24066162.0,0.0,0.0,0.0,26141202.0,87279744.0,71695656.0,387647488.0,32656046.0,1
1789486903.4280198,music,108,22,19718680.0,1084623.75,1431009.375,7946162.0,103797064.0,273710976.0,31266452.0,41268476.0,5316037.5,5110699.0,20071056.0,17740364.0,140620416.0,64473608.0,543480000.0,13738076.0,1
1789486903.492641,music,109,17,62253632.0,13057018.0,145279.765625,0.0,0.0,0.0,34068392.0,31509202.0,3502295.5,4794665.5,0.0,2077124.875,28054200.0,11810803.0,0.0,8036155.5,1
1789486903.557199,music,110,16,0.0,0.0,4862415.0,0.0,14014094.0,140599104.0,75972688.0,10063667.0,0.0,13752780.0,0.0,0.0,40706472.0,13726376.0,6276748.5,11099540.0,1
1789486903.6224494,music,119,13,3339101.0,0.0,10465740.0,0.0,0.0,0.0,462911072.0,631558080.0,0.0,54474128.0,0.0,4921560.5,0.0,0.0,136050144.0,7853275.0,1
1789486903.6857042,music,106,21,27535486.0,0.0,10252849.0,4579247.0,61096064.0,66262456.0,374109312.0,404762368.0,0.0,8972998.0,0.0,39154356.0,487343136.0,108893056.0,147410768.0,12844982.0,1
1789486903.7498467,music,105,17,30199368.0,0.0,405687.28125,0.0,5395627.5,108693088.0,214930864.0,127824856.0,0.0,0.0,4237648.0,46801976.0,0.0,179890896.0,39827248.0,5426862.0,1
1789486903.8135302,music,104,16,34587208.0,0.0,9341784.0,0.0,7158497.0,20110924.0,23717074.0,0.0,0.0,0.0,62782464.0,101706272.0,0.0,64729908.0,152551968.0,0.0,1
1789486903.8780158,music,103,8,0.0,7706849.0,3645427.0,0.0,0.0,5102030.0,41870500.0,77394336.0,92850064.0,0.0,0.0,0.0,16998056.0,0.0,0.0,0.0,1
1789486903.9417202,music,106,15,81872208.0,7852060.5,8787144.0,46622600.0,42671176.0,0.0,55511336.0,0.0,0.0,0.0,0.0,10399925.0,24784588.0,54875840.0,0.0,0.0,1
1789486904.0056403,music,98,7,18548890.0,0.0,0.0,0.0,0.0,0.0,0.0,0.0,0.0,0.0,0.0,910411.875,11704889.0,223728192.0,269431264.0,0.0,1
1789486904.0702848,music,96,9,0.0,0.0,0.0,0.0,0.0,0.0,0.0,12415302.0,553665536.0,0.0,0.0,2696394.0,0.0,37327808.0,129314592.0,4186107.0,1
1789486904.1367722,music,118,13,0.0,0.0,0.0,0.0,0.0,0.0,18066076.0,0.0,1441006080.0,12528451.0,11933529.0,41334896.0,0.0,9442109.0,57288272.0,37382328.0,1
1789486904.2001777,music,107,5,12495544.0,0.0,0.0,0.0,0.0,0.0,12953482.0,0.0,0.0,0.0,0.0,0.0,0.0,126055560.0,386777408.0,0.0,1
1789486904.2644458,music,120,25,0.0,0.0,61586620.0,33341048.0,60808992.0,49273688.0,29601630.0,41044652.0,393726720.0,63972572.0,26402092.0,78496880.0,24608778.0,174795184.0,208978096.0,55028748.0,1
1789486904.3282244,music,133,14,0.0,0.0,0.0,0.0,4658075.5,50536112.0,45800764.0,0.0,0.0,11805167.0,0.0,34670916.0,0.0,77645976.0,206483152.0,40135988.0,1
1789486904.3904746,music,133,15,113306288.0,22235568.0,0.0,0.0,2167175.25,30930664.0,0.0,0.0,0.0,46792680.0,7989024.5,0.0,59941176.0,237479840.0,74821520.0,0.0,1
1789486904.4367242,music,144,22,50721100.0,8760801.0,0.0,0.0,10560879.0,41878592.0,13661057.0,9255348.0,0.0,0.0,0.0,48279864.0,74832832.0,108198272.0,441717120.0,2959986.25,1
1789486904.499143,music,146,22,102705808.0,17198322.0,0.0,0.0,3726940.75,22808264.0,0.0,0.0,2954326016.0,116016432.0,20445792.0,76051584.0,78754112.0,56087552.0,386074496.0,731296.75,1
1789486904.5614855,music,142,25,4299804.0,7420101.5,0.0,0.0,28428466.0,35014216.0,237784640.0,3468634.25,0.0,242096032.0,248435984.0,293902432.0,106925792.0,469037856.0,37287140.0,7501492.0,1
1789486904.623956,music,154,12,10711081.0,2094653.75,0.0,25781732.0,0.0,0.0,5352898.0,6043472.0,0.0,0.0,0.0,44477836.0,14362308.0,89956728.0,588619840.0,0.0,1
1789486904.6868222,music,157,17,28420068.0,0.0,0.0,0.0,16168156.0,66836880.0,0.0,0.0,0.0,43211928.0,0.0,30575424.0,17379456.0,48367784.0,537141248.0,3398685.0,1
1789486904.7513142,music,156,15,40060800.0,6270481.0,0.0,0.0,0.0,29941916.0,1471160.375,13515394.0,0.0,21485624.0,0.0,14403480.0,9516437.0,187733456.0,716226368.0,0.0,1
1789486904.8144836,music,157,18,2528762.25,0.0,0.0,11415170.0,9714623.0,58721100.0,9274180.0,36780952.0,586618432.0,0.0,27573516.0,0.0,3250464.5,29306238.0,148814128.0,1570767.25,1
1789486904.8791895,music,157,14,0.0,11981416.0,20142340.0,17367916.0,0.0,24538722.0,0.0,1742646.75,0.0,3372704.75,0.0,6387542.0,5620346.0,6794430.5,165455440.0,6446076.0,1
1789486904.9290245,music,158,11,4893793.5,0.0,0.0,0.0,1269623.125,1617187.875,0.0,0.0,0.0,18985702.0,0.0,110154128.0,189595296.0,4127773.5,24315616.0,1785475.75,1
1789486904.9932485,music,158,21,19650666.0,3391059.0,0.0,0.0,3418666.25,4842173.0,0.0,0.0,0.0,51254464.0,23119754.0,64259648.0,133758784.0,14076462.0,137998032.0,0.0,1
1789486905.0440402,music,167,14,0.0,0.0,0.0,0.0,0.0,4437075.0,1267407.875,0.0,0.0,28760220.0,415633.46875,56415824.0,62100204.0,14504600.0,203801760.0,1240906.125,1
1789486905.108904,music,165,11,0.0,1555210.75,0.0,0.0,0.0,0.0,0.0,0.0,0.0,11020706.0,7874529.0,37018612.0,23016208.0,1241211.375,0.0,154822.015625,1
1789486905.1738827,music,159,22,14764365.0,2822330.5,0.0,0.0,1404451.0,5789248.0,1693090.0,0.0,0.0,28715342.0,24040592.0,28688680.0,28133336.0,27795874.0,83286624.0,5385781.5,1
1789486905.237288,music,171,22,66870580.0,8613256.0,0.0,0.0,848792.1875,50048288.0,126755280.0,12328639.0,0.0,15050444.0,0.0,11470644.0,12231851.0,46412888.0,188653344.0,3617730.0,1
1789486905.3032508,music,177,9,11137226.0,2764567.0,0.0,1729376.875,0.0,0.0,0.0,1780664.25,0.0,0.0,0.0,6191884.5,13501333.0,0.0,281321696.0,15971660.0,1
1789486905.368108,music,166,21,49678800.0,1076790.25,0.0,0.0,2593063.25,52307968.0,76771288.0,11660655.0,208084000.0,0.0,0.0,21610308.0,8924964.0,39016264.0,59300184.0,2548466.5,1
1789486905.4333286,music,164,7,87104240.0,1082005.125,0.0,0.0,0.0,16148553.0,0.0,0.0,0.0,0.0,0.0,0.0,4377108.5,51959576.0,0.0,0.0,1
1789486905.497481,music,166,15,8088100.0,1016449.625,7128019.0,19493770.0,0.0,28291418.0,0.0,0.0,0.0,0.0,0.0,89841072.0,0.0,7701725.0,37423144.0,2019338.25,1
1789486905.561421,music,164,15,347496128.0,0.0,0.0,138536464.0,17611992.0,34799916.0,122272248.0,1401036.0,0.0,0.0,113293440.0,22219154.0,0.0,0.0,28314852.0,6700597.5,1
1789486905.6247795,music,147,20,0.0,21170016.0,6371677.0,199993664.0,3657592.25,8222034.0,0.0,0.0,0.0,0.0,632100160.0,288415968.0,63732156.0,17445484.0,23754948.0,0.0,1
1789486905.687514,music,144,17,41784588.0,0.0,0.0,442800128.0,35970652.0,588465.8125,0.0,0.0,0.0,96195936.0,1646957184.0,548933568.0,44887160.0,19232944.0,53857188.0,0.0,1
1789486905.7493746,music,146,17,19368376.0,0.0,0.0,230701280.0,12184533.0,6552368.0,0.0,2559746.5,0.0,0.0,1262797824.0,427755744.0,31937408.0,16331998.0,5518133.0,0.0,1
1789486905.812337,music,145,17,4307227.0,1551156.875,8854151.0,124062136.0,325972.8125,8366092.0,0.0,0.0,13853502.0,0.0,667281280.0,197914464.0,17426462.0,13166362.0,0.0,0.0,1
1789486905.8752897,music,160,23,54990464.0,0.0,0.0,0.0,5129257.5,13850177.0,74324360.0,15960070.0,12289506.0,57768800.0,1543764992.0,968887744.0,139125312.0,297330240.0,53814104.0,11243248.0,1
1789486905.9377813,music,146,15,63629568.0,2177122.25,8804679.0,0.0,3927582.75,10705732.0,0.0,0.0,0.0,10116473.0,884760960.0,507549152.0,4259430.0,0.0,0.0,0.0,1
1789486906.001377,music,145,12,4968339.0,180757.4375,0.0,0.0,1819528.125,4812102.0,1958376.75,0.0,0.0,2527664.5,0.0,0.0,2454199.0,782186.875,5056984.0,0.0,1
1789486906.0654216,music,165,14,0.0,0.0,0.0,44898412.0,6303129.5,0.0,17726024.0,0.0,0.0,0.0,0.0,10798725.0,2165399.75,6457712.5,5128783.0,817508.5,1
1789486906.1461997,music,147,15,75336216.0,0.0,0.0,350879552.0,2362116.25,13290928.0,0.0,0.0,0.0,790855.3125,380909024.0,235894464.0,4139589.25,48650468.0,0.0,861463.5,1
1789486906.2057023,music,145,17,0.0,0.0,2949213.75,195782176.0,25293430.0,0.0,18798788.0,0.0,17950012.0,0.0,0.0,5588812.0,6009223.0,81066936.0,0.0,2091541.625,1
1789486906.2681603,music,162,14,295918304.0,0.0,0.0,0.0,2985467.0,9522835.0,3250703.75,0.0,8178300.0,12010537.0,0.0,17260736.0,53886872.0,3319891.0,8218431.0,0.0,1
1789486906.332313,music,151,25,163478064.0,0.0,0.0,254895008.0,15863453.0,4934948.0,3115335.25,0.0,0.0,54550176.0,1992592384.0,854024576.0,90268432.0,9988407.0,42453336.0,0.0,1
1789486906.395527,music,163,19,115143064.0,0.0,0.0,70959840.0,9941956.0,0.0,3966328.0,3492408.75,5701541.5,43995416.0,0.0,42394296.0,40039116.0,12070452.0,26271556.0,0.0,1
1789486906.4595327,music,153,24,93063712.0,29406572.0,3747854.5,27559166.0,6798390.0,43678844.0,3983101.0,324943.8125,0.0,7282585.0,223369280.0,77871872.0,44406840.0,4421697.0,2684956.0,0.0,1
1789486906.5224938,music,150,15,55946616.0,10560999.0,0.0,0.0,355334.0625,0.0,2546838.75,744449.875,0.0,0.0,0.0,0.0,97081536.0,25525704.0,8535168.0,39166520.0,1
1789486906.5850887,music,145,14,0.0,0.0,0.0,0.0,2363470.0,11564473.0,11570859.0,8643465.0,7706689.5,11489343.0,2009301760.0,29138748.0,25289888.0,36070324.0,0.0,0.0,1
1789486906.6468406,music,147,15,11566068.0,0.0,21204236.0,1285116.875,0.0,10991527.0,14717896.0,4578491.0,6442760.5,22449808.0,0.0,19567596.0,3583167.0,2064852.25,0.0,0.0,1
1789486906.7093358,music,153,19,22548936.0,0.0,0.0,0.0,0.0,9110625.0,28429696.0,15767018.0,0.0,26834044.0,0.0,117157648.0,3252272640.0,183517488.0,4682964.0,23404840.0,1
1789486906.7715633,music,154,14,0.0,0.0,0.0,0.0,0.0,0.0,74112176.0,32189704.0,16224809.0,4076571.5,0.0,62007400.0,1027059008.0,34957784.0,2209867.75,3256010.5,1
1789486906.834412,music,153,15,17798624.0,0.0,0.0,65694104.0,3367540.5,19041742.0,30803386.0,44693484.0,0.0,0.0,669097728.0,82319656.0,0.0,5470163.5,10547020.0,0.0,1
1789486906.897366,music,153,25,64724328.0,0.0,0.0,74426624.0,973456.4375,26688572.0,413900640.0,190260000.0,14896696.0,21828048.0,147797632.0,26828346.0,359797472.0,20317666.0,9413328.0,0.0,1
1789486906.9465458,music,149,11,14821316.0,0.0,7989960.0,26054860.0,6614592.5,3177748.0,0.0,0.0,0.0,7030966.0,0.0,0.0,557576704.0,2615789.25,0.0,0.0,1
1789486907.009723,music,152,19,11761324.0,0.0,2324099.0,14993888.0,5365929.0,7416166.0,183375488.0,109525528.0,3985507.0,946351.375,348023552.0,198828016.0,0.0,1537997.125,0.0,0.0,1
1789486907.0721693,music,154,13,0.0,0.0,0.0,1736624.25,0.0,1679993.25,284842688.0,172709600.0,0.0,3044029.5,0.0,127929704.0,1705276928.0,2248461.5,2686545.0,998959.875,1
1789486907.1350508,music,154,9,19520198.0,0.0,4404171.0,28612964.0,1956110.5,7963924.0,0.0,0.0,0.0,0.0,0.0,16974132.0,0.0,0.0,0.0,0.0,1
1789486907.1816034,music,155,16,0.0,0.0,106505336.0,0.0,2952510.75,10905676.0,61141164.0,0.0,3613696.25,4121844.25,0.0,65794524.0,305869920.0,1518126.25,1881887.75,1305458.0,1
1789486907.2468975,music,168,18,0.0,1296151.875,0.0,56678232.0,24083746.0,27593234.0,295565248.0,69483944.0,0.0,1369692.125,0.0,0.0,0.0,84178000.0,17450598.0,10304736.0,1
1789486907.3113503,music,164,14,7317107.0,0.0,16499190.0,9266062.0,0.0,50148956.0,0.0,259710624.0,508113.3125,5093276.0,0.0,40448588.0,0.0,0.0,20393860.0,7167551.0,1
1789486907.375456,music,157,19,1631527.75,2131958.75,0.0,10417448.0,6177841.0,0.0,369771360.0,331140640.0,0.0,0.0,0.0,64613288.0,349769856.0,1320784.75,12517164.0,1353876.75,1
1789486907.4394424,music,159,15,2894303.75,0.0,0.0,15822708.0,5874303.0,47830316.0,11005983.0,0.0,0.0,1468822.25,0.0,135803648.0,61734740.0,4219054.0,6984651.0,0.0,1
1789486907.503702,music,155,21,2811181.0,0.0,0.0,829724.8125,2928982.5,31579044.0,83060128.0,79447248.0,3277540.5,4299350.5,91880080.0,100812976.0,734205504.0,284643296.0,3516306.5,0.0,1
1789486907.568363,music,158,11,2615521.75,0.0,0.0,0.0,1758148.25,6092343.0,34328628.0,0.0,0.0,0.0,0.0,142079312.0,2581364224.0,38484780.0,0.0,0.0,1
1789486907.6299791,music,159,23,23568744.0,29368596.0,0.0,973572.0,240021.140625,25396750.0,73480528.0,35639972.0,1638944.875,1568638.5,73448896.0,190066400.0,6371936256.0,3954990.0,0.0,30894560.0,1
1789486907.6927896,music,158,10,6933238.0,45022272.0,0.0,3919168.0,771705.9375,12449834.0,0.0,0.0,0.0,422968.6875,0.0,0.0,193417184.0,0.0,0.0,27067480.0,1
1789486907.7575383,music,158,17,10198852.0,0.0,0.0,0.0,1446516.5,3927971.5,0.0,1719291.5,538577.4375,1988625.125,9466357.0,22559254.0,313996064.0,1783415.0,2177784.25,0.0,1
1789486907.807502,music,157,20,0.0,8388387.5,11434733.0,3813821.75,3018364.75,10699984.0,20175720.0,132172288.0,0.0,6537948.0,102296808.0,98500088.0,277728320.0,33613264.0,0.0,26855452.0,1
1789486907.8715668,music,156,18,43222520.0,0.0,24159892.0,0.0,0.0,0.0,125150368.0,0.0,0.0,37381276.0,72343224.0,74315120.0,0.0,79807768.0,119525496.0,127820528.0,1
1789486907.935336,music,148,25,0.0,0.0,17778070.0,14472416.0,26999756.0,15351506.0,53716412.0,123303232.0,4366376.0,59128468.0,82591920.0,0.0,0.0,530244064.0,135787520.0,301041728.0,1
1789486907.9973752,music,148,13,0.0,0.0,2546073.5,0.0,0.0,8656878.0,0.0,0.0,5597998.0,17385168.0,0.0,0.0,178742304.0,24226290.0,41468816.0,95980256.0,1
1789486908.0425727,music,148,7,0.0,0.0,0.0,2691007.25,0.0,96990.671875,100032.7578125,0.0,0.0,0.0,0.0,52915308.0,0.0,0.0,0.0,5442795.0,1
1789486908.091853,music,158,16,7181840.5,0.0,0.0,0.0,0.0,0.0,129497720.0,28269452.0,2641653.25,99309.1171875,3019438.5,64074576.0,687415360.0,184792.046875,386556.40625,1656853.375,1
1789486908.155114,music,158,16,29123708.0,0.0,0.0,2180060.75,0.0,146903.90625,68225088.0,35561624.0,2955331.5,292068.25,3063657.0,54510072.0,16187888.0,577748.5,4431436.0,25377730.0,1
1789486908.2009773,music,159,12,216850928.0,0.0,0.0,846501.75,1357583.25,56982060.0,0.0,630498.1875,0.0,0.0,0.0,14768404.0,0.0,651846.125,5125347.5,20420330.0,1
1789486908.264281,music,160,18,29463552.0,0.0,2811534.5,0.0,0.0,1045774.625,136620304.0,135314288.0,3339308.0,5323057.0,9619860.0,58728080.0,1210574336.0,3878421.25,30475506.0,0.0,1
1789486908.3292854,music,165,11,0.0,2266270.75,0.0,0.0,0.0,0.0,460709984.0,238590464.0,0.0,0.0,6124733.5,44177424.0,258220928.0,2920279.5,51090696.0,0.0,1
1789486908.3935795,music,165,7,0.0,0.0,509650.375,0.0,0.0,0.0,1182992.0,1598049.125,0.0,2621232.0,0.0,0.0,0.0,8825420.0,0.0,14175100.0,1
1789486908.442848,music,155,22,0.0,8292063.5,15942773.0,16894502.0,83204352.0,15684680.0,22354856.0,0.0,6621524.5,28115426.0,34437004.0,500923424.0,0.0,21164202.0,12435377.0,0.0,1
1789486908.5068834,music,156,15,35266532.0,0.0,32648140.0,112837720.0,5425342.5,0.0,0.0,0.0,0.0,17359756.0,24742104.0,93123192.0,483866560.0,0.0,97857408.0,11989258.0,1
1789486908.5700474,music,158,17,42686948.0,0.0,25321196.0,227890896.0,50811960.0,0.0,0.0,0.0,17592750.0,0.0,20875716.0,0.0,1199982208.0,43693444.0,25659136.0,13427087.0,1
1789486908.6341662,music,156,24,118895376.0,33063556.0,27701974.0,227265664.0,8948200.0,1646207.5,37207624.0,18927100.0,7868037.0,5360361.0,0.0,137915456.0,572131328.0,67980560.0,0.0,3553063.25,1
1789486908.6979327,music,156,27,64359636.0,31441900.0,16831236.0,0.0,75685040.0,6206385.0,154564832.0,31769986.0,13850490.0,36098564.0,181781680.0,106668160.0,0.0,0.0,38743944.0,35701492.0,1
1789486908.7431407,music,158,13,136577488.0,0.0,0.0,0.0,15096541.0,0.0,29894272.0,0.0,0.0,1237629.5,0.0,119321120.0,998548352.0,8045735.5,30206956.0,2906772.75,1
1789486908.807157,music,156,18,24271706.0,10473145.0,0.0,0.0,14616115.0,27862244.0,0.0,0.0,0.0,666196.125,0.0,78604936.0,1260476544.0,3679461.0,13181588.0,1562864.625,1
1789486908.882057,music,153,20,22642316.0,0.0,0.0,35906696.0,104395360.0,17449920.0,1781491.75,5969050.0,7543538.0,6572886.0,0.0,84441672.0,870904384.0,17286564.0,5342441.0,7117463.0,1
1789486908.9452806,music,153,20,0.0,0.0,10018006.0,52079164.0,12540754.0,4728573.0,0.0,11457064.0,33401828.0,75662864.0,0.0,10703728.0,544391424.0,49129220.0,17471596.0,2012811.875,1
1789486908.9906192,music,153,19,7178544.0,7766240.0,4090499.5,85262560.0,18208060.0,11137228.0,10343203.0,11131220.0,0.0,3809589.25,0.0,53367440.0,322940032.0,18894244.0,19717212.0,0.0,1
1789486909.0403636,music,158,24,86573936.0,7592383.0,0.0,61650792.0,8836113.0,9737443.0,72686136.0,44747772.0,0.0,43316464.0,0.0,8797222.0,169388896.0,977345.5,8102798.5,5057733.0,1
1789486909.1040938,music,155,18,7830132.5,8312791.0,36673888.0,275623744.0,30649148.0,666466.8125,512705.78125,0.0,0.0,7376311.0,0.0,9192434.0,31377496.0,40605940.0,42906868.0,32126310.0,1
1789486909.167363,music,155,11,1258751.5,1144669.75,0.0,0.0,14462612.0,1377982.625,0.0,303822.75,0.0,14780403.0,362768256.0,8809324.0,0.0,823689.5,0.0,2783677.0,1
1789486909.2125678,music,148,13,2152865.0,4101174.5,0.0,0.0,28921482.0,4865317.0,0.0,1709041.25,0.0,1419537.25,542823424.0,4676929.5,12818268.0,4040360.5,41109032.0,0.0,1
1789486909.274966,music,151,13,0.0,6431075.5,0.0,114421216.0,2068490.75,4722472.0,0.0,5812022.5,0.0,495919.21875,1342654976.0,415106848.0,0.0,12635544.0,0.0,0.0,1
1789486909.4089816,music,156,16,59003240.0,3827936.75,0.0,3889523.0,23552292.0,0.0,26480918.0,7177070.5,0.0,0.0,222275696.0,236524048.0,0.0,8367519.5,0.0,866601.4375,1
1789486909.4798841,music,167,12,0.0,3293590.25,0.0,0.0,8395909.0,0.0,8169283.5,16919224.0,0.0,1883603.0,0.0,10993949.0,0.0,19945788.0,2454552.0,2435460.5,1
1789486909.544527,music,172,18,0.0,1042548.4375,20463408.0,13960023.0,247539680.0,0.0,0.0,322855.0625,11024546.0,23727152.0,0.0,0.0,857370496.0,63781884.0,16477204.0,5112453.0,1
1789486909.6096797,music,176,15,15349900.0,427020.96875,0.0,31402578.0,0.0,350149.3125,387033.8125,0.0,0.0,1049697.5,242459168.0,61096132.0,1944082688.0,0.0,32462920.0,0.0,1
1789486909.675511,music,180,15,0.0,0.0,0.0,4532111.5,89490112.0,2432607.75,7308546.5,0.0,3550592.25,0.0,0.0,69644256.0,1511520512.0,15374358.0,31569804.0,1578811.25,1
1789486909.741098,music,180,19,11362237.0,0.0,0.0,30336262.0,27570370.0,5760569.5,10254718.0,732133.8125,0.0,16081740.0,67358648.0,11871710.0,0.0,24602194.0,0.0,0.0,1
1789486909.7906857,music,175,16,23970860.0,0.0,511407.1875,5649171.5,347255040.0,406747.03125,0.0,1237627.0,0.0,34990184.0,104117600.0,0.0,0.0,1044140.875,1669844.125,0.0,1
1789486909.8557458,music,191,18,0.0,0.0,0.0,2308765.0,112616016.0,653342.125,418914.4375,0.0,308630.21875,14017714.0,66823800.0,71262160.0,744940224.0,34467824.0,16712087.0,0.0,1
1789486909.9199033,music,191,5,0.0,0.0,0.0,0.0,0.0,0.0,0.0,1543939.625,0.0,2955778.25,37044300.0,0.0,0.0,66856324.0,19287744.0,0.0,1
1789486909.9794266,music,191,11,48962456.0,0.0,0.0,0.0,13167862.0,0.0,0.0,554305.9375,0.0,0.0,48825180.0,27998884.0,0.0,110412768.0,1576374.125,0.0,1
1789486910.024633,music,188,21,54651944.0,0.0,0.0,0.0,207129760.0,2617208.25,4470231.5,0.0,0.0,12439306.0,27377774.0,24012164.0,153970048.0,5159668.0,2013873.625,3973323.0,1
1789486910.0901358,music,203,14,10083749.0,0.0,0.0,0.0,0.0,0.0,0.0,4411772.5,11085140.0,3246011.5,21678236.0,109175096.0,321940096.0,186823872.0,61372216.0,21689870.0,1
1789486910.1542044,music,219,8,0.0,0.0,0.0,11648407.0,10277419.0,0.0,0.0,0.0,0.0,0.0,0.0,566546112.0,231022176.0,316421984.0,0.0,0.0,1
1789486910.217337,music,219,9,0.0,0.0,0.0,4165071.75,24341368.0,0.0,20023696.0,0.0,0.0,0.0,0.0,0.0,0.0,14207338.0,32034742.0,28465508.0,1
1789486910.264274,music,221,9,41026672.0,0.0,0.0,968729.875,0.0,0.0,14329518.0,5334917.0,0.0,0.0,0.0,13617379.0,0.0,1391778.0,0.0,0.0,1
1789486910.3271255,music,219,14,81977984.0,0.0,0.0,0.0,90754016.0,0.0,5878210.0,5384198.0,0.0,0.0,4562143.0,16478073.0,229302960.0,31760058.0,0.0,0.0,1
1789486910.389345,music,219,11,4214508.5,0.0,105470.5,0.0,7335507.0,0.0,2249902.5,0.0,0.0,9947882.0,17385358.0,22751652.0,273237344.0,455556.4375,0.0,0.0,1
1789486910.4866843,music,218,14,0.0,0.0,0.0,2448168.0,83225832.0,67081.8046875,8492881.0,2179073.75,0.0,0.0,28754352.0,12412265.0,0.0,14219353.0,13459030.0,2921466.25,1
1789486910.5447178,music,222,16,93827616.0,0.0,0.0,0.0,0.0,875196.5625,6740731.5,1338526.0,0.0,0.0,47049364.0,64983368.0,834454784.0,85050240.0,53113364.0,0.0,1
1789486910.606234,music,222,24,158579232.0,0.0,0.0,102177040.0,76474144.0,464884.84375,2547811.5,0.0,157687504.0,14689657.0,869265472.0,229832320.0,90361872.0,30471448.0,38655128.0,0.0,1
1789486910.6560314,music,226,23,0.0,0.0,0.0,127537120.0,44484648.0,0.0,46109248.0,120306848.0,256138896.0,87421040.0,970822784.0,103902752.0,89919384.0,180290176.0,70678176.0,23378844.0,1
1789486910.7178967,music,232,23,109054688.0,0.0,0.0,105034224.0,20545434.0,2876681.25,2177627.25,0.0,123776848.0,55634640.0,1648251264.0,302742432.0,243375648.0,655545856.0,404983808.0,0.0,1
1789486910.778973,music,232,20,977914.25,0.0,386442.4375,7307495.0,39919520.0,3253624.5,6024230.5,0.0,40089552.0,76873296.0,647552512.0,199881632.0,0.0,0.0,9538504.0,28991928.0,1
1789486910.8251376,music,247,18,0.0,0.0,0.0,0.0,0.0,128136.8203125,5885019.5,8012994.0,146709008.0,10695754.0,366614272.0,188698784.0,0.0,0.0,39901640.0,16043962.0,1
1789486910.8900416,music,250,30,238657872.0,23982452.0,76153128.0,311407232.0,236539008.0,18893706.0,13672480.0,0.0,34327568.0,40513688.0,745364160.0,297461184.0,16188464.0,115548960.0,159988800.0,4835363.5,1
1789486910.9551816,music,244,19,0.0,4629189.5,4099420.25,0.0,0.0,9413306.0,25089540.0,0.0,0.0,0.0,189154720.0,62537736.0,25998222.0,122050888.0,192147360.0,6850235.0,1
1789486911.0199635,music,249,24,30731962.0,0.0,6023841.5,154274592.0,75796712.0,669350.0,0.0,0.0,15801765.0,16909046.0,164279056.0,149748864.0,374295872.0,0.0,0.0,12406922.0,1
1789486911.0845227,music,249,18,0.0,0.0,12462413.0,56168608.0,13242619.0,1124441.375,14086743.0,0.0,21725552.0,1677743.75,103826752.0,6715044.5,54434848.0,14276982.0,4893381.5,5233691.0,1
1789486911.1342907,music,246,21,812161.5,0.0,311348.90625,0.0,57630208.0,363760.6875,0.0,3084679.75,7447899.5,71113312.0,30583740.0,811957.125,56093144.0,92672960.0,122568816.0,17542512.0,1
1789486911.197752,music,252,25,14631906.0,0.0,135407616.0,272998336.0,2143325.25,3821217.75,51016020.0,12085750.0,2631890.75,16346720.0,324586112.0,125794744.0,99835040.0,41271528.0,86002576.0,22002420.0,1
1789486911.2616494,music,252,19,0.0,2538045.0,0.0,340224000.0,8730452.0,4231991.0,0.0,7966752.0,0.0,97573136.0,197353440.0,0.0,47410436.0,38775068.0,16921648.0,4879190.0,1
1789486911.3112962,music,251,15,0.0,0.0,63818436.0,229745584.0,9942225.0,0.0,38226504.0,0.0,484457.0,24950124.0,46260028.0,3794480.5,1863168.375,0.0,42412844.0,31117078.0,1
1789486911.3750052,music,261,28,131483040.0,0.0,175489424.0,160297776.0,18655098.0,33839004.0,48095864.0,1295956.25,8700044.0,121305776.0,204701728.0,47343548.0,15066036.0,347895968.0,391800800.0,15528764.0,1
1789486911.439761,music,261,22,1344702.25,20283288.0,5907959.0,15283370.0,16125640.0,3180372.75,0.0,1251437.5,584114.0625,31737554.0,83642128.0,21317520.0,35979280.0,0.0,19417198.0,7863719.5,1
1789486911.4846542,music,261,23,4303067.5,0.0,0.0,5825278.0,34990152.0,0.0,0.0,4960980.0,7543553.5,100265056.0,68544832.0,30702324.0,12880974.0,72854496.0,114657768.0,1614764.25,1
1789486911.5303628,music,264,28,7063382.0,4245324.5,14515914.0,25890018.0,6848615.0,0.0,171736000.0,0.0,865654.4375,83990368.0,171561520.0,60737652.0,7358316.0,18956716.0,4197107.5,6272935.0,1
1789486911.5960562,music,260,26,146150912.0,39435604.0,8007919.0,44578364.0,33608284.0,7221021.0,73646800.0,696991.5,8274081.0,12067678.0,70521088.0,61223840.0,17307936.0,12367710.0,20085302.0,3946614.5,1
1789486911.660722,music,264,25,0.0,14387844.0,852907.0,18033230.0,14388879.0,72562440.0,105348152.0,0.0,119238.765625,11763452.0,74819640.0,48238992.0,77536016.0,5232340.0,7422462.0,57121476.0,1
1789486911.7257967,music,262,17,0.0,0.0,8891045.0,0.0,19710396.0,0.0,269956608.0,47820680.0,0.0,6241520.5,35963112.0,13396861.0,0.0,460023.0625,2232156.75,2968272.0,1
1789486911.7912698,music,265,25,74525080.0,0.0,0.0,5854008.0,11054178.0,0.0,229769504.0,0.0,4605324.0,12761617.0,130773480.0,63236456.0,0.0,7511958.0,17025712.0,17498930.0,1
1789486911.8553119,music,265,23,27938900.0,0.0,94037536.0,19106896.0,30000070.0,23493940.0,17164172.0,0.0,15450253.0,14387129.0,29795918.0,35836076.0,0.0,18231544.0,14331308.0,13316228.0,1
1789486911.9012473,music,265,17,54259024.0,0.0,9824668.0,0.0,9947440.0,0.0,35983208.0,0.0,4467078.0,26563792.0,19242846.0,4077157.75,0.0,0.0,46692928.0,9185029.0,1
1789486911.951367,music,265,15,0.0,0.0,0.0,0.0,3835626.5,2154911.25,0.0,0.0,10151087.0,7830319.0,14274330.0,19892036.0,26772200.0,0.0,10842955.0,13784570.0,1
1789486911.9970121,music,265,22,7583315.5,0.0,20321766.0,4408893.0,5178135.5,682477.8125,0.0,0.0,8306112.0,4366552.5,44100112.0,9751760.0,8320543.0,6775061.0,1402712.5,3948031.0,1
1789486912.0466309,music,265,21,28216780.0,5876891.0,1896533.25,2682619.5,3177414.25,6239553.0,0.0,7047489.0,0.0,0.0,9897508.0,18189624.0,29250502.0,46166904.0,19707686.0,3629621.0,1
1789486912.0921817,music,265,19,0.0,0.0,471598.5,12569094.0,0.0,33108764.0,5999627.0,10323342.0,14338788.0,19035736.0,0.0,3562661.0,8215846.0,5891387.0,6535663.5,22386468.0,1
1789486912.141009,music,261,21,1699085.75,0.0,13751515.0,22643316.0,4885651.0,49688944.0,37099592.0,1567017.0,8346836.5,1655775.25,3061849.75,11853852.0,0.0,1411429.375,5217897.5,3514711.75,1
1789486912.2052155,music,261,22,18148860.0,7230103.0,10641265.0,11973602.0,4015444.5,0.0,5007258.0,0.0,6981791.5,5554844.5,0.0,4018046.5,0.0,3702742.5,10791568.0,1793312.375,1
1789486912.2513223,music,261,20,48095172.0,0.0,6399532.0,3496432.5,1589520.375,1779037.875,8488477.0,0.0,9273575.0,7075525.0,7648935.5,373019.3125,0.0,2762918.0,18574860.0,1506716.75,1
1789486912.3008416,music,266,14,14661157.0,0.0,5107090.0,0.0,0.0,0.0,0.0,0.0,0.0,9683948.0,51684744.0,23479900.0,0.0,9732172.0,31993100.0,22202524.0,1
1789486912.3660188,music,262,27,17475988.0,12189064.0,5713653.0,11416574.0,8608135.0,10083859.0,8604266.0,85203528.0,5189062.0,34407384.0,24011810.0,2043274.75,106693952.0,56543832.0,24245632.0,6709381.0,1
1789486912.4318664,music,263,24,51876792.0,0.0,0.0,3878665.5,2668320.25,4736163.5,73067248.0,9842477.0,1242505.75,17119972.0,0.0,67572144.0,48786116.0,16273603.0,4190248.0,2179598.25,1
1789486912.4966931,music,261,14,27585412.0,0.0,18699078.0,0.0,0.0,9640133.0,34382408.0,32481396.0,12663414.0,1417511.0,28890248.0,6750111.0,20909576.0,0.0,0.0,4617145.5,1
1789486912.5613923,music,268,17,0.0,0.0,6623766.0,0.0,33403476.0,0.0,129289088.0,271537184.0,21141674.0,24897916.0,41881256.0,13267501.0,0.0,0.0,0.0,5177987.0,1
1789486912.6260662,music,268,13,0.0,0.0,0.0,3527395.75,13953356.0,3240642.0,17600360.0,0.0,0.0,6427678.5,40042960.0,15634868.0,17322000.0,0.0,28088510.0,26862544.0,1
1789486912.675598,music,268,16,76086.15625,0.0,1288922.125,12847812.0,0.0,0.0,0.0,543989.9375,4123101.0,4013311.0,23468382.0,13822200.0,70517472.0,2397231.0,11188284.0,10135072.0,1
1789486912.7217174,music,272,29,19674516.0,4156705.25,5243759.5,6617560.0,0.0,1049977.125,65140776.0,29728540.0,730107.125,20516024.0,28853676.0,39755936.0,428135872.0,5496231.0,7779469.0,15388228.0,1
1789486912.7868335,music,279,18,23916360.0,0.0,0.0,0.0,0.0,0.0,7193582.0,0.0,2233134.5,19325234.0,15704177.0,11371475.0,118151960.0,4972356.5,16324827.0,27951722.0,1
1789486912.85184,music,279,27,7911650.0,24475134.0,56767272.0,2895623.25,533119.375,765028.25,53705764.0,3978587.75,0.0,14403158.0,7017027.5,15896774.0,252913392.0,53258044.0,65129868.0,0.0,1
1789486912.9021409,music,261,20,6462346.0,7604543.5,9724848.0,427633.1875,14405796.0,0.0,184526640.0,102447912.0,0.0,26504836.0,8642985.0,35132472.0,414638720.0,0.0,10439626.0,31363290.0,1
1789486912.966658,music,261,25,23966372.0,33990288.0,13836479.0,411717.46875,7491804.0,0.0,0.0,0.0,128608.5546875,23091486.0,16168465.0,81768160.0,1142981120.0,21884616.0,15986976.0,31123074.0,1
1789486913.0128505,music,261,19,37909784.0,6611180.0,2594788.5,1133874.0,0.0,2617861.25,0.0,0.0,0.0,27519024.0,11697421.0,0.0,0.0,12393969.0,5874896.5,7863000.0,1
1789486913.0613956,music,261,15,14005793.0,0.0,1495081.375,0.0,0.0,821410.5,0.0,0.0,6091430.5,56757496.0,0.0,27255688.0,0.0,69641792.0,9582032.0,35091788.0,1
1789486913.1076503,music,262,22,12853204.0,0.0,3185405.75,3492391.25,787189.9375,0.0,0.0,0.0,161370.671875,51250604.0,47899536.0,1827309.25,39851488.0,64982956.0,11920963.0,33675472.0,1
1789486913.1726446,music,264,19,8239933.5,0.0,3199413.0,3468892.5,0.0,1262943.75,0.0,0.0,343669.59375,30127936.0,14823767.0,37251276.0,482435392.0,6543885.5,7354242.0,2944716.75,1
1789486913.2373269,music,265,18,9740388.0,0.0,26042218.0,8936161.0,20691996.0,1079212.625,18590340.0,0.0,399511.21875,19634568.0,16350125.0,1057986.0,66328144.0,14597092.0,0.0,1446384.75,1
1789486913.3011684,music,267,19,7196013.5,0.0,470430.71875,1627037.625,16742348.0,588796.0625,208898928.0,121973672.0,188733.78125,26523856.0,10575679.0,2476741.0,0.0,8475390.0,4701709.0,9959003.0,1
1789486913.3666732,music,275,25,2385551.0,35297700.0,2901180.0,3809195.5,2810582.5,4295615.0,115046368.0,0.0,983317.6875,23522216.0,0.0,227479104.0,742670976.0,0.0,108799248.0,7941587.0,1
1789486913.4309335,music,272,22,2924669.5,156625856.0,31493830.0,2798933.0,0.0,666400.25,902249.25,0.0,1849326.5,28656230.0,22102652.0,5255398.0,0.0,38208456.0,30535444.0,5537944.0,1
1789486913.4960413,music,273,25,75471456.0,0.0,976365.0,2233053.5,2270552.0,1336706.375,0.0,61208836.0,61911.27734375,11533896.0,30132068.0,15319439.0,6185983.5,190522672.0,116605392.0,25969076.0,1
1789486913.561307,music,272,25,6303597.0,0.0,13564268.0,6799112.5,6968742.0,0.0,4937227.0,101274144.0,802991.5,1569332.5,10230072.0,13009790.0,33209488.0,70477504.0,132237344.0,19242900.0,1
1789486913.626161,music,272,19,23604544.0,4934418.0,4607932.5,0.0,17328650.0,0.0,0.0,0.0,1601151.375,20538708.0,0.0,9547489.0,105365728.0,55775920.0,24904978.0,0.0,1
1789486913.6724272,music,273,17,73852960.0,0.0,0.0,0.0,48819488.0,0.0,760006.5625,1068881.5,0.0,19899692.0,8343908.0,880565.625,0.0,133433600.0,123431192.0,4073970.5,1
1789486913.7378829,music,273,10,0.0,4360837.5,0.0,0.0,138932480.0,0.0,0.0,0.0,0.0,0.0,0.0,577062.3125,9639570.0,16674159.0,0.0,3907641.75,1
1789486913.7870622,music,277,18,0.0,1819694.625,819759.625,439566.96875,152058432.0,0.0,18907616.0,5284132.0,0.0,11639103.0,2596014.5,280489.8125,0.0,50252076.0,28522410.0,3909339.25,1
1789486913.8511205,music,274,23,57994288.0,0.0,240757.421875,1711206.375,195883968.0,2944526.25,26252950.0,0.0,0.0,2831310.0,748611.9375,620749.25,0.0,38136332.0,55015652.0,16481020.0,1
1789486913.915143,music,277,15,27842654.0,0.0,7814818.0,11268782.0,11750656.0,4141278.5,124310312.0,67234352.0,0.0,10375952.0,8158248.5,0.0,10492314.0,0.0,0.0,2656220.5,1
1789486914.0012448,music,277,21,0.0,5721328.5,3227736.75,5951012.0,28834990.0,0.0,40197464.0,33431812.0,21393738.0,68107712.0,18091560.0,0.0,0.0,93050936.0,99299176.0,2784867.0,1
1789486914.047728,music,278,21,0.0,5573466.0,1879996.625,697034.0,87899232.0,3527724.75,1319374.875,14271604.0,0.0,13879819.0,6057759.0,8507262.0,0.0,6143683.0,6392754.0,4132266.75,1
1789486914.113364,music,276,22,32965958.0,0.0,11134318.0,16021784.0,59220296.0,0.0,54580028.0,0.0,0.0,17836038.0,10296132.0,55468064.0,123600176.0,1523349.0,14760494.0,12210500.0,1
1789486914.179471,music,311,6,0.0,1802459.625,0.0,0.0,0.0,0.0,31454086.0,16976532.0,0.0,0.0,0.0,32136648.0,339805184.0,0.0,0.0,0.0,1
1789486914.1802452,music,276,19,26974624.0,0.0,418355.6875,1566386.75,2584411.0,0.0,0.0,8085923.0,34443188.0,29043062.0,6965092.0,8614173.0,0.0,6541120.5,1703974.5,17907776.0,1
1789486914.2297258,music,297,20,50085040.0,4605351.0,2736153.5,3910276.5,114198608.0,0.0,10733001.0,15195322.0,0.0,9344776.0,2730527.25,75048016.0,678615552.0,32501240.0,3566594.5,0.0,1
1789486914.2938328,music,300,19,22156032.0,0.0,0.0,0.0,442655872.0,0.0,10187164.0,14802970.0,42489408.0,14333431.0,8511187.0,43556628.0,565722624.0,19361396.0,0.0,0.0,1
1789486914.3814597,music,303,16,0.0,0.0,826041.4375,0.0,93760912.0,2936442.5,25380754.0,8758720.0,0.0,9531050.0,4782589.5,87211584.0,1315288320.0,45125328.0,0.0,0.0,1
1789486914.4512563,music,281,18,79289808.0,0.0,0.0,0.0,7795966.0,0.0,1291468.875,0.0,0.0,10394626.0,3999747.5,68388128.0,326081856.0,1234506.25,9821306.0,5585475.0,1
1789486914.5148156,music,281,19,7033678.5,0.0,2793106.5,1045844.3125,10667191.0,0.0,5949740.5,4678856.0,0.0,9579708.0,6325183.0,37983872.0,406985760.0,10510525.0,18581920.0,26905960.0,1
1789486914.5601702,music,289,26,38812896.0,36462808.0,84565136.0,89450416.0,137877312.0,0.0,4810422.0,3359612.5,0.0,19368078.0,11193000.0,47324540.0,324020896.0,202982912.0,1273694080.0,49809176.0,1
1789486914.6354043,music,287,19,250339552.0,37835484.0,0.0,10767826.0,18830506.0,0.0,0.0,0.0,16569495.0,9392396.0,8641007.0,0.0,17618296.0,61610692.0,825050560.0,3183810.5,1
1789486914.6948,music,269,18,255994848.0,47432772.0,0.0,2040832.0,8900491.0,40225932.0,84445.71875,0.0,0.0,20299856.0,10530972.0,824519.125,0.0,68394296.0,796611712.0,2667257.75,1
1789486915.1411147,music,292,15,56099788.0,11372688.0,3852382.0,0.0,560683.0,16340580.0,319744.03125,0.0,0.0,0.0,0.0,4487603.5,0.0,602902.875,77674656.0,17205228.0,1
1789486915.2018614,music,299,24,24246798.0,4726919.0,938850.25,0.0,1645950.5,17131068.0,3813610.5,1807389.0,0.0,0.0,216985.09375,12339498.0,48164048.0,6611190.5,11118126.0,11930028.0,1
1789486915.2658975,music,310,19,30397112.0,8055368.5,22042732.0,46857728.0,4425807.0,0.0,0.0,0.0,4511278.5,11041146.0,13829258.0,20875384.0,0.0,87670720.0,413140736.0,28840954.0,1
1789486915.339551,music,318,26,63993232.0,12021350.0,0.0,15029615.0,9968023.0,0.0,8002947.0,2657936.0,247610.484375,3645087.0,7127623.0,10606443.0,0.0,41752044.0,587295104.0,18334228.0,1
1789486915.4021604,music,320,18,100131928.0,0.0,0.0,5741719.5,4966896.0,0.0,5773788.5,4290026.0,0.0,0.0,25667260.0,10153119.0,13161287.0,24399456.0,0.0,11830247.0,1
1789486915.464053,music,324,30,35339320.0,8618735.0,4780769.0,5871138.0,4289528.5,9225901.0,2233650.5,1669447.25,790508.5,29615994.0,12416190.0,9203771.0,0.0,142622160.0,501512224.0,20366188.0,1
1789486915.5265007,music,324,35,9222086.0,2746455.75,29744960.0,10724478.0,1743238.25,5789112.0,2538798.5,2122950.0,3107087.75,29952498.0,10262934.0,20797168.0,120417032.0,45680256.0,258539888.0,4888687.5,1
1789486915.5732179,music,325,34,8552950.0,2777682.75,87215792.0,144688880.0,6147645.0,21655914.0,1835522.25,10335844.0,6416921.0,14302515.0,24765424.0,33818660.0,65399072.0,159788144.0,87163984.0,86508304.0,1
1789486915.8696604,music,338,29,97387056.0,5017030.0,67413112.0,40073880.0,4595470.0,45860548.0,0.0,0.0,947034.625,46405108.0,50381648.0,29130456.0,0.0,783388224.0,4740025344.0,327679456.0,1
1789486915.9326053,music,339,29,76012640.0,18444392.0,79781176.0,10240090.0,54019724.0,273078752.0,0.0,769949.25,36116960.0,92418192.0,60122084.0,17645882.0,35671608.0,285412928.0,5388302336.0,43647728.0,1
1789486915.9960644,music,340,28,0.0,869614.5,163649952.0,10373759.0,3775635.25,52255096.0,679241.875,3171509.0,50154040.0,169735776.0,56408428.0,21941352.0,8022269.0,822520576.0,4914575360.0,13426345.0,1
1789486916.0595717,music,340,34,21026282.0,4450015.0,132160568.0,3805854.75,36226920.0,219979008.0,1682469.25,3285370.5,76942528.0,63933548.0,249972352.0,19040666.0,12060188.0,55081104.0,596842624.0,104691760.0,1
1789486916.104514,music,340,33,77724528.0,14850843.0,84668600.0,5753790.0,56736880.0,211155104.0,2443254.5,608993.8125,47402996.0,252405472.0,57385316.0,15146632.0,2063754.0,16744744.0,1034176640.0,15297317.0,1
1789486916.1496394,music,341,33,111414920.0,23472624.0,101500096.0,9494490.0,22776040.0,154245568.0,3444114.5,3027168.25,85542720.0,106598064.0,72609232.0,21274844.0,6164787.0,434603712.0,1431561600.0,19640274.0,1
1789486916.2135856,music,342,31,61213588.0,23943528.0,542254016.0,84784352.0,13152220.0,5607340.0,5108174.0,4088206.5,63757984.0,57420776.0,32316576.0,6473470.0,0.0,324422976.0,328898496.0,15533094.0,1
1789486916.276784,music,341,27,0.0,4148454.0,33517814.0,4662680.0,59338844.0,235480352.0,3966524.5,11974701.0,46824616.0,85924752.0,11948277.0,13322987.0,9014106.0,0.0,154169216.0,17257282.0,1
1789486916.3405323,music,348,30,7405346.5,13142714.0,22188112.0,3841555.5,88873856.0,599865856.0,5107129.5,828086.125,28473016.0,80894464.0,35461564.0,3916413.0,0.0,117082448.0,1030972672.0,11048569.0,1
1789486916.4041078,music,345,31,51430492.0,8107971.0,28575320.0,14981255.0,4644302.0,430094688.0,528387.9375,0.0,30024104.0,202953440.0,95249760.0,1932266.25,13137594.0,64117392.0,346460672.0,8861185.0,1
1789486916.5334709,music,350,31,880911.125,1702287.375,0.0,63868080.0,199431232.0,205861136.0,344446592.0,30294520.0,34308296.0,117338800.0,224386432.0,138089440.0,43937504.0,385923232.0,1569878528.0,845499968.0,1
1789486916.5942383,music,352,26,133242808.0,0.0,83305552.0,181457280.0,59848916.0,79795408.0,16546295.0,685959.5625,2494728.5,3117155.25,114596120.0,66132108.0,22113924.0,118039560.0,2233739776.0,31539044.0,1
1789486916.6586025,music,353,29,18167056.0,495437.1875,69130616.0,83427032.0,95827936.0,569873920.0,19974070.0,2084502.75,12549165.0,91355360.0,222382864.0,27282044.0,0.0,118339632.0,2101577984.0,0.0,1
1789486916.722374,music,353,36,9911765.0,6105838.0,43159332.0,106929936.0,65369676.0,606654656.0,11329558.0,7725097.0,17721046.0,761314112.0,467952320.0,22226456.0,6294682.5,165544880.0,2992132608.0,51393616.0,1
1789486916.7715504,music,355,31,28944388.0,3941583.0,20867510.0,73911664.0,155808768.0,490300928.0,4666503.5,6437250.0,2240654.75,206309952.0,169105504.0,9907214.0,2364699.5,146434512.0,985410624.0,14347888.0,1
1789486916.8357272,music,354,35,121775504.0,1626693.25,4605648.0,114954136.0,171213312.0,292212800.0,14584190.0,5270078.5,5574803.0,80666592.0,83786792.0,9805299.0,2762114.5,28774506.0,752107456.0,67372672.0,1
1789486916.9000897,music,355,35,345280256.0,74481216.0,11938498.0,9609071.0,86042072.0,267461920.0,11041736.0,5410431.0,52298556.0,141783520.0,42245032.0,13251169.0,226793184.0,22611096.0,95944328.0,3323188.75,1
1789486916.964291,music,355,27,136850704.0,7450237.5,3727057.5,31240146.0,184071488.0,115391088.0,7233192.0,746403.5,0.0,128745960.0,79687592.0,18614334.0,0.0,43798912.0,622689024.0,26525980.0,1
1789486917.013862,music,352,32,183396080.0,26747476.0,26259320.0,38993688.0,69593232.0,21801288.0,12358013.0,5936434.5,100881216.0,150053408.0,47850352.0,40159436.0,106390216.0,10690868.0,122380176.0,30580168.0,1
1789486917.0786731,music,357,34,15534750.0,15709325.0,1846830.5,11516868.0,231339120.0,48630224.0,7639203.5,4166797.0,321986304.0,124312880.0,131815232.0,16072736.0,264873872.0,28805160.0,137028672.0,41814524.0,1
1789486917.1428719,music,357,28,284300992.0,41278048.0,5162976.0,25230662.0,9349090.0,62376260.0,917608.875,390316.4375,51481656.0,76127056.0,2882853.5,17483678.0,377370816.0,25163820.0,38107784.0,22220982.0,1
1789486917.1877732,music,354,33,292105152.0,12781720.0,10503311.0,28385048.0,45838096.0,9415797.0,6444551.0,7292598.0,356936448.0,47652772.0,52630912.0,38639676.0,384488224.0,16182439.0,16203669.0,24302636.0,1
1789486917.2522314,music,354,31,17217056.0,20646720.0,18218918.0,31654268.0,127106152.0,157151440.0,0.0,8843344.0,0.0,43555952.0,77756544.0,53206792.0,418868160.0,73274656.0,340442176.0,30873730.0,1
1789486917.3009076,music,355,35,36404072.0,10389052.0,49207856.0,20098752.0,136387840.0,99522208.0,10893566.0,14420726.0,0.0,35151432.0,82726000.0,55148696.0,417776032.0,130890784.0,271093984.0,175984800.0,1
1789486917.3642604,music,355,26,152395168.0,26488876.0,45294992.0,17606110.0,136124160.0,0.0,5270228.0,3539340.25,0.0,0.0,69942768.0,31989984.0,524465856.0,159044720.0,105444800.0,139352544.0,1
1789486917.4090655,music,354,33,120244624.0,4041219.0,33228568.0,9630641.0,87631568.0,23924966.0,8963502.0,6816275.5,0.0,13897267.0,137278784.0,81926296.0,573944704.0,104828320.0,683764224.0,37870760.0,1
1789486917.8632069,music,355,34,47713616.0,40394248.0,103837984.0,165511616.0,104107400.0,6272314.5,49828344.0,12759440.0,88270976.0,44574708.0,27816108.0,252362752.0,34534520.0,486010816.0,461239616.0,158341120.0,1
1789486917.9233139,music,354,33,31085854.0,13928151.0,1266085.75,134735520.0,435841792.0,245630944.0,35968944.0,3281942.5,17907328.0,41804424.0,4040097.5,137128032.0,28198254.0,141233568.0,535716672.0,77753536.0,1
1789486918.1802068,music,356,28,267656160.0,0.0,120976968.0,271925696.0,45684392.0,34929676.0,0.0,7954810.5,18039990.0,19389472.0,50140240.0,20797166.0,5605491.0,30762892.0,104132912.0,14679517.0,1
1789486918.240111,music,357,33,169993824.0,20010056.0,111472104.0,623812288.0,20268864.0,46580396.0,15701620.0,12570505.0,44453152.0,27423328.0,22156938.0,18183418.0,43223588.0,31397546.0,0.0,19839484.0,1
1789486918.401642,music,357,36,32105962.0,13189028.0,109612952.0,79725400.0,64967664.0,208468224.0,1533163.0,980244.0625,10386171.0,9726309.0,39480280.0,16330258.0,56949524.0,42492120.0,681417472.0,31208732.0,1
1789486918.4476902,music,357,33,33002666.0,16048039.0,63415816.0,22191612.0,45424240.0,184368608.0,1646091.0,1087813.875,5777942.0,2088832.75,3251883.75,8133487.0,6561734.0,5882344.5,53134896.0,19020512.0,1
1789486918.493903,music,359,28,18061850.0,2108900.0,19534346.0,19497732.0,58778160.0,235565696.0,282849.0,487939.4375,519999.875,5312064.5,53582256.0,14402778.0,18916540.0,7593205.0,68420848.0,9905007.0,1
1789486918.5574415,music,353,32,64959624.0,40973716.0,53679472.0,389775872.0,66933284.0,166664368.0,23847160.0,27344768.0,61751884.0,69776248.0,12236663.0,13347520.0,0.0,65330012.0,1226947712.0,2502647296.0,1
1789486918.6221192,music,352,26,20417996.0,4730547.0,35766816.0,8686303.0,25166530.0,144553168.0,0.0,13260432.0,342253216.0,20477360.0,33716276.0,22780872.0,3814297.0,6577503.5,421524480.0,454115264.0,1
1789486918.8452585,music,354,33,4340871.0,4649714.0,97362832.0,8481704.0,15636838.0,85119408.0,7458652.0,26258848.0,1307933440.0,52010428.0,3256399.75,34415960.0,3437127.25,50660120.0,73098368.0,21097986.0,1
1789486918.9719946,music,353,30,8346946.5,21857880.0,506571776.0,20235072.0,15395288.0,131400040.0,6414495.0,10982622.0,49628504.0,10268834.0,34617404.0,34859984.0,5034501.0,36812624.0,19417396.0,5442292.0,1
1789486919.036684,music,355,28,15991060.0,21003674.0,607721024.0,7015675.5,18422536.0,132304848.0,2779504.75,0.0,0.0,4025379.5,62203408.0,42571024.0,0.0,44252216.0,13790981.0,60828260.0,1
1789486919.1932645,music,358,31,0.0,0.0,1416004736.0,11872996.0,8641426.0,54677128.0,12428098.0,11682243.0,92963912.0,62666824.0,231993536.0,69656888.0,698344.25,67116080.0,83548448.0,0.0,1
1789486919.2535195,music,353,29,101202160.0,848682.25,293901088.0,28383358.0,66421280.0,178227936.0,69764864.0,8719604.0,168125216.0,52850564.0,0.0,284201984.0,0.0,113040784.0,58500132.0,19992922.0,1
1789486919.383176,music,350,34,267444016.0,2363087.5,97762680.0,82066272.0,5801306.0,5910246.0,22639960.0,20815036.0,196197632.0,25361976.0,1917378048.0,702397376.0,4533285.5,19523520.0,993848.3125,1407112.5,1
1789486919.4542177,music,353,36,292395744.0,6967537.0,275467296.0,17705970.0,5067192.0,13945389.0,4086490.0,15906992.0,372962976.0,21746200.0,1134480000.0,597278080.0,2524991.25,44605100.0,46246036.0,1643177.625,1
1789486919.541984,music,353,28,292572224.0,2580348.0,383446432.0,12936223.0,6409306.5,12409528.0,695613.125,14916717.0,395702464.0,29258848.0,359971520.0,94332720.0,13499495.0,3091682.5,0.0,17126928.0,1
1789486919.5877564,music,353,30,223313056.0,4652670.0,474636928.0,81978360.0,11829365.0,4582721.5,0.0,5080262.5,64923636.0,11388092.0,1295444608.0,499346016.0,0.0,11747072.0,2152043.75,13674100.0,1
1789486919.6338494,music,353,26,130287128.0,19658932.0,510043232.0,107625000.0,9892773.0,578877.0625,824917.625,1109015.25,0.0,3476889.0,422706176.0,0.0,3638660.75,33239558.0,13711892.0,10245994.0,1
1789486919.6839445,music,347,31,240856560.0,3609000.5,54736960.0,132854592.0,4444816.0,4115050.5,28542880.0,0.0,26596492.0,11032058.0,1185949568.0,513927872.0,8453478.0,86319136.0,216205232.0,0.0,1
1789486919.7481043,music,356,31,161342912.0,0.0,122996264.0,172073568.0,9301085.0,1028302.25,1856073.25,7659601.0,65548200.0,9117176.0,650563456.0,235596080.0,9349456.0,296387392.0,336760896.0,2723077.25,1
1789486919.8123746,music,345,34,115768896.0,0.0,143159904.0,85335696.0,24631296.0,4488091.0,6628534.0,11454128.0,176767328.0,12499896.0,834861184.0,330904320.0,5531920.5,154083136.0,257611856.0,5602609.5,1
1789486920.1433823,music,355,36,505314048.0,5891799.5,82236744.0,55987000.0,36350980.0,142926.640625,3065313.0,6070203.5,272707840.0,70686080.0,83378584.0,154556608.0,2376111104.0,60071952.0,43491108.0,3272463.5,1
1789486920.2025003,music,354,32,112103488.0,8816550.0,93305104.0,77018432.0,22995026.0,4843362.0,7495847.0,20535658.0,258130896.0,53659348.0,231188384.0,270700352.0,1425836288.0,181905792.0,41792112.0,7050041.5,1
1789486920.266352,music,355,27,31142474.0,0.0,8804248.0,4465559.5,113680392.0,3016929.0,4547962.5,3250956.0,0.0,234904384.0,358159488.0,247858880.0,990378752.0,30295708.0,1228749.25,11008727.0,1
1789486920.5231695,music,4,32,1019177.625,1281488.125,4838925.5,2890888.0,15036870.0,3172291.0,5345076.5,5577930.5,181411520.0,32236364.0,92160912.0,84100736.0,699006656.0,39158596.0,4372492.5,11413716.0,1
1789486920.5826666,music,2,33,4829678.5,6594031.0,8548273.0,23809400.0,69527776.0,117186208.0,381216800.0,10468927.0,13184502.0,48122372.0,52397304.0,161130784.0,524361440.0,230915168.0,46138616.0,89835776.0,1
1789486920.7444665,music,5,30,53062584.0,882934.5,17164220.0,18018562.0,2327392.5,0.0,989369.375,3145159.75,14488124.0,42330440.0,24165924.0,31984230.0,1266369152.0,44154008.0,2125763.0,901594.0,1
1789486920.8716047,music,5,31,0.0,3375936.0,54227824.0,62314720.0,0.0,1768227.125,25728204.0,3046014.75,47956920.0,13796196.0,4451198.0,57783044.0,941376512.0,11445681.0,1533939.0,1041589.8125,1
1789486921.0617142,music,3,36,15979048.0,350675.125,17441340.0,7055919.0,36396296.0,786220.75,32827412.0,8832434.0,42081864.0,97837712.0,63618172.0,21993008.0,651096384.0,24941694.0,7897347.0,15759050.0,1
1789486921.1252725,music,2,33,734954.5,2911446.0,1178694.75,6852123.0,52878312.0,1139023.75,25847192.0,4440239.0,28804320.0,30559188.0,59207604.0,126559008.0,2018164480.0,46898028.0,11710596.0,3696902.25,1
1789486921.1897452,music,2,30,21492296.0,3436633.0,6749577.0,5472500.0,0.0,270307.84375,10472734.0,6122463.0,80280576.0,24125636.0,0.0,56056612.0,408823968.0,52354904.0,36174320.0,37535136.0,1
1789486921.2349865,music,3,29,79203168.0,5873646.0,6151256.5,3435663.0,21747804.0,673840.125,2285731.0,2520539.75,124563264.0,39568016.0,8287745.0,4667785.0,757584896.0,33784996.0,0.0,41668088.0,1
1789486921.4727285,music,5,29,47191776.0,9790832.0,137957952.0,66223972.0,68399784.0,0.0,941026.0,539139.0,0.0,1597253.0,13046850.0,104533144.0,1443768320.0,58303008.0,0.0,19193882.0,1
1789486921.5320854,music,5,26,29565400.0,0.0,761138880.0,174024512.0,26009128.0,4874274.0,621171.5,0.0,0.0,9067716.0,25408976.0,121443528.0,744028928.0,21180356.0,16866986.0,14074043.0,1
1789486921.6315923,music,5,28,78077928.0,12606630.0,14955859.0,4931671.5,29348878.0,0.0,609409.9375,596900.6875,17100240.0,174596064.0,34327548.0,20465908.0,574067328.0,8421787.0,9649143.0,2159466.5,1
1789486921.6765685,music,12,31,124520552.0,0.0,0.0,35639884.0,161073088.0,0.0,8144848.0,3087947.0,33515408.0,127727152.0,53988568.0,73400920.0,1841191936.0,33141862.0,18544122.0,34292580.0,1
1789486921.7403,music,12,32,44283568.0,40991260.0,12850058.0,39301560.0,75548288.0,14824520.0,15128999.0,15447739.0,4297346.0,98451624.0,51630332.0,81199600.0,207688608.0,108968016.0,18016650.0,21150488.0,1
1789486921.7850766,music,10,27,0.0,17931710.0,0.0,33460452.0,50023236.0,2547543.75,2479591.0,1516143.0,4440298.0,83633840.0,12732462.0,10781695.0,181811760.0,33682008.0,4501365.0,15324484.0,1
1789486921.860857,music,11,37,162145664.0,22611822.0,13071422.0,3930280.5,101172680.0,4899220.0,7459922.0,2239048.5,10998976.0,48401468.0,31563848.0,63690228.0,956636416.0,75827200.0,56115104.0,62849232.0,1
1789486921.9247174,music,10,28,88310656.0,0.0,17336446.0,45920076.0,58406728.0,165142240.0,409545952.0,0.0,0.0,18907476.0,65821200.0,214367040.0,946490432.0,1308797440.0,1785856768.0,444776640.0,1
1789486921.9878094,music,10,25,10733972.0,0.0,15935814.0,0.0,149618816.0,17771206.0,87244736.0,21730186.0,29087216.0,14450526.0,6965520.0,64718664.0,155460320.0,620706304.0,1544572928.0,270951072.0,1
1789486922.0327358,music,10,33,0.0,23060770.0,29497900.0,43924464.0,154909360.0,106508704.0,2192210.5,6306699.0,20224822.0,62316360.0,15951606.0,35564332.0,175137552.0,125332200.0,1374780416.0,36566616.0,1
1789486922.081499,music,10,23,0.0,2447052.5,0.0,12248700.0,10855704.0,39732060.0,9199870.0,2602704.5,0.0,45233812.0,26955624.0,22649026.0,0.0,72642736.0,1379641600.0,28257962.0,1
1789486922.1266694,music,10,33,15584968.0,17781000.0,61768108.0,95920616.0,86128560.0,54553480.0,13877230.0,6140942.0,19773254.0,7503330.5,4724435.0,27825456.0,204507584.0,72764000.0,754858880.0,18964436.0,1
1789486922.175968,music,12,31,5935424.0,11154417.0,47721564.0,75479232.0,63876208.0,18642304.0,55239460.0,7271457.0,12084152.0,19917734.0,6893984.0,47692208.0,23081144.0,246046848.0,1128423680.0,13915537.0,1
1789486922.2401006,music,13,32,404920416.0,39356600.0,74945672.0,41733624.0,261844400.0,17517640.0,13960576.0,7579964.0,100792672.0,21831232.0,15803166.0,113424240.0,884764032.0,27282014.0,86038544.0,73090992.0,1
1789486922.3040428,music,16,33,4749334.0,42396040.0,31324420.0,5295125.0,275233152.0,17769738.0,18956460.0,4145294.0,38211152.0,81277744.0,24995952.0,8178706.0,61779240.0,36077924.0,114645360.0,8685062.0,1
1789486922.3681455,music,16,32,43351480.0,22715524.0,14805996.0,24477228.0,154130432.0,12696636.0,6412089.0,4609505.5,29959570.0,94964096.0,63794832.0,11947626.0,264007360.0,15505794.0,182420992.0,67085368.0,1
1789486922.4134765,music,19,34,156750272.0,16231404.0,8711431.0,8254977.0,17277804.0,111712784.0,6372977.5,7087654.0,105758104.0,28952356.0,3625224.0,35157256.0,885075392.0,29176768.0,435662176.0,78304544.0,1
1789486922.5189795,music,27,34,332734976.0,1411620.5,1033780.25,7709538.0,69685376.0,21383980.0,3595259.25,5431349.0,49031856.0,32420356.0,2442272.25,16873830.0,101296064.0,55880496.0,930016128.0,25261736.0,1
1789486922.5817623,music,24,21,26824518.0,7580459.5,13768438.0,0.0,47908876.0,0.0,3233863.75,0.0,25478132.0,46409464.0,21984248.0,31710074.0,492216064.0,50965128.0,298436096.0,7091155.5,1
1789486922.6454368,music,36,34,84960360.0,39758312.0,158657728.0,159960352.0,113670368.0,36767616.0,30407498.0,6998151.5,35439992.0,3471852.75,3434077.0,187654224.0,111460800.0,71114936.0,654311296.0,63992196.0,1
1789486922.7404144,music,34,29,238392560.0,2649828.0,33618472.0,53848124.0,15331730.0,29511512.0,77541592.0,25359492.0,78264896.0,53887240.0,18047952.0,6471759.0,0.0,46441392.0,574556800.0,35130384.0,1
1789486922.7987769,music,39,36,24251168.0,17732796.0,24277470.0,19277040.0,114287504.0,6566985.0,86020488.0,3115302.25,60812536.0,57523724.0,36342768.0,121553208.0,583757824.0,56184404.0,819790720.0,19730082.0,1
1789486922.8609185,music,57,26,117754760.0,28970508.0,0.0,20610842.0,89535200.0,67389640.0,0.0,6224644.0,58841840.0,2023593.5,9293621.0,74501568.0,1276362368.0,54594788.0,564707968.0,12207430.0,1
1789486922.924085,music,48,26,125793264.0,0.0,26117612.0,36473776.0,61862912.0,9301024.0,2326421.5,14850764.0,10231235.0,197158272.0,84988528.0,61863444.0,347947840.0,41578600.0,61564428.0,19913776.0,1
1789486922.9870567,music,62,30,176043024.0,16413724.0,318382.375,0.0,42062888.0,23620746.0,0.0,30548764.0,32599914.0,74607432.0,32441056.0,180956624.0,2308451328.0,29633004.0,68871112.0,13475805.0,1
1789486923.0503974,music,62,27,4526426.0,302696.625,1626845.0,0.0,156175920.0,10713037.0,2889781.5,18139368.0,32795488.0,53577648.0,33952592.0,119302832.0,1550405632.0,29588128.0,4750367.5,989774.0625,1
1789486923.1209471,music,65,31,143896608.0,4131129.0,22121304.0,25546534.0,16060754.0,0.0,1249392.875,2076593.0,17453718.0,7066014.0,16100677.0,90554656.0,1132363136.0,14940519.0,79012880.0,5437352.5,1
1789486923.1919982,music,65,30,140749600.0,1031767.0,16543188.0,10592472.0,199589808.0,14099700.0,2955652.0,7698905.0,48513168.0,4280086.0,2155397.0,83337848.0,479590464.0,11721103.0,46556304.0,3172295.25,1
1789486923.2383072,music,72,28,0.0,0.0,0.0,132292928.0,766529600.0,272919104.0,337425664.0,65804576.0,25150476.0,24553758.0,134540576.0,1002077056.0,2063492096.0,1033231680.0,381990496.0,301977728.0,1
1789486923.3022044,music,73,18,0.0,24339772.0,0.0,0.0,717894656.0,8914972.0,0.0,0.0,0.0,29018714.0,19019126.0,107505128.0,984667200.0,10446970.0,121261280.0,12967872.0,1
1789486923.3779078,music,76,25,87157904.0,6906291.0,0.0,0.0,325383552.0,8395227.0,0.0,225715.265625,6704587.0,48976728.0,24970216.0,150197808.0,3069075968.0,132202728.0,257288288.0,45331416.0,1
1789486923.4416034,music,72,25,51236796.0,0.0,0.0,0.0,253776864.0,22104220.0,15624250.0,5088538.0,14544566.0,6738464.0,10499064.0,86579896.0,2561986560.0,139374480.0,98029704.0,9469813.0,1
1789486923.5324392,music,72,30,219623152.0,0.0,2023374.0,46074296.0,117666440.0,2969777.0,13230004.0,12405780.0,12152127.0,5129748.0,35300036.0,162411072.0,847762880.0,7490355.0,119183728.0,76323016.0,1
1789486923.5780513,music,75,29,236611744.0,1077125.875,0.0,0.0,168824960.0,5295221.0,4099709.5,9113429.0,37110688.0,10293525.0,37808164.0,51871288.0,964434688.0,111412976.0,525927680.0,21581028.0,1
1789486923.6427703,music,78,25,558810304.0,32687590.0,0.0,24784284.0,105652416.0,12821216.0,2310441.5,0.0,970528.0625,42405552.0,27209188.0,145436432.0,1029437184.0,164399872.0,2550200.0,0.0,1
1789486923.7063668,music,77,22,0.0,22363538.0,0.0,18296028.0,0.0,0.0,0.0,20149676.0,48220664.0,64413744.0,28553586.0,57911688.0,503063136.0,351776352.0,96308160.0,26255664.0,1
1789486923.770193,music,77,28,33112576.0,14674632.0,8288645.5,18954500.0,175897968.0,10326962.0,0.0,8973510.0,4605238.0,0.0,50548688.0,265137408.0,1324867200.0,210865696.0,51233448.0,22316786.0,1
1789486923.8149238,music,77,26,8466737.0,0.0,0.0,1371486.75,266813568.0,7163132.0,8101333.0,7046423.0,4979578.5,53218108.0,1985352.25,129189456.0,1909391616.0,36823204.0,48715880.0,1636485.75,1
1789486923.8641512,music,77,26,62326556.0,3063596.0,0.0,91831216.0,44330228.0,5633447.0,3172580.75,1694643.75,0.0,85507016.0,5350187.0,156517200.0,1901556736.0,74206752.0,334452512.0,21312636.0,1
1789486923.9132338,music,78,31,391277056.0,0.0,5545918.0,0.0,205781184.0,12635944.0,12214394.0,14136910.0,9818762.0,14920499.0,3239417600.0,831805120.0,754160576.0,28917592.0,29503398.0,7739037.0,1
1789486923.977178,music,71,28,375349440.0,0.0,3541687.0,0.0,50024880.0,11404406.0,15661110.0,5820370.5,3706455.5,44407280.0,5014626304.0,2430139392.0,23637892.0,11280858.0,177856304.0,7181190.0,1
1789486924.0407658,music,74,29,38354728.0,0.0,0.0,0.0,116741648.0,3954005.25,3784079.5,4764472.0,4646898.5,185350240.0,5462774784.0,1686047616.0,178745584.0,168691264.0,312982400.0,24137664.0,1
1789486924.1033368,music,71,20,0.0,0.0,0.0,0.0,16002480.0,0.0,0.0,0.0,8358274.0,140783424.0,2487255552.0,1490891392.0,276438464.0,276522624.0,418253632.0,27990168.0,1
1789486924.1673295,music,83,24,22962492.0,3471926.75,0.0,0.0,135581744.0,7325310.5,2188486.75,10721801.0,1140720.25,1260576.5,4154305280.0,1414398848.0,59289968.0,173624496.0,51487420.0,31802882.0,1
1789486924.231182,music,84,13,0.0,0.0,26135296.0,0.0,0.0,0.0,0.0,6929771.0,0.0,0.0,458432160.0,102924088.0,60412200.0,43762520.0,56205540.0,1869267.0,1
1789486924.2965307,music,85,12,0.0,0.0,0.0,9754569.0,12312370.0,0.0,2429231.75,0.0,1197125.0,90810488.0,0.0,0.0,107964696.0,20330922.0,64666752.0,0.0,1
1789486924.3620741,music,96,18,8904412.0,0.0,0.0,0.0,5825514.0,38177896.0,0.0,0.0,0.0,0.0,1258992128.0,883981504.0,60788724.0,60483384.0,463566400.0,18976762.0,1
1789486924.4279199,music,100,13,12991471.0,2419678.5,0.0,0.0,0.0,2927884.0,0.0,0.0,4754983.5,0.0,130327880.0,42034524.0,0.0,40272020.0,135882720.0,7980109.0,1
1789486924.5136287,music,101,6,0.0,0.0,0.0,0.0,0.0,11225228.0,2612096.5,0.0,0.0,0.0,0.0,0.0,0.0,14430055.0,111411168.0,0.0,1
1789486924.5732667,music,107,8,0.0,0.0,0.0,0.0,0.0,114972784.0,50839024.0,0.0,0.0,0.0,0.0,804051072.0,117428984.0,1644519936.0,35790112.0,0.0,1
1789486924.6370292,music,128,8,21214432.0,0.0,470790.0625,0.0,0.0,0.0,0.0,0.0,0.0,131441936.0,319409216.0,0.0,8433768.0,8341246.0,7802153.5,3436942.0,1
1789486924.7128289,music,143,18,23074352.0,0.0,0.0,117963168.0,2709624.0,4409674.0,0.0,14497294.0,0.0,1270826.5,0.0,0.0,49044464.0,27851534.0,117346304.0,46308000.0,1
1789486924.7754056,music,156,16,27460290.0,0.0,0.0,207908448.0,4697584.5,8550512.0,4653745.5,0.0,0.0,0.0,0.0,2007054.625,48394816.0,5922772.0,0.0,31016600.0,1
1789486924.8372195,music,143,15,51089744.0,0.0,0.0,0.0,0.0,9194258.0,0.0,2253311.0,7238730.0,77222656.0,960808704.0,320111072.0,14935552.0,0.0,18920136.0,20930380.0,1
1789486924.8996391,music,154,15,19383906.0,2129025.75,0.0,123162256.0,0.0,1650655.5,2415252.25,0.0,3455038.75,20648012.0,0.0,48012044.0,12547949.0,0.0,18098224.0,21051054.0,1
1789486924.9625561,music,155,23,0.0,10738385.0,0.0,127967376.0,14916156.0,21136660.0,1981353.625,10828273.0,0.0,114321080.0,0.0,101809360.0,45277512.0,5114046.0,37875044.0,16967572.0,1
1789486925.0262792,music,163,18,48627960.0,0.0,0.0,16069880.0,7581033.5,18699948.0,14427982.0,1393853.0,0.0,18859692.0,0.0,20165748.0,93972520.0,28191112.0,46108164.0,3731393.5,1
1789486925.0909452,music,163,20,42435532.0,0.0,0.0,0.0,5172433.0,9944566.0,0.0,1491716.5,3271398.5,15423726.0,0.0,17984970.0,88431376.0,87222080.0,67231760.0,12494082.0,1
1789486925.1371784,music,171,14,20281770.0,0.0,0.0,13338897.0,1220068.25,0.0,0.0,15678383.0,0.0,0.0,0.0,25245904.0,69065440.0,68450376.0,0.0,25677538.0,1
1789486925.2016206,music,166,16,1546921.125,0.0,0.0,24193316.0,5853598.0,7664128.5,832782.5,3574488.75,0.0,0.0,0.0,43274872.0,6609273.5,34320576.0,206343072.0,0.0,1
1789486925.2763972,music,164,20,64127376.0,1881511.875,0.0,19612032.0,5560682.0,4769346.5,1168276.5,4870502.5,0.0,2726422.5,24086910.0,64408396.0,2337705.5,0.0,184242368.0,1656078.75,1
1789486925.4308777,music,164,13,0.0,0.0,0.0,0.0,4914474.0,21878336.0,0.0,36361936.0,0.0,0.0,20935414.0,6181374.0,32629572.0,2754676.0,12858431.0,4160119.0,1
1789486925.4762514,music,170,14,53826468.0,2712959.5,0.0,13720743.0,735115.4375,0.0,0.0,4621969.0,0.0,31029848.0,0.0,10362112.0,13715579.0,1139717.875,0.0,0.0,1
1789486925.5402565,music,172,26,105544160.0,0.0,3374714.5,38713612.0,28677128.0,3787017.0,55531976.0,170846112.0,0.0,114624464.0,367459936.0,11997242.0,0.0,17949652.0,21070132.0,18781796.0,1
1789486925.6048374,music,173,11,0.0,0.0,0.0,0.0,6706376.5,4964716.0,0.0,0.0,0.0,0.0,0.0,13924906.0,19547740.0,20786008.0,8274932.0,14130123.0,1
1789486925.7162607,music,177,17,16410799.0,2258470.5,0.0,0.0,1411469.625,27860096.0,1801925.25,1266675.375,0.0,0.0,0.0,37736380.0,49440036.0,8827228.0,7944209.5,0.0,1
1789486925.7764053,music,173,20,91628352.0,12140732.0,0.0,6494141.5,2899114.0,33064944.0,1718193.125,0.0,0.0,0.0,23710662.0,23380044.0,34959980.0,76703824.0,105896832.0,3044839.75,1
1789486925.8748875,music,179,24,18052490.0,6156837.0,20980198.0,0.0,151856304.0,232555840.0,548820544.0,222616624.0,152908304.0,191523584.0,0.0,390526048.0,107601392.0,907366656.0,197917376.0,0.0,1
1789486925.93947,music,178,12,16427915.0,1504917.5,0.0,0.0,0.0,0.0,0.0,1881539.75,0.0,0.0,0.0,24372560.0,37582840.0,0.0,74023248.0,3969227.5,1
1789486926.127967,music,175,15,761465.8125,672499.8125,0.0,0.0,612587.625,33954380.0,0.0,0.0,0.0,33799004.0,165602336.0,36955072.0,11561326.0,10620254.0,62640904.0,0.0,1
1789486926.2863338,music,176,24,9911603.0,2142445.0,0.0,10180021.0,892010.625,0.0,1236090.875,21426786.0,0.0,97432144.0,94833768.0,101512000.0,129036864.0,5184504.5,61542992.0,3388621.5,1
1789486926.357707,music,177,19,3839708.0,911676.75,0.0,0.0,1402027.75,12395334.0,1810918.5,16575586.0,0.0,58839664.0,23656222.0,70226384.0,138688160.0,7105459.0,0.0,1252175.625,1
1789486926.539376,music,173,17,43002200.0,0.0,6914281.0,15122291.0,0.0,455033.84375,0.0,0.0,0.0,48061072.0,20865034.0,79349624.0,31706490.0,56275844.0,78387456.0,6420700.0,1
1789486926.5991867,music,173,21,29051452.0,0.0,29167702.0,0.0,12589428.0,97740512.0,4010597.5,0.0,0.0,49460180.0,0.0,30523928.0,21382088.0,25788900.0,209869616.0,2834745.0,1
1789486926.648065,music,173,13,5450342.5,0.0,0.0,0.0,3439533.0,66687584.0,316039.375,0.0,0.0,38801820.0,0.0,5596592.0,10913346.0,946559.125,0.0,525882.25,1
1789486926.6977472,music,178,23,4924633.0,0.0,0.0,0.0,55048192.0,48795200.0,153072432.0,27667842.0,0.0,214984448.0,29607670.0,193185376.0,150601472.0,561976896.0,120390320.0,39370032.0,1
1789486926.793723,music,186,15,28451388.0,6061556.0,0.0,0.0,0.0,61025504.0,0.0,6887676.0,1154228992.0,3935227.0,0.0,18325636.0,6448203.0,5777633.0,0.0,0.0,1
1789486926.8545341,music,183,19,7600111.5,1212435.375,0.0,0.0,2111835.5,32828510.0,0.0,0.0,307307232.0,14536241.0,9429429.0,61702152.0,22460824.0,25426192.0,112713744.0,9028320.0,1
1789486926.9513042,music,184,12,10601558.0,0.0,0.0,0.0,0.0,0.0,0.0,0.0,0.0,82928168.0,19190392.0,69535488.0,64710240.0,0.0,134909856.0,518592.5,1
1789486927.0164764,music,184,15,0.0,0.0,0.0,0.0,2430089.5,9253833.0,0.0,539875.125,0.0,110421264.0,47642712.0,89396944.0,32218868.0,7472903.5,32907022.0,0.0,1
1789486927.0619104,music,181,18,6307628.0,0.0,0.0,3021224.5,1069193.5,563178.75,0.0,561902.125,0.0,75387520.0,51604768.0,53563092.0,14556469.0,9254234.0,65476960.0,5587354.5,1
1789486927.1420126,music,192,17,2497310.25,180732.8125,0.0,0.0,190213.8125,0.0,0.0,1124744.375,473632160.0,83644544.0,21105024.0,0.0,0.0,5838316.0,44159612.0,562852.0,1
1789486927.2068694,music,181,21,13808770.0,0.0,15334027.0,132750992.0,107538584.0,53035768.0,0.0,0.0,0.0,90907672.0,0.0,112447336.0,38930440.0,875996160.0,459579968.0,19843142.0,1
1789486927.2720847,music,186,16,12650795.0,1374333.75,0.0,0.0,528434.4375,27721114.0,0.0,10187961.0,0.0,20885948.0,0.0,23809824.0,7463041.0,0.0,115852848.0,6091607.0,1
1789486927.4900827,music,187,16,1207318.25,0.0,0.0,0.0,0.0,3027793.0,0.0,6045641.5,0.0,6957029.5,23808738.0,35070896.0,0.0,7146760.0,114889752.0,606404.25,1
1789486927.5505521,music,187,17,0.0,0.0,0.0,0.0,359108.0,3222115.0,3843982.5,7616523.5,0.0,11388342.0,10048981.0,20529602.0,1720125.625,15383964.0,24939120.0,0.0,1
1789486927.6480145,music,181,20,8010782.0,0.0,0.0,0.0,0.0,1057874.25,885164.0625,757342.6875,0.0,22302580.0,15270548.0,45736892.0,34453632.0,6581281.0,69477136.0,5567041.0,1
1789486927.7124453,music,187,20,0.0,0.0,0.0,0.0,3122830.75,8361070.0,104886.84375,0.0,53569292.0,76380080.0,22158820.0,25460100.0,13706959.0,8604568.0,62901664.0,151594.828125,1
1789486927.7766438,music,177,14,77750128.0,15790562.0,0.0,0.0,4002456.5,44555488.0,0.0,0.0,0.0,34668880.0,17176960.0,13013547.0,0.0,3489032.5,0.0,0.0,1
1789486927.8409123,music,192,16,17855278.0,7829938.0,0.0,0.0,695078.5,12339762.0,0.0,771718.25,0.0,12634497.0,0.0,7476640.0,14247245.0,22870370.0,143868096.0,2052467.5,1
1789486927.9064512,music,178,15,2151272.5,0.0,0.0,12728294.0,1399028.0,0.0,0.0,0.0,0.0,1269768.25,49021572.0,46164048.0,50549536.0,19298544.0,59506864.0,0.0,1
1789486927.970638,music,179,15,4419387.5,0.0,0.0,37294000.0,5165191.0,0.0,441331.84375,2813756.25,0.0,0.0,33114472.0,1432231.625,85470072.0,9775286.0,0.0,0.0,1
1789486928.0351264,music,179,16,450113.0,0.0,5712949.0,0.0,318473.90625,0.0,0.0,0.0,0.0,1642323.0,192210864.0,78797312.0,15155446.0,6052930.0,10285355.0,0.0,1
1789486928.080531,music,164,14,6260276.0,0.0,0.0,0.0,1449692.375,0.0,1002268.5,0.0,0.0,4426938.0,121011848.0,34397124.0,14386238.0,4066766.5,0.0,1034778.25,1
1789486928.1460614,music,166,22,28206454.0,59287104.0,0.0,15347168.0,6781808.5,11267950.0,12486536.0,2816767.75,0.0,4743880.5,34613500.0,24161358.0,19557218.0,2533419.0,4605511.5,1295849.75,1
1789486928.2097225,music,171,15,39688236.0,0.0,0.0,22706032.0,1674685.125,0.0,3177002.75,0.0,0.0,0.0,98207752.0,84829224.0,0.0,13608030.0,0.0,13741078.0,1
1789486928.2738538,music,168,17,4995825.0,0.0,0.0,0.0,838067.375,10760314.0,0.0,4324905.5,7929836.0,6836690.0,87272840.0,27469902.0,0.0,13795785.0,2434970.25,0.0,1
1789486928.3377779,music,165,8,0.0,0.0,0.0,0.0,840586.6875,0.0,0.0,0.0,0.0,0.0,102040368.0,45748908.0,0.0,44172112.0,0.0,0.0,1
1789486928.4009218,music,171,18,5890220.5,0.0,0.0,0.0,545356.25,5991222.0,0.0,0.0,0.0,450580.03125,81692504.0,39276980.0,162756928.0,56852152.0,12361500.0,0.0,1
1789486928.4654098,music,163,9,14927034.0,0.0,0.0,1497507.125,0.0,0.0,0.0,0.0,0.0,0.0,87619648.0,32580264.0,0.0,35151164.0,0.0,0.0,1
1789486928.5288932,music,163,6,0.0,0.0,0.0,0.0,81754.9453125,3364876.0,0.0,0.0,0.0,0.0,43454372.0,15446747.0,0.0,0.0,0.0,0.0,1
1789486928.5771453,music,163,7,0.0,0.0,0.0,0.0,0.0,0.0,0.0,0.0,0.0,0.0,19715120.0,30229276.0,0.0,1585613.25,7121644.5,0.0,1
1789486928.6228297,music,174,12,0.0,0.0,0.0,0.0,0.0,27416788.0,375892.09375,0.0,0.0,0.0,57796764.0,32575130.0,138704672.0,5513671.0,4866329.0,0.0,1
1789486928.6991122,music,180,19,21423320.0,0.0,0.0,0.0,5753262.0,0.0,0.0,0.0,0.0,1246439.375,24852956.0,40176296.0,357870176.0,8101122.0,2173896.0,0.0,1
1789486928.7633226,music,176,21,0.0,0.0,0.0,0.0,7073599.5,31718694.0,0.0,0.0,3473687.0,4720277.0,28272960.0,15877696.0,286760608.0,1535669.875,9979419.0,4820542.5,1
1789486928.8279984,music,173,19,15561518.0,0.0,0.0,0.0,8486380.0,12252525.0,1892447.0,6521735.5,5635157.0,5728757.0,2582023.5,14901559.0,64962320.0,38496296.0,8405928.0,23519394.0,1
1789486928.892825,music,183,16,0.0,0.0,0.0,614889.25,4896855.5,0.0,0.0,1441178.25,36025732.0,33592916.0,38422792.0,0.0,0.0,65645412.0,4071759.75,13974713.0,1
1789486928.957527,music,192,13,0.0,0.0,2241090.25,0.0,0.0,0.0,84492064.0,0.0,0.0,0.0,0.0,36548844.0,80744832.0,48351956.0,12586386.0,26055476.0,1
1789486929.022166,music,181,18,0.0,0.0,0.0,0.0,0.0,3105287.75,6675403.0,0.0,17166824.0,13850034.0,38146632.0,7754347.0,138944800.0,47824876.0,8154142.0,0.0,1
1789486929.0863733,music,180,21,0.0,0.0,0.0,0.0,0.0,0.0,0.0,33362454.0,12119392.0,13772336.0,36268192.0,43796984.0,96791600.0,56220164.0,35682944.0,17689532.0,1
1789486929.1508644,music,171,11,0.0,0.0,0.0,0.0,0.0,0.0,57925392.0,0.0,0.0,0.0,34812772.0,34256836.0,48985048.0,57898304.0,0.0,0.0,1
1789486929.2156134,music,175,14,0.0,0.0,21820220.0,1910256.625,2439560.0,0.0,12768011.0,0.0,0.0,9634934.0,44470416.0,0.0,77748296.0,4921568.0,0.0,0.0,1
1789486929.2803175,music,177,15,0.0,0.0,1648720.125,0.0,0.0,866539.625,18757074.0,8870219.0,3957942.5,8285648.0,26498058.0,16424912.0,26697656.0,40145100.0,701334.625,0.0,1
1789486929.344838,music,168,11,0.0,0.0,0.0,0.0,0.0,1568855.375,0.0,0.0,435168.0625,1156784.0,32216956.0,1488788.625,0.0,7931070.0,4153276.0,2426191.5,1
1789486929.4096103,music,180,15,7247637.0,0.0,0.0,0.0,647318.875,0.0,0.0,0.0,0.0,0.0,22593206.0,32520944.0,108955856.0,47380852.0,0.0,1756765.25,1
1789486929.4746408,music,174,18,5978223.0,0.0,1547729.5,462532.8125,0.0,705938.8125,0.0,0.0,3605367.5,4312369.5,41633096.0,12097400.0,213524224.0,44824440.0,1669238.375,3388501.5,1
1789486929.5391219,music,174,16,5938537.5,0.0,0.0,16342487.0,35351364.0,0.0,0.0,2063416.0,5312478.0,6284239.0,32520426.0,28761776.0,291206560.0,0.0,14332989.0,114531280.0,1
1789486929.5886164,music,172,21,0.0,0.0,19426520.0,42762616.0,47249704.0,2487175.25,16977856.0,0.0,36515988.0,2790818.0,52557780.0,26161294.0,362484032.0,15976354.0,34214924.0,11548143.0,1
1789486929.6524258,music,172,12,0.0,16102379.0,1919782.375,14142768.0,0.0,9349675.0,6474339.5,0.0,0.0,0.0,4271374.0,37842216.0,179998160.0,17777984.0,8876788.0,27324938.0,1
1789486929.6983616,music,170,10,0.0,0.0,0.0,0.0,10056339.0,0.0,0.0,316795.84375,0.0,1028151.4375,0.0,16609058.0,0.0,11493281.0,410369.90625,7043376.5,1
1789486929.7637415,music,172,15,932991.5625,0.0,0.0,0.0,0.0,502366.625,298248.4375,0.0,0.0,749928.6875,22480520.0,13193008.0,0.0,140313616.0,41601216.0,49610020.0,1
1789486929.8295426,music,181,6,0.0,0.0,0.0,2419842.75,0.0,0.0,0.0,0.0,0.0,1194216.25,1734496.5,4403646.0,0.0,11460590.0,0.0,0.0,1
1789486929.894163,music,161,8,0.0,0.0,0.0,0.0,78633952.0,0.0,0.0,0.0,0.0,0.0,21039198.0,9921851.0,0.0,4294134.5,0.0,0.0,1
1789486929.970831,music,180,14,3166548.5,1033748.5,0.0,0.0,0.0,17361666.0,2363346.5,1878319.25,0.0,0.0,0.0,0.0,114145592.0,7005041.5,3216571.5,0.0,1
1789486930.0336542,music,176,17,7034218.5,0.0,0.0,26581802.0,61931224.0,38219312.0,45747992.0,0.0,0.0,0.0,0.0,64292740.0,70603296.0,60897772.0,11840956.0,8184592.5,1
1789486930.0993412,music,180,17,44775636.0,8228097.0,16394090.0,0.0,12262830.0,0.0,3894138.0,0.0,0.0,0.0,0.0,118106640.0,390846848.0,79525552.0,7657938.5,5562336.5,1
1789486930.164397,music,191,16,10489595.0,0.0,0.0,0.0,0.0,0.0,0.0,5961927.0,0.0,49587432.0,11540816.0,146378608.0,157940864.0,115135744.0,14754148.0,20902564.0,1
1789486930.2295592,music,184,15,9179989.0,14133683.0,10662701.0,12615056.0,0.0,0.0,0.0,0.0,69431704.0,40468300.0,237218176.0,42279008.0,0.0,194742144.0,35777700.0,0.0,1
1789486930.2933826,music,166,20,1255800.75,3543053.25,2004811.375,27695816.0,0.0,0.0,0.0,3799013.25,0.0,41170488.0,660646656.0,396254880.0,361985024.0,303682816.0,236349696.0,5596340.0,1
1789486930.357587,music,166,17,25904234.0,914865.0625,0.0,16066924.0,10185465.0,0.0,0.0,0.0,0.0,16066420.0,1290457984.0,328862336.0,0.0,17632550.0,90808416.0,19244700.0,1
1789486930.4058294,music,165,15,38000216.0,1823268.375,0.0,10496782.0,38846692.0,0.0,0.0,0.0,0.0,5254066.0,1359404672.0,400929440.0,0.0,45078116.0,58807112.0,0.0,1
1789486930.4700508,music,167,23,904535.3125,0.0,0.0,27958582.0,70644624.0,1551656.25,1314740.75,0.0,0.0,15737924.0,988208704.0,534369760.0,183323328.0,115573888.0,231592928.0,818407.125,1
1789486930.5344975,music,183,17,10480105.0,3575610.25,1208262.875,34031820.0,0.0,119023.296875,328123.9375,0.0,0.0,0.0,0.0,45224508.0,51200200.0,91592008.0,200085456.0,200264.34375,1
1789486930.5990884,music,180,12,0.0,0.0,0.0,0.0,0.0,0.0,1832237.25,1375455.5,0.0,11429075.0,1136078080.0,2419937.0,349589312.0,54018928.0,0.0,5976339.0,1
1789486930.6636813,music,186,17,45636680.0,7864678.0,0.0,0.0,0.0,4136399.75,5759160.0,1386237.0,42273952.0,13000853.0,0.0,228746336.0,279625408.0,16706712.0,0.0,5461175.0,1
1789486930.728382,music,169,9,0.0,0.0,4591185.5,0.0,7423084.0,2333224.5,9806860.0,0.0,0.0,0.0,45137048.0,21282464.0,0.0,0.0,0.0,0.0,1
1789486930.793183,music,170,17,0.0,0.0,16393180.0,126051760.0,32199920.0,0.0,1296219.375,0.0,0.0,15422422.0,56728060.0,104183528.0,0.0,6358688.0,62371860.0,18428884.0,1
1789486930.8576932,music,174,11,0.0,0.0,8052832.5,0.0,8770669.0,0.0,0.0,0.0,0.0,4308771.0,0.0,45978208.0,0.0,38274052.0,74031912.0,37560088.0,1
1789486930.9229472,music,183,12,39323644.0,7597576.5,5120310.0,0.0,0.0,0.0,0.0,23456856.0,0.0,0.0,17828844.0,252726000.0,331796384.0,0.0,65322560.0,12138724.0,1
1789486930.9879944,music,178,21,0.0,0.0,0.0,79270688.0,246705344.0,37481564.0,21501772.0,0.0,0.0,0.0,0.0,76444752.0,108809664.0,93741152.0,23525976.0,34371752.0,1
1789486931.0526867,music,180,12,11616895.0,0.0,0.0,0.0,29097822.0,42219848.0,0.0,0.0,0.0,9094110.0,0.0,23091752.0,738164672.0,304545536.0,0.0,0.0,1
1789486931.1176493,music,173,16,35993484.0,0.0,2615953.5,21042096.0,85248840.0,0.0,0.0,0.0,0.0,0.0,27652862.0,79905024.0,1042127552.0,21388794.0,31041248.0,0.0,1
1789486931.181962,music,173,23,37933324.0,8508732.0,3011121.5,0.0,262457568.0,7802022.0,22183624.0,16706883.0,0.0,37060292.0,267037184.0,213882096.0,0.0,0.0,41185112.0,0.0,1
1789486931.230541,music,161,15,3096175.0,1738951.25,0.0,8509530.0,275955456.0,0.0,0.0,0.0,0.0,2639051.0,201069808.0,74184568.0,0.0,68460592.0,19696650.0,0.0,1
1789486931.295101,music,174,14,11703665.0,0.0,0.0,2995224.5,22321676.0,1297840.75,0.0,4978835.0,0.0,0.0,0.0,100302888.0,1101118464.0,23999338.0,13459401.0,7106834.5,1
1789486931.3591135,music,174,6,8530843.0,0.0,0.0,0.0,0.0,2451915.5,0.0,2096958.25,0.0,0.0,0.0,0.0,0.0,11703907.0,0.0,2264006.5,1
1789486931.404449,music,174,17,48367596.0,0.0,72135.984375,0.0,0.0,45791.484375,11930450.0,0.0,0.0,24832114.0,1679796.25,87711768.0,742827840.0,9137079.0,2339384.5,0.0,1
1789486931.454838,music,185,10,0.0,0.0,0.0,0.0,0.0,0.0,3593584.0,11709650.0,323571584.0,12533500.0,0.0,8467116.0,95688816.0,5992362.5,3371490.0,0.0,1
1789486931.5201569,music,188,8,0.0,245024.546875,0.0,0.0,0.0,0.0,0.0,0.0,0.0,0.0,0.0,5222760.0,109307248.0,3825000.75,1128558.25,0.0,1
1789486931.584947,music,182,12,7381642.0,512393.46875,656533.375,0.0,0.0,0.0,0.0,0.0,27840436.0,0.0,0.0,100571000.0,958412288.0,65440480.0,738219.5,10900859.0,1
1789486931.6500926,music,182,8,0.0,0.0,116933.171875,4491886.0,0.0,0.0,0.0,0.0,75284112.0,0.0,0.0,0.0,131107688.0,1858803.25,271411.1875,0.0,1
1789486931.6960835,music,182,6,9188046.0,0.0,0.0,0.0,0.0,0.0,5564662.5,0.0,0.0,12702313.0,0.0,0.0,0.0,914647.75,0.0,0.0,1
1789486931.7462096,music,177,13,8843046.0,0.0,0.0,0.0,34077708.0,0.0,0.0,0.0,0.0,49697280.0,41085832.0,204282752.0,280034240.0,67582000.0,0.0,0.0,1
1789486931.811072,music,176,10,4835950.5,0.0,0.0,0.0,0.0,0.0,0.0,515197.03125,0.0,14289048.0,49238844.0,102865256.0,310462400.0,0.0,0.0,0.0,1
1789486931.8754294,music,176,12,12628228.0,0.0,0.0,0.0,10316849.0,0.0,2918237.25,18776872.0,96141472.0,3152782.0,0.0,0.0,0.0,40671892.0,4884734.0,0.0,1
1789486931.920873,music,150,9,0.0,0.0,0.0,58121516.0,0.0,0.0,0.0,0.0,0.0,10581821.0,551342080.0,162051280.0,0.0,794572.75,2088594.5,0.0,1
1789486931.9832053,music,148,10,939984.25,0.0,0.0,31909256.0,205439696.0,0.0,0.0,0.0,0.0,18493544.0,906497856.0,121036280.0,0.0,0.0,0.0,0.0,1
1789486932.0453515,music,152,7,2484102.25,0.0,0.0,69202000.0,0.0,0.0,0.0,0.0,0.0,0.0,1065621696.0,357035072.0,0.0,0.0,0.0,3701992.75,1
1789486932.1089923,music,181,15,0.0,0.0,0.0,72509088.0,0.0,0.0,16449783.0,7924464.5,0.0,0.0,441873024.0,181935392.0,20694356.0,62223212.0,122472600.0,756963.0,1
1789486932.1730187,music,181,13,0.0,0.0,0.0,48140312.0,99957808.0,236961.5625,0.0,0.0,27559378.0,0.0,0.0,9834776.0,90082952.0,12236580.0,58518888.0,0.0,1
1789486932.222133,music,168,8,0.0,0.0,749012.125,15946349.0,0.0,0.0,0.0,0.0,0.0,5248875.5,706376384.0,0.0,39732488.0,19581522.0,0.0,0.0,1
1789486932.2865942,music,176,11,0.0,0.0,0.0,0.0,1817405.375,0.0,0.0,0.0,0.0,20502492.0,1050464384.0,444814336.0,171698080.0,29147208.0,0.0,0.0,1
1789486932.3517423,music,182,15,5605721.0,0.0,0.0,0.0,3152642.75,247816.359375,8854000.0,5025209.5,2485277.25,0.0,474718592.0,209348464.0,178730432.0,15902147.0,0.0,0.0,1
1789486932.416185,music,186,19,3192299.75,983990.875,0.0,0.0,24896732.0,0.0,29954994.0,15606814.0,0.0,0.0,279702080.0,95211136.0,165499664.0,193844400.0,787451648.0,0.0,1
1789486932.4799764,music,186,17,0.0,0.0,2571778.5,70147728.0,33566288.0,257424.09375,0.0,0.0,0.0,0.0,368403296.0,219241360.0,225855008.0,183204656.0,666407680.0,0.0,1
1789486932.5288637,music,185,13,0.0,0.0,0.0,32337038.0,2199963.75,0.0,5562339.5,0.0,2900697.0,7716125.5,83662736.0,0.0,5152945.0,190482688.0,0.0,0.0,1
1789486932.6203227,music,201,23,21490830.0,0.0,0.0,65102216.0,9864748.0,0.0,26663978.0,3534432.0,3555068.0,39771200.0,6588082.5,33183634.0,6378041.0,204704272.0,484160640.0,0.0,1
1789486932.6807878,music,201,17,0.0,0.0,0.0,105227808.0,0.0,0.0,16804804.0,117327.171875,0.0,40573204.0,365817248.0,161724688.0,44188472.0,132566672.0,270034784.0,0.0,1
1789486932.731034,music,202,10,0.0,0.0,0.0,250256304.0,0.0,143007.734375,18964000.0,0.0,0.0,11688352.0,0.0,0.0,0.0,23416468.0,0.0,0.0,1
1789486932.7954788,music,212,17,0.0,0.0,0.0,64098924.0,20264214.0,0.0,0.0,0.0,0.0,16985704.0,485157120.0,110513088.0,35649396.0,141926960.0,291482752.0,0.0,1
1789486932.8599763,music,224,20,11873561.0,0.0,138837.25,0.0,6827444.0,0.0,40831128.0,12679705.0,0.0,32000688.0,497203424.0,174817696.0,76291008.0,334256352.0,37517700.0,975974.5,1
1789486932.9212916,music,212,18,64026176.0,990577.375,135346.5,184912608.0,23311042.0,0.0,553932.0,0.0,0.0,3678988.5,143473216.0,2193929.75,0.0,324907.46875,0.0,18197918.0,1
1789486932.9832957,music,225,16,0.0,0.0,0.0,86398752.0,0.0,94865.71875,0.0,0.0,0.0,15973813.0,206301760.0,106817168.0,41951592.0,59304248.0,198404416.0,0.0,1
1789486933.0450323,music,224,18,0.0,0.0,119755.4609375,31202382.0,33750704.0,82556.8125,0.0,0.0,0.0,21121560.0,104189544.0,63537296.0,155460576.0,53276404.0,63877760.0,0.0,1
1789486933.1060412,music,221,17,0.0,141894.296875,0.0,182934192.0,41732332.0,0.0,178956.390625,0.0,0.0,0.0,21501772.0,27729532.0,51878796.0,23406830.0,56304484.0,3176380.0,1
1789486933.167115,music,230,17,0.0,0.0,1794958.5,182078112.0,66685236.0,0.0,0.0,0.0,0.0,54296.578125,0.0,185344096.0,67240600.0,119856920.0,164972048.0,0.0,1
1789486933.229036,music,232,21,0.0,0.0,2212223.0,0.0,1048140.5,7729290.5,4738426.5,10868298.0,6013414.5,10286084.0,27354262.0,47597384.0,33214678.0,13677790.0,88349248.0,15318748.0,1
1789486933.2917278,music,232,11,5593064.0,0.0,0.0,11053380.0,13606907.0,0.0,8940973.0,0.0,0.0,30570410.0,87559344.0,38808100.0,0.0,0.0,6829640.0,0.0,1
1789486933.3379025,music,242,14,40014792.0,0.0,1073045.5,0.0,0.0,0.0,3430296.5,0.0,0.0,16762239.0,114594328.0,36956692.0,56265428.0,0.0,2678279.75,1948384.375,1
1789486933.4004123,music,241,21,7660951.0,0.0,0.0,7331550.0,4789546.5,0.0,14544811.0,14685332.0,9760293.0,8901099.0,35066608.0,29039942.0,7088625.0,7830626.0,57387956.0,2113222.5,1
1789486933.463371,music,242,22,0.0,0.0,16466087.0,23065436.0,1149935.75,2624803.75,21174868.0,45337320.0,11975315.0,5979463.0,75178192.0,32311960.0,16067542.0,30999072.0,19628996.0,5363776.0,1
1789486933.5262325,music,253,21,44449172.0,0.0,0.0,17984712.0,5627348.0,1431398.25,239335664.0,209027552.0,0.0,27636768.0,9217834.0,26753850.0,99482832.0,0.0,23243042.0,0.0,1
1789486933.5899637,music,253,20,15437085.0,0.0,14371976.0,0.0,0.0,0.0,119643960.0,129395168.0,11965073.0,11335100.0,38385056.0,6353812.0,35318744.0,4883883.0,6528115.0,6934218.0,1
1789486933.6397262,music,254,22,40846724.0,0.0,0.0,25941940.0,0.0,0.0,105962888.0,110921752.0,7509197.0,18720496.0,27083106.0,2616044.25,34466620.0,10128215.0,5465801.0,1037727.6875,1
1789486933.704329,music,255,16,0.0,0.0,8927339.0,16810588.0,0.0,5453402.0,0.0,5263282.5,760166.0,105227136.0,72001256.0,24318476.0,0.0,7324601.5,19058028.0,6132927.0,1
1789486933.768398,music,256,23,7697468.5,138909296.0,8385380.5,0.0,36235204.0,0.0,75133744.0,22865498.0,0.0,58917132.0,76000848.0,24459348.0,38036832.0,16644044.0,28292994.0,1686267.5,1
1789486933.832955,music,259,20,98783928.0,0.0,9889042.0,2909927.0,0.0,1699607.375,58423184.0,0.0,15459038.0,7027127.0,31434126.0,27810276.0,0.0,9317166.0,34990976.0,0.0,1
1789486933.8983529,music,274,29,53326536.0,280918944.0,0.0,18777696.0,6355194.5,12537296.0,86037720.0,139073600.0,0.0,10521244.0,64883872.0,40232864.0,220099968.0,29939394.0,24564272.0,7992297.0,1
1789486933.9627757,music,272,20,0.0,0.0,5210439.0,5178120.0,40008492.0,18564800.0,21762508.0,99297456.0,6691175.0,30373612.0,19253464.0,26686172.0,0.0,20024788.0,0.0,6263786.0,1
1789486934.0278583,music,271,22,24807356.0,31853034.0,0.0,25441244.0,12702593.0,0.0,31332794.0,38514404.0,3234617.75,27918672.0,38855556.0,32184888.0,137231136.0,0.0,7172270.0,0.0,1
1789486934.09244,music,270,21,0.0,0.0,38624696.0,244461.265625,9419117.0,14343478.0,81338144.0,27599040.0,6867539.5,28684728.0,10868025.0,117870920.0,0.0,30385782.0,4358450.0,2216865.75,1
1789486934.1575413,music,272,12,0.0,0.0,0.0,0.0,16306010.0,2542234.5,0.0,0.0,2531773.5,30393044.0,0.0,0.0,0.0,53538820.0,4104456.75,4492987.5,1
1789486934.2227576,music,273,14,0.0,0.0,42255248.0,1615816.25,14380472.0,3924513.25,0.0,0.0,818182.25,23232418.0,0.0,9666569.0,0.0,0.0,24112558.0,9133128.0,1
1789486934.2875507,music,295,10,0.0,184064912.0,0.0,0.0,8701614.0,1967197.75,0.0,22223956.0,0.0,18689888.0,0.0,0.0,890490240.0,0.0,4556986.5,0.0,1
1789486934.3524418,music,280,22,22407644.0,0.0,2792171.5,1641857.5,1174753.75,0.0,75897576.0,53796164.0,6693068.0,11271674.0,2696047.0,37206176.0,0.0,8270947.0,17503504.0,8282870.0,1
1789486934.4166098,music,277,18,2432528.5,0.0,0.0,0.0,5333020.5,0.0,88325432.0,46441596.0,3101032.0,27819404.0,7733592.0,1539202.75,0.0,0.0,6783846.5,0.0,1
1789486934.4814067,music,280,25,2357382.0,0.0,315990.875,5756573.5,3571020.0,0.0,239420032.0,134163432.0,57335.96484375,20859916.0,13586726.0,1873999.625,11522963.0,2310178.75,7445810.0,1110159.875,1
1789486934.5459082,music,287,21,10246879.0,0.0,0.0,711016.625,600279.375,0.0,236662400.0,140678960.0,2668096.0,9381861.0,8194685.5,15128997.0,10529720.0,317355.28125,13874552.0,2379766.5,1
1789486934.61137,music,295,26,3899705.0,39669148.0,12518517.0,913427.125,865462.75,2391181.0,413219904.0,292745216.0,1446259.25,40765712.0,13906442.0,6498657.0,0.0,3526148.5,0.0,3484704.0,1
1789486934.675899,music,288,21,0.0,0.0,0.0,1797833.25,1150871.375,1333455.0,240374.78125,148924352.0,280158.34375,59446440.0,51778640.0,6384046.5,0.0,254578.765625,8069538.5,4065678.5,1
1789486934.7402673,music,292,24,4296468.0,39124880.0,3267708.0,4757836.0,225066.625,1994117.625,21643602.0,0.0,1453858.0,45491304.0,15498776.0,25836162.0,163140816.0,3505392.5,3089277.0,241365.1875,1
1789486934.8043852,music,286,30,7569412.5,164174496.0,52126384.0,3003508.25,1636358.875,2093007.125,150199424.0,159631248.0,1714949.5,32052380.0,14683768.0,2884592.25,0.0,401966.5625,5185803.0,916414.875,1
1789486934.8683193,music,286,18,3435795.25,0.0,0.0,0.0,0.0,1872285.75,9293928.0,0.0,0.0,11969657.0,7961574.5,1969488.375,76908872.0,11020040.0,11068110.0,10220842.0,1
1789486934.9135365,music,279,17,0.0,0.0,0.0,2156706.75,630698.375,0.0,144716256.0,0.0,1556965.75,16549448.0,16803746.0,37336592.0,228694848.0,913172.375,26487664.0,2890101.0,1
1789486934.9785767,music,300,27,0.0,273754432.0,13203524.0,1566740.0,6190564.5,3471535.0,172005904.0,107712816.0,9702833.0,15440744.0,75091104.0,342614688.0,959270272.0,72646344.0,0.0,6119079.0,1
1789486935.0425959,music,291,24,0.0,0.0,0.0,0.0,18898532.0,16524190.0,40250304.0,1979389.25,0.0,29458826.0,20986978.0,59461424.0,165867776.0,243673632.0,33066224.0,25168648.0,1
1789486935.1065485,music,290,18,0.0,0.0,14653700.0,0.0,0.0,0.0,12143172.0,4841657.5,1885106.0,40134024.0,8344629.0,120884592.0,295658304.0,52992664.0,33540296.0,31639020.0,1
1789486935.1701176,music,298,18,0.0,396326944.0,11628318.0,0.0,0.0,0.0,207535072.0,159024288.0,10256131.0,8438345.0,32972906.0,114836656.0,843016128.0,1013879.0625,0.0,0.0,1
1789486935.2348344,music,297,30,72289240.0,46186976.0,13552118.0,12641813.0,4995974.0,6449157.5,63049888.0,168860032.0,14410174.0,25317178.0,21492344.0,13397090.0,273540640.0,16410522.0,18458504.0,15061946.0,1
1789486935.2996266,music,298,14,9134150.0,0.0,14240038.0,5843676.0,14935219.0,570351.5,0.0,1249237.0,0.0,21713874.0,12311870.0,0.0,0.0,8030184.5,0.0,9309847.0,1
1789486935.3002036,music,334,8,0.0,4543145.0,2005466.25,3814787.0,0.0,0.0,7781262.0,0.0,0.0,2871927.5,0.0,21856690.0,276105952.0,0.0,0.0,0.0,1
1789486935.3649316,music,334,5,0.0,0.0,0.0,0.0,0.0,0.0,0.0,15756530.0,0.0,0.0,0.0,38779764.0,638122624.0,15517490.0,0.0,0.0,1
1789486935.3655536,music,298,17,0.0,0.0,20613952.0,18892064.0,11854512.0,1266893.375,122201032.0,89130720.0,0.0,70008384.0,43430976.0,7717189.0,0.0,0.0,0.0,0.0,1
1789486935.4283466,music,290,19,51973588.0,0.0,30848064.0,27135956.0,1016120.125,0.0,4571893.5,13116477.0,177715888.0,38181888.0,25713252.0,0.0,0.0,18701328.0,7708919.5,1266408.5,1
1789486935.4918406,music,318,11,0.0,0.0,0.0,0.0,0.0,0.0,64136984.0,24797324.0,0.0,14969062.0,2602807.25,77797728.0,1067574720.0,6840918.5,0.0,0.0,1
1789486935.554909,music,316,16,0.0,0.0,0.0,8876624.0,0.0,0.0,23865886.0,57746136.0,564722688.0,28724354.0,12729282.0,169937632.0,4377265152.0,75003712.0,4363005.0,0.0,1
1789486935.6187453,music,319,15,4503912.5,12208418.0,0.0,0.0,0.0,0.0,4099923.0,12640106.0,337045408.0,25613460.0,14055154.0,74621408.0,1079959168.0,7888303.5,0.0,0.0,1
1789486935.6808782,music,319,8,0.0,11561983.0,0.0,0.0,0.0,0.0,5046994.0,8437306.0,0.0,15113422.0,21475628.0,4989372.5,0.0,0.0,4821452.0,0.0,1
1789486935.7308614,music,283,18,16019900.0,11358906.0,23983614.0,9724034.0,38354512.0,0.0,4244074.0,15478464.0,142634704.0,65732912.0,17346830.0,72100496.0,168850672.0,0.0,0.0,5143355.0,1
1789486935.794319,music,294,25,41413504.0,0.0,3444042.25,9298152.0,78372496.0,3233426.0,23659576.0,54530164.0,1094850816.0,58086072.0,9906769.0,29431514.0,593515648.0,15268484.0,5513057.0,1838538.375,1
1789486935.8590188,music,299,29,52616876.0,7266029.5,7582545.0,16164508.0,93208816.0,13338440.0,56007884.0,119639496.0,461188224.0,12229261.0,12139672.0,286069120.0,2060673792.0,61462128.0,109433976.0,41229208.0,1
1789486935.9215639,music,286,22,13691999.0,0.0,23794576.0,25198590.0,83502912.0,15705080.0,2075451.25,9301561.0,0.0,21006582.0,0.0,0.0,0.0,599880832.0,910344064.0,175390096.0,1
1789486935.98524,music,287,24,176038656.0,4502672.5,12676107.0,16942166.0,30046192.0,16325720.0,39258864.0,0.0,0.0,23735398.0,0.0,53753892.0,99516784.0,124630896.0,481192896.0,51628360.0,1
1789486936.0502062,music,287,25,189483936.0,0.0,5812001.5,5040734.5,12132334.0,14708746.0,11010311.0,10351636.0,0.0,0.0,24692650.0,28158348.0,164447696.0,167573392.0,323506432.0,12454873.0,1
1789486936.0959458,music,288,12,0.0,0.0,0.0,1255237.125,29273784.0,17970912.0,0.0,2525145.25,0.0,2955244.0,27163666.0,0.0,157975760.0,23161820.0,0.0,0.0,1
1789486936.1596987,music,288,21,45883288.0,6229427.0,0.0,24717446.0,65712328.0,64394380.0,0.0,0.0,30492308.0,8424836.0,1137013.625,2012574.5,0.0,0.0,57387464.0,20342608.0,1
1789486936.2103438,music,292,22,195891824.0,57787828.0,0.0,20165750.0,37776216.0,122315512.0,0.0,0.0,116366728.0,8932771.0,0.0,2725752.5,0.0,53918588.0,275968704.0,2754291.75,1
1789486936.2731442,music,291,15,57347224.0,0.0,0.0,830794.125,787196.25,0.0,248633.390625,4313270.5,0.0,3499683.75,15426474.0,319571.8125,0.0,94174336.0,756297088.0,1644382.25,1
1789486936.3363297,music,292,19,0.0,0.0,0.0,0.0,10496960.0,0.0,1038068.0625,2377456.5,0.0,88803424.0,29032196.0,26936528.0,98610288.0,95330608.0,996594368.0,1040064.0,1
1789486936.4001586,music,305,23,19063836.0,7061344.0,0.0,8331454.0,2823075.0,0.0,363185.0625,173716.8125,22519578.0,3004980.5,8413962.0,32077512.0,94487008.0,145053216.0,872784704.0,3071354.5,1
1789486936.4633427,music,304,24,95926080.0,28057060.0,5146673.0,5875302.5,2312221.5,0.0,1503782.5,0.0,18196580.0,35403144.0,9870918.0,213208.1875,0.0,40205340.0,458792608.0,3957282.5,1
1789486936.5252917,music,290,15,0.0,805556.0,4442631.5,0.0,627071.1875,18491714.0,0.0,0.0,0.0,12027205.0,987994.1875,18886974.0,9044328.0,98000064.0,1004391424.0,3458360.25,1
1789486936.5886667,music,307,25,0.0,0.0,1525687.25,44115448.0,9825298.0,0.0,473325.5625,382062.09375,6629004.5,13685322.0,37535324.0,17376904.0,16091612.0,126569680.0,574445568.0,8271790.0,1
1789486936.6521795,music,306,19,0.0,10745909.0,0.0,4478291.0,5926698.5,16173974.0,1199605.25,326039.875,0.0,67849376.0,42377988.0,12232355.0,0.0,45307640.0,205154080.0,1712041.125,1
1789486936.7149453,music,305,29,133105344.0,30553506.0,0.0,6020817.5,23186440.0,89168920.0,373009.9375,559232.8125,1177780.125,64529936.0,25399986.0,4029212.5,7941092.5,110793736.0,520138272.0,8357263.5,1
1789486936.7776027,music,308,23,78097320.0,19842540.0,0.0,2845554.75,5698026.0,0.0,2582558.5,995241.25,3466987.0,26628772.0,27694480.0,1892632.5,0.0,110698840.0,711132096.0,1988079.625,1
1789486936.8400915,music,308,29,124763680.0,39199276.0,0.0,1584100.625,20023280.0,59483396.0,2037758.75,1662562.25,5762686.0,26951316.0,3897579.0,3328696.5,26276878.0,26134438.0,80002040.0,22603764.0,1
1789486936.8860886,music,313,28,79961984.0,27061548.0,12729358.0,1922893.25,20538484.0,85762976.0,2015602.5,99062.0859375,1252101.0,101378520.0,43821144.0,866074.125,0.0,27150782.0,377692288.0,8534501.0,1
1789486936.9484425,music,313,25,151252304.0,24369460.0,29880556.0,13841749.0,980274.8125,0.0,0.0,816899.8125,1857860.5,94289680.0,20068052.0,17790448.0,28635114.0,5958206.0,34578436.0,2324440.5,1
1789486936.9978852,music,312,19,163055728.0,18510576.0,28206064.0,18649100.0,0.0,0.0,810143.625,0.0,1315916.75,118928112.0,31955176.0,30600690.0,28613780.0,0.0,63772728.0,6798435.5,1
1789486937.060242,music,318,22,51797788.0,31923566.0,0.0,12009239.0,10469238.0,0.0,1385599.25,0.0,3775036.5,496606368.0,209297712.0,0.0,16654683.0,399184.0,236111968.0,105961024.0,1
1789486937.1228132,music,313,19,37191360.0,11463397.0,8127500.0,9182716.0,0.0,60528600.0,0.0,0.0,4082546.0,2354693.0,149722048.0,4590961.0,0.0,37532992.0,92582576.0,1616787.75,1
1789486937.185369,music,323,17,77078536.0,19289142.0,35528392.0,3010802.5,3809976.0,34352832.0,1296416.25,0.0,0.0,0.0,2774803.0,6055989.5,0.0,1042565.1875,32046672.0,0.0,1
1789486937.247054,music,312,29,20201244.0,3635455.0,20205418.0,1643652.5,16730104.0,24183892.0,1250385.625,652753.8125,2531107.0,63234680.0,28817220.0,5280196.0,44994688.0,245553664.0,1890837120.0,32660718.0,1
1789486937.305834,music,317,27,1541351.75,0.0,12635290.0,1189708.75,3779141.25,21096150.0,277331.78125,1732839.25,42655008.0,85270696.0,39927064.0,19623920.0,25584848.0,181902736.0,2806701568.0,10816696.0,1
1789486937.3666475,music,319,24,0.0,0.0,426772.8125,620999.0,12220560.0,45013084.0,639307.3125,660397.125,29669940.0,89717056.0,2932024.0,6868674.5,0.0,170611632.0,2630599168.0,36923336.0,1
1789486937.428409,music,320,27,0.0,0.0,2811611.5,5847371.0,2147529.75,17350740.0,0.0,1742653.25,19900410.0,311459136.0,94946144.0,3632913.25,1769768.875,224427760.0,1459276800.0,9329847.0,1
1789486937.4900906,music,326,26,107318704.0,0.0,1199461.5,3767361.0,28455064.0,168639168.0,283785.4375,3225081.0,53197980.0,643352320.0,216048048.0,9181656.0,7936009.0,209257696.0,1981367296.0,0.0,1
1789486937.552775,music,327,32,0.0,671454.25,15272630.0,10959861.0,23355928.0,259849312.0,34279132.0,10584234.0,30561456.0,66493176.0,97898576.0,7966186.5,20148450.0,90467760.0,736354496.0,5360240.0,1
1789486937.6160493,music,325,30,40937736.0,604869.1875,20773376.0,907854.875,14812225.0,78135024.0,2554618.5,1604072.875,52051128.0,64061136.0,36795776.0,3974838.5,2280978.0,51985344.0,752166656.0,18755792.0,1
1789486937.6784413,music,318,29,92493984.0,27103638.0,8703070.0,1405733.25,3105530.0,33047144.0,0.0,1420938.375,40435968.0,304637824.0,143547040.0,17625740.0,26703214.0,116147360.0,1679799936.0,18051712.0,1
1789486937.7398582,music,315,27,64923388.0,44101328.0,0.0,0.0,37727140.0,293624064.0,4656554.0,1473082.25,37699576.0,55674840.0,3922762.5,19030432.0,0.0,45752512.0,434856352.0,11009439.0,1
1789486937.8009338,music,327,27,83562592.0,17008936.0,73501168.0,54590.17578125,30014022.0,91928976.0,1937475.25,2085340.625,47804316.0,87042600.0,49338004.0,5688459.0,0.0,475673024.0,2107489280.0,31356112.0,1
1789486937.862516,music,320,29,74890336.0,18998442.0,0.0,1208824.5,254465.75,2593555.0,955590.25,821199.625,28077138.0,320330016.0,98268968.0,9232726.0,27084778.0,275280416.0,3032408576.0,17091928.0,1
1789486937.924541,music,321,20,74097544.0,0.0,673630.6875,25352244.0,10347288.0,0.0,0.0,0.0,8207649.0,37812944.0,80100896.0,5589994.5,5103575.5,361163392.0,2524099328.0,37291480.0,1
1789486937.9856906,music,323,27,26737004.0,10039162.0,12052146.0,0.0,6363012.0,4005959.5,7388037.0,1455695.75,20103108.0,54489112.0,70583120.0,12801854.0,0.0,380230560.0,4894408704.0,11836934.0,1
1789486938.0472655,music,322,30,11627834.0,21443136.0,220720096.0,165903328.0,26863984.0,0.0,19129810.0,6846996.5,0.0,100727560.0,58386896.0,25123950.0,15888794.0,138920336.0,2466597376.0,106550008.0,1
1789486938.1092246,music,322,29,0.0,690868.125,79071472.0,59393844.0,14035474.0,70879280.0,16233306.0,3978757.5,4393143.0,102374928.0,51199456.0,12772985.0,2367921.75,137532736.0,0.0,12664425.0,1
1789486938.154543,music,325,31,38199508.0,2636656.25,2268903.5,157570176.0,20010522.0,82443968.0,1725253.0,0.0,1349544.25,112487832.0,53681880.0,3567315.0,1326330.375,184588528.0,1461614080.0,9616621.0,1
1789486938.2168906,music,325,25,294342688.0,71134408.0,1665635.0,18105534.0,0.0,23220018.0,555874.8125,1326196.125,0.0,56645208.0,14321600.0,53333276.0,608799232.0,61189416.0,102176096.0,6563315.0,1
1789486938.2673917,music,325,21,97304368.0,119815152.0,10781574.0,5288041.5,13571572.0,14893690.0,0.0,10149922.0,30416402.0,14445734.0,0.0,98764328.0,395077664.0,76091736.0,107526832.0,7941394.5,1
1789486938.3127737,music,326,29,10314616.0,918520.5,59209336.0,29246108.0,4610803.5,15863742.0,894951.4375,3945181.0,86785792.0,127804896.0,53796864.0,1206943.625,0.0,181684416.0,378791488.0,32069462.0,1
1789486938.3753045,music,320,25,47466668.0,636470.125,28359196.0,47065768.0,24730186.0,11908254.0,3090967.0,5474472.0,71254208.0,4291079.5,1291503.75,2609402.0,0.0,34220652.0,768208768.0,12281906.0,1
1789486938.4372482,music,327,28,20738882.0,10819466.0,36910656.0,18733096.0,41581008.0,18233164.0,2002988.875,8814472.0,295790272.0,173396736.0,51755768.0,2297406.5,0.0,15540472.0,0.0,28154744.0,1
1789486938.499289,music,322,30,27368170.0,6284305.0,2398355.5,9568233.0,12465990.0,1228024.25,1110401.75,3499384.0,149705728.0,158311744.0,60530208.0,116978168.0,1532743168.0,5854049.0,59993032.0,12805320.0,1
1789486938.5617013,music,322,29,152527456.0,7441926.0,18365670.0,60701792.0,12700911.0,25113976.0,5535926.0,2025522.25,0.0,55794704.0,75121488.0,50245080.0,354319136.0,203690656.0,2115897600.0,28760146.0,1
1789486938.6355639,music,322,30,71844344.0,0.0,49829184.0,43584704.0,14945936.0,28659802.0,30190014.0,22312610.0,8752076.0,8181698.0,71941616.0,48672688.0,199382912.0,62666880.0,884019392.0,8329315.5,1
1789486938.6803317,music,325,32,62232168.0,0.0,68935064.0,41085040.0,10260000.0,52463712.0,14492099.0,9106397.0,15550034.0,52350648.0,109430912.0,20719732.0,211136016.0,42019552.0,482419072.0,9447504.0,1
1789486938.742766,music,325,30,14141276.0,3315182.0,47797600.0,0.0,17326420.0,66349696.0,0.0,4063035.0,32512932.0,52744208.0,52178648.0,35062136.0,101835360.0,137941216.0,1429791744.0,16728032.0,1
1789486938.7889764,music,325,33,32630688.0,16785676.0,58591280.0,4927556.0,33777376.0,158990512.0,7419809.5,2742023.5,19181224.0,77056856.0,17845064.0,6015177.0,41768168.0,119215720.0,725591104.0,2636108.5,1
1789486938.8385603,music,325,27,36953452.0,0.0,36947316.0,59355992.0,77643104.0,115509464.0,0.0,17893216.0,26360276.0,1748664.25,34200224.0,6487901.0,126664120.0,769328640.0,351634688.0,240530416.0,1
1789486938.8842509,music,326,34,69914688.0,4829446.5,94003216.0,43955380.0,49976228.0,64297976.0,2549825.0,2451945.75,22153998.0,1269091.25,27671600.0,9973518.0,176976320.0,147872912.0,1660156672.0,32651816.0,1
1789486938.9467576,music,326,28,3219464.75,0.0,40757216.0,38848888.0,17406178.0,27335884.0,3171962.5,5831323.0,22925452.0,0.0,36815328.0,30657214.0,186032416.0,60374292.0,898727168.0,13593111.0,1
1789486938.9959598,music,325,29,50187188.0,5173820.0,34870600.0,4403688.0,4489946.5,31905620.0,3437846.5,1479435.5,15598858.0,51517916.0,31510358.0,11332581.0,107934848.0,67094524.0,604042752.0,8731908.0,1
1789486939.0576913,music,323,25,35102696.0,13020048.0,0.0,6390890.5,16950908.0,0.0,1627280.75,3325236.5,79825104.0,998631.5,36611140.0,38032288.0,115069504.0,374526368.0,1312507904.0,9189664.0,1
1789486939.1194775,music,321,31,96843440.0,15209065.0,25697430.0,17405184.0,16795144.0,23437726.0,4396043.0,950169.3125,0.0,141956384.0,90191192.0,4992196.5,0.0,9296326.0,1160561792.0,38513928.0,1
1789486939.1807716,music,319,26,130457856.0,43737388.0,19259372.0,6499079.0,661385.0625,0.0,672476.125,683713.0625,8140340.0,617767.75,20140852.0,11667721.0,25778384.0,67992080.0,592680832.0,20014812.0,1
1789486939.2689054,music,321,27,24466410.0,14473082.0,12175660.0,52012964.0,13062000.0,0.0,0.0,3382214.25,6432674.5,23926438.0,31232048.0,15161176.0,141240768.0,69213824.0,351029952.0,2753183.75,1
1789486939.3262804,music,324,28,13439910.0,0.0,35280508.0,21700222.0,7077119.5,0.0,3136724.75,0.0,3627174.5,28805978.0,52166676.0,42579168.0,182778432.0,42316396.0,411274752.0,20666966.0,1
1789486939.388155,music,323,31,71541000.0,13718314.0,21266538.0,5604255.0,756266.25,81001408.0,8508757.0,3241655.75,37652912.0,14958649.0,27262088.0,3689535.75,80691264.0,130985792.0,1153164288.0,2154219.75,1
1789486939.4505055,music,328,30,88092136.0,35210548.0,21813884.0,6779252.0,3738778.75,24005476.0,3924159.5,726072.6875,15396303.0,176094032.0,170819568.0,4409453.0,31599152.0,93594336.0,41610880.0,2634139.5,1
1789486939.5126863,music,325,27,52572384.0,0.0,28650736.0,2770502.5,14537030.0,39691740.0,391686.125,364315.4375,0.0,371426624.0,115232928.0,11001330.0,0.0,14907927.0,691633280.0,48702768.0,1
1789486939.575143,music,328,30,72155304.0,31110156.0,34640724.0,4250698.0,8829256.0,0.0,3734570.5,2332919.75,0.0,1773945.5,34990812.0,11543016.0,144310128.0,52454064.0,204001472.0,11178962.0,1
1789486939.6374533,music,324,28,112646048.0,53541308.0,42647952.0,0.0,12326432.0,8482590.0,1357857.0,274282.75,0.0,0.0,13499604.0,7646015.5,73052176.0,215080960.0,571286016.0,42851156.0,1
1789486939.6997836,music,321,29,79381184.0,42315592.0,15299628.0,761290.625,28094816.0,96851056.0,123986.40625,634091.5625,4017006.75,0.0,148745344.0,5186237.5,3306085.0,89045776.0,514893376.0,78154000.0,1
1789486939.7620504,music,320,27,18944618.0,1501514.0,0.0,5565639.0,2920738.5,30617988.0,1875984.0,634727.0625,3157841.25,75643264.0,101554400.0,2898690.0,0.0,48087608.0,160061280.0,23041876.0,1
1789486939.8238008,music,327,27,68425376.0,0.0,43054236.0,19400758.0,0.0,0.0,353736.1875,64834.359375,8075251.0,557858112.0,86625224.0,10546252.0,20055008.0,277900736.0,404265472.0,5039078.0,1
1789486939.886636,music,329,28,47290688.0,6292473.0,157518976.0,5467945.0,26165064.0,85174176.0,10687414.0,10533682.0,118736784.0,26512004.0,5646334.5,5754025.0,22140472.0,19328404.0,0.0,4792014.0,1
1789486939.9663682,music,329,28,0.0,3941160.0,25755308.0,426676.3125,8569714.0,44100688.0,1277337.375,18077528.0,841578112.0,111875832.0,61824144.0,10716878.0,26733068.0,19248224.0,65648552.0,9025846.0,1
1789486940.0303023,music,326,34,18936990.0,22629630.0,39209280.0,382337.375,2101541.0,80525728.0,2485163.5,20036940.0,0.0,111520080.0,64696248.0,29181024.0,13093535.0,28830904.0,75846224.0,3387157.25,1
1789486940.0886655,music,321,33,11753788.0,14304787.0,60244696.0,1436416.25,38847644.0,229495520.0,4957300.0,4007958.0,0.0,73924280.0,25894156.0,14519903.0,42550104.0,42683812.0,96723296.0,3969051.0,1
1789486940.1512315,music,337,31,23448588.0,11643994.0,109419776.0,3127052.25,661066.75,122294896.0,1097928.75,20336954.0,1692073984.0,73722280.0,89534576.0,16195408.0,11346651.0,26542270.0,198341888.0,7272690.5,1
1789486940.2149816,music,337,22,2086466.25,0.0,371272704.0,372555.90625,9285277.0,29346068.0,307141.375,7670626.5,478099488.0,65178800.0,78977920.0,0.0,17133368.0,1666143.0,0.0,1935287.75,1
1789486940.2827783,music,334,34,40094124.0,42946032.0,261875824.0,23991560.0,9484071.0,58085524.0,593396.3125,12163144.0,662389248.0,67084936.0,39758808.0,127942464.0,10582757.0,38908452.0,167038272.0,7198569.0,1
1789486940.3425891,music,334,33,30241216.0,24039876.0,359488160.0,9954634.0,10634344.0,70826000.0,984567.5,28319022.0,1137563904.0,132636280.0,87200264.0,202454304.0,8655877.0,18232990.0,0.0,2895842.5,1
1789486940.3927844,music,335,36,28909366.0,24523308.0,606958784.0,4760938.5,29380114.0,188493952.0,1610902.75,4934864.5,350895200.0,152467008.0,126074064.0,311450880.0,24316150.0,89515496.0,201810368.0,21941204.0,1
1789486940.4573288,music,336,30,19227670.0,22287862.0,478805472.0,0.0,15374614.0,78963792.0,532275.5,3866516.0,101951744.0,78402688.0,79970144.0,65933680.0,9453068.0,97760432.0,359779712.0,8716196.0,1
1789486940.5212214,music,336,32,5240275.0,7647415.0,229400192.0,1105362.0,3951654.5,14977708.0,1196595.375,897401.125,45261416.0,28811730.0,41289080.0,514252864.0,0.0,40466628.0,214235264.0,4560433.0,1
1789486940.5715399,music,335,22,100822816.0,0.0,19796212.0,0.0,10708607.0,0.0,2128554.5,13153717.0,174285888.0,30978588.0,333894464.0,222675600.0,22899936.0,144110704.0,10973854.0,28244996.0,1
1789486940.6636221,music,337,29,0.0,465688.34375,18855020.0,136831952.0,13597870.0,813796.875,33108178.0,0.0,0.0,40476144.0,2058505472.0,423654080.0,2481188.5,24448512.0,43257992.0,9701198.0,1
1789486940.7235236,music,338,26,1637789.625,0.0,27080604.0,115157912.0,3519156.25,3433831.0,6808641.0,0.0,0.0,34233292.0,2711865088.0,514585600.0,2509243.0,34599032.0,33459732.0,4747264.5,1
1789486940.7872307,music,338,33,57102500.0,3714104.5,141892192.0,175409984.0,11839214.0,24886610.0,59518728.0,34301972.0,219856352.0,58765120.0,922743168.0,560123840.0,8890429.0,16861634.0,112777184.0,5598245.5,1
1789486940.837344,music,337,31,39874068.0,10011752.0,191440928.0,774166272.0,30057948.0,0.0,32755434.0,29323420.0,36507152.0,14840384.0,410088128.0,270674432.0,2827499.0,171125632.0,271321408.0,17900248.0,1
1789486940.901206,music,343,28,31914326.0,0.0,198645056.0,348648512.0,5932183.5,5924739.0,122221232.0,80115720.0,14571533.0,7668964.0,491696448.0,132336664.0,5871572.5,100818224.0,244433536.0,20843624.0,1
1789486940.9656572,music,342,34,0.0,2244890.0,193524064.0,274759552.0,9807363.0,6939720.0,121838384.0,56605088.0,97891168.0,36288116.0,1587833728.0,568866240.0,5940995.5,49207176.0,197712880.0,6481282.0,1
1789486941.030325,music,343,33,33188148.0,7593180.5,123961456.0,342703808.0,2173949.0,3722681.0,83864696.0,64388708.0,174500032.0,5824632.5,1011677184.0,248577664.0,8807653.0,231079392.0,205358656.0,3373877.5,1
1789486941.0950546,music,344,32,5897278.0,7798976.5,92682384.0,356471936.0,17813418.0,5761938.0,29685032.0,24824692.0,3028154.75,4220251.0,494122080.0,218290864.0,3134673.75,126608040.0,656203520.0,3951119.5,1
1789486941.1589925,music,342,25,74352528.0,0.0,62302596.0,380687584.0,6263680.0,3394173.5,65839976.0,47019588.0,60428188.0,1080982.625,0.0,167751936.0,4154933.75,24466134.0,38646784.0,7196586.5,1
1789486941.2227666,music,343,30,60451024.0,40722684.0,290734944.0,41777188.0,63759144.0,138275712.0,35205160.0,12462015.0,78539392.0,82800288.0,712818176.0,344515616.0,789870592.0,37708364.0,36392692.0,257544128.0,1
1789486941.32805,music,342,24,105773472.0,0.0,27997664.0,0.0,167168576.0,2428788.5,901914.9375,3291287.5,25759980.0,14565768.0,43609856.0,19391672.0,40450276.0,10448292.0,5562036.0,12952557.0,1
1789486941.3915725,music,348,35,66125088.0,0.0,39159912.0,31482014.0,99163440.0,1383188.625,16972008.0,7491308.5,271880064.0,16673165.0,410612576.0,122733840.0,382668864.0,110773000.0,113435016.0,14446852.0,1
1789486941.456604,music,348,31,28069304.0,1986381.75,76305536.0,38706680.0,40320480.0,1952938.75,4089987.0,3189901.0,50548396.0,12003432.0,298731872.0,217099440.0,700105856.0,10507924.0,1963333.0,15888227.0,1
1789486941.5024414,music,355,30,121936008.0,10487996.0,72255776.0,47528364.0,175291552.0,2665500.5,13540344.0,3066011.25,138810944.0,12688438.0,126940704.0,156417840.0,534699744.0,0.0,13185730.0,10662504.0,1
1789486941.567302,music,355,29,207976096.0,11651593.0,4428604.5,16352114.0,40216196.0,0.0,6097842.0,19640952.0,169805760.0,94769664.0,276124032.0,36040364.0,0.0,82903240.0,39311016.0,29416804.0,1
1789486941.6172943,music,354,28,190809136.0,0.0,13787116.0,0.0,32858062.0,6224593.0,16607185.0,8978298.0,167939904.0,126425320.0,274482368.0,37307252.0,0.0,6492137.0,19855696.0,13127477.0,1
1789486941.6819892,music,352,28,0.0,0.0,13006888.0,47027204.0,545395328.0,5527359.5,4548048.5,10636704.0,390685920.0,221391856.0,260657888.0,75871024.0,0.0,28430642.0,47594028.0,34549536.0,1
1789486941.7468553,music,352,31,0.0,9565772.0,7484654.0,20356476.0,367203104.0,2762365.0,2585289.5,20827044.0,148938960.0,64461892.0,121248520.0,57626220.0,89761440.0,69966608.0,46170196.0,15136894.0,1
1789486941.7933724,music,352,30,92184104.0,6485639.0,9211125.0,2102068.25,186209632.0,722716.4375,1952404.75,7969504.0,197305808.0,18033552.0,7771006.0,73299488.0,285462080.0,12439245.0,8010957.5,810734.375,1
1789486941.8431013,music,347,31,135771360.0,3473582.25,2819378.75,6982270.5,264867776.0,3317183.5,842288.125,8061815.0,670239808.0,50539728.0,112406408.0,36071408.0,293907392.0,6089153.5,6200434.5,4784031.5,1
1789486941.9075325,music,351,27,2101313.5,1067186.25,17338740.0,14196456.0,132245584.0,172295312.0,0.0,8327131.0,110466728.0,44445076.0,7342094.0,196284928.0,323833312.0,46929592.0,75072688.0,8628835.0,1
1789486941.9932334,music,356,34,134469888.0,16022322.0,46486752.0,57111576.0,165917600.0,6992391.5,62812668.0,8741720.0,151856352.0,86615920.0,239612960.0,60446072.0,154336128.0,27486252.0,1097123.125,1077508.875,1
1789486942.053831,music,350,35,186860608.0,7838069.5,37716064.0,37996912.0,77204800.0,505669.65625,27344300.0,16439357.0,549178176.0,64885928.0,56273424.0,75787488.0,195495712.0,23425378.0,2351262.0,2743426.5,1
1789486942.1189005,music,350,30,143145280.0,1654961.75,23325512.0,4387660.0,62934980.0,1244209.25,0.0,622302.6875,235384304.0,19916962.0,41028744.0,174391504.0,0.0,37558620.0,8453914.0,23012228.0,1
1789486942.1693916,music,350,29,5677559.5,832261.375,7787660.5,7582292.0,459875040.0,2353971.25,8534544.0,15570194.0,418518208.0,25085828.0,21575534.0,5562585.0,107879104.0,22053864.0,3061990.5,16808040.0,1
1789486942.2186842,music,347,37,136433536.0,3188540.25,28109040.0,10085475.0,63749296.0,694746.0,20863624.0,14070600.0,393385696.0,43060008.0,38829136.0,53157896.0,841807104.0,78588736.0,16466565.0,4911110.0,1
1789486942.2829618,music,350,29,62111696.0,10503472.0,2831035.75,15303816.0,98221744.0,1488934.125,15971112.0,49673292.0,253147072.0,42777488.0,16350658.0,4740708.5,0.0,28183720.0,4952279.0,59820092.0,1
1789486942.3469043,music,342,33,185015216.0,10282570.0,6733550.0,2753678.0,511109248.0,676216.5,4337066.5,29533484.0,355326432.0,14902440.0,22829342.0,54093032.0,565380032.0,4763233.5,4566739.0,20329924.0,1
1789486942.4109557,music,343,32,166929616.0,8374319.0,11169432.0,5827391.0,102191680.0,664970.625,18282384.0,35775936.0,202387104.0,49315584.0,3101141.25,65366320.0,555490880.0,11810855.0,13734368.0,5968781.0,1
1789486942.4753592,music,346,25,64065828.0,1887580.5,0.0,11792046.0,172049088.0,2008284.75,4133244.75,28942128.0,158768368.0,25710990.0,392788.75,64861992.0,162112320.0,27913756.0,5924245.0,36962752.0,1
1789486942.5391707,music,352,33,41331048.0,5404019.0,1671231.75,2009925.5,248130432.0,7514859.5,8796761.0,12643453.0,32549980.0,13939728.0,38060776.0,241095504.0,802447744.0,140710672.0,135329728.0,41929712.0,1
1789486942.6576676,music,352,30,900960.875,4747591.0,4817004.0,532027.5,0.0,291437.0625,3851948.5,8035219.0,215968512.0,19351524.0,125719816.0,93342856.0,460250784.0,7979083.0,9433340.0,4827450.0,1
1789486942.7024686,music,337,24,5576673.0,0.0,1040140.75,0.0,0.0,60507.828125,5273491.0,4051195.75,59025472.0,22981860.0,9499729.0,171005776.0,1103097088.0,19333212.0,1133009.75,11001682.0,1
1789486942.7663805,music,343,29,68556424.0,0.0,14084707.0,33233808.0,92799360.0,5407916.0,0.0,0.0,225763760.0,21659104.0,63598568.0,93286592.0,2511447552.0,317258560.0,42133720.0,78079040.0,1
1789486942.829647,music,345,30,0.0,0.0,1419001.0,15074016.0,130591584.0,3369523.0,12720466.0,7303662.0,46878664.0,43700308.0,55225640.0,118988264.0,2364356864.0,286110944.0,31578782.0,75324552.0,1
1789486942.8937047,music,344,20,0.0,0.0,0.0,0.0,12817083.0,0.0,21963108.0,32831518.0,31195748.0,23533342.0,52208192.0,191498624.0,370949344.0,261141072.0,0.0,20272372.0,1
1789486942.9566483,music,345,30,0.0,21578996.0,0.0,17661568.0,112753360.0,11218233.0,3591050.25,11766730.0,107025176.0,106965296.0,138684048.0,303328576.0,805233472.0,239565392.0,12488162.0,16313736.0,1
1789486943.0206034,music,346,27,0.0,0.0,25725242.0,73164600.0,179886752.0,19751272.0,11367959.0,0.0,0.0,78021192.0,66846888.0,228498800.0,1223520768.0,228624496.0,2686418.75,13816484.0,1
1789486943.0837626,music,346,34,23891894.0,43807220.0,22166040.0,52515984.0,139538448.0,37323752.0,11715168.0,85020160.0,370869248.0,89803904.0,18067158.0,52961528.0,654529536.0,44445952.0,28647004.0,3680818.25,1
1789486943.129038,music,346,33,73253304.0,29665986.0,5308689.5,1399142.375,238766976.0,73476.328125,6363163.0,14147976.0,569220544.0,61460716.0,3939174.0,69115312.0,338830976.0,5630438.5,7269068.0,8218146.0,1
1789486943.1782174,music,346,31,10244847.0,13940568.0,7744026.5,8027696.0,539257792.0,1707367.625,2066386.125,16253813.0,362928896.0,51461024.0,7527984.0,76925200.0,1002509568.0,1291944.875,1886135.375,2410708.25,1
1789486943.2274454,music,351,28,42009968.0,4500500.5,32825022.0,13804868.0,330065248.0,171933504.0,0.0,18160192.0,34066276.0,12482956.0,81135824.0,203234816.0,204869264.0,124280816.0,1146488320.0,54346332.0,1
1789486943.2918298,music,355,25,29970048.0,8226816.0,8429649.0,13688244.0,98237296.0,67963072.0,18353460.0,8359500.0,122742936.0,84319792.0,11661015.0,0.0,86814480.0,165857392.0,1419337088.0,17438316.0,1
1789486943.356093,music,356,30,44536128.0,19653490.0,33465144.0,21670194.0,90506816.0,48671104.0,1926852.5,1675894.25,39264604.0,198052288.0,71632504.0,7328265.0,0.0,20717356.0,523856640.0,14092592.0,1
1789486943.4213703,music,356,30,38244864.0,6944181.0,12303264.0,12003761.0,81675616.0,5125199.0,72416312.0,9609607.0,32407934.0,69016032.0,22547690.0,6897270.0,61647412.0,29915744.0,281562048.0,30420724.0,1
1789486943.4673738,music,356,32,56097916.0,6991100.5,33177756.0,25108164.0,105969056.0,0.0,78601728.0,5517383.0,12903214.0,162177760.0,46118540.0,13757099.0,357399040.0,26415634.0,109549960.0,9254396.0,1
1789486943.5173888,music,358,28,65745048.0,20846102.0,33081756.0,34944536.0,82746472.0,0.0,25451766.0,6137256.0,61838544.0,346321216.0,134489296.0,17494344.0,0.0,80188904.0,487249856.0,35701756.0,1
1789486943.5824356,music,351,33,429257344.0,127668544.0,17871852.0,7007187.0,52330680.0,21672258.0,27263424.0,36794200.0,129033608.0,155783616.0,87890296.0,43063072.0,38027936.0,213041168.0,1428601088.0,51897644.0,1
1789486943.6475217,music,358,25,179873232.0,22221600.0,7780272.0,14769236.0,89448728.0,51527416.0,20415816.0,12891924.0,31209752.0,275289568.0,0.0,0.0,118188400.0,264544304.0,1333751552.0,56105420.0,1
1789486943.7127411,music,354,32,261086304.0,30575666.0,13311219.0,6685095.5,11714498.0,23155528.0,23957328.0,15344628.0,28880188.0,428594624.0,146922864.0,31650620.0,44706300.0,186595520.0,515049440.0,55943888.0,1
1789486943.7778702,music,6,23,0.0,31741042.0,38998700.0,11134537.0,65055404.0,31394486.0,0.0,7242680.0,1712047.0,58102120.0,66074936.0,19129098.0,0.0,0.0,1034601216.0,55599884.0,1
1789486943.8432655,music,359,19,384262400.0,33354520.0,0.0,7839205.0,102392744.0,230149232.0,0.0,0.0,0.0,487673408.0,66814304.0,74796952.0,76966376.0,0.0,178225552.0,11571788.0,1
1789486943.9080157,music,354,25,0.0,0.0,24351642.0,17049438.0,30160972.0,67771632.0,0.0,0.0,8505791.0,35403504.0,24181426.0,122423408.0,538607040.0,193238000.0,416948416.0,295151840.0,1
1789486943.9875789,music,352,30,115411288.0,0.0,47152684.0,46451684.0,36653256.0,15363702.0,25221196.0,22941580.0,48835840.0,80362072.0,3286272.25,36855356.0,337678560.0,43872160.0,581555072.0,39082008.0,1
1789486944.0523381,music,346,28,20071254.0,5615543.0,0.0,0.0,232558880.0,16059842.0,21420752.0,28080354.0,136782560.0,20474476.0,0.0,42628984.0,470870816.0,36259416.0,197426624.0,5751894.0,1
1789486944.1161516,music,354,36,59889264.0,11180004.0,12117411.0,13919867.0,344500992.0,75186672.0,34562388.0,10420363.0,66571904.0,79498912.0,65438836.0,50728728.0,628908416.0,193810000.0,1897255808.0,54368036.0,1
1789486944.180464,music,346,26,65384488.0,16951228.0,72793224.0,51211440.0,293675392.0,4929800.5,2617969.5,18377750.0,170432176.0,10950927.0,0.0,59138588.0,808515136.0,8185220.0,0.0,2719295.0,1
1789486944.2445571,music,346,27,55807044.0,13809633.0,12659707.0,12858026.0,448946560.0,0.0,16913132.0,10091937.0,141555328.0,195837296.0,102160640.0,60348552.0,994843392.0,11067263.0,0.0,0.0,1
1789486944.2895954,music,345,23,64339664.0,1824204.5,0.0,5531999.0,464686976.0,0.0,5766642.0,31286470.0,0.0,0.0,3890997.0,103857032.0,1985861504.0,101266240.0,90961712.0,22466640.0,1
1789486944.354076,music,345,28,101584000.0,7661949.0,30312588.0,75727472.0,142474784.0,4618736.0,0.0,14349461.0,226971392.0,0.0,95361160.0,115119600.0,172952608.0,73384280.0,27429860.0,17713988.0,1
1789486944.402992,music,344,34,82742624.0,10009130.0,17588776.0,18416040.0,209734576.0,4282092.0,9156116.0,8868148.0,219242544.0,212951264.0,77891024.0,32570548.0,211868592.0,19489230.0,22075806.0,8772746.0,1
1789486944.467489,music,349,28,49477552.0,8868234.0,10218184.0,9620893.0,250909456.0,2758986.75,1810056.5,0.0,50057600.0,337183264.0,131066176.0,28227160.0,1003906176.0,75733352.0,142716320.0,20022260.0,1
1789486944.53125,music,349,31,15233564.0,6200554.0,6329133.0,22630444.0,250186848.0,13570812.0,16676023.0,17496348.0,553320064.0,199322208.0,143551488.0,70814264.0,1306148096.0,48366432.0,0.0,6080927.5,1
1789486944.5769975,music,349,31,0.0,33951040.0,58058336.0,32752172.0,39930956.0,116058064.0,234102000.0,11045027.0,77131024.0,65018624.0,80495040.0,146406960.0,415666208.0,43868720.0,214653616.0,67613320.0,1
1789486944.6839137,music,357,32,86495088.0,25473836.0,39578808.0,40765712.0,263694944.0,16422146.0,34680216.0,20533592.0,173790272.0,72336896.0,19523332.0,46569120.0,88011384.0,23596174.0,87417224.0,11556833.0,1
1789486944.7478838,music,343,32,28682930.0,10362788.0,13879258.0,14884272.0,227065456.0,6622551.0,32897164.0,43612248.0,600823872.0,120560976.0,19701090.0,172679968.0,2183692800.0,45980880.0,21674076.0,28099904.0,1
1789486944.8120418,music,343,28,37385916.0,16697399.0,6946327.0,11788289.0,505611328.0,3651894.75,9938998.0,0.0,0.0,83777296.0,42185892.0,145863424.0,623506880.0,5521550.5,0.0,26536660.0,1
1789486944.8572032,music,341,29,105302960.0,10330118.0,16764420.0,12493612.0,168746880.0,2245606.5,4951211.5,8659073.0,0.0,8219918.0,0.0,57074956.0,994255680.0,7306904.5,24690736.0,16097406.0,1
1789486944.92111,music,353,32,220292224.0,61138704.0,83358920.0,95853600.0,248126688.0,75692312.0,20516942.0,131622840.0,743363776.0,254668336.0,16877952.0,16000309.0,208914528.0,163000400.0,18103472.0,34457912.0,1
1789486944.9851837,music,351,23,0.0,0.0,15229111.0,20395188.0,192342144.0,16712377.0,0.0,72906360.0,225977984.0,107727104.0,31202904.0,0.0,1032248128.0,162566720.0,56726652.0,143912464.0,1
1789486945.0495257,music,354,17,270766752.0,5596306.0,7399267.0,19796492.0,324722880.0,0.0,0.0,0.0,0.0,0.0,25271836.0,0.0,367764480.0,118803504.0,0.0,63665708.0,1
1789486945.1134722,music,346,30,221420800.0,11209200.0,42707224.0,49585408.0,129340736.0,16759286.0,0.0,27261324.0,691451520.0,81081168.0,0.0,69180128.0,441928576.0,122600040.0,13759502.0,111711256.0,1
1789486945.178296,music,348,25,77311216.0,0.0,4336037.0,0.0,301186944.0,0.0,1068608.75,30234458.0,293700928.0,9627516.0,16234375.0,79278280.0,401729760.0,120088048.0,48248924.0,88832624.0,1
1789486945.241966,music,350,25,47264380.0,0.0,0.0,71497872.0,112072192.0,2909370.75,2869170.0,25359972.0,24610992.0,0.0,1413421824.0,403231424.0,490614176.0,28495792.0,12152578.0,4942669.5,1
1789486945.3067064,music,352,26,38528756.0,1936211.0,4829585.0,50681048.0,30794212.0,3199416.25,0.0,15199644.0,26458238.0,59179912.0,2227304704.0,602391744.0,36673184.0,27008176.0,26109968.0,16037498.0,1
1789486945.3709376,music,352,31,51746000.0,9055058.0,14811193.0,125297552.0,31025788.0,1455558.375,1257690.125,17312646.0,45185316.0,57460248.0,1945323264.0,542077376.0,50869496.0,131472640.0,299882048.0,11845868.0,1
1789486945.4195812,music,353,30,47283552.0,7908010.0,16352078.0,129328480.0,24962954.0,0.0,0.0,43529508.0,14315964.0,150920704.0,1433479168.0,699967040.0,89606032.0,269695008.0,207562944.0,17014596.0,1
1789486945.4835405,music,352,30,79283432.0,0.0,21646972.0,212470672.0,12922407.0,0.0,2283922.5,24359240.0,76975360.0,48894088.0,1573176832.0,169232768.0,37788824.0,92464368.0,226843376.0,23865104.0,1
1789486945.5473127,music,352,30,95709752.0,13502072.0,16578083.0,161077552.0,25307100.0,3578554.5,24506520.0,0.0,39160552.0,62395512.0,1092449280.0,754514560.0,35832800.0,72714216.0,129738696.0,14446532.0,1
1789486945.592994,music,350,23,0.0,0.0,2322297.25,51287000.0,20352510.0,0.0,22074024.0,24324392.0,41109624.0,41392504.0,40028804.0,25485396.0,173193632.0,27335570.0,45064024.0,4386668.5,1
1789486945.657732,music,349,29,47255396.0,6507676.0,21544228.0,259049984.0,33116068.0,21156462.0,52322180.0,52227164.0,70162672.0,78148160.0,621181504.0,197913456.0,0.0,82911752.0,0.0,6138702.5,1
1789486945.7224712,music,347,29,92393072.0,7563239.0,6534992.0,438100640.0,59003272.0,3407274.5,16947608.0,12722886.0,30153416.0,97603344.0,138937472.0,49021568.0,77001104.0,38257656.0,38564152.0,1832426.0,1
1789486945.7878954,music,349,31,54604624.0,11805633.0,11208848.0,524272704.0,26499478.0,6311808.0,3920354.5,0.0,30411958.0,36562148.0,460931328.0,55190264.0,83652192.0,90964256.0,210555200.0,3076054.0,1
1789486945.852791,music,338,32,50093104.0,7483531.0,32574704.0,777988736.0,29348144.0,5089466.5,95765952.0,44418444.0,101111504.0,12821413.0,401074496.0,113550616.0,9400862.0,60687048.0,0.0,1491294.625,1
1789486945.9182217,music,344,20,73638472.0,10463367.0,0.0,133485128.0,143196848.0,20239720.0,0.0,53620616.0,7203670.5,0.0,86153312.0,0.0,56081016.0,451864256.0,33247280.0,99463408.0,1
1789486945.9921901,music,339,30,4776811.5,4498229.5,55018828.0,846181312.0,174852096.0,1750590.0,112227096.0,25390884.0,11854995.0,77280832.0,1014458368.0,287381312.0,20990984.0,250481968.0,375567488.0,21268632.0,1
1789486946.055735,music,338,34,68014784.0,15788642.0,18767036.0,428351392.0,83013272.0,3780418.75,13532163.0,59336240.0,61147024.0,92645792.0,109112072.0,36904272.0,25569564.0,85291144.0,228883280.0,84162152.0,1
1789486946.1187818,music,336,30,77855416.0,2081688.5,98774432.0,334320448.0,170744432.0,14023680.0,82901856.0,116568064.0,8719551.0,9218365.0,33951000.0,108650440.0,5036958.0,49567084.0,346787360.0,39012800.0,1
1789486946.1829624,music,337,29,94624008.0,0.0,19842870.0,223461440.0,11344666.0,2282544.0,109096928.0,68583112.0,27615842.0,17461928.0,110410096.0,206950768.0,92458512.0,207728144.0,243416832.0,62442704.0,1
1789486946.246928,music,338,31,150136736.0,5224852.0,44282848.0,25336582.0,73188032.0,22591322.0,11727076.0,34440444.0,54902216.0,13252976.0,218709824.0,257672496.0,29740350.0,263651184.0,187906224.0,52479580.0,1
1789486946.3102026,music,335,23,44683104.0,19838876.0,88453144.0,190348368.0,6611680.0,0.0,100935800.0,37308816.0,14549502.0,33611000.0,0.0,67101560.0,19024456.0,26816796.0,201014064.0,82085712.0,1
1789486946.3735652,music,326,31,93785368.0,45058400.0,40791416.0,99374128.0,35753400.0,5126506.0,122404504.0,17835764.0,11194943.0,41423340.0,52532568.0,139120416.0,104989232.0,103671840.0,78410976.0,3219507.0,1
1789486946.4367008,music,329,35,54968932.0,3554453.0,6778301.0,111048096.0,27719780.0,15977257.0,94112232.0,23820334.0,11950662.0,111914528.0,266008336.0,71184784.0,16358001.0,94236744.0,341146720.0,46866044.0,1
1789486946.4994986,music,330,32,34076104.0,18371512.0,18665720.0,107429456.0,53157120.0,6068896.0,36773368.0,56089128.0,42495936.0,66520520.0,408550496.0,98305376.0,35034316.0,102637032.0,291081568.0,12725844.0,1
1789486946.5625944,music,330,31,19105132.0,0.0,17408914.0,59668112.0,85265280.0,18057920.0,216230240.0,95984168.0,32869806.0,13480042.0,310256576.0,54515880.0,57156780.0,79140992.0,146142752.0,21996670.0,1
1789486946.7105384,music,327,34,110834344.0,11507246.0,68619328.0,0.0,15411307.0,100867232.0,37787628.0,17822938.0,218886000.0,52906264.0,207360672.0,207912224.0,15429964.0,34651000.0,285631744.0,6621037.0,1
1789486946.7697353,music,326,31,169216560.0,3929677.0,4337132.0,7910730.0,25783100.0,134217696.0,392859.375,49846424.0,549951104.0,38938760.0,68897600.0,175441648.0,11938686.0,66250688.0,270569696.0,3018516.5,1
1789486946.8327856,music,326,31,148093632.0,13923088.0,224916240.0,62193744.0,8815922.0,68947248.0,4729727.5,5653785.0,155014608.0,14759614.0,87217632.0,143675696.0,0.0,1754692.375,134529776.0,3041345.5,1
1789486946.8824255,music,326,24,262063040.0,119131088.0,119237472.0,46974316.0,26750722.0,43282424.0,0.0,1716123.0,172790272.0,0.0,26038768.0,72562056.0,26718168.0,67553248.0,113688768.0,35770304.0,1
1789486946.9286964,music,326,31,117172064.0,14446109.0,68143712.0,0.0,13162285.0,66825484.0,12728624.0,11466906.0,235269408.0,10756906.0,27512484.0,36978400.0,5068349.5,53369436.0,170975872.0,13393046.0,1
1789486946.9788337,music,318,32,18651772.0,1668891.375,8862161.0,8209556.0,13741554.0,70478192.0,20948294.0,22975246.0,502196672.0,75437152.0,30244032.0,109799312.0,2574901.75,27562440.0,116045968.0,1951868.25,1
1789486947.0412862,music,318,28,90807184.0,21945926.0,166541792.0,25155908.0,2386633.25,0.0,7208211.0,20108142.0,254213360.0,36041632.0,34701328.0,99594368.0,12327354.0,15586964.0,0.0,426858.6875,1
1789486947.0903242,music,295,26,21664964.0,11656610.0,0.0,18554200.0,17842124.0,68903344.0,249932.78125,8364697.5,249827040.0,38918560.0,2989344.5,623793216.0,31432032.0,3924974.75,54664760.0,2475694.75,1
1789486947.1523929,music,296,27,99115136.0,16093619.0,478131136.0,13175695.0,1641943.25,0.0,5417412.0,2348046.25,0.0,27791096.0,13344681.0,16512528.0,28230750.0,36648004.0,403385344.0,7986528.5,1
1789486947.2126918,music,314,24,0.0,1096765.75,338529856.0,41041536.0,2324343.5,0.0,0.0,18075456.0,133799312.0,19805380.0,75595720.0,55501120.0,11172415.0,22003464.0,180078208.0,3773400.0,1
1789486947.2755873,music,314,13,0.0,5111844.0,367294688.0,0.0,1976711.0,0.0,9214422.0,0.0,150977072.0,9560168.0,22890188.0,108215664.0,0.0,0.0,0.0,3220220.25,1
1789486947.324901,music,296,24,24344212.0,78607664.0,149131792.0,91797376.0,25997900.0,11847654.0,0.0,26355918.0,142601024.0,7099393.0,57182644.0,123889560.0,0.0,88378432.0,193457072.0,10235204.0,1
1789486947.3868017,music,293,17,0.0,46388816.0,271944544.0,0.0,2668028.5,11594028.0,0.0,0.0,41686948.0,33849744.0,0.0,156189136.0,0.0,17192968.0,330435136.0,37595928.0,1
1789486947.4501324,music,290,25,28493526.0,0.0,245226592.0,0.0,18009034.0,0.0,9188985.0,41429544.0,46260616.0,174868608.0,10407180.0,37056904.0,30144622.0,244508080.0,12687148.0,0.0,1
1789486947.5150046,music,294,23,0.0,0.0,274493696.0,97732976.0,21663676.0,11956108.0,15921400.0,91374664.0,63724636.0,44513680.0,15213436.0,39400348.0,3721194.75,33130608.0,503210816.0,1785668.125,1
1789486947.5792844,music,294,10,0.0,20532792.0,393369152.0,18554882.0,5392055.5,0.0,0.0,0.0,2294870.5,0.0,0.0,82500840.0,0.0,24236992.0,0.0,87338736.0,1
1789486947.6260557,music,278,21,0.0,4315569.0,97816992.0,20740840.0,4671709.5,15083757.0,0.0,6434611.5,0.0,14068353.0,6097449.0,153505936.0,28535226.0,86707400.0,238714128.0,51172112.0,1
1789486947.6895666,music,274,20,1665469.25,0.0,0.0,0.0,17534704.0,22330758.0,1229565.75,3151261.5,156738032.0,19078072.0,4113806.75,83696512.0,37349356.0,182958608.0,276532480.0,0.0,1
1789486947.7540781,music,274,10,2469449.25,0.0,0.0,0.0,3330492.5,0.0,1291413.75,1113082.125,25961316.0,8567420.0,8095037.0,51270668.0,47890520.0,0.0,0.0,0.0,1
1789486947.8036847,music,283,23,6138600.5,0.0,156536256.0,671338.0625,5073586.0,24104420.0,800367.0625,2705556.0,132045472.0,11046705.0,0.0,0.0,37157440.0,14446869.0,317916032.0,26461720.0,1
1789486947.8672605,music,273,29,24426888.0,0.0,163989440.0,97489888.0,25591354.0,36819488.0,893233.125,2076855.0,122025408.0,27018982.0,10284935.0,380278272.0,44392996.0,28839526.0,0.0,1624337.25,1
1789486947.9320426,music,270,19,21177312.0,0.0,145023136.0,0.0,2448769.0,13049796.0,0.0,6913318.0,0.0,9910271.0,0.0,20171628.0,0.0,367482464.0,879344896.0,18093986.0,1
1789486947.9957633,music,269,23,0.0,0.0,0.0,16637836.0,6863701.5,32673208.0,727159.9375,9593423.0,252814400.0,10033100.0,76101336.0,20636928.0,2025629.875,68163240.0,255916800.0,2879814.0,1
1789486948.061668,music,270,29,39616540.0,9241104.0,251249216.0,9410386.0,51088016.0,0.0,189740704.0,64198396.0,126456432.0,103684824.0,0.0,39876388.0,61091836.0,708461632.0,463110944.0,31374308.0,1
1789486948.126459,music,269,22,0.0,0.0,151334592.0,170014080.0,17928448.0,83203896.0,0.0,0.0,236557504.0,13772999.0,0.0,74224608.0,6477259.0,152579680.0,357376192.0,23127526.0,1
1789486948.191242,music,268,21,32510594.0,2126829.75,1514727.625,16286130.0,0.0,0.0,395514.75,2740826.75,0.0,10606760.0,54507664.0,0.0,3494290.0,58138956.0,104604936.0,4758965.0,1
1789486948.2559483,music,269,18,0.0,0.0,61842480.0,48726744.0,6585106.5,0.0,2476566.5,2697851.75,0.0,11423692.0,15275448.0,51814532.0,8138716.0,0.0,23271808.0,0.0,1
1789486948.320038,music,267,22,0.0,0.0,213218064.0,0.0,4416687.0,39727360.0,0.0,8760014.0,174719648.0,35434412.0,9666390.0,57273756.0,2929117.0,0.0,243894784.0,50029196.0,1
1789486948.3841858,music,267,18,55608732.0,0.0,9957627.0,19889562.0,6428090.5,24480488.0,0.0,1607698.625,60795536.0,0.0,3987142.0,49966812.0,0.0,8195539.5,0.0,5797647.5,1
1789486948.4348557,music,267,19,34004952.0,6544108.5,296801024.0,0.0,12526272.0,28880828.0,0.0,0.0,19248368.0,28669112.0,4431047.5,19005984.0,0.0,0.0,0.0,2004390.125,1
1789486948.484309,music,276,18,67973600.0,0.0,25276780.0,20233070.0,1385966.125,0.0,0.0,7279237.5,323751680.0,9674528.0,13540444.0,0.0,9673138.0,18500328.0,100012304.0,15010277.0,1
1789486948.550009,music,262,18,9120202.0,0.0,92219872.0,231862176.0,68080016.0,0.0,57090280.0,0.0,0.0,18625756.0,39784076.0,17359672.0,0.0,226658944.0,73673976.0,42175776.0,1
1789486948.6147902,music,262,19,5438660.5,457730.8125,60104132.0,77327296.0,8294791.0,21254502.0,2013163.875,0.0,48869728.0,8662751.0,44223076.0,18715862.0,7373021.0,0.0,121357384.0,0.0,1
1789486948.6613903,music,271,17,0.0,0.0,231968336.0,71570176.0,3910921.5,12900926.0,0.0,0.0,44072360.0,13987892.0,11759582.0,0.0,0.0,295397760.0,677683008.0,531041.75,1
1789486948.7267258,music,273,12,0.0,6414455.0,0.0,58796008.0,1392453.375,0.0,1777494.0,1498072.25,14242844.0,0.0,0.0,6804846.0,844336.5,2185279.75,15134038.0,0.0,1
1789486948.792649,music,284,18,0.0,7018364.0,171403792.0,146204064.0,16275318.0,0.0,221721.609375,5765534.5,29789544.0,1860381.75,0.0,12299206.0,7245626.0,2392362.75,0.0,2363445.0,1
1789486948.8582838,music,276,18,0.0,0.0,324734720.0,185914576.0,20097676.0,0.0,0.0,0.0,58929016.0,0.0,0.0,55231744.0,212901.1875,8833697.0,63050896.0,5297441.5,1
1789486948.9246268,music,278,23,78923616.0,0.0,52873912.0,135321088.0,6152187.0,33512204.0,0.0,1827653.75,37435048.0,1113064.25,11623288.0,0.0,15564980.0,21897882.0,65833760.0,0.0,1
1789486948.9889112,music,278,20,16964414.0,2645310.75,0.0,15282668.0,1254871.5,0.0,2850786.25,2466524.0,83277312.0,4250871.0,0.0,3489579.0,16538264.0,0.0,24432506.0,5457026.0,1
1789486949.0357618,music,281,19,23543992.0,0.0,172534176.0,10151892.0,2370117.5,0.0,0.0,0.0,55197932.0,3899797.75,5420492.0,82194224.0,6841674.5,1614296.75,8956282.0,1887182.0,1
1789486949.1001763,music,258,17,0.0,0.0,113112480.0,15730543.0,0.0,23643844.0,17356044.0,25888534.0,0.0,4175318.5,41663524.0,0.0,16109804.0,9107275.0,0.0,3587496.0,1
1789486949.165248,music,266,14,12391079.0,9021390.0,0.0,0.0,0.0,0.0,1565643.375,9808944.0,74336408.0,13552522.0,39126244.0,0.0,0.0,50547688.0,71195904.0,12973906.0,1
1789486949.230066,music,264,14,0.0,23705922.0,0.0,0.0,0.0,0.0,11789694.0,19105856.0,170581648.0,18741002.0,0.0,0.0,16217618.0,16319435.0,6678837.5,5015602.0,1
1789486949.2944577,music,261,19,13649736.0,5856550.5,27924704.0,0.0,0.0,4684286.5,8544104.0,1479430.25,0.0,0.0,148849440.0,48709312.0,10781348.0,11126228.0,30508520.0,577836.3125,1
1789486949.3595982,music,261,18,0.0,35915392.0,3882188.0,1608564.0,1195261.125,0.0,26174302.0,9191836.0,45135208.0,5751085.0,0.0,15487707.0,14910512.0,0.0,1393548.25,5718469.0,1
1789486949.4089832,music,261,18,0.0,29715124.0,31672184.0,0.0,0.0,4946801.0,0.0,6810781.0,21078980.0,9203031.0,0.0,28596422.0,480302.875,9877922.0,6251153.5,2592410.5,1
1789486949.4536867,music,257,12,0.0,0.0,24390442.0,0.0,134797.59375,2003677.25,0.0,6142373.0,14409882.0,0.0,105553872.0,13460534.0,0.0,2701913.75,22009810.0,0.0,1
1789486949.5190482,music,274,16,16013950.0,0.0,0.0,0.0,1441503.0,12342089.0,2981970.5,561821.0,0.0,2506892.0,66468536.0,23112312.0,0.0,2603006.75,3337360.5,2003202.75,1
1789486949.5836139,music,264,16,12212054.0,10201859.0,0.0,0.0,5213492.0,3092629.25,0.0,3046997.25,59944772.0,1521715.75,0.0,29043492.0,0.0,0.0,730790.8125,7480596.5,1
1789486949.649267,music,272,16,17950164.0,21290396.0,0.0,0.0,178855.234375,1793839.5,0.0,3679624.5,0.0,1285260.625,4009280.25,14561784.0,74060648.0,1363969.25,12274612.0,6773867.5,1
1789486949.714134,music,264,19,16820298.0,38412464.0,10940404.0,0.0,403081.46875,0.0,58880784.0,25236666.0,0.0,658479.625,18961376.0,6171567.0,81251960.0,48805820.0,7555476.0,2578218.75,1
1789486949.7790413,music,270,17,29019540.0,132185152.0,0.0,0.0,527569.875,1704120.875,3551162.25,0.0,5672851.5,0.0,0.0,4954211.0,0.0,49353672.0,2398093.75,1507348.0,1
1789486949.8442621,music,270,15,0.0,10120412.0,0.0,0.0,870313.875,1126571.75,1782409.625,19744298.0,4397973.5,835254.9375,9879059.0,1388288.75,0.0,4522538.5,3963859.75,4092437.5,1
1789486949.8939345,music,249,29,4585103.5,76931824.0,26328224.0,62393168.0,44604192.0,100061400.0,136851744.0,34092964.0,0.0,41531356.0,23246396.0,86738928.0,127518832.0,425286336.0,52665336.0,27090590.0,1
1789486949.95806,music,253,15,0.0,17423832.0,0.0,0.0,4967769.5,28183406.0,154345648.0,66636364.0,1163452.625,215861.65625,0.0,0.0,0.0,0.0,12697886.0,8869611.0,1
1789486950.0233974,music,263,16,19929718.0,0.0,2141371.0,0.0,8871863.0,50541312.0,217559648.0,110051952.0,3554529.5,2050479.0,0.0,0.0,0.0,6203007.5,9179818.0,788390.625,1
1789486950.0884538,music,263,19,1590033.75,50501652.0,0.0,0.0,1717082.125,15458295.0,103648304.0,40929812.0,2802639.5,755499.375,17486584.0,7101604.5,0.0,0.0,4910733.5,5853102.0,1
1789486950.1400874,music,263,19,3012618.5,48605852.0,0.0,1477790.75,4745255.0,31744968.0,0.0,1155337.5,6969944.5,85236.203125,11940310.0,0.0,28950418.0,13724582.0,2538421.0,3649788.0,1
1789486950.1865892,music,259,20,3143376.5,0.0,0.0,333340.5,478868.6875,20071332.0,0.0,0.0,2350898.75,1052761.5,8391303.0,4940141.5,273010944.0,1557089.0,1784386.75,5193707.0,1
1789486950.2508528,music,236,12,4914027.0,0.0,0.0,0.0,423328.8125,0.0,0.0,0.0,1785666.75,0.0,12835993.0,4800105.5,1025621184.0,20166452.0,4874685.0,0.0,1
1789486950.3145487,music,256,22,1257500.0,8794300.0,0.0,1813788.625,2678152.25,6880715.5,1052593.25,396819.375,2476021.75,263474.53125,13154388.0,1740875.375,0.0,11697028.0,6420306.5,15030096.0,1
1789486950.3766682,music,235,9,0.0,0.0,0.0,3064087.5,0.0,0.0,81559712.0,37538784.0,1002010.25,0.0,0.0,11654040.0,296859392.0,0.0,0.0,0.0,1
1789486950.4404957,music,261,20,793117.8125,0.0,0.0,3353491.0,0.0,0.0,283777376.0,143844400.0,0.0,0.0,5933345.0,13972353.0,139355616.0,30854468.0,2939484.5,1211473.625,1
1789486950.5041347,music,261,14,7714529.0,0.0,93105528.0,0.0,0.0,425127.8125,880725.6875,46510680.0,0.0,212702336.0,0.0,7258302.0,0.0,0.0,1105787.0,4153548.0,1
1789486950.5533156,music,262,12,6703010.0,155334000.0,0.0,0.0,0.0,0.0,0.0,0.0,0.0,11637940.0,35294768.0,15596965.0,60078072.0,2478176.25,0.0,2848920.75,1
1789486950.618096,music,262,8,0.0,0.0,11632382.0,0.0,0.0,0.0,0.0,6640528.5,0.0,0.0,0.0,0.0,0.0,18884800.0,13477023.0,8193019.5,1
1789486950.6645517,music,259,11,1766862.0,5691030.0,0.0,0.0,0.0,0.0,532735.9375,0.0,8235285.5,4680878.0,3321195.25,0.0,0.0,0.0,1870820.75,659859.125,1
1789486950.728653,music,258,20,3615234.75,15071557.0,20595520.0,0.0,174722.703125,2700372.0,199750.203125,39261284.0,0.0,13399696.0,18112140.0,5968878.5,0.0,6008341.5,2011418.0,2537611.5,1
1789486950.7935698,music,259,20,1925105.625,38221412.0,5155246.5,0.0,35335.23828125,282241.5625,0.0,0.0,3615318.5,2351672.0,6461698.0,11881625.0,148029808.0,803111.875,283407.75,931401.75,1
1789486950.8694437,music,269,11,0.0,42312176.0,19033330.0,1050994.625,1300527.25,0.0,0.0,0.0,0.0,2695890.5,0.0,0.0,10151600.0,1331086.0,0.0,563844.0625,1
1789486950.934246,music,266,7,0.0,0.0,0.0,0.0,0.0,0.0,0.0,0.0,0.0,2636337.0,4993320.5,8464018.0,24369094.0,18913598.0,0.0,6478111.0,1
1789486951.0144384,music,259,12,36205116.0,15985980.0,0.0,0.0,331867.59375,1063271.5,35012552.0,11409323.0,0.0,946375.9375,0.0,0.0,0.0,0.0,0.0,13504075.0,1
1789486951.2034125,music,227,18,5142607.0,0.0,0.0,0.0,0.0,39595080.0,163486144.0,36452752.0,0.0,0.0,71036712.0,68319048.0,3909229.0,93001184.0,31228264.0,12057442.0,1
1789486951.2627227,music,229,12,44204844.0,0.0,0.0,0.0,5890455.0,58601592.0,0.0,0.0,2765783.25,7855397.0,0.0,14829172.0,0.0,0.0,15295563.0,0.0,1
1789486952.5334008,music,226,24,0.0,530880.875,0.0,0.0,78403064.0,23932816.0,159807776.0,0.0,26238052.0,33744924.0,17292826.0,43560736.0,57662380.0,246451936.0,0.0,9920642.0,1
1789486952.5902512,music,223,12,23055600.0,0.0,0.0,0.0,0.0,11196836.0,0.0,0.0,1040383.75,13092016.0,20011884.0,25204206.0,14914878.0,939680.8125,0.0,12209817.0,1
1789486953.0725389,music,247,18,0.0,1227353.0,0.0,0.0,4360351.0,445260.0625,0.0,0.0,0.0,11590018.0,0.0,945367.3125,41947656.0,7035247.0,1280955.5,6949462.0,1
1789486953.129867,music,240,11,0.0,0.0,0.0,0.0,262000.375,0.0,0.0,0.0,641473.6875,0.0,0.0,2904983.5,40469104.0,1607509.25,675359.875,2574882.5,1
1789486953.5144985,music,238,14,0.0,81477.921875,0.0,159496384.0,15725675.0,715012.25,0.0,0.0,0.0,0.0,5057148.5,5680434.0,4610101.5,0.0,0.0,7836220.0,1
1789486953.572742,music,232,7,146345920.0,0.0,0.0,0.0,2838940.5,0.0,1739447.125,0.0,0.0,2667536.5,9309117.0,5142617.0,0.0,0.0,0.0,0.0,1
1789486953.737092,music,247,20,0.0,831212.8125,364230.375,35010984.0,32185078.0,0.0,0.0,0.0,0.0,12026406.0,14699688.0,7445385.5,101079232.0,26724294.0,51853324.0,0.0,1
1789486953.8003266,music,243,15,0.0,0.0,0.0,0.0,55843352.0,218497.5,0.0,0.0,0.0,0.0,0.0,2753568.75,42395348.0,4649699.5,15344323.0,2520738.75,1
1789486953.8645718,music,244,17,0.0,0.0,181147264.0,20741270.0,61214624.0,17713310.0,7608339.0,9884260.0,20112322.0,45044064.0,5062352.0,10062842.0,0.0,0.0,5097770.0,0.0,1
1789486954.7488976,music,203,9,0.0,0.0,0.0,0.0,281528.625,543643.625,0.0,0.0,5399794.5,24768102.0,10530913.0,1844111.5,882415616.0,16477682.0,0.0,0.0,1
1789486954.8081605,music,199,13,25450018.0,0.0,0.0,0.0,576157.0,2153672.0,0.0,0.0,1266363.75,4111927.0,5745819.5,0.0,899295744.0,18261556.0,0.0,0.0,1
1789486954.8718886,music,200,11,29328874.0,0.0,0.0,0.0,0.0,267955.03125,0.0,1392785.375,0.0,0.0,9793585.0,0.0,168492448.0,25005024.0,6541184.0,703959.8125,1
1789486954.9360127,music,212,14,9908093.0,2587193.75,0.0,266369.84375,0.0,4395460.5,1231402.5,0.0,0.0,0.0,3660889.25,691597.3125,278238080.0,18469106.0,22534548.0,1947838.25,1
1789486955.1923115,music,186,11,0.0,0.0,0.0,0.0,0.0,0.0,949938.25,0.0,0.0,13413198.0,23921356.0,1303081.5,234383360.0,31960944.0,0.0,1535507.375,1
1789486955.2514062,music,207,12,290149.46875,0.0,451838.6875,0.0,6713903.5,0.0,147397664.0,0.0,0.0,9544344.0,25584946.0,60935912.0,0.0,0.0,0.0,0.0,1
1789486955.3842397,music,215,12,0.0,0.0,1192471.5,1982510.875,0.0,0.0,4465828.5,0.0,0.0,38599112.0,0.0,17373428.0,293937536.0,5870536.5,0.0,67661200.0,1
1789486955.4469945,music,193,13,456389.875,42593464.0,14764844.0,2475085.0,541212.125,981638.6875,0.0,0.0,0.0,18176722.0,6123008.0,2191478.0,8876980.0,9461966.0,0.0,0.0,1
1789486955.5103714,music,189,16,4159958.75,36665152.0,11043128.0,5114195.0,4595083.5,279590.1875,0.0,0.0,2636412.0,0.0,0.0,2272210.0,25370792.0,0.0,0.0,53089196.0,1
1789486955.5741742,music,194,16,5716256.5,0.0,8961533.0,0.0,5254896.0,0.0,0.0,4919336.0,0.0,4656313.0,260620.9375,162875376.0,888379264.0,36228144.0,28479852.0,54034584.0,1
1789486955.63852,music,194,7,10610889.0,0.0,0.0,0.0,0.0,0.0,1667902.75,0.0,0.0,8922501.0,2285129.5,3002497.0,0.0,0.0,0.0,0.0,1
1789486955.6838906,music,201,9,12880672.0,0.0,0.0,0.0,0.0,0.0,0.0,0.0,1608434.5,14672409.0,10985933.0,1614909.25,123234176.0,0.0,0.0,2597435.5,1
1789486955.7946293,music,196,10,0.0,8112946.5,0.0,0.0,0.0,0.0,29902840.0,30648036.0,0.0,0.0,10144276.0,3634281.25,0.0,16712240.0,21211852.0,0.0,1
1789486955.854757,music,198,19,3243829.5,7387789.5,0.0,0.0,501059.5,280209.96875,25631472.0,11438686.0,0.0,116499648.0,141563872.0,51201648.0,0.0,7998404.5,0.0,3478629.25,1
1789486955.9194927,music,210,10,7256802.0,0.0,0.0,0.0,0.0,0.0,24465872.0,0.0,2185279.25,0.0,0.0,14741330.0,361755552.0,18409908.0,0.0,0.0,1
1789486956.3019698,music,214,13,0.0,0.0,1860254.5,0.0,1507721.125,641971.875,0.0,0.0,6706721.0,23456708.0,9332336.0,51229164.0,157363840.0,14161925.0,0.0,0.0,1
1789486956.39562,music,201,16,3131068.0,0.0,870129.0625,0.0,798135.375,279389440.0,210437792.0,10103637.0,0.0,1399430.75,193501200.0,36594604.0,0.0,330616.78125,0.0,0.0,1
1789486956.5220191,music,185,10,41405668.0,0.0,0.0,0.0,0.0,0.0,10949206.0,6666859.0,0.0,28508356.0,0.0,0.0,3757580.0,7152073.5,23694544.0,0.0,1
1789486956.681565,music,207,8,0.0,7731076.5,0.0,0.0,0.0,38777476.0,30073082.0,7247688.0,0.0,0.0,0.0,12024708.0,0.0,0.0,16316863.0,0.0,1
1789486956.7409182,music,181,16,11967231.0,3768203.5,0.0,0.0,25504336.0,14659946.0,12203671.0,968164.125,0.0,45796012.0,14370127.0,0.0,25021494.0,1211983.125,1737171.75,0.0,1
1789486956.9972441,music,182,18,7540909.0,0.0,0.0,0.0,12916820.0,12466290.0,4918001.0,5252228.0,0.0,49053132.0,67520464.0,1507202.0,5365384.0,6566459.5,13104674.0,0.0,1
1789486957.0577505,music,221,7,0.0,0.0,0.0,0.0,0.0,0.0,28275050.0,0.0,0.0,0.0,0.0,18086632.0,74431344.0,1851604.5,0.0,0.0,1
1789486957.12131,music,199,16,18660698.0,0.0,0.0,0.0,15011246.0,0.0,17222610.0,6700034.0,0.0,0.0,20902910.0,6251028.0,7484936.0,11014528.0,0.0,2547809.5,1
1789486957.5360324,music,191,17,82689872.0,13913817.0,0.0,0.0,8103164.0,59501340.0,2355467.0,341584.375,682276.75,266703.1875,0.0,1105982.125,0.0,1542976.625,5004081.5,0.0,1
1789486957.8528051,music,209,6,0.0,0.0,0.0,0.0,0.0,0.0,0.0,0.0,0.0,0.0,0.0,38620552.0,61313352.0,522428.21875,10581892.0,0.0,1
1789486957.915617,music,181,8,0.0,644114.875,0.0,0.0,0.0,0.0,0.0,0.0,0.0,0.0,34767924.0,26374814.0,24584418.0,49411424.0,18471824.0,0.0,1
1789486957.9805212,music,184,12,5134379.0,2825166.5,0.0,27783808.0,4194359.0,7443768.0,0.0,0.0,114799.53125,0.0,46575432.0,0.0,51074884.0,5626889.0,0.0,11353346.0,1
1789486958.1699681,music,190,8,0.0,0.0,0.0,0.0,13717424.0,0.0,543223.1875,0.0,704407.375,0.0,0.0,16334006.0,7377051.0,0.0,35072120.0,4625141.5,1
1789486958.235,music,191,9,0.0,0.0,0.0,0.0,6351529.0,0.0,96744112.0,0.0,1413724.625,0.0,0.0,28935980.0,40905304.0,0.0,30035262.0,0.0,1
1789486958.2991378,music,177,12,22234434.0,5212896.0,0.0,0.0,13811798.0,63009200.0,124012568.0,3890499.25,0.0,0.0,0.0,0.0,0.0,20409000.0,24158162.0,0.0,1
1789486958.4221778,music,174,17,0.0,0.0,0.0,0.0,13632708.0,96016928.0,32899266.0,3847789.25,2768081.5,2483478.25,1028820.75,3295160.25,0.0,4289880.5,19843804.0,3649856.0,1
1789486958.7072835,music,150,14,52746320.0,2320062.5,0.0,0.0,1501327.875,85810656.0,15748012.0,0.0,0.0,0.0,4730827.0,3773674.0,2560769.5,177787.65625,0.0,1472492.5,1
1789486958.7658067,music,150,15,36859396.0,301358.53125,0.0,0.0,17531720.0,148241952.0,6839243.0,8039982.0,36061424.0,0.0,0.0,2964876.25,1406638.375,770864.875,0.0,0.0,1
1789486958.814815,music,150,14,0.0,3894545.25,0.0,1668107.25,14213622.0,100169840.0,1589338.625,2816248.5,123008152.0,5960256.0,0.0,4896045.5,0.0,749858.3125,0.0,0.0,1
1789486958.8598814,music,148,19,3364593.0,1652056.0,0.0,1830006.625,48813764.0,146810240.0,23464472.0,2549796.0,134328480.0,0.0,264919.0,17247664.0,0.0,3898785.0,0.0,1255218.0,1
1789486958.922643,music,145,15,0.0,0.0,0.0,0.0,47579520.0,278076064.0,302230.25,4880712.0,53640840.0,507848640.0,164203168.0,27038526.0,0.0,0.0,185866320.0,1008994.5,1
1789486958.9849856,music,151,17,11640013.0,0.0,0.0,0.0,66445120.0,549165184.0,1542336.125,920255.0,52929120.0,0.0,0.0,41537260.0,70324080.0,1496186.875,512947168.0,4277697.0,1
1789486959.0476773,music,152,20,9322710.0,12091436.0,0.0,0.0,165841216.0,791343360.0,0.0,4983078.0,49677988.0,1711271168.0,600728768.0,5163096.0,69896912.0,24030590.0,0.0,4967198.0,1
1789486959.11055,music,151,11,92624384.0,15272318.0,0.0,0.0,6398452.0,30798886.0,3434873.5,0.0,17280154.0,0.0,0.0,10344675.0,0.0,0.0,0.0,1057795.5,1
1789486959.1739297,music,156,14,0.0,0.0,0.0,0.0,79265056.0,0.0,42056000.0,0.0,53034044.0,37451748.0,241513.84375,3357035.25,0.0,11520450.0,84753408.0,3360980.75,1
1789486959.2379093,music,167,16,42404592.0,502911.28125,0.0,0.0,426740032.0,54993304.0,0.0,0.0,10255971.0,62086188.0,470926336.0,172750784.0,7301786.5,64143760.0,57183772.0,9667762.0,1
1789486959.3030858,music,171,11,0.0,4343908.0,0.0,0.0,299150272.0,6552947.0,0.0,0.0,27669068.0,0.0,0.0,9057500.0,441820224.0,63169016.0,51898520.0,1872288.75,1
1789486959.3675318,music,173,9,36533184.0,5513155.5,0.0,12934006.0,90106488.0,70156008.0,0.0,659452.25,66761440.0,0.0,0.0,0.0,8410128.0,0.0,0.0,0.0,1
1789486959.5316987,music,185,17,0.0,0.0,0.0,7431881.5,44411640.0,89246272.0,21407136.0,0.0,0.0,215833344.0,89781040.0,98837832.0,2368909.5,64823960.0,138006112.0,0.0,1
1789486959.5921266,music,182,11,298211136.0,0.0,0.0,0.0,3729829.25,0.0,1242918.625,0.0,0.0,2083980.375,21448206.0,21903916.0,0.0,12918758.0,36647648.0,3987682.5,1
1789486959.6573966,music,218,11,0.0,0.0,1092212.0,1645748.625,25340504.0,0.0,0.0,0.0,0.0,0.0,433295.09375,48725120.0,138863856.0,5276501.0,0.0,0.0,1
1789486959.8467264,music,214,8,13147661.0,1819627.875,0.0,0.0,0.0,0.0,0.0,0.0,0.0,121530288.0,33489300.0,0.0,0.0,1856470.75,0.0,0.0,1
1789486959.9057214,music,219,16,45878912.0,0.0,0.0,37575984.0,88403648.0,16115092.0,11638785.0,6289575.0,0.0,0.0,70308344.0,0.0,65212712.0,476895168.0,127938456.0,0.0,1
1789486960.4799094,music,269,27,84514912.0,17703778.0,3518417.75,5205950.0,3696739.25,5688456.0,1550932.5,2328134.75,587739.5,5885394.5,46643728.0,34006540.0,0.0,14471359.0,13840899.0,23400630.0,1
1789486960.5505645,music,276,36,69597344.0,44609724.0,67102180.0,121979040.0,123766168.0,164699072.0,354958912.0,100385464.0,31004364.0,119698816.0,133826160.0,472709728.0,265868768.0,1227835904.0,338314560.0,166125616.0,1
1789486960.6143794,music,276,21,3358152.5,0.0,34108968.0,4135422.25,45154152.0,187057520.0,0.0,0.0,19713570.0,124647728.0,149662304.0,13357463.0,0.0,43915892.0,41227716.0,8223114.0,1
1789486960.6599576,music,284,26,14645453.0,9752975.0,33147350.0,38463404.0,61835428.0,210860704.0,0.0,0.0,28313930.0,410874496.0,200845312.0,9801507.0,15093587.0,28950208.0,28950484.0,5353011.0,1
1789486960.7249947,music,290,29,30146744.0,0.0,17684226.0,6933403.0,4047565.0,268611296.0,28363190.0,1073387.25,26739442.0,522434464.0,228073888.0,10018855.0,0.0,44316680.0,45147408.0,3811497.75,1
1789486961.1759298,music,286,25,0.0,14606950.0,28713448.0,4656642.0,9058512.0,32145884.0,26627792.0,16834472.0,18078498.0,104304784.0,493309568.0,207898656.0,0.0,26626534.0,8803042.0,13139602.0,1
1789486961.2352169,music,293,28,22862138.0,8404815.0,3552320.0,4664443.5,70591688.0,736068224.0,16183339.0,0.0,35300960.0,52207704.0,23274384.0,0.0,1541869.0,17825986.0,0.0,3262377.75,1
1789486961.398165,music,293,19,0.0,5504413.0,0.0,1228421.25,30471652.0,165833120.0,6407317.5,1841544.625,12928730.0,11100975.0,9000142.0,23712200.0,0.0,0.0,961897.625,9778980.0,1
1789486961.4428174,music,295,23,115678264.0,41490648.0,0.0,1391216.875,26725136.0,183756384.0,7509776.0,6105120.0,0.0,72245296.0,32505984.0,10119929.0,0.0,1720133.0,0.0,3178749.0,1
1789486961.5069463,music,300,34,78975968.0,13740222.0,14920464.0,6550721.0,45942032.0,91080720.0,28790168.0,31147678.0,36967540.0,23909012.0,11121172.0,46236452.0,12231218.0,7544162.5,4354475.0,4975582.0,1
1789486961.8731358,music,311,37,32321212.0,976867.25,159756896.0,178565872.0,123151192.0,131340264.0,540619072.0,87288448.0,126253816.0,208964800.0,215265088.0,360971520.0,190721360.0,1964627968.0,551884864.0,75437056.0,1
1789486961.9313483,music,313,24,110328520.0,6930339.0,80535968.0,64974732.0,2921094.5,0.0,0.0,6954520.0,45105824.0,47906836.0,5362691.5,13198696.0,17071194.0,146681568.0,20566472.0,36184904.0,1
1789486962.0046756,music,312,28,0.0,0.0,83324736.0,21853148.0,6867339.5,18532530.0,29868632.0,5621526.0,40161756.0,9595125.0,60432812.0,35152424.0,3247032.0,35831152.0,24668736.0,6333233.5,1
1789486962.0617778,music,327,19,1315989.25,3052358.25,258831728.0,8086386.0,0.0,0.0,3739243.5,7908882.5,22610496.0,9178708.0,0.0,9943108.0,6252797.0,32687634.0,0.0,0.0,1
1789486962.1249738,music,315,36,83794120.0,18394916.0,165223360.0,66623868.0,11317839.0,75763232.0,2750410.5,7782846.5,92957008.0,29683564.0,24986418.0,10871490.0,2509817.0,40952304.0,14195562.0,10910116.0,1
1789486962.1869378,music,305,32,25828666.0,24127334.0,104007680.0,75959016.0,1489195.5,19302096.0,1726492.25,728551.6875,3666826.75,22489920.0,45339848.0,9242798.0,3757212.25,27186660.0,11883110.0,6817320.0,1
1789486962.2850618,music,311,25,13308546.0,21556218.0,68699600.0,0.0,2052010.75,0.0,6737866.5,4202552.5,52177984.0,4132582.0,0.0,15608923.0,8577554.0,84417840.0,2221462.0,21080988.0,1
1789486962.343635,music,305,29,8474011.0,25578964.0,184066400.0,4578101.0,4806354.0,2800836.0,26818942.0,41094164.0,93783664.0,5122599.0,28128826.0,14383062.0,20009908.0,120453632.0,27923486.0,18490664.0,1
1789486962.4068358,music,303,25,54225712.0,15489493.0,34371548.0,38523020.0,2054877.125,10873860.0,6471771.0,4550381.0,0.0,0.0,0.0,395726.71875,16276434.0,130292328.0,15051346.0,25835112.0,1
1789486962.469019,music,301,30,1457363.0,173421.953125,61886440.0,5697680.0,1215535.625,11625384.0,7513814.0,6936444.0,37799864.0,4389179.5,126219536.0,56466476.0,14784808.0,68051352.0,39112272.0,4567036.0,1
1789486962.5320451,music,297,37,337363968.0,105087952.0,509964160.0,369283840.0,125528288.0,249961232.0,113200688.0,10008524.0,72955072.0,52774788.0,56185952.0,43276952.0,55481656.0,55641760.0,73263728.0,4377357.0,1
1789486962.6648078,music,298,31,410824448.0,3623090.5,20324444.0,883653.875,21198552.0,6382689.0,4894682.0,1377717.625,15826306.0,16800292.0,43052240.0,38283340.0,7695031.5,45379012.0,5982486.0,19080432.0,1
1789486962.790421,music,293,32,222860288.0,10414980.0,148444448.0,133373472.0,23330076.0,7713288.5,0.0,5154859.0,58755544.0,79529888.0,64773760.0,20710684.0,18987126.0,11886054.0,267469.875,45679556.0,1
1789486962.8537595,music,293,30,829913216.0,617723.5,41034504.0,46551808.0,41347744.0,3292704.0,3788033.5,3181187.0,47306964.0,37534600.0,55097556.0,75288856.0,133562960.0,35743384.0,10466488.0,8980084.0,1
1789486962.899213,music,294,26,0.0,950730.8125,10911825.0,21491330.0,48651448.0,0.0,5175012.5,3855960.0,51497464.0,39175408.0,27242668.0,52673056.0,0.0,396251200.0,25588790.0,4569722.5,1
1789486962.962902,music,299,25,21472714.0,0.0,30127132.0,36075412.0,30537734.0,0.0,3441707.75,9067792.0,3339708.5,256542176.0,221417776.0,30411728.0,196415616.0,5454342.0,63455396.0,27191746.0,1
