timestamp,sound_type,detected_angle,bin_count,band_0,band_1,band_2,band_3,band_4,band_5,band_6,band_7,band_8,band_9,band_10,band_11,band_12,band_13,band_14,band_15,label
1789487077.9376814,music,342,23,104535680.0,32464770.0,30382912.0,18689640.0,77023528.0,303619776.0,0.0,90758864.0,6027264.5,68722480.0,28250556.0,0.0,0.0,42837016.0,310370560.0,16747386.0,1
1789487078.0025203,music,341,30,187940272.0,10508262.0,41665320.0,27499304.0,14691741.0,236047296.0,28516680.0,168888032.0,16344002.0,135069648.0,40295088.0,5672550.0,23051724.0,26690524.0,176488960.0,2273937.0,1
1789487078.0679083,music,341,27,154756352.0,18642548.0,12697850.0,12126430.0,110910640.0,348379360.0,6825062.0,132112784.0,107585864.0,113108648.0,859213.6875,2857564.0,0.0,55872296.0,197329760.0,1015663.875,1
1789487078.1137073,music,327,29,258361376.0,17399624.0,0.0,11778884.0,25710568.0,57315784.0,8994091.0,192020448.0,7935373.0,305046016.0,153043024.0,46108024.0,71592264.0,10447226.0,222400464.0,3359896.25,1
1789487078.1770296,music,330,24,170294736.0,41906464.0,108303456.0,32455812.0,0.0,0.0,0.0,148017696.0,25186846.0,200869280.0,292155264.0,97237856.0,6824047.0,10144126.0,0.0,17055252.0,1
1789487078.634457,music,332,24,928457856.0,282873920.0,8052260.5,4696399.0,7573037.5,0.0,5714682.5,49941100.0,4491184.0,4118002.5,460054.625,22138616.0,6505594.0,3047847.75,0.0,1143956.0,1
1789487078.693571,music,332,32,706016896.0,211664736.0,54213168.0,7018800.5,25234806.0,0.0,2783061.75,22905474.0,4898436.0,27147108.0,10416936.0,17507916.0,1881060.75,8836956.0,1527126.25,1691568.0,1
1789487078.9514403,music,334,28,247525472.0,187779776.0,644928192.0,0.0,2048034.0,8061710.0,0.0,107727952.0,17907210.0,9665161.0,1188510.375,3938867.75,3213888.0,40161956.0,2538743.25,3291589.5,1
1789487079.681859,music,340,24,52218832.0,88268632.0,313813504.0,11296884.0,2001522.0,1586480.25,0.0,18786682.0,2285557.25,7684870.5,1485980.25,2738855.75,365664.75,212506.546875,681651.875,1390849.125,1
1789487079.7425067,music,339,28,12909362.0,6128083.0,193734048.0,43921116.0,29661974.0,13038828.0,2499657.5,12736991.0,13627436.0,731615.125,462836.09375,3927512.0,1682875.75,4336871.0,4653442.5,5452802.0,1
1789487080.094291,music,334,26,0.0,19618306.0,109490440.0,50577224.0,116708112.0,195626736.0,17266048.0,0.0,6625481.5,39043380.0,41459828.0,10887608.0,7291136.0,1210898.75,22246068.0,5197487.5,1
1789487080.2526011,music,329,22,144526128.0,39169408.0,0.0,0.0,2150553.5,0.0,0.0,0.0,13204792.0,70759400.0,34852724.0,12540029.0,31092332.0,8212595.0,180417344.0,12709074.0,1
1789487082.8523862,music,279,28,15085628.0,30946514.0,354316064.0,4547392.0,3234497.75,7113750.0,6545544.5,0.0,12887153.0,0.0,176419.859375,764931.625,3888879.75,638708.5,5339266.0,2881083.5,1
1789487082.9125226,music,267,25,0.0,8406450.0,337278784.0,0.0,3732515.25,47512176.0,6957595.0,17260624.0,5845228.5,4781446.0,266876.8125,8193848.0,3493981.5,10609912.0,8141127.0,58119824.0,1
1789487083.4860997,music,265,28,0.0,10893872.0,140905696.0,1353778.0,4036370.0,1619177.25,0.0,1559169.25,26095540.0,3339421.0,2270299.5,27683192.0,1879620.25,3863488.0,6317519.0,224493.96875,1
1789487083.5461986,music,265,20,50968840.0,0.0,255504288.0,13599738.0,5554411.0,4496110.0,0.0,0.0,21680998.0,1947020.375,8137435.0,17005932.0,2220661.25,44126.6953125,0.0,0.0,1
1789487083.5956218,music,266,23,0.0,6999951.0,523930400.0,0.0,1044708.6875,0.0,8163425.5,2265789.0,17336652.0,2817952.75,1334462.25,2954141.0,1984737.0,890420.625,4194815.0,226319.859375,1
1789487084.1527605,music,271,22,3836500.5,22441620.0,47191112.0,0.0,82257184.0,9936047.0,10669746.0,12862171.0,26716840.0,2164496.5,5934839.5,0.0,0.0,13265729.0,0.0,4974859.5,1
1789487084.945258,music,271,25,347983232.0,0.0,3624077.25,10492650.0,12690639.0,24943456.0,3818111.5,0.0,11447049.0,9777618.0,177217.90625,16836444.0,239385.75,1631526.75,0.0,786091.625,1
1789487084.9916677,music,271,24,185098848.0,0.0,24846574.0,11475448.0,9029006.0,0.0,744022.75,322001.96875,6310777.5,6507081.5,0.0,2446184.5,811748.0,675573.875,1877302.375,294022.71875,1
1789487085.1342783,music,268,20,73251104.0,0.0,0.0,1918137.875,4179789.5,0.0,460266.0,15173714.0,6862177.5,427353.03125,5783428.5,290375.25,0.0,776283.375,0.0,1132370.625,1
1789487085.3255079,music,272,23,129864104.0,0.0,8039646.0,5068046.0,3407135.25,6012392.5,1863868.75,3348028.0,0.0,0.0,1611798.125,0.0,535714.3125,672241.0,5252740.0,1071248.0,1
1789487085.3857243,music,268,25,83998272.0,2516965.25,6124062.5,0.0,1958186.125,13603870.0,957698.75,1580512.25,814592.25,69059.484375,2508288.25,6504527.0,24791.04296875,516752.375,0.0,1283196.0,1
1789487085.4513853,music,268,29,139974896.0,850379.4375,292836.65625,2172342.0,3022757.0,0.0,2546559.25,7585886.0,1860444.625,5507950.5,4156140.0,28965092.0,3974031.0,5477811.0,2009335.5,2775273.0,1
1789487085.7365668,music,249,20,72705320.0,17883554.0,9425092.0,0.0,1323196.5,0.0,0.0,7419250.0,25863560.0,32524786.0,14908878.0,5873151.0,12271499.0,601151360.0,18034014.0,9209526.0,1
1789487085.8023593,music,270,27,59259664.0,0.0,38513452.0,44191720.0,14267156.0,4595892.0,157406720.0,29474946.0,103838992.0,72474720.0,78987472.0,0.0,1908152.75,183049152.0,30051952.0,58301856.0,1
1789487085.868591,music,270,19,116815192.0,0.0,3337792.75,1278580.875,5315246.0,14045007.0,161126848.0,3105606.0,13748635.0,1809438.125,0.0,10398598.0,7444601.0,0.0,34593268.0,0.0,1
1789487085.9156775,music,269,14,71208408.0,2947189.0,0.0,0.0,0.0,3514451.5,91308456.0,301924.25,0.0,14457495.0,0.0,797370.375,4204980.5,0.0,53349816.0,44076760.0,1
1789487086.0227656,music,263,14,104764640.0,0.0,0.0,4027139.75,9315460.0,7270950.5,0.0,0.0,0.0,2720433.5,333561.375,0.0,0.0,1416080.25,0.0,0.0,1
1789487086.0841956,music,268,14,51826084.0,0.0,1696153.875,0.0,3127978.5,8025294.0,0.0,4704089.0,0.0,520054.875,501130.8125,10413580.0,324802.21875,0.0,0.0,1584006.125,1
1789487086.1500921,music,266,26,99063040.0,7482027.5,22493028.0,32624806.0,25715622.0,59572444.0,80410688.0,18666098.0,3958419.5,174001.171875,364185.84375,13244341.0,0.0,3896655.0,3699357.5,54475060.0,1
1789487086.814584,music,239,20,22543738.0,0.0,762767.3125,10503076.0,30429270.0,3355130.25,5089395.0,0.0,0.0,6032851.5,7372751.5,20123736.0,1390013.875,0.0,0.0,1009828.875,1
1789487087.35312,music,234,14,202898304.0,0.0,0.0,0.0,2210239.5,17853392.0,7108458.0,0.0,0.0,945448.25,760605.25,0.0,0.0,547480.9375,588525.375,0.0,1
1789487087.4112766,music,225,19,254088896.0,0.0,0.0,4702804.5,11900904.0,8448697.0,4470031.5,0.0,0.0,1953975.0,71176.53125,0.0,0.0,182399.109375,1325856.75,0.0,1
1789487087.9239547,music,203,13,95646496.0,0.0,0.0,52805720.0,19353352.0,80551024.0,24211944.0,2760376.25,16739432.0,0.0,4345418.0,9828858.0,0.0,5548627.0,0.0,0.0,1
1789487087.9814692,music,203,10,75089360.0,13569448.0,0.0,0.0,0.0,0.0,29835316.0,0.0,0.0,0.0,1222703.5,6723977.0,0.0,13302983.0,0.0,0.0,1
1789487088.0305362,music,204,7,47326328.0,8859012.0,0.0,0.0,0.0,0.0,0.0,0.0,0.0,704495.875,0.0,14130624.0,0.0,484506.75,0.0,0.0,1
1789487088.0950868,music,218,17,34769844.0,0.0,0.0,74022456.0,742869.875,5236599.0,46736788.0,738930.6875,0.0,0.0,1706518.0,313907.8125,1433377.75,3477028.0,0.0,0.0,1
1789487088.3672683,music,204,13,44163488.0,0.0,0.0,847681.25,1897671.375,0.0,4664418.5,0.0,0.0,0.0,136002.9375,29068124.0,1158757.25,1007421.4375,0.0,0.0,1
1789487088.4250405,music,197,13,45108864.0,0.0,0.0,2056840.25,198440.734375,0.0,0.0,2991583.75,0.0,778070.375,1659070.5,1253304.125,0.0,1577476.875,3994583.5,0.0,1
1789487088.4889078,music,205,10,37338580.0,0.0,0.0,0.0,1411314.5,0.0,12658345.0,0.0,0.0,0.0,978250.9375,0.0,168560.65625,1280716.875,0.0,0.0,1
1789487088.553948,music,197,15,20846880.0,0.0,0.0,0.0,1292297.0,358596.84375,1552618.75,6042247.0,0.0,544335.625,251093.015625,2614600.25,0.0,1146401.875,4826337.5,0.0,1
1789487088.6188416,music,194,14,21275694.0,0.0,0.0,0.0,2131709.75,110692.78125,0.0,393635.0625,5049649.5,0.0,219288.671875,0.0,0.0,1293512.0,1023426.75,0.0,1
1789487088.6836927,music,196,22,20788872.0,0.0,0.0,3385852.0,7198632.5,357027.5,0.0,3146839.0,0.0,1490608.25,952115.25,42327652.0,826223.3125,4395209.0,980031.75,0.0,1
1789487088.748595,music,199,21,15443420.0,0.0,0.0,0.0,39880704.0,30344912.0,79156504.0,31766936.0,6410320.0,1471958.0,27121926.0,80746080.0,0.0,25189724.0,81958880.0,99789648.0,1
1789487088.8124053,music,184,12,13701933.0,0.0,0.0,0.0,0.0,0.0,551461248.0,22546110.0,0.0,1852371456.0,1540348416.0,0.0,0.0,245853152.0,0.0,0.0,1
1789487088.8761747,music,186,16,3805822.25,5406041.0,0.0,41740728.0,0.0,0.0,425070080.0,444566080.0,0.0,0.0,787240448.0,420312160.0,0.0,97678184.0,449762496.0,28650688.0,1
1789487088.9403584,music,186,11,0.0,22445756.0,0.0,29731540.0,9760168.0,31531288.0,3470766.0,0.0,0.0,22773772.0,0.0,9333314.0,2807358.25,13027301.0,0.0,0.0,1
1789487088.989107,music,185,20,2579008.0,52188768.0,0.0,9728868.0,0.0,77578544.0,51571376.0,23693364.0,57343216.0,0.0,83985280.0,18552462.0,0.0,35415608.0,34585016.0,8201666.5,1
1789487089.0540018,music,185,8,1139002.5,0.0,0.0,0.0,0.0,0.0,52392036.0,87789864.0,2351767.5,0.0,0.0,34471128.0,990614.75,0.0,0.0,0.0,1
1789487089.1033974,music,189,16,33958688.0,0.0,0.0,17891174.0,857113.875,40516188.0,0.0,0.0,136279680.0,29854170.0,0.0,6913609.5,2668555.5,79378848.0,4372537.5,0.0,1
1789487089.167865,music,183,18,0.0,4337769.5,37419040.0,35304172.0,0.0,12618870.0,2198420.5,0.0,0.0,6818226.5,58434552.0,16935272.0,1305926.375,18014410.0,4900708.5,9162386.0,1
1789487089.232688,music,192,18,12833604.0,3303641.5,0.0,0.0,12584336.0,22614424.0,9233174.0,56191984.0,0.0,0.0,18413728.0,33023630.0,587565.75,197574272.0,17681460.0,0.0,1
1789487089.2982717,music,194,23,17403192.0,45636192.0,0.0,0.0,0.0,33961188.0,71676128.0,67575280.0,0.0,0.0,36674816.0,35276160.0,1994671.75,42771532.0,3564599.25,0.0,1
1789487089.3821518,music,195,17,6896597.0,15184784.0,0.0,0.0,1387338.0,2108198.5,109772568.0,0.0,0.0,0.0,34786176.0,1479051.875,1666543.125,26548388.0,13572516.0,1453378.25,1
1789487089.4423103,music,194,15,408288.59375,26340052.0,0.0,0.0,0.0,24999298.0,28686588.0,4345952.0,0.0,2440918.25,0.0,11851474.0,1302209.0,14821348.0,0.0,1366349.5,1
1789487089.5070283,music,184,17,10006620.0,5263222.5,0.0,162595584.0,477725984.0,578962.0625,15534612.0,8167099.5,0.0,0.0,0.0,282677504.0,21309244.0,14729602.0,7348982.5,0.0,1
1789487089.5719523,music,186,9,861154.0625,0.0,0.0,31473978.0,0.0,0.0,13507623.0,0.0,0.0,13699782.0,27131946.0,0.0,0.0,7949252.0,54991060.0,0.0,1
1789487089.6670852,music,186,11,0.0,0.0,0.0,0.0,0.0,0.0,3596113.5,7088092.0,0.0,0.0,29611070.0,87243704.0,25401648.0,11132310.0,23368734.0,0.0,1
1789487089.7927191,music,185,19,11853684.0,0.0,0.0,0.0,15451424.0,836801.875,0.0,7233201.0,38858200.0,115108016.0,12711832.0,30360408.0,8160697.0,5702094.0,22362644.0,0.0,1
1789487089.8565676,music,175,18,170058112.0,0.0,11801466.0,0.0,225270512.0,0.0,0.0,115944032.0,147818880.0,0.0,20691988.0,76869272.0,12579167.0,18400812.0,5797867.5,0.0,1
1789487089.9205234,music,162,11,0.0,20474102.0,0.0,0.0,0.0,0.0,3993507.0,30716152.0,0.0,14706025.0,2669767.0,36774932.0,0.0,0.0,50906960.0,724489088.0,1
1789487089.9849184,music,183,20,186017728.0,11486895.0,0.0,0.0,939102.125,2052429.0,45613320.0,0.0,0.0,7622050.0,1341463.125,136151648.0,4776372.0,6681066.0,12338310.0,193817520.0,1
1789487090.04891,music,168,13,85353840.0,1227277.375,13247278.0,0.0,0.0,11257656.0,0.0,0.0,0.0,0.0,5301734.0,0.0,0.0,3352139.0,113247600.0,1079138688.0,1
1789487090.1128042,music,168,19,61679492.0,0.0,11831346.0,0.0,7631914.0,31033590.0,0.0,0.0,7695937.5,3275151.25,0.0,68438328.0,1984440.375,665641.9375,4211480.0,794812800.0,1
1789487090.158424,music,167,14,27283324.0,0.0,0.0,5062454.5,3424328.5,0.0,0.0,0.0,0.0,4478677.0,4144796.75,45265096.0,0.0,5835462.0,55739512.0,0.0,1
1789487090.223397,music,174,18,182472256.0,2974236.75,72839024.0,0.0,58878032.0,3361481.25,121351648.0,7808819.5,0.0,8388481.5,21211374.0,0.0,18265684.0,3935718.75,0.0,0.0,1
1789487090.287997,music,179,17,257628336.0,12667248.0,0.0,0.0,0.0,0.0,140516560.0,6679264.5,0.0,2397527.25,7211486.0,53591632.0,6764455.0,0.0,21746964.0,0.0,1
1789487090.3535726,music,186,12,227448928.0,4329104.0,11850092.0,0.0,0.0,5051804.5,0.0,2885332.75,3878323.0,0.0,0.0,25249114.0,2019486.75,13391596.0,0.0,0.0,1
1789487090.4178762,music,185,16,102126040.0,0.0,5830783.0,0.0,0.0,17209450.0,35368228.0,45204892.0,0.0,0.0,5156664.5,7942191.0,633226.375,6065226.0,6548698.0,0.0,1
1789487090.4829705,music,185,14,75581456.0,0.0,0.0,0.0,2032169.0,6911726.0,0.0,0.0,0.0,0.0,6842975.0,12941533.0,1267829.75,2061866.75,0.0,2736230.0,1
1789487090.58621,music,166,23,416566912.0,93772808.0,0.0,3903682.0,9141377.0,43622904.0,12255012.0,3302583.25,0.0,19532188.0,15475123.0,68632848.0,7008388.5,53561984.0,11326953.0,8179581.0,1
1789487090.646873,music,175,15,217705632.0,14245607.0,0.0,0.0,0.0,20823720.0,10264296.0,0.0,0.0,3686101.75,15214898.0,32149292.0,0.0,72958368.0,26226644.0,0.0,1
1789487090.7117162,music,178,20,234521840.0,37388244.0,14571558.0,0.0,15452846.0,4162499.25,57386320.0,3650552.5,0.0,53467352.0,4934452.5,108175184.0,2119260.5,0.0,20844864.0,0.0,1
1789487090.9655514,music,174,18,145260448.0,151660864.0,417030272.0,0.0,1470798.75,13815852.0,0.0,58419216.0,0.0,0.0,0.0,22347944.0,1694035.625,14669318.0,2542822.0,0.0,1
1789487091.0250852,music,167,23,90724256.0,138014496.0,358728160.0,0.0,536773.1875,7454499.0,0.0,3209128.25,8482587.0,21362038.0,8538638.0,8600405.0,4037243.25,34179756.0,2575473.75,0.0,1
1789487091.089063,music,165,17,50079772.0,92608816.0,444446080.0,0.0,1233939.0,4702439.0,22712686.0,0.0,2359036.5,4736083.0,0.0,0.0,0.0,59900980.0,0.0,9540196.0,1
1789487091.1523252,music,166,16,51696480.0,431754624.0,1173006720.0,0.0,0.0,3202389.5,257086.171875,0.0,0.0,472837.625,0.0,5405839.0,1053415.25,39309220.0,0.0,0.0,1
1789487092.1075914,music,167,15,149292304.0,84092640.0,93280448.0,0.0,0.0,316864128.0,125335272.0,42937304.0,68074440.0,0.0,0.0,0.0,0.0,15402196.0,8436344.0,38018824.0,1
1789487092.1679058,music,167,13,59076908.0,69977640.0,68992536.0,0.0,0.0,0.0,102232208.0,0.0,0.0,0.0,732390.625,0.0,730082.625,16413155.0,2272606.75,0.0,1
1789487092.4550054,music,161,11,35852720.0,0.0,147735792.0,0.0,827798.25,18650792.0,0.0,0.0,0.0,0.0,0.0,14218315.0,5361020.0,0.0,0.0,692546.875,1
1789487092.5181599,music,170,12,13808286.0,29918358.0,81292216.0,0.0,0.0,1239287.125,2233789.0,0.0,0.0,0.0,0.0,827286.125,0.0,135035680.0,1660358.625,0.0,1
1789487093.5626314,music,156,16,392248448.0,162196624.0,0.0,0.0,2207160.0,116138408.0,226460.40625,0.0,0.0,92608560.0,0.0,0.0,975437.375,0.0,4862103.0,3840774.0,1
1789487093.657739,music,160,12,419120544.0,121267320.0,128889608.0,0.0,494026240.0,0.0,0.0,0.0,734370.125,0.0,0.0,0.0,0.0,357844.1875,1596536.875,0.0,1
1789487094.3865523,music,114,14,1739611.0,177213664.0,674509248.0,0.0,0.0,149741088.0,7278574.5,27859588.0,0.0,0.0,0.0,1215633.0,935600.0,32551992.0,0.0,0.0,1
1789487095.4627085,music,92,18,15564076.0,56449556.0,267628848.0,0.0,0.0,0.0,7871904.0,13900800.0,1432364.875,0.0,0.0,886364.0,399931.875,0.0,1283504.0,0.0,1
1789487095.6227095,music,88,23,10405125.0,60504528.0,89154280.0,0.0,3778130176.0,430513024.0,146566896.0,14452080.0,3480776.0,0.0,8318221.5,0.0,1185730.0,8594865.0,4413004.0,0.0,1
1789487095.6870642,music,93,22,10962421.0,47855208.0,76235344.0,0.0,1164070912.0,168383264.0,79181712.0,0.0,0.0,99494080.0,0.0,2080158.5,0.0,41515576.0,0.0,503260.34375,1
1789487095.752575,music,93,22,22458476.0,0.0,115236376.0,0.0,667233216.0,199133488.0,91373584.0,86348896.0,29773812.0,89286368.0,58565604.0,12046940.0,2812830.5,5256322.0,0.0,0.0,1
1789487095.7982643,music,81,22,0.0,12295135.0,35969444.0,0.0,590329920.0,540209408.0,249631616.0,73838864.0,0.0,55802264.0,5689557.5,11392410.0,197069.203125,24661382.0,9789296.0,933996.25,1
1789487095.8639348,music,83,18,19329666.0,84024000.0,29096148.0,0.0,27674960.0,12611569.0,16631401.0,21157438.0,8899451.0,0.0,0.0,5829792.5,1420767.0,950845.375,9801368.0,0.0,1
1789487095.9289927,music,82,14,6283938.5,110215808.0,0.0,0.0,0.0,0.0,2815263.0,3419673.25,0.0,3029890.0,0.0,746934.875,2837104.5,27910992.0,1266008.375,758388.0,1
1789487095.9936018,music,82,17,0.0,0.0,0.0,0.0,0.0,0.0,20040050.0,24044000.0,18913024.0,18243076.0,5174749.5,5509686.0,0.0,22777392.0,2424884.5,0.0,1
1789487096.044902,music,82,21,0.0,0.0,5905685.5,0.0,0.0,5891181.0,32526816.0,22176426.0,9986947.0,9145410.0,5888201.0,4662086.5,907982.75,17831890.0,2655688.0,2149441.0,1
1789487096.9534748,music,43,22,139111008.0,85254648.0,2395985664.0,0.0,1142054.0,1612500.125,0.0,3425194.25,0.0,2561310.25,654104.3125,7680799.0,5803784.0,1511462.0,2100416.0,0.0,1
1789487097.01272,music,40,30,102338600.0,499699232.0,3756672256.0,1142507.25,5946479.0,0.0,58161584.0,7155344.0,2236590.5,1091581.625,1189610.75,36156948.0,2511575.25,3927853.0,3871748.5,263537.96875,1
1789487097.0745003,music,35,26,90755184.0,151052352.0,3302609664.0,0.0,3547457.5,833740.5,32306140.0,0.0,0.0,1199051.0,891782.75,2588041.0,1361790.625,889942.5,5719041.0,889316.5,1
1789487097.1355376,music,27,28,99280008.0,153959008.0,3635628800.0,2459317.0,7359277.5,251208.640625,33371072.0,0.0,6397905.5,1421039.25,312645.9375,35071028.0,708188.8125,2010915.5,820877.625,0.0,1
1789487097.1977723,music,22,30,131675352.0,397191488.0,3359109376.0,29405204.0,17906566.0,2093400.0,8180993.0,2012743.0,10916448.0,1478383.75,0.0,56307648.0,3918125.25,3261654.5,0.0,1320410.125,1
1789487097.2602673,music,20,29,132873512.0,92332256.0,3504048640.0,29862408.0,16951320.0,609678.25,11481416.0,4832952.5,0.0,1500884.375,0.0,8654405.0,2187252.75,1329846.0,3121206.5,215470.9375,1
1789487097.323951,music,21,26,122519480.0,107694112.0,3232292864.0,0.0,26232448.0,0.0,4491271.5,2251875.5,0.0,5153381.0,354515.28125,9517513.0,2029842.0,1369472.125,0.0,205694.046875,1
1789487097.3872895,music,21,29,98969448.0,0.0,2881920256.0,13552910.0,22139202.0,1674126.125,25347108.0,13052467.0,4557573.0,2035495.25,2007172.125,15257730.0,4689096.0,337528.46875,4929963.5,2590482.25,1
1789487097.4363573,music,21,26,132991856.0,57487684.0,2458173440.0,60634544.0,54040068.0,10477318.0,28585476.0,11519827.0,9075849.0,0.0,0.0,18318112.0,7587282.5,0.0,3955908.0,2446950.0,1
1789487097.4816465,music,19,30,117833264.0,241672432.0,2574907904.0,3220366.0,934189.125,4339221.0,2679282.25,0.0,17509384.0,1982942.0,174646.15625,32785648.0,3242753.25,3355116.0,2546977.5,508494.75,1
1789487097.7772598,music,13,33,51395936.0,220509408.0,2393390592.0,8216586.5,13794342.0,2120050.5,17614830.0,12381758.0,5785929.0,717561.5,478238.0625,13547597.0,1269380.375,440173.5625,0.0,629338.625,1
1789487097.8407393,music,13,28,44274996.0,72555952.0,2036267008.0,345333.1875,7580069.0,1375260.375,3143385.0,15708860.0,33091910.0,1871509.375,588941.5625,18096586.0,155618.59375,710457.4375,1356046.625,0.0,1
1789487100.0579066,music,5,31,56415568.0,106000824.0,2369869056.0,3388430.0,2303780.25,4667113.5,1925640.0,282953.125,0.0,977553.5,1221886.875,15386501.0,1876449.5,2448969.0,23586552.0,1111007.0,1
1789487100.1217291,music,3,34,50452660.0,92604008.0,2877289984.0,0.0,5016005.0,16873760.0,1568670.5,2195419.75,6970202.5,2423702.75,1207770.125,112917104.0,16552025.0,1960474.375,1477131.75,268825.34375,1
1789487100.1849728,music,4,28,4659180.5,125630448.0,3471726848.0,5272511.0,17530898.0,83492288.0,1809152.5,570248.125,0.0,1664667.125,1727630.75,89716672.0,2843480.0,2840242.0,0.0,748345.25,1
1789487100.24994,music,4,29,3454133.25,149139680.0,2661044992.0,2254450.0,53413636.0,71876480.0,11713516.0,2993960.0,2799679.5,3754449.25,10876236.0,21502586.0,4601656.5,3984575.0,447798.0625,275610.0625,1
1789487100.405567,music,0,32,114137664.0,40898656.0,1259337216.0,731771648.0,79014440.0,11480464.0,9054939.0,7084371.0,0.0,9743872.0,10115268.0,14290530.0,6892503.0,3214393.25,12849932.0,1174811.5,1
1789487100.9759548,music,351,28,63301572.0,7035228.5,94375608.0,3386150.0,138517.90625,5786522.5,0.0,8726486.0,24505064.0,5231927.5,2935167.0,1502923.25,445191.09375,2796206.75,15423023.0,641186.25,1
1789487101.0366354,music,343,28,85196024.0,11378140.0,184953856.0,0.0,1094982.125,0.0,0.0,11516284.0,17778212.0,10633368.0,3467349.75,1781327.75,443507.375,2401706.25,6284879.0,1208292.75,1
1789487101.1011455,music,355,29,815036736.0,184582816.0,83220488.0,2456968.5,5732207.0,67021416.0,0.0,21395302.0,19405844.0,21605092.0,9142569.0,149388.15625,556718.6875,1342666.625,4755409.0,967062.5625,1
1789487101.1973593,music,347,29,671032384.0,172546464.0,23168580.0,17281114.0,258446.90625,0.0,0.0,14234078.0,10685184.0,29608898.0,4483150.0,1551900.25,2023638.875,7878446.0,5563880.5,1936146.625,1
1789487103.162113,music,355,30,45508604.0,116401904.0,1974298112.0,5848655.0,4509421.5,592428.125,0.0,22141622.0,9199841.0,1498465.0,312185.5625,42952908.0,4633497.5,3008373.5,684561.875,604676.9375,1
1789487103.3211277,music,359,26,65798952.0,77324776.0,2065520128.0,13677477.0,69075032.0,1957419.0,0.0,0.0,795916.375,0.0,4096200.25,2187480.25,5787365.0,52017092.0,41133588.0,37190016.0,1
1789487103.3818078,music,349,28,78085272.0,125450552.0,98444048.0,13946028.0,86234368.0,478964992.0,0.0,6451298.0,8253710.0,12265154.0,21158672.0,42377652.0,18998132.0,17926752.0,27192470.0,1514859.125,1
1789487103.4465694,music,349,25,87783376.0,55893068.0,2102812160.0,363359.75,698228.4375,0.0,25673766.0,16522155.0,8920287.0,0.0,109266.4296875,14338238.0,0.0,38978472.0,261879904.0,3117341.0,1
1789487103.4959593,music,351,25,70734448.0,0.0,1770367232.0,7634953.0,8670322.0,11289966.0,0.0,176437.28125,0.0,10930287.0,0.0,26583396.0,1852032.625,112742320.0,477738976.0,6389380.0,1
1789487103.5604293,music,351,28,38530208.0,160280064.0,2056063360.0,3365769.0,7902017.0,6191601.0,962811.125,2218071.5,4870217.0,4688226.0,3382297.5,7833733.0,4484498.5,84257472.0,607647296.0,10170373.0,1
1789487103.6098146,music,351,24,34620248.0,354916128.0,245454416.0,6515367.0,14945795.0,0.0,42253724.0,11111407.0,0.0,5577378.0,0.0,584336.375,166120.828125,116036288.0,650001920.0,2003980.75,1
1789487103.76359,music,351,24,14775722.0,30129052.0,35026304.0,0.0,131932408.0,18914734.0,0.0,0.0,29223176.0,6921129.5,56296888.0,44416288.0,0.0,234163376.0,28488610.0,8203599.5,1
1789487103.809139,music,349,25,1916934.75,94154200.0,354720512.0,1827646.5,220105296.0,64897616.0,0.0,7012608.0,45850856.0,12606477.0,16474054.0,30005918.0,0.0,4851162.5,6207160.0,524729.375,1
1789487103.873506,music,351,26,0.0,6738683.0,744099456.0,1356813.75,87107104.0,7221586.0,3109602.0,13401851.0,0.0,2252009.0,1500536.625,1805480.0,3972411.5,101830952.0,22847154.0,7170344.5,1
1789487103.9533708,music,353,31,7234620.5,0.0,1344367360.0,2632457.0,49013872.0,15766283.0,3086355.0,5402111.0,0.0,2493587.75,4242097.0,4830360.5,10993601.0,101868152.0,6291984.5,3636875.75,1
1789487104.0137842,music,354,30,3033327.5,229631392.0,1383306240.0,1609038.75,2928092.0,977792.125,8566975.0,22548892.0,45733976.0,5105909.0,11825762.0,12866432.0,138095424.0,75529216.0,120913752.0,138937824.0,1
1789487104.078824,music,351,31,18725560.0,519415360.0,270173056.0,13992226.0,21600104.0,47574048.0,0.0,24418052.0,35282208.0,19883508.0,16092782.0,65737928.0,60866508.0,44016904.0,0.0,15387228.0,1
1789487104.1434975,music,343,29,15212254.0,256933200.0,869576704.0,3099435.5,69473168.0,1422119680.0,35291196.0,0.0,197335456.0,3426020.25,9034630.0,11337218.0,7876341.0,0.0,16057709.0,4427758.0,1
1789487104.2076914,music,353,24,14295110.0,284030752.0,275717024.0,18741030.0,12992432.0,0.0,0.0,99363184.0,651427456.0,7814838.0,1840390.375,54054948.0,9092712.0,11572420.0,17708394.0,2819109.0,1
1789487104.2719316,music,351,32,35420924.0,0.0,1494104576.0,31768496.0,157909376.0,1051657600.0,3126304.75,18046514.0,0.0,15014436.0,9234351.0,76329128.0,4984223.5,2392883.0,15528280.0,685122.8125,1
1789487104.3370867,music,353,30,6450443.5,83459448.0,1640965760.0,17394708.0,231632048.0,917574976.0,8843060.0,5717131.5,168704752.0,45360180.0,2431763.5,261400736.0,8390615.0,4671594.0,207188608.0,2680020.0,1
1789487104.4286444,music,353,29,16712342.0,0.0,161843568.0,56505772.0,80297520.0,152519648.0,50353236.0,93249616.0,128147488.0,965453.375,21830382.0,17662740.0,142784848.0,66472696.0,42307592.0,378953792.0,1
1789487104.5871334,music,351,30,14566259.0,0.0,55288760.0,53834660.0,63356296.0,513217408.0,102846440.0,69085776.0,78192856.0,45802504.0,41889388.0,94521872.0,0.0,36270156.0,0.0,57979304.0,1
1789487104.6476977,music,346,28,8376748.0,15297338.0,135976784.0,24639354.0,60802208.0,200454896.0,29667982.0,33468680.0,0.0,155243024.0,7904744.5,7651275.0,8890996.0,12958166.0,60698416.0,13532048.0,1
1789487104.7121036,music,344,34,17621636.0,91291360.0,92179680.0,7053909.5,39778364.0,283339840.0,103165648.0,3577972.5,276930336.0,15000372.0,7085589.5,67568000.0,2065204.875,9084168.0,13130530.0,9327313.0,1
1789487104.8077621,music,347,28,144089408.0,177369376.0,495249408.0,31767082.0,0.0,158347776.0,159156240.0,118734256.0,1017181696.0,203176336.0,44134212.0,61933584.0,3113540.25,14804033.0,42082400.0,6915413.0,1
1789487104.967097,music,347,30,284335680.0,66111376.0,0.0,4522813.0,35818768.0,6304939.5,246587520.0,22022708.0,0.0,9042975.0,2038726.25,78551152.0,4339370.0,4162552.75,17998710.0,2855249.0,1
1789487105.0129848,music,347,29,203638096.0,103143792.0,384165056.0,0.0,93116528.0,25827204.0,0.0,2018331.375,86393744.0,6205373.5,15424314.0,22382682.0,6764249.0,8789384.0,10343934.0,369943.1875,1
1789487105.061525,music,343,23,185190640.0,55871648.0,68270488.0,646915.75,199271136.0,31304142.0,164921440.0,11069302.0,0.0,1853375.0,24978710.0,4880481.5,335145.1875,5560399.0,2210125.25,0.0,1
1789487105.1262383,music,343,24,0.0,0.0,407844000.0,1872301.375,453002976.0,49398504.0,52551224.0,51758560.0,0.0,10355316.0,2670025.0,0.0,0.0,37848776.0,7252196.0,4367224.0,1
1789487105.1711562,music,345,30,114887768.0,20719868.0,839148928.0,0.0,383165312.0,39089704.0,43714348.0,24197256.0,0.0,3452582.75,2330595.75,98202992.0,1709715.25,27075822.0,1245362.5,2253359.5,1
1789487105.664143,music,352,33,223934592.0,440106784.0,50318880.0,100481120.0,120183864.0,12967660.0,0.0,2719574.5,31774208.0,32795968.0,2278843.25,78036728.0,6583221.5,248398176.0,335113664.0,18918980.0,1
1789487105.7245452,music,355,26,209919184.0,497089696.0,40003912.0,1792521.25,60441568.0,10251350.0,0.0,0.0,0.0,25531528.0,1593074.0,24469008.0,0.0,12260607.0,0.0,10600027.0,1
1789487105.917671,music,347,33,276511616.0,162526496.0,177695040.0,41650980.0,3860019.5,544994.25,0.0,6160340.0,13547450.0,6959718.0,9511318.0,48993228.0,8220391.0,10422866.0,17227208.0,2393731.5,1
1789487105.9781663,music,347,24,132362112.0,358060608.0,353441408.0,1634781.75,13405940.0,4913383.0,0.0,7006305.5,0.0,9213278.0,0.0,12358791.0,5548958.0,17257236.0,6154174.0,6844350.0,1
1789487106.0273468,music,0,21,49691512.0,134358160.0,1314323840.0,6615219.0,353619.53125,1644925.625,0.0,624993.125,1656113.125,0.0,3099191.0,39301960.0,0.0,416092.21875,0.0,306888.375,1
1789487106.0920715,music,357,28,35258952.0,97068656.0,2378212352.0,993572.1875,13521367.0,6434602.0,36668468.0,1575010.625,0.0,3114007.0,0.0,34733760.0,0.0,7528274.0,33538128.0,12393519.0,1
1789487106.156358,music,352,26,13733194.0,128065384.0,2960857600.0,3211516.5,1806112.0,233438.53125,0.0,1051363.75,0.0,0.0,1427863.5,5844066.0,2833831.0,12259868.0,8313356.0,1698721.75,1
1789487106.220925,music,352,29,27708172.0,101936440.0,3870766080.0,1748642.75,2590358.75,0.0,0.0,1687014.25,0.0,4310809.0,130558.828125,21240832.0,8842718.0,5065894.5,17345940.0,1042897.375,1
1789487106.2689905,music,352,25,6563492.5,67280880.0,3429082880.0,4051633.5,4400688.5,0.0,18654628.0,570231.4375,0.0,144858.53125,144255.71875,4720413.5,0.0,3565010.75,6594999.0,3554987.5,1
1789487106.3148482,music,352,32,9850422.0,73975240.0,2890169856.0,13773130.0,9314867.0,15822760.0,18802684.0,6371527.0,0.0,21823200.0,52849304.0,96702320.0,79251384.0,239964864.0,536153696.0,817453824.0,1
1789487106.3647108,music,352,24,0.0,80959208.0,2033450496.0,75035448.0,7636518.0,170813456.0,271729024.0,15097303.0,0.0,201995392.0,16307500.0,0.0,404957568.0,111066808.0,0.0,598722944.0,1
1789487106.4105725,music,352,29,19437686.0,180376512.0,884648832.0,15742085.0,59554096.0,648822272.0,7095160.0,6363194.0,678180672.0,0.0,9857227.0,101290496.0,9389840.0,73539568.0,1249738752.0,206391424.0,1
1789487106.4606354,music,351,27,42724712.0,149208192.0,1068368640.0,53617456.0,47165000.0,578339584.0,19728048.0,0.0,484777024.0,479644448.0,10328494.0,362512256.0,15694696.0,18872114.0,25825508.0,0.0,1
1789487106.5827403,music,351,30,98884976.0,22236214.0,712963520.0,2514497.0,7297362.5,0.0,9980158.0,12257965.0,782650816.0,470788608.0,9978650.0,11288513.0,25730186.0,2204760.0,46446096.0,26605092.0,1
1789487106.628032,music,352,29,105008512.0,67078384.0,924271680.0,3399145.0,2546684.25,192340448.0,58988416.0,6959138.0,0.0,51972400.0,10049878.0,39880960.0,191588448.0,67351672.0,23073562.0,67543664.0,1
1789487106.6934645,music,352,28,153603584.0,0.0,449606784.0,55985340.0,17129860.0,0.0,171291456.0,417906048.0,0.0,196846640.0,124493168.0,108350832.0,80188312.0,800903168.0,68460368.0,168882400.0,1
1789487106.7400439,music,354,26,112826872.0,22959760.0,401530688.0,803459.875,133416056.0,0.0,46133068.0,295906784.0,53240376.0,66330708.0,181981568.0,1998751.75,33900240.0,1004183360.0,41977032.0,118519400.0,1
1789487106.8049717,music,346,26,92654064.0,3609069.0,352385472.0,190163600.0,223246432.0,177851008.0,0.0,74148048.0,293146208.0,326048576.0,27338238.0,5908835.5,0.0,27090750.0,19742980.0,51442508.0,1
1789487106.8700652,music,354,26,84093992.0,280684256.0,612144832.0,92285784.0,103328856.0,13156811.0,38238952.0,0.0,100983888.0,52732432.0,24009976.0,31601064.0,2797620.25,20060270.0,26074760.0,0.0,1
1789487107.0261319,music,352,37,136121152.0,57762748.0,452531872.0,46891584.0,81263368.0,49551752.0,113079984.0,154090752.0,30295248.0,143063248.0,19149084.0,65245184.0,25005440.0,83148736.0,36384480.0,548830208.0,1
1789487107.0906534,music,347,26,138348064.0,48228776.0,0.0,432816192.0,1042665344.0,17581204.0,30387080.0,196377744.0,0.0,35118024.0,2446126.5,196246880.0,13955876.0,6771101.5,52587112.0,158286752.0,1
1789487107.3740556,music,343,25,0.0,63273880.0,31596140.0,166241184.0,14879449.0,0.0,4543751.5,76754608.0,86697984.0,14525088.0,7991282.0,23617378.0,11868727.0,5125895.5,25271924.0,53427844.0,1
1789487107.4339843,music,345,26,115753504.0,7777770.0,99522064.0,297583296.0,384372416.0,16296292.0,0.0,7083933.0,72481200.0,24501396.0,4104847.75,10242781.0,2822285.5,10209552.0,7406522.0,63506592.0,1
1789487107.4977565,music,347,24,0.0,0.0,409887712.0,1366539904.0,1430114432.0,1391328.625,4152913.25,0.0,0.0,3779738.0,2138844.0,10711558.0,5904909.0,7657309.0,94955672.0,178030048.0,1
1789487107.5629244,music,343,27,26457730.0,0.0,612205312.0,0.0,11361002.0,0.0,20954512.0,279200544.0,145469440.0,63522740.0,9332868.0,22611508.0,9623145.0,472126.625,11796499.0,389740960.0,1
1789487107.6274335,music,343,30,54537584.0,18129564.0,0.0,657089536.0,1128439936.0,10253798.0,6262051.0,209984880.0,68374448.0,19909696.0,5896043.5,0.0,8684768.0,3988798.25,6970802.0,132678872.0,1
1789487107.6778204,music,345,31,56969996.0,16259384.0,0.0,1331917696.0,2164109312.0,15470977.0,10297284.0,305340032.0,0.0,7054340.0,6768373.5,61324976.0,10876644.0,2580271.75,19564636.0,319951328.0,1
1789487107.7867181,music,346,27,115606968.0,18552184.0,0.0,540729216.0,552064896.0,46940460.0,2256715.25,218402064.0,122179544.0,7267556.0,1588201.125,83675352.0,0.0,2898703.5,26577418.0,27829610.0,1
1789487107.8500032,music,346,29,131519936.0,20823512.0,163602464.0,396059520.0,443025280.0,0.0,35491436.0,21224236.0,11824722.0,853891008.0,321746048.0,33859144.0,2786276.0,2812889.5,29059044.0,10812960.0,1
1789487107.8962698,music,350,29,87026576.0,49983764.0,191091104.0,917793536.0,823598336.0,16092414.0,49063900.0,77887272.0,0.0,801257088.0,298189152.0,2792682.5,4016154.0,1004729.625,5816592.0,15285278.0,1
1789487107.9609685,music,346,33,2609510.0,0.0,258720336.0,323494176.0,25728164.0,24809202.0,165711072.0,545484032.0,171827904.0,345429856.0,64928116.0,20887788.0,22006316.0,10862170.0,14866610.0,23544466.0,1
1789487108.6092746,music,347,30,183555504.0,30514760.0,152900720.0,204961760.0,11874645.0,57344416.0,0.0,15640584.0,5731914.0,41606576.0,10326227.0,18790310.0,0.0,7295171.5,2913433.5,1330417.875,1
1789487108.6730852,music,347,31,271374400.0,63399840.0,18446922.0,11869414.0,3247669.0,7569375.5,9653211.0,4068460.25,0.0,27597012.0,25793940.0,12208899.0,5390964.0,31987220.0,27637572.0,9347191.0,1
1789487108.7199433,music,348,26,295737760.0,61252756.0,4362512.0,17319808.0,36136108.0,0.0,0.0,7994831.0,22049856.0,23547484.0,8855879.0,3295555.5,0.0,9825510.0,5597109.5,4217229.5,1
1789487108.8310816,music,348,27,157244656.0,35853640.0,179881504.0,230444624.0,2804342.5,0.0,0.0,10019159.0,9112059.0,14554320.0,3903428.0,1374259.5,0.0,3409001.5,39464000.0,5106243.0,1
1789487108.8770266,music,347,28,104069104.0,24275174.0,280799296.0,278814048.0,2637871.25,2798865.75,0.0,9692049.0,2872183.75,29789922.0,9896056.0,782426.0,4588420.0,29554746.0,5822105.0,7065634.0,1
1789487109.0532162,music,349,25,6181919.0,25028604.0,304369632.0,409468608.0,766836.375,1131723.5,0.0,48642560.0,4241382.0,31902688.0,13432678.0,513049.9375,130411.125,124090224.0,2578444.5,1021892.875,1
1789487109.1175485,music,347,31,2158843.75,69426528.0,380999232.0,77952000.0,12640422.0,9234210.0,25070488.0,4041218.0,1842482.0,77081568.0,20928436.0,2152239.5,3853051.0,11983015.0,1810321.75,24096576.0,1
1789487109.3063247,music,343,35,74113864.0,115585248.0,383477056.0,2309258.75,16859930.0,23684536.0,206261184.0,19582808.0,22342374.0,55284788.0,55152456.0,219527904.0,144996752.0,1156670208.0,1526778112.0,1764968192.0,1
1789487109.4652736,music,343,30,68725776.0,82236496.0,303313920.0,6129645.5,31336154.0,270343360.0,103188448.0,4512886.0,2914950.0,10460662.0,2004438.25,0.0,294711.3125,17944580.0,122181112.0,16605785.0,1
1789487109.511671,music,346,22,62741840.0,17873590.0,161881776.0,0.0,1342480.875,0.0,0.0,8008120.0,1974528.5,27031738.0,3524408.25,1383694.5,0.0,51999388.0,121530904.0,8923634.0,1
1789487109.813217,music,339,31,168926848.0,40131692.0,298783648.0,459979904.0,4673304.5,326928192.0,10224316.0,211781648.0,48479688.0,4889365.5,2539921.0,576252.25,1125894.0,46073780.0,14154392.0,3763052.25,1
1789487110.0652585,music,313,28,20861004.0,39786624.0,150301600.0,86795656.0,53397388.0,0.0,1765346.25,1679630.75,73494.90625,1317130.375,580722.625,892353536.0,1836811.25,13677203.0,2980142.0,20817052.0,1
1789487110.1241302,music,316,33,114843088.0,17185594.0,58579004.0,47087108.0,262901472.0,17877452.0,5354516.0,0.0,64858208.0,13427380.0,1784369.25,830729728.0,321715104.0,53841468.0,281433184.0,475185920.0,1
1789487110.224711,music,320,24,33923720.0,7435197.0,31012296.0,80225432.0,91516104.0,0.0,17533406.0,0.0,13263867.0,116109280.0,1538952.75,21470020.0,0.0,8210578.0,13454370.0,66292024.0,1
1789487110.2827933,music,321,25,72839560.0,32893566.0,56339392.0,3606675.5,14610907.0,0.0,1055045.375,6484935.0,8019471.0,250966624.0,85916888.0,62614576.0,41118868.0,0.0,3545178.5,1868377.0,1
1789487110.34495,music,311,28,177643808.0,43967952.0,3456466.5,232237504.0,478209792.0,0.0,2221362.5,17564710.0,12569384.0,0.0,227377.59375,41272340.0,72163224.0,50982800.0,39774784.0,21965974.0,1
1789487110.4452956,music,304,25,3045152.0,113898032.0,238325632.0,5009633.0,31823772.0,157488496.0,219780384.0,0.0,22775332.0,0.0,25370610.0,46064200.0,0.0,26339730.0,182729312.0,1283679232.0,1
1789487110.5023425,music,304,26,1569322.75,15119647.0,49625824.0,28005096.0,58106644.0,335563296.0,678192768.0,1711650.5,0.0,20842224.0,185962336.0,396622784.0,0.0,6351138.0,43914672.0,196012400.0,1
1789487110.5517685,music,304,23,0.0,0.0,31345492.0,0.0,51398988.0,285505920.0,256489152.0,16139541.0,28556642.0,24952772.0,153133360.0,76019248.0,26435122.0,23817296.0,74339008.0,118766480.0,1
1789487110.5976179,music,303,13,0.0,0.0,0.0,20677560.0,82835280.0,160206912.0,0.0,6308437.5,58390336.0,18300140.0,0.0,10051606.0,11201156.0,0.0,3346984.75,43679608.0,1
1789487110.6607444,music,299,24,15607537.0,4461990.0,18515012.0,94255512.0,60842348.0,21803692.0,14578087.0,0.0,3194879.75,40832924.0,0.0,43374488.0,2745636.0,1988301.125,12617419.0,16218473.0,1
1789487110.7239099,music,309,23,31690240.0,0.0,10690931.0,245878960.0,256727312.0,19539946.0,4478310.0,53828016.0,0.0,11696028.0,53951532.0,5194486.5,4175647.75,7586146.0,1777213.375,6581100.0,1
1789487110.797166,music,299,24,944177.375,0.0,10255488.0,71092336.0,105376960.0,75461016.0,28335898.0,14737954.0,10898867.0,10959330.0,63161536.0,16550606.0,0.0,8370321.0,15750227.0,31148292.0,1
1789487110.8555677,music,299,23,0.0,0.0,26120508.0,60354680.0,183551008.0,30917200.0,19344236.0,8390057.0,4365786.0,4513037.5,23962974.0,1871219.5,0.0,4863038.0,124804928.0,290270496.0,1
1789487111.0784373,music,289,27,68403920.0,3223862.25,6863277.0,13601098.0,89579088.0,0.0,11225029.0,3435757.5,0.0,105888904.0,50327064.0,10123996.0,0.0,6194687.0,169414176.0,41521648.0,1
1789487111.1375127,music,287,15,85653552.0,0.0,7992665.0,26409104.0,177364384.0,168037408.0,0.0,0.0,12181293.0,2690088.25,8494017.0,1521466.25,0.0,0.0,0.0,5004235.0,1
1789487111.2013104,music,290,28,214581424.0,5370523.5,1372030.25,0.0,106276624.0,299501280.0,7319016.5,17018646.0,9352926.0,17690284.0,0.0,7448643.0,479184.4375,7927214.0,4911516.0,24639324.0,1
1789487111.265177,music,284,25,221967712.0,0.0,0.0,0.0,361934976.0,546133568.0,8788966.0,6803890.5,7157059.5,35240056.0,14946356.0,2670106.25,17200002.0,1241501.0,13859813.0,2446673.75,1
1789487111.329571,music,284,27,142588064.0,501981.96875,14542165.0,61772100.0,143228256.0,19396804.0,13746380.0,97289136.0,19834940.0,50678240.0,13374894.0,23758282.0,0.0,2429296.25,9217679.0,59821400.0,1
1789487111.4583118,music,287,20,156986816.0,505563.21875,0.0,12084460.0,195858928.0,449342560.0,1778946.125,0.0,0.0,4821668.0,2687964.0,0.0,0.0,2581306.75,8839349.0,8112691.5,1
1789487111.5852816,music,274,22,199572096.0,31595556.0,345443.59375,1639359.0,0.0,0.0,11216767.0,92448432.0,50479104.0,0.0,0.0,12053594.0,2212297.5,2288839.5,33359384.0,3832588.75,1
1789487111.869856,music,262,15,48672608.0,17397458.0,0.0,6726164.5,0.0,70294688.0,1412830.375,0.0,0.0,0.0,3991994.0,22674066.0,0.0,10604641.0,38272256.0,0.0,1
1789487111.930269,music,269,22,110394992.0,24663736.0,6336649.0,62373360.0,33248724.0,132279680.0,293952.75,6863880.0,3777613.0,13257882.0,13431098.0,3836165.0,0.0,2773715.0,0.0,2883261.25,1
1789487111.9949765,music,277,28,91826560.0,48980476.0,175147184.0,45533132.0,3846258.5,73783968.0,45420184.0,21799834.0,0.0,42492428.0,16516226.0,5730825.5,0.0,85898360.0,8934479.0,1533366.25,1
1789487112.091572,music,268,17,78162808.0,31343986.0,0.0,91221560.0,0.0,0.0,0.0,0.0,220411.453125,58194740.0,23931260.0,6293427.5,284157.9375,6060198.0,9676473.0,4350046.5,1
1789487112.1565115,music,280,25,42612256.0,23374464.0,102512200.0,238088288.0,215037296.0,0.0,0.0,9651271.0,8209756.5,5351783.5,9407868.0,10820148.0,1213470.75,1957204.5,13607816.0,5314686.0,1
1789487112.2210047,music,278,26,131228336.0,0.0,86894448.0,291119904.0,63188872.0,180995872.0,0.0,6061772.0,1138032.375,28670012.0,6227509.0,21088480.0,1469479.25,6815482.0,30432488.0,474107.03125,1
1789487112.2858074,music,279,23,64467780.0,26970514.0,130831336.0,245223264.0,12123058.0,0.0,3293052.0,0.0,697227.75,333517.125,11504081.0,2801270.5,0.0,11155055.0,24925944.0,358617.84375,1
1789487112.350991,music,279,22,113114728.0,35175844.0,120170408.0,143143552.0,100992024.0,0.0,67356344.0,0.0,16809334.0,47707056.0,18220926.0,7226657.0,982666.6875,0.0,32536816.0,43013060.0,1
1789487112.3968256,music,278,24,95899128.0,32433590.0,147817632.0,95865192.0,57858684.0,0.0,131776336.0,0.0,11325974.0,53200400.0,12858169.0,11920608.0,0.0,8900211.0,30879854.0,31191248.0,1
1789487112.4603853,music,262,17,157821760.0,5564523.5,12359121.0,26720590.0,29085408.0,78195912.0,271030016.0,0.0,0.0,6175328.0,0.0,2816388.25,3085334.0,0.0,6199716.0,21883576.0,1
1789487112.5255454,music,268,26,81037232.0,23475672.0,230542144.0,8372130.0,36538460.0,0.0,74902696.0,0.0,1163100.125,37581104.0,15643146.0,3816807.0,2080142.125,9512714.0,8616196.0,3193080.75,1
1789487112.5896475,music,257,20,117819776.0,20184492.0,124033936.0,0.0,1665070.375,0.0,0.0,3786065.5,4732987.0,24742256.0,8288040.0,6251133.5,0.0,12244906.0,746172.375,4471077.0,1
1789487112.653604,music,268,25,33540994.0,63673516.0,194676880.0,185407408.0,90836784.0,25435092.0,1861892.875,4164747.25,3586435.0,50409092.0,12121878.0,34583292.0,0.0,1441454.625,3079843.0,1937758.75,1
1789487112.718412,music,268,27,56938280.0,4657186.5,115303392.0,86853568.0,32992460.0,11956337.0,96664680.0,6790878.0,7797043.0,37782300.0,20298324.0,6103250.0,2662718.75,0.0,11599271.0,5900007.0,1
1789487112.767519,music,263,24,51383424.0,11101114.0,81274072.0,181789360.0,15835609.0,66236788.0,45704528.0,0.0,0.0,43478568.0,17858004.0,1135110.75,0.0,1004637.75,10422278.0,11283449.0,1
1789487112.8325431,music,265,21,19535250.0,27865240.0,378086112.0,190878624.0,0.0,0.0,5680790.0,3269904.25,6410756.0,26396788.0,27022820.0,0.0,0.0,2361278.25,0.0,9592202.0,1
1789487112.8982363,music,268,12,0.0,18406094.0,627562880.0,123803424.0,44204856.0,12493076.0,0.0,0.0,0.0,0.0,2410244.25,0.0,0.0,0.0,0.0,4700875.5,1
1789487112.962816,music,263,27,0.0,3086213.25,0.0,15039228.0,17486238.0,0.0,816545152.0,40302264.0,33535988.0,175778624.0,63280348.0,11431718.0,30198412.0,88603824.0,24234148.0,77685888.0,1
1789487113.0266993,music,263,18,0.0,5479796.0,0.0,14917271.0,37487720.0,92631232.0,392669280.0,69704624.0,37941456.0,18096568.0,11654620.0,5426262.5,0.0,14736691.0,0.0,0.0,1
1789487113.0733123,music,266,19,4286865.5,0.0,103207432.0,0.0,8773534.0,31318636.0,171170816.0,0.0,865272.3125,1448157.125,9091077.0,4728010.5,361899.625,0.0,4916033.0,733652.125,1
1789487113.149619,music,254,16,31277164.0,0.0,0.0,131544816.0,76907928.0,0.0,0.0,3104647.5,34344476.0,0.0,333494.6875,10863768.0,2489479.75,0.0,0.0,992408.125,1
1789487113.2142177,music,254,24,32659580.0,0.0,11467641.0,0.0,229921472.0,32413114.0,28695702.0,8848741.0,49738184.0,7026947.0,0.0,30503574.0,4396322.0,12222493.0,12280824.0,3098512.0,1
1789487113.2606058,music,254,25,24262472.0,0.0,0.0,53530904.0,60255348.0,74760920.0,134296512.0,3520692.75,14004105.0,9395845.0,6914870.0,5125978.5,554237.5,29248346.0,7869526.5,2816742.5,1
1789487113.4227154,music,248,18,0.0,14690700.0,286958016.0,0.0,11832642.0,0.0,11511902.0,2759249.0,28384452.0,9697423.0,12055399.0,4873484.5,0.0,3096935.25,1410529.5,1836936.75,1
1789487113.4869812,music,239,8,0.0,20235192.0,249622912.0,0.0,7301637.0,390088.125,0.0,0.0,0.0,1088485.5,0.0,0.0,0.0,10004552.0,0.0,0.0,1
1789487113.5499747,music,248,17,1047439.5625,5982536.5,348277344.0,272082880.0,0.0,8501461.0,0.0,0.0,5188638.0,13287256.0,3729466.0,0.0,193356.78125,1915641.5,0.0,319548.15625,1
1789487113.8016148,music,264,19,0.0,0.0,19879628.0,0.0,7060535.0,15974910.0,0.0,3276310.5,0.0,5311838.5,16499858.0,203222992.0,32363324.0,0.0,2922563.0,5569148.0,1
1789487114.9425814,music,212,13,477981.75,15690392.0,428168896.0,0.0,0.0,0.0,0.0,6185260.0,0.0,0.0,100060.9375,5799387.0,828187.6875,2679221.0,0.0,0.0,1
1789487114.943771,music,255,11,41456256.0,0.0,0.0,2375123.75,0.0,838415.5625,21062842.0,0.0,0.0,310145.53125,171650.53125,0.0,0.0,0.0,0.0,351713.25,1
1789487115.0069883,music,221,16,0.0,0.0,94795688.0,130167584.0,2938537.5,109018960.0,0.0,81126536.0,72972840.0,6281787.0,0.0,3352359.75,0.0,1494736.0,0.0,1922022.5,1
1789487115.288942,music,216,15,9427063.0,60191000.0,0.0,0.0,596973.5625,0.0,0.0,2949833.5,718363.1875,0.0,0.0,4993728.0,3844036.5,3901077.25,1604787.625,937174.625,1
1789487115.3467233,music,193,7,0.0,118560768.0,0.0,0.0,0.0,0.0,0.0,0.0,0.0,24414400.0,0.0,22839216.0,0.0,8471319.0,0.0,0.0,1
1789487115.3474739,music,238,9,17060252.0,0.0,0.0,0.0,12360457.0,8183642.5,1143672.125,455815.1875,0.0,0.0,0.0,11938368.0,0.0,0.0,0.0,0.0,1
1789487115.4088662,music,208,8,0.0,5930115.0,206484352.0,3664040.5,0.0,0.0,0.0,0.0,0.0,5375707.5,0.0,0.0,0.0,0.0,0.0,19535094.0,1
1789487115.471911,music,230,9,15668363.0,0.0,0.0,135880384.0,190863728.0,708985.0,14890494.0,0.0,0.0,0.0,0.0,0.0,0.0,0.0,0.0,964394.375,1
1789487115.5346324,music,230,9,13848104.0,9424120.0,0.0,63989828.0,68895888.0,0.0,0.0,0.0,0.0,0.0,0.0,5132046.0,750089.5,0.0,0.0,0.0,1
1789487115.5854542,music,221,17,13056236.0,0.0,0.0,2163117.75,0.0,0.0,0.0,0.0,22514148.0,8721420.0,4036718.75,1463231.375,827758.0625,19034714.0,39274800.0,8104286.0,1
1789487115.6681178,music,202,8,4966682.5,98252456.0,337192992.0,0.0,554582.5625,0.0,0.0,8254420.5,0.0,0.0,722358.9375,0.0,0.0,0.0,0.0,3467962.0,1
1789487115.72789,music,232,8,12441850.0,0.0,0.0,0.0,191236816.0,103431160.0,0.0,8271090.5,0.0,987259.875,0.0,0.0,0.0,0.0,0.0,0.0,1
1789487115.7918403,music,235,10,9531134.0,0.0,0.0,0.0,114571280.0,19264616.0,8759142.0,0.0,0.0,0.0,0.0,8219825.0,0.0,0.0,0.0,1039527.9375,1
1789487115.9856346,music,207,10,0.0,0.0,0.0,0.0,32378276.0,7959094.0,0.0,0.0,3708113.25,1646770.375,0.0,862708.875,2071959.5,31813740.0,17090506.0,0.0,1
1789487116.0451503,music,177,4,0.0,0.0,112362120.0,0.0,0.0,0.0,0.0,0.0,0.0,0.0,0.0,0.0,1584142.75,0.0,0.0,0.0,1
1789487116.0459497,music,219,13,2532864.0,0.0,0.0,0.0,23662170.0,875702.9375,426902.0625,0.0,0.0,3021126.25,0.0,24415004.0,0.0,8900426.0,0.0,0.0,1
1789487116.1074686,music,191,13,0.0,0.0,38112736.0,0.0,0.0,0.0,1601749.0,6420242.0,0.0,6864276.5,51332396.0,96424272.0,897432.625,509384.3125,0.0,6309424.5,1
1789487116.2375216,music,179,5,400127.9375,4555602.0,0.0,0.0,10884058.0,21445712.0,0.0,0.0,0.0,0.0,0.0,0.0,0.0,0.0,0.0,0.0,1
1789487116.2981741,music,192,12,5421244.0,30768764.0,0.0,14666968.0,14725876.0,25482584.0,0.0,0.0,0.0,0.0,3360328.0,15669699.0,0.0,2777089.5,0.0,0.0,1
1789487116.363277,music,216,11,0.0,0.0,0.0,0.0,26695552.0,44484376.0,0.0,18421646.0,0.0,0.0,8241215.0,3076162.5,0.0,7332262.5,16730452.0,0.0,1
1789487116.460378,music,188,22,3159527.75,26082908.0,0.0,0.0,4721655.5,67309568.0,4033303.25,9645472.0,25109292.0,640926.125,1393650.5,204068160.0,1819366.5,0.0,58972140.0,5416835.0,1
1789487116.587563,music,189,20,2078280.5,74574720.0,160985392.0,1047466.125,118320160.0,16362663.0,9772619.0,0.0,0.0,0.0,2107008.0,0.0,2397241.5,20809030.0,48258332.0,2262139.0,1
1789487116.652335,music,191,17,2009434.625,0.0,0.0,0.0,0.0,18448142.0,5130873.5,0.0,10176903.0,1883919.375,0.0,0.0,3374239.0,7103771.5,17624130.0,1937531.0,1
1789487116.77655,music,171,12,10294905.0,57838816.0,190279632.0,0.0,0.0,2506505.25,0.0,0.0,0.0,0.0,741134.75,23977406.0,0.0,0.0,0.0,0.0,1
1789487116.8406098,music,181,12,44008344.0,43979164.0,71472616.0,0.0,7214865.5,0.0,0.0,0.0,0.0,0.0,3943113.25,5646725.0,0.0,481287.0625,0.0,8618443.0,1
1789487117.0632944,music,167,16,0.0,257559552.0,5486104.0,0.0,0.0,3781862.5,0.0,874381.75,3755340.5,4674988.5,9488240.0,20467284.0,0.0,2067788.5,0.0,0.0,1
1789487117.0641172,music,217,4,0.0,0.0,0.0,0.0,0.0,0.0,140479696.0,0.0,0.0,0.0,0.0,0.0,0.0,572220.1875,0.0,0.0,1
1789487117.122666,music,181,20,17054808.0,104922544.0,71062312.0,0.0,0.0,0.0,0.0,0.0,2724755.25,1349411.75,8943454.0,74015544.0,4779841.0,160149536.0,287898176.0,19183272.0,1
1789487117.1864922,music,181,21,58087500.0,622914176.0,14218002.0,0.0,3776893.0,7319866.5,0.0,6959131.5,15928148.0,0.0,7411539.0,11225190.0,6030060.0,1057987.0,9180294.0,1025363.0,1
1789487117.2840881,music,181,9,0.0,0.0,0.0,0.0,5372916.5,447499.875,6230674.0,796374.375,0.0,0.0,1036743.25,3004340.5,0.0,0.0,5224222.0,0.0,1
1789487117.3294654,music,182,11,0.0,0.0,0.0,0.0,3518491.75,0.0,2940635.5,1694082.875,14835988.0,0.0,1205221.375,7656924.5,5003997.0,0.0,0.0,0.0,1
1789487117.3932273,music,179,4,5038099.0,62002464.0,0.0,0.0,0.0,0.0,0.0,0.0,0.0,0.0,0.0,4362188.0,0.0,0.0,559225.75,0.0,1
1789487117.6326916,music,192,8,0.0,0.0,0.0,0.0,0.0,195640704.0,117245016.0,0.0,0.0,41275168.0,0.0,22977594.0,0.0,965907.625,0.0,0.0,1
1789487117.6928463,music,175,18,0.0,396848256.0,106543568.0,0.0,4163947.75,259853568.0,8797386.0,275838336.0,0.0,0.0,0.0,24864186.0,12864938.0,46783860.0,0.0,37323464.0,1
1789487117.7576754,music,189,16,0.0,61155052.0,22006018.0,0.0,4607131.5,85243224.0,239163440.0,106175696.0,51222760.0,0.0,0.0,12123388.0,33666524.0,179696048.0,26597454.0,0.0,1
1789487117.8225608,music,188,13,0.0,0.0,1983269.5,0.0,9646700.0,165392384.0,57941848.0,45196200.0,30608386.0,0.0,1357719.75,17244860.0,8096885.0,0.0,0.0,0.0,1
1789487117.948746,music,166,15,30437968.0,243548800.0,91978016.0,0.0,4402074.5,0.0,8828818.0,5871973.0,2970831.5,0.0,1314092.75,8203277.0,4064273.25,0.0,0.0,0.0,1
1789487118.0087647,music,188,7,0.0,0.0,0.0,0.0,0.0,0.0,43014608.0,718596.25,0.0,0.0,0.0,10550283.0,0.0,0.0,8982760.0,0.0,1
1789487118.0722032,music,156,11,14356075.0,178228288.0,1578335104.0,0.0,0.0,3226590.0,0.0,0.0,0.0,0.0,0.0,652129.875,746865.0,0.0,1725893.625,0.0,1
1789487118.1353087,music,156,6,0.0,0.0,1496203264.0,0.0,0.0,0.0,9654234.0,0.0,0.0,0.0,0.0,0.0,2577555.0,1823389.0,0.0,0.0,1
1789487118.1834488,music,158,7,0.0,0.0,1801558144.0,0.0,0.0,0.0,1527453.375,0.0,0.0,0.0,1728098.375,0.0,3157096.75,0.0,3741129.0,0.0,1
1789487118.2464952,music,158,6,3851177.0,0.0,0.0,0.0,0.0,7655076.5,749094.5,0.0,0.0,0.0,0.0,9454950.0,0.0,0.0,0.0,0.0,1
1789487118.2923322,music,158,14,69534.4453125,0.0,0.0,0.0,216769.40625,4462831.0,6700608.5,6263457.0,0.0,1509677.25,1849385.5,7369126.0,3656592.75,0.0,0.0,1501283.25,1
1789487118.3413503,music,160,21,46279992.0,200677504.0,312426976.0,0.0,0.0,0.0,25055968.0,14500739.0,0.0,72999160.0,86616960.0,33735312.0,47528088.0,0.0,644525696.0,307735200.0,1
1789487118.4051254,music,158,6,0.0,43898020.0,523163840.0,0.0,0.0,0.0,0.0,0.0,0.0,0.0,0.0,35630800.0,0.0,0.0,14513970.0,0.0,1
1789487118.4683018,music,158,13,29286078.0,3570086.0,599060992.0,60676708.0,0.0,646448.125,0.0,0.0,0.0,0.0,1825970.125,23267948.0,26870788.0,2760592.25,0.0,0.0,1
1789487118.5133374,music,159,12,8185898.0,216537312.0,776747584.0,0.0,0.0,0.0,0.0,0.0,0.0,0.0,0.0,19351224.0,5758530.5,0.0,2841003.0,0.0,1
1789487119.0253298,music,161,12,0.0,148974928.0,219767632.0,0.0,0.0,1730117.125,50663292.0,0.0,8465830.0,0.0,0.0,5115121.0,0.0,1653499.375,11807029.0,0.0,1
1789487119.084199,music,161,6,0.0,101277872.0,0.0,0.0,0.0,0.0,0.0,0.0,0.0,0.0,0.0,5911279.0,0.0,542342.125,41422240.0,0.0,1
1789487119.1334765,music,161,12,0.0,0.0,0.0,0.0,0.0,3672214.0,40116288.0,559941.0625,0.0,0.0,0.0,4436432.0,4898324.0,4556923.0,0.0,0.0,1
1789487119.1793647,music,176,16,19433208.0,61390968.0,0.0,0.0,1368535.5,2146013.75,55308496.0,871820.625,0.0,0.0,0.0,22508224.0,7907158.0,12568224.0,0.0,0.0,1
1789487119.2436996,music,169,12,25072270.0,204443840.0,0.0,0.0,0.0,6969248.0,0.0,2310076.75,0.0,0.0,0.0,1547323.375,8474612.0,10463937.0,0.0,1772821.875,1
1789487119.3078473,music,168,9,10614706.0,18609372.0,561769600.0,0.0,289160.5625,2249304.25,0.0,0.0,0.0,30887416.0,0.0,0.0,0.0,278220.3125,0.0,0.0,1
1789487119.3719225,music,172,8,0.0,79239424.0,0.0,0.0,0.0,3106789.5,0.0,0.0,0.0,0.0,0.0,8947480.0,0.0,22844920.0,2080499.25,0.0,1
1789487119.4366903,music,176,10,0.0,33766752.0,0.0,0.0,14349822.0,0.0,0.0,0.0,0.0,0.0,0.0,0.0,9368756.0,2683894.0,14765233.0,8291187.0,1
1789487119.5017927,music,176,17,0.0,3867975.0,0.0,0.0,5827219.0,1196955.5,12009492.0,20847672.0,66543396.0,0.0,0.0,132825264.0,24832166.0,2270651.5,8874776.0,0.0,1
1789487119.5478413,music,175,15,0.0,25472758.0,293217024.0,0.0,0.0,8426088.0,23895218.0,0.0,13253158.0,0.0,0.0,2492779.25,15824530.0,2616572.0,0.0,0.0,1
1789487119.6121018,music,154,9,0.0,139147936.0,79540960.0,0.0,0.0,0.0,0.0,0.0,0.0,0.0,0.0,25241938.0,4675309.0,0.0,6495420.0,16437073.0,1
1789487119.67475,music,154,6,0.0,89975888.0,0.0,0.0,0.0,0.0,0.0,0.0,20530118.0,0.0,0.0,26698680.0,5373787.0,7157227.0,0.0,0.0,1
1789487119.7200058,music,174,12,3826621.75,0.0,8808037.0,0.0,0.0,0.0,35589828.0,0.0,2834164.0,0.0,0.0,35637104.0,3738539.0,1076455.375,18815946.0,0.0,1
1789487119.7846491,music,173,19,3156039.5,4908228.5,28643012.0,0.0,0.0,17116870.0,27741218.0,2730545.75,13422398.0,1159473.5,1945438.25,54239660.0,3709740.5,492439.875,0.0,0.0,1
1789487119.8494048,music,175,15,72412704.0,29534588.0,0.0,0.0,22365962.0,31375548.0,41317832.0,0.0,0.0,0.0,0.0,46613800.0,21407752.0,3086340.75,8333525.0,0.0,1
1789487119.9131958,music,159,10,28477882.0,0.0,0.0,0.0,2205367.25,0.0,0.0,0.0,0.0,74476608.0,0.0,25052804.0,1119436.625,18172576.0,0.0,0.0,1
1789487119.9780555,music,192,9,2569686.0,0.0,0.0,0.0,0.0,1451816.75,306373056.0,428132.96875,40687520.0,0.0,0.0,0.0,0.0,313666.71875,0.0,0.0,1
1789487120.041525,music,171,12,54767536.0,9842882.0,0.0,0.0,0.0,1095602.25,0.0,0.0,11625131.0,3687071.75,0.0,47773488.0,0.0,82148.1015625,3226574.5,0.0,1
1789487120.1062534,music,176,14,37217136.0,0.0,0.0,0.0,0.0,11347359.0,0.0,0.0,0.0,0.0,0.0,342417248.0,12068370.0,30086920.0,3533567.5,0.0,1
1789487120.1718657,music,176,17,1540767.25,22172988.0,0.0,0.0,0.0,17239870.0,40520976.0,617798.4375,16444273.0,8291003.0,0.0,77309488.0,7992298.5,5672349.5,0.0,0.0,1
1789487120.2176902,music,176,17,85372800.0,10359981.0,35437984.0,0.0,0.0,5276229.5,10750046.0,457139.625,0.0,0.0,2215863.25,0.0,6227127.5,978879.25,20324586.0,0.0,1
1789487120.3871644,music,151,14,80775784.0,0.0,527464.875,0.0,0.0,0.0,0.0,0.0,2918597.5,0.0,0.0,16613957.0,22699832.0,691248768.0,7851991.0,0.0,1
1789487120.4473674,music,164,15,61530560.0,3856185.75,11023013.0,0.0,0.0,9505300.0,50860536.0,0.0,0.0,0.0,0.0,10019165.0,8160908.0,13280231.0,7234832.5,386741.6875,1
1789487120.5112123,music,165,11,49569952.0,0.0,0.0,0.0,248375.671875,0.0,0.0,0.0,9533704.0,0.0,3025083.5,10630591.0,2106086.25,0.0,1492170.5,0.0,1
1789487120.7031012,music,164,11,229425792.0,66014124.0,0.0,0.0,0.0,32133296.0,19056612.0,4465084.5,0.0,0.0,0.0,0.0,0.0,0.0,0.0,1249786.25,1
1789487121.3069484,music,134,16,0.0,31652612.0,83923848.0,0.0,2164059.75,3564107.75,22991644.0,0.0,32353596.0,168327168.0,0.0,0.0,284937152.0,1228710528.0,317652160.0,392064832.0,1
1789487121.4648793,music,139,10,77554608.0,91069520.0,369467904.0,0.0,0.0,0.0,0.0,7672809.0,0.0,0.0,0.0,0.0,0.0,0.0,2022221.875,0.0,1
1789487121.5914073,music,132,10,53015136.0,74995752.0,385852032.0,270288.40625,0.0,0.0,0.0,20793164.0,0.0,0.0,0.0,1120799.625,0.0,0.0,0.0,0.0,1
1789487121.648983,music,124,15,14412539.0,74560456.0,341142272.0,0.0,0.0,0.0,1291535.0,25914474.0,0.0,1080280.875,915789.0625,1885718.5,2061780.25,5100730.5,606389.25,0.0,1
1789487121.7821236,music,79,12,0.0,0.0,0.0,0.0,0.0,0.0,0.0,0.0,0.0,3344837.0,4891039.5,27230420.0,13329695.0,121479056.0,115682216.0,0.0,1
1789487121.7829463,music,122,13,30271028.0,33984096.0,370632960.0,2933401.75,0.0,223866960.0,50261484.0,16536620.0,0.0,0.0,0.0,0.0,0.0,0.0,0.0,0.0,1
1789487121.844837,music,80,14,17366274.0,0.0,0.0,0.0,2589604.5,0.0,0.0,0.0,0.0,1009749.875,112688800.0,0.0,8951680.0,109178656.0,8248580.5,4102760.75,1
1789487121.908858,music,106,12,27138736.0,72905136.0,324476160.0,0.0,0.0,0.0,14106569.0,55794476.0,14679886.0,0.0,0.0,0.0,0.0,0.0,0.0,787652.6875,1
1789487121.9756405,music,48,4,0.0,0.0,0.0,0.0,0.0,0.0,0.0,0.0,0.0,0.0,283871104.0,33361716.0,0.0,0.0,412402.375,0.0,1
1789487121.976377,music,120,6,3343125.5,28239818.0,122806336.0,0.0,0.0,0.0,0.0,160210144.0,19934808.0,0.0,0.0,0.0,0.0,0.0,0.0,0.0,1
1789487121.9770887,music,85,13,29885698.0,0.0,0.0,0.0,1449117696.0,2080915.875,283013.5,0.0,1009873.25,1751039.625,0.0,554544.25,0.0,3528786.5,1016672.0,2610564.75,1
1789487122.09776,music,86,15,44846544.0,0.0,140101936.0,0.0,0.0,0.0,30281782.0,0.0,0.0,1352520.5,40500856.0,19423976.0,21732432.0,24608038.0,3485000.25,0.0,1
1789487122.1629333,music,71,17,0.0,103084040.0,102985128.0,0.0,801635200.0,558580800.0,0.0,1542902.0,0.0,14164360.0,19364564.0,4486213.5,789884.4375,7335182.0,5184279.5,1790646.875,1
1789487123.55309,music,82,19,0.0,25409950.0,0.0,0.0,0.0,0.0,27730182.0,220684928.0,0.0,11089168.0,5979471.0,82898968.0,271830592.0,211214336.0,9645462.0,159147776.0,1
1789487123.6810217,music,101,13,147260528.0,0.0,0.0,0.0,0.0,16604621.0,208505600.0,0.0,0.0,5727112.0,0.0,172486096.0,2400804.75,2635427.25,0.0,0.0,1
1789487123.7509384,music,101,4,0.0,0.0,0.0,0.0,0.0,0.0,0.0,0.0,0.0,0.0,0.0,99538800.0,0.0,6493702.0,0.0,0.0,1
1789487123.9352143,music,142,13,98058336.0,0.0,0.0,0.0,0.0,12568047.0,0.0,8798129.0,19799524.0,20480048.0,0.0,24016476.0,9948521.0,4514952.0,4656973.5,0.0,1
1789487123.9997234,music,161,12,76329384.0,62499604.0,0.0,0.0,2847875.0,4643267.0,25586268.0,364977.875,0.0,0.0,0.0,0.0,4359439.5,1674394.625,0.0,0.0,1
1789487124.0639946,music,159,18,51225508.0,286059392.0,0.0,0.0,0.0,10022512.0,13143832.0,36957232.0,12167155.0,0.0,0.0,26768756.0,198936.59375,281039.03125,0.0,0.0,1
1789487124.1271868,music,164,12,94237776.0,347171296.0,552728448.0,0.0,0.0,12222904.0,65574216.0,0.0,0.0,0.0,0.0,62440536.0,0.0,0.0,0.0,0.0,1
1789487124.1907809,music,144,8,5074628.0,0.0,1863176704.0,0.0,1325040.875,0.0,0.0,0.0,0.0,0.0,0.0,0.0,0.0,1195610.75,11237488.0,0.0,1
1789487124.254169,music,171,12,81337544.0,252970032.0,879019392.0,1343587.375,0.0,2203524.5,0.0,0.0,0.0,0.0,6105293.5,0.0,0.0,10962942.0,0.0,0.0,1
1789487124.3196516,music,174,15,103579472.0,98125304.0,322209472.0,3012321.5,0.0,31273628.0,0.0,5093579.5,0.0,0.0,9258698.0,236788032.0,0.0,0.0,0.0,107655728.0,1
1789487124.3843808,music,175,14,102681504.0,332452544.0,767415680.0,0.0,0.0,0.0,0.0,0.0,0.0,0.0,18981208.0,0.0,912384.375,8010122.0,16024339.0,12812209.0,1
1789487124.4486098,music,175,11,36522976.0,0.0,0.0,0.0,634124.125,1505414.75,183264384.0,33022734.0,0.0,0.0,1356758.75,13029258.0,0.0,0.0,13542488.0,0.0,1
1789487124.4937232,music,178,18,42169032.0,683063360.0,342024384.0,0.0,0.0,2370594.5,23027340.0,0.0,4462349.0,1549894.5,6365650.0,3611236.25,0.0,3624200.5,23100124.0,11660740.0,1
1789487124.558723,music,191,18,112752320.0,83993104.0,512920416.0,32133122.0,1614521.25,0.0,18008972.0,0.0,0.0,0.0,5028271.5,15102257.0,5926355.5,5800607.0,11717360.0,0.0,1
1789487124.6231372,music,202,23,58036296.0,1225894400.0,427856608.0,0.0,110505568.0,542417.1875,51743120.0,33288602.0,0.0,9547230.0,4433249.5,0.0,3356273.0,1472682.0,7250404.5,10939264.0,1
1789487124.687953,music,200,16,47167292.0,617364032.0,0.0,0.0,0.0,1864447.5,36698604.0,0.0,7026261.0,0.0,1912144.5,2940258.5,410981.0,2266164.0,9657340.0,0.0,1
1789487124.7513769,music,215,15,41060360.0,156769104.0,0.0,0.0,0.0,0.0,11566375.0,5529165.0,64564372.0,0.0,0.0,0.0,114819.5859375,22613552.0,0.0,2481847.0,1
1789487124.9180458,music,246,25,33620528.0,0.0,94234016.0,601374912.0,915426.375,1136037.25,3364658.75,6377406.0,2742439.5,29355690.0,4573042.0,0.0,2083368.75,14968889.0,13282962.0,20768648.0,1
1789487124.9772096,music,242,21,25368388.0,0.0,0.0,1529913344.0,313333760.0,1152512.0,13959859.0,18437636.0,7520176.5,13179588.0,4572199.0,12562602.0,0.0,2426017.25,2647069.25,2970791.0,1
1789487125.0507922,music,242,16,32644040.0,157952704.0,0.0,0.0,3823776.0,425338.15625,12046212.0,0.0,0.0,1806080.25,297529.0625,7271753.0,0.0,0.0,2197555.0,6884202.0,1
1789487125.0972075,music,243,11,38626656.0,0.0,0.0,0.0,11710064.0,0.0,6625507.0,1579983.625,0.0,0.0,0.0,2525578.0,571162.0625,0.0,0.0,2105335.5,1
1789487125.233318,music,252,26,26522784.0,34518588.0,255109488.0,56270764.0,80669008.0,4069263.5,37917924.0,2205841.5,6907044.5,14765144.0,688662.5,0.0,282105.46875,0.0,308509.875,5676906.0,1
1789487125.2938743,music,263,22,22534800.0,0.0,41613332.0,72067416.0,125018240.0,621688.6875,13188440.0,3637225.0,6636905.0,168977.796875,609248.5625,1985067.0,390915.3125,0.0,4178188.25,0.0,1
1789487127.1009119,music,332,14,374895456.0,101760920.0,17660592.0,21253352.0,0.0,4730301.5,162706.078125,0.0,1334016.25,0.0,0.0,0.0,0.0,133174.875,0.0,246866.875,1
1789487127.2914543,music,319,12,0.0,0.0,0.0,1136717.75,0.0,0.0,0.0,175575.328125,0.0,749179.1875,9951352.0,52707828.0,4878075.0,31777396.0,49907300.0,182538304.0,1
1789487127.3498926,music,323,25,0.0,10143414.0,12940290.0,3025795.5,24535220.0,571108.0625,213965440.0,15027062.0,3806101.0,178521408.0,5357576.5,5676177.0,40916968.0,70913928.0,80434208.0,111283800.0,1
1789487127.4119911,music,326,12,0.0,18188682.0,0.0,25152922.0,96297536.0,0.0,52169076.0,0.0,20617332.0,0.0,0.0,0.0,1254314.0,80743264.0,132665992.0,0.0,1
1789487128.0520055,music,325,28,807192.0,0.0,6116667.0,7242800.0,31175334.0,27702944.0,320791040.0,169587104.0,248166208.0,36114128.0,21368758.0,54827220.0,0.0,516601824.0,123485376.0,41549500.0,1
1789487128.1107967,music,336,28,3151495.5,17696576.0,77197768.0,609633.125,27155320.0,71156384.0,43151152.0,328051392.0,769779584.0,0.0,30158424.0,22748312.0,3368342.0,42288048.0,13649524.0,13913409.0,1
1789487128.174272,music,333,21,0.0,532126.3125,2017937536.0,737387.5625,48179660.0,249559248.0,2716773.75,0.0,12230356.0,9895128.0,1673352.25,1575024.875,0.0,1603440.625,8709390.0,0.0,1
1789487128.401047,music,338,27,0.0,0.0,57005912.0,8743367.0,22226396.0,5126089.5,6751308.0,8835428.0,3921036.5,68324552.0,86359112.0,115519392.0,539193664.0,518220704.0,140821088.0,15519196.0,1
1789487128.4600496,music,340,27,189565296.0,22675246.0,244130432.0,334200512.0,68163008.0,90362144.0,0.0,18844808.0,88723824.0,23208438.0,17669636.0,0.0,209666000.0,1354843264.0,137707888.0,284975744.0,1
1789487128.523646,music,339,21,0.0,4711747.0,49348368.0,100590608.0,67969544.0,0.0,0.0,38502572.0,12130922.0,180446944.0,740979968.0,1723779328.0,0.0,0.0,0.0,982144.375,1
1789487128.5881858,music,340,24,2694756.25,0.0,45377572.0,3875287.0,2042611200.0,428906240.0,2993264.25,0.0,0.0,322645056.0,147386976.0,150789952.0,113759072.0,206956704.0,16514994.0,4279677.0,1
1789487128.6523137,music,335,23,0.0,782315.6875,68033408.0,40944648.0,30048200.0,1231745536.0,9685930.0,0.0,12158480.0,1944159232.0,844281472.0,44953804.0,0.0,22717192.0,168740752.0,1184719.875,1
1789487128.7149534,music,339,22,4272983.0,2787793.75,0.0,0.0,9225654.0,0.0,1166650.625,13368939.0,32318120.0,1918112512.0,782344512.0,25491958.0,0.0,49812528.0,1185298048.0,27197740.0,1
1789487128.7787097,music,339,30,12821689.0,4517170.0,5429460.0,9295986.0,569027712.0,1310071040.0,4053347.5,618170.9375,25696588.0,935240832.0,515949472.0,66799648.0,32922102.0,92588752.0,1068563456.0,3343238.5,1
1789487128.8275993,music,340,29,455004096.0,101293872.0,216249952.0,159421856.0,0.0,1284345088.0,194341584.0,7018698.5,0.0,83001064.0,0.0,17971660.0,21769456.0,104457880.0,3094053376.0,62273280.0,1
1789487128.8925695,music,342,29,158034256.0,2540141.5,33611120.0,0.0,149945296.0,558897664.0,0.0,69346.0703125,10313246.0,480174048.0,27023124.0,18119148.0,8309352.0,1904946048.0,3327225344.0,229587296.0,1
1789487128.9572558,music,342,29,207937664.0,0.0,17250228.0,5097766.0,136992784.0,161963520.0,0.0,2333595.0,17551054.0,664149824.0,562265088.0,20479230.0,17998744.0,8509172.0,460327552.0,39939456.0,1
1789487129.0069792,music,343,34,106214040.0,8017815.0,60728044.0,2036137.5,136182848.0,672685952.0,21014522.0,5198894.5,10337932.0,197561520.0,190010624.0,97404424.0,2370274.25,40934288.0,799002112.0,30231564.0,1
1789487129.0707233,music,343,35,169674288.0,133984832.0,110874200.0,5642101.0,51432136.0,26105160.0,75813904.0,5774266.0,14810109.0,689632448.0,417182528.0,25217180.0,27996746.0,15841346.0,17917084.0,5980356.0,1
1789487129.1173992,music,343,36,183614416.0,139043648.0,175220064.0,787106.25,66080840.0,183137952.0,129187640.0,1188775.125,6177105.0,1235840000.0,154561296.0,150090176.0,3886912.25,49661616.0,59850420.0,40363416.0,1
1789487129.1674404,music,343,27,230532848.0,0.0,154971408.0,0.0,33844964.0,24431180.0,199823168.0,7358954.0,20202904.0,319157760.0,33446632.0,0.0,3813571.0,30709682.0,41593936.0,18115528.0,1
1789487129.213057,music,340,25,2212269056.0,23695740.0,119708032.0,7906519.0,14303880.0,9749678.0,14170547.0,1701363.5,53835912.0,488114048.0,212931712.0,16575281.0,6780239.5,1486426880.0,7843775488.0,782355648.0,1
1789487129.2772312,music,347,28,1576779776.0,42678304.0,65204116.0,1706414.5,4579745.0,821806976.0,19893858.0,0.0,36860856.0,88163752.0,37900324.0,7277967.5,0.0,170971344.0,196900304.0,40601264.0,1
1789487129.342051,music,345,27,274782976.0,58078196.0,41910780.0,0.0,96155192.0,0.0,160422384.0,2040815.0,15673003.0,21044890.0,9882476.0,16169034.0,8032927.0,47588468.0,338018016.0,4692892.5,1
1789487129.4065993,music,348,32,1398371072.0,47139944.0,14154155.0,706119.5,14873421.0,196548048.0,214064560.0,175863.78125,6283625.0,747328192.0,321573792.0,10515953.0,3022414.5,18570970.0,38620752.0,3620681.25,1
1789487129.470232,music,340,33,1021917568.0,36050640.0,16326256.0,863732.375,79772528.0,680573952.0,20665314.0,804335.125,4668060.5,217990048.0,131851096.0,17998442.0,315372.84375,45587020.0,394933760.0,11419736.0,1
1789487129.534399,music,340,34,170611376.0,53939200.0,12487802.0,2166633.0,70752232.0,422299392.0,122211576.0,4236446.5,35498284.0,59198040.0,30879790.0,7359349.5,4788292.0,46758724.0,287080992.0,7047007.0,1
1789487129.5833526,music,339,26,773595520.0,708142464.0,84193192.0,18888662.0,13061056.0,0.0,168756256.0,36032488.0,10419408.0,0.0,54003084.0,21226038.0,38070504.0,357435200.0,1252169344.0,1212508672.0,1
1789487129.6481702,music,336,16,605253376.0,266766944.0,17363550.0,0.0,0.0,0.0,1212889472.0,2183722.5,0.0,6277370.0,49002968.0,709029888.0,0.0,2966380.0,0.0,15581783.0,1
1789487129.8281426,music,348,27,268968512.0,81659608.0,89136880.0,2226718.5,3975790.25,0.0,83774512.0,7890474.5,2618411.0,76203456.0,22630562.0,53346952.0,314769.25,8326748.5,112007136.0,59810920.0,1
1789487129.9223442,music,340,31,406280000.0,821583296.0,35489628.0,21792478.0,20515128.0,21218470.0,0.0,10832516.0,107681408.0,78297568.0,107126240.0,370830976.0,126762008.0,112070976.0,287262336.0,214450256.0,1
1789487129.9834034,music,344,22,34179288.0,0.0,1855202560.0,1900350.5,8012542.0,0.0,0.0,6750293.5,19772066.0,3146462.5,0.0,0.0,34267688.0,149255440.0,38459892.0,218206160.0,1
1789487130.0480068,music,344,24,0.0,170833472.0,1375872384.0,915431.625,635644.6875,3039958.5,0.0,2195102.5,6144240.0,6398801.0,5503155.0,88655176.0,0.0,7350751.5,8942519.0,78977872.0,1
1789487130.0972896,music,345,29,96065224.0,181561472.0,1395059328.0,3352177.5,9079633.0,34386000.0,0.0,11371734.0,11428134.0,53053376.0,6026933.0,34850644.0,12276710.0,11860246.0,0.0,0.0,1
1789487130.162171,music,344,36,32802826.0,163317984.0,2305089792.0,3873102.5,3316709.0,0.0,729976000.0,253045.3125,1743840.0,19901540.0,31899856.0,68676816.0,35152576.0,19463830.0,25454836.0,9036848.0,1
1789487130.226596,music,343,31,26247470.0,79123344.0,2837601280.0,1131014.25,3820088.25,40546940.0,189949456.0,635450.125,12788678.0,27213814.0,6575435.0,15674127.0,96998888.0,28204516.0,11407670.0,10657282.0,1
1789487130.2910786,music,342,29,21347660.0,51600044.0,1945940480.0,5098217.0,1449190400.0,1156674560.0,134140560.0,1948277.125,0.0,19448638.0,4446301.5,47923364.0,38236696.0,232741344.0,84010280.0,15222402.0,1
1789487130.3549826,music,341,25,33954352.0,157503280.0,1195938304.0,0.0,0.0,405447968.0,81670304.0,2136335.0,0.0,296215168.0,172151056.0,24909736.0,5147073.0,69471952.0,234395360.0,12711318.0,1
1789487130.4187937,music,340,29,65975536.0,93661136.0,1242900096.0,711370.6875,0.0,0.0,301783360.0,2582360.5,1600524.25,166091696.0,357316.6875,22975952.0,2235069.0,126458152.0,1383756416.0,101301040.0,1
1789487130.4816546,music,340,22,7503628.0,75567152.0,1014718592.0,4945452.5,7275897.5,899894016.0,120816640.0,1493804.5,0.0,2980374.5,0.0,0.0,10224716.0,275573216.0,1563585280.0,4461912.0,1
1789487130.5304365,music,340,31,84382640.0,35318216.0,942196928.0,0.0,486910752.0,2703987200.0,515236640.0,427755.875,5263836.0,112543472.0,67720384.0,21471836.0,4090306.5,330849152.0,150538128.0,10577900.0,1
1789487130.5755522,music,341,21,94182888.0,0.0,1042231296.0,0.0,303632.46875,0.0,71848952.0,978097.375,1855074.75,0.0,0.0,963172.0,6629840.0,169352688.0,1809851136.0,38410056.0,1
1789487130.639197,music,343,32,103620232.0,28216264.0,987218048.0,13839034.0,92677920.0,374208096.0,495677856.0,1087102.25,21639622.0,352266240.0,130945792.0,147746608.0,0.0,276950272.0,1352071168.0,32411368.0,1
1789487130.702638,music,343,23,15681816.0,46925432.0,161872880.0,37116440.0,52982320.0,229851712.0,160116928.0,1345583.25,3058817.5,57124504.0,0.0,5283630.0,18394512.0,5145299.5,40525652.0,16612422.0,1
1789487130.7521536,music,343,24,12248888.0,101285632.0,141788896.0,21750386.0,97029824.0,220809600.0,33633392.0,14734579.0,22440708.0,50860384.0,0.0,16376074.0,14515199.0,5039867.5,37967692.0,22673472.0,1
1789487130.7987125,music,343,30,29535458.0,60856592.0,632019200.0,215889.1875,75282488.0,247013488.0,106759592.0,0.0,6617591.0,106559888.0,62232152.0,8835034.0,3389220.25,37470428.0,0.0,19711404.0,1
1789487130.8475816,music,341,31,90320056.0,46390624.0,1109810688.0,1295938944.0,84244240.0,143522624.0,185886736.0,1078627.5,28709800.0,15786744.0,17333340.0,17887824.0,17807184.0,88560736.0,330802240.0,159514016.0,1
1789487130.9121735,music,341,24,52200100.0,30153846.0,224191456.0,34649128.0,0.0,0.0,0.0,1467245.75,2915485.25,27136812.0,1267071.625,12721754.0,81633696.0,106085392.0,37250600.0,7088759.0,1
1789487130.958523,music,340,31,24766576.0,5295342.0,127588656.0,0.0,11030554.0,13630724.0,2616184576.0,335280.9375,1306464.25,73327576.0,13341911.0,6799973.0,25513808.0,377123776.0,442777376.0,18351074.0,1
1789487131.0227804,music,339,32,51256060.0,3204975.5,398508992.0,15814514.0,19591598.0,222191440.0,614930688.0,8282682.5,246890672.0,353864032.0,3761074.5,10571976.0,55443320.0,18494592.0,181128960.0,776412224.0,1
1789487131.0874498,music,339,25,70672560.0,11371678.0,231686528.0,14178030.0,178149824.0,101482496.0,432847808.0,94001664.0,396226432.0,194852352.0,12162091.0,0.0,44616788.0,222096880.0,500164960.0,157434160.0,1
1789487131.1368046,music,341,23,50572356.0,116363504.0,453897856.0,77847872.0,259065312.0,148594208.0,171316832.0,0.0,585934592.0,129102968.0,0.0,0.0,0.0,449452128.0,446096896.0,309027104.0,1
1789487131.2009466,music,342,33,133690464.0,66454208.0,589752448.0,155186720.0,75351888.0,24161826.0,245220288.0,180825952.0,136315936.0,326334240.0,75702256.0,31865682.0,11919053.0,329646176.0,672324928.0,35750624.0,1
1789487131.2652614,music,340,29,26820448.0,0.0,291489728.0,59479648.0,101496400.0,134591600.0,67272440.0,140478752.0,366018272.0,606656832.0,27459236.0,26456090.0,96592424.0,288585792.0,343062144.0,0.0,1
1789487131.3299315,music,341,27,56324260.0,149180624.0,418353984.0,0.0,51508976.0,283292096.0,146712368.0,48185760.0,138573696.0,182265168.0,13813622.0,32313684.0,16208264.0,90840640.0,95579920.0,11617047.0,1
1789487131.3937893,music,340,23,0.0,266717312.0,1515662080.0,0.0,0.0,305480576.0,82203512.0,66639436.0,419161024.0,192924096.0,44329144.0,0.0,0.0,95980496.0,149431888.0,19594864.0,1
1789487131.457447,music,340,27,32842836.0,232059072.0,705072128.0,0.0,266990688.0,295560960.0,329827200.0,77953712.0,0.0,25689288.0,0.0,45740376.0,27395904.0,21173292.0,26608982.0,36444516.0,1
1789487131.5029776,music,339,23,0.0,21285100.0,819748992.0,13587702.0,0.0,196181952.0,79777824.0,1112317.625,0.0,8481593.0,2018134.375,4618110.0,4507613.0,10585526.0,11966636.0,10946518.0,1
1789487131.5666988,music,337,31,19986082.0,44676416.0,370236032.0,5331544.0,0.0,0.0,75392536.0,3062709.0,25303972.0,39959248.0,11943238.0,8780986.0,6941300.5,82279536.0,49644688.0,10913618.0,1
1789487131.630083,music,339,28,11991124.0,6754360.0,938094784.0,8983879.0,5782295.0,0.0,0.0,29108188.0,1382372096.0,62174976.0,7373188.0,4487765.0,2173681.0,30353722.0,0.0,3059471.0,1
1789487131.6938963,music,344,29,9013296.0,0.0,1472537600.0,5137007.0,3509986.5,0.0,38744616.0,49406936.0,591125440.0,33540882.0,3729248.25,3811994.25,8402056.0,96514384.0,205195968.0,12371832.0,1
1789487131.7902918,music,342,32,4667262.0,5422294.0,314866624.0,66444724.0,15203758.0,120728904.0,46998408.0,10165584.0,349546688.0,74851184.0,9776215.0,8851204.0,11328611.0,31294038.0,134825024.0,52780976.0,1
1789487131.8538496,music,338,23,57923020.0,6560991.0,506127168.0,424959360.0,0.0,0.0,940780.1875,2226569.0,0.0,16440640.0,31995700.0,31961098.0,15069249.0,139806448.0,209420624.0,103040480.0,1
1789487131.9178889,music,339,25,53557800.0,12045502.0,357900192.0,270538848.0,7996733.0,1697397.75,8901990.0,13296300.0,178067264.0,244400688.0,21999668.0,0.0,37201752.0,338719136.0,30052028.0,33696848.0,1
1789487131.9812534,music,339,34,36146892.0,29908606.0,341655520.0,303250560.0,6652627.0,37193076.0,211687616.0,5065633.0,318079264.0,2751583744.0,617004032.0,7093301.0,17472222.0,28041816.0,85163872.0,4568526.0,1
1789487132.0273533,music,339,29,25396710.0,10272528.0,137912144.0,40872176.0,3912440.5,2292403.0,0.0,8596918.0,133645032.0,826224896.0,0.0,4294770.0,2786969.5,52123964.0,6240181.5,4589426.0,1
1789487132.0848942,music,343,31,20722972.0,7355734.0,1116568064.0,430790816.0,2920515.0,42508352.0,8230894.5,4496885.0,198659904.0,2084012032.0,515906720.0,16118428.0,14108806.0,23777312.0,65481956.0,17402640.0,1
1789487132.1490324,music,344,22,0.0,13926127.0,140472512.0,257290176.0,15422222.0,27851204.0,47456304.0,0.0,12957495.0,2062915328.0,772263296.0,6887929.0,9233690.0,107079248.0,90255480.0,6681813.5,1
1789487132.213061,music,345,22,0.0,22572728.0,0.0,275997312.0,16557249.0,0.0,46773204.0,8295120.0,37023740.0,75300120.0,50280904.0,69639592.0,74493360.0,491421408.0,6870299.0,10438511.0,1
1789487132.2766747,music,344,26,187659472.0,0.0,170291936.0,143972064.0,24052864.0,0.0,104802072.0,0.0,13372734.0,779627648.0,243578464.0,51879756.0,0.0,45857352.0,36677560.0,13467738.0,1
1789487132.341496,music,350,23,10610672.0,0.0,41410584.0,78670120.0,6996914.0,12547503.0,0.0,0.0,41385236.0,960771776.0,460940352.0,10396372.0,11023798.0,22949808.0,13508705.0,5811801.0,1
1789487132.5507414,music,338,37,69029952.0,12114896.0,140782720.0,59711580.0,24692442.0,67131696.0,147221040.0,48735796.0,98657952.0,283910144.0,69344400.0,89689232.0,39680088.0,605371712.0,203751232.0,5866481.0,1
1789487132.6151316,music,344,21,591800128.0,118392880.0,46677000.0,1635625.375,598119.125,18127092.0,11396312.0,16847884.0,0.0,457946880.0,88635112.0,18434778.0,0.0,8974043.0,11570655.0,0.0,1
1789487132.8033366,music,344,25,271216704.0,61283120.0,11260169.0,15446982.0,1737399.375,4457058.0,0.0,0.0,63441464.0,77739288.0,90381640.0,474121.75,1686428.5,12279160.0,6740862.5,0.0,1
1789487132.84873,music,344,28,244311280.0,47984400.0,11020239.0,4948356.0,559732.0625,0.0,15150382.0,818358.625,10786255.0,747288704.0,262777408.0,6036604.5,1079463.125,997532.6875,6682545.0,1594076.5,1
1789487132.929734,music,342,31,276231136.0,207800304.0,251471024.0,47851064.0,15547085.0,14587986.0,8554422.0,114206176.0,836996224.0,895044672.0,152656128.0,6105151.0,34597816.0,97913712.0,90640192.0,456543008.0,1
1789487132.9941263,music,341,23,122804512.0,136306976.0,914266560.0,172552864.0,0.0,24057270.0,0.0,11106105.0,0.0,199577504.0,41132652.0,3479345.75,0.0,37397560.0,2769612.75,21965922.0,1
1789487133.0584798,music,342,26,79542160.0,156988960.0,1390182912.0,0.0,1087842.0,2602447.0,29619766.0,31056784.0,0.0,19633736.0,32480278.0,970909.0,1906140.125,90284616.0,4279337.5,552580.75,1
1789487133.1238966,music,344,26,79165616.0,187822784.0,577881920.0,187476448.0,974381.1875,5684216.0,21497300.0,67358536.0,0.0,19868804.0,21812700.0,6196655.0,1793382.375,48895600.0,2042705.0,1885593.375,1
1789487133.1876116,music,344,33,109116304.0,164561072.0,1221621632.0,7044710.5,2069240.25,12310014.0,11814281.0,39956828.0,351737088.0,136801312.0,40295532.0,9898363.0,15961626.0,61692512.0,4740912.5,1711058.0,1
1789487133.2332985,music,344,28,83671424.0,156979328.0,845872576.0,40035672.0,11257528.0,0.0,1507701.0,42817464.0,41028524.0,218976880.0,74538728.0,4775444.0,2249523.0,20606622.0,2555046.25,0.0,1
1789487133.2830403,music,344,27,95703032.0,105834096.0,197754352.0,10004046.0,184358.921875,0.0,7170757.0,4703655.5,204089616.0,116750104.0,83399984.0,2737393.5,501669.875,9436414.0,1154022.5,7206181.5,1
1789487133.328519,music,339,32,97734328.0,76828256.0,360135264.0,269908864.0,105590104.0,0.0,0.0,57312308.0,686322688.0,1886589696.0,1034991744.0,58259304.0,142705968.0,1789598208.0,421712096.0,16147341.0,1
1789487133.3922896,music,340,27,73110800.0,99746968.0,378942016.0,0.0,263901440.0,85217248.0,4966176.0,11267579.0,195845536.0,0.0,5347047.5,27240056.0,7496453.5,450688800.0,336513408.0,57248424.0,1
1789487133.4569535,music,343,26,78127240.0,131500040.0,746766144.0,0.0,0.0,0.0,2910553.25,42508232.0,475596672.0,2670587136.0,704986240.0,19680850.0,7842995.0,210903216.0,0.0,0.0,1
1789487133.520929,music,340,32,41306648.0,130925424.0,439326368.0,47521504.0,20975876.0,4664455.0,43721504.0,23418308.0,307738624.0,1138844416.0,8691446.0,13590946.0,7808214.5,27299236.0,6902762.5,2433587.0,1
1789487133.5858371,music,340,30,36062120.0,147456656.0,805836288.0,32512622.0,28092172.0,2623405.5,890577.25,20035852.0,95542760.0,478565440.0,166869840.0,9225392.0,4242049.5,72030944.0,27800878.0,5260709.5,1
1789487133.634896,music,343,30,130647616.0,97867728.0,202515520.0,18918316.0,37194888.0,175833888.0,10746278.0,0.0,105682176.0,3273778432.0,826762368.0,3863851.0,3434699.5,45750128.0,17114948.0,9567910.0,1
1789487133.6992786,music,343,29,731521792.0,120029600.0,313188928.0,68404240.0,55550000.0,370381120.0,4400225.0,52217312.0,1067249664.0,582368064.0,181859952.0,12919802.0,3605109.5,7627867.0,17287988.0,7169271.5,1
1789487133.7558076,music,337,25,41250424.0,41246452.0,106413312.0,34190644.0,376821952.0,1186390784.0,6362854.0,8586710.0,52078020.0,1570007296.0,476283200.0,0.0,1213068.75,10241274.0,7774065.0,2601641.75,1
1789487133.8485637,music,339,35,25966490.0,70999608.0,294591264.0,323753600.0,151094848.0,1531762.75,18736260.0,17090244.0,1316720896.0,451095008.0,120486872.0,6454669.0,5054362.5,13805110.0,8859963.0,1706330.75,1
1789487133.9088545,music,342,28,39066496.0,63923352.0,529806880.0,140631152.0,83338888.0,153796992.0,0.0,5012134.0,0.0,361017824.0,202026464.0,4220913.0,272764.53125,6330339.0,5849935.0,5867319.0,1
1789487133.9728768,music,340,28,16304103.0,39107640.0,148492640.0,0.0,44850752.0,0.0,5522603.0,19147566.0,262227104.0,1252039424.0,528258240.0,19899246.0,1804716.5,19974114.0,55753928.0,13274172.0,1
1789487134.0373378,music,345,34,35920676.0,42507368.0,296350432.0,27826226.0,74683144.0,77225632.0,5574298.0,26407100.0,501972736.0,856752384.0,586085056.0,24903960.0,1232564.25,6366212.0,12426308.0,830661.875,1
1789487134.1023555,music,343,26,71331400.0,17297832.0,45783728.0,14316944.0,106559888.0,38985816.0,0.0,26940416.0,160046528.0,1717390592.0,483602240.0,0.0,0.0,945028352.0,60144244.0,71882176.0,1
1789487134.1671262,music,343,21,15343177.0,25954976.0,180707584.0,102542760.0,205234432.0,0.0,0.0,688806784.0,175537952.0,15968120.0,39863256.0,0.0,0.0,17921148.0,10427820.0,12666384.0,1
1789487134.2182264,music,342,34,44654232.0,28442200.0,154834752.0,357029280.0,589460544.0,0.0,6601282.5,214730064.0,499040768.0,2002269440.0,398654912.0,8142331.0,1199618.875,7951593.5,4146496.5,4676077.0,1
1789487134.2813234,music,342,30,23839920.0,27777066.0,264880480.0,574870400.0,490021408.0,10929152.0,12531142.0,529474816.0,84807184.0,1265238016.0,439425024.0,2438122.75,1171388.125,1380726.0,8272849.0,660308.875,1
1789487134.331075,music,333,22,66932048.0,34683000.0,133575784.0,499732192.0,530550144.0,0.0,9117856.0,125421504.0,394151264.0,11480197.0,70373824.0,0.0,372933.21875,2054168.5,0.0,1356537.375,1
1789487134.417935,music,341,34,52816032.0,13463358.0,45600136.0,235718048.0,434845664.0,13926562.0,4101296.25,117907576.0,252662464.0,864468480.0,313296960.0,30368920.0,854584.875,96982848.0,2411161.5,15445694.0,1
1789487134.4776547,music,341,32,406382496.0,40659472.0,37560652.0,79717472.0,89451088.0,5198592.0,7735811.0,60443748.0,13075710.0,817645568.0,300104064.0,0.0,1036554.375,50908572.0,4280725.5,7749794.0,1
1789487134.5271542,music,341,30,0.0,17836410.0,56729048.0,467659776.0,719031488.0,12818184.0,2329875.0,153010848.0,445830752.0,2644888576.0,717800448.0,60576404.0,1143641.625,18885110.0,26955158.0,188152736.0,1
1789487134.5767822,music,336,28,27629036.0,0.0,46217784.0,1183118208.0,1518894080.0,4117350.25,1848991.0,216138288.0,0.0,500791168.0,249260592.0,174537632.0,0.0,17461872.0,73312304.0,1772908032.0,1
1789487134.640603,music,339,30,27143794.0,26008114.0,102544168.0,882473984.0,805653952.0,16024921.0,2187319.5,165027968.0,84162752.0,269025280.0,96272408.0,0.0,850874.125,2666056.75,116703856.0,2815684096.0,1
1789487134.7044508,music,337,31,11549129.0,18774988.0,63835268.0,485470144.0,765860352.0,5365977.0,3294419.5,146517360.0,42564800.0,434810560.0,159407200.0,135575856.0,1740690.0,22501846.0,32598784.0,4336388096.0,1
1789487134.7694883,music,340,27,7776914.0,17706366.0,92276800.0,169408192.0,329628864.0,2036223.75,0.0,217500448.0,0.0,38004120.0,21166760.0,7609495.0,1065837.25,830802240.0,65242024.0,239394752.0,1
1789487134.8342922,music,336,27,69210184.0,4749144.5,39031488.0,37661892.0,73220960.0,0.0,36346296.0,197726720.0,87385824.0,81569024.0,276360128.0,43836684.0,5654340.0,69876680.0,604456896.0,460853696.0,1
1789487134.898718,music,340,28,0.0,10145251.0,52176800.0,86859440.0,187169280.0,0.0,20488364.0,339064576.0,251781056.0,378630016.0,111695440.0,440742528.0,25522730.0,471226080.0,1825435264.0,251127424.0,1
1789487134.9630897,music,339,32,84004832.0,10830911.0,85487072.0,396798592.0,646424768.0,71487120.0,59338588.0,85405992.0,16932796.0,647758720.0,141910816.0,287793952.0,10910043.0,252144096.0,1132886400.0,330461312.0,1
1789487135.0275085,music,340,29,107690904.0,8489227.0,38998536.0,425246400.0,935639296.0,56043644.0,19665352.0,33911844.0,24261206.0,84926320.0,52000508.0,0.0,8153023.0,161776672.0,694996096.0,26220656.0,1
1789487135.092085,music,340,30,51001100.0,5004091.0,83259328.0,129862480.0,210384368.0,114070288.0,30056226.0,138657296.0,36263472.0,84061496.0,87318432.0,67564512.0,1847006.5,6125856.0,0.0,0.0,1
1789487135.1381726,music,339,30,84723072.0,7240675.5,31932454.0,75023912.0,130620920.0,152079552.0,19861346.0,26606418.0,19668522.0,24517566.0,26265692.0,72182960.0,1788163.25,32877948.0,468629440.0,0.0,1
1789487135.202247,music,340,34,529027008.0,3112854.5,26915688.0,92426448.0,247316640.0,153256720.0,41929548.0,203539856.0,114316624.0,413196032.0,119017872.0,4022438.0,4401743.5,58546716.0,202449200.0,232152800.0,1
1789487135.2672882,music,342,32,188355680.0,7726175.0,56089016.0,130622256.0,6039080.5,10357391.0,25777592.0,223782144.0,10615753.0,207267728.0,119166024.0,61757888.0,7677274.5,50256748.0,22551950.0,22507568.0,1
1789487135.3314397,music,340,25,267856224.0,24281528.0,9744068.0,0.0,1336589056.0,0.0,0.0,127228496.0,0.0,259744944.0,16025519.0,1693022.0,2301727.5,94486424.0,420662272.0,48759544.0,1
1789487135.3955593,music,337,26,394145856.0,10475961.0,104350912.0,3507659.5,172201248.0,1099748608.0,9307342.0,0.0,14388374.0,210326960.0,81162488.0,2146127.0,6694302.5,49057012.0,228791568.0,98957432.0,1
1789487135.4592574,music,340,29,211202688.0,0.0,1641685.75,94486608.0,724139392.0,121183520.0,5451299.0,163910464.0,2791080.75,184770608.0,65862344.0,8589156.0,502888.53125,29046104.0,404314048.0,2682149.0,1
1789487135.5230017,music,340,29,259296320.0,0.0,34711232.0,0.0,75115288.0,214317632.0,16187881.0,84041896.0,18393816.0,138053408.0,39397312.0,2572474.25,3126114.5,27265140.0,181455520.0,76534808.0,1
1789487135.571868,music,338,22,0.0,193410032.0,244111184.0,86495664.0,87700880.0,150081392.0,42846920.0,48761032.0,65132432.0,142167952.0,72405168.0,0.0,0.0,27121174.0,0.0,160970496.0,1
1789487135.6354105,music,337,28,644317184.0,29307992.0,46400892.0,0.0,186368032.0,124745312.0,2730951.25,109715040.0,128750792.0,33161392.0,114650152.0,146262272.0,0.0,167530528.0,149112320.0,480317248.0,1
1789487135.6996555,music,336,25,51006188.0,28202842.0,0.0,138695008.0,25027686.0,150936704.0,65675688.0,127583456.0,162267408.0,75872800.0,95195424.0,152977920.0,0.0,43814432.0,572025536.0,190669760.0,1
1789487135.7643964,music,338,25,378135552.0,33970380.0,76183408.0,101231840.0,132744896.0,19052674.0,112210168.0,320688576.0,0.0,0.0,42483104.0,226879984.0,29035570.0,158168368.0,142992320.0,318583840.0,1
1789487135.8276484,music,329,29,232836352.0,0.0,31624872.0,40726000.0,100057552.0,66879720.0,35861920.0,51390700.0,101503824.0,44803512.0,103043904.0,655804672.0,109673104.0,106349984.0,228460544.0,44738272.0,1
1789487135.8907032,music,337,27,96838848.0,11323334.0,13252185.0,10883108.0,83253752.0,49326668.0,29053412.0,68412992.0,46877976.0,51732324.0,55424388.0,36505084.0,16378405.0,9734845.0,3311954.75,70374952.0,1
1789487135.9540844,music,340,20,271148224.0,0.0,63840632.0,24758170.0,33041334.0,16947232.0,18037360.0,0.0,0.0,72280008.0,0.0,236411024.0,0.0,45065108.0,98775584.0,34417296.0,1
1789487136.0187576,music,333,31,75020528.0,90312160.0,403312992.0,312993408.0,466451456.0,87005760.0,0.0,0.0,9141877.0,55762988.0,50583800.0,2746635776.0,93432336.0,92921328.0,63804020.0,419643072.0,1
1789487136.0824258,music,333,22,248892160.0,138641568.0,529055136.0,150512240.0,82381504.0,0.0,323640512.0,0.0,10369498.0,0.0,35844416.0,1678798080.0,32727316.0,121004928.0,231805376.0,148826976.0,1
1789487136.1328065,music,332,32,140581168.0,138302432.0,602300928.0,55088960.0,120630576.0,0.0,134160880.0,21618022.0,12342828.0,17934746.0,17181920.0,1497673728.0,26230554.0,193373696.0,203643488.0,83019784.0,1
1789487136.1970773,music,343,30,190012240.0,147864480.0,622949376.0,73766576.0,46778828.0,28448280.0,0.0,162619296.0,21793250.0,265104880.0,255982528.0,51795780.0,4547946.0,106386624.0,10985700.0,13704229.0,1
1789487136.2609127,music,345,29,216211392.0,98409240.0,402580768.0,467206368.0,110196728.0,36988480.0,0.0,23442136.0,30594328.0,2241861.0,14471150.0,796043264.0,35880608.0,111228328.0,31327230.0,6258731.5,1
1789487136.325225,music,346,24,188075616.0,124586176.0,459971616.0,25120564.0,61955928.0,28569386.0,65871420.0,7292177.0,0.0,59077992.0,18171182.0,14186154.0,27133282.0,0.0,24428108.0,59303888.0,1
1789487136.389505,music,346,28,294085536.0,85409032.0,360744064.0,228389024.0,39625724.0,50761536.0,0.0,0.0,32395578.0,457662816.0,284346112.0,545193536.0,0.0,83174736.0,52853704.0,68988704.0,1
1789487136.435689,music,345,32,174099696.0,97068608.0,455960320.0,94696464.0,39349432.0,44033896.0,330606720.0,32220800.0,7866190.0,359188288.0,42096516.0,34493508.0,17716670.0,92506336.0,32787322.0,7140500.0,1
1789487136.4996595,music,345,28,152468816.0,75629744.0,314439552.0,86495544.0,776091.1875,7110839.0,0.0,14253946.0,2590471.0,1858810752.0,381113344.0,539695552.0,15622154.0,101376480.0,45389656.0,5385935.0,1
1789487136.5496266,music,345,33,210587232.0,83290784.0,417530688.0,93471296.0,26519412.0,89952968.0,0.0,22422320.0,2420704.25,804419328.0,227322816.0,494217824.0,14883068.0,80863864.0,4701598.0,12279144.0,1
1789487136.5946178,music,332,33,182062656.0,87153944.0,350825344.0,96760760.0,81215736.0,0.0,343989600.0,10137970.0,2389237.0,1589450624.0,554844352.0,250983840.0,83654408.0,460334880.0,24288880.0,218872656.0,1
1789487136.6588323,music,347,27,364360992.0,91924544.0,291441152.0,18083152.0,42570900.0,3457133.75,14355562.0,23179118.0,7224790.5,238408784.0,151542160.0,0.0,0.0,22704212.0,13668361.0,9473374.0,1
1789487136.7339964,music,342,27,16556568.0,39733412.0,165525504.0,15612885.0,21097374.0,12695824.0,299184896.0,0.0,0.0,537774784.0,217579968.0,512019104.0,7073264.0,5951410.0,69811840.0,2549930.5,1
1789487136.798186,music,352,38,79846912.0,46552652.0,165794448.0,37898964.0,68453856.0,52077168.0,271989088.0,9256402.0,4400811.5,2630018048.0,791460800.0,123774432.0,1419458.0,9861392.0,29099798.0,2947907.25,1
1789487136.8625116,music,351,36,70972880.0,83694376.0,380475072.0,62242992.0,59873656.0,17418634.0,82772896.0,12489588.0,1481559.75,428689024.0,173386608.0,351414400.0,12338548.0,19055944.0,9625878.0,3372593.5,1
1789487136.951899,music,359,31,27210488.0,35014108.0,935888896.0,214951520.0,31174034.0,228606816.0,159101024.0,7493394.0,20093714.0,422208704.0,234088768.0,0.0,0.0,19687860.0,134331360.0,460466432.0,1
1789487137.0463562,music,0,34,72738064.0,27004216.0,67508632.0,78226032.0,47103076.0,1217753216.0,34981620.0,36994856.0,37728832.0,770103168.0,175110720.0,127580944.0,13022616.0,57817680.0,29807104.0,11415410.0,1
1789487137.1410954,music,359,34,26516738.0,24061478.0,171549040.0,107199032.0,260527984.0,219857168.0,105487440.0,0.0,27939992.0,415378688.0,329728000.0,126238928.0,24541520.0,312671360.0,21208348.0,7340190.0,1
1789487137.2012706,music,356,28,19846278.0,60317848.0,164786016.0,52777432.0,75700064.0,16650420.0,42242412.0,0.0,46530632.0,577841600.0,366565344.0,71253184.0,0.0,66364192.0,4308974.0,0.0,1
1789487137.4890895,music,359,29,29237152.0,3549146.75,19894520.0,39399520.0,1008713984.0,118292624.0,17737954.0,0.0,12787172.0,49471496.0,333388128.0,159290416.0,893387.4375,4223332.5,0.0,4898910.5,1
1789487137.5842235,music,5,36,25171644.0,38632756.0,173391600.0,2059326.375,81317936.0,35185992.0,17517392.0,1591052800.0,147336944.0,132439816.0,26078666.0,170458752.0,4201914.0,41560096.0,2524331.25,3596593.75,1
1789487137.644301,music,3,32,29893588.0,46106688.0,239245184.0,13833731.0,29021780.0,0.0,11512900.0,1396584448.0,227938688.0,297358112.0,74533584.0,185383328.0,2036002.75,4391561.0,1350214.0,3115814.0,1
1789487137.7081065,music,7,37,18642856.0,62906444.0,386736384.0,26092896.0,50172276.0,15444447.0,16047278.0,877038720.0,87087600.0,90350480.0,23829184.0,129945560.0,1134643.0,19506748.0,456643.34375,707777.5625,1
1789487137.8061728,music,14,34,126610848.0,66134852.0,244337616.0,184154784.0,112023008.0,354622592.0,158485616.0,0.0,1172061440.0,536446016.0,101280480.0,119256408.0,15139816.0,2409352.5,3489213.25,5136566.0,1
1789487137.8698704,music,14,30,0.0,9862213.0,141254768.0,10001196.0,814128768.0,100223128.0,15007639.0,211210752.0,661535872.0,8303565.0,278028096.0,0.0,5064522.0,599512448.0,4394651.5,145406.328125,1
1789487137.9160285,music,13,23,3777905.5,20196964.0,31333688.0,16012836.0,12610238.0,12262048.0,8872468.0,154865504.0,0.0,78475880.0,22657444.0,0.0,16965908.0,286141984.0,3130993.25,9221992.0,1
1789487137.9805567,music,23,19,8155764.0,106569032.0,82660296.0,115866744.0,62610736.0,0.0,0.0,202175744.0,2705224704.0,8806768.0,6886059.5,14631058.0,0.0,9885255.0,2459590.0,1890898.875,1
1789487138.5645862,music,16,31,174039920.0,505016768.0,67027072.0,111719680.0,180817952.0,520924672.0,268599200.0,38308640.0,394286720.0,26659930.0,3528471.25,0.0,76297728.0,110801776.0,72929200.0,83004288.0,1
1789487138.7546072,music,10,36,174644128.0,363447808.0,117082048.0,12029783.0,22941656.0,8279149.0,24858194.0,56079912.0,467221088.0,24149424.0,8442634.0,5308395.0,6665259.5,3746022.0,13973667.0,71946120.0,1
1789487138.9442563,music,4,31,107652040.0,154330704.0,2154508032.0,0.0,5456801.0,10296239.0,15509922.0,5605316.0,53389916.0,9677864.0,2361560.25,4848994.5,1024479.25,2281999.5,17249998.0,86094904.0,1
1789487139.009056,music,6,34,93065576.0,97765680.0,1682940032.0,16311664.0,421251776.0,5962916.0,8472392.0,55869964.0,16445199.0,25134690.0,83071008.0,3892622.5,0.0,10351934.0,1359928.75,52536940.0,1
1789487139.0730565,music,4,27,105802736.0,20870944.0,0.0,2841893.75,929526464.0,237957312.0,3819744.0,0.0,73372888.0,4328115.5,34575048.0,10413384.0,280527.96875,46138700.0,1390457.25,11849424.0,1
1789487139.1377373,music,357,36,84544904.0,142626720.0,2786235904.0,9608492.0,81913168.0,16666778.0,1421129.5,23816614.0,24362216.0,11449669.0,29405498.0,18501130.0,3618333.25,5890912.0,3146575.75,6978010.5,1
1789487139.2018857,music,352,31,56111496.0,169482736.0,3615690496.0,4446321.0,55195032.0,16814602.0,3964390.0,1048033.9375,55610056.0,6792535.0,123296072.0,39921392.0,0.0,7271799.5,4936749.0,2005701.75,1
1789487139.2669988,music,348,31,100031424.0,62981960.0,3443452416.0,8029509.0,22541314.0,825164.25,7943740.5,2354277.5,19470228.0,4084253.0,0.0,2448029.0,1103087.5,1947275.0,753706.5,2961671.75,1
1789487139.3311327,music,340,34,108428288.0,311609600.0,1775877376.0,8389789.0,24900760.0,2347240.25,17532168.0,0.0,433257568.0,59740228.0,69453448.0,37418644.0,8645766.0,51268348.0,216603200.0,92397784.0,1
1789487139.3954644,music,336,30,102971504.0,255635440.0,1361289216.0,1677289.625,49997448.0,4427102.5,73622016.0,1048543616.0,187197200.0,76910080.0,109158520.0,2476953.5,172992016.0,605222080.0,29316934.0,647696064.0,1
1789487139.4593244,music,337,28,107645296.0,21414400.0,1204066176.0,8022022.0,33897472.0,0.0,128634560.0,47249776.0,1293030912.0,563515136.0,14281569.0,249343936.0,70752752.0,156704288.0,234537216.0,18042378.0,1
1789487139.5241516,music,327,30,83896648.0,42043488.0,1935534720.0,6907870.5,9161936.0,7999690.5,19486276.0,12425478.0,259107056.0,22478466.0,47454328.0,16763850.0,0.0,57833784.0,17287988.0,59338400.0,1
1789487139.587604,music,323,24,59477936.0,42198076.0,2656796928.0,0.0,3733315.5,11138005.0,9580445.0,0.0,128357984.0,40716376.0,24206728.0,8973956.0,46449632.0,84259696.0,6968454.0,0.0,1
1789487139.6509452,music,317,31,88148016.0,68268944.0,2110018432.0,173529.484375,12365352.0,1901767.125,14035928.0,27402934.0,913142016.0,19370558.0,3964335.75,5260347.0,16498792.0,29090542.0,67313520.0,18361772.0,1
1789487139.7126927,music,299,23,0.0,25926700.0,958653632.0,2698526.0,8856535.0,51131224.0,15129055.0,0.0,19111868.0,3538668.5,2349263.0,137090592.0,0.0,30855142.0,357454080.0,598358.5,1
1789487139.7745874,music,299,28,61908032.0,20185438.0,157961968.0,0.0,48421624.0,88782400.0,25884006.0,125367184.0,391975584.0,6715428.5,12813460.0,49459880.0,7355359.0,671422720.0,183729072.0,11723058.0,1
1789487139.8200934,music,306,29,40563768.0,29364918.0,0.0,0.0,124454744.0,41827768.0,8937652.0,572769088.0,94801312.0,5626044.0,79238024.0,12508929.0,2352319.5,807236608.0,16558277.0,8865877.0,1
1789487139.8829935,music,301,30,7109716.0,0.0,240243856.0,13221524.0,50035736.0,8130219.0,95911408.0,233547216.0,220544240.0,87737664.0,22690460.0,111047408.0,80201440.0,994739584.0,7553225.5,19369712.0,1
1789487139.9451828,music,299,27,13057841.0,31706136.0,298358272.0,45217820.0,84242992.0,0.0,0.0,0.0,0.0,25232552.0,80196872.0,58465068.0,57301496.0,261644352.0,24276032.0,71608848.0,1
1789487140.008469,music,297,30,27832214.0,20511694.0,53477816.0,3595721.75,57431040.0,10989603.0,3416199.0,179300464.0,513925728.0,55773520.0,40965852.0,38391788.0,6184245.5,26053722.0,10180533.0,45875788.0,1
1789487140.0710936,music,294,20,26702966.0,0.0,86840392.0,9867612.0,168915792.0,36647848.0,656801088.0,100793792.0,52744544.0,63317828.0,4667211.0,0.0,0.0,60582400.0,4825970.0,51195280.0,1
1789487140.1346035,music,301,22,70162856.0,56970104.0,114924008.0,341666368.0,208645568.0,0.0,146570576.0,87280624.0,75658408.0,28128500.0,15720596.0,71325192.0,0.0,77852288.0,5189638.0,21378640.0,1
1789487140.1971254,music,294,21,0.0,220098864.0,1368173184.0,0.0,94837616.0,82776200.0,0.0,367496768.0,747729280.0,48467908.0,12900813.0,10507936.0,0.0,1854879.375,20756112.0,5688364.0,1
1789487140.260068,music,294,23,89379464.0,428243136.0,389355296.0,0.0,0.0,63520552.0,34093580.0,73173736.0,174530656.0,70174432.0,12473175.0,5682141.0,6340723.5,33762984.0,19254452.0,19809370.0,1
1789487140.3065531,music,303,17,15772914.0,0.0,1130192128.0,0.0,0.0,33525258.0,0.0,79458664.0,66494328.0,6286539.5,4570357.0,4594333.0,7936240.0,17820620.0,0.0,4713774.5,1
1789487140.3699558,music,294,30,3328337.0,290240576.0,721546496.0,9973596.0,37648684.0,18953796.0,401847104.0,0.0,217098592.0,18729786.0,1229406.0,1585910.125,3240284.5,79924816.0,3527394.0,2901820.75,1
1789487140.4331772,music,295,32,27902038.0,58519476.0,334350656.0,17780584.0,18340840.0,81142576.0,259190208.0,85484776.0,0.0,2578383.75,21659056.0,16897710.0,4094380.25,131945696.0,4803790.0,5373385.0,1
1789487140.4964547,music,289,26,16130558.0,0.0,0.0,23564362.0,165956928.0,356081088.0,465401536.0,0.0,0.0,12462820.0,20185218.0,29735424.0,4124501.0,33703308.0,46867064.0,5598141.5,1
1789487140.5599625,music,287,30,376748416.0,58947740.0,16798808.0,9422371.0,732007.5625,0.0,623586560.0,106420648.0,96465824.0,20352700.0,11073706.0,21461384.0,2476063.0,19390048.0,95859888.0,6193595.5,1
1789487140.624181,music,288,30,122507336.0,103890864.0,107747856.0,90248616.0,3622432.0,0.0,6668254.5,0.0,199430800.0,47871216.0,56362096.0,140642128.0,189780336.0,57276284.0,251125472.0,4738072.0,1
1789487140.688533,music,295,25,57275228.0,18597444.0,64445840.0,139946496.0,3838931.5,0.0,47310184.0,82650640.0,139366592.0,8036989.0,1370460.5,1871309.375,4946517.0,13036846.0,0.0,1060319.25,1
1789487140.752992,music,294,31,72353152.0,0.0,190615280.0,70002536.0,7154347.0,18648352.0,342032576.0,212517744.0,28086200.0,5240678.0,0.0,1820546.875,7622178.0,7764974.0,32735612.0,11325106.0,1
1789487140.817332,music,293,28,43683816.0,106544864.0,105480848.0,102831016.0,5750632.0,0.0,169672656.0,179217504.0,49343424.0,2960907.25,1921030.5,13953385.0,22197660.0,11347277.0,9598174.0,1398192.875,1
1789487140.891854,music,275,18,41615096.0,105214400.0,65840824.0,2706913.0,67290656.0,329137888.0,0.0,0.0,0.0,4577101.5,3658347.5,0.0,0.0,23960190.0,0.0,5246321.0,1
1789487140.971834,music,275,18,58357932.0,0.0,0.0,39626332.0,26476654.0,71148096.0,0.0,19134218.0,0.0,16284961.0,0.0,5262568.5,0.0,66798616.0,1526536.0,3398438.5,1
1789487141.0164416,music,274,30,48339472.0,0.0,20018192.0,71173160.0,67913976.0,148624960.0,132838472.0,9755775.0,14061956.0,2220474.5,2740425.5,2322249.0,980805.5,12014284.0,12600651.0,3523047.5,1
1789487141.0819058,music,275,25,37793524.0,131620672.0,57894632.0,30627068.0,73493936.0,26076006.0,66025944.0,9248010.0,11590516.0,0.0,901535.5,15005530.0,726781.3125,390936.5,11921514.0,8122202.0,1
1789487141.1465554,music,274,15,61137544.0,0.0,15301206.0,10951105.0,18959708.0,9798278.0,108079248.0,0.0,0.0,0.0,0.0,3738631.5,0.0,1994277.875,2206622.75,0.0,1
1789487141.2107968,music,271,25,174305920.0,0.0,25948980.0,12281421.0,13140202.0,30079414.0,264060288.0,10960363.0,0.0,2875679.75,4215386.5,4276053.0,0.0,3302046.0,11360402.0,0.0,1
1789487141.275575,music,272,22,179400368.0,0.0,0.0,3033261.25,0.0,100586792.0,836216192.0,0.0,36109104.0,9764954.0,1687480.875,2050934.75,2402676.25,1654748.75,2113468.5,4568996.0,1
1789487141.3400996,music,271,23,133571504.0,32097686.0,4100175.0,2585077.25,24478068.0,58192212.0,0.0,29970034.0,1757037.625,20712716.0,17011500.0,4955957.0,2225122.25,3741859.0,0.0,1518144.25,1
1789487141.404206,music,269,18,101396824.0,0.0,6526780.0,0.0,0.0,0.0,230340640.0,0.0,0.0,2291622.5,3664077.0,2260120.5,523947.8125,1175129.125,1558104.5,1729675.25,1
1789487141.5416732,music,258,23,36153056.0,0.0,10672207.0,5345122.0,2890690.75,9150627.0,17758126.0,0.0,966541.125,2370125.0,1320602.25,3068927.0,2386891.0,8247805.0,985326.3125,3915586.25,1
1789487141.6686394,music,267,21,264667776.0,39286556.0,208636208.0,0.0,569878.875,23091664.0,26503276.0,17818376.0,14758407.0,15858402.0,3253868.75,0.0,0.0,1150665.5,3585987.0,224315.78125,1
1789487141.9226751,music,267,31,0.0,0.0,7840527.5,25341204.0,11455299.0,49656828.0,133797240.0,20430540.0,21084900.0,4642650.0,887837.3125,7181539.0,282063.5625,3709455.5,3052532.5,1081680.375,1
1789487141.9682157,music,265,27,0.0,91353776.0,159472448.0,48493000.0,21837412.0,0.0,44366384.0,1382909.75,9611728.0,3450327.0,1980778.5,43407992.0,1866625.25,23703508.0,6128659.0,12591450.0,1
1789487142.032745,music,269,14,41728472.0,171377408.0,35273176.0,335297984.0,192037152.0,52190404.0,102889688.0,5418479.0,0.0,0.0,0.0,0.0,0.0,0.0,51224760.0,49032416.0,1
1789487142.0977252,music,269,16,53013136.0,0.0,0.0,50707024.0,189272064.0,0.0,44675796.0,0.0,0.0,49456248.0,9055120.0,24670768.0,0.0,5741591.0,45590744.0,58685164.0,1
1789487142.1435952,music,268,23,36822860.0,0.0,3299773.0,61035972.0,34908780.0,7143330.0,0.0,6782406.0,19824120.0,20505248.0,1824125.0,21167310.0,625327.25,6041738.0,2526207.5,1105910.0,1
1789487142.2089775,music,270,22,83321192.0,0.0,6964299.5,73513856.0,90425560.0,637924.875,8208356.0,0.0,0.0,656008.1875,232350.34375,9793250.0,702916.9375,3624218.75,745633.5,2341412.0,1
1789487142.2733793,music,269,24,0.0,12631650.0,0.0,55188708.0,137860480.0,1258305.375,0.0,2555202.5,1172353.0,1845008.25,855782.4375,6806548.5,17121940.0,10373198.0,10614501.0,11068002.0,1
1789487142.3383346,music,269,28,0.0,94689296.0,88923248.0,8598232.0,17905376.0,54579100.0,157704032.0,0.0,129285848.0,196607328.0,15702290.0,72355088.0,99336304.0,155099360.0,97020568.0,0.0,1
1789487142.385265,music,269,18,133827888.0,330618912.0,10984252.0,2462912.75,27759722.0,69584144.0,475449472.0,0.0,0.0,32368068.0,0.0,0.0,0.0,0.0,12714431.0,2228067.25,1
1789487142.4355125,music,270,29,164290480.0,429842368.0,46824536.0,6562267.5,88160928.0,114033696.0,146236096.0,0.0,90029624.0,12909646.0,1549701.0,31879972.0,4331964.0,3233229.75,6567157.0,5484007.5,1
1789487142.5006766,music,254,16,168745744.0,190793248.0,24903174.0,15537404.0,30754260.0,0.0,0.0,0.0,0.0,885398.0,347222.84375,12370985.0,6781425.0,3156399.5,5793991.0,1016597.25,1
1789487142.5645647,music,261,23,104724152.0,0.0,284724416.0,32076646.0,51529952.0,19497728.0,216758880.0,1821909.0,0.0,70997848.0,8124693.5,0.0,10859931.0,3673675.5,1241423.75,1358389.75,1
1789487142.6299038,music,277,20,42122916.0,0.0,0.0,11313235.0,17398828.0,13733853.0,382498048.0,40659720.0,1208687872.0,46347208.0,0.0,0.0,0.0,3144676.75,0.0,1880894.5,1
1789487142.6946971,music,269,34,161412960.0,364609312.0,414162752.0,257717760.0,117115120.0,238300192.0,570883264.0,74427760.0,517157248.0,0.0,19110488.0,46923100.0,44108696.0,26704116.0,5111173.0,12575896.0,1
1789487142.7589197,music,258,26,0.0,217978464.0,566639680.0,0.0,45138128.0,99993000.0,0.0,0.0,30658072.0,5447057.0,3437626.5,13033275.0,8254026.0,17115906.0,3850415.25,2484404.25,1
1789487142.823379,music,265,30,36425832.0,208973760.0,1546538240.0,0.0,9299200.0,48566644.0,29081018.0,13711033.0,772669312.0,56012760.0,2116477.5,1224292.0,1645546.0,2864415.75,33680020.0,779276.75,1
1789487142.887583,music,263,25,102558488.0,271898816.0,0.0,10302297.0,7759437.0,15746557.0,0.0,9361582.0,284325088.0,3390391.75,0.0,251812.40625,972626.0625,32647906.0,247559296.0,1945112.625,1
1789487142.9526417,music,264,24,101044768.0,0.0,0.0,16596222.0,14786678.0,13002538.0,41246960.0,27128246.0,373454656.0,9891348.0,1388968.5,9166498.0,0.0,11259810.0,0.0,2783225.5,1
1789487143.0174959,music,277,28,0.0,230888528.0,633372800.0,4011513.75,6251010.0,5007201.0,45371924.0,7980031.5,819319936.0,39318156.0,3759046.75,29727948.0,8608753.0,776873.75,3916535.5,379660.125,1
1789487143.0812201,music,263,33,46361464.0,153369376.0,170190000.0,124652304.0,90874240.0,165925984.0,539190784.0,95883984.0,268472352.0,74640104.0,220570208.0,5465268736.0,188244400.0,1034677312.0,71613584.0,173449376.0,1
1789487143.1457634,music,263,23,31466852.0,0.0,27159696.0,39932264.0,65264776.0,18980338.0,0.0,8031520.5,130112144.0,15368058.0,9568361.0,1274268672.0,22702096.0,58908188.0,0.0,0.0,1
1789487143.195317,music,270,26,0.0,0.0,1770682.75,32791372.0,30629240.0,13167403.0,119960800.0,1184753.125,140078128.0,29362194.0,12367435.0,12516572160.0,7470840.5,5882876.0,3133151.0,1785542.875,1
1789487143.2602196,music,259,24,0.0,0.0,434899776.0,43630820.0,68976448.0,0.0,143824096.0,19950376.0,797030080.0,36664220.0,4157791.25,1963348736.0,0.0,5505280.0,1468388.5,342381.96875,1
1789487143.3244333,music,254,23,23141364.0,0.0,286380480.0,21695966.0,35574232.0,3822713.25,35380368.0,0.0,0.0,0.0,10544511.0,2660188672.0,0.0,5557872.5,1098233.5,661522.9375,1
1789487143.3883913,music,254,20,15497214.0,39522252.0,363003680.0,0.0,11918774.0,6426914.0,36017600.0,4681011.0,0.0,1182821.5,5912701.0,81643648.0,2883939.0,928997.5,819059.125,148977.234375,1
1789487143.4338815,music,254,28,0.0,116467008.0,312179776.0,24814852.0,25301066.0,3573144.0,22970208.0,5850278.5,46960472.0,7066783.5,4307364.0,172950752.0,3995942.25,10300228.0,3355367.0,331414.9375,1
1789487143.483498,music,259,23,23119802.0,13613005.0,59456320.0,28226006.0,17767236.0,37331676.0,108321328.0,0.0,0.0,0.0,52623080.0,2107143424.0,73278216.0,7806139.0,5661075.0,4481357.0,1
1789487143.5480502,music,259,17,4717795.5,0.0,0.0,98891584.0,77181648.0,7065029.0,13004002.0,18804200.0,102592664.0,27862150.0,0.0,305198784.0,0.0,3420182.25,0.0,2344862.75,1
1789487143.5939796,music,259,23,0.0,132692704.0,13640325.0,94177192.0,86533824.0,1712689.25,4416284.5,8754874.0,203344176.0,0.0,649218.6875,0.0,4077603.75,7009927.0,825098.75,0.0,1
1789487143.6446397,music,271,28,0.0,0.0,0.0,19250464.0,15166009.0,2879087.0,3152516.25,7067489.0,170413840.0,9402347.0,3700292.75,489378848.0,15903354.0,14831678.0,1672905.0,792553.5625,1
1789487143.7110186,music,264,20,12622727.0,103293016.0,46949368.0,83343304.0,76761208.0,0.0,0.0,0.0,68127096.0,7055438.5,4033670.0,62478868.0,3748991.25,2717081.0,564357.5,0.0,1
1789487143.7759316,music,265,29,8991264.0,0.0,161918560.0,62497452.0,64132832.0,8871991.0,1526620.5,527700.8125,0.0,7604763.5,2729942.5,423805120.0,22234870.0,770725.625,1528295.75,1161753.25,1
1789487143.8401458,music,265,22,479050432.0,0.0,56246680.0,416266560.0,260777536.0,50286528.0,0.0,24973916.0,0.0,1986685952.0,571360128.0,58908712.0,519193.875,0.0,243837.5625,1160118.5,1
1789487143.8901005,music,265,20,57748476.0,11520557.0,0.0,0.0,20249118.0,6910341.0,434452256.0,0.0,17694288.0,430362464.0,147322336.0,35724968.0,2956880.25,6869148.5,1168852.25,2082167.625,1
1789487143.9364595,music,263,25,85273712.0,63382016.0,81819072.0,93694768.0,20451142.0,0.0,976755328.0,0.0,26459694.0,1111083520.0,112256408.0,55066688.0,2266702.25,2105011.75,2024515.5,612302.375,1
1789487144.001118,music,262,25,18649128.0,3977551.5,46150240.0,118441632.0,103325440.0,27938108.0,40002672.0,5563767.0,0.0,12467794.0,36459104.0,788360640.0,14175342.0,32509914.0,0.0,2606623.25,1
1789487144.0663092,music,266,22,21231816.0,0.0,119007472.0,174910544.0,3285889.5,436559.125,0.0,10020303.0,59332208.0,776272832.0,222470384.0,84944816.0,5967781.0,9550729.0,273530.375,1230174.125,1
1789487144.1311336,music,263,25,41407640.0,0.0,6730478.0,32924542.0,4384679.0,1823749.0,109870048.0,0.0,0.0,409244736.0,100922912.0,81306544.0,196828.984375,18009166.0,393632.71875,368559.8125,1
1789487144.1955338,music,266,32,110871792.0,13841304.0,0.0,64504456.0,48129736.0,1837493.25,16202348.0,5504675.0,24943204.0,1632179712.0,364074880.0,190313616.0,9541691.0,32649512.0,523442.03125,1448879.625,1
1789487144.260555,music,270,22,53097172.0,5581935.5,79203984.0,26956724.0,37296080.0,0.0,0.0,1447326.25,2319964.0,2308086016.0,536258016.0,16671874.0,0.0,4709555.0,2005269.125,948823.4375,1
1789487144.3262067,music,270,21,62325580.0,0.0,1171088000.0,1178577664.0,14398413.0,6599685.0,827648064.0,487194.0,1428995.375,8304030.5,110261376.0,128781328.0,41587988.0,0.0,3991539.5,2343010.25,1
1789487144.3762007,music,263,23,161423264.0,47034680.0,318140192.0,42064492.0,0.0,0.0,441072288.0,12535450.0,3198677.5,41349264.0,60898448.0,198039872.0,29468658.0,260587328.0,0.0,0.0,1
1789487144.4408886,music,249,22,140309824.0,0.0,0.0,71993136.0,22319068.0,31824368.0,0.0,15642845.0,10013963.0,145967888.0,92772560.0,5726240.5,57591616.0,1116177152.0,218063664.0,4949328.5,1
1789487144.50476,music,268,19,112022088.0,0.0,0.0,0.0,31550516.0,0.0,891235968.0,1762586.5,28133372.0,19551168.0,101294800.0,39575208.0,0.0,67580248.0,35047080.0,27425428.0,1
1789487144.5691352,music,248,25,187796848.0,139911952.0,39894288.0,0.0,5941583.0,74212008.0,232004384.0,7812182.0,0.0,119604288.0,76849456.0,152461232.0,0.0,148816704.0,11683226.0,20159284.0,1
1789487144.6323392,music,243,16,722512192.0,97280592.0,0.0,33851104.0,14423743.0,12323816.0,0.0,0.0,0.0,3383489.25,0.0,34630308.0,2727646.5,13884838.0,9477626.0,1553406.625,1
1789487144.6963117,music,252,17,135026736.0,107506152.0,20985428.0,0.0,25621944.0,22653128.0,0.0,6887674.0,6837573.0,0.0,12165072.0,28182592.0,0.0,20246236.0,5022029.0,726026.625,1
1789487144.759634,music,243,13,433225344.0,98499744.0,8659138.0,0.0,2854759.0,17631402.0,14372243.0,0.0,0.0,0.0,0.0,0.0,0.0,16768302.0,1075244.875,0.0,1
1789487144.8239398,music,266,27,35386304.0,10516687.0,92958368.0,0.0,2845935.5,9467586.0,49747544.0,1773486.75,37404604.0,116572064.0,89907256.0,97017792.0,7336465.0,35112916.0,8419925.0,1537979.75,1
1789487144.9306092,music,256,34,226109696.0,238009344.0,426795520.0,97618416.0,37504992.0,10337368.0,7050817.5,67939928.0,14290627.0,155152432.0,17248246.0,55423564.0,0.0,47507880.0,5002523.0,969878.1875,1
1789487144.9912956,music,256,25,140375712.0,170357392.0,894987904.0,6875429.5,0.0,2312351.5,0.0,66438396.0,21408730.0,23264356.0,2471968.25,16259406.0,8194096.0,50505684.0,53869.71484375,410637.4375,1
1789487145.041748,music,258,23,15900808.0,228087104.0,6351579.0,0.0,2883270.5,1255371.375,0.0,51507680.0,8078132.5,10575987.0,6090651.5,28741824.0,1684780.875,58602920.0,1874901.625,1132781.625,1
1789487145.1058817,music,260,27,0.0,176385408.0,697387776.0,5611621.0,1678192.125,832647.375,0.0,47874280.0,9693895.0,213268672.0,76828648.0,3105922.75,5138812.0,32896160.0,2543805.5,439405.875,1
1789487145.1701224,music,252,26,0.0,146153968.0,532589248.0,8273739.0,6796854.0,4984569.0,1027451.3125,24704358.0,0.0,27737808.0,42808408.0,19369520.0,0.0,14018968.0,573933.0,1173632.25,1
1789487145.2346194,music,251,24,279271328.0,114854264.0,271822528.0,656688.625,995412.875,0.0,0.0,13726603.0,5185170.5,210562880.0,0.0,10065668.0,0.0,13132559.0,822954.25,277168.59375,1
1789487145.2986507,music,251,20,283881536.0,139273696.0,330692768.0,35707624.0,1229282.125,0.0,6460175.0,0.0,0.0,0.0,0.0,15104788.0,0.0,5076857.5,1801172.0,143366.890625,1
1789487145.3480585,music,252,22,337869696.0,168011808.0,561531648.0,0.0,5978974.0,2655690.0,621753.5625,0.0,0.0,16016215.0,2504768.5,6112197.0,1732906.375,5785783.5,366619.5,295742.71875,1
1789487145.4132972,music,250,21,5646146.5,54747176.0,294455360.0,53427368.0,0.0,0.0,1624726.125,139059136.0,0.0,45219980.0,7584912.5,50428988.0,73068128.0,1770860.25,0.0,543522.25,1
1789487145.479224,music,251,11,7494925.0,101686944.0,262552240.0,0.0,3234237.5,3115245.5,0.0,0.0,0.0,0.0,0.0,0.0,0.0,8642724.0,15741482.0,2340550.5,1
1789487145.4801278,music,287,7,0.0,0.0,0.0,0.0,0.0,0.0,0.0,10408744.0,1874205696.0,89879008.0,3652027.75,0.0,0.0,0.0,0.0,0.0,1
1789487145.542904,music,245,14,12882894.0,46157212.0,343713408.0,0.0,5487936.5,0.0,0.0,0.0,0.0,6798842.0,180659.21875,0.0,2060059.625,8903876.0,0.0,2110304.5,1
1789487145.6898572,music,244,20,213983488.0,0.0,191426112.0,74184400.0,46667544.0,49544080.0,0.0,124122744.0,20411348.0,5403630.5,0.0,4133435.0,4229094.0,0.0,0.0,269216.21875,1
1789487145.7502804,music,250,22,0.0,38222784.0,56329412.0,0.0,138893696.0,118036704.0,30486524.0,116059920.0,41002232.0,4095972.25,1113907.625,31315482.0,9698312.0,25461892.0,0.0,0.0,1
1789487145.8155854,music,256,15,7003601.0,43429144.0,25441902.0,0.0,6436931.5,4007504.25,0.0,0.0,0.0,25165792.0,5149420.0,90468464.0,2200852.75,0.0,0.0,6667927.0,1
1789487145.8821971,music,263,15,8472291.0,0.0,0.0,0.0,14428250.0,4544843.0,207747440.0,0.0,143233984.0,8738202.0,3822175.0,72270496.0,4979379.5,0.0,0.0,4811683.0,1
1789487145.9471855,music,247,19,10888322.0,68845024.0,89125888.0,56845504.0,101033168.0,2200001.75,90962216.0,77289296.0,0.0,304125024.0,1108979.75,0.0,0.0,11937024.0,11048280.0,0.0,1
1789487146.011837,music,247,7,11658401.0,23891754.0,0.0,20032180.0,19914296.0,1690075.5,0.0,0.0,0.0,0.0,0.0,0.0,646407.5,0.0,0.0,0.0,1
1789487146.058431,music,233,24,22539622.0,39122572.0,83133280.0,10722004.0,2368688.75,0.0,19854348.0,248250656.0,298167744.0,9755735.0,0.0,5601189.5,6750401.0,239030.890625,1388941.0,2731510.5,1
1789487146.122004,music,233,12,9868773.0,47053572.0,0.0,12853241.0,13385040.0,6592552.0,0.0,71274304.0,0.0,0.0,1148482.75,0.0,0.0,5072855.0,2517894.0,0.0,1
1789487146.1721683,music,278,3,0.0,0.0,0.0,0.0,0.0,0.0,599872256.0,0.0,0.0,0.0,0.0,0.0,0.0,0.0,0.0,0.0,1
1789487146.2370973,music,238,12,0.0,0.0,0.0,0.0,17526830.0,9753482.0,0.0,0.0,239238304.0,28042510.0,4415778.0,3415947.75,10593799.0,20249424.0,0.0,0.0,1
1789487146.4495392,music,193,4,110765424.0,30300152.0,0.0,0.0,0.0,0.0,0.0,0.0,0.0,0.0,0.0,0.0,0.0,193010.578125,0.0,0.0,1
1789487146.5094976,music,200,7,5247551.0,0.0,0.0,0.0,1333080.5,335302.21875,248929664.0,0.0,0.0,0.0,0.0,0.0,0.0,0.0,0.0,0.0,1
1789487146.585816,music,207,12,0.0,15905396.0,0.0,0.0,20433930.0,637933568.0,312170560.0,79666072.0,0.0,0.0,4414403.0,0.0,3734314.25,8597382.0,0.0,0.0,1
1789487146.6495101,music,212,9,0.0,0.0,25895830.0,64520560.0,70477216.0,0.0,0.0,0.0,0.0,0.0,0.0,0.0,7620427.5,10460567.0,3929549.5,1318780.375,1
1789487146.7119596,music,187,14,5837577.0,47322356.0,107157440.0,0.0,11617144.0,0.0,150712496.0,13367438.0,117236528.0,0.0,0.0,30452978.0,0.0,16446028.0,0.0,0.0,1
1789487146.77608,music,186,20,16954744.0,27605380.0,0.0,0.0,21312400.0,33978160.0,429428672.0,56752272.0,277804000.0,433083584.0,20066956.0,12394970.0,1976973.125,0.0,0.0,1468114.125,1
1789487147.0822942,music,174,13,25979660.0,384742464.0,0.0,0.0,0.0,0.0,0.0,6682530.0,8098803.5,4422503.5,3206150.75,10170412.0,0.0,10457162.0,0.0,1362222.0,1
1789487147.141952,music,175,9,107816912.0,563150080.0,0.0,4127204.75,559085.5,0.0,0.0,1855964.125,0.0,1844034.125,2886859.75,6662008.0,0.0,0.0,0.0,0.0,1
1789487147.2068737,music,175,17,31571136.0,0.0,0.0,0.0,2676954.0,8300584.0,93424976.0,2047055.25,23882624.0,0.0,8017251.0,3999292.25,0.0,3767468.5,4636508.0,2314609.0,1
1789487147.2562954,music,172,15,255686688.0,0.0,0.0,0.0,2198397.0,7534851.0,0.0,73629776.0,0.0,1577938.0,2573013.0,6669239.5,0.0,3540369.5,2033006.625,1799341.125,1
1789487147.320694,music,176,13,313783808.0,26908730.0,0.0,0.0,6324092.5,0.0,0.0,1097521.5,0.0,10887182.0,2909415.75,0.0,268906.625,4786334.5,1382968.25,0.0,1
1789487147.4947784,music,172,14,295490560.0,0.0,0.0,97961128.0,0.0,125382336.0,0.0,0.0,0.0,0.0,36349580.0,1304449.125,0.0,47701864.0,211853344.0,20156136.0,1
1789487147.5587041,music,174,25,56772216.0,0.0,476978592.0,0.0,143835328.0,953683840.0,872779136.0,152622464.0,0.0,88392816.0,104056904.0,325820896.0,34596592.0,516668800.0,28271224.0,0.0,1
1789487147.6528034,music,175,12,422697984.0,229788800.0,10739925.0,0.0,0.0,0.0,370882944.0,0.0,0.0,0.0,0.0,0.0,7274720.0,4530566.0,7912747.5,0.0,1
1789487147.7128613,music,169,11,325368960.0,499664832.0,14421096.0,0.0,0.0,0.0,12543202.0,24013084.0,0.0,0.0,2992363.0,0.0,0.0,0.0,54771580.0,0.0,1
1789487147.7773032,music,169,11,365822464.0,145280736.0,0.0,0.0,1604945.875,0.0,35741596.0,0.0,0.0,0.0,3151637.75,0.0,0.0,3957312.5,0.0,0.0,1
1789487147.8268414,music,171,19,544958656.0,163118704.0,0.0,0.0,2381472.5,0.0,193348160.0,10620144.0,0.0,1757674.0,5953042.5,22639992.0,2886137.5,3299666.0,13026018.0,0.0,1
1789487147.9380195,music,171,14,177029280.0,118661040.0,0.0,0.0,6336518.0,0.0,1561862912.0,22618458.0,3524504.25,0.0,0.0,0.0,1357014.0,4236032.0,3337952.75,0.0,1
1789487147.983075,music,169,13,62726136.0,92253256.0,0.0,0.0,28334336.0,293899328.0,405193184.0,0.0,0.0,1186845.75,0.0,2242789.0,2904024.0,0.0,0.0,895757.125,1
1789487148.0474114,music,169,5,70761640.0,164467152.0,0.0,0.0,231870160.0,158221088.0,0.0,0.0,0.0,0.0,0.0,0.0,0.0,0.0,0.0,0.0,1
1789487148.0928516,music,172,11,112748824.0,101869536.0,0.0,0.0,60002460.0,305132096.0,0.0,0.0,0.0,0.0,1222054.375,10943139.0,1590765.0,1667468.5,0.0,0.0,1
1789487148.157333,music,176,15,122109920.0,0.0,0.0,8838396.0,5862301.0,55232652.0,0.0,7813926.0,1554510.375,0.0,1852973.375,438345.3125,0.0,3168343.25,0.0,0.0,1
1789487148.2231557,music,172,11,55667528.0,0.0,0.0,0.0,12872893.0,74169064.0,98567760.0,251981600.0,29882496.0,0.0,0.0,0.0,0.0,741715.875,0.0,0.0,1
1789487148.2876403,music,171,13,178312096.0,150724288.0,0.0,0.0,8823402.0,0.0,0.0,0.0,0.0,6371336.0,1463723.5,0.0,0.0,3845071.0,0.0,0.0,1
1789487148.3513868,music,173,12,133707296.0,153779360.0,0.0,0.0,570317.0,0.0,55624780.0,171089808.0,16899812.0,1271594.625,0.0,3341748.25,0.0,630918.8125,0.0,0.0,1
1789487148.416387,music,178,14,73932704.0,0.0,0.0,0.0,17495294.0,26994124.0,0.0,122707288.0,24156600.0,4100152.75,2681523.75,4561364.0,8197206.5,1619174.375,0.0,0.0,1
1789487148.4817698,music,178,9,66475584.0,6629112.0,0.0,0.0,4422430.0,0.0,0.0,0.0,0.0,0.0,0.0,2433679.5,0.0,6865766.5,0.0,0.0,1
1789487148.6352296,music,181,10,32951442.0,130638208.0,0.0,9627903.0,0.0,0.0,0.0,3228954.5,0.0,0.0,0.0,0.0,0.0,3829621.0,0.0,0.0,1
1789487148.7004945,music,199,7,81813672.0,0.0,0.0,0.0,32615182.0,8364935.5,0.0,0.0,0.0,0.0,0.0,0.0,0.0,9736256.0,0.0,0.0,1
1789487148.765053,music,199,14,32302008.0,20837364.0,0.0,27567028.0,71028624.0,4506234.0,0.0,0.0,0.0,0.0,0.0,7388417.0,2128940.5,2708147.75,0.0,0.0,1
1789487148.8105454,music,170,12,15477971.0,0.0,0.0,0.0,0.0,6427257.0,82997608.0,0.0,418411552.0,163936176.0,11603552.0,0.0,0.0,4362862.0,0.0,1692812.25,1
1789487148.8888838,music,192,16,29821950.0,39290152.0,277099104.0,40477332.0,15188274.0,1084240.625,0.0,0.0,0.0,94208416.0,3724339.25,0.0,0.0,4360116.0,0.0,924059.875,1
1789487148.9536972,music,194,12,34615844.0,0.0,0.0,0.0,49159104.0,8689056.0,45621444.0,0.0,0.0,0.0,8049060.0,0.0,348786.78125,0.0,0.0,0.0,1
1789487149.0180767,music,188,11,30197244.0,115072912.0,35190848.0,0.0,0.0,0.0,3254362.0,0.0,9428094.0,81639440.0,0.0,0.0,0.0,769774.1875,0.0,1648649.5,1
1789487149.082312,music,210,21,34195840.0,38938736.0,16377290.0,112079432.0,40929592.0,0.0,56537852.0,38199048.0,44337040.0,0.0,21217148.0,28257892.0,12774129.0,110506464.0,0.0,0.0,1
1789487149.148009,music,220,11,21682156.0,0.0,0.0,0.0,33931512.0,1875736.375,0.0,4628624.0,0.0,0.0,5738932.0,59064320.0,915797.4375,2133546.25,0.0,0.0,1
1789487149.2100883,music,203,10,11726266.0,69068640.0,0.0,0.0,0.0,0.0,272958496.0,0.0,0.0,9356996.0,4568195.5,0.0,0.0,2259804.0,0.0,0.0,1
1789487149.2724516,music,203,14,18738992.0,8245237.0,0.0,0.0,25340354.0,43833664.0,0.0,0.0,0.0,14734644.0,0.0,19454206.0,459757.1875,1928979.75,0.0,0.0,1
1789487149.3185108,music,220,22,5914734.5,26727522.0,0.0,332506752.0,283480256.0,81894272.0,10504420.0,0.0,4098301.5,0.0,6660941.5,153476336.0,0.0,2052556.75,1603393.5,2879021.75,1
1789487149.3814483,music,244,18,0.0,0.0,47164920.0,341934432.0,169856464.0,27175596.0,0.0,24863774.0,0.0,16378751.0,13277686.0,587511616.0,20908208.0,3829451.5,3800463.0,0.0,1
1789487149.4460766,music,246,20,0.0,0.0,62760936.0,65684656.0,84010768.0,50238288.0,29351072.0,19827058.0,137277408.0,19251642.0,11396227.0,46087564.0,28409584.0,8099716.0,0.0,5089823.0,1
1789487149.5544357,music,240,12,7347543.5,0.0,0.0,251254624.0,23039662.0,0.0,1901863.0,0.0,6461077.5,51553164.0,2782854.25,0.0,0.0,4267840.0,0.0,1543961.25,1
1789487149.612738,music,231,20,19288204.0,22892134.0,142672528.0,200990608.0,38503232.0,136908832.0,13342861.0,0.0,0.0,0.0,783585.8125,118156600.0,114346912.0,929506.375,0.0,0.0,1
1789487149.6756268,music,248,25,28584868.0,40611216.0,0.0,159431680.0,176186400.0,299512896.0,23581874.0,0.0,33191488.0,33851080.0,32157506.0,0.0,0.0,5318561.0,3189999.25,6569314.5,1
1789487149.7393298,music,259,24,4174290.5,0.0,1760338.0,33294896.0,106322424.0,146990448.0,0.0,0.0,47446264.0,165945648.0,34589048.0,263820176.0,43985836.0,3116900.5,0.0,5789998.0,1
1789487149.803855,music,252,24,5754820.5,119422352.0,115068752.0,218229856.0,939850.3125,0.0,7107803.5,2647849.0,0.0,74150736.0,25986474.0,0.0,37546024.0,3889008.5,914325.4375,895969.625,1
1789487149.8800495,music,270,16,0.0,0.0,0.0,0.0,3696844.5,0.0,75218944.0,893624.625,0.0,18318662.0,7293801.5,358977504.0,34224728.0,1750666.5,39111.27734375,3459129.0,1
1789487149.9451754,music,270,23,4163051.5,0.0,24329804.0,184629264.0,113971104.0,93792048.0,167694000.0,12133511.0,9985976.0,16247024.0,13628668.0,104993344.0,18494460.0,1883621.375,0.0,0.0,1
1789487149.9909148,music,271,25,7488432.0,11349683.0,14517640.0,309233248.0,328494240.0,15735897.0,0.0,4062161.0,9825105.0,31422036.0,568700.5,71817272.0,10825597.0,3361904.75,1089042.0,3291820.5,1
1789487150.0566633,music,273,24,1316921.0,34256120.0,0.0,94814816.0,199314752.0,0.0,0.0,3962996.0,0.0,4590171.5,1470746.125,81967200.0,6365625.0,1837759.75,2526663.25,114690448.0,1
1789487150.121665,music,276,27,0.0,5822870.0,16376528.0,122073848.0,171674256.0,6057198.5,115655192.0,0.0,3080218.25,5835874.0,0.0,170932832.0,6248279.5,3387826.75,3656844.5,248844416.0,1
1789487150.282822,music,307,21,0.0,0.0,5831340.0,19459380.0,25177440.0,1835325.75,253295872.0,8669375.0,537006.875,12441504.0,7820423.0,0.0,347434.1875,6624075.5,310016.40625,4174156.25,1
1789487150.4409063,music,322,23,7421008.0,0.0,137137328.0,141376736.0,894417.9375,3084270.0,477584096.0,2275437.75,3582571.0,184637392.0,38095248.0,1756781.25,11750425.0,5828840.0,4173250.5,2318192.5,1
1789487150.5350702,music,317,30,6466363.0,0.0,164437824.0,324790240.0,2456365.25,910114.625,0.0,1462081.0,1679473.375,464161568.0,136598016.0,3392540.25,3922256.5,58089628.0,6593334.0,2414617.0,1
1789487150.5933053,music,327,27,4266385.0,0.0,204239600.0,275471424.0,20312330.0,0.0,77316080.0,65443940.0,4885042.5,159441856.0,53372312.0,0.0,55129408.0,206578528.0,61402020.0,90412320.0,1
1789487150.8533514,music,336,16,0.0,0.0,274942432.0,254748816.0,61017256.0,0.0,0.0,987617.875,230161.453125,0.0,2940206.5,0.0,0.0,198072.09375,533398.0,822663.875,1
1789487150.9164522,music,332,27,0.0,0.0,31611964.0,299356000.0,298181664.0,3090275.5,68884192.0,4419842.0,632200.375,2804197.25,5821343.0,13961287.0,6920478.0,10252260.0,1795173.125,3535014.5,1
1789487150.9799533,music,339,24,9703199.0,17961414.0,39091688.0,172643872.0,328274144.0,5709156.0,50031512.0,0.0,57892344.0,0.0,16935400.0,0.0,0.0,74351616.0,18570190.0,135803136.0,1
1789487151.0440028,music,342,18,16107938.0,19832730.0,13705566.0,55076960.0,305156384.0,0.0,0.0,1710955.875,7582243.0,0.0,4162769.5,0.0,2297771.5,14411156.0,69693192.0,599620864.0,1
1789487151.107693,music,331,19,774755.125,82380848.0,75534400.0,32150388.0,14806480.0,7425460.0,11833836.0,0.0,1364283.0,0.0,0.0,5733968.0,985064.1875,5906277.0,81975568.0,1270578944.0,1
1789487151.171616,music,331,17,0.0,0.0,0.0,41411496.0,2260197.5,3501723.0,2158995.25,1907730.0,1182484.5,2962326.5,416874.09375,0.0,2537631.0,663356.3125,2846977.25,1323213056.0,1
1789487151.216727,music,331,23,363933.15625,4510616.0,62981292.0,15850938.0,0.0,9145016.0,0.0,3251070.5,0.0,1026876.6875,876500.0,20993408.0,1066817.25,11365459.0,50337984.0,1419243520.0,1
1789487151.2624745,music,334,31,584377.25,10086558.0,163818672.0,0.0,2514779.25,0.0,14067077.0,7162696.0,23567148.0,4567395.5,3809156.25,35235352.0,949480.0,13084171.0,21512508.0,849888128.0,1
1789487151.4209201,music,339,23,0.0,0.0,1495505.5,93053976.0,167481472.0,555855872.0,15519335.0,425777.15625,0.0,7530072.0,3106908.0,225243184.0,193772.15625,28580182.0,55539176.0,12129333.0,1
1789487151.4792686,music,338,12,0.0,0.0,0.0,0.0,97419520.0,603658240.0,0.0,0.0,0.0,622215.4375,4237319.5,44743168.0,2790553.5,0.0,21756628.0,6314900.0,1
1789487151.706907,music,338,7,0.0,0.0,0.0,0.0,1810608.5,10237448.0,0.0,0.0,0.0,0.0,0.0,58142144.0,0.0,940245.5,3021438.5,0.0,1
1789487151.7520583,music,343,22,4275260.0,99900296.0,9665571.0,14152356.0,0.0,5528855.0,26224316.0,91407248.0,23166806.0,3075601.0,229589.75,112617952.0,0.0,1101390.375,3815385.5,23664224.0,1
1789487152.0551326,music,354,24,0.0,0.0,0.0,2958604.5,36722784.0,87335776.0,292460352.0,83689848.0,307204320.0,219469664.0,64332444.0,54244052.0,0.0,276904512.0,98487232.0,28118772.0,1
1789487152.119682,music,355,22,2573811.0,1252292.0,217714704.0,38519352.0,23851660.0,55200256.0,37675152.0,725807744.0,285888032.0,0.0,0.0,0.0,2030240.75,12894264.0,4227208.0,5670051.0,1
1789487152.1845264,music,357,22,0.0,415603.375,1239024256.0,59567924.0,114892928.0,103664768.0,43368072.0,0.0,154776800.0,13378777.0,0.0,5284497.5,447678.0625,0.0,5189103.0,2441282.0,1
1789487152.249972,music,4,30,68258240.0,94210080.0,2151927296.0,109006872.0,0.0,39394248.0,21859390.0,159826992.0,378072320.0,37437824.0,12512957.0,189526736.0,0.0,28379708.0,37617712.0,1085768.875,1
1789487152.435144,music,8,25,15947040.0,17128356.0,0.0,120902712.0,106780688.0,144174592.0,49886632.0,39745516.0,0.0,29827758.0,7281243.5,24069890.0,0.0,566495040.0,2886488576.0,67335536.0,1
1789487152.4989507,music,8,28,5249250.0,0.0,10532012.0,8703028.0,3746256128.0,2503563008.0,21300718.0,82614960.0,0.0,244571024.0,3871549.25,11165906.0,10094086.0,65480508.0,429664704.0,11331338.0,1
1789487152.5442202,music,8,30,14248972.0,33628440.0,8225355.5,45679380.0,64043872.0,2035135744.0,8302957.0,68531120.0,0.0,179047712.0,6498889.0,4218086.5,14686494.0,100792488.0,872077952.0,14756974.0,1
1789487152.5895634,music,11,32,18948336.0,5710607.0,1553840.125,39442848.0,2480517120.0,3606800128.0,10725184.0,43690608.0,172694976.0,98479776.0,5204701.0,10719298.0,4744359.5,229311424.0,1478493184.0,2989003.0,1
1789487152.6538367,music,12,25,10175036.0,7873063.5,11555517.0,30410098.0,55881636.0,3917004800.0,0.0,18620780.0,373566368.0,243943424.0,75716824.0,3129119.25,2091322.5,84520472.0,539330944.0,0.0,1
1789487152.7188003,music,27,32,35190216.0,7071348.5,87656712.0,41731844.0,978283648.0,3873115904.0,2915606.0,8136989.0,0.0,279336608.0,163045472.0,19391826.0,270059.8125,4356522.5,28190366.0,3085618.5,1
1789487152.784006,music,25,36,82680544.0,18342062.0,94069752.0,39768872.0,1911914240.0,1570468864.0,26931038.0,135397520.0,52208020.0,97265472.0,58915588.0,38261608.0,711816.9375,21218688.0,246739520.0,3009516.0,1
1789487152.848298,music,41,30,467043904.0,50029312.0,40777472.0,150326448.0,217115136.0,2630001920.0,218986960.0,24890694.0,151050496.0,342622272.0,166291344.0,57864316.0,2182531.0,134555808.0,540013120.0,10064002.0,1
1789487152.9111884,music,41,32,124255912.0,25568012.0,388314336.0,3111221.0,118124512.0,788347904.0,207916576.0,13335284.0,48795256.0,412103264.0,169488896.0,12082336.0,0.0,24610764.0,126620120.0,0.0,1
1789487152.9615037,music,42,34,462860064.0,5522842.5,345563616.0,17409672.0,168049680.0,634632512.0,144811296.0,3498708.5,102889200.0,399922880.0,142752592.0,4282860.5,1139472.125,9291587.0,155319232.0,5622642.0,1
1789487153.0231707,music,42,33,165230064.0,52620784.0,107829752.0,0.0,546701376.0,1090276608.0,326146560.0,53146680.0,256385408.0,222201008.0,46377468.0,11729872.0,7746832.0,16317492.0,244590496.0,3585038.0,1
1789487153.0724237,music,41,27,0.0,381100192.0,167404864.0,781575.375,308469408.0,599680704.0,0.0,7095069.0,107039056.0,43228008.0,16713392.0,6504144.5,561323.6875,27160572.0,367801280.0,16358073.0,1
1789487153.1342597,music,41,27,95127216.0,0.0,206722944.0,16047626.0,711360832.0,861793536.0,83819336.0,0.0,47364528.0,105730752.0,77577712.0,11828872.0,1424883.375,7316562.5,76308944.0,18522824.0,1
1789487153.1799862,music,41,28,15332852.0,0.0,187533248.0,158411392.0,87361464.0,0.0,499732128.0,7990903.5,35198136.0,251412768.0,104264640.0,17278496.0,4287972.0,24724732.0,23269116.0,16359753.0,1
1789487153.225547,music,53,30,1237512576.0,23125592.0,69846608.0,0.0,196938304.0,425138432.0,252867456.0,3681615.5,28295202.0,21656920.0,12117358.0,173966816.0,289208064.0,416393600.0,2042431616.0,1098655232.0,1
1789487153.2885773,music,58,26,391962176.0,9935916.0,22988852.0,0.0,588581632.0,2270685440.0,86811624.0,918919.5,59950144.0,16815348.0,65773840.0,30869424.0,0.0,13661067.0,0.0,0.0,1
1789487153.3509512,music,58,28,174744672.0,0.0,61319080.0,11057740.0,218387264.0,1211941888.0,41492264.0,19055824.0,18039154.0,682914.375,2142943.5,21466788.0,3245763.0,23776752.0,305072320.0,21923610.0,1
1789487153.4011602,music,58,31,0.0,56381648.0,135816464.0,1909514.75,116799136.0,115361040.0,213421008.0,12283507.0,139967200.0,127324528.0,62956720.0,11571696.0,15131729.0,6992899.0,0.0,4013100.5,1
1789487153.4512806,music,63,17,0.0,16486163.0,0.0,0.0,42555116.0,301748800.0,55458552.0,0.0,70836736.0,8035151.0,10695858.0,5592634.0,0.0,5346359.0,24380632.0,767581.125,1
1789487153.5149212,music,61,22,0.0,0.0,0.0,93301.125,37384584.0,0.0,318651072.0,0.0,7866205.5,2203418.75,954468.5,3246702.25,3556883.5,766720.25,69151120.0,6982078.5,1
1789487153.5785239,music,70,25,72941840.0,504722880.0,32648636.0,0.0,127566720.0,557398784.0,347392256.0,0.0,9140038.0,13087759.0,7579726.0,173064880.0,45460200.0,240494944.0,88106880.0,15187462.0,1
1789487153.6424294,music,71,26,0.0,542615552.0,117189616.0,0.0,28788952.0,63123740.0,369837568.0,14944154.0,6235808.5,19022186.0,0.0,39140988.0,46077852.0,33714768.0,38321976.0,56407356.0,1
1789487153.7063434,music,71,25,0.0,601637760.0,726186432.0,0.0,84915200.0,80843192.0,132795528.0,12726980.0,8150730.0,0.0,10208641.0,87708728.0,19883396.0,281521952.0,362644960.0,10162208.0,1
1789487153.7522418,music,71,18,41184880.0,221744160.0,0.0,0.0,14986476.0,0.0,17385112.0,6381505.5,22723732.0,2285615.5,1862250.5,114347520.0,3639996.0,7564413.0,324654208.0,27297060.0,1
1789487153.801923,music,66,26,0.0,279569600.0,0.0,0.0,127001776.0,747980672.0,83210560.0,4033978.0,9621217.0,14679531.0,12115887.0,29519952.0,5544223.0,164222720.0,903519296.0,13355014.0,1
1789487153.866104,music,68,23,0.0,123905328.0,0.0,50099088.0,81808992.0,727977024.0,196925888.0,0.0,20473270.0,10893485.0,3865425.0,293446304.0,0.0,205844576.0,1159780224.0,11320262.0,1
1789487153.9298487,music,68,17,0.0,68157912.0,44566508.0,0.0,30347354.0,256979424.0,0.0,5976367.0,10483038.0,3501830.0,0.0,3179990.5,5660416.0,3013242.75,0.0,16861530.0,1
1789487153.97567,music,75,26,0.0,30073170.0,1524542592.0,0.0,28460240.0,15237235.0,257468288.0,5544114.0,0.0,2202148.5,8935945.0,23162106.0,2778783.0,16479519.0,53799592.0,21471796.0,1
1789487154.0401986,music,75,21,0.0,0.0,2432739584.0,2582044.0,7371962.0,109754528.0,2072405888.0,4155724.5,18301484.0,17757108.0,4427156.5,0.0,41145972.0,47459956.0,0.0,0.0,1
1789487154.090463,music,75,21,11172651.0,99498056.0,1569888384.0,0.0,0.0,16254232.0,39969472.0,753720.875,2911142.0,0.0,0.0,12617424.0,172634816.0,153427808.0,23260092.0,43229232.0,1
1789487154.136451,music,74,19,364814.46875,157681376.0,2449576960.0,5942727.0,4201472.0,44292064.0,10302874.0,5989738.0,18768800.0,6625951.0,35676860.0,11925658.0,0.0,156359024.0,0.0,904800.75,1
1789487154.201142,music,75,25,219418688.0,107026208.0,1880732800.0,0.0,2912619.0,10496746.0,23222878.0,10052814.0,22586360.0,45735312.0,2449314.5,0.0,30151768.0,36487008.0,28448384.0,27294156.0,1
1789487154.265279,music,74,23,77358560.0,78107472.0,2206289152.0,0.0,0.0,0.0,597920512.0,13635099.0,36092548.0,3561031.5,0.0,1428820.375,14817745.0,1389637.125,3456182.0,2844469.0,1
1789487154.329717,music,74,26,0.0,35124244.0,2509874688.0,0.0,12137442.0,58149608.0,268787584.0,7917390.0,1918863.625,14097782.0,4003435.0,8487943.0,3755619.75,1413806.0,117303392.0,94456000.0,1
1789487154.3789692,music,74,30,0.0,564137408.0,1234615808.0,344705376.0,208092480.0,53240632.0,767757376.0,45702204.0,31354720.0,7891000.5,18643092.0,13533931.0,51121208.0,770348032.0,997704576.0,31463796.0,1
1789487154.4244974,music,74,29,5916890.0,0.0,1763165056.0,4540886.5,35961508.0,172792112.0,1539369856.0,0.0,4567966.0,18387226.0,0.0,14522070.0,7096783.5,993198144.0,1128251648.0,37764640.0,1
1789487154.473929,music,73,28,19240238.0,0.0,1562849792.0,6822810.5,0.0,64925832.0,2595979008.0,784897.375,3093568.75,110451264.0,36603552.0,10857490.0,41489012.0,268572416.0,594634560.0,551131.4375,1
1789487154.5390837,music,72,20,79935600.0,0.0,1186510336.0,0.0,12201220.0,141644384.0,1966675456.0,459936.59375,1227731.75,0.0,0.0,24989340.0,1215338.25,32685164.0,0.0,22679558.0,1
1789487154.6038072,music,71,25,26821176.0,149944688.0,792019840.0,0.0,25196640.0,121433520.0,0.0,296680.9375,1850776.875,2484258.75,8335049.5,7557829.0,27829796.0,45198076.0,157403712.0,1489764.5,1
1789487154.6678267,music,71,23,0.0,0.0,10098889.0,0.0,25133892.0,61275596.0,560908480.0,2038240.25,17679040.0,5967484.0,352823.25,11926120.0,7863653.0,31353528.0,133689296.0,4109729.75,1
1789487154.7180083,music,65,19,0.0,0.0,436586336.0,0.0,0.0,16253483.0,622955008.0,1114865.25,2564607.25,0.0,725110.75,2257599.5,16787756.0,18860224.0,28489632.0,280203.625,1
1789487154.7811742,music,68,22,0.0,12956078.0,624832256.0,0.0,11290006.0,37662928.0,277501312.0,385128.25,0.0,1509736.25,0.0,18141204.0,13347238.0,49818544.0,193551488.0,486484.0625,1
1789487154.8444712,music,68,25,13320096.0,67329040.0,572248704.0,0.0,0.0,0.0,192166192.0,670439.9375,3609717.0,2264848.25,57803.5390625,15861917.0,8501872.0,62476852.0,589549696.0,6222237.0,1
1789487154.8895788,music,60,24,0.0,102111168.0,274661184.0,0.0,996924.25,54614068.0,0.0,295899.3125,4853349.5,3016004.25,262652.4375,4927830.0,6368501.5,55389464.0,363250432.0,5780442.5,1
1789487154.9530003,music,60,22,0.0,0.0,0.0,0.0,36714216.0,310691232.0,140992736.0,26040026.0,29777940.0,287146432.0,103668880.0,13360580.0,11890824.0,82365792.0,0.0,36928056.0,1
1789487154.9977734,music,58,20,30082212.0,0.0,0.0,0.0,0.0,69461248.0,84478064.0,3960413.0,5111896.0,332346368.0,125278632.0,11288370.0,9241912.0,180917664.0,88992256.0,21274448.0,1
1789487155.0604863,music,72,21,7133968.0,3522750.0,319010208.0,0.0,24601544.0,8454546.0,3770973696.0,621413.625,531703.4375,258999232.0,154142912.0,0.0,1401005.125,235349616.0,75403024.0,19077042.0,1
1789487155.123906,music,63,23,0.0,0.0,16246548.0,81798032.0,34488784.0,103264288.0,1441007360.0,8268343.0,249155296.0,8857740.0,3521917.0,20950566.0,0.0,543790016.0,148218144.0,6111996.0,1
1789487155.1879194,music,65,17,0.0,0.0,29656208.0,0.0,22800512.0,665738752.0,328017248.0,28540808.0,0.0,0.0,24948454.0,429893216.0,33718876.0,151138208.0,728777536.0,273816672.0,1
1789487155.2506557,music,65,24,0.0,0.0,670133120.0,0.0,70259152.0,863721536.0,69250240.0,69583784.0,2236722176.0,57422808.0,13244510.0,204613584.0,12010030.0,86755440.0,137511712.0,28034776.0,1
1789487155.2996287,music,61,26,0.0,15406325.0,867139200.0,0.0,136410160.0,887428992.0,0.0,23705762.0,207233088.0,462438208.0,202084576.0,106928400.0,31422782.0,104315536.0,21616106.0,17065164.0,1
1789487155.3627894,music,66,28,12464488.0,149057184.0,787668224.0,0.0,53764896.0,626120832.0,0.0,18422898.0,652180672.0,709306176.0,91570440.0,145025792.0,25007570.0,44771492.0,241221904.0,2782425.5,1
1789487155.4259167,music,69,22,0.0,0.0,519711840.0,0.0,135836512.0,1201388288.0,70059080.0,4045129.0,368180288.0,142686336.0,0.0,94256240.0,5273131.0,51455200.0,125709920.0,10489024.0,1
1789487155.4896352,music,58,21,0.0,0.0,0.0,2332162.25,258703888.0,1803052928.0,83678272.0,0.0,144209376.0,81350576.0,23738762.0,101335608.0,280350.1875,59106916.0,658737280.0,0.0,1
1789487155.5523214,music,60,18,0.0,0.0,0.0,13583046.0,0.0,0.0,0.0,7483383.5,0.0,39039520.0,16662891.0,270292224.0,11613621.0,58240144.0,763099008.0,2964372.0,1
1789487155.6144133,music,59,19,3545653.5,14719636.0,0.0,0.0,40459168.0,670236608.0,15321033.0,16870310.0,750296064.0,33833680.0,1153167.375,5765964.0,2538415.75,28616776.0,0.0,9075940.0,1
1789487155.6958218,music,61,16,4635408.0,25564224.0,0.0,0.0,0.0,51554924.0,0.0,0.0,232110464.0,19651350.0,1183942.75,49834844.0,0.0,25569342.0,36144352.0,7713190.0,1
1789487155.7543309,music,69,19,0.0,1064338.125,0.0,0.0,49875048.0,155621008.0,0.0,16212246.0,192000672.0,96076816.0,0.0,83413952.0,0.0,5773920.5,31459744.0,1545842.25,1
1789487155.8186243,music,69,27,7455512.0,0.0,5525836.0,0.0,36245516.0,25084356.0,18893164.0,829351.125,145143680.0,25280306.0,6109222.0,4504301.0,4406134.0,4257304.5,96237984.0,7094330.0,1
1789487155.8857832,music,69,22,45267740.0,0.0,0.0,58475200.0,18251114.0,5429027.5,36988196.0,36021704.0,107725192.0,8129339.5,0.0,1245689.5,8574230.0,8850234.0,4912005.0,8593304.0,1
1789487155.9322364,music,84,24,22914544.0,0.0,0.0,0.0,0.0,211527328.0,1426489600.0,22685156.0,89799808.0,36460408.0,171381504.0,19482340.0,82385184.0,70092432.0,17773504.0,155217440.0,1
1789487155.998109,music,85,17,6784131.0,9817305.0,0.0,0.0,1639696.625,251341312.0,257412848.0,24779004.0,365022816.0,0.0,0.0,3928213.75,19001284.0,18551988.0,0.0,318998848.0,1
1789487156.0630453,music,85,17,21550210.0,12163823.0,0.0,0.0,22392520.0,66036452.0,570690752.0,30403514.0,190266688.0,0.0,0.0,15217608.0,0.0,105663000.0,34845912.0,0.0,1
1789487156.1127954,music,83,21,21006198.0,10523168.0,0.0,0.0,0.0,115542272.0,919109760.0,13382036.0,34031048.0,0.0,18824474.0,20195790.0,34446624.0,358651424.0,0.0,11464706.0,1
1789487156.1781912,music,85,16,13232926.0,7979786.0,7422561.0,0.0,0.0,0.0,451593504.0,0.0,0.0,10486986.0,7396284.0,56945668.0,56099920.0,65134536.0,2323095.0,4420297.5,1
1789487156.2434347,music,81,21,144224576.0,7682484.5,26867000.0,0.0,0.0,60431400.0,120364168.0,0.0,37783488.0,22640976.0,0.0,25929224.0,57373024.0,11340669.0,16929718.0,30611338.0,1
1789487156.3089118,music,84,26,155195904.0,1229064.75,0.0,0.0,9518176.0,12426162.0,105181408.0,3532775.25,19229764.0,0.0,219696800.0,43040044.0,24275832.0,39634688.0,5450124.0,6865233.0,1
1789487156.3924153,music,84,23,100461352.0,3434076.5,1196899.625,0.0,1191685.625,85143416.0,442683680.0,6564609.5,126548768.0,24292596.0,0.0,8378441.0,11966394.0,12681569.0,1835942.125,0.0,1
1789487156.551727,music,87,26,110303264.0,32509724.0,0.0,0.0,916137.0,169593760.0,93426264.0,64006756.0,71577872.0,3292396.0,15282212.0,143697968.0,10527132.0,299903968.0,131878448.0,4531746.0,1
1789487156.6153686,music,67,13,0.0,0.0,0.0,0.0,3301741.25,83248928.0,91748720.0,0.0,1747124.125,841778304.0,517674976.0,11369021.0,14536774.0,0.0,6814468.0,0.0,1
1789487156.6789916,music,70,18,45900352.0,0.0,0.0,0.0,0.0,51007684.0,52163688.0,3097385.0,15765455.0,0.0,180867648.0,4707480.0,0.0,48193776.0,29710150.0,3423368.0,1
1789487156.8991241,music,93,23,262564240.0,76271808.0,15294406.0,1222525.375,211815.5625,0.0,11605271.0,0.0,1012898.4375,0.0,116913040.0,1072228.125,2343834.5,4246757.5,3264481.0,152958.328125,1
1789487156.9588673,music,69,21,0.0,73343184.0,344036320.0,0.0,5021012.0,16776376.0,0.0,0.0,204214816.0,302728448.0,151628720.0,11381516.0,3277250.0,41871424.0,4201109.0,0.0,1
1789487157.0236683,music,86,16,17567212.0,86153632.0,0.0,0.0,0.0,0.0,73463104.0,3287080.0,0.0,0.0,0.0,80677104.0,0.0,34207812.0,102394880.0,42953416.0,1
1789487157.0995183,music,92,21,37290456.0,0.0,642077952.0,0.0,0.0,13351396.0,29697648.0,29454480.0,1191009792.0,47434504.0,21413854.0,0.0,1966233.25,34025192.0,429925.6875,1271800.125,1
1789487157.3115697,music,105,16,367799008.0,69733984.0,7810494.0,0.0,0.0,0.0,3854752.0,2432236.5,132935800.0,0.0,0.0,23009884.0,8641330.0,4954649.0,0.0,3586014.5,1
1789487157.40602,music,113,13,0.0,70177144.0,337877760.0,0.0,0.0,0.0,3762793.5,8658070.0,0.0,20468634.0,0.0,81136152.0,106789592.0,8611652.0,0.0,584569.0,1
1789487157.4658537,music,102,19,94877976.0,11178704.0,0.0,0.0,0.0,0.0,5318138.0,20154194.0,324365696.0,58427856.0,0.0,6593425.5,0.0,13276792.0,207394448.0,39318956.0,1
1789487157.5293844,music,83,12,0.0,0.0,0.0,0.0,0.0,0.0,0.0,14980258.0,0.0,1240508416.0,234637872.0,2408902.75,1733561.75,6460096.5,5361871.0,0.0,1
1789487157.5943294,music,109,14,104727768.0,124055528.0,497301504.0,0.0,0.0,0.0,751578.3125,19644276.0,189995408.0,0.0,0.0,0.0,0.0,467559.1875,0.0,1194795.875,1
1789487157.659242,music,114,18,136614016.0,61768088.0,95552592.0,0.0,0.0,0.0,0.0,15301017.0,504571328.0,15827580.0,1180734.625,428502.0625,0.0,4545871.0,675504.25,563465.75,1
1789487157.7229576,music,114,17,391560704.0,20738248.0,29129150.0,0.0,0.0,0.0,3234317.5,35676988.0,214959200.0,319055520.0,104286192.0,3561808.25,0.0,2801318.0,2885454.0,825784.125,1
1789487157.7721741,music,120,15,44369576.0,31703338.0,31343324.0,0.0,0.0,0.0,791476032.0,11717845.0,593563776.0,81303048.0,0.0,163989728.0,0.0,28050032.0,64002336.0,0.0,1
1789487157.8351817,music,104,7,0.0,0.0,0.0,0.0,0.0,674764.375,2889831936.0,74650072.0,1150887424.0,0.0,0.0,0.0,0.0,84853856.0,38786104.0,0.0,1
1789487157.898227,music,106,17,6257001.5,0.0,220171344.0,0.0,0.0,27758534.0,822456064.0,0.0,0.0,459252224.0,0.0,29903892.0,5273405.5,554038080.0,139565376.0,888066.625,1
1789487157.9629748,music,113,13,6508006.0,32392374.0,0.0,0.0,0.0,0.0,2160133120.0,0.0,0.0,465564288.0,0.0,103700880.0,1270171.625,223852784.0,124042976.0,0.0,1
1789487158.0271513,music,113,9,0.0,4400777.0,0.0,0.0,0.0,0.0,0.0,5890685.5,512647552.0,0.0,0.0,12763083.0,1661777.875,3830979.0,0.0,0.0,1
1789487158.076526,music,115,11,4862895.0,33345224.0,0.0,0.0,0.0,0.0,87181792.0,27472942.0,188606304.0,0.0,0.0,0.0,148776512.0,362143776.0,0.0,0.0,1
1789487158.1404557,music,115,9,25913918.0,0.0,0.0,0.0,0.0,0.0,0.0,0.0,279367168.0,388719744.0,0.0,0.0,2898331.25,14537252.0,6775837.0,2229432.25,1
1789487158.1852436,music,116,9,9340852.0,0.0,0.0,0.0,0.0,0.0,0.0,0.0,155943840.0,0.0,3753085.5,3820653.25,3516023.25,9464699.0,0.0,0.0,1
1789487158.2493086,music,137,14,63779944.0,84004864.0,279839296.0,0.0,0.0,0.0,37066004.0,0.0,364234304.0,0.0,0.0,4143689.5,0.0,0.0,2142936.75,2029018.625,1
1789487158.3126194,music,137,9,35336896.0,134505248.0,141540880.0,0.0,36121488.0,5668684.5,0.0,0.0,0.0,0.0,0.0,0.0,0.0,3240980.5,0.0,0.0,1
1789487158.362424,music,147,12,44783064.0,163796384.0,131057216.0,2366947.25,0.0,40216024.0,0.0,0.0,0.0,0.0,0.0,7308064.0,1064128.125,0.0,0.0,1766045.0,1
1789487158.4236777,music,145,13,24013638.0,370996032.0,172795584.0,0.0,0.0,0.0,110954744.0,22138930.0,492481664.0,13582808.0,0.0,0.0,0.0,0.0,0.0,1498710.375,1
1789487158.48555,music,147,5,86220496.0,0.0,0.0,0.0,0.0,0.0,0.0,0.0,0.0,51393804.0,0.0,0.0,1789110.0,0.0,2018107.0,0.0,1
1789487158.5436587,music,152,17,196395600.0,69116560.0,19073288.0,0.0,0.0,2405118.0,0.0,0.0,487446720.0,0.0,3627750.25,1098337.625,937084.625,2192433.25,1742152.0,631935.375,1
1789487158.6056466,music,152,9,71347896.0,24813726.0,0.0,0.0,1692872.75,0.0,0.0,6285314.0,0.0,0.0,0.0,0.0,1415134.5,0.0,0.0,923145.5,1
1789487158.6545217,music,147,10,64915264.0,23298090.0,60466432.0,0.0,0.0,0.0,0.0,0.0,0.0,0.0,2059803.25,252459232.0,90258288.0,995457.3125,0.0,0.0,1
1789487158.7168164,music,161,6,89581496.0,29255244.0,0.0,0.0,0.0,0.0,0.0,9627498.0,0.0,0.0,1993510.625,0.0,0.0,869412.0,0.0,0.0,1
1789487158.7795358,music,146,11,41837836.0,11396509.0,0.0,0.0,0.0,57932836.0,23154448.0,0.0,0.0,0.0,0.0,25518030.0,723089408.0,119132920.0,0.0,0.0,1
1789487158.8432212,music,162,11,17588184.0,159785760.0,0.0,0.0,0.0,0.0,9617839.0,0.0,11334055.0,16126832.0,0.0,6290932.0,0.0,19109586.0,0.0,54471184.0,1
1789487158.905954,music,142,14,47966488.0,15921216.0,0.0,0.0,0.0,0.0,374519360.0,57782504.0,168938880.0,37016784.0,0.0,0.0,99866496.0,35630752.0,0.0,0.0,1
1789487158.9684603,music,145,17,85310960.0,5909564.0,26801880.0,0.0,0.0,0.0,141924352.0,7156791.0,0.0,0.0,0.0,48934676.0,56925220.0,0.0,815487680.0,1145183.375,1
1789487159.0307753,music,149,15,74386544.0,17940088.0,0.0,0.0,46888400.0,60295380.0,0.0,16402031.0,191975136.0,0.0,0.0,9292015.0,7325443.0,50446744.0,517572576.0,0.0,1
1789487159.0930896,music,153,14,103533312.0,10952510.0,0.0,0.0,0.0,109686504.0,5571686.0,12887957.0,130951080.0,0.0,0.0,22234732.0,0.0,25241860.0,0.0,4252073.5,1
1789487159.1564264,music,153,16,88304480.0,16566528.0,0.0,0.0,0.0,0.0,14112492.0,1700807.125,16550766.0,0.0,0.0,0.0,7384811.5,32203134.0,133837360.0,0.0,1
1789487159.2020338,music,152,15,150379664.0,23199178.0,0.0,0.0,2944927.5,0.0,0.0,8224836.0,0.0,0.0,1575527.625,2271035.5,11703314.0,60942652.0,0.0,3785965.5,1
1789487159.2645783,music,155,9,240792912.0,0.0,695041.4375,0.0,0.0,0.0,0.0,35289420.0,0.0,0.0,0.0,0.0,5959841.0,16675962.0,40651636.0,0.0,1
1789487159.3274982,music,155,10,263937472.0,3788558.0,0.0,0.0,9422576.0,0.0,0.0,4886221.5,0.0,8258856.0,0.0,8333703.0,9978661.0,54978208.0,0.0,0.0,1
1789487159.3765495,music,153,12,231187136.0,16449342.0,0.0,0.0,0.0,0.0,0.0,27523248.0,0.0,0.0,0.0,16489014.0,57674804.0,165507104.0,0.0,0.0,1
1789487159.438542,music,157,19,187551872.0,13556706.0,13232249.0,0.0,5312964.0,92139976.0,0.0,42575548.0,82638624.0,23608618.0,35029660.0,20791608.0,43179680.0,4123938.25,0.0,0.0,1
1789487159.5021086,music,165,14,142678144.0,35441960.0,0.0,0.0,3721227.75,0.0,17233496.0,39585640.0,56960352.0,498680128.0,0.0,0.0,0.0,0.0,0.0,0.0,1
1789487159.566652,music,160,8,388013344.0,0.0,7497654.0,0.0,0.0,0.0,4467797.5,0.0,0.0,0.0,0.0,48240788.0,0.0,37145952.0,139898384.0,0.0,1
1789487159.6298056,music,158,11,455312480.0,37466492.0,25279986.0,0.0,288134592.0,0.0,39002344.0,0.0,0.0,0.0,0.0,114808496.0,22484406.0,0.0,0.0,0.0,1
1789487159.6931086,music,158,7,210575152.0,74761960.0,0.0,0.0,618235136.0,0.0,0.0,0.0,0.0,0.0,0.0,0.0,0.0,0.0,48869820.0,16461296.0,1
1789487159.7376924,music,165,13,131689432.0,18036500.0,0.0,0.0,811746432.0,1329977216.0,0.0,0.0,5924484.5,0.0,0.0,116911448.0,32430514.0,13327938.0,0.0,0.0,1
1789487159.800536,music,166,14,87847264.0,24142276.0,0.0,0.0,632595392.0,3595587840.0,3760976.0,0.0,930541.25,0.0,22474332.0,12900686.0,8464946.0,0.0,0.0,0.0,1
1789487159.863418,music,165,11,370681344.0,43939372.0,3815115.25,0.0,0.0,0.0,0.0,0.0,2251644.5,5045478.5,11759998.0,1335714.5,449092.46875,0.0,0.0,0.0,1
1789487159.9386082,music,171,23,96269816.0,100082352.0,0.0,0.0,2082194.625,14555871.0,7123563.0,9123045.0,5280335.5,1229619.375,3996156.0,4333530112.0,24733476.0,15886989.0,24083286.0,6867026.0,1
1789487159.9996166,music,170,24,158156672.0,52114472.0,125256896.0,0.0,0.0,0.0,16071544.0,7853248.0,13957216.0,0.0,1582556.0,479532896.0,9502142.0,134487520.0,108275520.0,224614080.0,1
1789487160.0643733,music,186,16,46955720.0,0.0,0.0,0.0,0.0,7925961.0,2662591.75,21721622.0,9684522.0,0.0,0.0,1593851776.0,0.0,47453020.0,0.0,8908025.0,1
1789487160.1286943,music,182,15,15570408.0,0.0,0.0,0.0,10957195.0,123010160.0,460533536.0,29735592.0,7924375.0,0.0,0.0,893267904.0,5910603.0,0.0,0.0,0.0,1
1789487160.1931672,music,180,18,35459792.0,59444188.0,236208912.0,0.0,0.0,0.0,1237085184.0,13378850.0,7797207.0,0.0,0.0,0.0,12182978.0,4931199.5,0.0,0.0,1
1789487160.2580893,music,179,21,64034552.0,73669808.0,201766800.0,0.0,0.0,24268578.0,0.0,21985270.0,4069632.5,0.0,4878082.5,382918784.0,0.0,6478582.0,51102408.0,3029245.0,1
1789487160.3221936,music,165,19,58144652.0,96771328.0,231554496.0,476246.15625,12642611.0,3252887.25,0.0,0.0,0.0,2560317.0,4080368.5,181089216.0,0.0,8568219.0,35250104.0,0.0,1
1789487160.3864396,music,175,24,43059672.0,46380464.0,131549256.0,0.0,27195646.0,268470656.0,76958832.0,914769.625,0.0,0.0,0.0,846652736.0,5156007.0,21466406.0,126147088.0,3163462.75,1
1789487160.4503803,music,173,27,25919866.0,11999820.0,77917584.0,15544870.0,70842136.0,109959952.0,174093712.0,12407206.0,11231394.0,362285312.0,94974408.0,250423248.0,8718080.0,30935652.0,35687636.0,4120643.5,1
1789487160.515035,music,173,15,7971094.0,6814141.0,179991968.0,0.0,59696220.0,120567296.0,68225144.0,41351512.0,12573516.0,0.0,0.0,121157424.0,0.0,0.0,93460400.0,0.0,1
1789487160.56035,music,164,20,9652662.0,55831204.0,173445168.0,0.0,62382412.0,532254720.0,94080800.0,0.0,1014577.1875,0.0,4836061.0,269529760.0,5780332.5,3780625.0,0.0,0.0,1
1789487160.6235163,music,163,17,26855792.0,36858664.0,205520960.0,0.0,88490512.0,336595456.0,0.0,5215460.0,0.0,0.0,0.0,401281280.0,4701001.5,9683367.0,0.0,2612530.0,1
1789487160.6882486,music,165,16,22628292.0,77517720.0,268621120.0,0.0,20264660.0,39020080.0,9280638.0,7686344.0,1377780.5,0.0,0.0,137200928.0,11773791.0,5784045.5,0.0,0.0,1
1789487160.7522838,music,163,12,0.0,0.0,0.0,7075990.0,876810.0,69253520.0,11146362.0,0.0,0.0,0.0,0.0,306076640.0,0.0,8267321.0,19753428.0,8695262.0,1
1789487160.817604,music,176,15,0.0,48669528.0,156765856.0,0.0,0.0,0.0,0.0,0.0,703527.125,430978368.0,162564096.0,7844721.0,0.0,18206604.0,15492707.0,1793243.25,1
1789487160.8816571,music,163,17,3872743.5,43383868.0,197917408.0,0.0,29456188.0,165420480.0,0.0,208751.390625,2066405.875,0.0,0.0,0.0,6787777.0,28714066.0,544404992.0,30140740.0,1
1789487160.946251,music,165,15,9047904.0,45518100.0,0.0,0.0,2376627.0,17826960.0,0.0,233492.875,0.0,14432549.0,0.0,47419504.0,5792442.0,819252.875,42934904.0,1535573.0,1
1789487161.009737,music,165,21,25179122.0,5226415.0,25050502.0,0.0,0.0,61226836.0,0.0,1286581.125,2508330.0,548696064.0,245294976.0,15601304.0,8889950.0,41392564.0,26964280.0,3191348.25,1
1789487161.0586822,music,158,20,34894836.0,33146752.0,62682328.0,0.0,64296784.0,277166304.0,0.0,19566768.0,0.0,1988346.25,0.0,14595560.0,25991676.0,38502204.0,0.0,2462211.0,1
1789487161.1220508,music,165,17,42776456.0,9180636.0,0.0,0.0,20253162.0,256931248.0,2636584.0,0.0,1057996.25,266594448.0,123838544.0,0.0,6825000.0,26922216.0,0.0,0.0,1
1789487161.1858706,music,165,17,20161182.0,17632858.0,49385636.0,18256728.0,0.0,58872076.0,0.0,29353296.0,0.0,0.0,568634.125,16641030.0,454845.0,30109528.0,2569160.0,0.0,1
1789487161.2308521,music,165,17,7948370.0,18545470.0,50049852.0,4447254.5,42581368.0,357905792.0,0.0,0.0,28189276.0,265050400.0,66030920.0,114970760.0,4339396.5,42765816.0,0.0,0.0,1
1789487161.2791598,music,163,20,0.0,8127240.0,119418096.0,0.0,58834912.0,170934976.0,60856816.0,291878848.0,0.0,107310016.0,0.0,0.0,0.0,114001368.0,17944116.0,27223200.0,1
1789487161.3434455,music,167,22,4102094.0,32725112.0,216055520.0,0.0,29346866.0,62354912.0,0.0,168618624.0,0.0,0.0,60039848.0,135994944.0,13509288.0,40032812.0,9784104.0,0.0,1
1789487161.4251986,music,173,13,515783.0625,53505596.0,0.0,0.0,12635232.0,84478272.0,0.0,298908416.0,96428992.0,0.0,442501.125,0.0,1928638.75,7317747.0,10674397.0,0.0,1
1789487161.488828,music,173,13,0.0,31052590.0,326933248.0,0.0,0.0,0.0,158973632.0,225343616.0,25322496.0,13918196.0,0.0,0.0,2123014.25,16874488.0,18128530.0,0.0,1
1789487161.5338817,music,154,14,5573129.0,9031747.0,233503360.0,0.0,11277422.0,29312744.0,0.0,75079800.0,0.0,116502816.0,0.0,9237256.0,0.0,1435882.25,0.0,6695104.5,1
1789487161.5982459,music,170,15,39642016.0,19290940.0,64906828.0,0.0,0.0,38062984.0,0.0,103419768.0,47702756.0,0.0,0.0,13285965.0,35352296.0,15201495.0,0.0,0.0,1
1789487161.6620693,music,171,17,0.0,0.0,0.0,0.0,0.0,0.0,214070816.0,51792864.0,134612592.0,223130016.0,0.0,31912664.0,15389256.0,6265337.0,6210728.0,58538696.0,1
1789487161.7265663,music,168,11,7041288.0,49962820.0,114854304.0,0.0,0.0,0.0,178660656.0,0.0,0.0,0.0,0.0,43412264.0,28624264.0,0.0,0.0,2647211.25,1
1789487161.7913089,music,167,20,5871246.5,13284040.0,119714864.0,0.0,54364416.0,351809888.0,0.0,73817680.0,0.0,0.0,0.0,58936928.0,23616710.0,35166284.0,1536516.875,3004051.5,1
1789487161.8545501,music,165,18,0.0,49021384.0,0.0,0.0,174451072.0,465393440.0,61336968.0,23778752.0,0.0,46493760.0,4400321.0,97413864.0,639752.4375,78868984.0,196335136.0,0.0,1
1789487161.9179273,music,167,13,0.0,15848459.0,0.0,0.0,0.0,130635432.0,0.0,298951296.0,0.0,0.0,0.0,95575240.0,0.0,17886332.0,104524192.0,31424760.0,1
1789487161.9819365,music,158,17,0.0,0.0,0.0,0.0,365744704.0,822816576.0,8245706.5,2837010.0,0.0,20385348.0,0.0,58995040.0,4044538.0,65625680.0,143887904.0,8262160.0,1
1789487162.0451062,music,161,13,3140360.75,9610545.0,55398304.0,0.0,219555888.0,496833632.0,32360896.0,128220976.0,0.0,0.0,9315145.0,3241033.5,0.0,0.0,0.0,0.0,1
1789487162.1838171,music,161,13,93665024.0,18239396.0,2999100.5,0.0,0.0,0.0,0.0,21609476.0,67800680.0,3786623.5,0.0,3240085.0,614694.6875,2235048.0,7445541.0,2160635.0,1
1789487162.3424816,music,164,16,92320608.0,3328049.0,3911998.0,0.0,77041528.0,105498048.0,0.0,59012840.0,0.0,0.0,0.0,9523914.0,814356.0,2391953.25,0.0,0.0,1
1789487162.5644007,music,163,24,59951260.0,225476096.0,0.0,0.0,45723736.0,183224928.0,308410720.0,144693136.0,183927968.0,18898486.0,0.0,225774896.0,100731392.0,371737088.0,41923648.0,95049384.0,1
1789487162.6284335,music,164,17,92569728.0,0.0,0.0,0.0,0.0,4352935.5,100558464.0,12736753.0,68797664.0,2765751.0,0.0,56663096.0,1418516.125,6840812.0,2921336.5,0.0,1
1789487162.9441793,music,171,20,56927828.0,12039038.0,27333930.0,29277440.0,3829685.5,64685488.0,67379360.0,0.0,320273888.0,123099008.0,0.0,25524990.0,23855338.0,346792128.0,94504264.0,27362420.0,1
1789487163.007801,music,171,13,36528240.0,0.0,0.0,6210868.0,0.0,12549811.0,0.0,11031662.0,21882604.0,19396184.0,0.0,6655283.0,0.0,2381650.0,4090335.0,0.0,1
1789487163.0525289,music,172,8,25596312.0,0.0,0.0,0.0,0.0,990734.5,9967730.0,26325740.0,11288222.0,0.0,0.0,0.0,3532099.25,3918064.5,0.0,0.0,1
1789487163.1179364,music,164,5,0.0,35207264.0,0.0,0.0,0.0,0.0,0.0,7751213.0,0.0,0.0,0.0,0.0,18629644.0,0.0,0.0,8160215.0,1
1789487163.1820283,music,175,6,0.0,0.0,0.0,0.0,0.0,0.0,0.0,0.0,0.0,0.0,0.0,0.0,4383335.5,6021021.0,1791184.5,8195995.0,1
1789487163.2472615,music,162,4,50925616.0,0.0,0.0,0.0,0.0,0.0,0.0,0.0,0.0,0.0,0.0,0.0,0.0,7378087.0,0.0,20678026.0,1
1789487163.3118603,music,158,16,54518120.0,101638672.0,0.0,0.0,11025831.0,0.0,0.0,12689369.0,450526848.0,60060196.0,8924369.0,3489563.0,1218147.875,13682991.0,0.0,1188761.5,1
1789487163.3750021,music,163,11,13620948.0,8275063.0,0.0,0.0,0.0,0.0,1618723.5,87027392.0,0.0,0.0,7680719.0,1612451.125,0.0,13721151.0,3430492.5,0.0,1
1789487163.4504828,music,165,16,22259380.0,0.0,0.0,0.0,8247409.5,4191714.0,4063146.75,31317568.0,477125312.0,20131624.0,0.0,0.0,2667644.0,0.0,12574296.0,2437559.25,1
1789487163.514309,music,165,18,14816562.0,0.0,0.0,0.0,0.0,0.0,6092610.0,2065458.375,0.0,3581223.5,2474005.0,9871253.0,9240449.0,6862628.5,2978099.0,1078165.5,1
1789487163.5599842,music,165,14,5780769.5,5188972.5,0.0,0.0,0.0,3333087.5,123366.125,4962810.0,0.0,573015.0625,0.0,4627504.0,2027656.25,5185001.5,6441266.5,235124.578125,1
1789487163.605126,music,166,16,20152660.0,0.0,0.0,0.0,1201305.125,2946799.75,672103.25,4974173.0,0.0,528898.0625,0.0,330669.3125,3464057.0,12317839.0,12730694.0,4519481.0,1
1789487163.6803224,music,169,24,15852104.0,0.0,166647696.0,0.0,7217582.5,16591661.0,36177744.0,204191424.0,0.0,55603984.0,0.0,20821708.0,15661977.0,20149464.0,3791726.0,4425361.0,1
1789487163.7445207,music,169,12,0.0,0.0,38870492.0,0.0,0.0,5839576.5,8087875.0,13282476.0,55074376.0,0.0,0.0,1513231.5,0.0,13213135.0,12644453.0,26523214.0,1
1789487163.7911205,music,169,10,27603220.0,0.0,0.0,0.0,0.0,43793452.0,7468885.5,18529140.0,0.0,0.0,0.0,13551271.0,0.0,2438691.5,0.0,0.0,1
1789487163.8410292,music,176,14,7902235.0,0.0,0.0,0.0,0.0,4020449.5,0.0,309608640.0,0.0,4114746.5,0.0,6068866.0,883085.625,793080.3125,6280799.0,4354876.0,1
1789487163.9254506,music,175,16,7550420.5,0.0,0.0,0.0,5760745.5,10996932.0,625189.4375,759903616.0,51996404.0,3471967.0,0.0,1369500.625,0.0,6739492.5,697343.375,436144.125,1
1789487163.9852078,music,175,14,7594816.0,0.0,0.0,429631.3125,0.0,0.0,0.0,602729024.0,726376640.0,0.0,0.0,32824610.0,0.0,7007897.5,994028.25,0.0,1
1789487164.051443,music,171,25,9357261.0,0.0,0.0,670013.125,8389692.0,61413488.0,275492864.0,253883616.0,82166256.0,0.0,0.0,102876680.0,31528384.0,265734448.0,89294968.0,16048511.0,1
1789487164.1114047,music,161,18,9007417.0,0.0,0.0,39958544.0,1245014912.0,381560960.0,255316832.0,0.0,0.0,32626770.0,0.0,234379712.0,20862568.0,0.0,1197010.75,11436763.0,1
1789487164.1747272,music,162,8,0.0,71449656.0,0.0,0.0,0.0,3060820.0,0.0,197146304.0,0.0,0.0,0.0,0.0,0.0,100049720.0,13774887.0,0.0,1
1789487164.2382493,music,162,18,8282872.0,0.0,0.0,0.0,33191272.0,5996097.0,20243360.0,273740224.0,346261440.0,88642848.0,2619288.0,18132982.0,0.0,0.0,0.0,9369856.0,1
1789487164.3680272,music,174,12,4231222.0,55635892.0,0.0,0.0,1050886.625,5222496.0,0.0,0.0,0.0,0.0,0.0,0.0,3050345.0,13126059.0,306991.40625,0.0,1
1789487164.4277918,music,161,15,0.0,0.0,0.0,0.0,292438.0625,783276.125,59023712.0,9219719.0,28273000.0,6365528.0,0.0,9563065.0,43611.08984375,372597.65625,1614560.5,0.0,1
1789487164.4927206,music,162,20,12256183.0,0.0,0.0,0.0,0.0,555902464.0,268272336.0,0.0,157928176.0,17387036.0,0.0,4759311.0,1245288.0,6083611.0,30939528.0,5729107.0,1
1789487164.5560958,music,163,19,18310470.0,0.0,13251851.0,0.0,86721552.0,400880704.0,59455040.0,42762860.0,48224240.0,0.0,0.0,34071056.0,0.0,16328690.0,104280784.0,2877490.25,1
1789487164.6305437,music,162,16,26228144.0,0.0,9613219.0,0.0,52044792.0,293012032.0,0.0,37511832.0,0.0,238276.90625,0.0,0.0,467272.5625,18383008.0,86750352.0,2804187.75,1
1789487164.779444,music,162,10,0.0,0.0,0.0,0.0,0.0,295667328.0,0.0,0.0,19760132.0,0.0,0.0,9743912.0,144913.546875,1374493.0,6528363.0,548705.75,1
1789487164.8244705,music,171,23,211748288.0,81869216.0,53840776.0,0.0,75210160.0,123001304.0,959045888.0,45068200.0,0.0,4773171.0,0.0,9666234.0,14871106.0,6720849.5,1594246.25,233461.859375,1
1789487164.9056041,music,172,15,29408900.0,4936635.5,0.0,0.0,42250504.0,0.0,0.0,17670122.0,9080766.0,0.0,0.0,42614952.0,2113047.5,52382252.0,44854160.0,0.0,1
1789487164.9694347,music,173,18,30473022.0,21698080.0,0.0,109353280.0,34076548.0,0.0,0.0,10558010.0,12195721.0,12513205.0,0.0,8379411.0,1614615.5,27418196.0,0.0,0.0,1
1789487165.0331817,music,171,15,24227234.0,24361860.0,0.0,0.0,118310768.0,378980480.0,0.0,14147990.0,0.0,870198.875,0.0,46157460.0,867063.375,0.0,72264136.0,0.0,1
1789487165.0971751,music,180,16,21403398.0,35161188.0,0.0,0.0,17658252.0,0.0,86025016.0,0.0,0.0,44233144.0,0.0,236986256.0,0.0,8291036.0,132855344.0,0.0,1
1789487165.1610675,music,180,8,18179220.0,42491392.0,0.0,0.0,0.0,41730520.0,0.0,4991398.0,0.0,0.0,914758.8125,0.0,0.0,1156348.125,0.0,0.0,1
1789487165.2069757,music,179,13,70586024.0,0.0,0.0,0.0,0.0,0.0,0.0,13584972.0,9534021.0,2192967.5,806807.5,16480081.0,2466790.25,2863911.25,0.0,702797.125,1
1789487165.2710102,music,176,11,100262368.0,0.0,0.0,0.0,4330320.0,0.0,0.0,0.0,0.0,0.0,0.0,2783066.5,5875866.5,33642304.0,4036044.25,2191750.5,1
1789487165.3807411,music,184,19,44266436.0,4399455.5,25840756.0,0.0,0.0,0.0,0.0,22860312.0,0.0,63550376.0,1013662.0,35876992.0,16465551.0,117628976.0,17476762.0,0.0,1
1789487165.5712516,music,196,21,176143728.0,0.0,0.0,0.0,26129424.0,169534784.0,128977144.0,21796252.0,0.0,0.0,41428012.0,78851056.0,52625168.0,210583456.0,26053618.0,0.0,1
1789487165.7295158,music,194,9,0.0,0.0,0.0,0.0,0.0,0.0,0.0,6034383.0,0.0,0.0,821372.625,7896023.0,11278634.0,8139550.0,9209894.0,0.0,1
1789487165.7941785,music,198,14,52968484.0,2087523.0,0.0,0.0,0.0,0.0,71531816.0,11958616.0,0.0,8557203.0,0.0,1159295.5,2091607.625,3044828.0,3568921.5,0.0,1
1789487165.9205785,music,212,14,0.0,0.0,1982743.5,0.0,5988667.0,60678424.0,0.0,4729357.0,0.0,192347.59375,1342331.75,10274506.0,846757.75,709236.4375,4557984.5,0.0,1
1789487165.9832704,music,221,6,0.0,0.0,0.0,0.0,0.0,0.0,163209984.0,0.0,0.0,317225.6875,6506194.5,0.0,176869.390625,0.0,0.0,0.0,1
1789487166.0471046,music,243,6,0.0,0.0,0.0,0.0,0.0,0.0,317464160.0,0.0,0.0,0.0,0.0,21573080.0,0.0,0.0,0.0,0.0,1
1789487166.0481486,music,199,16,0.0,133028352.0,0.0,8984289.0,23072026.0,23971482.0,0.0,2227739.75,0.0,3532436.5,965163.0,0.0,0.0,4387480.0,5128773.0,0.0,1
1789487166.1098151,music,199,12,0.0,14873980.0,0.0,249703.515625,0.0,13522772.0,0.0,0.0,3704916.0,583598.375,2596228.0,0.0,0.0,4164067.5,56774808.0,1826673.375,1
1789487166.1547022,music,199,12,0.0,0.0,0.0,0.0,1957165.0,22091168.0,0.0,9338483.0,0.0,0.0,2381592.75,1430846.0,0.0,4624726.0,18002968.0,0.0,1
1789487166.2111764,music,198,14,0.0,38361176.0,0.0,0.0,7736271.0,33302088.0,45263000.0,1339112.0,0.0,0.0,0.0,0.0,0.0,4073701.5,28480840.0,17579994.0,1
1789487166.2981217,music,200,16,0.0,0.0,5539989.0,0.0,30205776.0,12410116.0,0.0,11086291.0,33180256.0,36837136.0,13767265.0,4135637.5,1197267.375,13465565.0,36454120.0,0.0,1
1789487166.362176,music,219,10,23607810.0,0.0,0.0,5464166.5,258976352.0,495684864.0,0.0,0.0,0.0,0.0,0.0,3027132.75,0.0,0.0,61395232.0,4560024.0,1
1789487166.4255202,music,204,13,33511206.0,57877992.0,0.0,0.0,93944576.0,408899904.0,0.0,0.0,107050288.0,1665090.875,915093.5,0.0,2703646.5,1160877.75,0.0,0.0,1
1789487166.4890864,music,208,16,68775728.0,0.0,0.0,0.0,23823150.0,220306384.0,0.0,0.0,0.0,553893.875,517391.5,24164176.0,1518366.0,5975547.5,0.0,1684696.25,1
1789487166.5526712,music,208,15,71375112.0,24692728.0,0.0,0.0,0.0,0.0,84796328.0,0.0,0.0,12504545.0,2350043.25,0.0,937278.625,789414.6875,9399524.0,1497624.375,1
1789487166.5980403,music,208,13,0.0,0.0,0.0,645354.625,1261409.875,9029896.0,126847944.0,0.0,0.0,7602162.0,1401587.25,0.0,555740.375,2365583.5,5020417.0,0.0,1
1789487166.6441169,music,207,17,75852648.0,22264562.0,11741979.0,0.0,19100606.0,57978772.0,0.0,0.0,239546720.0,39697560.0,562351.8125,0.0,0.0,1810477.5,2051205.25,2205006.0,1
1789487166.7073686,music,215,26,57597336.0,8075621.5,151464016.0,0.0,7330357.5,38965224.0,161851664.0,69273848.0,702984576.0,43447668.0,110531392.0,32810708.0,14548143.0,6239960.0,2634249.5,62797.2734375,1
1789487166.7707224,music,215,20,30228222.0,227857376.0,11919238.0,94364400.0,14555091.0,12042625.0,0.0,0.0,0.0,38713256.0,0.0,1843916.25,0.0,7046229.5,836841.625,1556607.0,1
1789487166.8209505,music,225,23,5175598.0,54446692.0,0.0,0.0,16836468.0,45859836.0,56612456.0,32405316.0,0.0,7428697.0,6695727.0,18283364.0,1103613.375,1832121.875,1098578.625,643415.375,1
1789487166.8831358,music,219,13,0.0,0.0,0.0,78470944.0,143143168.0,9494321.0,0.0,0.0,558887040.0,4888844.0,5004014.0,0.0,0.0,1873886.375,2650287.75,2077429.625,1
1789487166.944463,music,225,20,0.0,0.0,0.0,210943968.0,207167152.0,1040873.875,4464614.5,5220296.0,0.0,811694.5,1877999.5,0.0,1043562.9375,1964661.25,4340182.0,2037071.125,1
1789487167.0067272,music,226,15,0.0,0.0,0.0,192162112.0,1453460.75,2035196.0,19795222.0,22518072.0,0.0,17862142.0,5822393.0,2016381.25,0.0,2646898.25,961175.8125,711249.875,1
1789487167.0688353,music,246,16,0.0,0.0,415815008.0,1587092224.0,8323540.0,27521032.0,0.0,0.0,0.0,15263859.0,173649136.0,2802780672.0,166757696.0,6436473.0,0.0,15041426.0,1
1789487167.1319091,music,246,21,11916271.0,7466977.5,460611424.0,166804288.0,122058728.0,108698392.0,37726084.0,0.0,91528176.0,29739494.0,2251219.0,974516736.0,0.0,0.0,5383187.5,0.0,1
1789487167.178534,music,246,17,0.0,0.0,100686568.0,246158496.0,135992384.0,123447184.0,18174424.0,0.0,0.0,5231141.5,493025.78125,0.0,4816935.0,4811000.5,2544764.25,537911.9375,1
1789487167.2285306,music,238,25,0.0,0.0,0.0,113104208.0,134949632.0,344394368.0,38360864.0,5517931.0,0.0,4934892.0,64481532.0,2469111808.0,125795184.0,52218788.0,39707756.0,15836349.0,1
1789487167.291396,music,238,16,10976318.0,0.0,4964302.0,71874752.0,87646800.0,180661040.0,27277068.0,39842784.0,21269156.0,0.0,0.0,0.0,0.0,7439032.5,0.0,0.0,1
1789487167.337424,music,245,14,0.0,0.0,20711440.0,46328872.0,123553392.0,106737408.0,0.0,0.0,0.0,2081671.375,1504378.625,0.0,0.0,1753078.25,590804.0625,389477.6875,1
1789487167.4131196,music,250,17,0.0,3849879.5,0.0,106721720.0,0.0,0.0,3158179.25,1744643.0,0.0,2036494.125,310089.8125,207342304.0,8862270.0,10038080.0,3563593.75,1379349.375,1
1789487167.4769173,music,252,24,0.0,0.0,167045152.0,305747968.0,5806914.0,18640732.0,26895088.0,975540.9375,16580094.0,0.0,2254827.75,338611744.0,7062326.0,4413717.0,13393312.0,12783681.0,1
1789487167.541575,music,252,8,0.0,0.0,0.0,55162736.0,32525344.0,7160208.0,5056589.0,4127457.5,0.0,13591227.0,0.0,0.0,0.0,0.0,0.0,0.0,1
1789487167.586779,music,245,17,2726878.5,19721528.0,190488240.0,88309584.0,23534542.0,0.0,0.0,0.0,39218060.0,260807.71875,503985.5625,0.0,2136073.25,346658.8125,372088.6875,508759.78125,1
1789487167.6509879,music,248,19,0.0,6225909.5,273891968.0,23435168.0,30250040.0,5036255.5,8233324.5,1573276.75,17334592.0,1389812.5,1353248.125,53150708.0,0.0,2121820.0,614126.0625,0.0,1
1789487167.715248,music,248,16,0.0,13559398.0,0.0,0.0,1716008.75,0.0,12008796.0,554026.3125,12707825.0,4370831.5,1615503.625,7923674.5,0.0,295731.5625,0.0,143657.453125,1
1789487167.7657866,music,254,15,5455195.0,2208622.75,0.0,0.0,87064656.0,0.0,0.0,1697004.75,0.0,5664457.0,2457886.75,164859744.0,6782052.5,11978948.0,655682.375,0.0,1
1789487167.8299325,music,247,15,278223104.0,12280488.0,0.0,0.0,11332362.0,4315594.0,0.0,46568728.0,28603870.0,5630645.0,920408.375,0.0,0.0,836997.375,189551.1875,0.0,1
1789487167.8929334,music,259,22,28318148.0,0.0,0.0,0.0,1977757.125,2238811.0,1047872.1875,0.0,70133512.0,3088208.0,5469843.0,344547392.0,900872.875,68932672.0,1334778.0,325714.21875,1
1789487167.957407,music,259,23,74507024.0,0.0,925735.375,0.0,19215796.0,9084325.0,14624504.0,0.0,5520282.0,7961620.0,10157459.0,434081600.0,1050799.75,1386096.75,202364.78125,298593.28125,1
1789487168.006699,music,259,16,136919424.0,2942180.5,68844976.0,0.0,0.0,8917829.0,2995971.5,0.0,0.0,0.0,174643.90625,50739664.0,4222424.0,0.0,309662.5,1018631.1875,1
1789487168.0690446,music,261,24,100908944.0,7025211.0,157865456.0,206806656.0,7391390.5,3194897.0,3075304.0,0.0,5539210.0,277969.5625,1771275.375,167219936.0,596168.6875,246683.203125,0.0,5771833.5,1
1789487168.1959424,music,269,27,275596864.0,47205344.0,92784480.0,23185882.0,26029050.0,8323076.0,9984536.0,312644032.0,0.0,0.0,2299410.25,92896568.0,6372359.0,21014358.0,52984.2734375,1740860.875,1
1789487168.2594273,music,271,21,332388224.0,0.0,0.0,19379692.0,111849176.0,38572300.0,0.0,0.0,0.0,1411261.875,3117766.75,45260248.0,451329.71875,55316768.0,1019953.125,3321759.5,1
1789487168.326208,music,273,24,249201040.0,0.0,0.0,24471560.0,133503184.0,3009625.75,0.0,150800352.0,27098888.0,2851341.5,3448626.0,101204192.0,6283905.0,13977048.0,0.0,335240320.0,1
1789487168.3886209,music,273,25,266069552.0,22041868.0,89877520.0,21058772.0,29646436.0,22389448.0,1736958.875,615308928.0,56570976.0,410837.3125,3504052.25,81511024.0,0.0,21961212.0,7713791.5,9825294.0,1
1789487168.4331028,music,273,31,192101344.0,19687408.0,84810512.0,4446408.5,223439088.0,258894688.0,8042597.0,382182976.0,81627376.0,2060465.375,4112708.75,28875476.0,284926.40625,40222064.0,37181124.0,0.0,1
1789487168.4786062,music,273,24,189021104.0,15590766.0,0.0,11352589.0,41265100.0,41682076.0,2510296.5,0.0,0.0,2205978.0,5460459.0,22883564.0,0.0,5038492.5,2261377.0,5216528.5,1
1789487168.5429134,music,274,29,42839912.0,0.0,67492704.0,16605112.0,267648432.0,10803645.0,9606886.0,0.0,38981076.0,3613783.75,3030814.25,15246089.0,3082703.5,6266148.0,4781426.0,25776570.0,1
1789487168.603305,music,275,27,374843680.0,58939800.0,0.0,0.0,89962248.0,34709932.0,126553616.0,183066768.0,48233100.0,4160402.0,13115472.0,85822664.0,12212653.0,129937128.0,12762548.0,7412645.5,1
1789487168.6788583,music,274,16,326746240.0,0.0,0.0,0.0,0.0,0.0,6503945.5,0.0,9847766.0,6134849.0,10830720.0,5929767.5,0.0,0.0,2276210.5,1688393.25,1
1789487168.7424932,music,271,26,349246272.0,40038360.0,24238892.0,25598858.0,48058056.0,11953175.0,2418434.75,49054192.0,42390576.0,0.0,1225922.0,14483563.0,3719505.5,5006353.5,276123.1875,2109493.75,1
1789487168.9544976,music,284,20,110642888.0,37368796.0,287707744.0,0.0,1590027.0,0.0,65367904.0,0.0,0.0,805434.5,1184611.75,0.0,190135.9375,1536944.875,1228708.375,4671914.5,1
1789487169.0194294,music,284,28,86030992.0,34835644.0,191804608.0,0.0,2288247.75,4118245.0,0.0,12215458.0,6199750.5,372363.25,688105.125,7813166.0,462238.3125,20048388.0,736290.125,2695304.0,1
1789487169.0651982,music,281,23,30603324.0,115321040.0,246660992.0,0.0,3045798.5,2005341.0,84994608.0,0.0,114892.90625,1005118.125,0.0,2113577.25,600310.3125,18223646.0,233113.625,0.0,1
1789487169.333622,music,284,26,94429952.0,34415924.0,107683024.0,4904109.0,1947098.375,0.0,0.0,0.0,91919744.0,4329865.0,1739611.75,8516061.0,1034900.625,1401433.5,1085332.0,3396562.5,1
1789487169.3970535,music,286,23,145353888.0,37596596.0,85224680.0,2008180.625,681500.1875,0.0,0.0,21192684.0,0.0,9785858.0,4860818.0,12333019.0,602382.4375,20152802.0,853663.4375,2692371.5,1
1789487169.4615622,music,298,28,75694736.0,54294540.0,233598640.0,0.0,0.0,0.0,83430520.0,7538430.0,623763072.0,32186218.0,1728439.875,6047930.5,2252972.0,11879504.0,3254517.0,1724921.0,1
1789487169.5247793,music,298,33,163455664.0,32855696.0,379002208.0,343470240.0,2838639.5,1886172.375,0.0,2045817.25,131303968.0,17282612.0,5215514.0,6768458.0,2067503.25,6236365.0,506024.0625,2997660.0,1
1789487169.5700836,music,286,25,142791840.0,15646276.0,0.0,0.0,0.0,546772.125,0.0,671316.125,222091360.0,15965611.0,2502684.75,2603620.0,412996.375,8083442.0,310500.53125,189819.03125,1
1789487169.6502123,music,285,31,158520192.0,40128412.0,250829120.0,246267008.0,6026347.0,2328011.75,107237904.0,567465.1875,171615072.0,10556472.0,1634611.75,4839856.0,0.0,930332.0,314503.15625,523117.875,1
1789487169.7137856,music,285,12,0.0,15619046.0,10130533.0,5773997.0,1492023.5,0.0,6191473.5,0.0,14158988.0,0.0,0.0,2033968.625,0.0,768171.875,293308.4375,319729.8125,1
1789487169.7764773,music,291,17,22389962.0,12666212.0,123080208.0,95805976.0,0.0,460330.125,0.0,0.0,0.0,422749440.0,18200636.0,1315737.875,390448.3125,0.0,314722.15625,692653.5625,1
1789487169.8397377,music,298,18,34210744.0,2052971.0,0.0,0.0,4216214.5,1980068.5,0.0,0.0,604825408.0,10342517.0,1067603.0,2308971.0,813243.5,1972964.75,1511865.75,757630.5,1
1789487170.0295706,music,296,31,80251888.0,13249807.0,66328016.0,8537181.0,3517544.25,9589986.0,13830593.0,382777664.0,132783472.0,11971361.0,681606.625,2914585.25,1547244.25,1761790.375,847612.6875,10648221.0,1
1789487170.0886416,music,297,30,33839944.0,45097968.0,99030080.0,209311024.0,117564576.0,18284124.0,755648128.0,262570528.0,241275136.0,12806452.0,0.0,56961532.0,38471040.0,222932544.0,50800764.0,42911808.0,1
1789487170.1517978,music,298,28,28499248.0,21167196.0,64257376.0,1484904.625,114321376.0,311226048.0,182120256.0,77832952.0,64513776.0,3234931.5,1426425.125,4419120.5,0.0,3413140.0,12035948.0,0.0,1
1789487170.2154324,music,298,20,20923108.0,0.0,51687156.0,9683180.0,3144522.0,0.0,0.0,0.0,62684640.0,9593098.0,1725179.75,4511306.0,3537284.5,742099.4375,3728195.0,396015.1875,1
1789487170.4093614,music,292,31,7343472.0,66492024.0,1187237.75,14812572.0,43490024.0,31660018.0,95345248.0,128392096.0,0.0,33895900.0,7534967.5,16247224.0,6572280.5,6673718.0,164901360.0,129883416.0,1
1789487170.4684076,music,298,23,303241664.0,415899.78125,87873616.0,31436322.0,14375441.0,0.0,27015944.0,50191760.0,0.0,5759734.0,1968078.625,6015128.0,0.0,23006152.0,8785834.0,124073224.0,1
1789487170.531975,music,299,25,3862361.5,32778844.0,70741680.0,1168869.5,216769584.0,56645184.0,93035840.0,9869393.0,77933408.0,3530903.25,2314914.5,1243413.625,1588965.875,7282526.0,2144219.5,0.0,1
1789487171.548757,music,304,29,0.0,21109606.0,96143424.0,3486899.75,12059362.0,15571077.0,55169912.0,2986443.75,740509.125,6767108.0,4749295.0,11095095.0,8142192.0,24045728.0,1424646.5,1130428.5,1
1789487171.6068704,music,302,17,0.0,304875744.0,45712808.0,0.0,0.0,10750225.0,0.0,0.0,0.0,390804.0,4602621.0,58599840.0,0.0,45441920.0,3256048.75,6275910.0,1
1789487171.6695223,music,303,17,0.0,16544844.0,6957855.0,0.0,3237228.5,0.0,92949968.0,2732849.0,245070.53125,522570.4375,0.0,12104228.0,274780.0625,0.0,10420790.0,433428.8125,1
1789487171.7331514,music,312,22,52870912.0,11415836.0,24004286.0,0.0,20006238.0,113843152.0,0.0,5215409.0,3283586.5,1829251.375,1275500.625,0.0,0.0,2765743.5,16878574.0,518212.21875,1
1789487171.7955768,music,313,14,0.0,227554400.0,20150268.0,0.0,2359919.25,0.0,59508648.0,0.0,0.0,971541.625,254428.828125,0.0,0.0,1082694.5,0.0,891748.125,1
1789487171.9910908,music,312,21,81080032.0,135725552.0,717673728.0,1543375.5,1020560.625,202028416.0,0.0,2438900.75,3393060.5,25775460.0,19361978.0,8971948.0,0.0,0.0,0.0,2481493.0,1
1789487172.0479808,music,322,20,98014704.0,113467768.0,1243419264.0,0.0,3745037.75,0.0,0.0,6153113.0,0.0,47973840.0,11301556.0,0.0,3297418.0,5731524.5,6381978.0,2318762.0,1
1789487172.109959,music,321,24,33903820.0,0.0,1510104320.0,0.0,23371690.0,0.0,379743008.0,8726059.0,5896857.0,6130531.0,3646419.5,1721445.625,3571496.75,3010979.5,3284457.5,787825.625,1
1789487172.1714091,music,322,22,240603584.0,0.0,1072944256.0,12438596.0,61494436.0,38555428.0,0.0,0.0,0.0,20635408.0,3078733.0,1268608.5,3446284.5,5800348.0,1830297.25,3115730.75,1
1789487172.2339065,music,322,22,41394612.0,187166208.0,1126407168.0,2800305.5,8642030.0,8490257.0,0.0,6752555.0,6406580.0,25200024.0,3579458.25,0.0,1690409.0,14503118.0,7235816.5,1170851.5,1
1789487172.282856,music,324,23,0.0,121765520.0,1056765696.0,21066748.0,5629101.5,13065611.0,105155488.0,0.0,14556440.0,29524160.0,0.0,2615156.0,0.0,10697580.0,15403888.0,0.0,1
1789487172.3455594,music,323,26,23561634.0,0.0,873694720.0,109822392.0,17213944.0,822717632.0,472529664.0,5613222.0,16320606.0,0.0,2162405.75,12697572.0,5095042.0,18267780.0,34622680.0,31652704.0,1
1789487172.408124,music,322,26,4547417.0,0.0,359837088.0,0.0,38208420.0,131873152.0,155741328.0,2437511.0,17850820.0,190814272.0,29477708.0,8672173.0,731380.75,3033430.5,0.0,11166969.0,1
1789487172.471002,music,321,25,0.0,33319436.0,372494880.0,0.0,1699943.625,72352976.0,15860560.0,3504481.0,5225907.5,1178589952.0,473084672.0,22995528.0,7062310.0,47004564.0,324786752.0,854531.75,1
1789487172.5285327,music,322,28,18689450.0,66288856.0,619980224.0,0.0,20942880.0,0.0,18459676.0,1024309.125,0.0,459902464.0,1004219392.0,40862696.0,2046016.875,945842.375,225297424.0,469658560.0,1
1789487172.5916104,music,321,19,0.0,0.0,614132928.0,2859309.5,25005112.0,81862288.0,126312000.0,0.0,968947.25,2096824.0,0.0,730207104.0,1180755.75,214108.75,9591004.0,0.0,1
1789487172.654509,music,330,24,17677824.0,0.0,344833376.0,1000969.0625,29169524.0,108888536.0,0.0,135531.03125,291741.6875,10726148.0,13431969.0,0.0,2290093.5,14173580.0,22770248.0,7495593.0,1
1789487172.7174566,music,328,28,338239520.0,0.0,41761120.0,69721904.0,60940524.0,169785888.0,868165504.0,3051651.0,10829878.0,61451532.0,39841784.0,309275616.0,0.0,15216969.0,16410378.0,4457890.0,1
1789487172.780255,music,328,25,17044068.0,11914950.0,165655504.0,1942500.75,1432876.75,21034592.0,727528704.0,986832.6875,748074.375,70411240.0,41103216.0,0.0,0.0,5059343.5,8456672.0,7874270.0,1
1789487172.829031,music,305,10,0.0,0.0,0.0,0.0,0.0,16096994.0,0.0,0.0,0.0,0.0,0.0,773959424.0,2003521.0,548268.1875,1325689.5,4920674.5,1
1789487172.8924096,music,332,31,14080426.0,5617096.5,184773808.0,1506671.625,1511842.75,18335660.0,310789088.0,1507559.125,2506619.0,11680887.0,14082147.0,0.0,3053287.0,2490711.0,0.0,2945834.5,1
1789487172.9729989,music,337,27,108433136.0,128475824.0,314269248.0,1972617.75,2329196.0,27999386.0,21028108.0,372529.125,890697.0,48047848.0,8517336.0,0.0,391513.0625,1101370.875,4067178.75,5142138.0,1
1789487173.0325518,music,339,27,33113524.0,52969016.0,62641568.0,2145613.0,2805066.0,8166097.5,603410624.0,1145097.25,1693635.0,7503656.0,0.0,30805866.0,535847.875,2711736.5,5239431.0,5476398.0,1
1789487173.0973997,music,340,20,79410904.0,27232312.0,0.0,60020632.0,51190476.0,0.0,166501184.0,76206728.0,465883584.0,31364198.0,29651832.0,27937164.0,0.0,63483152.0,0.0,0.0,1
1789487173.16166,music,338,19,363537024.0,97766480.0,120602560.0,3613865.0,0.0,0.0,227241888.0,3486175.25,0.0,0.0,19344078.0,8175374.5,0.0,4608675.0,6395407.0,7476435.0,1
1789487173.2254813,music,339,23,159504960.0,103116608.0,115682872.0,9807446.0,1048560.5625,0.0,0.0,8290237.0,251428864.0,14817094.0,831262.0,16431691.0,813669.25,12756928.0,0.0,4592280.0,1
1789487173.289852,music,334,28,223900784.0,166156048.0,367513056.0,536516.125,56703704.0,142455232.0,28571828.0,0.0,0.0,75882928.0,42042456.0,67283984.0,686990.75,12223364.0,0.0,16499064.0,1
1789487173.4136405,music,335,28,22285176.0,0.0,743569088.0,58949524.0,1751197.5,3429418.25,42719732.0,5075048.0,608035328.0,68094768.0,150143040.0,0.0,1277527.875,26762634.0,250548880.0,15544174.0,1
1789487173.472411,music,337,25,9704029.0,0.0,361906304.0,685112448.0,56799052.0,0.0,107374032.0,9512933.0,446649376.0,21481556.0,72736384.0,0.0,1184185.75,250516800.0,210533728.0,0.0,1
1789487173.5357394,music,337,27,0.0,0.0,91912896.0,240888240.0,10814702.0,1398368.25,749673472.0,2013021.25,108901152.0,69708040.0,21279550.0,0.0,134799296.0,169281184.0,6843688.5,7804426.0,1
1789487173.5845118,music,338,23,0.0,14422175.0,149704320.0,389742080.0,4141423.5,12467420.0,12450210.0,0.0,281703104.0,18672192.0,0.0,43915008.0,5975102.0,18408996.0,18558208.0,18049374.0,1
1789487173.6666818,music,337,21,15458312.0,16322476.0,455272512.0,45629272.0,35738648.0,0.0,0.0,1515364.625,102540320.0,17578312.0,56498952.0,50029676.0,2736514.25,666260.125,353950.3125,0.0,1
1789487173.725963,music,335,24,21803412.0,0.0,48318088.0,40042464.0,3940423.25,17272248.0,0.0,836402.0,93519808.0,5269239.0,7480813.0,0.0,17010768.0,9673770.0,13068817.0,6652856.0,1
1789487173.824968,music,340,22,305662400.0,32644312.0,4645130.0,43108864.0,0.0,5044774.0,2082217.125,0.0,14560602.0,608224448.0,276364768.0,0.0,1267182.25,3263625.5,2424802.75,283964.53125,1
1789487173.889595,music,345,26,31720664.0,11570904.0,112450224.0,271948192.0,3019796.0,0.0,0.0,23944944.0,100316336.0,547329024.0,176823168.0,16085285.0,16218248.0,369838976.0,112923264.0,17345410.0,1
1789487173.9534562,music,345,18,24382038.0,10510868.0,219262288.0,7929071.0,566258.8125,0.0,0.0,36081424.0,0.0,2633379840.0,745249408.0,4938362.0,23530828.0,0.0,0.0,741921.25,1
1789487174.0002143,music,347,23,16951944.0,7679820.5,61712368.0,6924984.0,413234.0,0.0,7034950.0,28963432.0,0.0,2104343936.0,436563840.0,7010734.0,7978526.0,76638792.0,5351266.5,3416311.0,1
1789487174.065693,music,346,26,69422368.0,79255760.0,307213632.0,770704960.0,8464478.0,0.0,0.0,0.0,0.0,769485888.0,498325760.0,45272744.0,0.0,41579920.0,9298598.0,6363125.5,1
1789487174.1304479,music,344,25,9596320.0,0.0,246825024.0,251462864.0,5146046.0,0.0,19961624.0,16653847.0,44359424.0,1350345600.0,283319616.0,20136466.0,20461114.0,84002296.0,9790346.0,6477544.0,1
1789487174.2681565,music,346,28,70643632.0,2469337.0,118829096.0,405816384.0,518993.0,157302304.0,73279416.0,17448794.0,1534531.75,1211017472.0,557459776.0,1331083.5,7057881.5,16006405.0,2895950.0,1086448.375,1
1789487174.3940635,music,346,29,72847456.0,10113142.0,147157440.0,779323968.0,11411232.0,88473088.0,14267958.0,6254607.0,39926784.0,872120320.0,266890128.0,14749424.0,0.0,2257650.5,2175371.75,111393.46875,1
1789487174.457546,music,348,30,92169552.0,6742634.0,921108736.0,591914048.0,16624192.0,26524020.0,1831753.0,4497747.5,39323832.0,1633109248.0,385122560.0,2140023.5,15124702.0,71255520.0,17013580.0,372693.40625,1
1789487174.5219305,music,350,30,86931064.0,36790492.0,102927248.0,4455710.0,16196117.0,49147032.0,22210842.0,3396900.5,0.0,423046368.0,88081016.0,10991581.0,402846.71875,16128566.0,7213784.0,2618886.75,1
1789487174.5863416,music,350,23,403898688.0,114283856.0,83060248.0,29563674.0,33851156.0,92216416.0,56933000.0,2806885.75,0.0,69726096.0,52951424.0,24083092.0,15065419.0,9790361.0,0.0,9107548.0,1
1789487174.6321728,music,354,26,622648064.0,240474528.0,307074208.0,129732368.0,549040.75,0.0,89286192.0,6752890.0,115420888.0,448013888.0,204599952.0,0.0,855210.25,0.0,3130096.0,1080546.5,1
1789487174.6973777,music,353,31,296674624.0,25700428.0,103375448.0,21513464.0,37889348.0,63444632.0,14815608.0,39662124.0,32915450.0,61157376.0,29878032.0,78542568.0,20528780.0,26508624.0,5650541.0,6375171.0,1
1789487174.7617245,music,354,21,240459552.0,50496476.0,73911200.0,22438988.0,6430147.0,11789786.0,0.0,0.0,49041908.0,577755456.0,41937668.0,5916825.0,0.0,2459016.0,2715744.75,3287711.5,1
1789487174.8258533,music,357,25,312956128.0,344727520.0,258353152.0,113234184.0,7776153.0,15819803.0,262422720.0,0.0,0.0,14623542.0,55740280.0,27356498.0,9578776.0,1390410.875,4415335.0,3256747.5,1
1789487174.8908389,music,357,37,83224448.0,385082432.0,326631744.0,6704793.5,6506983.5,18889246.0,197688624.0,15999447.0,60421672.0,155869888.0,44637352.0,72319200.0,220409856.0,8760034.0,5969807.0,6397136.5,1
1789487174.9402304,music,353,30,117081424.0,291114816.0,340520576.0,12753737.0,0.0,16625452.0,176794368.0,11672765.0,42320408.0,174281312.0,57957704.0,102309536.0,223841024.0,2986068.75,15958027.0,12053964.0,1
1789487175.0050452,music,353,23,82422328.0,30209368.0,0.0,14843116.0,325800704.0,22194826.0,18548060.0,0.0,28431984.0,53396536.0,34152408.0,40546752.0,0.0,38422152.0,5366855.0,9525538.0,1
1789487175.0501215,music,356,25,51858136.0,38514072.0,6145965.5,4566891.0,413692256.0,0.0,0.0,222001600.0,48506568.0,87619664.0,80184080.0,3138808.75,0.0,39133724.0,6976956.0,6753471.0,1
1789487175.1147072,music,358,29,12149619.0,54827776.0,414263456.0,28178478.0,293433760.0,62161356.0,4464852.0,69968056.0,44304644.0,186844576.0,97345968.0,1278817.125,2513979.0,25950576.0,2995045.5,20188412.0,1
1789487175.1789005,music,3,22,46985712.0,245573232.0,382790592.0,0.0,0.0,35459912.0,4132937.5,0.0,0.0,21002000.0,48638132.0,3890774.25,5952994.5,33765272.0,1131186.0,1870849.75,1
1789487175.2435699,music,4,32,95207224.0,201917648.0,25999892.0,61691928.0,47215840.0,26627324.0,4904803.0,32011968.0,33486192.0,136662208.0,51160764.0,8460003.0,5668062.5,4540231.0,5923064.0,0.0,1
1789487175.3075213,music,2,32,199403424.0,103299824.0,743346432.0,38281892.0,156108896.0,46362868.0,47425476.0,265771792.0,41729580.0,84688256.0,97824216.0,962076.5,1505414.25,6663896.5,2102643.0,1416403.375,1
1789487175.3721492,music,2,27,174200896.0,81037792.0,109807296.0,18442260.0,17305332.0,50978232.0,3870666.0,0.0,0.0,234793504.0,107443752.0,3163226.0,2086049.0,21814182.0,44284168.0,1764482.875,1
1789487175.4223034,music,4,32,146254384.0,105438960.0,561364352.0,130023832.0,4940947.5,567374976.0,10202761.0,139165664.0,8892785.0,155592896.0,16801040.0,1920498.375,2453904.25,53014356.0,93568912.0,14216930.0,1
1789487175.487062,music,3,25,187177632.0,51402304.0,149441600.0,410297.25,533352.0625,0.0,9706992.0,0.0,9084570.0,67474560.0,3137986.0,4043965.0,1175646.875,43680232.0,158662336.0,8032708.5,1
1789487175.5509756,music,1,29,241137232.0,47548664.0,168650592.0,191930016.0,15580690.0,364177408.0,7829343.5,35835664.0,4227325.5,142362512.0,46908392.0,1591496.25,0.0,34128112.0,122780128.0,9580834.0,1
1789487175.6153245,music,0,29,253696304.0,60323552.0,363449536.0,1271021.875,4062592.0,66596236.0,4888516.5,365578400.0,34626264.0,104379040.0,43214216.0,1095444.75,3151188.0,10653963.0,14201135.0,3681635.25,1
1789487175.6800423,music,0,25,126404720.0,34742352.0,686611904.0,729237.375,20546180.0,0.0,353214.875,49935376.0,600422.0,42591316.0,527759.375,605024.75,9693820.0,6410692.5,21432698.0,6119191.0,1
1789487175.7302969,music,0,24,40625528.0,13092459.0,0.0,15335344.0,45024344.0,88365728.0,46649072.0,19826832.0,1900172.25,2027835.375,2352804.0,13241343.0,0.0,4519474.0,10006176.0,12779299.0,1
1789487175.77626,music,359,31,42566756.0,60175356.0,5289557.5,264943584.0,465571360.0,408574208.0,259104688.0,0.0,49008400.0,108179904.0,17009374.0,67192816.0,1790982.25,12059160.0,34987496.0,112763744.0,1
1789487175.8404613,music,0,27,6466672.0,27898092.0,329282688.0,295732960.0,33326170.0,0.0,414807648.0,25115052.0,41769920.0,127448400.0,62540908.0,57955792.0,1770398.875,60412340.0,118064880.0,46910148.0,1
1789487175.9049072,music,2,27,9739509.0,0.0,780845312.0,0.0,32712282.0,126962008.0,105387216.0,32018292.0,18326116.0,200815904.0,92791208.0,4446318.5,1728479.375,15857692.0,134569472.0,10639100.0,1
1789487175.9686522,music,0,29,52577072.0,52378256.0,5659465.0,69212792.0,11203191.0,0.0,223317760.0,7177175.5,0.0,286182816.0,105962608.0,7430440.0,584237.125,16063426.0,55137116.0,8464772.0,1
1789487176.0330572,music,2,25,79449680.0,114763680.0,798812352.0,34184620.0,12115061.0,3314453.0,0.0,4329938.0,0.0,1902723.875,2376718.5,689787.875,805943.625,23948648.0,162168016.0,7269450.0,1
1789487176.09733,music,4,28,45492800.0,59677412.0,150758784.0,25042392.0,152035616.0,0.0,216459472.0,0.0,0.0,223018016.0,124997960.0,94220976.0,6844791.5,32498544.0,507938592.0,1337024256.0,1
1789487176.1626318,music,0,30,41530792.0,44236384.0,96235296.0,85559992.0,86708520.0,5174084.0,205070064.0,103567888.0,173023120.0,8436307.0,0.0,235366272.0,1798481.875,9497103.0,31325162.0,392561024.0,1
1789487176.227193,music,357,27,3229004.0,21563508.0,89329808.0,102715072.0,112751528.0,815123.875,19403404.0,209807648.0,0.0,124738512.0,25926686.0,44455472.0,1100546.125,21023634.0,28688652.0,77227784.0,1
1789487176.2915533,music,357,23,0.0,0.0,0.0,67516376.0,122003264.0,28939528.0,0.0,0.0,292254080.0,15457113.0,716978.25,278542336.0,7711379.5,21359064.0,24312086.0,66639008.0,1
1789487176.3407702,music,2,23,5405202.0,0.0,153653888.0,1335615232.0,516137472.0,7989155.0,0.0,35285992.0,170581536.0,39799008.0,47350472.0,95483664.0,31826172.0,77102752.0,29231712.0,9108402.0,1
1789487176.4060578,music,2,20,0.0,0.0,117284288.0,0.0,108504872.0,20664948.0,51578648.0,217681680.0,524835744.0,0.0,4827200.5,203951456.0,0.0,0.0,12403762.0,31377128.0,1
1789487176.455731,music,359,24,16900992.0,19972224.0,0.0,0.0,102193192.0,16642088.0,54105752.0,218954176.0,473809248.0,8014738.0,2791808.25,227113168.0,3941556.0,982397.8125,24899564.0,0.0,1
1789487176.5208778,music,2,21,0.0,0.0,118772344.0,0.0,307370368.0,36112368.0,0.0,80658544.0,0.0,0.0,12711400.0,71982608.0,21782578.0,9898392.0,15961946.0,46977716.0,1
1789487176.5850906,music,2,31,60477992.0,12087762.0,142888304.0,59637592.0,32299784.0,40624880.0,67316232.0,219502512.0,91604832.0,153510944.0,80686352.0,19903788.0,0.0,35796856.0,21522216.0,54258360.0,1
1789487176.6302764,music,4,31,199129536.0,67667232.0,55238212.0,21907384.0,25459030.0,21712728.0,38212108.0,53375064.0,388265856.0,74075752.0,19362364.0,14389980.0,248793.03125,65510824.0,364719296.0,6335489.0,1
1789487176.6947732,music,4,29,171553280.0,49064792.0,125867560.0,40874384.0,111923800.0,25783728.0,0.0,0.0,167476384.0,10742350.0,10331910.0,23041720.0,1470647.25,13540754.0,105142752.0,69633432.0,1
1789487176.7436566,music,2,31,50476596.0,32103814.0,102174000.0,58670756.0,47852808.0,48248392.0,0.0,44132488.0,365162176.0,30930092.0,25757164.0,13756265.0,1062488.375,16866468.0,19435432.0,42521112.0,1
1789487176.808416,music,1,34,3949685.0,15721416.0,252017648.0,103862520.0,209938896.0,145837856.0,23719512.0,51974208.0,194186256.0,15689410.0,6816356.0,24126332.0,4508371.0,14869880.0,26206504.0,230154688.0,1
1789487176.8722866,music,1,25,51747432.0,0.0,131984944.0,16800880.0,730553664.0,103419568.0,0.0,38362360.0,58028856.0,6048081.5,2512984.5,2626606.0,3234993.5,22400288.0,5920107.5,2311752.5,1
1789487176.9170873,music,357,20,38101744.0,0.0,0.0,22996096.0,0.0,2119281664.0,234285552.0,38245476.0,88392544.0,12793448.0,26102758.0,0.0,2828295.0,5438249.5,1729093.0,0.0,1
1789487176.981493,music,11,32,169606432.0,6468559.5,87236360.0,14335278.0,18375506.0,27050044.0,141104912.0,17744010.0,304887872.0,29157064.0,16485316.0,110941936.0,2676087.0,0.0,3858422.25,112140496.0,1
1789487177.0459254,music,11,35,77846480.0,2694934.75,10007404.0,50345640.0,67028252.0,233615760.0,1969948544.0,2307614.25,37153432.0,27083446.0,9586849.0,361770048.0,6404016.0,2236397.5,10416294.0,12577664.0,1
1789487177.095044,music,7,22,0.0,1562816.625,0.0,48272648.0,13371483.0,304445440.0,1311116032.0,162194928.0,26565850.0,33668644.0,0.0,0.0,45233936.0,83211440.0,0.0,64689712.0,1
1789487177.1593595,music,6,18,37857720.0,0.0,125012936.0,45956864.0,114416992.0,277128864.0,594976384.0,135677216.0,28525008.0,6922154.0,53748284.0,0.0,0.0,0.0,0.0,0.0,1
1789487177.2253406,music,21,23,311896064.0,0.0,8974209.0,17048124.0,33943852.0,170870912.0,480783104.0,7775907.5,141591120.0,112350816.0,0.0,10867929.0,16258348.0,112166336.0,91923856.0,16210368.0,1
1789487177.2913716,music,29,25,734785728.0,0.0,27544808.0,0.0,129189936.0,213860032.0,39565900.0,47522960.0,33411234.0,99333376.0,54324912.0,13939986.0,42042924.0,179638176.0,118169344.0,72013584.0,1
1789487177.3542678,music,13,20,86841440.0,0.0,38696504.0,0.0,284522368.0,1008523264.0,344550208.0,6955555.5,0.0,176701504.0,76403240.0,15754380.0,0.0,31731320.0,49804072.0,7080595.0,1
1789487177.4176652,music,13,22,49773412.0,0.0,0.0,37242364.0,58202224.0,43267340.0,112417016.0,8269713.5,20075716.0,82095728.0,82759512.0,13056957.0,22000200.0,22249922.0,0.0,26581666.0,1
1789487177.467106,music,29,24,401313760.0,7499504.0,21004440.0,0.0,31218968.0,0.0,144731376.0,6935594.0,32545212.0,119141712.0,44461800.0,3907426.0,1448400.125,3419195.75,0.0,8782269.0,1
1789487177.5317466,music,31,22,389175360.0,0.0,8014529.0,12101608.0,21026032.0,0.0,207329920.0,10457544.0,39870736.0,14220319.0,17192408.0,3550618.0,0.0,2836161.0,19119724.0,5669994.0,1
1789487177.5953152,music,35,34,238628144.0,63271036.0,151577376.0,79767600.0,89222184.0,148200256.0,140221152.0,17701988.0,22996780.0,109590664.0,68708280.0,204728128.0,36419876.0,313596672.0,151361280.0,27643676.0,1
1789487177.658388,music,36,28,345340992.0,122587824.0,67029808.0,0.0,20719568.0,43907352.0,222402720.0,26007380.0,0.0,91817328.0,56150376.0,66806104.0,0.0,16021178.0,19396888.0,16262965.0,1
1789487177.7213278,music,34,31,358258912.0,289929824.0,277433088.0,23493064.0,69379528.0,649620032.0,168136320.0,1312446.875,9186158.0,17197522.0,4990112.5,13928591.0,6284380.0,11782452.0,18339994.0,7225921.0,1
1789487177.7851644,music,36,30,417399136.0,155585728.0,0.0,0.0,105951080.0,75155248.0,168252544.0,34033300.0,29488476.0,3869354.75,4692889.0,34155872.0,4277813.0,2683988.75,34520880.0,16300668.0,1
1789487177.8483374,music,36,25,98182416.0,156788400.0,114926968.0,56886736.0,62194312.0,93372480.0,0.0,11733306.0,2954352.0,3014755.75,4673192.5,75075912.0,2943209.25,4196458.5,14427512.0,4907235.5,1
1789487177.8955927,music,45,28,124871816.0,176966912.0,85754928.0,0.0,24702654.0,140686448.0,30274144.0,21932676.0,2323075.0,9243702.0,3675978.0,53061036.0,2434062.0,6619965.0,10687618.0,12011827.0,1
1789487177.9576306,music,48,32,25941640.0,107448192.0,1032619008.0,0.0,73774400.0,124180176.0,167110640.0,13035839.0,17356934.0,754473.75,1195250.75,9093186.0,1435325.75,12398217.0,492104.4375,32558930.0,1
1789487178.0196052,music,51,24,26858348.0,41862872.0,2341450240.0,0.0,11995702.0,30790464.0,0.0,0.0,1995840.75,2682545.0,15675040.0,41060928.0,27945362.0,6053022.0,2756291.5,21271168.0,1
1789487178.0819824,music,48,28,49772620.0,40062192.0,1308703488.0,0.0,6611446.0,21679816.0,85364624.0,9478835.0,7012003.0,7678924.0,1512557.5,27902276.0,13006444.0,1717624.625,1790159.75,2682289.75,1
1789487178.14467,music,49,25,0.0,51252448.0,1002499456.0,0.0,36134248.0,145791136.0,156812048.0,13420528.0,0.0,75758.34375,906679.875,276412256.0,3650919.25,203509.5,11628893.0,3117150.0,1
1789487178.2078266,music,52,28,28391422.0,200595504.0,1102858624.0,3238047.75,14527181.0,115355552.0,18105376.0,13736890.0,7925578.5,6206279.5,20501676.0,19805712.0,3905439.75,6160467.0,8741330.0,6747635.0,1
1789487178.270553,music,54,24,12886372.0,106203728.0,1728836096.0,18393316.0,0.0,0.0,79353616.0,6416423.0,5549679.5,744092.75,1203466.25,91584136.0,12567344.0,3489897.5,0.0,2524578.0,1
1789487178.3333075,music,52,26,10656290.0,71496608.0,1521539072.0,22701088.0,7966198.0,52754104.0,111674152.0,55783168.0,20095366.0,1462120.75,1347866.375,6953213.5,15148860.0,156270848.0,783790016.0,0.0,1
1789487178.396651,music,60,18,6498551.0,0.0,1192838016.0,0.0,11713871.0,42252200.0,746167936.0,0.0,77036.671875,0.0,0.0,2746317.5,5224351.0,258050224.0,0.0,0.0,1
1789487178.45819,music,53,23,40696324.0,42787048.0,618673920.0,0.0,20387616.0,79857952.0,833749056.0,1621045.875,1574975.0,1891755.125,9755788.0,4261152.5,15011828.0,260117216.0,766721280.0,4331283.5,1
1789487178.5202765,music,58,15,0.0,0.0,237881376.0,0.0,27891614.0,0.0,631056448.0,1473834.75,1191843.125,0.0,7598638.0,22531308.0,10032660.0,3513369.0,0.0,0.0,1
1789487178.5822651,music,58,24,0.0,0.0,761650496.0,0.0,0.0,1025600320.0,476595552.0,7366506.0,1901840.375,6689755.0,18548836.0,307234784.0,2095378.125,13704764.0,0.0,205189600.0,1
1789487178.6272426,music,56,23,0.0,16123154.0,710156672.0,0.0,210521024.0,1981383040.0,129229224.0,2039794.625,3584542.5,23114744.0,19569976.0,0.0,1288798.25,69859856.0,359040512.0,25398690.0,1
1789487178.6900158,music,63,18,161855552.0,0.0,330609984.0,0.0,0.0,0.0,0.0,8547372.0,10945202.0,1794916.625,1074891.5,24627572.0,26274608.0,8837190.0,0.0,0.0,1
1789487178.7527223,music,60,20,0.0,0.0,192935968.0,1012430.8125,293334016.0,0.0,0.0,0.0,0.0,8283667.0,10938917.0,221664064.0,6820744.0,64983268.0,352399200.0,32508648.0,1
1789487178.815847,music,62,26,22803288.0,19895108.0,140864176.0,1628538.625,0.0,0.0,1912422.0,7899920.5,5889651.0,1337351.125,10147680.0,105384304.0,988897.0,115730144.0,914299200.0,23710804.0,1
1789487178.8788276,music,62,23,104204576.0,0.0,5920031.5,0.0,0.0,0.0,162736592.0,3148255.25,6886500.0,19187096.0,70680640.0,97100024.0,46555908.0,14235585.0,193675120.0,38657840.0,1
1789487178.92745,music,63,16,0.0,0.0,0.0,0.0,0.0,0.0,190177264.0,0.0,6898427.0,15390459.0,133136056.0,45294576.0,13445014.0,56564020.0,197515040.0,47536192.0,1
1789487178.9904678,music,66,17,9622708.0,0.0,0.0,0.0,51572320.0,0.0,54028752.0,20889520.0,24177168.0,0.0,39234072.0,72037864.0,21433344.0,66529252.0,178330608.0,99169816.0,1
1789487179.0536034,music,63,18,28782360.0,0.0,0.0,0.0,0.0,158284320.0,562274944.0,88409240.0,17575808.0,12422138.0,100968112.0,16169974.0,107078256.0,145424320.0,0.0,0.0,1
1789487179.1172829,music,63,21,15694958.0,0.0,41740212.0,58561040.0,79784912.0,0.0,302213824.0,41424592.0,380545824.0,31814670.0,5802589.5,124538832.0,49553952.0,14945626.0,297552480.0,53010048.0,1
1789487179.1622965,music,70,16,0.0,0.0,174815568.0,0.0,0.0,23246196.0,3131488000.0,5870055.5,0.0,18011590.0,4439413.0,32780276.0,3221426.25,1365720.375,0.0,5624022.0,1
1789487179.2258246,music,70,17,4394619.5,7793605.0,0.0,0.0,14947708.0,4883239.5,4976457216.0,0.0,0.0,3042773.5,0.0,30261556.0,4099949.5,7839436.0,0.0,7137193.0,1
1789487179.2749715,music,70,22,0.0,5453468.5,105850480.0,0.0,0.0,109456480.0,4796995072.0,7251525.0,0.0,30552588.0,2416164.75,5756811.0,1371443.5,11440236.0,27571790.0,4499146.0,1
1789487179.3193052,music,70,19,0.0,28091916.0,443109824.0,0.0,0.0,0.0,0.0,11227902.0,262049920.0,3685408.25,2643703.5,114074072.0,2026818.75,21494152.0,18389184.0,609854.1875,1
1789487179.3701782,music,70,15,6751227.0,0.0,230313568.0,0.0,0.0,236152768.0,419665248.0,0.0,0.0,106616408.0,21337890.0,0.0,0.0,23089988.0,74158392.0,5386500.5,1
1789487179.415872,music,74,17,0.0,0.0,0.0,0.0,10537834.0,640204288.0,1932142080.0,145150592.0,204975888.0,11705485.0,0.0,54276360.0,15516046.0,9564457.0,61074124.0,1729832.75,1
1789487179.4809737,music,72,26,0.0,9283874.0,211237616.0,0.0,18236558.0,665942400.0,248077344.0,3737070.5,54661132.0,18555906.0,42349884.0,733439808.0,22013054.0,20988724.0,59246484.0,0.0,1
1789487179.5458512,music,76,11,0.0,0.0,292737664.0,3621353.25,0.0,0.0,719997824.0,0.0,0.0,0.0,0.0,0.0,20550228.0,16877234.0,30835052.0,3370544.0,1
1789487179.6102302,music,75,16,0.0,0.0,0.0,0.0,0.0,0.0,0.0,35358004.0,500055296.0,116550744.0,1210210.25,45282744.0,217655408.0,10007206.0,28759840.0,96811304.0,1
1789487179.6753733,music,74,18,0.0,0.0,613373568.0,0.0,295902848.0,0.0,33001904.0,7499630.0,393954816.0,37393728.0,0.0,48881312.0,0.0,13981564.0,34119596.0,3128443.0,1
1789487179.7394962,music,76,13,0.0,115426832.0,0.0,0.0,0.0,112519136.0,0.0,46796848.0,65521376.0,0.0,0.0,25547148.0,13323126.0,1740951.75,6127426.0,0.0,1
1789487179.8032367,music,74,24,252129.28125,27491916.0,0.0,0.0,30728206.0,426246144.0,581146944.0,10908754.0,142202048.0,84863616.0,3429021.5,280347456.0,5877040.0,6780417.0,11308529.0,0.0,1
1789487179.867796,music,62,20,12940160.0,14707779.0,0.0,8706018.0,12129646.0,0.0,10879537.0,0.0,3478459.25,276943968.0,56426284.0,104581440.0,17393524.0,50702192.0,3697345.0,0.0,1
1789487179.9324913,music,69,22,46251536.0,20338952.0,14807306.0,0.0,15824125.0,13424890.0,241168224.0,0.0,44038660.0,11157908.0,3746161.75,44235912.0,2508172.0,195103696.0,21912338.0,0.0,1
1789487179.996135,music,68,16,17943410.0,6443834.0,0.0,0.0,19634178.0,48469920.0,308388544.0,5598612.0,63665224.0,0.0,0.0,13842332.0,525933056.0,8770837.0,30370040.0,0.0,1
1789487180.0593235,music,40,21,0.0,21874806.0,3887327.5,0.0,78738000.0,0.0,237946800.0,11191783.0,0.0,1038846848.0,373344640.0,30987000.0,0.0,10703873.0,1373197.0,4773119.5,1
1789487180.1321163,music,41,17,1447716.5,0.0,0.0,0.0,946997.625,6242274.5,13588386.0,3031614.0,0.0,1411323648.0,197923376.0,54429236.0,12448424.0,3527176.25,0.0,0.0,1
1789487180.5618508,music,52,29,325405696.0,258098592.0,6187120.0,0.0,38442272.0,424822912.0,210974880.0,24050040.0,44539472.0,934944512.0,808288768.0,352232320.0,152055584.0,358993856.0,108636312.0,62155720.0,1
1789487180.6197367,music,53,19,657986944.0,132753576.0,0.0,0.0,0.0,0.0,19062870.0,0.0,28468000.0,322668768.0,139557504.0,62902904.0,12782560.0,15368862.0,3167075.0,2632436.25,1
1789487180.6937354,music,53,23,286339520.0,84383920.0,9930159.0,0.0,0.0,0.0,17981566.0,2478606.0,31248972.0,118398368.0,65787764.0,43140956.0,727727.0,4553000.5,1074275.5,553773.3125,1
1789487180.7396386,music,53,30,154211712.0,42503008.0,8575804.0,0.0,6328367.0,209806208.0,1875849.125,3142337.5,11902500.0,295645792.0,125049592.0,7789217.0,9533374.0,5060239.0,7924829.5,5728497.0,1
1789487180.9116995,music,42,29,156375360.0,24742960.0,23572970.0,0.0,242690336.0,180066848.0,333672320.0,10823214.0,0.0,83660064.0,75772096.0,18339062.0,15994510.0,17876900.0,6191178.0,19508232.0,1
1789487180.969221,music,42,32,66174436.0,105776040.0,629184640.0,0.0,46314212.0,142074512.0,90872208.0,34212836.0,630358976.0,350622112.0,118071576.0,49643216.0,14199511.0,37317812.0,3360732.75,13026530.0,1
1789487181.0185406,music,40,18,0.0,242231088.0,963393280.0,31074144.0,357882816.0,366835296.0,0.0,33309748.0,0.0,0.0,35342636.0,49427928.0,0.0,3513398.5,28957450.0,20581412.0,1
1789487181.080691,music,46,26,27269620.0,0.0,175407936.0,4221432.5,430095488.0,27061860.0,13826510.0,56103416.0,331039040.0,186939792.0,115826392.0,19237096.0,8504006.0,37275532.0,3456316.5,7737526.0,1
1789487181.3864908,music,65,19,37324228.0,89972616.0,0.0,0.0,153347520.0,7384225.0,1263296.875,57825036.0,7031518.5,0.0,0.0,23363020.0,2930053.5,14449176.0,2481994.5,213897.71875,1
1789487181.4563968,music,57,23,23584374.0,4068282.5,98433200.0,0.0,116330688.0,2652996.0,359486.78125,8340993.5,190619936.0,5876314.5,0.0,11773104.0,5782626.0,136783296.0,6282181.5,350242.0625,1
1789487181.5202186,music,57,21,6115455.0,47531420.0,174847600.0,0.0,134639824.0,65392012.0,21128512.0,56795712.0,162688976.0,23740678.0,0.0,7247785.0,10663075.0,0.0,0.0,28217374.0,1
1789487181.5670316,music,65,20,26808536.0,45073212.0,140623680.0,0.0,0.0,0.0,809389.0625,0.0,5807351.5,478927.875,68939528.0,9476316.0,3475275.5,66092696.0,254573.203125,1112832.0,1
1789487181.6303492,music,63,23,29790004.0,0.0,0.0,0.0,0.0,78261760.0,11923125.0,11909820.0,168693920.0,328399104.0,114381432.0,17596616.0,3908357.25,14427108.0,0.0,59309.53125,1
1789487181.7325153,music,66,21,0.0,41164848.0,92773176.0,0.0,589942656.0,160550240.0,0.0,73242520.0,0.0,150435760.0,152735600.0,11330230.0,0.0,278710240.0,5314874.5,78145400.0,1
1789487181.7908473,music,63,27,7500260.0,1365985.75,0.0,0.0,117927352.0,7028329.0,9206018.0,293913920.0,111504576.0,236356448.0,94292512.0,5705130.5,6042989.5,234132352.0,0.0,6536973.0,1
1789487181.855096,music,62,12,2536833.5,24556240.0,0.0,0.0,125716136.0,57957660.0,1298615.375,0.0,0.0,18812646.0,0.0,1479060.625,2154675.25,0.0,875966.75,165190.578125,1
1789487181.8560164,music,120,3,2796441.5,0.0,0.0,0.0,0.0,0.0,0.0,0.0,445400320.0,0.0,0.0,0.0,0.0,0.0,0.0,0.0,1
1789487181.918092,music,70,17,10398942.0,891444.25,0.0,0.0,0.0,2792853.5,835646.625,399096256.0,66602384.0,1565440.0,0.0,2471346.25,8060143.5,377861568.0,1504408.625,2695159.75,1
1789487181.9811873,music,74,18,16299178.0,1432983.5,0.0,0.0,479664000.0,32420726.0,4336339.5,2774320.0,443746464.0,10946388.0,0.0,1681999.75,1567383.75,18507534.0,1291034.25,0.0,1
1789487182.0454986,music,73,25,22150318.0,0.0,0.0,0.0,0.0,11940166.0,88061944.0,89466656.0,585930496.0,74519008.0,10583530.0,29011364.0,8192665.0,125239896.0,23836266.0,8137842.5,1
1789487182.1094027,music,75,9,0.0,0.0,354313984.0,0.0,0.0,0.0,33146668.0,0.0,0.0,0.0,0.0,6533451.5,1712666.0,57202268.0,2277298.0,0.0,1
1789487182.1731634,music,75,22,6405449.0,3197046.75,127983696.0,2921185.0,0.0,772722.0,0.0,0.0,423025280.0,839080192.0,260827344.0,8695977.0,6299688.0,79291272.0,7699638.5,958134.6875,1
1789487182.2225926,music,75,23,26120240.0,22307660.0,151518016.0,4077785.25,0.0,0.0,15535696.0,30921144.0,225989504.0,0.0,137162864.0,109486008.0,9316428.0,42775604.0,3428397.25,1411031.875,1
1789487182.2686923,music,77,21,10462538.0,65939352.0,221144528.0,0.0,0.0,0.0,3221915.5,0.0,232491296.0,61853448.0,44722016.0,4474143.0,5136726.0,6015078.0,2691351.5,279680.625,1
1789487182.3332431,music,85,19,3660012.25,93101728.0,303711552.0,0.0,0.0,0.0,5429467.5,2975007.75,67148928.0,377183744.0,104073512.0,10235736.0,2575296.0,18399180.0,0.0,0.0,1
1789487182.3984876,music,85,12,0.0,0.0,0.0,3090175.0,0.0,3467454.0,0.0,0.0,0.0,0.0,1798757.75,5560041.0,1941376.25,31796706.0,1677769.25,0.0,1
1789487182.4477293,music,94,16,3353309.25,0.0,0.0,0.0,228104768.0,683594624.0,70641752.0,0.0,0.0,15142668.0,146771888.0,122166952.0,20844766.0,64739976.0,538589888.0,71625376.0,1
1789487182.5124738,music,116,10,3699871.5,5782195.0,0.0,0.0,0.0,0.0,198681824.0,0.0,0.0,370713632.0,88052664.0,0.0,0.0,5462246.5,0.0,7500073.0,1
1789487182.578257,music,111,11,0.0,6127333.0,25782842.0,0.0,0.0,90348632.0,5884250.5,0.0,0.0,97070928.0,52610628.0,0.0,0.0,55564352.0,0.0,3688853.5,1
1789487182.6439495,music,137,9,31966754.0,16044473.0,0.0,0.0,0.0,0.0,23647572.0,0.0,0.0,213032224.0,61901172.0,0.0,1164142.125,0.0,0.0,0.0,1
1789487182.7078426,music,137,9,93367112.0,34944304.0,33777872.0,0.0,0.0,0.0,0.0,12795259.0,0.0,0.0,0.0,0.0,0.0,0.0,0.0,2813207.25,1
1789487182.8098297,music,102,14,0.0,0.0,0.0,0.0,40036852.0,245205184.0,0.0,0.0,0.0,0.0,38829416.0,43584876.0,11321449.0,225716992.0,1179544576.0,202256256.0,1
1789487182.8108964,music,138,10,90760656.0,54024920.0,57475456.0,0.0,25586648.0,219765008.0,90551088.0,0.0,0.0,0.0,0.0,0.0,0.0,0.0,0.0,0.0,1
1789487182.8653526,music,102,4,0.0,0.0,0.0,0.0,0.0,0.0,0.0,0.0,0.0,0.0,0.0,1970692.875,1051043.875,39481944.0,0.0,0.0,1
1789487182.9676037,music,130,14,31859032.0,0.0,0.0,0.0,68379288.0,155311680.0,4881541.5,0.0,4739896.0,314996128.0,0.0,0.0,2994595.5,213481840.0,765215616.0,6619793.0,1
1789487183.027383,music,123,10,0.0,4355946.5,23062342.0,0.0,53620724.0,494350816.0,0.0,0.0,0.0,0.0,0.0,0.0,6118058.5,17795888.0,0.0,0.0,1
1789487183.0901055,music,145,17,40888316.0,5838044.0,6053405.5,0.0,124352088.0,1009268480.0,6639155.0,2217227.5,0.0,0.0,0.0,0.0,811290.375,16801836.0,275411968.0,21030392.0,1
1789487183.1526625,music,145,16,52314768.0,3604551.0,0.0,0.0,0.0,414222752.0,5894228.0,0.0,0.0,0.0,0.0,2246785.5,1296532.375,37400380.0,218785120.0,6467883.5,1
1789487183.201834,music,153,18,229612736.0,12344730.0,0.0,0.0,46714776.0,217208768.0,7601774.0,20368448.0,0.0,0.0,0.0,2176881.75,0.0,190872448.0,630304512.0,2713256.0,1
1789487183.265742,music,159,12,139930912.0,2298352.25,0.0,182448736.0,0.0,0.0,6161523.5,0.0,0.0,26803212.0,0.0,24764200.0,0.0,9408044.0,11859296.0,0.0,1
1789487183.3295634,music,160,20,124475480.0,2414265.25,5849291.0,0.0,27072764.0,11938505.0,3144738.25,4714208.0,48258904.0,0.0,0.0,34497816.0,1046085.5,4406976.5,50253176.0,2449246.5,1
1789487183.3936539,music,155,16,0.0,1562233.5,1137571.375,0.0,61036960.0,250455152.0,7292841.5,0.0,0.0,0.0,0.0,68867064.0,6665777.0,8548382.0,0.0,13715905.0,1
1789487183.4727726,music,179,16,40972352.0,1447426.0,0.0,0.0,47471256.0,0.0,1917635.5,44094744.0,4812551.5,0.0,0.0,0.0,359995.6875,25188382.0,465909760.0,5107557.0,1
1789487183.5442379,music,177,17,77065584.0,1038220.3125,0.0,0.0,109393512.0,126552112.0,19783622.0,0.0,0.0,0.0,335701.875,0.0,4454874.0,17068822.0,33465022.0,7424734.0,1
1789487183.6089518,music,166,18,0.0,0.0,0.0,149746480.0,199509312.0,9417173.0,22264286.0,0.0,34152532.0,210384784.0,319990400.0,425282368.0,388561984.0,75151088.0,110347664.0,0.0,1
1789487183.6729622,music,165,14,494100032.0,48304216.0,29617076.0,0.0,76195360.0,18539054.0,0.0,0.0,0.0,0.0,34338920.0,61977184.0,0.0,34316812.0,24882002.0,0.0,1
1789487183.73757,music,170,19,226487360.0,21290190.0,8026813.0,0.0,47162728.0,106147776.0,7384978.0,0.0,33090020.0,30374148.0,86363680.0,320995648.0,0.0,34484960.0,42905336.0,0.0,1
1789487183.8032103,music,174,12,0.0,0.0,0.0,0.0,0.0,0.0,315217248.0,86104648.0,89609064.0,0.0,0.0,14175508.0,0.0,93756512.0,169129776.0,21460260.0,1
1789487183.8677533,music,173,14,120206456.0,0.0,0.0,0.0,0.0,0.0,51314960.0,0.0,0.0,51723628.0,76697952.0,38496672.0,0.0,12292364.0,16435658.0,19696610.0,1
1789487183.9316037,music,185,15,131217936.0,55175476.0,0.0,0.0,0.0,4659233.0,0.0,9499526.0,69865696.0,0.0,40428340.0,1512800512.0,55876996.0,0.0,8006185.0,14038182.0,1
1789487183.9961255,music,185,16,69583752.0,7447744.0,102697352.0,0.0,103119368.0,147170992.0,2931034.5,47497472.0,0.0,0.0,0.0,150576512.0,0.0,30832242.0,41101352.0,7625753.0,1
1789487184.0455081,music,185,20,90900872.0,102818448.0,56147264.0,24162240.0,83389064.0,185789040.0,0.0,66005536.0,21690668.0,0.0,48337104.0,251614352.0,6875291.0,19022628.0,43688040.0,0.0,1
1789487184.0915701,music,195,19,0.0,0.0,0.0,0.0,11658511.0,83584112.0,20999322.0,14184492.0,7864563.0,0.0,0.0,3641162752.0,244176.09375,118864256.0,76539856.0,0.0,1
1789487184.157139,music,195,15,30241942.0,0.0,0.0,0.0,15714734.0,61443944.0,9882988.0,11248354.0,4256743.0,4766622.5,11643574.0,274070016.0,5098476.0,0.0,0.0,0.0,1
1789487184.2055008,music,170,13,15006904.0,82096696.0,257686624.0,0.0,3597528.25,50363848.0,10912425.0,0.0,0.0,0.0,2778349.5,305520768.0,15486093.0,0.0,0.0,66219144.0,1
1789487184.2691705,music,170,8,46123852.0,65947560.0,205382432.0,0.0,0.0,0.0,0.0,8068763.0,0.0,6911808.5,90990368.0,0.0,0.0,0.0,0.0,0.0,1
1789487184.3142984,music,170,21,107423104.0,65946540.0,251066688.0,9332931.0,10379740.0,3760240.5,5347532.0,12750603.0,0.0,0.0,67850056.0,128580592.0,13777251.0,13589562.0,52071680.0,0.0,1
1789487184.3634896,music,181,17,70055736.0,66842800.0,237010128.0,0.0,10170297.0,2893118.5,14436134.0,0.0,0.0,0.0,0.0,794625984.0,12692029.0,9906533.0,31886596.0,8180592.0,1
1789487184.4283843,music,173,19,40165608.0,81140312.0,247577952.0,0.0,41155372.0,0.0,1539748.0,8002021.5,12818526.0,0.0,0.0,190180272.0,20098164.0,56826840.0,76520176.0,539999680.0,1
1789487184.4936655,music,190,13,103775704.0,0.0,0.0,0.0,0.0,10741560.0,42548656.0,0.0,11283528.0,0.0,0.0,683016768.0,32569768.0,94306704.0,61704120.0,0.0,1
1789487184.5586624,music,191,10,0.0,35028424.0,200634864.0,0.0,0.0,0.0,0.0,0.0,0.0,0.0,0.0,1163538560.0,84463992.0,48937980.0,13727622.0,0.0,1
1789487184.6237488,music,182,19,61069040.0,19677922.0,144417104.0,0.0,0.0,0.0,43012304.0,0.0,22670384.0,32549104.0,159482512.0,597739264.0,127572872.0,35075748.0,25071618.0,0.0,1
1789487184.6889338,music,182,16,35284560.0,15502050.0,0.0,0.0,14396687.0,23674956.0,126226792.0,110627248.0,14055604.0,3005199.75,276322816.0,0.0,6268131.0,5828697.5,0.0,11624238.0,1
1789487184.7358148,music,184,15,0.0,1583929.625,47367964.0,0.0,2929785.5,3662475.5,339202080.0,0.0,0.0,1023453.5,30691356.0,195453760.0,0.0,81270576.0,15290375.0,0.0,1
1789487184.8011928,music,197,14,18789874.0,0.0,102198056.0,0.0,0.0,1523566.375,849458816.0,41466000.0,0.0,0.0,13840760.0,0.0,0.0,53401316.0,9200259.0,0.0,1
1789487184.8663988,music,185,19,28782062.0,1742966.75,0.0,0.0,0.0,0.0,36353312.0,31780136.0,8759928.0,8206678.0,0.0,294229216.0,8259435.5,40548220.0,93261048.0,0.0,1
1789487184.9308681,music,186,15,27493560.0,50035924.0,0.0,0.0,0.0,6901750.5,0.0,87814464.0,1972735.0,0.0,92952616.0,783347456.0,0.0,43563720.0,0.0,0.0,1
1789487184.9966388,music,189,21,33056086.0,1344480.625,242865024.0,0.0,0.0,5024487.5,48245680.0,0.0,1303179.5,69611864.0,11163139.0,339272896.0,3184949.75,100723816.0,5799658.5,0.0,1
1789487185.061489,music,189,20,12164235.0,0.0,0.0,0.0,6469874.5,30819906.0,167749184.0,101155456.0,21028180.0,0.0,0.0,205475744.0,6260969.5,53869192.0,25669220.0,0.0,1
1789487185.1082554,music,184,22,12822733.0,20201898.0,75075384.0,0.0,23304148.0,43132752.0,148093568.0,229666512.0,41233048.0,14018324.0,7481577.0,0.0,18762524.0,71274112.0,0.0,46665584.0,1
1789487185.1736362,music,184,19,30105422.0,37502380.0,117663888.0,0.0,5883996.5,23414092.0,225922976.0,0.0,0.0,0.0,9829286.0,118994592.0,0.0,128859808.0,4553115.0,0.0,1
1789487185.2229092,music,195,18,143796080.0,0.0,0.0,0.0,36186388.0,0.0,148895392.0,705294464.0,50618148.0,186439232.0,11944311.0,229270224.0,720947.75,2669466.5,0.0,0.0,1
1789487185.3071778,music,193,13,8160835.5,41199232.0,25658012.0,0.0,0.0,5570562.0,124094112.0,0.0,0.0,0.0,2136445.75,34769240.0,3077045.25,0.0,823412.0,0.0,1
1789487185.366396,music,177,12,15675796.0,54106924.0,153268128.0,0.0,0.0,0.0,0.0,0.0,0.0,0.0,0.0,135563440.0,1609805.875,1677610.375,0.0,177265.0,1
1789487185.463997,music,174,18,4661257.0,16604272.0,92492416.0,0.0,934587.0,560833.1875,7112029.0,91782416.0,4296944.0,0.0,4745597.0,15806128.0,0.0,0.0,0.0,0.0,1
1789487185.6235936,music,186,27,4481513.0,38507784.0,145978608.0,0.0,29808940.0,0.0,212725376.0,230763920.0,42405432.0,150093856.0,15648831.0,2683926.25,2434835.0,206297344.0,14087524.0,13864184.0,1
1789487185.6839204,music,189,24,5870211.5,52244344.0,133231352.0,742237.75,70770424.0,0.0,86024640.0,458533472.0,13826179.0,0.0,15854568.0,30935274.0,102671104.0,596110848.0,0.0,2870703.5,1
1789487185.748579,music,187,24,6427223.0,13839459.0,59276216.0,0.0,554897920.0,333791616.0,25614114.0,120645136.0,0.0,0.0,76287280.0,119455728.0,0.0,1304753408.0,124716816.0,2239477.5,1
1789487185.8128512,music,187,15,4889473.0,27483258.0,69385144.0,0.0,60945984.0,42548364.0,0.0,24462572.0,617657.875,0.0,0.0,39318588.0,0.0,1386206976.0,0.0,0.0,1
1789487185.8616655,music,187,14,0.0,0.0,0.0,0.0,28500436.0,7091442.5,0.0,8713353.0,200173792.0,3449667.75,9659367.0,6984971.0,0.0,402680768.0,73302336.0,1799667.75,1
1789487185.9111257,music,197,17,0.0,15035876.0,0.0,0.0,13827356.0,4897562.5,991103.6875,84028704.0,0.0,0.0,7462912.0,3249049.25,0.0,96214640.0,435905216.0,12968816.0,1
1789487185.976245,music,197,16,0.0,0.0,0.0,0.0,103911016.0,351882080.0,7335088.0,0.0,0.0,5688687.0,4192529.0,9062135.0,2095847.25,215222624.0,217339696.0,0.0,1
1789487186.0217652,music,199,14,154149.25,0.0,0.0,0.0,65652556.0,265003168.0,12558966.0,8986397.0,0.0,0.0,0.0,0.0,2504493.75,83948168.0,0.0,0.0,1
1789487186.085674,music,200,16,3582597.75,6195435.0,0.0,0.0,31816618.0,40341560.0,49603624.0,106210096.0,0.0,39603340.0,0.0,52865828.0,0.0,282618208.0,0.0,5965989.0,1
1789487186.150023,music,208,14,1556665.625,0.0,0.0,0.0,10050202.0,214816480.0,6488109.5,0.0,0.0,0.0,9699851.0,14193412.0,28798866.0,74140704.0,8765436.0,5126467.5,1
1789487186.3189034,music,208,16,73041296.0,236080.5625,0.0,0.0,0.0,0.0,1359124.5,115669200.0,0.0,11627620.0,4286308.5,4950915.0,0.0,58669208.0,3740472.5,318473.125,1
1789487186.5732715,music,219,20,44859168.0,0.0,0.0,1925469.75,8700724.0,31186248.0,55593480.0,37423496.0,32734588.0,0.0,4507929.0,57892664.0,35931620.0,261860848.0,70943408.0,0.0,1
1789487186.9204214,music,234,12,41162512.0,2627204.25,0.0,1549719.875,260338.828125,4208556.0,5697491.0,0.0,0.0,0.0,421767.1875,1406660.25,0.0,358352.0625,0.0,0.0,1
1789487186.9788928,music,237,4,36467468.0,0.0,0.0,0.0,335231.03125,0.0,0.0,0.0,0.0,0.0,0.0,0.0,0.0,0.0,0.0,2578357.5,1
1789487187.173919,music,232,19,46154668.0,0.0,0.0,1056047.5,5284697.0,24890662.0,3337617.0,226068.46875,32349132.0,3309009.75,0.0,0.0,0.0,2624748.75,0.0,1816475.0,1
1789487187.2321029,music,232,17,31329992.0,0.0,219634704.0,2081382.5,5934856.0,34356320.0,2542148.0,0.0,12843914.0,0.0,674851.5,0.0,385377.6875,3648290.5,14175589.0,2450120.0,1
1789487187.3000634,music,242,18,46157120.0,0.0,0.0,0.0,0.0,0.0,9657308.0,0.0,66355832.0,38050636.0,3620795.25,3897604.0,586591.5625,20103400.0,0.0,1279302.5,1
1789487187.363074,music,250,20,66629752.0,0.0,257842080.0,1506243.5,27815362.0,13250766.0,621578.1875,0.0,0.0,10068350.0,43671212.0,13171878.0,0.0,22575070.0,0.0,14148151.0,1
1789487187.4275546,music,239,16,35794516.0,0.0,199656192.0,0.0,19257784.0,265524944.0,2201995.75,9921682.0,0.0,0.0,0.0,11424215.0,0.0,3267963.5,40119556.0,23716312.0,1
1789487187.4913454,music,241,13,48801216.0,40093104.0,0.0,0.0,0.0,9672819.0,3210374.0,0.0,0.0,13286301.0,0.0,0.0,3221857.25,1023396.5625,0.0,3573200.75,1
1789487187.5543702,music,244,23,51992924.0,21951080.0,859054592.0,0.0,998257.6875,0.0,4136827.5,175460.4375,621135232.0,18866816.0,4185342.5,159801.25,133543.71875,1096539.75,1750836.625,381873.0625,1
1789487187.6170447,music,244,29,56268332.0,29143808.0,35008904.0,819795.5,16758148.0,34264044.0,714259.4375,13651820.0,286412096.0,16903198.0,1040307.3125,0.0,599937.0,3209503.25,5754920.0,1112230.25,1
1789487187.6622677,music,252,27,52692140.0,0.0,0.0,9351366.0,6162143.0,11292424.0,4208418.5,48958128.0,622030016.0,13463188.0,1656616.25,333127.84375,0.0,984389.375,1384731.5,3001369.0,1
1789487187.7254436,music,252,14,0.0,55936644.0,107532464.0,22397420.0,91689288.0,147948416.0,52675392.0,116732560.0,0.0,0.0,14694909.0,0.0,0.0,0.0,85058184.0,0.0,1
1789487187.770768,music,249,16,5892405.0,5054345.5,149820640.0,0.0,128648824.0,301016256.0,0.0,0.0,0.0,1473509.5,0.0,124461880.0,0.0,0.0,20485592.0,4770964.0,1
1789487187.8348656,music,249,22,22041096.0,2654908.25,129979840.0,86896688.0,0.0,27017438.0,4411314.0,0.0,0.0,10772472.0,1420935.0,4701783.0,869270.5,7564995.0,1359606.0,4752217.0,1
1789487187.8849669,music,249,20,43670104.0,0.0,0.0,0.0,9023377.0,37855928.0,32560532.0,0.0,45621936.0,1026132.625,5283703.5,2980329.5,318640.375,3057752.0,1584082.75,567691.375,1
1789487187.9346645,music,248,27,61434588.0,74749768.0,209610704.0,12978880.0,13926206.0,14733378.0,14314090.0,877612416.0,790243136.0,21684520.0,1785691.5,6617371.0,0.0,3527707.5,1781408.0,214369.625,1
1789487187.998071,music,239,18,25720194.0,12029384.0,438907648.0,0.0,3783683.0,0.0,1000417.9375,0.0,0.0,1059322.75,689278.375,0.0,147530.3125,247643.5,2019385.125,590486.75,1
1789487188.0621343,music,248,30,27361198.0,0.0,328293568.0,54224324.0,69108048.0,66958940.0,0.0,156557536.0,111362168.0,25061052.0,87065072.0,152031040.0,45113248.0,744026496.0,207360608.0,53820260.0,1
1789487188.1254432,music,247,17,15660884.0,0.0,0.0,1856672.125,132650992.0,280303168.0,0.0,85726648.0,0.0,26646656.0,4601913.0,0.0,0.0,19732670.0,5732136.0,7627678.5,1
1789487188.1906312,music,247,14,31130656.0,0.0,0.0,0.0,11273990.0,20949252.0,39078388.0,0.0,0.0,0.0,5332746.0,1702875.25,2277446.75,534720.8125,977509.875,1533719.0,1
1789487188.2372596,music,240,16,8345418.5,0.0,73049552.0,5380023.0,2291813.5,1888146.125,0.0,323172832.0,488804320.0,14162765.0,392030.5,6022042.5,1170856.0,0.0,2253095.0,609964.875,1
1789487188.3010519,music,236,15,8384237.0,10194552.0,49657820.0,0.0,14909402.0,0.0,225455936.0,0.0,0.0,11022751.0,0.0,1645449.75,2423771.5,0.0,2959740.0,3090741.25,1
1789487188.363772,music,233,20,5068986.5,50666564.0,531431744.0,19192490.0,2450238.75,17472468.0,0.0,0.0,0.0,9549149.0,3585927.0,3291991.75,287320.53125,376470.4375,0.0,5820155.5,1
1789487188.4265869,music,238,19,2961661.5,32237014.0,147333904.0,0.0,184991296.0,729836352.0,147278592.0,0.0,30621628.0,8078098.0,412103.09375,4902836.0,1772177.5,1186414.75,0.0,2157965.0,1
1789487188.4898512,music,239,16,0.0,0.0,22335534.0,5492787.5,48312708.0,103108512.0,863213184.0,31727648.0,0.0,45864360.0,0.0,0.0,7778493.0,0.0,22381008.0,26073862.0,1
1789487188.553688,music,248,15,0.0,0.0,17552964.0,356111776.0,318283008.0,116238864.0,335496864.0,0.0,0.0,0.0,1320624.25,0.0,0.0,8948122.0,40805456.0,19857074.0,1
1789487188.6186838,music,244,19,7910037.5,0.0,33125394.0,625156480.0,755524352.0,397449600.0,55612888.0,0.0,12092178.0,0.0,2776041.25,0.0,471901.1875,14122440.0,20396674.0,8317186.0,1
1789487188.6826215,music,240,22,6658663.0,12445470.0,51412432.0,447945056.0,420243968.0,0.0,405188288.0,925818.375,0.0,2389780.0,0.0,13535066.0,4475475.0,1719575.5,73177200.0,2129360.5,1
1789487188.7458155,music,239,19,4440316.0,3054867.5,28229754.0,36960616.0,99955288.0,902525504.0,0.0,0.0,0.0,83522456.0,4972620.5,0.0,23242664.0,14308564.0,9368207.0,9863115.0,1
