timestamp,sound_type,detected_angle,bin_count,band_0,band_1,band_2,band_3,band_4,band_5,band_6,band_7,band_8,band_9,band_10,band_11,band_12,band_13,band_14,band_15,label
1789706257.0872252,music,7,18,0.0,22825564.0,6656466.0,0.0,67683688.0,471829408.0,1135184.5,0.0,62196.37109375,646048.0,110324720.0,0.0,680895.5,366345.0625,1953554.5,20624204.0,1
1789706257.4358325,music,356,24,2892240.5,37281644.0,0.0,0.0,0.0,548652160.0,25679812.0,181782272.0,8880495616.0,619430016.0,15112209.0,19980428.0,1779447.75,1621356.5,3225507.25,28028564.0,1
1789706257.4954684,music,351,27,2188130.0,109211952.0,35556772.0,469486.84375,98478016.0,209781088.0,6534731.0,40822316.0,2832313088.0,184367392.0,9973764.0,5979539.5,194410.1875,3033869.25,6229212.5,17208836.0,1
1789706257.5596392,music,347,26,594248.6875,87947816.0,51076152.0,0.0,270929408.0,1157864576.0,7231056.0,8514430.0,1041220352.0,48720008.0,8499270.0,639705.6875,326550.6875,864137.25,422444.96875,5004847.5,1
1789706257.6241658,music,346,22,1668819.75,56538520.0,22396822.0,739914.625,3119390.0,0.0,3094286.25,2557858.5,490884672.0,45887088.0,26776888.0,20480788.0,0.0,611457.5,1316565.5,7578257.0,1
1789706257.6876848,music,353,20,0.0,13413569.0,2312048.75,0.0,299720928.0,1690736896.0,1598697.625,0.0,376053312.0,11842283.0,18541038.0,7455796.0,655011.6875,612211.125,0.0,1378705.5,1
1789706257.7517347,music,352,26,1561895.75,24928646.0,13386286.0,111742.2265625,64984516.0,186092224.0,2279561.0,0.0,460798400.0,36407680.0,5819478.0,4473261.0,0.0,1384069.25,4315530.0,2885518.5,1
1789706257.8165567,music,3,24,1053950.125,591562.5625,0.0,0.0,280669088.0,2104887936.0,3564911.0,1489932.5,150349664.0,10160471.0,3122488.75,4553360.0,1211966.875,245002.984375,2021617.375,665679.25,1
1789706257.8815248,music,3,12,0.0,0.0,0.0,0.0,0.0,0.0,1960046.875,1514178.375,0.0,6947289.5,1560668.875,157161.28125,1162539.0,0.0,5588195.0,42426240.0,1
1789706257.931892,music,351,29,0.0,24535296.0,89889800.0,51957296.0,258424352.0,793665024.0,572699200.0,258348096.0,166180576.0,108248144.0,25233748.0,0.0,1944957.5,4618880.0,0.0,15063114.0,1
1789706257.9975533,music,350,18,0.0,58989628.0,29880758.0,0.0,20239740.0,31472512.0,0.0,0.0,83710248.0,2371099.0,0.0,6146179.0,554262.75,0.0,479027.625,7808918.5,1
1789706257.998451,music,307,5,0.0,0.0,0.0,0.0,0.0,0.0,656588352.0,423680768.0,0.0,0.0,0.0,1084833.0,0.0,0.0,0.0,0.0,1
1789706258.0622928,music,350,19,2528623.75,0.0,0.0,10444320.0,0.0,189603040.0,0.0,0.0,22725290.0,0.0,651967.5,2434509.0,18417966.0,2732656.5,2257091.75,4297699.0,1
1789706258.1265106,music,350,19,0.0,1933616.5,0.0,0.0,1449064.25,0.0,742717.0625,0.0,4161494.0,4061077.0,8228387.5,4637888.0,1475868.625,697824.375,558688.1875,3368424.5,1
1789706258.1768434,music,352,24,0.0,106536864.0,56311608.0,774699.75,25747776.0,244000224.0,1897144.25,0.0,10177523.0,10479386.0,2104371.25,1338330.375,865508.25,1057369.125,3555015.5,558951.25,1
1789706258.2421231,music,352,18,0.0,20928220.0,22991652.0,6940476.5,4358290.0,39233116.0,0.0,0.0,0.0,2740971.25,796556.625,660253.625,2302716.5,954589.0625,274821.59375,0.0,1
1789706258.4205434,music,350,28,8355235.0,0.0,9136414.0,127039000.0,18874660.0,198732032.0,341599584.0,128377760.0,37278952.0,15128562.0,19189954.0,8548104.0,0.0,2825325.5,472338.28125,6028216.0,1
1789706258.4854505,music,349,19,36109768.0,0.0,0.0,63728388.0,0.0,183410656.0,269112896.0,0.0,105320616.0,26436954.0,18337744.0,15675979.0,733386.625,2765196.75,704610.875,87002896.0,1
1789706258.5497591,music,348,15,0.0,0.0,0.0,0.0,11838841.0,285523744.0,330968192.0,0.0,0.0,1221550.25,52284120.0,408861.71875,1477417.75,6893601.5,3562451.0,168167232.0,1
1789706258.89817,music,349,18,23824078.0,0.0,24066036.0,0.0,2246500.0,43869120.0,79694816.0,0.0,0.0,2927457.75,3220090.75,4262905.0,0.0,4694530.5,2510264.75,8189168.0,1
1789706258.9588985,music,347,26,286407552.0,147000608.0,87426216.0,51890156.0,30911908.0,137579984.0,146177152.0,3795633.25,11096717.0,3852854.5,20464724.0,11657810.0,0.0,0.0,5684820.0,54730052.0,1
1789706259.0234718,music,336,17,131157424.0,55404612.0,0.0,0.0,0.0,53011456.0,0.0,0.0,0.0,0.0,9616366.0,13152450.0,3320084.5,33022790.0,4969513.5,345957312.0,1
1789706259.0877116,music,351,18,0.0,0.0,0.0,34613784.0,7506649.5,0.0,31505516.0,0.0,46875632.0,396170.84375,0.0,7087596.5,419770.9375,106441824.0,215678768.0,385691712.0,1
1789706259.1526158,music,352,24,56610968.0,0.0,1880590.125,116803984.0,25455270.0,86720216.0,85043368.0,0.0,0.0,3548423.0,5550804.0,23179626.0,12992163.0,131186376.0,358675104.0,36418248.0,1
1789706259.2479076,music,358,17,7582817.0,0.0,0.0,3993893.0,83501696.0,0.0,9822840.0,0.0,2392832.5,534066112.0,6328276.5,12418000.0,226250048.0,40073380.0,128258000.0,29109954.0,1
1789706259.9140496,music,351,26,0.0,0.0,0.0,3679702.25,3713314.75,39174280.0,113633312.0,36486572.0,399070240.0,294629280.0,59896384.0,8303920.0,15477676.0,11017730.0,93657008.0,120054472.0,1
1789706259.9740398,music,348,18,54089112.0,52999228.0,11284104.0,17068488.0,0.0,0.0,9758429.0,27392596.0,4478816256.0,22854366.0,20824192.0,4099040.5,3054520.5,14794448.0,11099703.0,0.0,1
1789706260.0394652,music,349,21,8390103.0,0.0,103533272.0,2372441.25,23766192.0,0.0,9169960.0,0.0,1356264192.0,106140824.0,17207620.0,4135026.0,3549769.5,4045101.0,4858505.0,19444964.0,1
1789706260.1032534,music,348,19,0.0,31353736.0,17045344.0,370431.6875,2388958.25,0.0,7391997.0,0.0,945962496.0,72419552.0,0.0,11721930.0,21393752.0,5425450.0,27608136.0,0.0,1
1789706260.1787589,music,347,33,5578602.0,4416126.5,11882073.0,22219216.0,10748664.0,4772457.5,29990996.0,82705728.0,827677184.0,46747736.0,512848032.0,791225984.0,10722123.0,12271294.0,8356693.5,4571072.0,1
1789706260.2424612,music,350,28,0.0,35862984.0,16941306.0,5379384.0,13270846.0,21212248.0,33920800.0,103648416.0,154866464.0,82713216.0,399005248.0,1831905152.0,70571392.0,41723664.0,43592184.0,2785236.5,1
1789706260.3066702,music,345,25,0.0,0.0,95441968.0,30830498.0,0.0,22473456.0,31727918.0,12049840.0,0.0,402088256.0,739047680.0,2218904576.0,86041520.0,46332644.0,39889024.0,1602864.25,1
1789706260.3710406,music,342,30,0.0,0.0,25120496.0,22721772.0,7579384.5,18003676.0,26931284.0,24367336.0,52912760.0,282669056.0,539913408.0,1961784320.0,76440640.0,36846028.0,21913824.0,20125886.0,1
1789706260.435381,music,341,25,43937896.0,0.0,1166729.75,0.0,3650011.0,0.0,22137290.0,24248368.0,143102496.0,332384640.0,301425696.0,1097654272.0,26569822.0,1830742.0,0.0,4648613.5,1
1789706260.4990113,music,340,27,211785120.0,17231244.0,0.0,808799360.0,5611636.5,5226179.5,0.0,16759264.0,62588072.0,134984336.0,175386800.0,616605760.0,46978928.0,9229001.0,15919832.0,49101160.0,1
1789706260.5635378,music,340,28,86524272.0,28266104.0,19549568.0,0.0,0.0,0.0,36172208.0,94872048.0,36467456.0,85460072.0,136644640.0,442534368.0,9063017.0,78979672.0,85606192.0,40776660.0,1
1789706260.6087782,music,345,23,6677556.0,0.0,8037196.0,103999424.0,868468.75,776444.9375,835104.6875,2176633.5,4037333.0,868948.25,608205312.0,386095424.0,903984.25,57108076.0,394135680.0,1026813.0,1
1789706260.6733756,music,345,21,39820788.0,0.0,16266038.0,265218544.0,35262088.0,665184.6875,0.0,0.0,8230805.5,1341613.75,291935488.0,204034944.0,428800.75,51822016.0,574327040.0,3557950.5,1
1789706260.7222698,music,341,20,40546748.0,10268975.0,0.0,0.0,0.0,2305988.5,122420248.0,79854160.0,1532090.25,0.0,133225600.0,70859600.0,1458709.75,45615072.0,231024160.0,3163681.0,1
1789706260.802516,music,350,14,0.0,0.0,0.0,0.0,899525.4375,0.0,0.0,0.0,0.0,3881860.25,467028992.0,243891872.0,1272632.5,932586.0,0.0,2364316.5,1
1789706260.8625038,music,350,13,0.0,0.0,0.0,0.0,2279866.0,0.0,0.0,0.0,879866.0625,0.0,608074496.0,295270976.0,0.0,8554044.0,52394680.0,2115670.0,1
1789706262.104072,music,344,21,0.0,0.0,0.0,0.0,741010.625,293750.125,310134.75,838139.125,6532141.5,2127459.0,117281728.0,59427980.0,3505864.0,6098256.0,18002100.0,10859251.0,1
1789706262.1639,music,346,8,5994422.5,647583.9375,5928080.5,0.0,0.0,0.0,892427.125,507074.25,0.0,0.0,116800848.0,53261936.0,0.0,0.0,0.0,0.0,1
1789706262.2281034,music,344,17,58503504.0,0.0,0.0,0.0,0.0,201469.484375,0.0,0.0,787258.75,936676.375,106247440.0,72854056.0,624177.4375,1618951.75,3937838.75,980349.4375,1
1789706262.29262,music,344,15,0.0,0.0,0.0,0.0,1864577.0,0.0,291360.75,349480.84375,0.0,1005471.0,72261144.0,48903524.0,855509.6875,602859.0625,1588545.5,172757.28125,1
1789706262.342738,music,341,16,0.0,0.0,0.0,70327984.0,0.0,0.0,0.0,0.0,0.0,11841217.0,11534254.0,123119256.0,5848091.0,9419658.0,22681838.0,11351914.0,1
1789706262.4068635,music,349,27,0.0,0.0,73684456.0,322617952.0,0.0,23018248.0,58867240.0,98202720.0,51687736.0,212042400.0,32825432.0,207461072.0,120090344.0,138097088.0,59655016.0,26354218.0,1
1789706262.4716976,music,352,24,0.0,25796228.0,23918808.0,0.0,225460080.0,0.0,53930784.0,55023176.0,45262492.0,257237216.0,84050256.0,33393528.0,498808512.0,145862400.0,120656544.0,16975848.0,1
1789706262.5362108,music,355,20,0.0,13762620.0,35517928.0,0.0,0.0,0.0,43325832.0,4130874.0,24846332.0,29048282.0,9372995.0,83426304.0,338995008.0,166482208.0,83445568.0,25846038.0,1
1789706262.600687,music,355,20,64951332.0,0.0,0.0,0.0,0.0,0.0,4918640.0,0.0,11974915.0,18377592.0,20058422.0,11779574.0,135021728.0,71542848.0,61551588.0,9903506.0,1
1789706262.6510005,music,4,16,0.0,0.0,24082824.0,0.0,0.0,0.0,0.0,3166414.75,5950071.0,1299805.625,0.0,17424518.0,157959344.0,24692498.0,71997696.0,4084994.75,1
1789706263.2473974,music,342,22,110260992.0,110731664.0,0.0,0.0,38967812.0,0.0,4054782.75,1817946.0,0.0,99768.046875,1186068.875,569833.5,14643673.0,2376735.0,3388874.25,518882.28125,1
1789706263.3116,music,353,24,85467744.0,8213366.0,0.0,2052769.75,0.0,387848.40625,3083362.0,0.0,1993425.0,2498401.0,7605921.0,6653004.0,22669218.0,2562401.0,13635736.0,170114.046875,1
1789706263.3756058,music,349,29,90172880.0,0.0,372777920.0,17948550.0,1124850432.0,2384522.75,35964640.0,21448460.0,4948359.0,941134.375,808229.25,549172.0625,15344430.0,13096618.0,30896972.0,1140309.5,1
1789706263.4401987,music,347,26,0.0,3696052.75,75647088.0,92162584.0,0.0,2380272.0,147668096.0,82819536.0,0.0,876377.0,201028720.0,300506016.0,15798586.0,11440530.0,9260506.0,3368240.5,1
1789706263.5054352,music,0,14,0.0,0.0,62189188.0,727754112.0,0.0,0.0,0.0,7375426.0,0.0,282145.875,0.0,31190586.0,0.0,157248544.0,445454528.0,2743061.5,1
1789706263.5704064,music,355,20,0.0,0.0,0.0,321719616.0,0.0,865945.375,391994.0625,1679599.0,0.0,1290135.25,31301478.0,126151112.0,3157825.0,342425952.0,1669935488.0,1143141.375,1
1789706263.6353261,music,354,15,0.0,0.0,170518256.0,0.0,954754176.0,0.0,0.0,2056810.5,74026.84375,621748.9375,0.0,735573.625,9635482.0,0.0,0.0,9784189.0,1
1789706263.6996396,music,350,21,28094576.0,0.0,113166096.0,144380320.0,0.0,1950309.5,1679407.625,0.0,0.0,1232421.125,75606928.0,76127400.0,4499500.0,86568984.0,338716320.0,3981950.75,1
1789706263.8829644,music,354,24,0.0,0.0,96483888.0,31591118.0,619180864.0,1337396.375,763654.625,0.0,2643581.5,24870166.0,183041376.0,37955772.0,25402150.0,5470994.5,69760672.0,18063348.0,1
1789706263.9473698,music,354,11,0.0,0.0,71309280.0,17631020.0,253305520.0,0.0,0.0,7185418.5,3976241.25,0.0,70227488.0,13964184.0,0.0,4781498.0,0.0,4895304.0,1
1789706263.993241,music,356,24,73251240.0,43499872.0,21581568.0,429764416.0,9805392.0,703052.375,2938264.5,22604200.0,40407148.0,16282484.0,160046240.0,70235984.0,17452486.0,134145616.0,810654784.0,8500306.0,1
1789706264.0574894,music,354,19,0.0,9539130.0,0.0,0.0,0.0,0.0,19904452.0,78127432.0,6364193.0,65063176.0,88503488.0,55456536.0,21375332.0,32929252.0,0.0,17147198.0,1
1789706264.1226122,music,354,22,0.0,0.0,104443400.0,0.0,264402816.0,51366100.0,15364054.0,20927546.0,7015668.0,23905466.0,43063200.0,165393024.0,11864799.0,32884980.0,194042992.0,0.0,1
1789706264.1723642,music,346,23,4503616.5,0.0,71263376.0,0.0,504692352.0,0.0,1584589.5,26661278.0,0.0,14310115.0,43145448.0,160434816.0,7197027.0,44874060.0,174853680.0,2572501.0,1
1789706264.2374961,music,355,17,0.0,8636162.0,54448512.0,235861728.0,0.0,5048817.0,9018607.0,11287080.0,2995703.5,7321372.0,4437101.5,0.0,0.0,0.0,29164328.0,4201628.0,1
1789706264.303268,music,8,12,0.0,13808019.0,78122448.0,1524973696.0,0.0,0.0,5783882.0,109960296.0,0.0,0.0,0.0,5107959.0,0.0,2996134.25,0.0,0.0,1
1789706264.3675592,music,332,13,0.0,0.0,0.0,0.0,0.0,0.0,284797504.0,211619728.0,13692130.0,33050040.0,52140708.0,43787428.0,0.0,22552016.0,0.0,0.0,1
1789706264.4328089,music,356,28,0.0,12570496.0,87159560.0,511056864.0,220364128.0,7841709.0,120414752.0,198065760.0,61687464.0,49585096.0,167807344.0,104956320.0,9853783.0,15975704.0,35059944.0,5993647.5,1
1789706264.4972746,music,357,25,0.0,0.0,17382348.0,0.0,84176960.0,709201920.0,63249760.0,31172568.0,75697912.0,194133824.0,676508288.0,1329393920.0,62560216.0,117595952.0,0.0,37424416.0,1
1789706264.5617018,music,346,34,54554296.0,17274656.0,89482416.0,132602632.0,91154032.0,341229184.0,61189784.0,0.0,25632180.0,251624352.0,518837120.0,1613151360.0,46436544.0,33531826.0,67033728.0,13665570.0,1
1789706264.625711,music,344,25,10721397.0,0.0,16589289.0,14325255.0,25478480.0,176965584.0,42878588.0,17614862.0,69092352.0,266244944.0,626188672.0,1018352128.0,72240976.0,30930400.0,18712524.0,3717150.5,1
1789706264.689779,music,342,24,0.0,26202504.0,0.0,15847089.0,239862320.0,268143520.0,0.0,0.0,10877037.0,178068048.0,328843808.0,1097404032.0,64164692.0,47197028.0,41804216.0,15540250.0,1
1789706264.752887,music,341,26,0.0,31364956.0,0.0,19283412.0,84965616.0,220320576.0,9219780.0,9225270.0,12941022.0,123489192.0,234540624.0,743378112.0,58755220.0,43972564.0,14007232.0,9361994.0,1
1789706264.8165376,music,341,25,41159904.0,0.0,0.0,0.0,0.0,339302848.0,181357360.0,46648280.0,29049384.0,168198816.0,229714256.0,531071616.0,31353604.0,18779866.0,2764420.75,0.0,1
1789706264.8619819,music,343,18,0.0,0.0,878535.75,0.0,206179104.0,1230444160.0,1240004.125,0.0,123116.8515625,1141569.875,597218880.0,333984768.0,1653483.875,4049125.25,0.0,0.0,1
1789706265.4372413,music,354,25,7305852.0,51655664.0,13378862.0,0.0,12810784.0,20412028.0,0.0,191676128.0,9373367296.0,528143680.0,14687361.0,3423264.0,2049441.75,1440230.625,6090264.0,8653997.0,1
1789706265.4966145,music,352,24,0.0,203737792.0,110494688.0,0.0,6601844.5,41795748.0,0.0,32629462.0,2579797504.0,102833440.0,7556738.0,4034893.0,678201.625,4821320.0,3386386.25,9800754.0,1
1789706265.5615938,music,353,23,0.0,246310080.0,87814512.0,8134852.0,12856390.0,23438608.0,4025432.0,7131774.5,813139328.0,0.0,21119842.0,6501586.5,7652418.0,1126667.5,1156772.125,0.0,1
1789706265.626094,music,354,17,0.0,207585824.0,91163104.0,6706510.0,0.0,102474016.0,1787643.375,0.0,270548512.0,0.0,12275529.0,5047807.0,10326305.0,3338928.0,362465.40625,0.0,1
1789706265.689766,music,345,17,0.0,0.0,0.0,0.0,0.0,0.0,2612282.25,7713992.0,539738496.0,18266222.0,16351732.0,5877349.0,8157611.0,14645363.0,4367998.0,0.0,1
1789706265.7536497,music,352,21,0.0,0.0,0.0,6276394.5,26324772.0,184399408.0,1565715.0,2478657.5,696861568.0,34221292.0,14447365.0,9332298.0,6934697.5,13754125.0,1027246.25,0.0,1
1789706265.8181233,music,352,27,1133577.0,784849.125,0.0,0.0,8508214.0,31911546.0,1702902.0,1653151.125,237640288.0,28818884.0,22305784.0,3972283.0,9125252.0,11115598.0,3506643.0,8448226.0,1
1789706265.8675065,music,345,18,0.0,0.0,6345140.0,0.0,5742995.5,0.0,2638745.75,0.0,0.0,13113150.0,32769168.0,19375122.0,10250202.0,4445713.0,5221000.5,28380456.0,1
1789706265.9312494,music,342,21,1923030.125,0.0,10537958.0,14103923.0,10706178.0,24834430.0,725734848.0,160081456.0,324449344.0,218112800.0,21756308.0,10353676.0,0.0,5228672.0,0.0,0.0,1
1789706265.9962075,music,344,18,0.0,0.0,0.0,1617503.5,3257238.5,2763765.25,0.0,0.0,137253680.0,4747369.0,19279462.0,4460619.0,1589113.5,13716517.0,4165379.25,2115578.25,1
1789706265.9973085,music,308,8,0.0,0.0,0.0,0.0,1041050.0625,0.0,676453376.0,462769632.0,0.0,3253650.5,0.0,2178684.5,0.0,0.0,0.0,0.0,1
1789706266.0597606,music,307,5,0.0,0.0,0.0,0.0,0.0,0.0,395906944.0,347143712.0,0.0,2701080.75,0.0,0.0,0.0,0.0,0.0,0.0,1
1789706266.1232934,music,306,7,0.0,0.0,0.0,0.0,8827555.0,0.0,275268224.0,181019840.0,0.0,285229.5625,0.0,0.0,0.0,0.0,102190.78125,0.0,1
1789706266.1239777,music,350,18,1360791.75,89293392.0,0.0,171518.234375,5139360.0,0.0,2519331.0,0.0,16965754.0,0.0,5396222.5,3838844.5,1926415.625,12322699.0,0.0,5725578.0,1
1789706266.188351,music,311,6,1537240.0,0.0,0.0,0.0,0.0,0.0,246409120.0,171462752.0,0.0,0.0,0.0,0.0,0.0,0.0,0.0,0.0,1
1789706266.1891804,music,350,20,0.0,80358256.0,17414744.0,0.0,4709881.0,27619808.0,0.0,0.0,2346653.5,2165494.5,4721629.0,1994389.125,736840.25,6539225.0,1951386.0,1211891.0,1
1789706266.2399945,music,351,23,3931018.75,10569505.0,13194784.0,2436454.5,4511490.0,61044960.0,3507796.75,0.0,26431240.0,8179200.5,4191410.5,7346454.0,5442947.5,14237514.0,8786917.0,12259898.0,1
1789706266.2408326,music,311,3,0.0,0.0,2629027.5,0.0,0.0,0.0,104727872.0,75826968.0,0.0,0.0,0.0,0.0,0.0,0.0,0.0,0.0,1
1789706266.3036027,music,351,19,636109.0,0.0,0.0,765452.875,4010129.75,22467168.0,0.0,0.0,27596728.0,0.0,23125322.0,16812844.0,4486138.5,846926.125,4953462.0,3214621.5,1
1789706266.3674984,music,351,17,0.0,0.0,1018322.5625,175219.28125,0.0,0.0,4025242.0,0.0,15583126.0,10881277.0,25335194.0,1047781.9375,1736709.25,3312480.5,0.0,2413673.75,1
1789706266.4133804,music,352,23,10804059.0,1869284.125,1675874.75,0.0,7215022.0,0.0,34338500.0,12748317.0,11594860.0,1139399.875,3101789.75,8707969.0,4418522.5,7942197.5,13586114.0,0.0,1
1789706266.4776409,music,345,16,0.0,0.0,0.0,8558165.0,6817012.5,302913600.0,344544192.0,0.0,25376240.0,0.0,3559911.25,514549.0,2157523.25,15567904.0,0.0,183345824.0,1
1789706266.542815,music,348,20,0.0,0.0,0.0,0.0,0.0,248087008.0,200700112.0,793427.5625,16113808.0,11873586.0,87248256.0,33546202.0,10067577.0,3941687.5,0.0,476019520.0,1
1789706266.6066024,music,345,20,0.0,0.0,197240096.0,0.0,8059645.0,226464992.0,302699616.0,0.0,0.0,611400.5625,125051472.0,88144416.0,0.0,690519.75,12807916.0,84650656.0,1
1789706266.7727935,music,357,19,17965354.0,0.0,0.0,6740534.5,1445079.25,124798704.0,163971264.0,0.0,0.0,25311976.0,120672704.0,7092977.0,378020.0,1064688.0,1222637.375,9959299.0,1
1789706266.898051,music,357,17,0.0,0.0,65575808.0,6783379.0,471370.21875,57162504.0,103621552.0,2342245.75,0.0,66519252.0,143898768.0,0.0,11056407.0,0.0,0.0,23559756.0,1
1789706266.9441779,music,358,18,78280000.0,0.0,641987008.0,0.0,97848976.0,0.0,0.0,0.0,0.0,62365536.0,482204352.0,9101898.0,60277720.0,4557045.0,0.0,0.0,1
1789706267.0105245,music,355,20,31690468.0,0.0,0.0,220983.796875,7254785.0,83070952.0,162350464.0,11782516.0,110253232.0,0.0,374682688.0,857804.4375,29659888.0,6468497.0,3287792.25,10843226.0,1
1789706267.182973,music,354,20,55899968.0,2239069.5,1148778368.0,4474389.0,0.0,10355263.0,0.0,338379.625,0.0,2227596.5,35776968.0,14740392.0,2576526.5,6753708.5,8082954.0,19021696.0,1
1789706267.2477915,music,354,17,21697572.0,49038192.0,24908506.0,0.0,62205744.0,3949542.75,22306310.0,2887417.5,0.0,3594541.5,134650176.0,695160.5625,30803594.0,5817345.0,0.0,7871326.5,1
1789706267.2930954,music,354,21,22244138.0,7491524.0,0.0,504597.9375,88472224.0,9184172.0,0.0,2188617.75,21331538.0,8996099.0,190976352.0,4364348.5,20975000.0,0.0,174441024.0,10933535.0,1
1789706267.3397715,music,355,14,5847368.0,0.0,0.0,1862654.75,25757834.0,0.0,0.0,3730415.25,0.0,3337637.5,54682696.0,3459972.75,9948728.0,0.0,0.0,21195052.0,1
1789706267.4165254,music,351,18,0.0,34495560.0,261222240.0,4602520.5,7033335.0,4802219.0,1073849.0,3102838.5,0.0,0.0,0.0,9619335.0,7298264.0,3181190.75,0.0,18145056.0,1
1789706267.4817128,music,351,12,0.0,0.0,0.0,0.0,16536233.0,0.0,18071358.0,0.0,0.0,1040341.125,0.0,2451552.5,66860320.0,28857664.0,8480475.0,18297748.0,1
1789706267.5281599,music,349,10,6186608.0,0.0,0.0,0.0,0.0,14873460.0,6867215.5,0.0,17170002.0,5203302.0,0.0,0.0,22970112.0,0.0,0.0,9599846.0,1
1789706267.690321,music,346,18,40137756.0,73576656.0,45596132.0,0.0,0.0,0.0,0.0,9807108.0,5358528512.0,253502480.0,4129165.0,1725829.25,2538083.0,17185212.0,8276280.5,12142436.0,1
1789706267.7528377,music,348,8,1548593.0,0.0,0.0,0.0,0.0,0.0,0.0,0.0,4161893888.0,201207088.0,0.0,6183058.5,224118.484375,2004398.5,0.0,0.0,1
1789706267.8138185,music,356,15,0.0,0.0,42692676.0,3376683.75,0.0,0.0,0.0,12480418.0,3957198336.0,5237171.0,1319156.0,214050496.0,0.0,1361891.625,0.0,0.0,1
1789706267.8773067,music,344,18,2604961.25,0.0,0.0,0.0,10218641.0,83612224.0,1406033.5,9809894.0,1211975552.0,44510176.0,1691010.0,0.0,9041501.0,6100126.0,0.0,4795185.5,1
1789706268.1672215,music,0,24,6168527.0,13866317.0,317756768.0,11922757.0,13294588.0,47443416.0,8749891.0,0.0,0.0,16905408.0,122945624.0,729136384.0,33875424.0,14223802.0,0.0,5385745.0,1
1789706268.4209218,music,357,22,0.0,10658550.0,49270592.0,32251624.0,0.0,0.0,42259784.0,14280389.0,0.0,9781619.0,314057856.0,971065344.0,53342404.0,177837072.0,152834896.0,13371452.0,1
1789706268.48161,music,356,23,42455992.0,0.0,37685932.0,100020880.0,43432856.0,0.0,5275969.0,0.0,0.0,14239537.0,523643584.0,471414496.0,83412656.0,45995456.0,99074152.0,223864384.0,1
1789706270.4193041,music,349,23,32247584.0,3474831.0,0.0,4679070.5,11065154.0,20343740.0,8546973.0,27793852.0,168868992.0,203351696.0,8201242.0,1405128.25,10441368.0,1266164.75,1872939.125,213777.8125,1
1789706271.4044323,music,5,23,0.0,0.0,91603312.0,13101334.0,181661344.0,1583419.0,10193783.0,0.0,1026173.5,1275741.5,55006984.0,13369926.0,0.0,2934434.0,9241569.0,10314030.0,1
1789706271.465002,music,19,14,5143577.0,0.0,73953688.0,164125584.0,0.0,0.0,0.0,508629.03125,473253.5625,0.0,39848932.0,19311042.0,0.0,3609580.5,0.0,612381.125,1
1789706271.5289984,music,3,9,5864901.0,5620104.5,0.0,0.0,0.0,141743.609375,0.0,0.0,236713.28125,409352.1875,0.0,3391526.25,0.0,0.0,0.0,957332.125,1
1789706275.9408028,music,347,11,0.0,0.0,14830516.0,0.0,2018202.125,0.0,0.0,16703557.0,1413430656.0,30865530.0,0.0,0.0,0.0,83408.3359375,0.0,0.0,1
1789706279.243123,music,30,5,0.0,0.0,49179360.0,535586.0,0.0,0.0,0.0,0.0,0.0,0.0,0.0,164206.703125,0.0,0.0,0.0,0.0,1
1789706279.244031,music,298,3,0.0,0.0,0.0,0.0,0.0,0.0,8832996.0,6167860.0,0.0,0.0,0.0,0.0,0.0,0.0,0.0,0.0,1
1789706279.311882,music,298,4,920979.625,4291921.5,0.0,0.0,0.0,0.0,0.0,0.0,0.0,0.0,0.0,0.0,0.0,336493.53125,0.0,0.0,1
1789706279.3580546,music,355,18,639219.5625,0.0,0.0,5937700.0,0.0,360935.96875,484993.71875,1729175.25,0.0,0.0,0.0,196648.015625,13789426.0,1094420.75,1066766.25,236172.125,1
1789706279.4226012,music,8,14,0.0,0.0,17819976.0,0.0,0.0,0.0,867973.25,0.0,1503710.125,1085539.5,30744848.0,15549862.0,0.0,6303275.0,588838.75,3309089.0,1
1789706279.559675,music,42,8,0.0,0.0,2298848.75,0.0,0.0,0.0,27123144.0,0.0,12603378.0,2249507.5,0.0,536735.0625,0.0,0.0,0.0,0.0,1
1789706279.5605762,music,355,9,6792461.0,0.0,3173857.5,0.0,0.0,4465492.5,180599.6875,0.0,0.0,0.0,0.0,0.0,6323625.0,1933775.5,0.0,0.0,1
1789706279.875247,music,359,9,0.0,0.0,42480728.0,1157013.0,42291544.0,0.0,0.0,0.0,0.0,0.0,0.0,398465.625,0.0,334542.9375,0.0,470495.375,1
1789706281.431457,music,4,15,0.0,5706067.0,3456589.25,0.0,27787884.0,0.0,0.0,0.0,0.0,8471716.0,73296608.0,30642932.0,45183896.0,0.0,112811008.0,291255040.0,1
1789706281.8099322,music,353,11,0.0,0.0,446806.125,0.0,0.0,0.0,432438.40625,0.0,0.0,0.0,0.0,2523946.75,39915804.0,40608104.0,24588694.0,31780824.0,1
1789706281.870908,music,359,15,0.0,0.0,0.0,187957.796875,11672831.0,79813888.0,0.0,74821.921875,84297.40625,0.0,0.0,63666296.0,10567978.0,51033188.0,0.0,200054784.0,1
1789706281.9689221,music,359,15,0.0,1665984.625,4622873.0,0.0,0.0,9402636.0,946371.125,0.0,0.0,11238512.0,237899.578125,10249526.0,0.0,10874102.0,15941720.0,42740224.0,1
1789706282.0142446,music,355,13,0.0,3197897.75,1216603.375,688798.25,0.0,0.0,0.0,435373.84375,0.0,0.0,2311358.0,9802005.0,11461222.0,15106820.0,0.0,142279200.0,1
1789706282.0789683,music,359,10,0.0,0.0,0.0,0.0,23492746.0,29576988.0,1076042.0,0.0,0.0,0.0,0.0,35390120.0,16323237.0,40583528.0,0.0,9220452.0,1
1789706282.1435127,music,355,11,0.0,0.0,0.0,0.0,845686.375,1462661.625,0.0,0.0,0.0,0.0,0.0,46231552.0,29393722.0,57409312.0,14102869.0,9508072.0,1
1789706282.207989,music,1,12,0.0,0.0,0.0,0.0,6981021.0,9258044.0,0.0,1092290.125,0.0,0.0,28950048.0,11336640.0,0.0,20763686.0,6439422.5,43906300.0,1
1789706282.9213505,music,0,19,0.0,0.0,91847744.0,40921580.0,41273160.0,0.0,9645066.0,615338.9375,43468460.0,3655875.0,3369178.25,2295895.5,31962666.0,7551695.0,0.0,36801000.0,1
1789706283.42869,music,6,12,0.0,0.0,70062640.0,13825208.0,0.0,0.0,0.0,0.0,0.0,0.0,29192172.0,43371164.0,105562088.0,0.0,138433536.0,566158848.0,1
1789706283.524167,music,6,10,445344.4375,0.0,38000060.0,0.0,0.0,0.0,198165.96875,0.0,0.0,0.0,308612.59375,56295600.0,21564628.0,575845.125,0.0,0.0,1
1789706283.5707083,music,14,7,0.0,0.0,3854040.75,0.0,0.0,0.0,851237.0625,281704.0625,0.0,1904846.75,0.0,33031320.0,0.0,1596780.875,0.0,0.0,1
1789706285.4288287,music,358,17,15123786.0,2360211.25,355123.5625,0.0,1269482.0,1373991.0,0.0,0.0,0.0,0.0,22244308.0,9164898.0,10572143.0,33037012.0,42246240.0,146539424.0,1
1789706285.4297965,music,311,3,0.0,0.0,0.0,0.0,0.0,0.0,0.0,0.0,28670764.0,432420448.0,0.0,0.0,0.0,0.0,0.0,0.0,1
1789706285.999171,music,22,7,2091082.0,822665.125,1997993.75,138178800.0,0.0,0.0,190347.0,0.0,0.0,3407491.5,0.0,0.0,0.0,0.0,0.0,0.0,1
1789706286.5373666,music,13,18,1739764.375,4464741.0,9800581.0,267810176.0,16834632.0,22166258.0,38253148.0,0.0,0.0,1943427.5,0.0,8867099.0,591595520.0,18907022.0,0.0,1180847.125,1
1789706287.4252095,music,346,13,12655512.0,0.0,33363224.0,0.0,0.0,0.0,10483689.0,0.0,0.0,91533752.0,0.0,6409490.0,0.0,33367302.0,62347448.0,114819848.0,1
1789706289.4251237,music,2,13,0.0,883796.25,123028.703125,0.0,58032688.0,126154368.0,22559872.0,4172424.25,0.0,0.0,0.0,10691114.0,41346864.0,13579570.0,7539318.0,36577932.0,1
1789706289.93372,music,350,15,0.0,59911616.0,16305980.0,0.0,1400834.25,39310444.0,16564880.0,6324877.0,0.0,0.0,0.0,254489.71875,0.0,11215894.0,37057164.0,208159.515625,1
1789706289.9343867,music,27,6,966930.625,0.0,0.0,0.0,0.0,0.0,0.0,0.0,180712.390625,0.0,28115388.0,14557109.0,0.0,99544.0546875,0.0,0.0,1
1789706289.99295,music,354,18,0.0,14666260.0,15444325.0,0.0,0.0,2983662.75,2183178.0,210489.375,274096.1875,0.0,898996.3125,111005.8515625,229697.078125,1678522.0,5696634.0,0.0,1
1789706290.0579205,music,358,21,0.0,0.0,0.0,0.0,0.0,23031188.0,30065478.0,10397771.0,293104.9375,3605977.25,24553176.0,16025637.0,637567.0,2938285.0,1349958.0,1471394.75,1
1789706290.2825856,music,15,10,0.0,583569.5,0.0,0.0,8013353.0,61839656.0,16569132.0,7582330.0,0.0,0.0,0.0,522535.8125,3977444.75,0.0,0.0,0.0,1
1789706290.9150798,music,350,13,0.0,0.0,24528676.0,0.0,0.0,0.0,421003.375,0.0,0.0,0.0,0.0,29812030.0,125543920.0,2422049.25,460123.5,1795020.5,1
1789706290.9800699,music,351,14,23135414.0,9942535.0,21191960.0,0.0,0.0,3364807.5,0.0,0.0,52859080.0,869459.25,0.0,1117485.5,0.0,649235.9375,0.0,1200536.375,1
1789706291.044001,music,359,14,1231939.625,0.0,42250604.0,0.0,2011049.875,1904396.0,211239.453125,1194411.25,0.0,0.0,0.0,22806248.0,0.0,990248.4375,552315.75,0.0,1
1789706291.108913,music,3,16,13451355.0,0.0,38908148.0,0.0,0.0,0.0,82501.03125,0.0,0.0,0.0,0.0,11090078.0,47261608.0,3803327.75,829669.875,0.0,1
1789706291.1726103,music,355,19,12694592.0,9101376.0,34624628.0,0.0,0.0,0.0,2324850.5,3427963.0,36961824.0,460549.96875,438509.5,0.0,7694682.5,0.0,1822674.5,0.0,1
1789706291.423538,music,333,6,0.0,0.0,0.0,0.0,704372.6875,0.0,0.0,0.0,0.0,89370968.0,0.0,0.0,0.0,32737604.0,9994603.0,0.0,1
1789706293.4217806,music,354,17,0.0,0.0,7126525.0,0.0,40018992.0,0.0,98432080.0,71638592.0,0.0,0.0,0.0,8694468.0,26330310.0,22731982.0,41820536.0,20410184.0,1
1789706294.4662952,music,6,16,15819332.0,0.0,0.0,0.0,0.0,1521237.625,352197.3125,1284108.0,33238154.0,1538255.5,35537648.0,52308912.0,1094211072.0,1047434.5625,4151276.0,0.0,1
1789706294.5292244,music,2,13,0.0,0.0,0.0,0.0,0.0,1029781.9375,202614.0,0.0,0.0,5513817.0,0.0,23183020.0,1124531072.0,1035332.4375,5116086.0,1304827.625,1
1789706294.5891998,music,2,15,0.0,0.0,0.0,17661942.0,0.0,0.0,307293.03125,867279.875,13517988.0,267654.625,737491.75,30791960.0,1019915136.0,22207352.0,3905222.0,2112124.75,1
1789706294.6373708,music,2,14,0.0,0.0,0.0,0.0,0.0,0.0,0.0,0.0,0.0,13521867.0,0.0,18582900.0,792915776.0,112140744.0,15058875.0,5222409.0,1
1789706294.682097,music,2,21,10313757.0,437331.09375,977515.9375,0.0,0.0,9101692.0,0.0,0.0,0.0,5305059.0,68577056.0,33207926.0,677218304.0,19582476.0,0.0,3570159.25,1
1789706294.7309413,music,2,12,0.0,0.0,361303.1875,0.0,0.0,517747.8125,535658.6875,0.0,0.0,4973453.5,0.0,9682561.0,165052640.0,1400975.5,0.0,0.0,1
1789706294.7775028,music,2,18,0.0,0.0,0.0,0.0,0.0,7398714.0,5356150.0,0.0,22842698.0,16350830.0,0.0,0.0,89861352.0,4398899.5,8543170.0,9472815.0,1
1789706294.9109807,music,6,17,0.0,3404643.75,6332779.0,2444105.75,199887168.0,1493244.375,975496.1875,0.0,0.0,4057652.5,14122521.0,55709572.0,437707040.0,2017178.875,0.0,0.0,1
1789706295.0057354,music,359,19,0.0,0.0,0.0,282893.78125,0.0,5612257.5,3639918.5,724480.0625,53670676.0,27734402.0,0.0,72502656.0,1726785664.0,21847808.0,592709.6875,6685307.0,1
1789706295.1650848,music,2,23,0.0,0.0,156045360.0,22217620.0,78782648.0,15192126.0,2396676.5,0.0,0.0,12460646.0,30855036.0,120483144.0,591017536.0,84471632.0,6165471.0,20142708.0,1
1789706295.2290885,music,2,15,1717255.25,0.0,30806062.0,4106175.75,0.0,5535595.0,2986913.0,0.0,6515986.0,25664826.0,0.0,12329126.0,224329984.0,0.0,906100.5625,4647413.0,1
1789706295.2738621,music,352,14,0.0,0.0,13966722.0,0.0,0.0,7536155.0,5817286.5,0.0,5067088.5,0.0,0.0,28323952.0,862188544.0,18151630.0,486408.03125,17767300.0,1
1789706295.3386695,music,8,17,0.0,0.0,6301821.5,14342648.0,0.0,6671010.5,1231605.375,0.0,10353566.0,3144429.25,12140946.0,14599750.0,482144640.0,36830456.0,1185845.75,0.0,1
1789706295.4023721,music,356,18,0.0,0.0,60352372.0,0.0,0.0,0.0,0.0,5021160.5,50458572.0,184938960.0,0.0,39159464.0,765848960.0,91428880.0,28898394.0,34282880.0,1
1789706295.4670525,music,356,8,0.0,0.0,0.0,0.0,10658866.0,0.0,0.0,0.0,0.0,0.0,0.0,45363792.0,515727584.0,40651940.0,9472191.0,18517672.0,1
1789706295.512788,music,0,14,7203347.0,4388735.0,15666434.0,0.0,0.0,387568.5625,0.0,0.0,0.0,26003130.0,5435480.0,24264720.0,601354368.0,9574934.0,0.0,13237880.0,1
1789706295.5771189,music,0,11,3608838.0,2894870.25,0.0,0.0,0.0,1918819.875,2669471.5,0.0,1827101.75,6487135.0,0.0,0.0,0.0,4608269.5,0.0,3037995.5,1
1789706295.6728761,music,21,14,0.0,0.0,30055492.0,832973.25,64997400.0,0.0,0.0,0.0,0.0,8815212.0,7395463.0,1152327.75,62869040.0,6774155.0,0.0,1814683392.0,1
1789706295.7388134,music,41,4,0.0,0.0,0.0,0.0,0.0,0.0,0.0,0.0,0.0,65280.28125,1773273.5,0.0,0.0,0.0,0.0,1292733184.0,1
1789706295.7397704,music,346,16,0.0,0.0,10330393.0,1041596.625,0.0,245021712.0,277828352.0,0.0,2409602.5,11339960.0,0.0,1122435.25,22597568.0,2873182.25,0.0,0.0,1
1789706295.8047135,music,35,3,0.0,0.0,0.0,0.0,0.0,0.0,0.0,0.0,0.0,0.0,0.0,1864946.25,0.0,0.0,0.0,1460748544.0,1
1789706295.8053365,music,358,20,0.0,0.0,5670033.0,968317.5,0.0,356873664.0,354464896.0,57073.23046875,2323890.0,36776380.0,0.0,2035836.0,53512656.0,3124036.0,481587.875,0.0,1
1789706295.870961,music,348,10,0.0,0.0,0.0,0.0,0.0,584074432.0,624232448.0,138359.015625,821347.4375,0.0,0.0,6318784.0,57668148.0,832904.1875,0.0,0.0,1
1789706295.8717172,music,24,9,0.0,0.0,0.0,774596.625,0.0,0.0,0.0,0.0,1119203.0,0.0,10563605.0,2823727.25,0.0,42749.38671875,0.0,1081615616.0,1
1789706295.9358225,music,348,13,1035882.375,0.0,0.0,0.0,0.0,529026464.0,542584896.0,220408.40625,1903049.0,0.0,0.0,3734440.25,81108432.0,1992182.75,0.0,0.0,1
1789706295.9364762,music,24,12,0.0,0.0,48923376.0,2216091.75,4901028.0,0.0,0.0,0.0,0.0,31144654.0,2083553.125,0.0,0.0,301632.25,0.0,673175552.0,1
1789706295.9831219,music,26,10,769316.1875,0.0,51213064.0,0.0,0.0,0.0,0.0,82271.8828125,3331000.5,835420.5,0.0,0.0,0.0,5266536.5,0.0,579197248.0,1
1789706295.9839442,music,348,15,0.0,530848.875,0.0,2277960.0,0.0,388983520.0,263179.1875,0.0,0.0,38558652.0,4809950.5,4408460.0,77592096.0,275703.875,208508.375,0.0,1
1789706296.6571314,music,12,18,0.0,6179274.0,10843101.0,0.0,0.0,0.0,296585.71875,8280793.0,0.0,48054788.0,58576784.0,15504360.0,15815339.0,1020647.5625,1072715.625,99034744.0,1
1789706296.7174153,music,6,13,0.0,5951430.5,0.0,0.0,0.0,14124646.0,8553754.0,0.0,0.0,0.0,0.0,25563772.0,154245040.0,44113532.0,3092634.0,94998112.0,1
1789706297.4172091,music,27,16,362743.0625,0.0,17414982.0,0.0,0.0,0.0,7737117.0,17528026.0,14380465.0,0.0,206000944.0,561238272.0,128939584.0,0.0,0.0,90962384.0,1
1789706297.9236262,music,349,13,0.0,1292584.5,0.0,0.0,2113022.0,28216748.0,1850042.0,0.0,19577378.0,11666220.0,0.0,0.0,1460140.0,2580479.5,0.0,4918377.0,1
1789706297.982252,music,349,13,73074.8515625,0.0,0.0,0.0,0.0,0.0,1765852.25,4147102.0,172359984.0,54755116.0,0.0,0.0,0.0,0.0,12673936.0,6720677.0,1
1789706298.1151438,music,18,14,0.0,813123.75,6675631.5,0.0,8337634.5,0.0,25248564.0,40735780.0,0.0,0.0,40078700.0,8267653.5,0.0,269050.65625,4082669.25,25816540.0,1
1789706298.9045537,music,338,12,3434868.5,0.0,2954787.0,109051.4296875,0.0,0.0,0.0,3418135.5,218582288.0,23216022.0,7799816.5,0.0,4690906.0,1801437.0,0.0,0.0,1
1789706299.414205,music,354,18,0.0,16099674.0,113566456.0,905085.0,0.0,346577.40625,0.0,24109896.0,0.0,19505884.0,14739154.0,7727490.5,60643032.0,10798457.0,0.0,0.0,1
1789706299.6985488,music,354,13,580820.875,0.0,0.0,0.0,0.0,2107265.0,0.0,3099108.5,0.0,204018.609375,218603.625,1861590.125,44238784.0,3955639.0,10633846.0,0.0,1
1789706299.7437937,music,353,13,2026361.25,0.0,868478.375,0.0,0.0,715984.0,1405869.875,0.0,0.0,462938.125,1770128.0,784750.0,0.0,121996.1171875,1419412.0,0.0,1
1789706300.2388237,music,5,10,5865958.0,0.0,19467050.0,0.0,0.0,0.0,0.0,0.0,0.0,1403159.0,0.0,18228182.0,574460.0,146952.03125,3383544.25,0.0,1
1789706300.239842,music,327,6,0.0,0.0,0.0,0.0,0.0,0.0,188862.421875,0.0,92966280.0,5518003.5,0.0,0.0,0.0,814856.0,0.0,0.0,1
1789706300.396355,music,350,11,0.0,0.0,7481397.5,0.0,0.0,0.0,0.0,637453.5625,0.0,709947.75,0.0,0.0,194370.90625,268924.46875,4485877.0,599639.375,1
1789706300.4554775,music,348,10,0.0,0.0,12628349.0,0.0,142871.171875,250548.9375,0.0,1201034.5,0.0,872115.4375,0.0,0.0,677963.25,50782.13671875,0.0,0.0,1
1789706300.5306196,music,356,19,0.0,0.0,2733795.5,0.0,0.0,1189327.25,15940753.0,12540882.0,0.0,0.0,541156672.0,251839344.0,1080391.375,149238.734375,1293601.375,0.0,1
1789706300.5944834,music,356,5,0.0,0.0,0.0,5651138.0,221852.484375,0.0,5863345.0,0.0,0.0,0.0,43726212.0,0.0,0.0,0.0,0.0,201274.21875,1
1789706300.6403024,music,355,13,0.0,899498.25,7374719.5,0.0,4896754.0,0.0,0.0,396164.0625,0.0,649700.5,0.0,788824.625,0.0,794990.9375,1093604.75,275514.25,1
1789706300.7053287,music,10,11,38961152.0,0.0,0.0,0.0,0.0,481636.28125,1242823.0,0.0,0.0,0.0,335656800.0,208424944.0,144351.0,159369.640625,0.0,0.0,1
1789706300.7704144,music,10,12,24577498.0,3876918.75,1411227.25,0.0,184841.765625,384832.125,167056.84375,0.0,0.0,1194456.5,46631560.0,33163964.0,0.0,0.0,0.0,0.0,1
1789706301.188763,music,346,15,11922276.0,1414242.25,0.0,0.0,0.0,2217862.75,558454.0,394707.25,601477.875,0.0,0.0,0.0,21822.2265625,642977.125,152837.28125,371144.875,1
1789706301.4117362,music,8,23,20566620.0,6307903.0,954597.4375,0.0,0.0,0.0,3342831.5,4589549.0,15218814.0,21529588.0,269672352.0,220499984.0,9219566.0,3256268.0,1496235.25,1761627.875,1
1789706301.4720778,music,6,14,10264108.0,1311396.0,0.0,0.0,0.0,0.0,514215.0,0.0,47001904.0,0.0,99055096.0,128740256.0,94316832.0,6249648.0,396032.65625,10753957.0,1
1789706301.8548968,music,328,6,0.0,0.0,0.0,0.0,37380.1953125,0.0,0.0,0.0,136223488.0,16710242.0,0.0,0.0,0.0,0.0,0.0,15071.7900390625,1
1789706301.92688,music,10,16,14283500.0,2355072.0,27216708.0,227905120.0,43399084.0,0.0,0.0,0.0,0.0,0.0,8847076.0,3370560.5,8828658.0,2753508.75,0.0,1549284.875,1
1789706302.425862,music,1,14,64889184.0,1784398.0,0.0,0.0,15204208.0,0.0,2921251.75,1736721.0,0.0,2043990.75,0.0,16343739.0,588168832.0,0.0,10354929.0,10551917.0,1
1789706302.5526764,music,0,14,4142714.5,0.0,0.0,0.0,0.0,12414572.0,0.0,1511385.75,37216008.0,2254846.25,0.0,38292400.0,1262463616.0,19468074.0,0.0,0.0,1
1789706302.6123502,music,0,7,0.0,0.0,0.0,0.0,0.0,0.0,0.0,0.0,0.0,431058.90625,0.0,29586476.0,1095613440.0,21292578.0,1336660.625,1686384.875,1
1789706302.6609187,music,0,17,10753674.0,0.0,6218493.0,0.0,16269605.0,0.0,5273644.0,3799147.0,37171032.0,9668606.0,0.0,53172636.0,1553183616.0,44954780.0,0.0,0.0,1
1789706302.7419012,music,357,11,0.0,0.0,0.0,0.0,0.0,0.0,0.0,2747858.0,0.0,1998043.875,4381932.5,25697674.0,1170766080.0,32166512.0,0.0,0.0,1
1789706302.801537,music,359,18,0.0,0.0,0.0,0.0,0.0,475411.3125,845364.625,0.0,3775736.0,99666.515625,21589968.0,41704560.0,1417756160.0,58266468.0,6527281.0,5895845.0,1
1789706303.1228092,music,350,20,0.0,0.0,180425536.0,0.0,3029643.0,1395732.375,577739.125,0.0,3324295.5,285066.6875,1078397.125,11857612.0,409316992.0,21370376.0,8005673.0,1415073.125,1
1789706303.1941595,music,353,15,0.0,0.0,130826816.0,0.0,265878656.0,1587380.875,3337514.25,0.0,0.0,0.0,0.0,52037744.0,1104284288.0,47227100.0,0.0,614805.25,1
1789706303.2808654,music,354,15,3536221.0,1820938.5,1242123.125,0.0,0.0,0.0,0.0,0.0,0.0,0.0,0.0,35328960.0,1018968576.0,34894012.0,2069910.25,315082.09375,1
1789706303.3448076,music,353,14,0.0,0.0,27478884.0,103773912.0,0.0,1682254.5,68908936.0,0.0,0.0,0.0,0.0,28662764.0,622945280.0,24808128.0,2286216.25,1042437.3125,1
1789706303.409372,music,355,20,0.0,0.0,117830080.0,0.0,211702704.0,101100.921875,3009382.0,30906128.0,3371090.75,0.0,30523008.0,2461617.5,366683904.0,43300596.0,6135019.5,530542.4375,1
1789706303.6627388,music,353,15,0.0,494043.0,36607368.0,0.0,0.0,246154.6875,0.0,0.0,1042271.8125,0.0,0.0,2948327.0,53107264.0,8655538.0,7399988.5,0.0,1
1789706303.916327,music,6,13,0.0,0.0,108621784.0,0.0,91419920.0,0.0,0.0,3787870.5,25965156.0,502736832.0,0.0,1540489.25,3375756.0,0.0,0.0,11325052.0,1
1789706304.2959826,music,7,14,0.0,5859080.5,3116857.25,1861508.5,156313872.0,0.0,1700678.75,0.0,11597606.0,317207488.0,0.0,1303896.5,0.0,0.0,0.0,10875900.0,1
1789706304.4228723,music,8,17,0.0,5280856.0,21110892.0,41134624.0,0.0,1010234.1875,0.0,0.0,14478995.0,194349088.0,0.0,74539968.0,19037852.0,0.0,0.0,6423725.5,1
1789706305.4069793,music,4,19,0.0,15019406.0,3756188.0,0.0,11453306.0,0.0,3915223.0,1696170.875,0.0,11324074.0,56538004.0,26924170.0,10139695.0,2004208.25,2621354.25,1284349.375,1
1789706305.4687219,music,357,14,0.0,9258606.0,0.0,0.0,0.0,102246896.0,0.0,0.0,0.0,81498544.0,0.0,9435087.0,104137008.0,25566936.0,2545643.0,40815148.0,1
1789706305.5347703,music,17,10,371680.5,0.0,0.0,0.0,75298600.0,217756000.0,0.0,4527981.0,0.0,0.0,42799248.0,1209285.0,0.0,523044.84375,707341.125,2564427.0,1
1789706305.9128351,music,348,18,0.0,473376.6875,17161004.0,763478.375,10102455.0,78477944.0,1891866.25,0.0,18894068.0,0.0,33140130.0,0.0,19531896.0,732149.4375,4019093.75,502186.5,1
1789706305.9731827,music,17,8,0.0,5463150.5,0.0,0.0,0.0,0.0,0.0,0.0,0.0,0.0,736798.375,88154600.0,0.0,1063634.375,0.0,511119.0,1
1789706306.8959339,music,331,13,2766066.25,0.0,0.0,0.0,0.0,7952215.0,3753234.25,2423577.5,131716224.0,3311852.75,0.0,0.0,0.0,5347872.0,0.0,393637.0,1
1789706307.24572,music,355,15,4986039.0,0.0,59269324.0,0.0,1013123.8125,3493100.25,0.0,0.0,0.0,579277.3125,0.0,16480577.0,0.0,1999296.0,36386016.0,1588775.125,1
1789706307.31694,music,355,10,0.0,0.0,0.0,326144.25,0.0,3501857.25,1787225.375,0.0,0.0,0.0,0.0,3512532.75,112775.328125,0.0,4810630.0,0.0,1
1789706307.3613598,music,341,14,0.0,18866284.0,0.0,0.0,0.0,1038030.75,0.0,12091361.0,705388416.0,27807770.0,0.0,0.0,2884851.75,2365123.75,17814542.0,0.0,1
1789706307.4373734,music,340,9,0.0,0.0,0.0,0.0,0.0,0.0,0.0,0.0,119632840.0,74370520.0,0.0,0.0,81228360.0,33698636.0,10667962.0,0.0,1
1789706308.7664616,music,359,16,0.0,0.0,1059577.5,0.0,565864.625,386091.75,7054330.0,0.0,2280924.0,841536.3125,240706272.0,60800652.0,2824441.0,837234.375,0.0,159144.296875,1
1789706308.8278077,music,355,10,0.0,0.0,0.0,0.0,97356.6484375,0.0,2933737.5,0.0,0.0,402424.1875,0.0,2086938.0,11072770.0,332381.5625,1815815.75,54530.9296875,1
1789706308.894023,music,354,14,0.0,0.0,0.0,0.0,0.0,4041353.0,6119069.5,18894230.0,1152184.0,1174843.0,20697258.0,0.0,1876445.75,734872.625,3196306.5,141487.1875,1
1789706308.9645064,music,356,18,85072912.0,0.0,14278856.0,0.0,21992768.0,10463796.0,12295797.0,0.0,0.0,1798778.375,0.0,32759956.0,10854739.0,2313542.5,7558432.0,417237.625,1
1789706309.1782866,music,0,11,0.0,0.0,110456.171875,0.0,0.0,823226.4375,0.0,0.0,743402.0,0.0,750113728.0,210985936.0,0.0,0.0,2564836.5,43708.890625,1
1789706309.4000332,music,0,9,0.0,0.0,0.0,0.0,0.0,0.0,753992.125,0.0,63827.00390625,3006725.0,28344458.0,8901612.0,457689.40625,0.0,0.0,147934.125,1
1789706309.4486928,music,29,6,5901573.0,127755.8671875,1266504.125,0.0,0.0,0.0,0.0,0.0,0.0,93594976.0,50043924.0,0.0,0.0,0.0,0.0,96401280.0,1
1789706309.4497025,music,71,3,0.0,0.0,0.0,0.0,0.0,0.0,0.0,0.0,105475520.0,77871456.0,0.0,0.0,0.0,0.0,0.0,0.0,1
1789706310.2234788,music,338,8,525966.125,0.0,0.0,0.0,0.0,0.0,0.0,2439033.0,119292216.0,13785088.0,0.0,1525028.625,0.0,4287837.0,13619730.0,0.0,1
1789706310.4145322,music,0,14,1544155.75,1308970.875,0.0,0.0,18817640.0,0.0,9315999.0,23168870.0,0.0,0.0,0.0,97136320.0,691108928.0,88145912.0,0.0,0.0,1
1789706310.9211066,music,2,26,0.0,0.0,108324624.0,17213692.0,14602207.0,832667.25,828942.75,0.0,33809096.0,416266464.0,14496310.0,30270902.0,445063392.0,5804228.5,5010181.5,3644979.0,1
1789706311.1740263,music,359,17,0.0,0.0,97160464.0,12214438.0,0.0,2353866.75,0.0,0.0,10339854.0,216421056.0,0.0,26416902.0,975279104.0,14403920.0,0.0,6199443.5,1
1789706311.2439878,music,3,20,0.0,0.0,34523032.0,0.0,0.0,0.0,918075.125,1379183.0,13716376.0,146579920.0,38329944.0,37493912.0,1377443584.0,20917976.0,1357428.5,8609750.0,1
1789706311.3081317,music,4,18,0.0,0.0,21609706.0,0.0,0.0,0.0,4002019.5,2486827.75,22405292.0,23516644.0,5969978.5,145775952.0,1657732864.0,32469752.0,945219.0,3331784.75,1
1789706311.371915,music,6,16,0.0,0.0,0.0,33778664.0,0.0,12243362.0,0.0,0.0,6422129.0,0.0,2825620.5,76465256.0,1085199616.0,24603356.0,11682382.0,7468216.0,1
1789706311.4357271,music,4,14,0.0,0.0,47933124.0,0.0,298117888.0,0.0,0.0,0.0,22055808.0,190889760.0,4383034.0,106004160.0,1272796160.0,0.0,0.0,0.0,1
1789706311.6822202,music,16,11,0.0,7866877.0,20838792.0,0.0,0.0,1167627.5,948208.75,0.0,0.0,0.0,2502249.0,341459.78125,59136120.0,0.0,0.0,809694784.0,1
1789706311.7434285,music,21,12,0.0,0.0,17703508.0,0.0,0.0,0.0,0.0,226421.34375,0.0,83105024.0,5811633.0,2827149.0,0.0,0.0,15827486.0,1151052544.0,1
1789706311.8077643,music,2,19,0.0,1294339.5,6890713.5,0.0,0.0,42519532.0,48047984.0,172545.5,1212999.0,32431940.0,0.0,59183784.0,2028804480.0,69603584.0,0.0,0.0,1
1789706311.8722682,music,28,7,0.0,0.0,6992434.0,167843.78125,0.0,11094566.0,0.0,0.0,79069.578125,0.0,0.0,70770.03125,0.0,0.0,0.0,1002399616.0,1
1789706311.9371269,music,21,9,0.0,0.0,697559.5,1210155.0,79361816.0,0.0,0.0,79230.40625,0.0,0.0,708893.4375,11777553.0,0.0,0.0,0.0,1074876672.0,1
1789706312.0012772,music,25,9,0.0,0.0,0.0,419229.0625,20552772.0,0.0,0.0,136923.171875,0.0,0.0,2412800.5,1739516.625,0.0,0.0,0.0,842786048.0,1
1789706312.0665781,music,21,5,0.0,0.0,0.0,0.0,0.0,0.0,0.0,0.0,0.0,57078080.0,0.0,0.0,0.0,0.0,0.0,385498528.0,1
1789706312.3811853,music,16,12,0.0,0.0,30249080.0,2671426.0,33942288.0,0.0,21215232.0,19035582.0,0.0,72107928.0,0.0,0.0,6770243.0,565716.0625,0.0,459132352.0,1
1789706312.442008,music,15,14,0.0,0.0,25513980.0,0.0,70551712.0,1459349.75,0.0,0.0,0.0,557184128.0,97247264.0,167902496.0,122325152.0,0.0,0.0,66282096.0,1
1789706312.6653116,music,11,12,0.0,3163854.0,0.0,0.0,4002223.0,7251772.0,0.0,0.0,166128736.0,0.0,0.0,35898496.0,31075156.0,0.0,11768092.0,23759120.0,1
1789706313.4278889,music,46,3,0.0,0.0,0.0,0.0,0.0,0.0,0.0,0.0,408433408.0,0.0,25144662.0,0.0,0.0,0.0,0.0,0.0,1
1789706313.4287865,music,344,21,22846630.0,17606580.0,0.0,4633531.0,4620700.0,5384837.0,58975360.0,29596592.0,0.0,0.0,0.0,10481670.0,5387660.5,19219608.0,17097870.0,42806568.0,1
1789706313.9335256,music,354,16,2731274.75,7073643.5,0.0,2763545.0,18456512.0,11470511.0,0.0,4990255.0,0.0,0.0,19462804.0,0.0,2443129.75,4818783.0,7181727.0,5075595.0,1
1789706315.4236362,music,345,17,3207214.25,1419629.625,40013408.0,0.0,0.0,1716723.875,9160097.0,12538014.0,0.0,0.0,0.0,0.0,0.0,21968544.0,37632720.0,33139724.0,1
1789706317.1673412,music,24,10,0.0,0.0,13757495.0,157747984.0,21642574.0,1163798.5,293652.6875,0.0,0.0,0.0,5122561.0,9556017.0,0.0,0.0,0.0,170299.65625,1
1789706317.4200633,music,354,15,14359590.0,6072376.5,0.0,0.0,1035394.125,3053322.0,0.0,0.0,0.0,0.0,0.0,5639251.0,31668454.0,15304848.0,21774528.0,13880340.0,1
1789706319.417695,music,3,22,0.0,0.0,76143040.0,0.0,0.0,1012317.875,4174705.0,18436748.0,80259904.0,0.0,0.0,13817132.0,58973544.0,16540670.0,11976124.0,13898056.0,1
1789706321.9213192,music,340,10,0.0,21317024.0,0.0,0.0,3880487.0,30859476.0,102766328.0,40290228.0,0.0,0.0,0.0,0.0,0.0,5193655.0,0.0,565313.25,1
1789706325.4404027,music,332,9,0.0,0.0,0.0,0.0,0.0,504149.75,654614.125,0.0,8393333.0,145863616.0,0.0,0.0,0.0,37061228.0,9564358.0,0.0,1
1789706325.4414992,music,17,7,0.0,1708541.625,13485540.0,0.0,0.0,0.0,0.0,0.0,103622208.0,0.0,0.0,12060211.0,43308232.0,0.0,0.0,36414404.0,1
1789706327.1510556,music,1,24,0.0,0.0,158261136.0,649934.4375,0.0,1461809.75,2055079.75,0.0,1171593.0,10758916.0,18524566.0,9587612.0,30684726.0,1888435.0,9787722.0,23536468.0,1
1789706327.2104595,music,14,9,0.0,0.0,31983416.0,0.0,0.0,65820844.0,87841240.0,0.0,2612967.0,0.0,0.0,2669644.5,0.0,0.0,0.0,1520964352.0,1
1789706327.275906,music,24,9,282630.625,0.0,27869754.0,0.0,23439248.0,0.0,0.0,0.0,0.0,5584272.5,0.0,0.0,0.0,0.0,4177012.0,2135198592.0,1
1789706327.341809,music,33,6,0.0,0.0,0.0,0.0,0.0,0.0,0.0,0.0,0.0,2495232.25,2602102.5,881735.9375,0.0,0.0,0.0,1290486784.0,1
1789706327.4050992,music,21,11,0.0,0.0,48441220.0,0.0,33029356.0,0.0,0.0,0.0,313326.25,0.0,524649.125,308827.65625,5234864.0,0.0,2241384.25,2013336320.0,1
1789706327.4687564,music,21,14,514223.96875,0.0,23528180.0,2720266.0,0.0,923389.125,564063.1875,0.0,0.0,0.0,0.0,15140135.0,8606102.0,0.0,2553719.25,534419168.0,1
1789706327.9116945,music,5,14,0.0,0.0,39292604.0,548720.6875,14517716.0,0.0,14051144.0,0.0,5057295.0,29472150.0,0.0,101443400.0,419576768.0,95289480.0,7972257.0,87037544.0,1
1789706328.6716146,music,340,9,0.0,0.0,0.0,0.0,2448457.0,33197530.0,0.0,0.0,0.0,0.0,0.0,0.0,0.0,46646040.0,87621760.0,54306052.0,1
1789706329.43289,music,42,12,1760812.5,3034958.0,19587752.0,0.0,0.0,0.0,894219.625,2221191.75,465844928.0,0.0,166350640.0,58736752.0,0.0,0.0,0.0,0.0,1
1789706329.907743,music,341,20,0.0,632189.375,0.0,0.0,1650148.875,4008959.5,17103072.0,2173148.75,143557856.0,13220852.0,0.0,1089545.75,1142569.125,523660.0625,0.0,803400.25,1
1789706331.4298208,music,39,6,0.0,0.0,0.0,0.0,0.0,0.0,0.0,0.0,340840672.0,0.0,84931040.0,41210312.0,0.0,0.0,0.0,0.0,1
1789706333.425889,music,352,15,14154419.0,4218933.0,0.0,0.0,0.0,1207043.75,0.0,0.0,0.0,93011736.0,0.0,4081437.0,24409072.0,32397666.0,36128552.0,77897936.0,1
1789706335.3250995,music,359,8,0.0,0.0,0.0,0.0,0.0,3020886.75,791715.75,27294.86328125,0.0,2666980.75,0.0,0.0,468523840.0,32518250.0,0.0,0.0,1
1789706335.4221208,music,30,8,0.0,0.0,0.0,0.0,0.0,0.0,2923925.75,6968833.5,123281728.0,0.0,0.0,5019024.0,65921912.0,0.0,0.0,0.0,1
1789706337.4202797,music,349,15,0.0,1719403.5,0.0,0.0,67578144.0,146097920.0,10344852.0,0.0,0.0,259417072.0,0.0,3602429.75,27407848.0,13309517.0,0.0,0.0,1
1789706337.4214423,music,27,6,0.0,0.0,0.0,0.0,0.0,0.0,7723690.5,86447528.0,552831104.0,0.0,0.0,0.0,0.0,0.0,0.0,9140862.0,1
1789706337.9277806,music,338,10,0.0,34141256.0,0.0,734454.75,8344758.0,32709204.0,0.0,0.0,0.0,0.0,729530.875,0.0,802871.5625,2921238.75,0.0,0.0,1
1789706337.928608,music,34,6,331710.8125,0.0,0.0,0.0,0.0,0.0,0.0,0.0,24042522.0,0.0,0.0,859294.25,0.0,0.0,0.0,1071128.375,1
1789706339.4149866,music,12,20,0.0,0.0,0.0,205225.515625,1022903.375,459843.6875,5379193.5,8836814.0,35233192.0,0.0,34212468.0,14512228.0,12983144.0,6609636.0,0.0,7500480.5,1
1789706341.4111497,music,354,24,0.0,0.0,0.0,0.0,6951887.0,4781075.0,1439638.75,13610661.0,21527038.0,53321396.0,33081384.0,10249474.0,15329114.0,4678978.0,1554221.5,3392590.75,1
1789706341.4763262,music,5,13,5573906.5,727824.5625,10325839.0,0.0,0.0,0.0,0.0,0.0,53163188.0,0.0,7391826.0,19519790.0,76419680.0,11638475.0,1399153.875,11016296.0,1
1789706343.1855474,music,23,7,419132.59375,0.0,33402224.0,0.0,0.0,0.0,0.0,0.0,0.0,14586462.0,0.0,0.0,12541922.0,0.0,0.0,1073804416.0,1
1789706343.246192,music,23,6,0.0,0.0,38036816.0,0.0,0.0,0.0,0.0,0.0,0.0,24493874.0,0.0,704906.4375,0.0,0.0,0.0,931484288.0,1
1789706343.2968621,music,28,3,0.0,0.0,0.0,2269659.5,0.0,0.0,0.0,0.0,0.0,0.0,0.0,0.0,0.0,0.0,0.0,1170735232.0,1
1789706343.2976074,music,345,20,1029221.3125,2113591.5,6959101.5,0.0,0.0,148334896.0,136619120.0,700476.5,18850642.0,22779560.0,0.0,4378351.0,44124468.0,1240819.625,6772034.0,0.0,1
1789706343.368899,music,345,10,0.0,0.0,0.0,0.0,0.0,218753440.0,226366272.0,0.0,1155583.5,0.0,0.0,0.0,17304172.0,630676.0,3226740.25,0.0,1
1789706343.4197156,music,23,9,0.0,0.0,20754540.0,0.0,0.0,0.0,0.0,532705.125,0.0,53388828.0,1871148.375,5175544.0,0.0,0.0,0.0,524550528.0,1
1789706343.420824,music,347,14,0.0,0.0,29001458.0,0.0,0.0,93121368.0,84049736.0,1823570.125,10247983.0,0.0,0.0,6264513.0,7709273.0,4634379.0,745023.125,0.0,1
1789706344.6760647,music,8,13,2368703.75,7199761.0,1378233.5,0.0,0.0,0.0,227986.78125,0.0,0.0,0.0,0.0,157593472.0,82401272.0,0.0,49676248.0,263212480.0,1
1789706345.436482,music,341,12,448438.84375,0.0,0.0,0.0,1839837.25,0.0,754522.875,0.0,1184863744.0,163348096.0,0.0,0.0,100115304.0,35447852.0,2792235.0,0.0,1
1789706345.9116726,music,354,20,0.0,0.0,385688.125,0.0,0.0,6069546.0,50805016.0,36867868.0,17444820.0,4232288.0,0.0,2294705.25,6350746.0,2167830.25,943594.9375,1294254.0,1
1789706345.9717376,music,353,21,0.0,3251840.75,810096.75,26915550.0,5492834.0,22715578.0,163904336.0,302900160.0,4988451.5,0.0,0.0,1365419.0,10014094.0,907518.1875,1156890.875,1076555.25,1
1789706346.0368533,music,353,13,0.0,0.0,0.0,0.0,4136014.0,2351331.5,0.0,126900856.0,0.0,0.0,0.0,506853.125,8170934.0,1179863.75,1621317.875,402006.6875,1
1789706351.3933992,music,4,11,0.0,0.0,117201040.0,0.0,438509248.0,14193287.0,9550403.0,0.0,0.0,4834708.5,0.0,315017.21875,0.0,0.0,0.0,0.0,1
1789706351.8360555,music,15,14,0.0,0.0,20473992.0,0.0,0.0,0.0,0.0,0.0,2806633.0,3425006.0,205423.6875,1273886208.0,14596351.0,5568903.0,0.0,140565.75,1
1789706351.8949828,music,13,14,0.0,0.0,0.0,0.0,87625920.0,0.0,1967688.25,0.0,4152823.0,1396418.0,0.0,1519060736.0,18459872.0,6112186.0,0.0,1659811.75,1
1789706353.4211614,music,355,27,652458.25,13262383.0,9152198.0,0.0,230660288.0,630996160.0,23815028.0,63539640.0,575549824.0,208342176.0,0.0,1102729.375,2612048.0,2807605.0,7618477.0,1865965.0,1
1789706353.4853156,music,355,6,0.0,1794804.25,0.0,0.0,99118408.0,0.0,0.0,4917066.0,0.0,0.0,0.0,0.0,4522995.0,0.0,0.0,2153278.25,1
1789706353.5305731,music,13,11,1817917.875,9064340.0,341532.4375,0.0,140850736.0,732370944.0,1301380.125,0.0,0.0,16529119.0,3069266.5,0.0,0.0,0.0,0.0,0.0,1
1789706353.9279172,music,348,21,2776920.75,75159712.0,26243926.0,1699334.5,18391084.0,165386944.0,311856160.0,141280528.0,35017812.0,0.0,1625163.0,420599.9375,0.0,696403.8125,231392.40625,472481.4375,1
1789706355.9236503,music,346,23,728627.1875,0.0,14729544.0,0.0,911343.4375,7392213.5,15790400.0,185699056.0,1759478016.0,443831616.0,0.0,7503447.0,0.0,7481070.5,6206415.5,5157363.5,1
1789706355.9824,music,344,9,0.0,3973129.0,5959159.5,0.0,3493568.0,0.0,2034909.0,24093696.0,1987976320.0,0.0,0.0,189316.53125,0.0,0.0,0.0,1918260.875,1
1789706356.0456426,music,344,10,8602941.0,0.0,17732732.0,0.0,0.0,0.0,798407.4375,0.0,533676224.0,20328880.0,14836687.0,1547038.5,0.0,365701.625,0.0,3658403.5,1
1789706358.2995553,music,325,15,1367846.25,0.0,0.0,0.0,0.0,0.0,6842434.5,3608611.0,0.0,79599.1328125,8010785.0,115913.90625,84008.234375,1046837.6875,1961810.625,84873.21875,1
1789706358.3601427,music,335,8,0.0,0.0,0.0,0.0,0.0,0.0,0.0,0.0,0.0,0.0,0.0,3059681.5,0.0,460079.125,1204878.5,96113.7578125,1
1789706358.4295547,music,354,22,0.0,1945852.5,8135041.0,0.0,2493124.0,4005307.25,0.0,0.0,6828494.0,134992832.0,28736442.0,22011810.0,119611984.0,58095648.0,589131.6875,1302263.0,1
1789706358.4306138,music,30,5,0.0,0.0,0.0,346181952.0,19295436.0,0.0,839392.875,0.0,0.0,0.0,0.0,0.0,0.0,0.0,0.0,1085598.125,1
1789706360.4229283,music,359,22,3978353.0,0.0,11331296.0,0.0,0.0,5446329.5,0.0,0.0,24698128.0,30032016.0,59582540.0,146567552.0,30031804.0,20358900.0,8080033.5,4626742.0,1
1789706360.4841352,music,355,14,0.0,56517656.0,9525159.0,0.0,46458896.0,181449248.0,16956618.0,0.0,0.0,0.0,0.0,2607749.0,12005384.0,9891920.0,48066240.0,34413028.0,1
1789706360.4854121,music,31,6,0.0,0.0,13154994.0,0.0,0.0,0.0,0.0,0.0,0.0,8403852.0,379999968.0,178609664.0,0.0,0.0,0.0,16731986.0,1
1789706361.4354157,music,340,12,0.0,6393577.0,0.0,0.0,1707238.75,0.0,0.0,79087888.0,3118092800.0,0.0,0.0,0.0,2552881.75,2490372.75,948369.625,1460717.75,1
1789706361.5024962,music,340,17,0.0,8433576.0,330259.375,0.0,1541614.125,13417312.0,2728769.25,42812484.0,1091003392.0,0.0,0.0,1152001.375,0.0,8560553.0,1779033.75,2142317.0,1
1789706361.5486267,music,356,13,0.0,15652163.0,5455403.5,0.0,0.0,2388156.25,0.0,5895336.0,1047820096.0,55384912.0,622542.875,0.0,4473862.0,0.0,1124658.375,1965651.5,1
1789706361.8477206,music,334,12,0.0,0.0,0.0,0.0,0.0,0.0,0.0,325348.09375,48161336.0,2599771.0,0.0,1729491.75,2314932.0,1113272.5,579903.875,0.0,1
1789706361.9080257,music,342,12,0.0,1711011.0,2271690.5,0.0,0.0,0.0,0.0,1729156.375,0.0,0.0,0.0,366644.25,178582.875,2224704.5,626149.4375,962603.6875,1
1789706361.9719658,music,346,11,493987.03125,0.0,0.0,0.0,1064457.75,0.0,0.0,0.0,64360904.0,7240397.5,0.0,498737.25,2931465.75,548040.0625,0.0,177637.9375,1
1789706363.4313934,music,349,19,6614003.0,10207176.0,259470592.0,452767.78125,0.0,0.0,0.0,456716.5,0.0,960045.125,0.0,2531286.75,8221955.5,6294680.0,3277419.5,5495505.0,1
1789706363.6847637,music,338,20,13980399.0,26384302.0,51827016.0,0.0,0.0,17128652.0,8195679.5,67172360.0,1791319552.0,2066184.625,0.0,0.0,1965678.75,19025160.0,148045056.0,14375648.0,1
1789706366.3815675,music,336,10,0.0,0.0,0.0,0.0,594633.0,934918.1875,130720.7265625,0.0,0.0,0.0,0.0,0.0,0.0,6679335.0,14954616.0,81252.0,1
1789706366.3823733,music,48,6,0.0,875662.875,550149.1875,8095295.5,0.0,0.0,0.0,0.0,0.0,0.0,0.0,413299.46875,1163625.0,0.0,0.0,0.0,1
1789706367.4260476,music,7,9,0.0,0.0,71509008.0,164183904.0,0.0,0.0,12550692.0,0.0,397784.8125,0.0,0.0,0.0,0.0,0.0,0.0,531081.5,1
1789706368.0903063,music,357,10,112257.9765625,0.0,0.0,0.0,0.0,0.0,1248122.375,0.0,0.0,0.0,2377306.25,2830921.0,5121976.0,395379.78125,0.0,0.0,1
1789706368.1507716,music,13,12,0.0,0.0,40184232.0,3132805.5,0.0,1079168.875,1585636.75,0.0,482152.5625,378003.0,0.0,258033.78125,5663544.0,0.0,0.0,0.0,1
1789706368.4407895,music,20,12,0.0,0.0,0.0,0.0,11258158.0,0.0,0.0,0.0,0.0,67804128.0,331812224.0,119286216.0,10413152.0,4181416.5,0.0,5968239.0,1
1789706368.4419765,music,344,16,37131496.0,11109394.0,8719808.0,1220780.875,0.0,0.0,23240996.0,0.0,48356500.0,0.0,0.0,0.0,687764.75,2121546.25,17698040.0,3534520.25,1
1789706369.4202642,music,357,25,0.0,0.0,8247205.0,28116204.0,738623296.0,569448320.0,22499956.0,0.0,191005536.0,70210504.0,169049744.0,550929472.0,1040228992.0,409751808.0,65535468.0,24448570.0,1
1789706369.480254,music,351,9,1402987.5,36907640.0,0.0,0.0,0.0,0.0,4528002.0,0.0,525215616.0,0.0,0.0,0.0,0.0,5065969.0,0.0,9442692.0,1
1789706369.544125,music,349,10,0.0,23711602.0,11960858.0,0.0,0.0,0.0,0.0,5236640.5,482425760.0,18033892.0,0.0,46119672.0,32073342.0,0.0,0.0,0.0,1
1789706371.4500682,music,351,11,0.0,0.0,11679894.0,281306.1875,0.0,5471472.0,6987134.0,0.0,0.0,303455.625,229637.46875,0.0,0.0,10133634.0,0.0,0.0,1
1789706371.92413,music,341,22,1904864.25,0.0,12428487.0,0.0,33618496.0,250339648.0,4164605.5,208610400.0,1766651008.0,328539776.0,0.0,0.0,0.0,8548138.0,20510514.0,159075.625,1
1789706371.986976,music,342,13,0.0,0.0,40045428.0,0.0,13573840.0,152998720.0,0.0,11306871.0,641583488.0,2188587.5,0.0,0.0,0.0,681690.625,4651779.0,1604892.75,1
1789706372.0474849,music,358,16,5312662.0,0.0,36364880.0,0.0,40684888.0,186182224.0,617411.8125,0.0,1379878528.0,31299400.0,0.0,1568460.75,443704.9375,771697.625,0.0,0.0,1
1789706375.1878605,music,358,20,6044649.0,0.0,82510856.0,8421826.0,453568736.0,3128380.0,1062219.0,0.0,0.0,0.0,1805213.875,11538170.0,1543919.25,0.0,2430069.0,10766067.0,1
1789706375.232581,music,359,10,0.0,0.0,47643200.0,4437571.0,0.0,0.0,4248139.0,0.0,0.0,0.0,0.0,0.0,7842903.5,516665.25,0.0,11696804.0,1
1789706375.3135939,music,0,13,421427.375,0.0,0.0,0.0,0.0,55992276.0,45939152.0,0.0,0.0,0.0,554521.875,5381777.5,49446132.0,1895925.25,957214.3125,9260152.0,1
1789706375.3735745,music,3,13,0.0,0.0,56780944.0,15929021.0,0.0,41921324.0,33847504.0,827217.5,0.0,1791704.875,0.0,0.0,29743700.0,2662190.75,415990.59375,0.0,1
1789706375.4374862,music,0,22,0.0,0.0,69357568.0,20907484.0,0.0,46821200.0,36888576.0,0.0,58570636.0,629336.5,0.0,2715641.0,70832720.0,5011488.5,3182480.25,14311013.0,1
1789706375.5015273,music,4,16,0.0,0.0,28726196.0,1031467.625,0.0,28060096.0,24834696.0,0.0,41219596.0,10377267.0,0.0,13413046.0,56637152.0,0.0,741938.8125,1381259.875,1
1789706375.56558,music,4,20,903939.9375,0.0,0.0,6707353.0,337831648.0,21272178.0,18304776.0,0.0,8358443.0,1021953.875,858944.0,284422.0625,40350128.0,1525515.0,252019.75,1676586.375,1
1789706375.7581487,music,4,13,0.0,0.0,17634116.0,17516912.0,0.0,21592652.0,13251957.0,0.0,0.0,0.0,93920.8359375,2043421.0,6305470.5,249761.21875,2098563.5,0.0,1
1789706375.853238,music,14,9,0.0,0.0,43116088.0,0.0,0.0,0.0,9508388.0,0.0,0.0,0.0,0.0,1663094.0,0.0,659126.75,0.0,457334.4375,1
1789706375.9803212,music,4,15,0.0,0.0,14162020.0,24825770.0,0.0,806296.375,0.0,231590.71875,0.0,2332211.5,513407.96875,383651.59375,0.0,1269324.625,2685469.25,645307.9375,1
1789706377.8151462,music,345,11,0.0,829834.25,0.0,0.0,4435634.0,3239956.0,0.0,0.0,0.0,0.0,0.0,2388911.5,13433236.0,20086432.0,81262624.0,75433776.0,1
1789706377.8795922,music,344,14,2180131.75,0.0,0.0,0.0,4427567.5,0.0,5553794.0,4085989.0,602848.0625,3987621.5,0.0,9376372.0,0.0,3671437.75,80349264.0,158600576.0,1
1789706377.9432204,music,345,12,0.0,0.0,0.0,0.0,2143526.5,10353502.0,0.0,0.0,788344.625,0.0,0.0,0.0,22399092.0,14835682.0,29158734.0,0.0,1
1789706378.0063596,music,345,14,67756.7265625,2377259.5,9263716.0,0.0,1177028.625,2125703.75,2107318.5,0.0,0.0,0.0,0.0,8755763.0,9736123.0,32200756.0,0.0,0.0,1
1789706378.0520995,music,350,12,322751.28125,1098903.0,102751.328125,0.0,706030.8125,0.0,671395.875,0.0,0.0,0.0,0.0,19356190.0,18851928.0,15535355.0,13818041.0,0.0,1
1789706378.1169322,music,348,14,0.0,6289258.0,1441060.625,982669.875,2945182.0,726920.5625,0.0,0.0,3174658.25,5774385.5,0.0,9942658.0,0.0,20869088.0,0.0,32950164.0,1
1789706378.1802227,music,349,9,0.0,0.0,0.0,0.0,3018356.25,8874456.0,0.0,0.0,0.0,1931282.0,0.0,5311668.0,6817948.0,0.0,62893760.0,19024490.0,1
1789706378.418454,music,38,11,0.0,0.0,39365500.0,0.0,12577916.0,0.0,0.0,32696798.0,227036896.0,78575856.0,18952826.0,7098905.0,0.0,0.0,0.0,0.0,1
1789706378.9236288,music,334,8,0.0,0.0,0.0,0.0,0.0,8579500.0,3828772.25,699864.1875,0.0,0.0,0.0,0.0,54167600.0,80164984.0,281720128.0,0.0,1
1789706379.4316387,music,12,15,0.0,4362795.0,161464800.0,8198274.0,0.0,0.0,2092311.875,8218636.0,0.0,0.0,57741372.0,111243600.0,138392112.0,0.0,0.0,152270208.0,1
1789706379.8749638,music,357,18,1266083.5,0.0,30742890.0,0.0,0.0,3056274.0,760105.0,839388.5625,3879627.25,0.0,340252.9375,1204035.375,65228272.0,3298264.5,3096516.5,2726645.75,1
1789706381.425791,music,5,17,17905982.0,1824318.5,1582041.75,0.0,745465.625,1171471.625,0.0,0.0,36322268.0,0.0,10840432.0,31440624.0,16673002.0,44603540.0,20318524.0,66242484.0,1
1789706382.4078577,music,3,14,0.0,0.0,3162607.0,0.0,0.0,0.0,0.0,2160270.25,3599673.5,0.0,6238575.0,79754632.0,226093216.0,88062056.0,13787254.0,42360896.0,1
1789706382.5340307,music,358,17,1315654.0,945470.5,1566154.75,0.0,4091682.0,2948723.0,0.0,0.0,0.0,11170780.0,0.0,45350520.0,851568064.0,14542437.0,3325172.5,573766.25,1
1789706383.4228146,music,26,11,0.0,0.0,0.0,0.0,0.0,12741902.0,14430310.0,0.0,124521472.0,0.0,47722476.0,8728323.0,0.0,9972967.0,0.0,38094352.0,1
1789706385.417074,music,359,14,0.0,0.0,880592.375,0.0,39909688.0,12936176.0,67328304.0,37501404.0,33488224.0,0.0,53440196.0,6447188.5,8507719.0,0.0,26609830.0,139845856.0,1
1789706385.4182892,music,324,6,0.0,0.0,0.0,0.0,0.0,0.0,0.0,0.0,45671216.0,174349072.0,0.0,0.0,0.0,124161664.0,0.0,0.0,1
1789706385.5119152,music,16,12,0.0,539570.5625,88098.8125,3976660.75,102573032.0,570072704.0,11554450.0,0.0,0.0,0.0,0.0,0.0,6242927.0,1595865.625,0.0,13161429.0,1
1789706385.8275497,music,3,14,0.0,0.0,0.0,17649442.0,0.0,59110008.0,406562.96875,0.0,0.0,0.0,80447800.0,36546096.0,0.0,5262950.5,7079948.0,0.0,1
1789706385.898335,music,0,17,0.0,0.0,0.0,0.0,12428394.0,49032020.0,17509796.0,0.0,0.0,679462.625,80233552.0,30353300.0,2889854.5,6118277.5,1955186.625,2073110.75,1
1789706385.963189,music,0,17,0.0,45366168.0,27303250.0,0.0,12706283.0,47963304.0,4185660.0,5011392.5,0.0,2324502.5,4236733.0,0.0,241148.8125,4943917.5,7794691.0,1318196.25,1
1789706386.0158098,music,0,6,0.0,0.0,0.0,0.0,0.0,8471364.0,0.0,0.0,0.0,0.0,0.0,165301.25,0.0,1045844.25,775367.875,222529.65625,1
1789706386.0663092,music,356,8,0.0,0.0,0.0,0.0,0.0,0.0,13294949.0,4533324.0,58602.890625,0.0,1443937.125,0.0,0.0,1022260.125,0.0,655479.875,1
1789706386.1317809,music,0,16,329621.625,0.0,6512325.0,0.0,0.0,0.0,565141.125,2005814.25,0.0,177485.125,28313256.0,4967737.5,408352.625,5594110.0,0.0,2139858.5,1
1789706386.1963532,music,0,18,0.0,33098364.0,9696804.0,0.0,5339530.0,33564952.0,271801.90625,1314999.125,116006.734375,0.0,90938112.0,25696604.0,0.0,0.0,6962698.5,297484.65625,1
1789706386.246093,music,0,10,0.0,0.0,0.0,0.0,3919013.25,0.0,0.0,0.0,20085.4375,32486.169921875,0.0,266685.5625,0.0,3439473.75,3472791.0,690642.3125,1
1789706386.2923644,music,0,7,434946.0,0.0,0.0,0.0,17463668.0,0.0,0.0,73910.828125,0.0,0.0,0.0,258286.625,0.0,39652.6171875,0.0,116260.1640625,1
1789706386.967527,music,2,11,0.0,348125.34375,0.0,1836343.25,0.0,5239309.0,0.0,0.0,0.0,509517.46875,0.0,2809370.0,27216886.0,3194708.5,0.0,647586.875,1
1789706387.0281615,music,344,14,0.0,86510.3203125,0.0,609830.625,0.0,1183418.5,1952209.25,1979608.875,40668372.0,3201123.25,677782.375,2514408.75,11442861.0,1764454.0,0.0,0.0,1
1789706387.0935273,music,356,12,6781283.5,0.0,0.0,0.0,5131021.5,12568952.0,962396.6875,0.0,0.0,0.0,0.0,13948256.0,27246682.0,0.0,0.0,558717.0,1
1789706387.1586833,music,356,13,0.0,447946.3125,5951847.0,0.0,0.0,3222595.75,0.0,0.0,0.0,0.0,154380.84375,3831201.0,54997240.0,4277911.0,0.0,377291.46875,1
1789706387.2081313,music,345,27,11940646.0,5049471.5,0.0,607179.3125,19627118.0,22550898.0,1098810.5,2503345.25,35737952.0,2607997.0,0.0,3732967.5,48147408.0,1949427.625,962455.0,457671.59375,1
1789706387.2719197,music,344,11,0.0,0.0,45991972.0,383702.75,0.0,40311880.0,0.0,373155.75,0.0,0.0,187475.59375,0.0,0.0,3699569.75,4636093.5,1005729.25,1
1789706387.4423788,music,12,8,0.0,0.0,0.0,0.0,5135621.5,0.0,0.0,0.0,0.0,0.0,0.0,27137914.0,150942144.0,21990576.0,0.0,14203576.0,1
1789706389.4370615,music,269,9,0.0,621976.75,11491295.0,126541536.0,0.0,0.0,0.0,0.0,0.0,0.0,0.0,7370380.5,21344522.0,0.0,0.0,102436216.0,1
1789706390.3537045,music,197,19,215326.4375,2913674.0,0.0,0.0,3220156.5,14922762.0,123654.5625,3318245.0,95237448.0,4942704.0,34518100.0,25155236.0,400759.3125,734357.6875,41837480.0,1469357.75,1
1789706390.4047425,music,180,13,465801.09375,0.0,0.0,0.0,5037307.0,13480139.0,460536.15625,451575.03125,0.0,0.0,184465872.0,71049080.0,667474.4375,719473.0,0.0,654660.625,1
1789706390.4692004,music,180,12,10269127.0,0.0,0.0,0.0,15456932.0,1879613.0,354315.21875,2028945.75,0.0,0.0,0.0,21075272.0,288550016.0,0.0,0.0,0.0,1
1789706390.5262303,music,174,9,0.0,0.0,0.0,1784721.25,0.0,0.0,0.0,0.0,0.0,0.0,58932756.0,18713976.0,228036352.0,34862420.0,6806045.5,10815702.0,1
1789706390.5980825,music,193,25,6587823.0,629388.5625,4857132.0,6985468.5,61963304.0,0.0,1298381.75,0.0,18264692.0,6628873.0,101832864.0,18153194.0,226910848.0,38590384.0,15980373.0,7668483.0,1
1789706390.6628673,music,184,24,52758616.0,50548720.0,0.0,0.0,0.0,2951235.5,5224679.0,838791.4375,41135416.0,7734474.0,28692772.0,6314756.0,220582816.0,6869584.5,0.0,3828440.75,1
1789706390.7275164,music,184,22,25608844.0,50093128.0,0.0,3935396.0,52931016.0,1700663.25,1029601.75,282159.96875,21487298.0,7085545.5,81688624.0,40584048.0,0.0,4595727.0,2554384.25,0.0,1
1789706390.7764034,music,184,11,0.0,0.0,5853699.0,19926356.0,0.0,0.0,0.0,0.0,24827972.0,0.0,64692540.0,0.0,91064368.0,0.0,5249292.5,1763762.875,1
1789706390.8223662,music,199,14,7962235.0,3239070.5,1006948.0,0.0,0.0,0.0,1711603.5,1532515.125,94854784.0,7286852.0,0.0,5715965.5,0.0,2842894.75,894284.4375,0.0,1
1789706390.888074,music,199,20,45693004.0,0.0,1404200.75,0.0,2621232.0,431181.5625,515017.8125,0.0,19133804.0,16373876.0,0.0,8270906.5,111515672.0,868355.6875,326614.4375,102827760.0,1
1789706390.9370224,music,178,24,20454280.0,29299880.0,124951992.0,18289660.0,0.0,1469334.125,1313087.0,999960.0,175371680.0,559045.125,14911660.0,17363672.0,0.0,646506.9375,0.0,0.0,1
1789706391.0019467,music,188,18,0.0,0.0,30238356.0,1302946.25,0.0,5156135.5,1961972.875,1869760.25,172023232.0,20028946.0,0.0,10520182.0,198015904.0,30627434.0,433139.375,0.0,1
1789706391.145136,music,179,23,0.0,6911515.0,53232264.0,4138293.75,0.0,17197026.0,8576988.0,143930.984375,3658693.75,18214278.0,12470780.0,18081406.0,49027568.0,3499423.75,314484.1875,0.0,1
1789706391.206024,music,181,20,13358350.0,7097445.0,32348164.0,0.0,449075392.0,7368190.0,0.0,0.0,15721980.0,5653495.0,1357104.75,34945816.0,362656032.0,0.0,2863960.0,0.0,1
1789706391.2705927,music,182,17,7668506.5,13756575.0,0.0,0.0,0.0,27586584.0,17593804.0,336644.5,8369238.0,19511230.0,5091240.0,44920104.0,621566848.0,15882408.0,0.0,22459292.0,1
1789706391.3361385,music,186,20,3684253.5,0.0,34195620.0,3164422.75,0.0,28604110.0,20911074.0,0.0,7167285.0,18070508.0,0.0,53140512.0,611529728.0,6907489.0,2511041.0,0.0,1
1789706391.4007845,music,184,22,5561629.5,13179498.0,29819532.0,369982.625,0.0,22070178.0,19607364.0,1034646.625,0.0,13328612.0,0.0,626155.4375,91254592.0,3577214.75,120253.03125,4683583.0,1
1789706391.4653988,music,197,15,2046209.75,6480800.0,8709328.0,901855.375,0.0,12404693.0,13372499.0,0.0,0.0,160989984.0,15704278.0,6738223.5,149304672.0,0.0,0.0,0.0,1
1789706391.5299299,music,198,7,5319169.0,2678151.25,28999918.0,2779640.75,0.0,0.0,0.0,0.0,0.0,8508116.0,0.0,0.0,0.0,0.0,0.0,0.0,1
1789706391.5942857,music,188,15,0.0,2554645.75,11766244.0,0.0,0.0,4669588.0,2868843.5,123678.953125,12794804.0,19257882.0,969938.25,1052736.0,0.0,1407249.0,1855942.5,5424357.5,1
1789706391.683365,music,184,17,12152505.0,12136503.0,0.0,1500773.25,0.0,31072904.0,21273566.0,0.0,743451.5,5149564.0,3863395.25,10597850.0,127480552.0,1754840.75,0.0,0.0,1
1789706391.7477217,music,184,16,2034616.0,3533259.5,12541066.0,1373691.125,0.0,448787392.0,358794272.0,0.0,1520506.625,0.0,0.0,0.0,18483382.0,1800432.0,1057568.75,0.0,1
1789706391.7925243,music,186,16,0.0,0.0,1737573.625,0.0,461099.25,500889664.0,378265152.0,0.0,383583.25,0.0,0.0,20082198.0,101071984.0,4071962.5,6926295.0,0.0,1
1789706391.8565865,music,180,23,0.0,7375623.0,28173752.0,29878550.0,43184956.0,228847920.0,641832320.0,17980396.0,11245678.0,0.0,0.0,2937862.0,29609474.0,12812324.0,53723420.0,206884240.0,1
1789706391.9220517,music,180,22,0.0,0.0,33158086.0,5588119.0,26431344.0,82642512.0,167001984.0,1681815.5,2842083.25,4644203.0,7656122.0,1209553.875,40735744.0,0.0,0.0,43338092.0,1
1789706392.4136906,music,175,14,0.0,943064.0,3208782.75,1996853.875,0.0,0.0,4384578.0,0.0,39129656.0,3479880.75,60772908.0,145779776.0,0.0,3196142.75,0.0,0.0,1
1789706392.5081332,music,200,11,0.0,0.0,1599609.75,12289588.0,0.0,0.0,674830.875,0.0,0.0,386499.5,0.0,0.0,0.0,1757345.875,0.0,52583760.0,1
1789706392.5724528,music,186,16,0.0,7030320.5,6012738.0,8483331.0,8201064.0,9046792.0,0.0,0.0,0.0,655825.0,32656200.0,0.0,15078334.0,2599935.0,2573474.75,11669391.0,1
1789706392.635988,music,166,14,0.0,0.0,0.0,15064847.0,13761877.0,5250584.0,1919933.0,0.0,0.0,0.0,153790704.0,61789304.0,0.0,2451814.25,2947376.75,0.0,1
1789706392.7004237,music,173,11,0.0,0.0,0.0,6084748.0,6043753.0,58101452.0,760482.8125,0.0,0.0,0.0,26479240.0,0.0,16828724.0,3889597.5,0.0,28899172.0,1
1789706392.7650766,music,184,6,0.0,0.0,117128.625,1553512.125,5195714.0,0.0,1838612.0,3054621.75,0.0,0.0,5937359.0,0.0,0.0,0.0,0.0,0.0,1
1789706393.424103,music,188,15,0.0,0.0,508517.84375,17158320.0,0.0,4452705.5,1573475.5,3242500.75,164390160.0,276248320.0,89561472.0,41703832.0,0.0,9115114.0,0.0,0.0,1
1789706393.9316776,music,197,10,853299.125,0.0,21903216.0,1546248.75,0.0,123216208.0,36114408.0,588678.375,0.0,0.0,0.0,0.0,0.0,218728.328125,27161222.0,0.0,1
1789706393.9919384,music,198,18,106036.984375,0.0,41981108.0,1053268.375,12269902.0,158694272.0,1987951.5,261649.84375,0.0,0.0,1698444.125,10612356.0,1677711.5,5532584.0,17640378.0,1458187.0,1
1789706394.0692031,music,203,5,0.0,1378008.375,1605244.5,0.0,0.0,0.0,0.0,0.0,0.0,0.0,0.0,15411853.0,0.0,2498320.5,8027655.5,0.0,1
1789706394.1325905,music,201,8,0.0,12849002.0,0.0,0.0,0.0,0.0,46919368.0,0.0,0.0,21435680.0,15976547.0,17065472.0,19655144.0,0.0,0.0,4127062.5,1
1789706394.1966853,music,202,7,0.0,0.0,0.0,0.0,0.0,0.0,33529254.0,29368424.0,0.0,0.0,0.0,0.0,2804661.5,0.0,50963904.0,0.0,1
1789706394.2604058,music,187,13,0.0,0.0,4191763.5,0.0,6886091.5,7177943.5,12520668.0,8383929.5,0.0,10115451.0,0.0,23314510.0,2333784.25,0.0,0.0,0.0,1
1789706394.3246,music,187,11,0.0,11088329.0,0.0,2994409.75,13632294.0,0.0,15383890.0,10803176.0,1064952.125,4732731.0,0.0,0.0,42168712.0,0.0,0.0,9293906.0,1
1789706394.3825243,music,187,7,0.0,0.0,0.0,0.0,0.0,0.0,845610.5625,0.0,2320331.0,0.0,0.0,3946250.5,5938389.5,531089.4375,0.0,0.0,1
1789706394.42858,music,201,13,0.0,0.0,0.0,4062982.0,0.0,0.0,0.0,6948480.5,19246870.0,5505870.5,2347577.5,15115980.0,0.0,1236090.125,8349550.0,0.0,1
1789706394.4937274,music,205,14,8809377.0,0.0,0.0,0.0,12601676.0,0.0,0.0,8599524.0,272346368.0,10561516.0,3166804.5,3745201.5,35977960.0,0.0,18785520.0,34926384.0,1
1789706394.5575933,music,200,15,11394330.0,0.0,0.0,0.0,0.0,390004.1875,6860825.5,20223728.0,350140544.0,9220604.0,0.0,0.0,0.0,1137359.875,7126483.5,4483675.0,1
1789706394.8180823,music,205,12,0.0,0.0,0.0,0.0,0.0,0.0,0.0,3892795.0,98764432.0,2491298.5,0.0,725192.1875,5677502.0,1462897.75,3340356.0,0.0,1
1789706394.8784006,music,208,11,0.0,0.0,0.0,0.0,0.0,201008.515625,0.0,0.0,34610212.0,5228758.0,0.0,1158795.125,19104362.0,923949.625,3031457.5,502771.71875,1
1789706394.9425974,music,212,8,0.0,0.0,0.0,0.0,0.0,849781.25,414131.625,4220662.0,49712572.0,0.0,0.0,105857.953125,0.0,0.0,2507896.5,42658.8359375,1
1789706395.0069647,music,217,11,0.0,0.0,0.0,0.0,0.0,6945711.0,0.0,1002270.375,0.0,0.0,0.0,540306.0625,18561790.0,2366122.75,23805256.0,385679.375,1
1789706395.0697725,music,217,10,0.0,0.0,0.0,0.0,0.0,0.0,2182595.0,3165495.0,117892504.0,0.0,0.0,0.0,0.0,3551418.25,22554894.0,392246.71875,1
1789706395.1960607,music,189,15,4514818.5,27193942.0,0.0,0.0,0.0,488048.25,39383.97265625,0.0,0.0,1816080.25,291523.25,2177157.0,2692454.75,1564909.625,0.0,0.0,1
1789706395.2561483,music,204,10,0.0,7297733.0,0.0,495102.90625,0.0,0.0,387298.125,405339.4375,0.0,0.0,0.0,0.0,10490360.0,2041153.625,3351488.5,0.0,1
1789706395.3320692,music,208,6,0.0,0.0,0.0,0.0,0.0,0.0,0.0,1067779.0,41850936.0,785716.5625,0.0,0.0,3433982.0,507019.75,0.0,0.0,1
1789706395.3947468,music,175,9,0.0,0.0,0.0,0.0,0.0,0.0,1024498.5,0.0,0.0,0.0,937074.375,0.0,2064308.5,1456481.5,60136560.0,134670592.0,1
1789706395.4589257,music,187,16,0.0,0.0,0.0,0.0,0.0,0.0,8869286.0,16619111.0,94138640.0,278804160.0,13217137.0,7684122.0,0.0,0.0,84654960.0,261217408.0,1
1789706395.6719284,music,183,11,4792346.0,3233650.25,0.0,11904858.0,29278592.0,0.0,0.0,0.0,0.0,1792893.875,944445.0,1687099.0,0.0,721740.75,0.0,0.0,1
1789706395.7370563,music,204,9,0.0,3742657.75,0.0,0.0,5808974.0,0.0,819763.0,0.0,9058792.0,0.0,0.0,0.0,0.0,522879.6875,6142785.5,25080824.0,1
1789706395.8022687,music,224,13,395262.625,0.0,0.0,0.0,0.0,0.0,0.0,422984.75,16579462.0,5264303.0,483663.03125,0.0,31142116.0,0.0,1799292.125,3844425.25,1
1789706396.1790714,music,168,8,0.0,9245167.0,0.0,0.0,0.0,0.0,0.0,0.0,0.0,0.0,72898648.0,30419342.0,1007055.25,509791.0,0.0,0.0,1
1789706396.179625,music,205,12,26841404.0,0.0,7583354.5,1104316.375,0.0,1201180.375,2552447.0,41933.703125,0.0,3161722.0,0.0,0.0,0.0,32315.4140625,8198169.0,909110.625,1
1789706396.2370193,music,180,8,2695822.0,0.0,0.0,35726868.0,0.0,1187670.125,0.0,1073158.0,0.0,0.0,0.0,13520578.0,750887.25,436189.1875,0.0,0.0,1
1789706396.3015637,music,183,18,3334684.0,6088475.0,487412.375,35281980.0,16732453.0,0.0,4637545.5,2766663.25,0.0,0.0,45165300.0,305171.0625,782368.5,0.0,0.0,0.0,1
1789706396.3656363,music,168,11,7024232.5,0.0,0.0,0.0,6565360.0,334097.90625,0.0,7204964.5,0.0,0.0,164766064.0,65282788.0,0.0,0.0,0.0,0.0,1
1789706396.4296095,music,168,12,1782689.25,0.0,0.0,0.0,457407.6875,135221.375,123195.0390625,0.0,0.0,141966.171875,0.0,435023.25,310437.625,605233.3125,0.0,0.0,1
1789706396.4789896,music,191,12,14719684.0,0.0,0.0,17281740.0,0.0,0.0,1088041.875,5231273.0,0.0,0.0,0.0,0.0,0.0,0.0,3672968.75,3345807.5,1
1789706396.5432842,music,177,7,0.0,0.0,0.0,0.0,2818534.25,0.0,1871018.25,0.0,0.0,0.0,0.0,0.0,3421704.75,3408341.5,0.0,0.0,1
1789706396.606337,music,145,5,0.0,0.0,0.0,0.0,0.0,0.0,0.0,991797.0,0.0,0.0,20116292.0,72780816.0,0.0,1216954.375,0.0,0.0,1
1789706396.6701102,music,199,10,0.0,0.0,4359170.0,68719728.0,0.0,0.0,0.0,589402.375,4153632.0,2874237.0,0.0,0.0,0.0,0.0,0.0,1372174.0,1
1789706396.73504,music,193,19,0.0,0.0,3370975.75,92151864.0,0.0,1241328.5,1018084.25,997553.75,9083320.0,1281040.25,0.0,1150712.875,1614340.25,2732898.5,1691546.125,2552247.5,1
1789706396.8006477,music,190,14,0.0,0.0,938772.625,48686392.0,2720013.5,474164.40625,12493332.0,17340484.0,910069.0,3257557.0,0.0,0.0,0.0,0.0,0.0,1909040.5,1
1789706396.86608,music,193,12,6939199.0,756754.125,0.0,0.0,0.0,0.0,1476145.125,0.0,0.0,891399.75,0.0,23053048.0,424929.09375,328719.96875,0.0,0.0,1
1789706396.9309046,music,158,8,0.0,2687240.5,0.0,0.0,0.0,0.0,0.0,0.0,0.0,454207.09375,153938752.0,37235700.0,702389.875,66098.21875,0.0,0.0,1
1789706396.994655,music,195,13,0.0,1054506.0,0.0,50167120.0,1624203.5,117129.3515625,3990623.5,0.0,52636.96875,1304814.75,0.0,335898.46875,0.0,137332.9375,0.0,44518.8828125,1
1789706397.059392,music,195,11,8025537.0,1262715.25,0.0,0.0,0.0,0.0,0.0,0.0,40304.8046875,0.0,21371736.0,13579411.0,992868.0,371130.75,0.0,0.0,1
1789706397.1931088,music,195,8,4095107.75,0.0,0.0,0.0,0.0,0.0,6205221.0,2930497.5,628924.375,0.0,0.0,0.0,47307.75,90284.5,0.0,118565.71875,1
1789706397.4141889,music,187,20,9017752.0,2467303.25,1531349.625,0.0,0.0,0.0,1222477.125,7585471.0,53126144.0,85767056.0,12892116.0,13189637.0,11501087.0,2026007.25,0.0,924475.25,1
1789706397.8254697,music,220,9,0.0,0.0,2955151.5,13063838.0,0.0,0.0,0.0,0.0,0.0,6570996.0,0.0,0.0,0.0,379184.25,0.0,30317.037109375,1
1789706397.8845565,music,215,11,0.0,0.0,264896.40625,14860573.0,0.0,0.0,0.0,0.0,46126932.0,5328077.0,0.0,0.0,55548.6484375,296632.625,4818558.0,24650.421875,1
1789706398.3950675,music,176,22,8459949.0,6887799.5,0.0,0.0,610325.9375,62275768.0,46864040.0,1030685.875,0.0,2169782.5,4557441.0,9230140.0,1787782.5,5014467.0,0.0,734380.3125,1
1789706398.6794946,music,186,13,12063893.0,20713556.0,408366.8125,3488721.5,73590528.0,22540178.0,17868102.0,0.0,0.0,505331.25,9548095.0,23701432.0,0.0,0.0,0.0,0.0,1
1789706398.7403512,music,197,11,2983390.75,0.0,0.0,0.0,5205393.0,12278685.0,9586235.0,0.0,0.0,0.0,0.0,2141334.25,0.0,10987824.0,23492712.0,55753348.0,1
1789706398.8052387,music,184,15,17139306.0,35920056.0,0.0,0.0,14560972.0,23226324.0,12970319.0,4995374.0,5488377.5,0.0,13277032.0,1684800.25,237722224.0,17030302.0,0.0,0.0,1
1789706398.8695452,music,187,17,0.0,4763847.5,0.0,0.0,423951.40625,23652132.0,17888978.0,0.0,0.0,302894.4375,33819920.0,16318383.0,0.0,2722273.0,6157473.0,1202238.75,1
1789706398.9644074,music,189,12,10827396.0,16460882.0,40210044.0,18086356.0,0.0,9550326.0,0.0,63985456.0,0.0,319492.0,0.0,0.0,0.0,2135954.75,0.0,0.0,1
1789706399.0304039,music,195,13,3099479.5,7130810.0,0.0,55875440.0,14529240.0,3573295.25,3915530.0,2361901.5,286792.34375,35582.28125,0.0,0.0,0.0,8481936.0,0.0,1201371.875,1
1789706399.096509,music,196,15,4652252.5,608420.3125,51162840.0,31927988.0,12594168.0,0.0,0.0,0.0,0.0,60370.140625,0.0,30343812.0,75885616.0,137847.421875,1196915.0,1485776.75,1
1789706399.1612723,music,181,21,0.0,8247649.0,54994232.0,33464060.0,13949918.0,3180378.0,3252703.5,1554628.875,2700608.0,7308416.0,11722168.0,1020696.0,0.0,8623906.0,0.0,0.0,1
1789706399.2262473,music,195,17,1511501.875,0.0,12124942.0,24440380.0,4832075.5,10633908.0,23382736.0,5701679.0,7699257.5,66104620.0,0.0,0.0,0.0,6291313.0,0.0,627570.8125,1
1789706399.2910674,music,207,14,0.0,171842.34375,664311.0,19160182.0,0.0,0.0,0.0,0.0,13101191.0,168966000.0,0.0,29792452.0,802257088.0,16945128.0,0.0,861079.3125,1
1789706399.3549924,music,200,19,0.0,0.0,58343944.0,13579908.0,0.0,21658850.0,14928896.0,0.0,5879438.0,116522888.0,5280404.0,49405780.0,596178944.0,13314882.0,0.0,1583441.25,1
1789706399.4184983,music,192,20,6807926.0,10689643.0,48890200.0,44437132.0,0.0,5790993.5,49518048.0,44952544.0,3380696.0,0.0,0.0,1958672.25,267818800.0,23854932.0,3427465.5,1037706.0,1
1789706399.6628027,music,196,22,4514581.0,6149549.5,16658709.0,34523928.0,0.0,4533596.0,22101160.0,15412027.0,4422138.0,0.0,0.0,1962283.0,49601988.0,5272113.0,0.0,267401.34375,1
1789706399.8204803,music,204,13,2672343.0,0.0,19748.78515625,0.0,0.0,231307.28125,7247.4931640625,0.0,30250028.0,93068104.0,0.0,0.0,14805334.0,0.0,1027406.5625,7344007.5,1
1789706399.9147723,music,185,21,2071228.75,4192154.0,17913738.0,86788960.0,140263072.0,71503.1796875,30224520.0,8258473.0,0.0,135341184.0,21839348.0,2176038.75,8819356.0,1769610.75,0.0,0.0,1
1789706400.0414345,music,204,13,138699.78125,2370797.0,0.0,67581208.0,0.0,0.0,10487550.0,0.0,13028184.0,202543472.0,0.0,444664.15625,0.0,0.0,9774943.0,48288812.0,1
1789706400.1052732,music,204,14,0.0,14729597.0,2377906.5,0.0,0.0,0.0,0.0,2706034.5,536210.875,122321912.0,0.0,907329.25,21535962.0,0.0,981728.625,1231868.75,1
1789706400.1672246,music,187,18,19154254.0,24497240.0,123603376.0,24872466.0,144435248.0,3137013.5,0.0,0.0,0.0,0.0,7280483.0,9164987.0,5398495.0,121947.921875,0.0,0.0,1
1789706400.2319283,music,193,14,0.0,0.0,0.0,0.0,0.0,0.0,1402820.375,382821.90625,24568716.0,239520496.0,0.0,4535790.0,0.0,309507.03125,6166247.0,7187690.0,1
1789706400.2958176,music,188,9,1361596.5,0.0,4283355.0,0.0,0.0,0.0,0.0,0.0,15794417.0,80344992.0,0.0,245705.359375,0.0,1027360.625,268945.3125,0.0,1
1789706400.3605216,music,188,9,0.0,1633288.875,5249854.0,0.0,0.0,338984.5,0.0,0.0,0.0,15410061.0,0.0,144621.703125,2223869.5,96624.8046875,0.0,6904686.5,1
1789706400.4199066,music,170,10,1988335.75,0.0,0.0,7110490.0,0.0,0.0,1706579.25,0.0,5019748.0,0.0,311052288.0,127406464.0,0.0,253021.90625,762231.1875,0.0,1
1789706400.484172,music,197,13,0.0,0.0,880932.8125,5802017.5,33047860.0,137049584.0,901767.875,0.0,375158.1875,0.0,0.0,1507213.25,2618974.25,0.0,1043218.6875,1305907.5,1
1789706400.5490775,music,197,10,1066727.75,0.0,0.0,9252192.0,0.0,0.0,0.0,315792.375,3501271.75,104981704.0,0.0,268385.5625,0.0,140675.1875,0.0,0.0,1
1789706400.6428566,music,198,8,3031997.5,7317284.5,0.0,7568299.0,0.0,0.0,0.0,0.0,0.0,0.0,0.0,1037386.5,1038682.875,41186.51171875,0.0,0.0,1
1789706401.1815171,music,149,4,0.0,0.0,893270.375,0.0,0.0,0.0,0.0,0.0,0.0,0.0,335242336.0,66787348.0,0.0,0.0,0.0,0.0,1
1789706401.1824546,music,185,14,0.0,0.0,207302.21875,50208352.0,7638794.5,29199526.0,345913.34375,0.0,161657.296875,0.0,0.0,0.0,325017.78125,1099799.25,378861.0,49582.69140625,1
1789706401.2768555,music,141,4,0.0,0.0,0.0,0.0,0.0,1618497.25,0.0,0.0,0.0,0.0,205313040.0,98137320.0,0.0,0.0,0.0,0.0,1
1789706401.2775905,music,183,11,227664.40625,0.0,0.0,10000906.0,1470193.0,0.0,0.0,0.0,0.0,494423.3125,0.0,0.0,3907770.25,222650.0625,65956.9453125,0.0,1
1789706401.337103,music,157,5,0.0,0.0,0.0,0.0,1682709.75,8472494.0,0.0,0.0,0.0,0.0,42885564.0,0.0,0.0,0.0,0.0,0.0,1
1789706401.4009206,music,149,8,730778.25,0.0,0.0,9892034.0,0.0,0.0,0.0,0.0,0.0,0.0,228966560.0,84824800.0,0.0,0.0,0.0,0.0,1
1789706401.4646552,music,155,10,375115.1875,0.0,0.0,3646100.25,6595226.0,0.0,0.0,0.0,0.0,0.0,109570440.0,53176216.0,6264356.0,9384209.0,0.0,0.0,1
1789706401.5282931,music,155,4,0.0,0.0,0.0,0.0,0.0,4642666.0,0.0,0.0,0.0,0.0,19973560.0,11436380.0,1810695.875,0.0,0.0,0.0,1
1789706401.5785658,music,152,6,0.0,0.0,0.0,0.0,18193054.0,69078904.0,0.0,0.0,0.0,0.0,80308648.0,34030676.0,0.0,0.0,0.0,0.0,1
1789706401.5795152,music,188,10,0.0,11296129.0,0.0,477494.5625,0.0,0.0,2940802.75,57190.265625,0.0,0.0,0.0,1586297.25,0.0,726280.375,16248218.0,41703668.0,1
1789706401.9090667,music,186,14,0.0,0.0,2615770.5,0.0,19460762.0,90196008.0,0.0,0.0,18666844.0,4692142.0,0.0,8233135.5,11194866.0,237785.5,143399.953125,0.0,1
1789706401.9691038,music,184,17,315967.96875,0.0,51359580.0,1036355.125,11678809.0,61616520.0,292794.21875,2439059.25,21013506.0,1117279.25,4757113.0,0.0,13739278.0,1037546.0625,0.0,366178.125,1
1789706402.1931293,music,164,8,0.0,0.0,0.0,0.0,1437055.875,25127908.0,0.0,0.0,437941.96875,0.0,0.0,372897.375,1981223.75,311209.875,660633.0,0.0,1
1789706402.259015,music,202,16,94233.0859375,0.0,993247.0,1531952.75,0.0,0.0,10969596.0,226009.71875,2570669.0,858974.9375,340699.75,1023524.125,0.0,117242.3203125,289618.6875,0.0,1
1789706402.3237233,music,202,10,0.0,3017683.0,0.0,0.0,0.0,0.0,0.0,1000737.75,487865.84375,186829.703125,0.0,156552.65625,0.0,434136.96875,275747.5,0.0,1
1789706402.3700776,music,228,5,0.0,0.0,0.0,0.0,0.0,0.0,26285284.0,15547946.0,470725.0,0.0,0.0,0.0,0.0,0.0,0.0,0.0,1
1789706402.4789937,music,202,12,4520646.0,0.0,0.0,0.0,0.0,0.0,0.0,3548981.5,217056736.0,12724799.0,4817333.0,833729.5625,0.0,1449798.75,4085164.75,29442972.0,1
1789706402.5368826,music,194,10,0.0,12686232.0,0.0,600615.625,0.0,608938.5625,142772.75,4900227.0,210288864.0,0.0,3163630.0,0.0,0.0,105112.25,0.0,0.0,1
1789706402.6681004,music,204,13,0.0,0.0,0.0,51473.25390625,3070215.0,33926536.0,0.0,19664686.0,698867840.0,21073858.0,0.0,0.0,2776270.75,1242859.625,0.0,904271.375,1
1789706402.727147,music,205,12,0.0,0.0,0.0,0.0,2100878.5,45324000.0,4738948.0,12972530.0,650696448.0,24986228.0,0.0,0.0,0.0,0.0,0.0,1448501.5,1
1789706402.89061,music,205,13,0.0,23477358.0,42247636.0,0.0,0.0,0.0,0.0,3306430.25,95185392.0,4566274.0,0.0,3255012.5,1193405.25,0.0,0.0,4938973.0,1
1789706402.9371097,music,205,13,14408694.0,23187952.0,0.0,0.0,0.0,2858969.25,3384461.5,0.0,0.0,0.0,0.0,0.0,432115.78125,1490704.75,13816304.0,1239820.0,1
1789706402.983419,music,208,11,0.0,0.0,0.0,0.0,2434878.0,12139205.0,0.0,1486718.0,0.0,0.0,0.0,402552.21875,1173296.75,2288002.75,29260000.0,6265254.5,1
1789706403.175221,music,205,22,23616028.0,41577624.0,0.0,0.0,0.0,18385200.0,296700.34375,4942416.0,140966688.0,6533872.0,918045.25,2268434.25,872307.0625,3252241.5,31273900.0,697788.375,1
1789706403.2355628,music,206,9,0.0,0.0,0.0,0.0,0.0,0.0,0.0,674233.5625,11982714.0,0.0,0.0,1590048.875,5527725.0,763947.4375,26691480.0,273641.6875,1
1789706403.299996,music,207,15,0.0,9934017.0,0.0,0.0,3463449.5,0.0,2442780.0,2596344.5,53744504.0,2880985.5,0.0,572566.125,477328.6875,104185.0390625,0.0,116634.2734375,1
1789706403.3635945,music,210,9,0.0,0.0,0.0,0.0,0.0,0.0,0.0,3781515.75,156448000.0,6282766.0,0.0,201794.5625,0.0,1322552.0,11644305.0,0.0,1
1789706403.4380927,music,189,15,13676520.0,18138090.0,3848209.75,2208858.0,0.0,3095998.0,0.0,2322467.0,8700348.0,169037984.0,0.0,7023704.5,5383689.0,0.0,0.0,0.0,1
1789706403.6191018,music,200,19,1992239.75,9064894.0,25991800.0,0.0,16088320.0,3848438.25,575052.875,385113.375,0.0,3872640.0,0.0,1449232.375,4521233.5,270831.40625,1816165.5,41925372.0,1
1789706403.6805193,music,188,14,10209240.0,27139102.0,0.0,1281472.5,337774112.0,2336424.0,5467205.0,841035.1875,0.0,967954.25,0.0,0.0,1964500.5,243624.9375,0.0,0.0,1
1789706403.7765791,music,206,11,0.0,0.0,0.0,0.0,0.0,11532450.0,9454375.0,0.0,5919211.5,2468698.5,0.0,0.0,646768.25,210615.234375,0.0,122323216.0,1
1789706403.8397667,music,201,15,14735445.0,0.0,0.0,0.0,0.0,30556670.0,29662864.0,0.0,3516341.0,348462.375,0.0,563010.875,2207647.25,55542.828125,2004040.5,107978312.0,1
1789706403.9036944,music,203,20,11571847.0,23768324.0,0.0,646883.875,1342985.5,913109.625,2529709.0,1263615.125,0.0,0.0,1304169.875,786990.75,2103714.0,590173.75,2510473.5,287553280.0,1
1789706404.028848,music,190,9,0.0,0.0,0.0,0.0,0.0,65029624.0,56448652.0,0.0,0.0,30931.3984375,0.0,3646159.5,11939952.0,1741145.875,4132030.5,0.0,1
1789706404.4098918,music,192,17,16134325.0,5498230.5,0.0,23750940.0,364775.1875,6898852.0,2969067.5,3449388.5,0.0,0.0,0.0,9229246.0,40211952.0,5508539.5,0.0,474144.3125,1
1789706404.4743795,music,182,10,5164028.5,0.0,2968466.5,99215416.0,2741605.25,0.0,0.0,0.0,1079112.875,8380913.5,0.0,0.0,0.0,0.0,0.0,0.0,1
1789706404.537904,music,165,5,0.0,0.0,0.0,0.0,0.0,3060038.25,3637784.25,0.0,0.0,0.0,66273208.0,28635424.0,0.0,0.0,0.0,0.0,1
1789706404.6949942,music,190,11,11373194.0,2062081.25,0.0,0.0,0.0,0.0,770564.0,16450940.0,0.0,857671.875,11715701.0,0.0,0.0,0.0,12454467.0,466386.125,1
1789706404.7550745,music,172,14,3324883.0,0.0,0.0,0.0,0.0,676967.0,0.0,156606.671875,0.0,0.0,212509120.0,47447364.0,5987004.0,4812188.0,15540984.0,0.0,1
1789706404.8188434,music,173,10,0.0,0.0,0.0,14249488.0,1144077.0,4025928.0,4041675.5,121805.8984375,0.0,264420.0,0.0,0.0,1883830.5,6178683.5,10607563.0,0.0,1
1789706404.882612,music,151,3,0.0,0.0,0.0,0.0,0.0,0.0,0.0,0.0,0.0,0.0,233963568.0,126351488.0,0.0,0.0,0.0,0.0,1
1789706404.9466674,music,190,20,8754478.0,16242172.0,32268396.0,26831484.0,7596546.0,2668522.5,0.0,1145086.625,0.0,3763964.0,0.0,0.0,1035965.6875,279369.5,0.0,1096123.5,1
1789706405.011175,music,190,18,0.0,1291573.75,2851294.75,85853824.0,0.0,963374.1875,100269880.0,30205806.0,0.0,561726.8125,0.0,0.0,21404124.0,5496250.0,10057351.0,458331.25,1
1789706405.07341,music,190,18,0.0,0.0,0.0,33184848.0,9600746.0,2543739.5,3030254.5,44956488.0,1499974.5,4771225.5,0.0,15603242.0,9316274.0,819342.25,0.0,0.0,1
1789706405.1192052,music,182,20,1655703.75,241239.21875,0.0,50916860.0,86089.484375,2588808.5,112918512.0,98447800.0,1750699.75,1476568.375,0.0,956734.375,4051969.25,950213.3125,0.0,36695.16015625,1
1789706405.1843028,music,172,11,1793908.25,0.0,18994772.0,0.0,0.0,441310.59375,1103133.625,0.0,0.0,0.0,389282816.0,74091392.0,321829.0625,5041527.0,0.0,0.0,1
1789706405.4226713,music,186,19,0.0,0.0,0.0,109558072.0,10163384.0,3872335.75,126693336.0,3683804.5,120217728.0,278905536.0,99512096.0,0.0,1209720.5,1924836.25,4711664.5,0.0,1
1789706405.9292965,music,198,15,0.0,0.0,27463086.0,69725680.0,3939940.5,958235.8125,883255.4375,0.0,0.0,693507.25,1506724.0,0.0,0.0,3259273.75,18166792.0,1934913.0,1
1789706406.149067,music,196,16,0.0,0.0,0.0,53679680.0,27553820.0,73286520.0,3095796.0,5951694.5,216727264.0,10230766.0,0.0,652255.5,0.0,1728921.25,0.0,0.0,1
1789706406.2095778,music,197,14,607793.5,262487.59375,7137602.5,17373600.0,0.0,0.0,0.0,0.0,251288176.0,6633824.5,0.0,0.0,0.0,11433161.0,47271592.0,18731360.0,1
1789706406.2736058,music,197,12,766467.9375,230273.625,4127678.5,122155656.0,0.0,9524463.0,3083214.5,0.0,0.0,790999.6875,0.0,0.0,2026832.25,0.0,11312184.0,1026885.75,1
1789706406.340875,music,207,11,5378157.0,0.0,0.0,24703460.0,0.0,0.0,0.0,10873012.0,375930560.0,8502239.0,0.0,0.0,0.0,2836914.25,0.0,0.0,1
1789706406.3418317,music,166,7,0.0,0.0,0.0,0.0,297052.4375,602584.375,0.0,0.0,0.0,0.0,177543296.0,50265320.0,265379.9375,0.0,0.0,0.0,1
1789706406.4141352,music,164,12,0.0,0.0,0.0,0.0,0.0,0.0,0.0,0.0,0.0,1011512.4375,141093584.0,59815012.0,16646091.0,21188494.0,0.0,577011.5,1
1789706406.4152894,music,228,8,218091.234375,112937.7890625,0.0,0.0,0.0,0.0,0.0,1635519.25,99165840.0,6345725.5,0.0,0.0,0.0,0.0,21511290.0,0.0,1
1789706406.4991536,music,228,10,3911888.0,0.0,0.0,0.0,0.0,0.0,5322309.0,0.0,0.0,0.0,0.0,7470518.0,194299008.0,29087214.0,0.0,1993235.0,1
1789706406.500049,music,165,6,0.0,970962.875,0.0,10926936.0,0.0,980142.8125,0.0,0.0,0.0,2032344.875,67499536.0,17741318.0,0.0,0.0,0.0,0.0,1
1789706406.814959,music,186,11,2608400.5,0.0,5715640.0,1009220.75,70343544.0,0.0,0.0,0.0,0.0,0.0,0.0,5452945.5,0.0,658941.625,0.0,10803674.0,1
1789706406.910174,music,197,22,14623186.0,28469304.0,5639703.0,0.0,0.0,0.0,448851.9375,569188.9375,21810646.0,199403888.0,17478062.0,2172589.0,305880800.0,6516472.5,14948398.0,14822846.0,1
1789706406.9698136,music,180,16,20944246.0,14825256.0,64434464.0,5085230.5,0.0,0.0,233161.234375,4467499.5,52054884.0,1470076.0,15335341.0,6147010.5,0.0,1450185.625,0.0,0.0,1
1789706407.0336998,music,180,15,4403217.0,7077151.0,350774.8125,0.0,0.0,136822.46875,224588.4375,0.0,13274019.0,111212080.0,3898599.0,7065755.0,0.0,1609896.75,9627886.0,0.0,1
1789706407.162845,music,174,20,35983620.0,35472352.0,78287920.0,3956641.5,23557960.0,8655666.0,0.0,0.0,0.0,3297027.75,7173696.0,98405440.0,292082688.0,37007784.0,0.0,5572849.5,1
1789706407.2238717,music,186,13,13877658.0,20352244.0,31174716.0,0.0,62488972.0,0.0,0.0,0.0,0.0,39879072.0,0.0,809138.625,0.0,6519870.5,0.0,1530080.625,1
1789706407.290559,music,202,13,6780837.0,18456876.0,0.0,0.0,0.0,0.0,6921498.5,125064.5390625,41101748.0,119941288.0,0.0,2279815.0,216358368.0,0.0,0.0,21527958.0,1
1789706407.3543546,music,189,20,26222580.0,16748962.0,0.0,1824316.625,0.0,19855802.0,15622527.0,0.0,62075708.0,141485312.0,0.0,19388750.0,199353248.0,3677262.0,2125828.75,30107438.0,1
1789706407.429684,music,189,23,0.0,0.0,26730408.0,2373746.0,23848640.0,20004558.0,18810348.0,10320744.0,128142848.0,256458560.0,10510823.0,8242692.5,0.0,4951758.5,2311349.75,11492134.0,1
1789706407.4756365,music,194,15,2917435.5,6734573.0,30211618.0,0.0,0.0,12554208.0,11742540.0,0.0,47073872.0,194020160.0,29886740.0,33139810.0,0.0,0.0,0.0,0.0,1
1789706407.6694345,music,224,5,0.0,1791669.75,0.0,0.0,0.0,0.0,16099102.0,0.0,0.0,0.0,0.0,0.0,0.0,0.0,0.0,419835168.0,1
1789706407.728426,music,197,17,15325045.0,31904820.0,16811356.0,0.0,0.0,54548928.0,62248340.0,187028.5,14080915.0,62770920.0,0.0,0.0,0.0,0.0,1839707.25,0.0,1
1789706407.790997,music,197,15,0.0,479302.09375,0.0,342731.125,0.0,80566696.0,79040208.0,452197.90625,1478415.75,0.0,3661033.5,0.0,476053472.0,27698406.0,414242.96875,0.0,1
1789706407.841461,music,186,19,0.0,682954.0,4460327.0,671383.5,0.0,298465056.0,239499088.0,0.0,0.0,10911607.0,3756730.25,4758746.5,126310408.0,24934700.0,2834461.25,0.0,1
1789706407.9062185,music,189,15,0.0,1577537.375,8654907.0,451184.875,0.0,464955712.0,406459776.0,0.0,3826013.0,171304.484375,0.0,0.0,23596600.0,2466469.75,0.0,0.0,1
1789706407.970527,music,187,20,3471672.0,3573645.25,8120781.5,374549.5625,0.0,0.0,87811720.0,0.0,2621090.75,24286252.0,0.0,1939563.75,0.0,4275351.0,0.0,218975936.0,1
1789706408.0356712,music,192,12,190472.1875,0.0,417092.59375,0.0,0.0,2482390.25,34659372.0,41248.89453125,807704.375,27914580.0,0.0,0.0,3555056.0,495291.375,0.0,0.0,1
1789706408.1005952,music,190,15,0.0,0.0,20125900.0,1685817.25,2539194.25,13482298.0,11773541.0,0.0,0.0,775139.375,109554.3359375,1467603.375,114450632.0,8443400.0,2110894.0,0.0,1
1789706408.1657758,music,194,19,0.0,0.0,47924896.0,773922.9375,11313250.0,16170964.0,12679952.0,0.0,2319838.5,22868832.0,0.0,5365414.5,42482336.0,2721514.0,160805.5625,0.0,1
1789706408.2310047,music,187,14,4805039.5,0.0,0.0,50882704.0,22291144.0,0.0,30753164.0,22282802.0,1588105.625,355917.375,0.0,2239386.25,0.0,236314.390625,10084706.0,0.0,1
1789706408.2969713,music,222,6,0.0,0.0,0.0,3328363.75,0.0,0.0,0.0,0.0,2119257.5,21077604.0,0.0,0.0,0.0,0.0,0.0,27358050.0,1
1789706408.297971,music,169,15,0.0,0.0,2295123.0,0.0,7379462.0,9300475.0,6119931.0,0.0,0.0,0.0,5805555.5,3711358.5,8722611.0,266661.25,16283618.0,0.0,1
1789706408.3624775,music,222,9,0.0,0.0,0.0,0.0,1044857.8125,8789446.0,4685140.5,60360328.0,2110998.25,0.0,0.0,0.0,0.0,6501217.0,0.0,128872144.0,1
1789706408.363359,music,179,13,0.0,0.0,20522324.0,19748760.0,22169936.0,0.0,11522792.0,0.0,23430592.0,0.0,7017063.0,69713072.0,17384636.0,0.0,0.0,0.0,1
1789706408.4270828,music,193,15,0.0,2980993.25,13927676.0,0.0,0.0,1768484.5,1651598.875,9157574.0,285715392.0,174490512.0,0.0,769469.875,72636656.0,13128856.0,10400494.0,0.0,1
1789706408.6516888,music,194,21,8111719.0,0.0,17871468.0,93440424.0,16157240.0,24307890.0,25204372.0,57637760.0,5594557.0,18234764.0,0.0,5342064.5,24143758.0,1317620.875,8095311.0,0.0,1
1789706408.9042091,music,205,19,856493.75,0.0,1192967.75,6221445.0,7349995.0,24745944.0,168517680.0,110644224.0,417820.5625,1458266.0,0.0,91356720.0,0.0,7036444.0,1459842.25,6730185.0,1
1789706409.188866,music,204,12,0.0,0.0,5018789.0,0.0,0.0,0.0,606818.1875,0.0,2483302.75,914841.5,20995904.0,9924310.0,12447710.0,385546.1875,0.0,3620668.25,1
1789706409.2840817,music,194,11,0.0,0.0,359342.375,0.0,0.0,0.0,0.0,0.0,0.0,6761812.0,0.0,4676745.5,23923868.0,2894762.75,455621.34375,0.0,1
1789706409.3475327,music,201,11,0.0,0.0,0.0,8672880.0,777990.1875,0.0,0.0,0.0,855207.5,0.0,0.0,5989408.5,42375392.0,929603.6875,936803.375,0.0,1
1789706409.4119856,music,183,30,23434060.0,7110836.5,1057404.375,10918448.0,42463480.0,61347148.0,0.0,27221946.0,21133630.0,59674244.0,25173912.0,35246928.0,9446054.0,4860302.0,5769041.0,3634537.0,1
1789706409.5051925,music,189,20,0.0,7214000.0,1097741.375,2350536.0,80782344.0,11015756.0,0.0,2915368.75,76039608.0,39894632.0,11807506.0,1229651.625,37070272.0,4325393.5,12124927.0,0.0,1
1789706409.5659106,music,188,13,0.0,3965472.0,1996018.625,1005628.0,0.0,0.0,0.0,8934087.0,415201216.0,62989520.0,0.0,5153488.0,15711052.0,0.0,0.0,10763654.0,1
1789706409.630075,music,191,10,0.0,7109207.0,1079895.25,3524311.25,11898580.0,0.0,0.0,0.0,385861344.0,53540992.0,0.0,0.0,0.0,592927.875,1206407.25,0.0,1
1789706409.6941054,music,188,14,2450517.0,0.0,40631064.0,1839490.75,0.0,8159377.5,1730730.5,0.0,65947280.0,775009.5625,0.0,7906426.0,0.0,2256505.0,0.0,0.0,1
1789706409.758214,music,193,15,0.0,0.0,0.0,3661063.5,0.0,8616101.0,7421828.0,8926188.0,4954528.0,4575958.0,0.0,2054493.125,14187336.0,2641751.75,1832137.5,4593314.5,1
1789706409.8233209,music,191,13,0.0,0.0,0.0,0.0,0.0,17758564.0,24910308.0,0.0,47169640.0,10490163.0,0.0,2064369.75,14587902.0,0.0,949599.125,0.0,1
1789706409.888178,music,191,8,484025.0625,3811699.0,0.0,0.0,4433301.5,0.0,0.0,0.0,0.0,0.0,0.0,804384.375,0.0,0.0,5217596.0,0.0,1
1789706409.9384027,music,193,21,0.0,295379.125,1818413.75,8919114.0,4750021.0,14811143.0,2994944.75,0.0,1842466.75,5405187.0,406930.34375,2088358.25,43816000.0,0.0,4199766.5,1766885.25,1
1789706410.0030837,music,178,14,0.0,371581.0,0.0,226496640.0,38338572.0,18567890.0,95766.984375,13253492.0,0.0,1043783.4375,20344544.0,0.0,0.0,30538244.0,73471808.0,0.0,1
1789706410.067314,music,188,12,87990.21875,594152.5625,0.0,0.0,100070848.0,53257732.0,0.0,0.0,0.0,13866823.0,11098321.0,0.0,32723290.0,5155759.5,0.0,1564312.0,1
1789706410.131875,music,188,13,210504.609375,0.0,0.0,49719624.0,18348108.0,0.0,33832596.0,48022116.0,0.0,2001529.25,0.0,21450692.0,26296326.0,7763242.0,13448034.0,934349.625,1
1789706410.181993,music,195,19,0.0,0.0,1879384.375,6885112.0,0.0,0.0,158800080.0,96451672.0,740975.75,6200065.0,5064136.5,6798348.0,59893992.0,5766091.5,5134454.0,299885.46875,1
1789706410.39176,music,196,12,0.0,0.0,1183876.375,0.0,0.0,0.0,0.0,0.0,815324.1875,5424220.0,24519120.0,2562521.5,37660768.0,1722478.75,0.0,1061705.25,1
1789706410.4511104,music,181,22,11445236.0,16185598.0,12615668.0,111017008.0,110040440.0,0.0,0.0,0.0,2397562.5,11229672.0,10468000.0,24731974.0,0.0,11821890.0,17143534.0,0.0,1
1789706410.5147521,music,180,12,8783750.0,6524794.0,0.0,0.0,1430872.75,0.0,39284852.0,45549604.0,3832798.75,1739909.125,9514146.0,3197104.75,0.0,381309.6875,0.0,0.0,1
1789706410.580224,music,195,19,4715611.5,0.0,0.0,22211734.0,0.0,0.0,124470984.0,103452024.0,1429338.75,1641034.625,0.0,2023340.0,7212554.0,989032.25,0.0,1865210.25,1
1789706410.6556458,music,194,15,0.0,23622108.0,0.0,0.0,77460416.0,926787.375,215010.65625,0.0,59630992.0,1336207.625,0.0,0.0,2036207.75,13748696.0,40982480.0,0.0,1
1789706410.7202916,music,190,14,6317615.0,0.0,7363716.0,0.0,0.0,0.0,6149173.0,31473792.0,46835820.0,54433856.0,6940496.5,1528588.125,4709477.5,3428696.0,25759960.0,0.0,1
1789706410.7850091,music,196,11,0.0,0.0,0.0,0.0,0.0,0.0,0.0,0.0,287039296.0,0.0,5400523.5,22069714.0,0.0,985924.125,20948152.0,45273064.0,1
1789706410.850107,music,199,14,0.0,0.0,1905034.375,1056248.625,0.0,0.0,4965905.0,0.0,415773312.0,0.0,0.0,2335978.75,3023174.5,14917016.0,7921013.0,23311482.0,1
1789706410.9135761,music,198,14,0.0,0.0,35943804.0,19388316.0,0.0,0.0,0.0,8327758.5,323641280.0,17692424.0,0.0,2430234.5,0.0,10617778.0,0.0,4468267.0,1
1789706410.9774396,music,196,5,0.0,0.0,8453383.0,17207174.0,0.0,0.0,0.0,0.0,187040032.0,0.0,0.0,0.0,7159319.0,0.0,0.0,0.0,1
1789706411.0412478,music,196,5,0.0,0.0,74486112.0,197917248.0,0.0,0.0,0.0,0.0,15522529.0,0.0,0.0,3968726.0,0.0,0.0,0.0,0.0,1
1789706411.0865312,music,195,17,0.0,2721294.0,0.0,840452.5,0.0,733745.125,4804149.5,1523264.0,36541696.0,322865.5625,0.0,438056.75,3260844.0,1097161.25,2198379.25,432220.78125,1
1789706411.150825,music,192,18,13384508.0,8763402.0,0.0,0.0,0.0,0.0,1977734.25,5316916.0,66972464.0,3102813.25,586146.25,106983.5078125,13747771.0,682465.25,234971.328125,441817.25,1
1789706411.215684,music,193,20,6326369.5,10319681.0,0.0,0.0,0.0,1728000.25,0.0,2747643.75,95927760.0,2213552.75,2373417.75,3528061.75,13440952.0,1304809.75,668356.75,200750.296875,1
1789706411.2799838,music,193,13,0.0,3691061.5,0.0,377225.4375,0.0,0.0,0.0,0.0,0.0,99497.8515625,313917.53125,1377908.25,2415194.25,1994583.125,3400586.0,0.0,1
1789706411.328508,music,195,16,0.0,0.0,0.0,0.0,0.0,743361.5,373679.125,2312667.25,52713112.0,1032638.5,446888.40625,265936.9375,9313263.0,1418375.25,317527.9375,0.0,1
1789706411.3926287,music,196,15,6109876.5,0.0,0.0,0.0,0.0,0.0,0.0,525399.5625,45225256.0,43929.390625,0.0,1690787.375,26996458.0,2716223.25,239757.296875,53307.78125,1
1789706411.4560406,music,193,13,2705063.25,8442781.0,0.0,0.0,0.0,0.0,66059.6171875,1079587.125,94263136.0,3267224.75,0.0,1240851.5,0.0,0.0,629257.625,172560.90625,1
1789706411.5201843,music,199,17,2300547.25,2886532.25,0.0,3500894.25,0.0,0.0,45094.7421875,1818249.625,128568928.0,3643775.75,0.0,2860001.25,26704260.0,1101806.75,0.0,141343.28125,1
1789706411.5848787,music,194,11,3276419.5,3180187.5,0.0,2807140.75,0.0,0.0,411744.625,189559.0,24823996.0,0.0,0.0,0.0,0.0,0.0,395414.75,141895.3125,1
1789706411.64845,music,198,17,0.0,7123654.0,0.0,0.0,0.0,0.0,68467.09375,2866318.25,123520880.0,3030350.0,107327.578125,322885.96875,2307075.5,190421.40625,427984.96875,67573.34375,1
1789706411.7122765,music,204,13,3379532.5,6742041.0,0.0,333164.28125,0.0,0.0,76082.234375,1064307.875,56918316.0,1859626.375,0.0,0.0,15219656.0,230233.3125,138362.578125,0.0,1
1789706411.7759714,music,199,10,1353602.0,2284923.0,0.0,0.0,0.0,0.0,0.0,0.0,0.0,14657.1181640625,0.0,1199432.25,35706848.0,90708.46875,151086.03125,80221.71875,1
1789706411.840263,music,200,9,0.0,0.0,0.0,2179161.0,0.0,28718.16015625,134108.0,0.0,0.0,0.0,0.0,72293.6640625,1581811.625,0.0,302557.1875,48233.8203125,1
1789706411.905605,music,200,16,3732166.0,6145485.0,0.0,2773671.75,0.0,126085.21875,0.0,24326.9375,5132742.0,0.0,0.0,862586.625,56010040.0,2340096.25,156960.765625,277682.96875,1
1789706411.9561641,music,197,15,2419291.0,3379633.75,0.0,310511.90625,0.0,0.0,41167.80859375,0.0,7234559.0,249608.375,0.0,1179699.875,0.0,880332.375,262638.9375,308934.625,1
1789706412.0208502,music,202,13,1656518.125,2508776.25,0.0,0.0,0.0,600708.0625,30073.34765625,0.0,6824628.5,41192.68359375,0.0,1543438.0,57267532.0,3403823.0,0.0,153374.4375,1
1789706412.0850172,music,186,15,5377091.0,0.0,0.0,0.0,0.0,585016.625,0.0,979738.125,27751164.0,865424.1875,140185.0625,488643.53125,1892013.25,608295.0,0.0,0.0,1
1789706412.1490312,music,199,12,3226211.75,0.0,0.0,0.0,0.0,0.0,0.0,0.0,0.0,519544.875,146641.46875,3166466.75,99163456.0,3645694.25,51737.8828125,0.0,1
1789706412.2127042,music,198,9,3676836.25,2563972.25,0.0,5701055.5,0.0,0.0,0.0,0.0,0.0,0.0,0.0,0.0,0.0,210348.546875,109674.6796875,105324.234375,1
1789706412.2770329,music,197,16,2496848.75,2532363.75,0.0,0.0,0.0,0.0,124045.4296875,0.0,9186367.0,344100.53125,0.0,4111133.5,45393260.0,147677.328125,67214.6015625,130617.6953125,1
1789706412.3402278,music,196,14,500114.4375,2039592.25,0.0,0.0,0.0,0.0,0.0,0.0,26670954.0,1340727.75,0.0,4650335.0,44285584.0,246146.375,31917.373046875,133832.1875,1
1789706412.4034238,music,197,11,0.0,3356208.0,0.0,0.0,0.0,0.0,0.0,3044140.75,95889136.0,1273179.125,0.0,90122.59375,0.0,85403.984375,293208.75,0.0,1
1789706412.46716,music,196,14,0.0,0.0,0.0,0.0,0.0,0.0,19153.4921875,0.0,154395200.0,2864170.0,0.0,37205.1875,3109272.75,1131199.75,308107.96875,119392.15625,1
1789706412.530404,music,196,12,0.0,0.0,0.0,0.0,0.0,0.0,13091.916015625,0.0,0.0,529214.0,75698.890625,710538.375,50200288.0,2047358.75,331626.0,0.0,1
1789706412.579109,music,196,19,2513377.5,1165678.625,0.0,0.0,0.0,113057.8125,0.0,3256594.25,114991272.0,1897483.0,106953.90625,568691.0625,19070748.0,971245.0,137929.265625,121958.2265625,1
1789706412.6239722,music,195,15,0.0,0.0,0.0,2326586.75,0.0,0.0,0.0,0.0,51775240.0,2588019.75,50952.2734375,134918.53125,58384552.0,1978440.25,201633.046875,46430.5546875,1
1789706412.687884,music,195,14,0.0,0.0,2387652.75,0.0,0.0,0.0,0.0,0.0,74634576.0,5938905.0,999217.875,1056726.0,0.0,2399120.0,3949463.5,4689444.5,1
1789706412.7327383,music,198,15,1740508.25,3790290.75,0.0,39260.9140625,0.0,410068.71875,0.0,1297475.375,62828920.0,734728.1875,0.0,1251607.25,2773109.75,0.0,273079.40625,389505.78125,1
1789706412.7965977,music,198,12,0.0,736365.375,0.0,0.0,0.0,0.0,0.0,0.0,36255000.0,2592271.25,0.0,37709.3515625,9249126.0,836294.0,304315.875,195525.28125,1
1789706412.846302,music,198,11,0.0,0.0,0.0,8419380.0,0.0,309697.25,0.0,2910961.0,26371488.0,0.0,0.0,3693743.0,9813880.0,483687.59375,285091.0,56498.21875,1
1789706412.8955579,music,193,17,15849764.0,0.0,0.0,3281283.25,117381432.0,0.0,0.0,3956252.25,24696146.0,425271.125,0.0,1299008.5,36143316.0,1718931.25,240278.28125,28710.19921875,1
1789706412.9599779,music,192,8,0.0,0.0,0.0,0.0,71347880.0,0.0,0.0,0.0,0.0,1778267.0,0.0,1937902.125,0.0,167214.28125,42412.125,198628.359375,1
1789706413.0234609,music,177,10,0.0,0.0,0.0,7319688.0,145974048.0,0.0,0.0,4019190.0,58126496.0,0.0,0.0,3052485.75,28640892.0,2560201.0,0.0,454924.0,1
1789706413.0884085,music,193,12,4504082.5,0.0,0.0,0.0,24912900.0,0.0,0.0,302988.0625,19103082.0,39901.26953125,31191.5546875,176655.859375,0.0,0.0,12271.05078125,54847.875,1
1789706413.1530635,music,194,12,8661971.0,1856677.5,0.0,0.0,84820048.0,0.0,64598.76171875,0.0,0.0,122502.84375,0.0,337699.25,24174616.0,5512167.5,224116.765625,90858.28125,1
1789706413.2167382,music,180,11,0.0,2560252.5,0.0,8278793.5,81299648.0,0.0,142885.046875,0.0,8773776.0,809827.125,0.0,2222335.5,31510516.0,0.0,0.0,0.0,1
1789706413.2810032,music,208,11,5378157.0,0.0,0.0,0.0,65268876.0,0.0,54470.6875,315833.5,0.0,927586.6875,0.0,0.0,0.0,0.0,347395.71875,304456.4375,1
1789706413.345127,music,195,15,11877065.0,0.0,0.0,439794.3125,0.0,0.0,0.0,605563.5,2585057.0,2195159.25,0.0,5422952.0,125701544.0,6293962.0,0.0,171980.5,1
1789706413.4101174,music,195,17,2635233.5,367920.625,0.0,7091949.0,29415780.0,60664056.0,32040074.0,15000762.0,17334870.0,10525244.0,548549.1875,12072060.0,0.0,0.0,0.0,0.0,1
1789706413.4549305,music,191,18,0.0,0.0,162534.390625,0.0,84980568.0,0.0,21528488.0,2067280.25,7452344.0,34850668.0,1200116.625,0.0,0.0,620014.25,7043606.0,4707860.0,1
1789706413.518872,music,187,13,2077019.625,3032867.0,0.0,0.0,0.0,2725437.5,0.0,0.0,52925336.0,0.0,0.0,1878635.75,0.0,2958711.0,4812961.0,0.0,1
1789706413.5840256,music,197,14,480017.46875,0.0,0.0,1986977.0,28025200.0,0.0,0.0,0.0,8078302.0,0.0,0.0,853553.0625,31966356.0,2794872.5,804337.375,3371944.5,1
1789706413.649648,music,197,13,195428.8125,0.0,0.0,1502494.0,32405444.0,788146.625,5766938.0,0.0,1068271.5,765529.25,0.0,2013916.875,7402404.5,2790847.25,100601.984375,0.0,1
1789706413.6993332,music,187,12,0.0,0.0,0.0,0.0,40545264.0,0.0,0.0,2324981.0,4549044.5,17708264.0,1999154.5,2791151.75,0.0,0.0,0.0,795103.6875,1
1789706413.7648282,music,198,6,0.0,0.0,0.0,0.0,0.0,0.0,0.0,19460580.0,22260218.0,0.0,0.0,0.0,0.0,1061446.5,1094582.25,1412211.0,1
1789706413.828684,music,200,15,5751426.0,0.0,3014355.5,0.0,0.0,1542545.875,4854284.5,0.0,10154607.0,9404982.0,3183047.5,1331544.5,21486552.0,0.0,532067.5,1322274.625,1
1789706413.8932166,music,200,6,0.0,0.0,0.0,0.0,0.0,0.0,0.0,873568.0625,0.0,0.0,0.0,3323122.5,21825560.0,0.0,1264159.0,2573415.5,1
1789706413.942513,music,175,5,0.0,0.0,0.0,0.0,85966112.0,0.0,0.0,0.0,0.0,0.0,454666.34375,0.0,0.0,563267.9375,0.0,0.0,1
1789706413.9432464,music,212,13,0.0,0.0,1507264.5,0.0,0.0,0.0,0.0,3268076.5,9694728.0,3834199.5,0.0,4772224.5,25813848.0,952972.375,0.0,965477.875,1
1789706414.00667,music,201,13,0.0,0.0,0.0,0.0,0.0,0.0,2221345.5,2591746.0,48665904.0,1391801.375,1521963.875,5248875.0,55977984.0,492574.4375,179944.109375,317109.59375,1
1789706414.0705369,music,197,19,4455830.0,3125563.0,0.0,10794300.0,0.0,2618679.0,1180953.375,625326.3125,125969968.0,0.0,134625.40625,7336611.0,23126448.0,361196.0,1093303.5,0.0,1
1789706414.134155,music,200,18,3445674.5,6403509.0,3515915.25,1404666.125,0.0,0.0,161817.21875,2738253.25,87752728.0,416426.25,0.0,1442487.75,55623728.0,6733937.5,117352.2265625,1503393.25,1
1789706414.1984615,music,200,14,1834166.25,5941325.5,0.0,0.0,2582273.25,0.0,1580105.75,0.0,62762304.0,3962157.0,0.0,9745062.0,0.0,6765385.5,496765.0625,734807.75,1
1789706414.2442875,music,199,17,2759899.0,4876647.0,207192.078125,427783.9375,0.0,0.0,637019.5,516315.4375,0.0,447478.78125,0.0,6226039.0,123379920.0,8962631.0,877974.625,785090.8125,1
1789706415.838107,music,244,18,0.0,3039553.75,0.0,494000.96875,183144.9375,481084.15625,440218.96875,213791.1875,656279.0,860755.125,1097199.75,87956304.0,25479726.0,0.0,855169.875,0.0,1
1789706415.8967056,music,243,12,13604707.0,28041660.0,0.0,0.0,96839.3125,2399598.0,0.0,0.0,0.0,0.0,837585.6875,20162972.0,11094864.0,0.0,837706.5,0.0,1
1789706418.0238872,music,273,14,0.0,0.0,0.0,4187724.75,3275705.25,0.0,0.0,0.0,0.0,61241.3046875,84454.1015625,177834.046875,176581.0,12852.15234375,66474.375,0.0,1
1789706418.1181684,music,277,16,0.0,0.0,0.0,0.0,1314899.25,300915.1875,460230.125,0.0,176583.734375,132267.421875,55261.03125,0.0,103902.6875,312679.375,604640.25,106767.2890625,1
1789706419.1016977,music,279,14,0.0,0.0,0.0,1813827.125,0.0,0.0,0.0,0.0,1865112.25,331964.0625,7259711.0,3179357.0,0.0,2486783.5,0.0,1272722.25,1
1789706419.1024084,music,71,5,1732502.125,188044.1875,16193786.0,0.0,0.0,83063.234375,0.0,0.0,0.0,0.0,0.0,0.0,0.0,0.0,0.0,0.0,1
1789706421.4107497,music,250,14,3071378.25,0.0,8434544.0,19538732.0,96337976.0,115494960.0,0.0,13658931.0,0.0,0.0,0.0,2556781.5,802205.8125,0.0,0.0,258962528.0,1
1789706422.328241,music,159,16,0.0,300883872.0,75161776.0,0.0,0.0,0.0,0.0,4877228.0,0.0,62218616.0,2604001.75,476847.875,3989406.75,1326261.75,0.0,1663094.75,1
1789706422.3922915,music,161,28,0.0,393415936.0,174926128.0,1856474.375,111947840.0,0.0,6489093.5,63082112.0,181114.046875,286521952.0,45019184.0,10833476.0,15230738.0,9572958.0,251807424.0,603668608.0,1
1789706422.4511268,music,158,30,44701828.0,87041472.0,35259852.0,2656972.75,498082528.0,0.0,201909280.0,223710976.0,459559.78125,544267648.0,88748216.0,190309392.0,962757888.0,15960498.0,45169012.0,132468104.0,1
1789706422.5205622,music,158,19,59480400.0,110129456.0,0.0,305695.625,0.0,0.0,80965112.0,22978346.0,0.0,550508352.0,26101564.0,4039118.5,0.0,5222531.5,0.0,1701723.625,1
1789706422.613718,music,156,20,93915488.0,185581936.0,0.0,0.0,46099728.0,39589336.0,0.0,16602726.0,67854224.0,0.0,0.0,248336592.0,0.0,3870656.0,2183328.5,0.0,1
1789706422.6729183,music,156,15,13169142.0,0.0,0.0,282595.3125,5825960.0,55080368.0,1518735.0,0.0,50826124.0,3591484.0,10358672.0,442420736.0,0.0,1351047.375,18231378.0,0.0,1
1789706422.837067,music,156,14,0.0,36317128.0,0.0,738817.25,9849334.0,0.0,0.0,0.0,0.0,473353.9375,1652523.75,15078176.0,3979910.5,3212353.25,1977687.0,2800364.5,1
1789706422.8997283,music,156,19,26659988.0,0.0,0.0,984041.75,0.0,1061061.625,644054.5625,1635907.0,4001521.0,626422.25,2071828.0,0.0,4501321.5,2894404.75,1555719.0,2477240.5,1
1789706423.2166622,music,149,19,33457192.0,96657776.0,0.0,0.0,46066760.0,236074976.0,1627058.0,0.0,77109408.0,2339482.0,0.0,118898680.0,0.0,676402.4375,8917174.0,570597.5,1
1789706424.229267,music,141,23,28153074.0,37822492.0,18360758.0,59145868.0,40231420.0,283572.4375,42644528.0,156050480.0,1618414.125,1093770.125,100195216.0,18765924.0,0.0,8281847.0,55892400.0,2322876.5,1
1789706424.2868433,music,141,23,28046434.0,24235768.0,0.0,76116304.0,0.0,194528.640625,494453472.0,500700960.0,0.0,1130187.75,23320578.0,5985748.5,2754167.75,11724378.0,15547319.0,3762327.25,1
1789706424.3364067,music,141,17,0.0,0.0,34710760.0,86622184.0,34157704.0,43654240.0,492514976.0,0.0,0.0,0.0,5137808.0,7871723.0,0.0,9501032.0,8697488.0,0.0,1
1789706424.3821006,music,131,16,25273812.0,0.0,0.0,0.0,0.0,0.0,224580832.0,0.0,1042000.5625,5089423.0,9833514.0,3625870.0,0.0,4966761.0,7240124.0,912064.5625,1
1789706424.4451852,music,141,20,25799096.0,0.0,0.0,0.0,3104230.0,1540292.125,413234048.0,287657344.0,0.0,0.0,5645960.0,5196897.0,11424516.0,4762257.5,27600062.0,9468260.0,1
1789706424.8952696,music,137,18,110951160.0,46103448.0,0.0,54934568.0,0.0,3357901.5,23743968.0,0.0,0.0,6637734.0,3935239.5,897981.125,0.0,5653618.5,31771024.0,8809014.0,1
1789706426.1617823,music,143,20,4739009.5,0.0,683393408.0,888184384.0,1532791.875,4920346.0,10273014.0,4728286.0,18064472.0,19752176.0,1312906.75,8933828.0,217204.953125,0.0,0.0,0.0,1
1789706426.2197006,music,140,20,15485817.0,1877501.125,0.0,371524576.0,29415708.0,2998584.75,13129630.0,16092765.0,1540060.0,2679056.75,1601941.875,19781206.0,0.0,4735499.5,0.0,0.0,1
1789706426.352274,music,135,18,0.0,2909593.5,0.0,0.0,262207.0625,2068576.375,0.0,3878586.5,809745.1875,2861552.25,0.0,0.0,225877.09375,3818827.0,7142603.0,5564748.0,1
1789706426.4098365,music,111,12,1407011.625,0.0,7364437.0,27200356.0,0.0,0.0,3916357.5,0.0,243617.0625,0.0,0.0,0.0,123749.71875,0.0,0.0,5148394.0,1
1789706426.472397,music,134,24,2735484.0,9146054.0,9929643.0,0.0,11866244.0,43937316.0,47685612.0,3578978.0,48335696.0,6283377.5,5387171.5,6566044.5,5241593.5,26597712.0,17888424.0,4587321.0,1
1789706426.5356634,music,143,20,27646090.0,16186335.0,0.0,16113472.0,679579.8125,0.0,11646844.0,0.0,28359082.0,8285694.0,857413.5625,8806949.0,0.0,9592802.0,1347263.875,0.0,1
1789706426.5982742,music,144,16,0.0,4525980.0,11894648.0,2547123.25,1186726.875,1473327.25,5467574.5,789928.0,0.0,0.0,2130363.5,0.0,1441915.625,6809152.0,5178682.5,0.0,1
1789706426.6607602,music,139,20,0.0,3368358.0,14888148.0,4022481.0,7532258.5,2029774.25,5752873.0,0.0,3625401.5,3771669.0,0.0,528666.6875,898975.6875,2000017.75,8652685.0,2056450.75,1
1789706426.7241986,music,147,20,43429756.0,96890432.0,1531256.125,0.0,817986.375,4014466.5,8764728.0,1054011.125,6479709.5,0.0,0.0,1017818.25,2690396.25,1633134.5,698146.3125,1210336.0,1
1789706426.7872307,music,150,19,95937552.0,136679008.0,0.0,0.0,6108688.0,12441710.0,10445298.0,445939.03125,5108824.5,0.0,828037.6875,218478.859375,0.0,2381969.25,775421.625,497367.0625,1
1789706426.8509371,music,151,19,75197360.0,105698296.0,1026660.375,2687085.75,52783040.0,0.0,0.0,475051.40625,12046542.0,567235.0625,2428684.0,0.0,0.0,470356.40625,172667.0625,0.0,1
1789706426.9144325,music,136,23,184777408.0,0.0,1084074.75,2284300.0,175069728.0,3629375.0,5573085.0,352859.1875,2355656.5,137169.25,0.0,1146538.75,0.0,3212971.5,7168167.0,6952304.5,1
1789706426.97748,music,138,19,0.0,5510972.0,56236532.0,7713050.0,241919280.0,8216621.0,556718.625,3214524.75,10340835.0,2652406.5,2407025.25,1415205.25,0.0,0.0,0.0,3544535.5,1
1789706427.0393343,music,131,22,0.0,24911582.0,7275176.5,10740949.0,911198208.0,12199641.0,1798583.875,931152.1875,0.0,3467805.5,0.0,1321559.25,59212320.0,3102104.5,9352147.0,2430120.5,1
1789706427.1432314,music,138,19,6346203.0,0.0,149731712.0,5492458.0,0.0,888332.0625,665420.125,0.0,0.0,7181995.0,2877838.75,97520.1328125,61258900.0,10320434.0,7888074.0,4047035.0,1
1789706427.1999593,music,118,17,71284448.0,86877272.0,105026336.0,2708973.0,0.0,16090082.0,0.0,574949.6875,6747271.0,319684.875,1066052.875,0.0,136435872.0,8829113.0,0.0,591387.375,1
1789706427.2622035,music,137,18,25376456.0,11598854.0,0.0,0.0,0.0,5453810.0,612586.375,1339607.25,0.0,527097.5,1387757.0,1672285.0,0.0,2345587.5,1815239.375,1569603.125,1
1789706427.323852,music,128,10,16380511.0,0.0,0.0,0.0,0.0,10597792.0,0.0,0.0,6088357.5,5016926.0,0.0,0.0,0.0,1793557.0,4568872.5,3755598.25,1
1789706427.3852406,music,117,12,59946688.0,68324288.0,44436476.0,10467972.0,421051264.0,0.0,0.0,0.0,0.0,0.0,0.0,0.0,14537332.0,0.0,13943090.0,8107697.0,1
1789706427.448468,music,121,7,127537504.0,0.0,42931372.0,0.0,146023120.0,0.0,0.0,0.0,0.0,0.0,0.0,0.0,0.0,0.0,0.0,7413814.5,1
1789706427.510879,music,110,12,15222970.0,0.0,0.0,0.0,1979964.125,2848904.0,3207082.0,0.0,0.0,0.0,0.0,0.0,7185173.0,4330075.5,2734853.25,0.0,1
1789706427.5746956,music,118,21,22663712.0,0.0,0.0,1490220.125,4821061.0,799020.625,2838864.5,1129760.75,934702.125,3571656.5,520349.0625,0.0,23378296.0,3472291.75,1441223.5,893405.0625,1
1789706427.6385574,music,131,24,49628476.0,125588392.0,83314592.0,0.0,0.0,88892240.0,19578904.0,339095.40625,8256002.0,4651772.5,5558919.0,3650345.5,6017235.0,10407499.0,7520554.5,2254735.0,1
1789706427.701277,music,135,21,23373090.0,0.0,8242055.0,0.0,142505568.0,536455104.0,761705920.0,6649029.0,5259995.5,6205916.0,9142769.0,3182978.5,1163738.25,1327579.75,11182966.0,0.0,1
1789706427.763106,music,135,18,0.0,0.0,7396083.5,4803274.5,30987542.0,798236160.0,1206851968.0,10293752.0,4041885.25,1669647.0,6188932.0,4000100.0,0.0,898026.6875,2479326.5,0.0,1
1789706427.8118296,music,134,16,0.0,0.0,0.0,0.0,5831333.5,1191107968.0,1138688000.0,1380265.5,1107999.625,329333.1875,4008054.25,7784063.5,4234604.0,604981.0625,0.0,0.0,1
1789706427.8679295,music,132,14,0.0,0.0,0.0,1342668.75,0.0,1313901696.0,1080535168.0,195587.890625,316912.90625,1286279.0,0.0,0.0,0.0,301388.3125,1871657.125,0.0,1
1789706428.156194,music,135,25,34282132.0,58363456.0,24741402.0,7041199.0,0.0,28633000.0,246329984.0,111242512.0,35868712.0,62890260.0,15239254.0,16476700.0,22398232.0,0.0,0.0,0.0,1
1789706428.2130554,music,135,14,33871928.0,73124944.0,12896383.0,35530424.0,0.0,0.0,245728096.0,80419544.0,0.0,0.0,0.0,5464541.0,0.0,0.0,236353440.0,0.0,1
1789706428.2632558,music,127,22,21086116.0,36013624.0,12840880.0,2630245.25,0.0,30312976.0,714798848.0,288071040.0,0.0,0.0,0.0,30746690.0,49620480.0,73024896.0,449143104.0,46207440.0,1
1789706428.3247833,music,127,19,1090210.375,0.0,0.0,18428940.0,44351640.0,0.0,222870784.0,453291072.0,64675376.0,34342252.0,0.0,19819420.0,0.0,0.0,231322608.0,169415456.0,1
1789706428.3714874,music,129,20,7080554.0,0.0,0.0,0.0,220073008.0,21091840.0,22168320.0,159818736.0,135904944.0,47041276.0,0.0,2070139.375,0.0,8593643.0,27390226.0,144424448.0,1
1789706428.4339867,music,126,26,14425193.0,26022994.0,11756099.0,6433060.0,596780928.0,16250494.0,28035826.0,4217737.5,278032384.0,43271172.0,3746177.0,669634.0,8264570.0,5365422.5,54453804.0,37775180.0,1
1789706428.4960532,music,130,20,47221180.0,73930608.0,317529.125,6571255.0,51318096.0,571229440.0,17213612.0,40144576.0,175759792.0,2344426.5,519008.59375,3086192.75,12677739.0,423441.125,0.0,0.0,1
1789706428.557987,music,126,21,10573299.0,17637326.0,18932716.0,71271416.0,15893000.0,83673384.0,1307237.0,19381804.0,36997908.0,5152028.0,21086214.0,1615880.125,3821679.5,0.0,0.0,0.0,1
1789706428.619502,music,125,22,8165984.0,25009132.0,0.0,105542384.0,55426192.0,76904192.0,101493072.0,172067776.0,13167471.0,1216402.625,0.0,9810670.0,7303859.0,10407266.0,15552395.0,14120989.0,1
1789706428.681637,music,125,22,31730170.0,49506312.0,15143072.0,0.0,82044080.0,258641024.0,171305680.0,115598160.0,0.0,519817.40625,0.0,0.0,3274815.5,14957368.0,0.0,2250768.0,1
1789706428.7317803,music,140,28,17970018.0,16481882.0,595726.3125,0.0,44684804.0,188948736.0,240511872.0,208455168.0,0.0,2416532.25,4005686.25,3486935.5,932745.5,7386045.0,20512908.0,2831077.0,1
1789706428.7940457,music,137,25,11943083.0,10520936.0,2158270.0,127721384.0,20070516.0,71591760.0,9779055.0,6408877.0,14535593.0,0.0,6715307.0,6490554.0,1645237.0,0.0,0.0,7160419.0,1
1789706428.85601,music,138,23,7198248.0,2710711.25,8667459.0,237947024.0,36161348.0,37363508.0,73876944.0,6136332.5,0.0,556104.625,9839769.0,0.0,4152528.75,676772.8125,11461012.0,985836.0,1
1789706428.9185467,music,136,16,18635326.0,44376112.0,6379998.5,71665968.0,9887296.0,0.0,1191203.375,3704627.0,0.0,0.0,0.0,879424.5625,2088148.875,500498.46875,0.0,0.0,1
1789706428.9766092,music,134,23,18623284.0,66591800.0,1325290.5,0.0,41884584.0,185887472.0,4181871.0,3792022.75,2520097.75,679007.0,3835901.5,914148.0,4083619.5,1497297.0,0.0,9033065.0,1
1789706429.3903596,music,114,17,0.0,7867591.5,0.0,0.0,1595818.375,6633748.0,5017445.0,0.0,914897.5,0.0,553224.3125,49358048.0,1165992192.0,260630480.0,12671476.0,8579650.0,1
1789706429.449099,music,114,20,8833070.0,0.0,0.0,0.0,35798688.0,2812752.75,57528864.0,69280240.0,5428638.5,43306932.0,3037307.75,0.0,222280560.0,75634624.0,10157736.0,88486256.0,1
1789706429.4987772,music,132,26,1490464.25,101993272.0,46361672.0,0.0,97255232.0,5198271.5,21543602.0,17086546.0,18249390.0,196193696.0,2224564.0,12808604.0,65850740.0,24004730.0,25520058.0,60549016.0,1
1789706429.5816674,music,124,22,0.0,5331136.0,6009454.0,1697645.25,249467968.0,28787248.0,234729056.0,235825584.0,4021427.75,568578368.0,125793920.0,0.0,0.0,0.0,0.0,19706312.0,1
1789706429.6387002,music,121,21,1573413.25,0.0,157064.90625,2447148.0,300666592.0,922583.6875,219947232.0,108107920.0,0.0,310010656.0,37572008.0,0.0,59015796.0,15711036.0,18444002.0,15361413.0,1
1789706429.713942,music,130,18,3388655.0,60330896.0,0.0,0.0,1098062.0,343975040.0,0.0,4685445.5,246713472.0,107043576.0,0.0,66032628.0,0.0,1078434.875,1366547.5,9636722.0,1
1789706429.8992658,music,135,25,2154898.75,12828246.0,43708896.0,0.0,9062914.0,117638368.0,5994024.0,17624336.0,101130240.0,20858116.0,1861458.5,28977640.0,8280912.5,4961375.0,12952488.0,6149515.5,1
1789706429.9567997,music,133,22,2417606.5,4311810.5,81378160.0,1775178.375,61060584.0,445386432.0,2837816.0,2014109.5,0.0,34844452.0,23247374.0,0.0,3698830.5,4019484.0,0.0,9183670.0,1
1789706430.0196202,music,133,23,0.0,8462932.0,0.0,1379861.0,97468504.0,70765808.0,14379303.0,35949476.0,26076544.0,68980960.0,27916364.0,18025492.0,7522736.0,13414736.0,4823091.0,0.0,1
1789706430.0691962,music,133,19,0.0,9279586.0,10407793.0,1854254.125,187491600.0,18006186.0,10487608.0,0.0,0.0,15614812.0,15118576.0,3011089.5,0.0,8929469.0,5552543.0,0.0,1
1789706430.1151855,music,133,23,0.0,7051925.0,14603402.0,3313224.0,396433120.0,2369138.5,21531250.0,10903230.0,7812055.5,27001032.0,0.0,0.0,28757348.0,5047855.0,12127461.0,49132656.0,1
1789706430.2472253,music,133,23,1442076.375,47904036.0,18597316.0,0.0,6523798.0,5882272.5,30915592.0,19594116.0,2451440.5,26746882.0,3210373.0,2544128.75,0.0,4005196.0,31526636.0,132517200.0,1
1789706430.2932131,music,135,17,0.0,73871792.0,15663368.0,0.0,0.0,11520248.0,47335128.0,23948660.0,456493.40625,6291384.5,0.0,1527108.625,4124822.5,772647.125,0.0,0.0,1
1789706430.3555603,music,140,8,0.0,0.0,0.0,0.0,0.0,0.0,2823310.5,8736682.0,0.0,0.0,2153917.75,13396602.0,4043889.25,0.0,0.0,0.0,1
1789706430.417612,music,140,12,97070080.0,0.0,23842752.0,0.0,5237819.5,11167588.0,20945586.0,0.0,0.0,0.0,0.0,23283842.0,7748382.5,0.0,0.0,0.0,1
1789706430.4638271,music,134,18,120493440.0,84603144.0,0.0,3947120.0,72828448.0,4156038.0,21266592.0,0.0,96386128.0,0.0,0.0,2314932.5,0.0,1779698.625,24172456.0,0.0,1
1789706430.525841,music,135,25,15199808.0,28674404.0,0.0,1560905.0,79471048.0,0.0,5459699.5,14625049.0,200997952.0,165282080.0,8255724.0,6230227.0,7798834.5,3824107.0,11316282.0,32714600.0,1
1789706430.5876684,music,126,22,0.0,75049864.0,0.0,0.0,0.0,1955785.75,26346396.0,9096194.0,128876032.0,100798600.0,55551028.0,1909236.375,6121613.0,1593117.0,10651528.0,17768686.0,1
1789706430.6494825,music,122,23,14603371.0,14422708.0,0.0,0.0,2201525.5,1299541.75,6024787.0,5655556.5,388749888.0,29944540.0,1126281.875,9050202.0,38001584.0,1792591.0,7901386.0,470396.53125,1
1789706430.7114604,music,131,25,122340224.0,118535032.0,0.0,1685475.25,18124184.0,3491542.75,2837892.5,4898810.5,210707200.0,144623552.0,24274940.0,2852047.25,1050804.875,224863.375,1285892.875,0.0,1
1789706430.7742481,music,129,17,24246092.0,65434176.0,0.0,0.0,0.0,1423547.375,2942528.75,10623080.0,0.0,28875106.0,6846311.0,1986776.5,2541863.5,1443590.5,3349309.5,0.0,1
1789706430.8358645,music,135,21,6419235.0,18579524.0,0.0,0.0,7913614.0,233233.5,1530199.375,6965432.5,499060352.0,24173478.0,0.0,0.0,6014180.0,9972728.0,5258148.0,1789078.0,1
1789706430.8970392,music,136,15,137959936.0,91875224.0,0.0,0.0,0.0,365941.25,0.0,4540492.0,287469696.0,8494376.0,149291.65625,392214.125,3819094.5,0.0,0.0,0.0,1
1789706430.959268,music,135,28,114216608.0,143464016.0,96110896.0,115296016.0,4279361.5,0.0,6194200.5,1951305.0,100364392.0,16949404.0,18617600.0,0.0,1496686.5,5479643.0,30293608.0,2877173.0,1
1789706431.0206616,music,134,18,26283696.0,69803672.0,0.0,0.0,0.0,1599925.25,0.0,11408656.0,331368960.0,27232180.0,0.0,314029.875,0.0,2515376.75,0.0,3227390.5,1
1789706431.1971495,music,135,22,31456514.0,316612480.0,78693344.0,2112421.75,26461744.0,2636753.0,888257.375,0.0,25272204.0,0.0,201497.640625,806575.8125,4943904.5,1249961.75,20671392.0,0.0,1
1789706431.25437,music,146,26,24727340.0,142694576.0,150765792.0,1177599.625,72663400.0,1753489.125,5486495.0,8442599.0,24744832.0,6101123.0,1068114.625,3860571.0,1764648.375,3478286.5,15206294.0,0.0,1
1789706431.3158238,music,115,14,0.0,0.0,0.0,0.0,0.0,1603907.125,5535983.0,0.0,7225604.5,16342668.0,3902802.5,1571554.25,2482472.25,1605413.25,121749216.0,413483904.0,1
1789706431.3801963,music,147,21,19012464.0,230982720.0,0.0,0.0,15208859.0,0.0,73614384.0,77888728.0,81651808.0,18372024.0,3309815.75,266633.625,14670348.0,1458357.625,0.0,0.0,1
1789706431.380807,music,103,8,0.0,0.0,0.0,2811553.0,0.0,566840.6875,0.0,0.0,0.0,0.0,0.0,0.0,12222124.0,162397.03125,120752992.0,464175616.0,1
1789706431.445537,music,138,13,10865441.0,51795952.0,0.0,1168968.125,6855606.0,12417166.0,0.0,0.0,0.0,0.0,3802594.5,6040274.5,0.0,3765086.5,28159900.0,0.0,1
1789706431.509826,music,129,14,5258001.0,85396584.0,0.0,175497.21875,0.0,2402232.5,59498312.0,56576484.0,0.0,0.0,1553272.5,298229.1875,13046967.0,3259423.25,0.0,0.0,1
1789706431.6736727,music,138,22,36650372.0,35316676.0,0.0,70297704.0,423112704.0,1618520.5,34660624.0,21190168.0,24273372.0,0.0,1478970.5,0.0,4249322.0,1722250.625,7599757.0,27038760.0,1
1789706431.731655,music,145,20,36122180.0,185593712.0,0.0,0.0,29012940.0,1229402.5,27497664.0,40718968.0,69136080.0,7422717.0,145154.03125,1541552.5,25149776.0,416697.15625,0.0,0.0,1
1789706431.7930875,music,124,21,0.0,99051920.0,0.0,3428167.5,614902976.0,132329.90625,1466509.375,4492900.5,60570424.0,9128442.0,1033199.875,560201.0,11829930.0,841063.125,3446272.25,2957016.25,1
1789706431.8547702,music,124,24,0.0,136940688.0,0.0,1045344.5,257587872.0,3900638.75,3002171.25,3170590.25,413885536.0,67550176.0,797141.3125,124771.859375,1987009.25,893884.5625,5944654.0,12347173.0,1
1789706431.924906,music,135,18,143400912.0,252720352.0,1780987.625,0.0,0.0,2410698.25,276595488.0,162185136.0,249892448.0,1042911.125,0.0,1176003.125,0.0,455887.375,0.0,0.0,1
1789706432.1474495,music,135,21,86404744.0,125825104.0,0.0,756389.9375,20816098.0,0.0,1530289.125,111066296.0,129872776.0,14304046.0,0.0,210506.78125,0.0,208824.65625,3288345.0,329848.5,1
1789706432.194202,music,135,18,87420656.0,20915060.0,5209182.5,1950119.25,4970411.0,5433014.0,13590746.0,0.0,6594072.5,23714956.0,133567216.0,39559436.0,0.0,1007519.375,11454342.0,0.0,1
1789706432.2414045,music,143,20,28694864.0,52525284.0,0.0,6076105.0,10734872.0,0.0,0.0,0.0,56858640.0,1070249.0,456356992.0,222113824.0,0.0,1923788.0,10019866.0,1146751.625,1
1789706432.3038454,music,145,23,19296328.0,15017342.0,4627275.5,12268846.0,0.0,107427.15625,62450940.0,610302.0625,35905464.0,2442619.75,356300736.0,119297248.0,603218.0,631582.1875,0.0,1271206.5,1
1789706432.3667953,music,145,19,54306256.0,30484624.0,0.0,0.0,5843493.5,0.0,18252920.0,9740406.0,32014588.0,1678238.625,0.0,19189654.0,271303.84375,833625.8125,5710129.5,0.0,1
1789706432.4177175,music,146,13,86105536.0,85649040.0,0.0,0.0,0.0,1020066.125,683100.125,2119914.5,0.0,0.0,63370080.0,34584208.0,0.0,0.0,0.0,1080213.0,1
1789706432.4962945,music,145,14,53865532.0,0.0,1602014.375,84843200.0,1277001.625,0.0,458959.375,0.0,1155680.75,295578.6875,242071456.0,164020256.0,0.0,331252.65625,0.0,0.0,1
1789706432.555939,music,149,12,27118824.0,8257026.5,0.0,22148492.0,5664284.0,0.0,0.0,0.0,1460035.125,1866695.75,517745152.0,272296032.0,0.0,0.0,0.0,0.0,1
1789706432.619649,music,145,19,8182107.5,3196566.5,0.0,0.0,0.0,1577743.5,0.0,1609761.125,12050152.0,779161.5,551882496.0,215759568.0,162454.828125,0.0,866260.25,232312.65625,1
1789706432.6833115,music,148,18,55886328.0,11861323.0,5294373.0,0.0,0.0,0.0,10424588.0,1284835.0,10451578.0,924873.875,217335520.0,107345648.0,0.0,234287.390625,3522412.25,0.0,1
1789706432.7466755,music,135,21,82502560.0,17033070.0,0.0,100757176.0,2335783.0,959210.3125,54018808.0,29893054.0,0.0,195233.65625,7315308.5,2100590.25,93920.6015625,617280.5,0.0,1216105.25,1
1789706432.8089628,music,122,17,6766125.5,0.0,1574621.125,48131496.0,1379500.5,290538.34375,44436480.0,27142718.0,3934505.0,309948.1875,0.0,3858911.0,0.0,1237494.0,0.0,0.0,1
1789706432.8709934,music,121,20,10883604.0,0.0,0.0,81109784.0,183616.828125,0.0,8448468.0,7773016.0,2932271.0,761823.375,0.0,0.0,419677.65625,516363.75,437303.53125,433575.03125,1
1789706432.9341528,music,131,33,34789500.0,6861008.5,3746540.0,299887808.0,5549759.5,6390968.0,9919973.0,4805129.0,2259000.5,6694398.0,94815760.0,49640844.0,264074.4375,204925.65625,2271366.75,783295.9375,1
1789706432.9963164,music,131,19,0.0,0.0,0.0,40598124.0,4248082.0,3953631.0,1013863.25,0.0,2994880.25,0.0,0.0,1442708.125,349458.9375,578636.8125,444466.75,190364.703125,1
1789706433.0473008,music,151,8,20717798.0,4673983.0,0.0,0.0,0.0,0.0,0.0,0.0,0.0,0.0,228411776.0,107873216.0,179436.9375,0.0,0.0,0.0,1
1789706433.111357,music,144,19,25721064.0,6953699.0,0.0,0.0,0.0,1321169.5,9303087.0,92937.9609375,848978.4375,634560.75,264725952.0,93944944.0,409221.5625,44702.23828125,0.0,0.0,1
1789706433.192057,music,146,20,63611856.0,11781210.0,0.0,0.0,699889.25,6086785.0,0.0,510070.15625,853766.5,1658808.25,311611584.0,186860544.0,0.0,3658384.25,5067377.0,257944.421875,1
1789706433.41196,music,124,30,68735304.0,11997010.0,802413.75,0.0,684617.5,7023393.0,24031280.0,65586448.0,930790272.0,1752380416.0,101526048.0,41380392.0,29369984.0,10599768.0,7742781.5,28644306.0,1
1789706433.4701517,music,124,17,0.0,0.0,8852065.0,31856528.0,6062560.5,23515500.0,314544.90625,5644099.5,0.0,0.0,0.0,63144556.0,30960308.0,6163266.0,15914466.0,9394523.0,1
1789706433.8248622,music,136,19,7299488.0,0.0,0.0,0.0,313129.75,446666.0,0.0,4347275.5,291265600.0,21840362.0,22767706.0,4955336.5,184446.421875,167212.5625,4919261.0,0.0,1
1789706433.8817067,music,124,20,9325001.0,39703.0078125,1715621.375,0.0,0.0,2781756.0,1128623.375,5506170.5,344580608.0,26417674.0,7154312.0,2045209.5,37908.84375,0.0,0.0,85568.75,1
1789706433.944583,music,152,25,49979240.0,17975064.0,155511424.0,92306296.0,75946656.0,24123040.0,20164524.0,6533949.0,30616704.0,5221548.0,0.0,301836.15625,0.0,0.0,0.0,348408.40625,1
1789706434.361735,music,136,22,8043312.0,16488040.0,0.0,8565680.0,4210278.5,139875488.0,98199296.0,14910033.0,843103424.0,33493070.0,725635.625,0.0,959586.0,0.0,0.0,989657.25,1
1789706434.4308162,music,139,19,163365072.0,0.0,64542280.0,16555440.0,22858828.0,48091984.0,49201616.0,6496195.5,137865888.0,9195611.0,0.0,7499738.5,0.0,51221008.0,0.0,0.0,1
1789706434.492169,music,142,18,0.0,212159.171875,0.0,0.0,0.0,44037608.0,37527560.0,3270615.5,98364952.0,12582576.0,273520352.0,111366968.0,0.0,35270824.0,0.0,1275473.375,1
1789706434.554774,music,128,16,0.0,0.0,0.0,0.0,21500832.0,2985429.0,55787228.0,58771172.0,52540424.0,8095233.0,86191144.0,146826768.0,873660288.0,0.0,0.0,239859.9375,1
1789706434.6173344,music,131,23,7006569.5,1710395.375,5435877.5,16521870.0,837161152.0,0.0,13824678.0,11112071.0,146549936.0,17886516.0,0.0,9763902.0,504014272.0,48560912.0,0.0,2006247.5,1
1789706434.6805763,music,131,20,69121416.0,72305168.0,605077.4375,53370396.0,0.0,31408860.0,22678102.0,0.0,19347400.0,2744565.5,15408412.0,0.0,0.0,26620202.0,9757518.0,361815.625,1
1789706434.7256465,music,131,28,3377062.0,75545240.0,875221.25,13667141.0,481926912.0,19581300.0,13980947.0,9096704.0,14054581.0,3784458.5,0.0,69583664.0,746880960.0,51112420.0,1460295.0,4300017.5,1
1789706434.7715905,music,132,23,26736066.0,41516984.0,0.0,4656434.5,202978912.0,35156404.0,26862406.0,2048412.375,5471077.5,10314654.0,49282756.0,66999584.0,1107663488.0,0.0,4138122.25,7729912.0,1
1789706434.83335,music,132,20,2129730.5,0.0,0.0,0.0,85548944.0,12186605.0,19908330.0,4195283.0,28626834.0,3872748.5,0.0,29661052.0,675792128.0,39965548.0,12441428.0,758618.9375,1
1789706434.8830726,music,128,25,72676384.0,111782920.0,180024.09375,0.0,181943232.0,38530096.0,25588920.0,5966387.0,58464688.0,28470642.0,0.0,29065812.0,260650880.0,12405923.0,54399936.0,3760348.5,1
1789706434.944912,music,133,24,138477376.0,230252512.0,113147032.0,45439396.0,40068216.0,10011630.0,182699760.0,160355440.0,23984196.0,0.0,31876648.0,27779556.0,0.0,24042924.0,23802904.0,3754151.5,1
1789706435.0063858,music,133,20,58315068.0,115600800.0,0.0,67855840.0,24656076.0,3795146.25,102818744.0,0.0,0.0,1290682.0,0.0,0.0,298604096.0,44489484.0,17273134.0,960153.6875,1
1789706435.0530462,music,135,25,30346440.0,52577460.0,0.0,149236688.0,34262856.0,1696780.625,133926040.0,70808152.0,0.0,1517608.5,0.0,23367066.0,375778176.0,8985304.0,3552921.0,5288116.0,1
1789706435.114779,music,136,23,55399796.0,8420499.0,113225200.0,38032768.0,41195112.0,208126.59375,76906832.0,25192696.0,2977572.5,444122.8125,2345268.75,1316285.625,444705408.0,26547688.0,7781159.5,0.0,1
1789706435.1761918,music,134,26,58991808.0,96853784.0,62073128.0,36862400.0,215072224.0,10099096.0,57817328.0,33209006.0,3859043.75,437754528.0,4966845.5,42559480.0,809523200.0,19512624.0,0.0,1610658.0,1
1789706435.2375817,music,133,29,20366190.0,19782820.0,4877211.5,0.0,18233928.0,20100196.0,150011040.0,142392624.0,90564448.0,225246896.0,29766886.0,22372432.0,309761728.0,89901024.0,8700078.0,5871581.0,1
1789706435.298401,music,114,17,7171357.0,0.0,0.0,14963873.0,0.0,42370172.0,0.0,24140144.0,73641616.0,217555312.0,0.0,6568491.5,648984768.0,25380248.0,0.0,1858198.5,1
1789706435.3606508,music,133,27,45037632.0,18325912.0,59959528.0,47906644.0,348117024.0,49132780.0,38979272.0,0.0,99438728.0,179712096.0,44179316.0,77350800.0,0.0,52354684.0,13161762.0,2951783.25,1
1789706435.4234338,music,130,17,52885068.0,0.0,49609556.0,14079998.0,75837160.0,40648928.0,7883770.5,11760960.0,0.0,144765648.0,0.0,0.0,85885040.0,0.0,2734414.25,0.0,1
1789706435.48575,music,131,19,0.0,0.0,7322832.5,3438994.0,11413928.0,22985744.0,52384964.0,68455000.0,30446430.0,0.0,30158576.0,9724511.0,70854736.0,11643482.0,21887704.0,29075608.0,1
1789706435.5478854,music,131,18,0.0,0.0,0.0,0.0,0.0,7315984.0,75821648.0,108750128.0,18870896.0,216161360.0,0.0,4956354.5,96412632.0,26090252.0,45635088.0,0.0,1
1789706435.6614072,music,133,27,17877234.0,60253436.0,52572296.0,2149725.25,45483808.0,11030118.0,11701878.0,3471715.25,78944184.0,364461152.0,1622428.75,199667.609375,139545568.0,14936892.0,9277128.0,794405.0,1
1789706435.7193398,music,126,21,65723312.0,58339168.0,14763138.0,2580232.75,215426544.0,9854261.0,8748306.0,544211.3125,0.0,0.0,12185266.0,4947852.0,58308088.0,4957812.5,0.0,2132751.5,1
1789706435.7813346,music,133,24,8556573.0,19355118.0,10520168.0,3493885.0,0.0,2120052.0,3501408.5,926150.125,26861410.0,117369864.0,3050845.5,259254.109375,0.0,1313693.125,3594980.75,7470263.0,1
1789706435.8427145,music,123,13,0.0,0.0,0.0,1750467.875,0.0,0.0,311363.5625,5916283.0,279108512.0,0.0,694081.25,0.0,31393040.0,5051107.0,1419119.0,54694512.0,1
1789706435.9055028,music,132,26,8407265.0,15926656.0,12801606.0,43112016.0,1346816384.0,332901.25,544041.625,29709494.0,52186912.0,432751328.0,0.0,25394838.0,42108252.0,3886623.75,0.0,626358592.0,1
1789706435.9677844,music,132,19,18638850.0,19343604.0,22336780.0,0.0,2639089.5,234392496.0,15174146.0,46526824.0,17218298.0,0.0,0.0,9562987.0,77209184.0,5295223.0,34102780.0,0.0,1
1789706436.0183775,music,133,21,0.0,8271370.0,5602200.0,53003480.0,369042656.0,9166725.0,69321680.0,12732466.0,13948696.0,256170832.0,510843.6875,0.0,41697188.0,7483414.0,19366784.0,24075838.0,1
1789706436.080127,music,133,21,0.0,32556092.0,13812528.0,0.0,9538959.0,1891180.75,85603032.0,62360456.0,0.0,77908592.0,1082780.0,1969628.125,6714273.0,4337734.0,6115338.0,26487740.0,1
1789706436.1266608,music,133,14,7703868.0,0.0,35690108.0,633934.0,0.0,5685640.0,0.0,0.0,0.0,0.0,3346426.75,0.0,7284950.5,3457106.0,0.0,1482238.625,1
1789706436.1769216,music,133,14,0.0,0.0,0.0,0.0,91451072.0,0.0,23570502.0,0.0,0.0,147241104.0,4555806.0,969852.8125,12035450.0,1101195.875,7817244.0,51536824.0,1
1789706436.2229922,music,128,23,6600863.0,0.0,0.0,1789626.625,265640800.0,8137120.5,166975232.0,39146996.0,3592062.5,108234720.0,0.0,828240.0,17201658.0,2012947.0,4391132.5,20111212.0,1
1789706436.2849002,music,116,17,0.0,0.0,0.0,0.0,496194752.0,10550504.0,151927712.0,101233824.0,4433623.0,128985288.0,0.0,0.0,0.0,595300.625,16996320.0,154911488.0,1
1789706436.421684,music,141,21,7055612.0,18423534.0,8297561.5,68149344.0,0.0,598032.6875,0.0,0.0,10604343.0,233972432.0,320685280.0,104323208.0,10569304.0,1281517.75,1726563.25,25920072.0,1
1789706436.4801812,music,133,28,62271556.0,218485584.0,37595224.0,20129774.0,176358032.0,267752096.0,47244456.0,509983.25,765931.375,178687792.0,140029760.0,84156512.0,17800804.0,533808.3125,1760050.625,12392552.0,1
1789706436.5421844,music,139,20,0.0,0.0,0.0,17953292.0,10756151.0,42207420.0,0.0,0.0,13412498.0,166212160.0,292788384.0,97030520.0,4200556.0,1731514.75,1948524.0,10781785.0,1
1789706436.616303,music,155,16,19247940.0,4546137.0,1234869.0,16801968.0,0.0,0.0,652171.75,912158.625,2214859.0,110407384.0,444356128.0,86371624.0,0.0,0.0,0.0,0.0,1
1789706437.149398,music,146,13,0.0,3184835.25,3043313.0,95734960.0,0.0,0.0,0.0,0.0,0.0,9453699.0,67773024.0,263535.8125,364547.8125,73152.4296875,330468.71875,0.0,1
1789706437.208548,music,117,16,1670576.625,0.0,0.0,0.0,26967280.0,66019096.0,1574445.5,0.0,0.0,1974817.0,0.0,0.0,1095787.625,2974220.5,1876144.125,730287.75,1
1789706437.2093532,music,156,9,0.0,44103668.0,2018424.25,52104608.0,0.0,0.0,0.0,61202.375,220272.09375,0.0,0.0,314127.59375,0.0,0.0,0.0,0.0,1
1789706437.2719517,music,148,19,4963950.0,11699169.0,1598418.625,0.0,1053093.75,12788432.0,9185522.0,0.0,172630.203125,10210308.0,254126592.0,109792888.0,0.0,0.0,0.0,0.0,1
1789706437.3711505,music,145,19,9827534.0,53005508.0,13573424.0,0.0,0.0,1949141.625,0.0,0.0,334950.4375,79278912.0,580809216.0,236737184.0,0.0,44110.62109375,751322.75,0.0,1
1789706437.4307008,music,136,28,4072508.0,45388096.0,14157995.0,0.0,1779072.875,0.0,37876924.0,2067009.5,2043954.125,48820000.0,170183984.0,181281696.0,4444095.0,1943919.5,336455.0625,1688004.875,1
1789706437.4934702,music,140,13,315804.375,129533288.0,55892892.0,0.0,67263192.0,100507944.0,22112998.0,0.0,0.0,0.0,0.0,3545601.75,3128719.0,0.0,0.0,0.0,1
1789706437.5558052,music,140,23,10299732.0,171455632.0,55218944.0,0.0,114865904.0,47929640.0,8542441.0,34668720.0,0.0,29956518.0,123320256.0,23337780.0,69633848.0,6633153.0,0.0,0.0,1
1789706437.908497,music,131,21,14346722.0,3986038.5,27985878.0,0.0,42465184.0,152906016.0,15998740.0,0.0,0.0,3055725.25,0.0,242659776.0,28766200.0,589501.9375,3307027.75,2930404.5,1
1789706437.9653754,music,131,18,1052997.5,188449264.0,0.0,0.0,9192381.0,61704096.0,1530353.375,0.0,28659976.0,3991809.0,0.0,11322740.0,11176489.0,983712.875,2987799.25,324613.1875,1
1789706438.0356917,music,139,21,0.0,163235632.0,28207718.0,1366952.0,8836399.0,17186304.0,579020.625,45805400.0,9282924.0,302884544.0,16006043.0,60383968.0,0.0,199314.6875,0.0,655499.5625,1
1789706438.0930533,music,123,22,4915883.0,159739760.0,48347040.0,1626075.75,0.0,4066903.5,361239520.0,205601456.0,3810144.0,0.0,0.0,0.0,29834890.0,1339147.0,645906.375,2461820.0,1
1789706438.155562,music,123,24,0.0,0.0,0.0,0.0,18436560.0,47863124.0,54668164.0,34017712.0,38390704.0,172945696.0,14912641.0,9478992.0,35639112.0,826204.75,1779905.375,4330102.0,1
1789706438.2050352,music,143,20,10329714.0,174166368.0,14526363.0,0.0,9990048.0,29081070.0,0.0,0.0,43096488.0,122668576.0,29367684.0,14791543.0,9195953.0,0.0,0.0,12235122.0,1
1789706438.4155388,music,138,23,20324680.0,270595712.0,45177984.0,34000952.0,164884496.0,67545976.0,28485308.0,27558350.0,171787040.0,55393920.0,14142357.0,14837011.0,0.0,0.0,0.0,0.0,1
1789706438.4847867,music,135,12,0.0,26497768.0,90710400.0,0.0,208949856.0,0.0,20209160.0,0.0,4626349.0,52771672.0,0.0,0.0,0.0,0.0,0.0,0.0,1
1789706438.5457773,music,134,18,16789400.0,16872518.0,0.0,0.0,0.0,2596062.5,299027584.0,92171184.0,97065296.0,185283360.0,20340972.0,0.0,0.0,1133382.0,0.0,0.0,1
1789706438.6072721,music,134,15,118845872.0,0.0,0.0,91725.953125,39099772.0,169567488.0,898478.375,6050191.5,639239232.0,52796080.0,0.0,9421334.0,12623075.0,16600442.0,0.0,0.0,1
1789706438.652806,music,136,17,191649344.0,123403600.0,0.0,0.0,82820024.0,383168288.0,2733171.0,5043896.0,238484544.0,25972442.0,6575858.0,0.0,0.0,0.0,0.0,0.0,1
1789706438.714022,music,128,28,206639728.0,55689792.0,0.0,0.0,109052912.0,170972416.0,41351384.0,154753376.0,65279704.0,82452536.0,44707792.0,28415118.0,39392808.0,53016452.0,34129148.0,6890088.0,1
1789706438.775834,music,129,19,15451945.0,0.0,41884604.0,0.0,231149776.0,108013920.0,8616142.0,39985304.0,80554032.0,139912960.0,18057756.0,28316692.0,0.0,0.0,0.0,0.0,1
1789706438.8576145,music,129,21,33129528.0,0.0,0.0,13884728.0,55349100.0,37373472.0,86011832.0,18678460.0,276889280.0,27694328.0,10251555.0,0.0,0.0,342187.84375,15633497.0,14103078.0,1
1789706438.903003,music,129,21,34907960.0,69097712.0,76440264.0,39201436.0,0.0,28085998.0,407335968.0,12127710.0,263613424.0,62059336.0,4684563.0,411395.34375,1163957.5,0.0,15875587.0,9319334.0,1
1789706438.948664,music,129,24,88625600.0,76471832.0,0.0,0.0,19225326.0,98005048.0,150289264.0,2806636.5,0.0,13060190.0,4254360.0,0.0,12048794.0,2050213.25,18658538.0,10483326.0,1
1789706438.9980638,music,129,23,36109416.0,42550836.0,67117744.0,0.0,52652300.0,0.0,37183296.0,9554182.0,109007016.0,5384042.5,781046.5625,0.0,1810279.0,1050594.25,58539240.0,11984070.0,1
1789706439.2064397,music,130,21,0.0,46193336.0,18638024.0,0.0,98555472.0,19651188.0,19330168.0,5227587.0,18877552.0,6446951.5,1698303.5,835297.0,0.0,521249.84375,36335216.0,5265163.5,1
1789706439.2631602,music,133,18,0.0,58716536.0,0.0,0.0,228136592.0,10064943.0,13072598.0,4339145.5,126756448.0,5049076.0,0.0,0.0,0.0,6362783.0,48593700.0,381035.71875,1
1789706439.325464,music,130,26,0.0,72876856.0,0.0,0.0,21563188.0,9042317.0,7772349.5,12391974.0,260294112.0,53304760.0,5508200.5,2516524.75,2374732.0,2315904.5,9336529.0,840797.1875,1
1789706439.387882,music,135,26,85213432.0,80795680.0,43411332.0,423747.6875,49169420.0,2596445.25,1097552.375,21819280.0,689057408.0,71961816.0,5007160.5,504200.78125,1878736.25,1301251.25,16951612.0,377234.75,1
1789706439.4487858,music,116,15,4302247.5,0.0,0.0,0.0,0.0,0.0,0.0,10361220.0,105635312.0,1066641792.0,7591971.0,17094324.0,21652694.0,11696950.0,19913820.0,215897120.0,1
1789706439.617992,music,137,23,87240912.0,182125968.0,0.0,11796790.0,107743632.0,0.0,50602232.0,15473063.0,40906576.0,42226396.0,1285892.125,1834972.25,0.0,500492.75,0.0,67486992.0,1
1789706439.6765475,music,134,19,60650808.0,79235488.0,0.0,419033.96875,430873376.0,23269692.0,32486020.0,0.0,29919128.0,2044321.375,8751916.0,5316803.5,4330768.5,0.0,899590.75,0.0,1
1789706439.7762456,music,134,16,0.0,0.0,0.0,0.0,25003836.0,1724065.125,15740098.0,11205905.0,45131128.0,45112208.0,0.0,11101450.0,0.0,164567.40625,0.0,224257488.0,1
1789706439.8214169,music,132,18,0.0,0.0,0.0,0.0,0.0,44539488.0,48610880.0,1272209.5,47721580.0,20478532.0,9929452.0,2078914.25,0.0,184683.453125,9507944.0,243443024.0,1
1789706439.8827531,music,121,18,0.0,51230632.0,0.0,126274.078125,12114054.0,0.0,3200196.75,687921.75,26503988.0,25414220.0,4201004.5,0.0,1921406.875,272216.78125,0.0,117480096.0,1
1789706439.9456522,music,132,25,20442200.0,51075392.0,0.0,24209184.0,66926176.0,657254848.0,710156096.0,47804184.0,24889850.0,4755214.0,0.0,3407621.25,93313136.0,10378500.0,5713563.5,62216436.0,1
1789706440.0080564,music,130,25,0.0,0.0,23181708.0,0.0,447161664.0,325278176.0,546175744.0,142278992.0,13087702.0,31230126.0,10395067.0,7073293.0,52520916.0,53856484.0,21522398.0,280840096.0,1
1789706440.0701008,music,137,18,0.0,23008268.0,0.0,0.0,0.0,189388992.0,167602352.0,64720100.0,434344.875,47909.421875,8655516.0,44343892.0,749662336.0,34814472.0,0.0,0.0,1
1789706440.4084754,music,128,30,50419920.0,41549576.0,3463137.5,12496250.0,26695854.0,28138552.0,61654652.0,55101076.0,20114888.0,1205245.5,139381408.0,40569212.0,252447424.0,21949222.0,4907015.0,1885074.375,1
1789706440.4650793,music,129,23,21194256.0,11508994.0,0.0,28814928.0,0.0,111364960.0,174431520.0,91967376.0,7479325.5,2459570.0,0.0,7616704.5,0.0,7863930.0,1491026.875,1673604.125,1
1789706440.5270026,music,138,28,135456064.0,61246628.0,6957601.5,97178080.0,9595122.0,22487058.0,147973344.0,61487308.0,0.0,1787064.625,98199176.0,54460832.0,152777600.0,10435344.0,7045509.5,4752221.0,1
1789706440.589448,music,137,22,0.0,408476.625,2464180.75,105954984.0,7523183.0,15305531.0,6635583.5,1705000.75,0.0,3949695.5,238364112.0,59514968.0,0.0,5593899.0,8745794.0,4695884.0,1
1789706440.6501083,music,121,25,12089219.0,3162135.5,2587998.0,166442368.0,7768749.0,13131102.0,317198208.0,200718080.0,0.0,2492744.25,0.0,1668206.75,53044552.0,3710362.25,6315311.0,2387007.0,1
1789706440.7115855,music,119,21,18632036.0,0.0,11341789.0,0.0,7561854.5,7483034.5,345962368.0,204936432.0,993484.4375,362149.4375,0.0,1828651.75,21921504.0,1502934.125,2991578.0,3102784.25,1
1789706440.7743258,music,118,12,3947784.0,0.0,0.0,0.0,2076218.125,0.0,405322528.0,204032000.0,0.0,4630904.0,0.0,0.0,5720017.0,2029230.5,0.0,0.0,1
1789706440.8365471,music,120,21,2545676.5,0.0,0.0,0.0,1768520.875,5093488.0,549131456.0,323543264.0,906714.75,2662073.5,162844288.0,129332688.0,3000576.5,2164751.5,3241328.5,1149707.0,1
1789706440.8990781,music,128,25,34645008.0,0.0,1598701.75,0.0,814618.5,17268712.0,750672192.0,463534880.0,1846048.875,660096.625,72732280.0,0.0,4322813.0,3139354.75,11557987.0,811252.6875,1
1789706440.9612963,music,121,21,11018900.0,0.0,0.0,25891016.0,0.0,5079032.5,369009792.0,165014656.0,496969.21875,499531.15625,89826376.0,50913904.0,4639971.0,361424.90625,1866854.625,514863.0,1
1789706441.1371756,music,137,22,3434566.0,570652.0,2088097.125,0.0,308915.96875,6869151.0,173327072.0,0.0,1258343.125,1999800.625,60769904.0,0.0,5038541.5,1130910.625,0.0,0.0,1
1789706441.1952536,music,142,22,9707636.0,2726084.75,15933930.0,0.0,0.0,3771485.25,178814752.0,64287920.0,0.0,1326243.625,528186048.0,130205992.0,444378.40625,0.0,2214731.75,732243.1875,1
1789706441.2572095,music,157,16,22884372.0,4752688.0,0.0,220165904.0,9958144.0,1918652.5,0.0,0.0,0.0,117322.140625,234446880.0,137460032.0,344170.9375,872373.75,363500.5625,0.0,1
1789706441.3580785,music,137,23,1973631.75,2056320.875,0.0,105772968.0,4716488.5,222329.96875,224701776.0,149859712.0,944560.375,596550.375,225405456.0,97166416.0,1015913.3125,0.0,497463.3125,0.0,1
1789706441.4272254,music,120,26,3083260.5,464884.5625,3316629.25,28887700.0,0.0,2546687.75,1158890.625,12974828.0,972140288.0,2803746816.0,134220880.0,35885944.0,26301912.0,9870027.0,66896104.0,60339368.0,1
1789706441.9281602,music,136,24,5693770.0,0.0,30449400.0,57922184.0,1240088.375,2191205.5,4047154.0,21452992.0,1148333568.0,1392539.25,12683228.0,1627096.0,0.0,1097561.625,19333992.0,678326.0,1
1789706442.0865982,music,132,25,526315.5625,258478.59375,0.0,0.0,18615616.0,24911640.0,111554728.0,11166571.0,502096128.0,10802786.0,2628714.5,1188162.875,366594.78125,18207016.0,0.0,8151750.5,1
1789706442.1557527,music,135,20,4786511.0,392181.0,8395512.0,26644524.0,250621248.0,317094624.0,206688416.0,22524262.0,0.0,9875184.0,1174238.625,2214324.5,0.0,11898462.0,0.0,0.0,1
1789706442.2157664,music,129,12,0.0,0.0,0.0,23871948.0,0.0,0.0,25102294.0,14927191.0,661078400.0,11599678.0,291523424.0,67506016.0,0.0,0.0,11116731.0,0.0,1
1789706442.3395472,music,132,21,0.0,269180.4375,9391291.0,18655092.0,3165520.75,1730237.0,0.0,64206080.0,1085353216.0,37337424.0,153591872.0,51238652.0,0.0,1155074.875,4143065.5,605296.25,1
1789706442.395772,music,132,21,3077190.5,451793.40625,0.0,2021392.75,31927680.0,16958144.0,383355.125,0.0,811564672.0,42726912.0,181162032.0,45083596.0,396408.90625,1930986.75,10349454.0,0.0,1
1789706442.447033,music,132,21,0.0,0.0,13356012.0,0.0,53794500.0,0.0,17508628.0,28808962.0,439433856.0,110532904.0,211981616.0,28345018.0,0.0,3163969.5,15168628.0,9986657.0,1
1789706442.5053096,music,132,25,32022340.0,22698538.0,0.0,10135034.0,66903432.0,3468950.0,109881088.0,56286288.0,55134092.0,75761080.0,0.0,33917828.0,0.0,98432792.0,340702720.0,2598807.5,1
1789706442.5505261,music,119,21,17039326.0,25489956.0,0.0,7437661.0,0.0,1714548.5,245193344.0,88852760.0,148085056.0,116313408.0,12573622.0,0.0,217322064.0,87364328.0,306222208.0,6821507.5,1
1789706442.614134,music,134,21,0.0,0.0,3964814.75,29312036.0,37921952.0,2789290.0,2387232.25,16182969.0,98882096.0,392785536.0,29342926.0,16207397.0,0.0,5369948.0,11385248.0,10572694.0,1
1789706442.7199821,music,134,24,48203000.0,59421304.0,615188.8125,0.0,76844832.0,1880718.0,7038493.0,9329451.0,241890768.0,119233088.0,0.0,0.0,0.0,5595663.5,6358575.0,7732888.5,1
1789706442.7663074,music,134,20,0.0,0.0,5035663.0,3310118.25,96015904.0,3110314.0,12346590.0,6739579.0,40597712.0,1855504.75,0.0,0.0,219257472.0,7383829.0,1214292.375,10396474.0,1
1789706442.8133502,music,120,24,0.0,0.0,6285203.0,1607110.375,84259128.0,1482398.375,3261130.0,3808472.75,157459856.0,23136372.0,59548736.0,17759454.0,97153016.0,3398653.75,12041498.0,39361768.0,1
1789706442.8768466,music,130,20,39071448.0,57707940.0,0.0,0.0,208168864.0,218683.65625,1095289.25,1124903.75,0.0,1799066.75,26248998.0,6471227.0,0.0,554782.6875,3928209.5,72552136.0,1
1789706442.9399588,music,143,26,116704952.0,211595808.0,8556002.0,3492700.75,409753664.0,2986358.0,7869320.0,4133135.75,31126568.0,345507872.0,12436006.0,7598107.5,0.0,0.0,5491178.5,0.0,1
1789706443.0022142,music,132,25,72181936.0,109147416.0,45158012.0,1529443.625,390714688.0,5487515.0,5323076.5,5322058.5,91514376.0,241041696.0,1068176.5,0.0,0.0,1890855.75,4774510.5,9962374.0,1
1789706443.0631096,music,132,21,16023545.0,22378578.0,0.0,0.0,0.0,928534.125,5531297.5,4071077.25,220451168.0,528320736.0,17839566.0,3929363.0,0.0,1644275.625,2781323.0,117649904.0,1
1789706443.1628563,music,132,29,53454640.0,71410456.0,113436016.0,20194388.0,60296224.0,45574212.0,24773664.0,4164588.0,42889408.0,369523968.0,2572588.0,85269568.0,0.0,8460193.0,38952872.0,55112692.0,1
1789706443.2090206,music,132,20,44064832.0,53748060.0,24964876.0,1568130.875,113389784.0,9603474.0,2329830.5,0.0,0.0,164339440.0,11726117.0,12902734.0,0.0,2684975.5,0.0,50048888.0,1
1789706443.2539845,music,122,21,13769798.0,27193952.0,844812.125,0.0,472970816.0,26863522.0,23765570.0,1541604.875,0.0,11899431.0,11937535.0,29290798.0,766614272.0,4912857.0,1156391.875,58730452.0,1
1789706443.3159997,music,120,15,7015514.5,6175257.0,0.0,0.0,0.0,80474104.0,46486348.0,5471112.5,196561952.0,0.0,0.0,2917270.5,0.0,1835336.0,2125613.5,29249826.0,1
1789706443.3786418,music,132,11,23071674.0,0.0,0.0,0.0,0.0,66661032.0,59113044.0,0.0,47186112.0,0.0,5761060.0,3095066.25,0.0,6885395.5,0.0,5324499.5,1
1789706443.4410965,music,126,26,33765012.0,27699918.0,13005683.0,3853662.0,6860812.0,87895984.0,49084000.0,53680872.0,1338396416.0,2581333760.0,35736004.0,9212042.0,0.0,757477.125,0.0,47293832.0,1
1789706443.5029702,music,119,15,5943837.0,31586590.0,739635.0625,1144256.75,0.0,58161112.0,38016700.0,7192079.5,93932320.0,0.0,0.0,15911565.0,354581856.0,20569702.0,0.0,0.0,1
1789706443.6679525,music,109,14,0.0,0.0,0.0,0.0,0.0,30975892.0,58609396.0,0.0,0.0,2477215.0,1499019.5,0.0,104087968.0,11104124.0,27108068.0,2178534400.0,1
1789706443.7273464,music,108,8,927840.3125,0.0,0.0,1185007.5,0.0,0.0,18036960.0,695473.875,0.0,0.0,0.0,0.0,13398354.0,0.0,0.0,1167288192.0,1
1789706443.7914066,music,134,19,15099527.0,27614432.0,0.0,0.0,0.0,280042240.0,192464160.0,528355.75,0.0,0.0,10039534.0,11993959.0,657749120.0,24114144.0,9494265.0,1727693312.0,1
1789706443.8546836,music,136,18,0.0,0.0,17613342.0,0.0,0.0,859487360.0,755768576.0,0.0,2714911.0,26717936.0,0.0,6913983.5,247769024.0,2328415.5,2712696.0,0.0,1
1789706443.917259,music,136,21,7449832.0,0.0,14800050.0,1385983.375,51184856.0,336974208.0,292541888.0,0.0,6202918.0,15926253.0,0.0,14393196.0,228381824.0,4381916.0,323246.53125,0.0,1
1789706443.967025,music,137,12,0.0,0.0,0.0,0.0,11877386.0,143740144.0,110648320.0,4118968.5,49820232.0,24154358.0,6706979.5,0.0,157740704.0,27591966.0,0.0,0.0,1
1789706444.029101,music,136,16,0.0,2449310.25,0.0,7452832.5,13776723.0,39609788.0,32634822.0,7465219.0,89478656.0,75701784.0,0.0,19828932.0,56280488.0,45061248.0,0.0,0.0,1
1789706444.0916889,music,138,23,0.0,0.0,4160801.0,11901410.0,2228950.75,42282584.0,24880604.0,1353704.25,32512642.0,427329056.0,4761474.0,2351867.5,95801968.0,36433220.0,21891136.0,149990256.0,1
1789706444.1747546,music,138,27,282314080.0,61965424.0,75903912.0,28621780.0,31049946.0,36784432.0,46758608.0,2414283.5,20268998.0,0.0,3869028.5,3890995.25,21209110.0,4069685.25,0.0,0.0,1
1789706444.2373226,music,131,21,0.0,6410486.0,0.0,52888144.0,0.0,6509524.5,453203456.0,295773120.0,4981588.0,0.0,24455306.0,6489204.5,3028114.0,71281184.0,238489760.0,0.0,1
1789706444.2946057,music,124,22,9365650.0,3756492.5,0.0,4447623.0,0.0,22045078.0,391211712.0,145903696.0,2498950.5,27751896.0,0.0,0.0,25021556.0,194084192.0,304711392.0,152951088.0,1
1789706444.3569212,music,136,20,1157230.75,10861810.0,19571808.0,17946724.0,357267264.0,19290776.0,18955968.0,0.0,430906336.0,32660148.0,3380199.5,0.0,0.0,8669239.0,17889004.0,189932240.0,1
1789706444.418418,music,136,19,61237788.0,9013818.0,0.0,11665091.0,294726592.0,18894604.0,22906778.0,0.0,403830240.0,272657984.0,72200792.0,42112776.0,0.0,15703307.0,19282474.0,0.0,1
1789706444.467881,music,130,17,57432604.0,0.0,0.0,6116833.5,280400896.0,20452900.0,5728071.5,0.0,0.0,179655232.0,129526208.0,17484016.0,0.0,11843793.0,22161816.0,0.0,1
1789706444.5296564,music,131,21,0.0,44542012.0,0.0,0.0,208010528.0,208185184.0,40997464.0,26173712.0,0.0,0.0,176040800.0,17753150.0,44147904.0,9281949.0,27178196.0,74692800.0,1
1789706444.6496792,music,147,19,1203344.5,29461696.0,10902719.0,33607024.0,8609685.0,0.0,2250961.0,0.0,0.0,4487740.5,471818816.0,123910848.0,19437684.0,9898353.0,6503150.5,0.0,1
1789706444.708948,music,118,18,1653927.75,0.0,0.0,0.0,42992804.0,142579424.0,213460096.0,160378448.0,0.0,45413640.0,0.0,10376604.0,13593917.0,18662008.0,11487700.0,300202624.0,1
1789706445.1579747,music,149,22,11459614.0,32068748.0,13156588.0,65743624.0,2354484.75,0.0,0.0,3570574.0,4231354.0,2265993.5,238361632.0,74812968.0,34226396.0,0.0,615525.375,0.0,1
1789706445.2160752,music,150,20,3178201.0,29386940.0,9395284.0,35701648.0,1823767.25,0.0,550941.125,1180383.125,4008655.75,256623.40625,200587600.0,51586280.0,0.0,395587.0625,450240.375,0.0,1
1789706445.2789364,music,150,20,4240643.5,1561943.25,657096.6875,59258980.0,8508132.0,0.0,634894.375,0.0,2453944.0,4319539.0,426150112.0,108118232.0,0.0,758075.9375,0.0,0.0,1
1789706445.3280742,music,146,21,2643291.0,1658352.625,1719188.0,73926448.0,2088534.875,6453583.5,0.0,0.0,0.0,0.0,690695552.0,182593648.0,10150586.0,3042728.0,7559228.0,5837178.0,1
1789706445.4085438,music,124,24,6321123.5,12036883.0,3484081.0,0.0,5625386.0,0.0,97024080.0,150431392.0,425765632.0,684527744.0,0.0,14538937.0,16188822.0,4304710.0,3903195.0,22002842.0,1
1789706445.4662833,music,123,15,1586938.25,0.0,3007272.0,0.0,12187326.0,42920732.0,16181088.0,12108985.0,0.0,0.0,0.0,29383862.0,108960608.0,1234464.125,8448999.0,0.0,1
1789706445.5997264,music,145,23,1912991.5,6084637.0,1552123.5,68303232.0,6506808.0,0.0,252595712.0,184314144.0,324194.84375,0.0,812960000.0,294580768.0,0.0,900574.0,0.0,3433422.5,1
1789706445.7887151,music,120,24,1450719.625,18955654.0,5798307.0,0.0,391962.9375,1980246.0,265491408.0,96710592.0,527389440.0,1447835136.0,38437320.0,4826918.0,42131912.0,5553943.5,6061356.5,13577912.0,1
1789706445.846609,music,120,15,0.0,0.0,2552017.75,0.0,0.0,12281053.0,95628024.0,0.0,12824907.0,0.0,35673456.0,8263772.5,34315688.0,42349148.0,12714096.0,54269448.0,1
1789706445.9151793,music,119,26,1870309.875,0.0,5511864.5,0.0,4663171.0,16393907.0,48160976.0,96690112.0,783047936.0,2239974144.0,0.0,10747820.0,46448516.0,29531078.0,34991312.0,9431396.0,1
1789706445.9731934,music,120,18,11906488.0,0.0,930700.0625,56916544.0,5364651.0,25112044.0,2674207.5,12035127.0,0.0,0.0,0.0,15609653.0,30946130.0,35628260.0,12895583.0,57168784.0,1
1789706446.0475829,music,142,20,1097903.5,3394594.5,73706304.0,792656256.0,6670705.0,1579690.75,151490928.0,101354224.0,868356.5625,23881438.0,93420408.0,27803152.0,0.0,1020071.1875,0.0,0.0,1
1789706446.1669772,music,120,22,0.0,0.0,4680154.0,0.0,0.0,27836768.0,311354304.0,300159680.0,634174336.0,2387563520.0,36622284.0,10618610.0,25828922.0,17679828.0,33360436.0,7949873.0,1
1789706446.2247658,music,118,11,0.0,0.0,0.0,0.0,2854261.25,0.0,491037664.0,268416064.0,0.0,0.0,0.0,0.0,10159569.0,24652934.0,6494396.5,88620560.0,1
1789706446.4207096,music,120,20,3615035.0,0.0,0.0,0.0,7939601.5,12703071.0,2034345.75,0.0,5441900.5,6268196.0,46008736.0,0.0,13691842.0,1596283.25,551327.1875,6325049.0,1
1789706449.5220659,music,124,18,8821683.0,0.0,0.0,41282496.0,0.0,0.0,765114944.0,354677280.0,92696.5625,320472.46875,440300.46875,50518.3046875,0.0,6664196.0,5936802.5,813828.0,1
1789706449.5792966,music,125,17,4609432.0,0.0,0.0,0.0,243438.875,139399.25,784537856.0,417310560.0,777509.375,122274.71875,0.0,46301.90625,212787.703125,9963434.0,10657655.0,503796.96875,1
1789706449.6526043,music,132,11,478750.5625,0.0,0.0,0.0,354193408.0,0.0,0.0,125740256.0,655519360.0,28350188.0,0.0,0.0,0.0,241529.84375,0.0,3457113.5,1
1789706449.7095807,music,135,14,0.0,0.0,57813.3515625,8073071.5,356623520.0,212498.75,0.0,0.0,775548736.0,71197744.0,81181.265625,0.0,0.0,733490.5,0.0,1525425.0,1
1789706449.7710648,music,135,17,0.0,0.0,0.0,0.0,500380416.0,1261600.875,23528582.0,87964816.0,413660736.0,980711.125,0.0,811389.5,0.0,441338.84375,5570267.5,0.0,1
1789706449.820628,music,135,18,0.0,0.0,36231.35546875,0.0,0.0,646819.625,23213890.0,19538330.0,373799040.0,378968.125,176696.84375,361190.5,10153267.0,1067832.25,1702238.5,0.0,1
1789706450.345771,music,135,11,0.0,0.0,0.0,0.0,4987730.0,183140.078125,3195321.0,1281243.875,0.0,0.0,0.0,42881.7265625,2423251.0,199791.515625,129612.5859375,15645.400390625,1
1789706450.4098442,music,157,7,0.0,0.0,0.0,240541.15625,0.0,0.0,1978880.5,1273298.75,0.0,73526.4296875,199879.359375,117788.2890625,0.0,0.0,0.0,0.0,1
1789706456.266394,music,127,19,0.0,0.0,0.0,0.0,8269345.5,12985569.0,107976792.0,3915743.5,49669364.0,784958720.0,68329096.0,328352.0,0.0,96672296.0,11965622.0,14795228.0,1
1789706456.328567,music,116,17,5548918.5,0.0,0.0,249394.78125,0.0,2487718.5,78073352.0,7792957.0,0.0,242794496.0,28022418.0,2198761.75,45011536.0,65038396.0,50190816.0,542952000.0,1
1789706456.6130717,music,133,20,0.0,0.0,17539198.0,0.0,16001072.0,44457440.0,0.0,2691758.25,635769728.0,65964748.0,0.0,54769100.0,11386302.0,84893368.0,136837376.0,3066699.0,1
1789706456.6709137,music,137,19,1737898.375,24994412.0,30547820.0,3633341.25,10998024.0,23700680.0,182721184.0,58343992.0,1031579456.0,0.0,10085596.0,41658880.0,0.0,140857184.0,0.0,1918077.875,1
1789706456.7329388,music,132,20,0.0,0.0,0.0,265654.375,27586834.0,209155168.0,0.0,90909448.0,1607354752.0,36847764.0,11836452.0,106039696.0,3679934.75,8810000.0,227278864.0,39351432.0,1
1789706456.7948322,music,136,23,1022724.625,0.0,0.0,142757.390625,43853792.0,230244992.0,211711504.0,61517028.0,1556930048.0,137359968.0,10781601.0,76789504.0,2842909.5,0.0,0.0,0.0,1
1789706456.8572345,music,136,22,327718.96875,13175647.0,0.0,0.0,39720140.0,170771216.0,307582592.0,34380728.0,664178688.0,106531992.0,27933214.0,58347756.0,0.0,787246.375,0.0,697212.5,1
1789706456.906754,music,127,25,610617.25,43842808.0,2213060.25,3307638.0,90558552.0,57694448.0,9638950.0,5837570.5,399113984.0,170904480.0,31491702.0,0.0,682901.25,4255268.5,0.0,13858687.0,1
1789706456.968396,music,131,19,0.0,0.0,0.0,0.0,0.0,583296064.0,756161920.0,280048096.0,147796320.0,20500360.0,8225071.5,14774357.0,2152523.0,0.0,51059676.0,4130362.5,1
1789706457.0300791,music,131,20,36784204.0,24357332.0,0.0,1332688.5,3119301.5,56191344.0,704290624.0,321624832.0,122210288.0,50759044.0,10667567.0,14605556.0,0.0,8989971.0,0.0,1111792.5,1
1789706457.3097684,music,132,22,15317711.0,2847130.0,4762505.5,0.0,0.0,97007216.0,374944352.0,142066320.0,0.0,79104952.0,29222736.0,14729366.0,0.0,3227952.25,0.0,2089091.75,1
1789706457.6567023,music,133,22,2952613.0,0.0,187719.53125,38013604.0,562878400.0,1554866.25,799612736.0,484714912.0,0.0,118058768.0,0.0,74766848.0,0.0,8382268.0,20845596.0,10850128.0,1
1789706457.7137227,music,136,20,43711804.0,38169896.0,1437695.75,4274843.5,231884480.0,130784432.0,60253464.0,0.0,16859264.0,24604762.0,0.0,8816682.0,8198959.0,2319245.25,0.0,1229625.25,1
1789706457.774727,music,115,23,0.0,15817179.0,11326628.0,3299101.75,15558883.0,0.0,787799616.0,190341440.0,14247824.0,101413792.0,18660844.0,0.0,260544592.0,40642344.0,5368850.5,84958112.0,1
1789706457.9432886,music,133,27,3519660.5,7687484.5,7535015.0,26374654.0,44760112.0,17332616.0,38753048.0,54634120.0,80212424.0,28723724.0,275641120.0,185221840.0,72571376.0,16307347.0,63640128.0,56473000.0,1
1789706458.0018146,music,129,14,46339052.0,39412800.0,738805.9375,0.0,0.0,0.0,78755976.0,99367280.0,122992728.0,227491968.0,0.0,0.0,0.0,95613512.0,19849100.0,80575600.0,1
1789706458.063688,music,116,20,0.0,0.0,0.0,51736956.0,11723046.0,53250292.0,266966288.0,254122112.0,0.0,24142218.0,0.0,12709542.0,23337436.0,120118896.0,54297848.0,675616512.0,1
1789706458.126427,music,129,19,1513224.875,0.0,2269964.5,8994348.0,41173448.0,197895360.0,727356800.0,564444800.0,0.0,27668594.0,471309664.0,0.0,15855469.0,19805600.0,0.0,280313952.0,1
1789706458.1890388,music,129,23,0.0,2259964.0,0.0,0.0,117659752.0,310683360.0,257557280.0,240911536.0,28373498.0,296906880.0,256593248.0,45974288.0,23472728.0,2473642.5,244202192.0,69340096.0,1
1789706458.2385356,music,130,20,19422258.0,6351597.5,197923424.0,185548672.0,69660208.0,360368160.0,79282896.0,41055804.0,12245798.0,1441211.375,69189992.0,2099117.5,0.0,28040198.0,0.0,133050256.0,1
1789706458.301836,music,146,27,129076568.0,33013566.0,11448227.0,3780254.0,0.0,10571890.0,33823796.0,0.0,56331892.0,28250436.0,171593264.0,28356916.0,8757156.0,78387104.0,336604544.0,45089008.0,1
1789706458.3652828,music,143,25,113883104.0,29167414.0,26092346.0,0.0,16040553.0,79726992.0,17700616.0,1798957.25,4572334.5,13234670.0,79013848.0,33046944.0,0.0,22079956.0,101495072.0,28308056.0,1
1789706458.701492,music,136,21,12580215.0,0.0,21152292.0,16184359.0,37721464.0,231438896.0,13836365.0,12995708.0,5880794.0,10984506.0,62239816.0,54993192.0,11785595.0,30196910.0,318394784.0,2840871.5,1
1789706458.7600496,music,135,14,1611153.875,0.0,0.0,22477560.0,36037192.0,215421632.0,3236723.0,0.0,6584158.5,40753676.0,141746448.0,0.0,0.0,0.0,0.0,5216705.0,1
1789706458.83337,music,136,27,6815542.0,13936514.0,0.0,7282634.0,5060808.5,38980700.0,60023672.0,23510160.0,39976164.0,9426311.0,210368000.0,76477136.0,2659244.75,29328732.0,0.0,0.0,1
1789706458.889777,music,122,17,2800505.0,0.0,0.0,0.0,23125712.0,127104800.0,29242372.0,9284554.0,46859376.0,25073480.0,0.0,68840952.0,2791122.25,75249048.0,468750400.0,3087395.75,1
1789706458.952235,music,136,25,1023933.0,21986320.0,0.0,6782828.5,36352388.0,284540416.0,9055269.0,22608456.0,212721664.0,8812292.0,171298256.0,91961792.0,1296804.5,2126099.0,0.0,6152839.0,1
1789706459.014271,music,126,17,5046769.0,34354140.0,24630118.0,0.0,2165789.75,0.0,526209504.0,277639328.0,65301988.0,0.0,46064276.0,88490224.0,2154588.25,0.0,0.0,4236455.0,1
1789706459.0774999,music,145,19,2446518.0,37129456.0,0.0,0.0,603480.75,0.0,15873651.0,0.0,0.0,1670389.25,173544016.0,46857300.0,1598712.0,56448944.0,193519248.0,989639.375,1
1789706459.3972852,music,135,19,0.0,0.0,28679360.0,0.0,26486112.0,214388304.0,60614328.0,38178284.0,689201536.0,31056356.0,0.0,0.0,24832100.0,8304508.5,0.0,0.0,1
1789706459.6189399,music,128,24,47517552.0,13631038.0,15581110.0,1098875.875,60080072.0,0.0,133247856.0,52433316.0,975091072.0,15688135.0,0.0,570302.0,606941.375,30371398.0,130460424.0,564764.9375,1
1789706460.631499,music,133,21,72416544.0,0.0,245620272.0,5864128.0,133402824.0,0.0,444581376.0,13652487.0,222546496.0,6809726.5,5430990.0,819969.5,4592773.0,2341906.5,0.0,0.0,1
1789706460.688386,music,119,11,0.0,0.0,88120160.0,0.0,12275404.0,0.0,791521152.0,4176175.75,0.0,1151669.0,0.0,0.0,3822552.0,9785048.0,0.0,0.0,1
1789706460.7500648,music,112,14,0.0,0.0,0.0,1118712.375,0.0,0.0,535964576.0,4575354.0,238547040.0,9945179.0,995817.4375,0.0,4178720.0,0.0,1655223.5,1294140.75,1
1789706460.8849995,music,133,24,0.0,15685672.0,0.0,0.0,17932852.0,3091017.25,269984128.0,14039078.0,292590592.0,1980393.5,538935.125,3260327.25,9891786.0,1667593.0,3453256.5,6581078.5,1
1789706460.942474,music,115,17,0.0,6339167.0,2264845.5,0.0,26794820.0,4176043.5,202046416.0,0.0,0.0,4887066.5,0.0,2124810.25,6507018.5,5681652.5,22423136.0,45244696.0,1
1789706461.005074,music,126,22,0.0,0.0,4951286.0,275640256.0,101444432.0,880250.1875,18381810.0,11456196.0,53362792.0,0.0,1707666.5,2416137.75,1999171.25,450074752.0,1261509632.0,0.0,1
1789706461.0679848,music,126,17,0.0,8227029.5,29719646.0,0.0,63925352.0,1468972.5,29249014.0,10559786.0,137810272.0,6077852.0,0.0,0.0,23281580.0,97200264.0,279720096.0,0.0,1
1789706461.1702645,music,127,27,73629992.0,0.0,4820169.5,102032408.0,593761600.0,1592481.5,65055976.0,3721663.0,100735968.0,1495195.375,589602.6875,8227105.5,130489424.0,67173592.0,266815392.0,15680964.0,1
1789706461.2287238,music,127,25,56136520.0,10217116.0,1781519.5,31530436.0,889340032.0,3453711.75,41754792.0,5055388.5,137775328.0,5899867.0,4546151.0,1765721.125,0.0,4899625.5,104774576.0,58797600.0,1
1789706461.279594,music,137,20,9842267.0,6469166.0,0.0,18037954.0,635172928.0,0.0,398348.34375,6425199.0,27348778.0,0.0,3662184.5,18486960.0,491614016.0,12203980.0,50954360.0,10678405.0,1
1789706461.3412461,music,126,24,47384404.0,7227595.0,0.0,30539136.0,0.0,5602059.0,20349252.0,28229618.0,430359552.0,3794602.5,2221590.5,992618.8125,0.0,4205966.0,8268020.0,45224276.0,1
1789706461.42313,music,124,18,52960452.0,0.0,11689915.0,33871224.0,193523056.0,0.0,15693436.0,0.0,0.0,5286485.5,3248160.75,13498848.0,118230984.0,18407660.0,0.0,17975288.0,1
1789706461.4813926,music,138,14,50386264.0,0.0,0.0,11238186.0,99539656.0,578535.8125,0.0,0.0,82821776.0,0.0,2757211.0,3053850.5,0.0,0.0,30543438.0,11716014.0,1
1789706461.5555346,music,138,20,21637764.0,705100.0625,0.0,0.0,94983464.0,14733645.0,104220600.0,2856905.25,13940548.0,3555165.25,5010136.0,35736180.0,172890512.0,0.0,0.0,74777240.0,1
1789706461.600848,music,127,17,0.0,4527291.5,37590508.0,285513152.0,0.0,3746783.75,254187264.0,5531872.0,0.0,18366764.0,0.0,0.0,0.0,96698632.0,7760216.0,4999000.0,1
1789706461.663387,music,128,10,0.0,0.0,0.0,0.0,3206261.5,0.0,47499968.0,0.0,0.0,88716104.0,51403080.0,1227289.25,105841120.0,0.0,0.0,15553252.0,1
1789706461.7267938,music,134,15,0.0,0.0,0.0,0.0,0.0,5010258.5,364035392.0,2128772.75,9733788.0,2192750.5,13492416.0,14428648.0,188604016.0,0.0,0.0,49788560.0,1
1789706461.789662,music,134,27,1182693.5,6072954.0,0.0,0.0,1733354.5,1092177.625,187496896.0,3078090.75,25283480.0,33036340.0,9526719.0,13646962.0,70297456.0,10128008.0,28641464.0,10789062.0,1
1789706461.83921,music,123,23,3209125.5,0.0,0.0,51167380.0,72776056.0,5110882.0,1100266112.0,0.0,32479278.0,7716921.0,0.0,2364377.5,0.0,6480110.0,11058828.0,9420733.0,1
1789706461.9008787,music,123,18,0.0,0.0,0.0,0.0,36291732.0,6516166.5,568547904.0,1367269.0,19702150.0,56722400.0,37325664.0,0.0,65265776.0,137582112.0,3051417.75,2974456.25,1
1789706461.9458363,music,109,17,27068240.0,0.0,0.0,0.0,10155758.0,12578753.0,836863360.0,0.0,0.0,0.0,0.0,2755103.0,116857496.0,990569728.0,1660601.5,1428285.25,1
1789706462.009347,music,123,16,0.0,0.0,0.0,0.0,0.0,32172180.0,764692672.0,34085344.0,188502992.0,89016056.0,0.0,2895079.5,416641728.0,701459328.0,1601223.625,29969798.0,1
1789706462.0729337,music,123,16,0.0,0.0,0.0,0.0,44844240.0,123168056.0,204677872.0,98079904.0,368732800.0,496770560.0,311284864.0,0.0,116256672.0,304891872.0,0.0,3713385.0,1
1789706462.1188192,music,123,21,10544128.0,414798.15625,0.0,0.0,0.0,3401588.0,412778560.0,992498.4375,202365680.0,666204864.0,390711616.0,22552896.0,174367104.0,302725504.0,4162679.0,290928.9375,1
1789706462.168142,music,125,14,0.0,252237.890625,0.0,0.0,13572013.0,4204542.0,121171480.0,0.0,151347840.0,26607008.0,0.0,0.0,0.0,0.0,10217220.0,5472706.5,1
1789706462.2773538,music,130,26,0.0,0.0,5349066.5,106083792.0,25511890.0,27781302.0,288650624.0,24690604.0,0.0,505111168.0,231347520.0,67983360.0,8726693.0,22620804.0,12951074.0,1170633.75,1
1789706462.467768,music,119,12,0.0,0.0,0.0,15682798.0,0.0,1167961.5,0.0,3951348.25,6013579.0,948919680.0,161229872.0,0.0,0.0,145430752.0,0.0,6190356.5,1
1789706462.5631225,music,141,22,89243448.0,2539118.5,0.0,0.0,0.0,1994635.625,0.0,4519078.0,39612240.0,20907778.0,10845190.0,5474580.5,115211776.0,277174240.0,2166351.75,10414662.0,1
1789706462.6212363,music,125,16,0.0,0.0,0.0,5967084.5,0.0,1336001.375,96086288.0,0.0,20875936.0,454732256.0,193377856.0,0.0,19750730.0,88565008.0,4612930.0,1641702.0,1
1789706462.6955123,music,136,20,12942039.0,0.0,3489849.25,11711483.0,55834840.0,9522970.0,158132544.0,6262408.0,208860288.0,186083168.0,56183104.0,0.0,6713845.0,782766.0625,0.0,247676.6875,1
1789706462.7583537,music,136,29,45141860.0,8518068.0,17928188.0,3819019.25,73866880.0,58633584.0,0.0,7460633.5,279024224.0,169652752.0,53257356.0,13823871.0,20687332.0,41089080.0,4496832.0,6041426.0,1
1789706462.8052244,music,136,22,60024264.0,19653862.0,1309356.75,370063.59375,18338306.0,54853040.0,37427008.0,5327536.5,167300736.0,0.0,0.0,1130805.0,0.0,17525548.0,21363338.0,721405.625,1
1789706462.8802679,music,136,23,60977400.0,18228224.0,1762489.0,0.0,19877104.0,7838989.5,37505204.0,611046.0625,0.0,219676128.0,3845678.5,6591802.0,0.0,9586456.0,3898751.5,4762594.0,1
1789706462.9269457,music,133,22,63298060.0,10444380.0,0.0,0.0,5495973.0,19904660.0,140056848.0,2044138.0,9031593.0,0.0,0.0,838901.375,10420512.0,9322412.0,949846.5,4530871.0,1
1789706462.9879184,music,140,20,0.0,0.0,0.0,5455352.0,842509376.0,6622411.0,389186528.0,1486916.25,327591.6875,548977216.0,87595536.0,6265177.5,0.0,5295188.0,499334.0,0.0,1
1789706463.0497503,music,138,17,0.0,7058310.5,7204062.5,268194592.0,269833152.0,6470470.5,112840728.0,769411.0,0.0,490327648.0,0.0,2189369.0,0.0,3502878.5,2856882.5,0.0,1
1789706463.2582524,music,122,26,5625420.0,14412872.0,15855984.0,18056040.0,4050046.0,4578221.0,151002016.0,4522212.0,70658512.0,264372464.0,86762928.0,0.0,4313692.0,12297144.0,7911620.5,21037944.0,1
1789706463.315638,music,122,19,57740792.0,0.0,144325184.0,220740688.0,0.0,510035.84375,0.0,1988919.125,63946172.0,247435344.0,87834296.0,3524994.5,368646848.0,54023564.0,1241607.625,2689994.0,1
1789706463.3655818,music,126,22,26624204.0,0.0,346822208.0,0.0,36749152.0,2206340.5,53549948.0,2789581.5,18826120.0,0.0,19923744.0,15890696.0,166627120.0,7974141.0,2279154.25,3199325.0,1
1789706463.428517,music,119,16,0.0,0.0,0.0,0.0,0.0,1318116.125,50248604.0,1876582.375,34100896.0,976412.0,10634534.0,8098905.0,184408992.0,0.0,1316952.125,39718.765625,1
1789706463.4913902,music,119,14,0.0,0.0,0.0,0.0,84157648.0,0.0,879182.5,2541999.0,53737176.0,125569040.0,35069496.0,4865857.5,0.0,0.0,225024.1875,0.0,1
1789706463.5748188,music,134,23,15357458.0,1473625.125,5317134.0,506797376.0,288852224.0,387142.6875,45283048.0,54399912.0,24669836.0,37351472.0,2137677.25,13068218.0,82695624.0,3672472.25,12794485.0,0.0,1
1789706463.633017,music,134,17,14650657.0,0.0,0.0,0.0,123719248.0,0.0,34589252.0,13505087.0,166370224.0,28319222.0,0.0,4705543.0,87786080.0,6644356.0,2424610.5,0.0,1
1789706463.683889,music,128,19,8959019.0,0.0,0.0,0.0,393421024.0,242920.671875,56082540.0,0.0,346010816.0,146114800.0,31121958.0,26903272.0,632708736.0,2176390.75,0.0,7221450.5,1
1789706463.747244,music,130,17,1577800.0,0.0,0.0,0.0,979248448.0,705885.875,92814920.0,8000372.0,0.0,53648960.0,27521766.0,644682.5625,0.0,6784229.5,3714851.75,0.0,1
1789706463.8095372,music,128,14,18532144.0,1710671.75,0.0,0.0,0.0,0.0,0.0,2273283.5,0.0,45020160.0,12001596.0,0.0,347044192.0,8471318.0,0.0,0.0,1
1789706463.8717604,music,126,19,32436800.0,0.0,0.0,3979563.25,947141.875,0.0,40704612.0,7090547.0,260635936.0,164703888.0,62240644.0,0.0,120335088.0,9404417.0,967982.0,0.0,1
1789706463.934003,music,128,27,43503788.0,0.0,259137344.0,299181664.0,8882386.0,25553356.0,18660600.0,10607874.0,229204032.0,402484800.0,119639968.0,11611363.0,170666432.0,32083324.0,387177.8125,9076321.0,1
1789706463.995712,music,120,18,0.0,0.0,0.0,0.0,138618960.0,0.0,17017730.0,9249085.0,9983742.0,1739589632.0,333442016.0,0.0,42549736.0,748759.3125,1829146.75,4455852.0,1
1789706464.058083,music,133,21,7905433.0,2264933.75,14717513.0,0.0,118548208.0,508349728.0,21016918.0,10160115.0,350156960.0,245728544.0,172122896.0,27943564.0,0.0,740335.125,0.0,6796021.5,1
1789706464.1202304,music,129,22,0.0,0.0,0.0,0.0,105976272.0,724953344.0,10989843.0,21941440.0,566218752.0,678537664.0,66281948.0,52798080.0,178305056.0,13170206.0,9833017.0,4105469.0,1
1789706464.181639,music,130,22,0.0,0.0,0.0,5507635.0,302074016.0,1208032768.0,11927957.0,35203948.0,536551168.0,168478784.0,31700516.0,97203072.0,0.0,13409509.0,39116952.0,2322120.5,1
1789706464.2436478,music,132,22,1556932.5,0.0,0.0,0.0,0.0,1628985600.0,25675096.0,10311601.0,354102336.0,70333872.0,30993388.0,35371008.0,63786812.0,12563432.0,31743694.0,4353980.5,1
1789706464.3049464,music,127,16,0.0,0.0,0.0,726178.1875,20473568.0,0.0,1733935232.0,0.0,0.0,1726606848.0,136908032.0,0.0,98164256.0,71065472.0,637592.125,559194.3125,1
1789706464.3677962,music,127,24,14592404.0,439625.25,94283008.0,0.0,36618968.0,131435280.0,2304851200.0,4111122.5,9713616.0,0.0,240862096.0,1625387.25,51747776.0,623244.875,767706.1875,554035.5,1
1789706464.413682,music,117,23,0.0,0.0,80773824.0,92798608.0,19078048.0,63889328.0,1489040896.0,2929176.75,0.0,1712688128.0,270297344.0,5939176.0,18959194.0,24789618.0,0.0,3227969.25,1
1789706464.476452,music,116,23,0.0,2708928.0,18461158.0,0.0,61146728.0,162119296.0,421824096.0,108512184.0,34651184.0,597213696.0,116932376.0,18354156.0,0.0,31322368.0,0.0,3493472.75,1
1789706464.5387843,music,117,14,0.0,15100454.0,64541600.0,84614400.0,37906376.0,295629376.0,177847536.0,0.0,16564742.0,391527744.0,38675216.0,11638742.0,0.0,0.0,0.0,3414402.75,1
1789706464.601881,music,119,15,0.0,0.0,0.0,528789.25,12324944.0,0.0,111013840.0,1185040.75,10292745.0,293644608.0,302218368.0,11138195.0,12396128.0,2181540.75,0.0,9426821.0,1
1789706464.666283,music,136,23,27155960.0,0.0,11548563.0,77652240.0,649842688.0,233462944.0,191406192.0,57173096.0,32385514.0,138368960.0,0.0,4524953.0,35797924.0,9416754.0,698949.375,3054561.5,1
1789706464.7279453,music,113,17,0.0,0.0,0.0,0.0,120961408.0,136369856.0,48075164.0,0.0,0.0,243058064.0,104629008.0,180243536.0,952401664.0,123563208.0,15678003.0,41725672.0,1
1789706464.7895057,music,118,18,0.0,0.0,0.0,196629552.0,653995392.0,115260224.0,109699312.0,0.0,0.0,497622400.0,0.0,711768768.0,1362183296.0,674226112.0,42622240.0,35568492.0,1
1789706464.853463,music,121,25,0.0,9737437.0,7962666.5,181193040.0,431095872.0,183784928.0,100435320.0,14849316.0,432749696.0,33503298.0,75973704.0,666232320.0,1577545472.0,857736320.0,95423464.0,146827264.0,1
1789706464.9164612,music,117,16,0.0,0.0,0.0,0.0,85952408.0,208365024.0,240103344.0,0.0,0.0,0.0,77224984.0,639079168.0,848439296.0,292865056.0,12287695.0,95455816.0,1
1789706464.9794543,music,127,23,0.0,0.0,0.0,0.0,489034240.0,164885920.0,9657059.0,45642048.0,128788392.0,58753304.0,110144960.0,124468384.0,599981184.0,248068800.0,177021968.0,78868592.0,1
1789706465.0422428,music,113,22,5108864.0,8178866.0,26555864.0,13339908.0,0.0,0.0,44283396.0,13411846.0,14281472.0,82889624.0,15323547.0,65632728.0,0.0,483292096.0,482347968.0,116845080.0,1
1789706465.10479,music,113,14,0.0,0.0,9984495.0,6494443.0,8499164.0,0.0,0.0,0.0,0.0,98241888.0,133992952.0,193248368.0,22923266.0,702917568.0,770806720.0,389735872.0,1
1789706465.1493564,music,113,15,960114.375,0.0,3763641.75,0.0,31775908.0,0.0,492108.625,0.0,2084367.5,14232396.0,0.0,0.0,362304768.0,111758632.0,1653875072.0,196061792.0,1
1789706465.1990664,music,121,26,12642523.0,0.0,6442364.5,9993131.0,101767688.0,151088336.0,18779546.0,319241.75,19972186.0,279146016.0,40703248.0,0.0,92172768.0,1069109568.0,2369168896.0,40389872.0,1
1789706465.2635145,music,124,22,13785961.0,0.0,577769.25,362800.25,92941280.0,340545024.0,36548304.0,960203.375,3811152.0,147961312.0,6545814.0,0.0,0.0,2855557632.0,6195835392.0,53155544.0,1
1789706465.3254726,music,124,15,0.0,0.0,0.0,0.0,0.0,175834208.0,14524359.0,675988.875,6359677.0,60673912.0,19602308.0,13135095.0,45147156.0,528143392.0,0.0,0.0,1
1789706465.3712382,music,124,19,4319392.5,1855701.875,2115446.0,0.0,22061812.0,375375840.0,16303590.0,2683512.75,4707738.0,107046296.0,75018640.0,0.0,119376496.0,0.0,0.0,5890892.0,1
1789706465.4219334,music,140,13,0.0,0.0,23472404.0,12412098.0,0.0,107629808.0,26589930.0,0.0,49169032.0,87166224.0,0.0,6966462.5,0.0,0.0,0.0,98936280.0,1
1789706465.4848583,music,122,15,0.0,0.0,0.0,0.0,77881464.0,94704400.0,0.0,0.0,0.0,322769280.0,116061088.0,41567720.0,72269312.0,1643858944.0,264307152.0,179244832.0,1
1789706465.5480728,music,122,16,0.0,0.0,5846112.0,0.0,13644471.0,44962936.0,32379068.0,0.0,14567636.0,31568408.0,35780192.0,33814320.0,52816784.0,0.0,0.0,188595456.0,1
1789706465.594126,music,123,16,449192.375,9078628.0,5680964.5,418867.59375,14668490.0,142216880.0,0.0,0.0,0.0,279486432.0,118764608.0,1700273.5,115852264.0,9381187.0,0.0,12426228.0,1
1789706465.6568513,music,126,21,7197380.0,0.0,48844768.0,50073240.0,141122944.0,310059680.0,352916.1875,281033.53125,0.0,403309632.0,91127936.0,775859.875,49849460.0,1549141120.0,2056209920.0,9623620.0,1
1789706465.719337,music,124,25,16110714.0,0.0,65561916.0,67013576.0,941753.25,0.0,17035582.0,719147.125,505690.96875,292012416.0,2093224.625,1230789.75,30727816.0,1073669248.0,1617771264.0,13630928.0,1
1789706465.7821314,music,134,18,2511816.5,8406377.0,2356964.5,0.0,0.0,291294976.0,14457296.0,557112.75,2356115.5,178211376.0,52382028.0,0.0,0.0,314046368.0,4741979648.0,17040330.0,1
1789706465.843469,music,125,26,0.0,1962131.0,1092219.375,0.0,155186176.0,391940352.0,9211931.0,552477.5,708670.8125,346167616.0,10907130.0,2070246.0,4818079.0,1404698880.0,5277789696.0,52403480.0,1
1789706465.9050078,music,124,19,6790625.5,0.0,287932.90625,0.0,64082480.0,105396432.0,6018349.0,1254071.75,0.0,428705824.0,50602416.0,0.0,0.0,3115044096.0,4618305024.0,0.0,1
1789706465.966718,music,125,25,30110386.0,38752216.0,91983888.0,5859427.0,11387498.0,501181568.0,44259260.0,6035640.0,7709357.0,220406848.0,31015422.0,5789516.5,0.0,24293522.0,0.0,174831904.0,1
1789706466.0293283,music,124,20,62423728.0,23431228.0,0.0,0.0,74087408.0,255658048.0,3207862.25,384799.0,0.0,973346112.0,187868848.0,0.0,0.0,16042080.0,0.0,33750776.0,1
1789706466.0911987,music,98,7,0.0,0.0,0.0,0.0,0.0,0.0,1883451.875,0.0,0.0,428089.5,380431.4375,0.0,3594650.75,327066880.0,2020854784.0,0.0,1
1789706466.1538906,music,98,6,0.0,0.0,0.0,0.0,149825.859375,0.0,903223.125,0.0,344778.21875,104942072.0,51483372.0,0.0,0.0,0.0,0.0,303010.09375,1
1789706466.2049577,music,142,17,23157922.0,5337345.5,0.0,0.0,63078036.0,410664864.0,0.0,552026.25,272922.1875,541530.125,0.0,135176.046875,1214991.0,1599366.0,545645248.0,6899736.0,1
1789706466.205905,music,98,9,0.0,0.0,0.0,0.0,0.0,0.0,2625951.5,0.0,0.0,88418992.0,25715148.0,974635.3125,0.0,1827063.75,0.0,4968866.5,1
1789706466.251621,music,132,23,33949232.0,13087980.0,0.0,0.0,43719696.0,260007856.0,1593587.0,4123472.25,986933.5,571308.4375,0.0,1385773.875,8807588.0,331648864.0,1736789504.0,32574708.0,1
1789706466.3148332,music,132,20,17203988.0,0.0,0.0,0.0,97208776.0,165515360.0,88683248.0,5344339.5,9394114.0,95769792.0,51592208.0,26162464.0,19274692.0,219132880.0,1229896960.0,0.0,1
1789706466.3640218,music,135,18,9092072.0,0.0,0.0,0.0,54102108.0,146521408.0,82893880.0,7757631.0,5540656.0,126313344.0,26090372.0,8857444.0,0.0,216308576.0,1493115904.0,0.0,1
1789706466.4216747,music,134,14,15913892.0,843392.25,0.0,0.0,234521552.0,185589152.0,8562515.0,5734993.5,0.0,0.0,0.0,425860.0,0.0,190198176.0,0.0,83495920.0,1
1789706466.4824305,music,128,24,15284950.0,3526094.25,0.0,0.0,59905984.0,336353920.0,6285368.5,0.0,1940167.5,541192256.0,150727568.0,0.0,0.0,393878848.0,2377650688.0,51683664.0,1
1789706466.5435424,music,119,11,3800335.0,0.0,0.0,0.0,41432724.0,276338112.0,1278407.625,0.0,678345.125,1361761152.0,280720768.0,0.0,0.0,4575735.0,0.0,1616420.25,1
1789706466.6060565,music,125,23,0.0,2198268.25,0.0,7487477.5,146106752.0,628888832.0,6449800.0,535299.3125,2006002.0,222850800.0,32448334.0,0.0,6373023.5,595684672.0,4643332096.0,21940964.0,1
1789706466.6691587,music,134,21,23631472.0,3829957.0,1731785.375,3561866.75,173337936.0,1216246400.0,638816.125,0.0,440449.9375,131826480.0,2866585.5,1376267.625,6597171.0,1076181.375,0.0,4888708.0,1
1789706466.7304523,music,133,22,5073948.0,844011.125,317423.09375,0.0,148455024.0,340071936.0,1168812.75,371748.125,2263449.5,347673024.0,163765520.0,519435.03125,0.0,85283000.0,0.0,142311216.0,1
1789706466.7922413,music,133,24,10947755.0,2403223.0,1583413.75,0.0,169211168.0,38747056.0,3812061.0,1411809.5,14133432.0,7790222.0,31992588.0,0.0,21995840.0,9975742.0,0.0,22311492.0,1
1789706466.8422549,music,134,23,1374920.0,1636929.5,924547.75,13408970.0,87907312.0,213691872.0,31037746.0,4939385.0,82432560.0,44820596.0,4366401.5,6431573.5,0.0,171753280.0,1469950848.0,677660032.0,1
1789706466.9038367,music,134,16,0.0,0.0,975486.875,0.0,64707204.0,443907488.0,1590512.25,625205.875,3207840.25,134148624.0,39860428.0,783423.1875,8701681.0,0.0,0.0,24425824.0,1
1789706466.9498997,music,119,17,1013370.125,1641442.75,570919.4375,0.0,0.0,0.0,4487395.5,358543.0625,9930670.0,572703360.0,217753024.0,0.0,1207493.625,105135440.0,264369952.0,0.0,1
1789706467.012059,music,119,22,0.0,0.0,3501577.25,54951972.0,566720384.0,0.0,21726052.0,13577759.0,0.0,193487568.0,59435980.0,3685617.5,124000896.0,33102836.0,0.0,26651346.0,1
1789706467.0635676,music,149,19,7650088.0,2338961.5,0.0,44970880.0,408913440.0,4356978.5,4918370.5,8795379.0,119331736.0,12099946.0,19801702.0,30999562.0,0.0,237453632.0,1253442304.0,0.0,1
1789706467.126798,music,116,13,0.0,0.0,0.0,0.0,0.0,44943680.0,0.0,2984521.0,32206744.0,7815145.5,1280503.375,1932504.625,124106112.0,67986040.0,768296448.0,62389416.0,1
1789706467.2767584,music,125,27,0.0,1866832.75,2917852.0,0.0,43153592.0,83977584.0,12309479.0,6237138.0,8432617.0,169043856.0,17584698.0,25416098.0,35891792.0,34165280.0,543753088.0,105176496.0,1
1789706467.3350723,music,113,14,0.0,0.0,0.0,41887080.0,26044588.0,12647500.0,0.0,431035.40625,0.0,81286872.0,59931024.0,0.0,0.0,97790768.0,780485888.0,302707008.0,1
1789706467.3991964,music,130,25,1607048.75,0.0,954847.5,7381463.0,1142530688.0,1362417.0,1476168.5,2415191.5,95264192.0,32740242.0,17286826.0,13917458.0,144790176.0,2672742.5,90714624.0,23462522.0,1
1789706467.4619749,music,132,20,0.0,1560933.0,0.0,12264199.0,0.0,705221.0,3277275.0,17159506.0,313543936.0,38054704.0,9149490.0,3732868.0,366656448.0,1434459.25,0.0,10906717.0,1
1789706467.522661,music,128,23,1263146.625,305092.28125,1347730.5,0.0,417924544.0,332171.25,2403015.5,3026465.5,0.0,42007156.0,567805.375,20232752.0,224295440.0,78545184.0,93709952.0,14357583.0,1
1789706467.5846968,music,119,18,1806720.5,1661599.0,305678.375,0.0,52561668.0,373153184.0,2680349.0,0.0,0.0,350194592.0,97977072.0,2173149.5,0.0,310204544.0,851115072.0,12060473.0,1
1789706467.648076,music,142,18,0.0,6199914.5,263087.90625,10230364.0,109613352.0,245500128.0,0.0,0.0,0.0,0.0,67028508.0,23882056.0,0.0,501671936.0,1812054016.0,17984132.0,1
1789706467.712313,music,144,16,12537460.0,5104703.0,0.0,9200864.0,57381704.0,296729440.0,0.0,0.0,12458556.0,2059512.875,0.0,0.0,0.0,594470976.0,2790812928.0,6828376.0,1
1789706467.7754726,music,144,13,3582522.75,3757436.5,3246576.25,4205236.5,265000432.0,0.0,0.0,3665299.25,9413856.0,11671796.0,0.0,0.0,0.0,438684736.0,0.0,0.0,1
1789706467.8251934,music,122,20,0.0,0.0,14063948.0,39000360.0,115003752.0,0.0,0.0,0.0,23066562.0,189750304.0,99485056.0,0.0,96042032.0,508169664.0,667090368.0,94237536.0,1
1789706467.8887005,music,122,13,0.0,0.0,0.0,0.0,58387008.0,15498596.0,0.0,0.0,120993464.0,87368944.0,188687920.0,151086688.0,34213788.0,0.0,0.0,97533504.0,1
1789706467.9350145,music,134,23,21193872.0,0.0,0.0,12744382.0,0.0,0.0,3567117.5,14950578.0,305602592.0,196877504.0,38725416.0,34572644.0,421326400.0,48265132.0,0.0,9090006.0,1
1789706467.9975731,music,135,22,5004624.0,0.0,0.0,7790269.0,485711648.0,28175804.0,304271.40625,10635186.0,226155600.0,254968000.0,149774288.0,86673328.0,192938112.0,0.0,0.0,5379603.0,1
1789706468.0588374,music,136,20,3151208.5,906477.375,0.0,0.0,434645888.0,0.0,1324092.0,5116149.0,130946392.0,45481752.0,401663456.0,184118736.0,0.0,46932184.0,115575712.0,5218580.0,1
1789706468.1202054,music,131,24,19977198.0,2738385.0,96262.84375,1298025.5,378549504.0,877274.5,1416218.0,5956037.0,238335840.0,27519776.0,46182744.0,62112296.0,425147616.0,40295084.0,27674630.0,4645937.0,1
1789706468.1812105,music,131,25,16347140.0,3017227.5,0.0,0.0,341281216.0,2479804.25,746761.3125,6889464.0,82089736.0,59310140.0,296920576.0,10804848.0,144030880.0,28402910.0,82856032.0,8594010.0,1
1789706468.2309604,music,133,25,2235366.0,0.0,861862.125,7889015.0,642208832.0,33924560.0,7556920.5,5664763.0,0.0,75509184.0,133016960.0,0.0,57363076.0,60864496.0,42598880.0,15254291.0,1
1789706468.2941027,music,135,17,23481092.0,7786198.5,6510209.0,6705155.5,0.0,0.0,8629074.0,36695956.0,233130048.0,161377472.0,101644296.0,0.0,0.0,0.0,34739764.0,58183112.0,1
1789706468.3570404,music,147,12,15393343.0,0.0,0.0,1345578.0,0.0,14586422.0,3838479.5,0.0,0.0,0.0,387901568.0,75358000.0,0.0,0.0,10403766.0,0.0,1
1789706468.4200833,music,145,24,11616629.0,11943920.0,3501212.0,0.0,3134196.5,31456116.0,9366866.0,5707212.0,245714960.0,70159472.0,19661102.0,26130168.0,0.0,0.0,58309624.0,12861204.0,1
1789706468.4836361,music,111,9,362781.53125,0.0,103612.8125,455099.5625,0.0,0.0,0.0,2286540.25,0.0,548245632.0,0.0,0.0,0.0,235681264.0,801380224.0,0.0,1
1789706468.48441,music,148,20,0.0,3791158.5,1506107.75,253917.53125,100957560.0,270894272.0,2616214.75,1436801.25,0.0,0.0,372466496.0,144519680.0,7924992.0,0.0,0.0,3205150.25,1
1789706468.5468779,music,132,19,640642.625,0.0,0.0,0.0,144348352.0,272086528.0,8980398.0,7379788.0,0.0,0.0,59731948.0,22338450.0,31884140.0,566894592.0,2469255936.0,8723933.0,1
1789706468.6094768,music,132,26,2154403.25,9797889.0,2090512.0,0.0,149486768.0,123302984.0,24678058.0,16899504.0,51645152.0,38868432.0,86681152.0,20059638.0,28941348.0,57756080.0,0.0,137751872.0,1
1789706468.6555078,music,130,25,90730256.0,18040380.0,2436957.0,7038882.5,0.0,17198064.0,16650039.0,21368560.0,58114296.0,80936336.0,200103440.0,73006496.0,0.0,207966128.0,1152039424.0,0.0,1
1789706468.7176714,music,132,20,26608816.0,12965166.0,675581.125,12459122.0,95025424.0,0.0,31839204.0,116177760.0,132779200.0,47420524.0,79146024.0,128080056.0,0.0,0.0,0.0,153767120.0,1
1789706468.778843,music,117,19,0.0,0.0,4819364.0,18341696.0,121380960.0,7926889.5,12266264.0,32551980.0,19548758.0,0.0,0.0,114385688.0,7133497.0,207411728.0,121317464.0,76702744.0,1
1789706468.8407555,music,114,16,0.0,0.0,0.0,3837146.25,100423640.0,0.0,8872854.0,103518832.0,49991400.0,5252295.0,0.0,0.0,0.0,280058816.0,223761952.0,104126840.0,1
1789706468.9042149,music,122,12,0.0,0.0,0.0,0.0,0.0,0.0,6052486.5,0.0,4279980.0,70066624.0,410782144.0,86079968.0,12864815.0,458118784.0,398275424.0,11677889.0,1
1789706468.9678152,music,139,24,25426220.0,32296892.0,137974688.0,7032678.0,14743190.0,0.0,33036468.0,127233008.0,61293316.0,78624192.0,344150080.0,7140695.0,0.0,46253484.0,141274832.0,0.0,1
1789706469.0311947,music,134,29,0.0,0.0,88302256.0,27613736.0,49180464.0,24448618.0,36187848.0,42957956.0,106680912.0,34848132.0,125179640.0,92869216.0,77672088.0,87700800.0,75849352.0,12278040.0,1
1789706469.113012,music,133,21,4967105.0,11129436.0,0.0,2808747.5,0.0,7768152.0,11924228.0,8815041.0,0.0,50548864.0,34095136.0,3184687.5,31214980.0,72825896.0,642518528.0,64261764.0,1
1789706469.1707327,music,138,23,5126226.5,12469348.0,5563084.5,4697841.0,32860092.0,23608758.0,0.0,4971359.0,34545444.0,10535579.0,17270064.0,0.0,11883667.0,69334456.0,207869392.0,4062136.0,1
1789706469.271489,music,141,23,11475265.0,98717888.0,28276722.0,7736414.5,40404080.0,49939172.0,59901636.0,22900400.0,19357322.0,0.0,98689344.0,62665804.0,0.0,0.0,0.0,0.0,1
1789706469.328946,music,121,15,21352776.0,22040804.0,0.0,0.0,52662048.0,137592928.0,3735624.25,8990129.0,10134604.0,6155981.0,0.0,0.0,0.0,42580864.0,313226816.0,0.0,1
1789706469.3915017,music,133,23,0.0,3759981.75,49850004.0,1089895.0,20997670.0,139766816.0,6372343.5,1599985.375,41292716.0,1719331.0,92710224.0,13205434.0,2165250.0,8256047.0,218060704.0,5199715.0,1
1789706469.453898,music,133,21,0.0,9354620.0,0.0,5842995.0,6549960.0,39101488.0,0.0,0.0,112270896.0,3763008.5,31806640.0,41910564.0,9464796.0,17368856.0,176972992.0,0.0,1
1789706469.6182196,music,116,15,158578.265625,948786.375,0.0,6552596.0,0.0,0.0,813371.4375,20580542.0,313273792.0,2153028096.0,91947584.0,0.0,11953067.0,0.0,192275072.0,61778228.0,1
1789706469.6757765,music,137,16,2872406.75,7187788.5,18104788.0,2198332.75,33469222.0,192946976.0,1950590.625,9844818.0,532469376.0,0.0,148601344.0,8829328.0,0.0,0.0,0.0,4087990.5,1
1789706469.7392092,music,135,21,0.0,9920964.0,0.0,5296027.0,42182584.0,279375840.0,6654087.0,38378044.0,796986880.0,8220464.0,202046208.0,58925908.0,0.0,0.0,0.0,2623571.5,1
1789706469.801057,music,147,16,0.0,277067.28125,0.0,1663245.75,209527.984375,0.0,21403618.0,2769680.5,0.0,0.0,431960448.0,179990160.0,0.0,21489308.0,300386176.0,26730146.0,1
1789706469.934347,music,131,25,10028543.0,2760197.0,3788410.5,7367595.0,1475889.25,66943892.0,86095440.0,31380068.0,139892560.0,37871752.0,0.0,0.0,0.0,50765864.0,243349008.0,1708550.625,1
1789706469.992164,music,131,28,475274.5,4697367.5,30696632.0,4125953.0,2659078.0,13235764.0,20236688.0,22966452.0,743385088.0,1588941.375,17194076.0,4821901.0,5619319.5,176430112.0,306926720.0,33049176.0,1
1789706470.041758,music,133,24,0.0,4800873.0,16353706.0,0.0,209758672.0,149163776.0,40109328.0,51898184.0,109995512.0,68187872.0,0.0,102607728.0,16399604.0,196759680.0,347108896.0,21458136.0,1
1789706470.1032884,music,130,18,0.0,0.0,0.0,0.0,0.0,109727824.0,34637040.0,0.0,325888832.0,9760506.0,0.0,117139936.0,19958598.0,153160800.0,263667632.0,56327208.0,1
1789706470.946927,music,116,17,0.0,0.0,0.0,0.0,0.0,3517949.5,32014564.0,80873056.0,1381597184.0,3179164672.0,26736808.0,6188284.5,110188616.0,0.0,22101898.0,31081080.0,1
1789706471.3592362,music,125,11,1476786.75,0.0,35617084.0,0.0,0.0,0.0,198771440.0,2271642.5,11181872.0,9151230.0,3948628.25,0.0,0.0,18919280.0,32231956.0,0.0,1
1789706471.41769,music,122,15,0.0,0.0,0.0,0.0,0.0,5328247.0,212434656.0,2093423.125,18865526.0,5417377.0,7381440.5,0.0,508243744.0,33209380.0,128060952.0,6462763.0,1
1789706471.6118965,music,131,28,10317372.0,43681444.0,38735384.0,24723452.0,41760232.0,262761504.0,1052255232.0,69446536.0,178223616.0,396957184.0,9027564.0,18772628.0,0.0,3251193.75,8023002.5,0.0,1
1789706471.6692297,music,131,24,0.0,29121770.0,751622.3125,90620104.0,312960000.0,0.0,823253568.0,23789070.0,379689600.0,112546664.0,9475325.0,14492823.0,174068000.0,11199068.0,7432390.0,0.0,1
1789706471.719377,music,131,14,0.0,0.0,0.0,6871846.0,33973172.0,133132672.0,1908198400.0,48198076.0,75421520.0,20720532.0,19688146.0,3778554.25,0.0,97108208.0,58445256.0,836362.125,1
1789706471.7648466,music,124,19,2978904.0,23842128.0,0.0,82800176.0,5905142.5,0.0,323045568.0,681637248.0,81195192.0,52346536.0,15996851.0,85656736.0,0.0,23382810.0,400567168.0,887559616.0,1
1789706471.8267443,music,122,18,0.0,0.0,0.0,0.0,211039760.0,0.0,441210880.0,0.0,354927360.0,20002772.0,10425712.0,29937056.0,340475744.0,14371280.0,0.0,49370896.0,1
1789706471.888906,music,138,17,6431571.0,0.0,4564964.0,0.0,0.0,16345904.0,0.0,155136976.0,547451200.0,0.0,3780184.75,20504264.0,20149078.0,8365255.0,28915230.0,1277809.0,1
1789706471.9526796,music,142,21,250291328.0,15568571.0,38509860.0,3807874.75,1736494.25,0.0,13381822.0,0.0,364599168.0,11210766.0,7113487.5,0.0,57214120.0,7123703.0,45181688.0,11394762.0,1
1789706472.0151365,music,131,18,0.0,36747024.0,0.0,1937318.75,115490208.0,2829012.25,7164891.0,34717840.0,178312944.0,10919307.0,5138737.0,8764065.0,28405860.0,0.0,0.0,5840286.5,1
1789706472.0771582,music,134,22,0.0,54342488.0,0.0,1175071.0,4830455.0,8428281.0,74591088.0,1338472.5,1257541888.0,95249328.0,6162413.0,5096575.5,6202794.0,8786179.0,23568040.0,11502770.0,1
1789706472.1505513,music,135,23,193918032.0,55711500.0,0.0,0.0,16402720.0,29460672.0,7560316.0,8532012.0,335852480.0,68708496.0,10171169.0,0.0,0.0,6050923.5,8574121.0,531623.125,1
1789706472.208549,music,135,21,134105456.0,6012784.5,0.0,0.0,61747520.0,9269416.0,5829508.0,4966092.5,17915074.0,0.0,6027831.0,29970580.0,24808432.0,3680463.5,18467334.0,5601183.5,1
1789706472.2585354,music,136,32,18040646.0,93508800.0,44567312.0,45619012.0,139707248.0,45528584.0,53999568.0,31599000.0,232063136.0,68166424.0,57726352.0,90240752.0,26842730.0,31220310.0,22971744.0,0.0,1
1789706472.3193984,music,119,25,59880460.0,21038108.0,122777360.0,0.0,0.0,38351776.0,160485664.0,105220992.0,1426609792.0,952624000.0,19967450.0,0.0,362261280.0,111876464.0,126976896.0,116504928.0,1
1789706472.381596,music,119,22,90828200.0,128145984.0,73588024.0,21079764.0,123752896.0,57420976.0,27521504.0,0.0,0.0,12966488.0,0.0,90337320.0,368892320.0,155557200.0,21057486.0,79428368.0,1
1789706472.4278126,music,119,18,0.0,0.0,0.0,8152916.5,222350448.0,2695381.25,217391968.0,5313834.0,110181984.0,10351491.0,0.0,0.0,198372624.0,10426995.0,3929007.5,3612267.5,1
1789706472.478559,music,129,17,57022328.0,0.0,0.0,585507.0625,0.0,1283537.0,132107568.0,5313994.5,138540256.0,11572090.0,0.0,0.0,0.0,4037763.0,9115194.0,19232566.0,1
1789706472.541078,music,129,23,0.0,11695799.0,0.0,6353216.5,14725073.0,2763202.5,90586272.0,4344710.0,178098848.0,1931996.125,1673878.0,12890684.0,172806624.0,2619711.75,4533938.0,10616730.0,1
1789706472.5985117,music,121,20,2759806.25,0.0,0.0,0.0,67462040.0,1019853.9375,137236208.0,3034928.5,7406550.0,758489.75,388559.8125,1100061.75,554372288.0,9129465.0,0.0,7151624.0,1
1789706472.6601477,music,121,22,4085906.0,1072021.0,0.0,0.0,132108056.0,17495566.0,16949548.0,1410824.625,80779936.0,216699808.0,87728688.0,999449.0625,0.0,16993794.0,7372100.5,4477070.0,1
1789706472.705763,music,117,22,1032560.6875,0.0,0.0,0.0,110850280.0,11369468.0,4037512.5,10960480.0,182780496.0,172296720.0,50175384.0,4028034.75,0.0,5976682.5,15041502.0,2997098.5,1
1789706472.7686453,music,134,19,0.0,0.0,0.0,21124392.0,41553860.0,118167288.0,31462086.0,16989850.0,104280816.0,148082656.0,0.0,85670544.0,66037232.0,33974560.0,0.0,0.0,1
1789706472.8304284,music,110,11,0.0,0.0,13471902.0,0.0,0.0,18841092.0,8496250.0,0.0,0.0,307518304.0,109916696.0,0.0,130360728.0,107506576.0,0.0,0.0,1
1789706472.8928437,music,134,16,0.0,0.0,5678659.5,0.0,114669808.0,194400416.0,0.0,0.0,372424640.0,257190848.0,106817936.0,109573832.0,237107072.0,92843048.0,0.0,0.0,1
1789706472.9555218,music,134,12,0.0,0.0,0.0,106518928.0,0.0,0.0,37801520.0,23744720.0,104734744.0,0.0,0.0,88396544.0,0.0,14437395.0,0.0,27276096.0,1
1789706473.0672188,music,126,17,0.0,0.0,96818152.0,0.0,0.0,2097562.5,198092592.0,360475.0,56629324.0,86936472.0,50707568.0,0.0,9323553.0,13370546.0,0.0,5057256.5,1
1789706473.1248841,music,127,15,6482914.0,0.0,0.0,0.0,34240776.0,2439688.0,0.0,0.0,45981384.0,128060384.0,0.0,215990.15625,0.0,10765658.0,12520839.0,0.0,1
1789706473.187096,music,120,18,0.0,0.0,0.0,0.0,1291019.5,33006396.0,70594288.0,0.0,8623491.0,69974832.0,49607260.0,16836388.0,198878880.0,2804222.75,3378725.0,822236.5,1
1789706473.2879431,music,119,19,0.0,0.0,0.0,0.0,0.0,0.0,16914916.0,1235809.5,60843072.0,400263552.0,111382984.0,24720364.0,189591552.0,20209562.0,0.0,4885230.0,1
1789706473.4149785,music,132,27,2818864.0,0.0,3116229.0,85534336.0,10846565.0,9353544.0,10773534.0,1671170.75,47910016.0,256867968.0,141182512.0,3948352.0,32270992.0,28400106.0,55269640.0,4954508.0,1
1789706473.484328,music,121,22,18021886.0,43996944.0,0.0,11224738.0,24176926.0,0.0,16354635.0,309836.90625,45309000.0,279760160.0,149489216.0,5363289.5,0.0,4818597.0,11438428.0,326911.25,1
1789706473.6049378,music,125,22,0.0,0.0,0.0,0.0,9843245.0,12185873.0,196337216.0,91051008.0,272459456.0,876157696.0,90948352.0,7936705.0,79608480.0,55447792.0,0.0,6756429.5,1
1789706473.6624525,music,125,8,0.0,0.0,0.0,0.0,187627760.0,1195832.875,19838834.0,3186033.5,0.0,0.0,0.0,0.0,0.0,35471668.0,0.0,0.0,1
1789706473.712361,music,138,11,0.0,0.0,0.0,56730052.0,495465280.0,14705281.0,32863666.0,7903760.5,0.0,55016280.0,0.0,25699556.0,71176976.0,0.0,24296736.0,6789371.0,1
1789706473.775903,music,138,15,10297182.0,0.0,31687580.0,76818552.0,0.0,0.0,52033448.0,0.0,13270034.0,82550632.0,106488184.0,6293431.5,0.0,0.0,9137733.0,0.0,1
1789706473.8213792,music,126,14,0.0,17291814.0,0.0,0.0,0.0,0.0,68205008.0,718848.125,3386889.5,318842400.0,222686096.0,0.0,37326056.0,7144914.5,4749799.0,0.0,1
1789706473.953404,music,136,31,67635704.0,11851836.0,87046104.0,44962176.0,0.0,9417086.0,726022656.0,3185822.5,20750852.0,798227904.0,251125424.0,5388266.5,0.0,8975140.0,5444230.0,1562084.25,1
1789706474.0113227,music,136,13,525477.0625,15692668.0,114635920.0,0.0,0.0,0.0,306517664.0,0.0,10865304.0,6834818.0,37940148.0,3639802.0,6244294.0,0.0,703831.0625,592274.375,1
1789706474.0619807,music,136,21,0.0,60071872.0,2863082.5,0.0,28387184.0,3416747.0,142433472.0,1931967.5,6198653.0,0.0,705542.125,2624397.0,0.0,11785620.0,1241016.125,0.0,1
1789706474.491886,music,133,18,0.0,0.0,810448.5625,0.0,3132513.5,351018.5,28930318.0,360006.8125,0.0,131754528.0,8103092.0,0.0,38041780.0,3052294.75,3528373.5,6270227.5,1
1789706474.560767,music,134,21,0.0,63968096.0,0.0,0.0,11573185.0,564845.375,117304008.0,673229.5,12007187.0,258222368.0,33529660.0,21825692.0,0.0,2282204.75,371723.0,24339472.0,1
1789706474.68075,music,121,16,0.0,0.0,0.0,0.0,41997652.0,258420448.0,79444224.0,0.0,0.0,0.0,0.0,76364368.0,14532944.0,190048304.0,325523136.0,0.0,1
1789706474.7388217,music,136,23,4166139.0,5152167.5,0.0,0.0,57194040.0,326938240.0,12684846.0,1547748.625,16459497.0,0.0,4374220.5,626174272.0,15870876.0,27911612.0,46522100.0,3040450.5,1
1789706474.9346957,music,137,18,3028076.25,5484002.0,0.0,0.0,9470780.0,15842437.0,75653064.0,30372844.0,30135046.0,37546076.0,32418120.0,31283486.0,57589576.0,10641378.0,10502696.0,12114628.0,1
1789706474.9918187,music,121,10,0.0,6957085.5,0.0,0.0,33859860.0,0.0,0.0,0.0,36153460.0,213387776.0,72262008.0,26037656.0,0.0,29076046.0,0.0,0.0,1
1789706475.0930176,music,120,18,0.0,14715004.0,10005010.0,0.0,0.0,4041695.0,2214937.0,0.0,0.0,909005312.0,197196736.0,6299596.5,815128.5625,9897618.0,21603612.0,7004775.5,1
1789706475.1645637,music,135,20,2248033.75,31400346.0,3644565.5,0.0,0.0,0.0,25987752.0,2757438.75,14741836.0,4810141.5,0.0,81861688.0,12962526.0,3043792.5,0.0,0.0,1
1789706475.2259276,music,135,22,0.0,16209216.0,4866114.0,1452596.25,977440.375,0.0,141087888.0,3280255.25,38156920.0,214027712.0,105293224.0,4086642.75,0.0,5374794.5,0.0,2711768.5,1
1789706475.2720768,music,125,20,1223597.5,0.0,0.0,0.0,0.0,1268961.875,157449296.0,1852884.0,0.0,535603552.0,353792704.0,17459660.0,3127188.5,7079751.0,6441744.0,3468403.0,1
1789706475.333867,music,123,24,3577427.0,0.0,2930618.5,0.0,743994.1875,11079818.0,207619680.0,5964776.0,18968878.0,249162928.0,138190064.0,4874357.0,1357282.0,18211280.0,160184608.0,192282208.0,1
1789706475.3960285,music,125,20,0.0,0.0,0.0,4943043.0,65318052.0,440844928.0,661924160.0,4991289.0,43381792.0,26027606.0,4664473.0,91387344.0,1206837.25,99076144.0,639023808.0,0.0,1
1789706475.4588268,music,144,20,603209.75,1506874.125,32711654.0,10820428.0,46160776.0,292127872.0,0.0,5082138.5,156650064.0,0.0,0.0,473689280.0,6748382.0,190429680.0,1376653056.0,0.0,1
1789706475.5218883,music,144,20,257973.15625,7645906.0,0.0,6170681.5,100617752.0,412919360.0,0.0,0.0,0.0,120220192.0,14154772.0,293749056.0,13859051.0,721587.75,0.0,3997851.5,1
1789706475.571908,music,128,21,0.0,15346311.0,0.0,243876.234375,94646856.0,680011392.0,11746218.0,5642744.0,198987936.0,27472680.0,34377936.0,433252640.0,11505410.0,0.0,0.0,10592880.0,1
1789706475.6333673,music,128,16,49285208.0,0.0,0.0,0.0,74954744.0,740286976.0,98302984.0,80483888.0,0.0,25577702.0,0.0,384574848.0,906065.4375,12660320.0,0.0,1144214.625,1
1789706475.6791787,music,128,19,0.0,18400934.0,0.0,34004508.0,35825668.0,239056608.0,282477088.0,79417480.0,8611372.0,53033484.0,29643202.0,329744512.0,4090477.5,0.0,0.0,362811.125,1
1789706475.724734,music,144,15,743661.4375,0.0,18612180.0,0.0,76252312.0,461490656.0,20718536.0,0.0,0.0,21023232.0,3853271.75,394301600.0,2702040.75,0.0,0.0,3553762.25,1
1789706475.7868702,music,119,18,8920623.0,5966449.0,0.0,0.0,0.0,149755008.0,268622432.0,195994720.0,8869992.0,29814244.0,2614861.0,0.0,0.0,11185840.0,60309656.0,0.0,1
1789706476.2636702,music,132,21,10837494.0,0.0,0.0,0.0,0.0,3128002.0,237445920.0,165765760.0,2451225.75,7405188.0,1790939.5,16957856.0,8636125.0,16367401.0,102674368.0,1910319.625,1
1789706476.3215704,music,130,24,8404571.0,0.0,8570472.0,18085540.0,4670753.0,10290363.0,90094240.0,61806732.0,0.0,56262504.0,27960622.0,68444968.0,67134848.0,32993000.0,59848056.0,60040904.0,1
1789706476.6128786,music,130,26,7504545.0,0.0,9970805.0,8691782.0,9041572.0,7825558.5,69623224.0,13658564.0,51798552.0,1122740096.0,736817792.0,28938684.0,53554240.0,6813556.0,4374425.0,3271817.5,1
1789706476.659957,music,130,18,46307960.0,12747156.0,0.0,0.0,41999508.0,118320992.0,37760108.0,5468422.5,0.0,65156272.0,0.0,274038080.0,129238792.0,15596548.0,55904168.0,7484996.0,1
1789706476.7095695,music,128,19,14609260.0,8093295.0,0.0,0.0,17314788.0,144545296.0,23441798.0,63726572.0,7499643.0,179808640.0,75008152.0,7753607.0,0.0,34863780.0,210865216.0,0.0,1
1789706476.7711747,music,111,8,0.0,0.0,0.0,0.0,0.0,0.0,13651286.0,30394328.0,0.0,1477892352.0,343115584.0,0.0,0.0,0.0,0.0,2280650.25,1
1789706476.8653114,music,111,12,0.0,1169453.375,0.0,0.0,0.0,0.0,8043262.5,14971303.0,2784824.0,673267456.0,177607392.0,0.0,7083510.0,0.0,0.0,1471661.0,1
1789706476.9291437,music,132,24,0.0,0.0,0.0,13822168.0,30165540.0,5384914.5,245548000.0,46622504.0,2722347.0,126467504.0,83490152.0,0.0,3180621.5,26834160.0,141728224.0,1832721.0,1
1789706476.9898589,music,135,22,36086248.0,40733620.0,60668832.0,0.0,614877824.0,3706551.0,152574464.0,208109760.0,520379008.0,0.0,0.0,12067960.0,19160724.0,9082306.0,32928468.0,10906247.0,1
1789706477.052069,music,134,23,22234978.0,64443924.0,0.0,1097096.0,331221184.0,231493904.0,3164273.5,17767524.0,266193600.0,26337876.0,5971348.5,64787200.0,15560182.0,0.0,11531609.0,0.0,1
1789706477.1244266,music,116,15,0.0,0.0,0.0,1066699.375,0.0,941060.25,33950568.0,35237420.0,0.0,1709323776.0,0.0,4176827.5,12625238.0,38040120.0,23500520.0,81350360.0,1
1789706477.2130723,music,133,23,0.0,80246352.0,4549516.0,0.0,49547988.0,7268232.5,31272186.0,9234856.0,0.0,0.0,128603248.0,20876116.0,2369001.25,11979407.0,39072832.0,12729874.0,1
1789706477.2720993,music,133,21,2237907.0,92937800.0,0.0,0.0,16807832.0,7457049.0,12626068.0,17807242.0,294316448.0,51236672.0,26045596.0,8940826.0,3208039.5,300532.65625,3099882.0,0.0,1
1789706477.3216386,music,133,28,8309018.0,0.0,49093576.0,104055096.0,46846200.0,36706832.0,48893488.0,95833936.0,261551456.0,7382794.0,0.0,14342011.0,4526627.5,16556134.0,12048806.0,18096528.0,1
1789706477.3676429,music,129,19,0.0,0.0,196616608.0,294174112.0,14136532.0,15104874.0,50912900.0,9067445.0,277244992.0,37758336.0,3500521.25,0.0,0.0,22984394.0,0.0,0.0,1
1789706477.428822,music,126,18,0.0,0.0,0.0,0.0,10430866.0,891430.75,620036672.0,7901623.0,384959168.0,291960352.0,69164560.0,0.0,926023.75,2620950.5,5659898.5,2196368.5,1
1789706477.4908743,music,124,22,8570235.0,24070440.0,89801136.0,76585168.0,8867801.0,5957278.5,993256384.0,5659431.5,0.0,0.0,0.0,0.0,1307854.75,18928804.0,0.0,0.0,1
1789706477.5539758,music,119,15,0.0,0.0,0.0,0.0,0.0,0.0,666639488.0,0.0,179351744.0,225728144.0,48400196.0,2614909.25,0.0,2544708.0,4119571.25,2325659.75,1
1789706477.6174946,music,130,15,27430468.0,0.0,0.0,0.0,0.0,1507996.125,12828376.0,2672804.5,0.0,0.0,7676775.5,3411675.25,11650984.0,1744908.625,27345326.0,830188.3125,1
1789706477.6801271,music,124,10,910981.6875,0.0,0.0,30402206.0,10751485.0,20898990.0,472269664.0,5643363.5,0.0,53125776.0,0.0,0.0,0.0,0.0,0.0,0.0,1
1789706477.7426112,music,123,23,10760852.0,9038724.0,159241312.0,0.0,15089038.0,18153028.0,720271296.0,5576495.0,10176790.0,0.0,0.0,47548776.0,7335900.0,14394933.0,30960008.0,4460508.0,1
1789706477.8042479,music,123,21,51729244.0,0.0,0.0,7476844.5,10334552.0,62516276.0,389963136.0,899391.875,31051496.0,20418748.0,11405113.0,32971614.0,0.0,41223200.0,9510773.0,6966209.0,1
1789706477.8541152,music,135,23,0.0,7135409.5,9008010.0,437172.375,33704504.0,160519920.0,135443584.0,32185690.0,537892864.0,55618256.0,3453674.0,34895900.0,0.0,29230608.0,19347906.0,2508411.5,1
1789706477.9409912,music,134,24,0.0,27151728.0,0.0,6096693.5,8140685.5,40571024.0,742467264.0,8419768.0,284571328.0,28151306.0,2816656.5,0.0,21485220.0,10520014.0,3550671.0,1208758.0,1
1789706477.998155,music,131,17,0.0,44886544.0,0.0,6658260.5,27774908.0,28117310.0,0.0,0.0,0.0,0.0,1073158.0,7807534.0,14470224.0,16350545.0,19609884.0,107633776.0,1
1789706478.0600471,music,124,20,0.0,0.0,24983258.0,0.0,23486698.0,124030240.0,297208544.0,1937913.5,27583618.0,0.0,14934788.0,66586520.0,4228706.5,224070016.0,753382528.0,0.0,1
1789706478.1231022,music,140,21,0.0,0.0,0.0,1659433.625,59341844.0,357386080.0,203267424.0,3804290.25,103098144.0,23748654.0,0.0,31986372.0,27244112.0,199422208.0,1023194752.0,0.0,1
1789706478.1853805,music,130,21,175426.8125,6013688.5,0.0,933118.625,137290624.0,680968320.0,167874096.0,1827544.0,11507284.0,0.0,10094809.0,27140516.0,0.0,126718.625,0.0,3193282.0,1
1789706478.2473516,music,130,21,0.0,1370135.375,0.0,0.0,86355416.0,749260672.0,282112544.0,21896426.0,476355392.0,5016847.0,7191208.5,22677672.0,1011832.0625,1430459.125,0.0,7615360.0,1
1789706478.2971053,music,130,18,167697712.0,0.0,0.0,0.0,0.0,319952064.0,113259144.0,43753224.0,113857456.0,4752745.0,0.0,20893164.0,4724800.0,230887.171875,0.0,6388726.0,1
1789706478.3426547,music,130,17,4101681.0,0.0,0.0,0.0,0.0,43082272.0,701091968.0,65679968.0,0.0,27154762.0,7326225.0,33441478.0,10477938.0,1507501.875,0.0,0.0,1
1789706478.3931212,music,129,20,0.0,0.0,326621440.0,0.0,16231409.0,17491722.0,84510000.0,266213712.0,61845952.0,64538416.0,8013353.5,0.0,3916178.0,22191602.0,0.0,15038216.0,1
1789706478.5742888,music,130,21,34262632.0,33131148.0,0.0,86231088.0,6304956.5,52113572.0,194397024.0,134785360.0,0.0,311986208.0,112485496.0,0.0,0.0,11514344.0,70221328.0,3353475.0,1
1789706478.6434247,music,118,17,0.0,1767645.375,1534223.5,0.0,0.0,0.0,108002280.0,406407.25,15267762.0,261021440.0,62329000.0,2542037.5,14392690.0,278755296.0,30239720.0,8137017.0,1
1789706478.7046824,music,103,15,2551370.5,0.0,1863125.25,0.0,0.0,0.0,0.0,35203212.0,0.0,255329440.0,40394084.0,0.0,14069935.0,220766880.0,65704332.0,14246842.0,1
1789706478.9545078,music,114,17,0.0,0.0,0.0,0.0,0.0,0.0,0.0,11246949.0,224874240.0,1358796416.0,10080190.0,15286958.0,25935092.0,73640424.0,32020680.0,65712888.0,1
1789706479.0253644,music,127,19,10378145.0,2878478.0,0.0,752285.0625,4546144.0,22940214.0,218382560.0,67335632.0,33517526.0,0.0,0.0,26169436.0,3009042.25,5284671.0,193208064.0,22261938.0,1
1789706479.2383277,music,125,19,0.0,0.0,0.0,2562243.0,9353172.0,66217900.0,149967872.0,109311040.0,30791374.0,71148992.0,5785374.0,4480260.5,0.0,0.0,182627104.0,117259696.0,1
1789706479.2973144,music,142,23,1633444.75,321260864.0,231985472.0,10891403.0,208367504.0,98371088.0,65873468.0,0.0,20809254.0,0.0,52081856.0,54992848.0,0.0,0.0,0.0,0.0,1
1789706479.3606582,music,123,19,3298040.0,0.0,0.0,16274673.0,70637344.0,0.0,407428864.0,46983532.0,15104104.0,28437632.0,0.0,8565180.0,40359016.0,46529060.0,0.0,13988035.0,1
1789706479.423271,music,123,20,19079008.0,0.0,1344307.0,0.0,88041280.0,110317584.0,670146176.0,588293376.0,2200107.5,24336296.0,0.0,113670352.0,4647705.0,24512972.0,0.0,215913440.0,1
1789706479.4740613,music,128,27,5695644.0,22180350.0,71867872.0,44118872.0,11185820.0,21299196.0,205365952.0,599751552.0,34651880.0,77926464.0,273357184.0,0.0,8612732.0,29280100.0,161780560.0,131016464.0,1
1789706479.5368192,music,127,20,64099448.0,0.0,91406016.0,17520588.0,0.0,48271548.0,40029032.0,73522288.0,0.0,51144144.0,208788752.0,16949242.0,14932834.0,47777728.0,0.0,0.0,1
1789706479.651589,music,142,20,5685955.5,134807584.0,64217568.0,1962674.5,50005020.0,63617152.0,14126268.0,40662772.0,275125.5,2468610.0,170994528.0,54574848.0,23401150.0,1613731.375,12012506.0,0.0,1
1789706479.7099452,music,127,19,11159912.0,105675792.0,49566032.0,0.0,0.0,0.0,172367872.0,69665528.0,296176.0,9315511.0,0.0,6321977.0,0.0,14896736.0,90629296.0,23973566.0,1
1789706479.7734578,music,146,19,8282930.5,223220448.0,61092200.0,0.0,0.0,26464772.0,0.0,8851094.0,0.0,1006099.0625,99653944.0,44818444.0,8065923.0,0.0,17944646.0,2645525.25,1
1789706479.934911,music,134,27,13274122.0,25146562.0,54454432.0,2218687.0,0.0,28599768.0,116522168.0,20871314.0,4401198.5,0.0,59194216.0,30787490.0,3254842.0,5306320.0,0.0,23053086.0,1
1789706480.0308244,music,132,21,2258725.0,0.0,1982914.625,1376422.625,35848128.0,255013360.0,29270168.0,5214926.0,70524752.0,7545949.5,0.0,2749394.5,5010347.0,586076.4375,15198802.0,14674488.0,1
1789706480.088098,music,137,20,2822105.5,0.0,0.0,0.0,55522252.0,360966592.0,1404048.875,2862423.0,76101656.0,57682604.0,149145504.0,8557028.0,9804193.0,0.0,27378996.0,6842740.0,1
1789706480.282384,music,116,16,0.0,0.0,0.0,0.0,0.0,0.0,105285224.0,196668080.0,526203776.0,2402696448.0,32177476.0,1982807.25,11136504.0,15575493.0,24453752.0,43521020.0,1
1789706480.3410332,music,116,12,2771008.5,1184144.5,80184728.0,0.0,810730.125,0.0,212806496.0,6537231.0,0.0,0.0,0.0,0.0,0.0,43839408.0,41011356.0,20930148.0,1
1789706480.3903148,music,120,16,775502.875,0.0,0.0,0.0,600801.375,12335814.0,710765248.0,201557984.0,0.0,0.0,64063476.0,62715160.0,8960023.0,3778660.25,0.0,1822301.125,1
1789706480.6320205,music,130,27,1282519.25,0.0,0.0,1186238.875,1227112.875,4993679.0,196387136.0,132455576.0,2548158.75,21796864.0,263149472.0,105089272.0,5208286.0,2368268.5,59504536.0,42913804.0,1
1789706480.702592,music,137,22,2988242.5,0.0,23033928.0,0.0,4810249.0,119112712.0,78394856.0,32943448.0,58500004.0,17602362.0,195303776.0,157985088.0,1577824.875,2370326.0,0.0,0.0,1
1789706480.8214972,music,129,20,0.0,3661720.5,0.0,1257683.5,1303511.75,0.0,151317024.0,126277792.0,43420944.0,10769238.0,45469536.0,0.0,0.0,18192918.0,17085436.0,0.0,1
1789706480.916664,music,146,10,0.0,0.0,0.0,141837.8125,1531750.125,163977520.0,0.0,48530464.0,71560472.0,0.0,338760000.0,361213216.0,0.0,0.0,0.0,0.0,1
1789706480.9759166,music,134,32,148180368.0,152134320.0,27518420.0,29960656.0,61771856.0,161328896.0,232996576.0,50584368.0,571609344.0,147856496.0,0.0,19947694.0,0.0,71702968.0,165208128.0,19211540.0,1
1789706481.1691175,music,128,25,2392308.0,25300280.0,0.0,1926700.75,17030782.0,7428671.5,92873120.0,72000784.0,1003750336.0,24848512.0,0.0,0.0,1362262.625,17438410.0,207568992.0,1854380.125,1
1789706481.6119156,music,114,22,1191173.25,0.0,870515.6875,0.0,0.0,6697597.0,162967744.0,124071040.0,1473838592.0,3376687616.0,76027584.0,5409883.0,57761048.0,25966168.0,40652132.0,62033740.0,1
1789706481.9289696,music,128,24,29317828.0,24961510.0,0.0,2814364.0,0.0,0.0,5193415.0,16119880.0,716905856.0,38758972.0,3621744.0,2065401.625,2532061.75,3862966.0,30070024.0,21569046.0,1
1789706481.9885125,music,128,26,151870896.0,0.0,0.0,1281912.5,40104624.0,1095779.5,168812912.0,22731952.0,455243200.0,12110400.0,5347293.0,1407136.75,2058462.625,5849470.5,14463237.0,0.0,1
1789706482.037966,music,131,17,0.0,0.0,0.0,11075702.0,145258960.0,54641976.0,14217207.0,6683295.0,87443720.0,842026.625,5292648.5,4830761.5,21314148.0,0.0,0.0,106642480.0,1
1789706482.0999389,music,135,22,14817648.0,16039182.0,0.0,0.0,98773248.0,0.0,330137920.0,11210998.0,199742704.0,8189856.0,16533323.0,9031929.0,24368448.0,22033982.0,274603616.0,374530816.0,1
1789706482.1607468,music,117,15,0.0,0.0,0.0,970053.5,163425248.0,336963488.0,103055928.0,0.0,59244268.0,31340914.0,9138167.0,0.0,3068306.0,218901600.0,756467456.0,14368427.0,1
1789706482.2777612,music,115,10,0.0,0.0,0.0,0.0,0.0,0.0,36338604.0,1444211.875,0.0,1230965.75,2511547.0,0.0,17349080.0,0.0,59577248.0,417517248.0,1
1789706482.2785718,music,151,12,86858864.0,165888480.0,50276004.0,15090102.0,15022016.0,0.0,0.0,0.0,0.0,0.0,904693.6875,3959283.0,0.0,0.0,0.0,0.0,1
1789706482.3412144,music,136,21,47427188.0,35059552.0,0.0,0.0,11256774.0,13135170.0,54567380.0,29417472.0,180061120.0,30031348.0,0.0,548524.375,9925952.0,21656668.0,126161976.0,0.0,1
1789706482.4006023,music,138,19,130237584.0,58809408.0,0.0,0.0,87808672.0,6381974.0,0.0,13573024.0,176524384.0,13521752.0,0.0,0.0,11179232.0,21782782.0,36556236.0,44770172.0,1
1789706482.6266327,music,158,15,443445824.0,87621200.0,22169952.0,0.0,0.0,0.0,1460249.0,0.0,0.0,832128.4375,1281924.125,6275267.0,0.0,7569735.0,11331653.0,0.0,1
1789706482.7198198,music,124,19,4081396.25,0.0,20101644.0,0.0,159391520.0,2506630.75,12963821.0,5101651.5,0.0,1032811.5,2391434.75,2330400.75,39560784.0,3627822.75,169160800.0,158994560.0,1
1789706482.7788959,music,121,16,0.0,0.0,0.0,0.0,110152216.0,2343535.75,16113712.0,12234067.0,0.0,12033765.0,6650073.5,458302.0,0.0,7044287.0,0.0,5535745.5,1
1789706482.8420894,music,142,14,29082028.0,0.0,0.0,111630096.0,0.0,0.0,2920286.75,5464126.0,12870034.0,2083152.5,0.0,0.0,0.0,13240984.0,25875822.0,5140108.0,1
1789706482.941289,music,124,24,73103352.0,38918696.0,0.0,0.0,0.0,172418848.0,696166272.0,327605568.0,672632384.0,1245970176.0,86620824.0,10234845.0,52619520.0,30500268.0,0.0,53901272.0,1
1789706482.9994698,music,127,15,31190620.0,14510516.0,252554112.0,21921150.0,0.0,14476236.0,703506752.0,0.0,0.0,0.0,0.0,0.0,0.0,27895916.0,0.0,4912561.0,1
1789706483.061271,music,127,11,34877732.0,0.0,8017352.0,0.0,0.0,6288729.0,689455040.0,0.0,0.0,0.0,0.0,0.0,0.0,3716686.0,7892418.0,4463550.5,1
1789706483.1107526,music,127,19,50266108.0,0.0,0.0,1053509.0,15214647.0,1321469.5,103355416.0,5870053.0,178836208.0,0.0,0.0,1984996.875,2573550.25,7046143.5,10155708.0,3202567.25,1
1789706483.1571457,music,133,16,60667928.0,0.0,0.0,10147823.0,829440.0,84070.2265625,109223488.0,1249347.25,0.0,2563906.5,0.0,0.0,19473460.0,657138.0625,5078754.0,1509432.125,1
1789706483.290111,music,138,18,0.0,0.0,0.0,78949096.0,0.0,1976436.125,298917792.0,11104738.0,376270720.0,15753628.0,0.0,2755151.75,0.0,7679110.0,28370840.0,11650737.0,1
1789706483.3489563,music,138,23,1491667.375,80116160.0,0.0,4287772.0,7788828.5,4190866.0,0.0,0.0,143132608.0,3790371.75,804972.75,4724622.0,1732448.5,752044.25,5315151.0,2040969.125,1
1789706483.3990295,music,136,19,0.0,0.0,0.0,0.0,0.0,0.0,42225828.0,36692320.0,107562184.0,58236976.0,15840867.0,22308012.0,0.0,14355368.0,19379838.0,65320376.0,1
1789706483.5107043,music,116,19,0.0,0.0,0.0,2509254.0,32069214.0,1277384.5,170038720.0,5550204.0,220815424.0,14113674.0,0.0,0.0,0.0,71147096.0,124964744.0,4030809.0,1
1789706483.5692894,music,131,25,0.0,0.0,0.0,0.0,74306984.0,606108.625,0.0,22650268.0,867311424.0,40457592.0,1295344.0,13356770.0,9289507.0,204172560.0,305547456.0,3766316.25,1
1789706483.6313338,music,129,26,337744.1875,21025342.0,0.0,0.0,49719780.0,13051511.0,347505920.0,81487584.0,0.0,204215936.0,78994336.0,54245784.0,10731074.0,122852584.0,45830644.0,1904640.0,1
1789706484.0175126,music,138,20,10239319.0,198654240.0,87152592.0,0.0,0.0,1506221.5,6155165.0,3853465.0,14395434.0,7907256.0,195526.359375,4936305.0,0.0,2236949.0,0.0,0.0,1
1789706484.0869076,music,123,19,2662654.75,45504208.0,0.0,0.0,492380544.0,957098.6875,26795932.0,5917049.0,50532336.0,41381048.0,8755935.0,0.0,0.0,0.0,0.0,59025576.0,1
1789706484.2710955,music,128,25,0.0,0.0,0.0,25430748.0,501352000.0,7372009.5,55331632.0,101771920.0,416723872.0,640957440.0,85752464.0,8314273.0,75901696.0,44369332.0,14167605.0,28933508.0,1
1789706484.329782,music,129,14,14978396.0,0.0,0.0,0.0,42135816.0,8043385.0,6452616.5,0.0,57488096.0,0.0,0.0,0.0,0.0,28298744.0,40737884.0,129055320.0,1
1789706484.6192803,music,110,16,0.0,0.0,3824839.75,0.0,42428080.0,3853591.0,112449864.0,4056271.75,0.0,163186624.0,0.0,0.0,378467456.0,94017808.0,0.0,14748678.0,1
1789706484.6884315,music,124,21,2101474.5,98875432.0,145711936.0,0.0,9543742.0,2274537.25,92382656.0,18021728.0,1581854.0,73122160.0,0.0,20270160.0,191289152.0,5514205.0,54846960.0,199397760.0,1
1789706484.7778227,music,112,7,450065.125,0.0,0.0,0.0,0.0,0.0,304531072.0,51112456.0,0.0,0.0,0.0,0.0,0.0,2775701.0,1978329.5,0.0,1
1789706484.8360443,music,111,10,0.0,0.0,0.0,0.0,10537892.0,284761.46875,79069728.0,46512784.0,11270472.0,0.0,7159567.5,39381232.0,794379904.0,0.0,0.0,0.0,1
1789706484.89997,music,125,17,12707951.0,0.0,0.0,5162646.0,478669824.0,3039378.5,0.0,0.0,14708458.0,0.0,65944048.0,0.0,0.0,34500552.0,8046343.0,5077197.0,1
1789706484.964187,music,123,17,0.0,0.0,938810.1875,0.0,434763296.0,501987.625,0.0,0.0,24696158.0,290414752.0,153017504.0,2252859.5,0.0,4821859.0,3653217.25,12185010.0,1
1789706485.0390475,music,129,22,2523680.0,0.0,0.0,0.0,120234472.0,573004.0625,13814258.0,7408236.0,48444772.0,506576576.0,141731968.0,5610244.0,161862368.0,13088308.0,6272226.0,10830922.0,1
1789706485.1014628,music,129,18,7712193.0,100299376.0,0.0,2712529.75,22106616.0,0.0,23835540.0,24132388.0,96414096.0,309345792.0,50528696.0,0.0,0.0,4808739.5,2462208.75,6697068.0,1
1789706485.147326,music,157,12,0.0,61245264.0,20685078.0,0.0,0.0,0.0,0.0,4471859.0,0.0,381275584.0,33418378.0,6178584.5,22836528.0,0.0,0.0,0.0,1
1789706485.4420106,music,114,16,3942616.5,0.0,989484.0,99797552.0,91352904.0,0.0,0.0,2047618.5,8505739.0,8700524.0,0.0,0.0,0.0,242461408.0,149266176.0,6842409.0,1
1789706485.5007925,music,116,17,0.0,0.0,0.0,0.0,6914523.0,374513.6875,42915180.0,547678.8125,7156175.0,127421424.0,37932332.0,0.0,144994880.0,269893248.0,160201728.0,10107449.0,1
1789706485.5639553,music,117,12,0.0,0.0,583469.0,0.0,25949774.0,253808.328125,248192560.0,803475.5,0.0,10183534.0,0.0,0.0,0.0,28872632.0,19236652.0,0.0,1
1789706485.6280942,music,117,17,0.0,0.0,0.0,0.0,1476392.75,3916583.0,167014640.0,0.0,0.0,49036812.0,37994992.0,0.0,28858220.0,57582852.0,17140508.0,51696612.0,1
1789706485.9481423,music,131,23,18034400.0,1460626.5,8315614.5,0.0,97344608.0,16231678.0,361759872.0,9009546.0,71752984.0,4890931.5,1131485.375,0.0,0.0,32536468.0,39326440.0,224209.53125,1
1789706486.0187893,music,134,24,10901956.0,11940401.0,152380096.0,241001600.0,102813520.0,207962400.0,190680608.0,19475450.0,0.0,48970312.0,18333428.0,0.0,81416576.0,14410037.0,0.0,3724209.25,1
1789706486.0805802,music,133,24,19505208.0,12282562.0,0.0,0.0,176418208.0,172032640.0,0.0,81383824.0,5896324.0,98001688.0,23760264.0,0.0,24871082.0,155094112.0,480848352.0,515110.0625,1
1789706486.1429346,music,140,22,5609913.0,6437580.5,86269760.0,0.0,33020024.0,149495120.0,10541960.0,25655348.0,9615913.0,605612.25,700543.9375,5285235.0,6534032.0,150171312.0,687296256.0,0.0,1
1789706486.2645404,music,121,25,3151614.75,7046591.0,0.0,0.0,37629268.0,80808680.0,62725072.0,200421456.0,19891866.0,4303119.0,10930480.0,0.0,58262360.0,103893920.0,369669184.0,41001480.0,1
1789706486.3235333,music,131,14,48397328.0,0.0,0.0,0.0,20131306.0,201699808.0,17252826.0,0.0,13682998.0,16660016.0,5789338.0,796973.25,0.0,0.0,0.0,0.0,1
1789706486.4541402,music,122,14,3383873.0,0.0,0.0,0.0,884367.75,2473096.25,0.0,0.0,0.0,28606130.0,11340097.0,0.0,10954236.0,262544944.0,790212032.0,3730375.0,1
1789706486.5246236,music,140,19,9523886.0,0.0,834316.125,0.0,12723854.0,92357936.0,2840392.0,184414112.0,27662120.0,16852966.0,0.0,5492149.0,34283380.0,33618908.0,548032256.0,26641584.0,1
1789706486.586212,music,122,15,7704656.0,0.0,0.0,0.0,0.0,0.0,17400126.0,83274736.0,3771515.5,93738112.0,757131.0,0.0,0.0,92050632.0,1150976896.0,8472959.0,1
1789706486.6479874,music,117,25,0.0,4083590.5,77325560.0,41045768.0,15989227.0,0.0,2521827.25,124479808.0,6208729.0,566869.75,28288824.0,48370012.0,62646720.0,250171104.0,656094848.0,3894262.0,1
1789706486.8665965,music,130,22,7297471.0,14942040.0,7687286.0,0.0,15270186.0,52321564.0,0.0,0.0,879372.375,246383952.0,24984228.0,336300.65625,100647528.0,181078864.0,453281504.0,1785275.25,1
1789706486.9239805,music,131,21,18994790.0,5782758.0,957561.5625,0.0,753761.625,13719490.0,2324214.5,0.0,271742.78125,200997760.0,28910444.0,3394979.25,0.0,105049408.0,1523623040.0,14806452.0,1
1789706486.9856386,music,132,18,9116310.0,1841799.5,0.0,0.0,10379561.0,104166464.0,615561.3125,16778028.0,0.0,89005336.0,68968960.0,47761524.0,38054064.0,14731102.0,418858176.0,0.0,1
1789706487.1202774,music,132,17,0.0,17573614.0,9458605.0,0.0,0.0,97934744.0,14497034.0,0.0,0.0,58994816.0,46778580.0,0.0,0.0,75585024.0,582202752.0,5042696.0,1
1789706487.213497,music,125,18,9550967.0,0.0,0.0,0.0,18279656.0,0.0,22794926.0,34984308.0,1675885.75,26921638.0,0.0,3081507.75,7263375.0,118405640.0,1289249152.0,26847844.0,1
1789706487.2711415,music,125,17,4722851.5,3834564.5,4689177.0,0.0,90368920.0,424643072.0,20342078.0,0.0,361630.1875,3566851.25,13384801.0,11444332.0,0.0,56589296.0,0.0,0.0,1
1789706487.5310657,music,137,15,14984866.0,13022607.0,2732143.0,0.0,0.0,0.0,12991584.0,45533908.0,1441879.0,642572.25,0.0,0.0,0.0,63078056.0,0.0,1070472.875,1
1789706487.589043,music,119,14,0.0,0.0,0.0,0.0,0.0,0.0,15163927.0,5874432.5,353692.6875,103007168.0,33203894.0,0.0,0.0,59450816.0,314998688.0,602588.6875,1
1789706487.7200396,music,132,23,67026220.0,14532363.0,0.0,8789308.0,14177389.0,81939936.0,18610560.0,17115074.0,1171972.75,117018672.0,29771202.0,0.0,7467772.0,18541276.0,117213328.0,1703606.0,1
1789706487.7783885,music,133,12,48970812.0,2097843.0,0.0,10535980.0,0.0,0.0,2772083.0,2318965.0,680641.0,70843712.0,34283536.0,0.0,26128768.0,16530510.0,0.0,0.0,1
1789706487.838621,music,120,14,18472464.0,1740195.375,497605.6875,0.0,37308256.0,114040504.0,19458640.0,0.0,0.0,79397824.0,0.0,0.0,0.0,11047322.0,209730560.0,0.0,1
1789706487.9414306,music,117,16,18607560.0,0.0,0.0,32864688.0,22977170.0,31438840.0,25020932.0,0.0,0.0,170620064.0,48770980.0,0.0,54952820.0,7518316.0,30559438.0,3047902.0,1
1789706488.0118673,music,131,16,0.0,0.0,0.0,0.0,44847176.0,261885856.0,2080565.5,19989182.0,0.0,114114928.0,32049980.0,0.0,8410397.0,56746160.0,414224832.0,4427066.0,1
1789706488.1947699,music,132,22,370254.25,17836140.0,9124294.0,0.0,466037.71875,163577136.0,11881597.0,30670652.0,3423606.25,20491892.0,13147539.0,1758725.25,11976503.0,0.0,123225120.0,6532906.0,1
1789706488.2521312,music,123,21,1449189.375,12994004.0,2966988.75,0.0,58097552.0,380280992.0,17753252.0,61009168.0,1687466.5,115387176.0,27463792.0,0.0,9309861.0,0.0,0.0,11767114.0,1
1789706488.3144119,music,123,27,5368422.5,6062712.0,23202744.0,9961215.0,22158894.0,38383504.0,20496354.0,34303032.0,36092680.0,317467840.0,55363096.0,20986190.0,81848816.0,79843600.0,0.0,55740512.0,1
1789706488.5431163,music,123,14,0.0,0.0,0.0,0.0,12226978.0,36508644.0,12960270.0,32310844.0,1467016.0,22153250.0,19578296.0,910355.0,0.0,0.0,0.0,1963777.5,1
1789706488.8276865,music,126,21,797031.25,0.0,1811560.5,0.0,2261459.25,21169472.0,14524529.0,9618520.0,844324.6875,4056208.0,13968177.0,71306.15625,0.0,3295153.0,73089216.0,3961148.25,1
1789706488.8864403,music,125,18,2508528.0,3415091.5,0.0,0.0,3538853.5,0.0,6730574.0,6005843.0,0.0,61071956.0,30656898.0,0.0,3470589.5,826632.75,0.0,3670432.0,1
1789706491.3908546,music,123,18,99169.421875,0.0,0.0,63883200.0,85699736.0,5625721.5,336977056.0,1152944.75,0.0,3801187.0,407424.15625,0.0,326887.625,0.0,11307900.0,5950094.5,1
1789706491.4475877,music,118,17,0.0,0.0,0.0,70437248.0,68784952.0,2094057.5,311291296.0,2108480.0,0.0,0.0,373660.4375,0.0,123266.1875,16507011.0,8786710.0,1572591.25,1
1789706492.6877725,music,121,20,0.0,0.0,172648.9375,0.0,324767680.0,0.0,905612928.0,425115776.0,747899.875,37915104.0,4129271.0,22869858.0,158924224.0,1999245.875,34480784.0,69754000.0,1
1789706492.7453952,music,114,18,0.0,0.0,0.0,0.0,302180896.0,156724.09375,1131499136.0,436718464.0,934225.9375,1847406.125,0.0,23872508.0,314080096.0,2847969.0,139152336.0,385176384.0,1
1789706492.8088386,music,114,21,0.0,0.0,0.0,0.0,328644128.0,127505.8203125,637372032.0,290237696.0,0.0,101895408.0,9711793.0,17005842.0,320134336.0,4832859.5,622225408.0,2420531712.0,1
1789706492.858264,music,112,18,0.0,4841459.0,92098.703125,0.0,378606816.0,435273.0625,21092780.0,0.0,373044.1875,0.0,483210.1875,21487306.0,316188544.0,4176672.0,577471936.0,2418186240.0,1
1789706493.4797702,music,145,25,0.0,250903136.0,68028264.0,526319.25,220630768.0,12933697.0,503248.125,150291.6875,180393.875,850717568.0,50444624.0,2848894.75,40179472.0,336416.4375,3132476.25,3205524.25,1
1789706493.5737767,music,122,24,5787733.5,0.0,0.0,1540150.375,53183992.0,10031064.0,49944348.0,79482448.0,0.0,1440666496.0,185402400.0,122004.140625,9427617.0,176201.59375,4675747.0,15537854.0,1
1789706493.6317775,music,122,20,2309799.0,0.0,0.0,0.0,4581569.5,9465476.0,8209750.0,10783933.0,0.0,1704531968.0,97223472.0,1326819.125,19639428.0,137685.5625,10218691.0,49218668.0,1
1789706493.6815443,music,138,23,0.0,0.0,93543920.0,0.0,23094966.0,81455728.0,0.0,0.0,26599642.0,1823323392.0,182902672.0,10943850.0,0.0,1883134.5,14684537.0,62051704.0,1
1789706493.7435546,music,135,25,3638845.0,0.0,0.0,0.0,16348388.0,132264384.0,24820364.0,19638488.0,114973408.0,1283662080.0,97997400.0,85897728.0,5643938.0,0.0,11951524.0,35170464.0,1
1789706495.6316092,music,120,15,0.0,0.0,0.0,0.0,24670104.0,149397856.0,46306216.0,0.0,208873.25,37681136.0,2633333.0,0.0,362638.75,13786764.0,42252320.0,2447877.25,1
1789706495.9495745,music,127,17,1866849.75,0.0,0.0,0.0,28186008.0,66763332.0,21915402.0,157538208.0,6595999.0,17423176.0,14722431.0,2151384.5,0.0,6115906.0,0.0,0.0,1
1789706496.2966907,music,127,16,0.0,2288091.5,0.0,0.0,29738936.0,0.0,10591346.0,0.0,14639580.0,3531813.25,7410690.0,0.0,867282.875,8915518.0,32769194.0,0.0,1
1789706496.3423378,music,124,15,4564597.0,0.0,0.0,0.0,10613570.0,39576.36328125,2323856.5,1649156.5,33490888.0,9215130.0,4124586.75,0.0,0.0,0.0,2209027.0,0.0,1
1789706496.404481,music,128,23,7029724.5,1220657.875,0.0,0.0,13544085.0,620561.0,12197585.0,1417487.875,16167494.0,2464406.5,10354428.0,0.0,3101817.5,5255521.0,37534592.0,1654574.25,1
1789706496.4667127,music,137,18,10238814.0,0.0,0.0,1640316.875,0.0,0.0,8354271.0,2027698.625,27713656.0,503078.25,8146964.0,3026292.75,6981742.0,14114932.0,43372192.0,0.0,1
1789706496.5295908,music,141,20,1695192.625,1979261.125,0.0,4642826.0,185160752.0,414999.34375,791963.875,526666.5,22345234.0,2784723.25,0.0,0.0,0.0,11878477.0,41328604.0,768874.75,1
1789706496.5920856,music,137,18,0.0,1878379.875,0.0,6803284.0,233839120.0,114641408.0,11891919.0,5438032.5,0.0,3416596.75,0.0,9070058.0,709204.4375,17655864.0,9753532.0,0.0,1
1789706496.6542668,music,129,15,11238818.0,1718695.25,0.0,0.0,0.0,31653844.0,1440970.0,7967816.0,9982588.0,18920402.0,5968763.0,0.0,0.0,4590005.5,27916558.0,1042443.8125,1
1789706496.716956,music,129,23,24816722.0,2931554.75,0.0,1174319.375,80805856.0,110834960.0,2584455.5,11803244.0,880070.25,83601.0078125,1714769.5,0.0,5280160.0,11963615.0,24361918.0,559200.1875,1
1789706496.7627413,music,130,18,0.0,6005665.5,0.0,0.0,13974540.0,96414176.0,2994583.0,9655513.0,5462541.5,1361924.5,0.0,191640.6875,0.0,5114883.0,29645234.0,1023125.25,1
1789706496.8239744,music,130,14,43011032.0,0.0,0.0,0.0,54488688.0,122163112.0,0.0,36496792.0,8544351.0,2317716.25,0.0,0.0,0.0,23077704.0,88631512.0,2222272.0,1
1789706496.8728745,music,130,20,45078788.0,1761423.25,0.0,0.0,55936292.0,134889968.0,1269433.75,31557970.0,9019668.0,2009714.375,295902.875,0.0,0.0,27166310.0,87988080.0,2064960.0,1
1789706496.9186869,music,132,23,71547144.0,12929946.0,0.0,112941408.0,12399450.0,145142016.0,782652.3125,34505136.0,19219264.0,1572843.375,855101.25,581014.5,396944.5,30840598.0,94622008.0,351103.65625,1
1789706496.9805481,music,132,20,34929204.0,2223160.0,163787936.0,0.0,41773904.0,28193608.0,1061632.375,13139345.0,2584779.5,0.0,0.0,0.0,291744.625,30259384.0,97651152.0,1380604.5,1
1789706497.0303986,music,132,18,10452051.0,4045893.5,0.0,0.0,2931272.5,35548448.0,1606308.25,2639321.25,2102254.25,0.0,5413488.0,621896.6875,0.0,21838772.0,162020048.0,0.0,1
1789706499.2713192,music,121,17,7346291.0,0.0,0.0,0.0,53747540.0,6508983.5,1211069568.0,2017154.375,1456390.375,7526496.0,175447.125,0.0,0.0,980047.125,87868256.0,30388574.0,1
1789706499.3288414,music,125,14,9695879.0,0.0,0.0,2388412.5,5703424.5,0.0,1305473152.0,0.0,0.0,9771690.0,738336.625,3995436.5,0.0,49901.82421875,0.0,913175.5625,1
1789706500.9185872,music,135,26,118626720.0,50051524.0,100562536.0,11038500.0,189479552.0,26166048.0,45831356.0,1351951.5,3375319.75,6677778.0,3156995.5,365938.90625,0.0,31448458.0,84691792.0,18778074.0,1
1789706500.9759307,music,117,16,0.0,0.0,25472970.0,0.0,0.0,15474110.0,24450472.0,7792879.5,397457.46875,15328292.0,0.0,0.0,3336453.5,13517130.0,78811872.0,477094848.0,1
1789706501.076024,music,117,19,2063965.5,0.0,0.0,0.0,29073510.0,12739958.0,173250720.0,0.0,0.0,73321952.0,5109371.0,2567561.75,15099250.0,0.0,216151568.0,172358192.0,1
1789706501.5830412,music,123,16,0.0,0.0,1461011.625,0.0,37946140.0,189315184.0,2589826.25,4541931.0,566890.0,146505856.0,41463940.0,0.0,0.0,2983933.5,12900052.0,0.0,1
1789706501.642784,music,140,18,28168376.0,39417536.0,0.0,0.0,25978744.0,244088624.0,3136700.25,10893743.0,737568.0,0.0,0.0,0.0,12071079.0,30022752.0,93506064.0,11488685.0,1
1789706501.7057366,music,143,21,25405908.0,0.0,67734624.0,72176120.0,19686234.0,120598304.0,1114027.5,10320094.0,2643846.5,499044.625,288649.65625,367329.28125,0.0,23334630.0,97513184.0,4255802.0,1
1789706501.7682943,music,145,15,30776192.0,0.0,0.0,8424739.0,0.0,33651044.0,388114.6875,2110615.0,2242604.0,1610565.625,114618.09375,1575892.5,2909603.0,8251675.5,42256336.0,0.0,1
1789706501.8321517,music,126,23,0.0,0.0,0.0,25024388.0,287978432.0,3549469.5,6986485.0,12258458.0,1822560.0,1129341.375,2822570.5,366603.0625,3222378.5,10741010.0,15532153.0,7856249.0,1
1789706501.8948662,music,130,16,4772235.5,39522852.0,0.0,670199296.0,559187968.0,9019808.0,402150784.0,1532500.625,0.0,0.0,3957332.5,11953582.0,3643980.0,0.0,0.0,5564585.0,1
1789706501.9567277,music,130,15,0.0,0.0,2493041.0,0.0,0.0,0.0,751503424.0,1620861.125,644183.5625,12461596.0,3170087.75,7685864.0,172007.84375,136315120.0,83042736.0,0.0,1
1789706502.006849,music,126,15,0.0,0.0,50597104.0,0.0,390197312.0,85191416.0,213023312.0,0.0,0.0,9372339.0,0.0,0.0,0.0,56442632.0,182057888.0,10724995.0,1
1789706502.0685203,music,114,18,0.0,0.0,32474714.0,149457648.0,12716671.0,37084368.0,503355072.0,73945392.0,19028928.0,0.0,0.0,0.0,13512007.0,77505424.0,115196752.0,4749119.0,1
1789706502.1313982,music,113,17,0.0,0.0,3152537.0,113924960.0,0.0,49454888.0,444363264.0,0.0,76374704.0,3253792.5,7620032.5,0.0,1975723.25,46918256.0,73404160.0,29933276.0,1
1789706502.1945636,music,115,16,0.0,0.0,0.0,0.0,44447960.0,92061488.0,362479328.0,0.0,0.0,3318265.0,3565146.0,0.0,1826651.25,18682344.0,26320680.0,15757862.0,1
1789706503.134564,music,148,14,0.0,162081920.0,50129200.0,357095.90625,0.0,0.0,8718894.0,0.0,119186.25,16528638.0,924011.875,0.0,0.0,210511.28125,0.0,0.0,1
1789706503.1945806,music,153,13,0.0,134798064.0,39767580.0,0.0,3229470.5,290542.78125,11921419.0,7731840.0,0.0,13738075.0,97055.421875,98309.4140625,0.0,0.0,282614.4375,0.0,1
1789706503.258357,music,130,29,14677978.0,0.0,2248575.0,7229523.0,287143232.0,45153272.0,291400576.0,9874724.0,155568768.0,43691232.0,1751951.75,592257.4375,2791137.0,7549536.0,30055038.0,84606112.0,1
1789706503.320859,music,129,21,16418556.0,0.0,6790616.0,0.0,469290176.0,747596.4375,213987216.0,125076968.0,0.0,7978664.5,165682.5,0.0,15666822.0,411341.0,84135520.0,148618272.0,1
1789706503.38224,music,128,17,0.0,13889643.0,2196901.0,0.0,0.0,816581.625,520404928.0,384273920.0,0.0,454563.53125,753059.0,171797.234375,16492248.0,2256233.75,6065513.0,0.0,1
1789706503.6093013,music,134,14,0.0,0.0,0.0,434276.25,469212736.0,197340.203125,512679616.0,268864064.0,419986.875,374177952.0,38244536.0,158971.25,0.0,0.0,1667395.0,0.0,1
1789706503.6677375,music,134,20,0.0,3399099.25,0.0,0.0,234832288.0,955404.75,292120192.0,86940496.0,696004.9375,726852608.0,45498624.0,1078232.125,0.0,6052033.0,0.0,346779.125,1
1789706506.5213583,music,139,22,8162310.0,15275119.0,4824033.0,1080284.5,0.0,0.0,9136043.0,6020699.0,0.0,142235776.0,13426358.0,9204971.0,2514439.5,1323573.75,843403.75,0.0,1
1789706506.8992367,music,115,17,0.0,10712748.0,301408288.0,0.0,41120568.0,929663.375,6625255.0,2888451.0,0.0,26752228.0,9705113.0,0.0,0.0,0.0,0.0,785869.75,1
1789706506.9949145,music,116,14,842819.0,1655223.375,0.0,2318294.0,0.0,0.0,1517862.25,0.0,0.0,1364493.5,0.0,0.0,4058261.0,3745667.5,8248084.0,1660039.375,1
1789706507.054022,music,118,16,0.0,6335397.0,0.0,0.0,0.0,0.0,7745703.0,1679948.875,0.0,12444236.0,2054867.0,1323184.0,1496625.5,0.0,13558570.0,0.0,1
1789706507.1174643,music,126,21,1015707.5,6488731.0,0.0,16948048.0,3201148.0,5405208.5,4599782.5,6593074.0,7814731.0,36696216.0,4795344.0,470988.1875,669564.0625,649229.375,0.0,1428889.0,1
1789706507.1802485,music,142,20,48963756.0,14866686.0,0.0,1336377.375,8097194.5,10741208.0,3391623.5,1836910.5,12706397.0,31896668.0,2077858.25,6961894.5,0.0,0.0,9803149.0,0.0,1
1789706507.2540874,music,134,27,6914082.0,951581.5,0.0,26362778.0,221321248.0,245129088.0,376441056.0,4743625.0,10809008.0,37652864.0,10456699.0,2176054.5,16965068.0,19658544.0,57386048.0,64624784.0,1
1789706507.3123925,music,127,19,0.0,0.0,0.0,0.0,0.0,128863440.0,88498520.0,13795526.0,26659416.0,20590502.0,2143086.0,0.0,9327162.0,98862528.0,230337760.0,305793664.0,1
1789706508.6103156,music,132,20,10633308.0,0.0,392850560.0,444845216.0,0.0,348878.65625,34996240.0,2078850.375,5829104.0,0.0,1940289.0,0.0,340907.75,4790765.0,65638396.0,38384120.0,1
1789706508.6686585,music,138,19,4782925.0,0.0,401790432.0,513634528.0,0.0,0.0,44802300.0,1657457.75,8757349.0,2954515.25,236290.9375,5586250.0,2406871.75,0.0,116668424.0,76825376.0,1
1789706508.7308934,music,130,26,20868016.0,0.0,214546336.0,199704560.0,542301.0625,0.0,12267853.0,5604847.5,18268690.0,11717180.0,346410.78125,8949252.0,5710154.0,55402564.0,583466880.0,362998464.0,1
1789706508.793754,music,139,23,31585324.0,32353208.0,195687600.0,183122176.0,0.0,0.0,336503.59375,9077661.0,27814218.0,0.0,171867.984375,12868886.0,440053.0,54615124.0,295181024.0,263998848.0,1
1789706508.8563786,music,139,24,11287711.0,36606976.0,61404156.0,104019680.0,9729097.0,646535.75,6504110.0,684760.3125,3566120.0,0.0,0.0,4626361.0,6380202.0,892391.125,68712384.0,64277996.0,1
1789706508.9075606,music,139,15,0.0,57437060.0,32087356.0,48675764.0,6468028.0,6112997.0,7571273.0,0.0,0.0,0.0,7140898.0,0.0,0.0,24863584.0,48476992.0,16953736.0,1
1789706509.5269651,music,135,29,158075776.0,18962746.0,183810928.0,191661728.0,69956536.0,214547152.0,12144043.0,85065208.0,0.0,4991371.0,1042129.75,58605216.0,34053652.0,201965968.0,366553280.0,0.0,1
1789706509.584399,music,135,23,77801672.0,12444243.0,4937808.5,0.0,33957120.0,167202064.0,60555212.0,270431872.0,11209914.0,88949344.0,21411878.0,0.0,0.0,207920192.0,625066816.0,0.0,1
1789706509.6332517,music,122,9,0.0,0.0,0.0,0.0,1348150.375,0.0,1009641152.0,0.0,0.0,0.0,2615655.75,15522753.0,0.0,79480008.0,0.0,0.0,1
1789706509.6941853,music,120,18,2486475.5,0.0,0.0,1891931.375,18516964.0,5555035.0,1060783552.0,0.0,0.0,104785200.0,22870256.0,327413.5,0.0,629863.375,114236000.0,2385085.0,1
1789706509.8752258,music,134,24,0.0,17340614.0,0.0,31169936.0,36624492.0,344497952.0,231599328.0,179674208.0,38738608.0,0.0,7770856.5,0.0,7419365.5,21437792.0,36347208.0,58648892.0,1
1789706511.552202,music,147,15,46572708.0,52844464.0,56409888.0,2743038.0,901242.375,5836678.0,1677023.875,8689160.0,864038.625,762680.0625,0.0,1307678.375,0.0,0.0,0.0,0.0,1
1789706511.6109223,music,135,21,8735310.0,0.0,162743600.0,49412148.0,17951988.0,4950519.0,52701460.0,15974113.0,1357225.0,2585703.0,988689.9375,4157507.0,0.0,3403537.5,29866646.0,0.0,1
1789706511.7418172,music,118,19,3470583.0,0.0,0.0,0.0,83766096.0,7470643.5,0.0,1707140.0,0.0,469903424.0,5437736.5,0.0,30238470.0,585961.0625,9146957.0,105911272.0,1
1789706511.7989974,music,118,19,4690770.0,1057590.75,0.0,0.0,161820064.0,7764529.5,321875328.0,146384544.0,11104044.0,47644560.0,10052283.0,0.0,2674045.75,0.0,254003792.0,680310592.0,1
1789706511.9312353,music,118,15,0.0,0.0,0.0,5504052.0,33292902.0,0.0,0.0,1104552.75,4143877.5,0.0,8009451.0,0.0,5292650.0,444587.96875,17055662.0,27756908.0,1
1789706511.995726,music,118,15,361122.125,0.0,4030097.75,47766056.0,63913616.0,0.0,7606465.0,0.0,119815.0,10715892.0,0.0,0.0,634244.0,4199349.0,6872935.5,9805265.0,1
1789706512.0427277,music,159,14,14260035.0,287866592.0,1059126.5,0.0,0.0,0.0,7154809.0,5503235.0,636475.125,6314262.5,909621.75,3520178.5,51639.43359375,0.0,0.0,0.0,1
1789706512.0435503,music,118,16,7081205.5,0.0,0.0,0.0,42377036.0,4494796.5,788015.1875,0.0,2636609.0,13340398.0,0.0,524992.75,340507.6875,11522764.0,12896434.0,24035452.0,1
1789706512.2169247,music,133,27,11963926.0,11007245.0,54424216.0,77149608.0,37467712.0,189557536.0,26352370.0,9522727.0,669042.0,66774320.0,20646306.0,11850564.0,0.0,2458814.5,24964070.0,0.0,1
1789706512.2748919,music,128,23,0.0,7180816.0,732852.9375,0.0,55276904.0,274898432.0,0.0,11168017.0,0.0,342621472.0,59151884.0,17291298.0,1626612.5,18100218.0,44900896.0,7995285.5,1
1789706512.3373845,music,127,21,50763744.0,0.0,48548692.0,40046884.0,95315224.0,353269856.0,9070594.0,59473696.0,1594941.5,207968512.0,45221116.0,0.0,0.0,54250012.0,228448560.0,1461823.0,1
1789706512.399955,music,137,22,76820608.0,0.0,209950880.0,0.0,12828640.0,40177088.0,0.0,38035664.0,1077333.25,0.0,435939.5,331072.09375,1327608.625,34554584.0,105262672.0,3063184.0,1
1789706512.4624202,music,140,23,96996248.0,31904660.0,375736192.0,333108160.0,10694423.0,21056412.0,2720073.5,45038128.0,574105.0,1677262.75,562225.875,0.0,1031260.375,21595532.0,106839632.0,1428153.125,1
1789706512.5240326,music,140,16,49201488.0,0.0,780955712.0,0.0,11099983.0,2822980.25,2095921.5,5140432.5,0.0,23188222.0,4639240.5,1151037.0,0.0,22314372.0,58262140.0,0.0,1
1789706512.5743487,music,141,19,49695392.0,30181950.0,0.0,813368320.0,31756908.0,17845952.0,8989004.0,12682626.0,12314440.0,59790420.0,1365646.75,0.0,0.0,19397500.0,67476720.0,0.0,1
1789706512.637247,music,133,17,0.0,12200559.0,119239664.0,356562016.0,166828224.0,38419924.0,149639056.0,3237993.5,0.0,11527764.0,0.0,2375551.25,4028835.25,13030041.0,0.0,0.0,1
1789706512.6988595,music,128,19,0.0,14980447.0,3819812.5,398035648.0,320466176.0,16924004.0,287370752.0,3797548.25,0.0,4817017.0,2031894.375,36698776.0,0.0,6330355.0,0.0,0.0,1
1789706512.759367,music,120,15,4940546.0,0.0,0.0,742699968.0,702818304.0,2404481.25,296603200.0,1076315.625,0.0,4280392.5,965062.875,0.0,0.0,2124209.75,0.0,74079928.0,1
1789706512.8180065,music,118,21,1526002.75,0.0,1960080.25,675258944.0,759477824.0,1906179.875,80785600.0,365900.3125,8341547.0,44770896.0,0.0,0.0,1070305.25,79655736.0,2484799.75,11839137.0,1
1789706512.8796947,music,116,19,0.0,0.0,0.0,806963776.0,833463744.0,1825900.75,60053832.0,0.0,6385726.0,23648410.0,0.0,0.0,540194.375,58338820.0,34485228.0,8385402.0,1
1789706512.9424024,music,116,19,0.0,13521664.0,0.0,0.0,29892342.0,151666256.0,14610176.0,4081635.75,34362264.0,450372800.0,67182432.0,0.0,72901888.0,0.0,0.0,128965696.0,1
1789706513.5781875,music,132,23,2036750.25,15510846.0,1257934.75,0.0,180448240.0,242022624.0,24567782.0,76887952.0,8451652.0,392428864.0,81512120.0,0.0,0.0,70228912.0,0.0,58737464.0,1
1789706514.242369,music,127,28,0.0,0.0,30637952.0,4411768.0,97176016.0,128410728.0,109582712.0,81642048.0,8536883.0,1125613312.0,221963568.0,134487296.0,731121792.0,673222784.0,135738096.0,125253480.0,1
1789706514.2995017,music,127,17,2937508.75,6157438.0,2294934.5,0.0,51245240.0,87599104.0,41293100.0,28478854.0,25066144.0,0.0,0.0,0.0,0.0,0.0,81693312.0,0.0,1
1789706515.001838,music,124,24,14088380.0,0.0,0.0,378797600.0,38192712.0,156850592.0,666955.0,14012309.0,2806237.75,79195248.0,11915761.0,42516028.0,35815668.0,6196351.5,9508029.0,2915090.5,1
1789706515.0598583,music,126,17,75234600.0,0.0,0.0,0.0,42247260.0,203180576.0,0.0,9697811.0,589049.375,63935380.0,9007191.0,0.0,0.0,5301705.0,8215211.0,1325945.0,1
1789706515.5711696,music,133,33,33504592.0,2660902.5,10368419.0,39312120.0,121569528.0,49016056.0,590621696.0,27080264.0,31337820.0,1484408448.0,129536464.0,173132432.0,704080512.0,452962624.0,73021368.0,67285296.0,1
1789706515.6291704,music,133,15,9262613.0,231090688.0,0.0,0.0,59233624.0,4660957.0,469312544.0,17558326.0,16182468.0,56738652.0,0.0,2972587.0,0.0,0.0,12099572.0,0.0,1
1789706516.9003048,music,138,27,8410530.0,50185872.0,0.0,2632506.0,215518832.0,99370640.0,28590524.0,20329604.0,6726305.5,765625600.0,84692448.0,181917072.0,77798960.0,336561984.0,50215984.0,31041500.0,1
1789706517.2159808,music,144,17,0.0,0.0,682435456.0,0.0,10612524.0,0.0,105576536.0,813818.1875,21707762.0,4027747.75,11564323.0,5197452.5,0.0,2674540.0,0.0,0.0,1
1789706517.2738729,music,144,18,0.0,8630516.0,0.0,0.0,0.0,0.0,0.0,1893347.0,8477074.0,7700583.0,9465098.0,5681210.0,20533132.0,1198256.5,10296458.0,0.0,1
1789706517.323157,music,132,9,0.0,51724664.0,0.0,0.0,19478526.0,0.0,0.0,0.0,18311802.0,28884502.0,0.0,0.0,0.0,0.0,0.0,10800348.0,1
1789706517.385983,music,142,8,0.0,0.0,0.0,0.0,97973416.0,7331717.0,44828032.0,10332711.0,14921454.0,0.0,0.0,0.0,0.0,0.0,4525607.5,0.0,1
1789706517.4485772,music,132,20,9989430.0,0.0,0.0,0.0,43464180.0,11046976.0,7609790.5,9156619.0,44641576.0,8668493.0,10312440.0,8005310.5,26576072.0,387491.21875,0.0,4362358.5,1
1789706517.531712,music,141,18,4091953.75,0.0,25955116.0,0.0,429145152.0,225897440.0,6437728.5,18398224.0,19264652.0,0.0,1833588.25,2410043.5,0.0,7003468.0,0.0,0.0,1
1789706517.589311,music,123,17,0.0,8936262.0,0.0,0.0,0.0,0.0,89973744.0,89627096.0,10432748.0,34024404.0,17698278.0,0.0,7092424.0,24783764.0,22744662.0,5870500.0,1
1789706517.6519945,music,126,18,0.0,0.0,0.0,39952312.0,15287620.0,43395980.0,10466108.0,19308648.0,3917876.75,87190384.0,25111406.0,0.0,1374336.875,4779263.0,0.0,14434709.0,1
1789706517.7145169,music,115,14,28548402.0,0.0,0.0,1076369.375,32990676.0,18938706.0,432080.5625,13051344.0,0.0,39737992.0,4118779.5,0.0,0.0,779699.25,0.0,1858086.125,1
1789706517.777682,music,118,21,26613696.0,4759784.0,0.0,6102121.5,41094592.0,4711545.0,15041401.0,7930719.5,6868268.5,0.0,344851.28125,0.0,1590329.0,524703.125,0.0,1206194.625,1
1789706517.8418632,music,131,22,8170350.5,7602380.0,0.0,850056.25,4623894.5,0.0,6377013.5,14075703.0,33916580.0,94000896.0,5277064.5,2107980.0,3466919.25,4077317.0,0.0,2472577.5,1
1789706517.9037743,music,119,18,0.0,0.0,0.0,0.0,36694816.0,174042704.0,0.0,5183310.5,0.0,285006080.0,27440056.0,32662106.0,40204560.0,15216666.0,16941384.0,1796402.0,1
1789706517.9656715,music,134,19,9418337.0,0.0,0.0,122224128.0,59039040.0,101625512.0,10740063.0,16390972.0,0.0,73588416.0,12339576.0,25648544.0,29661080.0,0.0,0.0,0.0,1
1789706518.0275805,music,111,18,18403192.0,14522030.0,0.0,0.0,39676496.0,171588384.0,1565526.5,29887084.0,2650818.5,169769856.0,27506120.0,0.0,0.0,1618607.75,0.0,2133247.0,1
1789706518.0919008,music,137,20,86347544.0,6816505.0,0.0,108710104.0,69223040.0,302602880.0,5013635.0,19811200.0,410101.15625,43364608.0,14691928.0,0.0,0.0,43125156.0,141023632.0,739658.625,1
1789706518.1538856,music,138,12,54377392.0,8872895.0,21218748.0,0.0,0.0,0.0,1799424.5,62136484.0,2681799.5,0.0,0.0,0.0,0.0,38748776.0,189335168.0,3123040.0,1
1789706518.2154293,music,136,32,124504464.0,105553432.0,337864800.0,231844144.0,38354208.0,589892864.0,85664400.0,0.0,20259756.0,146983872.0,123571248.0,26232434.0,109489024.0,71621416.0,184194896.0,41112640.0,1
1789706518.2778485,music,134,16,128803000.0,91685264.0,0.0,0.0,0.0,0.0,3434179.0,5059374.5,25070492.0,0.0,63021728.0,96411112.0,26083526.0,0.0,0.0,0.0,1
1789706518.3396237,music,138,12,28134814.0,0.0,233640992.0,120589736.0,0.0,0.0,3498415.5,0.0,2456194.75,6074941.5,2829487.0,0.0,6227755.5,822769.3125,0.0,3998381.0,1
1789706518.8916903,music,133,22,0.0,0.0,0.0,0.0,7734115.0,0.0,18854984.0,2681008.0,1822435.625,6026898.0,18406230.0,2170897.5,5270421.0,12146572.0,3342837.25,3027160.75,1
1789706518.9490724,music,136,24,26004324.0,7015469.0,17542376.0,0.0,10100714.0,0.0,1657642.875,1313885.625,12443964.0,45225804.0,5309650.0,12108094.0,5959119.0,1125015.75,4351084.5,5684190.5,1
1789706519.2399414,music,135,24,100960512.0,8142717.0,380337248.0,341501504.0,4418802.0,25088716.0,741822848.0,13094012.0,3403875.5,137321280.0,2699391.5,0.0,5328213.0,0.0,0.0,17233616.0,1
1789706519.296107,music,134,22,42338996.0,0.0,480118336.0,417487936.0,14091680.0,36053544.0,832732032.0,5286535.0,1197094.5,739448.625,2647654.75,1741185.0,0.0,45251320.0,80761400.0,0.0,1
1789706519.3578207,music,134,15,0.0,1381949.25,489128448.0,0.0,1297906.0,0.0,0.0,0.0,28049728.0,45053312.0,24966704.0,0.0,0.0,1779166.5,15587608.0,1823630.0,1
1789706519.4073274,music,130,15,11903789.0,0.0,167463808.0,0.0,0.0,52687892.0,69776360.0,0.0,18598856.0,49942996.0,20374286.0,4076293.0,3529019.5,9102014.0,0.0,0.0,1
1789706519.4695544,music,134,17,4743920.5,0.0,0.0,8234365.0,68055056.0,13777256.0,103426632.0,8577050.0,23025954.0,0.0,24529106.0,3321786.5,0.0,3719480.25,29622980.0,11842182.0,1
1789706519.5330765,music,132,18,22588518.0,0.0,0.0,0.0,102807912.0,2022941.875,0.0,4211603.5,50700824.0,8676781.0,4395946.0,8750071.0,12533125.0,5710367.0,0.0,16141132.0,1
1789706519.5948815,music,132,17,12029694.0,0.0,84709016.0,54856928.0,106686608.0,0.0,3657366.5,0.0,39841808.0,5893395.0,9358926.0,4272419.0,18633160.0,0.0,63315664.0,31160584.0,1
1789706519.640415,music,132,15,7025690.0,1098966.375,0.0,14939644.0,81222856.0,0.0,6240113.5,5859463.0,74939600.0,0.0,4071795.5,0.0,0.0,0.0,19566528.0,18568736.0,1
1789706519.6901152,music,132,15,6924728.5,0.0,0.0,2544430.75,32829474.0,828961.75,60797852.0,1497072.125,27645730.0,5186897.5,0.0,0.0,0.0,896361.3125,0.0,0.0,1
1789706519.7364738,music,130,12,58653348.0,0.0,0.0,2430579.25,0.0,1715495.5,10348892.0,0.0,0.0,21918116.0,0.0,854379.5,4214099.0,1063354.625,0.0,0.0,1
1789706519.9982324,music,132,20,20866192.0,0.0,0.0,2828044.25,320320800.0,34234624.0,440480256.0,7924115.0,65141932.0,9240530.0,11963115.0,3251129.25,0.0,43676888.0,76653120.0,0.0,1
1789706520.056142,music,137,21,0.0,0.0,0.0,2694808.25,304015680.0,13515267.0,572304256.0,6334447.0,149624512.0,21422006.0,27771538.0,200772.171875,0.0,22222244.0,141504304.0,1844708.125,1
1789706520.4402063,music,131,9,11027400.0,0.0,0.0,0.0,0.0,13286681.0,365791360.0,0.0,0.0,0.0,0.0,0.0,3160387.0,4915036.0,119232144.0,0.0,1
1789706520.9156697,music,129,19,615654.5,4802136.5,0.0,6156404.5,173706352.0,947224832.0,124484176.0,16984312.0,8382428.0,622482624.0,4285021.0,0.0,0.0,22628444.0,162058560.0,18594180.0,1
